form,lang,lemma,status,count,alternatives
ac,la,atque,review,888,atque ac
quod,la,quod,review,615,quod qui
p,la,p,review,472,p P b greek.expression
quam,la,quam,review,445,quam qui
quo,la,qui,review,347,qui quo
esse,la,sum,review,255,sum esse
anno,la,annus,review,238,annus annos
vt,la,vt,review,213,vt ut
que,la,que,review,208,que qui
societatis,la,societas,review,192,societas societatus
domini,la,dominus,review,143,dominus Dominus
die,la,dies,review,134,dies die
regno,la,regnum,review,130,regnum regnus
christi,la,Christus,review,122,Christus christus
modo,la,modus,review,119,modus modo
quatuor,la,quattuor,review,109,quattuor quatuor
e,la,ex,review,106,ex e
tartari,la,Tartarus,review,102,Tartarus tartarus tartares
d,la,d,review,99,d D
christiani,la,christianus,review,94,christianus Christianus
solum,la,solum,review,85,solum solus
quoque,la,quoque,review,84,quoque quisque
antonius,la,antonus,review,83,antonus Antonius antonius
christianorum,la,christianus,review,83,christianus Christianus
tartaris,la,tartar,review,82,tartar Tartaris
r,la,r,review,81,r rs
tartarorum,la,tartarus,review,76,tartarus tartaror
christo,la,Christus,review,73,Christus christus
sui,la,suus,review,73,suus sui
iesu,la,iesus,review,72,iesus Iesus iesu
collegio,la,collegium,review,71,collegium collegius
facile,la,facile,review,71,facile facilis
rebus,la,res,review,71,res rebus
christianis,la,christianus,review,68,christianus Christianus
verum,la,verus,review,66,verus verum uerum
christianos,la,christianus,review,64,christianus Christiani
primo,la,primo,review,63,primo primus
patribus,la,pater,review,62,pater patribus
anni,la,annus,review,61,annus annes
primum,la,primus,review,61,primus primum
secundum,la,secundum,review,57,secundum secundus
litteris,la,littera,review,56,littera litterus
una,la,unus,review,56,unus una
regis,la,rex,review,55,rex Rex
vix,la,uix,review,55,uix vix
sinico,la,sinicus,review,53,sinicus Sinicus
sinis,la,sinis,review,53,sinis sini sinum
fidei,la,fides,review,52,fides fideus
sinas,la,sina,review,52,sina sinus
altera,la,alter,review,51,alter altera
c,la,que,review,51,que c
demum,la,demum,review,51,demum demus
india,la,india,review,51,india indias indius
quamvis,la,quamuis,review,51,quamuis quamvis QUAMVIS
joannes,la,joannes,review,50,joannes iohannes
summa,la,summus,review,48,summus summa
vitam,la,uita,review,48,uita vita
bonis,la,bonum,review,45,bonum bonus
bona,la,bonus,review,44,bonus bonum
legis,la,lex,review,43,lex legus
potius,la,pote,review,42,pote potius
à,la,à,review,41,à àb
aliquot,la,aliqui,review,41,aliqui aliquot
imo,la,imo,review,41,imo inferus imus
curam,la,cura,review,40,cura curus
petrus,la,petrus,review,40,petrus Petrus
alias,la,alius,review,39,alius alias
plus,la,plus,review,39,plus multus
hujus,la,hujus,review,38,hujus hic
viam,la,via,review,38,via uia
em,la,em,review,37,em is
multo,la,multo,review,37,multo multus
vires,la,vis,review,36,vis uires
christianam,la,christianus,review,35,christianus Christianus
numero,la,numerus,review,35,numerus numero
valde,la,ualde,review,35,ualde valde
aliqua,la,aliqui,review,34,aliqui aliquis
paulo,la,paulo,review,34,paulo Paulus paulus
patrum,la,pater,review,33,pater PATRUM
prius,la,prius,review,33,prius prior
sive,la,siue,review,33,siue sive
vi,la,vis,review,33,vis ui vi
votorum,la,votus,review,33,votus votum votos
vos,la,uos,review,32,uos vos
admodum,la,admodum,review,31,admodum admodus
christiana,la,Christianus,review,31,Christianus christianus christianes
civitatem,la,civitas,review,31,civitas ciuitas
regia,la,regius,review,31,regius regia
viribus,la,vis,review,31,vis viris
vobis,la,uos,review,31,uos vos
bonum,la,bonum,review,30,bonum bonus
japonia,la,japonium,review,30,japonium japonius japonia
lege,la,lex,review,30,lex Leg
civitatis,la,civitas,review,29,civitas ciuitas
daifusama,la,daifusamus,review,29,daifusamus Daifusama
maria,la,maria,review,29,maria Maria mare
residentiis,la,residentia,review,29,residentia Residentii
studuit,la,studuo,review,29,studuo studeo
videtur,la,uideo,review,29,uideo video
voluit,la,volo,review,29,volo uolo
fratrum,la,frater,review,28,frater FRATRUM
michael,la,Michael,review,28,Michael michael
nova,la,novus,review,28,novus nouus
regio,la,regio,review,28,regio regius
viginti,la,uiginti,review,28,uiginti viginti
actum,la,actus,review,27,actus ago
cura,la,cura,review,27,cura curo
data,la,do,review,27,do Data
fokien,la,fokien,review,27,fokien fokies Fokie Fokies
semedo,la,Semedus,review,27,Semedus semedus
uti,la,utor,review,27,utor ut
multum,la,multum,review,26,multum multus
divina,la,diuinus,review,25,diuinus divinus
nanking,la,Nankinus,review,25,Nankinus Nanking
christum,la,christus,review,24,christus Christus
dicam,la,dico,review,24,dico dica
taicosamae,la,taicosamus,review,24,taicosamus Taicosama
brevi,la,brevis,review,23,brevis brevi
goae,la,gous,review,23,gous goa
m,la,m,review,23,m Marcus s
mandatum,la,mando,review,23,mando mandatum
nangasachum,la,Nangasachus,review,23,Nangasachus nangasachum nangasachi nangasachumque
praefectus,la,praefectus,review,23,praefectus praeficio
iaponiae,la,iaponius,review,22,iaponius Iaponia iaponia
indiae,la,india,review,22,india indius
leaotung,la,Leaotungus,review,22,Leaotungus leaotuns
regi,la,rex,review,22,rex rego
sinica,la,Sinicus,review,22,Sinicus sinicus
xensi,la,xensis,review,22,xensis xensum
aliquem,la,aliqui,review,21,aliqui aliquis
christus,la,christus,review,21,christus Christus
indiam,la,india,review,21,india indius indias
melius,la,bene,review,21,bene bonus
reverentia,la,reverentia,review,21,reverentia reuerentia
sacris,la,sacer,review,21,sacer sacrum
vicario,la,uicarius,review,21,uicarius vicarius
vocant,la,voco,review,21,voco uoco
moenia,la,moenia,review,20,moenia moenium
patria,la,patria,review,20,patria Patria patrius
scriptis,la,scriptum,review,20,scriptum scribo
bello,la,bellum,review,19,bellum bellus
bonorum,la,bonus,review,19,bonus bonum
domibus,la,domus,review,19,domus domes
iudicij,la,iudex,review,19,iudex iudicium
minime,la,parue,review,19,parue parum
novem,la,nouem,review,19,nouem novem
porro,la,porro,review,19,porro porrus
videlicet,la,uidelicet,review,19,uidelicet videlicet
visum,la,video,review,19,video visus
aliquibus,la,aliqui,review,18,aliqui aliquis
aliquo,la,aliqui,review,18,aliqui aliquis
eiusque,la,quique,review,18,quique eiusque eiusqus
linguam,la,lingua,review,18,lingua linguus
macao,la,macaus,review,18,macaus macao Macaum
maris,la,mas,review,18,mas mare
martii,la,Martius,review,18,Martius martius
praeceptum,la,praeceptum,review,18,praeceptum praecipio
quangtung,la,quangtuns,review,18,quangtuns quangtui Quangtung quangtung
sinici,la,Sinicus,review,18,Sinicus sinicus
thomas,la,Thomas,review,18,Thomas thomas
victoriam,la,victoria,review,18,victoria uictoria
divinam,la,diuinus,review,17,diuinus divinus
iaponia,la,Iaponias,review,17,Iaponias Iaponia
praecepto,la,praecipio,review,17,praecipio praeceptum
quoq,la,quoq,review,17,quoq qui
sinensis,la,sinensis,review,17,sinensis sinensus
tanto,la,tanto,review,17,tanto tantus
amacai,la,amacus,review,16,amacus Amacaus
blanc,la,blanc,review,16,blanc Blanc
lusitanis,la,lusitanus,review,16,lusitanus lusitanis
nicolaus,la,nicolaus,review,16,nicolaus Nicolaus
provinciali,la,provincialis,review,16,provincialis provinciales
responsum,la,responsum,review,16,responsum respondeo
superiori,la,superior,review,16,superior superioris
vere,la,uere,review,16,uere vere
vestra,la,vester,review,16,vester uester
viceprovinciae,la,uiceprovincia,review,16,uiceprovincia viceprovincia
xantung,la,xantunus,review,16,xantunus xantung
aliquis,la,aliquis,review,15,aliquis aliqui
boni,la,bonum,review,15,bonum bonus
carolus,la,carolus,review,15,carolus Carolus
domi,la,domi,review,15,domi domus
foin,la,foin,review,15,foin foinde
gubernatorum,la,guberno,review,15,guberno gubernator
illmo,la,illme,review,15,illme Hillmus illmo
martinus,la,martinus,review,15,martinus Martinus
patriae,la,patria,review,15,patria patrius
quàm,la,quàm,review,15,quàm qui
sacra,la,sacer,review,15,sacer sacrum
versus,la,uersus,review,15,uersus versus
aliquos,la,aliqui,review,14,aliqui aliquis
ignatio,la,ignatio,review,14,ignatio Ignatius ignatius
sinicis,la,Sinicus,review,14,Sinicus sinicus
breve,la,breuis,review,13,breuis brevis
caeterum,la,caeterus,review,13,caeterus caeter
canton,la,canton,review,13,canton Canton
certo,la,certo,review,13,certo certus
chekiang,la,Chekianus,review,13,Chekianus chekiax Chekiang
contentus,la,contineo,review,13,contineo contentus
continuo,la,continuo,review,13,continuo continuus
ecclesiȩ,la,ecclesiȩ,review,13,ecclesiȩ ecclesia
la,es,el,review,13,el él
mala,la,malum,review,13,malum malus
melchior,la,melchior,review,13,melchior melchus Melchior
pueri,la,puer,review,13,puer puerus
quamobrem,la,quamobres,review,13,quamobres quamobrem
septembris,la,september,review,13,september septembris Septembris
subditis,la,subdo,review,13,subdo subditus
venire,la,uenio,review,13,uenio venio
virtutis,la,virtus,review,13,virtus uirtus
voluntatem,la,voluntas,review,13,voluntas uoluntas
atre,la,ater,review,12,ater Atrus
baptismum,la,baptisma,review,12,baptisma baptismus
facilius,la,faciliter,review,12,faciliter facile
ii,la,ii,review,12,ii is
incommoda,la,incommodum,review,12,incommodum incommodus
ingressum,la,ingressus,review,12,ingressus ingredior
inuenies,la,inuenio,review,12,inuenio inuenies
ludovicus,la,Ludowicus,review,12,Ludowicus ludovicus
lusitanorum,la,lusitanus,review,12,lusitanus Lusitani
minorum,la,minum,review,12,minum mini paruus minus
neophyti,la,neophytus,review,12,neophytus neophytes
praecepta,la,praeceptum,review,12,praeceptum praecipio
sinicam,la,sinicus,review,12,sinicus sinica Sinicus
taiminga,la,Taiminga,review,12,Taiminga Taimingus
vestris,la,uester,review,12,uester vester
vota,la,votum,review,12,votum uota Vota
antonium,la,Antonius,review,11,Antonius antonius
chinae,la,chini,review,11,chini chinus china chinae Chinas
divino,la,diuinus,review,11,diuinus divinus
expensas,la,expensa,review,11,expensa expensus expenso
hisce,la,hiscis,review,11,hiscis hisce
literis,la,litera,review,11,litera lites litus
missionariis,la,missionaria,review,11,missionaria missionarius Missionarius
obsidione,la,obsidio,review,11,obsidio obsidione
personarum,la,persona,review,11,persona persones
profectum,la,profectus,review,11,profectus proficiscor
recta,la,rectus,review,11,rectus rego
subditos,la,subdo,review,11,subdo subditus
videri,la,video,review,11,video uideo
viri,la,uir,review,11,uir vir
virtutes,la,virtus,review,11,virtus uirtus
voluntas,la,uoluntas,review,11,uoluntas voluntas
aliaque,la,aliaque,review,10,aliaque aliaqus quisaque
arimensi,la,Arimensus,review,10,Arimensus arimensum
atrem,la,ater,review,10,ater atres
atris,la,ater,review,10,ater atrus
aulam,la,aula,review,10,aula Aula
cives,la,civis,review,10,civis ciuis
impensis,la,impensis,review,10,impensis impensus
legi,la,lex,review,10,lex lego
malis,la,malus,review,10,malus malum
neophytos,la,neophytus,review,10,neophytus neophys
notum,la,notus,review,10,notus nosco
ortum,la,ortus,review,10,ortus orior
praecipui,la,praecipus,review,10,praecipus praecipuus praecipeo
praesenti,la,praesens,review,10,praesens praesum
puto,la,puto,review,10,puto putus
r.p,la,R.P,review,10,R.P r.p r.b
secundo,la,secundus,review,10,secundus secundo
tertio,la,tertius,review,10,tertius tertio
veritatem,la,ueritas,review,10,ueritas veritas
bullam,la,bullus,review,9,bullus bulla
christiano,la,Christianus,review,9,Christianus christianus
da,la,da,review,9,da do
effectum,la,effectus,review,9,effectus efficio
goam,la,goa,review,9,goa goas goam gous
institutum,la,instituo,review,9,instituo institutum
leucis,la,leux,review,9,leux leucis
lusitanos,la,Lusitani,review,9,Lusitani lusitanus
macaensi,la,macaensus,review,9,macaensus macaensis
malo,la,malum,review,9,malum malus
mecum,la,ego,review,9,ego mecus
merito,la,merito,review,9,merito meritum
ope,la,ops,review,9,ops os
perpetuo,la,perpetuo,review,9,perpetuo perpetuus
praefectorum,la,praefectus,review,9,praefectus praefector
quadriennio,la,quadriennium,review,9,quadriennium quadriennio
reguli,la,Regulus,review,9,Regulus regulus
roma,la,Roma,review,9,Roma roma
sponte,la,spons,review,9,spons sponte
vera,la,verus,review,9,verus uerus
veritatis,la,veritas,review,9,veritas ueritas
videre,la,video,review,9,video uideo
villa,la,villa,review,9,villa Villa
zelo,la,zelus,review,9,zelus caelum
alijs,la,alijs,review,8,alijs alius
benedictus,la,Benedictus,review,8,Benedictus benedictus
bono,la,bonum,review,8,bonum bonus
ceterum,la,ceterus,review,8,ceterus ceterum
coelo,la,coelum,review,8,coelum coelus
conatus,la,conor,review,8,conor conatus Conatus
divinum,la,diuinus,review,8,diuinus divinus
dubio,la,dubium,review,8,dubium dubius
ducatorum,la,ducatus,review,8,ducatus duco
emi,la,emus,review,8,emus emo
ferreira,la,ferreira,review,8,ferreira Ferreira ferreirus
futura,la,futurus,review,8,futurus sum
gregorii,la,Gregorius,review,8,Gregorius gregorius
hȩc,la,hic,review,8,hic hȩc
iaponios,la,iaponius,review,8,iaponius Iaponius
jappones,la,jappone,review,8,jappone jappono jappo jappon
leucas,la,leucas,review,8,leucas leucus
mali,la,malum,review,8,malum malus
metropolitana,la,Metropolitana,review,8,Metropolitana metropolitanus Metropolitanus
morales,la,Moralis,review,8,Moralis moralis
niuche,la,niucx,review,8,niucx niuchus
nomina,la,nomen,review,8,nomen nomina
paschali,la,Paschalus,review,8,Paschalus Paschalius
petro,la,petrus,review,8,petrus Petrus
quadros,la,quadros,review,8,quadros quadri
quambioiendoni,la,quambioiendonus,review,8,quambioiendonus quambioiendonis
raro,la,raro,review,8,raro rarus
reversus,la,revertor,review,8,revertor reuorto
simon,la,simon,review,8,simon Simon
solis,la,solus,review,8,solus sol
tartarico,la,Tartaricus,review,8,Tartaricus tartaricus
thartarorum,la,thartaror,review,8,thartaror thartar
usangueius,la,usangueius,review,8,usangueius usangueiub
vbi,la,vbi,review,8,vbi ubi
veniam,la,venia,review,8,venia venio
vicarium,la,uicarius,review,8,uicarius vicarius
alij,la,alius,review,7,alius alij
alioquin,la,alioqui,review,7,alioqui alioquin
aperta,la,aperio,review,7,aperio apertus Apertus
chinensium,la,chinensus,review,7,chinensus chinenseo
correa,la,Correa,review,7,Correa correa
debito,la,debitum,review,7,debitum debeo
divini,la,divinus,review,7,divinus diuinus
eaque,la,eaque,review,7,eaque is eaquus
emanuel,la,emanuel,review,7,emanuel Emanuel
eò,la,eò,review,7,eò is
honan,la,honan,review,7,honan Honas
iapone,la,iapon,review,7,iapon Iaponus
leria,la,lerius,review,7,lerius Leria
lu,la,lu,review,7,lu Luucius
mandata,la,mandatum,review,7,mandatum mando
maximè,la,magne,review,7,magne magnus
merces,la,merx,review,7,merx merces
mi,la,meus,review,7,meus ego
nefas,la,nefas,review,7,nefas Nefas
octobris,la,octobris,review,7,octobris Octobris
ozacam,la,ozacas,review,7,ozacas ozacus
paulum,la,Paulus,review,7,Paulus paulus
pervenire,la,pervenio,review,7,pervenio peruenio
praepositus,la,praepono,review,7,praepono praepositus
praesentibus,la,praesum,review,7,praesum praesentus
professis,la,profiteor,review,7,profiteor professum
prouincias,la,prouincia,review,7,prouincia provincia
quamplurimas,la,quamplurimus,review,7,quamplurimus quampus
seminarii,la,seminarium,review,7,seminarium seminarius
vestrae,la,vester,review,7,vester uester
vestram,la,uester,review,7,uester vester
vestras,la,uester,review,7,uester vester
vicarii,la,vicarius,review,7,vicarius uicarius
vident,la,uideo,review,7,uideo video
vis,la,vis,review,7,vis volo
vivis,la,vivus,review,7,vivus vivo
alicuius,la,aliqui,review,6,aliqui aliquis
apostolicȩ,la,apostolus,review,6,apostolus apostolicus
bonaventura,la,bonaventura,review,6,bonaventura Bonaventura
bonziorum,la,bonzius,review,6,bonzius bonzium
bulla,la,bullum,review,6,bullum bulla
bungo,la,bungus,review,6,bungus bungo
cainocami,la,cainocamus,review,6,cainocamus Cainocamus
calderón,la,calder,review,6,calder Calder calderón
degentium,la,degens,review,6,degens degeo
discalceatorum,la,discalceo,review,6,discalceo Discalceati
ditissima,la,ditus,review,6,ditus ditis
dudum,la,dudum,review,6,dudum dudus
extremum,la,exterior,review,6,exterior extremus
florez,la,flos,review,6,flos Florez
idiomate,la,idioma,review,6,idioma idiomate
ignatium,la,ignatius,review,6,ignatius ignatium
illmi,la,ille,review,6,ille illme illmus
japoniorum,la,japonius,review,6,japonius japonium
lata,la,fero,review,6,fero latus
latere,la,latus,review,6,latus lateo
latronum,la,latro,review,6,latro latronus
legit,la,lego,review,6,lego legio
littore,la,littus,review,6,littus littor
maovenlungus,la,maovenlungus,review,6,maovenlungus Maovenlungus
mariae,la,Maria,review,6,Maria mariaes
metropolis,la,metropol,review,6,metropol metropoles
namque,la,nam,review,6,nam namque
nangasacho,la,nangasachus,review,6,nangasachus Nangasachus
ozaca,la,Ozaca,review,6,Ozaca ozacus ozaca
palatio,la,palatium,review,6,palatium Palatium
praesidia,la,praesidium,review,6,praesidium praesidia
quamprimum,la,quamprimus,review,6,quamprimus quamprimum
quimura,la,Quimura,review,6,Quimura quimura
quinta,la,quintus,review,6,quintus quinta
quintus,la,quintus,review,6,quintus Quintus
reddituum,la,reddo,review,6,reddo redditus
regina,la,Regina,review,6,Regina regina
reipsa,la,reipsum,review,6,reipsum reipsa
reverendissimus,la,reverendo,review,6,reverendo Reverendissimus
reverendo,la,revero,review,6,revero reveror
secreta,la,secretum,review,6,secretum secerno
sexto,la,sextus,review,6,sextus Sextum
sigilli,la,sigillum,review,6,sigillum Sigillus
strenue,la,strenue,review,6,strenue strenuis
tartariae,la,tartarius,review,6,tartarius Tartaria
tenebris,la,tenebra,review,6,tenebra tenebrae
turcotti,la,turcottus,review,6,turcottus turcotes
vasallis,la,uasallius,review,6,uasallius vasallus
vestrum,la,vester,review,6,vester uester
viderent,la,video,review,6,video uideo
vivendi,la,vivo,review,6,vivo uiuo
vocat,la,voco,review,6,voco uoco
xerafinorum,la,xerafinus,review,6,xerafinus xerafinum
agens,la,ago,review,5,ago agens
ali,la,alo,review,5,alo al alus
alioqui,la,alioquis,review,5,alioquis alioqui
antonii,la,Antonius,review,5,Antonius antonius
aranius,la,Aranius,review,5,Aranius aranus
arima,la,arima,review,5,arima arimus
baptismo,la,baptisma,review,5,baptisma baptismus
boream,la,boreus,review,5,boreus borea
caeteros,la,caeterus,review,5,caeterus caeteri
cambaliech,la,cambaliech,review,5,cambaliech Cambaliecum
deveni,la,devenio,review,5,devenio deueno
ethiopiam,la,Ethiopius,review,5,Ethiopius Ethiopia
extincta,la,exstinguo,review,5,exstinguo extinctus extingo
firandensi,la,firandensis,review,5,firandensis firandensi Firandensis
gaspare,la,gaspor,review,5,gaspor gaspar Gasparus
goana,la,Goana,review,5,Goana goanus
gregorius,la,gregorius,review,5,gregorius Gregorius
hangcheu,la,hangcheus,review,5,hangcheus hangcheu
hispaniae,la,hispania,review,5,hispania Hispania
huquang,la,huquang,review,5,huquang huquae
idus,la,idus,review,5,idus expression
iesum,la,iesus,review,5,iesus Iesus
iosephus,la,iosephus,review,5,iosephus Iosephus
joanne,la,joannus,review,5,joannus joanne
latum,la,fero,review,5,fero latus
liquido,la,liquidus,review,5,liquidus liquido
maii,la,Maius,review,5,Maius maius
marinus,la,Marinus,review,5,Marinus marinus
monte,la,Mons,review,5,Mons mons
noctu,la,nox,review,5,nox noctu
occidentem,la,occidens,review,5,occidens occido
ora,la,os,review,5,os Ora
palatii,la,palatium,review,5,palatium Palatius
peracta,la,perago,review,5,perago pergo
perduelles,la,perduellis,review,5,perduellis perduelles
periti,la,peritus,review,5,peritus pereo
quidquam,la,quisquam,review,5,quisquam quidquam
quintum,la,quintus,review,5,quintus Quintus
quodque,la,quodque,review,5,quodque quisque
r.v,la,r.v,review,5,r.v r.vs
rev,la,rev,review,5,rev revs
reverende,la,Reverenda,review,5,Reverenda revereor reverendes
rivas,la,riua,review,5,riua riva
serio,la,serio,review,5,serio serium serius
siam,la,sia,review,5,sia siam
sinensibus,la,Sinensis,review,5,Sinensis sinensus
symba,la,symba,review,5,symba symbum
taicosamam,la,Taicosama,review,5,Taicosama taicosamus
tartaricis,la,Tartaricus,review,5,Tartaricus tartaricus
vexillum,la,vexillum,review,5,vexillum uexillum
vna,la,vnus,review,5,vnus unus vna
acta,la,ago,review,4,ago acta
advenit,la,aduenio,review,4,aduenio advenio
aleni,la,alenus,review,4,alenus Alenus
alexius,la,alexus,review,4,alexus alexius Alexius
aliorumque,la,aliorumque,review,4,aliorumque quimque
attributa,la,attributum,review,4,attributum attribuo
authenticum,la,authenticum,review,4,authenticum authenticus
barbara,la,barbarus,review,4,barbarus barbarum
berytus,la,Berytus,review,4,Berytus berytus
bonzii,la,bonzius,review,4,bonzius Bonzius
boym,la,boym,review,4,boym bous
breviarium,la,breviarium,review,4,breviarium breviarius
bugensi,la,bugensus,review,4,bugensus bugensis
caesarea,la,caesareus,review,4,caesareus Caesarea
camera,la,camerus,review,4,camerus camera Camera
canzuiedoni,la,canzuiedo,review,4,canzuiedo canzuiedonus
carnero,la,carnerus,review,4,carnerus carner
catalogo,la,catalogus,review,4,catalogus catalogo catalous
catalogus,la,catalogus,review,4,catalogus CATALOGUS
chingtu,la,Chingtus,review,4,Chingtus chingtus
cittadelli,la,cittadellus,review,4,cittadellus Cittadellis
coeli,la,coelum,review,4,coelum Coelius
comitatus,la,comitor,review,4,comitor comitatus
commoda,la,commodus,review,4,commodus commodum
completum,la,compleo,review,4,compleo completus
concio,la,concio,review,4,concio concius
dissidia,la,dissidium,review,4,dissidium dissidia
doctiores,la,doctus,review,4,doctus doctior
dominam,la,dominus,review,4,dominus domina
duci,la,dux,review,4,dux duco
etyopes,la,Etyopes,review,4,Etyopes etyopes
extremi,la,exterior,review,4,exterior extremus
fingo,la,Fingus,review,4,Fingus fingo fingus
firandi,la,Firandus,review,4,Firandus firor
fr,es,Fr,review,4,Fr fr
garzia,la,Garzia,review,4,Garzia garzius
giannus,la,giannus,review,4,giannus Giannus
gibunoscio,la,gibunoscius,review,4,gibunoscius Gibunoscius
gomezius,la,Gomezius,review,4,Gomezius gomezius
gouam,la,gouus,review,4,gouus Goua
haynanica,la,Haynanica,review,4,Haynanica haynanicus
humillimus,la,humilli,review,4,humilli humilis
idolis,la,idolum,review,4,idolum Idoli
ieiasi,la,ieiasus,review,4,ieiasus Ieiasus
indis,la,inda,review,4,inda indis indus
ipseque,la,ipseque,review,4,ipseque ipse
jesu,la,jesus,review,4,jesus jesu
kuangtung,la,kuano,review,4,kuano kuangtuns
l,la,l,review,4,l Lucius
leaoyang,la,leaoyanus,review,4,leaoyanus Leaoyang
liberis,la,liberi,review,4,liberi liber
madriti,la,Madritus,review,4,Madritus madritus
malacam,la,malaca,review,4,malaca malacus
manilȩ,la,Manilȩs,review,4,Manilȩs Manilȩus
manuele,la,manuel,review,4,manuel Manuelus
mayorica,la,mayoricus,review,4,mayoricus mayorica
metellus,la,metellus,review,4,metellus Metellus
mira,la,mira,review,4,mira mirus
mutio,la,mutius,review,4,mutius mutio
nonis,la,calendar,review,4,calendar nonus
novitii,la,novitius,review,4,novitius Novitius
obtenta,la,obtendo,review,4,obtendo obtineo
occasu,la,occasus,review,4,occasus Occasus
occide,la,occido,review,4,occido occides
omurae,la,omurus,review,4,omurus omura Omura
omurandonus,la,omurando,review,4,omurando omurandonus
parati,la,paro,review,4,paro paratus
pellis,la,pellis,review,4,pellis pella
pereira,la,pereira,review,4,pereira pereirus
philippus,la,philippus,review,4,philippus Philippus
pie,la,pie,review,4,pie pies
privilegium,la,privilegium,review,4,privilegium privilex
provincijs,la,provincijs,review,4,provincijs province provincia
quangcheu,la,quangcheu,review,4,quangcheu quangcheus
rati,la,rascor,review,4,rascor ratis ratus
recordari,la,recordor,review,4,recordor recordo
rectę,la,rectę,review,4,rectę rectus
regius,la,regius,review,4,regius Regius
rogerio,la,rogerium,review,4,rogerium Rogerius
romano,la,romanus,review,4,romanus Romanus
rubino,la,rubinus,review,4,rubinus Rubinus
saepenumero,la,saepenumero,review,4,saepenumero saepenumerus
saracenos,la,saracenus,review,4,saracenus saraceni
secure,la,securis,review,4,securis secure
sufficientes,la,sufficiens,review,4,sufficiens sufficio
ta,la,ta,review,4,ta tus
tem,la,tem,review,4,tem teu
tractus,la,tractus,review,4,tractus traho
tributa,la,tributum,review,4,tributum tribuo
tunkim,la,tunkim,review,4,tunkim tunkis
uberrimos,la,uberrimus,review,4,uberrimus uberrimis
utrinque,la,uterque,review,4,uterque utrinque
veni,la,venio,review,4,venio uenio
vicaria,la,uicaria,review,4,uicaria vicaria
vicariatus,la,vicario,review,4,vicario uicariatus vicariatus
victus,la,victus,review,4,victus vinco
vitę,la,vitę,review,4,vitę uita
vndequaque,la,vndequaque,review,4,vndequaque undequaquus
vulgo,la,uulgus,review,4,uulgus vulgo
zayton,la,Zayton,review,4,Zayton zayton
adverso,la,adversus,review,3,adversus adverto
afflictis,la,afflinquo,review,3,afflinquo afflicgo
al,la,al,review,3,al alb
alendos,la,alendus,review,3,alendus alo
alicui,la,aliquis,review,3,aliquis aliqui
aliique,la,aliique,review,3,aliique aliiquus
amacusanae,la,Amacusanus,review,3,Amacusanus amacusanus
annona,la,annon,review,3,annon annona annonus
arimam,la,Arima,review,3,Arima arima
arimensis,la,arimensis,review,3,arimensis arimensus
auctus,la,augeo,review,3,augeo augo
bera,la,Bera,review,3,Bera ber
blasio,la,Blasius,review,3,Blasius blasius
brando,la,Brandus,review,3,Brandus brandus
caedibus,la,caedo,review,3,caedo caes
camboja,la,Camboja,review,3,Camboja cambojus Cambojus
campanas,la,campana,review,3,campana campanus
cicugense,la,cicugensis,review,3,cicugensis cicugense
circensium,la,circensius,review,3,circensius circenseo
claudium,la,Claudius,review,3,Claudius claudius
cochino,la,cochinus,review,3,cochinus Cochinum
coempta,la,coimo,review,3,coimo coemo
collegiis,la,collegium,review,3,collegium Collegii
compendio,la,Compendius,review,3,Compendius compendium
concessere,la,concdo,review,3,concdo concesdo
cosmas,la,cosmas,review,3,cosmas cosma
cosmo,la,cosmus,review,3,cosmus cosmo
credi,la,credo,review,3,credo credus
cu,la,cu,review,3,cu cum
d.v,la,d.v,review,3,d.v D.V
d’abreu,la,d’abres,review,3,d’abres d’abreu
d’amaya,la,d’amaya,review,3,d’amaya d’amayus
daifum,la,daifus,review,3,daifus Daifus
decimo,la,decimus,review,3,decimus decimo
dimidium,la,dimidium,review,3,dimidium dimidius
dynasta,la,dynasta,review,3,dynasta dynastas dynastus
eft,la,fum,review,3,fum eft
enimvero,la,enim,review,3,enim enimvero
epicheiae,la,epicheias,review,3,epicheias epicheia
evangelici,la,evangelicus,review,3,evangelicus Evangelicus
expedita,la,expedio,review,3,expedio expeditus
ferme,la,ferme,review,3,ferme fermis
fidis,la,fidus,review,3,fidus fido
fingi,la,fingus,review,3,fingus Fingus
formula,la,formula,review,3,formula formulus
fungi,la,fungus,review,3,fungus fungo
generalibus,la,generalis,review,3,generalis Generalia
gouensis,la,gouensis,review,3,gouensis gouendo
haeres,la,haeres,review,3,haeres haer
hainam,la,hainus,review,3,hainus haini
hieronymi,la,hieronymis,review,3,hieronymis Hieronymus
historia,la,Historia,review,3,Historia historius
hollandis,la,hollanda,review,3,hollanda hollo
iacata,la,Iacata,review,3,Iacata iaca
indos,la,indus,review,3,indus indi
infecta,la,infectus,review,3,infectus inficio
itali,la,italis,review,3,italis Italus
labe,la,labeo,review,3,labeo labes
latina,la,latinus,review,3,latinus Latinus
leo,la,Leo,review,3,Leo leo
licitum,la,liceo,review,3,liceo licet
litterȩ,la,litter,review,3,litter litterȩ
lopez,la,lopes,review,3,lopes Lopez
lubelli,la,lubellus,review,3,lubellus Lubellus
malaca,la,malacus,review,3,malacus Malaca
malacae,la,malacus,review,3,malacus malaca
manilam,la,Manila,review,3,Manila manila
màrquez,la,màrques,review,3,màrques Màrques
mauris,la,mauris,review,3,mauris maurus
meacoensi,la,meacoensus,review,3,meacoensus meacoensis
meritum,la,mereo,review,3,mereo meritum
missos,la,missus,review,3,missus mitto
musium,la,musium,review,3,musium musius Musius
nacti,la,naciscor,review,3,naciscor nago
nangasaci,la,nangasacio,review,3,nangasacio nangasacus nangasax
nostrosque,la,nostrosque,review,3,nostrosque nostroser
nota,la,nosco,review,3,nosco notus
notifico,la,notifico,review,3,notifico notificus
novembri,la,november,review,3,november novembris
omnibusque,la,omnibusgo,review,3,omnibusgo omnibusque
operis,la,opus,review,3,opus operis
oriza,la,oriza,review,3,oriza orizus
perperam,la,perperam,review,3,perperam perperus
perventus,la,pervenio,review,3,pervenio Perventus
philippinarum,la,philippinus,review,3,philippinus philippio
pr,la,pr,review,3,pr calendar
praeceptorum,la,praecipio,review,3,praecipio praeceptum
praeside,la,praeses,review,3,praeses praesideo
privata,la,priuo,review,3,priuo privatus privo
progressum,la,progressus,review,3,progressus progredior
promoti,la,promo,review,3,promo promoueo
puncto,la,punctum,review,3,punctum pungo
quinto,la,quintus,review,3,quintus Quintus
quosque,la,quosque,review,3,quosque quos
quovis,la,quivis,review,3,quivis quovis
reverendissimo,la,reverendor,review,3,reverendor reverendior
sacello,la,sacellum,review,3,sacellum Sacellus
satanae,la,Satanas,review,3,Satanas satanus
scripto,la,scribo,review,3,scribo Scriptus
sebastiano,la,Sebastianum,review,3,Sebastianum sebastianus
secretum,la,secerno,review,3,secerno secretum
secula,la,secula,review,3,secula seculum
sententiis,la,sententia,review,3,sententia Sententii
septa,la,septum,review,3,septum septus
servata,la,servo,review,3,servo seruo
sinicȩ,la,sinicȩ,review,3,sinicȩ sinicȩs sinicus
situm,la,sino,review,3,sino situs
smo,la,smus,review,3,smus Smus
soliti,la,solio,review,3,solio solitus
stanislaus,la,stanislaus,review,3,stanislaus Stanislaus stanislo
statutis,la,statuo,review,3,statuo statutus
subiectum,la,subicio,review,3,subicio subiectum
supplicij,la,supplex,review,3,supplex supplicium
supposita,la,suppositum,review,3,suppositum suppono
taitung,la,Taitung,review,3,Taitung tao
tamaxe,la,tamax,review,3,tamax tamaxe
tridentini,la,tridentinus,review,3,tridentinus Tridentinus
universi,la,universus,review,3,universus uniuersum
universo,la,uniuersus,review,3,uniuersus universus
urganth,la,urganth,review,3,urganth Urgantum
utaris,la,uto,review,3,uto utaris
uto,la,Utus,review,3,Utus uto
valet,la,valeo,review,3,valeo ualeo
valignani,la,valignanes,review,3,valignanes valignanus
vaz,la,uaz,review,3,uaz vaz
vexilla,la,vexillum,review,3,vexillum uexilla
vicem,la,uicis,review,3,uicis vicis
vineae,la,vinea,review,3,vinea uinea
vineȩ,la,uinea,review,3,uinea uineȩ
vixisset,la,vico,review,3,vico vixise
voarani,la,voaranis,review,3,voaranis Voaranus
y,la,y,review,3,y yb
yndie,la,yndies,review,3,yndies yndie
aciam,la,Acia,review,2,Acia acius
actis,la,actum,review,2,actum ago
adolescentis,la,adolescens,review,2,adolescens adolesco
adrianus,la,adrianus,review,2,adrianus Adrianus
advenis,la,advena,review,2,advena advenio
aemuli,la,aemulum,review,2,aemulum aemulus
affuturum,la,affsum,review,2,affsum affuturus
albertus,la,Adalptus,review,2,Adalptus albertus
allicerent,la,alliceo,review,2,alliceo allicio
animantibus,la,animans,review,2,animans animo
annexae,la,annecto,review,2,annecto Annexae
aperiendam,la,aperio,review,2,aperio aperior
apostolice,la,apostolice,review,2,apostolice apostolicus
appulit,la,appello,review,2,appello appulo
argolicensi,la,argolicendo,review,2,argolicendo Argolicensum
attoniti,la,attoneo,review,2,attoneo attonitus
barnabas,la,barnabas,review,2,barnabas Barnabas
barros,la,Barros,review,2,Barros barrus
bartholomaeus,la,bartholomaeus,review,2,bartholomaeus Bartholomaeus
biennio,la,biennium,review,2,biennium Biennius
bigensis,la,bigensis,review,2,bigensis bigensus
bombaim,la,bombaim,review,2,bombaim bombais
brevem,la,breuis,review,2,breuis brevis
bugensium,la,Bugenses,review,2,Bugenses bugensis
buglio,la,buglius,review,2,buglius Buglius
carnifici,la,carnifico,review,2,carnifico carnificus
carolo,la,carolus,review,2,carolus Carolus
carvalio,la,carvalius,review,2,carvalius uervalius
castello,la,castellum,review,2,castellum Castellum
censa,la,censa,review,2,censa ceor
cochini,la,cochinus,review,2,cochinus Cochinus
coemptae,la,coeipio,review,2,coeipio coempio
communioribus,la,communis,review,2,communis communus
compactum,la,compactum,review,2,compactum compago
concessae,la,concedo,review,2,concedo concesdo
concipio,la,concipio,review,2,concipio concipium
confectus,la,confectus,review,2,confectus conficio
consultum,la,consulo,review,2,consulo consultum
continentem,la,continens,review,2,continens contineo
continenti,la,continens,review,2,continens contineo
corumensium,la,corumenus,review,2,corumenus corumeo
creta,la,Creta,review,2,Creta cretum
decembri,la,decembris,review,2,decembris Decembrius
desertum,la,desero,review,2,desero desertus
dificilius,la,dificilis,review,2,dificilis dificiliter
domin,la,domin,review,2,domin domius
dominatu,la,dominatus,review,2,dominatus dominor
eisdemque,la,eisdemque,review,2,eisdemque eisdemqus
emmanuele,la,emmanuele,review,2,emmanuele Emmanuelus
eodemque,la,eodem,review,2,eodem eodemque
epi,la,epi,review,2,epi epus
estne,la,estna,review,2,estna estne
everendum,la,evero,review,2,evero everor
extiterint,la,existo,review,2,existo exto
facillimo,la,facile,review,2,facile facus
firandensis,la,Firandensiis,review,2,Firandensiis firandensis
fotoque,la,fotoqua,review,2,fotoqua fotoque
furtado,la,furtadus,review,2,furtadus Furtadus
futuram,la,futurus,review,2,futurus sum
gentilico,la,gentilico,review,2,gentilico gentilicus
goano,la,goanus,review,2,goanus Goanus
heliopolitani,la,heliopolitanis,review,2,heliopolitanis heliopolitanus
herode,la,Herodes,review,2,Herodes heros
hieronimus,la,hieroneo,review,2,hieroneo Hieronimus
hungquangum,la,hungqgo,review,2,hungqgo hungquo
iaponensem,la,iaponenses,review,2,iaponenses iaponensis
iaponenses,la,iaponensis,review,2,iaponensis Iaponensis
iapones,la,iapones,review,2,iapones Iapones
iaponi,la,iapon,review,2,iapon Iaponus
iaponum,la,Iapon,review,2,Iapon Iaponus
illm,la,ille,review,2,ille illm
immensis,la,immensis,review,2,immensis immensus
impliciti,la,impliceo,review,2,impliceo implico
incassum,la,incassus,review,2,incassus incatior
incensi,la,incendo,review,2,incendo incensum
indica,la,indica,review,2,indica indicus
indigeo,la,indigeo,review,2,indigeo indigeus
iube,la,iube,review,2,iube iubeo
iudaeis,la,Iudaei,review,2,Iudaei iudaeus
iudęis,la,Iudęi,review,2,Iudęi iudęus
januarii,la,januaris,review,2,januaris januarius
japonis,la,japon,review,2,japon japonus
latuerunt,la,lateo,review,2,lateo latueo
lectis,la,lectus,review,2,lectus lego
licteram,la,licter,review,2,licter lictera
macaensis,la,macaensis,review,2,macaensis macaensus
macedoniam,la,macedonia,review,2,macedonia Macedonia
malorum,la,malum,review,2,malum malus
mandarini,la,mandarinus,review,2,mandarinus Mandarinus
manes,la,maneo,review,2,maneo manes
marinis,la,marina,review,2,marina marinus
mata,la,mata,review,2,mata Mata
matçuda,la,matçuda,review,2,matçuda Matçuda
mauretaniam,la,Mauretania,review,2,Mauretania Mauretanius
mesquita,la,mesquita,review,2,mesquita mesquitum
millies,la,mille,review,2,mille millies
mini,la,minum,review,2,minum Minus
misêre,la,misêer,review,2,misêer mitto
mittam,la,mitta,review,2,mitta mitto
monarchae,la,monarcha,review,2,monarcha monarchaes
mum,la,mum,review,2,mum mus
mutuo,la,mutuo,review,2,mutuo mutuus
nanchang,la,Nanchang,review,2,Nanchang Nanchangus
negocii,la,negocium,review,2,negocium negocius
nequid,la,nequid,review,2,nequid nequis
notam,la,nosco,review,2,nosco notus
nuncius,la,nunce,review,2,nunce nuncius
observandum,la,obseruo,review,2,obseruo observo
obvia,la,obuius,review,2,obuius obvia
obvios,la,Obvii,review,2,Obvii obvius
octobri,la,octobris,review,2,octobris octobrus
onufrius,la,onufrius,review,2,onufrius onufrus
operarij,la,operarius,review,2,operarius operor
opulentissimae,la,opulens,review,2,opulens opulentus
oritura,la,orior,review,2,orior oritor
orizae,la,oriza,review,2,oriza orizes
ozacana,la,ozacana,review,2,ozacana ozacanus
palati,la,palatum,review,2,palatum palatus
palestinae,la,palestinus,review,2,palestinus Palestinus
pantoia,la,pantoia,review,2,pantoia Pantoia
patrisque,la,patrisque,review,2,patrisque patrisquus
pecuniam,la,pecunia,review,2,pecunia Pecunius
perventum,la,peruenio,review,2,peruenio pervenio
pessum,la,pessus,review,2,pessus petior
plerunque,la,plerunqus,review,2,plerunqus plerusque
potissimus,la,potior,review,2,potior potissimus
praenestinus,la,praenestinus,review,2,praenestinus Praenestinus
prospero,la,prosper,review,2,prosper prosperus
psalteria,la,psalterium,review,2,psalterium psalterius
pulchrius,la,pulchre,review,2,pulchre pulchrius
quadrato,la,quadratus,review,2,quadratus quadro
quadringenta,la,quadringenta,review,2,quadringenta quadringenti
quaesiit,la,quaero,review,2,quaero quaesio
qualitate,la,qualitas,review,2,qualitas qualitatis
quantumuis,la,quantumuis,review,2,quantumuis quantumuus
quibusvis,la,quibusvis,review,2,quibusvis quivis
quieta,la,quietus,review,2,quietus quisco
redactus,la,redacio,review,2,redacio redactus
regij,la,rex,review,2,rex Rex
regn,la,regn,review,2,regn rego
regressum,la,regredior,review,2,regredior regressus
repagula,la,repagula,review,2,repagula repagulus
responsa,la,respondeo,review,2,respondeo responsum
revera,la,revera,review,2,revera revero
reversi,la,reuorto,review,2,reuorto revertor
reversum,la,reverto,review,2,reverto revertor
rudi,la,rudis,review,2,rudis rudus
sanga,la,Sanga,review,2,Sanga sangus
saray,la,Saraum,review,2,Saraum Sarays
sassumam,la,Sassuma,review,2,Sassuma Sassumas
satius,la,sate,review,2,sate satis
sci,la,sci,review,2,sci scio
scias,la,Scias,review,2,Scias scio
scythopolis,la,scythopol,review,2,scythopol scythopolis
sepenumero,la,sepenumeer,review,2,sepenumeer sepenumero
sexcenta,la,sexcenti,review,2,sexcenti sexcentus
soares,la,soar,review,2,soar Soares
solvendam,la,soluo,review,2,soluo solvo
spira,la,spira,review,2,spira Spira
strophiola,la,strophiolum,review,2,strophiolum strophiolus
suę,la,suę,review,2,suę suus
sufficientem,la,sufficiens,review,2,sufficiens sufficio
summopere,la,summopere,review,2,summopere summopo
supplico,la,supplico,review,2,supplico supplicus
supradicta,la,supradico,review,2,supradico supradictus
taimingam,la,taiminga,review,2,taiminga Taimingas
tarin,la,tarin,review,2,tarin tarius
tartara,la,Tartara,review,2,Tartara tartarus
tartaricam,la,tartaricus,review,2,tartaricus Tartaricus
tectis,la,tectum,review,2,tectum tego
testatus,la,testatus,review,2,testatus testor
thienkio,la,thienkio,review,2,thienkio Thienkius
totamque,la,totam,review,2,totam totamque
transactis,la,transaco,review,2,transaco transigo
transeo,la,transeo,review,2,transeo transeus
tue,la,tue,review,2,tue tuus
tuto,la,tuto,review,2,tuto tutus
ulturus,la,ulturus,review,2,ulturus ulveo
valentino,la,valentinus,review,2,valentinus Valentinus
vas,la,uas,review,2,uas vas
verè,la,uerè,review,2,uerè verè
verùm,la,uerùm,review,2,uerùm verùm
vestitum,la,vestio,review,2,vestio vestitus
vicena,la,vicen,review,2,vicen viceni
victum,la,victus,review,2,victus vinco
videant,la,uideo,review,2,uideo video
vincentio,la,vincentio,review,2,vincentio Vincentius
vincentius,la,vincenter,review,2,vincenter Vincentius
vixerat,la,vigo,review,2,vigo vivo
xiqui,la,xiqui,review,2,xiqui xiquis
yamagutiana,la,yamagutianus,review,2,yamagutianus Yamagutianus
yquiccuqui,la,yquiccuqui,review,2,yquiccuqui yquiccuquus
et,la,et,suggested,4054,
in,la,in,suggested,3192,
ad,la,ad,suggested,1549,
ut,la,ut,suggested,1125,
est,la,sum,suggested,1118,
non,la,non,suggested,1060,
cum,la,cum,suggested,1005,
qui,la,qui,suggested,841,
de,la,de,suggested,838,
a,la,ab,suggested,763,
ex,la,ex,suggested,725,
quae,la,qui,suggested,560,
sunt,la,sum,suggested,481,
per,la,per,suggested,424,
hoc,la,hic,suggested,421,
se,la,sui,suggested,420,
sed,la,sed,suggested,416,
ab,la,ab,suggested,364,
si,la,si,suggested,360,
enim,la,enim,suggested,344,
etiam,la,etiam,suggested,318,
vel,la,uel,suggested,311,
omnes,la,omnis,suggested,306,
fuit,la,sum,suggested,260,
vero,la,uero,suggested,259,
autem,la,autem,suggested,257,
iam,la,iam,suggested,252,
pro,la,pro,suggested,252,
nos,la,nos,suggested,244,
omnibus,la,omnis,suggested,243,
quibus,la,qui,suggested,238,
pater,la,pater,suggested,237,
quia,la,quia,suggested,233,
tamen,la,tamen,suggested,222,
ubi,la,ubi,suggested,207,
annos,la,annus,suggested,205,
nec,la,nec,suggested,205,
haec,la,hic,suggested,203,
post,la,post,suggested,203,
dei,la,deus,suggested,200,
aut,la,aut,suggested,185,
eo,la,is,suggested,185,
ita,la,ita,suggested,184,
frater,la,frater,suggested,183,
eos,la,is,suggested,182,
qua,la,qui,suggested,179,
erat,la,sum,suggested,177,
ne,la,ne,suggested,177,
sit,la,sum,suggested,177,
ue,la,ue,suggested,175,
eius,la,is,suggested,174,
nobis,la,nos,suggested,172,
patres,la,pater,suggested,172,
inter,la,inter,suggested,166,
hac,la,hic,suggested,160,
ea,la,is,suggested,158,
me,la,ego,suggested,158,
tum,la,tum,suggested,158,
quos,la,qui,suggested,157,
omnia,la,omnis,suggested,152,
atque,la,atque,suggested,149,
provincia,la,provincia,suggested,149,
nostris,la,noster,suggested,146,
tam,la,tam,suggested,146,
habet,la,habeo,suggested,144,
aliis,la,alius,suggested,141,
eorum,la,is,suggested,140,
hic,la,hic,suggested,139,
his,la,hic,suggested,139,
sic,la,sic,suggested,135,
nam,la,nam,suggested,134,
fr,la,fr,suggested,133,
um,la,um,suggested,133,
ipse,la,ipse,suggested,132,
sibi,la,sui,suggested,132,
s,la,s,suggested,131,
suis,la,suus,suggested,125,
ergo,la,ergo,suggested,123,
esset,la,sum,suggested,122,
illi,la,ille,suggested,122,
millia,la,mille,suggested,122,
illis,la,ille,suggested,121,
provinciae,la,provincia,suggested,121,
eam,la,is,suggested,118,
nunc,la,nunc,suggested,118,
quidem,la,quidem,suggested,118,
cui,la,qui,suggested,117,
tantum,la,tantum,suggested,117,
eum,la,is,suggested,115,
hanc,la,hic,suggested,114,
tempore,la,tempus,suggested,114,
huius,la,hic,suggested,113,
nisi,la,nisi,suggested,112,
sine,la,sine,suggested,111,
nostri,la,noster,suggested,110,
suo,la,suus,suggested,110,
id,la,is,suggested,108,
duo,la,duo,suggested,107,
ob,la,ob,suggested,107,
deo,la,deus,suggested,101,
sua,la,suus,suggested,101,
apud,la,apud,suggested,99,
ibi,la,ibi,suggested,98,
omnium,la,omnis,suggested,98,
neque,la,neque,suggested,96,
cuius,la,qui,suggested,95,
sub,la,sub,suggested,95,
contra,la,contra,suggested,94,
societate,la,societas,suggested,94,
propter,la,propter,suggested,93,
usque,la,usque,suggested,93,
ego,la,ego,suggested,92,
mihi,la,ego,suggested,92,
n,la,n,suggested,92,
alii,la,alius,suggested,91,
franciscus,la,franciscus,suggested,91,
parte,la,pars,suggested,90,
supra,la,supra,suggested,89,
tunc,la,tunc,suggested,89,
alia,la,alius,suggested,88,
erant,la,sum,suggested,88,
licet,la,licet,suggested,88,
quas,la,qui,suggested,87,
quid,la,quis,suggested,87,
suum,la,suus,suggested,87,
deus,la,deus,suggested,86,
potest,la,possum,suggested,86,
quem,la,qui,suggested,86,
regnum,la,regnum,suggested,86,
sint,la,sum,suggested,86,
ante,la,ante,suggested,85,
domino,la,dominus,suggested,85,
itaque,la,itaque,suggested,85,
nihil,la,nihil,suggested,85,
unde,la,unde,suggested,85,
deinde,la,deinde,suggested,82,
ei,la,is,suggested,82,
magna,la,magnus,suggested,82,
quorum,la,qui,suggested,82,
nomine,la,nomen,suggested,80,
nostra,la,noster,suggested,80,
nostrae,la,noster,suggested,80,
regni,la,regnum,suggested,80,
hominum,la,homo,suggested,79,
omni,la,omnis,suggested,79,
semper,la,semper,suggested,78,
fere,la,fere,suggested,77,
urbem,la,urbs,suggested,77,
suam,la,suus,suggested,75,
eis,la,is,suggested,74,
omnino,la,omnino,suggested,74,
ecclesiae,la,ecclesia,suggested,73,
eodem,la,idem,suggested,73,
illa,la,ille,suggested,73,
collegium,la,collegium,suggested,72,
japponiae,la,japponia,suggested,72,
res,la,res,suggested,72,
totius,la,totus,suggested,72,
fidem,la,fides,suggested,71,
loco,la,locus,suggested,71,
an,la,an,suggested,70,
homines,la,homo,suggested,70,
tres,la,tres,suggested,70,
annum,la,annus,suggested,69,
dum,la,dum,suggested,69,
ille,la,ille,suggested,69,
inde,la,inde,suggested,69,
rerum,la,res,suggested,69,
fratres,la,frater,suggested,68,
illius,la,ille,suggested,68,
item,la,item,suggested,68,
vitae,la,vita,suggested,68,
sinarum,la,sina,suggested,67,
mortem,la,mors,suggested,66,
rex,la,rex,suggested,66,
adhuc,la,adhuc,suggested,65,
causa,la,causa,suggested,65,
ipsi,la,ipse,suggested,65,
civitate,la,civitas,suggested,64,
dominus,la,dominus,suggested,64,
ecclesia,la,ecclesia,suggested,64,
magis,la,magis,suggested,64,
re,la,res,suggested,64,
hi,la,hic,suggested,62,
milites,la,miles,suggested,62,
quando,la,quando,suggested,62,
intra,la,intra,suggested,61,
mille,la,mille,suggested,61,
quinque,la,quinque,suggested,61,
rem,la,res,suggested,61,
imperium,la,imperium,suggested,60,
locum,la,locus,suggested,59,
provinciam,la,provincia,suggested,59,
bene,la,bene,suggested,58,
ipsa,la,ipse,suggested,58,
litteras,la,littera,suggested,58,
animo,la,animus,suggested,57,
at,la,at,suggested,57,
dies,la,dies,suggested,57,
igitur,la,igitur,suggested,57,
ipsum,la,ipse,suggested,57,
am,la,am,suggested,56,
animi,la,animus,suggested,56,
domus,la,domus,suggested,56,
habent,la,habeo,suggested,56,
illud,la,ille,suggested,56,
imperatoris,la,imperator,suggested,56,
nostrorum,la,noster,suggested,56,
nulla,la,nullus,suggested,56,
provincialis,la,provincialis,suggested,56,
suos,la,suus,suggested,56,
deum,la,deus,suggested,55,
nomen,la,nomen,suggested,55,
alios,la,alius,suggested,54,
collegii,la,collegium,suggested,54,
partim,la,partim,suggested,54,
tota,la,totus,suggested,54,
unum,la,unus,suggested,54,
domo,la,domus,suggested,53,
ecclesiam,la,ecclesia,suggested,53,
hactenus,la,hactenus,suggested,53,
ideo,la,ideo,suggested,53,
suorum,la,suus,suggested,53,
fide,la,fides,suggested,52,
hunc,la,hic,suggested,52,
idem,la,idem,suggested,52,
lusitanus,la,lusitanus,suggested,52,
partem,la,pars,suggested,52,
posset,la,possum,suggested,52,
quoniam,la,quoniam,suggested,52,
satis,la,satis,suggested,52,
suae,la,suus,suggested,52,
sumus,la,sum,suggested,52,
tandem,la,tandem,suggested,52,
iterum,la,iterum,suggested,51,
missionis,la,missio,suggested,51,
tartaros,la,tartar,suggested,51,
fuerit,la,sum,suggested,50,
imperio,la,imperium,suggested,50,
posse,la,possum,suggested,50,
urbe,la,urbs,suggested,50,
decem,la,decem,suggested,49,
imperator,la,imperator,suggested,49,
unus,la,unus,suggested,49,
habere,la,habeo,suggested,48,
imperii,la,imperium,suggested,48,
quare,la,quare,suggested,48,
septem,la,septem,suggested,48,
terram,la,terra,suggested,48,
annis,la,annus,suggested,47,
legem,la,lex,suggested,47,
opus,la,opus,suggested,47,
postea,la,postea,suggested,47,
scilicet,la,scilicet,suggested,47,
tempus,la,tempus,suggested,47,
v,la,u,suggested,47,
vita,la,uita,suggested,47,
aliud,la,alius,suggested,46,
augustini,la,augustinus,suggested,46,
dictus,la,dico,suggested,46,
donec,la,donec,suggested,46,
iis,la,is,suggested,46,
maxime,la,magne,suggested,46,
militum,la,miles,suggested,46,
multa,la,multus,suggested,46,
sex,la,sex,suggested,46,
animarum,la,anima,suggested,45,
essent,la,sum,suggested,45,
f,la,f,suggested,45,
illam,la,ille,suggested,45,
magno,la,magnus,suggested,45,
menses,la,mensis,suggested,45,
nostro,la,noster,suggested,45,
octo,la,octo,suggested,45,
omnem,la,omnis,suggested,45,
salutem,la,salus,suggested,45,
sicut,la,sicut,suggested,45,
sum,la,sum,suggested,45,
te,la,tu,suggested,45,
huic,la,hic,suggested,44,
pag,la,pag,suggested,44,
ratione,la,ratio,suggested,44,
simul,la,simul,suggested,44,
christianae,la,christianus,suggested,43,
dicitur,la,dico,suggested,43,
fratribus,la,frater,suggested,43,
illum,la,ille,suggested,43,
multis,la,multus,suggested,43,
nostram,la,noster,suggested,43,
possit,la,possum,suggested,43,
tanta,la,tantus,suggested,43,
tot,la,tot,suggested,43,
facere,la,facio,suggested,42,
modum,la,modus,suggested,42,
numerus,la,numerus,suggested,42,
tamquam,la,tamquam,suggested,42,
denique,la,denique,suggested,41,
eadem,la,idem,suggested,41,
en,la,en,suggested,41,
imperatorem,la,imperator,suggested,41,
redditus,la,reddo,suggested,41,
fuerat,la,sum,suggested,40,
morte,la,mors,suggested,40,
noster,la,noster,suggested,40,
nostrum,la,noster,suggested,40,
nunquam,la,numquam,suggested,40,
peking,la,Pekinus,suggested,40,
praeter,la,praeter,suggested,40,
quidam,la,quidam,suggested,40,
tibi,la,tu,suggested,40,
adeo,la,adeo,suggested,39,
aliquid,la,aliquis,suggested,39,
dixit,la,dico,suggested,39,
hos,la,hic,suggested,39,
nondum,la,nondum,suggested,39,
partes,la,pars,suggested,39,
quasi,la,quasi,suggested,39,
sinae,la,sina,suggested,39,
sinicum,la,sinicus,suggested,39,
t,la,t,suggested,39,
bellum,la,bellum,suggested,38,
caput,la,caput,suggested,38,
filius,la,filius,suggested,38,
eiusdem,la,idem,suggested,37,
manu,la,manus,suggested,37,
manus,la,manus,suggested,37,
mortis,la,mors,suggested,37,
parum,la,parum,suggested,37,
patrem,la,pater,suggested,37,
rege,la,rex,suggested,37,
respondit,la,respondeo,suggested,37,
suas,la,suus,suggested,37,
centum,la,centum,suggested,36,
exercitus,la,exercitus,suggested,36,
hinc,la,hinc,suggested,36,
militibus,la,miles,suggested,36,
opera,la,opus,suggested,36,
ordinis,la,ordo,suggested,36,
postquam,la,postquam,suggested,36,
regem,la,rex,suggested,36,
theologiae,la,theologia,suggested,36,
toto,la,totus,suggested,36,
venit,la,venio,suggested,36,
vim,la,vis,suggested,36,
alter,la,alter,suggested,35,
de,es,de,suggested,35,
extra,la,extra,suggested,35,
factum,la,facio,suggested,35,
gloriam,la,gloria,suggested,35,
illo,la,ille,suggested,35,
mense,la,mensis,suggested,35,
on,la,on,suggested,35,
pars,la,pars,suggested,35,
plures,la,multus,suggested,35,
plurimum,la,multus,suggested,35,
possint,la,possum,suggested,35,
provincias,la,provincia,suggested,35,
sacerdotes,la,sacerdos,suggested,35,
statu,la,status,suggested,35,
circa,la,circa,suggested,34,
dedit,la,do,suggested,34,
dominum,la,dominus,suggested,34,
habebat,la,habeo,suggested,34,
maxima,la,magnus,suggested,34,
nostros,la,noster,suggested,34,
partibus,la,pars,suggested,34,
possunt,la,possum,suggested,34,
procurator,la,procurator,suggested,34,
rei,la,res,suggested,34,
temporis,la,tempus,suggested,34,
tribus,la,tres,suggested,34,
aliqui,la,aliquis,suggested,33,
eas,la,is,suggested,33,
fit,la,fio,suggested,33,
fuisse,la,sum,suggested,33,
gratiam,la,gratia,suggested,33,
locis,la,locus,suggested,33,
nempe,la,nempe,suggested,33,
numerum,la,numerus,suggested,33,
quantum,la,quantum,suggested,33,
reliqui,la,reliquus,suggested,33,
titulus,la,titulus,suggested,33,
totum,la,totus,suggested,33,
coram,la,coram,suggested,32,
facta,la,facio,suggested,32,
forte,la,forte,suggested,32,
habuit,la,habeo,suggested,32,
ipso,la,ipse,suggested,32,
longe,la,longe,suggested,32,
magister,la,magister,suggested,32,
mox,la,mox,suggested,32,
necessaria,la,necessarius,suggested,32,
nullum,la,nullus,suggested,32,
pe,la,pe,suggested,32,
possent,la,possum,suggested,32,
regnis,la,regnum,suggested,32,
sedem,la,sedes,suggested,32,
tanquam,la,tamquam,suggested,32,
triginta,la,triginta,suggested,32,
aliae,la,alius,suggested,31,
alium,la,alius,suggested,31,
animus,la,animus,suggested,31,
apostolicus,la,apostolicus,suggested,31,
dicunt,la,dico,suggested,31,
diebus,la,dies,suggested,31,
domum,la,domus,suggested,31,
epistolam,la,epistola,suggested,31,
francisci,la,franciscus,suggested,31,
fuerunt,la,sum,suggested,31,
has,la,hic,suggested,31,
illorum,la,ille,suggested,31,
interim,la,interim,suggested,31,
misit,la,mitto,suggested,31,
potuit,la,possum,suggested,31,
ater,la,ater,suggested,30,
augustinus,la,augustinus,suggested,30,
ciuitates,la,ciuitas,suggested,30,
fecit,la,facio,suggested,30,
hominibus,la,homo,suggested,30,
insuper,la,insuper,suggested,30,
ioannes,la,Johannes,suggested,30,
italus,la,italus,suggested,30,
iuramentum,la,iuramentum,suggested,30,
japponia,la,japponium,suggested,30,
magnum,la,magnus,suggested,30,
minus,la,parue,suggested,30,
nullo,la,nullus,suggested,30,
patri,la,pater,suggested,30,
patris,la,pater,suggested,30,
regionibus,la,regio,suggested,30,
valetudinis,la,valetudo,suggested,30,
amplius,la,ample,suggested,29,
aula,la,aula,suggested,29,
dd,la,dd,suggested,29,
duos,la,duo,suggested,29,
ecclesias,la,ecclesia,suggested,29,
erit,la,sum,suggested,29,
francisco,la,franciscus,suggested,29,
multi,la,multus,suggested,29,
numquam,la,numquam,suggested,29,
philosophiae,la,philosophia,suggested,29,
prima,la,primus,suggested,29,
prope,la,prope,suggested,29,
status,la,status,suggested,29,
super,la,super,suggested,29,
tua,la,tuus,suggested,29,
alio,la,alius,suggested,28,
belli,la,bellum,suggested,28,
dicta,la,dico,suggested,28,
diuinae,la,diuinus,suggested,28,
duodecim,la,duodecim,suggested,28,
ignatius,la,ignatus,suggested,28,
magnam,la,magnus,suggested,28,
missione,la,missio,suggested,28,
mundo,la,mundus,suggested,28,
nemo,la,nemo,suggested,28,
nimirum,la,nimirum,suggested,28,
olim,la,olim,suggested,28,
quomodo,la,quomodo,suggested,28,
saepe,la,saepe,suggested,28,
secum,la,sui,suggested,28,
terra,la,terra,suggested,28,
totam,la,totus,suggested,28,
urbs,la,urbs,suggested,28,
virtute,la,virtus,suggested,28,
aliquando,la,aliquando,suggested,27,
armis,la,arma,suggested,27,
aureorum,la,aureus,suggested,27,
certe,la,certe,suggested,27,
congregationis,la,congregatio,suggested,27,
corpus,la,corpus,suggested,27,
divinae,la,divinus,suggested,27,
duobus,la,duo,suggested,27,
familia,la,familia,suggested,27,
fore,la,sum,suggested,27,
generalis,la,generalis,suggested,27,
idcirco,la,idcirco,suggested,27,
interea,la,interea,suggested,27,
ipsis,la,ipse,suggested,27,
ipsos,la,ipse,suggested,27,
iter,la,iter,suggested,27,
iustitiae,la,iustitia,suggested,27,
iuxta,la,iuxta,suggested,27,
jam,la,jam,suggested,27,
mundi,la,mundus,suggested,27,
officio,la,officium,suggested,27,
praefecti,la,praeficio,suggested,27,
quinquaginta,la,quinquaginta,suggested,27,
regiam,la,regius,suggested,27,
similiter,la,similiter,suggested,27,
singulis,la,singulus,suggested,27,
urbis,la,urbs,suggested,27,
absque,la,absque,suggested,26,
aliam,la,alius,suggested,26,
aliisque,la,aliisque,suggested,26,
consilio,la,consilium,suggested,26,
denuo,la,denuo,suggested,26,
dictum,la,dico,suggested,26,
episcopo,la,episcopus,suggested,26,
gloria,la,gloria,suggested,26,
gratia,la,gratia,suggested,26,
horum,la,hic,suggested,26,
illos,la,ille,suggested,26,
ipsius,la,ipse,suggested,26,
iuramento,la,iuramentum,suggested,26,
mea,la,meus,suggested,26,
more,la,mos,suggested,26,
naturae,la,natura,suggested,26,
nullus,la,nullus,suggested,26,
praeterea,la,praeterea,suggested,26,
quaedam,la,quidam,suggested,26,
quis,la,quis,suggested,26,
ratio,la,ratio,suggested,26,
sanctorum,la,sanctus,suggested,26,
sociis,la,socius,suggested,26,
summo,la,summus,suggested,26,
duces,la,dux,suggested,25,
dux,la,dux,suggested,25,
filium,la,filius,suggested,25,
fuerint,la,sum,suggested,25,
huc,la,huc,suggested,25,
insula,la,insula,suggested,25,
iussit,la,iubeo,suggested,25,
magni,la,magnus,suggested,25,
manibus,la,manus,suggested,25,
multos,la,multus,suggested,25,
professus,la,profiteor,suggested,25,
prorsus,la,prorsus,suggested,25,
provinciarum,la,provincia,suggested,25,
quadraginta,la,quadraginta,suggested,25,
rationes,la,ratio,suggested,25,
regna,la,regnum,suggested,25,
socius,la,socius,suggested,25,
superior,la,superior,suggested,25,
trium,la,tres,suggested,25,
causam,la,causa,suggested,24,
corporis,la,corpus,suggested,24,
daifusamae,la,daifusamus,suggested,24,
dicti,la,dico,suggested,24,
illic,la,illic,suggested,24,
imperatore,la,imperator,suggested,24,
ipsam,la,ipse,suggested,24,
istis,la,iste,suggested,24,
librum,la,liber,suggested,24,
maiorem,la,magnus,suggested,24,
missio,la,missio,suggested,24,
omnis,la,omnis,suggested,24,
plane,la,plane,suggested,24,
residentiae,la,residentia,suggested,24,
spes,la,spes,suggested,24,
statim,la,statim,suggested,24,
uero,la,uero,suggested,24,
ultra,la,ultra,suggested,24,
uno,la,unus,suggested,24,
verbis,la,verbum,suggested,24,
alterius,la,alter,suggested,23,
apostolica,la,apostolicus,suggested,23,
bonae,la,bonus,suggested,23,
debet,la,debeo,suggested,23,
deinceps,la,deinceps,suggested,23,
dictis,la,dico,suggested,23,
edidit,la,edo,suggested,23,
episcopus,la,episcopus,suggested,23,
fieri,la,fio,suggested,23,
fuisset,la,sum,suggested,23,
mare,la,mare,suggested,23,
mei,la,meus,suggested,23,
missionibus,la,missio,suggested,23,
operam,la,opera,suggested,23,
paulus,la,paulus,suggested,23,
pervenit,la,pervenio,suggested,23,
potestatem,la,potestas,suggested,23,
praecipue,la,praecipue,suggested,23,
quadam,la,quidam,suggested,23,
quarum,la,qui,suggested,23,
quin,la,quin,suggested,23,
saltem,la,saltem,suggested,23,
solus,la,solus,suggested,23,
studio,la,studium,suggested,23,
templum,la,templum,suggested,23,
un,la,un,suggested,23,
variis,la,varius,suggested,23,
vir,la,uir,suggested,23,
administrationem,la,administratio,suggested,22,
aliorum,la,alius,suggested,22,
alterum,la,alter,suggested,22,
arma,la,arma,suggested,22,
constat,la,consto,suggested,22,
decretum,la,decretum,suggested,22,
diximus,la,dico,suggested,22,
duas,la,duo,suggested,22,
exercitum,la,exercitus,suggested,22,
gentiles,la,gentilis,suggested,22,
honorem,la,honor,suggested,22,
ingentem,la,ingens,suggested,22,
ingenti,la,ingens,suggested,22,
iure,la,ius,suggested,22,
pauci,la,paucus,suggested,22,
pecunia,la,pecunia,suggested,22,
plura,la,multus,suggested,22,
poterat,la,possum,suggested,22,
praefectos,la,praefectus,suggested,22,
reliquis,la,reliquus,suggested,22,
romae,la,Roma,suggested,22,
sacramenta,la,sacramentum,suggested,22,
seu,la,siue,suggested,22,
siquidem,la,siquidem,suggested,22,
terrae,la,terra,suggested,22,
terras,la,terra,suggested,22,
visitator,la,visitator,suggested,22,
capite,la,caput,suggested,21,
civitates,la,civitas,suggested,21,
dicto,la,dico,suggested,21,
diu,la,diu,suggested,21,
docuit,la,doceo,suggested,21,
exemplo,la,exemplum,suggested,21,
gloriae,la,gloria,suggested,21,
gratias,la,gratia,suggested,21,
huiusmodi,la,huiusmodi,suggested,21,
japoniae,la,japonius,suggested,21,
medio,la,medius,suggested,21,
minister,la,minister,suggested,21,
ministri,la,minister,suggested,21,
necesse,la,necesse,suggested,21,
occasione,la,occasio,suggested,21,
omne,la,omnis,suggested,21,
paucis,la,paucus,suggested,21,
possumus,la,possum,suggested,21,
quanta,la,quantus,suggested,21,
quȩ,la,quȩ,suggested,21,
relictis,la,relinquo,suggested,21,
sese,la,sui,suggested,21,
socii,la,socius,suggested,21,
suffragia,la,suffragium,suggested,21,
summam,la,summus,suggested,21,
tartarus,la,Tartarus,suggested,21,
unius,la,unus,suggested,21,
aliquam,la,aliqui,suggested,20,
amore,la,amor,suggested,20,
animos,la,animus,suggested,20,
caeteris,la,caeterus,suggested,20,
doctrina,la,doctrina,suggested,20,
domicilia,la,domicilium,suggested,20,
exemplum,la,exemplum,suggested,20,
fructum,la,fructus,suggested,20,
gaspar,la,gaspar,suggested,20,
haberet,la,habeo,suggested,20,
illuc,la,illuc,suggested,20,
is,la,is,suggested,20,
itinere,la,iter,suggested,20,
meis,la,meus,suggested,20,
meum,la,meus,suggested,20,
millibus,la,mille,suggested,20,
patre,la,pater,suggested,20,
periculo,la,periculum,suggested,20,
pluribus,la,multus,suggested,20,
plusquam,la,plusquam,suggested,20,
propugnaculum,la,propugnaculum,suggested,20,
prouincia,la,provincia,suggested,20,
provicarius,la,provicarius,suggested,20,
rationem,la,ratio,suggested,20,
religionis,la,religio,suggested,20,
sedes,la,sedes,suggested,20,
semel,la,semel,suggested,20,
siue,la,siue,suggested,20,
solo,la,solus,suggested,20,
suchuen,la,suchueus,suggested,20,
tantam,la,tantus,suggested,20,
ualde,la,ualde,suggested,20,
undique,la,undique,suggested,20,
urbes,la,urbs,suggested,20,
altero,la,alter,suggested,19,
annorum,la,annus,suggested,19,
antequam,la,antequam,suggested,19,
auxilium,la,auxilium,suggested,19,
congregatione,la,congregatio,suggested,19,
corpora,la,corpus,suggested,19,
dixi,la,dico,suggested,19,
epistola,la,epistola,suggested,19,
exercitu,la,exercitus,suggested,19,
facultate,la,facultas,suggested,19,
facultatem,la,facultas,suggested,19,
gaudio,la,gaudium,suggested,19,
gubernatoribus,la,gubernator,suggested,19,
ista,la,iste,suggested,19,
leges,la,lex,suggested,19,
locus,la,locus,suggested,19,
lusitani,la,lusitanus,suggested,19,
meo,la,meus,suggested,19,
metropoli,la,metropolus,suggested,19,
metropolim,la,metropolis,suggested,19,
millium,la,mille,suggested,19,
munus,la,munus,suggested,19,
naves,la,navis,suggested,19,
pace,la,pax,suggested,19,
possum,la,possum,suggested,19,
prae,la,prae,suggested,19,
probationis,la,probatio,suggested,19,
quibusdam,la,quidam,suggested,19,
residentia,la,residentia,suggested,19,
residentias,la,residentia,suggested,19,
sancti,la,sanctus,suggested,19,
spiritus,la,spiritus,suggested,19,
terrarum,la,terra,suggested,19,
accepit,la,accipio,suggested,18,
argenteos,la,argenteus,suggested,18,
capita,la,caput,suggested,18,
coepit,la,coepi,suggested,18,
corpore,la,corpus,suggested,18,
doctrinam,la,doctrina,suggested,18,
dominis,la,dominus,suggested,18,
ejus,la,ejus,suggested,18,
europa,la,europa,suggested,18,
filii,la,filius,suggested,18,
finem,la,finis,suggested,18,
fructus,la,fructus,suggested,18,
fuerant,la,sum,suggested,18,
gubernatores,la,gubernator,suggested,18,
ianuarii,la,ianuarius,suggested,18,
illmus,la,illme,suggested,18,
imperatori,la,imperator,suggested,18,
ingens,la,ingens,suggested,18,
ingressus,la,ingredior,suggested,18,
ire,la,eo,suggested,18,
litterarum,la,littera,suggested,18,
loca,la,locus,suggested,18,
missionarii,la,missionarius,suggested,18,
missus,la,mitto,suggested,18,
multas,la,multus,suggested,18,
necessarium,la,necessarius,suggested,18,
nihilominus,la,nihilominus,suggested,18,
nullam,la,nullus,suggested,18,
officium,la,officium,suggested,18,
ordine,la,ordo,suggested,18,
paulatim,la,paulatim,suggested,18,
primis,la,primus,suggested,18,
primus,la,primus,suggested,18,
princeps,la,princeps,suggested,18,
professi,la,profiteor,suggested,18,
propterea,la,propterea,suggested,18,
provinciis,la,provincia,suggested,18,
pueros,la,puer,suggested,18,
quindecim,la,quindecim,suggested,18,
quotidie,la,cottidie,suggested,18,
regnorum,la,regnum,suggested,18,
salutis,la,salus,suggested,18,
sane,la,sane,suggested,18,
sexaginta,la,sexaginta,suggested,18,
sina,la,sina,suggested,18,
tertia,la,tertius,suggested,18,
tria,la,tres,suggested,18,
ulyssipone,la,ulyssipo,suggested,18,
velut,la,uelut,suggested,18,
via,la,uia,suggested,18,
agere,la,ago,suggested,17,
apostolico,la,apostolicus,suggested,17,
attinet,la,attineo,suggested,17,
ciuitas,la,ciuitas,suggested,17,
consilium,la,consilium,suggested,17,
datum,la,do,suggested,17,
decreto,la,decretum,suggested,17,
degunt,la,dego,suggested,17,
diem,la,dies,suggested,17,
diversis,la,diuerto,suggested,17,
facto,la,facio,suggested,17,
genere,la,genus,suggested,17,
habemus,la,habeo,suggested,17,
habens,la,habeo,suggested,17,
haud,la,haud,suggested,17,
homo,la,homo,suggested,17,
honore,la,honor,suggested,17,
humanioribus,la,humanus,suggested,17,
infra,la,infra,suggested,17,
ingredi,la,ingredior,suggested,17,
itineris,la,iter,suggested,17,
iubet,la,iubeo,suggested,17,
iuramenti,la,iuramentum,suggested,17,
ius,la,ius,suggested,17,
le,la,le,suggested,17,
lex,la,lex,suggested,17,
literas,la,litera,suggested,17,
maximam,la,magnus,suggested,17,
maximum,la,magnus,suggested,17,
meaco,la,meacus,suggested,17,
meam,la,meus,suggested,17,
novo,la,novus,suggested,17,
nulli,la,nullus,suggested,17,
obedientiae,la,oboedientia,suggested,17,
potestate,la,potestas,suggested,17,
propria,la,proprius,suggested,17,
prout,la,prout,suggested,17,
quodam,la,quidam,suggested,17,
regione,la,regio,suggested,17,
scandalum,la,scandalum,suggested,17,
sedis,la,sedis,suggested,17,
servus,la,servus,suggested,17,
sinensi,la,sinensis,suggested,17,
spem,la,spes,suggested,17,
statum,la,status,suggested,17,
unam,la,unus,suggested,17,
viros,la,vir,suggested,17,
vocatur,la,voco,suggested,17,
alius,la,alius,suggested,16,
animae,la,anima,suggested,16,
ciuitatem,la,ciuitas,suggested,16,
congregatio,la,congregatio,suggested,16,
dare,la,do,suggested,16,
debita,la,debeo,suggested,16,
decreti,la,decretum,suggested,16,
dico,la,dico,suggested,16,
diuina,la,diuinus,suggested,16,
emmanuel,la,emmanuel,suggested,16,
erga,la,erga,suggested,16,
etc,la,etcetera,suggested,16,
etsi,la,etsi,suggested,16,
faciunt,la,facio,suggested,16,
factus,la,facio,suggested,16,
filio,la,filius,suggested,16,
gentis,la,gens,suggested,16,
gentium,la,gens,suggested,16,
gomes,la,gomes,suggested,16,
gratiae,la,gratia,suggested,16,
habeat,la,habeo,suggested,16,
humanae,la,humanus,suggested,16,
humaniores,la,humanus,suggested,16,
laboribus,la,labor,suggested,16,
mandato,la,mandatum,suggested,16,
missionem,la,missio,suggested,16,
natura,la,natura,suggested,16,
negotia,la,negotium,suggested,16,
negotio,la,negotium,suggested,16,
oculis,la,oculus,suggested,16,
opibus,la,ops,suggested,16,
passim,la,passim,suggested,16,
peccatis,la,peccatum,suggested,16,
periculum,la,periculum,suggested,16,
plurimi,la,multus,suggested,16,
qu,la,qu,suggested,16,
quippe,la,quippe,suggested,16,
regulus,la,regulus,suggested,16,
reliqua,la,reliquus,suggested,16,
remedium,la,remedium,suggested,16,
sanguine,la,sanguis,suggested,16,
scripsit,la,scribo,suggested,16,
sinenses,la,sinensis,suggested,16,
totidem,la,totidem,suggested,16,
ubique,la,ubique,suggested,16,
uiros,la,uir,suggested,16,
admittere,la,admitto,suggested,15,
animis,la,animus,suggested,15,
antea,la,antea,suggested,15,
baptista,la,Baptista,suggested,15,
commissarius,la,commissarius,suggested,15,
copias,la,copia,suggested,15,
cur,la,cur,suggested,15,
decembris,la,december,suggested,15,
ejusdem,la,idem,suggested,15,
episcopi,la,episcopus,suggested,15,
fuere,la,sum,suggested,15,
fui,la,sum,suggested,15,
gentilis,la,gentilis,suggested,15,
genus,la,genus,suggested,15,
habentes,la,habeo,suggested,15,
iaponiam,la,Iaponia,suggested,15,
iohannes,la,Johannes,suggested,15,
japonica,la,japonicus,suggested,15,
maiori,la,magnus,suggested,15,
male,la,male,suggested,15,
mirum,la,mirus,suggested,15,
mittere,la,mitto,suggested,15,
mores,la,mos,suggested,15,
negotium,la,negotium,suggested,15,
nostras,la,noster,suggested,15,
novam,la,novus,suggested,15,
pacem,la,pax,suggested,15,
pertinent,la,pertineo,suggested,15,
populi,la,populus,suggested,15,
portu,la,portus,suggested,15,
praefectis,la,praefectus,suggested,15,
precibus,la,prex,suggested,15,
publice,la,publice,suggested,15,
quandoquidem,la,quandoquidem,suggested,15,
quoad,la,quoad,suggested,15,
rationis,la,ratio,suggested,15,
religione,la,religio,suggested,15,
reliquit,la,relinquo,suggested,15,
scripsi,la,scribo,suggested,15,
societatem,la,societas,suggested,15,
soli,la,solus,suggested,15,
taicosama,la,taicosamus,suggested,15,
tu,la,tu,suggested,15,
y,es,y,suggested,15,
alibi,la,alibi,suggested,14,
alteri,la,alter,suggested,14,
amen,la,amen,suggested,14,
antonio,la,Antonius,suggested,14,
aperuit,la,aperio,suggested,14,
audire,la,audio,suggested,14,
audivit,la,audio,suggested,14,
augustino,la,augustinus,suggested,14,
augustinum,la,augustinus,suggested,14,
aureos,la,aureus,suggested,14,
auxilio,la,auxilium,suggested,14,
casu,la,casus,suggested,14,
christianum,la,christianus,suggested,14,
coadiutor,la,coadiutor,suggested,14,
collegia,la,collegium,suggested,14,
concedere,la,concedo,suggested,14,
corporibus,la,corpus,suggested,14,
cuidam,la,quidam,suggested,14,
didacus,la,didacus,suggested,14,
discrimen,la,discrimen,suggested,14,
dominos,la,dominus,suggested,14,
è,la,è,suggested,14,
ecclesiis,la,ecclesia,suggested,14,
fama,la,fama,suggested,14,
fluvium,la,fluvius,suggested,14,
fuissent,la,sum,suggested,14,
harum,la,hic,suggested,14,
hominis,la,homo,suggested,14,
insulam,la,insula,suggested,14,
insulas,la,insula,suggested,14,
insulis,la,insula,suggested,14,
iudicio,la,iudicium,suggested,14,
iurare,la,iuro,suggested,14,
kiangsi,la,kiangsus,suggested,14,
luce,la,lux,suggested,14,
magistri,la,magister,suggested,14,
magnis,la,magnus,suggested,14,
meacum,la,meacus,suggested,14,
motus,la,motus,suggested,14,
necessitas,la,necessitas,suggested,14,
necnon,la,necnon,suggested,14,
nobiles,la,nobilis,suggested,14,
novum,la,novus,suggested,14,
num,la,num,suggested,14,
oculos,la,oculus,suggested,14,
opere,la,opus,suggested,14,
pacto,la,pactum,suggested,14,
persecutione,la,persecutio,suggested,14,
portum,la,portus,suggested,14,
praedictae,la,praedico,suggested,14,
procuratoris,la,procurator,suggested,14,
quòd,la,quòd,suggested,14,
quot,la,quot,suggested,14,
rationi,la,ratio,suggested,14,
religiosi,la,religiosus,suggested,14,
reliquos,la,reliquus,suggested,14,
salute,la,salus,suggested,14,
sancta,la,sanctus,suggested,14,
scribere,la,scribo,suggested,14,
sita,la,sino,suggested,14,
societas,la,societas,suggested,14,
societati,la,societas,suggested,14,
summum,la,summus,suggested,14,
tale,la,talis,suggested,14,
terris,la,terra,suggested,14,
tuae,la,tuus,suggested,14,
varia,la,varius,suggested,14,
venerunt,la,venio,suggested,14,
verbum,la,verbum,suggested,14,
viceprovincia,la,viceprovincia,suggested,14,
victoria,la,victoria,suggested,14,
vv,la,uv,suggested,14,
admissi,la,admitto,suggested,13,
aiunt,la,aio,suggested,13,
amicitiam,la,amicitia,suggested,13,
andreas,la,Andreas,suggested,13,
baptismi,la,baptisma,suggested,13,
beatae,la,beatus,suggested,13,
bonam,la,bonus,suggested,13,
casus,la,casus,suggested,13,
coactus,la,cogo,suggested,13,
cognita,la,cognosco,suggested,13,
crucem,la,crux,suggested,13,
declaravit,la,declaro,suggested,13,
ditione,la,ditio,suggested,13,
diuinitus,la,diuinitus,suggested,13,
duae,la,duo,suggested,13,
duce,la,dux,suggested,13,
erunt,la,sum,suggested,13,
everendus,la,everor,suggested,13,
franciscani,la,franciscanus,suggested,13,
fratre,la,frater,suggested,13,
futurum,la,futurus,suggested,13,
generali,la,generalis,suggested,13,
haberent,la,habeo,suggested,13,
hominem,la,homo,suggested,13,
hostes,la,hostis,suggested,13,
humana,la,humanus,suggested,13,
ipsemet,la,ipse,suggested,13,
ira,la,ira,suggested,13,
japoniam,la,japonia,suggested,13,
japponiam,la,japponia,suggested,13,
latronis,la,latro,suggested,13,
lingua,la,lingua,suggested,13,
magnus,la,magnus,suggested,13,
media,la,medius,suggested,13,
necessitate,la,necessitas,suggested,13,
neq,la,neq,suggested,13,
nescio,la,nescio,suggested,13,
nobiscum,la,nos,suggested,13,
noluit,la,nolo,suggested,13,
nullis,la,nullus,suggested,13,
numerantur,la,numero,suggested,13,
orbis,la,orbis,suggested,13,
pacis,la,pax,suggested,13,
palatium,la,palatium,suggested,13,
pariter,la,pariter,suggested,13,
pax,la,pax,suggested,13,
periculis,la,periculum,suggested,13,
perinde,la,perinde,suggested,13,
philibertus,la,philibertus,suggested,13,
poena,la,poena,suggested,13,
praecipua,la,praecipuus,suggested,13,
primam,la,primus,suggested,13,
principes,la,princeps,suggested,13,
profecto,la,profecto,suggested,13,
provinciȩ,la,provinciȩ,suggested,13,
quemadmodum,la,quemadmodum,suggested,13,
quisque,la,quisque,suggested,13,
religionem,la,religio,suggested,13,
romam,la,Roma,suggested,13,
sanctae,la,sanctus,suggested,13,
sanctis,la,sanctus,suggested,13,
sebastianus,la,sebastianus,suggested,13,
sententia,la,sententia,suggested,13,
sententiam,la,sententia,suggested,13,
sinicae,la,sinicus,suggested,13,
sola,la,solus,suggested,13,
solent,la,soleo,suggested,13,
spatio,la,spatium,suggested,13,
spe,la,spes,suggested,13,
spiritu,la,spiritus,suggested,13,
temporibus,la,tempus,suggested,13,
ulla,la,ullus,suggested,13,
uocatur,la,uoco,suggested,13,
varias,la,varius,suggested,13,
verba,la,verbum,suggested,13,
vice,la,uicis,suggested,13,
videretur,la,video,suggested,13,
accedit,la,accedo,suggested,12,
accidit,la,accido,suggested,12,
adeò,la,adeò,suggested,12,
aliquod,la,aliqui,suggested,12,
alteram,la,alter,suggested,12,
animam,la,anima,suggested,12,
animum,la,animus,suggested,12,
apostolicis,la,apostolicus,suggested,12,
apostolicos,la,apostolicus,suggested,12,
aquis,la,aqua,suggested,12,
aurei,la,aureus,suggested,12,
caelo,la,caelum,suggested,12,
certum,la,certus,suggested,12,
christianus,la,christianus,suggested,12,
circiter,la,circiter,suggested,12,
civitas,la,civitas,suggested,12,
communi,la,communis,suggested,12,
confessiones,la,confessio,suggested,12,
conscientiae,la,conscientia,suggested,12,
constituta,la,constituo,suggested,12,
continet,la,contineo,suggested,12,
cuiusdam,la,quidam,suggested,12,
curia,la,curia,suggested,12,
daifusamam,la,daifusamus,suggested,12,
damna,la,damnum,suggested,12,
dias,la,dias,suggested,12,
dicuntur,la,dico,suggested,12,
dignitatem,la,dignitas,suggested,12,
dominorum,la,dominus,suggested,12,
domos,la,domus,suggested,12,
eamdem,la,idem,suggested,12,
earum,la,is,suggested,12,
eidem,la,idem,suggested,12,
equites,la,eques,suggested,12,
februarii,la,februarius,suggested,12,
fine,la,finis,suggested,12,
finis,la,finis,suggested,12,
forma,la,forma,suggested,12,
fortasse,la,fortasse,suggested,12,
fortiter,la,fortiter,suggested,12,
franciscum,la,franciscus,suggested,12,
gentes,la,gens,suggested,12,
gentilium,la,gentilis,suggested,12,
h,la,h,suggested,12,
habeant,la,habeo,suggested,12,
habuerunt,la,habeo,suggested,12,
homini,la,homo,suggested,12,
i,la,i,suggested,12,
iesus,la,iesus,suggested,12,
ignatii,la,ignatius,suggested,12,
ilico,la,ilico,suggested,12,
imagines,la,imago,suggested,12,
ingentes,la,ingens,suggested,12,
iniuria,la,iniuria,suggested,12,
intelligere,la,intellego,suggested,12,
latrones,la,latro,suggested,12,
loci,la,locus,suggested,12,
maiores,la,magnus,suggested,12,
mari,la,mare,suggested,12,
mens,la,mens,suggested,12,
mentem,la,mens,suggested,12,
minimum,la,paruus,suggested,12,
missa,la,mitto,suggested,12,
montes,la,mons,suggested,12,
mortuus,la,morior,suggested,12,
multorum,la,multus,suggested,12,
nequaquam,la,nequaquam,suggested,12,
nominis,la,nomen,suggested,12,
obsequium,la,obsequium,suggested,12,
octoginta,la,octoginta,suggested,12,
optima,la,bonus,suggested,12,
ostendit,la,ostendo,suggested,12,
par,la,par,suggested,12,
parva,la,parvus,suggested,12,
passi,la,patior,suggested,12,
paternitas,la,paternitas,suggested,12,
persecutionis,la,persecutio,suggested,12,
pontificis,la,pontifex,suggested,12,
possessionem,la,possessio,suggested,12,
praesidio,la,praesidium,suggested,12,
principem,la,princeps,suggested,12,
prof,la,prof,suggested,12,
providentia,la,prouidentia,suggested,12,
prudentia,la,prudentia,suggested,12,
quapropter,la,quapropter,suggested,12,
religiosis,la,religiosus,suggested,12,
relinquere,la,relinquo,suggested,12,
repente,la,repente,suggested,12,
responsione,la,responsio,suggested,12,
sede,la,sedes,suggested,12,
sinam,la,sina,suggested,12,
spatium,la,spatium,suggested,12,
summi,la,summus,suggested,12,
summus,la,summus,suggested,12,
sumptus,la,sumptus,suggested,12,
tertium,la,tertius,suggested,12,
theol,la,theol,suggested,12,
ultima,la,ultimus,suggested,12,
vellet,la,volo,suggested,12,
videatur,la,video,suggested,12,
virtutem,la,virtus,suggested,12,
visitatoris,la,visitator,suggested,12,
vnde,la,vnde,suggested,12,
abundans,la,abundo,suggested,11,
accepta,la,accipio,suggested,11,
artibus,la,ars,suggested,11,
augusti,la,augustus,suggested,11,
auxilia,la,auxilium,suggested,11,
balthasar,la,balthasar,suggested,11,
breviter,la,breviter,suggested,11,
cainocamus,la,cainoco,suggested,11,
causas,la,causa,suggested,11,
charitate,la,charitas,suggested,11,
cito,la,cito,suggested,11,
classes,la,classis,suggested,11,
commode,la,commode,suggested,11,
consilia,la,consilium,suggested,11,
contulit,la,confero,suggested,11,
copia,la,copia,suggested,11,
cor,la,cor,suggested,11,
deorum,la,deus,suggested,11,
dicere,la,dico,suggested,11,
domiciliis,la,domicilium,suggested,11,
dominicani,la,dominicanus,suggested,11,
domorum,la,domus,suggested,11,
duorum,la,duo,suggested,11,
eandem,la,idem,suggested,11,
ecclesiarum,la,ecclesia,suggested,11,
electionem,la,electio,suggested,11,
exempla,la,exemplum,suggested,11,
expedire,la,expedio,suggested,11,
facultatibus,la,facultas,suggested,11,
fortes,la,fortis,suggested,11,
fortitudine,la,fortitudo,suggested,11,
fortuna,la,fortuna,suggested,11,
fratri,la,frater,suggested,11,
fuimus,la,sum,suggested,11,
gens,la,gens,suggested,11,
gibunoscius,la,gibunoscius,suggested,11,
gubernator,la,gubernator,suggested,11,
habeo,la,habeo,suggested,11,
habitant,la,habito,suggested,11,
hae,la,hic,suggested,11,
idolorum,la,idolum,suggested,11,
igne,la,ignis,suggested,11,
illas,la,ille,suggested,11,
incredibili,la,incredibilis,suggested,11,
ingressi,la,ingredior,suggested,11,
insulae,la,insula,suggested,11,
iulii,la,iulius,suggested,11,
iustitia,la,iustitia,suggested,11,
kiangus,la,kiangus,suggested,11,
labore,la,labor,suggested,11,
labores,la,labor,suggested,11,
lusitania,la,Lusitania,suggested,11,
magistro,la,magister,suggested,11,
maigrot,la,maigrot,suggested,11,
maior,la,magnus,suggested,11,
maioribus,la,magnus,suggested,11,
manilae,la,manila,suggested,11,
mansionum,la,mansio,suggested,11,
mensium,la,mensis,suggested,11,
ministerio,la,ministerium,suggested,11,
ministris,la,minister,suggested,11,
missae,la,mitto,suggested,11,
missi,la,mitto,suggested,11,
missiones,la,missio,suggested,11,
mora,la,mora,suggested,11,
mortuorum,la,morior,suggested,11,
muros,la,murus,suggested,11,
natus,la,nascor,suggested,11,
negotiis,la,negotium,suggested,11,
notitiam,la,notitia,suggested,11,
occasionem,la,occasio,suggested,11,
odio,la,odium,suggested,11,
officii,la,officium,suggested,11,
ordinem,la,ordo,suggested,11,
orientalem,la,orientalis,suggested,11,
orientis,la,orior,suggested,11,
passus,la,patior,suggested,11,
paucos,la,paucus,suggested,11,
peccatorum,la,peccatum,suggested,11,
petit,la,peto,suggested,11,
poterant,la,possum,suggested,11,
poterit,la,possum,suggested,11,
potuerunt,la,possum,suggested,11,
praelati,la,praefero,suggested,11,
praesertim,la,praesertim,suggested,11,
praestare,la,praesto,suggested,11,
professionem,la,professio,suggested,11,
prohibemur,la,prohibeo,suggested,11,
propaganda,la,propago,suggested,11,
propriis,la,proprius,suggested,11,
provincialem,la,provincialis,suggested,11,
quamplurimi,la,quamplurimi,suggested,11,
quotannis,la,quotannis,suggested,11,
quotquot,la,quotquot,suggested,11,
rationibus,la,ratio,suggested,11,
rector,la,rector,suggested,11,
redire,la,redeo,suggested,11,
reges,la,rex,suggested,11,
reliquae,la,reliquus,suggested,11,
sacramentorum,la,sacramentum,suggested,11,
saepius,la,saepe,suggested,11,
sanctum,la,sanctus,suggested,11,
scrutinio,la,scrutinio,suggested,11,
secunda,la,secundus,suggested,11,
seminarium,la,seminarium,suggested,11,
sequenti,la,sequens,suggested,11,
sequitur,la,sequor,suggested,11,
singulos,la,singulus,suggested,11,
solet,la,soleo,suggested,11,
speciem,la,species,suggested,11,
spiritualibus,la,spiritualis,suggested,11,
subinde,la,subinde,suggested,11,
superioribus,la,superior,suggested,11,
templa,la,templum,suggested,11,
us,la,us,suggested,11,
vehementer,la,vehementer,suggested,11,
victor,la,uictor,suggested,11,
videns,la,video,suggested,11,
videntes,la,video,suggested,11,
visitatore,la,visitator,suggested,11,
accedunt,la,accedo,suggested,10,
administratione,la,administratio,suggested,10,
adventu,la,adventus,suggested,10,
aluntur,la,alo,suggested,10,
amorem,la,amor,suggested,10,
angelorum,la,angelus,suggested,10,
anima,la,anima,suggested,10,
apostolicam,la,apostolicus,suggested,10,
atq,la,atq,suggested,10,
auctoritatis,la,auctoritas,suggested,10,
benevolentia,la,benevolentia,suggested,10,
bonus,la,bonus,suggested,10,
caelum,la,caelum,suggested,10,
caetera,la,caeter,suggested,10,
causis,la,causa,suggested,10,
coadiutores,la,coadiutor,suggested,10,
communis,la,communis,suggested,10,
concessa,la,concedo,suggested,10,
concessit,la,concedo,suggested,10,
conventu,la,conventus,suggested,10,
copiis,la,copia,suggested,10,
coreae,la,coreas,suggested,10,
credo,la,credo,suggested,10,
crucis,la,crux,suggested,10,
cùm,la,cùm,suggested,10,
debeat,la,debeo,suggested,10,
debere,la,debeo,suggested,10,
deditionem,la,deditio,suggested,10,
desiderio,la,desiderium,suggested,10,
diligentia,la,diligentia,suggested,10,
dispersi,la,dispergo,suggested,10,
diuinam,la,diuinus,suggested,10,
do,la,do,suggested,10,
dubium,la,dubius,suggested,10,
ducem,la,dux,suggested,10,
dumtaxat,la,dumtaxat,suggested,10,
ecce,la,ecce,suggested,10,
electus,la,eligo,suggested,10,
episcopum,la,episcopus,suggested,10,
eram,la,sum,suggested,10,
evasit,la,evado,suggested,10,
exinde,la,exinde,suggested,10,
expensis,la,expensus,suggested,10,
facit,la,facio,suggested,10,
factam,la,facio,suggested,10,
factis,la,facio,suggested,10,
fas,la,fas,suggested,10,
feci,la,facio,suggested,10,
fundatione,la,fundatio,suggested,10,
gentem,la,gens,suggested,10,
gentilibus,la,gentilis,suggested,10,
habita,la,habeo,suggested,10,
hostis,la,hostis,suggested,10,
ibidem,la,ibidem,suggested,10,
ijs,la,ijs,suggested,10,
impressit,la,imprimo,suggested,10,
inferorum,la,inferus,suggested,10,
inquit,la,inquam,suggested,10,
instrumenta,la,instrumentum,suggested,10,
ioannem,la,Johannem,suggested,10,
ipsorum,la,ipse,suggested,10,
itidem,la,itidem,suggested,10,
latro,la,latro,suggested,10,
libenter,la,libenter,suggested,10,
liber,la,liber,suggested,10,
libere,la,libere,suggested,10,
libros,la,liber,suggested,10,
licentiam,la,licentia,suggested,10,
litterae,la,littera,suggested,10,
maiora,la,magnus,suggested,10,
martyrum,la,martyr,suggested,10,
mediocriter,la,mediocriter,suggested,10,
mensibus,la,mensis,suggested,10,
mentis,la,mens,suggested,10,
metu,la,metus,suggested,10,
ministeria,la,ministerium,suggested,10,
ministro,la,minister,suggested,10,
ministrorum,la,minister,suggested,10,
ministros,la,minister,suggested,10,
missioni,la,missio,suggested,10,
mittit,la,mitto,suggested,10,
montibus,la,mons,suggested,10,
mulieres,la,mulier,suggested,10,
munera,la,munus,suggested,10,
natione,la,natio,suggested,10,
necessario,la,necessario,suggested,10,
necessitatem,la,necessitas,suggested,10,
nobilissima,la,nobilis,suggested,10,
obedientia,la,oboedientia,suggested,10,
obedientiam,la,oboedientia,suggested,10,
obedire,la,obedio,suggested,10,
obtinuit,la,obtineo,suggested,10,
odium,la,odium,suggested,10,
pecuniae,la,pecunia,suggested,10,
pene,la,pene,suggested,10,
pericula,la,periculum,suggested,10,
pervenerunt,la,pervenio,suggested,10,
populo,la,populus,suggested,10,
populum,la,populus,suggested,10,
portugaliae,la,portugalia,suggested,10,
posterum,la,posterus,suggested,10,
praedicta,la,praedico,suggested,10,
praefecto,la,praeficio,suggested,10,
praemium,la,praemium,suggested,10,
primariis,la,primarius,suggested,10,
principium,la,principium,suggested,10,
probe,la,probe,suggested,10,
procul,la,procul,suggested,10,
procuratorem,la,procurator,suggested,10,
prouinciae,la,prouincia,suggested,10,
publicum,la,publicus,suggested,10,
recipere,la,recipio,suggested,10,
regionem,la,regio,suggested,10,
religiosos,la,religiosus,suggested,10,
reliquas,la,reliquus,suggested,10,
reuerentia,la,reuerentia,suggested,10,
ritus,la,ritus,suggested,10,
robustus,la,robustus,suggested,10,
rodericus,la,rodericus,suggested,10,
sacro,la,sacer,suggested,10,
sanctos,la,sanctus,suggested,10,
sanctus,la,sanctus,suggested,10,
scelerum,la,scelus,suggested,10,
scio,la,scio,suggested,10,
sedi,la,sed,suggested,10,
septuaginta,la,septuaginta,suggested,10,
speramus,la,spero,suggested,10,
supplicium,la,supplicium,suggested,10,
tantis,la,tantus,suggested,10,
testimonium,la,testimonium,suggested,10,
titulo,la,titulus,suggested,10,
tradere,la,trado,suggested,10,
tradidit,la,trado,suggested,10,
tyranni,la,tyrannus,suggested,10,
ultimum,la,ultimus,suggested,10,
ultro,la,ultro,suggested,10,
urbibus,la,urbs,suggested,10,
utuntur,la,utor,suggested,10,
veritas,la,ueritas,suggested,10,
vicarios,la,vicarius,suggested,10,
vicarius,la,uicarius,suggested,10,
vinea,la,uinea,suggested,10,
voce,la,vox,suggested,10,
volebant,la,volo,suggested,10,
volunt,la,volo,suggested,10,
aequitatis,la,aequitas,suggested,9,
aetate,la,aetas,suggested,9,
affectu,la,affectus,suggested,9,
aliarum,la,alius,suggested,9,
aliquas,la,aliqui,suggested,9,
annuos,la,annuus,suggested,9,
apostolicae,la,apostolicus,suggested,9,
argenti,la,argentum,suggested,9,
ausus,la,audeo,suggested,9,
barbari,la,barbarus,suggested,9,
bis,la,bis,suggested,9,
bonos,la,bonus,suggested,9,
canzuiedonus,la,canzuiedonus,suggested,9,
capax,la,capax,suggested,9,
casibus,la,casus,suggested,9,
certiores,la,certus,suggested,9,
ceteris,la,ceterus,suggested,9,
commissario,la,commissarius,suggested,9,
confidimus,la,confido,suggested,9,
consolatione,la,consolatio,suggested,9,
cultu,la,cultus,suggested,9,
debemus,la,debeo,suggested,9,
dictam,la,dico,suggested,9,
difficile,la,difficilis,suggested,9,
diligenter,la,diligenter,suggested,9,
docere,la,doceo,suggested,9,
dolore,la,dolor,suggested,9,
dominicus,la,dominicus,suggested,9,
ducibus,la,dux,suggested,9,
ee,la,ee,suggested,9,
equos,la,equus,suggested,9,
etenim,la,etenim,suggested,9,
eunuchi,la,eunuchus,suggested,9,
faceret,la,facio,suggested,9,
famulos,la,famulus,suggested,9,
favorem,la,favor,suggested,9,
fiat,la,fio,suggested,9,
figueredo,la,figueredus,suggested,9,
fluminis,la,flumen,suggested,9,
frequenter,la,frequenter,suggested,9,
fructibus,la,fructus,suggested,9,
frustra,la,frustra,suggested,9,
gallia,la,Gallia,suggested,9,
georgius,la,Georgius,suggested,9,
habebant,la,habeo,suggested,9,
horas,la,hora,suggested,9,
hostium,la,hostis,suggested,9,
ieiaso,la,Ieiasus,suggested,9,
infinita,la,infinitus,suggested,9,
ingenio,la,ingenium,suggested,9,
inuenitur,la,inuenio,suggested,9,
invenit,la,invenio,suggested,9,
isthic,la,isthic,suggested,9,
isti,la,iste,suggested,9,
iudex,la,iudex,suggested,9,
japonicae,la,japonicus,suggested,9,
laborant,la,laboro,suggested,9,
legibus,la,lex,suggested,9,
licungzus,la,licungzus,suggested,9,
linguae,la,lingua,suggested,9,
longius,la,longe,suggested,9,
lucem,la,lux,suggested,9,
macai,la,macaus,suggested,9,
magnopere,la,magnopere,suggested,9,
maritus,la,maritus,suggested,9,
maximas,la,magnus,suggested,9,
maximo,la,magnus,suggested,9,
meritis,la,meritum,suggested,9,
meus,la,meus,suggested,9,
mitto,la,mitto,suggested,9,
momenti,la,momentum,suggested,9,
momento,la,momentum,suggested,9,
mori,la,morior,suggested,9,
multitudinem,la,multitudo,suggested,9,
navi,la,navis,suggested,9,
nobilis,la,nobilis,suggested,9,
nocte,la,nox,suggested,9,
nostrarum,la,noster,suggested,9,
novis,la,novus,suggested,9,
nunes,la,nunes,suggested,9,
obtinet,la,obtineo,suggested,9,
occidentalem,la,occidentalis,suggested,9,
occupavit,la,occupo,suggested,9,
operibus,la,opus,suggested,9,
oppido,la,oppidum,suggested,9,
oratione,la,oratio,suggested,9,
orationibus,la,oratio,suggested,9,
ore,la,os,suggested,9,
ornata,la,orno,suggested,9,
papa,la,papa,suggested,9,
paternitati,la,paternitas,suggested,9,
patriam,la,patria,suggested,9,
peccatum,la,peccatum,suggested,9,
petens,la,peto,suggested,9,
petere,la,peto,suggested,9,
philippinas,la,Philippinus,suggested,9,
placuit,la,placeo,suggested,9,
poenam,la,poena,suggested,9,
poenis,la,poena,suggested,9,
possimus,la,possum,suggested,9,
principio,la,principium,suggested,9,
proinde,la,proinde,suggested,9,
proprium,la,proprius,suggested,9,
propugnaculi,la,propugnaculum,suggested,9,
propugnaculo,la,propugnaculum,suggested,9,
provicario,la,provicarius,suggested,9,
quamplurimis,la,quamplurimis,suggested,9,
quamplurimos,la,quamplurimus,suggested,9,
quidquid,la,quisquis,suggested,9,
quosdam,la,quidam,suggested,9,
regulum,la,regulus,suggested,9,
residentiam,la,residentia,suggested,9,
romana,la,romanus,suggested,9,
sacramentis,la,sacramentum,suggested,9,
sacramento,la,sacramentum,suggested,9,
sacramentum,la,sacramentum,suggested,9,
secus,la,secus,suggested,9,
similem,la,similis,suggested,9,
singulari,la,singularis,suggested,9,
socium,la,socius,suggested,9,
spiritualem,la,spiritualis,suggested,9,
sufficiens,la,sufficiens,suggested,9,
suscipere,la,suscipio,suggested,9,
tales,la,talis,suggested,9,
tergo,la,tergum,suggested,9,
tertius,la,tertius,suggested,9,
tuis,la,tuus,suggested,9,
tunkinica,la,tunkinicus,suggested,9,
tur,la,tur,suggested,9,
universa,la,universus,suggested,9,
velle,la,volo,suggested,9,
veluti,la,velut,suggested,9,
veneratione,la,veneratio,suggested,9,
verbo,la,verbum,suggested,9,
vestes,la,vestis,suggested,9,
viceprovincialis,la,viceprovincialis,suggested,9,
vices,la,uicis,suggested,9,
victorias,la,victoria,suggested,9,
videbatur,la,video,suggested,9,
videntur,la,video,suggested,9,
vidi,la,video,suggested,9,
vincula,la,vinculum,suggested,9,
virtus,la,uirtus,suggested,9,
vivunt,la,vivo,suggested,9,
vno,la,vnus,suggested,9,
xansi,la,xansus,suggested,9,
a,es,a,suggested,8,
abundat,la,abundo,suggested,8,
accipiunt,la,accipio,suggested,8,
actione,la,actio,suggested,8,
admirabili,la,admirabilis,suggested,8,
adversus,la,adversus,suggested,8,
aedes,la,aedes,suggested,8,
aequitati,la,aequitas,suggested,8,
affectus,la,affectus,suggested,8,
agendi,la,ago,suggested,8,
alexandria,la,Alexander,suggested,8,
aliter,la,aliter,suggested,8,
amicis,la,amicus,suggested,8,
aperte,la,aperte,suggested,8,
appellamus,la,appello,suggested,8,
aqua,la,aqua,suggested,8,
arce,la,arx,suggested,8,
arte,la,ars,suggested,8,
assumpsit,la,assumo,suggested,8,
australium,la,australis,suggested,8,
b,la,b,suggested,8,
bella,la,bellum,suggested,8,
beneficio,la,beneficium,suggested,8,
bonitas,la,bonitas,suggested,8,
catholicae,la,catholicus,suggested,8,
cedere,la,cedo,suggested,8,
charitatis,la,charitas,suggested,8,
coadjutores,la,coadjutor,suggested,8,
cognitione,la,cognitio,suggested,8,
conceptione,la,conceptio,suggested,8,
conditione,la,conditio,suggested,8,
confestim,la,confestim,suggested,8,
conscientia,la,conscientia,suggested,8,
consequitur,la,consequor,suggested,8,
constet,la,consto,suggested,8,
constituit,la,constituo,suggested,8,
constitutus,la,constituo,suggested,8,
convenire,la,convenio,suggested,8,
conversionem,la,conversio,suggested,8,
corde,la,cor,suggested,8,
corpori,la,corpus,suggested,8,
crimen,la,crimen,suggested,8,
crudelissime,la,crudelis,suggested,8,
cujus,la,cujus,suggested,8,
cultum,la,cultus,suggested,8,
curiam,la,curia,suggested,8,
datas,la,do,suggested,8,
deos,la,deus,suggested,8,
detrimentum,la,detrimentum,suggested,8,
dierum,la,dies,suggested,8,
dignitate,la,dignitas,suggested,8,
discipulis,la,discipulus,suggested,8,
distat,la,disto,suggested,8,
diues,la,diues,suggested,8,
diuinis,la,diuinus,suggested,8,
docent,la,doceo,suggested,8,
doctrinae,la,doctrina,suggested,8,
dominicanos,la,dominicanus,suggested,8,
easdem,la,idem,suggested,8,
egit,la,ago,suggested,8,
egregie,la,egregie,suggested,8,
el,es,el,suggested,8,
en,es,en,suggested,8,
equis,la,equus,suggested,8,
essem,la,sum,suggested,8,
essemus,la,sum,suggested,8,
evangelium,la,evangelium,suggested,8,
eximia,la,eximius,suggested,8,
existimatione,la,existimatio,suggested,8,
expensae,la,expensa,suggested,8,
experientia,la,experientia,suggested,8,
experiri,la,experior,suggested,8,
expers,la,expers,suggested,8,
fame,la,fames,suggested,8,
familiae,la,familia,suggested,8,
februario,la,februarius,suggested,8,
fecerunt,la,facio,suggested,8,
feliciter,la,feliciter,suggested,8,
fidelibus,la,fidelis,suggested,8,
fides,la,fides,suggested,8,
fieret,la,fio,suggested,8,
flagitio,la,flagitium,suggested,8,
flumen,la,flumen,suggested,8,
foemina,la,foemina,suggested,8,
foras,la,foras,suggested,8,
formam,la,forma,suggested,8,
fortunae,la,fortuna,suggested,8,
fuga,la,fuga,suggested,8,
fugientes,la,fugio,suggested,8,
genera,la,genus,suggested,8,
hec,la,hic,suggested,8,
heliopolitanus,la,heliopolitanus,suggested,8,
hoste,la,hostis,suggested,8,
hucusque,la,hucusque,suggested,8,
ianuam,la,ianua,suggested,8,
idque,la,idque,suggested,8,
illae,la,ille,suggested,8,
illico,la,illico,suggested,8,
immo,la,immo,suggested,8,
impetravit,la,impetro,suggested,8,
impetu,la,impetus,suggested,8,
incolis,la,incola,suggested,8,
infidelibus,la,infidelis,suggested,8,
infidelium,la,infidelis,suggested,8,
ingrediuntur,la,ingredior,suggested,8,
initium,la,initium,suggested,8,
instar,la,instar,suggested,8,
intimationem,la,intimatio,suggested,8,
invenerunt,la,invenio,suggested,8,
iunglieo,la,iunglieus,suggested,8,
japponica,la,japponicus,suggested,8,
kinus,la,kinus,suggested,8,
laborum,la,labor,suggested,8,
laetitia,la,laetitia,suggested,8,
latrone,la,latro,suggested,8,
legatum,la,legatus,suggested,8,
liberos,la,liber,suggested,8,
libertatem,la,libertas,suggested,8,
libri,la,liber,suggested,8,
locorum,la,locus,suggested,8,
longum,la,longus,suggested,8,
macaënse,la,macaënsis,suggested,8,
mandatis,la,mandatum,suggested,8,
mansit,la,maneo,suggested,8,
mensem,la,mensis,suggested,8,
mensis,la,mensis,suggested,8,
meritorum,la,meritum,suggested,8,
milia,la,mille,suggested,8,
minima,la,paruus,suggested,8,
ministrare,la,ministro,suggested,8,
missis,la,mitto,suggested,8,
morantur,la,moror,suggested,8,
morindoni,la,morindo,suggested,8,
multae,la,multus,suggested,8,
multitudine,la,multitudo,suggested,8,
mundum,la,mundus,suggested,8,
muneribus,la,munus,suggested,8,
navis,la,navis,suggested,8,
nonaginta,la,nonaginta,suggested,8,
nonnulli,la,nonnullus,suggested,8,
notarius,la,notarius,suggested,8,
notitia,la,notitia,suggested,8,
novi,la,novus,suggested,8,
nullos,la,nullus,suggested,8,
nuper,la,nuper,suggested,8,
occulte,la,occulte,suggested,8,
ordines,la,ordo,suggested,8,
patet,la,pateo,suggested,8,
pati,la,patior,suggested,8,
pedes,la,pes,suggested,8,
persarum,la,persa,suggested,8,
personas,la,persona,suggested,8,
pervenerat,la,pervenio,suggested,8,
petiit,la,peto,suggested,8,
pietate,la,pietas,suggested,8,
pietatis,la,pietas,suggested,8,
plena,la,plenus,suggested,8,
poenas,la,poena,suggested,8,
poenitentiae,la,paenitentia,suggested,8,
por,es,por,suggested,8,
poterunt,la,possum,suggested,8,
potissimum,la,potissimum,suggested,8,
potuissent,la,possum,suggested,8,
potuisset,la,possum,suggested,8,
praeceptis,la,praeceptum,suggested,8,
praedictus,la,praedico,suggested,8,
praedium,la,praedium,suggested,8,
praemia,la,praemium,suggested,8,
praescriptum,la,praescribo,suggested,8,
praesidiis,la,praesidium,suggested,8,
principibus,la,princeps,suggested,8,
proprio,la,proprius,suggested,8,
proximorum,la,proximus,suggested,8,
pulchritudinem,la,pulchritudo,suggested,8,
quales,la,qualis,suggested,8,
quamplurima,la,quamplurimus,suggested,8,
quartum,la,quartus,suggested,8,
quę,la,quę,suggested,8,
quinimo,la,quinimo,suggested,8,
quoddam,la,quidam,suggested,8,
redditibus,la,redditus,suggested,8,
reditum,la,reditus,suggested,8,
reditus,la,reditus,suggested,8,
regiones,la,regio,suggested,8,
relicta,la,relinquo,suggested,8,
relicto,la,relinquo,suggested,8,
residentiarum,la,residentia,suggested,8,
rursus,la,rursus,suggested,8,
sacerdos,la,sacerdos,suggested,8,
sacrificiis,la,sacrificium,suggested,8,
sacrificium,la,sacrificium,suggested,8,
scriptum,la,scribo,suggested,8,
secundus,la,secundus,suggested,8,
secuti,la,sequor,suggested,8,
sequuntur,la,sequor,suggested,8,
serenissimo,la,serenus,suggested,8,
seruatoris,la,seruator,suggested,8,
sigillum,la,sigillum,suggested,8,
signa,la,signum,suggested,8,
sim,la,sum,suggested,8,
sinȩ,la,sinȩ,suggested,8,
sinensium,la,sinensis,suggested,8,
species,la,species,suggested,8,
spectaculum,la,spectaculum,suggested,8,
spoliis,la,spolium,suggested,8,
subditi,la,subdo,suggested,8,
superiorem,la,superior,suggested,8,
tantae,la,tantus,suggested,8,
tartariam,la,tartarius,suggested,8,
temporalis,la,temporalis,suggested,8,
ter,la,ter,suggested,8,
tormentis,la,tormentum,suggested,8,
totus,la,totus,suggested,8,
typis,la,typus,suggested,8,
uestem,la,uestis,suggested,8,
uidetur,la,uideo,suggested,8,
usum,la,usus,suggested,8,
utraque,la,uterque,suggested,8,
uxor,la,uxor,suggested,8,
veniant,la,venio,suggested,8,
veniret,la,venio,suggested,8,
veram,la,uerus,suggested,8,
viceprovinciali,la,Viceprovincialius,suggested,8,
victores,la,victor,suggested,8,
videmus,la,uideo,suggested,8,
video,la,video,suggested,8,
viris,la,vir,suggested,8,
virtutibus,la,virtus,suggested,8,
voluntatis,la,voluntas,suggested,8,
vult,la,volo,suggested,8,
addidit,la,addo,suggested,7,
adiunxit,la,adiungo,suggested,7,
admittit,la,admitto,suggested,7,
adsunt,la,adsum,suggested,7,
advenisse,la,advenio,suggested,7,
adventum,la,adventus,suggested,7,
aetatis,la,aetas,suggested,7,
aeternae,la,aeternus,suggested,7,
agmen,la,agmen,suggested,7,
ait,la,aio,suggested,7,
amacaensis,la,amacaensus,suggested,7,
angustias,la,angustia,suggested,7,
apostoli,la,apostolus,suggested,7,
apostolicum,la,apostolicus,suggested,7,
argento,la,argentum,suggested,7,
ascendit,la,ascendo,suggested,7,
auctoritate,la,auctoritas,suggested,7,
auctoritatem,la,auctoritas,suggested,7,
audita,la,audio,suggested,7,
auferre,la,aufero,suggested,7,
aulae,la,aula,suggested,7,
aureis,la,aureus,suggested,7,
ausi,la,audeo,suggested,7,
autoritate,la,auctoritas,suggested,7,
bunguensi,la,bunguensis,suggested,7,
calamitates,la,calamitas,suggested,7,
capillos,la,capillus,suggested,7,
carcere,la,carcer,suggested,7,
catholica,la,catholicus,suggested,7,
cepit,la,capio,suggested,7,
china,la,china,suggested,7,
colere,la,colo,suggested,7,
collegiorum,la,collegium,suggested,7,
conati,la,conor,suggested,7,
concionibus,la,concio,suggested,7,
confessionem,la,confessio,suggested,7,
congregationem,la,congregatio,suggested,7,
consensu,la,consensus,suggested,7,
consolationem,la,consolatio,suggested,7,
constitutiones,la,constitutio,suggested,7,
conversio,la,conversio,suggested,7,
credimus,la,credo,suggested,7,
culpae,la,culpa,suggested,7,
cupiditas,la,cupiditas,suggested,7,
curae,la,cura,suggested,7,
deniq,la,deniq,suggested,7,
desiderium,la,desiderium,suggested,7,
dicenda,la,dico,suggested,7,
ditionem,la,ditio,suggested,7,
diuini,la,diuinus,suggested,7,
divinis,la,divinus,suggested,7,
divitias,la,divitiae,suggested,7,
divitiis,la,divitiae,suggested,7,
dolorem,la,dolor,suggested,7,
domestica,la,domesticus,suggested,7,
dubitare,la,dubito,suggested,7,
effecit,la,efficio,suggested,7,
effectus,la,effectus,suggested,7,
efficere,la,efficio,suggested,7,
eoque,la,eoque,suggested,7,
eramus,la,sum,suggested,7,
es,la,sum,suggested,7,
estque,la,estque,suggested,7,
ethnicorum,la,ethnicus,suggested,7,
etiamsi,la,etiamsi,suggested,7,
evangelii,la,evangelium,suggested,7,
excepit,la,excipio,suggested,7,
exceptis,la,excipio,suggested,7,
expellere,la,expello,suggested,7,
extremo,la,extremus,suggested,7,
facio,la,facio,suggested,7,
facti,la,facio,suggested,7,
felicitate,la,felicitas,suggested,7,
filios,la,filius,suggested,7,
firando,la,Firandus,suggested,7,
firma,la,firmus,suggested,7,
fokiensis,la,fokiensis,suggested,7,
foret,la,sum,suggested,7,
formatus,la,formo,suggested,7,
fratrem,la,frater,suggested,7,
gradus,la,gradus,suggested,7,
grammaticam,la,grammaticus,suggested,7,
gubernandi,la,guberno,suggested,7,
habitare,la,habito,suggested,7,
hieronymus,la,Hieronymus,suggested,7,
hodie,la,hodie,suggested,7,
hospites,la,hospes,suggested,7,
humani,la,humanus,suggested,7,
iisque,la,iisque,suggested,7,
impedimenta,la,impedimentum,suggested,7,
imperatorum,la,imperator,suggested,7,
incipit,la,incipio,suggested,7,
indignus,la,indignus,suggested,7,
iniuriam,la,iniuria,suggested,7,
insignis,la,insignis,suggested,7,
instituit,la,instituo,suggested,7,
interrogavit,la,interrogo,suggested,7,
inutilis,la,inutilis,suggested,7,
invicem,la,invicem,suggested,7,
iram,la,ira,suggested,7,
iret,la,eo,suggested,7,
istam,la,iste,suggested,7,
istud,la,iste,suggested,7,
la,la,la,suggested,7,
legere,la,lego,suggested,7,
legitime,la,legitime,suggested,7,
magnitudine,la,magnitudo,suggested,7,
maioris,la,magnus,suggested,7,
maius,la,magnus,suggested,7,
majores,la,major,suggested,7,
mane,la,mane,suggested,7,
materia,la,materia,suggested,7,
meaci,la,meacus,suggested,7,
medietate,la,medietas,suggested,7,
michi,la,ego,suggested,7,
mirabiliter,la,mirabiliter,suggested,7,
modis,la,modus,suggested,7,
montem,la,mons,suggested,7,
morem,la,mos,suggested,7,
morindonus,la,morindonus,suggested,7,
moris,la,mos,suggested,7,
mos,la,mos,suggested,7,
multitudo,la,multitudo,suggested,7,
muneris,la,munus,suggested,7,
murum,la,murus,suggested,7,
mysteria,la,mysterium,suggested,7,
negare,la,nego,suggested,7,
neophytis,la,neophys,suggested,7,
noluerunt,la,nolo,suggested,7,
nostrȩ,la,noster,suggested,7,
novembris,la,nouember,suggested,7,
novos,la,novus,suggested,7,
nullatenus,la,nullatenus,suggested,7,
nusquam,la,nusquam,suggested,7,
obitum,la,obitus,suggested,7,
obtinere,la,obtineo,suggested,7,
obtinuerunt,la,obtineo,suggested,7,
onus,la,onus,suggested,7,
opem,la,ops,suggested,7,
oportet,la,oportet,suggested,7,
oriri,la,orior,suggested,7,
pago,la,pagus,suggested,7,
palam,la,palam,suggested,7,
pape,la,pape,suggested,7,
parentibus,la,parens,suggested,7,
partis,la,pars,suggested,7,
persecutionem,la,persecutio,suggested,7,
pervenissent,la,pervenio,suggested,7,
petitioni,la,petitio,suggested,7,
pia,la,pius,suggested,7,
plerique,la,plerusque,suggested,7,
plurimas,la,multus,suggested,7,
porta,la,porta,suggested,7,
portugalliae,la,portugallia,suggested,7,
possem,la,possum,suggested,7,
possemus,la,possum,suggested,7,
potentia,la,potentia,suggested,7,
potentiam,la,potentia,suggested,7,
potestas,la,potestas,suggested,7,
pp,la,pp,suggested,7,
praepositum,la,praepono,suggested,7,
primarios,la,primarius,suggested,7,
principum,la,princeps,suggested,7,
profecti,la,proficiscor,suggested,7,
profectus,la,proficiscor,suggested,7,
progressus,la,progredior,suggested,7,
provicarium,la,provicarius,suggested,7,
proximum,la,proximus,suggested,7,
publica,la,publicus,suggested,7,
quangsi,la,quangsus,suggested,7,
quatuordecim,la,quattuordecim,suggested,7,
quemdam,la,quidam,suggested,7,
quicquam,la,quisquam,suggested,7,
quingentos,la,quingenti,suggested,7,
quocirca,la,quocirca,suggested,7,
reddidit,la,reddo,suggested,7,
rediit,la,redeo,suggested,7,
regimen,la,regimen,suggested,7,
regionis,la,regio,suggested,7,
regium,la,regius,suggested,7,
regulis,la,regula,suggested,7,
regum,la,rex,suggested,7,
reliquum,la,reliquus,suggested,7,
responsionem,la,responsio,suggested,7,
rocha,la,rocha,suggested,7,
romanorum,la,romanus,suggested,7,
s,es,S,suggested,7,
sacerdotibus,la,sacerdos,suggested,7,
sacrum,la,sacer,suggested,7,
saluti,la,salus,suggested,7,
sanctam,la,sanctus,suggested,7,
sanctissimae,la,sanctus,suggested,7,
sancto,la,sanctus,suggested,7,
sanguinem,la,sanguis,suggested,7,
sanus,la,sanus,suggested,7,
scit,la,scio,suggested,7,
scuta,la,scutum,suggested,7,
seminario,la,seminarium,suggested,7,
sempiternam,la,sempiternus,suggested,7,
sensibus,la,sensus,suggested,7,
sensu,la,sensus,suggested,7,
sinicè,la,Sinicès,suggested,7,
solvit,la,solvo,suggested,7,
sonat,la,sono,suggested,7,
spectare,la,specto,suggested,7,
spero,la,spero,suggested,7,
splendore,la,splendor,suggested,7,
stabat,la,sto,suggested,7,
studia,la,studium,suggested,7,
subjectis,la,subjicio,suggested,7,
sufficeret,la,sufficio,suggested,7,
talem,la,talis,suggested,7,
tametsi,la,tametsi,suggested,7,
tanti,la,tantus,suggested,7,
tartaria,la,tartarius,suggested,7,
tartarum,la,tartus,suggested,7,
tenuit,la,teneo,suggested,7,
timore,la,timor,suggested,7,
tono,la,tonus,suggested,7,
tormenta,la,tormentum,suggested,7,
tormentorum,la,tormentum,suggested,7,
tribunalis,la,tribunalis,suggested,7,
tulit,la,fero,suggested,7,
tyranno,la,tyrannus,suggested,7,
tyrannus,la,tyrannus,suggested,7,
unquam,la,umquam,suggested,7,
utroque,la,uterque,suggested,7,
utrum,la,utrum,suggested,7,
uxorem,la,uxor,suggested,7,
venerat,la,venio,suggested,7,
vicina,la,vicinus,suggested,7,
videantur,la,video,suggested,7,
videbitur,la,video,suggested,7,
vidit,la,video,suggested,7,
virorum,la,vir,suggested,7,
virtuti,la,virtus,suggested,7,
visa,la,video,suggested,7,
vniuersalis,la,vniuersalis,suggested,7,
vnum,la,vnus,suggested,7,
voluerit,la,volo,suggested,7,
voluerunt,la,volo,suggested,7,
voluntate,la,voluntas,suggested,7,
voluptatem,la,voluptas,suggested,7,
vsus,la,vsus,suggested,7,
xavier,la,xavier,suggested,7,
zungchinius,la,Zungchinius,suggested,7,
abundare,la,abundo,suggested,6,
abunde,la,abunde,suggested,6,
adesse,la,adsum,suggested,6,
adest,la,adsum,suggested,6,
adfuit,la,adsum,suggested,6,
adiacet,la,adiaceo,suggested,6,
aditum,la,aditus,suggested,6,
adm,la,adm,suggested,6,
admiratione,la,admiratio,suggested,6,
admonitus,la,admoneo,suggested,6,
afferre,la,affero,suggested,6,
agit,la,ago,suggested,6,
agro,la,ager,suggested,6,
aliena,la,alienus,suggested,6,
alienum,la,alienus,suggested,6,
amaral,la,amaral,suggested,6,
amavangus,la,amavangus,suggested,6,
ambo,la,ambo,suggested,6,
ampla,la,amplus,suggested,6,
annonam,la,annona,suggested,6,
annuis,la,annuus,suggested,6,
apostolici,la,apostolicus,suggested,6,
aprilis,la,aprilis,suggested,6,
arcis,la,arx,suggested,6,
attulit,la,affero,suggested,6,
augmentum,la,augmentum,suggested,6,
aulicis,la,aulex,suggested,6,
aures,la,auris,suggested,6,
authoritatem,la,authoritas,suggested,6,
baptizati,la,baptizo,suggested,6,
beati,la,beatus,suggested,6,
bellis,la,bellum,suggested,6,
benedictionem,la,benedictio,suggested,6,
beneficia,la,beneficium,suggested,6,
benigne,la,benigne,suggested,6,
bonzi,la,bonzus,suggested,6,
brevissimo,la,brevus,suggested,6,
bungi,la,bungus,suggested,6,
cancheu,la,cancheu,suggested,6,
capti,la,capio,suggested,6,
captus,la,capio,suggested,6,
cardinales,la,cardinalis,suggested,6,
ccc,la,CCC,suggested,6,
certam,la,certus,suggested,6,
certos,la,certus,suggested,6,
citius,la,cito,suggested,6,
civibus,la,civis,suggested,6,
civitatibus,la,civitas,suggested,6,
clade,la,clades,suggested,6,
coadiutorem,la,coadiutor,suggested,6,
coelum,la,coelum,suggested,6,
cogitare,la,cogito,suggested,6,
colunt,la,colo,suggested,6,
commercium,la,commercium,suggested,6,
commisit,la,committo,suggested,6,
complures,la,complures,suggested,6,
conditionibus,la,conditio,suggested,6,
confessione,la,confessio,suggested,6,
congregationi,la,congregatio,suggested,6,
congregatis,la,congrego,suggested,6,
consentaneum,la,consentaneus,suggested,6,
conspectu,la,conspectus,suggested,6,
constitutionibus,la,constitutio,suggested,6,
constructa,la,construo,suggested,6,
consulere,la,consulo,suggested,6,
conversionis,la,conversio,suggested,6,
conversus,la,converto,suggested,6,
copiae,la,copia,suggested,6,
cordis,la,cor,suggested,6,
corona,la,corona,suggested,6,
credunt,la,credo,suggested,6,
crudeliter,la,crudeliter,suggested,6,
cuique,la,quisque,suggested,6,
cupiditate,la,cupiditas,suggested,6,
currus,la,currus,suggested,6,
cursum,la,cursus,suggested,6,
daifus,la,daifus,suggested,6,
damno,la,damnum,suggested,6,
dant,la,do,suggested,6,
datam,la,do,suggested,6,
debeant,la,debeo,suggested,6,
debent,la,debeo,suggested,6,
debitam,la,debeo,suggested,6,
debitum,la,debeo,suggested,6,
decreta,la,decretum,suggested,6,
decreverunt,la,decerno,suggested,6,
degebant,la,degeo,suggested,6,
degebat,la,deget,suggested,6,
degentes,la,degeo,suggested,6,
deserere,la,desero,suggested,6,
dicebat,la,dico,suggested,6,
dicemus,la,dico,suggested,6,
dicens,la,dico,suggested,6,
dicentes,la,dico,suggested,6,
dicit,la,dico,suggested,6,
didici,la,disco,suggested,6,
digni,la,dignus,suggested,6,
dignum,la,dignus,suggested,6,
dimissi,la,dimitto,suggested,6,
discessum,la,discessus,suggested,6,
diuites,la,diues,suggested,6,
diversa,la,diuerto,suggested,6,
dnus,la,dnus,suggested,6,
dogicis,la,dogicus,suggested,6,
duabus,la,duo,suggested,6,
edicto,la,edictum,suggested,6,
elementa,la,elementum,suggested,6,
emissione,la,emissio,suggested,6,
erecta,la,erigo,suggested,6,
eumdem,la,idem,suggested,6,
eundem,la,idem,suggested,6,
europaeis,la,europaeus,suggested,6,
evangelica,la,evangelicus,suggested,6,
eventu,la,eventus,suggested,6,
exercere,la,exerceo,suggested,6,
exercitibus,la,exercitus,suggested,6,
exilio,la,exsilium,suggested,6,
exitus,la,exitus,suggested,6,
exponere,la,expono,suggested,6,
externis,la,externus,suggested,6,
extrema,la,exterior,suggested,6,
facerent,la,facio,suggested,6,
faciebat,la,facio,suggested,6,
faciendum,la,facio,suggested,6,
faciens,la,facio,suggested,6,
factione,la,factio,suggested,6,
facturum,la,facio,suggested,6,
favente,la,faueo,suggested,6,
favore,la,favor,suggested,6,
fecissent,la,facio,suggested,6,
felicitas,la,felicitas,suggested,6,
felicitatis,la,felicitas,suggested,6,
fidelium,la,fidelis,suggested,6,
filiorum,la,filius,suggested,6,
formulam,la,formula,suggested,6,
fortis,la,fortis,suggested,6,
fossam,la,fossa,suggested,6,
fratris,la,frater,suggested,6,
fraude,la,fraus,suggested,6,
functiones,la,functio,suggested,6,
garcés,la,Garcés,suggested,6,
generis,la,genus,suggested,6,
gente,la,gens,suggested,6,
gentibus,la,gens,suggested,6,
germanus,la,germanus,suggested,6,
gesta,la,gero,suggested,6,
gladio,la,gladius,suggested,6,
goa,la,goa,suggested,6,
graviter,la,graviter,suggested,6,
gregem,la,grex,suggested,6,
habes,la,habeo,suggested,6,
habitatio,la,habitatio,suggested,6,
habui,la,habeo,suggested,6,
habuissent,la,habeo,suggested,6,
hasce,la,hic,suggested,6,
hii,la,hic,suggested,6,
honoris,la,honor,suggested,6,
horis,la,hora,suggested,6,
hostem,la,hostis,suggested,6,
hous,la,hous,suggested,6,
iamque,la,iamque,suggested,6,
idoneum,la,idoneus,suggested,6,
ieiasus,la,Ieiasus,suggested,6,
ignis,la,ignis,suggested,6,
ihs,la,ihs,suggested,6,
ij,la,ij,suggested,6,
illarum,la,ille,suggested,6,
imaginibus,la,imago,suggested,6,
immediate,la,immediate,suggested,6,
impedimento,la,impedimentum,suggested,6,
impossibile,la,impossibilis,suggested,6,
indiarum,la,india,suggested,6,
industria,la,industria,suggested,6,
infirmae,la,infirmus,suggested,6,
ingrediantur,la,ingredior,suggested,6,
ingressu,la,ingressus,suggested,6,
inimici,la,inimicus,suggested,6,
inimicis,la,inimicus,suggested,6,
initio,la,initium,suggested,6,
intelligat,la,intellego,suggested,6,
intentionem,la,intentio,suggested,6,
interdum,la,interdum,suggested,6,
interiora,la,interior,suggested,6,
intervallo,la,intervallum,suggested,6,
istius,la,iste,suggested,6,
isto,la,iste,suggested,6,
iudicium,la,iudicium,suggested,6,
iuris,la,ius,suggested,6,
japonico,la,japonicus,suggested,6,
kiang,la,kiang,suggested,6,
lacrymis,la,lacryma,suggested,6,
laqueo,la,laqueus,suggested,6,
lector,la,lector,suggested,6,
libris,la,liber,suggested,6,
magnas,la,magnus,suggested,6,
malitia,la,malitia,suggested,6,
maluit,la,malo,suggested,6,
mandavit,la,mando,suggested,6,
marito,la,maritus,suggested,6,
martyres,la,martyr,suggested,6,
martyrii,la,martyrius,suggested,6,
mathematicae,la,mathematicus,suggested,6,
matrimonii,la,matrimonium,suggested,6,
matris,la,mater,suggested,6,
maximus,la,magnus,suggested,6,
mediocres,la,mediocris,suggested,6,
messiam,la,messia,suggested,6,
metum,la,metus,suggested,6,
ministrum,la,minister,suggested,6,
missionarius,la,missionarius,suggested,6,
moenibus,la,moenia,suggested,6,
molestia,la,molestia,suggested,6,
montium,la,mons,suggested,6,
moribus,la,mos,suggested,6,
morol,la,morol,suggested,6,
mors,la,mors,suggested,6,
morti,la,mors,suggested,6,
mortui,la,morior,suggested,6,
movit,la,moveo,suggested,6,
munere,la,munus,suggested,6,
naturali,la,naturalis,suggested,6,
navim,la,navis,suggested,6,
nemini,la,nemo,suggested,6,
neophytorum,la,neophytus,suggested,6,
nihilo,la,nihil,suggested,6,
nobiliores,la,nobilis,suggested,6,
nobilissimam,la,nobilis,suggested,6,
nominibus,la,nomen,suggested,6,
nonnullos,la,nonnullus,suggested,6,
nouum,la,nouus,suggested,6,
obligatione,la,obligatio,suggested,6,
occiderunt,la,occido,suggested,6,
occuparint,la,occupo,suggested,6,
occupata,la,occupo,suggested,6,
occupato,la,occupo,suggested,6,
offerunt,la,offero,suggested,6,
om,la,om,suggested,6,
operarii,la,operarius,suggested,6,
optime,la,melius,suggested,6,
orbem,la,orbis,suggested,6,
ordo,la,ordo,suggested,6,
oriente,la,oriens,suggested,6,
orta,la,orior,suggested,6,
ostiarius,la,ostiarius,suggested,6,
paene,la,paene,suggested,6,
panem,la,panis,suggested,6,
parcat,la,parco,suggested,6,
parentes,la,parens,suggested,6,
paternitatem,la,paternitas,suggested,6,
peccati,la,peccatum,suggested,6,
peccato,la,peccatum,suggested,6,
pedem,la,pes,suggested,6,
penitus,la,penitus,suggested,6,
peritus,la,peritus,suggested,6,
perniciem,la,pernicies,suggested,6,
persecutio,la,persecutio,suggested,6,
perspecta,la,perspicio,suggested,6,
philippinis,la,philippina,suggested,6,
pietatem,la,pietas,suggested,6,
plurimis,la,multus,suggested,6,
pontifice,la,pontifex,suggested,6,
populus,la,populus,suggested,6,
portas,la,porta,suggested,6,
possessione,la,possessio,suggested,6,
possidens,la,possideo,suggested,6,
possidet,la,possideo,suggested,6,
potentes,la,possum,suggested,6,
potui,la,possum,suggested,6,
praedia,la,praedium,suggested,6,
praedictis,la,praedico,suggested,6,
praedictum,la,praedico,suggested,6,
praelatorum,la,praelator,suggested,6,
praeposito,la,praepono,suggested,6,
praesens,la,praesens,suggested,6,
praesidium,la,praesidium,suggested,6,
praesto,la,praesto,suggested,6,
praeterito,la,praetereo,suggested,6,
prȩterito,la,prȩtereo,suggested,6,
principis,la,princeps,suggested,6,
processit,la,procedo,suggested,6,
proposito,la,propono,suggested,6,
proxime,la,prope,suggested,6,
quaeque,la,quisque,suggested,6,
quandam,la,quidam,suggested,6,
quanquam,la,quamquam,suggested,6,
quanto,la,quanto,suggested,6,
quattuor,la,quattuor,suggested,6,
quicquid,la,quisquis,suggested,6,
quingenta,la,quingenti,suggested,6,
quorundam,la,quidam,suggested,6,
rarum,la,rarus,suggested,6,
recepit,la,recipio,suggested,6,
recte,la,recte,suggested,6,
refectorii,la,refectorius,suggested,6,
regionum,la,regio,suggested,6,
religioni,la,religio,suggested,6,
religioso,la,religiosus,suggested,6,
responso,la,responsum,suggested,6,
revocatus,la,revoco,suggested,6,
ritu,la,ritus,suggested,6,
rmo,la,rmus,suggested,6,
rodrigez,la,rodriges,suggested,6,
rodulphus,la,rodulphus,suggested,6,
rudes,la,rudis,suggested,6,
sacram,la,sacer,suggested,6,
sagittis,la,sagitta,suggested,6,
sancte,la,sanctus,suggested,6,
sanctissimam,la,sanctus,suggested,6,
scribo,la,scribo,suggested,6,
scribunt,la,scribo,suggested,6,
se,es,él,suggested,6,
secretarius,la,secretarius,suggested,6,
securam,la,securus,suggested,6,
securus,la,securus,suggested,6,
secuta,la,sequor,suggested,6,
septembri,la,september,suggested,6,
signis,la,signum,suggested,6,
similia,la,similis,suggested,6,
singulas,la,singulus,suggested,6,
solvuntur,la,solvo,suggested,6,
spirituales,la,spiritualis,suggested,6,
stipendia,la,stipendium,suggested,6,
studiis,la,studium,suggested,6,
suarum,la,suus,suggested,6,
subjectae,la,subjicio,suggested,6,
successus,la,successus,suggested,6,
summos,la,summus,suggested,6,
superest,la,supersum,suggested,6,
superiore,la,superus,suggested,6,
superioris,la,superior,suggested,6,
sustentationem,la,sustentatio,suggested,6,
talia,la,talis,suggested,6,
talis,la,talis,suggested,6,
tantus,la,tantus,suggested,6,
tartarica,la,tartaricus,suggested,6,
tartaricum,la,tartaricus,suggested,6,
terminum,la,terminus,suggested,6,
torres,la,torris,suggested,6,
tribunalia,la,tribunalis,suggested,6,
tunkinensi,la,tunkinensus,suggested,6,
ubicumque,la,ubicumque,suggested,6,
uinum,la,uinum,suggested,6,
uitam,la,uita,suggested,6,
undecim,la,undecim,suggested,6,
unicum,la,unicus,suggested,6,
universae,la,universus,suggested,6,
urbi,la,urbs,suggested,6,
usi,la,utor,suggested,6,
utriusque,la,uterque,suggested,6,
velint,la,volo,suggested,6,
vellent,la,vello,suggested,6,
velocissime,la,veloce,suggested,6,
veniunt,la,venio,suggested,6,
ventrem,la,venter,suggested,6,
ventum,la,venio,suggested,6,
versantur,la,verso,suggested,6,
vestium,la,vestius,suggested,6,
veteri,la,vetus,suggested,6,
viceprovincialem,la,viceprovincialis,suggested,6,
virginis,la,uirgo,suggested,6,
virum,la,vir,suggested,6,
vllo,la,vllus,suggested,6,
vnquam,la,umquam,suggested,6,
volebat,la,volo,suggested,6,
voluntati,la,voluntas,suggested,6,
votis,la,votum,suggested,6,
vultis,la,volo,suggested,6,
yuenus,la,yuenus,suggested,6,
abstinere,la,abstineo,suggested,5,
abundant,la,abundo,suggested,5,
accendit,la,accendo,suggested,5,
accepi,la,accipio,suggested,5,
accepimus,la,accipio,suggested,5,
acciderunt,la,accido,suggested,5,
accipere,la,accipio,suggested,5,
accipiat,la,accipio,suggested,5,
accipiens,la,accipio,suggested,5,
adamus,la,adamus,suggested,5,
addicti,la,addico,suggested,5,
adhibere,la,adhibeo,suggested,5,
admisit,la,admitto,suggested,5,
aedificationem,la,aedificatio,suggested,5,
aegre,la,aegre,suggested,5,
aeque,la,aeque,suggested,5,
aequitate,la,aequitas,suggested,5,
aequum,la,aequus,suggested,5,
aere,la,aer,suggested,5,
afficere,la,afficio,suggested,5,
agendum,la,ago,suggested,5,
agmine,la,agmen,suggested,5,
aliosque,la,aliosque,suggested,5,
alphonsus,la,alphonsus,suggested,5,
amacusa,la,amacusus,suggested,5,
amalech,la,amalech,suggested,5,
amicum,la,amicus,suggested,5,
angelis,la,angelus,suggested,5,
animalium,la,animal,suggested,5,
animorum,la,animus,suggested,5,
annuam,la,annuus,suggested,5,
annui,la,annuus,suggested,5,
antiquis,la,antiquus,suggested,5,
apostolicas,la,apostolicus,suggested,5,
appulimus,la,appulo,suggested,5,
aquae,la,aqua,suggested,5,
arcem,la,arx,suggested,5,
argentum,la,argentum,suggested,5,
attingit,la,attingo,suggested,5,
audiendam,la,audio,suggested,5,
auditis,la,audio,suggested,5,
australem,la,australis,suggested,5,
auxiliis,la,auxilium,suggested,5,
barbarorum,la,barbarus,suggested,5,
bati,la,batus,suggested,5,
bellica,la,bellicus,suggested,5,
benevolentiae,la,benevolentia,suggested,5,
caelestem,la,caelestis,suggested,5,
caeli,la,caelum,suggested,5,
caepit,la,caepi,suggested,5,
caeteri,la,caeterus,suggested,5,
caeterisque,la,caeterieo,suggested,5,
cantu,la,cantus,suggested,5,
cap,la,cap,suggested,5,
capere,la,capio,suggested,5,
capillis,la,capillus,suggested,5,
capitum,la,caput,suggested,5,
carceres,la,carcer,suggested,5,
cardim,la,cardis,suggested,5,
careant,la,careo,suggested,5,
carvalho,la,carvalhus,suggested,5,
castra,la,castra,suggested,5,
cathay,la,Cathay,suggested,5,
catholicam,la,catholicus,suggested,5,
celeritate,la,celeritas,suggested,5,
censet,la,censeo,suggested,5,
certiorem,la,certus,suggested,5,
chaam,la,chaam,suggested,5,
chan,la,chan,suggested,5,
chanis,la,chanis,suggested,5,
chinensi,la,Chinensus,suggested,5,
citra,la,citra,suggested,5,
cladem,la,clades,suggested,5,
clam,la,clam,suggested,5,
clarius,la,clare,suggested,5,
coacti,la,cogo,suggested,5,
cocincina,la,cocincinus,suggested,5,
cogere,la,cogo,suggested,5,
cogitabat,la,cogito,suggested,5,
cognovimus,la,cognosco,suggested,5,
cognovit,la,cognosco,suggested,5,
cogor,la,cogo,suggested,5,
comissarius,la,comissarius,suggested,5,
comitate,la,comitas,suggested,5,
commissas,la,committo,suggested,5,
commorandi,la,commoror,suggested,5,
commorantur,la,commoror,suggested,5,
communem,la,communis,suggested,5,
communicare,la,communico,suggested,5,
compertum,la,comperio,suggested,5,
con,la,con,suggested,5,
concessum,la,concedo,suggested,5,
confectis,la,conficio,suggested,5,
confessus,la,confiteor,suggested,5,
congressu,la,congressus,suggested,5,
coniugi,la,coniunx,suggested,5,
coniugum,la,coniugum,suggested,5,
consolatur,la,consolor,suggested,5,
constitutum,la,constituo,suggested,5,
consueta,la,consuesco,suggested,5,
contendit,la,contendo,suggested,5,
contrarium,la,contrarius,suggested,5,
contuli,la,confero,suggested,5,
convenirent,la,convenio,suggested,5,
coraiano,la,Coraianus,suggested,5,
crescente,la,cresco,suggested,5,
croceum,la,croceus,suggested,5,
cruces,la,crux,suggested,5,
cruciatus,la,cruciatus,suggested,5,
crudelitatis,la,crudelitas,suggested,5,
crux,la,crux,suggested,5,
culpa,la,culpa,suggested,5,
cultus,la,cultus,suggested,5,
cursu,la,cursus,suggested,5,
custodiam,la,custodia,suggested,5,
custos,la,custos,suggested,5,
damnum,la,damnum,suggested,5,
datis,la,do,suggested,5,
decalogi,la,decalogus,suggested,5,
decretis,la,decretum,suggested,5,
decrevit,la,decerno,suggested,5,
defensionem,la,defensio,suggested,5,
deficiunt,la,deficio,suggested,5,
degentibus,la,degeo,suggested,5,
describam,la,describo,suggested,5,
desiderata,la,desidero,suggested,5,
destinati,la,destino,suggested,5,
destructionem,la,destructio,suggested,5,
devenerunt,la,devenio,suggested,5,
di,la,deus,suggested,5,
diaboli,la,diabolus,suggested,5,
dicamus,la,dico,suggested,5,
dici,la,dico,suggested,5,
dictae,la,dico,suggested,5,
dictos,la,dico,suggested,5,
dietas,la,dietas,suggested,5,
difficilis,la,difficilis,suggested,5,
difficultate,la,difficultas,suggested,5,
dignitatis,la,dignitas,suggested,5,
dimidio,la,dimidius,suggested,5,
discipulorum,la,discipulus,suggested,5,
diuinum,la,diuinus,suggested,5,
diutius,la,diu,suggested,5,
diuturna,la,diuturnus,suggested,5,
divisi,la,divido,suggested,5,
dixerunt,la,dico,suggested,5,
docet,la,doceo,suggested,5,
doctor,la,doctor,suggested,5,
doctores,la,doctor,suggested,5,
dominica,la,dominicus,suggested,5,
dominicanis,la,dominicanus,suggested,5,
dominicanus,la,dominicanus,suggested,5,
domui,la,domus,suggested,5,
donum,la,donum,suggested,5,
ducis,la,dux,suggested,5,
duntaxat,la,duntaxat,suggested,5,
dynastas,la,dynasta,suggested,5,
edificatores,la,edificator,suggested,5,
egressus,la,egredior,suggested,5,
eisdem,la,idem,suggested,5,
elapso,la,elabor,suggested,5,
electio,la,electio,suggested,5,
eleemosynis,la,eleemosyna,suggested,5,
elegerunt,la,eligo,suggested,5,
eligere,la,eligo,suggested,5,
eminens,la,emineo,suggested,5,
emisit,la,emitto,suggested,5,
emisso,la,emitto,suggested,5,
emittat,la,emitto,suggested,5,
emittere,la,emitto,suggested,5,
emittit,la,emitto,suggested,5,
eosdem,la,idem,suggested,5,
errores,la,error,suggested,5,
erroribus,la,error,suggested,5,
etiamnum,la,etiamnum,suggested,5,
europam,la,europa,suggested,5,
examen,la,examen,suggested,5,
exemplar,la,exemplar,suggested,5,
exeunt,la,exeo,suggested,5,
expertes,la,expers,suggested,5,
explicat,la,explico,suggested,5,
expressa,la,exprimo,suggested,5,
extremam,la,exterior,suggested,5,
extructae,la,extruo,suggested,5,
fabrica,la,fabrica,suggested,5,
faciam,la,facio,suggested,5,
faciat,la,facio,suggested,5,
facienda,la,facio,suggested,5,
facientes,la,facio,suggested,5,
factae,la,facio,suggested,5,
facultates,la,facultas,suggested,5,
familiam,la,familia,suggested,5,
felicitatem,la,felicitas,suggested,5,
ferrum,la,ferrum,suggested,5,
ferunt,la,fero,suggested,5,
filiam,la,filia,suggested,5,
finibus,la,finis,suggested,5,
firmae,la,firmus,suggested,5,
flamma,la,flamma,suggested,5,
fluvio,la,fluuius,suggested,5,
fluvius,la,fluvius,suggested,5,
foeminae,la,foemina,suggested,5,
fonte,la,fons,suggested,5,
fortunis,la,fortuna,suggested,5,
fructu,la,fructus,suggested,5,
fugam,la,fuga,suggested,5,
fugere,la,fugio,suggested,5,
functi,la,fungor,suggested,5,
fundata,la,fundo,suggested,5,
fundationem,la,fundatio,suggested,5,
furor,la,furor,suggested,5,
furore,la,furor,suggested,5,
garcía,la,García,suggested,5,
gasparis,la,gaspar,suggested,5,
genibus,la,genu,suggested,5,
gloriosos,la,gloriosus,suggested,5,
gouae,la,gouus,suggested,5,
gratiarum,la,gratia,suggested,5,
gubernationis,la,gubernatio,suggested,5,
haberemus,la,habeo,suggested,5,
habitationem,la,habitatio,suggested,5,
habiti,la,habeo,suggested,5,
habitu,la,habitus,suggested,5,
habuerat,la,habeo,suggested,5,
hispaniam,la,Hispania,suggested,5,
honoribus,la,honor,suggested,5,
honorifice,la,honorifice,suggested,5,
hora,la,hora,suggested,5,
hostibus,la,hostis,suggested,5,
humanam,la,humanus,suggested,5,
humaniter,la,humaniter,suggested,5,
humiliter,la,humiliter,suggested,5,
iacet,la,iaceo,suggested,5,
iaponem,la,iapon,suggested,5,
iaponici,la,iaponicus,suggested,5,
ibique,la,ibique,suggested,5,
idola,la,idolon,suggested,5,
idonei,la,idoneus,suggested,5,
ieiasum,la,ieiasus,suggested,5,
ignem,la,ignis,suggested,5,
illata,la,infero,suggested,5,
illmas,la,illme,suggested,5,
imaginem,la,imago,suggested,5,
immortalem,la,immortalis,suggested,5,
immortalis,la,immortalis,suggested,5,
improbi,la,improbus,suggested,5,
incendio,la,incendium,suggested,5,
inchoata,la,inchoo,suggested,5,
incipiunt,la,incipio,suggested,5,
incolas,la,incola,suggested,5,
infantes,la,infans,suggested,5,
inferiori,la,inferus,suggested,5,
inferioris,la,inferus,suggested,5,
ingenia,la,ingenium,suggested,5,
ingrediendi,la,ingredior,suggested,5,
inibi,la,inibi,suggested,5,
iniurias,la,iniuria,suggested,5,
innumeris,la,innumerus,suggested,5,
inopiam,la,inopia,suggested,5,
inquisitionis,la,inquisitio,suggested,5,
insigni,la,insignis,suggested,5,
institutis,la,institutum,suggested,5,
instrumentum,la,instrumentum,suggested,5,
integro,la,integer,suggested,5,
intelligatur,la,intellego,suggested,5,
intelliget,la,intellego,suggested,5,
intelligitur,la,intellego,suggested,5,
intentione,la,intentio,suggested,5,
invadit,la,invado,suggested,5,
ioanni,la,Johannes,suggested,5,
ipsamet,la,ipse,suggested,5,
istos,la,iste,suggested,5,
iubentur,la,iubeo,suggested,5,
iudaeos,la,iudaeus,suggested,5,
iudicem,la,iudex,suggested,5,
iudicis,la,iudex,suggested,5,
iumentis,la,iumentum,suggested,5,
iura,la,ius,suggested,5,
japonicam,la,japonicus,suggested,5,
japonici,la,japonicus,suggested,5,
japonicis,la,japonicus,suggested,5,
japonii,la,japonius,suggested,5,
joseph,la,joseph,suggested,5,
juxta,la,juxta,suggested,5,
lateque,la,lateque,suggested,5,
latronem,la,latro,suggested,5,
latronibus,la,latro,suggested,5,
legatus,la,legatus,suggested,5,
legitima,la,legitimus,suggested,5,
legitimam,la,legitimus,suggested,5,
libertate,la,libertas,suggested,5,
liberum,la,liber,suggested,5,
libro,la,liber,suggested,5,
licentia,la,licentia,suggested,5,
licteris,la,lictera,suggested,5,
licungzo,la,licungzus,suggested,5,
literarum,la,litera,suggested,5,
locutus,la,loquor,suggested,5,
lópez,la,López,suggested,5,
los,es,el,suggested,5,
lusitaniae,la,lusitania,suggested,5,
macaënsi,la,macaënsus,suggested,5,
magistratus,la,magistratus,suggested,5,
magnae,la,magnus,suggested,5,
magnifice,la,magnifice,suggested,5,
maiestatem,la,maiestas,suggested,5,
maiore,la,magnus,suggested,5,
mandarinis,la,mandarina,suggested,5,
manum,la,manus,suggested,5,
marte,la,mars,suggested,5,
mater,la,mater,suggested,5,
matrimonium,la,matrimonium,suggested,5,
mattheus,la,mattheus,suggested,5,
maximi,la,magnus,suggested,5,
mediterranea,la,mediterraneus,suggested,5,
medorum,la,medus,suggested,5,
meliori,la,bonus,suggested,5,
memoria,la,memoria,suggested,5,
mercatores,la,mercator,suggested,5,
mercibus,la,merx,suggested,5,
mercium,la,merx,suggested,5,
militaris,la,militaris,suggested,5,
milite,la,miles,suggested,5,
militia,la,militia,suggested,5,
minimè,la,paruè,suggested,5,
minor,la,paruus,suggested,5,
minores,la,paruus,suggested,5,
minori,la,paruus,suggested,5,
miseri,la,miser,suggested,5,
miserunt,la,mitto,suggested,5,
missionarios,la,missionarius,suggested,5,
missurus,la,mitto,suggested,5,
modus,la,modus,suggested,5,
moram,la,mora,suggested,5,
morejón,la,morejes,suggested,5,
morum,la,mos,suggested,5,
navigatio,la,navigatio,suggested,5,
navium,la,navis,suggested,5,
necessarios,la,necessarius,suggested,5,
negotii,la,negotium,suggested,5,
neophytus,la,neophytus,suggested,5,
nepos,la,nepos,suggested,5,
ni,la,ni,suggested,5,
nobilem,la,nobilis,suggested,5,
nona,la,nonus,suggested,5,
noverat,la,nosco,suggested,5,
novus,la,novus,suggested,5,
nuestro,es,nuestro,suggested,5,
numerabantur,la,numero,suggested,5,
nunciis,la,nuncius,suggested,5,
obiit,la,obeo,suggested,5,
occasio,la,occasio,suggested,5,
occidentis,la,occido,suggested,5,
occidere,la,occido,suggested,5,
occisis,la,occido,suggested,5,
occuparent,la,occupo,suggested,5,
occuparunt,la,occupo,suggested,5,
odia,la,odium,suggested,5,
operum,la,opus,suggested,5,
opinio,la,opinio,suggested,5,
opinione,la,opinio,suggested,5,
optimo,la,bonus,suggested,5,
optimum,la,bonus,suggested,5,
orientali,la,orientalis,suggested,5,
originali,la,originalis,suggested,5,
ornamento,la,ornamentum,suggested,5,
ornati,la,orno,suggested,5,
ostendere,la,ostendo,suggested,5,
paceco,la,pacecus,suggested,5,
pagos,la,pagus,suggested,5,
paradisi,la,paradisus,suggested,5,
paratos,la,paro,suggested,5,
paratus,la,paro,suggested,5,
pari,la,par,suggested,5,
parvum,la,parvus,suggested,5,
pastoralis,la,pastoralis,suggested,5,
patefacta,la,patefacio,suggested,5,
pateretur,la,patior,suggested,5,
paternitate,la,paternitas,suggested,5,
pauli,la,Paulus,suggested,5,
peccandi,la,pecco,suggested,5,
peccata,la,peccatum,suggested,5,
peractis,la,perago,suggested,5,
perfecta,la,perfectus,suggested,5,
perfidia,la,perfidia,suggested,5,
perfidiam,la,perfidia,suggested,5,
periculi,la,periculum,suggested,5,
persecutionibus,la,persecutio,suggested,5,
persuadere,la,persuadeo,suggested,5,
petebant,la,peto,suggested,5,
philosophiam,la,philosophia,suggested,5,
plenus,la,plenus,suggested,5,
plerumque,la,plerusque,suggested,5,
plurimos,la,multus,suggested,5,
plurium,la,multus,suggested,5,
poenarum,la,poena,suggested,5,
polonus,la,polonus,suggested,5,
pontifex,la,pontifex,suggested,5,
populos,la,populus,suggested,5,
posita,la,pono,suggested,5,
positam,la,pono,suggested,5,
positum,la,pono,suggested,5,
possim,la,possum,suggested,5,
postmodum,la,postmodum,suggested,5,
potentiae,la,potentia,suggested,5,
potentissimo,la,potens,suggested,5,
potero,la,possum,suggested,5,
potestis,la,possum,suggested,5,
potuerit,la,possum,suggested,5,
potuisse,la,possum,suggested,5,
praecipuum,la,praecipuus,suggested,5,
praeclara,la,praeclarus,suggested,5,
praedam,la,praeda,suggested,5,
praedio,la,praedium,suggested,5,
praefecturam,la,praefectura,suggested,5,
praefecturas,la,praefectura,suggested,5,
praelato,la,praefero,suggested,5,
praelatus,la,praefero,suggested,5,
praescripto,la,praescribo,suggested,5,
praestat,la,praesto,suggested,5,
precationibus,la,precatio,suggested,5,
preces,la,prex,suggested,5,
prioris,la,prior,suggested,5,
pristinum,la,pristinus,suggested,5,
procuratore,la,procurator,suggested,5,
progredi,la,progredior,suggested,5,
prohibita,la,prohibeo,suggested,5,
promissis,la,promissum,suggested,5,
promittit,la,promitto,suggested,5,
propensionem,la,propensio,suggested,5,
propriae,la,proprius,suggested,5,
prosequitur,la,prosequor,suggested,5,
protestari,la,protestor,suggested,5,
protestor,la,protestor,suggested,5,
prouinciis,la,provincia,suggested,5,
proximi,la,proximus,suggested,5,
proximo,la,proximus,suggested,5,
publico,la,publicus,suggested,5,
puer,la,puer,suggested,5,
pueris,la,puer,suggested,5,
puerum,la,puer,suggested,5,
pugnae,la,pugna,suggested,5,
pugnatum,la,pugno,suggested,5,
qualia,la,qualis,suggested,5,
qualis,la,qualis,suggested,5,
quambioiendono,la,quambioiendonus,suggested,5,
quamdam,la,quidam,suggested,5,
quamquam,la,quamquam,suggested,5,
quibusque,la,quisque,suggested,5,
quolibet,la,quilibet,suggested,5,
rebelles,la,rebellis,suggested,5,
recipit,la,recipio,suggested,5,
rectae,la,rectus,suggested,5,
reddi,la,reddo,suggested,5,
regiae,la,regius,suggested,5,
regibus,la,rex,suggested,5,
regredi,la,regredior,suggested,5,
regulares,la,regularis,suggested,5,
relatus,la,refero,suggested,5,
reliquarum,la,reliquus,suggested,5,
reliquo,la,reliquus,suggested,5,
remanserunt,la,remaneo,suggested,5,
remotis,la,remoueo,suggested,5,
residebat,la,resideo,suggested,5,
respondi,la,respondeo,suggested,5,
responsio,la,responsio,suggested,5,
restat,la,resto,suggested,5,
retulit,la,refero,suggested,5,
rite,la,rite,suggested,5,
rogatus,la,rogo,suggested,5,
romanam,la,romanus,suggested,5,
romanus,la,romanus,suggested,5,
ruinam,la,ruina,suggested,5,
rursum,la,rursus,suggested,5,
sacrae,la,sacer,suggested,5,
sacros,la,sacer,suggested,5,
sagitta,la,sagitta,suggested,5,
saltim,la,saltim,suggested,5,
sapientia,la,sapientia,suggested,5,
scholares,la,scholaris,suggested,5,
scholastici,la,scholasticus,suggested,5,
sciat,la,scio,suggested,5,
scientes,la,scio,suggested,5,
scire,la,scio,suggested,5,
sciret,la,scio,suggested,5,
sciunt,la,scio,suggested,5,
secutus,la,sequor,suggested,5,
seminariis,la,seminarium,suggested,5,
sensuum,la,sensus,suggested,5,
sententiae,la,sententia,suggested,5,
septimum,la,septimus,suggested,5,
sequebantur,la,sequor,suggested,5,
sequi,la,sequor,suggested,5,
sermonem,la,sermo,suggested,5,
servati,la,servo,suggested,5,
servire,la,servio,suggested,5,
servos,la,servus,suggested,5,
sigan,la,siga,suggested,5,
sigillo,la,sigillum,suggested,5,
silentium,la,silentium,suggested,5,
similes,la,similis,suggested,5,
simili,la,similis,suggested,5,
simus,la,sum,suggested,5,
sinensem,la,sinensis,suggested,5,
singula,la,singulus,suggested,5,
singuli,la,singulus,suggested,5,
sinicas,la,Sinicus,suggested,5,
socio,la,socius,suggested,5,
sociorum,la,socius,suggested,5,
socios,la,socius,suggested,5,
solam,la,solus,suggested,5,
sortem,la,sors,suggested,5,
sotietatis,la,sotietas,suggested,5,
sperantes,la,spero,suggested,5,
spiritualium,la,spiritualis,suggested,5,
spiritum,la,spiritus,suggested,5,
stare,la,sto,suggested,5,
studium,la,studium,suggested,5,
stylo,la,stylus,suggested,5,
subiecta,la,subicio,suggested,5,
subito,la,subito,suggested,5,
subminister,la,subminister,suggested,5,
subsidium,la,subsidium,suggested,5,
sufficere,la,sufficio,suggested,5,
summis,la,summus,suggested,5,
sumptu,la,sumptus,suggested,5,
supplicio,la,supplicium,suggested,5,
suspicio,la,suspicio,suggested,5,
sustentatur,la,sustento,suggested,5,
symbam,la,symbus,suggested,5,
synarum,la,syna,suggested,5,
syriae,la,Syria,suggested,5,
taimingae,la,taiminga,suggested,5,
tali,la,talis,suggested,5,
tamque,la,tamque,suggested,5,
tarazauandonus,la,tarazauandonus,suggested,5,
tartaro,la,Tartarus,suggested,5,
tempestate,la,tempestas,suggested,5,
tempora,la,tempus,suggested,5,
testibus,la,testis,suggested,5,
theologiam,la,theologia,suggested,5,
thesaurum,la,thesaurus,suggested,5,
titulum,la,titulus,suggested,5,
toni,la,tonus,suggested,5,
toti,la,totus,suggested,5,
tradita,la,trado,suggested,5,
transierunt,la,transeo,suggested,5,
transire,la,transeo,suggested,5,
trecenta,la,trecenti,suggested,5,
trigautius,la,trigautus,suggested,5,
tuam,la,tuus,suggested,5,
tuo,la,tuus,suggested,5,
tutelam,la,tutela,suggested,5,
tyrannum,la,tyrannus,suggested,5,
ullo,la,ullus,suggested,5,
usq,la,usq,suggested,5,
utanum,la,utanus,suggested,5,
utilia,la,utilis,suggested,5,
v.c,es,V.C,suggested,5,
vanlieus,la,uanlio,suggested,5,
velit,la,volo,suggested,5,
velocitate,la,velocitas,suggested,5,
ver,la,uer,suggested,5,
verbi,la,verbum,suggested,5,
veritate,la,veritas,suggested,5,
versabatur,la,verso,suggested,5,
vertit,la,verto,suggested,5,
vias,la,via,suggested,5,
vicariorum,la,vicarius,suggested,5,
viceadministrator,la,viceadministrator,suggested,5,
vicinam,la,vicinus,suggested,5,
victoriae,la,victoria,suggested,5,
viderentur,la,video,suggested,5,
viderunt,la,video,suggested,5,
villam,la,villa,suggested,5,
vinculo,la,vinculum,suggested,5,
violentia,la,uiolentia,suggested,5,
visendi,la,viso,suggested,5,
vite,la,uita,suggested,5,
vivum,la,vivus,suggested,5,
vivus,la,vivus,suggested,5,
vnus,la,vnus,suggested,5,
vocis,la,vox,suggested,5,
vomurensi,la,vomurensis,suggested,5,
vulnera,la,vulnus,suggested,5,
vulneribus,la,vulnus,suggested,5,
vxor,la,vxor,suggested,5,
xiii,la,XIII,suggested,5,
absente,la,absens,suggested,4,
absentia,la,absentia,suggested,4,
acceperat,la,accipio,suggested,4,
acceptam,la,accipio,suggested,4,
acceptis,la,accipio,suggested,4,
accessit,la,accedo,suggested,4,
acciperet,la,accipio,suggested,4,
accommodata,la,accommodo,suggested,4,
accurate,la,accurate,suggested,4,
acquievit,la,acquiesco,suggested,4,
actiones,la,actio,suggested,4,
adamo,la,adamus,suggested,4,
adduxit,la,adduco,suggested,4,
adeoque,la,adeoque,suggested,4,
adesset,la,adsum,suggested,4,
aditus,la,aditus,suggested,4,
adiutus,la,adiuuo,suggested,4,
adjumento,la,adjumentum,suggested,4,
adjuvat,la,adjuvo,suggested,4,
administrent,la,administro,suggested,4,
admittat,la,admitto,suggested,4,
adorant,la,adoro,suggested,4,
aedibus,la,aedes,suggested,4,
aedituus,la,aedituus,suggested,4,
aequales,la,aequalis,suggested,4,
aestimatione,la,aestimatio,suggested,4,
aeternam,la,aeternus,suggested,4,
agebant,la,ago,suggested,4,
agi,la,ago,suggested,4,
agitur,la,ago,suggested,4,
agnes,la,agnes,suggested,4,
agnoscere,la,agnosco,suggested,4,
alere,la,alo,suggested,4,
alienam,la,alienus,suggested,4,
alieno,la,alienus,suggested,4,
alit,la,alo,suggested,4,
aliunde,la,aliunde,suggested,4,
aloysius,la,aloysius,suggested,4,
alvarus,la,alvarus,suggested,4,
amabat,la,amo,suggested,4,
amacaense,la,amacaensis,suggested,4,
amacaensi,la,amacaensus,suggested,4,
amacusam,la,amacusus,suggested,4,
ambitione,la,ambitio,suggested,4,
ambrosius,la,Ambrosius,suggested,4,
amicitia,la,amicitia,suggested,4,
amicos,la,amicus,suggested,4,
amicus,la,amicus,suggested,4,
amissis,la,amitto,suggested,4,
amoris,la,amor,suggested,4,
amplitudine,la,amplitudo,suggested,4,
ampliùs,la,ample,suggested,4,
animarumque,la,animarumquus,suggested,4,
annuerunt,la,anneo,suggested,4,
annuit,la,annuo,suggested,4,
antiquas,la,antiquus,suggested,4,
antiqui,la,antiquus,suggested,4,
antiquorum,la,antiquus,suggested,4,
aperto,la,aperio,suggested,4,
apostolicorum,la,apostolicus,suggested,4,
apostolorum,la,apostolus,suggested,4,
appellant,la,appello,suggested,4,
appellatur,la,appello,suggested,4,
approbationem,la,approbatio,suggested,4,
aptus,la,aptus,suggested,4,
ardor,la,ardor,suggested,4,
area,la,area,suggested,4,
argenteis,la,argenteus,suggested,4,
armorum,la,arma,suggested,4,
aromatibus,la,aroma,suggested,4,
artes,la,ars,suggested,4,
aspirante,la,aspiro,suggested,4,
assequi,la,assequor,suggested,4,
assignavit,la,assigno,suggested,4,
atres,la,ater,suggested,4,
auctor,la,auctor,suggested,4,
auctores,la,auctor,suggested,4,
auctoritas,la,auctoritas,suggested,4,
auditores,la,auditor,suggested,4,
auditum,la,audio,suggested,4,
augetur,la,augeo,suggested,4,
aulici,la,aulicus,suggested,4,
auri,la,aurum,suggested,4,
auro,la,aurum,suggested,4,
australi,la,australis,suggested,4,
austrum,la,auster,suggested,4,
autoritatem,la,autoritas,suggested,4,
auxit,la,augeo,suggested,4,
avaritia,la,avaritia,suggested,4,
baptizatos,la,baptizo,suggested,4,
battizavi,la,battizo,suggested,4,
beatis,la,beatus,suggested,4,
beatitudo,la,beatitudo,suggested,4,
beatum,la,beatus,suggested,4,
bellorum,la,bellum,suggested,4,
benedictione,la,benedictio,suggested,4,
benevolentiam,la,benevolentia,suggested,4,
benignitate,la,benignitas,suggested,4,
bernus,la,Bernus,suggested,4,
binas,la,bini,suggested,4,
binos,la,bini,suggested,4,
bonitati,la,bonitas,suggested,4,
bonzos,la,bonzus,suggested,4,
boreales,la,borealis,suggested,4,
bungense,la,bungensis,suggested,4,
caecitate,la,caecitas,suggested,4,
caede,la,caedes,suggested,4,
caelesti,la,caelestis,suggested,4,
calamitate,la,calamitas,suggested,4,
caligine,la,caligo,suggested,4,
cantonensis,la,cantonensis,suggested,4,
cantoni,la,cantonus,suggested,4,
canzuiendono,la,canzuiendonus,suggested,4,
capiti,la,caput,suggested,4,
capitur,la,capo,suggested,4,
capta,la,capio,suggested,4,
carcerem,la,carcer,suggested,4,
caritatis,la,caritas,suggested,4,
cathalogus,la,cathalogus,suggested,4,
causae,la,causa,suggested,4,
cautela,la,cautela,suggested,4,
cederet,la,cedo,suggested,4,
censetur,la,censeo,suggested,4,
certa,la,certus,suggested,4,
certior,la,certus,suggested,4,
cetera,la,ceterus,suggested,4,
cȩteris,la,cȩterus,suggested,4,
chì,la,chì,suggested,4,
chinensibus,la,chinensus,suggested,4,
chinensis,la,chinensus,suggested,4,
cicugen,la,cicugen,suggested,4,
circenses,la,circensis,suggested,4,
ciuitate,la,ciuitas,suggested,4,
ciuitati,la,ciuitas,suggested,4,
civitatum,la,civitas,suggested,4,
classe,la,classis,suggested,4,
clavis,la,clavis,suggested,4,
clementia,la,clementia,suggested,4,
coacta,la,cogo,suggested,4,
cocincinicae,la,cocincinicus,suggested,4,
coeperunt,la,coepi,suggested,4,
cognito,la,cognosco,suggested,4,
colaso,la,Colasus,suggested,4,
colaus,la,colaus,suggested,4,
collata,la,confero,suggested,4,
collectaria,la,collectarius,suggested,4,
collectis,la,colligo,suggested,4,
colligitur,la,colligo,suggested,4,
colore,la,color,suggested,4,
comertium,la,comertium,suggested,4,
comites,la,comes,suggested,4,
commissa,la,committo,suggested,4,
commoditatem,la,commoditas,suggested,4,
commodius,la,commode,suggested,4,
commodum,la,commodus,suggested,4,
commune,la,communis,suggested,4,
communes,la,communis,suggested,4,
complectitur,la,complector,suggested,4,
concedit,la,concedo,suggested,4,
concilii,la,concilium,suggested,4,
concionator,la,concionator,suggested,4,
concurrentibus,la,concurro,suggested,4,
conditio,la,conditio,suggested,4,
conferre,la,confero,suggested,4,
confessionibus,la,confessio,suggested,4,
confessionis,la,confessio,suggested,4,
confidamus,la,confido,suggested,4,
confirmare,la,confirmo,suggested,4,
confiterentur,la,confiteo,suggested,4,
conflictu,la,conflictus,suggested,4,
confugerant,la,confugio,suggested,4,
coniugii,la,coniugium,suggested,4,
consequenter,la,consequenter,suggested,4,
consequi,la,consequor,suggested,4,
consiliorum,la,consilium,suggested,4,
constans,la,consto,suggested,4,
constanter,la,constanter,suggested,4,
constantiam,la,constantia,suggested,4,
constantinus,la,constantinus,suggested,4,
constare,la,consto,suggested,4,
constituti,la,constituo,suggested,4,
contenti,la,contineo,suggested,4,
contentione,la,contentio,suggested,4,
continentur,la,contineo,suggested,4,
continuis,la,continuus,suggested,4,
contractum,la,contraho,suggested,4,
contraria,la,contrarius,suggested,4,
contulerunt,la,confero,suggested,4,
conuenire,la,conuenio,suggested,4,
conveniens,la,convenio,suggested,4,
conventibus,la,conventus,suggested,4,
conventus,la,conventus,suggested,4,
conversioni,la,conversio,suggested,4,
convertit,la,converto,suggested,4,
convocatis,la,convoco,suggested,4,
copiam,la,copia,suggested,4,
copiarum,la,copia,suggested,4,
coquus,la,coquus,suggested,4,
corda,la,cor,suggested,4,
cordibus,la,cor,suggested,4,
coreanis,la,coreanus,suggested,4,
corporum,la,corpus,suggested,4,
cosmus,la,cosmus,suggested,4,
costa,la,costa,suggested,4,
creatus,la,creo,suggested,4,
credentes,la,credo,suggested,4,
creditur,la,credo,suggested,4,
crevit,la,cresco,suggested,4,
crines,la,crinis,suggested,4,
cruciatibus,la,cruciatus,suggested,4,
crudelitatem,la,crudelitas,suggested,4,
curavi,la,curo,suggested,4,
custodes,la,custos,suggested,4,
custodia,la,custodia,suggested,4,
dam,la,do,suggested,4,
damnatorum,la,damno,suggested,4,
damni,la,damnum,suggested,4,
daret,la,do,suggested,4,
daretur,la,do,suggested,4,
dari,la,do,suggested,4,
dat,la,do,suggested,4,
debebant,la,debeo,suggested,4,
dedecus,la,dedecus,suggested,4,
dederint,la,do,suggested,4,
dederunt,la,do,suggested,4,
deducti,la,deduco,suggested,4,
deessent,la,desum,suggested,4,
degens,la,degeo,suggested,4,
degenti,la,degeo,suggested,4,
dem,la,dem,suggested,4,
deputati,la,deputo,suggested,4,
deque,la,deque,suggested,4,
descendit,la,descendo,suggested,4,
desideria,la,desiderium,suggested,4,
destinato,la,destino,suggested,4,
destituti,la,destituo,suggested,4,
destructae,la,destruo,suggested,4,
destruere,la,destruo,suggested,4,
desunt,la,desum,suggested,4,
devenit,la,devenio,suggested,4,
dicebatur,la,dico,suggested,4,
dicimus,la,dico,suggested,4,
dictas,la,dico,suggested,4,
digna,la,dignus,suggested,4,
dignitas,la,dignitas,suggested,4,
diis,la,deus,suggested,4,
dilecto,la,diligo,suggested,4,
dimittere,la,dimitto,suggested,4,
diripiunt,la,diripio,suggested,4,
discedere,la,discedo,suggested,4,
discere,la,disco,suggested,4,
discrimina,la,discrimen,suggested,4,
diserte,la,diserte,suggested,4,
dispendio,la,dispendium,suggested,4,
distantiam,la,distantia,suggested,4,
distribuit,la,distribuo,suggested,4,
diuinorum,la,diuinus,suggested,4,
dives,la,dives,suggested,4,
dividitur,la,divido,suggested,4,
dno,la,dnus,suggested,4,
docti,la,doceo,suggested,4,
doctorum,la,doctor,suggested,4,
domesticis,la,domesticus,suggested,4,
domina,la,dominus,suggested,4,
dominio,la,dominium,suggested,4,
donis,la,donum,suggested,4,
dono,la,donum,suggested,4,
dotes,la,dos,suggested,4,
dubia,la,dubius,suggested,4,
dubito,la,dubito,suggested,4,
ducenta,la,ducenti,suggested,4,
dummodo,la,dummodo,suggested,4,
duxit,la,duco,suggested,4,
dynastae,la,dynasta,suggested,4,
eclesiae,la,eclesia,suggested,4,
edificationem,la,edificatio,suggested,4,
editis,la,edo,suggested,4,
effector,la,effector,suggested,4,
egregiam,la,egregius,suggested,4,
egregium,la,egregius,suggested,4,
eique,la,eique,suggested,4,
electi,la,eligo,suggested,4,
electum,la,eligo,suggested,4,
eleemosinis,la,eleemosinus,suggested,4,
eligi,la,eligo,suggested,4,
eminentes,la,emineo,suggested,4,
emolumentum,la,emolumentum,suggested,4,
eoq,la,iq,suggested,4,
eorumque,la,eorumque,suggested,4,
eousque,la,eousque,suggested,4,
epistolae,la,epistola,suggested,4,
epistolas,la,epistola,suggested,4,
equitibus,la,eques,suggested,4,
equitum,la,eques,suggested,4,
equorum,la,equus,suggested,4,
erigere,la,erigo,suggested,4,
errorum,la,error,suggested,4,
ethnici,la,ethnicus,suggested,4,
eumque,la,eumque,suggested,4,
eunuchis,la,eunucha,suggested,4,
eunucho,la,eunuchus,suggested,4,
eunuchus,la,eunuchus,suggested,4,
evangelicae,la,evangelicus,suggested,4,
evaserunt,la,evado,suggested,4,
evenit,la,evenio,suggested,4,
excedere,la,excedo,suggested,4,
excepti,la,excipio,suggested,4,
excipit,la,excipio,suggested,4,
execranda,la,execro,suggested,4,
executioni,la,executio,suggested,4,
exercet,la,exerceo,suggested,4,
exhibito,la,exhibeo,suggested,4,
exhibuit,la,exhibeo,suggested,4,
exigui,la,exiguus,suggested,4,
exire,la,exeo,suggested,4,
existendi,la,existo,suggested,4,
existimabat,la,existimo,suggested,4,
existimavi,la,existimo,suggested,4,
expectant,la,exspecto,suggested,4,
experti,la,experior,suggested,4,
explicationem,la,explicatio,suggested,4,
exploratores,la,explorator,suggested,4,
extiterit,la,exsisto,suggested,4,
faciendam,la,facio,suggested,4,
facilè,la,facilè,suggested,4,
facili,la,facilis,suggested,4,
facinus,la,facinus,suggested,4,
factiones,la,factio,suggested,4,
facultatum,la,facultas,suggested,4,
falsa,la,falsus,suggested,4,
falso,la,falsus,suggested,4,
falsum,la,falsus,suggested,4,
famulis,la,famulus,suggested,4,
faxit,la,faho,suggested,4,
fecerat,la,facio,suggested,4,
fecisset,la,facio,suggested,4,
felici,la,felix,suggested,4,
felicis,la,felix,suggested,4,
ferdinandus,la,Ferdinandus,suggested,4,
ferre,la,fero,suggested,4,
fertur,la,fero,suggested,4,
fervore,la,fervor,suggested,4,
fili,la,filius,suggested,4,
filia,la,filia,suggested,4,
fines,la,finis,suggested,4,
fiunt,la,fio,suggested,4,
fixit,la,figo,suggested,4,
flammis,la,flamma,suggested,4,
flexis,la,flecto,suggested,4,
flumine,la,flumen,suggested,4,
foeditate,la,foeditas,suggested,4,
fokiensi,la,fokiensis,suggested,4,
fons,la,fons,suggested,4,
formidine,la,formido,suggested,4,
formositatem,la,formositas,suggested,4,
fortissimo,la,fortis,suggested,4,
fortitudinem,la,fortitudo,suggested,4,
fortunam,la,fortuna,suggested,4,
franciscanum,la,franciscanus,suggested,4,
franciscanus,la,franciscanus,suggested,4,
francisco,es,Francisco,suggested,4,
fugitivi,la,fugitivus,suggested,4,
fuissem,la,sum,suggested,4,
fundatorem,la,fundator,suggested,4,
funditus,la,funditus,suggested,4,
furoris,la,furor,suggested,4,
gallus,la,gallus,suggested,4,
gaudium,la,gaudium,suggested,4,
generalem,la,generalis,suggested,4,
gentili,la,gentilis,suggested,4,
gerunt,la,gero,suggested,4,
gibonoscio,la,Gibonoscius,suggested,4,
gloriosum,la,gloriosus,suggested,4,
gouvea,la,Gouvea,suggested,4,
gradibus,la,gradus,suggested,4,
gratum,la,gratus,suggested,4,
gravissimis,la,gravis,suggested,4,
gravitate,la,gravitas,suggested,4,
gregi,la,grex,suggested,4,
gubernatione,la,gubernatio,suggested,4,
gubernatore,la,gubernator,suggested,4,
gubernatorem,la,gubernator,suggested,4,
gubernatori,la,gubernator,suggested,4,
habebatur,la,habeo,suggested,4,
habitabat,la,habito,suggested,4,
habitandum,la,habito,suggested,4,
habitantes,la,habito,suggested,4,
habitatione,la,habitatio,suggested,4,
habitationes,la,habitatio,suggested,4,
habito,la,habeo,suggested,4,
habitus,la,habitus,suggested,4,
habuimus,la,habeo,suggested,4,
habuisse,la,habeo,suggested,4,
haereticis,la,haereticus,suggested,4,
haver,es,haver,suggested,4,
heliopolitano,la,heliopolitanus,suggested,4,
homine,la,homo,suggested,4,
honor,la,honor,suggested,4,
horam,la,hora,suggested,4,
hosce,la,hic,suggested,4,
humanitatem,la,humanitas,suggested,4,
humanitatis,la,humanitas,suggested,4,
humanum,la,humanus,suggested,4,
humiles,la,humilis,suggested,4,
iacobus,la,Iacob,suggested,4,
iaponensi,la,iaponensis,suggested,4,
ideoque,la,ideoque,suggested,4,
idolum,la,idolum,suggested,4,
illmae,la,illme,suggested,4,
immensa,la,immensus,suggested,4,
immortali,la,immortalis,suggested,4,
impedire,la,impedio,suggested,4,
imperare,la,impero,suggested,4,
imperat,la,impero,suggested,4,
imperavit,la,impero,suggested,4,
imperialem,la,imperialis,suggested,4,
impetrare,la,impetro,suggested,4,
impressum,la,imprimo,suggested,4,
incidisset,la,incido,suggested,4,
incidit,la,incido,suggested,4,
incolae,la,incola,suggested,4,
incolumem,la,incolumis,suggested,4,
incolunt,la,incolo,suggested,4,
incommodum,la,incommodum,suggested,4,
incredibile,la,incredibilis,suggested,4,
incredibilia,la,incredibilis,suggested,4,
incremento,la,incrementum,suggested,4,
indicavit,la,indico,suggested,4,
indicia,la,indicium,suggested,4,
indie,la,indie,suggested,4,
indiget,la,indigeo,suggested,4,
inferior,la,inferus,suggested,4,
inferos,la,inferi,suggested,4,
infideles,la,infidelis,suggested,4,
infirmarii,la,infirmarius,suggested,4,
ingrederentur,la,aggredior,suggested,4,
ingrediendum,la,ingredior,suggested,4,
ingreditur,la,ingredior,suggested,4,
inhiabat,la,inhio,suggested,4,
initia,la,initium,suggested,4,
initiatus,la,initior,suggested,4,
innumerabilium,la,innumerabilis,suggested,4,
inopia,la,inopia,suggested,4,
inscribitur,la,inscribo,suggested,4,
insignem,la,insignis,suggested,4,
instituimus,la,instituo,suggested,4,
insularum,la,insula,suggested,4,
integra,la,integer,suggested,4,
integritas,la,integritas,suggested,4,
intelligatis,la,intellego,suggested,4,
intelligentia,la,intellegentia,suggested,4,
intelligentiae,la,intellegentia,suggested,4,
intentio,la,intentio,suggested,4,
interclusum,la,intercludo,suggested,4,
interdictum,la,interdico,suggested,4,
interfectus,la,interficio,suggested,4,
interiori,la,interior,suggested,4,
inuenire,la,inuenio,suggested,4,
invaderent,la,invadeo,suggested,4,
invadunt,la,invado,suggested,4,
invasit,la,invado,suggested,4,
invenire,la,invenio,suggested,4,
ioanne,la,Johanne,suggested,4,
iosephi,la,iosephus,suggested,4,
ipsomet,la,ipso,suggested,4,
iquon,la,iquon,suggested,4,
irae,la,ira,suggested,4,
iri,la,eo,suggested,4,
istas,la,iste,suggested,4,
italia,la,Italia,suggested,4,
itaq,la,itaq,suggested,4,
iubebat,la,iubeo,suggested,4,
iudices,la,iudex,suggested,4,
iudicia,la,iudicium,suggested,4,
iuenes,la,iuenis,suggested,4,
iurisdictionem,la,iurisdictio,suggested,4,
iussu,la,iussus,suggested,4,
iusta,la,iustus,suggested,4,
iustam,la,iustus,suggested,4,
iustitiam,la,iustitia,suggested,4,
japon,la,japon,suggested,4,
japponicis,la,japponicus,suggested,4,
jussit,la,jubeo,suggested,4,
kalendas,la,kalendae,suggested,4,
kathay,la,kathay,suggested,4,
laborem,la,labor,suggested,4,
laodicia,la,Laodicia,suggested,4,
laorum,la,laorus,suggested,4,
lapide,la,lapis,suggested,4,
lapidem,la,lapis,suggested,4,
lapidibus,la,lapis,suggested,4,
las,es,el,suggested,4,
latinis,la,latinus,suggested,4,
latinum,la,latinus,suggested,4,
latroni,la,latro,suggested,4,
laudem,la,laus,suggested,4,
legum,la,lex,suggested,4,
leucarum,la,leucus,suggested,4,
liberaliter,la,liberaliter,suggested,4,
liberatione,la,liberatio,suggested,4,
libra,la,liber,suggested,4,
liceat,la,licet,suggested,4,
lictera,la,littera,suggested,4,
ligna,la,lignum,suggested,4,
linguas,la,lingua,suggested,4,
lite,la,lis,suggested,4,
litigium,la,litigium,suggested,4,
littera,la,littera,suggested,4,
locandis,la,loco,suggested,4,
longo,la,longus,suggested,4,
loyola,la,Loyola,suggested,4,
lucro,la,lucrum,suggested,4,
lucrum,la,lucrum,suggested,4,
magistrum,la,magister,suggested,4,
magnaque,la,magnaque,suggested,4,
magnitudinem,la,magnitudo,suggested,4,
maiestate,la,maiestas,suggested,4,
maiestati,la,maiestas,suggested,4,
malitiam,la,malitia,suggested,4,
malum,la,malum,suggested,4,
mancipia,la,mancipium,suggested,4,
mandat,la,mando,suggested,4,
manere,la,maneo,suggested,4,
maneret,la,maneo,suggested,4,
manifesto,la,manifestus,suggested,4,
manila,la,Manila,suggested,4,
mansilla,la,Mansilla,suggested,4,
marcus,la,marcus,suggested,4,
marinum,la,marinus,suggested,4,
matribus,la,mater,suggested,4,
meae,la,meus,suggested,4,
meas,la,meus,suggested,4,
mediam,la,medius,suggested,4,
medios,la,medius,suggested,4,
medium,la,medius,suggested,4,
mee,la,meus,suggested,4,
meliorem,la,bonus,suggested,4,
memor,la,memor,suggested,4,
memoratus,la,memoro,suggested,4,
mendacium,la,mendacium,suggested,4,
mente,la,mens,suggested,4,
mentibus,la,mens,suggested,4,
mentionem,la,mentio,suggested,4,
michaelem,la,michaeles,suggested,4,
miles,la,miles,suggested,4,
millesimo,la,millesimus,suggested,4,
ministerium,la,ministerium,suggested,4,
minoanum,la,minoanus,suggested,4,
minoris,la,paruus,suggested,4,
mirifice,la,mirifice,suggested,4,
miro,la,mirus,suggested,4,
misere,la,misere,suggested,4,
misericordiae,la,misericordia,suggested,4,
misi,la,mitto,suggested,4,
missum,la,mitto,suggested,4,
mittantur,la,mitto,suggested,4,
mittatur,la,mitto,suggested,4,
mittendum,la,mitto,suggested,4,
mitterent,la,mitto,suggested,4,
mitteret,la,mitto,suggested,4,
mittitur,la,mitto,suggested,4,
mittuntur,la,mitto,suggested,4,
moderatur,la,modero,suggested,4,
modò,la,modò,suggested,4,
molestias,la,molestia,suggested,4,
morali,la,moralis,suggested,4,
mortalibus,la,mortalis,suggested,4,
mortuo,la,morior,suggested,4,
mulier,la,mulier,suggested,4,
mutata,la,muto,suggested,4,
mutatione,la,mutatio,suggested,4,
mutavit,la,muto,suggested,4,
mutuam,la,mutuus,suggested,4,
nati,la,nascor,suggested,4,
nationes,la,natio,suggested,4,
naturam,la,natura,suggested,4,
navigationis,la,navigatio,suggested,4,
necem,la,nex,suggested,4,
necessariis,la,necessarius,suggested,4,
neminem,la,nemo,suggested,4,
nequeat,la,nequeo,suggested,4,
nestorianorum,la,nestorianus,suggested,4,
nil,la,nihil,suggested,4,
nimia,la,nimius,suggested,4,
nobilissimum,la,nobilis,suggested,4,
nocivum,la,nocivus,suggested,4,
noctem,la,nox,suggested,4,
normam,la,norma,suggested,4,
novae,la,novus,suggested,4,
novas,la,novus,suggested,4,
novorum,la,novus,suggested,4,
nutu,la,nutus,suggested,4,
obiectum,la,obiectum,suggested,4,
obscura,la,obscurus,suggested,4,
observantiam,la,observantia,suggested,4,
obsidionem,la,obsidio,suggested,4,
obsidionis,la,obsidio,suggested,4,
obtemperare,la,obtempero,suggested,4,
obviam,la,obviam,suggested,4,
occasum,la,occasus,suggested,4,
occidit,la,occido,suggested,4,
occisi,la,occido,suggested,4,
occisus,la,occido,suggested,4,
occupant,la,occupo,suggested,4,
occupasset,la,occupo,suggested,4,
occurrit,la,occurro,suggested,4,
occurrunt,la,occurro,suggested,4,
offerens,la,offero,suggested,4,
offert,la,offero,suggested,4,
officiis,la,officium,suggested,4,
oleum,la,oleum,suggested,4,
omnipotentis,la,omnipotens,suggested,4,
omnique,la,omnique,suggested,4,
omuram,la,Omura,suggested,4,
onere,la,onus,suggested,4,
onerosa,la,onerosus,suggested,4,
operae,la,opera,suggested,4,
operariorum,la,operarius,suggested,4,
opinionem,la,opinio,suggested,4,
opportunitatem,la,opportunitas,suggested,4,
optabat,la,opto,suggested,4,
optimi,la,bonus,suggested,4,
optimos,la,bonus,suggested,4,
optimus,la,bonus,suggested,4,
oraculo,la,oraculum,suggested,4,
orationem,la,oratio,suggested,4,
orationi,la,oratio,suggested,4,
orbe,la,orbis,suggested,4,
orbi,la,orbis,suggested,4,
oria,la,oria,suggested,4,
ornatu,la,ornatus,suggested,4,
ostenderet,la,ostendo,suggested,4,
otium,la,otium,suggested,4,
oves,la,ovis,suggested,4,
pacecus,la,pacecus,suggested,4,
padre,la,pader,suggested,4,
pagis,la,pagus,suggested,4,
pagum,la,pagus,suggested,4,
palatinae,la,Palatinus,suggested,4,
palmos,la,palmus,suggested,4,
paratum,la,paro,suggested,4,
parem,la,par,suggested,4,
parere,la,pario,suggested,4,
pares,la,par,suggested,4,
parùm,la,parùm,suggested,4,
parvi,la,parvus,suggested,4,
passionis,la,passio,suggested,4,
paterna,la,paternus,suggested,4,
patiuntur,la,patior,suggested,4,
patrie,la,patria,suggested,4,
pauperes,la,pauper,suggested,4,
paupertate,la,paupertas,suggested,4,
peculiarem,la,peculiaris,suggested,4,
pecunias,la,pecunia,suggested,4,
pendet,la,pendeo,suggested,4,
pensionem,la,pensio,suggested,4,
pequini,la,pequinus,suggested,4,
perdidit,la,perdo,suggested,4,
perez,la,perez,suggested,4,
perfecte,la,perfecte,suggested,4,
perfusi,la,perfundo,suggested,4,
permisit,la,permitto,suggested,4,
permissa,la,permitto,suggested,4,
permittere,la,permitto,suggested,4,
permittit,la,permitto,suggested,4,
perpetuam,la,perpetuus,suggested,4,
persis,la,persa,suggested,4,
personae,la,persona,suggested,4,
pertinet,la,pertineo,suggested,4,
pervenerit,la,pervenio,suggested,4,
pervenisse,la,pervenio,suggested,4,
petitum,la,peto,suggested,4,
petrum,la,petrus,suggested,4,
petunt,la,peto,suggested,4,
pietas,la,pietas,suggested,4,
plene,la,plene,suggested,4,
pleni,la,plenus,suggested,4,
plurimorum,la,plurime,suggested,4,
pompa,la,pompa,suggested,4,
populis,la,populus,suggested,4,
populorum,la,populus,suggested,4,
portam,la,porta,suggested,4,
positae,la,pono,suggested,4,
possis,la,possum,suggested,4,
postulans,la,postulo,suggested,4,
postulare,la,postulo,suggested,4,
postulatis,la,postulo,suggested,4,
posuit,la,pono,suggested,4,
poteramus,la,poteo,suggested,4,
potitus,la,potior,suggested,4,
potuerint,la,possum,suggested,4,
potuimus,la,possum,suggested,4,
praecipit,la,praecipio,suggested,4,
praecipuam,la,praecipuus,suggested,4,
praecipuo,la,praecipuus,suggested,4,
praedicationem,la,praedicatio,suggested,4,
praelatum,la,praefero,suggested,4,
praemio,la,praemium,suggested,4,
praepositi,la,praepono,suggested,4,
praestant,la,praesto,suggested,4,
praeteritis,la,praetereo,suggested,4,
prȩcepta,la,prȩcipio,suggested,4,
precipue,la,precipue,suggested,4,
predicare,la,predico,suggested,4,
predicti,la,praedictus,suggested,4,
prelato,la,prefero,suggested,4,
pretio,la,pretium,suggested,4,
pridem,la,pridem,suggested,4,
primarii,la,primarius,suggested,4,
privilegia,la,privilegium,suggested,4,
probat,la,probo,suggested,4,
processiones,la,processio,suggested,4,
promittunt,la,promitto,suggested,4,
promptu,la,promptus,suggested,4,
promptus,la,promptus,suggested,4,
prono,la,pronus,suggested,4,
proposuit,la,propono,suggested,4,
propugnaculis,la,propugnaculum,suggested,4,
prosequi,la,prosequor,suggested,4,
protestatione,la,protestatio,suggested,4,
protinus,la,protinus,suggested,4,
prouidentia,la,prouidentia,suggested,4,
prouinciam,la,prouincia,suggested,4,
providentiae,la,providentia,suggested,4,
providere,la,provideo,suggested,4,
provideret,la,provideo,suggested,4,
publicam,la,publicus,suggested,4,
publicavit,la,publico,suggested,4,
puerorum,la,puer,suggested,4,
pugnantibus,la,pugno,suggested,4,
puluere,la,pulvis,suggested,4,
quamdiu,la,quamdiu,suggested,4,
quantam,la,quantus,suggested,4,
quarta,la,quartus,suggested,4,
quarto,la,quartus,suggested,4,
que,es,que,suggested,4,
quedam,la,quidam,suggested,4,
quemquam,la,quisquam,suggested,4,
quendam,la,quidam,suggested,4,
querelis,la,querela,suggested,4,
quicumque,la,quicumque,suggested,4,
quiete,la,quies,suggested,4,
quingenti,la,quingenti,suggested,4,
quingentis,la,quingenti,suggested,4,
quique,la,quique,suggested,4,
quivis,la,quivis,suggested,4,
quocumque,la,quicumque,suggested,4,
quotanis,la,quotanis,suggested,4,
rebellione,la,rebellio,suggested,4,
recedere,la,recedo,suggested,4,
receperunt,la,recipio,suggested,4,
reciperet,la,recipio,suggested,4,
recipiantur,la,recipio,suggested,4,
rectius,la,recte,suggested,4,
rectori,la,rector,suggested,4,
reducere,la,reduco,suggested,4,
refert,la,refero,suggested,4,
regiis,la,regius,suggested,4,
reginae,la,regina,suggested,4,
regitur,la,rego,suggested,4,
relatio,la,relatio,suggested,4,
relatum,la,refero,suggested,4,
religio,la,religio,suggested,4,
religiosus,la,religiosus,suggested,4,
reliquorum,la,reliquus,suggested,4,
remota,la,remoueo,suggested,4,
remotissimis,la,remotus,suggested,4,
repetivere,la,repeto,suggested,4,
residet,la,resideo,suggested,4,
respondendum,la,respondeo,suggested,4,
respondetur,la,respondeo,suggested,4,
restituere,la,restituo,suggested,4,
resurrectionis,la,resurrectio,suggested,4,
retro,la,retro,suggested,4,
reverentiae,la,reverentia,suggested,4,
revertit,la,reverto,suggested,4,
rigore,la,rigor,suggested,4,
robur,la,robur,suggested,4,
rogo,la,rogo,suggested,4,
rusticis,la,rusticus,suggested,4,
sacerdotis,la,sacerdos,suggested,4,
sacerdotum,la,sacerdos,suggested,4,
sacrificio,la,sacrificium,suggested,4,
salus,la,salus,suggested,4,
salvatoris,la,saluator,suggested,4,
sanctitatem,la,sanctitas,suggested,4,
sanguinis,la,sanguis,suggested,4,
sapientiam,la,sapientia,suggested,4,
saraceni,la,saracenus,suggested,4,
saracenorum,la,saracenus,suggested,4,
satisfactione,la,satisfactio,suggested,4,
satisfactum,la,satisfacio,suggested,4,
scelere,la,scelus,suggested,4,
scientia,la,scientia,suggested,4,
scientiam,la,scientia,suggested,4,
scribam,la,scribo,suggested,4,
scripta,la,scribo,suggested,4,
scriptam,la,scribo,suggested,4,
secura,la,securus,suggested,4,
securior,la,securus,suggested,4,
semen,la,semen,suggested,4,
senex,la,senex,suggested,4,
sensus,la,sensus,suggested,4,
separati,la,separo,suggested,4,
separatur,la,separo,suggested,4,
seque,la,seque,suggested,4,
sequentibus,la,sequor,suggested,4,
seraphici,la,seraphicus,suggested,4,
sermones,la,sermo,suggested,4,
sermonibus,la,sermo,suggested,4,
seruator,la,seruator,suggested,4,
servare,la,servo,suggested,4,
servi,la,servus,suggested,4,
servis,la,servus,suggested,4,
servitium,la,seruitium,suggested,4,
sextum,la,sextus,suggested,4,
sigillatim,la,sigillatim,suggested,4,
significationem,la,significatio,suggested,4,
significavit,la,significo,suggested,4,
signum,la,signum,suggested,4,
simile,la,similis,suggested,4,
similis,la,similis,suggested,4,
sinicos,la,sinicus,suggested,4,
solatio,la,solatio,suggested,4,
solitis,la,soleo,suggested,4,
solium,la,solium,suggested,4,
soluta,la,soluo,suggested,4,
solverentur,la,solvo,suggested,4,
solvitur,la,solvo,suggested,4,
sordes,la,sors,suggested,4,
sparsi,la,spargo,suggested,4,
sperare,la,spero,suggested,4,
splendida,la,splendidus,suggested,4,
splendorem,la,splendor,suggested,4,
spoliati,la,spolio,suggested,4,
stabilia,la,stabilis,suggested,4,
statuerat,la,statuo,suggested,4,
stetit,la,sto,suggested,4,
strage,la,strages,suggested,4,
studiorum,la,studium,suggested,4,
su,la,su,suggested,4,
subiectis,la,subicio,suggested,4,
sublata,la,tollo,suggested,4,
sublatis,la,tollo,suggested,4,
subscribere,la,subscribo,suggested,4,
subvenire,la,subvenio,suggested,4,
summae,la,summus,suggested,4,
suosque,la,suos,suggested,4,
superare,la,supero,suggested,4,
superata,la,supero,suggested,4,
superius,la,supra,suggested,4,
suppeditat,la,suppedito,suggested,4,
supradicto,la,supradico,suggested,4,
suscepit,la,suscipio,suggested,4,
suscipiunt,la,suscipio,suggested,4,
suspendit,la,suspendo,suggested,4,
suspensi,la,suspendo,suggested,4,
suspensione,la,suspensio,suggested,4,
sustentandam,la,sustento,suggested,4,
tactus,la,tactus,suggested,4,
taici,la,taicus,suggested,4,
tantopere,la,tantopere,suggested,4,
tanyu,la,tanyu,suggested,4,
tela,la,telum,suggested,4,
temere,la,temere,suggested,4,
templis,la,templum,suggested,4,
templo,la,templum,suggested,4,
temporalia,la,temporalis,suggested,4,
temporum,la,tempus,suggested,4,
tenebat,la,teneo,suggested,4,
tenet,la,teneo,suggested,4,
tentavit,la,tento,suggested,4,
tenzae,la,tenza,suggested,4,
terre,la,terra,suggested,4,
thartaros,la,thartari,suggested,4,
theologia,la,theologia,suggested,4,
thienkius,la,thius,suggested,4,
timendum,la,timeo,suggested,4,
tollere,la,tollo,suggested,4,
toscirondonus,la,toscirondonus,suggested,4,
totiusque,la,totiusque,suggested,4,
tractat,la,tracto,suggested,4,
tradiderunt,la,trado,suggested,4,
tranquillitate,la,tranquillitas,suggested,4,
transeunt,la,transeo,suggested,4,
transitu,la,transitus,suggested,4,
transitum,la,transitus,suggested,4,
transmitterent,la,transmitto,suggested,4,
tredecim,la,tredecim,suggested,4,
tribuere,la,tribuo,suggested,4,
tribunal,la,tribunal,suggested,4,
tueri,la,tueor,suggested,4,
tumulis,la,tumulus,suggested,4,
tumultus,la,tumultus,suggested,4,
turbavit,la,turbo,suggested,4,
turpiter,la,turpiter,suggested,4,
tyrus,la,Tyros,suggested,4,
ullus,la,ullus,suggested,4,
ultimam,la,ultimus,suggested,4,
ulysipponensis,la,ulysipponensis,suggested,4,
uni,la,unus,suggested,4,
universum,la,universus,suggested,4,
urgente,la,urgeo,suggested,4,
usu,la,usus,suggested,4,
usus,la,usus,suggested,4,
utani,la,utanus,suggested,4,
uterque,la,uterque,suggested,4,
utilis,la,utilis,suggested,4,
utique,la,utique,suggested,4,
utitur,la,utor,suggested,4,
utpote,la,utpote,suggested,4,
valeant,la,valeo,suggested,4,
valetudine,la,valetudo,suggested,4,
vane,la,vane,suggested,4,
vbique,la,vbique,suggested,4,
velim,la,volo,suggested,4,
venerit,la,venio,suggested,4,
venetus,la,venetus,suggested,4,
veniamus,la,venio,suggested,4,
veniat,la,venio,suggested,4,
venirent,la,venio,suggested,4,
versatur,la,verso,suggested,4,
veste,la,vestis,suggested,4,
vestibus,la,vestis,suggested,4,
vestigia,la,vestigium,suggested,4,
vestrarum,la,vester,suggested,4,
vetitum,la,vetio,suggested,4,
vexillo,la,vexillum,suggested,4,
vicariis,la,vicarius,suggested,4,
victoriis,la,victoria,suggested,4,
videamus,la,video,suggested,4,
videbuntur,la,video,suggested,4,
viderant,la,video,suggested,4,
videret,la,video,suggested,4,
videt,la,video,suggested,4,
vigorem,la,vigor,suggested,4,
vineam,la,vinea,suggested,4,
virium,la,uis,suggested,4,
viro,la,vir,suggested,4,
vitia,la,vitium,suggested,4,
vitio,la,vitium,suggested,4,
viuerent,la,viuo,suggested,4,
vivere,la,uiuo,suggested,4,
vivit,la,vivo,suggested,4,
vlla,la,vllus,suggested,4,
vni,la,vnus,suggested,4,
vniuersorum,la,vniuersus,suggested,4,
vocare,la,voco,suggested,4,
vocavit,la,voco,suggested,4,
volens,la,volo,suggested,4,
vultum,la,vultus,suggested,4,
vxorem,la,vxor,suggested,4,
vxoribus,la,vxor,suggested,4,
xerafinos,la,xerafinus,suggested,4,
xx,la,xx,suggested,4,
ybañes,la,ybañes,suggested,4,
yndia,la,yndius,suggested,4,
zungchinii,la,zungchinis,suggested,4,
一,la,一,suggested,4,
4a,la,4a,suggested,3,
aberant,la,absum,suggested,3,
abest,la,absum,suggested,3,
abhorrere,la,abhorreo,suggested,3,
abscondite,la,abscondo,suggested,3,
absit,la,absum,suggested,3,
absoluta,la,absolutus,suggested,3,
absolutionem,la,absolutio,suggested,3,
abstulit,la,aufero,suggested,3,
abundè,la,abundè,suggested,3,
accedere,la,accedo,suggested,3,
acceperunt,la,accipio,suggested,3,
accepto,la,accipio,suggested,3,
accesserunt,la,accedo,suggested,3,
acerbissimos,la,acerbus,suggested,3,
acosta,la,acosta,suggested,3,
actio,la,actio,suggested,3,
actu,la,actus,suggested,3,
addiscere,la,addisco,suggested,3,
addiscunt,la,adisco,suggested,3,
addo,la,addo,suggested,3,
adducerent,la,adduco,suggested,3,
adducti,la,adduco,suggested,3,
adductum,la,adduco,suggested,3,
aderant,la,adsum,suggested,3,
aderat,la,adsum,suggested,3,
aderit,la,adsum,suggested,3,
adhibitis,la,adhibeo,suggested,3,
adhibito,la,adhibeo,suggested,3,
adiecta,la,adicio,suggested,3,
adire,la,adeo,suggested,3,
adiuncti,la,adiungo,suggested,3,
adiuvante,la,adiuuo,suggested,3,
administrandi,la,administro,suggested,3,
administrator,la,administrator,suggested,3,
administratorem,la,administrator,suggested,3,
admirabilem,la,admirabilis,suggested,3,
admirabilis,la,admirabilis,suggested,3,
admirationem,la,admiratio,suggested,3,
admissus,la,admitto,suggested,3,
admoniti,la,admoneo,suggested,3,
adolescenti,la,adolesco,suggested,3,
adoret,la,adoro,suggested,3,
advenerant,la,advenio,suggested,3,
advenientibus,la,advenio,suggested,3,
aedificium,la,aedificium,suggested,3,
aemulatione,la,aemulatio,suggested,3,
aequatae,la,aequo,suggested,3,
aequitatem,la,aequitas,suggested,3,
aequo,la,aequus,suggested,3,
aerumnis,la,aerumna,suggested,3,
aes,la,aes,suggested,3,
aeternitatem,la,aeternitas,suggested,3,
affecit,la,afficio,suggested,3,
affecta,la,afficio,suggested,3,
affici,la,afficio,suggested,3,
afflictiones,la,afflictio,suggested,3,
africae,la,africa,suggested,3,
agat,la,ago,suggested,3,
agebat,la,ago,suggested,3,
agerent,la,ago,suggested,3,
ageret,la,ago,suggested,3,
agite,la,ago,suggested,3,
agnitus,la,agnitus,suggested,3,
agnoscerent,la,agnosco,suggested,3,
agresti,la,agrestis,suggested,3,
aiebat,la,aio,suggested,3,
alexander,la,alexander,suggested,3,
alexandriae,la,Alexandria,suggested,3,
alexandro,la,alexander,suggested,3,
alfonso,la,alfonsus,suggested,3,
aliiq,la,alius,suggested,3,
aliquae,la,aliqui,suggested,3,
aliquoties,la,aliquoties,suggested,3,
almeida,la,almeidus,suggested,3,
alta,la,altus,suggested,3,
altissimi,la,altus,suggested,3,
altitudinem,la,altitudo,suggested,3,
altius,la,alte,suggested,3,
alunt,la,alo,suggested,3,
amacusae,la,amacusus,suggested,3,
amacusana,la,amacusanus,suggested,3,
amandatus,la,amando,suggested,3,
amavangi,la,amavangus,suggested,3,
ambobus,la,ambo,suggested,3,
amico,la,amicus,suggested,3,
amor,la,amor,suggested,3,
ampliorem,la,amplus,suggested,3,
amplissima,la,amplus,suggested,3,
angustiis,la,angustia,suggested,3,
animadvertit,la,animadverto,suggested,3,
animalia,la,animal,suggested,3,
annexis,la,annecto,suggested,3,
annua,la,annuus,suggested,3,
annuae,la,annuus,suggested,3,
annuas,la,annuus,suggested,3,
antiquum,la,antiquus,suggested,3,
antoninus,la,antoninus,suggested,3,
apertam,la,aperio,suggested,3,
apostolus,la,apostolus,suggested,3,
apparet,la,appareo,suggested,3,
apparuit,la,appareo,suggested,3,
appetit,la,appeto,suggested,3,
appetunt,la,appeto,suggested,3,
applausu,la,applausus,suggested,3,
appulsi,la,appello,suggested,3,
apti,la,aptus,suggested,3,
aquarum,la,aqua,suggested,3,
aquas,la,aqua,suggested,3,
aquavivam,la,aquavivus,suggested,3,
arbitrio,la,arbitrium,suggested,3,
archiepiscopus,la,archiepiscopus,suggested,3,
arcu,la,arcus,suggested,3,
arcus,la,arcus,suggested,3,
argumentis,la,argumentum,suggested,3,
argumento,la,argumentum,suggested,3,
arimense,la,Arimensis,suggested,3,
arimondonus,la,arimondonus,suggested,3,
armatus,la,armo,suggested,3,
artificio,la,artificium,suggested,3,
artium,la,ars,suggested,3,
ascendens,la,ascendo,suggested,3,
ascendere,la,ascendo,suggested,3,
asciscere,la,ascisco,suggested,3,
aspera,la,asper,suggested,3,
assequantur,la,assequor,suggested,3,
assidua,la,assiduus,suggested,3,
assidue,la,assidue,suggested,3,
assignata,la,assigno,suggested,3,
asylum,la,asylus,suggested,3,
atri,la,ater,suggested,3,
atrocia,la,atrocius,suggested,3,
attulerunt,la,affero,suggested,3,
au,la,au,suggested,3,
aucti,la,aucio,suggested,3,
aucto,la,augo,suggested,3,
auctum,la,augeo,suggested,3,
audacter,la,audacter,suggested,3,
audeant,la,audeo,suggested,3,
audiendas,la,audio,suggested,3,
audiendis,la,audio,suggested,3,
audientes,la,audio,suggested,3,
audierat,la,audio,suggested,3,
audiunt,la,audio,suggested,3,
augerentur,la,augeo,suggested,3,
august,la,august,suggested,3,
aulico,la,aulicus,suggested,3,
autor,la,autor,suggested,3,
baptisma,la,baptisma,suggested,3,
baptistam,la,Baptista,suggested,3,
baptizari,la,baptizo,suggested,3,
barbaros,la,barbarus,suggested,3,
bartholomeus,la,bartholomeus,suggested,3,
basilitano,la,basilitanus,suggested,3,
bavariae,la,Bavaria,suggested,3,
beata,la,beatus,suggested,3,
beatam,la,beatus,suggested,3,
beatitudinem,la,beatitudo,suggested,3,
beatitudinis,la,beatitudo,suggested,3,
belga,la,Belga,suggested,3,
bellicis,la,bellicus,suggested,3,
beneplacitum,la,beneplacitum,suggested,3,
bonellus,la,bonellus,suggested,3,
bonique,la,bonique,suggested,3,
borges,la,borges,suggested,3,
bungensi,la,bungensus,suggested,3,
bungensis,la,bungensus,suggested,3,
bus,la,bus,suggested,3,
cabral,la,cabral,suggested,3,
cadaver,la,cadaver,suggested,3,
caedes,la,caedes,suggested,3,
caeleste,la,caelestis,suggested,3,
caesa,la,caedo,suggested,3,
caesi,la,caedo,suggested,3,
caetero,la,caeterus,suggested,3,
calumniam,la,calumnia,suggested,3,
cambogensis,la,cambogensis,suggested,3,
camerae,la,camera,suggested,3,
camios,la,camius,suggested,3,
camorini,la,camorinus,suggested,3,
camos,la,camus,suggested,3,
caneveri,la,caneverus,suggested,3,
canis,la,canis,suggested,3,
canonem,la,cano,suggested,3,
cantonensi,la,cantonensis,suggested,3,
capiat,la,capio,suggested,3,
capitaneo,la,capitaneus,suggested,3,
capitis,la,caput,suggested,3,
captivis,la,captivus,suggested,3,
cardinalium,la,cardinalis,suggested,3,
careat,la,careo,suggested,3,
caritate,la,caritas,suggested,3,
caro,la,caro,suggested,3,
casum,la,casus,suggested,3,
catalogis,la,catalox,suggested,3,
catechismi,la,catechismus,suggested,3,
catechismum,la,catechismus,suggested,3,
censerentur,la,censeo,suggested,3,
censura,la,censura,suggested,3,
census,la,census,suggested,3,
cernimus,la,cerno,suggested,3,
certamen,la,certamen,suggested,3,
certius,la,certe,suggested,3,
certus,la,certus,suggested,3,
ceteras,la,ceterus,suggested,3,
ceteri,la,ceterus,suggested,3,
ceteros,la,ceterus,suggested,3,
ceu,la,ceu,suggested,3,
chami,la,chamus,suggested,3,
characteribus,la,character,suggested,3,
charissime,la,charus,suggested,3,
chinam,la,quisnam,suggested,3,
chiquam,la,chiqui,suggested,3,
chorum,la,chorus,suggested,3,
christianitates,la,christianitas,suggested,3,
christianorumque,la,christianorumque,suggested,3,
cinerum,la,ciner,suggested,3,
ciuitatibus,la,ciuitas,suggested,3,
ciunangodonus,la,ciunangodonus,suggested,3,
civium,la,civis,suggested,3,
clades,la,clades,suggested,3,
clamant,la,clamo,suggested,3,
clare,la,clare,suggested,3,
classis,la,classis,suggested,3,
clerici,la,clericus,suggested,3,
cochinum,la,cochinus,suggested,3,
coelesti,la,coelestis,suggested,3,
coelho,la,coelhus,suggested,3,
coellius,la,coelle,suggested,3,
cogente,la,cogo,suggested,3,
cogeret,la,cogo,suggested,3,
cogitaret,la,cogito,suggested,3,
cogitari,la,cogito,suggested,3,
cogitavi,la,cogito,suggested,3,
cognatos,la,cognatus,suggested,3,
cognitio,la,cognitio,suggested,3,
cognitionem,la,cognitio,suggested,3,
cognoscendi,la,cognosco,suggested,3,
cognoscerent,la,cognosco,suggested,3,
cognosci,la,cognosco,suggested,3,
colendus,la,colo,suggested,3,
coli,la,colo,suggested,3,
collegit,la,collego,suggested,3,
colligere,la,colligo,suggested,3,
colligit,la,colligo,suggested,3,
combusta,la,combusto,suggested,3,
comissario,la,comissarius,suggested,3,
commercio,la,commercium,suggested,3,
commilitones,la,commilito,suggested,3,
commiseratione,la,commiseratio,suggested,3,
commissarii,la,commissarius,suggested,3,
commissario,es,commissario,suggested,3,
commissarium,la,commissarius,suggested,3,
commissi,la,committo,suggested,3,
commissione,la,commissio,suggested,3,
commissum,la,committo,suggested,3,
commodiorem,la,commodus,suggested,3,
commoratus,la,commoror,suggested,3,
communibus,la,communis,suggested,3,
communicata,la,communico,suggested,3,
communiter,la,communiter,suggested,3,
conatu,la,conatus,suggested,3,
conatum,la,conor,suggested,3,
concedatur,la,concedo,suggested,3,
concederet,la,concedo,suggested,3,
conceditur,la,concedo,suggested,3,
concessio,la,concessio,suggested,3,
concessionem,la,concessio,suggested,3,
concessis,la,concedo,suggested,3,
concilium,la,concilium,suggested,3,
concursu,la,concursus,suggested,3,
condidit,la,condo,suggested,3,
conditionem,la,conditio,suggested,3,
conditiones,la,conditio,suggested,3,
conducere,la,conduco,suggested,3,
conductis,la,conduco,suggested,3,
conferret,la,confero,suggested,3,
conferunt,la,confero,suggested,3,
confirmant,la,confirmo,suggested,3,
confirmatio,la,confirmatio,suggested,3,
congregati,la,congrego,suggested,3,
congregavit,la,congrego,suggested,3,
coniicere,la,coniicio,suggested,3,
coniuge,la,coniunx,suggested,3,
coniuges,la,coniux,suggested,3,
coniunctionem,la,coniunctio,suggested,3,
consanguinei,la,consanguineus,suggested,3,
conscientiam,la,conscientia,suggested,3,
conscientias,la,conscientia,suggested,3,
consentanea,la,consentaneus,suggested,3,
conservare,la,conservo,suggested,3,
conservationem,la,conservatio,suggested,3,
considerantes,la,considero,suggested,3,
consideratione,la,consideratio,suggested,3,
consiliis,la,consilium,suggested,3,
consolari,la,consolor,suggested,3,
consolatio,la,consolatio,suggested,3,
consonum,la,consonus,suggested,3,
conspectum,la,conspectus,suggested,3,
constabit,la,consto,suggested,3,
constanti,la,constans,suggested,3,
constantia,la,constantia,suggested,3,
constitui,la,constituo,suggested,3,
constituimus,la,constituo,suggested,3,
constituitur,la,constituo,suggested,3,
constringi,la,constringo,suggested,3,
constructum,la,construo,suggested,3,
consuetudine,la,consuetudo,suggested,3,
consuetudines,la,consuetudo,suggested,3,
consulat,la,consulo,suggested,3,
contemptum,la,contemptus,suggested,3,
contendebant,la,contendo,suggested,3,
contentam,la,contineo,suggested,3,
contentis,la,contineo,suggested,3,
contigit,la,contingo,suggested,3,
continebat,la,contineo,suggested,3,
continens,la,contineo,suggested,3,
continere,la,contineo,suggested,3,
continerent,la,contineo,suggested,3,
conuicti,la,conuinco,suggested,3,
convenerunt,la,convenio,suggested,3,
conveniat,la,convenio,suggested,3,
convenientem,la,convenio,suggested,3,
convenienter,la,convenienter,suggested,3,
convenit,la,conuenio,suggested,3,
conversa,la,converto,suggested,3,
conversiones,la,conversio,suggested,3,
conversos,la,converto,suggested,3,
converterat,la,converto,suggested,3,
convivia,la,convivium,suggested,3,
convivio,la,convivium,suggested,3,
copiosa,la,copiosus,suggested,3,
cordi,la,cor,suggested,3,
coronam,la,corona,suggested,3,
corporalibus,la,corporalis,suggested,3,
corruit,la,corruo,suggested,3,
cosmum,la,cosmus,suggested,3,
cothay,la,Cothay,suggested,3,
cotidie,la,cottidie,suggested,3,
creator,la,creator,suggested,3,
credentium,la,credo,suggested,3,
credere,la,credo,suggested,3,
crederent,la,credo,suggested,3,
crescat,la,cresco,suggested,3,
crescit,la,cresco,suggested,3,
creverunt,la,cerno,suggested,3,
criminum,la,crimen,suggested,3,
cuicumque,la,quicumque,suggested,3,
cuiuscumque,la,quicumque,suggested,3,
curulium,la,curulis,suggested,3,
dabo,la,do,suggested,3,
daemonum,la,daemon,suggested,3,
damnati,la,damno,suggested,3,
dato,la,do,suggested,3,
de,pt,de,suggested,3,
debeatur,la,debeo,suggested,3,
debentur,la,debeo,suggested,3,
deberemus,la,debeo,suggested,3,
deberet,la,debeo,suggested,3,
debiles,la,debilis,suggested,3,
debilis,la,debilis,suggested,3,
debitas,la,debeo,suggested,3,
debitis,la,debeo,suggested,3,
debuit,la,debeo,suggested,3,
decimum,la,decimus,suggested,3,
declarationem,la,declaratio,suggested,3,
decrevisse,la,decerno,suggested,3,
decus,la,decus,suggested,3,
dedisset,la,do,suggested,3,
deductis,la,deduco,suggested,3,
deductus,la,deduco,suggested,3,
deerat,la,desum,suggested,3,
deest,la,desum,suggested,3,
defecisse,la,deficio,suggested,3,
defecit,la,deficio,suggested,3,
defectum,la,defectus,suggested,3,
defectus,la,defectus,suggested,3,
defendebat,la,defendo,suggested,3,
defuncti,la,defungor,suggested,3,
defuncto,la,defungor,suggested,3,
dein,la,deinde,suggested,3,
delatus,la,defero,suggested,3,
delectus,la,deligo,suggested,3,
deletae,la,deleo,suggested,3,
deleti,la,deleo,suggested,3,
delevit,la,deleo,suggested,3,
deliciis,la,delicia,suggested,3,
della,la,della,suggested,3,
demonstravit,la,demonstro,suggested,3,
demus,la,do,suggested,3,
deperdita,la,deperdo,suggested,3,
deperditum,la,deperdo,suggested,3,
depositis,la,depono,suggested,3,
deposito,la,depono,suggested,3,
describere,la,describo,suggested,3,
deseruit,la,deseruio,suggested,3,
desiderari,la,desidero,suggested,3,
desiderati,la,desidero,suggested,3,
desideratis,la,desidero,suggested,3,
desidero,la,desidero,suggested,3,
destinare,la,destino,suggested,3,
destinatus,la,destino,suggested,3,
destinavit,la,destino,suggested,3,
destitutae,la,destituo,suggested,3,
destructa,la,destruo,suggested,3,
detrimento,la,detrimentum,suggested,3,
devenire,la,devenio,suggested,3,
devotione,la,devotio,suggested,3,
diaz,la,diaz,suggested,3,
dicant,la,dico,suggested,3,
dicendi,la,dico,suggested,3,
dicerent,la,dico,suggested,3,
didacum,la,didacus,suggested,3,
difficillime,la,difficile,suggested,3,
difficultatem,la,difficultas,suggested,3,
difficultates,la,difficultas,suggested,3,
dignatus,la,dignor,suggested,3,
dignetur,la,dignor,suggested,3,
dignus,la,dignus,suggested,3,
digressus,la,digredior,suggested,3,
dilatata,la,dilato,suggested,3,
dimidiam,la,dimidius,suggested,3,
diminutus,la,diminuo,suggested,3,
diploma,la,diploma,suggested,3,
dirutae,la,diruo,suggested,3,
discesit,la,discdo,suggested,3,
discessit,la,discedo,suggested,3,
discrimine,la,discrimen,suggested,3,
dispersas,la,dispergo,suggested,3,
dispositio,la,dispositio,suggested,3,
dispositione,la,dispositio,suggested,3,
dispositionem,la,dispositio,suggested,3,
disposuit,la,dispono,suggested,3,
dissimularet,la,dissimulo,suggested,3,
distans,la,disto,suggested,3,
distinctum,la,distinguo,suggested,3,
ditioni,la,ditio,suggested,3,
ditionis,la,ditio,suggested,3,
diù,la,diù,suggested,3,
diuersis,la,diuersus,suggested,3,
diuinitatem,la,diuinitas,suggested,3,
diversarum,la,diversus,suggested,3,
diversas,la,diuerto,suggested,3,
divinitus,la,diuinitus,suggested,3,
divitem,la,dives,suggested,3,
divites,la,dives,suggested,3,
divitiae,la,divitiae,suggested,3,
divitiarum,la,divitiae,suggested,3,
docendi,la,doceo,suggested,3,
docerent,la,doceo,suggested,3,
doctos,la,doctus,suggested,3,
dogmatum,la,dogmatus,suggested,3,
doloris,la,dolor,suggested,3,
domiciliorum,la,domicilium,suggested,3,
dominae,la,domina,suggested,3,
dominationes,la,dominatio,suggested,3,
domine,la,dominus,suggested,3,
dominia,la,dominium,suggested,3,
dominicam,la,dominicus,suggested,3,
dominicum,la,dominicus,suggested,3,
dominii,la,dominium,suggested,3,
donatus,la,dono,suggested,3,
donus,la,donus,suggested,3,
dotibus,la,dos,suggested,3,
dubitatio,la,dubitatio,suggested,3,
ducat,la,duco,suggested,3,
ducens,la,duco,suggested,3,
ducentarum,la,ducenti,suggested,3,
ducentos,la,ducenti,suggested,3,
ductus,la,duco,suggested,3,
ebdomadas,la,hebdomada,suggested,3,
econtra,la,econtra,suggested,3,
edere,la,edo,suggested,3,
edictis,la,edictum,suggested,3,
edictum,la,edictum,suggested,3,
efficax,la,efficax,suggested,3,
effici,la,efficio,suggested,3,
egidius,la,Egidius,suggested,3,
egregia,la,egregius,suggested,3,
egressi,la,egredior,suggested,3,
eiecti,la,eicio,suggested,3,
eiq,la,iq,suggested,3,
eisque,la,eisque,suggested,3,
eiusmodi,la,eiusmodi,suggested,3,
ejusque,la,ejusque,suggested,3,
elapsis,la,elabor,suggested,3,
electione,la,electio,suggested,3,
eleemosyna,la,eleemosyna,suggested,3,
elegit,la,eligo,suggested,3,
eligendum,la,eligo,suggested,3,
eluxit,la,eluo,suggested,3,
eminentias,la,eminentia,suggested,3,
eminet,la,emineo,suggested,3,
emittens,la,emitto,suggested,3,
emptis,la,emo,suggested,3,
enixe,la,enixe,suggested,3,
eorundem,la,idem,suggested,3,
episcopos,la,episcopus,suggested,3,
equi,la,equus,suggested,3,
erectae,la,erigo,suggested,3,
erecto,la,erigo,suggested,3,
erectum,la,erigo,suggested,3,
erepta,la,eripio,suggested,3,
erexit,la,erigo,suggested,3,
errorem,la,error,suggested,3,
erupit,la,erumpo,suggested,3,
èt,la,èt,suggested,3,
ethnicis,la,ethnicus,suggested,3,
ethnicos,la,ethnicus,suggested,3,
eunuchos,la,eunuchus,suggested,3,
europaei,la,Europaeus,suggested,3,
evangelio,la,evangelium,suggested,3,
evidenter,la,evidenter,suggested,3,
exactis,la,exigo,suggested,3,
exaedificatum,la,exaedifico,suggested,3,
excederet,la,excedo,suggested,3,
excellentes,la,excello,suggested,3,
exceptus,la,excipio,suggested,3,
excitare,la,excito,suggested,3,
excitari,la,excito,suggested,3,
excitatae,la,excito,suggested,3,
excitatis,la,excito,suggested,3,
excitavit,la,excito,suggested,3,
excitentur,la,excito,suggested,3,
excolit,la,excolo,suggested,3,
excusavit,la,excuso,suggested,3,
exercitui,la,exercitus,suggested,3,
exercituum,la,exercitus,suggested,3,
exhibita,la,exhibeo,suggested,3,
exigit,la,exigo,suggested,3,
exigua,la,exiguus,suggested,3,
exilium,la,exilium,suggested,3,
eximiam,la,eximius,suggested,3,
exit,la,exeo,suggested,3,
exitu,la,exitus,suggested,3,
expectans,la,exspecto,suggested,3,
expectare,la,exspecto,suggested,3,
expeditionem,la,expeditio,suggested,3,
expertus,la,experior,suggested,3,
explicantur,la,explico,suggested,3,
explicari,la,explico,suggested,3,
exponi,la,expono,suggested,3,
exposuit,la,expono,suggested,3,
expulit,la,expello,suggested,3,
expulsis,la,expello,suggested,3,
extendere,la,extendo,suggested,3,
exterorum,la,exterus,suggested,3,
extinxit,la,extingo,suggested,3,
extructa,la,extruo,suggested,3,
extruere,la,extruo,suggested,3,
faciamus,la,facio,suggested,3,
faciei,la,facies,suggested,3,
faciem,la,facies,suggested,3,
facilis,la,facilis,suggested,3,
facilitate,la,facilitas,suggested,3,
facillime,la,facile,suggested,3,
factas,la,facio,suggested,3,
factio,la,factio,suggested,3,
factos,la,facio,suggested,3,
facturi,la,facio,suggested,3,
facultas,la,facultas,suggested,3,
falsam,la,falsus,suggested,3,
familiariter,la,familiariter,suggested,3,
famulus,la,famulus,suggested,3,
fautores,la,fautor,suggested,3,
favet,la,faveo,suggested,3,
fecimus,la,facio,suggested,3,
fecisse,la,facio,suggested,3,
felix,la,felix,suggested,3,
ferens,la,fero,suggested,3,
ferrent,la,fero,suggested,3,
ferret,la,fero,suggested,3,
ferri,la,fero,suggested,3,
ferro,la,ferrum,suggested,3,
ferroque,la,ferroquus,suggested,3,
festum,la,festus,suggested,3,
fidelem,la,fidelis,suggested,3,
fideles,la,fidelis,suggested,3,
fierent,la,fio,suggested,3,
fiet,la,fio,suggested,3,
figere,la,figo,suggested,3,
figerent,la,figo,suggested,3,
finxit,la,fingo,suggested,3,
firandum,la,firor,suggested,3,
fixerant,la,fico,suggested,3,
flagellis,la,flagellum,suggested,3,
flagitium,la,flagitium,suggested,3,
fluctibus,la,fluctus,suggested,3,
fluuius,la,fluvius,suggested,3,
foederatos,la,foederatus,suggested,3,
fontem,la,fons,suggested,3,
formae,la,forma,suggested,3,
formati,la,formo,suggested,3,
formosa,la,formosus,suggested,3,
fortissime,la,fortiter,suggested,3,
fortitudo,la,fortitudo,suggested,3,
fotochi,la,fotochus,suggested,3,
fotoquios,la,fotoquius,suggested,3,
franciscanos,la,franciscanus,suggested,3,
fraudes,la,fraus,suggested,3,
fremens,la,fremo,suggested,3,
frementes,la,fremo,suggested,3,
freti,la,fretus,suggested,3,
frigore,la,frigus,suggested,3,
frugifera,la,frugifer,suggested,3,
fugae,la,fuga,suggested,3,
functionibus,la,functio,suggested,3,
functus,la,fungo,suggested,3,
fundamenta,la,fundamentum,suggested,3,
fundamentis,la,fundamentum,suggested,3,
fundatum,la,fundo,suggested,3,
fundaverat,la,fundo,suggested,3,
futuri,la,futurus,suggested,3,
futurus,la,sum,suggested,3,
g,la,g,suggested,3,
ganhai,la,ganhaus,suggested,3,
gaudij,la,gaudium,suggested,3,
gavisus,la,gaudeo,suggested,3,
generales,la,generalis,suggested,3,
generat,la,genero,suggested,3,
gentilem,la,gentilis,suggested,3,
georgio,la,Georgius,suggested,3,
gerebat,la,gero,suggested,3,
gerere,la,gero,suggested,3,
geritur,la,gero,suggested,3,
gessit,la,gero,suggested,3,
gestis,la,gero,suggested,3,
gibonoscius,la,gibonoscius,suggested,3,
gibunoscii,la,Gibunoscius,suggested,3,
gibunoscium,la,gibunoscius,suggested,3,
gladium,la,gladius,suggested,3,
gloriosa,la,gloriosus,suggested,3,
gloriosi,la,gloriosus,suggested,3,
gradum,la,gradus,suggested,3,
graecorum,la,Graeci,suggested,3,
gregorium,la,Gregorius,suggested,3,
gubernacula,la,gubernaculum,suggested,3,
gubernationem,la,gubernatio,suggested,3,
habeatur,la,habeo,suggested,3,
haberi,la,habeo,suggested,3,
habitat,la,habito,suggested,3,
habitationi,la,habitatio,suggested,3,
habitis,la,habeo,suggested,3,
habuere,la,habeo,suggested,3,
hęc,la,hic,suggested,3,
hilariter,la,hilariter,suggested,3,
hispania,la,Hispania,suggested,3,
hispanica,la,hispanicus,suggested,3,
hispanis,la,hispanus,suggested,3,
hispano,la,hispanus,suggested,3,
hispanus,la,hispanus,suggested,3,
historias,la,historia,suggested,3,
honorare,la,honoro,suggested,3,
honores,la,honor,suggested,3,
hortatus,la,hortor,suggested,3,
hospitati,la,hospitor,suggested,3,
huma,la,huma,suggested,3,
humanis,la,humanus,suggested,3,
humeris,la,humerus,suggested,3,
iacobi,la,Iacobus,suggested,3,
iactura,la,iactura,suggested,3,
iannes,la,iannes,suggested,3,
iaponensium,la,iaponensis,suggested,3,
idibus,la,calendar,suggested,3,
idolatriae,la,idolatria,suggested,3,
iesv,la,iesv,suggested,3,
iesvs,la,iesvs,suggested,3,
ignari,la,ignarus,suggested,3,
ignarus,la,ignarus,suggested,3,
ignes,la,ignis,suggested,3,
ignominiose,la,ignominiose,suggested,3,
ignorabant,la,ignoro,suggested,3,
ignorans,la,ignoro,suggested,3,
ignoro,la,ignoro,suggested,3,
ignotum,la,ignotus,suggested,3,
iidem,la,idem,suggested,3,
iii,la,III,suggested,3,
iisdem,la,idem,suggested,3,
illmȩ,la,ille,suggested,3,
illustrem,la,illustris,suggested,3,
illustri,la,illustris,suggested,3,
illustrium,la,illustris,suggested,3,
im,la,im,suggested,3,
imago,la,imago,suggested,3,
imbuti,la,imbuo,suggested,3,
impedimentum,la,impedimentum,suggested,3,
impeditos,la,impedio,suggested,3,
impediunt,la,impedio,suggested,3,
impendere,la,impendeo,suggested,3,
impense,la,impense,suggested,3,
imperatoribus,la,imperator,suggested,3,
imperia,la,imperium,suggested,3,
imperiali,la,imperialis,suggested,3,
imperialis,la,imperialis,suggested,3,
impetum,la,impetus,suggested,3,
impii,la,impius,suggested,3,
imponere,la,impono,suggested,3,
imposita,la,impono,suggested,3,
impositum,la,impono,suggested,3,
imposuit,la,impono,suggested,3,
inaudiit,la,inaudio,suggested,3,
incerta,la,incertus,suggested,3,
inciderit,la,incido,suggested,3,
incolarum,la,incola,suggested,3,
incolumitatem,la,incolumitas,suggested,3,
incredibilem,la,incredibilis,suggested,3,
incrementum,la,incrementum,suggested,3,
indecorum,la,indecorus,suggested,3,
indicio,la,indicium,suggested,3,
indigenis,la,indigenis,suggested,3,
indigent,la,indigeo,suggested,3,
indignatione,la,indignatio,suggested,3,
indignum,la,indignus,suggested,3,
indole,la,indoles,suggested,3,
inducere,la,induco,suggested,3,
induti,la,induo,suggested,3,
inesse,la,insum,suggested,3,
infimam,la,inferus,suggested,3,
infirmitate,la,infirmitas,suggested,3,
infirmorum,la,infirmus,suggested,3,
infirmos,la,infirmus,suggested,3,
informatio,la,informatio,suggested,3,
informationem,la,informatio,suggested,3,
ingentibus,la,ingens,suggested,3,
ingrederetur,la,ingredior,suggested,3,
initiis,la,initium,suggested,3,
iniunctum,la,iniungo,suggested,3,
iniustitiae,la,iniustitia,suggested,3,
injuriam,la,injuria,suggested,3,
insciis,la,inscius,suggested,3,
insidiis,la,insidiae,suggested,3,
insignes,la,insignis,suggested,3,
insignia,la,insignis,suggested,3,
instituendo,la,instituo,suggested,3,
institutam,la,instituo,suggested,3,
instituti,la,instituo,suggested,3,
instructi,la,instruo,suggested,3,
instructos,la,instruo,suggested,3,
instructus,la,instruo,suggested,3,
insunt,la,insum,suggested,3,
integris,la,integer,suggested,3,
intellecta,la,intellego,suggested,3,
intelleximus,la,intellexigo,suggested,3,
intelligant,la,intellego,suggested,3,
intelligeret,la,intellego,suggested,3,
intelligi,la,intellego,suggested,3,
intendunt,la,intendo,suggested,3,
intentum,la,intendo,suggested,3,
intercepta,la,intercipio,suggested,3,
interdicitur,la,interdico,suggested,3,
interiorem,la,interior,suggested,3,
interiores,la,interior,suggested,3,
interitus,la,interitus,suggested,3,
internecione,la,internecio,suggested,3,
interposita,la,interpono,suggested,3,
intolerabile,la,intolerabilis,suggested,3,
intraverunt,la,intro,suggested,3,
intrinsecus,la,intrinsecus,suggested,3,
introduxit,la,introduco,suggested,3,
intulerunt,la,infero,suggested,3,
intulit,la,infero,suggested,3,
invenimus,la,invenio,suggested,3,
invidia,la,invidia,suggested,3,
io,la,io,suggested,3,
iohannem,la,iohannes,suggested,3,
ipsas,la,ipse,suggested,3,
ipsimet,la,ipsi,suggested,3,
itinera,la,iter,suggested,3,
iturus,la,eo,suggested,3,
iubent,la,iubeo,suggested,3,
iudicare,la,iudico,suggested,3,
iudicibus,la,iudex,suggested,3,
iulio,la,iulius,suggested,3,
iulius,la,iulius,suggested,3,
iunglieum,la,iunglieus,suggested,3,
iurantes,la,iuro,suggested,3,
iurisdictione,la,iurisdictio,suggested,3,
iusit,la,ibeo,suggested,3,
iustis,la,iustus,suggested,3,
iustorum,la,iustus,suggested,3,
iustum,la,iustus,suggested,3,
iuvenis,la,iuvenis,suggested,3,
jacobus,la,jacobus,suggested,3,
japone,la,japon,suggested,3,
japponicae,la,japponicus,suggested,3,
julii,la,julius,suggested,3,
juniorum,la,junium,suggested,3,
jurisdictione,la,jurisdictio,suggested,3,
kinhoa,la,kinhoa,suggested,3,
kino,la,kino,suggested,3,
kinum,la,kinum,suggested,3,
laborandum,la,laboro,suggested,3,
laborare,la,laboro,suggested,3,
labori,la,labor,suggested,3,
lacrymas,la,lacryma,suggested,3,
laetitiam,la,laetitia,suggested,3,
laici,la,laicus,suggested,3,
lancea,la,lancea,suggested,3,
lancilotus,la,lancilotus,suggested,3,
laos,la,laos,suggested,3,
lardum,la,lardus,suggested,3,
latinam,la,latinus,suggested,3,
latini,la,latinus,suggested,3,
latino,la,latinus,suggested,3,
latinorum,la,latinus,suggested,3,
latuit,la,lateo,suggested,3,
laudabiliter,la,laudabiliter,suggested,3,
laude,la,laus,suggested,3,
laudo,la,laudo,suggested,3,
lauream,la,laurea,suggested,3,
lavacro,la,lavacrum,suggested,3,
lecta,la,lego,suggested,3,
ledesma,la,ledesma,suggested,3,
legatione,la,legatio,suggested,3,
legato,la,legatus,suggested,3,
li,la,lis,suggested,3,
libellum,la,libellus,suggested,3,
liberalissime,la,liberaliter,suggested,3,
liberalitate,la,liberalitas,suggested,3,
liberare,la,libero,suggested,3,
liberarent,la,libero,suggested,3,
liberaret,la,libero,suggested,3,
liberi,la,liber,suggested,3,
libidinis,la,libido,suggested,3,
librorum,la,liber,suggested,3,
licteras,la,lictera,suggested,3,
licuit,la,licet,suggested,3,
literatus,la,litero,suggested,3,
litteratorum,la,litteratus,suggested,3,
littus,la,littus,suggested,3,
locatione,la,locatio,suggested,3,
longa,la,longus,suggested,3,
longè,la,longè,suggested,3,
longissime,la,longe,suggested,3,
loquuntur,la,loquor,suggested,3,
lucas,la,lucas,suggested,3,
lucri,la,lucrum,suggested,3,
ludibrio,la,ludibrium,suggested,3,
lumen,la,lumen,suggested,3,
lusitaniam,la,Lusitania,suggested,3,
lusitano,la,lusitanus,suggested,3,
m.dc,la,m.dc,suggested,3,
macaense,la,macaensis,suggested,3,
macäense,la,macäensis,suggested,3,
macaensem,la,macaenses,suggested,3,
macaum,la,macaus,suggested,3,
machao,la,machao,suggested,3,
magisque,la,magisque,suggested,3,
magnatum,la,magnatus,suggested,3,
magus,la,magus,suggested,3,
mahometani,la,mahometanus,suggested,3,
maiestatis,la,maiestas,suggested,3,
major,la,major,suggested,3,
majorem,la,major,suggested,3,
majori,la,major,suggested,3,
malabarica,la,malabaricus,suggested,3,
mandare,la,mando,suggested,3,
manebant,la,maneo,suggested,3,
manet,la,maneo,suggested,3,
manilensi,la,manilensis,suggested,3,
manserunt,la,maneo,suggested,3,
mansimus,la,maneo,suggested,3,
maovenlungi,la,maovenlungus,suggested,3,
marisque,la,marisque,suggested,3,
martinum,la,martinus,suggested,3,
martyrio,la,martyrius,suggested,3,
matrem,la,mater,suggested,3,
matrimonio,la,matrimonium,suggested,3,
matthias,la,Matthias,suggested,3,
mattos,la,mattus,suggested,3,
meacensi,la,meacensus,suggested,3,
medici,la,medicus,suggested,3,
mediis,la,medius,suggested,3,
mediocris,la,mediocris,suggested,3,
melior,la,bonus,suggested,3,
meliora,la,bonus,suggested,3,
melle,la,mel,suggested,3,
memorata,la,memoro,suggested,3,
memoriae,la,memoria,suggested,3,
memoriam,la,memoria,suggested,3,
mentes,la,mens,suggested,3,
mentio,la,mentio,suggested,3,
meorum,la,meus,suggested,3,
meque,la,meque,suggested,3,
mercator,la,mercator,suggested,3,
mercatore,la,mercator,suggested,3,
messem,la,messis,suggested,3,
messiae,la,messia,suggested,3,
metus,la,metus,suggested,3,
miacensis,la,miacensis,suggested,3,
michaël,la,michaël,suggested,3,
michaelis,la,Michael,suggested,3,
militaribus,la,militaris,suggested,3,
millesimum,la,millesimus,suggested,3,
mimazaca,la,mimazacus,suggested,3,
minimo,la,parvus,suggested,3,
ministeriis,la,ministerium,suggested,3,
minorem,la,paruus,suggested,3,
mirabile,la,mirabilis,suggested,3,
miranda,la,Miranda,suggested,3,
mirantur,la,miror,suggested,3,
mis,la,mis,suggested,3,
misericordiam,la,misericordia,suggested,3,
misericordiarum,la,misericordia,suggested,3,
missam,la,mitto,suggested,3,
mission,es,mission,suggested,3,
missionariorum,la,missionarius,suggested,3,
mittendȩ,la,mitto,suggested,3,
mitteretur,la,mitto,suggested,3,
mittunt,la,mitto,suggested,3,
modica,la,modicus,suggested,3,
molestiam,la,molestia,suggested,3,
molestiis,la,molestia,suggested,3,
montefuscolus,la,montefuscolus,suggested,3,
monuit,la,moneo,suggested,3,
moras,la,mora,suggested,3,
moritur,la,morior,suggested,3,
moriuntur,la,morior,suggested,3,
mortales,la,mortalis,suggested,3,
mortalium,la,mortalis,suggested,3,
mortuis,la,morior,suggested,3,
motibus,la,motus,suggested,3,
motu,la,motus,suggested,3,
mulierum,la,mulier,suggested,3,
multaque,la,multaque,suggested,3,
multarum,la,multus,suggested,3,
multoque,la,multoque,suggested,3,
muneri,la,munus,suggested,3,
munerum,la,munus,suggested,3,
munia,la,munia,suggested,3,
mutare,la,muto,suggested,3,
mutatio,la,mutatio,suggested,3,
mutationem,la,mutatio,suggested,3,
mutationes,la,mutatio,suggested,3,
mutuas,la,mutuus,suggested,3,
nagasaquense,la,nagasaquensis,suggested,3,
nangasachana,la,nangasachana,suggested,3,
nankino,la,nankinus,suggested,3,
narrare,la,narro,suggested,3,
nascentis,la,nascor,suggested,3,
nato,la,nascor,suggested,3,
natu,la,natus,suggested,3,
nauium,la,nauis,suggested,3,
navarunt,la,navo,suggested,3,
navibus,la,navis,suggested,3,
navigatione,la,navigatio,suggested,3,
navigationem,la,navigatio,suggested,3,
navigio,la,navigium,suggested,3,
neapoli,la,Neapolis,suggested,3,
neapolitano,la,Neapolitanus,suggested,3,
neapolitanus,la,Neapolitanus,suggested,3,
necant,la,neco,suggested,3,
necari,la,neco,suggested,3,
necessarii,la,necessarius,suggested,3,
necessitates,la,necessitas,suggested,3,
negari,la,nego,suggested,3,
negocio,la,negocium,suggested,3,
negotiatione,la,negotiatio,suggested,3,
negotiatur,la,negotior,suggested,3,
nemine,la,nemo,suggested,3,
neophitorum,la,neophitus,suggested,3,
nepotes,la,nepos,suggested,3,
nequicquam,la,nequicquam,suggested,3,
nervus,la,nervus,suggested,3,
nimiam,la,nimius,suggested,3,
nimis,la,nimis,suggested,3,
no,la,no,suggested,3,
nobilissimae,la,nobilis,suggested,3,
nobilitate,la,nobilitas,suggested,3,
noctuque,la,noctuque,suggested,3,
nollent,la,nolo,suggested,3,
nolunt,la,nolo,suggested,3,
nominant,la,nomino,suggested,3,
nominatos,la,nomino,suggested,3,
nominatur,la,nomino,suggested,3,
nonnihil,la,nonnihil,suggested,3,
nonnulla,la,nonnullus,suggested,3,
nonnunquam,la,nonnunquam,suggested,3,
nonum,la,nonus,suggested,3,
nosse,la,nosco,suggested,3,
notas,la,notus,suggested,3,
nouam,la,nouus,suggested,3,
novitiorum,la,novitium,suggested,3,
noxam,la,noxa,suggested,3,
nullas,la,nullus,suggested,3,
nullibi,la,nullibus,suggested,3,
numerarentur,la,numero,suggested,3,
numerat,la,numero,suggested,3,
numerentur,la,numero,suggested,3,
numeris,la,numerus,suggested,3,
nuncios,la,nuncius,suggested,3,
nuntius,la,nuntius,suggested,3,
nuptias,la,nuptiae,suggested,3,
oblata,la,offero,suggested,3,
oblatum,la,offero,suggested,3,
obliti,la,obliviscor,suggested,3,
oblitus,la,obliuiscor,suggested,3,
obsequio,la,obsequium,suggested,3,
obseruari,la,obseruo,suggested,3,
observantia,la,observantia,suggested,3,
observari,la,observo,suggested,3,
obsessis,la,obsideo,suggested,3,
obsident,la,obsideo,suggested,3,
obsidio,la,obsidium,suggested,3,
obstacula,la,obstaculum,suggested,3,
obtineant,la,obtineo,suggested,3,
obtinebat,la,obtineo,suggested,3,
occidentales,la,occidentalis,suggested,3,
occidentalis,la,occidentalis,suggested,3,
occiduntur,la,occido,suggested,3,
occupabant,la,occupo,suggested,3,
occupare,la,occupo,suggested,3,
occupassent,la,occupo,suggested,3,
occupat,la,occupo,suggested,3,
occupati,la,occupo,suggested,3,
occupaverat,la,occupo,suggested,3,
oculorum,la,oculus,suggested,3,
offensionis,la,offensio,suggested,3,
offerret,la,offero,suggested,3,
officia,la,officium,suggested,3,
officinis,la,officina,suggested,3,
oleo,la,oleum,suggested,3,
omini,la,omo,suggested,3,
ominum,la,omo,suggested,3,
omniaque,la,omniaque,suggested,3,
oneri,la,onus,suggested,3,
oneris,la,onus,suggested,3,
operarios,la,operarius,suggested,3,
operarius,la,operarius,suggested,3,
operi,la,opus,suggested,3,
opes,la,ops,suggested,3,
oportebat,la,oportet,suggested,3,
oppida,la,oppidum,suggested,3,
opponi,la,oppono,suggested,3,
opportunam,la,opportunus,suggested,3,
opportune,la,opportune,suggested,3,
optare,la,opto,suggested,3,
optimam,la,bonus,suggested,3,
oras,la,ora,suggested,3,
oratorio,la,oratorius,suggested,3,
oratorium,la,oratorius,suggested,3,
ordinario,la,ordinarius,suggested,3,
ordinum,la,ordo,suggested,3,
organtinus,la,organtinus,suggested,3,
orientale,la,orientalis,suggested,3,
orientales,la,orientalis,suggested,3,
origo,la,origo,suggested,3,
oriretur,la,orior,suggested,3,
oriundus,la,orior,suggested,3,
oro,la,oro,suggested,3,
ostendebat,la,ostendo,suggested,3,
ostenderunt,la,ostendo,suggested,3,
ostium,la,ostium,suggested,3,
pacifice,la,pacifice,suggested,3,
pagani,la,paganus,suggested,3,
panno,la,pannus,suggested,3,
papam,la,papa,suggested,3,
para,es,para,suggested,3,
parentum,la,parens,suggested,3,
parietibus,la,paries,suggested,3,
partium,la,pars,suggested,3,
partu,la,partus,suggested,3,
parvam,la,parvus,suggested,3,
parvis,la,parvus,suggested,3,
parvo,la,parvus,suggested,3,
pascha,la,pascha,suggested,3,
pascua,la,pascuum,suggested,3,
patiantur,la,patior,suggested,3,
patiebatur,la,patior,suggested,3,
patienter,la,patienter,suggested,3,
patrio,la,patrius,suggested,3,
patrium,la,patrius,suggested,3,
patrocinio,la,patrocinium,suggested,3,
patruum,la,patruus,suggested,3,
pauang,la,Pauang,suggested,3,
pauca,la,paucus,suggested,3,
paucas,la,paucus,suggested,3,
paupertatem,la,paupertas,suggested,3,
paupertatis,la,paupertas,suggested,3,
pectus,la,pectus,suggested,3,
peculiaris,la,peculiaris,suggested,3,
pecuniis,la,pecunia,suggested,3,
pedibus,la,pes,suggested,3,
pelles,la,pellis,suggested,3,
penetravit,la,penetro,suggested,3,
perbelle,la,perbelle,suggested,3,
percipere,la,percipio,suggested,3,
perduellis,la,perduellis,suggested,3,
peregrinationem,la,peregrinatio,suggested,3,
peregrino,la,peregrinus,suggested,3,
perfectam,la,perfectus,suggested,3,
perfecto,la,perfectus,suggested,3,
perfectum,la,perfectus,suggested,3,
perferre,la,perfero,suggested,3,
perficere,la,perficio,suggested,3,
periere,la,pereo,suggested,3,
perierunt,la,pereo,suggested,3,
permanet,la,permaneo,suggested,3,
permissu,la,permissus,suggested,3,
perpessa,la,perpessus,suggested,3,
perpessi,la,perptior,suggested,3,
perpessos,la,perpetior,suggested,3,
perpetua,la,perpetuus,suggested,3,
perpetuum,la,perpetuus,suggested,3,
perseveravit,la,persevero,suggested,3,
persona,la,persona,suggested,3,
personam,la,persona,suggested,3,
persuasi,la,persuadeo,suggested,3,
perturbatione,la,perturbatio,suggested,3,
perusio,la,Perusius,suggested,3,
pervenerant,la,pervenio,suggested,3,
perveniat,la,pervenio,suggested,3,
perveniens,la,pervenio,suggested,3,
pestem,la,pestis,suggested,3,
petebat,la,peto,suggested,3,
petendo,la,peto,suggested,3,
petentes,la,peto,suggested,3,
petii,la,peto,suggested,3,
petimus,la,peto,suggested,3,
petitio,la,petitio,suggested,3,
peto,la,peto,suggested,3,
philiberto,la,philibertus,suggested,3,
philosophi,la,philosophus,suggested,3,
philosophia,la,philosophia,suggested,3,
philosophorum,la,philosophus,suggested,3,
philosophus,la,philosophus,suggested,3,
piae,la,pius,suggested,3,
pictorum,la,pico,suggested,3,
piscium,la,piscis,suggested,3,
placare,la,placo,suggested,3,
placatus,la,placo,suggested,3,
placuerit,la,placeo,suggested,3,
planum,la,planus,suggested,3,
plenam,la,plenus,suggested,3,
plenissima,la,plenus,suggested,3,
plenissime,la,plene,suggested,3,
plurima,la,multus,suggested,3,
plurimam,la,multus,suggested,3,
pluris,la,multus,suggested,3,
polanco,la,Polancus,suggested,3,
pollens,la,pollo,suggested,3,
pondere,la,pondus,suggested,3,
ponere,la,pono,suggested,3,
pontus,la,pontus,suggested,3,
populares,la,popularis,suggested,3,
populoque,la,populoque,suggested,3,
pos,la,post,suggested,3,
postremo,la,postremo,suggested,3,
postridie,la,postridie,suggested,3,
postulet,la,postulo,suggested,3,
posui,la,pono,suggested,3,
potentissimi,la,potens,suggested,3,
potiri,la,potior,suggested,3,
praebere,la,praebeo,suggested,3,
praebuit,la,praebeo,suggested,3,
praecepit,la,praecipio,suggested,3,
praecipuis,la,praecipuus,suggested,3,
praedicatione,la,praedicatio,suggested,3,
praedicatorum,la,praedicatum,suggested,3,
praeest,la,praesum,suggested,3,
praefato,la,praefatus,suggested,3,
praefectura,la,praefectura,suggested,3,
praeludia,la,praeludium,suggested,3,
praemiis,la,praemium,suggested,3,
praemissis,la,praemitto,suggested,3,
praesentavit,la,praesento,suggested,3,
praesente,la,praesum,suggested,3,
praesentem,la,praesum,suggested,3,
praesidiarii,la,praesidiarius,suggested,3,
praesunt,la,praesum,suggested,3,
praeterita,la,praetereo,suggested,3,
praetermisimus,la,praetermitto,suggested,3,
praetextu,la,praetextus,suggested,3,
prȩcepit,la,prȩcipio,suggested,3,
precipua,la,precipuus,suggested,3,
precium,la,precium,suggested,3,
precum,la,prex,suggested,3,
predicatores,la,predicator,suggested,3,
preposito,la,prepono,suggested,3,
presbiter,la,presbyter,suggested,3,
presbyter,la,presbyter,suggested,3,
preter,la,praeter,suggested,3,
prȩter,la,prȩter,suggested,3,
prȩteritis,la,prȩteritus,suggested,3,
prim,la,prim,suggested,3,
primos,la,primus,suggested,3,
primùm,la,primùm,suggested,3,
principalia,la,principalis,suggested,3,
principe,la,princeps,suggested,3,
priorem,la,prior,suggested,3,
priores,la,prior,suggested,3,
pristina,la,pristinus,suggested,3,
priusquam,la,priusquam,suggested,3,
privatim,la,privatim,suggested,3,
probabat,la,probo,suggested,3,
probus,la,probus,suggested,3,
procedere,la,procedo,suggested,3,
proceres,la,procer,suggested,3,
processurum,la,procedo,suggested,3,
procurabant,la,procuro,suggested,3,
procurare,la,procuro,suggested,3,
procuratori,la,procurator,suggested,3,
prodesse,la,prosum,suggested,3,
proditionis,la,proditio,suggested,3,
profecerunt,la,proficio,suggested,3,
professorum,la,professor,suggested,3,
proficisci,la,proficiscor,suggested,3,
profuit,la,prosum,suggested,3,
progressa,la,progredior,suggested,3,
progressibus,la,progressus,suggested,3,
prohibens,la,prohibeo,suggested,3,
prohibentur,la,prohibeo,suggested,3,
promissum,la,promitto,suggested,3,
promittebat,la,promitto,suggested,3,
pronas,la,prona,suggested,3,
propagandam,la,propago,suggested,3,
propemodum,la,propemodum,suggested,3,
prophetarum,la,propheta,suggested,3,
propositum,la,propono,suggested,3,
propriam,la,proprius,suggested,3,
prorege,la,prorex,suggested,3,
proregi,la,Prorex,suggested,3,
prorex,la,prorex,suggested,3,
prosecutus,la,prosequor,suggested,3,
prosequerentur,la,prosequor,suggested,3,
prospere,la,prospere,suggested,3,
providentiam,la,providentia,suggested,3,
provincia,es,provincia,suggested,3,
proximos,la,proximus,suggested,3,
prudentes,la,prudens,suggested,3,
prudentiae,la,prudentia,suggested,3,
prudentiam,la,prudentia,suggested,3,
publicae,la,publicus,suggested,3,
publicas,la,publicus,suggested,3,
publicis,la,publicus,suggested,3,
pugna,la,pugna,suggested,3,
pugnam,la,pugna,suggested,3,
pugnando,la,pugno,suggested,3,
pugnavit,la,pugno,suggested,3,
pulchre,la,pulchre,suggested,3,
putabant,la,puto,suggested,3,
q,la,q,suggested,3,
quâ,la,quâ,suggested,3,
quacumque,la,quicumque,suggested,3,
quaecumque,la,quicumque,suggested,3,
quaelibet,la,quilibet,suggested,3,
quaestionem,la,quaestio,suggested,3,
quale,la,qualis,suggested,3,
qualibet,la,quilibet,suggested,3,
quambioiendonus,la,quambioiendonus,suggested,3,
quamplurime,la,quamplurime,suggested,3,
quandiu,la,quamdiu,suggested,3,
quantumcumque,la,quantuscumque,suggested,3,
quartus,la,quartus,suggested,3,
quasdam,la,quidam,suggested,3,
queant,la,queo,suggested,3,
queat,la,queo,suggested,3,
quemener,la,quemener,suggested,3,
quemque,la,quisque,suggested,3,
quenquam,la,quenquam,suggested,3,
quȩrendum,la,quȩro,suggested,3,
quibuscunque,la,quicunque,suggested,3,
quies,la,quies,suggested,3,
quietem,la,quies,suggested,3,
quilibet,la,quilibet,suggested,3,
quispiam,la,quispiam,suggested,3,
quisquam,la,quisquam,suggested,3,
quò,la,quò,suggested,3,
quoadusque,la,quoadusque,suggested,3,
quondam,la,quondam,suggested,3,
rabiem,la,rabies,suggested,3,
raciolum,la,raciolus,suggested,3,
rationum,la,ratio,suggested,3,
raymundus,la,Raymundus,suggested,3,
rebellionem,la,rebellio,suggested,3,
recens,la,recens,suggested,3,
recepi,la,recipio,suggested,3,
recipiendum,la,recipio,suggested,3,
recipimus,la,recipio,suggested,3,
recordationis,la,recordatio,suggested,3,
rectores,la,rector,suggested,3,
recuperandi,la,recupero,suggested,3,
recuperarent,la,recupero,suggested,3,
redacta,la,redigo,suggested,3,
redacti,la,redigo,suggested,3,
reddat,la,reddo,suggested,3,
redderet,la,reddo,suggested,3,
reddiderunt,la,reddo,suggested,3,
reddit,la,reddo,suggested,3,
reddunt,la,reddo,suggested,3,
redeat,la,redeo,suggested,3,
redegerunt,la,redigo,suggested,3,
redemptor,la,redemptor,suggested,3,
rediret,la,redeo,suggested,3,
redivit,la,redeo,suggested,3,
refutat,la,refuto,suggested,3,
regendum,la,rego,suggested,3,
regeret,la,rego,suggested,3,
regimine,la,regimen,suggested,3,
regnandi,la,regno,suggested,3,
regnare,la,regno,suggested,3,
regressi,la,regredior,suggested,3,
regulo,la,Regulus,suggested,3,
regulos,la,regulus,suggested,3,
relatae,la,refero,suggested,3,
relati,la,refero,suggested,3,
relato,la,refero,suggested,3,
relictum,la,relinquo,suggested,3,
religiosorum,la,religiosus,suggested,3,
relinquitur,la,relinquo,suggested,3,
reliquerit,la,relinquo,suggested,3,
reliquias,la,reliquiae,suggested,3,
remanserat,la,remaneo,suggested,3,
remedia,la,remedium,suggested,3,
remediis,la,remedium,suggested,3,
remisit,la,remitto,suggested,3,
remissionem,la,remissio,suggested,3,
remunerationem,la,remuneratio,suggested,3,
reparato,la,reparo,suggested,3,
reperiantur,la,reperio,suggested,3,
requisitis,la,requino,suggested,3,
residebant,la,resideo,suggested,3,
resident,la,resideo,suggested,3,
resistere,la,resisto,suggested,3,
respectu,la,respectus,suggested,3,
respondeam,la,respondeo,suggested,3,
responderunt,la,respondeo,suggested,3,
responsionis,la,responsio,suggested,3,
resurrectione,la,resurrectio,suggested,3,
resurrectionem,la,resurrectio,suggested,3,
reverendis,la,reveror,suggested,3,
reverendum,la,reveror,suggested,3,
reverentiam,la,reverentia,suggested,3,
reverti,la,revertor,suggested,3,
ribeiro,la,Ribeirus,suggested,3,
robore,la,robur,suggested,3,
rogare,la,rogo,suggested,3,
rogat,la,rogo,suggested,3,
román,la,román,suggested,3,
romanae,la,romanus,suggested,3,
rr,la,rr,suggested,3,
rubinus,la,rubinus,suggested,3,
rum,la,rus,suggested,3,
saccanus,la,saccanus,suggested,3,
sacella,la,sacella,suggested,3,
sacramenti,la,sacramentum,suggested,3,
sacrarum,la,sacer,suggested,3,
sacrificulus,la,sacrificulus,suggested,3,
sacrosanctis,la,sacrosanctus,suggested,3,
saecula,la,saeculum,suggested,3,
salsetano,la,salsetanus,suggested,3,
salsetanos,la,salsetanus,suggested,3,
salutari,la,saluto,suggested,3,
salutaribus,la,salutaris,suggested,3,
salvus,la,salvus,suggested,3,
sanctissima,la,sanctus,suggested,3,
sanctissime,la,sancte,suggested,3,
sanctissimis,la,sanctus,suggested,3,
sanctissimum,la,sanctus,suggested,3,
sanctitas,la,sanctitas,suggested,3,
sanctitate,la,sanctitas,suggested,3,
sanguis,la,sanguis,suggested,3,
sapientiae,la,sapientia,suggested,3,
sapientissimus,la,sapiens,suggested,3,
saracenis,la,saracenus,suggested,3,
sassumanus,la,sassumanus,suggested,3,
scandala,la,scandalum,suggested,3,
scandalo,la,scandalum,suggested,3,
sceleris,la,scelus,suggested,3,
scelus,la,scelus,suggested,3,
schall,la,schall,suggested,3,
scientiae,la,scientia,suggested,3,
scimandoni,la,Scimandonus,suggested,3,
scimandonum,la,scimandonus,suggested,3,
scimandonus,la,scimandonus,suggested,3,
scimo,la,scimus,suggested,3,
scribendi,la,scribo,suggested,3,
scriberet,la,scribo,suggested,3,
scripserunt,la,scribo,suggested,3,
scriptas,la,scribo,suggested,3,
scutorum,la,scutum,suggested,3,
secretarium,la,secretarius,suggested,3,
secreto,la,secreto,suggested,3,
secundam,la,secundus,suggested,3,
securos,la,securus,suggested,3,
securum,la,securus,suggested,3,
sedens,la,sedeo,suggested,3,
sedentem,la,sedeo,suggested,3,
sedet,la,sedeo,suggested,3,
seditionem,la,seditio,suggested,3,
sedulo,la,sedulo,suggested,3,
seipsis,la,seipsum,suggested,3,
seipsos,la,seipsum,suggested,3,
seipsum,la,seipsum,suggested,3,
seminaria,la,seminarium,suggested,3,
sempiternae,la,sempiternus,suggested,3,
sempiternis,la,sempiternus,suggested,3,
senes,la,senex,suggested,3,
separata,la,separo,suggested,3,
sequebatur,la,sequor,suggested,3,
sequenda,la,sequor,suggested,3,
sequentes,la,sequor,suggested,3,
sequentia,la,sequor,suggested,3,
sequeretur,la,sequor,suggested,3,
sericarum,la,serica,suggested,3,
servat,la,servo,suggested,3,
servatur,la,servo,suggested,3,
servitio,la,servitium,suggested,3,
servo,la,servus,suggested,3,
servum,la,servus,suggested,3,
sexcentesimo,la,sexcentesimus,suggested,3,
sexcentos,la,sexcenti,suggested,3,
sexdecim,la,sexdecim,suggested,3,
sexennem,la,sexennis,suggested,3,
siamensi,la,Siamensus,suggested,3,
sien,la,sien,suggested,3,
significant,la,significo,suggested,3,
significat,la,significo,suggested,3,
similibus,la,similis,suggested,3,
simulatione,la,simulatio,suggested,3,
simulatque,la,simulatque,suggested,3,
sinerent,la,sino,suggested,3,
singulorum,la,singulus,suggested,3,
siqueira,la,siqueira,suggested,3,
sixtus,la,sixtus,suggested,3,
sol,la,sol,suggested,3,
solas,la,solus,suggested,3,
solebat,la,soleo,suggested,3,
solemne,la,sollemnis,suggested,3,
solenni,la,solennus,suggested,3,
solita,la,solitus,suggested,3,
solito,la,solio,suggested,3,
solliciti,la,sollicitus,suggested,3,
solos,la,solus,suggested,3,
solvebantur,la,solvo,suggested,3,
solvendos,la,solvo,suggested,3,
sordibus,la,sordes,suggested,3,
specie,la,species,suggested,3,
speciosas,la,speciosus,suggested,3,
spectantes,la,specto,suggested,3,
sperabat,la,spero,suggested,3,
sperant,la,spero,suggested,3,
spiritalibus,la,spiritalis,suggested,3,
spiritualis,la,spiritualis,suggested,3,
splendidas,la,splendidus,suggested,3,
stabant,la,sto,suggested,3,
stabile,la,stabilis,suggested,3,
stabilitis,la,stabilio,suggested,3,
statuam,la,statua,suggested,3,
statuit,la,statuo,suggested,3,
statuum,la,status,suggested,3,
statuunt,la,statuo,suggested,3,
stirpem,la,stirps,suggested,3,
stragem,la,strages,suggested,3,
stupendis,la,stupeo,suggested,3,
stupentibus,la,stupeo,suggested,3,
suamque,la,quisque,suggested,3,
subditorum,la,subditus,suggested,3,
subditus,la,subdo,suggested,3,
subigeret,la,subigio,suggested,3,
subire,la,subeo,suggested,3,
subjecta,la,subjigo,suggested,3,
sublato,la,tollo,suggested,3,
subsecuta,la,subsequor,suggested,3,
subsidio,la,subsidium,suggested,3,
substitutus,la,substituo,suggested,3,
succedit,la,succedo,suggested,3,
successorem,la,successor,suggested,3,
successu,la,successus,suggested,3,
suffragiis,la,suffragium,suggested,3,
suffragium,la,suffragium,suggested,3,
summas,la,superus,suggested,3,
sun,la,sun,suggested,3,
suor,la,suor,suggested,3,
superant,la,supero,suggested,3,
superarent,la,supero,suggested,3,
superat,la,supero,suggested,3,
superato,la,supero,suggested,3,
superesse,la,supersum,suggested,3,
superiores,la,superior,suggested,3,
superstitionibus,la,superstitio,suggested,3,
supplicatio,la,supplicatio,suggested,3,
supplicii,la,supplicium,suggested,3,
suppliciis,la,supplicium,suggested,3,
susceperint,la,suscipio,suggested,3,
susceptione,la,susceptio,suggested,3,
susceptum,la,suscipio,suggested,3,
susciperet,la,suscipio,suggested,3,
suscipiendo,la,suscipio,suggested,3,
suscipiendum,la,suscipio,suggested,3,
suspendere,la,suspendo,suggested,3,
suspensus,la,suspendo,suggested,3,
sustentandum,la,sustento,suggested,3,
sustentat,la,sustento,suggested,3,
sustinere,la,sustineo,suggested,3,
sustulit,la,tollo,suggested,3,
synis,la,synus,suggested,3,
syra,la,syra,suggested,3,
tabellam,la,tabella,suggested,3,
tabulatum,la,tabulatus,suggested,3,
taliter,la,taliter,suggested,3,
tantas,la,tantus,suggested,3,
tantisper,la,tantisper,suggested,3,
tantò,la,tantò,suggested,3,
taveira,la,taveirus,suggested,3,
tempestas,la,tempestas,suggested,3,
temporales,la,temporalis,suggested,3,
temporalibus,la,temporalis,suggested,3,
tendit,la,tendo,suggested,3,
tenentur,la,teneo,suggested,3,
teneret,la,teneo,suggested,3,
tenetur,la,teneo,suggested,3,
tentarunt,la,tento,suggested,3,
tercia,la,tercius,suggested,3,
tertiam,la,tertius,suggested,3,
tertii,la,tertius,suggested,3,
testem,la,testis,suggested,3,
testes,la,testis,suggested,3,
testimonio,la,testimonium,suggested,3,
thesauri,la,thesaurus,suggested,3,
thiencin,la,thienci,suggested,3,
thomae,la,Thomas,suggested,3,
ti,la,ti,suggested,3,
timuit,la,timeo,suggested,3,
tis,la,tis,suggested,3,
tolerare,la,tolero,suggested,3,
torrente,la,torreo,suggested,3,
toties,la,toties,suggested,3,
totis,la,totus,suggested,3,
totos,la,totus,suggested,3,
traderent,la,trado,suggested,3,
tranquillus,la,tranquillus,suggested,3,
transacto,la,transigo,suggested,3,
transcriptum,la,transcriptus,suggested,3,
transferendo,la,transfero,suggested,3,
transferre,la,transfero,suggested,3,
transferri,la,transfero,suggested,3,
transiit,la,transeo,suggested,3,
transirent,la,transeo,suggested,3,
transitus,la,transitus,suggested,3,
translata,la,transfero,suggested,3,
translatum,la,transfero,suggested,3,
transmissione,la,transmissio,suggested,3,
trecentis,la,trecenti,suggested,3,
tribueretur,la,tribuo,suggested,3,
tribuitur,la,tribuo,suggested,3,
tribulationes,la,tribulatio,suggested,3,
tribuunt,la,tribuo,suggested,3,
triennium,la,triennium,suggested,3,
trigesimo,la,trigesimus,suggested,3,
trigesimum,la,trigesimus,suggested,3,
trucidari,la,trucido,suggested,3,
trucidat,la,trucido,suggested,3,
tui,la,tuus,suggested,3,
tumultibus,la,tumultus,suggested,3,
tumultu,la,tumultus,suggested,3,
tunkinensis,la,tunkinensis,suggested,3,
tuos,la,tuus,suggested,3,
turbas,la,turba,suggested,3,
turkyam,la,turkya,suggested,3,
tuum,la,tuus,suggested,3,
tuus,la,tuus,suggested,3,
tyrannorum,la,tyrannus,suggested,3,
u,la,u,suggested,3,
uarias,la,uarius,suggested,3,
uiginti,la,uiginti,suggested,3,
uirorum,la,uir,suggested,3,
uirtutem,la,uirtus,suggested,3,
uiuentes,la,uiuo,suggested,3,
ullum,la,ullus,suggested,3,
ulterius,la,ultere,suggested,3,
ultimo,la,ultimus,suggested,3,
universali,la,uniuersalis,suggested,3,
universam,la,universus,suggested,3,
unusquisque,la,unusquisque,suggested,3,
uocantur,la,uoco,suggested,3,
uolueris,la,uolo,suggested,3,
urbium,la,urbs,suggested,3,
urgebat,la,urgeo,suggested,3,
usangueium,la,usangueius,suggested,3,
utcumque,la,utcumque,suggested,3,
uteretur,la,utor,suggested,3,
utiles,la,utilis,suggested,3,
utilitas,la,utilitas,suggested,3,
utilitatem,la,utilitas,suggested,3,
utinam,la,utinam,suggested,3,
utramque,la,uterque,suggested,3,
utrique,la,uterque,suggested,3,
utrumque,la,uterque,suggested,3,
uxoris,la,uxor,suggested,3,
vacuam,la,vacuus,suggested,3,
vacuos,la,vacuus,suggested,3,
valeat,la,valeo,suggested,3,
valerius,la,valerius,suggested,3,
valida,la,validus,suggested,3,
valide,la,valide,suggested,3,
van,la,van,suggested,3,
vangus,la,vangus,suggested,3,
variarum,la,varius,suggested,3,
varietate,la,varietas,suggested,3,
vario,la,varius,suggested,3,
velimus,la,volo,suggested,3,
vencheu,la,vencheu,suggested,3,
veneno,la,venenum,suggested,3,
venerant,la,venio,suggested,3,
venerantur,la,venerio,suggested,3,
venerari,la,venero,suggested,3,
venerint,la,venio,suggested,3,
venisse,la,venio,suggested,3,
venturus,la,venio,suggested,3,
verae,la,verus,suggested,3,
verbiest,la,uerbiest,suggested,3,
veri,la,verus,suggested,3,
verò,la,uerò,suggested,3,
versabantur,la,verso,suggested,3,
versari,la,verso,suggested,3,
versatus,la,verso,suggested,3,
verus,la,verus,suggested,3,
vestrȩ,la,uester,suggested,3,
veterem,la,vetus,suggested,3,
vetuit,la,vetuo,suggested,3,
viceprovinciam,la,viceprovincia,suggested,3,
vicinum,la,vicinus,suggested,3,
victorem,la,victor,suggested,3,
victoriarum,la,victoria,suggested,3,
videbantur,la,video,suggested,3,
videbit,la,video,suggested,3,
viderem,la,video,suggested,3,
vidimus,la,video,suggested,3,
villae,la,villa,suggested,3,
vinculis,la,vinculum,suggested,3,
violentiam,la,violentia,suggested,3,
viscera,la,viscera,suggested,3,
visitatorem,la,visitator,suggested,3,
vitiis,la,vitium,suggested,3,
viuit,la,viuo,suggested,3,
viuorum,la,viuus,suggested,3,
viva,la,vivus,suggested,3,
vive,la,vive,suggested,3,
vivente,la,vivo,suggested,3,
vixerint,la,vico,suggested,3,
vixque,la,vixque,suggested,3,
vniuersa,la,vniuersus,suggested,3,
vniuscuiusque,la,unusquisque,suggested,3,
vocabant,la,voco,suggested,3,
vocabula,la,vocabulum,suggested,3,
vocarunt,la,voco,suggested,3,
vocatam,la,voco,suggested,3,
vocati,la,voco,suggested,3,
vocatis,la,voco,suggested,3,
voces,la,vox,suggested,3,
volo,la,uolo,suggested,3,
volumina,la,volumen,suggested,3,
voluntaria,la,voluntarius,suggested,3,
voluptate,la,voluptas,suggested,3,
voluptatibus,la,voluptas,suggested,3,
vomi,la,vomus,suggested,3,
vomurensis,la,vomurensis,suggested,3,
voto,la,votum,suggested,3,
vulgus,la,vulgus,suggested,3,
vultus,la,uultus,suggested,3,
xaverii,la,xaverius,suggested,3,
xi,la,xi,suggested,3,
ximo,la,ximus,suggested,3,
xún,la,xún,suggested,3,
xunchii,la,xunchius,suggested,3,
xxx,la,xxx,suggested,3,
yàm,la,yàm,suggested,3,
yama,la,yama,suggested,3,
zelus,la,zelus,suggested,3,
zungteus,la,zungteus,suggested,3,
1a,la,1a,suggested,2,
2a,la,2a,suggested,2,
3a,la,3a,suggested,2,
4or,la,4or,suggested,2,
5a,la,5a,suggested,2,
6a,la,6a,suggested,2,
7a,la,7a,suggested,2,
aberat,la,absum,suggested,2,
abeundi,la,abeo,suggested,2,
abhinc,la,abhinc,suggested,2,
abhorrent,la,abhorreo,suggested,2,
abiisse,la,abieo,suggested,2,
abiit,la,abeo,suggested,2,
ablegaret,la,ablego,suggested,2,
ablegatus,la,ablego,suggested,2,
abluti,la,abluo,suggested,2,
abluuntur,la,abluo,suggested,2,
abrupit,la,abrumpo,suggested,2,
abscondita,la,absconditus,suggested,2,
absentibus,la,absum,suggested,2,
absimiles,la,absimilis,suggested,2,
absint,la,absum,suggested,2,
absolvendi,la,absolvo,suggested,2,
abundantes,la,abundo,suggested,2,
abundantia,la,abundantia,suggested,2,
abundantiam,la,abundantia,suggested,2,
acascicamon,la,acascicamon,suggested,2,
acascicamonem,la,acascicamon,suggested,2,
accedat,la,accedo,suggested,2,
accedebat,la,accedo,suggested,2,
accessio,la,accessio,suggested,2,
accidat,la,accido,suggested,2,
accidere,la,accido,suggested,2,
acciperent,la,accipio,suggested,2,
accipientes,la,accipio,suggested,2,
accipit,la,accipio,suggested,2,
accommodatus,la,accommodatus,suggested,2,
accusationes,la,accusatio,suggested,2,
accusatoris,la,accusator,suggested,2,
achon,la,achon,suggested,2,
acquiescere,la,acquiesco,suggested,2,
actuatis,la,actuo,suggested,2,
actus,la,actus,suggested,2,
adamum,la,adamus,suggested,2,
addebat,la,addo,suggested,2,
addiscendam,la,addisco,suggested,2,
addiscendis,la,addisco,suggested,2,
addita,la,addo,suggested,2,
additus,la,addo,suggested,2,
adducat,la,adduco,suggested,2,
adduceret,la,adduco,suggested,2,
ademit,la,adimo,suggested,2,
adeptus,la,adipiscor,suggested,2,
adferre,la,affero,suggested,2,
adhaec,la,Adhaec,suggested,2,
adhibeant,la,adhibeo,suggested,2,
adhibent,la,adhibeo,suggested,2,
adiecit,la,adicio,suggested,2,
adit,la,adeo,suggested,2,
aditu,la,aditus,suggested,2,
adiumento,la,adiumentum,suggested,2,
adiungebant,la,adiungo,suggested,2,
adiungere,la,adiungo,suggested,2,
adiungitur,la,adiungo,suggested,2,
adiuti,la,adiuuo,suggested,2,
adiuvent,la,adiuvo,suggested,2,
adjuvant,la,adjuvo,suggested,2,
administrabamus,la,administro,suggested,2,
administranda,la,administro,suggested,2,
administrat,la,administro,suggested,2,
administratio,la,administratio,suggested,2,
administratores,la,administrator,suggested,2,
administratoris,la,administrator,suggested,2,
administri,la,administer,suggested,2,
admiserint,la,admitto,suggested,2,
admiserunt,la,admitto,suggested,2,
admissa,la,admitto,suggested,2,
admissurum,la,admitto,suggested,2,
admittebantur,la,admitto,suggested,2,
admittendum,la,admitto,suggested,2,
admonebat,la,admoneo,suggested,2,
admonendum,la,admoneo,suggested,2,
admonens,la,admoneo,suggested,2,
admoneretur,la,admoneo,suggested,2,
admonetur,la,admoneo,suggested,2,
admonitione,la,admonitio,suggested,2,
adolescens,la,adolesco,suggested,2,
adolescentes,la,adolesco,suggested,2,
adoptionem,la,adoptio,suggested,2,
adorandus,la,adoro,suggested,2,
adscribi,la,ascrio,suggested,2,
aduentu,la,aduentus,suggested,2,
aduersarum,la,aduersa,suggested,2,
adulteria,la,adulterium,suggested,2,
adulteriis,la,adulterium,suggested,2,
adulterium,la,adulterium,suggested,2,
adulti,la,adolesco,suggested,2,
advenerat,la,advenio,suggested,2,
advenientes,la,advenio,suggested,2,
advenirent,la,advenio,suggested,2,
advenissent,la,advenio,suggested,2,
adversa,la,adversus,suggested,2,
adversarii,la,adversarius,suggested,2,
advocarunt,la,advoco,suggested,2,
aedificat,la,aedifico,suggested,2,
aedificiis,la,aedificium,suggested,2,
aedificio,la,aedificium,suggested,2,
aegrotorum,la,aegrotus,suggested,2,
aegypti,la,Aegyptus,suggested,2,
aegyptiorum,la,aegyptius,suggested,2,
aemulatio,la,aemulatio,suggested,2,
aequali,la,aequalis,suggested,2,
aequi,la,aequus,suggested,2,
aequinoctiali,la,aequinoctialis,suggested,2,
aequissima,la,aequus,suggested,2,
aequitas,la,aequitas,suggested,2,
aeramen,la,aeramen,suggested,2,
aerarii,la,aerarium,suggested,2,
aerarium,la,aerarium,suggested,2,
aeres,la,aer,suggested,2,
aestimant,la,aestimo,suggested,2,
aestu,la,aestus,suggested,2,
aetas,la,aetas,suggested,2,
aeternitate,la,aeternitas,suggested,2,
aeterno,la,aeternus,suggested,2,
aeuo,la,aeuum,suggested,2,
aevo,la,aevum,suggested,2,
affecisset,la,afficio,suggested,2,
affecti,la,afficio,suggested,2,
affectibus,la,affectus,suggested,2,
afficiebatur,la,afficio,suggested,2,
afficientur,la,afficio,suggested,2,
afficietur,la,afficio,suggested,2,
afficitur,la,afficio,suggested,2,
afficiuntur,la,afficio,suggested,2,
affine,la,affinis,suggested,2,
affines,la,affinis,suggested,2,
affirmabat,la,affirmo,suggested,2,
affirmare,la,affirmo,suggested,2,
affirmarunt,la,affirmo,suggested,2,
affirmemus,la,affirmo,suggested,2,
affirment,la,affirmo,suggested,2,
affixerunt,la,affigo,suggested,2,
afflictione,la,afflictio,suggested,2,
agebantur,la,ago,suggested,2,
agenda,la,ago,suggested,2,
agerentur,la,ago,suggested,2,
ageretur,la,ago,suggested,2,
agetur,la,ago,suggested,2,
aggere,la,agger,suggested,2,
aggeres,la,agger,suggested,2,
aggredi,la,aggredior,suggested,2,
aggregati,la,aggrego,suggested,2,
aggressus,la,aggredior,suggested,2,
agnito,la,agnio,suggested,2,
agnoscit,la,agnosco,suggested,2,
agnovit,la,agnosco,suggested,2,
aguntur,la,ago,suggested,2,
alacritate,la,alacritas,suggested,2,
alacriter,la,alacriter,suggested,2,
alafa,la,alafus,suggested,2,
alexandri,la,Alexandrus,suggested,2,
alfonssus,la,alfonssus,suggested,2,
aliáque,la,aliáque,suggested,2,
aliȩ,la,alius,suggested,2,
alijque,la,alijque,suggested,2,
alimenta,la,alimentum,suggested,2,
aliquantulum,la,aliquantulum,suggested,2,
aliquotiens,la,aliquotiens,suggested,2,
alisoldani,la,alisoldanus,suggested,2,
allatum,la,allo,suggested,2,
allectusque,la,allectusque,suggested,2,
allocutus,la,alloquor,suggested,2,
alloqui,la,alloquor,suggested,2,
altari,la,altare,suggested,2,
alterae,la,alter,suggested,2,
alteriusque,la,alteriusque,suggested,2,
alternatim,la,alternatim,suggested,2,
altiora,la,altus,suggested,2,
altiores,la,altus,suggested,2,
altissimam,la,altus,suggested,2,
alto,la,altus,suggested,2,
altum,la,altus,suggested,2,
alumni,la,alumnus,suggested,2,
alumnorum,la,alumnus,suggested,2,
alumnos,la,alumnus,suggested,2,
amacusanas,la,Amacusanus,suggested,2,
amacusanis,la,Amacusanus,suggested,2,
amagutii,la,Amagutius,suggested,2,
amant,la,amo,suggested,2,
amantes,la,amo,suggested,2,
amantissimi,la,amans,suggested,2,
amator,la,amator,suggested,2,
amaya,la,Amaya,suggested,2,
ambiguitate,la,ambiguitas,suggested,2,
amicam,la,amicus,suggested,2,
amici,la,amicus,suggested,2,
amida,la,amida,suggested,2,
amiserunt,la,amitto,suggested,2,
amissum,la,amitto,suggested,2,
amittendi,la,amitto,suggested,2,
amittuntur,la,amitto,suggested,2,
amplectendam,la,amplector,suggested,2,
amplecti,la,amplector,suggested,2,
amplexati,la,amplexo,suggested,2,
amplificans,la,amplifico,suggested,2,
amplissimo,la,amplus,suggested,2,
amplissimum,la,amplus,suggested,2,
ancipites,la,anceps,suggested,2,
ancocugus,la,ancocugus,suggested,2,
angeli,la,angelus,suggested,2,
angelum,la,angelus,suggested,2,
angelus,la,angelus,suggested,2,
animâ,la,animâ,suggested,2,
animadvertens,la,animadverto,suggested,2,
animadvertere,la,animadverto,suggested,2,
animadverteret,la,animadverto,suggested,2,
animas,la,anima,suggested,2,
animosus,la,animosus,suggested,2,
annales,la,annalis,suggested,2,
annuatim,la,annuatim,suggested,2,
annuerit,la,annuo,suggested,2,
annus,la,annus,suggested,2,
annuum,la,annuus,suggested,2,
antecellit,la,antecello,suggested,2,
antesignanum,la,antesignanus,suggested,2,
antiochiae,la,Antiochea,suggested,2,
antiqua,la,antiquus,suggested,2,
antiquae,la,antiquus,suggested,2,
antiquam,la,antiquus,suggested,2,
antiquissimam,la,antiquus,suggested,2,
antiquo,la,antiquus,suggested,2,
antiquus,la,antiquus,suggested,2,
aperire,la,aperio,suggested,2,
apertas,la,aperio,suggested,2,
apertum,la,aperio,suggested,2,
apicem,la,apix,suggested,2,
apostolicarum,la,apostolicus,suggested,2,
apostolico,es,apostolico,suggested,2,
apostolo,la,apostolus,suggested,2,
apostolos,la,apostolus,suggested,2,
apparent,la,appareo,suggested,2,
apparerent,la,appareo,suggested,2,
apparitionum,la,apparitio,suggested,2,
apparuerunt,la,appareo,suggested,2,
appellantur,la,appello,suggested,2,
appellationem,la,appellatio,suggested,2,
appetant,la,appeto,suggested,2,
appetens,la,appeto,suggested,2,
appetitionem,la,appetitio,suggested,2,
applicare,la,applico,suggested,2,
applicata,la,applico,suggested,2,
applicuimus,la,appliceo,suggested,2,
approbati,la,approbo,suggested,2,
approbatione,la,approbatio,suggested,2,
aptum,la,aptus,suggested,2,
aquam,la,aqua,suggested,2,
aquaviva,la,Aquaviva,suggested,2,
aquilonari,la,aquilono,suggested,2,
arbitrabatur,la,arbitror,suggested,2,
arbitramur,la,arbitror,suggested,2,
arbitror,la,arbitror,suggested,2,
arbores,la,arbor,suggested,2,
archiepiscopo,la,archiepiscopus,suggested,2,
arctissimo,la,arctus,suggested,2,
ardens,la,ardeo,suggested,2,
ardore,la,ardor,suggested,2,
ardorem,la,ardor,suggested,2,
aream,la,area,suggested,2,
argentei,la,argenteus,suggested,2,
argolisensem,la,Argolisensis,suggested,2,
argumenta,la,argumentum,suggested,2,
arimano,la,arimanus,suggested,2,
arithmeticam,la,arithmeticus,suggested,2,
armata,la,armatus,suggested,2,
armati,la,armo,suggested,2,
armatorum,la,armatus,suggested,2,
armento,la,armentum,suggested,2,
articulo,la,articulus,suggested,2,
artificibus,la,artifex,suggested,2,
artis,la,ars,suggested,2,
aruspices,la,aruspex,suggested,2,
ascalon,la,Ascalon,suggested,2,
ascendant,la,ascendo,suggested,2,
ascendentes,la,ascendo,suggested,2,
asia,la,asia,suggested,2,
asiae,la,asia,suggested,2,
asonodangio,la,asonodangium,suggested,2,
asonodangius,la,asonodangius,suggested,2,
aspectantium,la,aspecto,suggested,2,
aspectu,la,aspectus,suggested,2,
aspectum,la,aspectus,suggested,2,
aspernati,la,asperno,suggested,2,
aspirare,la,aspiro,suggested,2,
assensum,la,assensus,suggested,2,
asserimus,la,assero,suggested,2,
asseverant,la,assevero,suggested,2,
assignare,la,assigno,suggested,2,
assistentibus,la,assisto,suggested,2,
assistit,la,assisto,suggested,2,
assultibus,la,assultus,suggested,2,
astrinxerunt,la,astringo,suggested,2,
athenas,la,Athenae,suggested,2,
atribus,la,ater,suggested,2,
atrium,la,atrium,suggested,2,
atrocibus,la,atrox,suggested,2,
attamen,la,attamen,suggested,2,
attribuit,la,attribuo,suggested,2,
attributam,la,attribuo,suggested,2,
audeo,la,audeo,suggested,2,
audet,la,audeo,suggested,2,
audiat,la,audio,suggested,2,
audiendi,la,audio,suggested,2,
audiens,la,audio,suggested,2,
audient,la,audio,suggested,2,
audientibus,la,audio,suggested,2,
audierunt,la,audio,suggested,2,
audit,la,audio,suggested,2,
audivi,la,audio,suggested,2,
auferendo,la,aufero,suggested,2,
aufugerunt,la,aufugio,suggested,2,
aufugit,la,aufugio,suggested,2,
aufugiunt,la,aufugio,suggested,2,
augeat,la,augeo,suggested,2,
augebat,la,augeo,suggested,2,
augere,la,augeo,suggested,2,
augustin,la,augustis,suggested,2,
augusto,la,augustus,suggested,2,
australes,la,australis,suggested,2,
australiores,la,australis,suggested,2,
austri,la,auster,suggested,2,
authentica,la,authenticus,suggested,2,
authographum,la,authographum,suggested,2,
authoritate,la,authoritas,suggested,2,
autorem,la,auctor,suggested,2,
avaritiam,la,avaritia,suggested,2,
avunculus,la,avunculus,suggested,2,
aytonius,la,aytonus,suggested,2,
bachalaureo,la,bachalaureus,suggested,2,
baldakino,la,baldakinus,suggested,2,
balthassar,la,balthassar,suggested,2,
balthazar,la,balthazar,suggested,2,
baptizarat,la,baptizo,suggested,2,
baptizare,la,baptizo,suggested,2,
baptizatus,la,baptizo,suggested,2,
baptizavit,la,baptizo,suggested,2,
barbam,la,barba,suggested,2,
barbaras,la,barbarus,suggested,2,
barbarie,la,barbaria,suggested,2,
barbarum,la,barbarus,suggested,2,
barretus,la,Barretus,suggested,2,
bartholomaeo,la,Bartholomaeus,suggested,2,
basilicam,la,basilica,suggested,2,
batizavi,la,batizo,suggested,2,
beatę,la,beatus,suggested,2,
beatorum,la,beatus,suggested,2,
beatus,la,beatus,suggested,2,
belchior,la,belchus,suggested,2,
bell,la,bell,suggested,2,
bellico,la,bellicus,suggested,2,
belligerum,la,belliges,suggested,2,
beneficiis,la,beneficium,suggested,2,
beneplacito,la,beneplacitum,suggested,2,
beneuolentiam,la,beneuolentia,suggested,2,
benignum,la,benignus,suggested,2,
benignus,la,benignus,suggested,2,
bernardus,la,Bernardus,suggested,2,
biduo,la,biduum,suggested,2,
bioiendoni,la,bioiendonus,suggested,2,
biretum,la,biretus,suggested,2,
bithyniam,la,Bithynia,suggested,2,
blasphemiis,la,blasphemia,suggested,2,
bone,la,bonus,suggested,2,
bonitatem,la,bonitas,suggested,2,
bonziis,la,bonzius,suggested,2,
bonzis,la,bonzus,suggested,2,
bonzorum,la,bonzus,suggested,2,
borealem,la,borealis,suggested,2,
borealibus,la,borealis,suggested,2,
borealium,la,borealis,suggested,2,
brevibus,la,brevis,suggested,2,
brevis,la,brevis,suggested,2,
brevitate,la,brevitas,suggested,2,
bruttium,la,bruttius,suggested,2,
bugen,la,bugen,suggested,2,
buguensis,la,buguensis,suggested,2,
bungensem,la,bungenses,suggested,2,
buzomi,la,buzomus,suggested,2,
byblus,la,byblus,suggested,2,
c’ienthang,la,C’ienthangus,suggested,2,
ca,la,ca,suggested,2,
cacodaemonum,la,cacodaemon,suggested,2,
caderet,la,cado,suggested,2,
cadet,la,cado,suggested,2,
cae,la,cae,suggested,2,
caeci,la,caecus,suggested,2,
caeperunt,la,caipio,suggested,2,
caepi,la,caepum,suggested,2,
caesaream,la,caesareus,suggested,2,
caesus,la,caedo,suggested,2,
caeterae,la,caeter,suggested,2,
caeteraque,la,caeteraque,suggested,2,
caeterorum,la,caeterus,suggested,2,
cainocamidonus,la,cainocamidonus,suggested,2,
cainocamo,la,cainocamus,suggested,2,
calamitas,la,calamitas,suggested,2,
calamitatem,la,calamitas,suggested,2,
calamo,la,calamus,suggested,2,
calendas,la,kalendae,suggested,2,
cám,la,cám,suggested,2,
cambium,la,cambium,suggested,2,
cambogensi,la,cambogensis,suggested,2,
camelorum,la,camelus,suggested,2,
camelos,la,camelus,suggested,2,
campi,la,campus,suggested,2,
campos,la,campus,suggested,2,
campum,la,campus,suggested,2,
camum,la,camus,suggested,2,
canes,la,canis,suggested,2,
canguetasum,la,canguetasus,suggested,2,
canitiem,la,canities,suggested,2,
cantamus,la,canto,suggested,2,
canton,es,Canton,suggested,2,
cantoniensi,la,cantoniensis,suggested,2,
cantoniensis,la,cantoniensis,suggested,2,
capacitate,la,capacitas,suggested,2,
capacitatem,la,capacitas,suggested,2,
capiebant,la,capio,suggested,2,
capiendas,la,capio,suggested,2,
capillorum,la,capillus,suggested,2,
capio,la,capio,suggested,2,
capit,la,capio,suggested,2,
capitalibus,la,capitalis,suggested,2,
capitibus,la,caput,suggested,2,
capiunt,la,capio,suggested,2,
cappadocia,la,cappadocia,suggested,2,
captivos,la,captivus,suggested,2,
captivus,la,captivus,suggested,2,
captos,la,capio,suggested,2,
capud,la,caput,suggested,2,
carcavelli,la,carcavellus,suggested,2,
carcer,la,carcer,suggested,2,
cardinalis,la,cardinalis,suggested,2,
cardosus,la,cardosus,suggested,2,
carebunt,la,careo,suggested,2,
carent,la,careo,suggested,2,
caritas,la,caritas,suggested,2,
carne,la,caro,suggested,2,
carnifex,la,carnifex,suggested,2,
carnificis,la,carnifex,suggested,2,
caruisset,la,careo,suggested,2,
carvallius,la,carvallus,suggested,2,
casanova,la,casanovus,suggested,2,
caseum,la,caseus,suggested,2,
caso,es,caso,suggested,2,
caste,la,caste,suggested,2,
castimoniam,la,castimonia,suggested,2,
castitatis,la,castitas,suggested,2,
castorum,la,castus,suggested,2,
castro,la,castrum,suggested,2,
cat,la,cat,suggested,2,
catalogum,la,catalogus,suggested,2,
catastrophen,la,catastrophen,suggested,2,
catechesin,la,catechesin,suggested,2,
catenis,la,catena,suggested,2,
catharina,la,catharina,suggested,2,
cathedralem,la,cathedralis,suggested,2,
cathedram,la,cathedra,suggested,2,
catholice,la,catholicus,suggested,2,
catholicum,la,catholicus,suggested,2,
cautione,la,cautio,suggested,2,
cayton,la,Cayton,suggested,2,
cecidisse,la,cado,suggested,2,
cedet,la,cedo,suggested,2,
celebranda,la,celebro,suggested,2,
celebres,la,celeber,suggested,2,
celebrior,la,celebrus,suggested,2,
celebritas,la,celebritas,suggested,2,
celeri,la,celer,suggested,2,
celeriter,la,celeriter,suggested,2,
celerrime,la,celerrime,suggested,2,
cena,la,cena,suggested,2,
cene,la,cene,suggested,2,
censentur,la,censeo,suggested,2,
censu,la,census,suggested,2,
censuerunt,la,censeo,suggested,2,
censuit,la,censeo,suggested,2,
censum,la,census,suggested,2,
centena,la,centum,suggested,2,
centenario,la,centenarius,suggested,2,
centesimum,la,centesimus,suggested,2,
ceperunt,la,capio,suggested,2,
ceremonias,la,ceremonia,suggested,2,
cernerentur,la,cerno,suggested,2,
certae,la,certus,suggested,2,
certamine,la,certamen,suggested,2,
certi,la,certus,suggested,2,
certis,la,certus,suggested,2,
certissime,la,certus,suggested,2,
certissimi,la,certus,suggested,2,
cervice,la,cervix,suggested,2,
cervicem,la,cervix,suggested,2,
cessantia,la,cesso,suggested,2,
cessare,la,cesso,suggested,2,
cessisse,la,cedo,suggested,2,
cessit,la,cedo,suggested,2,
cęteris,la,cęterus,suggested,2,
chaldaeorum,la,chaldaeus,suggested,2,
chanem,la,chanis,suggested,2,
changcheu,la,changcheu,suggested,2,
chaos,la,chaos,suggested,2,
charissimi,la,charus,suggested,2,
charissimo,la,charus,suggested,2,
charissimus,la,charus,suggested,2,
charitas,la,charitas,suggested,2,
chicugoquensi,la,chicugoquensus,suggested,2,
china,es,China,suggested,2,
chinchilungus,la,chinchilungus,suggested,2,
chiuencheu,la,chiuencum,suggested,2,
chriminalis,la,chriminalis,suggested,2,
christianismus,la,christianismus,suggested,2,
christianitatem,la,christianitas,suggested,2,
christianitatis,la,christianitas,suggested,2,
christophorus,la,christophor,suggested,2,
cibos,la,cibus,suggested,2,
cibus,la,cibus,suggested,2,
cinere,la,cinis,suggested,2,
cineres,la,cinis,suggested,2,
cingit,la,cingo,suggested,2,
cingulo,la,cingulus,suggested,2,
circularem,la,circularis,suggested,2,
circumscripta,la,circumscribo,suggested,2,
circumstantiis,la,circumstantia,suggested,2,
citò,la,citò,suggested,2,
ciuitatis,la,ciuitas,suggested,2,
ciunangodoni,la,ciunangodonus,suggested,2,
ciunangondonus,la,ciunangondonus,suggested,2,
civilibus,la,civilis,suggested,2,
civitati,la,civitas,suggested,2,
cladi,la,clades,suggested,2,
cladibus,la,clades,suggested,2,
clamante,la,clamo,suggested,2,
clamantes,la,clamo,suggested,2,
clamoribus,la,clamor,suggested,2,
clara,la,clarus,suggested,2,
clarissime,la,clare,suggested,2,
claritas,la,claritas,suggested,2,
clarus,la,clarus,suggested,2,
classem,la,classis,suggested,2,
claudio,la,Claudius,suggested,2,
clauditur,la,claudo,suggested,2,
clausi,la,claudo,suggested,2,
clausit,la,claudo,suggested,2,
clausula,la,clausula,suggested,2,
clavum,la,clavus,suggested,2,
clementem,la,clemens,suggested,2,
clementiam,la,clementia,suggested,2,
coccicinenses,la,Coccicinensis,suggested,2,
cochim,la,cochis,suggested,2,
cocicinae,la,cocicinus,suggested,2,
cocicinica,la,cocicinicus,suggested,2,
cocincinensis,la,cocincinensis,suggested,2,
cocincinica,la,cocincinicus,suggested,2,
cocini,la,cocinus,suggested,2,
coculini,la,coculinus,suggested,2,
coculinum,la,coculinus,suggested,2,
codicem,la,codex,suggested,2,
coelorum,la,coelum,suggested,2,
coeptum,la,coepi,suggested,2,
coeterum,la,coeterus,suggested,2,
coffler,la,coffler,suggested,2,
cogamur,la,cogo,suggested,2,
cogantur,la,cogo,suggested,2,
cogat,la,cogo,suggested,2,
cogerentur,la,cogo,suggested,2,
cogimur,la,cogo,suggested,2,
cogitabant,la,cogito,suggested,2,
cogitabundi,la,cogitao,suggested,2,
cogitatione,la,cogitatio,suggested,2,
cogitationes,la,cogitatio,suggested,2,
cogitavit,la,cogito,suggested,2,
cogitent,la,cogito,suggested,2,
cogitur,la,cogo,suggested,2,
cognitas,la,cognosco,suggested,2,
cognomine,la,cognomen,suggested,2,
cognoscentes,la,cognosco,suggested,2,
cohortari,la,cohortor,suggested,2,
coire,la,coio,suggested,2,
coitu,la,coitus,suggested,2,
colamus,la,colo,suggested,2,
colant,la,colo,suggested,2,
colantur,la,colo,suggested,2,
colendam,la,colo,suggested,2,
colende,la,colo,suggested,2,
colentes,la,colo,suggested,2,
coleretur,la,colo,suggested,2,
collaterales,la,collateralis,suggested,2,
collatum,la,confero,suggested,2,
collegerunt,la,colligo,suggested,2,
collegisset,la,colligo,suggested,2,
colligendam,la,colligo,suggested,2,
collocare,la,colloco,suggested,2,
colloquebatur,la,colloquor,suggested,2,
colloqui,la,colloquor,suggested,2,
colloquiis,la,colloquium,suggested,2,
colloquio,la,colloquium,suggested,2,
colloquium,la,colloquium,suggested,2,
collum,la,collum,suggested,2,
coloribus,la,color,suggested,2,
columnae,la,columna,suggested,2,
columnis,la,columna,suggested,2,
com,la,com,suggested,2,
comaniam,la,Comania,suggested,2,
comanie,la,Comania,suggested,2,
combentu,la,combentus,suggested,2,
comendatum,la,comendo,suggested,2,
comercium,la,comercium,suggested,2,
comis,la,comes,suggested,2,
comissarii,la,comissarius,suggested,2,
comitarentur,la,comitor,suggested,2,
comitatu,la,comitatus,suggested,2,
comitibus,la,comes,suggested,2,
commeatu,la,commeatus,suggested,2,
commemorabo,la,commemoro,suggested,2,
commemoratis,la,commemoro,suggested,2,
commendamus,la,commendo,suggested,2,
commendavit,la,commendo,suggested,2,
commendo,la,commendo,suggested,2,
commercia,la,commercium,suggested,2,
commissis,la,committo,suggested,2,
committamus,la,committo,suggested,2,
committere,la,committo,suggested,2,
committeremus,la,committo,suggested,2,
committerent,la,committo,suggested,2,
committeret,la,committo,suggested,2,
commodabat,la,commodo,suggested,2,
commorabantur,la,commoror,suggested,2,
commorantes,la,commoror,suggested,2,
commorantibus,la,commoror,suggested,2,
commoti,la,commoueo,suggested,2,
communionem,la,communio,suggested,2,
comodius,la,comode,suggested,2,
comoediis,la,comoedium,suggested,2,
compagnia,la,Compagnia,suggested,2,
comparari,la,comparo,suggested,2,
comparatio,la,comparatio,suggested,2,
comparatione,la,comparatio,suggested,2,
comparatur,la,comparo,suggested,2,
compendium,la,compendium,suggested,2,
comperta,la,comperio,suggested,2,
complecti,la,complector,suggested,2,
completis,la,compleo,suggested,2,
complexu,la,complexus,suggested,2,
complexus,la,complector,suggested,2,
complura,la,complures,suggested,2,
composuit,la,compono,suggested,2,
comprobetur,la,comprobo,suggested,2,
compulsi,la,compello,suggested,2,
compulsus,la,compello,suggested,2,
conabatur,la,conor,suggested,2,
conantur,la,conor,suggested,2,
conatibus,la,conatus,suggested,2,
conatur,la,conor,suggested,2,
concedat,la,concedo,suggested,2,
concedendum,la,concedo,suggested,2,
concedimus,la,concedo,suggested,2,
conception,es,Conception,suggested,2,
concessam,la,concedo,suggested,2,
concesserat,la,concedo,suggested,2,
concesserit,la,concedo,suggested,2,
concessione,la,concessio,suggested,2,
concessiones,la,concessio,suggested,2,
concessionibus,la,concessio,suggested,2,
concessisset,la,concedo,suggested,2,
concesso,la,concedo,suggested,2,
conciliavit,la,concilio,suggested,2,
concilient,la,concilio,suggested,2,
concilio,es,Concilio,suggested,2,
concionatores,la,concionator,suggested,2,
concionatus,la,conciono,suggested,2,
conciones,la,concio,suggested,2,
concluderet,la,concludo,suggested,2,
concordat,la,concordo,suggested,2,
concordia,la,concordia,suggested,2,
concrematae,la,concremo,suggested,2,
concretum,la,concretus,suggested,2,
concubinae,la,concubina,suggested,2,
concubitus,la,concubitus,suggested,2,
concurrere,la,concurro,suggested,2,
concursum,la,concursus,suggested,2,
concursus,la,concursus,suggested,2,
condemnati,la,condemno,suggested,2,
condemnatur,la,condemno,suggested,2,
condicta,la,condico,suggested,2,
condita,la,condo,suggested,2,
conditionis,la,conditio,suggested,2,
condonavit,la,condono,suggested,2,
conduxit,la,conduco,suggested,2,
confecto,la,conficio,suggested,2,
conferant,la,confero,suggested,2,
conferendi,la,confero,suggested,2,
confert,la,confero,suggested,2,
confertum,la,confero,suggested,2,
confessarii,la,confessarius,suggested,2,
confessarius,la,confessarius,suggested,2,
confessi,la,confiteor,suggested,2,
confessores,la,confessor,suggested,2,
conficiunt,la,conficio,suggested,2,
confidit,la,confido,suggested,2,
confinis,la,confinis,suggested,2,
confirmaret,la,confirmo,suggested,2,
confirmata,la,confirmo,suggested,2,
confirmationem,la,confirmatio,suggested,2,
confirmatum,la,confirmo,suggested,2,
confirmauit,la,confirmo,suggested,2,
confitendi,la,confiteor,suggested,2,
confitentur,la,confiteor,suggested,2,
conflagravit,la,conflagro,suggested,2,
confugerat,la,confugio,suggested,2,
confusione,la,confusio,suggested,2,
congregandi,la,congrego,suggested,2,
congregantur,la,congrego,suggested,2,
congregare,la,congrego,suggested,2,
congregationes,la,congregatio,suggested,2,
congruenti,la,congruo,suggested,2,
congruentia,la,congruo,suggested,2,
congruere,la,congruo,suggested,2,
coniectus,la,conicio,suggested,2,
coniiciens,la,coniicio,suggested,2,
conimbricam,la,conimbrica,suggested,2,
coniugem,la,coniux,suggested,2,
coniunctae,la,coniungo,suggested,2,
coniunctione,la,coniunctio,suggested,2,
coniunctis,la,coniungo,suggested,2,
coniunctus,la,coniungo,suggested,2,
coniungere,la,coniungo,suggested,2,
coniungi,la,coniungo,suggested,2,
coniux,la,coniunx,suggested,2,
conjunctam,la,conjungo,suggested,2,
conjunctum,la,conjungo,suggested,2,
conquestus,la,conquestus,suggested,2,
conquisiti,la,conquiro,suggested,2,
conscendant,la,conscendo,suggested,2,
conscendit,la,conscendo,suggested,2,
conscribere,la,conscribo,suggested,2,
conscripserunt,la,conscribo,suggested,2,
consecuta,la,consequor,suggested,2,
consecuti,la,consequor,suggested,2,
consecuturum,la,consequor,suggested,2,
consensione,la,consensio,suggested,2,
consentaneam,la,consentaneus,suggested,2,
consentiant,la,consentio,suggested,2,
consequetur,la,consequor,suggested,2,
conseruant,la,conseruo,suggested,2,
conseruata,la,conseruo,suggested,2,
conservandas,la,conservo,suggested,2,
conservaret,la,conservo,suggested,2,
considerata,la,considero,suggested,2,
consideres,la,considero,suggested,2,
consimili,la,consimilis,suggested,2,
consolationes,la,consolatio,suggested,2,
consolatus,la,consolor,suggested,2,
constabat,la,consto,suggested,2,
constant,la,consto,suggested,2,
constantinopolim,la,constantinopolis,suggested,2,
constantinopolis,la,constantinopolus,suggested,2,
constitit,la,consto,suggested,2,
constituant,la,constituo,suggested,2,
constituatur,la,constituo,suggested,2,
constituendo,la,constituo,suggested,2,
constituendum,la,constituo,suggested,2,
constituere,la,constituo,suggested,2,
constituerunt,la,constituo,suggested,2,
constitutae,la,constituo,suggested,2,
constitutionum,la,constitutio,suggested,2,
constitutis,la,constituo,suggested,2,
constituunt,la,constituo,suggested,2,
construere,la,construo,suggested,2,
consulatur,la,consulor,suggested,2,
consuleretur,la,consulo,suggested,2,
consultoribus,la,consultor,suggested,2,
consumpta,la,consumo,suggested,2,
contegunt,la,contego,suggested,2,
contemplatus,la,contemplor,suggested,2,
contendere,la,contendo,suggested,2,
contendunt,la,contendo,suggested,2,
contentio,la,contentio,suggested,2,
contineant,la,contineo,suggested,2,
contineret,la,contineo,suggested,2,
contingat,la,contingo,suggested,2,
contingere,la,contingo,suggested,2,
continua,la,continuus,suggested,2,
continuam,la,continuus,suggested,2,
continuoque,la,continuoque,suggested,2,
continuos,la,continuus,suggested,2,
contrahere,la,contraho,suggested,2,
contrarios,la,contrarius,suggested,2,
contravero,la,contravero,suggested,2,
contraxit,la,contraho,suggested,2,
contritionem,la,contritio,suggested,2,
contumelias,la,contumelia,suggested,2,
conuenientem,la,conuenio,suggested,2,
conveniant,la,convenio,suggested,2,
convenientissimum,la,convenio,suggested,2,
convenisse,la,convenio,suggested,2,
conversationem,la,conversatio,suggested,2,
conversione,la,conversio,suggested,2,
converso,la,conuerto,suggested,2,
conversorum,la,conversus,suggested,2,
convertendae,la,converto,suggested,2,
convertendis,la,converto,suggested,2,
convertere,la,converto,suggested,2,
converterentur,la,converto,suggested,2,
converteret,la,converto,suggested,2,
converti,la,converto,suggested,2,
conviviis,la,convivium,suggested,2,
convivium,la,convivium,suggested,2,
convocat,la,convoco,suggested,2,
cooperatores,la,cooperator,suggested,2,
copiosam,la,copiosus,suggested,2,
copiose,la,copiose,suggested,2,
copuletur,la,copulo,suggested,2,
coraianae,la,coraianus,suggested,2,
coreano,la,coreanus,suggested,2,
corinthum,la,corinthus,suggested,2,
corporisque,la,corporisque,suggested,2,
corrumpi,la,corrumpo,suggested,2,
corrupti,la,corruptus,suggested,2,
corruptus,la,corrumpo,suggested,2,
corvino,la,corvinus,suggested,2,
cottinius,la,Cottinius,suggested,2,
coulani,la,coulanus,suggested,2,
creamus,la,creo,suggested,2,
crearet,la,creo,suggested,2,
creatae,la,creo,suggested,2,
creatis,la,creo,suggested,2,
creatori,la,creator,suggested,2,
creaturis,la,creatura,suggested,2,
credam,la,credo,suggested,2,
credat,la,credo,suggested,2,
credendum,la,credo,suggested,2,
crederem,la,credo,suggested,2,
credidit,la,credo,suggested,2,
crimina,la,crimen,suggested,2,
criminalis,la,criminalis,suggested,2,
criminibus,la,crimen,suggested,2,
cruce,la,crux,suggested,2,
cruciatuum,la,cruciatus,suggested,2,
crudelissimam,la,crudelis,suggested,2,
crudelitate,la,crudelitas,suggested,2,
cubiculis,la,cubiculum,suggested,2,
cuiquam,la,quisquam,suggested,2,
cúmque,la,cúmque,suggested,2,
cumulati,la,cumulo,suggested,2,
cunctas,la,cunctus,suggested,2,
cunctatione,la,cunctatio,suggested,2,
cuniculos,la,cuniculus,suggested,2,
cunque,la,cunque,suggested,2,
cupidissime,la,cupide,suggested,2,
cupiditatem,la,cupiditas,suggested,2,
cupiditatis,la,cupiditas,suggested,2,
cupiens,la,cupio,suggested,2,
curabat,la,curo,suggested,2,
curandae,la,curo,suggested,2,
curandi,la,curo,suggested,2,
curant,la,curo,suggested,2,
curare,la,curo,suggested,2,
curarent,la,curo,suggested,2,
curaret,la,curo,suggested,2,
curribus,la,curris,suggested,2,
cursorem,la,cursor,suggested,2,
custodiae,la,custodia,suggested,2,
custodienda,la,custodio,suggested,2,
cymba,la,cymba,suggested,2,
cyngis,la,cyngus,suggested,2,
dabat,la,do,suggested,2,
daemone,la,daemon,suggested,2,
damnandi,la,damno,suggested,2,
damnationis,la,damnatio,suggested,2,
damnis,la,damnum,suggested,2,
darent,la,do,suggested,2,
datae,la,do,suggested,2,
datur,la,do,suggested,2,
datus,la,do,suggested,2,
debebat,la,debeo,suggested,2,
debellandi,la,debello,suggested,2,
debellassent,la,debello,suggested,2,
debeo,la,debeo,suggested,2,
deberent,la,debeo,suggested,2,
debetis,la,debeo,suggested,2,
debetur,la,debeo,suggested,2,
debitae,la,debeo,suggested,2,
debuerim,la,debuo,suggested,2,
deceat,la,decet,suggested,2,
decentissime,la,decenter,suggested,2,
deceptos,la,decipio,suggested,2,
decies,la,decies,suggested,2,
declaramus,la,declaro,suggested,2,
declaranda,la,declaro,suggested,2,
declarant,la,declaro,suggested,2,
declarari,la,declaro,suggested,2,
declarata,la,declaro,suggested,2,
declaratus,la,declaro,suggested,2,
decoratus,la,decoro,suggested,2,
decreuerat,la,decerno,suggested,2,
decrevisset,la,decerno,suggested,2,
decursu,la,decursus,suggested,2,
dedecoris,la,dedecus,suggested,2,
dedere,la,do,suggested,2,
dederit,la,do,suggested,2,
dedi,la,do,suggested,2,
dediderunt,la,dedo,suggested,2,
dedisse,la,do,suggested,2,
deducerent,la,deduco,suggested,2,
deerant,la,desum,suggested,2,
defecerunt,la,deficio,suggested,2,
defectibus,la,defectus,suggested,2,
defectiones,la,defectio,suggested,2,
defectu,la,defectus,suggested,2,
defendendi,la,defendo,suggested,2,
defenderent,la,defendo,suggested,2,
defenderunt,la,defendo,suggested,2,
defendit,la,defendo,suggested,2,
deferretur,la,defero,suggested,2,
deficere,la,deficio,suggested,2,
deficit,la,deficio,suggested,2,
definitionem,la,definitio,suggested,2,
defixi,la,defigo,suggested,2,
defuere,la,defeo,suggested,2,
defunctus,la,defungor,suggested,2,
degentem,la,degeo,suggested,2,
degit,la,dego,suggested,2,
deiecit,la,deicio,suggested,2,
deiecti,la,deicio,suggested,2,
deiectus,la,deicio,suggested,2,
delata,la,defero,suggested,2,
delatis,la,defero,suggested,2,
delatum,la,defero,suggested,2,
delebat,la,deleo,suggested,2,
delectabilibus,la,delectabilis,suggested,2,
delectu,la,delectus,suggested,2,
delectum,la,deligo,suggested,2,
delent,la,deleo,suggested,2,
delere,la,deleo,suggested,2,
deleta,la,deleo,suggested,2,
deliberationem,la,deliberatio,suggested,2,
delinquunt,la,delinquo,suggested,2,
demandata,la,demando,suggested,2,
demerebatur,la,demereo,suggested,2,
demissione,la,demissio,suggested,2,
demoratus,la,demoror,suggested,2,
denuntio,la,denuntio,suggested,2,
deponantur,la,depono,suggested,2,
deponendum,la,depono,suggested,2,
depositum,la,depono,suggested,2,
deprecatus,la,deprecor,suggested,2,
derepente,la,derepente,suggested,2,
descendens,la,descendo,suggested,2,
descripsimus,la,describo,suggested,2,
deserit,la,desero,suggested,2,
deserta,la,desero,suggested,2,
desertis,la,desero,suggested,2,
deserto,la,desero,suggested,2,
deserturos,la,desero,suggested,2,
desiderarent,la,desidero,suggested,2,
desint,la,desum,suggested,2,
destinatum,la,destino,suggested,2,
destitutos,la,destituo,suggested,2,
destitutus,la,destituo,suggested,2,
destruatur,la,destruo,suggested,2,
destructum,la,destruo,suggested,2,
desuper,la,desuper,suggested,2,
detecto,la,detego,suggested,2,
deterior,la,deterior,suggested,2,
deteriora,la,deterior,suggested,2,
determinationem,la,determinatio,suggested,2,
detestati,la,detestor,suggested,2,
detrectare,la,detrecto,suggested,2,
detulit,la,defero,suggested,2,
devenerit,la,devenio,suggested,2,
deveniant,la,devenio,suggested,2,
dextera,la,dexter,suggested,2,
dexteram,la,dexter,suggested,2,
dexteritate,la,dexteritas,suggested,2,
dextris,la,dexter,suggested,2,
diabolica,la,diabolicus,suggested,2,
diabolus,la,diabolus,suggested,2,
díaz,la,díaz,suggested,2,
dicat,la,dico,suggested,2,
dicendis,la,dico,suggested,2,
dicendum,la,dico,suggested,2,
diceret,la,dico,suggested,2,
dictamen,la,dictamen,suggested,2,
dictȩ,la,dico,suggested,2,
dictitabant,la,dictito,suggested,2,
dictorum,la,dico,suggested,2,
didicerant,la,didico,suggested,2,
diei,la,dies,suggested,2,
dietis,la,deo,suggested,2,
differebant,la,differo,suggested,2,
differunt,la,differo,suggested,2,
difficultas,la,difficultas,suggested,2,
difficultatibus,la,difficultas,suggested,2,
difficultatis,la,difficultas,suggested,2,
diffiteri,la,diffiteor,suggested,2,
digitorum,la,digitus,suggested,2,
dignentur,la,digno,suggested,2,
dignitates,la,dignitas,suggested,2,
dignitati,la,dignitas,suggested,2,
dignos,la,dignus,suggested,2,
dilectissimi,la,dilectus,suggested,2,
diligebat,la,diligo,suggested,2,
diligentissime,la,diligenter,suggested,2,
diluculo,la,diluculum,suggested,2,
dimicare,la,dimico,suggested,2,
dimidiati,la,dimidio,suggested,2,
dimissus,la,dimitto,suggested,2,
dira,la,dirus,suggested,2,
directo,la,dirigo,suggested,2,
dirigat,la,dirigo,suggested,2,
diriperent,la,diripo,suggested,2,
dirissima,la,dirus,suggested,2,
discedendum,la,discedo,suggested,2,
discernere,la,discerno,suggested,2,
disciplina,la,disciplina,suggested,2,
discipuli,la,discipulus,suggested,2,
discipulus,la,discipulus,suggested,2,
discribi,la,discribio,suggested,2,
discunt,la,disco,suggested,2,
disertis,la,disertus,suggested,2,
dispensarius,la,dispensarius,suggested,2,
dispersa,la,dispergo,suggested,2,
dispersis,la,dispergo,suggested,2,
dispersos,la,dispergo,suggested,2,
disponendum,la,dispono,suggested,2,
disponente,la,dispono,suggested,2,
disponere,la,dispono,suggested,2,
disponeret,la,dispono,suggested,2,
disposita,la,dispono,suggested,2,
disputationis,la,disputatio,suggested,2,
dissensiones,la,dissensio,suggested,2,
dissoluta,la,dissoluo,suggested,2,
distant,la,disto,suggested,2,
distantem,la,disto,suggested,2,
distantes,la,disto,suggested,2,
distentique,la,distento,suggested,2,
distulit,la,differo,suggested,2,
ditissimam,la,ditus,suggested,2,
ditissimi,la,ditus,suggested,2,
diuinitatis,la,diuinitas,suggested,2,
diuinus,la,diuinus,suggested,2,
diuitum,la,diues,suggested,2,
diutina,la,diutinus,suggested,2,
diversos,la,diverto,suggested,2,
divertere,la,diverto,suggested,2,
divi,la,divus,suggested,2,
divinȩ,la,diuinus,suggested,2,
divinissimum,la,divinus,suggested,2,
divitibus,la,dives,suggested,2,
divos,la,divus,suggested,2,
dixeris,la,dico,suggested,2,
dixisse,la,dico,suggested,2,
dni,la,dnus,suggested,2,
doceat,la,doceo,suggested,2,
docendas,la,doceo,suggested,2,
docentur,la,doceo,suggested,2,
doceri,la,doceo,suggested,2,
doctoribus,la,doctor,suggested,2,
doctrinis,la,doctrina,suggested,2,
doctum,la,doctus,suggested,2,
dogici,la,dogicus,suggested,2,
dogicos,la,dogicus,suggested,2,
dogmata,la,dogma,suggested,2,
doleret,la,doleo,suggested,2,
doli,la,dolus,suggested,2,
dolor,la,dolor,suggested,2,
dolores,la,dolor,suggested,2,
doloribus,la,dolor,suggested,2,
domesticas,la,domesticus,suggested,2,
domicilium,la,domicilium,suggested,2,
dominatio,la,dominatio,suggested,2,
dominationi,la,dominatio,suggested,2,
dominatum,la,dominor,suggested,2,
dominatur,la,dominor,suggested,2,
dominium,la,dominium,suggested,2,
dona,la,donum,suggested,2,
donabat,la,dono,suggested,2,
donare,la,dono,suggested,2,
donavit,la,dono,suggested,2,
dos,la,dos,suggested,2,
dubiam,la,dubius,suggested,2,
dubitabant,la,dubito,suggested,2,
ducentas,la,ducenti,suggested,2,
ducenti,la,duco,suggested,2,
ducere,la,duco,suggested,2,
ducerent,la,duco,suggested,2,
duceretur,la,duco,suggested,2,
ducit,la,duco,suggested,2,
ducti,la,duco,suggested,2,
ductor,la,ductor,suggested,2,
ductu,la,ductus,suggested,2,
ducuntur,la,duco,suggested,2,
duodeviginti,la,duodeviginti,suggested,2,
duplex,la,duplex,suggested,2,
duplici,la,duplex,suggested,2,
duravit,la,duro,suggested,2,
duxi,la,duco,suggested,2,
dynastarum,la,dynasta,suggested,2,
e,pt,e,suggested,2,
eaq,la,is,suggested,2,
eborensis,la,eborensis,suggested,2,
ecclesiastici,la,ecclesiasticus,suggested,2,
ecclesise,la,ecclesise,suggested,2,
eciam,la,ecius,suggested,2,
edessa,la,edessa,suggested,2,
edificatione,la,edificatio,suggested,2,
edificavi,la,aedifico,suggested,2,
editi,la,edo,suggested,2,
edixerunt,la,edico,suggested,2,
edixit,la,edico,suggested,2,
edocent,la,edoceo,suggested,2,
edocti,la,edoceo,suggested,2,
edoctus,la,edoceo,suggested,2,
edunt,la,edo,suggested,2,
eduxit,la,educo,suggested,2,
ee.dd,la,ee.dd,suggested,2,
effecerunt,la,efficio,suggested,2,
effectu,la,effectus,suggested,2,
effecturum,la,efficio,suggested,2,
efferens,la,effero,suggested,2,
efficacia,la,efficacia,suggested,2,
efficiet,la,efficio,suggested,2,
efficit,la,efficio,suggested,2,
effugiis,la,effugium,suggested,2,
effugit,la,effugio,suggested,2,
effugium,la,effugium,suggested,2,
effusio,la,effusio,suggested,2,
egent,la,egeo,suggested,2,
egredi,la,egredior,suggested,2,
egregius,la,egregius,suggested,2,
eicit,la,eicio,suggested,2,
eiicere,la,eiicio,suggested,2,
eiiceret,la,eiicio,suggested,2,
elanguit,la,elango,suggested,2,
elapsum,la,elabor,suggested,2,
elata,la,effero,suggested,2,
electioni,la,electio,suggested,2,
electo,la,eligo,suggested,2,
eleemosynae,la,eleemosyna,suggested,2,
eleemosynam,la,eleemosyna,suggested,2,
eleemosynas,la,eleemosyna,suggested,2,
elegantissimo,la,elegantus,suggested,2,
elegerant,la,eligo,suggested,2,
elegerat,la,eligo,suggested,2,
elementorum,la,elementum,suggested,2,
elemosinas,la,eleemosyna,suggested,2,
em,pt,em,suggested,2,
emeret,la,emo,suggested,2,
emergentia,la,emergo,suggested,2,
eminenter,la,eminenter,suggested,2,
eminentiarum,la,eminentia,suggested,2,
eminentissimi,la,Eminentissimus,suggested,2,
eminentium,la,emineo,suggested,2,
eminus,la,eminus,suggested,2,
emiserunt,la,emitto,suggested,2,
emissum,la,emitto,suggested,2,
emit,la,emo,suggested,2,
emittant,la,emitto,suggested,2,
emittendi,la,emitto,suggested,2,
emittendo,la,emitto,suggested,2,
emittunt,la,emitto,suggested,2,
emmanuelis,la,emmanuelus,suggested,2,
emolumento,la,emolumentum,suggested,2,
emorum,la,is,suggested,2,
emptione,la,emptio,suggested,2,
eor,la,eor,suggested,2,
epikeiam,la,epikeia,suggested,2,
epirus,la,epirus,suggested,2,
epistolis,la,epistola,suggested,2,
eques,la,eques,suggested,2,
equidem,la,equidem,suggested,2,
equo,la,equus,suggested,2,
er,la,er,suggested,2,
erectis,la,erigo,suggested,2,
erratis,la,erro,suggested,2,
eruditos,la,erudio,suggested,2,
esta,es,este,suggested,2,
estis,la,sum,suggested,2,
esto,la,sum,suggested,2,
etatis,la,eto,suggested,2,
ethnicus,la,ethnicus,suggested,2,
euenit,la,euenio,suggested,2,
eundi,la,eo,suggested,2,
euntes,la,eo,suggested,2,
eunuchorum,la,eunuchus,suggested,2,
eunuchum,la,eunuchus,suggested,2,
europaeorum,la,europaeus,suggested,2,
europaeos,la,europaeus,suggested,2,
evaderent,la,evado,suggested,2,
evangelico,la,evangelicus,suggested,2,
evangelij,la,evangelium,suggested,2,
evangelizandum,la,evangelizo,suggested,2,
evangelizare,la,evangelizo,suggested,2,
evasisse,la,evdo,suggested,2,
evasisset,la,evasio,suggested,2,
evectus,la,eveho,suggested,2,
eveniunt,la,evenio,suggested,2,
eventuum,la,eventus,suggested,2,
everendo,la,evero,suggested,2,
eversae,la,everto,suggested,2,
evidens,la,evidens,suggested,2,
evitare,la,evito,suggested,2,
evulgavit,la,evulgo,suggested,2,
exacte,la,exigo,suggested,2,
exaequat,la,exaequo,suggested,2,
exagitari,la,exagito,suggested,2,
examina,la,examen,suggested,2,
examinata,la,examino,suggested,2,
examinati,la,examino,suggested,2,
examine,la,examen,suggested,2,
exasperavit,la,exaspero,suggested,2,
excedens,la,excedo,suggested,2,
excedit,la,excedo,suggested,2,
excedunt,la,excedo,suggested,2,
excepto,la,excipio,suggested,2,
excesserat,la,excedo,suggested,2,
excessisse,la,excedo,suggested,2,
excessit,la,excedo,suggested,2,
excidio,la,excidio,suggested,2,
excipiendos,la,excipio,suggested,2,
excipiuntur,la,excipio,suggested,2,
excitasset,la,excito,suggested,2,
excitata,la,excito,suggested,2,
excludi,la,excludo,suggested,2,
excolendis,la,excolo,suggested,2,
excolere,la,excolo,suggested,2,
excreverant,la,excro,suggested,2,
excruciati,la,excrucio,suggested,2,
excusationem,la,excusatio,suggested,2,
excutere,la,excutio,suggested,2,
executione,la,exsecutio,suggested,2,
exemit,la,eximo,suggested,2,
exempli,la,exemplum,suggested,2,
exempta,la,eximo,suggested,2,
exercendam,la,exerceo,suggested,2,
exercent,la,exerceo,suggested,2,
exercitia,la,exercitium,suggested,2,
exercitium,la,exercitium,suggested,2,
exercuisset,la,exerceo,suggested,2,
exercuit,la,exerceo,suggested,2,
exeundi,la,exeo,suggested,2,
exeunte,la,exeo,suggested,2,
exeuntes,la,exeo,suggested,2,
exhibitis,la,exhibeo,suggested,2,
exiens,la,exeo,suggested,2,
exigatur,la,exigo,suggested,2,
exigi,la,exigo,suggested,2,
exigitur,la,exigo,suggested,2,
exiguos,la,exiguus,suggested,2,
exiguum,la,exiguus,suggested,2,
exilii,la,exsilium,suggested,2,
eximi,la,eximus,suggested,2,
eximijs,la,eximijs,suggested,2,
existens,la,exsisto,suggested,2,
existentes,la,exsisto,suggested,2,
existimant,la,existimo,suggested,2,
existimarent,la,existimo,suggested,2,
existimatio,la,existimatio,suggested,2,
existimo,la,existimo,suggested,2,
exitium,la,exitium,suggested,2,
exitum,la,exitus,suggested,2,
exivi,la,exeo,suggested,2,
exomologesin,la,exomologesin,suggested,2,
exordio,la,exordius,suggested,2,
exorti,la,exorior,suggested,2,
expectabamus,la,expecto,suggested,2,
expectabat,la,exspecto,suggested,2,
expectantes,la,exspecto,suggested,2,
expectari,la,exspecto,suggested,2,
expectat,la,exspecto,suggested,2,
expectatione,la,ex(s)pectatio,suggested,2,
expectationis,la,expectatio,suggested,2,
expecto,la,exspecto,suggested,2,
expediat,la,expedio,suggested,2,
expedienda,la,expedio,suggested,2,
expediri,la,expedio,suggested,2,
expeditum,la,expedio,suggested,2,
expeditus,la,expedio,suggested,2,
expelleret,la,expello,suggested,2,
expendit,la,expendo,suggested,2,
expenditur,la,expendo,suggested,2,
experiar,la,experio,suggested,2,
experimento,la,experimentum,suggested,2,
expleatur,la,expleo,suggested,2,
expleri,la,expleo,suggested,2,
expleto,la,expleo,suggested,2,
explicare,la,explico,suggested,2,
exploraret,la,exploro,suggested,2,
explorata,la,exploro,suggested,2,
explorator,la,explorator,suggested,2,
exploratum,la,exploro,suggested,2,
exponeret,la,expono,suggested,2,
exposita,la,expono,suggested,2,
exposui,la,expono,suggested,2,
exposuimus,la,expono,suggested,2,
expresso,la,exprimo,suggested,2,
expulsi,la,expello,suggested,2,
exquisitis,la,exquino,suggested,2,
exspectare,la,exspecto,suggested,2,
extaret,la,exto,suggested,2,
extendendi,la,extendo,suggested,2,
exteris,la,exter,suggested,2,
exterius,la,extra,suggested,2,
externa,la,externus,suggested,2,
externos,la,externus,suggested,2,
exteros,la,exter,suggested,2,
extinctis,la,extingo,suggested,2,
extinctum,la,extinctus,suggested,2,
extinctus,la,extinctus,suggested,2,
extinguere,la,ex(s)tinguo,suggested,2,
extinguitur,la,ex(s)tinguo,suggested,2,
extirparet,la,extirpo,suggested,2,
extiterunt,la,existo,suggested,2,
extitit,la,extitio,suggested,2,
extolleremur,la,extollo,suggested,2,
extraneorum,la,extraneus,suggested,2,
extraordinariam,la,extraordinarius,suggested,2,
extrinsecus,la,extrinsecus,suggested,2,
extructurum,la,extruo,suggested,2,
extrui,la,extruo,suggested,2,
extruxerat,la,extruco,suggested,2,
extruxit,la,extruo,suggested,2,
extulit,la,effero,suggested,2,
exturbati,la,exturbo,suggested,2,
exueretur,la,exuo,suggested,2,
exulare,la,exulo,suggested,2,
exularent,la,exulo,suggested,2,
exules,la,exules,suggested,2,
fa,la,fa,suggested,2,
fabianus,la,fabianus,suggested,2,
fabulas,la,fabula,suggested,2,
facata,la,faco,suggested,2,
facatensi,la,facatensis,suggested,2,
facerem,la,facio,suggested,2,
facie,la,facies,suggested,2,
faciebant,la,facio,suggested,2,
faciles,la,facilis,suggested,2,
facilior,la,facilis,suggested,2,
facimus,la,facio,suggested,2,
facinora,la,facinus,suggested,2,
factionem,la,factio,suggested,2,
factioni,la,factio,suggested,2,
facturos,la,facio,suggested,2,
facturus,la,facio,suggested,2,
faemina,la,faemina,suggested,2,
faeminis,la,faemina,suggested,2,
fallere,la,fallo,suggested,2,
falsae,la,falsus,suggested,2,
falsitatis,la,falsitas,suggested,2,
falsos,la,falsus,suggested,2,
famam,la,fama,suggested,2,
famę,la,famęs,suggested,2,
famis,la,famis,suggested,2,
famulatum,la,famulatus,suggested,2,
famuli,la,famulus,suggested,2,
famulo,la,famulus,suggested,2,
famulorum,la,famulus,suggested,2,
fatentur,la,fateo,suggested,2,
fateri,la,fateor,suggested,2,
fauces,la,faux,suggested,2,
fautorem,la,fautor,suggested,2,
faveat,la,faveo,suggested,2,
faveret,la,faveo,suggested,2,
fecere,la,facio,suggested,2,
fecerint,la,facio,suggested,2,
fecerit,la,facio,suggested,2,
fefellit,la,fefello,suggested,2,
felicem,la,felix,suggested,2,
felicianus,la,felicianus,suggested,2,
felicissime,la,felice,suggested,2,
ferè,la,ferè,suggested,2,
ferebatur,la,fero,suggested,2,
feretrum,la,feretrum,suggested,2,
feria,la,feria,suggested,2,
fervor,la,fervor,suggested,2,
festis,la,festus,suggested,2,
festo,la,festus,suggested,2,
festos,la,festus,suggested,2,
fid,la,fis,suggested,2,
fideli,la,fidelis,suggested,2,
fidelis,la,fidelis,suggested,2,
fidelissimo,la,fidelis,suggested,2,
fidelissimus,la,fidelis,suggested,2,
fidelitas,la,fidelitas,suggested,2,
fidelitate,la,fidelitas,suggested,2,
fidelitatem,la,fidelitas,suggested,2,
fidelitatis,la,fidelitas,suggested,2,
fidens,la,fido,suggested,2,
fidus,la,fidus,suggested,2,
fiebant,la,fio,suggested,2,
figant,la,figo,suggested,2,
figen,la,figen,suggested,2,
figheredo,la,figheredus,suggested,2,
figueira,la,figueirus,suggested,2,
filiabus,la,filia,suggested,2,
filiae,la,filia,suggested,2,
filioli,la,filiolus,suggested,2,
fingani,la,finganis,suggested,2,
fingensis,la,fingensis,suggested,2,
fingere,la,fingo,suggested,2,
finito,la,finio,suggested,2,
firandensem,la,firandensis,suggested,2,
firandenses,la,firandensis,suggested,2,
firmam,la,firmus,suggested,2,
firmata,la,firmo,suggested,2,
firmavit,la,firmo,suggested,2,
firmissima,la,firmus,suggested,2,
firmitas,la,firmitas,suggested,2,
firmum,la,firmus,suggested,2,
firoscima,la,firoscimus,suggested,2,
firoscimae,la,Firoscima,suggested,2,
firoscimam,la,Firoscima,suggested,2,
firoximano,la,firoximanus,suggested,2,
fixerunt,la,figo,suggested,2,
flagell,la,flagell,suggested,2,
flagitia,la,flagitium,suggested,2,
flagitiorum,la,flagitium,suggested,2,
flagitiose,la,flagitiose,suggested,2,
flammae,la,flamma,suggested,2,
fluens,la,fluo,suggested,2,
fluit,la,fluo,suggested,2,
fluminibus,la,flumen,suggested,2,
fluuium,la,fluuius,suggested,2,
focheu,la,focheus,suggested,2,
foedera,la,foedus,suggested,2,
foederatus,la,foedero,suggested,2,
foedere,la,foedus,suggested,2,
foederibus,la,foedus,suggested,2,
foedissime,la,foedus,suggested,2,
foedo,la,foedus,suggested,2,
foeminis,la,foemina,suggested,2,
fontes,la,fons,suggested,2,
foris,la,foris,suggested,2,
formidabant,la,formido,suggested,2,
formidabat,la,formido,suggested,2,
formidantes,la,formido,suggested,2,
formidinem,la,formido,suggested,2,
formido,la,formido,suggested,2,
forsitan,la,forsitan,suggested,2,
fortassis,la,fortasse,suggested,2,
fortissima,la,fortis,suggested,2,
fortitudinis,la,fortitudo,suggested,2,
fortunarumque,la,fortunarumquus,suggested,2,
fossae,la,fossa,suggested,2,
fovere,la,foveo,suggested,2,
fr.antonius,la,fr.antonius,suggested,2,
franciscanis,la,franciscanus,suggested,2,
fraudatur,la,fraudo,suggested,2,
fraudibus,la,fraus,suggested,2,
frequentissime,la,frequenter,suggested,2,
fretum,la,fretum,suggested,2,
frigora,la,frigus,suggested,2,
fronte,la,frons,suggested,2,
frontem,la,frons,suggested,2,
frui,la,fruor,suggested,2,
fruitur,la,fruor,suggested,2,
frumento,la,frumentum,suggested,2,
frumentum,la,frumentum,suggested,2,
fucuscimadoni,la,fucuscimado,suggested,2,
fucuscimadonus,la,fucuscimadonus,suggested,2,
fuerim,la,sum,suggested,2,
fuerimus,la,sum,suggested,2,
fugerunt,la,fugio,suggested,2,
fundamento,la,fundamentum,suggested,2,
fundare,la,fundo,suggested,2,
fundationi,la,fundatio,suggested,2,
fundatorum,la,fundo,suggested,2,
funera,la,funus,suggested,2,
furiae,la,furia,suggested,2,
furiose,la,furiose,suggested,2,
furta,la,furtum,suggested,2,
fusa,la,fundo,suggested,2,
fusè,la,fndo,suggested,2,
fusum,la,fundo,suggested,2,
futurae,la,futurus,suggested,2,
futuros,la,sum,suggested,2,
gabriel,la,gabriel,suggested,2,
galatas,la,galata,suggested,2,
galatia,la,galatia,suggested,2,
galli,la,gallus,suggested,2,
garcia,la,garcius,suggested,2,
gaza,la,Gaza,suggested,2,
generibus,la,genus,suggested,2,
genio,la,genium,suggested,2,
genti,la,gens,suggested,2,
genua,la,genua,suggested,2,
georgii,la,Georgius,suggested,2,
gerant,la,gero,suggested,2,
gerardinus,la,Gerardinus,suggested,2,
gerentibus,la,gero,suggested,2,
gererent,la,gero,suggested,2,
germani,la,germanus,suggested,2,
gesit,la,gesum,suggested,2,
gessi,la,gro,suggested,2,
gibonoscii,la,Gibonoscius,suggested,2,
gladiis,la,gladius,suggested,2,
globo,la,globus,suggested,2,
gloriosae,la,gloriosus,suggested,2,
gloriose,la,gloriose,suggested,2,
gloriosissima,la,gloriosus,suggested,2,
glorioso,la,gloriosus,suggested,2,
gnari,la,gnarus,suggested,2,
góes,la,góes,suggested,2,
gonzales,la,gonzales,suggested,2,
gonzalez,la,gonzales,suggested,2,
gouense,la,gouensis,suggested,2,
govea,la,Govea,suggested,2,
grande,la,grandis,suggested,2,
grassante,la,grasso,suggested,2,
gratiis,la,gratia,suggested,2,
gratis,la,gratis,suggested,2,
graui,la,grauis,suggested,2,
gravata,la,gravo,suggested,2,
grave,la,gravis,suggested,2,
graves,la,gravis,suggested,2,
gravi,la,gravis,suggested,2,
gravis,la,gravis,suggested,2,
gravissimas,la,gravis,suggested,2,
grege,la,grex,suggested,2,
greges,la,grex,suggested,2,
gregorio,la,Gregorius,suggested,2,
guardiano,la,Guardianus,suggested,2,
gubernabatur,la,guberno,suggested,2,
gubernat,la,guberno,suggested,2,
guerram,la,guerra,suggested,2,
guifuanum,la,guifuanus,suggested,2,
gymnasium,la,gymnasius,suggested,2,
gypones,la,gypo,suggested,2,
habeas,la,habeo,suggested,2,
habebam,la,habeo,suggested,2,
habebamus,la,habeo,suggested,2,
habendis,la,habeo,suggested,2,
habetur,la,habeo,suggested,2,
habitet,la,habito,suggested,2,
haereditario,la,haereditarius,suggested,2,
haerere,la,haereo,suggested,2,
haimuen,la,Haimues,suggested,2,
haynan,la,Haynas,suggested,2,
hebdomade,la,hebdomades,suggested,2,
heliopolis,la,heliopolus,suggested,2,
herede,la,heres,suggested,2,
hermano,es,hermano,suggested,2,
herodem,la,Herodes,suggested,2,
herodes,la,Herodes,suggested,2,
herodis,la,Herodes,suggested,2,
hì,la,hì,suggested,2,
hiemem,la,hiem(p)s,suggested,2,
hieronymum,la,hieronymus,suggested,2,
hierusalem,la,Hierosolyma,suggested,2,
hispaniarum,la,hispania,suggested,2,
hispanorum,la,hispanus,suggested,2,
historiam,la,historia,suggested,2,
historicus,la,historicus,suggested,2,
honestatis,la,honestas,suggested,2,
honeste,la,honeste,suggested,2,
hoo,la,hic,suggested,2,
horribili,la,horribilis,suggested,2,
horrida,la,horridus,suggested,2,
hortationibus,la,hortatio,suggested,2,
hospitari,la,hospito,suggested,2,
hospitem,la,hospes,suggested,2,
hospitio,la,hospitium,suggested,2,
hostiles,la,hostilis,suggested,2,
hostilibus,la,hostilis,suggested,2,
hujuscemodi,la,hujuscemodi,suggested,2,
hujusmodi,la,hujusmodi,suggested,2,
hukuang,la,hukuo,suggested,2,
humo,la,humus,suggested,2,
hungquango,la,hungquangus,suggested,2,
hyeronimus,la,hyeronimus,suggested,2,
hymno,la,hymnus,suggested,2,
iactum,la,iactus,suggested,2,
iacturam,la,iactura,suggested,2,
ianuas,la,ianua,suggested,2,
ianuis,la,ianua,suggested,2,
iaponensis,la,iaponensis,suggested,2,
iaponibus,la,iaponus,suggested,2,
iaponicae,la,iaponicus,suggested,2,
iaponicarum,la,iaponicus,suggested,2,
iaponicas,la,Iaponicus,suggested,2,
iaponicis,la,iaponicus,suggested,2,
iaponis,la,Iaponi,suggested,2,
iapponensibus,la,iapponensis,suggested,2,
ibant,la,eo,suggested,2,
idalcani,la,idalcanus,suggested,2,
idemque,la,itemque,suggested,2,
idolo,la,idolon,suggested,2,
idololatria,la,idololatria,suggested,2,
idoneos,la,idoneus,suggested,2,
idoneus,la,idoneus,suggested,2,
ieiunio,la,ieiunium,suggested,2,
ignea,la,igneus,suggested,2,
ignobiles,la,ignobilis,suggested,2,
ignominia,la,ignominia,suggested,2,
ignorabat,la,ignoro,suggested,2,
ignorantiae,la,ignorantia,suggested,2,
ignoraret,la,ignoro,suggested,2,
ignorata,la,ignoro,suggested,2,
ignoratione,la,ignoratio,suggested,2,
ignoratur,la,ignoro,suggested,2,
ignota,la,ignotus,suggested,2,
ignotam,la,ignotus,suggested,2,
ihesu,la,ihesus,suggested,2,
iiii,la,IIII,suggested,2,
illinc,la,illinc,suggested,2,
illiusque,la,illiusque,suggested,2,
illma,la,illme,suggested,2,
illmis,la,illme,suggested,2,
illmos,la,illme,suggested,2,
illomet,la,ille,suggested,2,
illuminet,la,illumino,suggested,2,
illustres,la,illustris,suggested,2,
illustrissimos,la,illustrus,suggested,2,
illustrissimum,la,illustrus,suggested,2,
illustrius,la,illustris,suggested,2,
imaginum,la,imago,suggested,2,
imbecillitatem,la,imbecillitas,suggested,2,
imbutae,la,imbuo,suggested,2,
imitabitur,la,imitor,suggested,2,
immani,la,immanis,suggested,2,
immania,la,immanis,suggested,2,
immanitate,la,immanitas,suggested,2,
immaniter,la,immaniter,suggested,2,
immensi,la,immensis,suggested,2,
immortales,la,immortalis,suggested,2,
immunes,la,immunis,suggested,2,
impar,la,impar,suggested,2,
impediendum,la,impedio,suggested,2,
impedita,la,impedio,suggested,2,
impediti,la,impedio,suggested,2,
impendant,la,impendo,suggested,2,
impendi,la,impendo,suggested,2,
impensos,la,impensus,suggested,2,
imperasset,la,impero,suggested,2,
imperatores,la,imperator,suggested,2,
imperiale,la,imperialis,suggested,2,
imperij,la,imperium,suggested,2,
imperiti,la,imperitus,suggested,2,
imperitum,la,imperitus,suggested,2,
impetraret,la,impetro,suggested,2,
impetratis,la,impetro,suggested,2,
impetus,la,impetus,suggested,2,
impia,la,impius,suggested,2,
impie,la,impie,suggested,2,
imponatur,la,impono,suggested,2,
imponerent,la,impono,suggested,2,
imponitur,la,impono,suggested,2,
importunitate,la,importunitas,suggested,2,
imposito,la,impono,suggested,2,
impossitum,la,imposno,suggested,2,
impostorem,la,impostor,suggested,2,
impraesentiarum,la,impraesentia,suggested,2,
impresentiarum,la,impresentia,suggested,2,
impressionem,la,impressio,suggested,2,
improviso,la,improvisus,suggested,2,
impure,la,impure,suggested,2,
imus,la,imus,suggested,2,
inaudii,la,inaudius,suggested,2,
inauditam,la,inauditus,suggested,2,
inaudito,la,inauditus,suggested,2,
inaurata,la,inauro,suggested,2,
incapaces,la,incapax,suggested,2,
incarnatione,la,incarnatio,suggested,2,
incarnationis,la,incarnatio,suggested,2,
incedentes,la,incedo,suggested,2,
incedunt,la,incedo,suggested,2,
incendit,la,incendo,suggested,2,
incensus,la,incendo,suggested,2,
inceptum,la,incipio,suggested,2,
inch,la,inch,suggested,2,
inciderunt,la,incido,suggested,2,
incipere,la,incipio,suggested,2,
inciperet,la,incipio,suggested,2,
incipiens,la,incipio,suggested,2,
inclinare,la,inclino,suggested,2,
inclusive,la,inclusive,suggested,2,
incolit,la,incolo,suggested,2,
incolumes,la,incolumis,suggested,2,
incolumis,la,incolumis,suggested,2,
incommodis,la,incommodum,suggested,2,
inconstantis,la,inconsto,suggested,2,
inconsulto,la,inconsultus,suggested,2,
inconvenientia,la,inconveniens,suggested,2,
incumbere,la,incumbo,suggested,2,
incurrere,la,incurro,suggested,2,
incurreret,la,incurro,suggested,2,
incurrerunt,la,incurro,suggested,2,
indicaret,la,indico,suggested,2,
indicatum,la,indico,suggested,2,
indicis,la,indicus,suggested,2,
indicta,la,indico,suggested,2,
indies,la,indies,suggested,2,
indiff,la,indiff,suggested,2,
indigebant,la,indigeo,suggested,2,
indignati,la,indignor,suggested,2,
indignatio,la,indignatio,suggested,2,
inditam,la,indo,suggested,2,
indorum,la,indus,suggested,2,
inducti,la,induco,suggested,2,
induit,la,induo,suggested,2,
indulgentiam,la,indulgentia,suggested,2,
indulgere,la,indulgeo,suggested,2,
indulsit,la,indulgeo,suggested,2,
industriam,la,industria,suggested,2,
indutos,la,induo,suggested,2,
indutus,la,induo,suggested,2,
inedia,la,inedia,suggested,2,
ineptum,la,ineptus,suggested,2,
inest,la,insum,suggested,2,
infamationes,la,infamatio,suggested,2,
infelicissimus,la,infelicus,suggested,2,
infeliciter,la,infeliciter,suggested,2,
infelix,la,infelix,suggested,2,
infensus,la,infendo,suggested,2,
inferius,la,infere,suggested,2,
inferre,la,infero,suggested,2,
infertur,la,infero,suggested,2,
inferuntur,la,infero,suggested,2,
infestis,la,infestus,suggested,2,
infesto,la,infestus,suggested,2,
infestos,la,infestus,suggested,2,
infestus,la,infestus,suggested,2,
infideli,la,infidelis,suggested,2,
infimae,la,inferus,suggested,2,
infinitae,la,infinitus,suggested,2,
infinitas,la,infinitus,suggested,2,
infinitum,la,infinitus,suggested,2,
infirmis,la,infirmus,suggested,2,
informarent,la,informo,suggested,2,
informaret,la,informo,suggested,2,
informavit,la,informo,suggested,2,
infrascriptus,la,infrascriptus,suggested,2,
ingenii,la,ingenium,suggested,2,
ingenium,la,ingenium,suggested,2,
ingerunt,la,ingero,suggested,2,
ingressos,la,ingredior,suggested,2,
inimicitiae,la,inimicitia,suggested,2,
inimicorum,la,inimicus,suggested,2,
iniqua,la,iniquus,suggested,2,
iniquitas,la,iniquitas,suggested,2,
initiati,la,initior,suggested,2,
iniuncti,la,iniungo,suggested,2,
iniunxit,la,iniungo,suggested,2,
innocentia,la,innocentia,suggested,2,
innocentiae,la,innocentia,suggested,2,
innocentiam,la,innocentia,suggested,2,
innotescat,la,innotesco,suggested,2,
innotuerat,la,innotuo,suggested,2,
innotuit,la,innotesco,suggested,2,
innovare,la,innovo,suggested,2,
innumera,la,innumerus,suggested,2,
inopem,la,inops,suggested,2,
inopinato,la,inopinatus,suggested,2,
inprimis,la,inprimus,suggested,2,
inquam,la,inquam,suggested,2,
inquirendum,la,inquiro,suggested,2,
inquisitio,la,inquisitio,suggested,2,
inscriptio,la,inscriptio,suggested,2,
inscriptum,la,inscribo,suggested,2,
insecuti,la,insequor,suggested,2,
insequentibus,la,insequor,suggested,2,
insidiari,la,insidior,suggested,2,
insignium,la,insignis,suggested,2,
insistunt,la,insisto,suggested,2,
insita,la,inseo,suggested,2,
insitam,la,inno,suggested,2,
insolens,la,insoleo,suggested,2,
insolentiis,la,insolentia,suggested,2,
instabilis,la,instabilis,suggested,2,
instanter,la,instanter,suggested,2,
instanti,la,instans,suggested,2,
instituens,la,instituo,suggested,2,
instituta,la,instituo,suggested,2,
institutione,la,institutio,suggested,2,
instituto,la,institutum,suggested,2,
instructione,la,instructio,suggested,2,
instruendi,la,instruo,suggested,2,
instruere,la,instruo,suggested,2,
instrumenti,la,instrumentum,suggested,2,
instrumentis,la,instrumentum,suggested,2,
insumit,la,insumo,suggested,2,
insurrexerunt,la,insurgo,suggested,2,
integer,la,integer,suggested,2,
integram,la,integer,suggested,2,
integras,la,integer,suggested,2,
integros,la,integer,suggested,2,
integrum,la,integer,suggested,2,
intellectus,la,intellectus,suggested,2,
intellexit,la,intellego,suggested,2,
intelligantur,la,intellego,suggested,2,
intelligenda,la,intellego,suggested,2,
intelligerent,la,intellego,suggested,2,
intelligimus,la,intellego,suggested,2,
intelligit,la,intellego,suggested,2,
intendit,la,intendo,suggested,2,
intentionis,la,intentio,suggested,2,
intento,la,intendo,suggested,2,
intentos,la,intendo,suggested,2,
interclusam,la,intercludo,suggested,2,
interdicta,la,interdico,suggested,2,
interdictus,la,interdico,suggested,2,
interdixit,la,interdico,suggested,2,
interesse,la,intersum,suggested,2,
interfici,la,interficio,suggested,2,
interitum,la,interitus,suggested,2,
interiturae,la,intereo,suggested,2,
interius,la,intra,suggested,2,
interpres,la,interpres,suggested,2,
interpretatus,la,interpretor,suggested,2,
interprete,la,interprete,suggested,2,
interpretes,la,interpres,suggested,2,
interque,la,interque,suggested,2,
interrogans,la,interrogo,suggested,2,
interrogavi,la,interrogo,suggested,2,
intersunt,la,intersum,suggested,2,
interueniente,la,interuenio,suggested,2,
intervallum,la,intervallum,suggested,2,
intimis,la,intimus,suggested,2,
intimo,la,intimus,suggested,2,
intrandi,la,intro,suggested,2,
intrant,la,intro,suggested,2,
introitus,la,introitus,suggested,2,
intromittit,la,intromitto,suggested,2,
intueri,la,intueor,suggested,2,
intulisse,la,infero,suggested,2,
inuidia,la,inuidia,suggested,2,
inuidiae,la,inuidia,suggested,2,
inus,la,inus,suggested,2,
inusitatam,la,inusitatus,suggested,2,
inusitato,la,inusitatus,suggested,2,
invadere,la,invadeo,suggested,2,
invehi,la,inveho,suggested,2,
inveni,la,invenio,suggested,2,
inveniri,la,invenio,suggested,2,
inveniuntur,la,invenio,suggested,2,
invisit,la,inviso,suggested,2,
invitabat,la,invito,suggested,2,
invitat,la,invito,suggested,2,
invitatus,la,invito,suggested,2,
invitavit,la,invito,suggested,2,
inviti,la,invitus,suggested,2,
ioannis,la,iohannes,suggested,2,
ipsae,la,ipse,suggested,2,
ipsarum,la,ipse,suggested,2,
ipsique,la,ipsique,suggested,2,
irent,la,eo,suggested,2,
irruentes,la,irruo,suggested,2,
irruit,la,irruo,suggested,2,
irrumpunt,la,irrumpo,suggested,2,
irrupit,la,irrupo,suggested,2,
iste,la,iste,suggested,2,
istum,la,iste,suggested,2,
itemque,la,item,suggested,2,
iterato,la,iterato,suggested,2,
itineribus,la,iter,suggested,2,
iu,la,iu,suggested,2,
iubeat,la,iubeo,suggested,2,
iubendum,la,iubeo,suggested,2,
iubetur,la,iubeo,suggested,2,
iucunditatis,la,iucunditas,suggested,2,
iudaei,la,Iudaei,suggested,2,
iudaeorum,la,Iudaei,suggested,2,
iudęi,la,iudęus,suggested,2,
iudęorum,la,iudęus,suggested,2,
iudicabis,la,iudico,suggested,2,
iudicabuntur,la,iudico,suggested,2,
iudicarent,la,iudico,suggested,2,
iudicaret,la,iudico,suggested,2,
iudicari,la,iudico,suggested,2,
iudicatum,la,iudico,suggested,2,
iudicaturus,la,iudico,suggested,2,
iudice,la,iudex,suggested,2,
iudicii,la,iudicium,suggested,2,
iudicum,la,iudex,suggested,2,
iugo,la,iugum,suggested,2,
iugum,la,iugum,suggested,2,
iumenta,la,iumentum,suggested,2,
iungliei,la,iunglies,suggested,2,
iunioris,la,iunus,suggested,2,
iurati,la,iuro,suggested,2,
iuremus,la,iuro,suggested,2,
iuridictione,la,iuridictio,suggested,2,
iusserat,la,iubeo,suggested,2,
iusserit,la,iubeo,suggested,2,
iusserunt,la,iubeo,suggested,2,
iussi,la,iubeo,suggested,2,
iuste,la,iuste,suggested,2,
iusto,la,iustus,suggested,2,
iuvante,la,iuvo,suggested,2,
iuvare,la,iuvo,suggested,2,
iuvari,la,iuvo,suggested,2,
iuvenes,la,iuvenis,suggested,2,
iuvenibus,la,iuvenis,suggested,2,
ivit,la,eo,suggested,2,
japonicas,la,japonicus,suggested,2,
japonice,la,japonice,suggested,2,
japonicos,la,japonicus,suggested,2,
japonios,la,japonius,suggested,2,
japponiorum,la,japponium,suggested,2,
jo,la,jo,suggested,2,
joannem,la,joannes,suggested,2,
judicium,la,judicium,suggested,2,
julius,la,julius,suggested,2,
jussu,la,jussus,suggested,2,
kangitarum,la,kangitus,suggested,2,
kengo,la,kengo,suggested,2,
kiango,la,kiango,suggested,2,
kienning,la,kienning,suggested,2,
kueicheu,la,kueicheu,suggested,2,
labentem,la,labor,suggested,2,
labor,la,labor,suggested,2,
laborabant,la,laboro,suggested,2,
laboratum,la,laboro,suggested,2,
laboravit,la,laboro,suggested,2,
laboris,la,labor,suggested,2,
lacrymarum,la,lacryma,suggested,2,
lacte,la,lac,suggested,2,
lacus,la,lacus,suggested,2,
laedi,la,laedo,suggested,2,
laeti,la,laetus,suggested,2,
laetitiae,la,laetitia,suggested,2,
laico,la,laicus,suggested,2,
lambert,la,Lambertus,suggested,2,
laminis,la,lamen,suggested,2,
lancilottus,la,lancilottus,suggested,2,
lapsus,la,labor,suggested,2,
largitate,la,largitas,suggested,2,
latam,la,latus,suggested,2,
latas,la,latus,suggested,2,
lateat,la,lateo,suggested,2,
latinae,la,latinus,suggested,2,
latine,la,Latine,suggested,2,
latissime,la,late,suggested,2,
latitabant,la,latito,suggested,2,
latitantes,la,latitor,suggested,2,
latitudine,la,latitudo,suggested,2,
latitudinem,la,latitudo,suggested,2,
latitudo,la,latitudo,suggested,2,
latrocinia,la,latrocinium,suggested,2,
latus,la,latus,suggested,2,
laudabat,la,laudo,suggested,2,
laudes,la,laus,suggested,2,
laudetur,la,laudo,suggested,2,
laurentius,la,laureo,suggested,2,
lavacrum,la,lavacrum,suggested,2,
le,es,él,suggested,2,
lectione,la,lectio,suggested,2,
lectionem,la,lectio,suggested,2,
lectionibus,la,lectio,suggested,2,
legationem,la,legatio,suggested,2,
legavit,la,lego,suggested,2,
legendum,la,lego,suggested,2,
legerat,la,lego,suggested,2,
legislator,la,legislator,suggested,2,
legitimus,la,legitimus,suggested,2,
leporinam,la,leporina,suggested,2,
lethifera,la,lethiferus,suggested,2,
levamentum,la,levamentum,suggested,2,
libano,la,libanus,suggested,2,
libello,la,libellus,suggested,2,
libenti,la,libens,suggested,2,
libera,la,liber,suggested,2,
liberari,la,libero,suggested,2,
liberati,la,libero,suggested,2,
liberatis,la,libero,suggested,2,
libertas,la,libertas,suggested,2,
libitum,la,libitus,suggested,2,
licencias,es,licencia,suggested,2,
licentia,es,licentia,suggested,2,
licentiati,la,licentiatus,suggested,2,
liceret,la,licet,suggested,2,
licuisset,la,liceo,suggested,2,
licungzi,la,licungzus,suggested,2,
lignea,la,ligneus,suggested,2,
lignum,la,lignum,suggested,2,
lihuzi,la,lihuzus,suggested,2,
lihuzus,la,lihuzus,suggested,2,
linea,la,linea,suggested,2,
linguarum,la,lingua,suggested,2,
linguis,la,lingua,suggested,2,
linteamen,la,linteamen,suggested,2,
linus,la,linus,suggested,2,
lis,la,lis,suggested,2,
lit,la,lio,suggested,2,
litanias,la,litania,suggested,2,
literae,la,litera,suggested,2,
litigantium,la,litigo,suggested,2,
litteram,la,littera,suggested,2,
littere,la,littere,suggested,2,
littora,la,litus,suggested,2,
liturgiae,la,liturgia,suggested,2,
lo,es,él,suggested,2,
locabiles,la,locabilis,suggested,2,
locationi,la,locatio,suggested,2,
longeque,la,longeque,suggested,2,
longinqua,la,longinquus,suggested,2,
longis,la,longus,suggested,2,
longissimo,la,longus,suggested,2,
longitudinem,la,longitudo,suggested,2,
longobardus,la,longobardus,suggested,2,
loquar,la,loquor,suggested,2,
loquebatur,la,loquor,suggested,2,
loqui,la,loquor,suggested,2,
loquor,la,loquor,suggested,2,
lucis,la,lux,suggested,2,
lucitanorum,la,lucitanus,suggested,2,
lucra,la,lucrum,suggested,2,
lucul,la,lucul,suggested,2,
ludebat,la,ludo,suggested,2,
luis,la,luis,suggested,2,
lumine,la,lumen,suggested,2,
luna,la,luna,suggested,2,
lunguuo,la,lunguuus,suggested,2,
luporum,la,lupus,suggested,2,
lusitanum,la,lusitanus,suggested,2,
lustrali,la,lustralis,suggested,2,
lux,la,lux,suggested,2,
m.dc.li,la,M.DC.LI,suggested,2,
m.dc.xliv,la,M.DC.XLIV,suggested,2,
m.dc.xlix,la,M.DC.XLIX,suggested,2,
m.dc.xlv,la,M.DC.XLV,suggested,2,
m.dc.xx,la,m.dc.xx,suggested,2,
macasarìca,la,macasarìcus,suggested,2,
macazarica,la,macazaricus,suggested,2,
machaoensi,la,machaoensis,suggested,2,
machinationes,la,machinatio,suggested,2,
machometi,la,machometus,suggested,2,
mactarunt,la,macto,suggested,2,
mactaverat,la,macto,suggested,2,
macula,la,macula,suggested,2,
magistra,la,magistra,suggested,2,
magistratibus,la,magistratus,suggested,2,
magistratuum,la,magistratus,suggested,2,
magnatibus,la,magnas,suggested,2,
magnifica,la,magnificus,suggested,2,
magnitudo,la,magnitudo,suggested,2,
magnos,la,magnus,suggested,2,
maiórica,la,Maióricus,suggested,2,
malacensi,la,malacensus,suggested,2,
malae,la,malus,suggested,2,
malè,la,malè,suggested,2,
malle,la,malo,suggested,2,
malos,la,malus,suggested,2,
maluerunt,la,malo,suggested,2,
mandaciis,la,mandacium,suggested,2,
mandans,la,mando,suggested,2,
mandarat,la,mando,suggested,2,
mandarinos,la,mandarinus,suggested,2,
manducare,la,manduco,suggested,2,
maneat,la,maneo,suggested,2,
manent,la,maneo,suggested,2,
manentibus,la,maneo,suggested,2,
manerent,la,maneo,suggested,2,
manifeste,la,manifeste,suggested,2,
manifestos,la,manifestus,suggested,2,
manilensem,la,manilensis,suggested,2,
manilensis,la,manilensis,suggested,2,
manillae,la,manilla,suggested,2,
manzu,la,manzus,suggested,2,
marchio,la,Marchius,suggested,2,
marchius,la,marchius,suggested,2,
mares,la,mas,suggested,2,
maritis,la,maritus,suggested,2,
márquez,la,márques,suggested,2,
marti,la,Martus,suggested,2,
martino,la,Martinus,suggested,2,
martyrium,la,martyrius,suggested,2,
matre,la,mater,suggested,2,
matthaeo,la,matthaeus,suggested,2,
matthaeus,la,Matthaeus,suggested,2,
mature,la,mature,suggested,2,
maturitatem,la,maturitas,suggested,2,
matzuda,la,matzuda,suggested,2,
maximis,la,magnus,suggested,2,
meac,la,meaus,suggested,2,
mediante,la,medio,suggested,2,
medicus,la,medicus,suggested,2,
mediocre,la,mediocris,suggested,2,
mediolanensis,la,mediolanensis,suggested,2,
melchiori,la,melchis,suggested,2,
membra,la,membrum,suggested,2,
membrorum,la,membrum,suggested,2,
memorant,la,memoro,suggested,2,
memoriale,la,memorialis,suggested,2,
mendacia,la,mendacium,suggested,2,
meos,la,meus,suggested,2,
mera,la,merus,suggested,2,
mercatorum,la,mercator,suggested,2,
mercimonium,la,mercimonium,suggested,2,
meri,la,merus,suggested,2,
meridiem,la,meridies,suggested,2,
meridionalium,la,meridionalis,suggested,2,
meriti,la,meritum,suggested,2,
meritus,la,mereo,suggested,2,
mesopotamia,la,Mesopotamia,suggested,2,
messia,la,messia,suggested,2,
messis,la,messis,suggested,2,
metuentem,la,metuo,suggested,2,
miaco,la,miacus,suggested,2,
migraverunt,la,migro,suggested,2,
migravit,la,migro,suggested,2,
milibus,la,mille,suggested,2,
militabat,la,milito,suggested,2,
militare,la,militaris,suggested,2,
militem,la,miles,suggested,2,
militiae,la,militia,suggested,2,
milium,la,mille,suggested,2,
millena,la,millenus,suggested,2,
milliarii,la,milliarius,suggested,2,
mimazacae,la,mimazacus,suggested,2,
minimam,la,paruus,suggested,2,
minimi,la,parvus,suggested,2,
mino,la,Minus,suggested,2,
minoano,la,minoanus,suggested,2,
minore,la,paruus,suggested,2,
minùs,la,parùe,suggested,2,
mirabilem,la,mirabilis,suggested,2,
miraculis,la,miraculum,suggested,2,
mirari,la,miror,suggested,2,
mire,la,mire,suggested,2,
miris,la,mirus,suggested,2,
miscere,la,misceo,suggested,2,
miser,la,miser,suggested,2,
miseram,la,miser,suggested,2,
miseratus,la,miseror,suggested,2,
miseria,la,miseria,suggested,2,
misericordia,la,misericordia,suggested,2,
miserit,la,mitto,suggested,2,
misimus,la,mitto,suggested,2,
missarum,la,missa,suggested,2,
missas,la,mitto,suggested,2,
missȩ,la,mitto,suggested,2,
missionum,la,missio,suggested,2,
misso,la,missus,suggested,2,
mitius,la,mitius,suggested,2,
mittemus,la,mitto,suggested,2,
mittendo,la,mitto,suggested,2,
mittentes,la,mitto,suggested,2,
mitterentur,la,mitto,suggested,2,
mo,la,mus,suggested,2,
moderationi,la,moderatio,suggested,2,
moderno,la,modernus,suggested,2,
modestia,la,modestia,suggested,2,
modicum,la,modicus,suggested,2,
moerorem,la,moeror,suggested,2,
mogore,la,mogor,suggested,2,
molem,la,moles,suggested,2,
moleste,la,moleste,suggested,2,
molesti,la,molestus,suggested,2,
moliremur,la,molor,suggested,2,
molto,la,moltus,suggested,2,
monarcha,la,monarcha,suggested,2,
monarchiam,la,monarchia,suggested,2,
monebo,la,moneo,suggested,2,
monetae,la,moneo,suggested,2,
monteiro,la,Monteirus,suggested,2,
monterius,la,monterius,suggested,2,
montuosa,la,montuosus,suggested,2,
monumentis,la,monumentum,suggested,2,
morabantur,la,moror,suggested,2,
morati,la,moror,suggested,2,
morbi,la,morbus,suggested,2,
morbo,la,morbus,suggested,2,
moriantur,la,morior,suggested,2,
moridonus,la,moridonus,suggested,2,
moriendum,la,morior,suggested,2,
moriens,la,morior,suggested,2,
morindono,la,morindonus,suggested,2,
morindonum,la,morindo,suggested,2,
mort,la,mort,suggested,2,
mortalem,la,mortalis,suggested,2,
mortali,la,mortalis,suggested,2,
mortificatione,la,mortificatio,suggested,2,
mortuos,la,morior,suggested,2,
moveant,la,moueo,suggested,2,
moveas,la,moveo,suggested,2,
movere,la,moveo,suggested,2,
mulieribus,la,mulier,suggested,2,
multam,la,multus,suggested,2,
multipliciter,la,multipliciter,suggested,2,
multosque,la,multosque,suggested,2,
multùm,la,multùm,suggested,2,
mundano,la,mundanus,suggested,2,
mundus,la,mundus,suggested,2,
munitam,la,munio,suggested,2,
munusculis,la,munusculum,suggested,2,
muro,la,murus,suggested,2,
musicis,la,musicus,suggested,2,
mutanda,la,muto,suggested,2,
mutationibus,la,mutatio,suggested,2,
mutato,la,muto,suggested,2,
mutuis,la,mutuus,suggested,2,
mysteriis,la,mysterium,suggested,2,
mysterium,la,mysterium,suggested,2,
n,es,N,suggested,2,
nabescima,la,nabescimus,suggested,2,
nangasaquensi,la,nangasaquensus,suggested,2,
nanguaçaquensi,la,nanguaçaquensus,suggested,2,
nanguasaquensis,la,nanguasaquensis,suggested,2,
nankinensi,la,nankinensis,suggested,2,
não,pt,não,suggested,2,
narrat,la,narro,suggested,2,
narratio,la,narratio,suggested,2,
natalis,la,natalis,suggested,2,
nativitatis,la,natiuitas,suggested,2,
naturale,la,naturalis,suggested,2,
naturalem,la,naturalis,suggested,2,
naturę,la,naturę,suggested,2,
navem,la,navis,suggested,2,
navicula,la,navicula,suggested,2,
naviculam,la,navicula,suggested,2,
navigarunt,la,navigo,suggested,2,
navigationibus,la,navigatio,suggested,2,
navigaturi,la,navigo,suggested,2,
navigaturus,la,navigo,suggested,2,
navigavit,la,navigo,suggested,2,
neapolis,la,neapol,suggested,2,
nebus,la,nes,suggested,2,
necabat,la,neco,suggested,2,
necdum,la,nequedum,suggested,2,
necessariae,la,necessarius,suggested,2,
necessariam,la,necessarius,suggested,2,
necessarias,la,necessarius,suggested,2,
necessitati,la,necessitas,suggested,2,
necessitatibus,la,necessitas,suggested,2,
necne,la,necne,suggested,2,
nedum,la,nedus,suggested,2,
negantes,la,nego,suggested,2,
negat,la,nego,suggested,2,
negligentia,la,negligentia,suggested,2,
negocia,la,negocium,suggested,2,
nem,la,nem,suggested,2,
neophiti,la,neophitus,suggested,2,
neophitis,la,neophitus,suggested,2,
nepote,la,nepos,suggested,2,
nepotis,la,nepos,suggested,2,
neptem,la,neps,suggested,2,
nequeant,la,nequeo,suggested,2,
nequeo,la,nequeo,suggested,2,
nequeunt,la,nequeo,suggested,2,
nes,la,nes,suggested,2,
nescimus,la,nescio,suggested,2,
nescit,la,nescio,suggested,2,
nesciunt,la,nescio,suggested,2,
nestoriani,la,nestorianus,suggested,2,
neutri,la,neuter,suggested,2,
nicholaus,la,nicholaus,suggested,2,
nigri,la,niger,suggested,2,
nigrum,la,niger,suggested,2,
nihilomin,la,nihilomin,suggested,2,
nihilum,la,nihil,suggested,2,
nilus,la,nilus,suggested,2,
ningyuen,la,ningyuen,suggested,2,
nis,la,nis,suggested,2,
niulhan,la,niulhan,suggested,2,
nobilissimo,la,nobilis,suggested,2,
nobilium,la,nobilis,suggested,2,
nobisque,la,nobisque,suggested,2,
noctes,la,nox,suggested,2,
noctis,la,nox,suggested,2,
nocturnis,la,nocturnus,suggested,2,
nolit,la,nolo,suggested,2,
nolo,la,nolo,suggested,2,
nolumus,la,nolo,suggested,2,
nominantur,la,nomino,suggested,2,
nominare,la,nomino,suggested,2,
nominatam,la,nomino,suggested,2,
nominati,la,nomino,suggested,2,
nominatus,la,nomino,suggested,2,
nongentos,la,nongenti,suggested,2,
nonnullis,la,nonnullus,suggested,2,
nono,la,nonus,suggested,2,
norma,la,norma,suggested,2,
nostraq,la,noster,suggested,2,
nostror,la,nostror,suggested,2,
notanda,la,noto,suggested,2,
notandum,la,noto,suggested,2,
notatum,la,noto,suggested,2,
notificavi,la,notifico,suggested,2,
notos,la,notus,suggested,2,
notus,la,notus,suggested,2,
noui,la,nouus,suggested,2,
novarum,la,novus,suggested,2,
noverit,la,nosco,suggested,2,
novit,la,nosco,suggested,2,
noxios,la,noxius,suggested,2,
nube,la,nubes,suggested,2,
nugnez,la,nugnez,suggested,2,
nullae,la,nullus,suggested,2,
nullius,la,nullus,suggested,2,
numen,la,numen,suggested,2,
numerata,la,numero,suggested,2,
numeratae,la,numero,suggested,2,
numinis,la,numen,suggested,2,
nuncii,la,nuncius,suggested,2,
nuncium,la,nuncius,suggested,2,
núnez,la,núnez,suggested,2,
nuntiavit,la,nuntio,suggested,2,
nuntios,la,nuntius,suggested,2,
nuntium,la,nuntius,suggested,2,
nuperrime,la,nuperrime,suggested,2,
o,pt,o,suggested,2,
oata,la,oascor,suggested,2,
obediendum,la,obedio,suggested,2,
obedientissimus,la,obedio,suggested,2,
obedierunt,la,obedio,suggested,2,
obediunt,la,obedio,suggested,2,
obicem,la,obex,suggested,2,
oblectamentis,la,oblectamentum,suggested,2,
obligantur,la,obligo,suggested,2,
obligare,la,obligo,suggested,2,
obligationem,la,obligatio,suggested,2,
obscurare,la,obscuro,suggested,2,
obsedit,la,obsido,suggested,2,
obsequia,la,obsequium,suggested,2,
obseruanda,la,obseruo,suggested,2,
observant,la,observo,suggested,2,
observantes,la,observo,suggested,2,
observare,la,observo,suggested,2,
observatum,la,observo,suggested,2,
observo,la,observo,suggested,2,
obsessos,la,obsideo,suggested,2,
obstante,la,obsto,suggested,2,
obstinatio,la,obstinatio,suggested,2,
obstricti,la,obstringo,suggested,2,
obstupescerent,la,obstupesco,suggested,2,
obtigit,la,oango,suggested,2,
obtinendam,la,obtineo,suggested,2,
obtinendi,la,obtineo,suggested,2,
obtineri,la,obtineo,suggested,2,
obtinuisset,la,obtineo,suggested,2,
obtulerunt,la,offero,suggested,2,
obtulit,la,offero,suggested,2,
occidente,la,occidens,suggested,2,
occiderentur,la,occido,suggested,2,
occidi,la,occido,suggested,2,
occidite,la,occido,suggested,2,
occisione,la,occisio,suggested,2,
occisos,la,occido,suggested,2,
occulta,la,occulo,suggested,2,
occumbere,la,occumbo,suggested,2,
occupanda,la,occupo,suggested,2,
occupandum,la,occupo,suggested,2,
occupantur,la,occupo,suggested,2,
occupari,la,occupo,suggested,2,
occupatae,la,occupo,suggested,2,
occupatam,la,occupo,suggested,2,
occupatas,la,occupo,suggested,2,
occupatione,la,occupatio,suggested,2,
occupationes,la,occupatio,suggested,2,
occupatis,la,occupo,suggested,2,
occupatum,la,occupo,suggested,2,
occupatur,la,occupo,suggested,2,
occupatus,la,occupo,suggested,2,
occurrendum,la,occurro,suggested,2,
oceani,la,oceanus,suggested,2,
ocreas,la,ocrea,suggested,2,
octauum,la,octauus,suggested,2,
octogesimi,la,octogesimus,suggested,2,
oculi,la,oculus,suggested,2,
odorem,la,odor,suggested,2,
offensionem,la,offensio,suggested,2,
offensus,la,offendo,suggested,2,
offeratur,la,offero,suggested,2,
offerebant,la,offero,suggested,2,
offerentes,la,offero,suggested,2,
offerre,la,offero,suggested,2,
officialibus,la,officialis,suggested,2,
officina,la,officina,suggested,2,
officinas,la,officina,suggested,2,
officiorum,la,officium,suggested,2,
olandensium,la,Olandenses,suggested,2,
omurano,la,Omuranus,suggested,2,
onusti,la,onustus,suggested,2,
operandum,la,operor,suggested,2,
operariis,la,operarius,suggested,2,
operas,la,opera,suggested,2,
operata,la,operor,suggested,2,
opima,la,opimus,suggested,2,
opinionum,la,opinio,suggested,2,
oporteat,la,oportet,suggested,2,
oportebit,la,oportet,suggested,2,
oportere,la,oportet,suggested,2,
oporteret,la,oportet,suggested,2,
oppidi,la,oppidum,suggested,2,
opportunitas,la,opportunitas,suggested,2,
opportunitate,la,opportunitas,suggested,2,
opportunum,la,opportunus,suggested,2,
opprimere,la,opprimo,suggested,2,
opprimeret,la,opprimo,suggested,2,
optatae,la,opto,suggested,2,
optimis,la,bonus,suggested,2,
opulentissima,la,opulentus,suggested,2,
oraculis,la,oraculum,suggested,2,
orandum,la,oro,suggested,2,
orationes,la,oratio,suggested,2,
orationis,la,oratio,suggested,2,
orcum,la,orcus,suggested,2,
orda,la,orda,suggested,2,
orden,es,orden,suggested,2,
ordinandum,la,ordino,suggested,2,
ordinaret,la,ordino,suggested,2,
ordinariae,la,ordinarius,suggested,2,
ordinariis,la,ordinarius,suggested,2,
ordinationibus,la,ordinatio,suggested,2,
organtinum,la,organtinus,suggested,2,
orientalium,la,orientalis,suggested,2,
origine,la,origo,suggested,2,
originem,la,origo,suggested,2,
orirentur,la,orior,suggested,2,
oriturum,la,orido,suggested,2,
oriundi,la,orio,suggested,2,
ornamentum,la,ornamentum,suggested,2,
ornatos,la,orno,suggested,2,
ornatus,la,orno,suggested,2,
orphanorum,la,orphanus,suggested,2,
os,la,os,suggested,2,
ostenderetur,la,ostendo,suggested,2,
ostenditur,la,ostendo,suggested,2,
ostentatione,la,ostentatio,suggested,2,
ostia,la,ostium,suggested,2,
otio,la,otium,suggested,2,
ovibus,la,ovis,suggested,2,
ovile,la,ovile,suggested,2,
oytem,la,oytis,suggested,2,
p,es,P,suggested,2,
pacatum,la,paco,suggested,2,
paceci,la,pacecus,suggested,2,
pacificans,la,pacificor,suggested,2,
paenitus,la,paenitus,suggested,2,
paganorum,la,paganus,suggested,2,
pakino,la,Pakinus,suggested,2,
palatia,la,palatia,suggested,2,
palatinis,la,Palatinus,suggested,2,
palmulam,la,palmula,suggested,2,
paludes,la,palus,suggested,2,
pane,la,panis,suggested,2,
pannonia,la,pannonius,suggested,2,
papae,la,papa,suggested,2,
paphlagonia,la,paphlagonia,suggested,2,
paradisum,la,paradisus,suggested,2,
paradisus,la,paradisus,suggested,2,
parantur,la,paro,suggested,2,
parari,la,paro,suggested,2,
parata,la,paro,suggested,2,
paratam,la,paro,suggested,2,
paratis,la,paro,suggested,2,
parato,la,paro,suggested,2,
pareant,la,pareo,suggested,2,
parebat,la,pareo,suggested,2,
parens,la,parens,suggested,2,
parentem,la,parens,suggested,2,
parentis,la,parens,suggested,2,
pareret,la,pario,suggested,2,
parietes,la,paries,suggested,2,
parochi,la,parochus,suggested,2,
partam,la,pario,suggested,2,
parti,la,pars,suggested,2,
particeps,la,particeps,suggested,2,
participes,la,particeps,suggested,2,
particularibus,la,particularis,suggested,2,
partiendi,la,partior,suggested,2,
parvos,la,parvus,suggested,2,
parvulos,la,parvulus,suggested,2,
pascual,la,pascual,suggested,2,
pasqual,la,pasqual,suggested,2,
pasquali,la,Paschalis,suggested,2,
pasqualis,la,pasqualis,suggested,2,
passa,la,patior,suggested,2,
passuum,la,passus,suggested,2,
pastor,la,pastor,suggested,2,
pastoribus,la,pastor,suggested,2,
patacas,la,pataca,suggested,2,
patebat,la,pateo,suggested,2,
patefactis,la,patefacio,suggested,2,
patentes,la,pateo,suggested,2,
patenti,la,pateo,suggested,2,
paterent,la,pateo,suggested,2,
pateret,la,pateo,suggested,2,
patiatur,la,patior,suggested,2,
patientiam,la,patientia,suggested,2,
patitur,la,patior,suggested,2,
patrocinari,la,patrocino,suggested,2,
patronum,la,patronus,suggested,2,
patrui,la,patruus,suggested,2,
pauperibus,la,pauper,suggested,2,
paventes,la,paveo,suggested,2,
pavore,la,pavor,suggested,2,
pecora,la,pecus,suggested,2,
pectore,la,pectus,suggested,2,
peculiariter,la,peculiariter,suggested,2,
pede,la,pes,suggested,2,
pellem,la,pellis,suggested,2,
pendent,la,pendeo,suggested,2,
penes,la,penes,suggested,2,
penetrant,la,penetro,suggested,2,
penitentiam,la,penitentia,suggested,2,
pensione,la,pensio,suggested,2,
penuriam,la,penuria,suggested,2,
pepercit,la,parco,suggested,2,
peperit,la,pario,suggested,2,
peragendo,la,perago,suggested,2,
peragitur,la,perago,suggested,2,
percurrens,la,percurro,suggested,2,
perdendi,la,perdo,suggested,2,
perderet,la,perdo,suggested,2,
perditos,la,perdo,suggested,2,
perdituri,la,perdo,suggested,2,
perduellibus,la,perduellis,suggested,2,
perduellionis,la,perduellio,suggested,2,
pereant,la,pereo,suggested,2,
peregrinationis,la,peregrinatio,suggested,2,
peregrini,la,peregrinus,suggested,2,
perfectionem,la,perfectio,suggested,2,
perfectionis,la,perfectio,suggested,2,
perficiat,la,perficio,suggested,2,
perfidi,la,perfidus,suggested,2,
perfidorum,la,perfidus,suggested,2,
perfruendi,la,perfruor,suggested,2,
perfugium,la,perfugium,suggested,2,
pergens,la,pergo,suggested,2,
pergeret,la,pergo,suggested,2,
pergit,la,pergo,suggested,2,
pericul,la,pericul,suggested,2,
periculorum,la,periculum,suggested,2,
periculose,la,periculose,suggested,2,
periculosissima,la,periculosus,suggested,2,
periisse,la,perieo,suggested,2,
periit,la,pereo,suggested,2,
peritia,la,peritium,suggested,2,
perlatum,la,perfero,suggested,2,
permiserunt,la,permitto,suggested,2,
permissum,la,permitto,suggested,2,
permitteret,la,permitto,suggested,2,
permitti,la,permitto,suggested,2,
permittuntur,la,permitto,suggested,2,
permultis,la,permultus,suggested,2,
permutatis,la,permuto,suggested,2,
pernecessaria,la,pernecessarius,suggested,2,
perpendit,la,perpendo,suggested,2,
persae,la,persa,suggested,2,
persas,la,persa,suggested,2,
persecutiones,la,persecutio,suggested,2,
perseveret,la,persevero,suggested,2,
persistere,la,persisto,suggested,2,
persistit,la,persisto,suggested,2,
perspici,la,perspicio,suggested,2,
perspicitur,la,perspicio,suggested,2,
persuadeo,la,persuadeo,suggested,2,
persuaderent,la,persuadeo,suggested,2,
persuaserunt,la,persuadeo,suggested,2,
persuasione,la,persuasio,suggested,2,
persuasum,la,persuadeo,suggested,2,
pertinentem,la,pertineo,suggested,2,
pertinentes,la,pertineo,suggested,2,
pertinere,la,pertineo,suggested,2,
pertulit,la,perfero,suggested,2,
perturbatio,la,perturbatio,suggested,2,
pervenere,la,pervenio,suggested,2,
perveni,la,pervenio,suggested,2,
perveniet,la,pervenio,suggested,2,
pervenimus,la,pervenio,suggested,2,
pervenirent,la,pervenio,suggested,2,
perveniret,la,pervenio,suggested,2,
pervenisset,la,pervenio,suggested,2,
pes,la,pes,suggested,2,
pestana,la,Pestana,suggested,2,
pestis,la,pestis,suggested,2,
petant,la,peto,suggested,2,
petendum,la,peto,suggested,2,
peteret,la,peto,suggested,2,
petitam,la,peto,suggested,2,
petivit,la,peto,suggested,2,
petri,la,petrus,suggested,2,
petulanter,la,petulanter,suggested,2,
philippo,la,Philippus,suggested,2,
pictor,la,pictor,suggested,2,
piè,la,piè,suggested,2,
pigri,la,piger,suggested,2,
pii,la,pius,suggested,2,
pilas,la,pila,suggested,2,
pileolum,la,pileolus,suggested,2,
pingsi,la,Pingsius,suggested,2,
pios,la,pius,suggested,2,
pipere,la,pipio,suggested,2,
pius,la,pius,suggested,2,
placere,la,placeo,suggested,2,
plagarum,la,plaga,suggested,2,
plagas,la,plaga,suggested,2,
planitie,la,planities,suggested,2,
plano,la,planus,suggested,2,
plateas,la,platea,suggested,2,
plateis,la,platea,suggested,2,
plebe,la,plebs,suggested,2,
plebem,la,plebs,suggested,2,
plebis,la,plebs,suggested,2,
plecti,la,plgo,suggested,2,
plenas,la,plenus,suggested,2,
plenis,la,plenus,suggested,2,
plerisque,la,plerusque,suggested,2,
plerosque,la,plerusque,suggested,2,
pluries,la,pluries,suggested,2,
plurimarum,la,marultus,suggested,2,
plurime,la,multus,suggested,2,
po,la,po,suggested,2,
poenae,la,poena,suggested,2,
poenituit,la,poenitesco,suggested,2,
pollent,la,pollo,suggested,2,
polliceri,la,polliceor,suggested,2,
pollicitus,la,polliceor,suggested,2,
pone,la,pono,suggested,2,
ponit,la,pono,suggested,2,
pono,la,pono,suggested,2,
pontes,la,pons,suggested,2,
pontificatus,la,pontificatus,suggested,2,
pontificem,la,pontifex,suggested,2,
pontifices,la,pontifex,suggested,2,
pontifici,la,pontifex,suggested,2,
pontificia,la,pontificium,suggested,2,
pontificibus,la,pontifex,suggested,2,
ponunt,la,pono,suggested,2,
ponuntur,la,pono,suggested,2,
populari,la,popularis,suggested,2,
populatam,la,populor,suggested,2,
portabant,la,porto,suggested,2,
portat,la,porto,suggested,2,
portavit,la,porto,suggested,2,
portugalia,la,portugalis,suggested,2,
poscit,la,posco,suggested,2,
positi,la,pono,suggested,2,
positos,la,pono,suggested,2,
positus,la,pono,suggested,2,
possedimus,la,posso,suggested,2,
possessiones,la,possessio,suggested,2,
possibile,la,possibilis,suggested,2,
possid,la,possum,suggested,2,
possitis,la,possum,suggested,2,
posthabito,la,posthabeo,suggested,2,
postulat,la,postulo,suggested,2,
postulata,la,postulo,suggested,2,
posuerunt,la,pono,suggested,2,
potentibus,la,potens,suggested,2,
potentior,la,possum,suggested,2,
potentiores,la,potens,suggested,2,
potentissimum,la,potens,suggested,2,
potestati,la,potestas,suggested,2,
potestatis,la,potestas,suggested,2,
potissime,la,potius,suggested,2,
potiundam,la,potiundo,suggested,2,
potiùs,la,potiùs,suggested,2,
potuerant,la,possum,suggested,2,
potuere,la,possum,suggested,2,
praebent,la,praebeo,suggested,2,
praeberet,la,praebeo,suggested,2,
praebet,la,praebeo,suggested,2,
praecedebant,la,praecedo,suggested,2,
praecedenti,la,praecedo,suggested,2,
praecipere,la,praecipio,suggested,2,
praecipitis,la,praeceps,suggested,2,
praecipuas,la,praecipuus,suggested,2,
praecipuos,la,praecipuus,suggested,2,
praeclaram,la,praeclarus,suggested,2,
praeclare,la,praeclare,suggested,2,
praedae,la,praeda,suggested,2,
praedas,la,praeda,suggested,2,
praedicandum,la,praedico,suggested,2,
praedicare,la,praedico,suggested,2,
praedicatio,la,praedicatio,suggested,2,
praedicationi,la,praedicatio,suggested,2,
praedicationis,la,praedicatio,suggested,2,
praedicator,la,praedicator,suggested,2,
praedicavi,la,praedico,suggested,2,
praedicto,la,praedico,suggested,2,
praedita,la,praeditus,suggested,2,
praediti,la,praeditus,suggested,2,
praeditum,la,praeditus,suggested,2,
praeditus,la,praeditus,suggested,2,
praediximus,la,praedico,suggested,2,
praeeunte,la,praeeo,suggested,2,
praefatus,la,praefatus,suggested,2,
praeficere,la,praeficio,suggested,2,
praelatis,la,praefero,suggested,2,
praelio,la,praelium,suggested,2,
praemisit,la,praemitto,suggested,2,
praeparatione,la,praeparatio,suggested,2,
praescribitur,la,praescribo,suggested,2,
praesentationem,la,praesentatio,suggested,2,
praesentatis,la,praesento,suggested,2,
praesentes,la,praesum,suggested,2,
praesentiam,la,praesentia,suggested,2,
praesentis,la,praesum,suggested,2,
praesidiariis,la,praesidiarius,suggested,2,
praesidiariorum,la,praesidiarius,suggested,2,
praestandum,la,praesto,suggested,2,
praestans,la,praesto,suggested,2,
praestent,la,praesto,suggested,2,
praestet,la,praesto,suggested,2,
praestit,la,praesto,suggested,2,
praestitit,la,praesto,suggested,2,
praetendebat,la,praetendo,suggested,2,
praetendens,la,praetendo,suggested,2,
praetendit,la,praetendo,suggested,2,
praetera,la,praetera,suggested,2,
praua,la,prauus,suggested,2,
prava,la,pravus,suggested,2,
pravorum,la,pravus,suggested,2,
pre,la,prae,suggested,2,
pręcepta,la,pręcipio,suggested,2,
prȩceptum,la,prȩcipio,suggested,2,
prȩdicandi,la,prȩdico,suggested,2,
predicandum,la,predico,suggested,2,
prȩdicandum,la,prȩdico,suggested,2,
prȩdicare,la,prȩdico,suggested,2,
predicatione,la,predicatio,suggested,2,
predicatorum,la,predicatum,suggested,2,
prȩfecturam,la,prȩfectura,suggested,2,
prehensionem,la,prehensio,suggested,2,
premitur,la,premo,suggested,2,
prepositi,la,prepono,suggested,2,
presbitero,la,presbyter,suggested,2,
presbiterum,la,presbyter,suggested,2,
presens,la,praesens,suggested,2,
presenti,la,praesens,suggested,2,
preterea,la,praeterea,suggested,2,
prȩtio,la,prȩtio,suggested,2,
pretiosae,la,pretiosus,suggested,2,
pretiosis,la,pretiosus,suggested,2,
pretiosum,la,pretiosus,suggested,2,
pretium,la,pretium,suggested,2,
primaria,la,primarius,suggested,2,
primarium,la,primarius,suggested,2,
primarius,la,primarius,suggested,2,
primas,la,primus,suggested,2,
primi,la,primus,suggested,2,
principi,la,princeps,suggested,2,
principia,la,principium,suggested,2,
priori,la,prior,suggested,2,
pristinam,la,pristinus,suggested,2,
priuata,la,priuo,suggested,2,
privari,la,privo,suggested,2,
privato,la,priuo,suggested,2,
probant,la,probo,suggested,2,
probarunt,la,probo,suggested,2,
probationem,la,probatio,suggested,2,
probitate,la,probitas,suggested,2,
proborum,la,probus,suggested,2,
probum,la,probus,suggested,2,
procuranda,la,procuro,suggested,2,
procuraret,la,procuro,suggested,2,
procuravi,la,procuro,suggested,2,
prodigus,la,prodigus,suggested,2,
proditione,la,proditio,suggested,2,
proditiones,la,proditio,suggested,2,
profectionem,la,profectio,suggested,2,
professores,la,professor,suggested,2,
professum,la,profiteor,suggested,2,
progrediar,la,progredior,suggested,2,
progressi,la,progredior,suggested,2,
prohibebat,la,prohibeo,suggested,2,
prohibendum,la,prohibeo,suggested,2,
prohibentium,la,prohibeo,suggested,2,
prohibere,la,prohibeo,suggested,2,
prohibet,la,prohibeo,suggested,2,
prohibitionem,la,prohibitio,suggested,2,
prohibitum,la,prohibeo,suggested,2,
prohibiturus,la,prohibeo,suggested,2,
prohibuit,la,prohibeo,suggested,2,
prolixius,la,prolixe,suggested,2,
promisit,la,promitto,suggested,2,
promissa,la,promitto,suggested,2,
promitteret,la,promitto,suggested,2,
promovenda,la,promoveo,suggested,2,
promovere,la,promoveo,suggested,2,
prompti,la,promo,suggested,2,
promptissime,la,prompte,suggested,2,
promptissimi,la,promptus,suggested,2,
promptius,la,prompte,suggested,2,
promulgatione,la,promulgatio,suggested,2,
pronunciata,la,pronuncio,suggested,2,
prop,la,prop,suggested,2,
propagatio,la,propagatio,suggested,2,
propagatores,la,propagator,suggested,2,
propensum,la,propensus,suggested,2,
propinquantes,la,propinquo,suggested,2,
propitius,la,propitius,suggested,2,
propius,la,prope,suggested,2,
proponant,la,propono,suggested,2,
proponere,la,propono,suggested,2,
proponit,la,propono,suggested,2,
proposita,la,propono,suggested,2,
proposui,la,propono,suggested,2,
proprie,la,proprie,suggested,2,
proprijs,la,proprius,suggested,2,
proregis,la,prorex,suggested,2,
prosecuti,la,prosequor,suggested,2,
prosequatur,la,prosequor,suggested,2,
prosequebatur,la,prosequor,suggested,2,
prosequendo,la,prosequor,suggested,2,
prosequuntur,la,prosequor,suggested,2,
prosper,la,prosper,suggested,2,
prospera,la,prosperus,suggested,2,
prosperis,la,prosperus,suggested,2,
prosperum,la,prosper,suggested,2,
protectorem,la,protector,suggested,2,
prouidentiam,la,prouidentia,suggested,2,
proventus,la,proventus,suggested,2,
provicario,es,provicario,suggested,2,
provideant,la,provideo,suggested,2,
providendi,la,provideo,suggested,2,
provincial,es,provincial,suggested,2,
provincie,la,provincia,suggested,2,
provisionem,la,provisio,suggested,2,
provocarat,la,provoco,suggested,2,
provolutus,la,provoluo,suggested,2,
proxima,la,proximus,suggested,2,
proximus,la,proximus,suggested,2,
prudens,la,prudens,suggested,2,
prudentie,la,prudentia,suggested,2,
prudentiores,la,prudens,suggested,2,
prudentissime,la,prudenter,suggested,2,
pueritia,la,pueritia,suggested,2,
puero,la,puer,suggested,2,
pugnandum,la,pugno,suggested,2,
pugnant,la,pugno,suggested,2,
pugnare,la,pugno,suggested,2,
pugnaret,la,pugno,suggested,2,
pugnarunt,la,pugno,suggested,2,
pulcherrima,la,pulcher,suggested,2,
pulcherrimam,la,pulcher,suggested,2,
pulcherrimas,la,pulchus,suggested,2,
pulchra,la,pulcher,suggested,2,
pulchritudo,la,pulchritudo,suggested,2,
pulcram,la,pulcra,suggested,2,
pulsum,la,pello,suggested,2,
punctum,la,punctum,suggested,2,
punit,la,punio,suggested,2,
purpuram,la,purpura,suggested,2,
pus,la,pus,suggested,2,
puta,la,puta,suggested,2,
putavit,la,puto,suggested,2,
pyrata,la,pyratus,suggested,2,
pyratarum,la,pyratus,suggested,2,
pyratis,la,pyratus,suggested,2,
quadragesimo,la,quadragesimus,suggested,2,
quadratis,la,quadro,suggested,2,
quaestione,la,quaestio,suggested,2,
quaestum,la,quaestus,suggested,2,
qualitatem,la,qualitas,suggested,2,
quambioiendonum,la,quambioiendo,suggested,2,
quamlibet,la,quilibet,suggested,2,
quan,la,quan,suggested,2,
quandoque,la,quandoque,suggested,2,
quantas,la,quantus,suggested,2,
quantis,la,quantus,suggested,2,
quantitate,la,quantitas,suggested,2,
quantò,la,quantò,suggested,2,
quantumlibet,la,quantumlibet,suggested,2,
quanuis,la,quanuis,suggested,2,
quanvis,la,quanvis,suggested,2,
quascumque,la,quicumque,suggested,2,
quater,la,quater,suggested,2,
que,pt,que,suggested,2,
quemadmod,la,quemadmod,suggested,2,
quempiam,la,quispiam,suggested,2,
quend,la,quend,suggested,2,
quȩrunt,la,quȩro,suggested,2,
quȩsita,la,quȩro,suggested,2,
quiescere,la,quiesco,suggested,2,
quiescerent,la,quiesco,suggested,2,
quietis,la,quies,suggested,2,
quietos,la,quiesco,suggested,2,
quietus,la,quietus,suggested,2,
quievit,la,quiesco,suggested,2,
quinetiam,la,quinetiam,suggested,2,
quingentesimo,la,quingentesimus,suggested,2,
quinquagesimum,la,quinquagesimus,suggested,2,
quintam,la,quintus,suggested,2,
quoquam,la,quisquam,suggested,2,
quor,la,quor,suggested,2,
quorsum,la,quorsum,suggested,2,
quorumdam,la,quidam,suggested,2,
quoscumque,la,quicumque,suggested,2,
quoties,la,quoties,suggested,2,
rabbini,la,rabbinus,suggested,2,
rabie,la,rabies,suggested,2,
raderent,la,radeo,suggested,2,
radices,la,radix,suggested,2,
radicitus,la,radicitus,suggested,2,
rangelus,la,rangelus,suggested,2,
rapina,la,rapina,suggested,2,
rapinis,la,rapina,suggested,2,
rapuerunt,la,rapesco,suggested,2,
raros,la,rarus,suggested,2,
rasum,la,rasus,suggested,2,
rationabili,la,rationabilis,suggested,2,
rationemque,la,rationemque,suggested,2,
ratum,la,reor,suggested,2,
ratus,la,reor,suggested,2,
raymundo,la,Raymundus,suggested,2,
reaedificatae,la,reaedifico,suggested,2,
rebusq,la,rebusqs,suggested,2,
rebusque,la,rebusque,suggested,2,
recedant,la,recedo,suggested,2,
recensendos,la,recenseo,suggested,2,
recepere,la,recepio,suggested,2,
recepisset,la,recipio,suggested,2,
receptus,la,recipio,suggested,2,
recessus,la,recessus,suggested,2,
reciperem,la,recipio,suggested,2,
reciperent,la,recipio,suggested,2,
recipiuntur,la,recipio,suggested,2,
recolentes,la,recolo,suggested,2,
recreationem,la,recreatio,suggested,2,
rectissima,la,rectus,suggested,2,
rectoralibus,la,rectoralis,suggested,2,
rectore,la,rector,suggested,2,
rectorem,la,rector,suggested,2,
rectoris,la,rector,suggested,2,
recuperassent,la,recupero,suggested,2,
recurri,la,recurro,suggested,2,
recusasset,la,recuso,suggested,2,
redactam,la,redigo,suggested,2,
reddam,la,reddo,suggested,2,
reddere,la,reddo,suggested,2,
redderent,la,reddo,suggested,2,
reddita,la,reddo,suggested,2,
redditi,la,reddo,suggested,2,
redegisset,la,redigo,suggested,2,
redemptas,la,redimo,suggested,2,
redeundi,la,redeo,suggested,2,
rediens,la,redeo,suggested,2,
redierunt,la,redeo,suggested,2,
rediisse,la,redieo,suggested,2,
reditu,la,reditus,suggested,2,
rediturum,la,redeo,suggested,2,
reducantur,la,reduco,suggested,2,
reducatur,la,reduco,suggested,2,
reducerent,la,reduco,suggested,2,
redundat,la,redundo,suggested,2,
reduxit,la,reduco,suggested,2,
referam,la,refero,suggested,2,
referebant,la,refero,suggested,2,
referebantur,la,refero,suggested,2,
referendae,la,refero,suggested,2,
referentes,la,refero,suggested,2,
referunt,la,refero,suggested,2,
reficiendos,la,reficio,suggested,2,
reformandum,la,reformo,suggested,2,
reformidant,la,reformido,suggested,2,
regalem,la,regalis,suggested,2,
regalis,la,regalis,suggested,2,
regat,la,rego,suggested,2,
regebat,la,rego,suggested,2,
regendas,la,rego,suggested,2,
regendi,la,rego,suggested,2,
regentium,la,rego,suggested,2,
regere,la,rego,suggested,2,
regerentur,la,rego,suggested,2,
regiminis,la,regimen,suggested,2,
registro,la,registrum,suggested,2,
regit,la,rego,suggested,2,
regnat,la,regno,suggested,2,
regrediuntur,la,regredior,suggested,2,
regressus,la,regredior,suggested,2,
reguntur,la,rego,suggested,2,
relata,la,refero,suggested,2,
relatione,la,relatio,suggested,2,
relationem,la,relatio,suggested,2,
relatis,la,refero,suggested,2,
religiosa,la,religiosus,suggested,2,
religiose,la,religiose,suggested,2,
religiosum,la,religiosus,suggested,2,
relinquerent,la,relinquo,suggested,2,
relinquunt,la,relinquo,suggested,2,
relique,la,reliquus,suggested,2,
reliquerant,la,relinquo,suggested,2,
reliquiarum,la,reliquia,suggested,2,
remanent,la,remaneo,suggested,2,
remanente,la,remaneo,suggested,2,
remanerent,la,remaneo,suggested,2,
remanet,la,remaneo,suggested,2,
remedii,la,remedium,suggested,2,
remittant,la,remitto,suggested,2,
remittat,la,remitto,suggested,2,
remittere,la,remitto,suggested,2,
remotum,la,remoueo,suggested,2,
remotus,la,remoueo,suggested,2,
rempublicam,la,respublica,suggested,2,
renasci,la,renascor,suggested,2,
reparare,la,reparo,suggested,2,
reparatis,la,reparo,suggested,2,
repellendam,la,repello,suggested,2,
repellendum,la,repello,suggested,2,
repellentibus,la,repello,suggested,2,
repentinam,la,repentinus,suggested,2,
repererunt,la,repero,suggested,2,
reperiebantur,la,reperio,suggested,2,
reperisset,la,reperio,suggested,2,
repetendum,la,repeto,suggested,2,
reprehendit,la,repr(eh)endo,suggested,2,
repressi,la,reprimo,suggested,2,
republica,la,republica,suggested,2,
repugnabat,la,repugno,suggested,2,
repulsam,la,repulsa,suggested,2,
requirit,la,requiro,suggested,2,
rer,la,rer,suggested,2,
rescidit,la,rescindo,suggested,2,
rescivit,la,rescio,suggested,2,
reservatis,la,reservo,suggested,2,
residenti,la,resideo,suggested,2,
resistat,la,resisto,suggested,2,
resistentibus,la,resisto,suggested,2,
respondemus,la,respondeo,suggested,2,
respondens,la,respondeo,suggested,2,
respondere,la,respondeo,suggested,2,
restauratione,la,restauratio,suggested,2,
restitit,la,resto,suggested,2,
restituit,la,restituo,suggested,2,
restituta,la,restituo,suggested,2,
restitutione,la,restitutio,suggested,2,
restitutos,la,restituo,suggested,2,
rete,la,rete,suggested,2,
retento,la,retineo,suggested,2,
retinere,la,retineo,suggested,2,
retroactis,la,retroago,suggested,2,
reuerentur,la,reueror,suggested,2,
reuocatis,la,reuoco,suggested,2,
revelata,la,revelo,suggested,2,
reverendissimi,la,reverendissimor,suggested,2,
reverenter,la,reverenter,suggested,2,
reverentiȩ,la,reveror,suggested,2,
reverentiis,la,reverentia,suggested,2,
revertar,la,revertor,suggested,2,
revocant,la,revoco,suggested,2,
revocarentur,la,revoco,suggested,2,
revocari,la,revoco,suggested,2,
revocent,la,revoco,suggested,2,
rho,la,rho,suggested,2,
rhodes,la,Rhodes,suggested,2,
riccio,la,riccius,suggested,2,
riccius,la,ricce,suggested,2,
rigat,la,rigo,suggested,2,
rigidissimam,la,rigidus,suggested,2,
rigorem,la,rigor,suggested,2,
ripam,la,ripa,suggested,2,
ritum,la,ritus,suggested,2,
rixae,la,rixa,suggested,2,
rmus,la,rmus,suggested,2,
rodríguez,la,rodrígx,suggested,2,
rodulphi,la,rodulphus,suggested,2,
rogantes,la,rogo,suggested,2,
rogatu,la,rogo,suggested,2,
rogaverit,la,rogo,suggested,2,
rogaverunt,la,rogo,suggested,2,
rogavit,la,rogo,suggested,2,
romanis,la,romanus,suggested,2,
romanum,la,romanus,suggested,2,
rome,la,rome,suggested,2,
rosarium,la,rosarius,suggested,2,
rudimenta,la,rudimentum,suggested,2,
rudis,la,rudis,suggested,2,
ruenti,la,ruo,suggested,2,
ruina,la,ruina,suggested,2,
rumore,la,rumor,suggested,2,
rumores,la,rumor,suggested,2,
sa,la,sa,suggested,2,
saccum,la,saccus,suggested,2,
sacellum,la,sacellum,suggested,2,
sacerdotem,la,sacerdos,suggested,2,
sacerdoti,la,sacerdos,suggested,2,
sacras,la,sacer,suggested,2,
sacri,la,sacer,suggested,2,
sacrosanto,la,sacrosantus,suggested,2,
saeculares,la,saecularis,suggested,2,
saepissime,la,saepe,suggested,2,
saeuitia,la,saeuitia,suggested,2,
saeviente,la,saevio,suggested,2,
sagittae,la,sagitta,suggested,2,
salsetanae,la,Salsetanus,suggested,2,
salsetanam,la,salsetanus,suggested,2,
salseti,la,salset,suggested,2,
saltèm,la,saltèm,suggested,2,
salutarem,la,salutaris,suggested,2,
salutationem,la,salutatio,suggested,2,
salutiferum,la,salutiferus,suggested,2,
salvam,la,salvus,suggested,2,
salvi,la,salvus,suggested,2,
salvis,la,salvus,suggested,2,
salvos,la,salvus,suggested,2,
samitis,la,samitus,suggested,2,
sanae,la,sanus,suggested,2,
sancitum,la,sancio,suggested,2,
sanctionum,la,sanctio,suggested,2,
sanctior,la,sanctus,suggested,2,
sanctissimus,la,sanctus,suggested,2,
sanctitati,la,sanctitas,suggested,2,
santimonia,la,santimonium,suggested,2,
sarepta,la,Sarepta,suggested,2,
sarracenis,la,sarracena,suggested,2,
sassumano,la,sassimo,suggested,2,
satiari,la,satio,suggested,2,
satisfacere,la,satisfacio,suggested,2,
satisfecit,la,satisfacio,suggested,2,
sauli,la,Saulus,suggested,2,
scandali,la,scandalum,suggested,2,
scandalizati,la,scandalizo,suggested,2,
scelera,la,scelus,suggested,2,
sceleribus,la,scelus,suggested,2,
sceptrum,la,sceptrum,suggested,2,
schedulam,la,schedula,suggested,2,
scholasticos,la,scholastici,suggested,2,
scholasticum,la,scholasticus,suggested,2,
sciam,la,scio,suggested,2,
scichum,la,scichum,suggested,2,
sciebant,la,scio,suggested,2,
sciebat,la,scio,suggested,2,
sciemus,la,scio,suggested,2,
sciendum,la,scio,suggested,2,
scienti,la,scio,suggested,2,
scientias,la,scientia,suggested,2,
scimus,la,scio,suggested,2,
scirent,la,scio,suggested,2,
scivit,la,scio,suggested,2,
sclopetariorum,la,sclopetarius,suggested,2,
scopum,la,scopus,suggested,2,
scribenda,la,scribo,suggested,2,
scribendis,la,scribo,suggested,2,
scribent,la,scribo,suggested,2,
scriberent,la,scribo,suggested,2,
scribis,la,scribo,suggested,2,
scribit,la,scribo,suggested,2,
scripsimus,la,scribo,suggested,2,
scripturis,la,scriptura,suggested,2,
scrupulum,la,scrupulus,suggested,2,
scutatorum,la,scuto,suggested,2,
se,it,se,suggested,2,
se,pt,se,suggested,2,
sebastiani,la,sebastianus,suggested,2,
sebastianum,la,sebastianus,suggested,2,
secat,la,seco,suggested,2,
secretiora,la,secretus,suggested,2,
sectariis,la,sectarius,suggested,2,
sectione,la,sectio,suggested,2,
sectis,la,sego,suggested,2,
seculi,la,seculum,suggested,2,
seculis,la,seculum,suggested,2,
secumque,la,secumque,suggested,2,
secundi,la,secundus,suggested,2,
securi,la,securus,suggested,2,
securitas,la,securitas,suggested,2,
securitatem,la,securitas,suggested,2,
securitatis,la,securitas,suggested,2,
sedata,la,sedo,suggested,2,
sedibus,la,sedes,suggested,2,
seditione,la,seditio,suggested,2,
segnor,es,segnor,suggested,2,
seminariorum,la,seminarium,suggested,2,
seminarunt,la,semino,suggested,2,
sempiternum,la,sempiternus,suggested,2,
sensim,la,sensim,suggested,2,
sensum,la,sensus,suggested,2,
sententias,la,sententia,suggested,2,
sentiam,la,sentio,suggested,2,
sentiebat,la,sentio,suggested,2,
sentiret,la,sentio,suggested,2,
seorsum,la,seorsum,suggested,2,
separatim,la,separatim,suggested,2,
separatum,la,separo,suggested,2,
sepe,la,saepe,suggested,2,
sept,la,sepd,suggested,2,
septendecim,la,septendecim,suggested,2,
septentrionales,la,septentrionalis,suggested,2,
septingentesimum,la,septingentesimus,suggested,2,
septingentos,la,septingenti,suggested,2,
septus,la,septus,suggested,2,
sepulchra,la,sepulcrum,suggested,2,
sepulchro,la,sepulcrum,suggested,2,
sepulti,la,seelio,suggested,2,
sepulto,la,seelio,suggested,2,
seq,la,seq,suggested,2,
sequacibus,la,sequacis,suggested,2,
sequens,la,sequor,suggested,2,
sequentem,la,sequor,suggested,2,
seraphica,la,seraphicus,suggested,2,
seraphicae,la,seraphicus,suggested,2,
seraphicȩ,la,seraphicus,suggested,2,
serenissimi,la,serenus,suggested,2,
sericorum,la,sericus,suggested,2,
sericum,la,sericus,suggested,2,
sermo,la,sermo,suggested,2,
sero,la,sero,suggested,2,
seruiant,la,seruio,suggested,2,
seruitute,la,seruitus,suggested,2,
seruos,la,seruus,suggested,2,
servanda,la,servo,suggested,2,
servando,la,servo,suggested,2,
servator,la,servator,suggested,2,
serviebant,la,servio,suggested,2,
severe,la,severe,suggested,2,
sexcentesimi,la,sexcentesimus,suggested,2,
sexcentis,la,sexcenti,suggested,2,
sibique,la,sibique,suggested,2,
sicilia,la,Sicilia,suggested,2,
sicq,la,sicq,suggested,2,
siculus,la,siculus,suggested,2,
sicuti,la,sicut,suggested,2,
sido,es,ser,suggested,2,
significari,la,significo,suggested,2,
significatione,la,significatio,suggested,2,
signo,la,signum,suggested,2,
silva,la,silua,suggested,2,
similitudinem,la,similitudo,suggested,2,
simion,la,simio,suggested,2,
simõis,la,simõis,suggested,2,
simone,la,simon,suggested,2,
simpliciter,la,simpliciter,suggested,2,
simultates,la,simultas,suggested,2,
sin,es,sin,suggested,2,
sin,la,sin,suggested,2,
singularem,la,singularis,suggested,2,
sinicus,la,sinicus,suggested,2,
sinistram,la,sinister,suggested,2,
sinistris,la,sinister,suggested,2,
sinit,la,sino,suggested,2,
sinu,la,sinus,suggested,2,
sis,la,sum,suggested,2,
sistunt,la,sisto,suggested,2,
sitis,la,sum,suggested,2,
situ,la,situs,suggested,2,
sitūs,la,sitūs,suggested,2,
solarentur,la,solaro,suggested,2,
solatium,la,solatius,suggested,2,
soleant,la,soleo,suggested,2,
soleat,la,soleo,suggested,2,
solebant,la,soleo,suggested,2,
solertia,la,solertia,suggested,2,
solidum,la,solidus,suggested,2,
solitam,la,soleo,suggested,2,
solitus,la,soleo,suggested,2,
sollemni,la,sollemnis,suggested,2,
sollicite,la,sollicite,suggested,2,
sollicitus,la,sollicitus,suggested,2,
solummodo,la,solummodo,suggested,2,
solutam,la,soluo,suggested,2,
solutione,la,solutio,suggested,2,
solvat,la,solvo,suggested,2,
sorte,la,sors,suggested,2,
sos,la,sum,suggested,2,
sotietas,la,sotietas,suggested,2,
spacio,la,spacium,suggested,2,
speciale,la,specialis,suggested,2,
specialiter,la,specialiter,suggested,2,
speciatim,la,speciatim,suggested,2,
spectabant,la,specto,suggested,2,
spectabat,la,specto,suggested,2,
spectant,la,specto,suggested,2,
spectante,la,specto,suggested,2,
spectantibus,la,specto,suggested,2,
spectatur,la,specto,suggested,2,
spectemus,la,specto,suggested,2,
spectes,la,specto,suggested,2,
speculatores,la,speculator,suggested,2,
speramusque,la,speramusque,suggested,2,
sperandum,la,spero,suggested,2,
sperans,la,spero,suggested,2,
sperarent,la,spero,suggested,2,
sperari,la,spero,suggested,2,
sperat,la,spero,suggested,2,
spinas,la,spina,suggested,2,
spiri,la,spio,suggested,2,
spirituali,la,spiritualis,suggested,2,
splendidam,la,splendidus,suggested,2,
splendidis,la,splendidus,suggested,2,
splendidum,la,splendidus,suggested,2,
splendor,la,splendor,suggested,2,
spoliarunt,la,spolio,suggested,2,
sponsa,la,sponsa,suggested,2,
sponsae,la,sponsa,suggested,2,
sponsione,la,sponsio,suggested,2,
ss,la,ss,suggested,2,
sta,la,sta,suggested,2,
stabiliri,la,stabilio,suggested,2,
stabilita,la,stabilio,suggested,2,
stantibus,la,sto,suggested,2,
starent,la,sto,suggested,2,
stat,la,sto,suggested,2,
statibus,la,status,suggested,2,
statione,la,statio,suggested,2,
statueret,la,statuo,suggested,2,
statui,la,statuo,suggested,2,
statuimus,la,statuo,suggested,2,
statuisse,la,statuo,suggested,2,
statutumque,la,statutumque,suggested,2,
stephanus,la,stephanus,suggested,2,
sterilitate,la,sterilitas,suggested,2,
stilo,la,stilus,suggested,2,
stipante,la,stipo,suggested,2,
stipati,la,stipo,suggested,2,
stratagema,la,stratagema,suggested,2,
stratagemate,la,stratagema,suggested,2,
strepitu,la,strepitus,suggested,2,
stricto,la,stringo,suggested,2,
stringunt,la,stringo,suggested,2,
structura,la,structura,suggested,2,
studeant,la,studeo,suggested,2,
studet,la,studeo,suggested,2,
studiose,la,studiose,suggested,2,
studiosos,la,studiosus,suggested,2,
studui,la,studeo,suggested,2,
stupore,la,stupor,suggested,2,
suâ,la,suus,suggested,2,
suadebant,la,suadeo,suggested,2,
suadente,la,suadeo,suggested,2,
suadet,la,suadeo,suggested,2,
suares,la,suares,suggested,2,
suasu,la,suasus,suggested,2,
suavi,la,suavis,suggested,2,
subditas,la,subdo,suggested,2,
subeant,la,subeo,suggested,2,
subeat,la,subeo,suggested,2,
subesse,la,subsum,suggested,2,
subiectos,la,subicio,suggested,2,
subiiciam,la,subicio,suggested,2,
subitaneo,la,subitaneus,suggested,2,
subministrante,la,subministro,suggested,2,
submiserunt,la,submitto,suggested,2,
submisit,la,submitto,suggested,2,
submissione,la,submissio,suggested,2,
submittant,la,submitto,suggested,2,
submittendo,la,submitto,suggested,2,
submittere,la,submitto,suggested,2,
subrogatusve,la,subrogatusvo,suggested,2,
subscripsi,la,subscribo,suggested,2,
subscripsit,la,subscribo,suggested,2,
subsequuntur,la,subsequor,suggested,2,
substantia,la,substantia,suggested,2,
substituendo,la,substituo,suggested,2,
substituti,la,substituo,suggested,2,
suburbio,la,suburbium,suggested,2,
succedat,la,succedo,suggested,2,
succensere,la,succenseo,suggested,2,
successit,la,succedo,suggested,2,
successive,la,successive,suggested,2,
successoribus,la,successor,suggested,2,
successum,la,successus,suggested,2,
succurrere,la,succurro,suggested,2,
suȩ,la,suus,suggested,2,
suferre,la,sufero,suggested,2,
sufficerent,la,sufficio,suggested,2,
sufficiente,la,sufficiens,suggested,2,
suggessit,la,suggedo,suggested,2,
suisque,la,suisque,suggested,2,
sumere,la,sumo,suggested,2,
sumpsit,la,sumo,suggested,2,
sumunt,la,sumo,suggested,2,
superabat,la,supero,suggested,2,
superante,la,supero,suggested,2,
superassent,la,supero,suggested,2,
superavit,la,supero,suggested,2,
superbia,la,superbia,suggested,2,
superflua,la,superfluus,suggested,2,
supersint,la,supersum,suggested,2,
superstes,la,supersto,suggested,2,
superstitiosa,la,superstitiosus,suggested,2,
superstitiosas,la,superstitiosus,suggested,2,
supersunt,la,supersum,suggested,2,
suposita,la,supono,suggested,2,
suppetias,la,suppetia,suggested,2,
suppetunt,la,suppeto,suggested,2,
supplendi,la,suppleo,suggested,2,
supplicavimus,la,supplico,suggested,2,
supplicavit,la,supplico,suggested,2,
supplices,la,supplex,suggested,2,
supplicia,la,supplicium,suggested,2,
supposito,la,suppono,suggested,2,
supradictam,la,supradico,suggested,2,
supradicte,la,supradictus,suggested,2,
supradictis,la,supradictus,suggested,2,
supradictus,la,supradictus,suggested,2,
suprema,la,superior,suggested,2,
supremi,la,superior,suggested,2,
susceperat,la,suscipio,suggested,2,
susceperit,la,suscipio,suggested,2,
suscepi,la,suscipio,suggested,2,
suscepisse,la,suscipio,suggested,2,
susceptam,la,suscipio,suggested,2,
suscepti,la,suscipio,suggested,2,
suscepto,la,suscipio,suggested,2,
suscepturum,la,suscipio,suggested,2,
susciperemus,la,suscipio,suggested,2,
susciperent,la,suscipio,suggested,2,
suscipiendam,la,suscipio,suggested,2,
suscipit,la,suscipio,suggested,2,
suspectum,la,suspicio,suggested,2,
suspendenda,la,suspendo,suggested,2,
suspensam,la,suspendo,suggested,2,
suspensos,la,suspendo,suggested,2,
suspicabantur,la,suspicor,suggested,2,
suspicarentur,la,suspicor,suggested,2,
suspicari,la,suspicor,suggested,2,
suspicione,la,suspicio,suggested,2,
suspicionem,la,suspicio,suggested,2,
sustentatio,la,sustentatio,suggested,2,
sustentatione,la,sustentatio,suggested,2,
sylva,la,Sylva,suggested,2,
tabulam,la,tabula,suggested,2,
taceo,la,taceo,suggested,2,
talibus,la,talis,suggested,2,
tamdiu,la,tamdiu,suggested,2,
tamora,la,Tamora,suggested,2,
tantoperè,la,tantoperè,suggested,2,
tantorum,la,tantus,suggested,2,
tantùm,la,tantùm,suggested,2,
tantumodo,la,tantumodo,suggested,2,
tar,la,tar,suggested,2,
tarazauandono,la,tarazauandonus,suggested,2,
tarazauandonum,la,tarazauandon,suggested,2,
tardissime,la,tarde,suggested,2,
tçunocami,la,tçunocamus,suggested,2,
tçuzu,la,tçuzu,suggested,2,
temperare,la,tempero,suggested,2,
temperatos,la,tempero,suggested,2,
tempestatem,la,tempestas,suggested,2,
temporalium,la,temporalis,suggested,2,
tendebant,la,tendo,suggested,2,
teneat,la,teneo,suggested,2,
tenebras,la,tenebrae,suggested,2,
tenemur,la,teneo,suggested,2,
teneo,la,teneo,suggested,2,
tenere,la,teneo,suggested,2,
teneri,la,teneo,suggested,2,
tentari,la,tentor,suggested,2,
tentassent,la,tento,suggested,2,
tentorio,la,tentorium,suggested,2,
tenus,la,tenus,suggested,2,
terga,la,tergum,suggested,2,
terminis,la,terminus,suggested,2,
termino,la,terminus,suggested,2,
ternis,la,ternus,suggested,2,
territorio,la,territorium,suggested,2,
terrore,la,terror,suggested,2,
terrorem,la,terror,suggested,2,
terroribus,la,terror,suggested,2,
tes,la,tes,suggested,2,
testis,la,testis,suggested,2,
thadeus,la,thadeus,suggested,2,
thartaris,la,thartor,suggested,2,
thaurisio,la,Thaurisius,suggested,2,
theatro,la,theatrum,suggested,2,
theatrum,la,theatrum,suggested,2,
thebaidis,la,thebaidus,suggested,2,
theologis,la,theologus,suggested,2,
theologus,la,theologus,suggested,2,
thesauris,la,thesaurus,suggested,2,
thienus,la,thienus,suggested,2,
thomam,la,Thomas,suggested,2,
thracia,la,thracius,suggested,2,
thraciae,la,thracius,suggested,2,
tiae,la,tia,suggested,2,
timens,la,timeo,suggested,2,
timentes,la,timeo,suggested,2,
timor,la,timor,suggested,2,
tionem,la,tio,suggested,2,
tiranidem,la,tiranides,suggested,2,
tolleretur,la,tollo,suggested,2,
tolli,la,tollo,suggested,2,
tollitur,la,tollo,suggested,2,
tomi,la,tomus,suggested,2,
tomis,la,tomus,suggested,2,
tomus,la,tomus,suggested,2,
tonus,la,tonus,suggested,2,
torquebuntur,la,torqueo,suggested,2,
torqueri,la,torqueo,suggested,2,
totaliter,la,totaliter,suggested,2,
tractandum,la,tracto,suggested,2,
tractata,la,tracto,suggested,2,
tradenda,la,trado,suggested,2,
traderet,la,trado,suggested,2,
tradi,la,trado,suggested,2,
tradit,la,trado,suggested,2,
traditae,la,trado,suggested,2,
tragoediam,la,tragoedia,suggested,2,
traiiciunt,la,traiicio,suggested,2,
tramitem,la,trames,suggested,2,
tranquille,la,tranquille,suggested,2,
tranquilliorem,la,tranquillis,suggested,2,
trans,la,trans,suggested,2,
transacta,la,transigo,suggested,2,
transcribo,la,transcribo,suggested,2,
transcripto,la,transcripo,suggested,2,
transeundum,la,transeo,suggested,2,
transfixus,la,transfigo,suggested,2,
transiens,la,transeo,suggested,2,
transigere,la,transigo,suggested,2,
transigunt,la,transigo,suggested,2,
transivi,la,transeo,suggested,2,
translato,la,transfero,suggested,2,
transmittitur,la,transmitto,suggested,2,
transtuli,la,transfero,suggested,2,
transtulit,la,transfero,suggested,2,
transumpta,la,transumo,suggested,2,
tremore,la,tremor,suggested,2,
tribui,la,tribuo,suggested,2,
tribunali,la,tribunal,suggested,2,
tribunalibus,la,tribunalis,suggested,2,
tribunalium,la,tribunalis,suggested,2,
tributo,la,tributum,suggested,2,
tricenorum,la,tricenus,suggested,2,
tridentino,es,Tridentino,suggested,2,
tridentinum,la,tridentinus,suggested,2,
triduum,la,triduum,suggested,2,
triennio,la,triennium,suggested,2,
trinitatis,la,trinitas,suggested,2,
tristitia,la,tristitia,suggested,2,
triumphos,la,triumphus,suggested,2,
triumphum,la,triumphus,suggested,2,
trophaea,la,trophaeus,suggested,2,
trucidare,la,trucido,suggested,2,
tuarum,la,tuus,suggested,2,
tulerit,la,fero,suggested,2,
tumultum,la,tumultus,suggested,2,
tunicis,la,tunica,suggested,2,
tunquinenses,la,Tunquinensis,suggested,2,
tuorum,la,tuus,suggested,2,
turba,la,turba,suggested,2,
turbam,la,turba,suggested,2,
turbaturam,la,turbatura,suggested,2,
turpitudinem,la,turpitudo,suggested,2,
turris,la,turris,suggested,2,
tuscia,la,tuscius,suggested,2,
tuta,la,tutus,suggested,2,
tutela,la,tutela,suggested,2,
tutiorem,la,tutus,suggested,2,
tutor,la,tutor,suggested,2,
tutorem,la,tutor,suggested,2,
tutum,la,tutus,suggested,2,
tutus,la,tueor,suggested,2,
tyrannidem,la,tyrannis,suggested,2,
tyronibus,la,tyron,suggested,2,
uaria,la,uarius,suggested,2,
uariam,la,uarius,suggested,2,
uel,la,uel,suggested,2,
ueluti,la,uelut,suggested,2,
ueniunt,la,uenio,suggested,2,
uentura,la,uenio,suggested,2,
uestis,la,uestis,suggested,2,
uidentur,la,uideo,suggested,2,
uina,la,uinum,suggested,2,
uino,la,uinum,suggested,2,
uirgines,la,uirgo,suggested,2,
uirtute,la,uirtus,suggested,2,
uis,la,uis,suggested,2,
uita,la,uita,suggested,2,
ullam,la,ullus,suggested,2,
ulteriorem,la,ulterior,suggested,2,
ulti,la,ultus,suggested,2,
ultimis,la,ultimus,suggested,2,
ultionem,la,ultio,suggested,2,
umquam,la,umquam,suggested,2,
unaquaque,la,unusquisque,suggested,2,
undecima,la,undecimus,suggested,2,
undequaque,la,undequaque,suggested,2,
undetriginta,la,undetriginta,suggested,2,
undeviginti,la,undeviginti,suggested,2,
unguem,la,unguis,suggested,2,
unica,la,unicus,suggested,2,
unico,la,unicus,suggested,2,
unicus,la,unicus,suggested,2,
unitis,la,unio,suggested,2,
universalis,la,uniuersalis,suggested,2,
uolo,la,uolo,suggested,2,
uoluerunt,la,uolo,suggested,2,
uoluit,la,uolo,suggested,2,
urgeat,la,urgeo,suggested,2,
urgens,la,urgeo,suggested,2,
urgere,la,urgeo,suggested,2,
urget,la,urgeo,suggested,2,
usa,la,utor,suggested,2,
usangueio,la,Usangueius,suggested,2,
usquequo,la,usquequo,suggested,2,
usuqui,la,usuquus,suggested,2,
usurpare,la,usurpo,suggested,2,
usurpato,la,usurpo,suggested,2,
utar,la,utor,suggested,2,
utebantur,la,utor,suggested,2,
utile,la,utilis,suggested,2,
utut,la,utut,suggested,2,
uxoribus,la,uxor,suggested,2,
va,la,va,suggested,2,
vacent,la,vaco,suggested,2,
vacuas,la,vacuus,suggested,2,
vadam,la,vado,suggested,2,
vagnoni,la,Vagno,suggested,2,
vale,la,valis,suggested,2,
valeamus,la,valeo,suggested,2,
valedicere,la,valedico,suggested,2,
valentinus,la,valentinus,suggested,2,
valete,la,valeo,suggested,2,
valetudo,la,valetudo,suggested,2,
valguarneira,la,Valguarneira,suggested,2,
valguarnera,la,Valguarnera,suggested,2,
validam,la,validus,suggested,2,
valoris,la,valor,suggested,2,
valta,la,Valta,suggested,2,
vanliei,la,vanlies,suggested,2,
vanus,la,vanus,suggested,2,
varios,la,varius,suggested,2,
vasallorum,la,vasallus,suggested,2,
vastant,la,vasto,suggested,2,
vastarunt,la,vasto,suggested,2,
vastitate,la,vastitas,suggested,2,
vastitatem,la,vastitas,suggested,2,
ve,la,ve,suggested,2,
velis,la,volo,suggested,2,
vellem,la,volo,suggested,2,
velo,la,velum,suggested,2,
ven,la,uen,suggested,2,
venditae,la,vendo,suggested,2,
vendunt,la,vendo,suggested,2,
venerabilis,la,uenerabilis,suggested,2,
venerande,la,ueneror,suggested,2,
veneratus,la,veneror,suggested,2,
venerentur,la,veneror,suggested,2,
venientes,la,venio,suggested,2,
venientibus,la,venio,suggested,2,
venimus,la,venio,suggested,2,
venio,la,venio,suggested,2,
venissent,la,venio,suggested,2,
venter,la,venter,suggested,2,
ventris,la,venter,suggested,2,
venturi,la,venio,suggested,2,
venturo,la,venio,suggested,2,
venturos,la,venio,suggested,2,
venxui,la,venxus,suggested,2,
verberibus,la,verber,suggested,2,
verborum,la,verbum,suggested,2,
verecundia,la,verecundia,suggested,2,
vereremur,la,vereo,suggested,2,
vergilii,la,Vergilius,suggested,2,
veris,la,verus,suggested,2,
veritati,la,veritas,suggested,2,
veritus,la,vereor,suggested,2,
versaretur,la,verso,suggested,2,
versentur,la,versor,suggested,2,
verumetiam,la,verumetia,suggested,2,
vescuntur,la,vescor,suggested,2,
vespasianus,la,vespasianus,suggested,2,
vespertinis,la,vespertinus,suggested,2,
vestro,la,uester,suggested,2,
vestros,la,uester,suggested,2,
vetamur,la,veto,suggested,2,
veteres,la,vetus,suggested,2,
veteribus,la,vetus,suggested,2,
veteris,la,vetus,suggested,2,
vexillis,la,vexillum,suggested,2,
viae,la,via,suggested,2,
vicariatu,la,vicariatus,suggested,2,
viceadministratorem,la,viceadministrator,suggested,2,
vicerector,la,vicerector,suggested,2,
vicibus,la,vicis,suggested,2,
vicinas,la,vicinus,suggested,2,
vicinitatem,la,vicinitas,suggested,2,
vicissitudine,la,vicissitudo,suggested,2,
vicos,la,vicus,suggested,2,
victi,la,vinco,suggested,2,
victu,la,victus,suggested,2,
vid,la,vis,suggested,2,
videat,la,video,suggested,2,
videbant,la,video,suggested,2,
videbimus,la,video,suggested,2,
videndi,la,video,suggested,2,
viderint,la,video,suggested,2,
vigiliis,la,vigilia,suggested,2,
vilissimus,la,vilus,suggested,2,
villela,la,Villela,suggested,2,
vinci,la,vinco,suggested,2,
vinctos,la,vincio,suggested,2,
vindicata,la,vindico,suggested,2,
vindictae,la,vindicta,suggested,2,
vindictam,la,vindicta,suggested,2,
vinum,la,uinum,suggested,2,
violentas,la,violentus,suggested,2,
violenter,la,violenter,suggested,2,
virgarum,la,virga,suggested,2,
viridem,la,viridis,suggested,2,
visendum,la,viso,suggested,2,
visi,la,uideo,suggested,2,
visis,la,video,suggested,2,
visitatio,la,visitatio,suggested,2,
visitationibus,la,visitatio,suggested,2,
visitato,la,visito,suggested,2,
viso,la,video,suggested,2,
vitiorum,la,vitium,suggested,2,
viuendi,la,viuo,suggested,2,
vivae,la,vivus,suggested,2,
vivantne,la,vivo,suggested,2,
vivebant,la,vivo,suggested,2,
vivebat,la,vivo,suggested,2,
viventis,la,vivo,suggested,2,
vivo,la,vivus,suggested,2,
vixerunt,la,vivo,suggested,2,
vixit,la,vigo,suggested,2,
vndique,la,vndique,suggested,2,
vniversalis,la,uniuersalis,suggested,2,
voaranos,la,voaranus,suggested,2,
vocantur,la,voco,suggested,2,
vocaret,la,voco,suggested,2,
vocata,la,voco,suggested,2,
vocatum,la,voco,suggested,2,
vocatus,la,voco,suggested,2,
vocem,la,vox,suggested,2,
volebam,la,volo,suggested,2,
volenti,la,volo,suggested,2,
volga,la,uolga,suggested,2,
volumus,la,volo,suggested,2,
voluntariam,la,voluntarius,suggested,2,
votum,la,uotum,suggested,2,
vozaca,la,vozacus,suggested,2,
vsi,la,vtor,suggested,2,
vsque,la,vsque,suggested,2,
vsu,la,vsus,suggested,2,
vtero,la,vterus,suggested,2,
vti,la,vtor,suggested,2,
vtpote,la,vtpote,suggested,2,
vtque,la,vtque,suggested,2,
vtriusque,la,uterque,suggested,2,
vulgò,la,vulgò,suggested,2,
vulnere,la,vulnus,suggested,2,
vulnus,la,vulnus,suggested,2,
vultu,la,vultus,suggested,2,
vxores,la,vxor,suggested,2,
xabierius,la,xabiere,suggested,2,
xaoking,la,Xaokinus,suggested,2,
xaqua,la,xaqua,suggested,2,
xaquae,la,xaqua,suggested,2,
xauchensis,la,xauchensis,suggested,2,
xaverius,la,xaverius,suggested,2,
xerafinus,la,xerafinus,suggested,2,
xii,la,XII,suggested,2,
xl,la,xl,suggested,2,
xviii,la,XVIII,suggested,2,
yamagutiano,la,yamagutianus,suggested,2,
ydolatris,la,ydolatra,suggested,2,
yechudonus,la,yechudonus,suggested,2,
yuenum,la,yuenus,suggested,2,
yupi,la,yupus,suggested,2,
zungchinium,la,Zungchinius,suggested,2,
1am,la,1am,suggested,1,
283v,la,283v,suggested,1,
4f,la,4f,suggested,1,
50a,la,50us,suggested,1,
a,pt,a,suggested,1,
aaron,la,aaron,suggested,1,
abatur,la,eo,suggested,1,
abdere,la,abdo,suggested,1,
abdiderunt,la,abdo,suggested,1,
abdidit,la,abdo,suggested,1,
abditos,la,abdo,suggested,1,
abducat,la,abduco,suggested,1,
abducere,la,abduco,suggested,1,
abducti,la,abduco,suggested,1,
abduxerant,la,abduco,suggested,1,
abduxerat,la,abduco,suggested,1,
abecedarii,la,abecedarius,suggested,1,
abegerit,la,abigo,suggested,1,
aberrabat,la,aberro,suggested,1,
aberrent,la,aberro,suggested,1,
aberunt,la,abeo,suggested,1,
abesse,la,absum,suggested,1,
abessent,la,absum,suggested,1,
abesset,la,absum,suggested,1,
abeunti,la,abeo,suggested,1,
abeuntis,la,abeo,suggested,1,
abfuerunt,la,abfo,suggested,1,
abhorrens,la,abhorrens,suggested,1,
abhorrentibus,la,abhorreo,suggested,1,
abhorret,la,abhorreo,suggested,1,
abiecisse,la,abicio,suggested,1,
abiecissent,la,abicio,suggested,1,
abiectioribus,la,abiectior,suggested,1,
abiectis,la,abiicio,suggested,1,
abiectissima,la,abiectus,suggested,1,
abiectissimis,la,abiectus,suggested,1,
abiecto,la,abicio,suggested,1,
abiectum,la,abicio,suggested,1,
abierunt,la,abeo,suggested,1,
abiiciantur,la,abiicio,suggested,1,
abire,la,abeo,suggested,1,
abituri,la,abeo,suggested,1,
abivit,la,abeo,suggested,1,
ablata,la,aufero,suggested,1,
ablatis,la,aufero,suggested,1,
ablatum,la,affero,suggested,1,
ablegabat,la,ablego,suggested,1,
ablegarentur,la,ablego,suggested,1,
ablegarunt,la,ablego,suggested,1,
ablegati,la,ablego,suggested,1,
abluentes,la,abluo,suggested,1,
abluerint,la,abluo,suggested,1,
ablui,la,abluo,suggested,1,
ablutione,la,ablutio,suggested,1,
ablutionem,la,ablutio,suggested,1,
ablutis,la,abluo,suggested,1,
ablutos,la,abluo,suggested,1,
abnavigavit,la,abnavigo,suggested,1,
abnegandum,la,abnego,suggested,1,
abnegata,la,abnego,suggested,1,
abnegemus,la,abnego,suggested,1,
abnuisset,la,abneo,suggested,1,
abolendam,la,aboleo,suggested,1,
aboletum,la,aboletus,suggested,1,
abolitionem,la,abolitio,suggested,1,
abominari,la,abomino,suggested,1,
abque,la,abque,suggested,1,
abradebant,la,abradeo,suggested,1,
abraderent,la,abradeo,suggested,1,
abrenuntiantes,la,abrenuntio,suggested,1,
abrepta,la,abripio,suggested,1,
abreptos,la,abripio,suggested,1,
abreptus,la,abripio,suggested,1,
abreu,la,abres,suggested,1,
abrogaretur,la,abrogo,suggested,1,
abroges,la,abrogo,suggested,1,
abs,la,ab,suggested,1,
abscedere,la,abscedo,suggested,1,
abscidet,la,abscido,suggested,1,
abscinde,la,abscindo,suggested,1,
abscindere,la,abscindo,suggested,1,
absens,la,absens,suggested,1,
absolutae,la,absolutus,suggested,1,
absolutam,la,absolutus,suggested,1,
absolutione,la,absolutio,suggested,1,
absolutionis,la,absolutio,suggested,1,
absolutis,la,absolutus,suggested,1,
absolutissima,la,absolutus,suggested,1,
absolutissimi,la,absolutus,suggested,1,
absoluto,la,absoluo,suggested,1,
absolverant,la,absolvo,suggested,1,
absolvimus,la,absolvo,suggested,1,
absolvit,la,absolvo,suggested,1,
absolvunt,la,absolvo,suggested,1,
absonum,la,absonus,suggested,1,
absorpta,la,absorptus,suggested,1,
absorpti,la,absorptus,suggested,1,
absterrebuntur,la,absterreo,suggested,1,
absterreri,la,absterro,suggested,1,
abstinebant,la,abstineo,suggested,1,
abstinendum,la,abstineo,suggested,1,
abstinens,la,abstineo,suggested,1,
abstinerent,la,abstineo,suggested,1,
abstinetis,la,abstineo,suggested,1,
abstinuisse,la,abstineo,suggested,1,
abstinuit,la,abstineo,suggested,1,
abstractis,la,abstraho,suggested,1,
abstractus,la,abstraho,suggested,1,
abstrahi,la,abstraho,suggested,1,
abstulerim,la,abstuler,suggested,1,
abstulerunt,la,absfero,suggested,1,
absumpsisse,la,absumo,suggested,1,
absumptis,la,absumo,suggested,1,
absynthya,la,absynthya,suggested,1,
absyntium,la,absyntium,suggested,1,
abundantem,la,abundo,suggested,1,
abundanter,la,abundanter,suggested,1,
abundanti,la,abundo,suggested,1,
abundantissima,la,abundantus,suggested,1,
abundent,la,abundo,suggested,1,
abusu,la,abusus,suggested,1,
abusus,la,abusus,suggested,1,
abutantur,la,abutor,suggested,1,
abutens,la,abuto,suggested,1,
abyssus,la,abyssus,suggested,1,
academiae,la,Academia,suggested,1,
academias,la,Academias,suggested,1,
acascicamone,la,acascicamo,suggested,1,
acaxi,la,Acaxus,suggested,1,
accedebant,la,accedo,suggested,1,
accedens,la,accedo,suggested,1,
accedente,la,accedo,suggested,1,
accedentibus,la,accedo,suggested,1,
accederet,la,accedo,suggested,1,
accederunt,la,accedo,suggested,1,
accedet,la,accedo,suggested,1,
accendantur,la,accendo,suggested,1,
accenderet,la,accendo,suggested,1,
accensę,la,accendo,suggested,1,
accenseas,la,accenseo,suggested,1,
accensendi,la,accenseo,suggested,1,
accensione,la,accensio,suggested,1,
accensis,la,accendo,suggested,1,
accensus,la,accensus,suggested,1,
acceperant,la,accipio,suggested,1,
acceperit,la,accipio,suggested,1,
accepissent,la,accipio,suggested,1,
accepisset,la,accipio,suggested,1,
acceptandam,la,accepto,suggested,1,
acceptandi,la,accepto,suggested,1,
acceptarem,la,accepto,suggested,1,
acceptas,la,accipio,suggested,1,
acceptavi,la,accepto,suggested,1,
acceptavit,la,accepto,suggested,1,
acceptet,la,accepto,suggested,1,
acceptetur,la,accepto,suggested,1,
accepti,la,accipio,suggested,1,
acceptionis,la,acceptio,suggested,1,
acceptoque,la,acceptoque,suggested,1,
acceptum,la,accipio,suggested,1,
accepturos,la,accipio,suggested,1,
acceptusque,la,acceptusque,suggested,1,
accerrime,la,accer,suggested,1,
accersit,la,accergo,suggested,1,
accesione,la,accesio,suggested,1,
accesserant,la,accedo,suggested,1,
accessi,la,accedo,suggested,1,
accessione,la,accessio,suggested,1,
accessionem,la,accessio,suggested,1,
accessus,la,accessus,suggested,1,
accesurum,la,accedo,suggested,1,
acciderant,la,accido,suggested,1,
acciderat,la,accido,suggested,1,
accideret,la,accido,suggested,1,
acciderint,la,accido,suggested,1,
acciderit,la,accido,suggested,1,
accidisse,la,accido,suggested,1,
accipe,la,accipio,suggested,1,
accipietis,la,accipio,suggested,1,
accipimus,la,accipio,suggested,1,
accisa,la,accido,suggested,1,
accitae,la,accio,suggested,1,
accivit,la,accio,suggested,1,
accivitis,la,accives,suggested,1,
acco,la,acco,suggested,1,
accom,la,accus,suggested,1,
accommoda,la,accommodus,suggested,1,
accommodaretur,la,accommodo,suggested,1,
accommodatas,la,accommodo,suggested,1,
accomodata,la,accomodo,suggested,1,
accomodatas,la,accomodo,suggested,1,
accurata,la,accuratus,suggested,1,
accuratione,la,accuratio,suggested,1,
accuratius,la,accurate,suggested,1,
accurrente,la,accurro,suggested,1,
accurrentium,la,accurro,suggested,1,
accurrerent,la,accurro,suggested,1,
accurrerunt,la,accurro,suggested,1,
accurrit,la,accurro,suggested,1,
accusabat,la,accuso,suggested,1,
accusant,la,accuso,suggested,1,
accusare,la,accuso,suggested,1,
accusarent,la,accuso,suggested,1,
accusatae,la,accuso,suggested,1,
accusati,la,accuso,suggested,1,
accusatione,la,accusatio,suggested,1,
accusationum,la,accusatio,suggested,1,
accusatori,la,accusator,suggested,1,
accusatus,la,accuso,suggested,1,
accusaverunt,la,accuso,suggested,1,
accusent,la,accuso,suggested,1,
accuses,la,accuso,suggested,1,
acerbiore,la,acerbus,suggested,1,
acerbis,la,acerbus,suggested,1,
acerbissimae,la,acerbus,suggested,1,
acerbissimam,la,acerbus,suggested,1,
acerbitatem,la,acerbitas,suggested,1,
acerrime,la,acer,suggested,1,
acerrimis,la,acer,suggested,1,
acerrimos,la,acerrimi,suggested,1,
achaiae,la,Achaia,suggested,1,
achaiam,la,Achaia,suggested,1,
achilleus,la,achilleus,suggested,1,
acie,la,acies,suggested,1,
aciem,la,acies,suggested,1,
acies,la,acies,suggested,1,
acinace,la,acinacis,suggested,1,
acinacem,la,acinax,suggested,1,
acinaces,la,acinax,suggested,1,
acommodaret,la,acommodo,suggested,1,
acomodaremus,la,acomodaro,suggested,1,
acomodatum,la,acomodatus,suggested,1,
acquireret,la,acquiro,suggested,1,
acquisivissent,la,acquisivo,suggested,1,
acre,la,acer,suggested,1,
acrem,la,acer,suggested,1,
acri,la,acer,suggested,1,
acria,la,acrius,suggested,1,
acriores,la,acrus,suggested,1,
acriq,la,acer,suggested,1,
acriter,la,acriter,suggested,1,
actae,la,ago,suggested,1,
actam,la,ago,suggested,1,
actibus,la,actus,suggested,1,
actionem,la,actio,suggested,1,
actionibus,la,actio,suggested,1,
actionum,la,actio,suggested,1,
actuari,la,actuo,suggested,1,
actuata,la,actuo,suggested,1,
acturi,la,ao,suggested,1,
acturum,la,ago,suggested,1,
actuum,la,actus,suggested,1,
acumen,la,acumen,suggested,1,
acusavit,la,acuso,suggested,1,
acutissimae,la,acutus,suggested,1,
acutos,la,acutus,suggested,1,
adactis,la,adigo,suggested,1,
adamantinum,la,adamantinus,suggested,1,
adami,la,adamus,suggested,1,
adaugerent,la,adaugeo,suggested,1,
adaugeret,la,adaugeo,suggested,1,
adblandiri,la,adblandio,suggested,1,
adcurate,la,adcuro,suggested,1,
addebamus,la,addo,suggested,1,
addebatur,la,addo,suggested,1,
addenda,la,addo,suggested,1,
addendum,la,addo,suggested,1,
addere,la,addo,suggested,1,
adderemus,la,addo,suggested,1,
adderet,la,addo,suggested,1,
addicant,la,addico,suggested,1,
addicta,la,addico,suggested,1,
addictissimus,la,addictus,suggested,1,
addictos,la,addico,suggested,1,
addictum,la,addico,suggested,1,
addictus,la,addico,suggested,1,
addiscant,la,addisco,suggested,1,
addiscentes,la,addisco,suggested,1,
addiscerint,la,addisco,suggested,1,
addit,la,addo,suggested,1,
additis,la,addo,suggested,1,
addito,la,addo,suggested,1,
additu,la,addo,suggested,1,
additum,la,addo,suggested,1,
addituram,la,addo,suggested,1,
adducar,la,adduco,suggested,1,
adducebat,la,adduco,suggested,1,
adducens,la,adduco,suggested,1,
adducentes,la,adduco,suggested,1,
adduci,la,adduco,suggested,1,
adducimus,la,adduco,suggested,1,
adducta,la,adduco,suggested,1,
adductis,la,adduco,suggested,1,
adducto,la,adduco,suggested,1,
adductos,la,adduco,suggested,1,
adducturi,la,adducio,suggested,1,
adducturum,la,adduco,suggested,1,
adducturus,la,adduco,suggested,1,
adducuntur,la,adduco,suggested,1,
adduntur,la,addo,suggested,1,
adduxerant,la,adduco,suggested,1,
adduxerat,la,adduco,suggested,1,
adduxere,la,addco,suggested,1,
adduxerunt,la,adduco,suggested,1,
adduxissent,la,adduco,suggested,1,
ade,la,ade,suggested,1,
adeat,la,adeo,suggested,1,
ademptaque,la,ademptaque,suggested,1,
adepti,la,adipiscor,suggested,1,
adeptione,la,adeptio,suggested,1,
adeptionem,la,adeptio,suggested,1,
adeptis,la,adipiscor,suggested,1,
adepturi,la,adipio,suggested,1,
aderamus,la,adero,suggested,1,
aderis,la,adsum,suggested,1,
adessent,la,adsum,suggested,1,
adeund,la,adeo,suggested,1,
adeundam,la,adeo,suggested,1,
adeundo,la,adeo,suggested,1,
adeunt,la,adeo,suggested,1,
adferat,la,affero,suggested,1,
adferebant,la,affero,suggested,1,
adferrent,la,afferro,suggested,1,
adfuere,la,adfuereque,suggested,1,
adfuturum,la,adfsum,suggested,1,
adhaerebant,la,adhaereo,suggested,1,
adhaerendum,la,adhaereo,suggested,1,
adhaesisset,la,adhaetto,suggested,1,
adhȩrebat,la,adhȩreo,suggested,1,
adherentibus,la,adhereo,suggested,1,
adhesid,la,adhesis,suggested,1,
adhibeatur,la,adhibeo,suggested,1,
adhibebitur,la,adhibeo,suggested,1,
adhibens,la,adhibeo,suggested,1,
adhiberent,la,adhibeo,suggested,1,
adhiberentur,la,adhibeo,suggested,1,
adhibita,la,adhibeo,suggested,1,
adhibuere,la,adhibeo,suggested,1,
adhibuisse,la,adhibeo,suggested,1,
adhibuit,la,adhibeo,suggested,1,
adhortati,la,adhortor,suggested,1,
adhortatus,la,adhortor,suggested,1,
adhunc,la,adhunc,suggested,1,
adi,la,ado,suggested,1,
adiacentem,la,adiaceo,suggested,1,
adiacentibus,la,adiaceo,suggested,1,
adieci,la,adiicio,suggested,1,
adiecto,la,adicio,suggested,1,
adierunt,la,adeo,suggested,1,
adigere,la,adigo,suggested,1,
adiiciam,la,adiicio,suggested,1,
adiimus,la,adieo,suggested,1,
adiisset,la,adeo,suggested,1,
adiit,la,adeo,suggested,1,
adijcimus,la,adijcio,suggested,1,
adim,la,adim,suggested,1,
adimamus,la,adimo,suggested,1,
adimente,la,adimo,suggested,1,
adimere,la,adimo,suggested,1,
adimplebit,la,adimpleo,suggested,1,
adimpleta,la,adimpleo,suggested,1,
adirent,la,adeo,suggested,1,
adiri,la,adeo,suggested,1,
adiscere,la,adisco,suggested,1,
adisgnaturum,la,adisgno,suggested,1,
adiudicanda,la,adiudico,suggested,1,
adiudicandum,la,adiudico,suggested,1,
adiuit,la,adeo,suggested,1,
adiumentum,la,adiumentum,suggested,1,
adiuncta,la,adiungo,suggested,1,
adiunctis,la,adiungo,suggested,1,
adiuncto,la,adiungo,suggested,1,
adiunctus,la,adiungo,suggested,1,
adiungamus,la,adiungo,suggested,1,
adiungant,la,adiungo,suggested,1,
adiungeret,la,adiungo,suggested,1,
adiunxerat,la,adiungo,suggested,1,
adiunxere,la,adiungo,suggested,1,
adiunxerunt,la,adiungo,suggested,1,
adiunximus,la,adiunximus,suggested,1,
adiunxisset,la,adiungo,suggested,1,
adiurabant,la,adiuro,suggested,1,
adiutis,la,adiuto,suggested,1,
adiutoribus,la,adiutor,suggested,1,
adiuuantem,la,adiuuo,suggested,1,
adiuuit,la,adiuuio,suggested,1,
adiuvant,la,adiuvo,suggested,1,
adiuvare,la,adiuvo,suggested,1,
adiuvarem,la,adiuvo,suggested,1,
adjectis,la,adjigo,suggested,1,
adjicitur,la,adjicio,suggested,1,
adjudicatae,la,adjudico,suggested,1,
adjumenti,la,adjumentum,suggested,1,
adjumentum,la,adjumentum,suggested,1,
adjunctus,la,adjungo,suggested,1,
adjungam,la,adjungo,suggested,1,
adjungas,la,adjungo,suggested,1,
adjungendi,la,adjungo,suggested,1,
adjungeretur,la,adjungo,suggested,1,
adjutorem,la,adjutor,suggested,1,
adjuvantur,la,adjuvo,suggested,1,
adjuvent,la,asjuvo,suggested,1,
adjuvetur,la,asjuvo,suggested,1,
admictunt,la,admitto,suggested,1,
adminiculo,la,adminiculum,suggested,1,
administra,la,administer,suggested,1,
administramus,la,administro,suggested,1,
administrandis,la,administro,suggested,1,
administrans,la,administro,suggested,1,
administrant,la,administro,suggested,1,
administrare,la,administro,suggested,1,
administrarem,la,administro,suggested,1,
administrasset,la,administro,suggested,1,
administrationis,la,administratio,suggested,1,
administratore,la,administrator,suggested,1,
administratorum,la,administro,suggested,1,
administraverat,la,administro,suggested,1,
administravi,la,administro,suggested,1,
administro,la,administer,suggested,1,
admir,la,admir,suggested,1,
admirabi,la,admiro,suggested,1,
admirabile,la,admirabilis,suggested,1,
admirabilemque,la,admirabilemque,suggested,1,
admirabiles,la,admirabilis,suggested,1,
admirabilibus,la,admirabilis,suggested,1,
admirabilium,la,admirabilis,suggested,1,
admirabuntur,la,admiro,suggested,1,
admirantur,la,admiror,suggested,1,
admiratio,la,admiratio,suggested,1,
admiratus,la,admiror,suggested,1,
admiremur,la,admiror,suggested,1,
admiser,la,admiser,suggested,1,
admiserant,la,admitto,suggested,1,
admiserat,la,admitto,suggested,1,
admisissent,la,admitto,suggested,1,
admissas,la,admitto,suggested,1,
admissione,la,admissio,suggested,1,
admissis,la,admitto,suggested,1,
admissit,la,admitto,suggested,1,
admit,la,admio,suggested,1,
admitere,la,admito,suggested,1,
admittamus,la,admitto,suggested,1,
admittant,la,admitto,suggested,1,
admittantur,la,admitto,suggested,1,
admittatur,la,admitto,suggested,1,
admittebatur,la,admitto,suggested,1,
admittendas,la,admitto,suggested,1,
admittendi,la,admitto,suggested,1,
admittendis,la,admitto,suggested,1,
admitterent,la,admitto,suggested,1,
admitterentur,la,admitto,suggested,1,
admitteret,la,admitto,suggested,1,
admitteretur,la,admitto,suggested,1,
admitti,la,admitto,suggested,1,
admittirut,la,admitto,suggested,1,
admittunt,la,admitto,suggested,1,
admitunt,la,admito,suggested,1,
admo,la,admo,suggested,1,
admoneat,la,admoneo,suggested,1,
admonere,la,admoneo,suggested,1,
admonet,la,admoneo,suggested,1,
admunerando,la,admunero,suggested,1,
adnavigavimus,la,adnavigo,suggested,1,
adnumeres,la,adnumero,suggested,1,
adnumero,la,adnumero,suggested,1,
adnutum,la,adnutus,suggested,1,
adolescentem,la,adolesco,suggested,1,
adolescentia,la,adolescentia,suggested,1,
adolescentulus,la,adolescentulus,suggested,1,
adoptabuntur,la,adopto,suggested,1,
adoptatam,la,adopto,suggested,1,
adoptivus,la,adoptivus,suggested,1,
adorandam,la,adoro,suggested,1,
adorando,la,adoro,suggested,1,
adorandum,la,adoro,suggested,1,
adorantur,la,adoro,suggested,1,
adorare,la,adoro,suggested,1,
adorarent,la,adoro,suggested,1,
adoraret,la,adoro,suggested,1,
adoraretur,la,adoro,suggested,1,
adorari,la,adoro,suggested,1,
adorarunt,la,adoro,suggested,1,
adoratio,la,adoratio,suggested,1,
adoratione,la,adoratio,suggested,1,
adoratores,la,adorator,suggested,1,
adoratur,la,adoro,suggested,1,
adorentur,la,adoro,suggested,1,
adoriri,la,adorior,suggested,1,
adoritur,la,adorior,suggested,1,
adornandis,la,adorno,suggested,1,
adornata,la,adorno,suggested,1,
adornato,la,adorno,suggested,1,
adprecandum,la,adprecor,suggested,1,
adpropinquantibus,la,adpropinquo,suggested,1,
adriaticum,la,adriaticus,suggested,1,
adsciscere,la,adscisco,suggested,1,
adsciscerent,la,adscisco,suggested,1,
adscivit,la,adscio,suggested,1,
adscripti,la,ascribo,suggested,1,
adscriptos,la,adscribo,suggested,1,
adsident,la,adsideo,suggested,1,
adsignaturum,la,adsigno,suggested,1,
adsignavimus,la,adsigno,suggested,1,
adspectum,la,adspectus,suggested,1,
adstabant,la,asto,suggested,1,
adstantes,la,adsto,suggested,1,
adstantibus,la,asto,suggested,1,
adstatum,la,Adstatus,suggested,1,
adstringerem,la,adstringo,suggested,1,
adtrahere,la,adtraho,suggested,1,
aduc,la,aduc,suggested,1,
adueniet,la,aduenio,suggested,1,
aduentus,la,aduentus,suggested,1,
aduersarii,la,aduersarius,suggested,1,
aduersarius,la,aduersarius,suggested,1,
aduersatur,la,aduersor,suggested,1,
aduersus,la,aduersus,suggested,1,
aduertendum,la,aduerto,suggested,1,
aduertere,la,aduerto,suggested,1,
adulabantur,la,adulor,suggested,1,
adulatione,la,adulatio,suggested,1,
adultera,la,adulter,suggested,1,
adultis,la,adolesco,suggested,1,
adumbratum,la,adumbro,suggested,1,
aduocati,la,aduoco,suggested,1,
adv,la,adv,suggested,1,
advectas,la,adveho,suggested,1,
advehebantur,la,advehor,suggested,1,
advenarum,la,advena,suggested,1,
advener,la,advener,suggested,1,
advenere,la,advenio,suggested,1,
adveniat,la,advenio,suggested,1,
adveniente,la,advenio,suggested,1,
advenienti,la,advenio,suggested,1,
advenimus,la,advenio,suggested,1,
advenire,la,advenio,suggested,1,
adveniret,la,advenio,suggested,1,
advenisset,la,advenio,suggested,1,
adventare,la,advento,suggested,1,
adventuras,la,adventura,suggested,1,
adventus,la,adventus,suggested,1,
adversabantur,la,adversor,suggested,1,
adversari,la,adversarius,suggested,1,
adversariis,la,adversarius,suggested,1,
adversarijs,la,adversarijs,suggested,1,
adversario,la,adversarius,suggested,1,
adversarios,la,adversarius,suggested,1,
adversarius,la,adversarius,suggested,1,
adversas,la,adversus,suggested,1,
adversentur,la,adversor,suggested,1,
adversetur,la,adverso,suggested,1,
adversis,la,adverto,suggested,1,
adversitates,la,adversitas,suggested,1,
adversitatibus,la,adversitas,suggested,1,
advertisset,la,adverto,suggested,1,
adverto,la,adverto,suggested,1,
advigilarent,la,advigilo,suggested,1,
advocant,la,advoco,suggested,1,
advocare,la,advoco,suggested,1,
advocatur,la,advoco,suggested,1,
advolant,la,advolo,suggested,1,
advolaret,la,advolo,suggested,1,
advolarint,la,advolo,suggested,1,
advolaturas,la,advolatura,suggested,1,
aedificabant,la,aedifico,suggested,1,
aedificandi,la,aedifico,suggested,1,
aedificantur,la,aedifico,suggested,1,
aedificarent,la,aedifico,suggested,1,
aedificari,la,aedifico,suggested,1,
aedificata,la,aedifico,suggested,1,
aedificatae,la,aedifico,suggested,1,
aedificatarum,la,aedifico,suggested,1,
aedificatione,la,aedificatio,suggested,1,
aedificationi,la,aedificatio,suggested,1,
aedificatoribus,la,aedificator,suggested,1,
aedificatum,la,aedifico,suggested,1,
aedificaverit,la,aedifico,suggested,1,
aedificent,la,aedifico,suggested,1,
aedificiorum,la,aedificium,suggested,1,
aeditimi,la,aeditimus,suggested,1,
aedium,la,aedes,suggested,1,
aegidius,la,Aegidius,suggested,1,
aegritudine,la,aegritudo,suggested,1,
aegritudinem,la,aegritudo,suggested,1,
aegritudines,la,aegritudo,suggested,1,
aegritudo,la,aegritudo,suggested,1,
aegrotant,la,aegroto,suggested,1,
aegrotare,la,aegroto,suggested,1,
aegrotis,la,aegrotus,suggested,1,
aegrotos,la,aegrotus,suggested,1,
aegrotum,la,aegrotus,suggested,1,
aegyptii,la,Aegyptius,suggested,1,
aegyptium,la,Aegyptius,suggested,1,
aegyptius,la,aegyptius,suggested,1,
aegypto,la,Aegyptus,suggested,1,
aegyptum,la,Aegyptus,suggested,1,
aegyptus,la,aegyptus,suggested,1,
aemulationi,la,aemulatio,suggested,1,
aemulis,la,aemula,suggested,1,
aemulo,la,aemulus,suggested,1,
aemulum,la,aemulum,suggested,1,
aequabant,la,aequo,suggested,1,
aequale,la,aequalis,suggested,1,
aequalem,la,aequalis,suggested,1,
aequalitatem,la,aequalitas,suggested,1,
aequalitatis,la,aequalitas,suggested,1,
aequaliter,la,aequaliter,suggested,1,
aequanda,la,aequo,suggested,1,
aequaret,la,aequo,suggested,1,
aequasset,la,aequo,suggested,1,
aequata,la,aequo,suggested,1,
aequatas,la,aequo,suggested,1,
aequato,la,aequo,suggested,1,
aequiore,la,aequus,suggested,1,
aequiparari,la,aequiparo,suggested,1,
aequissimam,la,aequus,suggested,1,
aequissimo,la,aequus,suggested,1,
aequissimus,la,aequus,suggested,1,
aequitasque,la,aequitas,suggested,1,
aequius,la,aequus,suggested,1,
aeramento,la,aeramentum,suggested,1,
aeramentum,la,aeramentum,suggested,1,
aeris,la,aer,suggested,1,
aëris,la,aëer,suggested,1,
aerumna,la,aerumna,suggested,1,
aerumnae,la,aerumna,suggested,1,
aerumnarum,la,aerumna,suggested,1,
aerumnijs,la,aerumnia,suggested,1,
aerumnosa,la,aerumnosus,suggested,1,
aerumnoso,la,aerumnosus,suggested,1,
aesculapius,la,aesculapis,suggested,1,
aestas,la,aestas,suggested,1,
aestatis,la,aestas,suggested,1,
aestimabantur,la,aestimo,suggested,1,
aestimanda,la,aestimo,suggested,1,
aestimat,la,aestimo,suggested,1,
aestimata,la,aestimo,suggested,1,
aestimatam,la,aestimo,suggested,1,
aestimatio,la,aestimatio,suggested,1,
aestimationem,la,aestimatio,suggested,1,
aestimatum,la,aestimo,suggested,1,
aestuantes,la,aestuo,suggested,1,
aestuare,la,aestuo,suggested,1,
aetatem,la,aetas,suggested,1,
aeternamque,la,aeternam,suggested,1,
aeterni,la,aeternus,suggested,1,
aeterniis,la,aeternius,suggested,1,
aeternorum,la,aeternus,suggested,1,
aethiopiae,la,Aethiopiaus,suggested,1,
aethiopum,la,aethiopus,suggested,1,
aetna,la,Aetna,suggested,1,
aetolia,la,Aetolia,suggested,1,
aeviternum,la,aeviternus,suggested,1,
aferetur,la,afeo,suggested,1,
affantur,la,affo,suggested,1,
affatur,la,affo,suggested,1,
affecerat,la,afficio,suggested,1,
affecerit,la,afficio,suggested,1,
affect,la,affeo,suggested,1,
affectos,la,afficio,suggested,1,
affecturos,la,afficio,suggested,1,
afferebantur,la,affero,suggested,1,
afferentibus,la,affero,suggested,1,
affererent,la,affero,suggested,1,
afferrem,la,affero,suggested,1,
afferret,la,affero,suggested,1,
affert,la,affero,suggested,1,
affertor,la,affertor,suggested,1,
afficeremur,la,afficio,suggested,1,
afficeret,la,afficio,suggested,1,
afficeretur,la,afficio,suggested,1,
afficiant,la,afficio,suggested,1,
afficiat,la,afficio,suggested,1,
afficiebantur,la,afficio,suggested,1,
afficiebat,la,afficio,suggested,1,
afficientes,la,afficio,suggested,1,
afficiet,la,afficio,suggested,1,
afficit,la,afficio,suggested,1,
afficiunt,la,afficio,suggested,1,
affigere,la,affigo,suggested,1,
affingunt,la,affingo,suggested,1,
affinitatem,la,affinitas,suggested,1,
affirmans,la,affirmo,suggested,1,
affirmantibus,la,affirmo,suggested,1,
affirmarent,la,affirmo,suggested,1,
affirmatis,la,affirmo,suggested,1,
affirmauit,la,affirmo,suggested,1,
affirmavit,la,affirmo,suggested,1,
affixa,la,affigo,suggested,1,
affixis,la,affigo,suggested,1,
afflictam,la,afflicgo,suggested,1,
afflictati,la,afflicto,suggested,1,
afflictationibusque,la,afflictationibusqua,suggested,1,
afflicti,la,affligo,suggested,1,
afflictionem,la,afflictio,suggested,1,
afflictioni,la,afflictio,suggested,1,
afflictionibus,la,afflictio,suggested,1,
affligant,la,affligo,suggested,1,
affligeremur,la,affligio,suggested,1,
affligit,la,affligo,suggested,1,
afflixit,la,affligo,suggested,1,
affluentem,la,affluo,suggested,1,
affluentes,la,affluo,suggested,1,
affluentia,la,affluentia,suggested,1,
affluere,la,affluo,suggested,1,
affuisse,la,afsum,suggested,1,
affulgeat,la,affulgeo,suggested,1,
affulget,la,affulgo,suggested,1,
affulserit,la,affuldo,suggested,1,
afirmat,la,afirmo,suggested,1,
afonodangii,la,Afonodangius,suggested,1,
africâ,la,africâ,suggested,1,
africanus,la,africanus,suggested,1,
agam,la,ago,suggested,1,
agamus,la,ago,suggested,1,
agant,la,ago,suggested,1,
agarenis,la,agarena,suggested,1,
agatha,la,Agatha,suggested,1,
agatur,la,ago,suggested,1,
agend,la,ago,suggested,1,
agendas,la,ago,suggested,1,
agendis,la,ago,suggested,1,
agendo,la,ago,suggested,1,
agente,la,ago,suggested,1,
agentes,la,ago,suggested,1,
agenti,la,agens,suggested,1,
agentibus,la,ago,suggested,1,
aget,la,ago,suggested,1,
aggerem,la,agger,suggested,1,
aggeribus,la,agger,suggested,1,
aggeris,la,agger,suggested,1,
aggravantur,la,aggravo,suggested,1,
aggrediatur,la,aggredior,suggested,1,
aggredior,la,aggredior,suggested,1,
aggreditur,la,aggredior,suggested,1,
aggregabantur,la,aggrego,suggested,1,
aggregarant,la,aggrego,suggested,1,
aggregarunt,la,aggrego,suggested,1,
aggregata,la,aggrego,suggested,1,
aggressi,la,aggredior,suggested,1,
aggressum,la,aggressus,suggested,1,
aggressuri,la,aggressur,suggested,1,
agilis,la,agilis,suggested,1,
agilitate,la,agilitas,suggested,1,
agilitatem,la,agilitas,suggested,1,
agimus,la,ago,suggested,1,
agitantes,la,agito,suggested,1,
agitati,la,agito,suggested,1,
agitatione,la,agitatio,suggested,1,
agitatores,la,agitator,suggested,1,
agminibus,la,agmen,suggested,1,
agni,la,agnus,suggested,1,
agnis,la,agnus,suggested,1,
agnitam,la,agnio,suggested,1,
agnitione,la,agnitio,suggested,1,
agnitum,la,agnitus,suggested,1,
agnomen,la,agnomen,suggested,1,
agnorum,la,agnus,suggested,1,
agnos,la,agnus,suggested,1,
agnoscas,la,agnosco,suggested,1,
agnoscat,la,agnosco,suggested,1,
agnoscatur,la,agnosco,suggested,1,
agnoscebatur,la,agnosco,suggested,1,
agnoscens,la,agnosco,suggested,1,
agnosceremus,la,agnosco,suggested,1,
agnosceret,la,agnosco,suggested,1,
agnoscimus,la,agnosco,suggested,1,
agnoscunt,la,agnosco,suggested,1,
agostino,es,Agostino,suggested,1,
agricolae,la,agricola,suggested,1,
agricolarum,la,agricola,suggested,1,
agriculturae,la,agricultura,suggested,1,
agrippa,la,Agrippa,suggested,1,
agris,la,ager,suggested,1,
agros,la,ager,suggested,1,
agrum,la,ager,suggested,1,
agunt,la,ago,suggested,1,
agustinus,la,agustinus,suggested,1,
ah,la,ah,suggested,1,
aiebant,la,aio,suggested,1,
ainomo,la,ainomus,suggested,1,
aiquid,la,aiquis,suggested,1,
ais,la,aio,suggested,1,
aït,la,aïo,suggested,1,
ajudão,pt,ajudar,suggested,1,
alacrem,la,alacer,suggested,1,
alacres,la,alacer,suggested,1,
alacriores,la,alacer,suggested,1,
alacritasque,la,alacritas,suggested,1,
alacrius,la,alacriter,suggested,1,
alamannus,la,alamannus,suggested,1,
alani,la,alanus,suggested,1,
alanos,la,alanus,suggested,1,
alapam,la,alapa,suggested,1,
alapha,la,alapha,suggested,1,
alatur,la,alo,suggested,1,
albis,la,albus,suggested,1,
albo,la,albus,suggested,1,
album,la,albus,suggested,1,
albus,la,albus,suggested,1,
alcorano,la,alcoranus,suggested,1,
alcuius,la,alquis,suggested,1,
aleam,la,alea,suggested,1,
alendae,la,alo,suggested,1,
alentes,la,alo,suggested,1,
aletio,la,Aletius,suggested,1,
alex,la,alex,suggested,1,
alexandro,pt,Alexandro,suggested,1,
alexandrum,la,alexander,suggested,1,
alfonsus,la,alfonsus,suggested,1,
alga,la,alga,suggested,1,
algere,la,alger,suggested,1,
alguno,es,alguno,suggested,1,
alguns,pt,algum,suggested,1,
aliarumque,la,aliarumquus,suggested,1,
aliasq,la,aliasq,suggested,1,
aliasque,la,aliasque,suggested,1,
aliave,la,aliavus,suggested,1,
aliàve,la,aliàve,suggested,1,
alicam,la,alica,suggested,1,
alicubi,la,alicubi,suggested,1,
alie,la,alius,suggested,1,
alienas,la,alienus,suggested,1,
alienati,la,alieno,suggested,1,
alienavit,la,alieno,suggested,1,
alieni,la,alienus,suggested,1,
alienos,la,alienus,suggested,1,
aligari,la,aligo,suggested,1,
aliisq,la,aliius,suggested,1,
alijsque,la,alijsque,suggested,1,
alimentis,la,alimentum,suggested,1,
alioq,la,alius,suggested,1,
alioquim,la,alioqui,suggested,1,
aliove,la,aliovus,suggested,1,
aliquamdiu,la,aliquamdiu,suggested,1,
aliquandiu,la,aliquamdiu,suggested,1,
aliquanta,la,aliquantus,suggested,1,
aliquantam,la,aliquantus,suggested,1,
aliquantisper,la,aliquantisper,suggested,1,
aliquȩ,la,aliquis,suggested,1,
aliquorum,la,aliquis,suggested,1,
aliquousque,la,aliquousque,suggested,1,
alithinam,la,alithina,suggested,1,
alituros,la,aleo,suggested,1,
allata,la,affero,suggested,1,
allatae,la,allo,suggested,1,
allatam,la,allo,suggested,1,
allatis,la,allo,suggested,1,
allaturam,la,allatura,suggested,1,
allaturas,la,allatura,suggested,1,
allaturus,la,allo,suggested,1,
allatus,la,allo,suggested,1,
allegaret,la,allego,suggested,1,
allegari,la,allego,suggested,1,
allicerentur,la,alliceo,suggested,1,
allicitur,la,allicio,suggested,1,
alligabat,la,alligo,suggested,1,
alligati,la,alligo,suggested,1,
allocutione,la,allocutio,suggested,1,
alloquendi,la,alloquor,suggested,1,
alloquitur,la,alloquor,suggested,1,
alluit,la,alluo,suggested,1,
alluitur,la,alluo,suggested,1,
almam,la,almus,suggested,1,
alphabeticus,la,alphabeticus,suggested,1,
altare,la,altare,suggested,1,
altaria,la,altarium,suggested,1,
altaris,la,altare,suggested,1,
altarium,la,altarium,suggested,1,
alteras,la,alter,suggested,1,
altercatio,la,altercatio,suggested,1,
alteris,la,alter,suggested,1,
alterumve,la,alterumve,suggested,1,
alterutram,la,alteruter,suggested,1,
altissima,la,altus,suggested,1,
altissimum,la,altus,suggested,1,
altos,la,altus,suggested,1,
alumnis,la,alumna,suggested,1,
alumnorun,la,alumnus,suggested,1,
alun,la,alun,suggested,1,
álvarez,la,álvaris,suggested,1,
alvari,la,aluo,suggested,1,
alvaro,la,Alvarus,suggested,1,
alvarum,la,alvus,suggested,1,
amabantur,la,amo,suggested,1,
amacacesi,la,amacacesus,suggested,1,
amacaum,la,amacaus,suggested,1,
amacusadonum,la,amacusadonus,suggested,1,
amacusaensi,la,amacusaensus,suggested,1,
amacusano,la,amacusanus,suggested,1,
amacusensis,la,amacusensis,suggested,1,
amaguti,la,amagutus,suggested,1,
amahan,la,amahan,suggested,1,
amandando,la,amando,suggested,1,
amandaret,la,amando,suggested,1,
amandavimus,la,amando,suggested,1,
amandavit,la,amando,suggested,1,
amangutio,la,amangutio,suggested,1,
amanter,la,amanter,suggested,1,
amantibus,la,amo,suggested,1,
amantissima,la,amans,suggested,1,
amarentur,la,amo,suggested,1,
amaret,la,amo,suggested,1,
amari,la,amo,suggested,1,
amariores,la,amarior,suggested,1,
amaritudo,la,amaritudo,suggested,1,
amas,la,amo,suggested,1,
amat,la,amo,suggested,1,
amavang,la,amavai,suggested,1,
amavango,la,amavangus,suggested,1,
amavangum,la,Amavangus,suggested,1,
amazon,la,amazon,suggested,1,
amazonem,la,Amazo,suggested,1,
ambabusq,la,ambabusqs,suggested,1,
ambages,la,ambages,suggested,1,
ambigeret,la,ambigo,suggested,1,
ambit,la,ambio,suggested,1,
ambitio,la,ambitio,suggested,1,
ambitiosa,la,ambitiosus,suggested,1,
ambitu,la,ambitus,suggested,1,
ambitum,la,ambitus,suggested,1,
ambitus,la,ambitus,suggested,1,
amboino,la,amboinus,suggested,1,
amborum,la,ambo,suggested,1,
ambos,la,ambus,suggested,1,
ambulabunt,la,ambulo,suggested,1,
ambulantem,la,ambulo,suggested,1,
amens,la,amens,suggested,1,
ament,la,amo,suggested,1,
amentur,la,amo,suggested,1,
americae,la,americus,suggested,1,
amic,la,amic,suggested,1,
amicisque,la,amicisque,suggested,1,
amicissimi,la,amicus,suggested,1,
amicissimus,la,amicus,suggested,1,
amicitiâ,la,amicitiâ,suggested,1,
amicitiae,la,amicitia,suggested,1,
amicorum,la,amicus,suggested,1,
amidae,la,amides,suggested,1,
amiori,la,amior,suggested,1,
amiseramus,la,amisetto,suggested,1,
amiserat,la,amitto,suggested,1,
amiserimus,la,amitto,suggested,1,
amisisset,la,amitto,suggested,1,
amisit,la,amitto,suggested,1,
amissa,la,amitto,suggested,1,
amissionis,la,amissio,suggested,1,
amisso,la,amitto,suggested,1,
amissorum,la,amitto,suggested,1,
amittat,la,amitto,suggested,1,
amittenda,la,amitto,suggested,1,
ammirabiles,la,ammirabilis,suggested,1,
ammonitiones,la,ammonitio,suggested,1,
amoenae,la,amoenus,suggested,1,
amoenissimam,la,amoenus,suggested,1,
amoenus,la,amoenus,suggested,1,
amoreq,la,amor,suggested,1,
amori,la,amor,suggested,1,
amorisque,la,amorisque,suggested,1,
amoveam,la,amoveo,suggested,1,
amoveant,la,amoueo,suggested,1,
amovere,la,amoveo,suggested,1,
amoveret,la,amoveo,suggested,1,
amphitheatri,la,amphitheatrum,suggested,1,
amplam,la,amplus,suggested,1,
amplas,la,amplus,suggested,1,
amplectebantur,la,amplecto,suggested,1,
amplectebatur,la,amplector,suggested,1,
amplectendas,la,amplecto,suggested,1,
amplectentibus,la,amplecto,suggested,1,
amplectentur,la,amplecto,suggested,1,
amplectuntur,la,amplector,suggested,1,
amplexantes,la,amplexo,suggested,1,
amplexus,la,amplexus,suggested,1,
amplexux,la,amplexux,suggested,1,
ampliavit,la,amplio,suggested,1,
amplior,la,amplus,suggested,1,
ampliores,la,amplus,suggested,1,
ampliori,la,amplus,suggested,1,
amplioris,la,amplus,suggested,1,
amplissimae,la,amplus,suggested,1,
amplissimam,la,amplus,suggested,1,
amplissimas,la,amplus,suggested,1,
amplissime,la,ample,suggested,1,
amplissimis,la,amplus,suggested,1,
amploque,la,amploque,suggested,1,
amputandum,la,amputo,suggested,1,
amputato,la,amputo,suggested,1,
amyda,la,amyda,suggested,1,
ancillis,la,ancilla,suggested,1,
ancipitique,la,ancipitique,suggested,1,
ancocugo,la,ancocugus,suggested,1,
ancocugum,la,ancocugus,suggested,1,
ancroi,la,ancrous,suggested,1,
ancta,la,ango,suggested,1,
anctae,la,ango,suggested,1,
ancti,la,anctus,suggested,1,
ancyra,la,ancyra,suggested,1,
andrea,la,Andreas,suggested,1,
andreae,la,andreus,suggested,1,
andrés,la,andrés,suggested,1,
andriam,la,andrius,suggested,1,
andrutius,la,andrutius,suggested,1,
angebat,la,ango,suggested,1,
angelica,la,angelicus,suggested,1,
angelicam,la,angelicus,suggested,1,
angelisque,la,angelisque,suggested,1,
angelo,la,angelus,suggested,1,
angelos,la,angelus,suggested,1,
angitur,la,ango,suggested,1,
angliam,la,anglia,suggested,1,
anglicana,la,anglicanus,suggested,1,
anglicanam,la,anglicanus,suggested,1,
angor,la,ango,suggested,1,
angore,la,angor,suggested,1,
angoribus,la,angor,suggested,1,
angustum,la,angustus,suggested,1,
angustus,la,angustus,suggested,1,
anhelarent,la,anhelo,suggested,1,
anhelat,la,anhelo,suggested,1,
anian,la,Anianus,suggested,1,
animabus,la,anima,suggested,1,
animadversum,la,animadverto,suggested,1,
animadversus,la,animadverto,suggested,1,
animadvertas,la,animadverto,suggested,1,
animadverteremus,la,animadverto,suggested,1,
animadverterent,la,animadverto,suggested,1,
animadvertetur,la,animadverto,suggested,1,
animadvertunt,la,animadverto,suggested,1,
animal,la,animal,suggested,1,
animandas,la,animo,suggested,1,
animaram,la,animara,suggested,1,
anime,la,anima,suggested,1,
animȩ,la,animȩ,suggested,1,
animor,la,animor,suggested,1,
animose,la,animose,suggested,1,
animosi,la,animosus,suggested,1,
animulas,la,animula,suggested,1,
animumque,la,animumque,suggested,1,
animuus,la,animuus,suggested,1,
anmidesiderio,la,anmidesiderium,suggested,1,
ann,la,ann,suggested,1,
annalibus,la,annalis,suggested,1,
annamica,la,annamicus,suggested,1,
annexarum,la,annexa,suggested,1,
annexas,la,annecto,suggested,1,
annexo,la,annecto,suggested,1,
annexu,la,annexus,suggested,1,
anniversarium,la,anniversarius,suggested,1,
anno,pt,anno,suggested,1,
annonae,la,annona,suggested,1,
annos,es,anno,suggested,1,
annu,la,annus,suggested,1,
annuaeque,la,unusquisue,suggested,1,
annual,es,annual,suggested,1,
annuales,la,annualis,suggested,1,
annuarum,la,annuus,suggested,1,
annuente,la,adnuo,suggested,1,
annuentem,la,annuens,suggested,1,
annuentibus,la,annuentus,suggested,1,
annuere,la,annuo,suggested,1,
annuisse,la,annuo,suggested,1,
annulavit,la,annulo,suggested,1,
annulo,la,annulus,suggested,1,
annunciandi,la,annuncio,suggested,1,
annuntiabant,la,annuntio,suggested,1,
annuntiant,la,adnuntio,suggested,1,
annuo,la,annuus,suggested,1,
annux,la,annux,suggested,1,
años,es,año,suggested,1,
anstituit,la,anstituo,suggested,1,
antae,la,antus,suggested,1,
antam,la,anta,suggested,1,
antè,la,antè,suggested,1,
anteactę,la,anteigo,suggested,1,
antecedenter,la,antecedenter,suggested,1,
antecedit,la,antecedo,suggested,1,
antecellere,la,antecello,suggested,1,
antecellunt,la,antecello,suggested,1,
antefactis,la,antefacio,suggested,1,
antegressa,la,antegredior,suggested,1,
antem,la,antem,suggested,1,
anteriora,la,anterior,suggested,1,
anterius,la,anterior,suggested,1,
antes,es,antes,suggested,1,
antesignanis,la,antesignanus,suggested,1,
antesignano,la,antesignanus,suggested,1,
antiano,la,Antianum,suggested,1,
antianorum,la,antianus,suggested,1,
antidota,la,Antidota,suggested,1,
antidotum,la,antidotus,suggested,1,
antiochia,la,Antiochea,suggested,1,
antiochiam,la,Antiochea,suggested,1,
antiphonario,la,antiphonarium,suggested,1,
antipoli,la,Antipulus,suggested,1,
antiquissima,la,antiquus,suggested,1,
antiquissimorum,la,antiquus,suggested,1,
antiquos,la,antiquus,suggested,1,
antistes,la,antistes,suggested,1,
antistite,la,antistites,suggested,1,
antoninum,la,antoninus,suggested,1,
antr,la,antr,suggested,1,
anuli,la,anulus,suggested,1,
anullaverunt,la,anullo,suggested,1,
anunciabat,la,anuncio,suggested,1,
anxio,la,anxius,suggested,1,
anxium,la,anxius,suggested,1,
apeccati,la,apeccatum,suggested,1,
apellant,la,apello,suggested,1,
apellatio,la,apellatio,suggested,1,
apellationem,la,apellatio,suggested,1,
apellationis,la,apellatio,suggested,1,
apellavisse,la,apello,suggested,1,
aperias,la,aperio,suggested,1,
aperiebat,la,aperio,suggested,1,
aperienda,la,aperio,suggested,1,
aperiendae,la,aperio,suggested,1,
aperiendi,la,aperio,suggested,1,
aperiendum,la,aperio,suggested,1,
aperiendumque,la,aperiendumque,suggested,1,
aperient,la,aperio,suggested,1,
aperientibus,la,aperio,suggested,1,
aperiunt,la,aperio,suggested,1,
apertado,pt,apertar,suggested,1,
apertissime,la,aperte,suggested,1,
apertos,la,aperio,suggested,1,
apertumque,la,apertumque,suggested,1,
aperuere,la,apereo,suggested,1,
aperuisset,la,aperio,suggested,1,
apices,la,apix,suggested,1,
apollinem,la,Apollo,suggested,1,
apollinis,la,Apollo,suggested,1,
apollonii,la,apollonius,suggested,1,
apollonius,la,apollonius,suggested,1,
apologijs,la,apologe,suggested,1,
apostasia,la,apostasia,suggested,1,
apostasiae,la,apostasia,suggested,1,
apostasiam,la,apostasia,suggested,1,
apostatae,la,aposto,suggested,1,
apostolis,la,apostolus,suggested,1,
apostolum,la,apostolus,suggested,1,
apparatu,la,apparatus,suggested,1,
apparebat,la,appareo,suggested,1,
apparebit,la,appareo,suggested,1,
apparere,la,appareo,suggested,1,
appareret,la,appareo,suggested,1,
apparuerit,la,appareo,suggested,1,
appel,la,appel,suggested,1,
appellabatur,la,appello,suggested,1,
appellanda,la,appello,suggested,1,
appellare,la,appello,suggested,1,
appellarent,la,appello,suggested,1,
appellari,la,appello,suggested,1,
appellarunt,la,appello,suggested,1,
appellata,la,appello,suggested,1,
appellati,la,appello,suggested,1,
appellatione,la,appellatio,suggested,1,
appellationi,la,appellatio,suggested,1,
appellationis,la,appellatio,suggested,1,
appellatis,la,appello,suggested,1,
appellatus,la,appello,suggested,1,
appellavit,la,appello,suggested,1,
appellendi,la,appello,suggested,1,
appellit,la,appello,suggested,1,
appello,la,appello,suggested,1,
appendicem,la,appendico,suggested,1,
appetamus,la,appeto,suggested,1,
appetat,la,appeto,suggested,1,
appetere,la,appeto,suggested,1,
appetierat,la,appeto,suggested,1,
appetiisse,la,appetio,suggested,1,
appetitione,la,appetitio,suggested,1,
appetitiones,la,appetitio,suggested,1,
appetitionibus,la,appetitio,suggested,1,
appingimus,la,appingo,suggested,1,
applaudentibus,la,applaudo,suggested,1,
applicandis,la,applico,suggested,1,
applicatae,la,applico,suggested,1,
applicatus,la,applico,suggested,1,
applicaverunt,la,applico,suggested,1,
applicavit,la,applico,suggested,1,
applicet,la,applico,suggested,1,
applicui,la,appliceo,suggested,1,
apponam,la,appona,suggested,1,
appono,la,appono,suggested,1,
apposita,la,appono,suggested,1,
apposite,la,appono,suggested,1,
appostolicȩ,la,appostolus,suggested,1,
apposuerunt,la,appono,suggested,1,
apprime,la,apprime,suggested,1,
apprimè,la,apprimè,suggested,1,
approbandam,la,approbo,suggested,1,
approbas,la,approbo,suggested,1,
approbatos,la,approbo,suggested,1,
appropinquassent,la,appropinquo,suggested,1,
appulerant,la,appello,suggested,1,
appuleron,la,appuo,suggested,1,
appulissemus,la,appulisso,suggested,1,
appulsus,la,appello,suggested,1,
apricum,la,apricus,suggested,1,
aprili,la,Aprilus,suggested,1,
apta,la,aptus,suggested,1,
aptam,la,aptus,suggested,1,
aptasset,la,apto,suggested,1,
aptatis,la,apto,suggested,1,
aptiores,la,aptus,suggested,1,
aptiori,la,aptus,suggested,1,
aptissimae,la,aptus,suggested,1,
aptissimum,la,aptus,suggested,1,
aptius,la,apte,suggested,1,
aquavivae,la,aquaviva,suggested,1,
aquileia,la,Aquileia,suggested,1,
aquilensis,la,aquilensis,suggested,1,
aquilonarium,la,aquilonarius,suggested,1,
arabiam,la,Arabia,suggested,1,
aram,la,ara,suggested,1,
aras,la,ara,suggested,1,
aratro,la,aratrum,suggested,1,
arbitrarentur,la,arbitror,suggested,1,
arbitret,la,arbitro,suggested,1,
arbitrium,la,arbitrium,suggested,1,
arbor,la,arbor,suggested,1,
arbore,la,arbor,suggested,1,
arborum,la,arbor,suggested,1,
arca,la,arca,suggested,1,
arcana,la,arcanus,suggested,1,
arcanis,la,arcanum,suggested,1,
arcano,la,arcanum,suggested,1,
arceamini,la,arceo,suggested,1,
arcerent,la,arceo,suggested,1,
arcerentur,la,arceo,suggested,1,
arceret,la,arceo,suggested,1,
arceretur,la,arceo,suggested,1,
archiepiscopi,la,archiepiscopus,suggested,1,
archiepiscopum,la,archiepiscopus,suggested,1,
architecti,la,architectus,suggested,1,
architecto,la,architectus,suggested,1,
architectura,la,architectura,suggested,1,
archivio,la,Archivius,suggested,1,
arcta,la,argo,suggested,1,
arctâ,la,arctâ,suggested,1,
arctare,la,arcto,suggested,1,
arcticum,la,arcticus,suggested,1,
arctissima,la,arctus,suggested,1,
arctissimam,la,arctus,suggested,1,
arcto,la,argo,suggested,1,
arcubus,la,arcus,suggested,1,
arcum,la,arcus,suggested,1,
ardenter,la,ardenter,suggested,1,
ardentia,la,ardentia,suggested,1,
ardentissimus,la,ardens,suggested,1,
ardere,la,ardeo,suggested,1,
ardet,la,ardeo,suggested,1,
ardores,la,ardor,suggested,1,
ardoris,la,ardor,suggested,1,
areaeque,la,areaeque,suggested,1,
arelatum,la,arefero,suggested,1,
arenam,la,arena,suggested,1,
argenta,la,argentum,suggested,1,
argentariorum,la,argentarius,suggested,1,
argentoque,la,argentoque,suggested,1,
argilla,la,argilla,suggested,1,
argolicensis,la,argolicensis,suggested,1,
argolisense,la,Argolisensis,suggested,1,
argolisensis,la,argolisensis,suggested,1,
arguant,la,arguo,suggested,1,
arguebat,la,arguo,suggested,1,
argueret,la,arguo,suggested,1,
argui,la,arguo,suggested,1,
arguimus,la,arguo,suggested,1,
arguit,la,arguo,suggested,1,
arguitionem,la,arguitio,suggested,1,
argumentationi,la,argumentatio,suggested,1,
argumentum,la,argumentum,suggested,1,
argutiores,la,argutus,suggested,1,
ari,la,ar,suggested,1,
ariditate,la,ariditas,suggested,1,
ariensem,la,arienses,suggested,1,
ariensi,la,ariensis,suggested,1,
ariensis,la,ariensis,suggested,1,
arimae,la,arima,suggested,1,
arimandono,la,Arimandonus,suggested,1,
arimandonus,la,arimandonus,suggested,1,
arimani,la,arimanus,suggested,1,
arimensem,la,Arimensis,suggested,1,
arimensibus,la,arimensus,suggested,1,
arimondonum,la,arimondonus,suggested,1,
ariolationes,la,ariolatio,suggested,1,
ariolis,la,ariolus,suggested,1,
aristobuli,la,Aristobulus,suggested,1,
ariye,la,ariy,suggested,1,
armarunt,la,armo,suggested,1,
armatis,la,armatus,suggested,1,
armatum,la,armo,suggested,1,
armena,la,armenus,suggested,1,
armeni,la,armenus,suggested,1,
armenia,la,armenis,suggested,1,
armenie,la,armenis,suggested,1,
armenis,la,armenus,suggested,1,
armugam,la,armuga,suggested,1,
arnoldus,la,arnoldus,suggested,1,
aromata,la,aroma,suggested,1,
arrepta,la,arripio,suggested,1,
arrepto,la,arripio,suggested,1,
arreptum,la,arripio,suggested,1,
arrident,la,arrideo,suggested,1,
arripere,la,arripio,suggested,1,
arripienda,la,arripio,suggested,1,
arrogantem,la,arrogo,suggested,1,
arrogantia,la,arrogantia,suggested,1,
artem,la,ars,suggested,1,
articulorum,la,articulus,suggested,1,
artificialibus,la,artificialis,suggested,1,
artificiis,la,artificium,suggested,1,
artificiosissima,la,artificiosus,suggested,1,
artificiosissimis,la,artificiosus,suggested,1,
artificiosissimo,la,artificiosus,suggested,1,
artificis,la,artifex,suggested,1,
artubus,la,artus,suggested,1,
arx,la,arx,suggested,1,
aryes,la,aryes,suggested,1,
as,la,as,suggested,1,
as,pt,o,suggested,1,
ascanius,la,ascanius,suggested,1,
ascendat,la,ascendo,suggested,1,
ascendebant,la,ascendo,suggested,1,
ascendebat,la,ascendo,suggested,1,
ascendebatur,la,ascendo,suggested,1,
ascendentem,la,ascendo,suggested,1,
ascendentis,la,ascendo,suggested,1,
ascenderant,la,ascendo,suggested,1,
ascenderent,la,ascendo,suggested,1,
ascenderet,la,ascendo,suggested,1,
ascendet,la,ascendo,suggested,1,
ascendimus,la,ascendo,suggested,1,
ascendunt,la,ascendo,suggested,1,
ascensu,la,ascensus,suggested,1,
ascensus,la,ascensus,suggested,1,
ascensuum,la,ascensus,suggested,1,
ascicamoni,la,ascicamon,suggested,1,
asciverunt,la,asco,suggested,1,
ascribendi,la,ascribo,suggested,1,
ascriberetur,la,ascribo,suggested,1,
ascribi,la,ascribo,suggested,1,
ascripserint,la,ascribo,suggested,1,
asentire,la,asentio,suggested,1,
aserta,la,aserio,suggested,1,
asiam,la,asia,suggested,1,
asignatis,la,asignatus,suggested,1,
asisio,la,Asisium,suggested,1,
asistentibus,la,asistor,suggested,1,
asonodangium,la,asonodangium,suggested,1,
asonodongiani,la,asonodongianus,suggested,1,
aspectuque,la,aspectuque,suggested,1,
aspectus,la,aspectus,suggested,1,
aspergatur,la,aspergo,suggested,1,
asperiora,la,asperior,suggested,1,
asperitates,la,asperitas,suggested,1,
aspero,la,asper,suggested,1,
asperrimos,la,asperrimus,suggested,1,
asperrimum,la,asperrimus,suggested,1,
aspi,la,aspus,suggested,1,
aspice,la,aspicio,suggested,1,
aspiciat,la,aspicio,suggested,1,
aspiciendam,la,aspicio,suggested,1,
aspiciendum,la,aspicio,suggested,1,
aspicientes,la,aspicio,suggested,1,
aspirans,la,aspiro,suggested,1,
aspirant,la,aspiro,suggested,1,
aspirantes,la,aspiro,suggested,1,
aspirarent,la,aspiro,suggested,1,
aspirat,la,aspiro,suggested,1,
aspiret,la,aspeo,suggested,1,
asseclis,la,assecla,suggested,1,
assecuti,la,assequor,suggested,1,
assensu,la,assensus,suggested,1,
assentientibus,la,assentio,suggested,1,
assentiunt,la,assentio,suggested,1,
assequatur,la,assequor,suggested,1,
assequentur,la,assequor,suggested,1,
assequetur,la,assequor,suggested,1,
assequutus,la,asseqquor,suggested,1,
asserem,la,assero,suggested,1,
asserens,la,assero,suggested,1,
asserentes,la,assero,suggested,1,
asserere,la,assero,suggested,1,
asserit,la,assero,suggested,1,
assertio,la,assertio,suggested,1,
assertiones,la,assertio,suggested,1,
assertive,la,assertive,suggested,1,
assertum,la,assertus,suggested,1,
asserum,la,asser,suggested,1,
asserunt,la,assero,suggested,1,
asservo,la,asservo,suggested,1,
asseveravit,la,assevero,suggested,1,
assiduae,la,assiduus,suggested,1,
assiduam,la,assiduus,suggested,1,
assiduis,la,assiduus,suggested,1,
assiduitate,la,assiduitas,suggested,1,
assiduo,la,assiduus,suggested,1,
assiduos,la,assiduus,suggested,1,
assiduus,la,assiduus,suggested,1,
assignabo,la,assigno,suggested,1,
assignabunt,la,assigno,suggested,1,
assignando,la,assigno,suggested,1,
assignarent,la,assigno,suggested,1,
assignari,la,assigno,suggested,1,
assignatis,la,assigno,suggested,1,
assignatos,la,assigno,suggested,1,
assignatum,la,assigno,suggested,1,
assisii,la,assisis,suggested,1,
assistentes,la,assisto,suggested,1,
assistentia,la,assistentia,suggested,1,
assisterent,la,assisto,suggested,1,
associantes,la,associo,suggested,1,
assolona,la,Assolona,suggested,1,
assuens,la,assuo,suggested,1,
assuetum,la,assuesco,suggested,1,
assueverint,la,assuesco,suggested,1,
assumat,la,assumo,suggested,1,
assumebat,la,assumo,suggested,1,
assumens,la,assumo,suggested,1,
assumpserunt,la,assumo,suggested,1,
assumpti,la,assumo,suggested,1,
assumptis,la,assumo,suggested,1,
assumpto,la,assumo,suggested,1,
assumptum,la,assumo,suggested,1,
assurgendi,la,assurgo,suggested,1,
astipulemur,la,astipulo,suggested,1,
astrictum,la,astringo,suggested,1,
astringunt,la,astringo,suggested,1,
astrologiae,la,astrologia,suggested,1,
astutia,la,astutia,suggested,1,
astutiam,la,astutia,suggested,1,
astutissimo,la,astutus,suggested,1,
atalaya,la,atalayab,suggested,1,
atamen,la,atamen,suggested,1,
ate,la,ate,suggested,1,
até,pt,até,suggested,1,
atendamus,la,ateo,suggested,1,
athanasij,la,athanasius,suggested,1,
athletas,la,athleta,suggested,1,
atqui,la,atqui,suggested,1,
atriensis,la,atriensus,suggested,1,
atroci,la,atrox,suggested,1,
atrociore,la,atrocior,suggested,1,
atrocitatem,la,atrocitas,suggested,1,
atrociter,la,atrociter,suggested,1,
atrox,la,atrox,suggested,1,
attenderent,la,attendo,suggested,1,
attentandum,la,attento,suggested,1,
attentatum,la,attento,suggested,1,
attentaverit,la,attento,suggested,1,
attentione,la,attentio,suggested,1,
attentique,la,attentique,suggested,1,
attestat,la,attesto,suggested,1,
attestatione,la,attestatio,suggested,1,
atticum,la,atticus,suggested,1,
attigerat,la,attingo,suggested,1,
attigerit,la,attingo,suggested,1,
attigi,la,attigo,suggested,1,
attigimus,la,attigo,suggested,1,
attigit,la,attingo,suggested,1,
attinent,la,attineo,suggested,1,
attinere,la,attineo,suggested,1,
attingere,la,attingo,suggested,1,
attingimus,la,attingo,suggested,1,
attingunt,la,attingo,suggested,1,
attollens,la,attollo,suggested,1,
attolli,la,attollo,suggested,1,
attonitae,la,attonitus,suggested,1,
attonitis,la,attonitus,suggested,1,
attonitos,la,attonitus,suggested,1,
attrahendo,la,attraho,suggested,1,
attrahere,la,attraho,suggested,1,
attraxerunt,la,attraho,suggested,1,
attribuendum,la,attribuo,suggested,1,
attribuere,la,attribuo,suggested,1,
attribueretur,la,attribuo,suggested,1,
attributur,la,attribuo,suggested,1,
attriverunt,la,attro,suggested,1,
attulerant,la,atfero,suggested,1,
attulerit,la,affero,suggested,1,
aucta,la,augo,suggested,1,
auctis,la,augeo,suggested,1,
auctore,la,auctor,suggested,1,
auctorem,la,auctor,suggested,1,
auctoresq,la,auctoresus,suggested,1,
auctoribus,la,auctor,suggested,1,
auctoris,la,auctor,suggested,1,
auctoritatemque,la,auctoritatemque,suggested,1,
auctorum,la,auctor,suggested,1,
auctos,la,augo,suggested,1,
aucupio,la,aucupio,suggested,1,
audacia,la,audacia,suggested,1,
audaciam,la,audacia,suggested,1,
audaciaque,la,audaciaquus,suggested,1,
audax,la,audax,suggested,1,
audebant,la,audeo,suggested,1,
audemus,la,audeo,suggested,1,
audens,la,audeo,suggested,1,
audent,la,audeo,suggested,1,
audenter,la,audenter,suggested,1,
audere,la,audeo,suggested,1,
auderet,la,audeo,suggested,1,
audiebant,la,audio,suggested,1,
audiebantur,la,audio,suggested,1,
audiebat,la,audio,suggested,1,
audiebatur,la,audio,suggested,1,
audiendae,la,audio,suggested,1,
audiendum,la,audio,suggested,1,
audiendus,la,audio,suggested,1,
audientiam,la,audientia,suggested,1,
audientiis,la,audientia,suggested,1,
audientium,la,audio,suggested,1,
audierit,la,audio,suggested,1,
audieritis,la,audio,suggested,1,
audietis,la,audio,suggested,1,
audiit,la,audio,suggested,1,
audimus,la,audio,suggested,1,
audio,la,audio,suggested,1,
audirent,la,audio,suggested,1,
audiret,la,audio,suggested,1,
audiretur,la,audio,suggested,1,
audiri,la,audio,suggested,1,
audisse,la,audio,suggested,1,
audissent,la,audio,suggested,1,
audito,la,audio,suggested,1,
auditorem,la,auditor,suggested,1,
auditoria,la,auditoria,suggested,1,
auditorum,la,audio,suggested,1,
auditu,la,auditus,suggested,1,
auditus,la,audio,suggested,1,
audiuntur,la,audio,suggested,1,
audivere,la,audio,suggested,1,
audivimus,la,audio,suggested,1,
audivisse,la,audio,suggested,1,
audivissemus,la,audivo,suggested,1,
auersi,la,auerto,suggested,1,
auersos,la,auerto,suggested,1,
auerterat,la,auerto,suggested,1,
auferat,la,aufero,suggested,1,
auferetur,la,aufero,suggested,1,
auferret,la,aufero,suggested,1,
auffertur,la,auffero,suggested,1,
aufugerent,la,aufugio,suggested,1,
aufugiens,la,aufugio,suggested,1,
aufugientes,la,aufugio,suggested,1,
augeatur,la,augeo,suggested,1,
augebamus,la,augeo,suggested,1,
augebatur,la,augeo,suggested,1,
augendum,la,augeo,suggested,1,
augeri,la,augeo,suggested,1,
augesceret,la,augesco,suggested,1,
augmentetur,la,augmento,suggested,1,
augumentare,la,augumento,suggested,1,
auguria,la,auguria,suggested,1,
augustinianos,la,Augustiniani,suggested,1,
augustinos,la,augustinus,suggested,1,
auidis,la,auidus,suggested,1,
auidos,la,auidus,suggested,1,
aulâ,la,aulâ,suggested,1,
aulaeque,la,aulae,suggested,1,
aulas,la,aula,suggested,1,
aulicos,la,aulicus,suggested,1,
aulicum,la,aulicus,suggested,1,
auocauit,la,auoco,suggested,1,
aurae,la,aura,suggested,1,
aure,la,auris,suggested,1,
auream,la,aureus,suggested,1,
aurem,la,auris,suggested,1,
aureo,la,aureus,suggested,1,
aureum,la,aureus,suggested,1,
auribus,la,auris,suggested,1,
auriga,la,auriga,suggested,1,
auritus,la,auritus,suggested,1,
aurum,la,aurum,suggested,1,
auspiciis,la,auspicium,suggested,1,
austeritatis,la,austeritas,suggested,1,
australiori,la,australis,suggested,1,
austriacum,la,Austriacus,suggested,1,
austriacus,la,austriacus,suggested,1,
austro,la,auster,suggested,1,
ausurus,la,audeo,suggested,1,
autenticatis,la,autentico,suggested,1,
autentici,la,autenticum,suggested,1,
autentico,la,authenticum,suggested,1,
authenticae,la,authenticus,suggested,1,
authenticam,la,authenticus,suggested,1,
authenticas,la,authenticus,suggested,1,
authentico,la,authenticus,suggested,1,
authografum,la,authografus,suggested,1,
authographi,la,authographus,suggested,1,
author,la,author,suggested,1,
authore,la,author,suggested,1,
authoritatis,la,authoritas,suggested,1,
autillam,la,autilla,suggested,1,
autore,la,autor,suggested,1,
autoribus,la,autor,suggested,1,
autoris,la,auctor,suggested,1,
autoritateque,la,autoritateque,suggested,1,
autoritatibus,la,autoritas,suggested,1,
autoritatis,la,autoritas,suggested,1,
autritate,la,autritas,suggested,1,
autumni,la,autumnus,suggested,1,
auxerat,la,augeo,suggested,1,
auxerit,la,auco,suggested,1,
auxerunt,la,auco,suggested,1,
auxiliante,la,auxilior,suggested,1,
auxiliaque,la,auxiliaque,suggested,1,
auxiliares,la,auxiliaris,suggested,1,
auxilioque,la,auxilioque,suggested,1,
avaros,la,avarus,suggested,1,
avarum,la,avus,suggested,1,
aversi,la,averto,suggested,1,
aversum,la,averto,suggested,1,
avertant,la,averto,suggested,1,
avertat,la,averto,suggested,1,
avertendam,la,averto,suggested,1,
avertit,la,averto,suggested,1,
avide,la,avide,suggested,1,
avidi,la,avidus,suggested,1,
avidissime,la,avide,suggested,1,
avidius,la,avidius,suggested,1,
avinionem,la,avinio,suggested,1,
avo,la,auus,suggested,1,
avocandos,la,avocandus,suggested,1,
avorum,la,avus,suggested,1,
avum,la,avus,suggested,1,
avunculo,la,avunculus,suggested,1,
avunculos,la,avunculus,suggested,1,
ayan,es,aber,suggested,1,
azeuedius,la,azeuedius,suggested,1,
azevedo,la,Azevedus,suggested,1,
ba,la,ba,suggested,1,
babylonem,la,babylon,suggested,1,
babylonicarum,la,babylonicus,suggested,1,
babylonie,la,babylonia,suggested,1,
bacalaureus,la,bacalaureus,suggested,1,
baçaynensis,la,baçaynensis,suggested,1,
baçayni,la,baçaynes,suggested,1,
baccalaurei,la,baccalaureus,suggested,1,
baccalaureus,la,baccalaureus,suggested,1,
bachalaurius,la,bachalaurius,suggested,1,
baiuli,la,baiulus,suggested,1,
baiulos,la,baiulus,suggested,1,
balech,la,balech,suggested,1,
baltazar,la,baltazar,suggested,1,
balthasarem,la,balthasares,suggested,1,
balthazarem,la,balthazares,suggested,1,
bam,la,bam,suggested,1,
bannis,la,bannus,suggested,1,
banthra,la,banthra,suggested,1,
baptiçari,la,baptiço,suggested,1,
baptism,la,baptisa,suggested,1,
baptismatis,la,baptisma,suggested,1,
baptismus,la,baptisma,suggested,1,
baptizabant,la,baptizo,suggested,1,
baptizandique,la,baptizandique,suggested,1,
baptizandos,la,baptizo,suggested,1,
baptizandum,la,baptizo,suggested,1,
baptizantur,la,baptizo,suggested,1,
baptizatorum,la,baptizo,suggested,1,
baptizatur,la,baptizo,suggested,1,
barbaram,la,barbarus,suggested,1,
barbaricis,la,barbaricus,suggested,1,
barbaris,la,barbarus,suggested,1,
barbaro,la,barbarus,suggested,1,
barbarus,la,barbarus,suggested,1,
barbosa,la,barbosus,suggested,1,
barcellos,la,barcelli,suggested,1,
barettus,la,Barettus,suggested,1,
barrapeliotaeem,la,barrapeliotaeis,suggested,1,
bartholameus,la,bartholameus,suggested,1,
bartolomeus,la,bartolomeus,suggested,1,
barul,la,barul,suggested,1,
basain,la,basain,suggested,1,
basainense,la,basainensis,suggested,1,
bascardos,la,bascardus,suggested,1,
basilitanus,la,basilitanus,suggested,1,
basilium,la,Basilius,suggested,1,
basilius,la,basilius,suggested,1,
batavia,la,batavia,suggested,1,
battizando,la,battizo,suggested,1,
battizassem,la,battizo,suggested,1,
battizati,la,battizo,suggested,1,
battizatus,la,battizo,suggested,1,
battizavit,la,battizo,suggested,1,
battizzantur,la,battizzo,suggested,1,
bazaim,la,Bazaim,suggested,1,
bazainense,la,Bazainenis,suggested,1,
beatas,la,beatus,suggested,1,
beatioremq,la,beatioo,suggested,1,
beatissimae,la,beatus,suggested,1,
beatitudinibus,la,beatitudo,suggested,1,
beato,la,beatus,suggested,1,
beatos,la,beatus,suggested,1,
belgio,la,belgium,suggested,1,
bellam,la,bella,suggested,1,
bellamque,la,bellam,suggested,1,
bellantes,la,bello,suggested,1,
bellatoribus,la,bellator,suggested,1,
bellatum,la,bello,suggested,1,
bellicam,la,bellicus,suggested,1,
bellicar,la,bellicar,suggested,1,
bellicorum,la,bellicus,suggested,1,
bellicosi,la,bellicosus,suggested,1,
belliger,la,belliger,suggested,1,
bellua,la,belua,suggested,1,
belluae,la,belluus,suggested,1,
benedicti,la,Benedictus,suggested,1,
benedictionibus,la,benedictio,suggested,1,
benedictos,la,Benedictos,suggested,1,
benedictum,la,benedictus,suggested,1,
benefacere,la,benefacio,suggested,1,
benefactoribus,la,benefactor,suggested,1,
benefici,la,beneficus,suggested,1,
beneficiarius,la,beneficiarius,suggested,1,
beneficiatorum,la,beneficiatus,suggested,1,
beneficii,la,beneficium,suggested,1,
beneficium,la,beneficium,suggested,1,
benefitia,la,benefitia,suggested,1,
benemeritam,la,benemeritus,suggested,1,
benemeritis,la,benemerio,suggested,1,
benèque,la,benèque,suggested,1,
benevolentie,la,benevolentia,suggested,1,
benevolentissimi,la,benevolens,suggested,1,
benevolo,la,benevolus,suggested,1,
benevolum,la,benevolus,suggested,1,
benevolus,la,benevolus,suggested,1,
benignissime,la,benigne,suggested,1,
benignissimo,la,benignus,suggested,1,
benignissimus,la,benignus,suggested,1,
benignitas,la,benignitas,suggested,1,
benignitatem,la,benignitas,suggested,1,
benignitatis,la,benignitas,suggested,1,
beratus,la,beratus,suggested,1,
beritensis,la,beritensis,suggested,1,
bernant,la,berno,suggested,1,
bernardi,la,Bernardus,suggested,1,
bernardum,la,bernardus,suggested,1,
bernum,la,bernus,suggested,1,
berosus,la,berosus,suggested,1,
bestialibus,la,bestialis,suggested,1,
bestijs,la,bestus,suggested,1,
bias,la,bias,suggested,1,
bibere,la,bibo,suggested,1,
biblia,la,Biblia,suggested,1,
biennii,la,biennium,suggested,1,
biennium,la,biennium,suggested,1,
bigense,la,bigensis,suggested,1,
bigensi,la,bigensus,suggested,1,
bilancem,la,bilances,suggested,1,
bileque,la,bileque,suggested,1,
binae,la,bini,suggested,1,
bingensi,la,bingensum,suggested,1,
bini,la,binum,suggested,1,
binis,la,binus,suggested,1,
bireti,la,bireo,suggested,1,
birrum,la,birrus,suggested,1,
bisque,la,bisque,suggested,1,
bitaret,la,bito,suggested,1,
blande,la,blande,suggested,1,
blandene,la,blando,suggested,1,
blanditias,la,blanditia,suggested,1,
blas,la,blas,suggested,1,
blasphemiae,la,blasphemia,suggested,1,
bo,la,bum,suggested,1,
bocarro,la,bocarrus,suggested,1,
bochium,la,bochius,suggested,1,
bolum,la,bolum,suggested,1,
bonas,la,bonus,suggested,1,
bonaventuram,la,bonaventura,suggested,1,
bonìs,la,bonìs,suggested,1,
bonitate,la,bonitas,suggested,1,
bonitatis,la,bonitas,suggested,1,
bonoque,la,bonoque,suggested,1,
bonorumque,la,bonorumque,suggested,1,
bonzum,la,bonzus,suggested,1,
bonzus,la,bonzus,suggested,1,
bor,la,bor,suggested,1,
boreali,la,borealis,suggested,1,
borealia,la,borealis,suggested,1,
borealiores,la,borealis,suggested,1,
borealis,la,borealis,suggested,1,
borealissima,la,borealis,suggested,1,
borralho,la,borralhum,suggested,1,
bosphori,la,bosphorus,suggested,1,
bostra,la,boster,suggested,1,
boves,la,bos,suggested,1,
braccarensis,la,braccarensis,suggested,1,
brachia,la,brachium,suggested,1,
brachiis,la,brachium,suggested,1,
brachmanas,la,brachmanus,suggested,1,
brachmanes,la,brachmanes,suggested,1,
brachmanibus,la,brachmanis,suggested,1,
bracteatae,la,bracteatus,suggested,1,
brancati,la,brancatus,suggested,1,
brancato,la,brancatus,suggested,1,
branco,la,brancus,suggested,1,
brasiliae,la,brasilia,suggested,1,
brasiliam,la,brasilia,suggested,1,
brasilinam,la,brasilina,suggested,1,
brasilios,la,brasilius,suggested,1,
braxmani,la,braxmanus,suggested,1,
breui,la,breuis,suggested,1,
breuis,la,breuis,suggested,1,
breuitate,la,breuitas,suggested,1,
breuiter,la,breuiter,suggested,1,
breviaria,la,breviaris,suggested,1,
brevior,la,brevis,suggested,1,
brevique,la,brevique,suggested,1,
brevissime,la,breviter,suggested,1,
brevissimis,la,brevis,suggested,1,
brevitatis,la,brevitas,suggested,1,
brevius,la,breviter,suggested,1,
britannia,la,Britannia,suggested,1,
bruti,la,brutus,suggested,1,
bubulum,la,bubulus,suggested,1,
bug,la,bug,suggested,1,
bugeni,la,Bugenius,suggested,1,
bugense,la,bugensis,suggested,1,
bugensis,la,bugensis,suggested,1,
bullae,la,bulla,suggested,1,
bullaque,la,bulla,suggested,1,
bullas,la,bulla,suggested,1,
bulle,la,bulles,suggested,1,
bullientes,la,bullio,suggested,1,
bullio,la,bullius,suggested,1,
bungenses,la,bungenses,suggested,1,
bunguensis,la,bunguensis,suggested,1,
bunguensium,la,bunguensis,suggested,1,
bungum,la,bungus,suggested,1,
burgundia,la,burgundia,suggested,1,
byleros,la,byler,suggested,1,
byrsa,la,byrsus,suggested,1,
byssi,la,byssus,suggested,1,
byssinum,la,byssinum,suggested,1,
byssus,la,byssus,suggested,1,
byzantium,la,Byzantium,suggested,1,
cabrai,la,cabra,suggested,1,
cacerem,la,caceo,suggested,1,
cachinnis,la,cachinna,suggested,1,
cacodaemonis,la,cacodaemo,suggested,1,
cacumina,la,cacumen,suggested,1,
cadavera,la,cado,suggested,1,
cadaveris,la,cado,suggested,1,
cadebat,la,cado,suggested,1,
cadere,la,cado,suggested,1,
cadini,la,cadinus,suggested,1,
caeca,la,caecus,suggested,1,
caecis,la,caecus,suggested,1,
caecitates,la,caecitas,suggested,1,
caecitatis,la,caecitas,suggested,1,
caecutit,la,caecuto,suggested,1,
caedem,la,caedes,suggested,1,
caelatum,la,caelo,suggested,1,
caelaveramus,la,caelao,suggested,1,
caelestibus,la,caelestis,suggested,1,
caelestis,la,caelestis,suggested,1,
caelorum,la,caelum,suggested,1,
caenae,la,caena,suggested,1,
caenam,la,caena,suggested,1,
caenulas,la,caenula,suggested,1,
caeperamus,la,caeperamus,suggested,1,
caeperit,la,caepi,suggested,1,
caepimus,la,cao,suggested,1,
caeptum,la,caipio,suggested,1,
caeremonias,la,caeremonia,suggested,1,
caerimoniis,la,caerimonium,suggested,1,
caesar,la,caesar,suggested,1,
caesarem,la,Caesar,suggested,1,
caesaris,la,caesar,suggested,1,
caet,la,cao,suggested,1,
caetanus,la,caetanus,suggested,1,
caeteraeque,la,caeteraequus,suggested,1,
caeteras,la,caeter,suggested,1,
caeterasque,la,caeterasque,suggested,1,
caeterique,la,caeterique,suggested,1,
caeterorumque,la,caeterorumquus,suggested,1,
caetu,la,caetus,suggested,1,
caetui,la,caetus,suggested,1,
caetum,la,caetus,suggested,1,
cainocamum,la,cainocamus,suggested,1,
caiyuen,la,Caiyues,suggested,1,
cal,la,cal,suggested,1,
calabria,la,Calabria,suggested,1,
calamitatib,la,calamitas,suggested,1,
calamitatibus,la,calamitas,suggested,1,
calamitatis,la,calamitas,suggested,1,
calamitatum,la,calamitas,suggested,1,
calamitoso,la,calamitosus,suggested,1,
calamus,la,calamus,suggested,1,
calcaribus,la,calcar,suggested,1,
calceis,la,calceus,suggested,1,
calceos,la,calceus,suggested,1,
calciamentis,la,calciamentum,suggested,1,
calculis,la,calculus,suggested,1,
caldeira,la,caldeira,suggested,1,
caldeyra,la,Caldeyra,suggested,1,
caldissima,la,caldus,suggested,1,
calendis,la,calendes,suggested,1,
calida,la,calidus,suggested,1,
caliditatem,la,caliditas,suggested,1,
caligas,la,caliga,suggested,1,
caliginosas,la,caliginosus,suggested,1,
caliginosum,la,caliginosus,suggested,1,
callebat,la,callo,suggested,1,
calles,la,callis,suggested,1,
callide,la,callide,suggested,1,
callidior,la,callidus,suggested,1,
calopectas,la,calopecta,suggested,1,
calorem,la,calor,suggested,1,
calumniae,la,calumnia,suggested,1,
calumniante,la,calumnior,suggested,1,
calumniari,la,calumnior,suggested,1,
calumnias,la,calumnia,suggested,1,
calumniati,la,calumnio,suggested,1,
calumniatus,la,calumnior,suggested,1,
calumniis,la,calumnia,suggested,1,
calumniose,la,calumniose,suggested,1,
cam,la,cam,suggested,1,
camanicam,la,camanica,suggested,1,
camarini,la,camarinus,suggested,1,
camarinis,la,camarinus,suggested,1,
camarinorum,la,camarinus,suggested,1,
cambaliensem,la,cambaliensis,suggested,1,
cambaliensis,la,cambaliensis,suggested,1,
cambalieth,la,cambalieth,suggested,1,
cambio,la,cambium,suggested,1,
cambogenis,la,cambogenis,suggested,1,
cambos,la,cambus,suggested,1,
camboya,la,camboya,suggested,1,
camboyae,la,camboya,suggested,1,
cameris,la,camera,suggested,1,
cami,la,camus,suggested,1,
camiis,la,camius,suggested,1,
camorim,la,camor,suggested,1,
camorum,la,camus,suggested,1,
campanae,la,campana,suggested,1,
campania,la,Campania,suggested,1,
campanile,la,campanile,suggested,1,
campis,la,campus,suggested,1,
campo,la,campus,suggested,1,
campus,la,campus,suggested,1,
camus,la,camus,suggested,1,
canalem,la,canalis,suggested,1,
canales,la,canalis,suggested,1,
canali,la,canalis,suggested,1,
cancellatum,la,cancello,suggested,1,
cancro,la,cancrum,suggested,1,
candelam,la,candela,suggested,1,
candelas,la,candela,suggested,1,
candelis,la,candela,suggested,1,
candia,la,candius,suggested,1,
candidas,la,candidus,suggested,1,
candidis,la,candidus,suggested,1,
candore,la,candor,suggested,1,
canevari,la,canevo,suggested,1,
cangueraso,la,canguero,suggested,1,
canguetasi,la,cangueto,suggested,1,
canguetaso,la,canguetasus,suggested,1,
caninum,la,caninus,suggested,1,
canon,la,canon,suggested,1,
canonica,la,canonicus,suggested,1,
canonicam,la,canonicus,suggested,1,
canonice,la,canonice,suggested,1,
canonici,la,canonicus,suggested,1,
canonicum,la,canonicus,suggested,1,
canonis,la,canon,suggested,1,
canstantinopolis,la,canstantinopolus,suggested,1,
cantam,la,cantus,suggested,1,
cantanda,la,canto,suggested,1,
cantandi,la,canto,suggested,1,
cantaretur,la,canto,suggested,1,
cantate,la,canto,suggested,1,
cantes,la,canto,suggested,1,
canticis,la,canticum,suggested,1,
canticum,la,canticus,suggested,1,
cantillare,la,cantillo,suggested,1,
cantone,la,canto,suggested,1,
cantonem,la,Canto,suggested,1,
cantonense,la,cantonensis,suggested,1,
cantoniam,la,cantonia,suggested,1,
cantores,la,cantor,suggested,1,
cantus,la,cantus,suggested,1,
canus,la,canus,suggested,1,
canzui,la,canzuus,suggested,1,
canzuidonus,la,canzuidonus,suggested,1,
canzuiedono,la,canzuiedonus,suggested,1,
canzuiedonum,la,canzuiedo,suggested,1,
canzuiodono,la,canzuiodonus,suggested,1,
canzusaensem,la,canzusaensis,suggested,1,
canzusaensi,la,canzusaensis,suggested,1,
caociang,la,Caocianus,suggested,1,
capaces,la,capax,suggested,1,
capacioris,la,capacius,suggested,1,
capacique,la,capaciquus,suggested,1,
capacitas,la,capacitas,suggested,1,
caperet,la,capio,suggested,1,
caperetur,la,capio,suggested,1,
capessendam,la,capesso,suggested,1,
capessendi,la,capesso,suggested,1,
capessendum,la,capesso,suggested,1,
capi,la,capio,suggested,1,
capiant,la,capio,suggested,1,
capiendam,la,capio,suggested,1,
capiendi,la,capio,suggested,1,
capillitium,la,capillitium,suggested,1,
capitale,la,capitalis,suggested,1,
capitali,la,capitalis,suggested,1,
capitalis,la,capitalis,suggested,1,
capitanei,la,capitaneus,suggested,1,
capitulum,la,capitulum,suggested,1,
cappadoces,la,cappadox,suggested,1,
cappadociis,la,Cappadocius,suggested,1,
cappellanus,la,cappellanus,suggested,1,
capsula,la,capsula,suggested,1,
captivi,la,captivus,suggested,1,
captivum,la,captiuus,suggested,1,
captu,la,captus,suggested,1,
captum,la,capio,suggested,1,
carasanum,la,carasanus,suggested,1,
caravana,la,caravanus,suggested,1,
carbunculus,la,carbunculus,suggested,1,
carcavellos,la,carcavellus,suggested,1,
carceri,la,carcer,suggested,1,
carceribus,la,carcer,suggested,1,
carceris,la,carcer,suggested,1,
carcerum,la,carcer,suggested,1,
cardinalibus,la,cardinalis,suggested,1,
cardinius,la,Cardinius,suggested,1,
carebamus,la,careo,suggested,1,
carebat,la,careo,suggested,1,
carebit,la,careo,suggested,1,
carentes,la,careo,suggested,1,
carentibus,la,careo,suggested,1,
caria,la,Caria,suggested,1,
carissime,la,carus,suggested,1,
carissimi,la,carus,suggested,1,
carissimoque,la,carisus,suggested,1,
caritatem,la,caritas,suggested,1,
carlos,la,carlus,suggested,1,
carnalem,la,carnalis,suggested,1,
carnalibus,la,carnalis,suggested,1,
carnibus,la,caro,suggested,1,
carnificina,la,carnificina,suggested,1,
carnificinam,la,carnificina,suggested,1,
carnificum,la,carnificus,suggested,1,
carnium,la,carnius,suggested,1,
caroli,la,Carolus,suggested,1,
carolum,la,carolus,suggested,1,
carpini,la,carpinus,suggested,1,
carracam,la,carraca,suggested,1,
carreón,la,Carreós,suggested,1,
carris,la,carrus,suggested,1,
carta,la,charta,suggested,1,
cartam,la,cario,suggested,1,
cartilia,la,Cartilia,suggested,1,
caruerit,la,careo,suggested,1,
caruisse,la,careo,suggested,1,
carvaglius,la,carvagle,suggested,1,
carvalhal,la,carvalhal,suggested,1,
casas,pt,casa,suggested,1,
cascaës,la,casca,suggested,1,
cascar,la,cascar,suggested,1,
caspium,la,caspius,suggested,1,
cassas,la,cassa,suggested,1,
castabala,la,castabalum,suggested,1,
castellȩ,la,castedo,suggested,1,
castellis,la,castellum,suggested,1,
castiganda,la,castigo,suggested,1,
castiges,la,castigo,suggested,1,
castis,la,castus,suggested,1,
castoris,la,castor,suggested,1,
castris,la,castra,suggested,1,
casua,la,casua,suggested,1,
casulâ,la,casulâ,suggested,1,
casurum,la,cado,suggested,1,
casuum,la,casus,suggested,1,
catalogo,pt,catalogo,suggested,1,
catanam,la,catanus,suggested,1,
cataphractos,la,cataphractus,suggested,1,
catastrophe,la,catastropx,suggested,1,
catayum,la,catayum,suggested,1,
catechesi,la,Catechesus,suggested,1,
catechismo,la,catechismus,suggested,1,
catechismò,la,catechismus,suggested,1,
catechismus,la,catechismus,suggested,1,
catechistae,la,catechista,suggested,1,
catechizandi,la,catechizo,suggested,1,
catechizandos,la,catechizo,suggested,1,
cathalogis,la,cathalogus,suggested,1,
catharinae,la,Catharinus,suggested,1,
cathechizandis,la,cathechizo,suggested,1,
cathecumenos,la,cathecumenus,suggested,1,
cathedrali,la,cathedralis,suggested,1,
cathequistam,la,cathequista,suggested,1,
catholicaeque,la,Catholicaequus,suggested,1,
catholici,la,catholicus,suggested,1,
catholicis,la,catholicus,suggested,1,
catholicus,la,catholicus,suggested,1,
catonem,la,Cato,suggested,1,
catores,la,cator,suggested,1,
cattanaeus,la,cattanaeus,suggested,1,
cattaneus,la,cattaneus,suggested,1,
caucasus,la,caucasus,suggested,1,
caudam,la,cauda,suggested,1,
caupones,la,caupo,suggested,1,
causamque,la,causam,suggested,1,
causantes,la,causo,suggested,1,
causarum,la,causa,suggested,1,
causasque,la,causasque,suggested,1,
causȩ,la,causȩ,suggested,1,
caussa,la,caussa,suggested,1,
caut,la,caut,suggested,1,
cautica,la,cauticus,suggested,1,
cautio,la,cautio,suggested,1,
cautum,la,caveo,suggested,1,
cavachinourensem,la,cavachinourenses,suggested,1,
caveis,la,cavea,suggested,1,
cavellos,la,cavellus,suggested,1,
caveremus,la,caveo,suggested,1,
caverent,la,caveo,suggested,1,
caveret,la,caveo,suggested,1,
cavet,la,caveo,suggested,1,
cavitensi,la,Cavitensum,suggested,1,
caytonensis,la,caytonensis,suggested,1,
cazzucensis,la,cazzucensis,suggested,1,
cc,la,cc,suggested,1,
cccc,la,CCCC,suggested,1,
cchan,la,cchan,suggested,1,
ccingiva,la,ccingivus,suggested,1,
ccucumi,la,ccucumus,suggested,1,
ceciderat,la,cecido,suggested,1,
cecidit,la,cado,suggested,1,
cecinit,la,cano,suggested,1,
cęcis,la,cęx,suggested,1,
cedat,la,cedo,suggested,1,
cedendum,la,cedo,suggested,1,
cędere,la,cędo,suggested,1,
cederent,la,cedo,suggested,1,
cedit,la,cedo,suggested,1,
cedunt,la,cedo,suggested,1,
ceilano,la,ceilanus,suggested,1,
celatum,la,celo,suggested,1,
celebrab,la,celebrus,suggested,1,
celebrabamus,la,celebro,suggested,1,
celebrabatur,la,celebro,suggested,1,
celebrandam,la,celebro,suggested,1,
celebrandi,la,celebro,suggested,1,
celebrandis,la,celebro,suggested,1,
celebranti,la,celebro,suggested,1,
celebrantibus,la,celebro,suggested,1,
celebrare,la,celebro,suggested,1,
celebraremus,la,celebro,suggested,1,
celebraret,la,celebro,suggested,1,
celebraretur,la,celebro,suggested,1,
cȩlebrata,la,cȩlebro,suggested,1,
celebrati,la,celebro,suggested,1,
celebrationem,la,celebratio,suggested,1,
celebraverunt,la,celebro,suggested,1,
celebrem,la,celebris,suggested,1,
celebris,la,celeber,suggested,1,
celebro,la,celebro,suggested,1,
celerius,la,celeriter,suggested,1,
cęlestem,la,cęlestis,suggested,1,
cęlesti,la,cęlestis,suggested,1,
cęlestis,la,cęlestis,suggested,1,
celi,la,caelum,suggested,1,
cella,la,cella,suggested,1,
cellarium,la,cellarium,suggested,1,
cellas,la,cella,suggested,1,
celo,la,caelum,suggested,1,
cȩlo,la,cȩlus,suggested,1,
celssus,la,celssus,suggested,1,
cȩlum,la,cȩlus,suggested,1,
cęlum,la,cęlus,suggested,1,
cȩnam,la,cȩna,suggested,1,
cȩnȩ,la,cȩnȩ,suggested,1,
cens,la,cens,suggested,1,
censeantur,la,censeo,suggested,1,
censebam,la,censeo,suggested,1,
censebant,la,censeo,suggested,1,
censenda,la,censeo,suggested,1,
censendum,la,censeo,suggested,1,
censeo,la,censeo,suggested,1,
censere,la,censeo,suggested,1,
censeremus,la,censeo,suggested,1,
censeres,la,censeo,suggested,1,
censibus,la,census,suggested,1,
censurarum,la,censura,suggested,1,
censuras,la,censura,suggested,1,
censuris,la,censuro,suggested,1,
centa,la,centa,suggested,1,
centies,la,centiens,suggested,1,
ceperam,la,cepio,suggested,1,
cȩperant,la,cȩpero,suggested,1,
cephalonia,la,Cephalonius,suggested,1,
cepta,la,Cepta,suggested,1,
cera,la,cera,suggested,1,
cerae,la,cera,suggested,1,
cerciorem,la,cercus,suggested,1,
cerebro,la,cerebro,suggested,1,
ceremonia,la,ceremonium,suggested,1,
ceremoniis,la,ceremonium,suggested,1,
cerimonia,la,cerimonium,suggested,1,
cernebant,la,cerno,suggested,1,
cernentibus,la,cerno,suggested,1,
cerneret,la,cerno,suggested,1,
cernuntur,la,cerno,suggested,1,
certamini,la,certor,suggested,1,
certatim,la,certatim,suggested,1,
certificati,la,certifico,suggested,1,
certificatus,la,certifico,suggested,1,
certioresq,la,certius,suggested,1,
certissima,la,certus,suggested,1,
certissimam,la,certus,suggested,1,
certissimas,la,certus,suggested,1,
certissimum,la,certus,suggested,1,
certo,it,certo,suggested,1,
certoque,la,certoque,suggested,1,
cespedes,la,cespes,suggested,1,
céspedes,la,céspes,suggested,1,
cessa,la,cessa,suggested,1,
cessabant,la,cesso,suggested,1,
cessam,la,cesso,suggested,1,
cessant,la,cesso,suggested,1,
cessante,la,cesso,suggested,1,
cessaret,la,cesso,suggested,1,
cessariam,la,cessarius,suggested,1,
cessarunt,la,cesso,suggested,1,
cessaverat,la,cesso,suggested,1,
cessavimus,la,cesso,suggested,1,
cesseris,la,cesdo,suggested,1,
cesserit,la,cesdo,suggested,1,
cessuras,la,ceo,suggested,1,
cessuros,la,cedo,suggested,1,
cessurus,la,ceo,suggested,1,
cȩtera,la,cȩterus,suggested,1,
cęteras,la,cęterus,suggested,1,
cęterasque,la,cęteras,suggested,1,
ceteręque,la,ceteręque,suggested,1,
cȩteri,la,cȩterus,suggested,1,
ceterique,la,ceteriquus,suggested,1,
ceterisque,la,ceterisque,suggested,1,
cȩterisque,la,cȩterisque,suggested,1,
cęterisque,la,cęterisquus,suggested,1,
cetero,la,ceterus,suggested,1,
chaldeis,la,chaldeus,suggested,1,
chaldeos,la,chaldeus,suggested,1,
cham,la,cham,suggested,1,
chambaliech,la,chambalius,suggested,1,
chamorum,la,chamor,suggested,1,
chancellatas,la,chancello,suggested,1,
changhienchung,la,Changhienchuus,suggested,1,
changhienchungum,la,changhienchungus,suggested,1,
changhienchungus,la,changhienchungus,suggested,1,
changus,la,changus,suggested,1,
chaoking,la,Chaokinus,suggested,1,
chapada,la,chapada,suggested,1,
character,la,character,suggested,1,
charactere,la,character,suggested,1,
characterem,la,character,suggested,1,
characteres,la,character,suggested,1,
charam,la,charus,suggested,1,
charissimis,la,charus,suggested,1,
charissimum,la,charus,suggested,1,
charitatem,la,charitas,suggested,1,
charos,la,charus,suggested,1,
chartas,la,charta,suggested,1,
charus,la,charus,suggested,1,
chatking,la,Chatkinus,suggested,1,
chatolici,la,chatolicus,suggested,1,
chatolico,la,chatolicus,suggested,1,
chauking,la,Chaukinus,suggested,1,
chauli,la,Chaulus,suggested,1,
chegar,pt,chegar,suggested,1,
cheuxan,la,cheuxus,suggested,1,
chi,la,chic,suggested,1,
chicugensi,la,chicugensus,suggested,1,
chigivaensis,la,chigivaensus,suggested,1,
chinan,la,Chinas,suggested,1,
chinarum,la,Chinarus,suggested,1,
chinas,la,chinas,suggested,1,
chincheo,la,chincheus,suggested,1,
chinenses,la,Chinensis,suggested,1,
ching,la,ching,suggested,1,
chingivaensi,la,chingivaensus,suggested,1,
chinyivaensem,la,chinyivaensis,suggested,1,
chiquan,la,chiquan,suggested,1,
choneum,la,choneus,suggested,1,
chorani,la,choranus,suggested,1,
choraulas,la,choraula,suggested,1,
chorda,la,chor,suggested,1,
choro,la,chorus,suggested,1,
choros,la,chorus,suggested,1,
chris,la,chris,suggested,1,
chrisianorum,la,chrisianus,suggested,1,
chrismatis,la,chrisma,suggested,1,
chriso,la,Chrisus,suggested,1,
christãos,pt,christão,suggested,1,
christianamque,la,christianam,suggested,1,
christianarum,la,christianus,suggested,1,
christianas,la,christianus,suggested,1,
christiane,la,christianus,suggested,1,
christianitas,la,christianitas,suggested,1,
christianitate,la,christianitas,suggested,1,
christianosq,la,christianosq,suggested,1,
christo,es,Christo,suggested,1,
christoforus,la,christoforus,suggested,1,
christvm,la,christvs,suggested,1,
christvs,la,christvs,suggested,1,
chronologia,la,chronologia,suggested,1,
chu,la,chu,suggested,1,
chum,la,chum,suggested,1,
ci,la,cio,suggested,1,
ciam,la,cio,suggested,1,
ciampa,la,ciampus,suggested,1,
ciaremus,la,cio,suggested,1,
cibi,la,cibus,suggested,1,
cibis,la,cibus,suggested,1,
cibo,la,cibus,suggested,1,
ciborum,la,cibus,suggested,1,
cicungani,la,Cicunganius,suggested,1,
cicungano,la,cicunganus,suggested,1,
cicungo,la,cicungus,suggested,1,
ciente,la,cio,suggested,1,
ciliare,la,cilio,suggested,1,
cilicia,la,Cilicia,suggested,1,
ciliciae,la,Cilicia,suggested,1,
cim,la,cim,suggested,1,
cimex,la,cimex,suggested,1,
cinceo,la,Cinceum,suggested,1,
cincta,la,cingo,suggested,1,
cingentes,la,cingo,suggested,1,
cingerent,la,cingo,suggested,1,
cingunt,la,cingo,suggested,1,
cinobitarum,la,cinobitus,suggested,1,
cinobite,la,cinobite,suggested,1,
cinxissent,la,ciicio,suggested,1,
cinxit,la,cingo,suggested,1,
ciprianum,la,ciprianus,suggested,1,
circ,la,circ,suggested,1,
circensibus,la,circensus,suggested,1,
circuitu,la,circuitus,suggested,1,
circuitum,la,circuitus,suggested,1,
circumdant,la,circumdo,suggested,1,
circumdatus,la,circumdo,suggested,1,
circumferebantur,la,circumfero,suggested,1,
circumfert,la,circumfero,suggested,1,
circumfluent,la,circumfluo,suggested,1,
circumfluentes,la,circumfluo,suggested,1,
circumfluit,la,circumfluo,suggested,1,
circumiacentem,la,circumiaceo,suggested,1,
circummunivit,la,circummunio,suggested,1,
circumquaque,la,circumquaque,suggested,1,
circumraptant,la,circumrapto,suggested,1,
circumscribere,la,circumscribo,suggested,1,
circumtenere,la,circumteneo,suggested,1,
circumueniuntur,la,circumuenio,suggested,1,
circumvallatum,la,circumvallo,suggested,1,
circumvenire,la,circumvenio,suggested,1,
circumvesinos,la,circumvesinus,suggested,1,
circumvezinis,la,circumvezinus,suggested,1,
circumvicinae,la,circumvicinus,suggested,1,
circumvicinas,la,circumvicinus,suggested,1,
circunferat,la,circunfero,suggested,1,
circunfluentes,la,circunfluo,suggested,1,
circunfluere,la,circunfluo,suggested,1,
circunfluet,la,circunfluo,suggested,1,
circunfundetur,la,circunfundo,suggested,1,
circunfusus,la,circunfudo,suggested,1,
circunscribatur,la,circunscribo,suggested,1,
circunscriptus,la,circunscribo,suggested,1,
circunstans,la,circunsto,suggested,1,
circunstant,la,circunsto,suggested,1,
circunuenti,la,circunuo,suggested,1,
cis,la,cis,suggested,1,
cit,la,cio,suggested,1,
citadellius,la,citadelle,suggested,1,
citata,la,cito,suggested,1,
citissime,la,cito,suggested,1,
citiùs,la,cieo,suggested,1,
citroque,la,citroquus,suggested,1,
citròque,la,citròque,suggested,1,
ciudad,es,ciudad,suggested,1,
ciuen,la,ciuen,suggested,1,
ciuium,la,ciuis,suggested,1,
ciunagondoni,la,ciunagondonus,suggested,1,
ciunt,la,cio,suggested,1,
cius,la,cius,suggested,1,
civem,la,civis,suggested,1,
civile,la,civilis,suggested,1,
civiles,la,civilis,suggested,1,
civis,la,civis,suggested,1,
clad,la,clad,suggested,1,
clamabat,la,clamo,suggested,1,
clamabatut,la,clamo,suggested,1,
clamabunt,la,clamo,suggested,1,
clamat,la,clamo,suggested,1,
clamitant,la,clamito,suggested,1,
clamor,la,clamor,suggested,1,
clamore,la,clamor,suggested,1,
clanculum,la,clanculus,suggested,1,
clandestina,la,clandestinus,suggested,1,
clangentium,la,clango,suggested,1,
clangorem,la,clangor,suggested,1,
clarâ,la,clarus,suggested,1,
clarè,la,clarè,suggested,1,
clarificetur,la,clarifico,suggested,1,
clarissima,la,clarus,suggested,1,
clarissimae,la,clarus,suggested,1,
clarissimam,la,clarus,suggested,1,
claritatis,la,claritas,suggested,1,
claros,la,clarus,suggested,1,
classibus,la,classis,suggested,1,
classium,la,classis,suggested,1,
claudantur,la,claudo,suggested,1,
claudens,la,claudo,suggested,1,
clauderentur,la,claudo,suggested,1,
claudicet,la,claudico,suggested,1,
claudunt,la,claudo,suggested,1,
clauduntur,la,claudo,suggested,1,
claudus,la,claudus,suggested,1,
clausa,la,claudo,suggested,1,
clausid,la,claudo,suggested,1,
clauso,la,claudo,suggested,1,
claves,la,clavis,suggested,1,
clavicordio,la,clavicordio,suggested,1,
clavicordium,la,clavicor,suggested,1,
clem,la,clem,suggested,1,
clemens,la,clemens,suggested,1,
clemente,la,Clemens,suggested,1,
clementiae,la,clementia,suggested,1,
clementiaq,la,clementia,suggested,1,
clementina,la,Clementinus,suggested,1,
clementinam,la,Clementinus,suggested,1,
clementissime,la,clementer,suggested,1,
clericorum,la,clericus,suggested,1,
clientulis,la,clientulus,suggested,1,
coacte,la,coacte,suggested,1,
coactis,la,cogo,suggested,1,
coacto,la,cogo,suggested,1,
coadiutoribusque,la,coadiutoribusquus,suggested,1,
coadiutorum,la,coadio,suggested,1,
coadjutor,la,coadjutor,suggested,1,
coadjutorem,la,coadjutor,suggested,1,
coagmentatio,la,coagmentatio,suggested,1,
coaluerant,la,coaluo,suggested,1,
coaluisset,la,coalo,suggested,1,
coam,la,coam,suggested,1,
coangusta,la,coangustus,suggested,1,
coangustabuntur,la,coangusto,suggested,1,
coarctare,la,coarcto,suggested,1,
coarctemur,la,coarctor,suggested,1,
coccangue,la,coccanguis,suggested,1,
coccinozu,la,Coccinozus,suggested,1,
cocicinensis,la,cocicinensus,suggested,1,
cocinchina,la,cocinchina,suggested,1,
cocincinae,la,cocincinus,suggested,1,
cocincinensi,la,cocincinensis,suggested,1,
cocinensis,la,cocinensis,suggested,1,
coctae,la,cogo,suggested,1,
codarzo,la,Codarzus,suggested,1,
coegeret,la,coego,suggested,1,
coegerunt,la,cogo,suggested,1,
coëgerunt,la,coëngo,suggested,1,
coegisse,la,coegi,suggested,1,
coegissent,la,cogo,suggested,1,
coegit,la,cogo,suggested,1,
coelam,la,Coela,suggested,1,
coeleste,la,coelestis,suggested,1,
coelestem,la,coelestis,suggested,1,
coelestium,la,coelestis,suggested,1,
coelis,la,coelum,suggested,1,
coemerat,la,coeo,suggested,1,
coemiterio,la,coemiterius,suggested,1,
coempti,la,coemtto,suggested,1,
coemptis,la,coempo,suggested,1,
coene,la,coena,suggested,1,
coeperat,la,coepi,suggested,1,
coeperit,la,coepi,suggested,1,
coepimus,la,coepio,suggested,1,
coepiscopo,la,coepiscopus,suggested,1,
coepissent,la,coepi,suggested,1,
coepisset,la,coepi,suggested,1,
coepta,la,coepi,suggested,1,
coeptae,la,coepi,suggested,1,
coepto,la,coei,suggested,1,
coerceat,la,coerceo,suggested,1,
coercebit,la,coerceo,suggested,1,
coërcentur,la,coërco,suggested,1,
coeterarumque,la,coeterar,suggested,1,
coetus,la,coetus,suggested,1,
coeuntes,la,coeo,suggested,1,
coëuntibus,la,coëo,suggested,1,
cogant,la,cogo,suggested,1,
cogar,la,cogo,suggested,1,
cogebant,la,cogo,suggested,1,
cogebantur,la,cogo,suggested,1,
cogebat,la,cogo,suggested,1,
cogemur,la,cogo,suggested,1,
cogeretur,la,cogo,suggested,1,
cogit,la,cogo,suggested,1,
cogita,la,cogo,suggested,1,
cogitabam,la,cogito,suggested,1,
cogitabit,la,cogito,suggested,1,
cogitarit,la,cogito,suggested,1,
cogitat,la,cogito,suggested,1,
cogitationibus,la,cogitatio,suggested,1,
cogitatis,la,cogito,suggested,1,
cogitauit,la,cogito,suggested,1,
cogitet,la,cogito,suggested,1,
cogito,la,cogito,suggested,1,
cognati,la,cognatus,suggested,1,
cognationis,la,cognatio,suggested,1,
cognatis,la,cognatus,suggested,1,
cognato,la,cognatus,suggested,1,
cognatus,la,cognatus,suggested,1,
cogni,la,cognum,suggested,1,
cognitae,la,cognosco,suggested,1,
cogniti,la,cognosco,suggested,1,
cognitis,la,cognosco,suggested,1,
cognitum,la,cognosco,suggested,1,
cogniturus,la,cognio,suggested,1,
cognocere,la,cognocio,suggested,1,
cognomen,la,cognomen,suggested,1,
cognorat,la,cognoro,suggested,1,
cognoscamus,la,cognosco,suggested,1,
cognoscant,la,cognosco,suggested,1,
cognoscat,la,cognosco,suggested,1,
cognoscatur,la,cognosco,suggested,1,
cognoscebant,la,cognosco,suggested,1,
cognoscebis,la,cognosco,suggested,1,
cognoscendae,la,cognosco,suggested,1,
cognoscere,la,cognosco,suggested,1,
cognosceremus,la,cognosco,suggested,1,
cognosceret,la,cognosco,suggested,1,
cognoscet,la,cognosco,suggested,1,
cognoscit,la,cognosco,suggested,1,
cognosco,la,cognosco,suggested,1,
cognoscunt,la,cognosco,suggested,1,
cognovissent,la,cognosco,suggested,1,
coguntur,la,cogo,suggested,1,
cohibere,la,cohibeo,suggested,1,
cohibitus,la,cohibeo,suggested,1,
cohorruit,la,cohorruo,suggested,1,
cohors,la,cohors,suggested,1,
cohortatione,la,cohortatio,suggested,1,
coibit,la,coeo,suggested,1,
coinungi,la,coinungo,suggested,1,
coivisset,la,coio,suggested,1,
colano,la,colanus,suggested,1,
colat,la,colo,suggested,1,
colaum,la,colaus,suggested,1,
colebat,la,colo,suggested,1,
colegii,la,colegium,suggested,1,
colegio,la,colegium,suggested,1,
colendissimus,la,colendo,suggested,1,
colendum,la,colo,suggested,1,
coleremus,la,colo,suggested,1,
colerent,la,colo,suggested,1,
coleret,la,colo,suggested,1,
colerunt,la,colero,suggested,1,
coligere,la,coligo,suggested,1,
colimus,la,colo,suggested,1,
collapsa,la,collabor,suggested,1,
collari,la,collo,suggested,1,
collatam,la,confero,suggested,1,
collatę,la,collo,suggested,1,
collato,la,confero,suggested,1,
collatos,la,confero,suggested,1,
collaudabat,la,collaudo,suggested,1,
collecta,la,colligo,suggested,1,
collecti,la,colligo,suggested,1,
collecto,la,colligo,suggested,1,
collectos,la,colligo,suggested,1,
collectum,la,collectus,suggested,1,
collegerant,la,colligo,suggested,1,
collegerat,la,collego,suggested,1,
collegere,la,collego,suggested,1,
colles,la,collis,suggested,1,
collibuerit,la,collibueo,suggested,1,
colligas,la,colligo,suggested,1,
colligati,la,colligo,suggested,1,
colligatos,la,colligo,suggested,1,
colligebamus,la,colligo,suggested,1,
colligebat,la,colligo,suggested,1,
colligerent,la,colligo,suggested,1,
colligii,la,colligo,suggested,1,
colligunt,la,colligo,suggested,1,
colliguntur,la,colligo,suggested,1,
collium,la,collium,suggested,1,
collo,la,collum,suggested,1,
collocanda,la,colloco,suggested,1,
collocari,la,colloco,suggested,1,
collocarunt,la,colloco,suggested,1,
collocat,la,colloco,suggested,1,
collocato,la,colloco,suggested,1,
collocatum,la,colloco,suggested,1,
collocavere,la,colloco,suggested,1,
collocavi,la,colloco,suggested,1,
collocavimus,la,colloco,suggested,1,
collocentur,la,colloco,suggested,1,
colloquantur,la,colloquo,suggested,1,
colloquendum,la,colloquor,suggested,1,
colloquerentur,la,colloquo,suggested,1,
colloquia,la,colloquium,suggested,1,
colloquioq,la,colloquus,suggested,1,
collucens,la,colluceo,suggested,1,
coloni,la,colonus,suggested,1,
coloniam,la,colonia,suggested,1,
colonie,la,colonia,suggested,1,
colossum,la,colossus,suggested,1,
coluerunt,la,colo,suggested,1,
coluit,la,colo,suggested,1,
columna,la,columna,suggested,1,
coluntur,la,colo,suggested,1,
comania,la,Comania,suggested,1,
comburantur,la,comburo,suggested,1,
comburendum,la,comburo,suggested,1,
comburere,la,comburo,suggested,1,
comburunt,la,comburo,suggested,1,
combusserunt,la,combusso,suggested,1,
combussisse,la,combusso,suggested,1,
combussit,la,combusso,suggested,1,
combustas,la,combusto,suggested,1,
combusti,la,combustus,suggested,1,
combustiones,la,combustio,suggested,1,
comedendo,la,comedo,suggested,1,
comedere,la,comedo,suggested,1,
comem,la,comes,suggested,1,
comendamus,la,comendo,suggested,1,
comendari,la,comendo,suggested,1,
comendatis,la,comendo,suggested,1,
comestionem,la,comestio,suggested,1,
comilitium,la,comilitium,suggested,1,
comisserunt,la,comistto,suggested,1,
comisso,la,comitto,suggested,1,
comissum,la,comitto,suggested,1,
comit,la,como,suggested,1,
comitabantur,la,comitor,suggested,1,
comitantes,la,comitor,suggested,1,
comitari,la,comitor,suggested,1,
comitata,la,comitor,suggested,1,
comitatem,la,comitas,suggested,1,
comitati,la,comitor,suggested,1,
comitatis,la,comitas,suggested,1,
comitatum,la,comitatus,suggested,1,
comite,la,comes,suggested,1,
comitem,la,comes,suggested,1,
comiter,la,comiter,suggested,1,
comittendum,la,comitto,suggested,1,
comittere,la,comitto,suggested,1,
commeatum,la,commeatus,suggested,1,
commēendavit,la,commēendo,suggested,1,
commemorabit,la,commemoro,suggested,1,
commemoranda,la,commemoro,suggested,1,
commemorandis,la,commemoro,suggested,1,
commemorari,la,commemoro,suggested,1,
commemorat,la,commemoro,suggested,1,
commemorata,la,commemoro,suggested,1,
commemoratas,la,commemoro,suggested,1,
commemoratus,la,commemoro,suggested,1,
commendabant,la,commendo,suggested,1,
commendando,la,commendo,suggested,1,
commendarat,la,commendo,suggested,1,
commendare,la,commendo,suggested,1,
commendarent,la,commendo,suggested,1,
commendata,la,commendo,suggested,1,
commendatam,la,commendo,suggested,1,
commendatio,la,commendatio,suggested,1,
commendatione,la,commendatio,suggested,1,
commendatitiae,la,commendatitia,suggested,1,
commendatos,la,commendo,suggested,1,
commendaui,la,commendo,suggested,1,
commendauit,la,commendo,suggested,1,
commendemus,la,commendo,suggested,1,
commento,la,commentum,suggested,1,
commentus,la,commentus,suggested,1,
commigrar,la,commigro,suggested,1,
commigraret,la,commigro,suggested,1,
commigrarit,la,commigro,suggested,1,
comminati,la,comminor,suggested,1,
comminatione,la,comminatio,suggested,1,
commisario,la,commisarius,suggested,1,
commiscerentur,la,commisceo,suggested,1,
commisceri,la,commisceo,suggested,1,
commiserant,la,committo,suggested,1,
commisisse,la,committo,suggested,1,
commissam,la,committo,suggested,1,
commissionis,la,commissio,suggested,1,
commisso,la,committo,suggested,1,
commissorum,la,committo,suggested,1,
commissos,la,committo,suggested,1,
commissus,la,committo,suggested,1,
commitatur,la,commitor,suggested,1,
commitebat,la,commiteo,suggested,1,
committat,la,committo,suggested,1,
committatur,la,committo,suggested,1,
committebant,la,committo,suggested,1,
committens,la,committo,suggested,1,
committi,la,committo,suggested,1,
committit,la,committo,suggested,1,
committitur,la,committo,suggested,1,
commodas,la,commodus,suggested,1,
commodę,la,commodę,suggested,1,
commodi,la,commodum,suggested,1,
commodis,la,commodum,suggested,1,
commodissimum,la,commodus,suggested,1,
commoditas,la,commoditas,suggested,1,
commoditate,la,commoditas,suggested,1,
commoditates,la,commoditas,suggested,1,
commoditatibus,la,commoditas,suggested,1,
commodo,la,commodum,suggested,1,
commodorum,la,commodum,suggested,1,
commodumq,la,commodumq,suggested,1,
commonefaceret,la,commonefacio,suggested,1,
commonefacti,la,commonefacio,suggested,1,
commonefactus,la,commonefacio,suggested,1,
commonefecissemus,la,commonefipio,suggested,1,
commonefecit,la,commoneficio,suggested,1,
commorabatur,la,commoror,suggested,1,
commorantem,la,commoror,suggested,1,
commorantium,la,commoror,suggested,1,
commorarentur,la,commoror,suggested,1,
commorati,la,commoror,suggested,1,
commoratio,la,commoratio,suggested,1,
commoratione,la,commoratio,suggested,1,
commoratur,la,commoror,suggested,1,
commoraturus,la,commoro,suggested,1,
commota,la,commoueo,suggested,1,
commoverentur,la,commoveo,suggested,1,
commoveri,la,commoveo,suggested,1,
commovit,la,commoveo,suggested,1,
communia,la,communis,suggested,1,
communicamus,la,communico,suggested,1,
communicant,la,communico,suggested,1,
communicarent,la,communico,suggested,1,
communicaret,la,communico,suggested,1,
communicari,la,communico,suggested,1,
communicat,la,communico,suggested,1,
communicatae,la,communico,suggested,1,
communicavit,la,communico,suggested,1,
communicet,la,communico,suggested,1,
communierunt,la,communio,suggested,1,
communion,la,communis,suggested,1,
communione,la,communio,suggested,1,
communionis,la,communio,suggested,1,
communique,la,communique,suggested,1,
communitas,la,communitas,suggested,1,
communiterque,la,communiterque,suggested,1,
communito,la,communio,suggested,1,
communivit,la,communio,suggested,1,
commurini,la,Commurinus,suggested,1,
commutare,la,commuto,suggested,1,
commutaretur,la,commuto,suggested,1,
commutaturum,la,commuto,suggested,1,
commutavit,la,commuto,suggested,1,
como,es,como,suggested,1,
comodam,la,comodus,suggested,1,
comodum,la,comodus,suggested,1,
comoedia,la,comoedia,suggested,1,
comoediam,la,comoedia,suggested,1,
compacta,la,compactus,suggested,1,
compactarum,la,compacto,suggested,1,
compacti,la,compacto,suggested,1,
compago,la,compago,suggested,1,
comparare,la,comparo,suggested,1,
compararent,la,comparo,suggested,1,
compararunt,la,comparo,suggested,1,
comparassent,la,comparo,suggested,1,
comparasset,la,comparo,suggested,1,
comparationibus,la,comparatio,suggested,1,
comparatis,la,comparo,suggested,1,
comparaverat,la,comparo,suggested,1,
comparaverunt,la,comparo,suggested,1,
comparuerunt,la,compareo,suggested,1,
comparuisse,la,compareo,suggested,1,
comparuissent,la,compareo,suggested,1,
compatiamur,la,compatior,suggested,1,
compatiatur,la,compatior,suggested,1,
compegit,la,compego,suggested,1,
compelit,la,compelio,suggested,1,
compellabant,la,compello,suggested,1,
compellaret,la,compello,suggested,1,
compellat,la,compello,suggested,1,
compellere,la,compello,suggested,1,
compellerent,la,compello,suggested,1,
compellitur,la,compello,suggested,1,
compellunt,la,compello,suggested,1,
compendii,la,Compendius,suggested,1,
compensant,la,compenso,suggested,1,
compensari,la,compenso,suggested,1,
compensatio,la,compensatio,suggested,1,
compensaturam,la,compensatura,suggested,1,
compensavere,la,compenso,suggested,1,
compensavit,la,compenso,suggested,1,
comperiemus,la,comperio,suggested,1,
comperisem,la,comperio,suggested,1,
compertam,la,comperio,suggested,1,
comperti,la,comperio,suggested,1,
compescat,la,compesco,suggested,1,
competente,la,competo,suggested,1,
competentem,la,competo,suggested,1,
competenter,la,competenter,suggested,1,
competenti,la,competo,suggested,1,
competentibus,la,competo,suggested,1,
competunt,la,competo,suggested,1,
compilat,la,compilo,suggested,1,
compleamus,la,compleo,suggested,1,
compleat,la,compleo,suggested,1,
complebatur,la,compleo,suggested,1,
complect,la,compleo,suggested,1,
complectar,la,complector,suggested,1,
complectendam,la,complector,suggested,1,
complectuntur,la,complecto,suggested,1,
complendas,la,compleo,suggested,1,
complerem,la,compleo,suggested,1,
compleri,la,compleo,suggested,1,
completur,la,compleo,suggested,1,
completus,la,completus,suggested,1,
complevi,la,compleo,suggested,1,
complevit,la,compleo,suggested,1,
complexi,la,complector,suggested,1,
complexione,la,complexio,suggested,1,
complexionem,la,complexio,suggested,1,
componendi,la,compono,suggested,1,
componere,la,compono,suggested,1,
componeret,la,compono,suggested,1,
componunt,la,compono,suggested,1,
composita,la,compono,suggested,1,
compositae,la,compono,suggested,1,
compositione,la,compositio,suggested,1,
compositionem,la,compositio,suggested,1,
compositionibusq,la,composition,suggested,1,
compositiòque,la,compositiòque,suggested,1,
composito,la,compositum,suggested,1,
compositosque,la,compositosque,suggested,1,
composituros,la,composio,suggested,1,
compositus,la,compono,suggested,1,
composuerunt,la,compono,suggested,1,
compotes,la,compos,suggested,1,
comprehendens,la,comprehendo,suggested,1,
comprehendi,la,comprehendo,suggested,1,
comprehendit,la,comprehendo,suggested,1,
comprehenduntur,la,comprehendo,suggested,1,
comprehensa,la,comprehendo,suggested,1,
comprehensas,la,comprehendo,suggested,1,
comprehensi,la,comprehendo,suggested,1,
compressi,la,comprimo,suggested,1,
compressis,la,comprimo,suggested,1,
compressit,la,comprimo,suggested,1,
comprimendam,la,comprimo,suggested,1,
comprimit,la,comprimo,suggested,1,
comprobare,la,comprobo,suggested,1,
comprobaret,la,comprobo,suggested,1,
comprobari,la,comprobo,suggested,1,
comprobarunt,la,comprobo,suggested,1,
comprobatunt,la,comprobo,suggested,1,
compromiserant,la,compromitto,suggested,1,
compulisset,la,compulio,suggested,1,
compustellam,la,compustella,suggested,1,
computandum,la,computo,suggested,1,
computemus,la,computo,suggested,1,
computu,la,Computus,suggested,1,
comueniunt,la,comuenio,suggested,1,
comunem,la,communis,suggested,1,
comunicandi,la,comunico,suggested,1,
con,es,con,suggested,1,
conabantur,la,conor,suggested,1,
conamur,la,conor,suggested,1,
conantes,la,conor,suggested,1,
conaremur,la,conor,suggested,1,
conari,la,conor,suggested,1,
conata,la,conor,suggested,1,
conatusque,la,conatusque,suggested,1,
concedantur,la,concedo,suggested,1,
concedenda,la,concedo,suggested,1,
concedendo,la,concedo,suggested,1,
concedentes,la,concedo,suggested,1,
concedentibus,la,concedo,suggested,1,
concederetur,la,concedo,suggested,1,
concedet,la,concedo,suggested,1,
concedibilis,la,concedibilis,suggested,1,
concediere,es,concedierar,suggested,1,
concedis,la,concedo,suggested,1,
concedo,es,conceder,suggested,1,
conceduntur,la,concedo,suggested,1,
concepcion,la,Concepcion,suggested,1,
conceperant,la,concipio,suggested,1,
concepit,la,concipio,suggested,1,
concepta,la,concipio,suggested,1,
conceptam,la,concipio,suggested,1,
concepto,la,concipio,suggested,1,
conceptu,la,conceptus,suggested,1,
conceptum,la,concipio,suggested,1,
conceptus,la,conceptus,suggested,1,
concernentia,la,concerno,suggested,1,
concesserunt,la,concedo,suggested,1,
concessuram,la,concedo,suggested,1,
concessuros,la,concedo,suggested,1,
concessurum,la,concedo,suggested,1,
concessurus,la,concedo,suggested,1,
concessus,la,concessus,suggested,1,
concha,la,concha,suggested,1,
conchensis,la,conchendo,suggested,1,
concidat,la,concido,suggested,1,
conciderunt,la,concido,suggested,1,
concidi,la,concido,suggested,1,
concidit,la,concido,suggested,1,
concientiae,la,concientia,suggested,1,
conciliare,la,concilio,suggested,1,
conciliarent,la,concilio,suggested,1,
conciliaret,la,concilio,suggested,1,
conciliata,la,concilio,suggested,1,
conciliatâ,la,concilio,suggested,1,
conciliatur,la,concilio,suggested,1,
concilietur,la,concilio,suggested,1,
concilio,la,concilium,suggested,1,
concinnandum,la,concinno,suggested,1,
concionandi,la,conciono,suggested,1,
concionandum,la,conciono,suggested,1,
concionantur,la,conciono,suggested,1,
concionari,la,conciono,suggested,1,
concionatoria,la,concionatorius,suggested,1,
concionatoris,la,concionator,suggested,1,
concionatur,la,conciono,suggested,1,
concionem,la,concio,suggested,1,
concioni,la,concio,suggested,1,
concipientes,la,concipio,suggested,1,
concisae,la,concido,suggested,1,
concitat,la,concito,suggested,1,
concitata,la,concito,suggested,1,
concitatio,la,concitatio,suggested,1,
concitatus,la,concito,suggested,1,
conciues,la,conciuo,suggested,1,
conclamant,la,conclamo,suggested,1,
conclamatum,la,conclamo,suggested,1,
conclave,la,conclavis,suggested,1,
concludes,la,concludo,suggested,1,
concludi,la,concludo,suggested,1,
concluditur,la,concludo,suggested,1,
concluduntur,la,concludo,suggested,1,
conclusa,la,concludo,suggested,1,
conclusi,la,concludo,suggested,1,
conclusione,la,conclusio,suggested,1,
conclusionibus,la,conclusio,suggested,1,
conclusiva,la,conclusiuus,suggested,1,
conclusum,la,concludo,suggested,1,
concoquere,la,concoquo,suggested,1,
concordantes,la,concordo,suggested,1,
concordaverunt,la,concordo,suggested,1,
concordiis,la,concordia,suggested,1,
concreditae,la,concredo,suggested,1,
concubitum,la,concubitus,suggested,1,
concuerda,la,concuerdus,suggested,1,
conculcaretur,la,conculco,suggested,1,
concupiscamus,la,concupisco,suggested,1,
concupiscat,la,concupisco,suggested,1,
concupisco,la,concupisco,suggested,1,
concurrant,la,concurro,suggested,1,
concurrat,la,concurro,suggested,1,
concurrerent,la,concurro,suggested,1,
concurrerunt,la,concurro,suggested,1,
concurrimus,la,concurro,suggested,1,
concurrit,la,concurro,suggested,1,
concussae,la,concusdo,suggested,1,
concusserint,la,concustio,suggested,1,
concussit,la,concutio,suggested,1,
concutitur,la,concutio,suggested,1,
condant,la,condo,suggested,1,
condecoratus,la,condecoror,suggested,1,
condemnans,la,condemno,suggested,1,
condemnaret,la,condemno,suggested,1,
condemnata,la,condemno,suggested,1,
condenda,la,condo,suggested,1,
condendis,la,condo,suggested,1,
condere,la,condo,suggested,1,
condicione,la,condicio,suggested,1,
condicto,la,condico,suggested,1,
condiderit,la,condo,suggested,1,
condidisse,la,condo,suggested,1,
conditae,la,condo,suggested,1,
conditas,la,condo,suggested,1,
conditionesqne,la,conditionesqne,suggested,1,
conditionum,la,conditio,suggested,1,
conditisi,la,condo,suggested,1,
conditoris,la,conditor,suggested,1,
condixerunt,la,condico,suggested,1,
condolere,la,condoleo,suggested,1,
condoluere,la,condoluo,suggested,1,
condonanda,la,condono,suggested,1,
condonantur,la,condono,suggested,1,
condonaret,la,condono,suggested,1,
condonarit,la,condono,suggested,1,
condonata,la,condono,suggested,1,
condonate,la,condono,suggested,1,
condonationem,la,condonatio,suggested,1,
condonatum,la,condono,suggested,1,
condonatur,la,condono,suggested,1,
condonetur,la,condono,suggested,1,
condormiunt,la,condormio,suggested,1,
conduc,la,conduc,suggested,1,
conducit,la,conduco,suggested,1,
conductum,la,conduco,suggested,1,
conduetudinem,la,conduetudo,suggested,1,
conduxerunt,la,conduco,suggested,1,
cone,la,cone,suggested,1,
conentur.ob,la,coneo,suggested,1,
confaederatum,la,confaedo,suggested,1,
confaederatus,la,confaedo,suggested,1,
confalonerus,la,confaloner,suggested,1,
confecta,la,conficio,suggested,1,
confectae,la,conficio,suggested,1,
confederati,la,confedero,suggested,1,
conferantur,la,confero,suggested,1,
conferatur,la,confero,suggested,1,
conferendo,la,confero,suggested,1,
conferens,la,confero,suggested,1,
conferentiarum,la,conferentia,suggested,1,
conferrem,la,confero,suggested,1,
conferrent,la,confero,suggested,1,
conferturque,la,conferturque,suggested,1,
confessar,es,confessar,suggested,1,
confessario,la,confessarius,suggested,1,
confessarium,la,confessarius,suggested,1,
confessarli,la,confessarlus,suggested,1,
confession,es,confessión,suggested,1,
confessiones,es,confessión,suggested,1,
confesso,la,confiteor,suggested,1,
confessoribus,la,confessor,suggested,1,
conficere,la,conficio,suggested,1,
conficeretur,la,conficio,suggested,1,
confici,la,conficio,suggested,1,
conficiamur,la,conficio,suggested,1,
conficiebant,la,conficio,suggested,1,
conficiendi,la,conficio,suggested,1,
conficiendum,la,conficio,suggested,1,
conficit,la,conficio,suggested,1,
conficitur,la,conficio,suggested,1,
confidebant,la,confido,suggested,1,
confidens,la,confido,suggested,1,
confidentes,la,confido,suggested,1,
confidunt,la,confido,suggested,1,
confines,la,confinis,suggested,1,
confini,la,confinis,suggested,1,
confinia,la,confinium,suggested,1,
confinibus,la,confinus,suggested,1,
confiniis,la,confinius,suggested,1,
confirmandam,la,confirmo,suggested,1,
confirmando,la,confirmo,suggested,1,
confirmarentur,la,confirmo,suggested,1,
confirmarit,la,confirmo,suggested,1,
confirmarunt,la,confirmo,suggested,1,
confirmati,la,confirmo,suggested,1,
confirmationis,la,confirmatio,suggested,1,
confirmaturum,la,confirmo,suggested,1,
confisi,la,confido,suggested,1,
confitenda,la,confiteor,suggested,1,
confiteri,la,confiteor,suggested,1,
confixerint,la,confixio,suggested,1,
conflagrationem,la,conflagratio,suggested,1,
conflarunt,la,conflo,suggested,1,
conflatur,la,conflo,suggested,1,
confli,la,conflus,suggested,1,
conflictari,la,conflicto,suggested,1,
conflictus,la,conflictus,suggested,1,
confligit,la,confligo,suggested,1,
conflu,la,conflus,suggested,1,
confluentium,la,confluo,suggested,1,
confluerent,la,confluo,suggested,1,
confluet,la,confluo,suggested,1,
confoederati,la,confoedero,suggested,1,
confoederationis,la,confoederatio,suggested,1,
confoederatis,la,confoedero,suggested,1,
confor,la,confor,suggested,1,
conformamus,la,conformo,suggested,1,
conformari,la,conformo,suggested,1,
conformi,la,conformis,suggested,1,
conformia,la,conformis,suggested,1,
conformis,la,conformis,suggested,1,
conformitatem,la,conformitas,suggested,1,
confortante,la,conforto,suggested,1,
confortat,la,conforto,suggested,1,
confortavit,la,conforto,suggested,1,
confossus,la,confosndo,suggested,1,
confucii,la,confucius,suggested,1,
confugere,la,confugio,suggested,1,
confugiebant,la,confugio,suggested,1,
confugientes,la,confugio,suggested,1,
confugientibus,la,confugio,suggested,1,
confugisse,la,confugio,suggested,1,
confundantur,la,confundo,suggested,1,
confundatur,la,confundo,suggested,1,
confundendo,la,confundo,suggested,1,
confundendum,la,confundo,suggested,1,
confunderetur,la,confundo,suggested,1,
confusa,la,confundo,suggested,1,
confusam,la,confundo,suggested,1,
confusas,la,confundo,suggested,1,
confusio,la,confusio,suggested,1,
confusionem,la,confusio,suggested,1,
confusionis,la,confusio,suggested,1,
confusos,la,confundo,suggested,1,
confutantur,la,confuto,suggested,1,
confutatio,la,confutatio,suggested,1,
congensi,la,congensum,suggested,1,
congensium,la,Congenses,suggested,1,
congr,la,congr,suggested,1,
congratulantium,la,congratulor,suggested,1,
congregan,la,congrego,suggested,1,
congregandorum,la,congrego,suggested,1,
congregant,la,congrego,suggested,1,
congregante,la,congrego,suggested,1,
congregantes,la,congrego,suggested,1,
congregarentur,la,congrego,suggested,1,
congregaret,la,congrego,suggested,1,
congregarunt,la,congrego,suggested,1,
congregata,la,congrego,suggested,1,
congregatae,la,congrego,suggested,1,
congregatorum,la,congrego,suggested,1,
congregaverunt,la,congrego,suggested,1,
congregetur,la,congrego,suggested,1,
congruebat,la,congruo,suggested,1,
congruens,la,congruo,suggested,1,
congruentem,la,congruo,suggested,1,
congruentes,la,congruo,suggested,1,
congruentibus,la,congruo,suggested,1,
congruentior,la,congruo,suggested,1,
conguensem,la,conguensis,suggested,1,
conguensis,la,conguensis,suggested,1,
coniecisse,la,conicio,suggested,1,
coniect,la,concio,suggested,1,
coniectabunt,la,coniecto,suggested,1,
coniecti,la,conicio,suggested,1,
coniecturaliter,la,coniecturaliter,suggested,1,
coniecturam,la,coniectura,suggested,1,
coniecturos,la,conieccio,suggested,1,
coniicerent,la,coniicio,suggested,1,
coniiceret,la,coniicio,suggested,1,
coniici,la,coniicio,suggested,1,
coniiciebamus,la,coniicio,suggested,1,
coniiciet,la,coniicio,suggested,1,
coniiciunt,la,coniicio,suggested,1,
conijcere,la,conijco,suggested,1,
conimbricensis,la,conimbricens,suggested,1,
coninctione,la,coninctio,suggested,1,
coniugale,la,coniugalis,suggested,1,
coniugali,la,coniugalis,suggested,1,
coniugata,la,coniugo,suggested,1,
coniugia,la,coniugium,suggested,1,
coniugiorum,la,coniugium,suggested,1,
coniugis,la,coniux,suggested,1,
coniugium,la,coniugium,suggested,1,
coniunc,la,coniux,suggested,1,
coniuncta,la,coniungo,suggested,1,
coniunctam,la,coniungo,suggested,1,
coniuncte,la,coniungo,suggested,1,
coniunctiores,la,coniunctus,suggested,1,
coniunctissimus,la,coniunctus,suggested,1,
coniungerentur,la,coniungo,suggested,1,
coniungeret,la,coniungo,suggested,1,
coniungitur,la,coniungo,suggested,1,
coniuractione,la,coniuractio,suggested,1,
coniurant,la,coniuro,suggested,1,
coniuratio,la,coniuratio,suggested,1,
conjici,la,conjicio,suggested,1,
conjuncta,la,conjungo,suggested,1,
conjuncto,la,conjungo,suggested,1,
conjungere,la,conjungo,suggested,1,
conjurati,la,conjuro,suggested,1,
connotulit,la,connofero,suggested,1,
connurensem,la,connurensis,suggested,1,
conourensi,la,conourensus,suggested,1,
conourensis,la,conourensus,suggested,1,
conpulerunt,la,conpello,suggested,1,
conqueri,la,conquo,suggested,1,
conquesti,la,conquestus,suggested,1,
conquierunt,la,conquio,suggested,1,
conquievisset,la,conquiesco,suggested,1,
conquiri,la,conquiro,suggested,1,
conquisitos,la,conquisio,suggested,1,
conquisitus,la,conquiro,suggested,1,
conrado,la,conradus,suggested,1,
consalutavit,la,consaluto,suggested,1,
consalvus,la,Consalvus,suggested,1,
consanguineus,la,consanguineus,suggested,1,
consceleratis,la,conscelero,suggested,1,
conscendat,la,conscendo,suggested,1,
conscendendam,la,conscendo,suggested,1,
conscenderant,la,conscendo,suggested,1,
conscenderent,la,conscendo,suggested,1,
conscendunt,la,conscendo,suggested,1,
conscensa,la,conscendo,suggested,1,
conscidisse,la,conscido,suggested,1,
conscientie,la,conscientia,suggested,1,
conscientiis,la,conscientia,suggested,1,
conscii,la,conscius,suggested,1,
consciis,la,conscius,suggested,1,
conscius,la,conscius,suggested,1,
conscribentium,la,conscribo,suggested,1,
conscriberem,la,conscribo,suggested,1,
conscriberetur,la,conscribo,suggested,1,
conscribunt,la,conscribo,suggested,1,
consecrati,la,consecro,suggested,1,
consecratio,la,consecratio,suggested,1,
consecrationis,la,consecratio,suggested,1,
consecrato,la,consecro,suggested,1,
consecrent,la,consecro,suggested,1,
consectatur,la,consecto,suggested,1,
consecutae,la,consequor,suggested,1,
consecutum,la,consequor,suggested,1,
consecuturae,la,consefero,suggested,1,
consecuturam,la,consecuturo,suggested,1,
consecuturis,la,consecuquor,suggested,1,
consecutus,la,consequor,suggested,1,
consederunt,la,consido,suggested,1,
consensit,la,consentio,suggested,1,
consensiunt,la,consensio,suggested,1,
consensum,la,consensus,suggested,1,
consentaneus,la,consentaneus,suggested,1,
consentiente,la,consentio,suggested,1,
consequantur,la,consequor,suggested,1,
consequatur,la,consequor,suggested,1,
consequendum,la,consequor,suggested,1,
consequentes,la,consequor,suggested,1,
consequeretur,la,consequor,suggested,1,
consequuntur,la,consequor,suggested,1,
conseruamur,la,conseruo,suggested,1,
conseruarent,la,conseruo,suggested,1,
conseruatae,la,conseruo,suggested,1,
conseruet,la,conseruo,suggested,1,
conservandam,la,conseruo,suggested,1,
conservandis,la,conservo,suggested,1,
conservando,pt,conservar,suggested,1,
conservandum,la,conseruo,suggested,1,
conservarunt,la,conservo,suggested,1,
conservat,la,conservo,suggested,1,
conservata,la,conseruo,suggested,1,
conservatio,la,conservatio,suggested,1,
conservatione,la,conservatio,suggested,1,
conservet,la,conservo,suggested,1,
conservos,la,conservus,suggested,1,
consessit,la,consedo,suggested,1,
conside,la,conside,suggested,1,
considera,la,considero,suggested,1,
considerabant,la,considero,suggested,1,
considerabilis,la,considerabilis,suggested,1,
considerant,la,considero,suggested,1,
consideraret,la,considero,suggested,1,
considerate,la,considero,suggested,1,
consideratio,la,consideratio,suggested,1,
considerauerint,la,considero,suggested,1,
consideravimus,la,considero,suggested,1,
considero,la,considero,suggested,1,
considet,la,consido,suggested,1,
consignata,la,consigno,suggested,1,
consiliariisq,la,consiliariisis,suggested,1,
consilioque,la,consilioque,suggested,1,
consistens,la,consisto,suggested,1,
consistentem,la,consisto,suggested,1,
consistere,la,consisto,suggested,1,
consistunt,la,consisto,suggested,1,
consobrinum,la,consobrinus,suggested,1,
consobrinus,la,consobrinus,suggested,1,
consolandam,la,consolo,suggested,1,
consolati,la,consolor,suggested,1,
consolationi,la,consolatio,suggested,1,
consolationis,la,consolatio,suggested,1,
consolatorem,la,consolator,suggested,1,
consolentur,la,consoleor,suggested,1,
consona,la,consonus,suggested,1,
consonantem,la,consonor,suggested,1,
conspectus,la,conspectus,suggested,1,
conspexere,la,consicio,suggested,1,
conspexi,la,conspicio,suggested,1,
conspiciebant,la,conspicio,suggested,1,
conspiciebat,la,conspicio,suggested,1,
conspicietur,la,conspicio,suggested,1,
conspicitur,la,conspicio,suggested,1,
conspicua,la,conspicuus,suggested,1,
conspiratio,la,conspiratio,suggested,1,
conspirationem,la,conspiratio,suggested,1,
constabant,la,consto,suggested,1,
constantiae,la,constantia,suggested,1,
constantibus,la,constor,suggested,1,
constantino,la,constantinus,suggested,1,
constantinum,la,constantinus,suggested,1,
constantis,la,consto,suggested,1,
constantissime,la,constanter,suggested,1,
constantissimi,la,constans,suggested,1,
constarent,la,consto,suggested,1,
constaret,la,consto,suggested,1,
constent,la,consto,suggested,1,
consternatos,la,consterno,suggested,1,
constipati,la,constipo,suggested,1,
constiterit,la,consisto,suggested,1,
constituendam,la,constituo,suggested,1,
constituendus,la,constituo,suggested,1,
constituentes,la,constituo,suggested,1,
constituerent,la,constituo,suggested,1,
constitueretur,la,constituo,suggested,1,
constituerint,la,constituo,suggested,1,
constituissent,la,constituo,suggested,1,
constitutione,la,constitutio,suggested,1,
constitutionem,la,constitutio,suggested,1,
constitutiuculas,la,constitutiucula,suggested,1,
constituto,la,constituo,suggested,1,
constricta,la,constringo,suggested,1,
construenda,la,construo,suggested,1,
construendam,la,construo,suggested,1,
construetis,la,construo,suggested,1,
construi,la,construo,suggested,1,
construunt,la,construo,suggested,1,
construxit,la,construo,suggested,1,
constutuit,la,constutuo,suggested,1,
consuerat,la,consuesco,suggested,1,
consuetis,la,consuesco,suggested,1,
consuetudinem,la,consuetudo,suggested,1,
consuetudini,la,consuetudo,suggested,1,
consuetudo,la,consuetudo,suggested,1,
consueuerat,la,consuesco,suggested,1,
consueuit,la,consuesco,suggested,1,
consueverat,la,consuesco,suggested,1,
consueverunt,la,consuesco,suggested,1,
consule,la,consul,suggested,1,
consulentibus,la,consulo,suggested,1,
consuleret,la,consulo,suggested,1,
consult,la,Consult,suggested,1,
consulta,la,consulo,suggested,1,
consultationi,la,consultatio,suggested,1,
consultavimus,la,consulto,suggested,1,
consultius,la,consultius,suggested,1,
consultiva,la,consultivus,suggested,1,
consuluisset,la,consulo,suggested,1,
consumamus,la,consumo,suggested,1,
consumatus,la,consumo,suggested,1,
consumenda,la,consumo,suggested,1,
consumere,la,consumo,suggested,1,
consumeret,la,consumo,suggested,1,
consummandum,la,consummo,suggested,1,
consummatio,la,consummatio,suggested,1,
consummationem,la,consummatio,suggested,1,
consumpserunt,la,consumo,suggested,1,
consumpsimus,la,consumo,suggested,1,
consumptis,la,consumo,suggested,1,
consurensis,la,consurensis,suggested,1,
contabescunt,la,contabesco,suggested,1,
contactu,la,contactus,suggested,1,
contactus,la,contactus,suggested,1,
contaminat,la,contamino,suggested,1,
contectos,la,conteho,suggested,1,
contemnenda,la,contemno,suggested,1,
contemnendae,la,contemno,suggested,1,
contemnendis,la,contemno,suggested,1,
contemnentes,la,contemno,suggested,1,
contemneremus,la,contemno,suggested,1,
contemneret,la,contemno,suggested,1,
contemni,la,contemno,suggested,1,
contemplari,la,contemplor,suggested,1,
contemplationis,la,contemplatio,suggested,1,
contemptibilia,la,contemptibilis,suggested,1,
contemptim,la,contemptim,suggested,1,
contemptos,la,contemo,suggested,1,
contemptui,la,contemptus,suggested,1,
contendant,la,contendo,suggested,1,
contendendum,la,contendo,suggested,1,
contenderat,la,contendo,suggested,1,
contenderent,la,contendo,suggested,1,
contendisse,la,contendo,suggested,1,
contendo,la,contendo,suggested,1,
contenta,la,contineo,suggested,1,
contentas,la,contineo,suggested,1,
contentiones,la,contentio,suggested,1,
contentionibus,la,contentio,suggested,1,
contentiose,la,contentiose,suggested,1,
contentissima,la,contentus,suggested,1,
contentum,la,contineo,suggested,1,
conterruit,la,conterreo,suggested,1,
contexere,la,contexeo,suggested,1,
contextis,la,contexta,suggested,1,
contexunt,la,contexum,suggested,1,
contigerunt,la,contingo,suggested,1,
contigisset,la,contingo,suggested,1,
contineatur,la,contineo,suggested,1,
continebant,la,contineo,suggested,1,
continebantur,la,contineo,suggested,1,
continendis,la,contineo,suggested,1,
continent,la,contineo,suggested,1,
continente,la,contineo,suggested,1,
continenter,la,continenter,suggested,1,
continentia,la,continentia,suggested,1,
continentiae,la,continentia,suggested,1,
contineo,la,contineo,suggested,1,
contineretur,la,contineo,suggested,1,
contineri,la,contineo,suggested,1,
continetur,la,contineo,suggested,1,
contingeret,la,contingo,suggested,1,
continget,la,contingo,suggested,1,
continuandae,la,continuo,suggested,1,
continuare,la,continuo,suggested,1,
continuata,la,continuo,suggested,1,
continuati,la,continuo,suggested,1,
continuatione,la,continuatio,suggested,1,
continue,la,continue,suggested,1,
continuò,la,continuò,suggested,1,
continuum,la,continuus,suggested,1,
contracta,la,contraho,suggested,1,
contractant,la,contracto,suggested,1,
contractibus,la,contractus,suggested,1,
contractus,la,contraho,suggested,1,
contrada,la,contrada,suggested,1,
contradicendum,la,contradico,suggested,1,
contradicente,la,contradico,suggested,1,
contradicere,la,contradico,suggested,1,
contradixerunt,la,contradico,suggested,1,
contraham,la,contraho,suggested,1,
contrahentibus,la,contraho,suggested,1,
contraire,la,contraeo,suggested,1,
contrariis,la,contrarius,suggested,1,
contrario,la,contrarius,suggested,1,
contrauero,la,contrauo,suggested,1,
contraxerat,la,contraho,suggested,1,
contraxerim,la,contraho,suggested,1,
contraximus,la,contrao,suggested,1,
contraxisse,la,contrao,suggested,1,
contrectari,la,contrecto,suggested,1,
contritione,la,contritio,suggested,1,
contritionis,la,contritio,suggested,1,
controversia,la,controversia,suggested,1,
controversiae,la,controversia,suggested,1,
controversiam,la,controversia,suggested,1,
controversias,la,controversia,suggested,1,
contrucidandos,la,contrucido,suggested,1,
contrucidarunt,la,contrucido,suggested,1,
contrucidatis,la,contrucido,suggested,1,
contulere,la,contulo,suggested,1,
contulisset,la,confero,suggested,1,
contumeliam,la,contumelia,suggested,1,
contumelijs,la,contumelia,suggested,1,
contumeliose,la,contumeliose,suggested,1,
conuenentem,la,conueneo,suggested,1,
conuenentia,la,conuenentia,suggested,1,
conueniens,la,conuenio,suggested,1,
conuentu,la,conuentus,suggested,1,
conuersi,la,conuerto,suggested,1,
conuertat,la,conuerto,suggested,1,
conuertatur,la,conuerto,suggested,1,
conuestiret,la,conuestio,suggested,1,
conuictu,la,conuictus,suggested,1,
convalueram,la,convaleo,suggested,1,
convehenda,la,convehendo,suggested,1,
convenerant,la,convenio,suggested,1,
convenere,la,convenio,suggested,1,
convenerit,la,convenio,suggested,1,
conveni,la,conuenio,suggested,1,
convenientes,la,convenio,suggested,1,
conveniet,la,convenio,suggested,1,
convenimus,la,convenio,suggested,1,
convento,es,convento,suggested,1,
conversae,la,converto,suggested,1,
conversatione,la,conversatio,suggested,1,
conversatus,la,conversor,suggested,1,
conversis,la,converto,suggested,1,
convertantur,la,converto,suggested,1,
convertatur,la,converto,suggested,1,
convertendam,la,converto,suggested,1,
convertendi,la,converto,suggested,1,
converterent,la,converto,suggested,1,
converteretur,la,converto,suggested,1,
convertitur,la,converto,suggested,1,
convertunt,la,converto,suggested,1,
convicta,la,conuinco,suggested,1,
convicti,la,convinco,suggested,1,
convictis,la,convinco,suggested,1,
convictus,la,convinco,suggested,1,
convivantes,la,convivor,suggested,1,
convocarant,la,convoco,suggested,1,
conzuraensi,la,conzuraensus,suggested,1,
cooperatoribus,la,cooperator,suggested,1,
cooperientes,la,cooperio,suggested,1,
coopertorio,la,coopertorium,suggested,1,
coopertus,la,cooperio,suggested,1,
cooptat,la,coopto,suggested,1,
copiasque,la,copiasque,suggested,1,
copiosi,la,copiosus,suggested,1,
copiosiore,la,copiosus,suggested,1,
copiosos,la,copiosus,suggested,1,
copiosum,la,copiosus,suggested,1,
copulabitur,la,copulo,suggested,1,
copulati,la,copulo,suggested,1,
copulatione,la,copulatio,suggested,1,
copulationem,la,copulatio,suggested,1,
copulatis,la,copulo,suggested,1,
copulatur,la,copulo,suggested,1,
copulatus,la,copulo,suggested,1,
coraeam,la,coraeus,suggested,1,
corai,la,cora,suggested,1,
coraiana,la,Coraianus,suggested,1,
coraiani,la,Coraianus,suggested,1,
coraianum,la,Coraianus,suggested,1,
cordati,la,cordor,suggested,1,
cordatum,la,cordo,suggested,1,
cordatus,la,cordo,suggested,1,
cordium,la,cor,suggested,1,
cordonum,la,cordo,suggested,1,
coream,la,corea,suggested,1,
coreani,la,coreanus,suggested,1,
coreanos,la,coreanus,suggested,1,
corensis,la,corensis,suggested,1,
corenzam,la,Corenza,suggested,1,
corii,la,corium,suggested,1,
corina,la,corina,suggested,1,
corio,la,corium,suggested,1,
corium,la,corium,suggested,1,
cornu,la,cornu,suggested,1,
coronado,la,Coronadus,suggested,1,
coronae,la,corona,suggested,1,
coronarum,la,corona,suggested,1,
coronarunt,la,corono,suggested,1,
coronatam,la,corono,suggested,1,
coronati,la,corono,suggested,1,
coronatum,la,corono,suggested,1,
corporae,la,corpora,suggested,1,
corpoream,la,corporeus,suggested,1,
corporeis,la,corporeus,suggested,1,
corpusque,la,corpusque,suggested,1,
corrasit,la,corro,suggested,1,
correcta,la,corrigo,suggested,1,
correcti,la,corrigo,suggested,1,
correctos,la,corrigo,suggested,1,
corrigat,la,corrigo,suggested,1,
corrigatur,la,corrigo,suggested,1,
corrigendos,la,corrigo,suggested,1,
corripere,la,corripio,suggested,1,
corripiendi,la,corripio,suggested,1,
corripuerit,la,corripo,suggested,1,
corroborati,la,corroboro,suggested,1,
corroboratum,la,corroboro,suggested,1,
corruat,la,corruo,suggested,1,
corruere,la,corruo,suggested,1,
corrueret,la,corruo,suggested,1,
corruet,la,corruo,suggested,1,
corrumpit,la,corrumpo,suggested,1,
corrupit,la,corrupio,suggested,1,
corruptela,la,corruptela,suggested,1,
corruptelae,la,corruptela,suggested,1,
corruptionis,la,corruptio,suggested,1,
corruptis,la,corrumpo,suggested,1,
corruptissimo,la,corruptus,suggested,1,
corrupto,la,corrumpo,suggested,1,
corruptos,la,corrumpo,suggested,1,
corruptum,la,corrumpo,suggested,1,
cortalinum,la,Cortalinum,suggested,1,
cortesius,la,Cortesius,suggested,1,
cortice,la,cortex,suggested,1,
corumi,la,corumus,suggested,1,
coruscantem,la,corusco,suggested,1,
coruscantes,la,corusco,suggested,1,
cosmiannes,la,Cosmiannes,suggested,1,
cospectum,la,cospectus,suggested,1,
cossora,la,Cossora,suggested,1,
costantes,la,costo,suggested,1,
costantiâ,la,costo,suggested,1,
costantini,la,costantinus,suggested,1,
costrorum,la,coster,suggested,1,
cotidianum,la,cotidianus,suggested,1,
coulão,la,coulãus,suggested,1,
coviglian,la,coviglian,suggested,1,
coymbrae,la,coymbras,suggested,1,
cozurensem,la,cozurenses,suggested,1,
cramentorum,la,cramentum,suggested,1,
cramentum,la,cramentum,suggested,1,
crassis,la,crassus,suggested,1,
crassum,la,crassus,suggested,1,
crassus,la,crassus,suggested,1,
crastino,la,crastinus,suggested,1,
crati,la,cratus,suggested,1,
creabatur,la,creo,suggested,1,
creatarum,la,creo,suggested,1,
creatas,la,creo,suggested,1,
creaturae,la,creatura,suggested,1,
creaturȩ,la,creaturȩ,suggested,1,
creauit,la,creo,suggested,1,
creavit,la,creo,suggested,1,
creberrime,la,creber,suggested,1,
crebra,la,creber,suggested,1,
crebrae,la,creber,suggested,1,
crebriores,la,crebrior,suggested,1,
crebris,la,creber,suggested,1,
crebrisque,la,crebrisque,suggested,1,
crebrius,la,crebrius,suggested,1,
crebrò,la,crebrò,suggested,1,
credant,la,credo,suggested,1,
credas,la,credo,suggested,1,
credebant,la,credo,suggested,1,
credebatur,la,credo,suggested,1,
credenti,la,credo,suggested,1,
crederentur,la,credo,suggested,1,
crederes,la,credo,suggested,1,
crederet,la,credo,suggested,1,
crederetur,la,credo,suggested,1,
credet,la,credo,suggested,1,
credetes,la,credo,suggested,1,
credibile,la,credibilis,suggested,1,
credibilitatis,la,credibilitas,suggested,1,
credideritis,la,credo,suggested,1,
crediderunt,la,credo,suggested,1,
credit,la,credo,suggested,1,
creditis,la,credo,suggested,1,
creditoribus,la,creditor,suggested,1,
credituque,la,credituo,suggested,1,
cremarunt,la,cremo,suggested,1,
crescebat,la,cresco,suggested,1,
creverit,la,cerno,suggested,1,
criminalem,la,criminalis,suggested,1,
criminali,la,criminalis,suggested,1,
criminationes,la,criminatio,suggested,1,
criminis,la,crimen,suggested,1,
critana,la,Critana,suggested,1,
crocei,la,croceus,suggested,1,
croceo,la,croceus,suggested,1,
crocino,la,crocinus,suggested,1,
cruc,la,cruc,suggested,1,
cruci,la,crux,suggested,1,
cruciantur,la,crucio,suggested,1,
cruciarentur,la,crucio,suggested,1,
cruciatu,la,cruciatus,suggested,1,
cruciatum,la,cruciatus,suggested,1,
crucifixus,la,crucifigo,suggested,1,
crucior,la,crucior,suggested,1,
crude,la,crude,suggested,1,
crudelem,la,crudelis,suggested,1,
crudeles,la,crudelis,suggested,1,
crudelior,la,crudelis,suggested,1,
crudelis,la,crudelis,suggested,1,
crudelissima,la,crudelis,suggested,1,
crudelissimi,la,crudelis,suggested,1,
crudelissimus,la,crudelis,suggested,1,
crudelitas,la,crudelitas,suggested,1,
crudelitati,la,crudelitas,suggested,1,
cruentam,la,cruentus,suggested,1,
crusta,la,crustum,suggested,1,
ct,la,ct,suggested,1,
ctare,la,cto,suggested,1,
cti,la,cti,suggested,1,
cto,la,cto,suggested,1,
ctor,la,ctor,suggested,1,
ctoriae,la,ctoria,suggested,1,
ctum,la,ctum,suggested,1,
ctus,la,ctus,suggested,1,
cubernator,la,cubernator,suggested,1,
cubiculorum,la,cubiculum,suggested,1,
cubiculum,la,cubiculum,suggested,1,
cubile,la,cubilis,suggested,1,
cubili,la,cubile,suggested,1,
çuchuen,la,çuchuis,suggested,1,
cuhna,la,cuhna,suggested,1,
cuiqu,la,quisqu,suggested,1,
cuiu,la,cuiu,suggested,1,
cuiuch,la,cuiuch,suggested,1,
cuiusmodi,la,cuiusmodi,suggested,1,
cuiusq,la,quiu,suggested,1,
cuiusque,la,quisque,suggested,1,
cuiusvis,la,quiusv,suggested,1,
culis,la,culus,suggested,1,
culmina,la,culmen,suggested,1,
culo,la,culus,suggested,1,
culpam,la,culpa,suggested,1,
culpas,la,culpas,suggested,1,
cult,la,cult,suggested,1,
culta,la,cultus,suggested,1,
cultellus,la,cultellus,suggested,1,
cultibus,la,cultus,suggested,1,
cultissimis,la,cultus,suggested,1,
cultorem,la,cultor,suggested,1,
culturum,la,culo,suggested,1,
cumulabat,la,cumulo,suggested,1,
cumulate,la,cumulo,suggested,1,
cumulatiora,la,cumulatus,suggested,1,
cumulatiore,la,cumulatus,suggested,1,
cumulatiorem,la,cumulatis,suggested,1,
cumulatissime,la,cumulate,suggested,1,
cumulato,la,cumulo,suggested,1,
cumulatur,la,cumulo,suggested,1,
cumuletur,la,cumulo,suggested,1,
cumulos,la,cumulus,suggested,1,
cumulum,la,cumulus,suggested,1,
cumunem,la,cumunis,suggested,1,
cun,la,cum,suggested,1,
cunabulis,la,cunabula,suggested,1,
cuncta,la,cunctus,suggested,1,
cunctatus,la,cunctatus,suggested,1,
cunctis,la,cunctus,suggested,1,
cuncto,la,cunctus,suggested,1,
cuneorum,la,cuneus,suggested,1,
cunha,la,cunha,suggested,1,
cuniculis,la,cuniculus,suggested,1,
cuniculo,la,cuniculus,suggested,1,
cupando,la,cupo,suggested,1,
cupiamus,la,cupio,suggested,1,
cupidinis,la,cupido,suggested,1,
cupidis,la,cupidus,suggested,1,
cupidus,la,cupidus,suggested,1,
cupientium,la,cupio,suggested,1,
cupiêre,la,cupiêro,suggested,1,
cupimus,la,cupio,suggested,1,
cupio,la,cupio,suggested,1,
cupit,la,cupio,suggested,1,
cupiunt,la,cupio,suggested,1,
cupressos,la,cuprimo,suggested,1,
curabis,la,curo,suggested,1,
curabit,la,curo,suggested,1,
curabitis,la,curo,suggested,1,
curabitur,la,curo,suggested,1,
curandis,la,curo,suggested,1,
curando,la,curo,suggested,1,
curantes,la,curo,suggested,1,
curari,la,curo,suggested,1,
curarint,la,curo,suggested,1,
curarunt,la,curo,suggested,1,
curasse,la,curo,suggested,1,
curat,la,curo,suggested,1,
curate,la,curo,suggested,1,
curationem,la,curatio,suggested,1,
curato,la,curo,suggested,1,
curatos,la,curo,suggested,1,
curatum,la,curo,suggested,1,
curatumque,la,curatumquus,suggested,1,
curatur,la,curo,suggested,1,
curatus,la,curo,suggested,1,
curaverat,la,curo,suggested,1,
curavimus,la,curo,suggested,1,
curavit,la,curo,suggested,1,
curę,la,curę,suggested,1,
curensem,la,curenses,suggested,1,
curensi,la,curensis,suggested,1,
curent,la,curo,suggested,1,
curentur,la,curo,suggested,1,
curetis,la,curo,suggested,1,
curiae,la,curia,suggested,1,
curiosa,la,curiosus,suggested,1,
curiose,la,curiose,suggested,1,
curis,la,cura,suggested,1,
currendum,la,curro,suggested,1,
currum,la,currus,suggested,1,
cursor,la,cursor,suggested,1,
cursui,la,cursus,suggested,1,
custdiam,la,custdia,suggested,1,
custodi,la,custodus,suggested,1,
custodias,la,custodia,suggested,1,
custodiat,la,custodio,suggested,1,
custodibus,la,custos,suggested,1,
custodie,la,custodie,suggested,1,
custodiebant,la,custodio,suggested,1,
custodiebat,la,custodio,suggested,1,
custodiendas,la,custodio,suggested,1,
custodiens,la,custodio,suggested,1,
custodientes,la,custodio,suggested,1,
custodiretur,la,custodio,suggested,1,
custoditos,la,custodio,suggested,1,
custodiunt,la,custodio,suggested,1,
cuy,la,cuy,suggested,1,
cvm,la,cvm,suggested,1,
cycladas,la,cycladas,suggested,1,
cycladum,la,cycladus,suggested,1,
cynocephales,la,cynocephalis,suggested,1,
cypri,la,Cyprus,suggested,1,
cyprum,la,cyprus,suggested,1,
cyrcassos,la,cyrcassus,suggested,1,
cyrenem,la,cyrenes,suggested,1,
cyrurgicus,la,cyrurgicus,suggested,1,
cythera,la,cythera,suggested,1,
cyzicum,la,cyzicus,suggested,1,
d.domina,la,d.dominus,suggested,1,
d.petrum,la,d.petrus,suggested,1,
d’acosta,la,d’acosta,suggested,1,
d’amaral,la,d’amaral,suggested,1,
d’azevedo,la,d’azevo,suggested,1,
dabant,la,do,suggested,1,
dabimus,la,do,suggested,1,
dabit,la,do,suggested,1,
dabitur,la,do,suggested,1,
daciam,la,dacius,suggested,1,
dada,es,dado,suggested,1,
dae,la,des,suggested,1,
daemon,la,daemon,suggested,1,
daemonem,la,daemon,suggested,1,
daemoniacis,la,daemoniacus,suggested,1,
daemoniis,la,daemonium,suggested,1,
daemonijs,la,daemonium,suggested,1,
daemonis,la,daemon,suggested,1,
daifu,la,Daifus,suggested,1,
daifusame,la,daifusamus,suggested,1,
dalla,la,dalla,suggested,1,
dalmatenum,la,dalmaten,suggested,1,
dalmatia,la,dalmatia,suggested,1,
damani,la,damanus,suggested,1,
damascenam,la,damascenus,suggested,1,
damascus,la,damascus,suggested,1,
damianus,la,damianus,suggested,1,
damnant,la,damno,suggested,1,
damnarunt,la,damno,suggested,1,
damnat,la,damno,suggested,1,
damnata,la,damno,suggested,1,
damnatio,la,damnatio,suggested,1,
damnatis,la,damno,suggested,1,
damnatos,la,damno,suggested,1,
damnauerat,la,damno,suggested,1,
damnavit,la,damno,suggested,1,
damnent,la,damno,suggested,1,
damnorum,la,damnum,suggested,1,
damnosam,la,damnosus,suggested,1,
danda,la,do,suggested,1,
dandis,la,do,suggested,1,
dando,la,do,suggested,1,
danielis,la,daniel,suggested,1,
dante,la,do,suggested,1,
danuuium,la,danuuius,suggested,1,
dar,la,do,suggested,1,
dardania,la,Dardania,suggested,1,
dardanicum,la,dardanicus,suggested,1,
darem,la,do,suggested,1,
dareque,la,dareque,suggested,1,
datarum,la,do,suggested,1,
dati,la,do,suggested,1,
daturam,la,do,suggested,1,
daturos,la,do,suggested,1,
daturum,la,do,suggested,1,
davidis,la,davis,suggested,1,
deae,la,dea,suggested,1,
debeamus,la,debeo,suggested,1,
debeas,la,debeo,suggested,1,
debebantur,la,debeo,suggested,1,
debellare,la,debello,suggested,1,
debilibus,la,debilis,suggested,1,
debilitati,la,debilito,suggested,1,
debilitato,la,debilito,suggested,1,
debitus,la,debeo,suggested,1,
debui,la,debeo,suggested,1,
debuisset,la,debeo,suggested,1,
decalogo,la,decalogus,suggested,1,
decantabant,la,decanto,suggested,1,
decantatum,la,decanto,suggested,1,
decebant,la,deceo,suggested,1,
decebat,la,decet,suggested,1,
decenni,la,decennus,suggested,1,
decentius,la,decentius,suggested,1,
decept,la,deceo,suggested,1,
deceptiones,la,deceptio,suggested,1,
deceptionibus,la,deceptio,suggested,1,
deceptor,la,deceptor,suggested,1,
deceptus,la,decipio,suggested,1,
deceptusq,la,deceipio,suggested,1,
decernatur,la,decerno,suggested,1,
decernente,la,decerno,suggested,1,
decernere,la,decerno,suggested,1,
decerneret,la,decerno,suggested,1,
decernet,la,decerno,suggested,1,
decertabant,la,decerto,suggested,1,
decertassent,la,decerto,suggested,1,
decertatum,la,decerto,suggested,1,
decesserat,la,decedo,suggested,1,
decesserint,la,decedo,suggested,1,
decesserunt,la,decedo,suggested,1,
decessoribus,la,decessor,suggested,1,
decessorum,la,decessus,suggested,1,
decessum,la,decessus,suggested,1,
decetero,la,decetero,suggested,1,
decidendas,la,decido,suggested,1,
decidendi,la,decido,suggested,1,
deciderent,la,decido,suggested,1,
decim,la,decim,suggested,1,
decimam,la,decimus,suggested,1,
decimus,la,decimus,suggested,1,
decimustertius,la,decimusterte,suggested,1,
deciperent,la,decipio,suggested,1,
decipi,la,decipio,suggested,1,
decipiens,la,decipio,suggested,1,
decisio,la,decisio,suggested,1,
declarar,la,declarar,suggested,1,
declarare,la,declaro,suggested,1,
declararet,la,declaro,suggested,1,
declararint,la,declaro,suggested,1,
declarasset,la,declaro,suggested,1,
declarat,la,declaro,suggested,1,
declarati,la,declaro,suggested,1,
declaratione,la,declaratio,suggested,1,
declaratoriam,la,declaratorius,suggested,1,
declaratum,la,declaro,suggested,1,
declaravi,la,declaro,suggested,1,
declaravimus,la,declaro,suggested,1,
declaremus,la,declaro,suggested,1,
declinandis,la,declino,suggested,1,
declinantes,la,declino,suggested,1,
declinari,la,declino,suggested,1,
declinatis,la,declino,suggested,1,
declinemus,la,declino,suggested,1,
decorata,la,decoro,suggested,1,
decoratum,la,decoro,suggested,1,
decoratur,la,decoro,suggested,1,
decretae,la,decerno,suggested,1,
decreuerant,la,decrerno,suggested,1,
decreuerit,la,decreo,suggested,1,
decreuerunt,la,decreuo,suggested,1,
decreverant,la,decro,suggested,1,
decreverit,la,decerno,suggested,1,
decursas,la,decurso,suggested,1,
decursum,la,decursus,suggested,1,
dedebant,la,dedeo,suggested,1,
dedecere,la,dedecet,suggested,1,
dedecore,la,dedecor,suggested,1,
dedecori,la,dedecor,suggested,1,
dederant,la,do,suggested,1,
dederat,la,do,suggested,1,
dedêre,la,do,suggested,1,
dederent,la,do,suggested,1,
dedicatarum,la,dedico,suggested,1,
dedicati,la,dedico,suggested,1,
dedidit,la,do,suggested,1,
dedignantes,la,dedigno,suggested,1,
dedignentur,la,dedigno,suggested,1,
dedimus,la,do,suggested,1,
dediscentes,la,dedisco,suggested,1,
dedissent,la,do,suggested,1,
dedisti,la,do,suggested,1,
dediti,la,dedo,suggested,1,
deditio,la,deditio,suggested,1,
deditione,la,deditio,suggested,1,
deditionis,la,deditio,suggested,1,
deditissimos,la,deditus,suggested,1,
deducam,la,deduco,suggested,1,
deducebatur,la,deduco,suggested,1,
deducendo,la,deduco,suggested,1,
deducentur,la,deduco,suggested,1,
deduci,la,deduco,suggested,1,
deducta,la,deduco,suggested,1,
deductae,la,deduco,suggested,1,
deducunt,la,deduco,suggested,1,
deducuntur,la,deduco,suggested,1,
dedunt,la,dedo,suggested,1,
deduxit,la,deduco,suggested,1,
deeebat,la,deeo,suggested,1,
deerunt,la,desum,suggested,1,
deesse,la,desum,suggested,1,
deesset,la,desum,suggested,1,
defatigationis,la,defatigatio,suggested,1,
defatigatus,la,defatigo,suggested,1,
defecerant,la,deficio,suggested,1,
defecerat,la,deficio,suggested,1,
defecere,la,defeco,suggested,1,
defecerit,la,deficio,suggested,1,
defectione,la,defectio,suggested,1,
defecturam,la,deficio,suggested,1,
defectuum,la,defectus,suggested,1,
defendebant,la,defendo,suggested,1,
defendendis,la,defendo,suggested,1,
defendendum,la,defendo,suggested,1,
defendente,la,defendo,suggested,1,
defendere,la,defendo,suggested,1,
defendi,la,defendo,suggested,1,
defendissent,la,defendo,suggested,1,
defensa,la,defendo,suggested,1,
defensi,la,defendo,suggested,1,
defensio,la,defensio,suggested,1,
defensione,la,defensio,suggested,1,
defensionemq,la,defensiono,suggested,1,
defensioni,la,defensio,suggested,1,
defensionis,la,defensio,suggested,1,
deferamus,la,defero,suggested,1,
deferat,la,defero,suggested,1,
deferebantur,la,defero,suggested,1,
deferens,la,defero,suggested,1,
deferre,la,defero,suggested,1,
deferret,la,defero,suggested,1,
defertur,la,defero,suggested,1,
deficeret,la,deficio,suggested,1,
deficientes,la,deficio,suggested,1,
defigeretur,la,defigo,suggested,1,
defigetis,la,defigo,suggested,1,
definiant,la,definio,suggested,1,
definire,la,definio,suggested,1,
definita,la,definio,suggested,1,
definiti,la,definio,suggested,1,
definito,la,definitus,suggested,1,
definiuit,la,definio,suggested,1,
defixa,la,defigo,suggested,1,
defixos,la,defigo,suggested,1,
deflere,la,defleo,suggested,1,
defluxit,la,defluo,suggested,1,
deformantes,la,deformo,suggested,1,
deformarunt,la,deformo,suggested,1,
deformia,la,deformius,suggested,1,
deformitatis,la,deformitas,suggested,1,
defraudatus,la,defraudo,suggested,1,
defuerit,la,desum,suggested,1,
defuerunt,la,defuereo,suggested,1,
defuisset,la,desum,suggested,1,
defuit,la,desum,suggested,1,
defunctis,la,defungor,suggested,1,
defungi,la,defungo,suggested,1,
defutur,la,defuo,suggested,1,
defuturam,la,defsum,suggested,1,
degamus,la,dego,suggested,1,
degeb,la,do,suggested,1,
degenerans,la,degenero,suggested,1,
degeneres,la,degener,suggested,1,
degente,la,degeo,suggested,1,
degentis,la,degens,suggested,1,
degere,la,degeo,suggested,1,
degerent,la,degereo,suggested,1,
degeret,la,do,suggested,1,
degeretq,la,degeo,suggested,1,
degustarant,la,degusto,suggested,1,
deiecerat,la,deicio,suggested,1,
deiecissent,la,deicio,suggested,1,
deiectique,la,deiectique,suggested,1,
deiectum,la,deicio,suggested,1,
deiicimur,la,deiicio,suggested,1,
dejecerit,la,dejeco,suggested,1,
del,la,del,suggested,1,
delapsi,la,delabor,suggested,1,
delatae,la,defero,suggested,1,
delato,la,defero,suggested,1,
delaturum,la,defero,suggested,1,
delctatione,la,delctatio,suggested,1,
delecta,la,delego,suggested,1,
delectabile,la,delectabilis,suggested,1,
delectabilia,la,delectabilis,suggested,1,
delectabo,la,delecto,suggested,1,
delectantes,la,delecto,suggested,1,
delectantur,la,delecto,suggested,1,
delectationem,la,delectatio,suggested,1,
delectatur,la,delecto,suggested,1,
delectatus,la,delecto,suggested,1,
delegati,la,delego,suggested,1,
delegationis,la,delegatio,suggested,1,
delegatum,la,delego,suggested,1,
delegatus,la,delego,suggested,1,
delegit,la,deligo,suggested,1,
delendis,la,deleo,suggested,1,
deleret,la,deleo,suggested,1,
deleretur,la,deleo,suggested,1,
deleri,la,deleo,suggested,1,
deleverunt,la,deleo,suggested,1,
delevimus,la,deleo,suggested,1,
deliberando,la,delibero,suggested,1,
deliberatione,la,deliberatio,suggested,1,
deliciosa,la,deliciosus,suggested,1,
deliciosior,la,deliciosus,suggested,1,
delicti,la,delictum,suggested,1,
delictorum,la,delictum,suggested,1,
delictum,la,delictum,suggested,1,
deligendi,la,deligo,suggested,1,
deligerent,la,deligo,suggested,1,
deligerentur,la,deligo,suggested,1,
deligi,la,deligo,suggested,1,
delineret,la,delino,suggested,1,
deliniri,la,delinio,suggested,1,
delinquerint,la,delinquo,suggested,1,
delitescentes,la,delitesco,suggested,1,
delitescere,la,delitesco,suggested,1,
delitijs,la,delitus,suggested,1,
delubra,la,delubrum,suggested,1,
delubri,la,delubrum,suggested,1,
delubro,la,delubrum,suggested,1,
delubrum,la,delubrum,suggested,1,
delum,la,delus,suggested,1,
delusi,la,deludo,suggested,1,
delusis,la,deludo,suggested,1,
demandasset,la,demando,suggested,1,
demandavit,la,demando,suggested,1,
demandetur,la,demando,suggested,1,
dementabat,la,demento,suggested,1,
dementandos,la,demento,suggested,1,
dementarat,la,demento,suggested,1,
dementator,la,dementator,suggested,1,
demersa,la,demergo,suggested,1,
demigrarunt,la,demigro,suggested,1,
demissae,la,demitto,suggested,1,
demissi,la,demitto,suggested,1,
demissionem,la,demissio,suggested,1,
demisso,la,demitto,suggested,1,
demissorum,la,demitto,suggested,1,
demittebat,la,demitto,suggested,1,
demittunt,la,demitto,suggested,1,
demoliti,la,demolior,suggested,1,
demolitur,la,demolior,suggested,1,
demon,la,demon,suggested,1,
demonibus,la,demon,suggested,1,
demonii,la,demonium,suggested,1,
demonstrabat,la,demonstro,suggested,1,
demonstrant,la,demonstro,suggested,1,
demonstrare,la,demonstro,suggested,1,
demonstrari,la,demonstro,suggested,1,
demonstrat,la,demonstro,suggested,1,
demonstraturus,la,demonstro,suggested,1,
demonstrauimus,la,demonstro,suggested,1,
demonum,la,demo,suggested,1,
dęmonum,la,dęmonus,suggested,1,
demorante,la,demoror,suggested,1,
demorari,la,demoror,suggested,1,
demorati,la,demoror,suggested,1,
demoravimus,la,demoro,suggested,1,
demortui,la,demorior,suggested,1,
demortuis,la,demorior,suggested,1,
demortuo,la,demorior,suggested,1,
demortuus,la,demorior,suggested,1,
demulceret,la,demulco,suggested,1,
demulcet,la,demulco,suggested,1,
den,la,den,suggested,1,
denegamus,la,denego,suggested,1,
denegante,la,denego,suggested,1,
denegantes,la,denego,suggested,1,
denegari,la,denego,suggested,1,
denegationem,la,denegatio,suggested,1,
denegaturum,la,denego,suggested,1,
denegaverimus,la,denego,suggested,1,
denegavimus,la,denego,suggested,1,
denegetur,la,denego,suggested,1,
deniquae,la,deniquus,suggested,1,
densissimas,la,densus,suggested,1,
densissimis,la,densus,suggested,1,
dent,la,do,suggested,1,
dentur,la,do,suggested,1,
denudaverat,la,denudo,suggested,1,
denunciatum,la,denuncio,suggested,1,
denuntiant,la,denuntio,suggested,1,
deor,la,deor,suggested,1,
deorsum,la,deorsum,suggested,1,
deosculanda,la,deosculo,suggested,1,
deosculantur,la,deosculo,suggested,1,
dependeat,la,dependeo,suggested,1,
dependente,la,dependeo,suggested,1,
deperdito,la,deperdo,suggested,1,
depicta,la,depinquo,suggested,1,
depicto,la,depinquo,suggested,1,
depingere,la,depingo,suggested,1,
deplorandam,la,deploro,suggested,1,
deplorandis,la,deploro,suggested,1,
depois,pt,depois,suggested,1,
deponam,la,depono,suggested,1,
deponentes,la,depono,suggested,1,
deponerent,la,depono,suggested,1,
deponunt,la,depono,suggested,1,
depopulantur,la,depopulor,suggested,1,
depor,la,depor,suggested,1,
deport,la,depor,suggested,1,
deportabat,la,deporto,suggested,1,
deportaret,la,deporto,suggested,1,
deposcat,la,deposco,suggested,1,
depositurum,la,depono,suggested,1,
deposuerat,la,depono,suggested,1,
deposuerunt,la,depono,suggested,1,
deposuissent,la,deposuno,suggested,1,
depraedatio,la,depraedatio,suggested,1,
deprauata,la,deprauo,suggested,1,
deprauatas,la,deprauo,suggested,1,
deprauato,la,deprauo,suggested,1,
deprauatus,la,deprauo,suggested,1,
depre,la,depre,suggested,1,
deprecantes,la,deprecor,suggested,1,
deprecari,la,deprecor,suggested,1,
deprecatores,la,deprecator,suggested,1,
deprehendatur,la,deprehendo,suggested,1,
deprehendebat,la,deprehendo,suggested,1,
deprehendetis,la,deprehendo,suggested,1,
deprehendi,la,deprehendo,suggested,1,
deprehensos,la,deprehendo,suggested,1,
depressum,la,deprimo,suggested,1,
depugnans,la,depugno,suggested,1,
deputantur,la,deputo,suggested,1,
derelictis,la,derelinquo,suggested,1,
derelictum,la,derelinquo,suggested,1,
derelictus,la,derelinquo,suggested,1,
derentur,la,dero,suggested,1,
derepentè,la,derepo,suggested,1,
derisum,la,derideo,suggested,1,
derivandi,la,derivo,suggested,1,
derivaremus,la,derivo,suggested,1,
derogabat,la,derogo,suggested,1,
derogatione,la,derogatio,suggested,1,
derunt,la,dero,suggested,1,
desaevire,la,desaevio,suggested,1,
desaeviret,la,desaevio,suggested,1,
descalzos,es,Descalzos,suggested,1,
descendebat,la,descendo,suggested,1,
descenderat,la,descendo,suggested,1,
descendere,la,descendo,suggested,1,
descendisse,la,descendo,suggested,1,
descendunt,la,descendo,suggested,1,
describenda,la,describo,suggested,1,
describetur,la,describo,suggested,1,
describi,la,describo,suggested,1,
describuntur,la,describo,suggested,1,
descripsi,la,describo,suggested,1,
descripsit,la,describo,suggested,1,
descriptio,la,descriptio,suggested,1,
descriptione,la,descriptio,suggested,1,
descriptionem,la,descriptio,suggested,1,
descriptus,la,describo,suggested,1,
deserant,la,desero,suggested,1,
deserbuisset,la,deserbo,suggested,1,
deserenda,la,desero,suggested,1,
deserendi,la,desero,suggested,1,
desererent,la,desero,suggested,1,
deserti,la,desertum,suggested,1,
desertus,la,desero,suggested,1,
deserverant,la,deservo,suggested,1,
deshonorem,la,deshonor,suggested,1,
desideramus,la,desidero,suggested,1,
desiderans,la,desidero,suggested,1,
desiderant,la,desidero,suggested,1,
desiderantis,la,desidero,suggested,1,
desiderarentur,la,desidero,suggested,1,
desiderarunt,la,desidero,suggested,1,
desiderat,la,desidero,suggested,1,
desideratae,la,desidero,suggested,1,
desideret,la,desidero,suggested,1,
desiderii,la,desiderium,suggested,1,
desideriis,la,desiderium,suggested,1,
desiderioque,la,desiderus,suggested,1,
designabit,la,designo,suggested,1,
designamus,la,designo,suggested,1,
designarat,la,designo,suggested,1,
designaret,la,designo,suggested,1,
designasset,la,designo,suggested,1,
designatis,la,designo,suggested,1,
designato,la,designo,suggested,1,
designatum,la,designo,suggested,1,
designavit,la,designo,suggested,1,
desinam,la,desino,suggested,1,
desinens,la,desino,suggested,1,
desinere,la,desino,suggested,1,
desineret,la,desino,suggested,1,
desinunt,la,desino,suggested,1,
desiturum,la,desro,suggested,1,
despachos,es,despacho,suggested,1,
despectis,la,despicio,suggested,1,
despectum,la,despectus,suggested,1,
despedidos,pt,despedir,suggested,1,
desperamus,la,despero,suggested,1,
desperarent,la,despero,suggested,1,
desperarit,la,despero,suggested,1,
desperassent,la,despero,suggested,1,
desperata,la,despero,suggested,1,
desperatio,la,desperatio,suggested,1,
desperatis,la,despero,suggested,1,
desperent,la,despero,suggested,1,
despicitis,la,despicio,suggested,1,
desponderi,la,despondeo,suggested,1,
desponsavit,la,desponso,suggested,1,
dessiderant,la,dessidero,suggested,1,
dessiderat,la,dessidero,suggested,1,
dessignatos,la,dessigno,suggested,1,
destinantur,la,destino,suggested,1,
destinarant,la,destino,suggested,1,
destinaret,la,destino,suggested,1,
destinari,la,destino,suggested,1,
destinasse,la,destino,suggested,1,
destinatis,la,destino,suggested,1,
destinatos,la,destino,suggested,1,
destinauit,la,destino,suggested,1,
destinentur,la,destino,suggested,1,
destinet,la,destino,suggested,1,
destituantur,la,destituo,suggested,1,
destituit,la,destituo,suggested,1,
destitutam,la,destituo,suggested,1,
destitutis,la,destituo,suggested,1,
destitutum,la,destituo,suggested,1,
destrahere,la,destraho,suggested,1,
destruat,la,destruo,suggested,1,
destruclio,la,destruclio,suggested,1,
destructione,la,destructio,suggested,1,
destructores,la,destructor,suggested,1,
destruenda,la,destruo,suggested,1,
destrueretur,la,destruo,suggested,1,
destruuere,la,destruuo,suggested,1,
destruxerunt,la,destruo,suggested,1,
destruximus,la,destruo,suggested,1,
destruxit,la,destruo,suggested,1,
desuetudo,la,desuetudo,suggested,1,
desumpsi,la,desumo,suggested,1,
detecta,la,detego,suggested,1,
detectis,la,detego,suggested,1,
detegenda,la,detego,suggested,1,
detegendo,la,detego,suggested,1,
detegere,la,detego,suggested,1,
detegeret,la,detego,suggested,1,
detegit,la,detego,suggested,1,
detenta,la,detineo,suggested,1,
detenti,la,detineo,suggested,1,
detentus,la,detineo,suggested,1,
deteriores,la,deterior,suggested,1,
deterius,la,deterior,suggested,1,
determinaitonibus,la,determinaito,suggested,1,
determinandas,la,determino,suggested,1,
determinata,la,determino,suggested,1,
determinatione,la,determinatio,suggested,1,
deterreren,la,deterreo,suggested,1,
deterreret,la,deterreo,suggested,1,
deterriti,la,deterreo,suggested,1,
detersa,la,do,suggested,1,
detestandum,la,detesto,suggested,1,
detestantes,la,detestor,suggested,1,
detestare,la,detesto,suggested,1,
detestatio,la,detestatio,suggested,1,
detestatur,la,detestor,suggested,1,
detineant,la,detineo,suggested,1,
detineat,la,detineo,suggested,1,
detinent,la,detineo,suggested,1,
detineret,la,detineo,suggested,1,
detinet,la,detineo,suggested,1,
detinetur,la,detineo,suggested,1,
detinuêre,la,detinuêo,suggested,1,
detinuit,la,detineo,suggested,1,
detis,la,do,suggested,1,
detracta,la,detraho,suggested,1,
detrahas,la,detraho,suggested,1,
detrahere,la,detraho,suggested,1,
detrahi,la,detraho,suggested,1,
detrahitur,la,detraho,suggested,1,
detrectandi,la,detrecto,suggested,1,
detrectantibus,la,detrecto,suggested,1,
detrectat,la,detrecto,suggested,1,
detrectavit,la,detrecto,suggested,1,
detrimenti,la,detrimentum,suggested,1,
detrimentis,la,detrimentum,suggested,1,
detruderet,la,detrudo,suggested,1,
detrusa,la,detrudo,suggested,1,
detrusi,la,detrudo,suggested,1,
detrusit,la,detruo,suggested,1,
detulerant,la,defero,suggested,1,
detulisset,la,defero,suggested,1,
detur,la,do,suggested,1,
deturbari,la,deturbo,suggested,1,
deturbatus,la,deturbo,suggested,1,
deturpabantur,la,deturpo,suggested,1,
deturpatur,la,deturpo,suggested,1,
deuenerint,la,deuenio,suggested,1,
deuinxerat,la,deuingo,suggested,1,
deuitarentur,la,deuito,suggested,1,
deuitemus,la,deuito,suggested,1,
deuitet,la,deuito,suggested,1,
deuolarunt,la,deuolo,suggested,1,
deuorabit,la,deuoro,suggested,1,
deuoratis,la,deuoro,suggested,1,
devastans,la,devasto,suggested,1,
devastatrices,la,devastatrico,suggested,1,
devastavit,la,devasto,suggested,1,
devenerat,la,devenio,suggested,1,
devenisse,la,devenio,suggested,1,
deventuram,la,devipio,suggested,1,
deviantes,la,devio,suggested,1,
devictos,la,devinco,suggested,1,
devinctos,la,devincio,suggested,1,
devinxit,la,devingo,suggested,1,
devolvantur,la,devolvo,suggested,1,
devorarat,la,devoro,suggested,1,
devorari,la,devoro,suggested,1,
devotio,la,devotio,suggested,1,
devotionem,la,devotio,suggested,1,
devotionum,la,devotio,suggested,1,
devotis,la,devotus,suggested,1,
devotus,la,devotus,suggested,1,
dextrè,la,dexter,suggested,1,
dextrum,la,dexter,suggested,1,
diabolicas,la,diabolicus,suggested,1,
diabolicis,la,diabolicus,suggested,1,
diabolo,la,diabolus,suggested,1,
diaecesis,la,diaecesus,suggested,1,
dialogum,la,dialogus,suggested,1,
dialogus,la,dialogus,suggested,1,
diametro,la,diametros,suggested,1,
dianam,la,dianus,suggested,1,
dias,es,día,suggested,1,
dicare,la,dico,suggested,1,
dicati,la,dico,suggested,1,
dicatur,la,dico,suggested,1,
dicebam,la,dico,suggested,1,
dicebamus,la,dico,suggested,1,
dicebant,la,dico,suggested,1,
dicent,la,dico,suggested,1,
dicentibus,la,dico,suggested,1,
dicentis,la,dico,suggested,1,
diceretque,la,dico,suggested,1,
diceretur,la,dico,suggested,1,
dicha,es,dicho,suggested,1,
dictabat,la,dicto,suggested,1,
dictante,la,dicto,suggested,1,
dictat,la,dicto,suggested,1,
dictione,la,dictio,suggested,1,
dictiones,la,dictio,suggested,1,
dictioni,la,dictio,suggested,1,
dictitantes,la,dictito,suggested,1,
dictitarunt,la,dictito,suggested,1,
dictoque,la,dictoque,suggested,1,
dictor,la,dictor,suggested,1,
dictu,la,dico,suggested,1,
dicturus,la,dico,suggested,1,
dicum,la,dicus,suggested,1,
didecus,la,didecus,suggested,1,
didicerat,la,disco,suggested,1,
didicerit,la,disco,suggested,1,
didicimus,la,disco,suggested,1,
didicit,la,disco,suggested,1,
dido,la,didus,suggested,1,
dierit,la,deo,suggested,1,
differatis,la,differo,suggested,1,
differens,la,differo,suggested,1,
differentes,la,differo,suggested,1,
differentur,la,differo,suggested,1,
differere,la,differo,suggested,1,
differre,la,differo,suggested,1,
difficilem,la,difficilis,suggested,1,
difficilia,la,difficilis,suggested,1,
difficiliora,la,difficilis,suggested,1,
difficiliorem,la,difficilis,suggested,1,
difficiliores,la,difficilis,suggested,1,
difficilioribus,la,difficilus,suggested,1,
difficilius,la,difficiliter,suggested,1,
difficultant,la,difficulto,suggested,1,
difficultatésque,la,difficultatésque,suggested,1,
difficultatum,la,difficultas,suggested,1,
diffinienda,la,diffinio,suggested,1,
difflueret,la,diffluo,suggested,1,
diffugiant,la,diffugio,suggested,1,
diffundatur,la,diffundo,suggested,1,
diffundentium,la,diffundo,suggested,1,
diffunditur,la,diffundo,suggested,1,
diffusa,la,diffundo,suggested,1,
diffusi,la,diffundo,suggested,1,
dificultates,la,dificultas,suggested,1,
difuse,la,difuse,suggested,1,
digito,la,digitus,suggested,1,
dignae,la,dignus,suggested,1,
dignam,la,dignus,suggested,1,
dignaretur,la,digno,suggested,1,
dignas,la,dignus,suggested,1,
dignati,la,dignor,suggested,1,
dignatum,la,dignor,suggested,1,
dignior,la,dignus,suggested,1,
digniori,la,dignus,suggested,1,
dignis,la,dignus,suggested,1,
dignissima,la,dignus,suggested,1,
dignissimam,la,dignus,suggested,1,
dignissimis,la,dignus,suggested,1,
dignissimum,la,dignus,suggested,1,
dignitatum,la,dignitas,suggested,1,
dignitatumque,la,dignitatum,suggested,1,
dignitissim,la,dignitissis,suggested,1,
digno,la,dignus,suggested,1,
dignoscendi,la,dignosco,suggested,1,
dignosceret,la,dignosco,suggested,1,
dignumq,la,dignumq,suggested,1,
digressos,la,digredior,suggested,1,
digressurus,la,digreo,suggested,1,
dii,la,deus,suggested,1,
dilabendum,la,dilabeo,suggested,1,
dilabuntur,la,dilo,suggested,1,
dilaceratae,la,dilacero,suggested,1,
dilaceratum,la,dilacero,suggested,1,
dilata,la,differo,suggested,1,
dilatum,la,difero,suggested,1,
dilecte,la,dilecte,suggested,1,
dilecti,la,diligo,suggested,1,
dilectis,la,diligo,suggested,1,
dilectissimis,la,dilectus,suggested,1,
dilectos,la,diligo,suggested,1,
dilectus,la,diligo,suggested,1,
diligamus,la,diligo,suggested,1,
diligant,la,diligo,suggested,1,
diligendum,la,diligo,suggested,1,
diligendus,la,diligo,suggested,1,
diligens,la,diligo,suggested,1,
diligenti,la,diligo,suggested,1,
diligentiaque,la,diligentiaque,suggested,1,
diligentias,la,diligentia,suggested,1,
diligentibus,la,diligo,suggested,1,
diligentissimus,la,diligens,suggested,1,
diligentius,la,diligenter,suggested,1,
diligentiùs,la,diligenter,suggested,1,
diligimus,la,diligo,suggested,1,
dilucescat,la,dilucesco,suggested,1,
dilucesceret,la,dilucesco,suggested,1,
diluvio,la,diluvius,suggested,1,
dimanant,la,dimano,suggested,1,
dimanavit,la,dimano,suggested,1,
dimicans,la,dimico,suggested,1,
dimicassent,la,dimico,suggested,1,
dimicaturos,la,dimico,suggested,1,
dimidia,la,dimidius,suggested,1,
dimidietas,la,dimidio,suggested,1,
dimidii,la,dimidius,suggested,1,
diminuta,la,diminuo,suggested,1,
diminutionem,la,diminutio,suggested,1,
dimiratur,la,dimiro,suggested,1,
dimiratus,la,dimiror,suggested,1,
dimiserunt,la,dimitto,suggested,1,
dimissa,la,dimitto,suggested,1,
dimissio,la,dimissio,suggested,1,
dimissis,la,dimitto,suggested,1,
dimittat,la,dimitto,suggested,1,
dimittebant,la,dimitto,suggested,1,
dimittebat,la,dimitto,suggested,1,
dimittentes,la,dimitto,suggested,1,
dimitterent,la,dimitto,suggested,1,
dimitteret,la,dimitto,suggested,1,
dimoveri,la,dimoveo,suggested,1,
dio,la,dius,suggested,1,
dioecesis,la,dioecesis,suggested,1,
diplomatibus,la,diplomatus,suggested,1,
diq,la,diq,suggested,1,
dirae,la,dirus,suggested,1,
diram,la,dirus,suggested,1,
directae,la,dirigo,suggested,1,
directe,la,directe,suggested,1,
directionemque,la,directionemque,suggested,1,
directus,la,dirigo,suggested,1,
direptas,la,diripio,suggested,1,
direxerant,la,digo,suggested,1,
direxit,la,dirigo,suggested,1,
dirigente,la,dirigo,suggested,1,
dirigerent,la,dirigo,suggested,1,
dirigimur,la,dirigo,suggested,1,
dirigunt,la,dirigo,suggested,1,
dirimendi,la,dirimo,suggested,1,
dirimitur,la,dirimo,suggested,1,
dirioraq,la,dirioro,suggested,1,
diripiat,la,diripio,suggested,1,
diripiebat,la,diripio,suggested,1,
diripuerunt,la,diripuo,suggested,1,
diris,la,dirus,suggested,1,
dirisque,la,dirio,suggested,1,
dirissimus,la,dirus,suggested,1,
dirius,la,dirus,suggested,1,
diro,la,dirus,suggested,1,
diruendis,la,diruo,suggested,1,
diruerentur,la,diruo,suggested,1,
dirum,la,dirus,suggested,1,
dirus,la,dirus,suggested,1,
diruta,la,diruo,suggested,1,
dirutis,la,diruo,suggested,1,
disaph,la,disapus,suggested,1,
discant,la,disco,suggested,1,
discedat,la,discedo,suggested,1,
discedebant,la,discedo,suggested,1,
discedebat,la,discedo,suggested,1,
discedent,la,discedo,suggested,1,
discedentibus,la,discedo,suggested,1,
discederemus,la,discedo,suggested,1,
discederet,la,discedo,suggested,1,
discederunt,la,discedo,suggested,1,
discedet,la,discedo,suggested,1,
discenda,la,disco,suggested,1,
discendendi,la,discendo,suggested,1,
disceptatione,la,disceptatio,suggested,1,
disceptationi,la,disceptatio,suggested,1,
discernerent,la,discerno,suggested,1,
disces,la,disco,suggested,1,
discesimus,la,discdo,suggested,1,
discesser,la,disceeo,suggested,1,
discesserat,la,discedo,suggested,1,
discessere,la,discesso,suggested,1,
discesserunt,la,discedo,suggested,1,
discessi,la,discedo,suggested,1,
discessimus,la,discedo,suggested,1,
discessisse,la,discedo,suggested,1,
discessu,la,discessus,suggested,1,
discessurus,la,discedo,suggested,1,
discessus,la,discessus,suggested,1,
discinderentur,la,discindo,suggested,1,
disciplinae,la,disciplina,suggested,1,
disciplinam,la,disciplina,suggested,1,
discipulo,la,discipulus,suggested,1,
discipulos,la,discipulus,suggested,1,
disclusas,la,discludo,suggested,1,
discordes,la,discors,suggested,1,
discordia,la,discordia,suggested,1,
discordiis,la,discordia,suggested,1,
discrepante,la,discrepo,suggested,1,
discrete,la,discrete,suggested,1,
discretionis,la,discretio,suggested,1,
discurrimus,la,discurro,suggested,1,
discurro,la,discurro,suggested,1,
discurrunt,la,discurro,suggested,1,
discussione,la,discussio,suggested,1,
discussis,la,discutio,suggested,1,
discussit,la,discutio,suggested,1,
discutiat,la,discutio,suggested,1,
discutiendae,la,discutio,suggested,1,
disensio,la,disensio,suggested,1,
disiecta,la,disicio,suggested,1,
disiiciendis,la,disiicio,suggested,1,
disiicientes,la,disiicio,suggested,1,
disimulationem,la,disimulatio,suggested,1,
disiuncta,la,disiungo,suggested,1,
disiunctam,la,disiungo,suggested,1,
disiunctum,la,disiungo,suggested,1,
disjuncti,la,disjungo,suggested,1,
dispar,la,dispar,suggested,1,
disparitatem,la,disparitas,suggested,1,
dispensandi,la,dispenso,suggested,1,
dispensantur,la,dispenso,suggested,1,
dispensare,la,dispenso,suggested,1,
dispensaret,la,dispenso,suggested,1,
dispensaretis,la,dispenso,suggested,1,
dispensatione,la,dispensatio,suggested,1,
dispensationem,la,dispensatio,suggested,1,
dispensationi,la,dispensatio,suggested,1,
dispensatores,la,dispensator,suggested,1,
dispersae,la,dispergo,suggested,1,
disperse,la,disperse,suggested,1,
dispersione,la,dispersio,suggested,1,
dispersum,la,dispergo,suggested,1,
dispertiam,la,dispertia,suggested,1,
displicere,la,displiceo,suggested,1,
displiceret,la,displiceo,suggested,1,
displicet,la,displiceo,suggested,1,
dispones,la,dispono,suggested,1,
disponet,la,dispono,suggested,1,
disponit,la,dispono,suggested,1,
disponsuit,la,disponsuo,suggested,1,
dispositi,la,dispono,suggested,1,
dispositiones,la,dispositio,suggested,1,
dispositioni,la,dispositio,suggested,1,
dispositionibus,la,dispositio,suggested,1,
disposuerunt,la,dispono,suggested,1,
disputatio,la,disputatio,suggested,1,
disputatione,la,disputatio,suggested,1,
disputationem,la,disputatio,suggested,1,
disputationibus,la,disputatio,suggested,1,
disputauimus,la,disputo,suggested,1,
disputavi,la,disputo,suggested,1,
disputo,la,disputo,suggested,1,
dissecta,la,disseco,suggested,1,
dissecuerunt,la,dissecsco,suggested,1,
dissecuisse,la,dissecuo,suggested,1,
dissecuit,la,disseco,suggested,1,
disseminandi,la,dissemino,suggested,1,
disseminavit,la,dissemino,suggested,1,
dissensio,la,dissensio,suggested,1,
dissensionis,la,dissensio,suggested,1,
dissentire,la,dissentio,suggested,1,
disserendum,la,dissero,suggested,1,
disserens,la,dissero,suggested,1,
disseruerint,la,disseruo,suggested,1,
disseruimus,la,disseruio,suggested,1,
dissideb,la,dissideo,suggested,1,
dissidenti,la,dissideo,suggested,1,
dissiderent,la,dissido,suggested,1,
dissidet,la,dissido,suggested,1,
dissimulabant,la,dissimulo,suggested,1,
dissimulata,la,dissimulo,suggested,1,
dissimulatione,la,dissimulatio,suggested,1,
dissimulato,la,dissimulo,suggested,1,
dissipatum,la,dissipo,suggested,1,
dissoluetur,la,dissoluo,suggested,1,
dissolui,la,dissoluo,suggested,1,
dissoluunt,la,dissoluo,suggested,1,
dissolvendi,la,dissolvo,suggested,1,
dissolveret,la,dissolvo,suggested,1,
dissolveretur,la,dissolvo,suggested,1,
distabant,la,disto,suggested,1,
distabat,la,disto,suggested,1,
distare,la,disto,suggested,1,
distaret,la,disto,suggested,1,
distenti,la,disto,suggested,1,
distincta,la,distinguo,suggested,1,
distinctionibus,la,distinctio,suggested,1,
distinctis,la,distinguo,suggested,1,
distinctus,la,distinguo,suggested,1,
distinguant,la,distinguo,suggested,1,
distingui,la,distinguo,suggested,1,
distintis,la,disto,suggested,1,
distractas,la,distraho,suggested,1,
distribuam,la,distribuo,suggested,1,
distribuebat,la,distribuo,suggested,1,
distribuendam,la,distribuo,suggested,1,
distribuerat,la,distribuo,suggested,1,
distribui,la,distribuo,suggested,1,
distributae,la,distribuo,suggested,1,
distributis,la,distribuo,suggested,1,
distributos,la,distribuo,suggested,1,
distributum,la,distribuo,suggested,1,
distribuunt,la,distribuo,suggested,1,
districtam,la,distringo,suggested,1,
districte,la,districte,suggested,1,
districtis,la,distringo,suggested,1,
distringere,la,distringo,suggested,1,
disturbata,la,disturbo,suggested,1,
disturbatas,la,disturbo,suggested,1,
ditas,la,dito,suggested,1,
ditatos,la,dito,suggested,1,
ditio,la,ditium,suggested,1,
dition,la,dition,suggested,1,
ditior,la,ditior,suggested,1,
ditissimas,la,ditus,suggested,1,
ditissimis,la,ditus,suggested,1,
ditissimos,la,ditus,suggested,1,
ditissimus,la,dis,suggested,1,
diua,la,diuus,suggested,1,
diuelli,la,diuellus,suggested,1,
diuersitate,la,diuersitas,suggested,1,
diuinaram,la,diuinarus,suggested,1,
diuinarum,la,diuinus,suggested,1,
diuinę,la,diuinus,suggested,1,
diuinissimam,la,diuinus,suggested,1,
diuinitas,la,diuinitas,suggested,1,
diuino,la,diuinus,suggested,1,
diuitem,la,diues,suggested,1,
diuitia,la,diuitia,suggested,1,
diuitiarum,la,diuitiae,suggested,1,
diuitias,la,diuitiae,suggested,1,
diuitiis,la,diuitiae,suggested,1,
diuq,la,diuq,suggested,1,
diuturnam,la,diuturnus,suggested,1,
diuturnis,la,diuturnus,suggested,1,
diuturno,la,diuturnus,suggested,1,
diuulsi,la,diuulsus,suggested,1,
divell,la,divelo,suggested,1,
divellendus,la,divello,suggested,1,
divenditis,la,divendo,suggested,1,
diverberandis,la,diverbero,suggested,1,
diverberarit,la,diverbero,suggested,1,
diverberatione,la,diverberatio,suggested,1,
diverberationem,la,diverberatio,suggested,1,
diversabantur,la,diverso,suggested,1,
diversaretur,la,diverso,suggested,1,
diversimoda,la,diversimodus,suggested,1,
diversorium,la,diversorium,suggested,1,
diversus,la,diversus,suggested,1,
diverterant,la,diverto,suggested,1,
divexaret,la,divexo,suggested,1,
divexebat,la,diveho,suggested,1,
dividendos,la,divido,suggested,1,
dividendum,la,divido,suggested,1,
dividet,la,divido,suggested,1,
dividit,la,divido,suggested,1,
divinaeque,la,divinaequus,suggested,1,
divinaque,la,divinaque,suggested,1,
divinarum,la,divinus,suggested,1,
divinas,la,divinus,suggested,1,
divinior,la,divinus,suggested,1,
divinorum,la,divinus,suggested,1,
divis,la,divus,suggested,1,
divisam,la,divido,suggested,1,
diviserunt,la,divido,suggested,1,
divisionem,la,diuisio,suggested,1,
diviso,la,divido,suggested,1,
divisus,la,divido,suggested,1,
divit,la,deo,suggested,1,
divitas,la,divitas,suggested,1,
divortio,la,divortio,suggested,1,
divortium,la,divortium,suggested,1,
divulgabatur,la,divulgo,suggested,1,
divulgata,la,divulgo,suggested,1,
divulgatum,la,divulgo,suggested,1,
divulti,la,divulo,suggested,1,
divum,la,divus,suggested,1,
dixere,la,dco,suggested,1,
doceamur,la,doceo,suggested,1,
docebat,la,doceo,suggested,1,
docemur,la,doceo,suggested,1,
docemus,la,doceo,suggested,1,
docente,la,doceo,suggested,1,
docentes,la,doceo,suggested,1,
docerem,la,doceo,suggested,1,
docerentur,la,doceo,suggested,1,
doceret,la,doceo,suggested,1,
doces,la,doceo,suggested,1,
docetis,la,doceo,suggested,1,
docte,la,doc,suggested,1,
doctè,la,doceo,suggested,1,
doctioribus,la,doctus,suggested,1,
doctis,la,doceo,suggested,1,
doctissimamque,la,doctissimus,suggested,1,
doctissimas,la,doctus,suggested,1,
doctissimorum,la,doctus,suggested,1,
doctoris,la,doctor,suggested,1,
doctrinâ,la,doctrinâ,suggested,1,
doctrinarum,la,doctrina,suggested,1,
doctrine,la,doctrina,suggested,1,
doctrinę,la,doctrinę,suggested,1,
doctus,la,doceo,suggested,1,
docui,la,doceo,suggested,1,
documentis,la,documentum,suggested,1,
dogicus,pt,Dogicus,suggested,1,
dogmate,la,dogma,suggested,1,
dojicos,la,dojicus,suggested,1,
dojicus,la,dojicus,suggested,1,
dolente,la,doleo,suggested,1,
dolenter,la,dolenter,suggested,1,
dolentibus,la,doleo,suggested,1,
dolere,la,doleo,suggested,1,
dolerent,la,doleo,suggested,1,
dolio,la,dolium,suggested,1,
dolo,la,dolus,suggested,1,
doloreque,la,doloreque,suggested,1,
dolos,la,dolus,suggested,1,
dolosi,la,dolosus,suggested,1,
doluerunt,la,doleo,suggested,1,
dolum,la,dolus,suggested,1,
dolus,la,dolus,suggested,1,
dom,la,dom,suggested,1,
domare,la,domo,suggested,1,
domari,la,domo,suggested,1,
domesticae,la,domesticus,suggested,1,
domestici,la,domesticus,suggested,1,
domestico,la,domesticus,suggested,1,
domesticorum,la,domesticus,suggested,1,
domesticos,la,domesticus,suggested,1,
domicilio,la,domicilium,suggested,1,
dominabatur,la,dominor,suggested,1,
dominantium,la,dominor,suggested,1,
dominantur,la,dominor,suggested,1,
dominaretur,la,dominor,suggested,1,
dominationem,la,dominatio,suggested,1,
dominationis,la,dominatio,suggested,1,
dominatus,la,dominor,suggested,1,
dominibus,la,dominus,suggested,1,
dominicae,la,dominicus,suggested,1,
dominicanae,la,Dominicanus,suggested,1,
dominicarium,la,dominicarius,suggested,1,
dominicarius,la,dominicarius,suggested,1,
dominice,la,dominicus,suggested,1,
dominici,la,dominicus,suggested,1,
dominicis,la,dominicus,suggested,1,
dominico,la,dominicus,suggested,1,
dominiis,la,dominium,suggested,1,
dominiorum,la,dominium,suggested,1,
dominosque,la,dominosque,suggested,1,
domisilium,la,domisilium,suggested,1,
domisticis,la,domisticus,suggested,1,
domumq,la,domumus,suggested,1,
domunquem,la,domunquem,suggested,1,
domusq,la,domusq,suggested,1,
don,la,don,suggested,1,
donando,la,dono,suggested,1,
donandum,la,dono,suggested,1,
donarentur,la,dono,suggested,1,
donari,la,dono,suggested,1,
donarint,la,dono,suggested,1,
donatam,la,dono,suggested,1,
donati,la,dono,suggested,1,
donauit,la,dono,suggested,1,
donaverat,la,dono,suggested,1,
donde,es,donde,suggested,1,
dongo,la,dongus,suggested,1,
donorum,la,donum,suggested,1,
dormitionem,la,dormitio,suggested,1,
dorso,la,dorsum,suggested,1,
dotari,la,doto,suggested,1,
dote,la,dos,suggested,1,
draconem,la,draco,suggested,1,
draconi,la,draco,suggested,1,
du,la,du,suggested,1,
duabusque,la,duabus,suggested,1,
duabúsque,la,duabúsque,suggested,1,
duarte,la,duarte,suggested,1,
duarum,la,duo,suggested,1,
dubiae,la,dubius,suggested,1,
dubiáque,la,dubiáque,suggested,1,
dubie,la,dubie,suggested,1,
dubij,la,dubij,suggested,1,
dubijs,la,dubijs,suggested,1,
dubitabatur,la,dubito,suggested,1,
dubitamus,la,dubito,suggested,1,
dubitan,la,dubito,suggested,1,
dubitandi,la,dubito,suggested,1,
dubitaremus,la,dubito,suggested,1,
dubitari,la,dubito,suggested,1,
dubitarint,la,dubito,suggested,1,
dubitarit,la,dubito,suggested,1,
dubitarunt,la,dubito,suggested,1,
dubitationem,la,dubitatio,suggested,1,
dubitationes,la,dubitatio,suggested,1,
dubitavit,la,dubito,suggested,1,
dubitem,la,dubito,suggested,1,
dubitemus,la,dubito,suggested,1,
dubiusq,la,dubiusq,suggested,1,
duc,la,duc,suggested,1,
ducant,la,duco,suggested,1,
ducantur,la,duco,suggested,1,
ducata,la,duco,suggested,1,
ducatos,la,ducatus,suggested,1,
ducatur,la,duco,suggested,1,
ducendam,la,duco,suggested,1,
ducente,la,duco,suggested,1,
ducenties,la,duceo,suggested,1,
ducentis,la,ducenti,suggested,1,
ducentorum,la,ducenti,suggested,1,
ducentum,la,ducenti,suggested,1,
ducentur,la,duco,suggested,1,
duceret,la,duco,suggested,1,
ducimur,la,duco,suggested,1,
ducimus,la,duco,suggested,1,
ducitis,la,duco,suggested,1,
duco,la,duco,suggested,1,
ductabat,la,ducto,suggested,1,
ductas,la,duco,suggested,1,
ductoribus,la,ductor,suggested,1,
due,la,duo,suggested,1,
duȩ,la,duȩ,suggested,1,
dulci,la,dulcis,suggested,1,
dulcissimo,la,dulcus,suggested,1,
dumq,la,dumq,suggested,1,
dumtaxas,la,dumtaxas,suggested,1,
duode,la,duode,suggested,1,
duodecimo,la,duodecimus,suggested,1,
duodecimus,la,duodecimus,suggested,1,
duodennem,la,duodenn,suggested,1,
duodennis,la,duodennis,suggested,1,
duodetriginta,la,duodetriginta,suggested,1,
duoq,la,duoq,suggested,1,
duplicatam,la,duplico,suggested,1,
duplicatȩ,la,duplico,suggested,1,
duplicem,la,duplex,suggested,1,
dura,la,durus,suggested,1,
durante,la,duro,suggested,1,
durantis,la,duro,suggested,1,
durare,la,duro,suggested,1,
durarunt,la,duro,suggested,1,
duraturam,la,duro,suggested,1,
duraturo,la,duro,suggested,1,
duriores,la,durus,suggested,1,
durities,la,durities,suggested,1,
duro,la,durus,suggested,1,
durum,la,durus,suggested,1,
duximus,la,duco,suggested,1,
dynastias,la,dynastia,suggested,1,
dynastis,la,dynastes,suggested,1,
dyrrachium,la,dyrrachium,suggested,1,
é,la,é,suggested,1,
eâ,la,is,suggested,1,
eâdem,la,idem,suggested,1,
eādem,la,idem,suggested,1,
eae,la,is,suggested,1,
eant,la,eo,suggested,1,
earumdem,la,idem,suggested,1,
earumque,la,is,suggested,1,
earundem,la,idem,suggested,1,
eatenus,la,eatenus,suggested,1,
eborae,la,ebora,suggested,1,
eccles,la,eccles,suggested,1,
ecclesiastica,la,ecclesiasticus,suggested,1,
ecclesiastico,la,ecclesiasticus,suggested,1,
ecclesie,la,ecclesia,suggested,1,
eclesia,la,ecclesia,suggested,1,
eclesiastica,la,eclesiasticus,suggested,1,
ed,la,ed,suggested,1,
edent,la,edo,suggested,1,
edes,la,edo,suggested,1,
edi,la,edo,suggested,1,
edicatque,la,edicatque,suggested,1,
edicta,la,edictum,suggested,1,
ediderat,la,edo,suggested,1,
edidere,la,edo,suggested,1,
edidis,la,edo,suggested,1,
edifficationem,la,edifficatio,suggested,1,
edificali,la,edificalis,suggested,1,
edificandi,la,edifico,suggested,1,
edificant,la,edifico,suggested,1,
edificarunt,la,edifico,suggested,1,
edificati,la,edifico,suggested,1,
edificationemque,la,edificationem,suggested,1,
edificii,la,edificium,suggested,1,
edificio,la,aedificium,suggested,1,
ediscunt,la,edisco,suggested,1,
edisseram,la,ediseo,suggested,1,
edita,la,edo,suggested,1,
edito,la,edo,suggested,1,
edocentes,la,edoceo,suggested,1,
edocere,la,edoceo,suggested,1,
edocerentur,la,edoceo,suggested,1,
edoceri,la,edoceo,suggested,1,
edoctos,la,edigo,suggested,1,
educamur,la,educo,suggested,1,
educantur,la,educo,suggested,1,
educarunt,la,educo,suggested,1,
educassent,la,educo,suggested,1,
educatione,la,educatio,suggested,1,
educationem,la,educatio,suggested,1,
educebantur,la,educo,suggested,1,
educebat,la,educo,suggested,1,
educebatur,la,educo,suggested,1,
educentur,la,educo,suggested,1,
eeiicitur,la,eeiicio,suggested,1,
effaeta,la,effao,suggested,1,
effectam,la,efficio,suggested,1,
effecti,la,efficio,suggested,1,
effective,la,effective,suggested,1,
efferat,la,effero,suggested,1,
efferre,la,effero,suggested,1,
efferrentur,la,effero,suggested,1,
efficaces,la,efficax,suggested,1,
efficacis,la,efficax,suggested,1,
efficacissimum,la,efficax,suggested,1,
efficactori,la,efficactor,suggested,1,
efficerent,la,efficio,suggested,1,
efficiebant,la,efficio,suggested,1,
efficient,la,efficio,suggested,1,
efficientem,la,efficiens,suggested,1,
efficientia,la,efficientia,suggested,1,
efficies,la,efficio,suggested,1,
efficimur,la,efficio,suggested,1,
efficitur,la,efficio,suggested,1,
effigiem,la,effigies,suggested,1,
effigies,la,effigies,suggested,1,
effinxisse,la,effingo,suggested,1,
efflagitat,la,efflagito,suggested,1,
efflagitemus,la,efflagito,suggested,1,
efflante,la,efflo,suggested,1,
efflarunt,la,efflo,suggested,1,
effluxerint,la,effluo,suggested,1,
effluxisse,la,effluo,suggested,1,
efformare,la,efformo,suggested,1,
efformari,la,efformo,suggested,1,
efformatis,la,efformo,suggested,1,
effraenis,la,effraenus,suggested,1,
effręnatis,la,effręno,suggested,1,
effudisset,la,effudio,suggested,1,
effugere,la,effugio,suggested,1,
effugeret,la,effugio,suggested,1,
effugisse,la,effugio,suggested,1,
effulgentem,la,effulgo,suggested,1,
effusa,la,effundo,suggested,1,
effuse,la,effuse,suggested,1,
eflata,la,eflo,suggested,1,
egeat,la,egeo,suggested,1,
egentes,la,egeo,suggested,1,
egentibus,la,egeo,suggested,1,
egenum,la,egenus,suggested,1,
egeret,la,egeo,suggested,1,
egerunt,la,ago,suggested,1,
egestatem,la,egestas,suggested,1,
egimus,la,ago,suggested,1,
egisse,la,ego,suggested,1,
egissent,la,ago,suggested,1,
egisset,la,ago,suggested,1,
eglogas,la,egloga,suggested,1,
egre,la,egre,suggested,1,
egreditur,la,egredior,suggested,1,
egregias,la,egregius,suggested,1,
egressum,la,egredior,suggested,1,
ȩgrotabantur,la,ȩgrotor,suggested,1,
ȩgrotantibus,la,ȩgroto,suggested,1,
eie,la,eies,suggested,1,
eiecerunt,la,eicio,suggested,1,
eiecit,la,eicio,suggested,1,
eiectione,la,eiectio,suggested,1,
eiicerentur,la,eiicio,suggested,1,
eiiciendis,la,eiicio,suggested,1,
eijciat,la,eijcio,suggested,1,
eiulatu,la,eiulatus,suggested,1,
eiurandam,la,eiuro,suggested,1,
eiurare,la,eiuro,suggested,1,
eiurarent,la,eiuro,suggested,1,
eiusd,la,ius,suggested,1,
eiusdemque,la,eiusdemque,suggested,1,
eiúsque,la,eiúsque,suggested,1,
ejecit,la,ejigo,suggested,1,
ejecti,la,ejigo,suggested,1,
ejicerentur,la,ejicio,suggested,1,
elabi,la,elabor,suggested,1,
elaborabimus,la,elaboro,suggested,1,
elaborare,la,elaboro,suggested,1,
elaboratum,la,elaboro,suggested,1,
elapsa,la,elabor,suggested,1,
elapsi,la,elabor,suggested,1,
elargiti,la,elargio,suggested,1,
elargitur,la,elargo,suggested,1,
elati,la,effero,suggested,1,
elatis,la,elo,suggested,1,
electis,la,eligo,suggested,1,
electores,la,elector,suggested,1,
eleemosina,la,eleemosinus,suggested,1,
eleemosinae,la,eleemosinus,suggested,1,
eleemosynarum,la,eleemosyna,suggested,1,
elegans,la,elego,suggested,1,
elegantem,la,elego,suggested,1,
eleganter,la,eleganter,suggested,1,
eleganti,la,elego,suggested,1,
elegantia,la,elegantia,suggested,1,
elegantissimi,la,elegantus,suggested,1,
elegerint,la,elego,suggested,1,
elegi,la,eligo,suggested,1,
elegiis,la,elegius,suggested,1,
elemento,la,elementum,suggested,1,
elemosina,la,elemosina,suggested,1,
elemosinis,la,elemosinus,suggested,1,
elephantorum,la,elephantus,suggested,1,
eleutheropolis,la,eleutheropola,suggested,1,
elevari,la,eleuo,suggested,1,
elevetur,la,elevo,suggested,1,
eliciendam,la,elicio,suggested,1,
elicuit,la,eliceo,suggested,1,
eligendi,la,eligo,suggested,1,
eligendorum,la,eligo,suggested,1,
eligerent,la,eligo,suggested,1,
eligerentur,la,eligo,suggested,1,
eligeret,la,eligo,suggested,1,
eligitur,la,eligo,suggested,1,
elimosinas,la,elimosina,suggested,1,
eliodorum,la,eliodus,suggested,1,
eliopolitano,la,eliopolito,suggested,1,
elocutione,la,elocutio,suggested,1,
elogiorum,la,elogius,suggested,1,
eloquentissimus,la,eloquens,suggested,1,
eluceat,la,eluceo,suggested,1,
elucet,la,eluceo,suggested,1,
eluctaretur,la,eluctor,suggested,1,
eludere,la,eludo,suggested,1,
eluderet,la,eludo,suggested,1,
eluisset,la,eluo,suggested,1,
eluserunt,la,elaudo,suggested,1,
elusit,la,eludo,suggested,1,
elutos,la,eluo,suggested,1,
elymosina,la,elymosina,suggested,1,
emanassent,la,emano,suggested,1,
emanatam,la,emano,suggested,1,
emanatas,la,emano,suggested,1,
emanatio,la,emanatio,suggested,1,
emanatum,la,emano,suggested,1,
emanoel,la,emanoel,suggested,1,
emanuelis,la,Emanueli,suggested,1,
emebat,la,emo,suggested,1,
emendandae,la,emendo,suggested,1,
emendationeque,la,emendationeque,suggested,1,
emenso,la,emendo,suggested,1,
ementes,la,emo,suggested,1,
emer,la,emer,suggested,1,
emere,la,emo,suggested,1,
emergente,la,emergo,suggested,1,
emerunt,la,emo,suggested,1,
emineat,la,emineo,suggested,1,
eminentissimam,la,eminens,suggested,1,
eminentissimis,la,eminens,suggested,1,
eminentissimorum,la,eminentis,suggested,1,
eminentissimum,la,eminens,suggested,1,
emis,la,emis,suggested,1,
emiserant,la,emitto,suggested,1,
emiserat,la,emitto,suggested,1,
emisere,la,emo,suggested,1,
emiserint,la,emitto,suggested,1,
emissarius,la,emissarius,suggested,1,
emisse,la,emitto,suggested,1,
emisserunt,la,emitto,suggested,1,
emissi,la,emitto,suggested,1,
emissio,la,emissio,suggested,1,
emissionem,la,emissio,suggested,1,
emissionis,la,emissio,suggested,1,
emississes,la,emistto,suggested,1,
emissistis,la,emissisto,suggested,1,
emissit,la,emitto,suggested,1,
emissos,la,emitto,suggested,1,
emittebant,la,emitto,suggested,1,
emittenda,la,emitto,suggested,1,
emitterem,la,emitto,suggested,1,
emmanuelem,la,emmanuel,suggested,1,
emollitum,la,emollo,suggested,1,
emollivit,la,emollio,suggested,1,
emolumenti,la,emolumentum,suggested,1,
emori,la,emoo,suggested,1,
emotae,la,emoueo,suggested,1,
emphiteuticis,la,emphiteuticus,suggested,1,
emphiteuticum,la,emphiteuticus,suggested,1,
emporio,la,emporium,suggested,1,
emptionem,la,emptio,suggested,1,
emptionibus,la,emptio,suggested,1,
empto,la,emo,suggested,1,
emptor,la,emptor,suggested,1,
empyreum,la,empyreus,suggested,1,
emulorum,la,emulus,suggested,1,
enarrare,la,enarro,suggested,1,
enarratas,la,enarro,suggested,1,
enarratis,la,enarro,suggested,1,
enarravi,la,enarro,suggested,1,
encarnacion,la,Encarnacion,suggested,1,
endas,la,endo,suggested,1,
enecat,la,eneco,suggested,1,
energumenis,la,energumenum,suggested,1,
energumenos,la,energumenus,suggested,1,
enixa,la,enitor,suggested,1,
enorme,la,enormis,suggested,1,
enriquez,la,enriquez,suggested,1,
enumeravimus,la,enumero,suggested,1,
enumerem,la,enumero,suggested,1,
enunciabant,la,enuncio,suggested,1,
enunciarent,la,enuncio,suggested,1,
enunciatę,la,enuncio,suggested,1,
eorumdem,la,idem,suggested,1,
eorummet,la,imet,suggested,1,
eorumq,la,is,suggested,1,
eousq,la,eousq,suggested,1,
ephebos,la,ephebi,suggested,1,
ephesum,la,ephesus,suggested,1,
ephippia,la,ephippium,suggested,1,
ephippium,la,ephippium,suggested,1,
epiri,la,Epirus,suggested,1,
episc,la,episc,suggested,1,
episcopali,la,episcopalis,suggested,1,
episcopatus,la,episcopatus,suggested,1,
episcopis,la,episcopus,suggested,1,
episcoporum,la,episcopus,suggested,1,
epistolȩ,la,epistolȩ,suggested,1,
epistoliúmque,la,epistoliúmque,suggested,1,
epistula,la,epistula,suggested,1,
epitome,la,epitoma,suggested,1,
epulabatur,la,epulor,suggested,1,
epulo,la,epulum,suggested,1,
equari,la,equor,suggested,1,
equinae,la,equina,suggested,1,
equino,la,equinus,suggested,1,
ęquissimis,la,ęquissimus,suggested,1,
equitandi,la,equito,suggested,1,
equitando,la,equito,suggested,1,
equitant,la,equito,suggested,1,
ęquitate,la,ęquitates,suggested,1,
equitaturis,la,equitatura,suggested,1,
equitatus,la,equitatus,suggested,1,
equitem,la,eques,suggested,1,
equum,la,equus,suggested,1,
eradicant,la,eradico,suggested,1,
erasmi,la,erasmus,suggested,1,
eratque,la,sum,suggested,1,
erátque,la,erátque,suggested,1,
ere,la,sum,suggested,1,
erebo,la,erebus,suggested,1,
erectus,la,erigo,suggested,1,
eremitis,la,eremitus,suggested,1,
erens,la,ero,suggested,1,
erepti,la,eripio,suggested,1,
erexerat,la,erego,suggested,1,
ergò,la,ergò,suggested,1,
eri,la,sum,suggested,1,
erigendis,la,erigo,suggested,1,
erigerendo,la,erigereo,suggested,1,
erigerent,la,erigo,suggested,1,
erigi,la,erigo,suggested,1,
erigunt,la,erigo,suggested,1,
eripere,la,eripio,suggested,1,
eripiant,la,eripio,suggested,1,
eripiat,la,eripio,suggested,1,
eripiendum,la,eripio,suggested,1,
eripuit,la,eripio,suggested,1,
ero,la,sum,suggested,1,
erogans,la,erogo,suggested,1,
errantes,la,erro,suggested,1,
erraremus,la,erro,suggested,1,
errata,la,erratum,suggested,1,
erratorum,la,erratus,suggested,1,
erravi,la,erro,suggested,1,
erroneo,la,erroneus,suggested,1,
error,la,error,suggested,1,
errore,la,error,suggested,1,
erudiantur,la,erudio,suggested,1,
erudiatur,la,erudio,suggested,1,
erudiendi,la,erudio,suggested,1,
erudiendis,la,erudio,suggested,1,
erudierint.quorum,la,erudierint.quus,suggested,1,
erudiri,la,erudio,suggested,1,
erudit,la,erudio,suggested,1,
erudite,la,erudio,suggested,1,
eruditè,la,erudio,suggested,1,
eruditione,la,eruditio,suggested,1,
eruditionis,la,eruditio,suggested,1,
eruditis,la,erudio,suggested,1,
erudiunt,la,erudio,suggested,1,
erugo,la,erugo,suggested,1,
erumnis,la,erumna,suggested,1,
erumpens,la,erumpo,suggested,1,
erumpunt,la,erumpo,suggested,1,
eruperunt,la,erumpo,suggested,1,
esca,la,esca,suggested,1,
escam,la,esca,suggested,1,
escis,la,esca,suggested,1,
escreveo,pt,escrever,suggested,1,
esculenta,la,esculigo,suggested,1,
espuo,la,espuus,suggested,1,
essens,la,sum,suggested,1,
essentialem,la,essentialis,suggested,1,
esseque,la,esseque,suggested,1,
esses,la,sum,suggested,1,
estas,la,sum,suggested,1,
estate,la,estas,suggested,1,
este,es,este,suggested,1,
esterna,la,esternus,suggested,1,
estes,es,este,suggested,1,
estevan,la,Estevas,suggested,1,
esteve,la,esteve,suggested,1,
estimati,la,estimo,suggested,1,
estos,es,este,suggested,1,
estris,la,ester,suggested,1,
estructa,la,estruo,suggested,1,
eta,la,eta,suggested,1,
etate,la,eto,suggested,1,
ęternę,la,ęternę,suggested,1,
ȩternis,la,ȩternus,suggested,1,
ethil,la,ethil,suggested,1,
ethiopia,la,Ethiopia,suggested,1,
ethnico,la,ethnicus,suggested,1,
ethnicorumque,la,ethnicorumquus,suggested,1,
ethnicu,la,ethnicus,suggested,1,
ethnicum,la,ethnicus,suggested,1,
ethymologia,la,ethymologia,suggested,1,
ethyopia,la,Ethyopia,suggested,1,
eti,la,eti,suggested,1,
etiamest,la,etiamest,suggested,1,
etyopem,la,etyopes,suggested,1,
etyopibus,la,etyopus,suggested,1,
euadere,la,euado,suggested,1,
euangelicae,la,euangelicus,suggested,1,
euboeam,la,euboea,suggested,1,
eucharestiae,la,eucharestia,suggested,1,
eucharistia,la,eucharistia,suggested,1,
eucharistiae,la,eucharistia,suggested,1,
euenturum,la,euenio,suggested,1,
euertit,la,euerto,suggested,1,
euibrant,la,euibro,suggested,1,
euidentiae,la,euidentia,suggested,1,
euigilare,la,euigilo,suggested,1,
euigilarent,la,euigilo,suggested,1,
euiltarum,la,euilta,suggested,1,
eumndi,la,euo,suggested,1,
eundo,la,eo,suggested,1,
euocent,la,euoco,suggested,1,
euolare,la,euolo,suggested,1,
euolet,la,euolo,suggested,1,
euoluantur,la,euoluo,suggested,1,
euomens,la,euomens,suggested,1,
europae,la,europa,suggested,1,
europaeas,la,europaeus,suggested,1,
europȩ,la,europȩ,suggested,1,
europeae,la,europeas,suggested,1,
europei,la,europes,suggested,1,
europȩos,la,europȩus,suggested,1,
euulgarent,la,euulgo,suggested,1,
euulgarunt,la,euulgo,suggested,1,
evadendum,la,evado,suggested,1,
evadere,la,evado,suggested,1,
evaderet,la,evado,suggested,1,
evadit,la,evado,suggested,1,
evan,la,evan,suggested,1,
evangelia,la,evangelium,suggested,1,
evangelicam,la,evangelicus,suggested,1,
evangelicȩ,la,evangelicȩ,suggested,1,
evangelicos,la,evangelici,suggested,1,
evangelicus,la,evangelicus,suggested,1,
evangelistarum,la,evangelista,suggested,1,
evangeliste,la,evangeliste,suggested,1,
evangelizanitibus,la,evangelizanitus,suggested,1,
evangelizant,la,evangelizo,suggested,1,
evanuerunt,la,evanesco,suggested,1,
evanuit,la,evanesco,suggested,1,
evaserant,la,evado,suggested,1,
evasid,la,evasid,suggested,1,
evasimus,la,evatto,suggested,1,
evasissent,la,evdo,suggested,1,
evasuri,la,evaio,suggested,1,
evecti,la,evigo,suggested,1,
evectis,la,evigo,suggested,1,
evecto,la,evigo,suggested,1,
eveniant,la,evenio,suggested,1,
evenisset,la,evenio,suggested,1,
eventa,la,eventum,suggested,1,
eventum,la,eventus,suggested,1,
eventus,la,eventus,suggested,1,
everendi,la,EVERENDI,suggested,1,
everendis,la,evero,suggested,1,
eversa,la,everto,suggested,1,
eversionem,la,eversio,suggested,1,
evertenda,la,everto,suggested,1,
evertendam,la,everto,suggested,1,
evertere,la,everto,suggested,1,
everteret,la,everto,suggested,1,
evertit,la,everto,suggested,1,
evexerat,la,eveho,suggested,1,
evidentem,la,evidens,suggested,1,
evidentes,la,evidens,suggested,1,
evidenti,la,evidens,suggested,1,
evidentibus,la,evidens,suggested,1,
evitanda,la,evito,suggested,1,
evitando,la,evito,suggested,1,
evitant,la,evito,suggested,1,
evitarem,la,evito,suggested,1,
evitem,la,eves,suggested,1,
evitemus,la,evito,suggested,1,
evocaram,la,evoco,suggested,1,
evocare,la,evoco,suggested,1,
evocarent,la,evoco,suggested,1,
evocati,la,evoco,suggested,1,
evocatis,la,evoco,suggested,1,
evocato,la,evoco,suggested,1,
evocatoque,la,evocatoque,suggested,1,
evocavit,la,evoco,suggested,1,
evolaturi,la,evolo,suggested,1,
evolvendis,la,evolvo,suggested,1,
evolvet,la,evolvo,suggested,1,
evomuit,la,evomuo,suggested,1,
evulgatum,la,evulgo,suggested,1,
exacerbaret,la,exacerbo,suggested,1,
exacerbatos,la,exacerbo,suggested,1,
exactam,la,exigo,suggested,1,
exactissimam,la,exactus,suggested,1,
exactissime,la,exacte,suggested,1,
exactissimi,la,exactus,suggested,1,
exactius,la,exactius,suggested,1,
exactor,la,exactor,suggested,1,
exactos,la,exigo,suggested,1,
exacuerunt,la,exaceo,suggested,1,
exaedificantur,la,exaedifico,suggested,1,
exaedificare,la,exaedifico,suggested,1,
exaequabit,la,exaequo,suggested,1,
exaequanti,la,exaequo,suggested,1,
exaggerata,la,exaggero,suggested,1,
exagitabunt,la,exagito,suggested,1,
exagitarunt,la,exagito,suggested,1,
exagitati,la,exagito,suggested,1,
examinandi,la,examino,suggested,1,
examinandum,la,examino,suggested,1,
examinatis,la,examino,suggested,1,
examinavi,la,examino,suggested,1,
examinis,la,examen,suggested,1,
exangaus,la,exango,suggested,1,
exanimes,la,exanimis,suggested,1,
exarandae,la,exaro,suggested,1,
exarare,la,exaro,suggested,1,
exaratae,la,exaro,suggested,1,
exaratam,la,exaro,suggested,1,
exaraverim,la,exaro,suggested,1,
exardescat,la,exardesco,suggested,1,
exaro,la,exaro,suggested,1,
exarserunt,la,exareo,suggested,1,
exarsit,la,exardeo,suggested,1,
exauthoraretur,la,exauthoro,suggested,1,
exautorato,la,exautoro,suggested,1,
excaecata,la,excaeco,suggested,1,
excaecatus,la,excaeco,suggested,1,
excaecavit,la,excaeco,suggested,1,
excarnificabuntur,la,excarnifico,suggested,1,
excarnificatur,la,excarnifico,suggested,1,
excedat,la,excedo,suggested,1,
excedebat,la,excedo,suggested,1,
exceder,es,exceder,suggested,1,
excederent,la,excedo,suggested,1,
excellat,la,excello,suggested,1,
excellebant,la,excello,suggested,1,
excellens,la,excello,suggested,1,
excellentem,la,excello,suggested,1,
excellentia,la,excellentia,suggested,1,
excellentie,la,excellentia,suggested,1,
excellentior,la,excello,suggested,1,
excellit,la,excello,suggested,1,
excelsi,la,excelsus,suggested,1,
exceperit,la,excipio,suggested,1,
exceperunt,la,excipio,suggested,1,
excepimus,la,excipio,suggested,1,
except,la,exipio,suggested,1,
exceptos,la,excipio,suggested,1,
exceptuatum,la,exceptuo,suggested,1,
exceptum,la,excipio,suggested,1,
excercens,la,excerco,suggested,1,
excesserim,la,excedo,suggested,1,
excesserit,la,excedo,suggested,1,
excessum,la,excessus,suggested,1,
excessus,la,excessus,suggested,1,
excetto,la,excettus,suggested,1,
excider,la,excido,suggested,1,
excideret,la,excido,suggested,1,
exciderit,la,excido,suggested,1,
excidissent,la,excido,suggested,1,
excidium,la,excidius,suggested,1,
excipere,la,excipio,suggested,1,
exciperentur,la,excipio,suggested,1,
exciperet,la,excipio,suggested,1,
excipiantur,la,excipio,suggested,1,
excipiatur,la,excipio,suggested,1,
excipiebantur,la,excipio,suggested,1,
excipiendo,la,excipio,suggested,1,
excipiens,la,excipio,suggested,1,
excipientibus,la,excipio,suggested,1,
excipio,la,excipio,suggested,1,
excipiunt,la,excipio,suggested,1,
excitandam,la,excito,suggested,1,
excitandi,la,excito,suggested,1,
excitandorum,la,excito,suggested,1,
excitandum,la,excito,suggested,1,
excitaret,la,excito,suggested,1,
excitaretur,la,excito,suggested,1,
excitarunt,la,excito,suggested,1,
excitat,la,excito,suggested,1,
excitatas,la,excito,suggested,1,
excitati,la,excito,suggested,1,
excitato,la,excito,suggested,1,
excitatur,la,excito,suggested,1,
excitatus,la,excito,suggested,1,
excitavimus,la,excito,suggested,1,
excitent,la,excito,suggested,1,
exclamabat,la,exclamo,suggested,1,
excludas,la,excludo,suggested,1,
excludebatur,la,excludo,suggested,1,
excludere,la,excludo,suggested,1,
exclusa,la,excludo,suggested,1,
excluserant,la,exclo,suggested,1,
exclusi,la,excludo,suggested,1,
exclusive,la,exclusive,suggested,1,
excluso,la,excludo,suggested,1,
excogitare,la,excogito,suggested,1,
excogitari,la,excogito,suggested,1,
excogitata,la,excogito,suggested,1,
excogitatis,la,excogito,suggested,1,
excogitauit,la,excogito,suggested,1,
excolantur,la,excolo,suggested,1,
excolenda,la,excolo,suggested,1,
excolendos,la,excolo,suggested,1,
excolunt,la,excolo,suggested,1,
excommunicationem,la,excommunicatio,suggested,1,
excommunicationis,la,excommunicatio,suggested,1,
excrescens,la,excresco,suggested,1,
excrescere,la,excresco,suggested,1,
excrescit,la,excresco,suggested,1,
excrevi,la,excreo,suggested,1,
excrevit,la,excerno,suggested,1,
excruciat,la,excrucio,suggested,1,
excubabant,la,excubo,suggested,1,
excubabat,la,excubo,suggested,1,
excubiae,la,excubia,suggested,1,
excudebat,la,excudo,suggested,1,
exculta,la,exculo,suggested,1,
excurrant,la,excurro,suggested,1,
excursionibus,la,excursio,suggested,1,
excusare,la,excuso,suggested,1,
excusationis,la,excusatio,suggested,1,
excusatum,la,excuso,suggested,1,
excusi,la,excundo,suggested,1,
excuterem,la,excuto,suggested,1,
exe1mpla,la,exe1mplum,suggested,1,
execrando,la,execro,suggested,1,
execrati,la,execro,suggested,1,
execrationibus,la,execratio,suggested,1,
executionem,la,exsecutio,suggested,1,
executionis,la,executio,suggested,1,
executor,la,executor,suggested,1,
executus,la,exequor,suggested,1,
exedunt,la,exedo,suggested,1,
exegerat,la,exigo,suggested,1,
exegit,la,exigo,suggested,1,
exempl,la,exempl,suggested,1,
exemplari,la,exemplaris,suggested,1,
exemplaris,la,exemplaris,suggested,1,
exemploq,la,exemploq,suggested,1,
exequendis,la,exsequor,suggested,1,
exequendo,la,exsequor,suggested,1,
exequendum,la,exsequor,suggested,1,
exequentes,la,exsequor,suggested,1,
exequutio,la,exequutio,suggested,1,
exequutioni,la,exequutio,suggested,1,
exerceant,la,exerceo,suggested,1,
exerceat,la,exerceo,suggested,1,
exercendas,la,exerceo,suggested,1,
exercendi,la,exerceo,suggested,1,
exercens,la,exerceo,suggested,1,
exercerent,la,exerceo,suggested,1,
exerceret,la,exerceo,suggested,1,
exercitado,es,exercitar,suggested,1,
exercitara,es,exercitar,suggested,1,
exercitata,la,exercito,suggested,1,
exercitationésque,la,exercitationésque,suggested,1,
exercitatus,la,exercito,suggested,1,
exercitiis,la,exercitium,suggested,1,
exercitio,la,exercitium,suggested,1,
exercuerunt,la,exerceo,suggested,1,
exerto,la,exeo,suggested,1,
exeundum,la,exeo,suggested,1,
exhalaverit,la,exhalo,suggested,1,
exhausit,la,exhaurio,suggested,1,
exhibeant,la,exhibeo,suggested,1,
exhibeatis,la,exhibeo,suggested,1,
exhibebo,la,exhibeo,suggested,1,
exhibebunt,la,exhibeo,suggested,1,
exhibere,la,exhibeo,suggested,1,
exhiberent,la,exhibeo,suggested,1,
exhiberet,la,exhibeo,suggested,1,
exhibitione,la,exhibitio,suggested,1,
exhibitos,la,exhibeo,suggested,1,
exhibuerat,la,exhibeo,suggested,1,
exhibui,la,exhibeo,suggested,1,
exhinc,la,exhinc,suggested,1,
exhinde,la,exhinde,suggested,1,
exhortamur,la,exhortor,suggested,1,
exhortationibus,la,exhortatio,suggested,1,
exi,la,exeo,suggested,1,
exierunt,la,exeo,suggested,1,
exigat,la,exigo,suggested,1,
exigentibus,la,exigo,suggested,1,
exigere,la,exigo,suggested,1,
exiguâ,la,exiguus,suggested,1,
exiguae,la,exiguus,suggested,1,
exiguam,la,exiguus,suggested,1,
exiguas,la,exiguus,suggested,1,
exigunt,la,exigo,suggested,1,
exiguo,la,exiguus,suggested,1,
exiguor,la,exiguor,suggested,1,
exiliiq,la,exsiliiq,suggested,1,
exiliique,la,exiliique,suggested,1,
exiliit,la,exileo,suggested,1,
exiliumve,la,Exiliumve,suggested,1,
eximeremus,la,eximo,suggested,1,
eximias,la,eximius,suggested,1,
eximii,la,eximius,suggested,1,
eximio,la,eximius,suggested,1,
eximium,la,eximius,suggested,1,
exindeque,la,exindeque,suggested,1,
exirent,la,exeo,suggested,1,
existat,la,exsisto,suggested,1,
existenti,la,exsisto,suggested,1,
existentibus,la,exsisto,suggested,1,
existet,la,exsisto,suggested,1,
existimabantur,la,existimo,suggested,1,
existimandum,la,existimo,suggested,1,
existimans,la,existimo,suggested,1,
existimaretur,la,existimo,suggested,1,
existimationem,la,existimatio,suggested,1,
ęxistimationi,la,ęxistimatio,suggested,1,
existimationis,la,existimatio,suggested,1,
existimaverint,la,existimo,suggested,1,
existimaveris,la,existimo,suggested,1,
existiment,la,existimo,suggested,1,
existimetur,la,existimo,suggested,1,
exitialia,la,exitialis,suggested,1,
exitio,la,exitium,suggested,1,
exitioso,la,exitiosus,suggested,1,
exivisse,la,exeo,suggested,1,
exleges,la,exlex,suggested,1,
exol,la,exol,suggested,1,
exolescet,la,exolesco,suggested,1,
exolvere,la,exolvo,suggested,1,
exomia,la,exomius,suggested,1,
exoneres,la,exoneo,suggested,1,
exoptantes,la,exopto,suggested,1,
exoptare,la,exopto,suggested,1,
exoptasse,la,exopto,suggested,1,
exoptavêre,la,exoptavêe,suggested,1,
exorbitent,la,exorbito,suggested,1,
exorcismos,la,exorcismus,suggested,1,
exordiar,la,exordio,suggested,1,
exorquebat,la,exorqueo,suggested,1,
exorta,la,exorior,suggested,1,
exortantur,la,exortor,suggested,1,
exorto,la,exorior,suggested,1,
exortum,la,exorior,suggested,1,
exosculandum,la,exosculo,suggested,1,
exotici,la,exoticus,suggested,1,
expavescerent,la,expavesco,suggested,1,
expe,la,expe,suggested,1,
expectabant,la,exspecto,suggested,1,
expectabatur,la,expecto,suggested,1,
expectabis,la,exspecto,suggested,1,
expectamus,la,exspecto,suggested,1,
expectando,la,expecto,suggested,1,
expectandum,la,exspecto,suggested,1,
expectante,la,expecto,suggested,1,
expectantibus,la,exspecto,suggested,1,
expectarent,la,exspecto,suggested,1,
expectasset,la,expecto,suggested,1,
expectatur,la,exspecto,suggested,1,
expediam,la,expedio,suggested,1,
expedierit,la,expedio,suggested,1,
expedit,la,expedio,suggested,1,
expeditione,la,expeditio,suggested,1,
expeditioni,la,expeditio,suggested,1,
expeditionis,la,expeditio,suggested,1,
expeditiores,la,expeditus,suggested,1,
expedito,la,expedio,suggested,1,
expellat,la,expello,suggested,1,
expellendo,la,expello,suggested,1,
expellendos,la,expello,suggested,1,
expelli,la,expello,suggested,1,
expen,la,expen,suggested,1,
expendatis,la,expendo,suggested,1,
expendebant,la,expendo,suggested,1,
expendebat,la,expendo,suggested,1,
expendere,la,expendo,suggested,1,
expenderet,la,expendo,suggested,1,
expenderunt,la,expendo,suggested,1,
expendet,la,expendo,suggested,1,
expendi,la,expendo,suggested,1,
expensarum,la,expensa,suggested,1,
expensasque,la,expensasque,suggested,1,
expense,la,expense,suggested,1,
expensum,la,expensum,suggested,1,
experiamur,la,experior,suggested,1,
experiantur,la,experior,suggested,1,
experiencia,la,experiencia,suggested,1,
experientiam,la,experientia,suggested,1,
experimur,la,experior,suggested,1,
experitur,la,experior,suggested,1,
experiuntur,la,experior,suggested,1,
experta,la,experior,suggested,1,
expertae,la,experior,suggested,1,
experte,la,experte,suggested,1,
expertia,la,expers,suggested,1,
expetamus,la,expeto,suggested,1,
expetat,la,expeto,suggested,1,
expetentem,la,expeto,suggested,1,
expetere,la,expeto,suggested,1,
expeterent,la,expeto,suggested,1,
expeti,la,expeto,suggested,1,
expetijt,la,expeto,suggested,1,
expetit,la,expeto,suggested,1,
expetiti,la,expeto,suggested,1,
expetitum,la,expetitus,suggested,1,
expeto,la,expeto,suggested,1,
expetunt,la,expeto,suggested,1,
expiantur,la,expio,suggested,1,
expiare,la,expio,suggested,1,
expiarent,la,expio,suggested,1,
expiasset,la,expio,suggested,1,
expiati,la,expio,suggested,1,
expiatione,la,expiatio,suggested,1,
expiatoriis,la,expiatorius,suggested,1,
expilatur,la,expilo,suggested,1,
expilaverant,la,expilo,suggested,1,
expirantibus,la,expiro,suggested,1,
expleant,la,expleo,suggested,1,
explebunt,la,expleo,suggested,1,
explenda,la,expleo,suggested,1,
explendam,la,expleo,suggested,1,
explendo,la,expleo,suggested,1,
explere,la,expleo,suggested,1,
expleverint,la,expleo,suggested,1,
explicabuntur,la,explico,suggested,1,
explicandae,la,explico,suggested,1,
explicandis,la,explico,suggested,1,
explicando,la,explico,suggested,1,
explicant,la,explico,suggested,1,
explicantes,la,explico,suggested,1,
explicata,la,explico,suggested,1,
explicatio,la,explicatio,suggested,1,
explicationi,la,explicatio,suggested,1,
explicatum,la,explico,suggested,1,
explicatur,la,explico,suggested,1,
explicit,la,explicio,suggested,1,
explodebantur,la,explodo,suggested,1,
explodentes,la,explodo,suggested,1,
explorandum,la,exploro,suggested,1,
explorarent,la,exploro,suggested,1,
explorate,la,exploro,suggested,1,
explorati,la,exploro,suggested,1,
exploratumque,la,exploro,suggested,1,
explosis,la,explosum,suggested,1,
exponam,la,expono,suggested,1,
exponamus,la,expono,suggested,1,
exponant,la,expono,suggested,1,
exponebantur,la,expono,suggested,1,
exponerent,la,expono,suggested,1,
exponerentur,la,expono,suggested,1,
exponis,la,expono,suggested,1,
exponit,la,expono,suggested,1,
exponitur,la,expono,suggested,1,
expoposcimus,la,expoposco,suggested,1,
exporrigat,la,exporrigo,suggested,1,
exportantes,la,exporto,suggested,1,
exportarent,la,exporto,suggested,1,
exposcimus,la,exposco,suggested,1,
expositae,la,expono,suggested,1,
expositam,la,expono,suggested,1,
expositio,la,expositio,suggested,1,
expostulamus,la,expostulo,suggested,1,
expostulare,la,expostulo,suggested,1,
expostularet,la,expostulo,suggested,1,
expostulatque,la,expostulatque,suggested,1,
exposuerit,la,expono,suggested,1,
expraefectorum,la,expraefectus,suggested,1,
expraefectos,la,expraefectus,suggested,1,
expresse,la,expresse,suggested,1,
expressum,la,exprimo,suggested,1,
exprimebant,la,exprimo,suggested,1,
exprimerent,la,exprimo,suggested,1,
expugna,la,expugno,suggested,1,
expugnata,la,expugno,suggested,1,
expugnatio,la,expugnatio,suggested,1,
expugnationem,la,expugnatio,suggested,1,
expulerunt,la,expello,suggested,1,
expulsione,la,expulsio,suggested,1,
expulsionem,la,expulsio,suggested,1,
expulso,la,expello,suggested,1,
expurgabit,la,expurgo,suggested,1,
expurgaret,la,expurgo,suggested,1,
exquisitae,la,exquisro,suggested,1,
exquisitas,la,exquino,suggested,1,
exquisitissima,la,exquisitus,suggested,1,
exquisitissimae,la,exquisitus,suggested,1,
exscenderunt,la,exscendo,suggested,1,
exscensionem,la,exscensio,suggested,1,
exscindendam,la,exscindo,suggested,1,
exscindere,la,exscindo,suggested,1,
exspectabo,la,exspecto,suggested,1,
exspectant,la,exspecto,suggested,1,
exspectasse,la,exspecto,suggested,1,
exspectet,la,exspecto,suggested,1,
exspecto,la,exspecto,suggested,1,
exspirasse,la,exspiro,suggested,1,
exspoliationem,la,exspoliatio,suggested,1,
exstant,la,exsto,suggested,1,
exstirpavit,la,exstirpo,suggested,1,
exstitit,la,exsto,suggested,1,
exstructa,la,exstruo,suggested,1,
exstructae,la,exstruo,suggested,1,
exstructo,la,exsstruo,suggested,1,
extabant,la,exsto,suggested,1,
extante,la,exto,suggested,1,
extemplo,la,extemplus,suggested,1,
extendam,la,extendo,suggested,1,
extenderem,la,extendo,suggested,1,
extenderet,la,extendo,suggested,1,
extenditur,la,extendo,suggested,1,
extensam,la,extendo,suggested,1,
extensum,la,extendo,suggested,1,
extenuantes,la,extenuo,suggested,1,
exteri,la,exter,suggested,1,
exterior,la,exterior,suggested,1,
exteriora,la,exterior,suggested,1,
exteriores,la,exterior,suggested,1,
exteriori,la,exterior,suggested,1,
exterminaret,la,extermino,suggested,1,
exterminatae,la,extermino,suggested,1,
externam,la,externus,suggested,1,
externi,la,externus,suggested,1,
externorum,la,externus,suggested,1,
externum,la,externus,suggested,1,
exterquerent,la,exterqueo,suggested,1,
extimationem,la,aestimatio,suggested,1,
extimescere,la,extimesco,suggested,1,
extimesco,la,extimesco,suggested,1,
extimos,la,extimus,suggested,1,
extimularunt,la,extimulo,suggested,1,
extimulatum,la,extimulo,suggested,1,
extinctae,la,extincio,suggested,1,
extincti,la,exstinguo,suggested,1,
extinctionem,la,extinctio,suggested,1,
extincto,la,extincto,suggested,1,
extinguendam,la,extinguo,suggested,1,
extirpandos,la,extirpo,suggested,1,
extirpantur,la,extirpo,suggested,1,
extirpare,la,extirpo,suggested,1,
extirparint,la,extirpo,suggested,1,
extirpatum,la,extirpo,suggested,1,
extitisse,la,exsisto,suggested,1,
extollebant,la,extollo,suggested,1,
extollebat,la,extollo,suggested,1,
extollere,la,extollo,suggested,1,
extollet,la,extollo,suggested,1,
extollunt,la,extollo,suggested,1,
extorquere,la,extorqueo,suggested,1,
extorquet,la,extorquo,suggested,1,
extorserit,la,extoreo,suggested,1,
extorsisset,la,extorsisso,suggested,1,
extorta,la,extortus,suggested,1,
extractum,la,extraho,suggested,1,
extraham,la,extraho,suggested,1,
extrahatur,la,extraho,suggested,1,
extrahentem,la,extraho,suggested,1,
extrahentes,la,extraho,suggested,1,
extrahere,la,extraho,suggested,1,
extrahunt,la,extraho,suggested,1,
extraiudicialia,la,extraiudicialis,suggested,1,
extraneis,la,extraneus,suggested,1,
extraordinariis,la,extraordinarius,suggested,1,
extraordinarijs,la,extraordinarius,suggested,1,
extraxerint,la,extrao,suggested,1,
extraxerunt,la,extraho,suggested,1,
extraxit,la,extraho,suggested,1,
extremae,la,exterior,suggested,1,
extructo,la,extruo,suggested,1,
extructum,la,extruo,suggested,1,
extrudi,la,extrudo,suggested,1,
extruendis,la,extruo,suggested,1,
extulerat,la,exfero,suggested,1,
extulere,la,extulo,suggested,1,
exturbantur,la,exturbo,suggested,1,
exturbare,la,exturbo,suggested,1,
exturbentur,la,exturbo,suggested,1,
exu,la,exu,suggested,1,
exuendus,la,exuo,suggested,1,
exul,la,exsul,suggested,1,
exulabunt,la,exulo,suggested,1,
exularant,la,exularo,suggested,1,
exularat,la,exularo,suggested,1,
exulatus,la,exulor,suggested,1,
exulceratum,la,exulcero,suggested,1,
exulere,la,exuleo,suggested,1,
exultans,la,exulto,suggested,1,
exultare,la,exulto,suggested,1,
exultarent,la,exsulto,suggested,1,
exulum,la,exulus,suggested,1,
exundantium,la,exundo,suggested,1,
exuretur,la,exuro,suggested,1,
exurgere,la,exurgo,suggested,1,
exuri,la,exuro,suggested,1,
exustis,la,exuro,suggested,1,
exuti,la,exuo,suggested,1,
exveretur,la,exvor,suggested,1,
faber,la,faber,suggested,1,
fabiannus,la,fabiannus,suggested,1,
fabri,la,faber,suggested,1,
fabricae,la,fabrica,suggested,1,
fabricarunt,la,fabrico,suggested,1,
fabricatum,la,fabrico,suggested,1,
facatam,la,faco,suggested,1,
facem,la,fax,suggested,1,
facessere,la,facesso,suggested,1,
facessunt,la,facesso,suggested,1,
fachiraoense,la,fachiraoensis,suggested,1,
fachiroensi,la,fachiroensis,suggested,1,
fachyroesi,la,fachyroesus,suggested,1,
faciant,la,facio,suggested,1,
facibus,la,fax,suggested,1,
faciebam,la,facio,suggested,1,
faciendae,la,facio,suggested,1,
facies,la,facio,suggested,1,
faciet,la,facio,suggested,1,
facilem,la,facilis,suggested,1,
facilitateque,la,facilitateque,suggested,1,
facilitatis,la,facilitas,suggested,1,
facimam,la,facima,suggested,1,
facinore,la,facinus,suggested,1,
facinoribus,la,facinus,suggested,1,
facinorosorum,la,facinorosus,suggested,1,
facis,la,facio,suggested,1,
fact,la,faio,suggested,1,
facte,la,facio,suggested,1,
factionis,la,factio,suggested,1,
factorum,la,facio,suggested,1,
factu,la,facio,suggested,1,
facturam,la,facio,suggested,1,
facultati,la,facultas,suggested,1,
facultatis,la,facultas,suggested,1,
facultatumque,la,facultatum,suggested,1,
faecem,la,faex,suggested,1,
faecibus,la,faex,suggested,1,
faedere,la,faedo,suggested,1,
faelicissimo,la,faelicus,suggested,1,
faeminas,la,faemina,suggested,1,
faeta,la,faetum,suggested,1,
falce,la,falx,suggested,1,
fallacias,la,fallacia,suggested,1,
fallar,la,fallor,suggested,1,
fallendi,la,fallo,suggested,1,
fallentem,la,fallo,suggested,1,
fallentibus,la,fallo,suggested,1,
falli,la,fallo,suggested,1,
fallor,la,fallor,suggested,1,
falor,la,falor,suggested,1,
falsas,la,falsus,suggested,1,
falsę,la,falsus,suggested,1,
falsi,la,falsus,suggested,1,
falsis,la,falsus,suggested,1,
falsitates,la,falsitas,suggested,1,
falsitatibus,la,falsitas,suggested,1,
falsò,la,falsò,suggested,1,
falsorumque,la,falsorumquus,suggested,1,
famae,la,fama,suggested,1,
familiâ,la,familiâ,suggested,1,
familiare,la,familio,suggested,1,
familiarem,la,familiaris,suggested,1,
familiares,la,familiaris,suggested,1,
familiari,la,familiaris,suggested,1,
familiaritate,la,familiaritas,suggested,1,
familiaritatem,la,familiaritas,suggested,1,
familiaritatis,la,familiaritas,suggested,1,
familiarius,la,familiariter,suggested,1,
familias,la,familia,suggested,1,
familie,la,familie,suggested,1,
familiȩ,la,familiȩ,suggested,1,
famosi,la,famosus,suggested,1,
famosissimus,la,famosus,suggested,1,
famosum,la,famosus,suggested,1,
famulato,la,famulo,suggested,1,
famulatu,la,famulatus,suggested,1,
fancan,la,fancan,suggested,1,
fanum,la,fanus,suggested,1,
farimae,la,farima,suggested,1,
fascia,la,fascia,suggested,1,
fasciam,la,fascia,suggested,1,
fassi,la,fassus,suggested,1,
fastideret,la,fastido,suggested,1,
fastidium,la,fastidium,suggested,1,
fastu,la,fastus,suggested,1,
fatalis,la,fatalis,suggested,1,
fateatur,la,fateor,suggested,1,
fateor,la,fateor,suggested,1,
fatetur,la,fateor,suggested,1,
fatigata,la,fatigo,suggested,1,
fatigatur,la,fatigo,suggested,1,
fatigetur,la,fatigo,suggested,1,
fatis,la,fatum,suggested,1,
fatiscente,la,fatiscor,suggested,1,
fato,la,fatum,suggested,1,
fatoque,la,fatoque,suggested,1,
fatu,la,fatus,suggested,1,
fatum,la,fatum,suggested,1,
faturum,la,fatuo,suggested,1,
faucibus,la,faux,suggested,1,
fautoribus,la,fautor,suggested,1,
fautorq,la,fautor,suggested,1,
faveant,la,faueo,suggested,1,
favens,la,faveo,suggested,1,
favoremque,la,favoremqus,suggested,1,
favores,la,favos,suggested,1,
favoribus,la,favor,suggested,1,
feb,la,feb,suggested,1,
febrero,es,febrero,suggested,1,
febrim,la,febrim,suggested,1,
februar,la,februar,suggested,1,
februarias,la,februarius,suggested,1,
februarium,la,februarius,suggested,1,
fecêre,la,fecêo,suggested,1,
fecerim,la,facio,suggested,1,
fecissemus,la,facio,suggested,1,
fecisti,la,facio,suggested,1,
fecunditate,la,fecunditas,suggested,1,
fedem,la,fedes,suggested,1,
feito,pt,fazer,suggested,1,
felices,la,felix,suggested,1,
felicissima,la,felicis,suggested,1,
felicissimam,la,felicus,suggested,1,
felicissimi,la,felicus,suggested,1,
felicissimis,la,felicus,suggested,1,
felicissimo,la,felicus,suggested,1,
felicissimus,la,felicus,suggested,1,
felicita,la,felicitus,suggested,1,
felicitantis,la,felicito,suggested,1,
felicitati,la,felicitas,suggested,1,
feminas,la,femina,suggested,1,
femore,la,femur,suggested,1,
femur,la,femur,suggested,1,
fer,la,fer,suggested,1,
ferali,la,feralis,suggested,1,
feram,la,fera,suggested,1,
ferantur,la,fero,suggested,1,
ferarum,la,fera,suggested,1,
feras,la,fera,suggested,1,
ferat,la,fero,suggested,1,
ferdinando,la,Ferdinandus,suggested,1,
ferebant,la,fero,suggested,1,
ferebantur,la,fero,suggested,1,
fereira,la,fereirus,suggested,1,
ferenda,la,fero,suggested,1,
ferendam,la,fero,suggested,1,
ferentem,la,fero,suggested,1,
ferentium,la,fero,suggested,1,
feriam,la,feria,suggested,1,
feriendis,la,ferio,suggested,1,
ferina,la,ferinus,suggested,1,
ferit,la,fero,suggested,1,
feritatem,la,feritas,suggested,1,
feritati,la,feritas,suggested,1,
feriunt,la,ferio,suggested,1,
fermè,la,fermè,suggested,1,
fernandez,la,Fernandez,suggested,1,
fernández,la,Fernández,suggested,1,
fernàndez,la,Fernàndez,suggested,1,
ferocem,la,ferox,suggested,1,
ferocia,la,ferocius,suggested,1,
ferocire,la,ferocio,suggested,1,
ferocitas,la,ferocitas,suggested,1,
ferocitate,la,ferocitas,suggested,1,
ferrara,la,ferrarus,suggested,1,
ferrari,la,ferrarus,suggested,1,
ferraris,la,ferraris,suggested,1,
ferreyra,la,Ferreyra,suggested,1,
fert,la,fero,suggested,1,
fertiles,la,fertilis,suggested,1,
fertilis,la,fertilis,suggested,1,
feruenter,la,feruenter,suggested,1,
feruentes,la,ferueo,suggested,1,
feruenti,la,ferveo,suggested,1,
fervebat,la,fervo,suggested,1,
ferventer,la,ferventer,suggested,1,
ferventi,la,ferveo,suggested,1,
fessionibus,la,fessio,suggested,1,
fesso,la,fessus,suggested,1,
fessos,la,fessus,suggested,1,
festa,la,festus,suggested,1,
festi,la,festus,suggested,1,
festinantem,la,festino,suggested,1,
festinaret,la,festino,suggested,1,
festinasse,la,festino,suggested,1,
festinatio,la,festinatio,suggested,1,
festinationem,la,festinatio,suggested,1,
festinationeque,la,festinationeque,suggested,1,
festivo,la,festivus,suggested,1,
fetuo,la,fetuus,suggested,1,
fiant,la,fio,suggested,1,
fibras,la,fibra,suggested,1,
fictis,la,fingo,suggested,1,
fictum,la,fingo,suggested,1,
fictus,la,fictus,suggested,1,
fidele,la,fidelis,suggested,1,
fideliores,la,fidelis,suggested,1,
fidelissimam,la,fidelis,suggested,1,
fidelitati,la,fidelitas,suggested,1,
fideliter,la,fideliter,suggested,1,
fidenter,la,fidenter,suggested,1,
fidenterque,la,fidenterque,suggested,1,
fidentes,la,fido,suggested,1,
fidere,la,fido,suggested,1,
fìdes,la,fìdes,suggested,1,
fidi,la,fidus,suggested,1,
fidioribus,la,fidus,suggested,1,
fidissimis,la,fidus,suggested,1,
fidissimo,la,fidus,suggested,1,
fidissimum,la,fidus,suggested,1,
fidissimus,la,fidus,suggested,1,
fidit,la,fido,suggested,1,
fido,la,fido,suggested,1,
fiduciam,la,fiducia,suggested,1,
fidunt,la,fido,suggested,1,
figat,la,figo,suggested,1,
figem,la,figes,suggested,1,
figendi,la,figo,suggested,1,
figensis,la,figensis,suggested,1,
figmentis,la,figmentum,suggested,1,
figoensis,la,figoensus,suggested,1,
figurae,la,figura,suggested,1,
figuram,la,figura,suggested,1,
figuras,la,figura,suggested,1,
figuratae,la,figuro,suggested,1,
figurato,la,figuro,suggested,1,
filialem,la,filialis,suggested,1,
filias,la,filia,suggested,1,
filiis,la,filius,suggested,1,
filij,la,filij,suggested,1,
filijs,la,filius,suggested,1,
filioque,la,filio,suggested,1,
filipinarum,la,filipinus,suggested,1,
filo,la,filus,suggested,1,
filum,la,filus,suggested,1,
fimbrias,la,fimbriae,suggested,1,
fìnalem,la,fìnalis,suggested,1,
findecanus,la,findecanus,suggested,1,
findenarus,la,findenarus,suggested,1,
findetur,la,findo,suggested,1,
fingana,la,Finganus,suggested,1,
finganis,la,finganus,suggested,1,
fingans,la,fingo,suggested,1,
fingensi,la,Fingensus,suggested,1,
fingensium,la,fingo,suggested,1,
fingent,la,fingo,suggested,1,
fingum,la,fingus,suggested,1,
finiantur,la,finio,suggested,1,
finienda,la,finio,suggested,1,
finierunt,la,finio,suggested,1,
finire,la,finio,suggested,1,
finitae,la,finio,suggested,1,
finitima,la,finitimus,suggested,1,
finitimam,la,finitimus,suggested,1,
finitimi,la,finitimus,suggested,1,
finitimis,la,finitimus,suggested,1,
finitimo,la,finitimus,suggested,1,
finivit,la,finio,suggested,1,
fint,la,fo,suggested,1,
firadenses,la,firadenses,suggested,1,
firandensibus,la,firandensis,suggested,1,
firmandis,la,firmo,suggested,1,
firmare,la,firmo,suggested,1,
firmareque,la,firmareque,suggested,1,
firmate,la,firmo,suggested,1,
firmatum,la,firmo,suggested,1,
firmetur,la,firmo,suggested,1,
firmi,la,firmus,suggested,1,
firmiores,la,firmus,suggested,1,
firmioribus,la,firmior,suggested,1,
firmissimae,la,firmus,suggested,1,
firmissimo,la,firmus,suggested,1,
firmitatem,la,firmitas,suggested,1,
firmus,la,firmus,suggested,1,
firoscimani,la,firoscimanus,suggested,1,
fiscale,la,fiscalis,suggested,1,
fiscales,la,fiscalis,suggested,1,
fistula,la,fistula,suggested,1,
fiungani,la,Fiunganus,suggested,1,
fixae,la,fixus,suggested,1,
fixerat,la,figo,suggested,1,
fl,la,fl,suggested,1,
flagellant,la,flagello,suggested,1,
flagellavi,la,flagello,suggested,1,
flagellorum,la,flagellum,suggested,1,
flagitemus,la,flagito,suggested,1,
flagitiis,la,flagitium,suggested,1,
flagitijs,la,flagitijs,suggested,1,
flagitiosae,la,flagitiosus,suggested,1,
flagitiosam,la,flagitiosus,suggested,1,
flagitiosi,la,flagitiosus,suggested,1,
flagrabat,la,flagro,suggested,1,
flagrans,la,flagro,suggested,1,
flagrante,la,flagro,suggested,1,
flammarum,la,flamma,suggested,1,
flammas,la,flamma,suggested,1,
flante,la,flo,suggested,1,
fleri,la,fleo,suggested,1,
flictionem,la,flictio,suggested,1,
flore,la,flos,suggested,1,
florenorum,la,florenus,suggested,1,
florentes,la,floreo,suggested,1,
florentia,la,florentia,suggested,1,
florentibus,la,floreo,suggested,1,
florentior,la,floreo,suggested,1,
floreret,la,floreo,suggested,1,
florez,es,Florez,suggested,1,
floruerant,la,floruero,suggested,1,
floruit,la,floreo,suggested,1,
fluctuantem,la,fluctuo,suggested,1,
fluctuare,la,fluctuo,suggested,1,
fluctuum,la,fluctus,suggested,1,
fluentibus,la,fluo,suggested,1,
fluentium,la,fluo,suggested,1,
flumina,la,flumen,suggested,1,
fluminale,la,fluminalis,suggested,1,
fluuii,la,fluuis,suggested,1,
fluuio,la,fluuius,suggested,1,
fluvii,la,fluvius,suggested,1,
fluvim,la,fluvis,suggested,1,
fluvios,la,fluvius,suggested,1,
fminis,la,fmen,suggested,1,
focamensis,la,focamensis,suggested,1,
fodinae,la,fodinus,suggested,1,
foecundata,la,foecundo,suggested,1,
foecundo,la,foecundo,suggested,1,
foedabat,la,foedo,suggested,1,
foedavit,la,foedo,suggested,1,
foederis,la,foedus,suggested,1,
foedissimi,la,foedus,suggested,1,
foedissimo,la,foedus,suggested,1,
foeditati,la,foeditas,suggested,1,
foelicem,la,foelex,suggested,1,
foelicissimo,la,foelicus,suggested,1,
foelicitatem,la,foelicitas,suggested,1,
foeliciter,la,foeliciter,suggested,1,
foelix,la,foelix,suggested,1,
foeminarum,la,foemina,suggested,1,
foeminę,la,foemo,suggested,1,
foes,la,foes,suggested,1,
foetida,la,foetidus,suggested,1,
foetorem,la,foetor,suggested,1,
foetum,la,foetus,suggested,1,
fogan,la,fogan,suggested,1,
fokiense,es,Fokiense,suggested,1,
fonben,la,fonben,suggested,1,
fontanarosa,la,fontanarosus,suggested,1,
for,la,for,suggested,1,
forent,la,foreo,suggested,1,
forma,es,forma,suggested,1,
formandum,la,formo,suggested,1,
formarent,la,formo,suggested,1,
formata,la,formo,suggested,1,
formatum,la,formo,suggested,1,
formidabile,la,formidabilis,suggested,1,
formidabiles,la,formidabilis,suggested,1,
formidabilis,la,formidabilis,suggested,1,
formidandum,la,formido,suggested,1,
formidarent,la,formido,suggested,1,
formidarunt,la,formido,suggested,1,
formidet,la,formido,suggested,1,
formidolosis,la,formidolosus,suggested,1,
formosae,la,formosus,suggested,1,
formositate,la,formositas,suggested,1,
formositatis,la,formositas,suggested,1,
fornaletus,la,fornaletus,suggested,1,
foro,la,forum,suggested,1,
fortè,la,fortè,suggested,1,
fortem,la,fortis,suggested,1,
forti,la,fortis,suggested,1,
fortia,la,fortis,suggested,1,
fortificati,la,fortifico,suggested,1,
fortior,la,fortis,suggested,1,
fortiores,la,fortis,suggested,1,
fortioribus,la,fortis,suggested,1,
fortique,la,fortique,suggested,1,
fortissimam,la,fortis,suggested,1,
fortissimi,la,fortis,suggested,1,
fortissimiq,la,fortis,suggested,1,
fortissimum,la,fortis,suggested,1,
fortissimus,la,fortis,suggested,1,
fortitudines,la,fortitudo,suggested,1,
fortius,la,fortiter,suggested,1,
fortun,la,fortus,suggested,1,
fortunarum,la,fortuna,suggested,1,
fortunarumq,la,fortunar,suggested,1,
forum,la,forum,suggested,1,
fossa,la,fossa,suggested,1,
fossarum,la,fossa,suggested,1,
fosso,la,fossus,suggested,1,
fotoquiis,la,fotoquius,suggested,1,
fovebat,la,foveo,suggested,1,
fovend,la,foveo,suggested,1,
fovendis,la,foveor,suggested,1,
fovent,la,foveo,suggested,1,
fovet,la,foveo,suggested,1,
fracti,la,frango,suggested,1,
fractio,la,fractio,suggested,1,
fractura,la,fractura,suggested,1,
fragile,la,fragilis,suggested,1,
fragilitati,la,fragilitas,suggested,1,
fragrantiae,la,fragrantia,suggested,1,
franccisci,la,francciscus,suggested,1,
franciscana,la,franciscanus,suggested,1,
franciscanȩ,la,francisco,suggested,1,
frangatur,la,frango,suggested,1,
frangendam,la,frango,suggested,1,
frangeremur,la,frango,suggested,1,
fraternitate,la,fraternitas,suggested,1,
fraterque,la,fraterque,suggested,1,
frati,la,fro,suggested,1,
fratibus,la,fratis,suggested,1,
fratribusque,la,fratribusque,suggested,1,
fraudaretur,la,fraudo,suggested,1,
fraudulenter,la,fraudulenter,suggested,1,
fremente,la,fremo,suggested,1,
frementibus,la,fremo,suggested,1,
freno,la,frenum,suggested,1,
frequens,la,frequens,suggested,1,
frequentando,la,frequento,suggested,1,
frequentârunt,la,frequeo,suggested,1,
frequentat,la,frequento,suggested,1,
frequentata,la,frequento,suggested,1,
frequentatae,la,frequento,suggested,1,
frequentem,la,frequens,suggested,1,
frequentes,la,frequens,suggested,1,
frequentia,la,frequentia,suggested,1,
frequentiores,la,frequens,suggested,1,
frequentissima,la,frequentus,suggested,1,
frequentissimi,la,frequens,suggested,1,
frequentissimos,la,frequens,suggested,1,
frequentius,la,frequenter,suggested,1,
fretus,la,fretus,suggested,1,
frigefiat,la,frigefio,suggested,1,
frigidi,la,frigidus,suggested,1,
frigidiores,la,frigidus,suggested,1,
frigoris,la,frigus,suggested,1,
frigorum,la,frigus,suggested,1,
froes,la,froes,suggested,1,
fróes,la,fróes,suggested,1,
frondibus,la,frons,suggested,1,
fruamur,la,fruor,suggested,1,
fructant,la,fructo,suggested,1,
fructiferae,la,fructifer,suggested,1,
fructuosam,la,fructuosus,suggested,1,
fructuose,la,fructuose,suggested,1,
fructuum,la,fructus,suggested,1,
fruebatur,la,fruor,suggested,1,
frugum,la,frux,suggested,1,
fruimini,la,fruor,suggested,1,
fruitione,la,fruitio,suggested,1,
fruitionem,la,fruitio,suggested,1,
frumenta,la,frumentum,suggested,1,
frumenti,la,frumentum,suggested,1,
frumentifera,la,frumentifer,suggested,1,
frusta,la,frustus,suggested,1,
frustranea,la,frustraneus,suggested,1,
frustratus,la,frustro,suggested,1,
fruuntur,la,fruor,suggested,1,
fu,la,fu,suggested,1,
fucuscimandonum,la,fucuscimandonus,suggested,1,
fucuscimandonus,la,fucuscimandonus,suggested,1,
fuderunt,la,fundo,suggested,1,
fudit,la,fundo,suggested,1,
fueram,la,sum,suggested,1,
fuêre,la,fuêris,suggested,1,
fuero,la,sum,suggested,1,
fugamque,la,fugam,suggested,1,
fugan,la,fugan,suggested,1,
fugat,la,fugo,suggested,1,
fugatus,la,fugo,suggested,1,
fuggeren,la,fuggo,suggested,1,
fugienda,la,fugio,suggested,1,
fugiendi,la,fugio,suggested,1,
fugiens,la,fugio,suggested,1,
fugientem,la,fugio,suggested,1,
fugienti,la,fugio,suggested,1,
fugientibus,la,fugio,suggested,1,
fugisset,la,fugio,suggested,1,
fugit,la,fugio,suggested,1,
fuisti,la,sum,suggested,1,
fuistis,la,sum,suggested,1,
fulciatur,la,fulcio,suggested,1,
fulgebunt,la,fulgeo,suggested,1,
fulgentem,la,fulgeo,suggested,1,
fulgor,la,fulgor,suggested,1,
fulgorem,la,fulgor,suggested,1,
fulmina,la,fulmen,suggested,1,
fulminatur,la,fulmino,suggested,1,
fultas,la,fulo,suggested,1,
fumo,la,fumus,suggested,1,
fumus,la,fumus,suggested,1,
funacense,la,funacensis,suggested,1,
functione,la,functio,suggested,1,
functionem,la,functio,suggested,1,
functionesq,la,function,suggested,1,
functionum,la,functio,suggested,1,
funda,la,fundus,suggested,1,
fundando,la,fundo,suggested,1,
fundatas,la,fundo,suggested,1,
fundati,la,fundo,suggested,1,
fundatio,la,fundatio,suggested,1,
fundationes,la,fundatio,suggested,1,
fundationis,la,fundatio,suggested,1,
fundatoribus,la,fundator,suggested,1,
fundendus,la,fundo,suggested,1,
funderet,la,fundo,suggested,1,
funditur,la,fundo,suggested,1,
fundunt,la,fundo,suggested,1,
fundus,la,fundus,suggested,1,
funem,la,funis,suggested,1,
funerati,la,funero,suggested,1,
funeris,la,funus,suggested,1,
funestissimas,la,funestus,suggested,1,
funesto,la,funestus,suggested,1,
funestum,la,funestus,suggested,1,
fungantur,la,fungo,suggested,1,
fungar,la,fungor,suggested,1,
fungebantur,la,fungor,suggested,1,
fungebatur,la,fungor,suggested,1,
fungerentur,la,fungo,suggested,1,
fungetur,la,fungo,suggested,1,
funguntur,la,fungo,suggested,1,
funiculis,la,funiculus,suggested,1,
funium,la,funium,suggested,1,
funt,la,fo,suggested,1,
furemur,la,furor,suggested,1,
furenter,la,furenter,suggested,1,
furentius,la,furenter,suggested,1,
furia,la,furia,suggested,1,
furibunda,la,furibundus,suggested,1,
furioso,la,furiosus,suggested,1,
furores,la,furor,suggested,1,
furtadum,la,furtadus,suggested,1,
furtum,la,furtum,suggested,1,
fuscim,la,fuscim,suggested,1,
fuscimana,la,fuscimanus,suggested,1,
fuscimano,la,Fuscimanus,suggested,1,
fuscimo,la,fuscimus,suggested,1,
fuscimum,la,fuscimus,suggested,1,
fuse,la,fuse,suggested,1,
fusissimé,la,fusus,suggested,1,
fusiùs,la,fusus,suggested,1,
fuso,la,fusus,suggested,1,
fusus,la,fundo,suggested,1,
futilem,la,futilis,suggested,1,
futili,la,futilis,suggested,1,
futri,la,futer,suggested,1,
futurarum,la,sum,suggested,1,
futuras,la,sum,suggested,1,
futurorum,la,futurus,suggested,1,
futurumque,la,futurumqus,suggested,1,
fuximensem,la,fuximensis,suggested,1,
ga,la,ga,suggested,1,
gabantur,la,gabo,suggested,1,
gabriele,la,gabrielis,suggested,1,
gago,la,gago,suggested,1,
gai,la,gai,suggested,1,
gaiocae,la,gaiocus,suggested,1,
galatis,la,galatus,suggested,1,
galea,la,galea,suggested,1,
galileae,la,Galilea,suggested,1,
gallie,la,gallia,suggested,1,
gallinarum,la,gallina,suggested,1,
gallorum,la,Galli,suggested,1,
gandie,la,gandies,suggested,1,
gangem,la,ganges,suggested,1,
ganxai,la,ganxaus,suggested,1,
gasacho,la,gasachus,suggested,1,
gasachum,la,gasachum,suggested,1,
gasparem,la,gaspar,suggested,1,
gaspari,la,gaspar,suggested,1,
gasparo,la,gaspar,suggested,1,
gasto,pt,gasto,suggested,1,
gaudeat,la,gaudeo,suggested,1,
gaudemus,la,gaudeo,suggested,1,
gaudens,la,gaudeo,suggested,1,
gaudent,la,gaudeo,suggested,1,
gaudentibus,la,gaudeo,suggested,1,
gaudere,la,gaudeo,suggested,1,
gauderent,la,gaudeo,suggested,1,
gaudii,la,gaudium,suggested,1,
gavisi,la,gaudeo,suggested,1,
gazam,la,gaza,suggested,1,
gazariam,la,Gazaria,suggested,1,
gazaros,la,gazaros,suggested,1,
gazzariam,la,Gazzaria,suggested,1,
gazzarie,la,Gazzaria,suggested,1,
ge,la,ge,suggested,1,
gehennam,la,gehenna,suggested,1,
gelio,la,gelium,suggested,1,
gemitu,la,gemitus,suggested,1,
gemituque,la,gemituque,suggested,1,
generales,es,general,suggested,1,
generaliter,la,generaliter,suggested,1,
generantur,la,genero,suggested,1,
generaret,la,genero,suggested,1,
generari,la,genero,suggested,1,
generassent,la,genero,suggested,1,
generationis,la,generatio,suggested,1,
generisque,la,generis,suggested,1,
generofus,la,generofus,suggested,1,
generose,la,generose,suggested,1,
generosus,la,generosus,suggested,1,
genesis,la,genesis,suggested,1,
geniti,la,gigno,suggested,1,
genitoris,la,genitor,suggested,1,
genitos,la,gigno,suggested,1,
genitum,la,gigno,suggested,1,
gensis,la,gensis,suggested,1,
gentile,la,gentilis,suggested,1,
gentilia,la,gentilis,suggested,1,
gentilitatis,la,gentilitas,suggested,1,
gentilitiae,la,gentilitia,suggested,1,
gentilitios,la,gentilitus,suggested,1,
gentos,la,gentus,suggested,1,
genuensis,la,genuensis,suggested,1,
genuerunt,la,gensco,suggested,1,
genuflexi,la,genuflego,suggested,1,
genuisti,la,geneo,suggested,1,
georgiani,la,georgianus,suggested,1,
georgianis,la,Georgiani,suggested,1,
georgianos,la,georgianus,suggested,1,
georgium,la,georgius,suggested,1,
gerardo,la,Gherardus,suggested,1,
gerardus,la,Gherardus,suggested,1,
gerebant,la,gero,suggested,1,
gerendis,la,gero,suggested,1,
gerentes,la,gero,suggested,1,
gererentur,la,gero,suggested,1,
germania,la,Germania,suggested,1,
germaniae,la,germania,suggested,1,
germanica,la,germanicus,suggested,1,
germanicum,la,germanicus,suggested,1,
germano,la,germanus,suggested,1,
gero,la,gero,suggested,1,
gesserint,la,gero,suggested,1,
gesserunt,la,gero,suggested,1,
gestabat,la,gesto,suggested,1,
gestabunt,la,gesto,suggested,1,
gestae,la,gero,suggested,1,
gestamen,la,gestamen,suggested,1,
gestans,la,gesto,suggested,1,
gestum,la,gero,suggested,1,
gianangauandono,la,Gianangauandonus,suggested,1,
giateuscirani,la,giateusciranus,suggested,1,
giateusciranos,la,giateusciranus,suggested,1,
giateusciranum,la,giateusciror,suggested,1,
giavani,la,giavane,suggested,1,
gibonoscium,la,gibonoscium,suggested,1,
gignuntur,la,gigno,suggested,1,
ginsem,la,ginses,suggested,1,
giorgi,la,Giorgius,suggested,1,
giorgius,la,Giorgius,suggested,1,
giram,la,gira,suggested,1,
girantem,la,giro,suggested,1,
girum,la,girus,suggested,1,
gistri,la,gister,suggested,1,
git,la,gio,suggested,1,
giusq,la,giusq,suggested,1,
glaciales,la,glacialis,suggested,1,
gladiolis,la,gladiolus,suggested,1,
gladios,la,gladius,suggested,1,
glemona,la,Glemona,suggested,1,
globi,la,globus,suggested,1,
glorietur,la,glorior,suggested,1,
glorificari,la,glorifico,suggested,1,
gloriorissima,la,gloriorus,suggested,1,
gloriosissimi,la,gloriosus,suggested,1,
gloriosissimum,la,gloriosus,suggested,1,
gloriosus,la,gloriosus,suggested,1,
glos,la,glos,suggested,1,
glosa,la,glosa,suggested,1,
gnarusque,la,gnarusque,suggested,1,
goȩ,la,goȩ,suggested,1,
goę,la,goę,suggested,1,
goënse,la,goënsus,suggested,1,
goënsis,la,goënseo,suggested,1,
gomez,la,gomez,suggested,1,
gonçalum,la,gonçalus,suggested,1,
gonçalus,la,Gonçalus,suggested,1,
gonçálvez,la,gonçálvi,suggested,1,
gondisalus,la,gondisalus,suggested,1,
gonsalvo,la,gonsalvus,suggested,1,
gonsalvum,la,gonsalvus,suggested,1,
gonuae,la,gonuus,suggested,1,
gonzález,la,gonzález,suggested,1,
goris,la,gora,suggested,1,
gortynam,la,Gortyna,suggested,1,
gothorum,la,gothor,suggested,1,
gothos,la,gothus,suggested,1,
goue,la,gos,suggested,1,
gouea,la,Gouea,suggested,1,
gra,la,gra,suggested,1,
grabamina,la,grabamen,suggested,1,
gracia,es,gracia,suggested,1,
gradati,la,grado,suggested,1,
gradatim,la,gradatim,suggested,1,
gradu,la,gradus,suggested,1,
graduali,la,gradualis,suggested,1,
graeca,la,graecus,suggested,1,
graeciae,la,Graecia,suggested,1,
graeciam,la,Graecia,suggested,1,
graecis,la,graecus,suggested,1,
grammati,la,grammatum,suggested,1,
grammaticae,la,grammaticus,suggested,1,
grammatici,la,grammaticus,suggested,1,
grammaticos,la,grammaticus,suggested,1,
gran,es,gran,suggested,1,
granario,la,granarium,suggested,1,
grandem,la,grandis,suggested,1,
grandi,la,grandis,suggested,1,
granum,la,granum,suggested,1,
grasetti,la,Grasettius,suggested,1,
grassanti,la,grasso,suggested,1,
grassari,la,grassor,suggested,1,
grassatores,la,grassator,suggested,1,
grassetti,la,Grassettus,suggested,1,
grat,la,grat,suggested,1,
grata,la,gratus,suggested,1,
gratibus,la,gratus,suggested,1,
gratiorem,la,gratus,suggested,1,
gratiose,la,gratiose,suggested,1,
gratissima,la,gratus,suggested,1,
gratos,la,gratus,suggested,1,
gratulatione,la,gratulatio,suggested,1,
gratulatus,la,gratulor,suggested,1,
gratus,la,gratus,suggested,1,
grauate,la,grauo,suggested,1,
graue,la,grauis,suggested,1,
grauem,la,grauis,suggested,1,
grauior,la,grauis,suggested,1,
grauioribus,la,grauis,suggested,1,
grauissime,la,grauis,suggested,1,
grauitate,la,grauitas,suggested,1,
gravamen,es,gravamen,suggested,1,
gravatur,la,gravo,suggested,1,
gravetur,la,gravo,suggested,1,
gravia,la,gravis,suggested,1,
gravibus,la,gravis,suggested,1,
gravina,la,Gravina,suggested,1,
gravior,la,gravis,suggested,1,
graviori,la,gravis,suggested,1,
gravioribus,la,gravis,suggested,1,
gravissima,la,gravis,suggested,1,
gravissimo,la,gravis,suggested,1,
gravissimum,la,grauis,suggested,1,
gravitatem,la,gravitas,suggested,1,
gravium,la,gravis,suggested,1,
greco,la,grecus,suggested,1,
grecorum,la,grecus,suggested,1,
gregarius,la,gregarius,suggested,1,
gregis,la,grex,suggested,1,
gregorij,la,gregor,suggested,1,
gregorio,es,Gregorio,suggested,1,
gremium,la,gremium,suggested,1,
grimaldi,la,Grimualdus,suggested,1,
gu,la,gu,suggested,1,
guadent,la,guado,suggested,1,
guardando,es,guardar,suggested,1,
guardiane,la,Guardianus,suggested,1,
guber,la,guber,suggested,1,
gubern,la,guber,suggested,1,
gubernabat,la,guberno,suggested,1,
gubernaculis,la,gubernaculum,suggested,1,
gubernant,la,guberno,suggested,1,
gubernantis,la,guberno,suggested,1,
gubernaretur,la,guberno,suggested,1,
gubernarunt,la,guberno,suggested,1,
gubernatorumque,la,gubernatorumque,suggested,1,
gubernatur,la,guberno,suggested,1,
gubonoscio,la,Gubonoscius,suggested,1,
guei,la,gueus,suggested,1,
gueio,la,Gueius,suggested,1,
guerras,la,guerra,suggested,1,
guey,la,guey,suggested,1,
guglielmus,la,guglielmus,suggested,1,
guifu,la,guifus,suggested,1,
guiliermus,la,guiliermus,suggested,1,
guo,la,gui,suggested,1,
gus,la,gus,suggested,1,
gynnasiis,la,gynnasius,suggested,1,
gypone,la,gypo,suggested,1,
gyponem,la,gypones,suggested,1,
gyponicis,la,gyponicus,suggested,1,
gyponico,la,gyponicus,suggested,1,
gyponum,la,gyponus,suggested,1,
ha,es,haber,suggested,1,
habe,la,habeo,suggested,1,
habeam,la,habeo,suggested,1,
habeamus,la,habeo,suggested,1,
habeant.tertia,la,habeant.tertius,suggested,1,
habebit,la,habeo,suggested,1,
haben,la,haben,suggested,1,
habenda,la,habeo,suggested,1,
habendae,la,habeo,suggested,1,
habendo,la,habeo,suggested,1,
habendus,la,habeo,suggested,1,
habentem,la,habeo,suggested,1,
habentur,la,habeo,suggested,1,
haberem,la,habeo,suggested,1,
habetque,la,habetque,suggested,1,
habiles,la,habilis,suggested,1,
habitaculum,la,habitaculum,suggested,1,
habitae,la,habitus,suggested,1,
habitantibus,la,habito,suggested,1,
habitantium,la,habito,suggested,1,
habitaretur,la,habito,suggested,1,
habitasse,la,habito,suggested,1,
habitatores,la,habitator,suggested,1,
habitatoribus,la,habitator,suggested,1,
habitaverat,la,habito,suggested,1,
habitent,la,habito,suggested,1,
habitibus,la,habitus,suggested,1,
habitum,la,habitus,suggested,1,
habituris,la,habeo,suggested,1,
habuerant,la,habeo,suggested,1,
habuerint,la,habeo,suggested,1,
habuerit,la,habeo,suggested,1,
habuero,la,habeo,suggested,1,
habuissem,la,habeo,suggested,1,
habuisset,la,habeo,suggested,1,
hácque,la,hácque,suggested,1,
hactenvs,la,hactenvs,suggested,1,
haebreis,la,haebreus,suggested,1,
haereamus,la,haereo,suggested,1,
haereat,la,haereo,suggested,1,
haeredem,la,haeres,suggested,1,
haeredes,la,haeres,suggested,1,
haeredis,la,haeres,suggested,1,
haereditas,la,haereditas,suggested,1,
haerentem,la,haereo,suggested,1,
haerentes,la,haereo,suggested,1,
haereremus,la,haereo,suggested,1,
haesimus,la,haedo,suggested,1,
haesitatio,la,haesitatio,suggested,1,
haesitatione,la,haesitatio,suggested,1,
hai,la,hai,suggested,1,
hainan,la,ainan,suggested,1,
halitum,la,halitus,suggested,1,
hallucinaberis,la,hallucino,suggested,1,
hallucinantur,la,hallucino,suggested,1,
hallucinentur,la,hallucino,suggested,1,
halucinati,la,halucino,suggested,1,
hamo,la,hamo,suggested,1,
han,la,hic,suggested,1,
hanchung,la,hanchung,suggested,1,
haruspicia,la,haruspicium,suggested,1,
haruspiciam,la,haruspicius,suggested,1,
haurit,la,haurio,suggested,1,
hauserunt,la,hausero,suggested,1,
haustis,la,hausto,suggested,1,
haustus,la,haustus,suggested,1,
hę,la,hę,suggested,1,
hebdomadae,la,hebdomadaus,suggested,1,
hebdomadibus,la,hebdomas,suggested,1,
hebdomeda,la,hebdomeda,suggested,1,
hebes,la,hebes,suggested,1,
hebręorum,la,hebręus,suggested,1,
hector,la,hector,suggested,1,
hedificatione,la,hedificatio,suggested,1,
hęe,la,hic,suggested,1,
heliopolitanum,la,heliopolitanus,suggested,1,
hellespontum,la,hellespontus,suggested,1,
hellespontus,la,hellespontus,suggested,1,
helliopolitani,la,Helliopolitanus,suggested,1,
helvetius,la,Helvetius,suggested,1,
henrríquez,la,Henrríques,suggested,1,
heraclea,la,heraclea,suggested,1,
heracleam,la,heraclea,suggested,1,
herbis,la,herba,suggested,1,
hereditaria,la,hereditarius,suggested,1,
hereditate,la,hereditas,suggested,1,
hęreditatis,la,hęreditas,suggested,1,
heres,la,heres,suggested,1,
hermitoriis,la,hermitorius,suggested,1,
hermitorio,la,hermitorium,suggested,1,
herodiani,la,herodianus,suggested,1,
herodotus,la,herodotus,suggested,1,
heroicis,la,heroicus,suggested,1,
heroico,la,heroicus,suggested,1,
hí,la,hí,suggested,1,
hiatibus,la,hiatus,suggested,1,
hìc,la,hìc,suggested,1,
hîc,la,hîc,suggested,1,
hicque,la,hicque,suggested,1,
hiemale,la,hiemalis,suggested,1,
hiematuram,la,hiematura,suggested,1,
hiemaverim,la,hiemo,suggested,1,
hieme,la,hiem(p)s,suggested,1,
hiememus,la,hiemo,suggested,1,
hienkien,la,hienkies,suggested,1,
hieronimi,la,Hieronimus,suggested,1,
hieronymo,la,Hieronymus,suggested,1,
hignatio,la,hignatio,suggested,1,
hiis,la,hic,suggested,1,
hilarem,la,hilaris,suggested,1,
hilarius,la,Hilarus,suggested,1,
hin,la,hin,suggested,1,
hindia,la,hindia,suggested,1,
hindie,la,Hindia,suggested,1,
hìng,la,hìng,suggested,1,
hino,la,hino,suggested,1,
hispanice,la,hispanicus,suggested,1,
hispanìcorum,la,hispanìcus,suggested,1,
hispanicos,la,hispanicus,suggested,1,
hispaniȩ,la,hispanis,suggested,1,
hispanos,la,Hispani,suggested,1,
histis,la,histus,suggested,1,
historiae,la,historia,suggested,1,
historiantur,la,historio,suggested,1,
historiarum,la,historia,suggested,1,
historica,la,historicus,suggested,1,
historicorum,la,historicus,suggested,1,
hoang,la,hoang,suggested,1,
hoangchoango,la,hoangchoangus,suggested,1,
hoangchoangus,la,hoangchoangus,suggested,1,
hocce,la,hoccus,suggested,1,
hocque,la,ocques,suggested,1,
hodieq,la,hodieq,suggested,1,
hoei,la,hoeus,suggested,1,
hoeigan,la,hoeigan,suggested,1,
hoi,la,hic,suggested,1,
hoigan,la,hoigus,suggested,1,
hoii,la,hoius,suggested,1,
hollandorum,la,hollaneo,suggested,1,
homeri,la,homerus,suggested,1,
homerus,la,homerus,suggested,1,
homicida,la,homicida,suggested,1,
homicidiis,la,homicidium,suggested,1,
homin,la,homin,suggested,1,
homonibus,la,homo,suggested,1,
homuncio,la,homuncium,suggested,1,
homunculis,la,homunculum,suggested,1,
honerosa,la,honerosus,suggested,1,
honesta,la,honestus,suggested,1,
honestam,la,honestus,suggested,1,
honestas,la,honestus,suggested,1,
honestioribus,la,honestus,suggested,1,
honestis,la,honestus,suggested,1,
honesto,la,honestus,suggested,1,
honnan,la,Honnas,suggested,1,
honorabit,la,honoro,suggested,1,
honorant,la,honoro,suggested,1,
honoraret,la,honoro,suggested,1,
honorari,la,honoro,suggested,1,
honorarii,la,honorarius,suggested,1,
honorariis,la,honorarius,suggested,1,
honorario,la,honorarius,suggested,1,
honorarium,la,honorarius,suggested,1,
honorarius,la,honorarius,suggested,1,
honorat,la,honoro,suggested,1,
honorati,la,honoro,suggested,1,
honorationes,la,honoratio,suggested,1,
honoratiores,la,honoratus,suggested,1,
honoratioribus,la,honoratus,suggested,1,
honorato,la,honoro,suggested,1,
honoratur,la,honoro,suggested,1,
honoratus,la,honoro,suggested,1,
honoremque,la,honoremque,suggested,1,
honorent,la,honoro,suggested,1,
honoreq,la,honor,suggested,1,
honori,la,honor,suggested,1,
honorifico,la,honorificus,suggested,1,
honorificum,la,honorificus,suggested,1,
horarum,la,hora,suggested,1,
hordas,la,horda,suggested,1,
hordeum,la,hordeum,suggested,1,
horrenda,la,horreo,suggested,1,
horrendae,la,horreo,suggested,1,
horrendis,la,horreo,suggested,1,
horrendosque,la,horrendosque,suggested,1,
horrent,la,horreo,suggested,1,
horresco,la,horresco,suggested,1,
horribilibus,la,horribilis,suggested,1,
horridique,la,horridique,suggested,1,
horrificam,la,horrificus,suggested,1,
horrore,la,horror,suggested,1,
hortabatur,la,hortor,suggested,1,
hortantur,la,horto,suggested,1,
hortatio,la,hortatio,suggested,1,
horti,la,hortus,suggested,1,
hortis,la,hortus,suggested,1,
hortum,la,hortus,suggested,1,
hospes,la,hospes,suggested,1,
hospitalia,la,hospitalis,suggested,1,
hospitalium,la,hospitalis,suggested,1,
hospitare,la,hospito,suggested,1,
hospitatus,la,hospito,suggested,1,
hospitavit,la,hospito,suggested,1,
hospite,la,hospes,suggested,1,
hospitia,la,hospitium,suggested,1,
hospitum,la,hospes,suggested,1,
hosti,la,hostis,suggested,1,
hostiam,la,hostia,suggested,1,
hostili,la,hostilis,suggested,1,
hostilis,la,hostilis,suggested,1,
hostilium,la,hostilis,suggested,1,
hostio,la,ostium,suggested,1,
houm,la,ic,suggested,1,
huiusce,la,hic,suggested,1,
huiuscemodi,la,huiuscemodi,suggested,1,
hum,la,hum,suggested,1,
humanarum,la,humanus,suggested,1,
humanas,la,humanus,suggested,1,
humandis,la,humando,suggested,1,
humanior,la,humanus,suggested,1,
humaniora,la,humanus,suggested,1,
humanioriribus,la,humanioriribus,suggested,1,
humanissimam,la,humanus,suggested,1,
humanitat,la,humanitat,suggested,1,
humanitate,la,humanitas,suggested,1,
humanitati,la,humanitas,suggested,1,
humano,la,humanus,suggested,1,
humanos,la,humanus,suggested,1,
humanus,la,humanus,suggested,1,
humarent,la,humaro,suggested,1,
humatum,la,humo,suggested,1,
humero,la,humerus,suggested,1,
humeros,la,humerus,suggested,1,
humerum,la,humerus,suggested,1,
humi,la,humus,suggested,1,
humile,la,humilis,suggested,1,
humili,la,humilis,suggested,1,
humiliassemus,la,humilio,suggested,1,
humiliora,la,humilis,suggested,1,
humilioribus,la,humilis,suggested,1,
humilis,la,humilis,suggested,1,
humilitatis,la,humilitas,suggested,1,
humillime,la,humillime,suggested,1,
humorum,la,umor,suggested,1,
hungaricis,la,hungaricus,suggested,1,
hungiius,la,hungie,suggested,1,
hungquangus,la,hungquangus,suggested,1,
hydrae,la,hydra,suggested,1,
hyemps,la,hyemps,suggested,1,
hyeronimo,la,hyeronimus,suggested,1,
hypocritae,la,hypocrita,suggested,1,
hypothecae,la,hypothecus,suggested,1,
iacere,la,iacio,suggested,1,
iacinti,la,iacins,suggested,1,
iaciunt,la,iacio,suggested,1,
iacob,la,iacob,suggested,1,
iacobo,la,Iacobus,suggested,1,
iacobum,la,Iacob,suggested,1,
iacta,la,iacio,suggested,1,
iactarentur,la,iacto,suggested,1,
iactata,la,iacto,suggested,1,
iacturae,la,iactura,suggested,1,
iaculis,la,iacula,suggested,1,
iamba,la,iamba,suggested,1,
iamdudum,la,iamdudum,suggested,1,
iampridem,la,iampridem,suggested,1,
iamq,la,iamq,suggested,1,
iankynt,la,ianko,suggested,1,
ianne,la,iannus,suggested,1,
iannem,la,iannes,suggested,1,
ianua,la,ianua,suggested,1,
ianuensis,la,ianuensis,suggested,1,
ianuensium,la,ianuensis,suggested,1,
iaponiâ,la,Iapon,suggested,1,
iaponica,la,iaponicus,suggested,1,
iaponico,la,iaponicus,suggested,1,
iaponicorum,la,iaponicus,suggested,1,
iaponicum,la,iaponicus,suggested,1,
iaponii,la,Iaponius,suggested,1,
iaponiis,la,iaponius,suggested,1,
iaponio,la,Iaponius,suggested,1,
iaponiorum,la,iaponius,suggested,1,
iaponius,la,Iaponius,suggested,1,
iapponensium,la,iapponensis,suggested,1,
iarach,la,Iarachs,suggested,1,
iatenscico,la,iatenscicus,suggested,1,
iateusciranos,la,iateusciranus,suggested,1,
iateusciro,la,iateuscirus,suggested,1,
iatusciranum,la,iatusciranus,suggested,1,
ibam,la,eo,suggested,1,
ibañez,la,ibañez,suggested,1,
ibat,la,eo,suggested,1,
ibiq,la,ibiq,suggested,1,
ibo,la,ibo,suggested,1,
ichinocamus,la,ichinoco,suggested,1,
icta,la,ingo,suggested,1,
ictu,la,ictus,suggested,1,
ictui,la,ictuo,suggested,1,
ictum,la,ictus,suggested,1,
ictus,la,ictus,suggested,1,
ide,la,ide,suggested,1,
idioma,la,idioma,suggested,1,
idiomata,la,idioma,suggested,1,
idiomatis,la,idiomo,suggested,1,
idiota,la,idiota,suggested,1,
idolaque,la,idolaque,suggested,1,
idolatrae,la,idolatra,suggested,1,
idolatria,la,idolatria,suggested,1,
idolatriam,la,idolatria,suggested,1,
idololatram,la,idololatra,suggested,1,
idololatrare,la,idololatro,suggested,1,
idololatriam,la,idololatria,suggested,1,
idololatrias,la,idololatria,suggested,1,
idololatriis,la,idololatria,suggested,1,
idonea,la,idoneus,suggested,1,
idoneis,la,idoneus,suggested,1,
idoneo,la,idoneus,suggested,1,
idq,la,idq,suggested,1,
idumaeus,la,idumaeus,suggested,1,
iecias,la,iecias,suggested,1,
ieiunijs,la,ieiunijs,suggested,1,
ieiunium,la,ieiunium,suggested,1,
iericho,la,ierica,suggested,1,
ierosolymitanae,la,ierosolymito,suggested,1,
ierusalem,la,ierusalem,suggested,1,
ies,la,ies,suggested,1,
iesuitis,la,iesues,suggested,1,
iesvm,la,IESVM,suggested,1,
ignaris,la,ignarus,suggested,1,
ignaui,la,ignauus,suggested,1,
ignauia,la,ignauis,suggested,1,
ignav,la,ignavs,suggested,1,
ignemve,la,ignemvis,suggested,1,
igni,la,ignis,suggested,1,
ignibus,la,ignis,suggested,1,
ignominiae,la,ignominia,suggested,1,
ignominiam,la,ignominia,suggested,1,
ignominiosae,la,ignominiosus,suggested,1,
ignorant,la,ignoro,suggested,1,
ignorantem,la,ignoro,suggested,1,
ignorantia,la,ignorantia,suggested,1,
ignorantiorem,la,ignorans,suggested,1,
ignorarent,la,ignoro,suggested,1,
ignorari,la,ignoro,suggested,1,
ignorat,la,ignoro,suggested,1,
ignorationem,la,ignoratio,suggested,1,
ignoratne,la,ignoratne,suggested,1,
ignorem,la,ignoro,suggested,1,
ignorentur,la,ignoro,suggested,1,
ignotae,la,ignotus,suggested,1,
ignovit,la,ignosco,suggested,1,
iibere,la,iibere,suggested,1,
iiceretur,la,iiceo,suggested,1,
iilmus,la,iilmus,suggested,1,
iique,la,iique,suggested,1,
ijsdem,la,idem,suggested,1,
ijsque,la,ijsque,suggested,1,
ilium,la,ilium,suggested,1,
ill,la,ile,suggested,1,
illac,la,ille,suggested,1,
illaesa,la,illaesus,suggested,1,
illatae,la,infero,suggested,1,
illatam,la,infero,suggested,1,
illatas,la,infero,suggested,1,
illato,la,infero,suggested,1,
illatum,la,infero,suggested,1,
illaturi,la,illo,suggested,1,
illecebris,la,illecebra,suggested,1,
illecti,la,illigo,suggested,1,
illesus,la,illesus,suggested,1,
illibatam,la,illibo,suggested,1,
illicita,la,illicitus,suggested,1,
illicitae,la,illicitus,suggested,1,
illicitis,la,illicitus,suggested,1,
illigatis,la,illigo,suggested,1,
illisque,la,illisque,suggested,1,
illmorum,la,illme,suggested,1,
illoque,la,illoque,suggested,1,
illor,la,illor,suggested,1,
illucescat,la,illucesco,suggested,1,
illucque,la,illucque,suggested,1,
illudendi,la,illudeo,suggested,1,
illudunt,la,illudo,suggested,1,
illue,la,illue,suggested,1,
illuminante,la,illumino,suggested,1,
illuminatus,la,illumino,suggested,1,
illuminavit,la,illumino,suggested,1,
illustrat,la,illustro,suggested,1,
illustraturi,la,illustro,suggested,1,
illustre,la,illustris,suggested,1,
illustrior,la,illustris,suggested,1,
illustriorem,la,illustris,suggested,1,
illustrioris,la,illustris,suggested,1,
illustris,la,illustris,suggested,1,
illustrissima,la,illustrus,suggested,1,
illustrissime,la,illustre,suggested,1,
illustrissimi,la,illustrus,suggested,1,
illustrissimo,la,illustrus,suggested,1,
illustrissimus,la,illustrus,suggested,1,
ima,la,imus,suggested,1,
imaginantur,la,imaginor,suggested,1,
imagine,la,imago,suggested,1,
imbecilitatem,la,imbecilitas,suggested,1,
imbecilla,la,imbecillus,suggested,1,
imbecilli,la,imbecillus,suggested,1,
imbecilliores,la,imbecillis,suggested,1,
imbecillitate,la,imbecillitas,suggested,1,
imbecillitati,la,imbecillitas,suggested,1,
imbrum,la,imbrus,suggested,1,
imbrus,la,imbrus,suggested,1,
imbuatur,la,imbuo,suggested,1,
imbuendae,la,imbuo,suggested,1,
imbutas,la,imbuo,suggested,1,
imi,la,imi,suggested,1,
imitantes,la,imitor,suggested,1,
imitatione,la,imitatio,suggested,1,
imitationem,la,imitatio,suggested,1,
imm,la,imm,suggested,1,
immane,la,immanis,suggested,1,
immanes,la,immanis,suggested,1,
immanior,la,immanus,suggested,1,
immanis,la,immanis,suggested,1,
immanissime,la,immaniter,suggested,1,
immanissimi,la,immanus,suggested,1,
immanissimis,la,immanus,suggested,1,
immanitatem,la,immanitas,suggested,1,
immanitates,la,immanitas,suggested,1,
immanitati,la,immanitas,suggested,1,
imme,la,imme,suggested,1,
immediatam,la,immediatus,suggested,1,
immediatus,la,immediatus,suggested,1,
immemor,la,immemor,suggested,1,
immensam,la,immensus,suggested,1,
immensas,la,immensus,suggested,1,
immensasque,la,immensasque,suggested,1,
immensitatem,la,immensitas,suggested,1,
immenso,la,immensus,suggested,1,
immensos,la,immensus,suggested,1,
immensum,la,immensus,suggested,1,
immerguntur,la,immergo,suggested,1,
immeritam,la,immeritus,suggested,1,
immeritò,la,immeritò,suggested,1,
immigravit,la,immigro,suggested,1,
imminenti,la,immineo,suggested,1,
imminere,la,immineo,suggested,1,
imminuimus,la,imminuo,suggested,1,
imminuta,la,imminuo,suggested,1,
imminutae,la,imminuo,suggested,1,
imminuto,la,imminuo,suggested,1,
imminutus,la,imminuo,suggested,1,
immisceamus,la,immisceo,suggested,1,
immiscere,la,immisceo,suggested,1,
immiscet,la,immisceo,suggested,1,
immiserit,la,immitto,suggested,1,
immisisse,la,immitto,suggested,1,
immissa,la,immitto,suggested,1,
immissae,la,immitto,suggested,1,
immittebat,la,immitto,suggested,1,
immoderationem,la,immoderatio,suggested,1,
immolant,la,immolo,suggested,1,
immolaret,la,immolo,suggested,1,
immolavit,la,immolo,suggested,1,
immoraretur,la,immoro,suggested,1,
immortalitate,la,immortalitas,suggested,1,
immunis,la,immunis,suggested,1,
immutasse,la,immuto,suggested,1,
imò,la,imò,suggested,1,
imparem,la,imparis,suggested,1,
impares,la,imparis,suggested,1,
impassibilitas,la,impassibilitas,suggested,1,
impatiens,la,impatiens,suggested,1,
impatientiae,la,impatientia,suggested,1,
impe,la,impe,suggested,1,
impediantur,la,impedio,suggested,1,
impediatur,la,impedio,suggested,1,
impedientibus,la,impedio,suggested,1,
impedierunt,la,impedio,suggested,1,
impedimentis,la,impedimentum,suggested,1,
impediret,la,impedio,suggested,1,
impediri,la,impedio,suggested,1,
impedisset,la,impedio,suggested,1,
impeditione,la,impeditio,suggested,1,
impeditus,la,impedio,suggested,1,
impediuntur,la,impedio,suggested,1,
impedivissent,la,impedo,suggested,1,
impedivisset,la,impedio,suggested,1,
impedivit,la,impedio,suggested,1,
impellere,la,impello,suggested,1,
impendamus,la,impendo,suggested,1,
impendatur,la,impendo,suggested,1,
impendeat,la,impendeo,suggested,1,
impendentem,la,impendeo,suggested,1,
impendentia,la,impendeo,suggested,1,
impenderat,la,impendeo,suggested,1,
impendisset,la,impendo,suggested,1,
impendit,la,impendo,suggested,1,
impenditur,la,impendo,suggested,1,
impensa,la,impensa,suggested,1,
impensarum,la,impensa,suggested,1,
impensius,la,impense,suggested,1,
impenso,la,impensus,suggested,1,
imperabat,la,impero,suggested,1,
imperabit,la,impero,suggested,1,
imperandi,la,impero,suggested,1,
imperans,la,impero,suggested,1,
imperant,la,impero,suggested,1,
imperante,la,impero,suggested,1,
imperaret,la,impero,suggested,1,
imperarit,la,impero,suggested,1,
imperato,la,impero,suggested,1,
imperatum,la,impero,suggested,1,
imperet,la,impero,suggested,1,
imperfectum,la,imperfectus,suggested,1,
imperi,la,imperium,suggested,1,
imperiorum,la,imperium,suggested,1,
imperit,la,impero,suggested,1,
imperitae,la,imperitus,suggested,1,
imperitia,la,imperitia,suggested,1,
imperterritos,la,imperterritos,suggested,1,
imperterritus,la,imperterritus,suggested,1,
impertirent,la,impertio,suggested,1,
impertiret,la,impertio,suggested,1,
impertiri,la,impertio,suggested,1,
impertita,la,impertio,suggested,1,
impertitus,la,impertio,suggested,1,
impertiunt,la,impertio,suggested,1,
impertiverit,la,impertio,suggested,1,
impertivit,la,impertio,suggested,1,
impetrandum,la,impetro,suggested,1,
impetrarent,la,impetro,suggested,1,
impetrarunt,la,impetro,suggested,1,
impetrasse,la,impetro,suggested,1,
impetrato,la,impetro,suggested,1,
impetraturus,la,impetro,suggested,1,
impetravimus,la,impetro,suggested,1,
impetrent,la,impetro,suggested,1,
impiam,la,impius,suggested,1,
impiasque,la,impias,suggested,1,
impietate,la,impietas,suggested,1,
impietates,la,impietas,suggested,1,
impietatis,la,impietas,suggested,1,
impinguendam,la,impinguo,suggested,1,
impio,la,impius,suggested,1,
impiorum,la,impius,suggested,1,
implens,la,impleo,suggested,1,
implentur,la,impleo,suggested,1,
implere,la,impleo,suggested,1,
impletas,la,impleo,suggested,1,
implevit,la,impleo,suggested,1,
implicati,la,implico,suggested,1,
implici,la,implex,suggested,1,
implicita,la,implico,suggested,1,
implicuit,la,impliceo,suggested,1,
implorandam,la,imploro,suggested,1,
implorantes,la,imploro,suggested,1,
imponendo,la,impono,suggested,1,
imponendum,la,impono,suggested,1,
imponens,la,impono,suggested,1,
imponentes,la,impono,suggested,1,
imponeres,la,impono,suggested,1,
imponeretur,la,impono,suggested,1,
imponetis,la,impono,suggested,1,
imponunt,la,impono,suggested,1,
importunos,la,importunus,suggested,1,
impositam,la,impono,suggested,1,
impositi,la,impono,suggested,1,
impositoque,la,imposino,suggested,1,
impositus,la,impono,suggested,1,
impossibilia,la,impossibilis,suggested,1,
impossibilitati,la,impossibilitas,suggested,1,
impossibilitatis,la,impossibilitas,suggested,1,
impossible,la,impossibis,suggested,1,
impostura,la,imposturus,suggested,1,
imposui,la,impono,suggested,1,
impotenti,la,impotens,suggested,1,
impressa,la,imprimo,suggested,1,
impressae,la,imprimo,suggested,1,
impressi,la,imprimo,suggested,1,
impression,la,impressus,suggested,1,
impressione,la,impressio,suggested,1,
impressis,la,imprimo,suggested,1,
impresso,la,imprimo,suggested,1,
impressus,la,imprimo,suggested,1,
imprevenido,es,imprevenido,suggested,1,
imprimere,la,imprimo,suggested,1,
imprimis,la,imprima,suggested,1,
imprimuntur,la,imprimo,suggested,1,
improbe,la,improbe,suggested,1,
improbis,la,improbus,suggested,1,
improbitas,la,improbitas,suggested,1,
improbitate,la,improbitas,suggested,1,
improborum,la,improbus,suggested,1,
improbos,la,improbus,suggested,1,
improbus,la,improbus,suggested,1,
improvide,la,improvide,suggested,1,
improvisa,la,improvisus,suggested,1,
imprudentibus,la,imprudens,suggested,1,
impse,la,impse,suggested,1,
impu,la,impu,suggested,1,
impudenter,la,impudenter,suggested,1,
impudica,la,impudicus,suggested,1,
impulerunt,la,impello,suggested,1,
impulsus,la,impello,suggested,1,
impune,la,impune,suggested,1,
impunitatem,la,impunitas,suggested,1,
impunitum,la,impunitus,suggested,1,
impuram,la,impurus,suggested,1,
impuri,la,impurus,suggested,1,
impurissimum,la,impurus,suggested,1,
imunem,la,imunis,suggested,1,
in,es,in,suggested,1,
in,it,in,suggested,1,
inabilem,la,inabilis,suggested,1,
inabiles,la,inabilis,suggested,1,
inaccessam,la,inaccessus,suggested,1,
inaequali,la,inaequalis,suggested,1,
inanes,la,inanis,suggested,1,
inani,la,inanis,suggested,1,
inania:plane,la,inania:planus,suggested,1,
inanis,la,inanis,suggested,1,
inanitem,la,inanis,suggested,1,
inaudîsset,la,inaudîo,suggested,1,
inaudit,la,inaudio,suggested,1,
inauditum,la,inauditus,suggested,1,
inauguratis,la,inauguro,suggested,1,
incaepit,la,incaepo,suggested,1,
incapacitas,la,incapacitas,suggested,1,
incarceratione,la,incarceratio,suggested,1,
incarceratorum,la,incarcerator,suggested,1,
incarnationem,la,incarnatio,suggested,1,
incedebant,la,incedo,suggested,1,
incederent,la,incedo,suggested,1,
incederet,la,incedo,suggested,1,
incenatus,la,inceno,suggested,1,
incendiis,la,incendium,suggested,1,
incenditur,la,incendo,suggested,1,
incenso,la,incendo,suggested,1,
incepi,la,incepo,suggested,1,
incepit,la,incipio,suggested,1,
incepta,la,incipio,suggested,1,
incepturi,la,incipio,suggested,1,
incertam,la,incertus,suggested,1,
incerti,la,incertus,suggested,1,
incertis,la,incertus,suggested,1,
incertitudines,la,incertitudo,suggested,1,
incertum,la,incertus,suggested,1,
incessu,la,incessus,suggested,1,
inchoandam,la,incoho,suggested,1,
inchoatae,la,inchoatus,suggested,1,
inchoatam,la,inchoo,suggested,1,
inchoatum,la,inchoo,suggested,1,
incid,la,incid,suggested,1,
incidebat,la,incido,suggested,1,
incidens,la,incido,suggested,1,
incidentur,la,incido,suggested,1,
incideret,la,incido,suggested,1,
incidi,la,incido,suggested,1,
incidisse,la,incido,suggested,1,
incidissent,la,incido,suggested,1,
incidunt,la,incido,suggested,1,
inciperemus,la,incipio,suggested,1,
incipiam,la,incipio,suggested,1,
incipiamus,la,incipio,suggested,1,
incipiebant,la,incipio,suggested,1,
incipientes,la,incipio,suggested,1,
incipiuntur,la,incipio,suggested,1,
incitamentum,la,incitamentum,suggested,1,
incitanda,la,incito,suggested,1,
inclamat,la,inclamo,suggested,1,
inclinat,la,inclino,suggested,1,
inclinationem,la,inclinatio,suggested,1,
inclita,la,inclitus,suggested,1,
includantur,la,includo,suggested,1,
includeretur,la,includo,suggested,1,
includerunt,la,includo,suggested,1,
includi,la,includo,suggested,1,
includo,la,includo,suggested,1,
inclusa,la,includo,suggested,1,
inclusam,la,includo,suggested,1,
inclytum,la,inclytus,suggested,1,
incoepta,la,incoipio,suggested,1,
incoeptum,la,incoipio,suggested,1,
incolebam,la,incolo,suggested,1,
incolebant,la,incolo,suggested,1,
incolebat,la,incolo,suggested,1,
incolendis,la,incolo,suggested,1,
incolentes,la,incolo,suggested,1,
incolere,la,incolo,suggested,1,
incoleret,la,incolo,suggested,1,
incolitur,la,incolo,suggested,1,
incoluerat,la,incolo,suggested,1,
incoluit,la,incolo,suggested,1,
incolumi,la,incolumis,suggested,1,
incommodae,la,incommoda,suggested,1,
incommodi,la,incommodum,suggested,1,
incommoditate,la,incommoditas,suggested,1,
incommoditatem,la,incommoditas,suggested,1,
incommoditates,la,incommoditas,suggested,1,
incommodo,la,incommodum,suggested,1,
incommodorumque,la,incommodorumque,suggested,1,
incommodus,la,incommodus,suggested,1,
incomoda,la,incomodus,suggested,1,
incomposito,la,incompositus,suggested,1,
incomprehensibilis,la,incomprehensibilis,suggested,1,
inconcinnum,la,inconcinnus,suggested,1,
inconstan,la,inconstan,suggested,1,
inconstantiae,la,inconstantia,suggested,1,
inconsulta,la,inconsultus,suggested,1,
inconsulte,la,inconsulte,suggested,1,
inconveniens,la,inconueniens,suggested,1,
inconvenientibus,la,inconveniens,suggested,1,
incredibilibus,la,incredibilis,suggested,1,
incredibilis,la,incredibilis,suggested,1,
incrementa,la,incrementum,suggested,1,
increpabat,la,increpo,suggested,1,
increpatur,la,increpo,suggested,1,
increpuit,la,increpo,suggested,1,
incruenta,la,incruenio,suggested,1,
incubuerunt,la,incubuo,suggested,1,
inculcabant,la,inculco,suggested,1,
inculcant,la,inculco,suggested,1,
inculcarent,la,inculco,suggested,1,
inculpata,la,inculpo,suggested,1,
inculpate,la,inculpo,suggested,1,
inculpateque,la,inculpateq,suggested,1,
incultam,la,incultus,suggested,1,
incumbebat,la,incumbo,suggested,1,
incumbens,la,incumbo,suggested,1,
incumbentes,la,incumbo,suggested,1,
incumbentium,la,incumbo,suggested,1,
incumbet,la,incumbo,suggested,1,
incumbit,la,incumbo,suggested,1,
incuria,la,incuria,suggested,1,
incurrant,la,incurro,suggested,1,
incurrat,la,incurro,suggested,1,
incurrerint,la,incurro,suggested,1,
incurrimus,la,incurro,suggested,1,
incursione,la,incursio,suggested,1,
incussit,la,incudo,suggested,1,
incuteret,la,incuto,suggested,1,
incutiendam,la,incutio,suggested,1,
incutient,la,incutio,suggested,1,
ind,la,ind,suggested,1,
indagare,la,indago,suggested,1,
indefessa,la,indefessus,suggested,1,
indemnitate,la,indemnitas,suggested,1,
indeq,la,indeq,suggested,1,
indeque,la,indeque,suggested,1,
indevotos,la,indevotus,suggested,1,
index,la,index,suggested,1,
indi,la,inde,suggested,1,
indianorum,la,indianus,suggested,1,
indias,la,indius,suggested,1,
indicabitis,la,indico,suggested,1,
indicam,la,indica,suggested,1,
indicaretur,la,indico,suggested,1,
indicarum,la,indicus,suggested,1,
indicas,la,indica,suggested,1,
indicavimus,la,indico,suggested,1,
indicens,la,indico,suggested,1,
indici,la,indix,suggested,1,
indiciis,la,indicium,suggested,1,
indicit,la,indico,suggested,1,
indicium,la,indicium,suggested,1,
indico,la,indicus,suggested,1,
indictam,la,indico,suggested,1,
indictum,la,indico,suggested,1,
indictus,la,indico,suggested,1,
indiensi,la,indiensus,suggested,1,
indieque,la,indieque,suggested,1,
indifferens,la,indifferens,suggested,1,
indigebamus,la,indigeo,suggested,1,
indigemus,la,indigeo,suggested,1,
indigenae,la,indigena,suggested,1,
indigens,la,indigeo,suggested,1,
indigente,la,indigeo,suggested,1,
indigentiae,la,indigentia,suggested,1,
indigentiam,la,indigentia,suggested,1,
indigere,la,indigeo,suggested,1,
indigeres,la,indigeo,suggested,1,
indigeret,la,indigeo,suggested,1,
indigestamque,la,indigestamqus,suggested,1,
indigna,la,indignus,suggested,1,
indignabantur,la,indignor,suggested,1,
indignantes,la,indignor,suggested,1,
indignationem,la,indignatio,suggested,1,
indignationis,la,indignatio,suggested,1,
indignatus,la,indignor,suggested,1,
indignissimus,la,indignus,suggested,1,
indignitate,la,indignitas,suggested,1,
indigno,la,indignus,suggested,1,
indiis,la,indius,suggested,1,
indiscretorum,la,indiscretor,suggested,1,
indiscretus,la,indiscretus,suggested,1,
indispositi,la,indispositus,suggested,1,
indiuiduam,la,indiuiduus,suggested,1,
indiuidui,la,indiuiduus,suggested,1,
individuo,la,individuus,suggested,1,
indoles,la,indolis,suggested,1,
indolis,la,indos,suggested,1,
indolorum,la,indolus,suggested,1,
indubitanter,la,indubitanter,suggested,1,
indubitato,la,indubito,suggested,1,
inducens,la,induco,suggested,1,
inducentem,la,induco,suggested,1,
inducerem,la,induco,suggested,1,
inducerent,la,induco,suggested,1,
induceret,la,induco,suggested,1,
induces,la,induco,suggested,1,
inducitur,la,induco,suggested,1,
inducta,la,induco,suggested,1,
induere,la,induo,suggested,1,
induerent,la,induo,suggested,1,
induerunt,la,induo,suggested,1,
indulgeatur,la,indulgeo,suggested,1,
indulgemus,la,indulgeo,suggested,1,
indulgentia,la,indulgentia,suggested,1,
indulserant,la,indultio,suggested,1,
indulta,la,indultus,suggested,1,
indum,la,indus,suggested,1,
indurant,la,induro,suggested,1,
indurata,la,induro,suggested,1,
industrios,la,industrius,suggested,1,
industrium,la,industrius,suggested,1,
induta,la,induo,suggested,1,
indutum,la,induo,suggested,1,
induxi,la,induco,suggested,1,
inedias,la,inedia,suggested,1,
ineluctabili,la,ineluctabilis,suggested,1,
inerat,la,insum,suggested,1,
inermes,la,inermis,suggested,1,
ineruditos,la,ineruditus,suggested,1,
ineruditus,la,ineruditus,suggested,1,
inerunt,la,inereo,suggested,1,
ineunda,la,ineo,suggested,1,
ineundis,la,ineo,suggested,1,
ineunte,la,ineo,suggested,1,
inevitabilitate,la,inevitabilitas,suggested,1,
inexhaustae,la,inexhausta,suggested,1,
inexhaustos,la,inexhaustus,suggested,1,
inexpertos,la,inexpertus,suggested,1,
inexplicabilem,la,inexplicabilis,suggested,1,
inexspectato,la,inexspecto,suggested,1,
infallibiliter,la,infallibiliter,suggested,1,
infame,la,infamis,suggested,1,
infami,la,infamis,suggested,1,
infamia,la,infamia,suggested,1,
infanda,la,infandus,suggested,1,
infans,la,infans,suggested,1,
infantem,la,infans,suggested,1,
infantibus,la,infans,suggested,1,
infantis,la,infans,suggested,1,
infantium,la,infans,suggested,1,
infantulis,la,infantulus,suggested,1,
infantulosque,la,infantulosque,suggested,1,
infausta,la,infaustus,suggested,1,
infausto,la,infaustus,suggested,1,
infecit,la,inficio,suggested,1,
infectantur,la,infecto,suggested,1,
infectus,la,inficio,suggested,1,
infelice,la,infelice,suggested,1,
infelicem,la,infelix,suggested,1,
infeliciorem,la,infelicus,suggested,1,
infelicissimum,la,infelicus,suggested,1,
infelicius,la,infeliciter,suggested,1,
inferant,la,infero,suggested,1,
inferatur,la,infero,suggested,1,
inferebant,la,infero,suggested,1,
inferebat,la,infero,suggested,1,
inferendi,la,infero,suggested,1,
inferendum,la,infero,suggested,1,
inferente,la,infero,suggested,1,
inferentes,la,infero,suggested,1,
inferet,la,infero,suggested,1,
inferiorem,la,inferus,suggested,1,
inferiores,la,inferus,suggested,1,
inferiorum,la,inferus,suggested,1,
inferis,la,inferi,suggested,1,
infernales,la,infernalis,suggested,1,
infernalis,la,infernalis,suggested,1,
inferni,la,infernus,suggested,1,
infernorum,la,infernus,suggested,1,
infert,la,infero,suggested,1,
inferunt,la,infero,suggested,1,
infestabant,la,infesto,suggested,1,
infestam,la,infestus,suggested,1,
infestant,la,infesto,suggested,1,
infestas,la,infestus,suggested,1,
infestavit,la,infesto,suggested,1,
infestent,la,infesto,suggested,1,
inficiari,la,inficio,suggested,1,
inficiatione,la,inficiatio,suggested,1,
inficit,la,inficio,suggested,1,
infidelis,la,infidelis,suggested,1,
infidelitatem,la,infidelitas,suggested,1,
infidelitatis,la,infidelitas,suggested,1,
infidi,la,infido,suggested,1,
infidus,la,infidus,suggested,1,
infimi,la,inferus,suggested,1,
infimis,la,inferus,suggested,1,
infimisque,la,infimisque,suggested,1,
infimorumque,la,infimorumque,suggested,1,
infimos,la,inferus,suggested,1,
infinitam,la,infinitus,suggested,1,
infinite,la,infinite,suggested,1,
infinitis,la,infinitus,suggested,1,
infinitorum,la,infinitus,suggested,1,
infinitus,la,infinitus,suggested,1,
infirmavit,la,infirmo,suggested,1,
infirmissima,la,infirmus,suggested,1,
infirmitas,la,infirmitas,suggested,1,
infirmitatibus,la,infirmitas,suggested,1,
infirmum,la,infirmus,suggested,1,
infirmus,la,infirmus,suggested,1,
inflammat,la,inflammo,suggested,1,
inflammata,la,inflammo,suggested,1,
inflammatur,la,inflammo,suggested,1,
inflammatus,la,inflammo,suggested,1,
inflati,la,inflo,suggested,1,
inflatur,la,inflo,suggested,1,
inflicta,la,infligo,suggested,1,
infligit,la,infligo,suggested,1,
infnita,la,infnitus,suggested,1,
informantis,la,informo,suggested,1,
informantur,la,informo,suggested,1,
informaretur,la,informo,suggested,1,
informatae,la,informo,suggested,1,
informati,la,informo,suggested,1,
informatione,la,informatio,suggested,1,
informationes,la,informatio,suggested,1,
informavi,la,informo,suggested,1,
informavimus,la,informo,suggested,1,
informetur,la,informo,suggested,1,
infortunio,la,infortunium,suggested,1,
infractum,la,infraho,suggested,1,
infrequentia,la,infrequentia,suggested,1,
infringunt,la,infringo,suggested,1,
infundere,la,infundo,suggested,1,
ing,la,ing,suggested,1,
ingeminarent,la,ingemino,suggested,1,
ingenerarent,la,ingenero,suggested,1,
ingeniis,la,ingenium,suggested,1,
ingenioque,la,ingenioque,suggested,1,
ingentis,la,ingens,suggested,1,
ingenuae,la,ingenuus,suggested,1,
ingenuus,la,ingenuus,suggested,1,
ingeramus,la,ingero,suggested,1,
ingerendo,la,ingero,suggested,1,
ingnari,la,ingno,suggested,1,
ingrata,la,ingratus,suggested,1,
ingrati,la,ingratus,suggested,1,
ingratum,la,ingratus,suggested,1,
ingre,la,inger,suggested,1,
ingrediamur,la,ingredior,suggested,1,
ingrediaris,la,ingredior,suggested,1,
ingrediatur,la,ingredior,suggested,1,
ingrediebantur,la,ingredior,suggested,1,
ingrediendam,la,ingredior,suggested,1,
ingrediens,la,ingredior,suggested,1,
ingredientur,la,ingredior,suggested,1,
ingredirer,la,ingredor,suggested,1,
ingressae,la,ingredior,suggested,1,
ingressurus,la,ingressor,suggested,1,
ingressusque,la,ingressusque,suggested,1,
inhabilis,la,inhabilis,suggested,1,
inhabitandam,la,inhabito,suggested,1,
inhabitant,la,inhabito,suggested,1,
inhabitare,la,inhabito,suggested,1,
inhabitat,la,inhabito,suggested,1,
inhaereat,la,inhaereo,suggested,1,
inhaerentes,la,inhaereo,suggested,1,
inhaeserint,la,inhaeseo,suggested,1,
inhiare,la,inhio,suggested,1,
inhiarunt,la,inhio,suggested,1,
inhibebat,la,inhibeo,suggested,1,
inhibendum,la,inhibeo,suggested,1,
inhibetur,la,inhibeo,suggested,1,
inhibuit,la,inhibeo,suggested,1,
inhumana,la,inhumanus,suggested,1,
inhumanitatem,la,inhumanitas,suggested,1,
inibique,la,inibique,suggested,1,
inicit,la,inicio,suggested,1,
iniecerunt,la,inicio,suggested,1,
iniecta,la,inicio,suggested,1,
iniectus,la,inicio,suggested,1,
inierant,la,inio,suggested,1,
iniiciunt,la,iniicio,suggested,1,
iniit,la,ineo,suggested,1,
inimica,la,inimicus,suggested,1,
inimicam,la,inimicus,suggested,1,
inimicitia,la,inimicitia,suggested,1,
inimicitias,la,inimicitia,suggested,1,
inimicitiis,la,inimicitia,suggested,1,
inimico,la,inimicus,suggested,1,
inimicus,la,inimicus,suggested,1,
inique,la,inique,suggested,1,
iniquissimas,la,iniquus,suggested,1,
iniquissime,la,inique,suggested,1,
iniquissimis,la,iniquus,suggested,1,
iniquissimum,la,iniquus,suggested,1,
iniquo,la,iniquus,suggested,1,
iniquum,la,iniquus,suggested,1,
inire,la,ineo,suggested,1,
iniret,la,ineo,suggested,1,
inita,la,ineo,suggested,1,
initae,la,ineo,suggested,1,
initi,la,ineo,suggested,1,
initiaretur,la,initio,suggested,1,
initiari,la,initior,suggested,1,
initientur,la,initior,suggested,1,
initijs,la,initium,suggested,1,
iniungat,la,iniungo,suggested,1,
iniungi,la,iniungo,suggested,1,
iniungimus,la,iniungo,suggested,1,
iniunia,la,iniunius,suggested,1,
iniuriae,la,iniuria,suggested,1,
iniuriatus,la,iniurio,suggested,1,
iniurię,la,iniurię,suggested,1,
iniuriis,la,iniuria,suggested,1,
iniuriosum,la,iniuriosus,suggested,1,
iniuriuam,la,iniuriuus,suggested,1,
iniusta,la,iniustus,suggested,1,
iniustae,la,iniustus,suggested,1,
iniustam,la,iniustus,suggested,1,
iniustis,la,iniustus,suggested,1,
iniustissimis,la,iniustus,suggested,1,
iniustitia,la,iniustitia,suggested,1,
iniustus,la,iniustus,suggested,1,
inivimus,la,iniuo,suggested,1,
injuncta,la,injungo,suggested,1,
injunxerat,la,injungo,suggested,1,
injuria,la,injuria,suggested,1,
injuriae,la,injuria,suggested,1,
injuriis,la,injurius,suggested,1,
inlibata,la,inlibatus,suggested,1,
inmensum,la,immensus,suggested,1,
inmortalem,la,immortalis,suggested,1,
inmortalitate,la,inmortalitas,suggested,1,
innata,la,innatus,suggested,1,
innatam,la,innatus,suggested,1,
innitens,la,innitor,suggested,1,
inniti,la,innitor,suggested,1,
innituntur,la,innitor,suggested,1,
innixa,la,innitor,suggested,1,
innocentem,la,innocens,suggested,1,
innocentes,la,innocens,suggested,1,
innocenti,la,innocens,suggested,1,
innocentibus,la,innocens,suggested,1,
innocentio,la,innocentio,suggested,1,
innocentum,la,innocentus,suggested,1,
innorescat,la,innoresco,suggested,1,
innotescerent,la,innotesco,suggested,1,
innotesceret,la,innotesco,suggested,1,
innotescet,la,innotesco,suggested,1,
innotuerit,la,innotuo,suggested,1,
innotuisset,la,innoto,suggested,1,
innoxiam,la,innoxius,suggested,1,
innoxio,la,innoxius,suggested,1,
innoxios,la,innoxius,suggested,1,
innuebat,la,innuo,suggested,1,
innuit,la,innuo,suggested,1,
innumerabilem,la,innumerabilis,suggested,1,
innumerabiles,la,innumerabilis,suggested,1,
innumerabilibus,la,innumerabilis,suggested,1,
innumerabilis,la,innumerabilis,suggested,1,
innumerae,la,innumerus,suggested,1,
innumeras,la,innumerus,suggested,1,
innumerata,la,innumero,suggested,1,
innumeri,la,innumerus,suggested,1,
innumeros,la,innumerus,suggested,1,
ino,la,ino,suggested,1,
inopiae,la,inopia,suggested,1,
inopinata,la,inopinatus,suggested,1,
inopinatus,la,inopinatus,suggested,1,
inops,la,inops,suggested,1,
inopum,la,inopus,suggested,1,
inpono,la,impono,suggested,1,
inpossibilitatus,la,inpossibilitatus,suggested,1,
inque,la,inque,suggested,1,
inquiebat,la,inquam,suggested,1,
inquietas,la,inquietus,suggested,1,
inquieti,la,inquietus,suggested,1,
inquietissime,la,inquiete,suggested,1,
inquietos,la,inquietus,suggested,1,
inquinat,la,inquino,suggested,1,
inquinatissimi,la,inquinatus,suggested,1,
inquirebant,la,inquiro,suggested,1,
inquirit,la,inquiro,suggested,1,
inquirunt,la,inquiro,suggested,1,
inquisitonis,la,inquisito,suggested,1,
inquisitores,la,inquisitor,suggested,1,
inquisitorum,la,inquisitor,suggested,1,
inquiunt,la,inquam,suggested,1,
insanam,la,insanus,suggested,1,
insaniebat,la,insanio,suggested,1,
insano,la,insanus,suggested,1,
inscio,la,inscio,suggested,1,
inscius,la,inscius,suggested,1,
inscripta,la,inscribo,suggested,1,
inscriptiones,la,inscriptio,suggested,1,
insectabantur,la,insecto,suggested,1,
insectari,la,insecto,suggested,1,
insectatione,la,insectatio,suggested,1,
insecuta,la,insequor,suggested,1,
insequenti,la,insequor,suggested,1,
insequentis,la,insequor,suggested,1,
insequitur,la,insequor,suggested,1,
insequuntur,la,insequor,suggested,1,
inserto,la,insero,suggested,1,
inservientes,la,inservio,suggested,1,
inserviret,la,inservio,suggested,1,
insidens,la,insido,suggested,1,
insidi,la,insis,suggested,1,
insidias,la,insidiae,suggested,1,
insidijs,la,insidijs,suggested,1,
insigne,la,insigne,suggested,1,
insigniores,la,insignus,suggested,1,
insigniter,la,insigniter,suggested,1,
insignitum,la,insignitus,suggested,1,
insignitur,la,insignio,suggested,1,
insilientes,la,insilio,suggested,1,
insimulant,la,insimulo,suggested,1,
insinuandum,la,insinuo,suggested,1,
insinuant,la,insinuo,suggested,1,
insinuavi,la,insinuo,suggested,1,
insinuent,la,insinuo,suggested,1,
insistebat,la,insisto,suggested,1,
insitae,la,insio,suggested,1,
insitamque,la,insitam,suggested,1,
insitámque,la,insitám,suggested,1,
insolenter,la,insolenter,suggested,1,
insolentes,la,insolens,suggested,1,
insolentia,la,insolentia,suggested,1,
insolentias,la,insolentia,suggested,1,
insolitae,la,insolitus,suggested,1,
insolito,la,insolo,suggested,1,
insonti,la,insons,suggested,1,
insontibus,la,insons,suggested,1,
insordidari,la,insordido,suggested,1,
inspectante,la,inspecto,suggested,1,
inspecturus,la,inspicio,suggested,1,
inspirata,la,inspiro,suggested,1,
inspirent,la,inspiro,suggested,1,
instabiles,la,instabilis,suggested,1,
instant,la,insto,suggested,1,
instaurandi,la,instauro,suggested,1,
instaurarunt,la,instauro,suggested,1,
instaurata,la,instauro,suggested,1,
instauravit,la,instauro,suggested,1,
instigantibus,la,instigo,suggested,1,
institis,la,institus,suggested,1,
instituantur,la,instituo,suggested,1,
instituebatur,la,instituo,suggested,1,
instituendos,la,instituo,suggested,1,
instituere,la,instituo,suggested,1,
instituerentur,la,instituo,suggested,1,
institueretque,la,instituo,suggested,1,
institueretur,la,instituo,suggested,1,
institui,la,instituo,suggested,1,
instituitur,la,instituo,suggested,1,
institutae,la,instituo,suggested,1,
institutionem,la,institutio,suggested,1,
institutioni,la,institutio,suggested,1,
institutionis,la,institutio,suggested,1,
institutor,la,institutor,suggested,1,
insto,la,insto,suggested,1,
instruamur,la,instruo,suggested,1,
instruantur,la,instruo,suggested,1,
instruat,la,instruo,suggested,1,
instructa,la,instruo,suggested,1,
instructam,la,instruo,suggested,1,
instructionem,la,instructio,suggested,1,
instructum,la,instruo,suggested,1,
instruebant,la,instruo,suggested,1,
instruebat,la,instruo,suggested,1,
instruendam,la,instruo,suggested,1,
instruendo,la,instruo,suggested,1,
instruendos,la,instruo,suggested,1,
instruerent,la,instruo,suggested,1,
instrueret,la,instruo,suggested,1,
instruit,la,instruo,suggested,1,
instrumento,la,instrumentum,suggested,1,
instruuntur,la,instruo,suggested,1,
instruxerant,la,instruco,suggested,1,
instruxerunt,la,instruo,suggested,1,
instruxit,la,instruo,suggested,1,
insubordinatis,la,insubordino,suggested,1,
insudare,la,insudo,suggested,1,
insuficientem,la,insuficio,suggested,1,
insulamque,la,insulam,suggested,1,
insulse,la,insulse,suggested,1,
insultare,la,insulto,suggested,1,
insultat,la,insulto,suggested,1,
insumpserunt,la,insumo,suggested,1,
insumptos,la,insumo,suggested,1,
insumpturus,la,insumo,suggested,1,
insurgentes,la,insurgo,suggested,1,
insurgentibus,la,insurgo,suggested,1,
insurgerent,la,insurgo,suggested,1,
insurgit,la,insurgo,suggested,1,
insurrexerant,la,insurgo,suggested,1,
insurrexit,la,insurgo,suggested,1,
insuta,la,insutus,suggested,1,
int,la,int,suggested,1,
intabescit,la,intabesco,suggested,1,
intactas,la,intago,suggested,1,
intacti,la,intago,suggested,1,
intecedit,la,intecedo,suggested,1,
integebantur,la,intego,suggested,1,
integerrimos,la,integerrimus,suggested,1,
integerrimus,la,integerrimus,suggested,1,
integritatem,la,integritas,suggested,1,
integritati,la,integritas,suggested,1,
integritatis,la,integritas,suggested,1,
inteiras,pt,inteiro,suggested,1,
inteligamus,la,intelego,suggested,1,
intellecto,la,intellego,suggested,1,
intellectu,la,intellectus,suggested,1,
intellectum,la,intellectus,suggested,1,
intellexerint,la,intellego,suggested,1,
intellexerunt,la,intellego,suggested,1,
intellexi,la,intellego,suggested,1,
intellexissent,la,intellego,suggested,1,
intellige,la,inteego,suggested,1,
intelligendam,la,intellego,suggested,1,
intelligendos,la,intellego,suggested,1,
intelligendus,la,intellego,suggested,1,
intelligent,la,intellego,suggested,1,
intelligentiam,la,intellegentia,suggested,1,
intelligentias,la,intellegentia,suggested,1,
intelligeremus,la,intellego,suggested,1,
intelliges,la,intellego,suggested,1,
intelligetis,la,intellego,suggested,1,
intelligetur,la,intellego,suggested,1,
intelligo,la,intelligo,suggested,1,
intelligunt,la,intellego,suggested,1,
intemperiem,la,intemperies,suggested,1,
intemperies,la,intemperies,suggested,1,
intendo,la,intendo,suggested,1,
intentata,la,intento,suggested,1,
intenti,la,intendo,suggested,1,
intentionum,la,intentio,suggested,1,
intentus,la,intendo,suggested,1,
intercedebant,la,intercedo,suggested,1,
intercedente,la,intercedo,suggested,1,
intercedentes,la,intercedo,suggested,1,
intercedere,la,intercedo,suggested,1,
intercederet,la,intercedo,suggested,1,
intercepisset,la,intercipio,suggested,1,
intercessimus,la,intercedo,suggested,1,
intercessio,la,intercessio,suggested,1,
intercipere,la,intercipio,suggested,1,
intercipiendi,la,intercipio,suggested,1,
intercipit,la,intercipio,suggested,1,
intercisas,la,intercido,suggested,1,
intercludebat,la,intercludo,suggested,1,
intercludendo,la,intercludo,suggested,1,
intercluderent,la,intercludo,suggested,1,
intercluderetur,la,intercludo,suggested,1,
interclusa,la,intercludo,suggested,1,
interclusuri,la,interclusuro,suggested,1,
interdicendum,la,interdico,suggested,1,
interdiceres,la,interdico,suggested,1,
interdiu,la,interdiu,suggested,1,
interdixisse,la,interdico,suggested,1,
interemerit,la,interemo,suggested,1,
interemit,la,interimo,suggested,1,
interempto,la,interimo,suggested,1,
interempturum,la,interempio,suggested,1,
interessent,la,intersum,suggested,1,
interesset,la,intersum,suggested,1,
interficere,la,interficio,suggested,1,
interficeretur,la,interficio,suggested,1,
interficiunt,la,interficio,suggested,1,
interfuere,la,interfuo,suggested,1,
interfuerit,la,intersum,suggested,1,
interfuerunt,la,intersum,suggested,1,
interiectae,la,intericio,suggested,1,
interiectam,la,interiego,suggested,1,
interiecto,la,intericio,suggested,1,
interiectu,la,interiectus,suggested,1,
interiectus,la,intericio,suggested,1,
interierit,la,intereo,suggested,1,
interijt,la,intereo,suggested,1,
interimat,la,interimo,suggested,1,
interimunt,la,interimo,suggested,1,
interiore,la,interior,suggested,1,
interiret,la,intereo,suggested,1,
interitu,la,interitus,suggested,1,
interituri,la,intereo,suggested,1,
interiùs,la,intra,suggested,1,
intermissent,la,intermeo,suggested,1,
intermittantur,la,intermitto,suggested,1,
intermitterentur,la,intermitto,suggested,1,
internae,la,internus,suggested,1,
internam,la,internus,suggested,1,
internecionem,la,internecio,suggested,1,
interno,la,internus,suggested,1,
internuntios,la,internuntius,suggested,1,
interogati,la,interogo,suggested,1,
interpellat,la,interpello,suggested,1,
interponente,la,interpono,suggested,1,
interposito,la,interpono,suggested,1,
interpreta,la,interpreta,suggested,1,
interpretabantur,la,interpretor,suggested,1,
interpretandam,la,interpretor,suggested,1,
interpretatione,la,interpretatio,suggested,1,
interpretationem,la,interpretatio,suggested,1,
interpretibus,la,interpres,suggested,1,
intérque,la,intérque,suggested,1,
intèrque,la,intèrque,suggested,1,
interrogabat,la,interrogo,suggested,1,
interrogari,la,interrogo,suggested,1,
interrogat,la,interrogo,suggested,1,
interrogationes,la,interrogatio,suggested,1,
interrogatus,la,interrogo,suggested,1,
interrogauit,la,interrogo,suggested,1,
interrupta,la,interrumpo,suggested,1,
interruptum,la,interrumpo,suggested,1,
intersint,la,intersum,suggested,1,
intertexto,la,intertexto,suggested,1,
interveniente,la,intervenio,suggested,1,
intervenientis,la,intervenio,suggested,1,
intervenit,la,intervenio,suggested,1,
interventu,la,interventus,suggested,1,
intimam,la,intimus,suggested,1,
intimare,la,intimo,suggested,1,
intimaret,la,intimo,suggested,1,
intimat,la,intimo,suggested,1,
intimatione,la,intimatio,suggested,1,
intimationis,la,intimatio,suggested,1,
intimato,la,intimatus,suggested,1,
intimavit,la,intimo,suggested,1,
intime,la,intime,suggested,1,
intimi,la,intimus,suggested,1,
intimum,la,intimus,suggested,1,
intimus,la,intimus,suggested,1,
intolerabilem,la,intolerabilis,suggested,1,
intolerabilis,la,intolerabilis,suggested,1,
intorcetta,la,intorcettus,suggested,1,
intorpescentibus,la,intorpesco,suggested,1,
intrandae,la,intro,suggested,1,
intrandum,la,intro,suggested,1,
intrantium,la,intro,suggested,1,
intrare,la,intro,suggested,1,
intrârunt,la,intrâro,suggested,1,
intravi,la,intro,suggested,1,
intravit,la,intro,suggested,1,
intrepida,la,intrepidus,suggested,1,
intrinsece,la,intrinsece,suggested,1,
intrinseco,la,intrinsecus,suggested,1,
introducendos,la,introduco,suggested,1,
introducti,la,introduco,suggested,1,
introduxerunt,la,introduco,suggested,1,
introeunte,la,introeo,suggested,1,
introgrediens,la,introgredior,suggested,1,
introierunt,la,introeo,suggested,1,
introire,la,introeo,suggested,1,
introitum,la,introitus,suggested,1,
intromissa,la,intromitto,suggested,1,
intromissus,la,intromitto,suggested,1,
introspicere,la,introspicio,suggested,1,
introspicientibus,la,introspicio,suggested,1,
introspicimus,la,introspicio,suggested,1,
intueamur,la,intueor,suggested,1,
intuentibus,la,intueor,suggested,1,
intuentur,la,intueor,suggested,1,
intuerentur,la,intueor,suggested,1,
intumuit,la,intumo,suggested,1,
intus,la,intus,suggested,1,
inuecta,la,inveho,suggested,1,
inuenient,la,inuenio,suggested,1,
inueniri,la,inuenio,suggested,1,
inuenit,la,inuenio,suggested,1,
inuentam,la,inuenio,suggested,1,
inuentas,la,inuenio,suggested,1,
inuenti,la,inuenio,suggested,1,
inuentis,la,inuenio,suggested,1,
inuentor,la,inuentor,suggested,1,
inuentorem,la,inuentor,suggested,1,
inuestigari,la,inuestigo,suggested,1,
inuestigatio,la,inuestigatio,suggested,1,
inuestigationem,la,inuestigatio,suggested,1,
inuicem,la,inuicem,suggested,1,
inuicto,la,inuictus,suggested,1,
inuictum,la,inuictus,suggested,1,
inuideret,la,inuideo,suggested,1,
inuigilant,la,inuigilo,suggested,1,
inuitamur,la,inuito,suggested,1,
inuitis,la,inuitus,suggested,1,
inuito,la,inuitus,suggested,1,
inumerabiles,la,inumerabilis,suggested,1,
inungebant,la,inungo,suggested,1,
inuocamus,la,inuoco,suggested,1,
inuocandum,la,inuoco,suggested,1,
inuoluerat,la,inuoluo,suggested,1,
inuoluerent,la,inuoluo,suggested,1,
inuri,la,inuo,suggested,1,
inusitatis,la,inusitatus,suggested,1,
inutile,la,inutilis,suggested,1,
inutiles,la,inutilis,suggested,1,
inutiliter,la,inutiliter,suggested,1,
invadamus,la,invado,suggested,1,
invadat,la,invado,suggested,1,
invadendi,la,invado,suggested,1,
invadentes,la,invado,suggested,1,
invaderet,la,invadio,suggested,1,
invaditur,la,invado,suggested,1,
invaduntur,la,invao,suggested,1,
invaluerunt,la,invaleo,suggested,1,
invaserat,la,invado,suggested,1,
invaserint,la,invasio,suggested,1,
invaserunt,la,invadeo,suggested,1,
invasione,la,invasio,suggested,1,
invasisse,la,invdo,suggested,1,
invasorem,la,invasor,suggested,1,
invectus,la,invecio,suggested,1,
invenerim,la,invenio,suggested,1,
inveniantur,la,invenio,suggested,1,
inveniatur,la,inuenio,suggested,1,
invenientes,la,invenio,suggested,1,
inveniet,la,invenio,suggested,1,
invenirentur,la,invenio,suggested,1,
inveniret,la,invenio,suggested,1,
inveniretur,la,invenio,suggested,1,
inveniunt,la,invenio,suggested,1,
inventores,la,inventor,suggested,1,
inventus,la,invenio,suggested,1,
inverso,la,inverto,suggested,1,
investigare,la,investigo,suggested,1,
inveteratus,la,inveto,suggested,1,
invictam,la,invictus,suggested,1,
invicti,la,invictus,suggested,1,
invictissimi,la,inuictus,suggested,1,
invida,la,invidus,suggested,1,
invidere,la,invideo,suggested,1,
invidiam,la,invidia,suggested,1,
invigilant,la,invigilo,suggested,1,
invigilat,la,invigilo,suggested,1,
invigilent,la,invigilo,suggested,1,
invincibilique,la,invincibilique,suggested,1,
inviolabile,la,inviolabilis,suggested,1,
inviolabiliter,la,inviolabiliter,suggested,1,
invisantur,la,inviso,suggested,1,
invisendi,la,inviso,suggested,1,
invisentibus,la,invisor,suggested,1,
inviseremus,la,inviso,suggested,1,
inviserent,la,inviso,suggested,1,
inviserentur,la,inviso,suggested,1,
invisibilibus,la,invisibilis,suggested,1,
invisimus,la,invisio,suggested,1,
invissere,la,invissero,suggested,1,
invisseret,la,invissero,suggested,1,
invissi,la,invissus,suggested,1,
invissit,la,invisso,suggested,1,
invitantem,la,invito,suggested,1,
invitantur,la,invito,suggested,1,
invitare,la,invito,suggested,1,
invitarunt,la,invito,suggested,1,
invitati,la,invito,suggested,1,
invitatum,la,invito,suggested,1,
invitavi,la,invito,suggested,1,
invitę,la,invitus,suggested,1,
invitentur,la,invito,suggested,1,
invitis,la,invitus,suggested,1,
invitos,la,invitus,suggested,1,
invocantes,la,invoco,suggested,1,
invocare,la,invoco,suggested,1,
invocatis,la,invoco,suggested,1,
invocato,la,invoco,suggested,1,
invocavit,la,invoco,suggested,1,
involant,la,involo,suggested,1,
involuens,la,involuo,suggested,1,
involuerit,la,involo,suggested,1,
involutum,la,involvo,suggested,1,
iob,la,iob,suggested,1,
iocis,la,iocus,suggested,1,
ioco,la,iocus,suggested,1,
ioculatoribus,la,ioculator,suggested,1,
iohan,la,iohan,suggested,1,
iohanem,la,iohanis,suggested,1,
iohanne,la,Johannes,suggested,1,
ionem,la,io,suggested,1,
ioriques,la,ioriques,suggested,1,
ioseph,la,Ioseph,suggested,1,
iosepho,la,iosephus,suggested,1,
iouem,la,iuppiter,suggested,1,
ip,la,ip,suggested,1,
ipfe,la,ipfe,suggested,1,
ipsammet,la,ipse,suggested,1,
ipsamq,la,ipe,suggested,1,
ipsismet,la,ipsisme,suggested,1,
ipsisque,la,ipsisque,suggested,1,
ipsiusmet,la,ipsiuse,suggested,1,
ipsorumque,la,ipsorumque,suggested,1,
ipsosque,la,ipsosque,suggested,1,
iracundiae,la,iracundia,suggested,1,
irascantur,la,irascor,suggested,1,
irascuntur,la,irascor,suggested,1,
iremus,la,iremus,suggested,1,
iriafaconum,la,iriafaconus,suggested,1,
irremediabiliter,la,irremediabiliter,suggested,1,
irretitus,la,irretitus,suggested,1,
irrigare,la,irrigo,suggested,1,
irrigata,la,irrigo,suggested,1,
irritas,la,irritus,suggested,1,
irrito,la,irrito,suggested,1,
irritum,la,irritus,suggested,1,
irroganda,la,irrogo,suggested,1,
irrogandis,la,irrogo,suggested,1,
irrogare,la,irrogo,suggested,1,
irrogatam,la,irrogo,suggested,1,
irrogatur,la,irrogo,suggested,1,
irruentium,la,irruo,suggested,1,
irruere,la,irruo,suggested,1,
irruerent,la,irruo,suggested,1,
irrueret,la,irruo,suggested,1,
irruissent,la,irruo,suggested,1,
irrumpebant,la,irrumpo,suggested,1,
irrumpere,la,irrumpo,suggested,1,
irrumperunt,la,irrumpo,suggested,1,
irruptione,la,irruptio,suggested,1,
isabela,la,Isabela,suggested,1,
isafaidonus,la,isafaidonus,suggested,1,
isafaindonum,la,isafaindon,suggested,1,
isauria,la,Isauria,suggested,1,
isciano,la,Iscianum,suggested,1,
iscianum,la,iscianus,suggested,1,
isciensi,la,isciensus,suggested,1,
islas,es,isla,suggested,1,
ispis,la,ispa,suggested,1,
ispsis,la,ispse,suggested,1,
israel,la,israel,suggested,1,
israël,la,israël,suggested,1,
istae,la,iste,suggested,1,
istarum,la,iste,suggested,1,
isthac,la,isthac,suggested,1,
isthmo,la,isthmo,suggested,1,
isthuc,la,isthuc,suggested,1,
istic,la,istic,suggested,1,
istinc,la,istinc,suggested,1,
istorum,la,iste,suggested,1,
it,la,it,suggested,1,
italiae,la,Italia,suggested,1,
italiam,la,Italia,suggested,1,
italice,la,italice,suggested,1,
italis,la,italis,suggested,1,
italum,la,italus,suggested,1,
iteratis,la,itero,suggested,1,
iti,la,iti,suggested,1,
itiden,la,itiden,suggested,1,
itodonus,la,itodonus,suggested,1,
ituri,la,eo,suggested,1,
iubeant,la,iubeo,suggested,1,
iubeas,la,iubeo,suggested,1,
iubebis,la,iubeo,suggested,1,
iubemur,la,iubeo,suggested,1,
iubendo,la,iubeo,suggested,1,
iubens,la,iubeo,suggested,1,
iubentes,la,iubeo,suggested,1,
iuberet,la,iubeo,suggested,1,
iuberi,la,iubeo,suggested,1,
iubes,la,iubeo,suggested,1,
iubilei,la,iubilis,suggested,1,
iubileum,la,iubileus,suggested,1,
iucunda,la,iucundus,suggested,1,
iucundioris,la,iucundus,suggested,1,
iucundissima,la,iucundus,suggested,1,
iucunditate,la,iucunditas,suggested,1,
iuda,la,iudas,suggested,1,
iudae,la,iudas,suggested,1,
iudaea,la,iudaea,suggested,1,
iudeis,la,iudea,suggested,1,
iudicabam,la,iudico,suggested,1,
iudicabimus,la,iudico,suggested,1,
iudicanda,la,iudico,suggested,1,
iudicandos,la,iudico,suggested,1,
iudicaretur,la,iudico,suggested,1,
iudicata,la,iudico,suggested,1,
iudicaverint,la,iudico,suggested,1,
iudicaveris,la,iudico,suggested,1,
iudicavi,la,iudico,suggested,1,
iudicavimus,la,iudico,suggested,1,
iudicet,la,iudico,suggested,1,
iudici,la,iudex,suggested,1,
iudiciique,la,iudiciique,suggested,1,
iudiciorum,la,iudicium,suggested,1,
iudico,la,iudico,suggested,1,
iudicumve,la,iudicumvus,suggested,1,
iuditio,la,iuditio,suggested,1,
iuenam,la,iuenus,suggested,1,
iuêre,la,iuêer,suggested,1,
iuge,la,iux,suggested,1,
iugis,la,iugum,suggested,1,
iugulare,la,iugulo,suggested,1,
iugulavit,la,iugulo,suggested,1,
iugulum,la,iugulum,suggested,1,
iunco,la,iuncus,suggested,1,
iuncta,la,iungo,suggested,1,
iuncum,la,iuncus,suggested,1,
iuncus,la,iuncus,suggested,1,
iungeretur,la,iungo,suggested,1,
iunglieus,la,iunglieus,suggested,1,
iunior,la,iuvenis,suggested,1,
iuniorem,la,iunus,suggested,1,
iunnan,la,iunnan,suggested,1,
iunxissent,la,iunxio,suggested,1,
iuramentorum,la,iuramentum,suggested,1,
iuramus,la,iuro,suggested,1,
iurandi,la,iuro,suggested,1,
iurandumque,la,iurandumque,suggested,1,
iuras,la,iuras,suggested,1,
iurasse,la,iuro,suggested,1,
iurasset,la,iuro,suggested,1,
iuraverint,la,iuro,suggested,1,
iureiurando,la,iureiuro,suggested,1,
iuribus,la,ius,suggested,1,
iuridice,la,iuridicus,suggested,1,
iuridico,la,iuridicus,suggested,1,
iuridictionem,la,iuridictio,suggested,1,
iurisdictioem,la,iurisdictioe,suggested,1,
iurisiurandi,la,iurisiuro,suggested,1,
iuro,la,iurum,suggested,1,
iusionem,la,iusio,suggested,1,
iusrare,la,iusro,suggested,1,
iussione,la,iussio,suggested,1,
iussis,la,iubeo,suggested,1,
iussisset,la,iubeo,suggested,1,
iussitq,la,iusbeo,suggested,1,
iustae,la,iustus,suggested,1,
iusticia,la,iusticis,suggested,1,
iusticiam,la,iusticia,suggested,1,
iusticie,la,iusticus,suggested,1,
iustificari,la,iustifico,suggested,1,
iustificationem,la,iustificatio,suggested,1,
iustifico,la,iustifico,suggested,1,
iustini,la,iustinus,suggested,1,
iustissima,la,iustus,suggested,1,
iustitae,la,iustita,suggested,1,
iustitię,la,iustitię,suggested,1,
iustititae,la,iustitita,suggested,1,
iustos,la,iustus,suggested,1,
iustus,la,iustus,suggested,1,
iuuemus,la,iuuo,suggested,1,
iuvandam,la,iuvo,suggested,1,
iuvandi,la,iuvo,suggested,1,
iuvandis,la,iuvo,suggested,1,
iuvandos,la,iuvo,suggested,1,
iuvantibus,la,iuvo,suggested,1,
iuvarent,la,iuvo,suggested,1,
iuvaret,la,iuvo,suggested,1,
iuvenem,la,iuvenis,suggested,1,
iuvenum,la,iuvenus,suggested,1,
iuver,la,iuvo,suggested,1,
iuverit,la,juvo,suggested,1,
iuvit,la,iuvo,suggested,1,
ivañez,la,ivañez,suggested,1,
iverat,la,ivero,suggested,1,
ivi,la,ivi,suggested,1,
ivimus,la,eo,suggested,1,
ivissent,la,ivio,suggested,1,
ivisset,la,ivio,suggested,1,
ix,la,ix,suggested,1,
ja,la,ja,suggested,1,
jacobi,la,jacobus,suggested,1,
jacturam,la,jactura,suggested,1,
jamjam,la,jamjus,suggested,1,
jamvero,la,jamver,suggested,1,
januario,la,januarius,suggested,1,
japão,pt,Japão,suggested,1,
japonem,la,japo,suggested,1,
japonensis,la,japonensis,suggested,1,
japonensium,la,japonens,suggested,1,
japonicarum,la,japonicus,suggested,1,
japonicum,la,japonicus,suggested,1,
japonie,la,japonies,suggested,1,
japoniensis,la,japoniensis,suggested,1,
japponensem,la,japponens,suggested,1,
japponensibus,la,japponensus,suggested,1,
japponicam,la,japponicus,suggested,1,
japponicos,la,japponicus,suggested,1,
japponum,la,japponus,suggested,1,
jesu,es,Jesu,suggested,1,
jesù,la,jesùs,suggested,1,
joanni,la,joannus,suggested,1,
joannis,la,joannis,suggested,1,
jorgius,la,jorgius,suggested,1,
josephus,la,josephus,suggested,1,
juan,la,juan,suggested,1,
jubilaei,la,jubilaeus,suggested,1,
jucundam,la,jucundus,suggested,1,
jucundius,la,jucunde,suggested,1,
judex,la,judex,suggested,1,
judicare,la,judico,suggested,1,
judicarunt,la,judico,suggested,1,
judicatumque,la,judicatumquus,suggested,1,
judicavi,la,judico,suggested,1,
judicem,la,judex,suggested,1,
jugera,la,jugero,suggested,1,
jugum,la,jugus,suggested,1,
julio,la,julius,suggested,1,
jun,la,jun,suggested,1,
junii,la,junius,suggested,1,
juramento,la,juramentum,suggested,1,
jure,la,jure,suggested,1,
jurene,la,jurene,suggested,1,
jurisdictio,la,jurisdictio,suggested,1,
jurisperitis,la,jurisperitus,suggested,1,
jus,la,jus,suggested,1,
justitiae,la,justitia,suggested,1,
justitiam,la,justitia,suggested,1,
juvenes,la,juvenis,suggested,1,
juvenum,la,juvenus,suggested,1,
kal,la,kal,suggested,1,
kalendis,la,Kalendae,suggested,1,
kambaliensis,la,kambaliensis,suggested,1,
kan,la,kan,suggested,1,
karakytai,la,karakyta,suggested,1,
kartago,la,kartagus,suggested,1,
kengum,la,kengum,suggested,1,
kengus,la,kengus,suggested,1,
khiucheu,la,khiucheu,suggested,1,
kian,la,kian,suggested,1,
kiangcheu,la,kiangcheu,suggested,1,
kiangum,la,kiangus,suggested,1,
king,la,king,suggested,1,
kioochang,la,kioochang,suggested,1,
kioviam,la,kiovia,suggested,1,
kitay,la,kitay,suggested,1,
kiu,la,kiu,suggested,1,
kuangcheu,la,kuangcheu,suggested,1,
kuangsi,la,kuangsus,suggested,1,
kuangtonensi,la,kuangtonensis,suggested,1,
kuangtungnensi,la,kuangtungnensis,suggested,1,
labantes,la,labo,suggested,1,
labanti,la,labo,suggested,1,
labantur,la,labo,suggested,1,
labem,la,labes,suggested,1,
labitur,la,labor,suggested,1,
laborabamus,la,laboro,suggested,1,
laborando,la,laboro,suggested,1,
laborans,la,laboro,suggested,1,
laborantes,la,laboro,suggested,1,
laborarent,la,laboro,suggested,1,
laboraret,la,laboro,suggested,1,
laborari,la,laboro,suggested,1,
laborassent,la,laboro,suggested,1,
laborat,la,laboro,suggested,1,
laboratis,la,laboro,suggested,1,
laboratur,la,laboro,suggested,1,
laboravi,la,laboro,suggested,1,
laboravimus,la,laboro,suggested,1,
laboret,la,laboro,suggested,1,
laboriose,la,laboriose,suggested,1,
laboro,la,laboro,suggested,1,
labuntur,la,labor,suggested,1,
lacedaemonium,la,lacedaemonius,suggested,1,
lacerantes,la,lacero,suggested,1,
lacernis,la,lacerna,suggested,1,
lacessat,la,lacesso,suggested,1,
lacessiti,la,lacesso,suggested,1,
lachrymas,la,lachrymus,suggested,1,
laconica,la,laconicus,suggested,1,
laconicae,la,laconicus,suggested,1,
lactentium,la,lactens,suggested,1,
lacum,la,lacus,suggested,1,
lae,la,lus,suggested,1,
laedendum,la,laedo,suggested,1,
laedere,la,laedo,suggested,1,
laeditur,la,laedo,suggested,1,
laedunt,la,laedo,suggested,1,
laesit,la,laedo,suggested,1,
laetabundo,la,laetabundo,suggested,1,
laetabundum,la,laetabo,suggested,1,
laetari,la,laetor,suggested,1,
laetatur,la,laetor,suggested,1,
laetatus,la,laetor,suggested,1,
laetiferam,la,laetifer,suggested,1,
laetificat,la,laetifico,suggested,1,
laetiorem,la,laetus,suggested,1,
laetissima,la,laetus,suggested,1,
laetissimum,la,laetus,suggested,1,
laetitae,la,laetior,suggested,1,
laetitiis,la,laetitia,suggested,1,
laetumque,la,laetumque,suggested,1,
laeua,la,laeuus,suggested,1,
laguna,la,lagunus,suggested,1,
laicis,la,laicus,suggested,1,
lama,la,lama,suggested,1,
lamego,la,lamegus,suggested,1,
lamen,la,lamen,suggested,1,
lamentabili,la,lamentabilis,suggested,1,
lamentationum,la,lamentatio,suggested,1,
lanam,la,lana,suggested,1,
lanceis,la,lancea,suggested,1,
lancillotus,la,lancillotus,suggested,1,
lancilotto,la,Lancilottus,suggested,1,
langores,la,langor,suggested,1,
languentes,la,langueo,suggested,1,
languesceret,la,languesco,suggested,1,
lanki,la,lankus,suggested,1,
lantur,la,fero,suggested,1,
laodicena,la,laodicena,suggested,1,
laodiciam,la,laodicius,suggested,1,
lapidatus,la,lapido,suggested,1,
lapidaverunt,la,lapido,suggested,1,
lapides,la,lapis,suggested,1,
lapidis,la,lapis,suggested,1,
lapidum,la,lapis,suggested,1,
lapsi,la,labor,suggested,1,
lapsuros,la,lapsuer,suggested,1,
lapsuum,la,lapsus,suggested,1,
laqueus,la,laqueus,suggested,1,
largiabatur,la,largior,suggested,1,
largiretur,la,largior,suggested,1,
largiri,la,largior,suggested,1,
largitione,la,largitio,suggested,1,
largitioni,la,largitio,suggested,1,
largitionibusque,la,largitionibusque,suggested,1,
largitur,la,largior,suggested,1,
largitus,la,largior,suggested,1,
largum,la,largus,suggested,1,
larum,la,larus,suggested,1,
las,la,las,suggested,1,
lassae,la,lassus,suggested,1,
latae,la,latus,suggested,1,
lataeque,la,lataeus,suggested,1,
latarum,la,latus,suggested,1,
late,la,late,suggested,1,
latebrae,la,latebra,suggested,1,
latebris,la,latebra,suggested,1,
latera,la,latus,suggested,1,
lateret,la,lateo,suggested,1,
lateribus,la,latus,suggested,1,
latet,la,lateo,suggested,1,
latiora,la,latus,suggested,1,
latis,la,latus,suggested,1,
latissima,la,latus,suggested,1,
latissimam,la,latus,suggested,1,
latissimas,la,latus,suggested,1,
latissimi,la,latus,suggested,1,
latissimis,la,latus,suggested,1,
latitare,la,latito,suggested,1,
latitarent,la,latito,suggested,1,
latius,la,late,suggested,1,
lato,la,latus,suggested,1,
latona,la,latonus,suggested,1,
latratus,la,latro,suggested,1,
latrocinium,la,latrocinium,suggested,1,
latusque,la,latusque,suggested,1,
lauacri,la,lauacrum,suggested,1,
laud,la,laud,suggested,1,
laudabilem,la,laudabilis,suggested,1,
laudabilis,la,laudabilis,suggested,1,
laudabimus,la,laudo,suggested,1,
laudamus,la,laudamus,suggested,1,
laudanda,la,laudo,suggested,1,
laudando,la,laudo,suggested,1,
laudantibus,la,laudo,suggested,1,
laudata,la,laudo,suggested,1,
laudataque,la,laudataquus,suggested,1,
laudatissimi,la,laudatus,suggested,1,
laudatur,la,laudo,suggested,1,
laudibus,la,laus,suggested,1,
laurentii,la,Laurentius,suggested,1,
laus,la,laus,suggested,1,
laute,la,laus,suggested,1,
lavaos,la,Lavai,suggested,1,
lavari,la,lavo,suggested,1,
lazarus,la,lazarus,suggested,1,
lazzarus,la,lazzarus,suggested,1,
lect,la,lect,suggested,1,
lectiones,la,lectio,suggested,1,
lecto,la,lego,suggested,1,
lector,es,lector,suggested,1,
lectorem,la,lectores,suggested,1,
lectores,la,lector,suggested,1,
lędas,la,lędo,suggested,1,
leg,la,leg,suggested,1,
legalitati,la,legalitas,suggested,1,
legaliter,la,legaliter,suggested,1,
legatio,la,legatio,suggested,1,
legationis,la,legatio,suggested,1,
legatos,la,legatus,suggested,1,
legendique,la,lego,suggested,1,
legendis,la,lego,suggested,1,
legentibus,la,lego,suggested,1,
legeret,la,lego,suggested,1,
legimus,la,lego,suggested,1,
legio,la,legio,suggested,1,
legionem,la,legio,suggested,1,
legiones,la,legio,suggested,1,
legionibus,la,legio,suggested,1,
legislatore,la,legislator,suggested,1,
legislatori,la,legislator,suggested,1,
legisque,la,legisque,suggested,1,
legisset,la,lego,suggested,1,
legitimas,la,legitimus,suggested,1,
legitimisque,la,legitimisque,suggested,1,
lego,la,lego,suggested,1,
legumen,la,legumen,suggested,1,
leguntur,la,lego,suggested,1,
leido,es,leido,suggested,1,
lemnus,la,lemnus,suggested,1,
lendes,la,lendes,suggested,1,
lenit,la,lenio,suggested,1,
lento,la,lentus,suggested,1,
leon,la,Leon,suggested,1,
leone,la,leonus,suggested,1,
leones,la,leo,suggested,1,
leoninae,la,leonina,suggested,1,
leonis,la,leonus,suggested,1,
leopardis,la,leopardus,suggested,1,
les,la,les,suggested,1,
lessii,la,lessius,suggested,1,
lessimum,la,lessimus,suggested,1,
lethalibus,la,lethalis,suggested,1,
lethalis,la,lethalis,suggested,1,
letiferis,la,letifer,suggested,1,
leuandam,la,leuo,suggested,1,
leuca,la,leucus,suggested,1,
leucam,la,leucus,suggested,1,
levare,la,leuo,suggested,1,
leve,la,levis,suggested,1,
leviathan,la,leviathan,suggested,1,
levis,la,levis,suggested,1,
levissima,la,levis,suggested,1,
levissimas,la,levis,suggested,1,
levissimis,la,levis,suggested,1,
levissimum,la,levis,suggested,1,
leviter,la,leviter,suggested,1,
lgnatius,la,lgnate,suggested,1,
lia,la,lius,suggested,1,
liati,la,lio,suggested,1,
lib,la,lis,suggested,1,
libanitides,la,libanitides,suggested,1,
libella,la,libella,suggested,1,
libelli,la,libellus,suggested,1,
libellis,la,libellus,suggested,1,
libellos,la,libellus,suggested,1,
libentius,la,libens,suggested,1,
liberabitur,la,libero,suggested,1,
liberalem,la,liberalis,suggested,1,
liberales,la,liberalis,suggested,1,
liberali,la,liberalis,suggested,1,
liberalitatem,la,liberalitas,suggested,1,
liberalitati,la,liberalitas,suggested,1,
liberaliterque,la,liberaliterque,suggested,1,
liberam,la,liber,suggested,1,
liberandam,la,libero,suggested,1,
liberando,la,libero,suggested,1,
liberandos,la,libero,suggested,1,
liberarem,la,libero,suggested,1,
liberarunt,la,libero,suggested,1,
liberata,la,libero,suggested,1,
liberationem,la,liberatio,suggested,1,
liberatorem,la,liberator,suggested,1,
liberatus,la,libero,suggested,1,
liberemus,la,libero,suggested,1,
liberior,la,liberus,suggested,1,
liberius,la,libere,suggested,1,
libertateq,la,libertas,suggested,1,
libertateque,la,libertates,suggested,1,
libertatis,la,libertas,suggested,1,
libet,la,libet,suggested,1,
libidinem,la,libido,suggested,1,
libidinibus,la,libido,suggested,1,
libidinosa,la,libidinosus,suggested,1,
libidinosum,la,libidinosus,suggested,1,
libido,la,libido,suggested,1,
libito,la,libitus,suggested,1,
libram,la,libra,suggested,1,
libramine,la,libramen,suggested,1,
libratores,la,librator,suggested,1,
libyae,la,libyus,suggested,1,
libyam,la,Libya,suggested,1,
licebat,la,licet,suggested,1,
licebit,la,licet,suggested,1,
licencia,es,licencia,suggested,1,
licencia,la,licencia,suggested,1,
licentiae,la,licentia,suggested,1,
licere,la,licet,suggested,1,
licèt,la,licèt,suggested,1,
licetque,la,licetque,suggested,1,
licite,la,licite,suggested,1,
licitus,la,liceo,suggested,1,
lictere,la,lictere,suggested,1,
lictoribus,la,lictor,suggested,1,
licuerit,la,licet,suggested,1,
licungzum,la,licungzus,suggested,1,
ligantur,la,ligo,suggested,1,
ligati,la,ligo,suggested,1,
ligatis,la,ligo,suggested,1,
ligatos,la,ligo,suggested,1,
ligatum,la,ligo,suggested,1,
ligatusque,la,ligatusque,suggested,1,
lignaque,la,lignaque,suggested,1,
lignas,la,lignum,suggested,1,
ligneam,la,ligneus,suggested,1,
ligneis,la,ligneus,suggested,1,
ligneum,la,ligneus,suggested,1,
lignis,la,lignum,suggested,1,
ligno,la,lignum,suggested,1,
lignorum,la,lignum,suggested,1,
ligonibus,la,ligo,suggested,1,
lihuzum,la,lihuzus,suggested,1,
lilium,la,lilium,suggested,1,
limen,la,limen,suggested,1,
limitandam,la,limito,suggested,1,
limitibus,la,limes,suggested,1,
lineas,la,linea,suggested,1,
lineis,la,linea,suggested,1,
lingue,la,lingue,suggested,1,
linguȩ,la,linguȩ,suggested,1,
linteamina,la,linteamen,suggested,1,
liquamen,la,liquamen,suggested,1,
liquet,la,liqueo,suggested,1,
liquore,la,liquor,suggested,1,
lissime,la,le,suggested,1,
litas,la,litas,suggested,1,
litatem,la,litas,suggested,1,
literam,la,litera,suggested,1,
literariis,la,literarius,suggested,1,
literati,la,litero,suggested,1,
literatum,la,litero,suggested,1,
lites,la,lis,suggested,1,
litigantes,la,litigo,suggested,1,
litigatio,la,litigatio,suggested,1,
litigatum,la,litigo,suggested,1,
litigavit,la,litigo,suggested,1,
litigia,la,litigium,suggested,1,
litigii,la,litigium,suggested,1,
litis,la,lis,suggested,1,
litter,la,litter,suggested,1,
litterarium,la,litterarius,suggested,1,
litterati,la,litteratus,suggested,1,
litteratis,la,litteratus,suggested,1,
litterato,la,litteratus,suggested,1,
litteratos,la,litteratus,suggested,1,
littoris,la,littus,suggested,1,
liturgia,la,liturgia,suggested,1,
lius,la,lius,suggested,1,
llagas,la,llagus,suggested,1,
lobelli,la,lobellus,suggested,1,
loc,la,lus,suggested,1,
locaque,la,locaque,suggested,1,
locare,la,loco,suggested,1,
locaret,la,loco,suggested,1,
locorumque,la,locorumque,suggested,1,
loculentissimasque,la,loculentissimo,suggested,1,
locustarum,la,locusta,suggested,1,
locutio,la,locutio,suggested,1,
locūum,la,locūus,suggested,1,
loiola,la,Loiola,suggested,1,
lombardus,la,lombardus,suggested,1,
longae,la,longus,suggested,1,
longam,la,longus,suggested,1,
longevitas,la,longevitas,suggested,1,
longinquam,la,longinquus,suggested,1,
longior,la,longus,suggested,1,
longiore,la,longus,suggested,1,
longiorem,la,longus,suggested,1,
longissima,la,longus,suggested,1,
longissimae,la,longus,suggested,1,
longitudo,la,longitudo,suggested,1,
longobardo,la,longobardus,suggested,1,
loquaces,la,loquax,suggested,1,
loquebantur,la,loquor,suggested,1,
loquendo,la,loquor,suggested,1,
loquerentur,la,loquor,suggested,1,
loquitur,la,loquor,suggested,1,
loquutus,la,loquuo,suggested,1,
lorica,la,lorica,suggested,1,
loricis,la,loricus,suggested,1,
loth,la,loth,suggested,1,
loturam,la,lotura,suggested,1,
louriçali,la,louriçalis,suggested,1,
lovangum,la,Lovangus,suggested,1,
lovangus,la,lovangus,suggested,1,
lubellus,la,Lubellus,suggested,1,
lubenti,la,lubeo,suggested,1,
luca,la,Luca,suggested,1,
lucalongo,la,lucalongus,suggested,1,
lucam,la,Luca,suggested,1,
lucania,la,lucanius,suggested,1,
lucena,la,Lucena,suggested,1,
lucensi,la,lucensis,suggested,1,
lucernensis,la,lucernenses,suggested,1,
lucesceret,la,lucesco,suggested,1,
lucia,la,lucius,suggested,1,
lucide,la,lucide,suggested,1,
luciferi,la,luciferus,suggested,1,
lucitaniȩ,la,lucitanus,suggested,1,
lucrifacerent,la,lucrifaceo,suggested,1,
lucrifaciamus,la,lucrifacio,suggested,1,
lucrifecerat,la,lucrificio,suggested,1,
luctatores,la,luctator,suggested,1,
luctuosa,la,luctuosus,suggested,1,
luctuosi,la,luctuosus,suggested,1,
luctuosis,la,luctuosus,suggested,1,
luculenta,la,luculentus,suggested,1,
luculenter,la,luculenter,suggested,1,
luculentum,la,luculentus,suggested,1,
ludibrium,la,ludibrium,suggested,1,
ludovico,la,Ludwicus,suggested,1,
ludovicum,la,Ludowicus,suggested,1,
luerent,la,luo,suggested,1,
lugduno,la,lugdunus,suggested,1,
lugdunum,la,lugdunus,suggested,1,
luís,la,luís,suggested,1,
luit,la,luo,suggested,1,
lumenque,la,lumenque,suggested,1,
lumina,la,lumen,suggested,1,
luminibus,la,lumen,suggested,1,
luminum,la,lumen,suggested,1,
lunaribus,la,lunarus,suggested,1,
lunguus,la,lunguus,suggested,1,
lunt,la,lo,suggested,1,
lupis,la,lupus,suggested,1,
lupum,la,lupus,suggested,1,
lusitanas,la,lusitanus,suggested,1,
lusitane,la,lusitane,suggested,1,
lusitanica,la,lusitanicus,suggested,1,
lusitanię,la,lusitanię,suggested,1,
lusitaniȩnatione,la,lusitaniȩnatio,suggested,1,
lustralibus,la,lustralis,suggested,1,
lustralis,la,lustralis,suggested,1,
lustrandam,la,lustro,suggested,1,
lustrarent,la,lustro,suggested,1,
lustrati,la,lustro,suggested,1,
lustratus,la,lustro,suggested,1,
luteo,la,luteus,suggested,1,
luteum,la,luteus,suggested,1,
luto,la,lutum,suggested,1,
lutrari,la,lutro,suggested,1,
luxuriae,la,luxuria,suggested,1,
luzon,la,luzon,suggested,1,
lxviii,la,LXVIII,suggested,1,
lxx,la,LXX,suggested,1,
lxxiii,la,LXXIII,suggested,1,
lxxx,la,LXXX,suggested,1,
lxxxxi,la,LXXXXI,suggested,1,
lycia,la,lycius,suggested,1,
lyciam,la,lycius,suggested,1,
lydda,la,lydda,suggested,1,
lyra,la,lyra,suggested,1,
m.cc.lxxv,la,M.CC.LXXV,suggested,1,
m.cc.lxxviii,la,M.CC.LXXVIII,suggested,1,
m.cc.vi,la,M.CC.VI,suggested,1,
m.ccc.lxviii,la,M.CCC.LXVIII,suggested,1,
m.cccc.vi,la,m.cccc.vi,suggested,1,
m.d.lxxiii,la,M.D.LXXIII,suggested,1,
m.dc.xix,la,m.dc.xix,suggested,1,
m.dc.xli,la,M.DC.XLI,suggested,1,
m.dc.xlii,la,M.DC.XLII,suggested,1,
m.dc.xlvi,la,M.DC.XLVI,suggested,1,
m.dc.xvi,la,M.DC.XVI,suggested,1,
m.dc.xviii,la,m.dc.xviii,suggested,1,
m.dc.xxv,la,m.dc.xxvs,suggested,1,
m.dc.xxvii,la,M.DC.XXVII,suggested,1,
m.dc.xxx,la,m.dc.xxx,suggested,1,
m.dc.xxxvi,la,M.DC.XXXVI,suggested,1,
ma,la,ma,suggested,1,
macaani,la,macaanus,suggested,1,
macaano,la,macaanus,suggested,1,
macaënsem,la,Macaëns,suggested,1,
macaenses,la,macaensis,suggested,1,
macaënses,la,macaënses,suggested,1,
macaënsis,la,macaënses,suggested,1,
macassariae,la,macassarius,suggested,1,
macedo,la,macedo,suggested,1,
macedoniae,la,macedonia,suggested,1,
macellum,la,macellum,suggested,1,
machaensi,la,machaensus,suggested,1,
machina,la,machina,suggested,1,
machinantes,la,machinor,suggested,1,
machinationis,la,machinatio,suggested,1,
machinatus,la,machino,suggested,1,
machynatio,la,machynatio,suggested,1,
mactaret,la,macto,suggested,1,
mactari,la,macto,suggested,1,
mactator,la,mactator,suggested,1,
maculae,la,macula,suggested,1,
maculam,la,macula,suggested,1,
madarinorum,la,madarinus,suggested,1,
madurensi,la,madurensis,suggested,1,
maestissimi,la,maestus,suggested,1,
maestitiae,la,maestitia,suggested,1,
magaglianes,la,magaglianis,suggested,1,
magalhaens,la,magalhaens,suggested,1,
magalhoes,la,magalhoes,suggested,1,
magdalene,la,Magdalene,suggested,1,
magellanes,la,magellanis,suggested,1,
magi,la,magus,suggested,1,
magicae,la,magicus,suggested,1,
magistratu,la,magistratus,suggested,1,
magistratum,la,magistratus,suggested,1,
magistros,la,magister,suggested,1,
magn,la,magn,suggested,1,
magnaeq,la,magnaeus,suggested,1,
magnate,la,magnatus,suggested,1,
magnates,la,magnates,suggested,1,
magnatorum,la,magnatus,suggested,1,
magnȩque,la,magnȩque,suggested,1,
magnifacio,la,magnifacio,suggested,1,
magnificare,la,magnifico,suggested,1,
magnificentia,la,magnificentia,suggested,1,
magnificentiam,la,magnificentia,suggested,1,
magnificentissima,la,magnificentus,suggested,1,
magnificentissime,la,magnificenter,suggested,1,
magnifico,la,magnificus,suggested,1,
magnificum,la,magnificus,suggested,1,
magnificus,la,magnificus,suggested,1,
magnitudini,la,magnitudo,suggested,1,
magnitudinis,la,magnitudo,suggested,1,
magnuum,la,magnuus,suggested,1,
mahometanis,la,mahometanus,suggested,1,
mahomete,la,mahometus,suggested,1,
mai,la,maus,suggested,1,
maiestas,la,maiestas,suggested,1,
maio,la,maius,suggested,1,
maiorica,la,Maioricus,suggested,1,
majestatis,la,majestas,suggested,1,
maji,la,majus,suggested,1,
majoribus,la,major,suggested,1,
majoris,la,major,suggested,1,
makan,la,makan,suggested,1,
makau,la,makau,suggested,1,
malabaricae,la,malabaricus,suggested,1,
malabaricam,la,malabaricus,suggested,1,
malabarici,la,malabaricus,suggested,1,
malabarico,la,malabaricus,suggested,1,
malacham,la,malacham,suggested,1,
malam,la,malus,suggested,1,
malaque,la,malaque,suggested,1,
malarum,la,malus,suggested,1,
maledicentia,la,maledicentia,suggested,1,
maledicti,la,maledico,suggested,1,
maledictus,la,maledico,suggested,1,
maleficos,la,maleficus,suggested,1,
malentes,la,malo,suggested,1,
maleque,la,maleque,suggested,1,
malevolentia,la,malevolentia,suggested,1,
malevolis,la,malevolus,suggested,1,
malint,la,malo,suggested,1,
malit,la,malo,suggested,1,
malitiae,la,malitia,suggested,1,
mallent,la,malo,suggested,1,
malucas,la,malucus,suggested,1,
maluci,la,malucus,suggested,1,
malucis,la,malucus,suggested,1,
maluco,la,malucus,suggested,1,
malunt,la,malo,suggested,1,
mam,la,mam,suggested,1,
man,la,man,suggested,1,
manadata,la,manadatum,suggested,1,
manans,la,mano,suggested,1,
mancipatam,la,mancipo,suggested,1,
mancipiis,la,mancipium,suggested,1,
mancipiorum,la,mancipium,suggested,1,
mand,la,mands,suggested,1,
mandado,es,mandado,suggested,1,
mandarino,la,mandarinus,suggested,1,
mandarinorum,la,mandarinus,suggested,1,
mandarunt,la,mando,suggested,1,
mandasset,la,mando,suggested,1,
mandatorum,la,mandatum,suggested,1,
mandaverit,la,mando,suggested,1,
manducamus,la,manduco,suggested,1,
manducandum,la,manduco,suggested,1,
manducat,la,manduco,suggested,1,
manebo,la,maneo,suggested,1,
manemus,la,maneo,suggested,1,
manendo,la,maneo,suggested,1,
manente,la,maneo,suggested,1,
maneo,la,maneo,suggested,1,
manete,la,maneo,suggested,1,
manethon,la,Manethon,suggested,1,
mangasacana,la,mangasacanus,suggested,1,
mangin,la,Mangin,suggested,1,
manib,la,manib,suggested,1,
manicae,la,manicus,suggested,1,
manicis,la,manicus,suggested,1,
manifesta,la,manifestus,suggested,1,
manifestae,la,manifestus,suggested,1,
manifestare,la,manifesto,suggested,1,
manifestatis,la,manifesto,suggested,1,
manifestum,la,manifestus,suggested,1,
manilano,la,manilanus,suggested,1,
manilenses,la,manilensis,suggested,1,
manipulos,la,manipulus,suggested,1,
manorum,la,manus,suggested,1,
manserant,la,manso,suggested,1,
mansi,la,maneo,suggested,1,
mansione,la,mansio,suggested,1,
mansionem,la,mansio,suggested,1,
mansiones,la,mansio,suggested,1,
mansisse,la,maneo,suggested,1,
mansissem,la,maneo,suggested,1,
mansurus,la,mansuo,suggested,1,
mantii,la,mantius,suggested,1,
manubrium,la,manubrius,suggested,1,
manuel,la,Manuel,suggested,1,
manueli,la,Manuelius,suggested,1,
manusque,la,manusque,suggested,1,
manutenere,la,manuteneo,suggested,1,
manuumque,la,manuumque,suggested,1,
manzuxa,la,manzuxus,suggested,1,
maovenlungum,la,maovenlungus,suggested,1,
mapheum,la,mapheus,suggested,1,
maracium,la,maracius,suggested,1,
marchione,la,marchio,suggested,1,
mare,it,mare,suggested,1,
margaritae,la,margarita,suggested,1,
margico,la,margicus,suggested,1,
mariaasignando,la,mariaasigno,suggested,1,
marialeni,la,Marialenus,suggested,1,
maribus,la,mas,suggested,1,
marie,la,Maria,suggested,1,
mariȩ,la,mariȩ,suggested,1,
marignolli,la,Marignollus,suggested,1,
marín,la,marí,suggested,1,
marinam,la,marina,suggested,1,
marindoni,la,Marindus,suggested,1,
marino,la,Marinus,suggested,1,
maritalis,la,maritalis,suggested,1,
maritim,la,maritim,suggested,1,
maritimo,la,maritimus,suggested,1,
maritum,la,maritus,suggested,1,
marlino,la,Marlinus,suggested,1,
marques,la,Marques,suggested,1,
marsupia,la,marsupius,suggested,1,
martelli,la,Martellus,suggested,1,
martinez,la,Martinez,suggested,1,
martini,la,Martinus,suggested,1,
martinius,la,Martinius,suggested,1,
martiño,la,Martiñus,suggested,1,
martins,la,martins,suggested,1,
martio,la,Martius,suggested,1,
martirii,la,martirius,suggested,1,
martirij,la,martirius,suggested,1,
martirizati,la,martirizo,suggested,1,
martium,la,martius,suggested,1,
martyribus,la,martyr,suggested,1,
martyris,la,martyr,suggested,1,
martyrizatus,la,martyrizatus,suggested,1,
mas,pt,mas,suggested,1,
mascaregnae,la,mascaregna,suggested,1,
massensem,la,massenses,suggested,1,
masticare,la,mastico,suggested,1,
matare,la,mato,suggested,1,
materiae,la,materia,suggested,1,
materiam,la,materia,suggested,1,
materiatum,la,materio,suggested,1,
materna,la,maternus,suggested,1,
mathei,la,matheus,suggested,1,
mathematica,la,mathematicus,suggested,1,
mathematicam,la,mathematicus,suggested,1,
mathematicis,la,mathematicus,suggested,1,
mathematicos,la,mathematicus,suggested,1,
mathia,la,Mathia,suggested,1,
mathias,la,Mathias,suggested,1,
matrimonia,la,matrimonium,suggested,1,
matronas,la,matrona,suggested,1,
matrum,la,mater,suggested,1,
matta,la,matta,suggested,1,
mattheaeus,la,mattheaeus,suggested,1,
matura,la,maturus,suggested,1,
maturationem,la,maturatio,suggested,1,
maturavi,la,maturo,suggested,1,
maturiore,la,maturus,suggested,1,
maturitate,la,maturitas,suggested,1,
maturo,la,maturus,suggested,1,
mauros,la,maurus,suggested,1,
max,la,max,suggested,1,
maxentia,la,maxentia,suggested,1,
maxentiae,la,maxentia,suggested,1,
maxim,la,maxis,suggested,1,
maximae,la,magnus,suggested,1,
maximamque,la,maximgnus,suggested,1,
maximarum,la,maxignus,suggested,1,
maximoque,la,maximoque,suggested,1,
maximos,la,magnus,suggested,1,
maxirmam,la,maxirmus,suggested,1,
maya,la,Maya,suggested,1,
mazicum,la,mazicus,suggested,1,
mcccxxxviii,la,MCCCXXXVIII,suggested,1,
mdl,la,mdl,suggested,1,
mdxlix,la,mdxlix,suggested,1,
mdxlviii,la,MDXLVIII,suggested,1,
meacensem,la,meacensis,suggested,1,
meacenses,la,meacensis,suggested,1,
meacensis,la,meacensis,suggested,1,
meacensiumq,la,meacensiums,suggested,1,
meacoensis,la,meacoensus,suggested,1,
mebant,la,o,suggested,1,
mederi,la,medeor,suggested,1,
mediae,la,medius,suggested,1,
medias,la,medius,suggested,1,
medicamento,la,medicamentum,suggested,1,
medicamentorum,la,medicamentum,suggested,1,
medicinae,la,medicinus,suggested,1,
medicinam,la,medicina,suggested,1,
medico,la,medicus,suggested,1,
medicos,la,medicus,suggested,1,
mediisq,la,mediisus,suggested,1,
mediocri,la,mediocris,suggested,1,
mediolanum,la,Mediolanum,suggested,1,
mediorum,la,medius,suggested,1,
meditabatur,la,meditor,suggested,1,
meditamur,la,meditor,suggested,1,
meditandum,la,meditor,suggested,1,
meditantium,la,medito,suggested,1,
meditata,la,meditor,suggested,1,
meditatio,la,meditatio,suggested,1,
meditatione,la,meditatio,suggested,1,
meditationes,la,meditatio,suggested,1,
meditationi,la,meditatio,suggested,1,
meditationibus,la,meditatio,suggested,1,
meditor,la,meditor,suggested,1,
meditullium,la,meditullis,suggested,1,
medius,la,medius,suggested,1,
meiritis,la,meireo,suggested,1,
mel,la,mel,suggested,1,
melchiorem,la,melchus,suggested,1,
melio,la,melium,suggested,1,
meliores,la,bonus,suggested,1,
melioribus,la,melior,suggested,1,
mem,la,mes,suggested,1,
membrana,la,membrana,suggested,1,
membris,la,membrum,suggested,1,
memorare,la,memoro,suggested,1,
memoratas,la,memoro,suggested,1,
memorati,la,memoro,suggested,1,
memoratis,la,memoro,suggested,1,
memorato,la,memoro,suggested,1,
memores,la,memor,suggested,1,
memorialibus,la,memorialis,suggested,1,
memorialis,la,memorialis,suggested,1,
memorie,la,memoria,suggested,1,
menander,la,menander,suggested,1,
mendaces,la,mendax,suggested,1,
mendacii,la,mendacium,suggested,1,
mendaciorum,la,mendacium,suggested,1,
mendaciter,la,mendaciter,suggested,1,
mendanda,la,mendo,suggested,1,
mendax,la,mendax,suggested,1,
mendes,la,mendes,suggested,1,
méndez,la,méndez,suggested,1,
mendicando,la,mendico,suggested,1,
mendicare,la,mendico,suggested,1,
mendicatione,la,mendicatio,suggested,1,
meneses,la,meneses,suggested,1,
menores,es,Menores,suggested,1,
mensa,la,mensa,suggested,1,
menstruos,la,menstruus,suggested,1,
mensura,la,mensura,suggested,1,
mensuras,la,mensura,suggested,1,
mentali,la,mentalis,suggested,1,
mentiri,la,mentior,suggested,1,
meoquen,la,Meoques,suggested,1,
meotidas,la,meotidus,suggested,1,
mercatorem,la,mercator,suggested,1,
mercaturam,la,mercatura,suggested,1,
mercede,la,merces,suggested,1,
mercedis,la,merces,suggested,1,
merciatorum,la,mercio,suggested,1,
mercimonia,la,mercimonium,suggested,1,
mercurium,la,mercurius,suggested,1,
merebant,la,mereo,suggested,1,
merebantur,la,mereo,suggested,1,
merebatur,la,mereor,suggested,1,
merendas,la,mereo,suggested,1,
merguntur,la,mergo,suggested,1,
meridiana,la,meridianus,suggested,1,
meridianis,la,meridianus,suggested,1,
merita,la,meritum,suggested,1,
meritae,la,mereo,suggested,1,
meritas,la,mereo,suggested,1,
mersi,la,mergo,suggested,1,
merso,la,mego,suggested,1,
meruerunt,la,mereo,suggested,1,
mesquitae,la,mesquita,suggested,1,
mesquitam,la,mesquita,suggested,1,
messanensis,la,messanensis,suggested,1,
messer,la,messer,suggested,1,
messias,la,Messias,suggested,1,
messio,la,messio,suggested,1,
messores,la,messor,suggested,1,
mestre,la,mester,suggested,1,
met,la,met,suggested,1,
metello,la,Metellus,suggested,1,
metendi,la,meto,suggested,1,
methelopolitano,la,methelopolitanus,suggested,1,
methelopolitanus,la,Methelopolitanus,suggested,1,
meticulosi,la,meticulosus,suggested,1,
meticulosus,la,meticulosus,suggested,1,
metienda,la,metio,suggested,1,
metro,la,metrum,suggested,1,
metropolitanae,la,metropolitanus,suggested,1,
metropolitanam,la,metropolitanus,suggested,1,
metuebat,la,metuo,suggested,1,
metuentes,la,metuo,suggested,1,
metuere,la,metuo,suggested,1,
metumque,la,metumqus,suggested,1,
metunt,la,meto,suggested,1,
metuque,la,metuque,suggested,1,
metuunt,la,metuo,suggested,1,
mi,es,mi,suggested,1,
miacensi,la,miacensum,suggested,1,
miam,la,mius,suggested,1,
mibus,la,mis,suggested,1,
micael,la,Micael,suggested,1,
micaelem,la,micaeles,suggested,1,
michaele,la,michael,suggested,1,
michaeli,la,Micchael,suggested,1,
michique,la,michiquus,suggested,1,
miciski,la,MICISKI,suggested,1,
mictendi,la,micto,suggested,1,
miferae,la,mifer,suggested,1,
migranti,la,migro,suggested,1,
migrare,la,migro,suggested,1,
migrassemus,la,migro,suggested,1,
migratione,la,migratio,suggested,1,
migravimus,la,migro,suggested,1,
miguel,es,Miguel,suggested,1,
mil,la,mil,suggested,1,
milán,la,Milán,suggested,1,
milessimo,la,milessimus,suggested,1,
miliaria,la,miliaris,suggested,1,
milit,la,milio,suggested,1,
militabant,la,milito,suggested,1,
militantis,la,milito,suggested,1,
militares,la,militaris,suggested,1,
militari,la,militaris,suggested,1,
militaria,la,militaris,suggested,1,
militeque,la,militeque,suggested,1,
militi,la,miles,suggested,1,
militiam,la,militia,suggested,1,
millesimi,la,millesimus,suggested,1,
milliare,la,milliare,suggested,1,
milliaria,la,milliarius,suggested,1,
millionem,la,millio,suggested,1,
mimarios,la,mimarius,suggested,1,
mimazacam,la,mimazacus,suggested,1,
mina,la,mina,suggested,1,
minantia,la,mino,suggested,1,
minantibusque,la,minanto,suggested,1,
minantur,la,mino,suggested,1,
minatur,la,minor,suggested,1,
minatus,la,minor,suggested,1,
minentiis,la,minentia,suggested,1,
minim,la,minim,suggested,1,
minimae,la,paruus,suggested,1,
minimas,la,minimus,suggested,1,
mininime,la,mininime,suggested,1,
minis,la,minae,suggested,1,
ministeriorum,la,ministerium,suggested,1,
ministerios,es,ministerio,suggested,1,
ministrae,la,minister,suggested,1,
ministranda,la,ministro,suggested,1,
ministrando,la,ministro,suggested,1,
ministrante,la,ministro,suggested,1,
ministrationem,la,ministratio,suggested,1,
ministravit,la,ministro,suggested,1,
ministrisque,la,ministrisqus,suggested,1,
minitabatur,la,minito,suggested,1,
minitantia,la,minito,suggested,1,
minitantibus,la,minito,suggested,1,
minitatur,la,minitor,suggested,1,
minoan,la,minoi,suggested,1,
minora,la,paruus,suggested,1,
minorita,la,minoritus,suggested,1,
minuatur,la,minuo,suggested,1,
minuere,la,minuo,suggested,1,
minuerent,la,minuo,suggested,1,
minui,la,minuo,suggested,1,
minuitur,la,minuo,suggested,1,
minusve,la,minusve,suggested,1,
minutissimas,la,minutus,suggested,1,
mirabatur,la,miror,suggested,1,
mirabili,la,mirabilis,suggested,1,
mirabilia,la,mirabilis,suggested,1,
mirabilis,la,mirabilis,suggested,1,
miracula,la,miraculum,suggested,1,
miraculi,la,miraculum,suggested,1,
miraculo,la,miraculum,suggested,1,
miraculorum,la,miraculum,suggested,1,
miraculose,la,miraculose,suggested,1,
miraculum,la,miraculum,suggested,1,
miramur,la,miror,suggested,1,
mirandum,la,miror,suggested,1,
miraris,la,miror,suggested,1,
miratus,la,miror,suggested,1,
mirè,la,mirè,suggested,1,
mirifica,la,mirificus,suggested,1,
mirificè,la,mirificè,suggested,1,
mirifico,la,mirificus,suggested,1,
miron,la,miron,suggested,1,
mirus,la,mirus,suggested,1,
miscebantur,la,misceo,suggested,1,
misceretur,la,misceo,suggested,1,
misera,la,miser,suggested,1,
miserabilem,la,miserabilis,suggested,1,
miserabili,la,miserabilis,suggested,1,
miserabilis,la,miserabilis,suggested,1,
miseramus,la,misetto,suggested,1,
miserandam,la,miserandus,suggested,1,
miserant,la,mitto,suggested,1,
miserante,la,miseror,suggested,1,
miserat,la,mitto,suggested,1,
misereaturque,la,misereaturque,suggested,1,
miseriis,la,miseria,suggested,1,
miserimis,la,miserimus,suggested,1,
misero,la,miser,suggested,1,
miserrima,la,miser,suggested,1,
miserrime,la,miser,suggested,1,
miserti,la,misertus,suggested,1,
miserum,la,miser,suggested,1,
misissem,la,mitto,suggested,1,
misma,es,mismo,suggested,1,
missale,la,missalis,suggested,1,
missionario,la,missionarius,suggested,1,
missionibnus,la,missionibnus,suggested,1,
missique,la,missique,suggested,1,
missorum,la,mitto,suggested,1,
misteriorum,la,misterium,suggested,1,
mistitii,la,mistitis,suggested,1,
mit,la,mit,suggested,1,
mitesceret,la,mitesco,suggested,1,
mitiam,la,mitia,suggested,1,
mitigata,la,mitigo,suggested,1,
mitigatus,la,mitigo,suggested,1,
mitiores,la,mitus,suggested,1,
mittant,la,mitto,suggested,1,
mittas,la,mitto,suggested,1,
mitte,la,mitto,suggested,1,
mittebantur,la,mitto,suggested,1,
mittendae,la,mitto,suggested,1,
mittendas,la,mitto,suggested,1,
mittendi,la,mitto,suggested,1,
mittendos,la,mitto,suggested,1,
mittendus,la,mitto,suggested,1,
mittens,la,mitto,suggested,1,
mitteretis,la,mitto,suggested,1,
mittetis,la,mitto,suggested,1,
mittetur,la,mitto,suggested,1,
mitti,la,mitto,suggested,1,
mittimus,la,mitto,suggested,1,
mixta,la,misceo,suggested,1,
mixtim,la,mixtim,suggested,1,
moan,la,moan,suggested,1,
mobiles,la,mobilis,suggested,1,
moçambicum,la,moçambicus,suggested,1,
moços,pt,moço,suggested,1,
modari,la,modo,suggested,1,
mode,la,modus,suggested,1,
moderantibus,la,moderor,suggested,1,
moderantur,la,modero,suggested,1,
moderari,la,moderor,suggested,1,
moderata,la,modero,suggested,1,
moderatio,la,moderatio,suggested,1,
moderatione,la,moderatio,suggested,1,
moderator,la,moderator,suggested,1,
moderatore,la,moderator,suggested,1,
moderatores,la,moderator,suggested,1,
moderatum,la,modero,suggested,1,
modestus,la,modestus,suggested,1,
modi,la,modus,suggested,1,
modiale,la,modialis,suggested,1,
modico,la,modicus,suggested,1,
modicos,la,modicus,suggested,1,
modoque,la,modoque,suggested,1,
modos,la,modus,suggested,1,
modosq,la,modosq,suggested,1,
modumque,la,modumque,suggested,1,
moerentes,la,moero,suggested,1,
moesiam,la,moesia,suggested,1,
moestissimum,la,moestus,suggested,1,
mogorem,la,mogor,suggested,1,
mole,la,mol,suggested,1,
moles,la,moles,suggested,1,
molestiae,la,molestia,suggested,1,
molestiarum,la,molestia,suggested,1,
molestiisque,la,molestiisque,suggested,1,
molestissima,la,molestus,suggested,1,
molestum,la,molestus,suggested,1,
molestus,la,molestus,suggested,1,
moliantur,la,molio,suggested,1,
moliebantur,la,molio,suggested,1,
molientur,la,molior,suggested,1,
molina,la,molina,suggested,1,
moliretur,la,molior,suggested,1,
molitiones,la,molitio,suggested,1,
molitor,la,molitor,suggested,1,
molituros,la,molio,suggested,1,
moliturus,la,molior,suggested,1,
mollivi,la,mollio,suggested,1,
moltitudine,la,moltitudo,suggested,1,
molucum,la,molucus,suggested,1,
mom,la,mom,suggested,1,
momentaneae,la,momentaneus,suggested,1,
monasterium,la,monasterium,suggested,1,
moneant,la,moneo,suggested,1,
monebamur,la,moneo,suggested,1,
monebat,la,moneo,suggested,1,
monendo,la,moneo,suggested,1,
monendum,la,moneo,suggested,1,
monens,la,moneo,suggested,1,
monent,la,moneo,suggested,1,
moneo,la,moneo,suggested,1,
monere,la,moneo,suggested,1,
monita,la,monitus,suggested,1,
monitaque,la,monitaque,suggested,1,
moniti,la,moneo,suggested,1,
monitionem,la,monitio,suggested,1,
monitis,la,moneo,suggested,1,
mons,la,mons,suggested,1,
monstrabat,la,monstro,suggested,1,
monstrantibus,la,monstro,suggested,1,
monstratis,la,monstro,suggested,1,
monstris,la,monstrum,suggested,1,
monstrum,la,monstrum,suggested,1,
montani,la,montanus,suggested,1,
montefuscoli,la,montefuscolus,suggested,1,
montefusculus,la,montefusculus,suggested,1,
monterus,la,monterus,suggested,1,
monti,la,mons,suggested,1,
monticulo,la,monticulus,suggested,1,
montis,la,mons,suggested,1,
monuerat,la,moneo,suggested,1,
monuerunt,la,moneo,suggested,1,
monuitq,la,monuo,suggested,1,
monumenta,la,monumentum,suggested,1,
morabamur,la,moror,suggested,1,
morae,la,mora,suggested,1,
moralesq,la,moralesqs,suggested,1,
moralibus,la,moralis,suggested,1,
moraliter,la,moraliter,suggested,1,
moramur,la,moror,suggested,1,
morarentur,la,moror,suggested,1,
moraretur,la,moror,suggested,1,
moratus,la,moratus,suggested,1,
moravorum,la,moravus,suggested,1,
morbis,la,morbus,suggested,1,
morbum,la,morbus,suggested,1,
morbus,la,morbus,suggested,1,
morduanos,la,morduanus,suggested,1,
morelli,la,Morellus,suggested,1,
morera,la,Morera,suggested,1,
morerer,la,moror,suggested,1,
moreretur,la,morior,suggested,1,
moriebantur,la,morior,suggested,1,
moriente,la,morior,suggested,1,
morindon,la,Morindon,suggested,1,
morindonis,la,morindo,suggested,1,
moriturum,la,morior,suggested,1,
moro,la,morus,suggested,1,
morosam,la,morosus,suggested,1,
morsu,la,morsus,suggested,1,
morsum,la,morsus,suggested,1,
mortale,la,mortalis,suggested,1,
mortemne,la,mortemnis,suggested,1,
mortifera,la,mortifer,suggested,1,
mortificamur,la,mortifico,suggested,1,
mortuosque,la,mortuosque,suggested,1,
mortuum,la,morior,suggested,1,
moscheta,la,moscheta,suggested,1,
moscoviae,la,moscovia,suggested,1,
mosis,la,mosis,suggested,1,
motam,la,moueo,suggested,1,
moti,la,moueo,suggested,1,
motina,la,motinus,suggested,1,
motio,la,motio,suggested,1,
motione,la,motio,suggested,1,
motum,la,moueo,suggested,1,
moturi,la,mor,suggested,1,
moturos,la,moveo,suggested,1,
moturum,la,moveo,suggested,1,
mouemor,la,moueo,suggested,1,
mouere,la,moueo,suggested,1,
moueri,la,moueo,suggested,1,
mouet,la,moueo,suggested,1,
moveantur,la,moveo,suggested,1,
moveat,la,moveo,suggested,1,
movebat,la,moveo,suggested,1,
movent,la,moveo,suggested,1,
moverent,la,moveo,suggested,1,
moveret,la,moueo,suggested,1,
moveretur,la,moueo,suggested,1,
moverunt,la,moveo,suggested,1,
moves,la,moveo,suggested,1,
movisse,la,moveo,suggested,1,
movissent,la,moeo,suggested,1,
moxque,la,moxque,suggested,1,
moyse,la,moyses,suggested,1,
moysen,la,moyses,suggested,1,
moyses,la,Moyses,suggested,1,
mozambicho,la,mozambichus,suggested,1,
mu,la,mu,suggested,1,
muchos,es,mucho,suggested,1,
mucrone,la,mucro,suggested,1,
mucronem,la,mucro,suggested,1,
mui,pt,ser,suggested,1,
mul,la,mul,suggested,1,
mulctare,la,mulcto,suggested,1,
mulctarentur,la,mulcto,suggested,1,
mulctari,la,mulcto,suggested,1,
mulctat,la,mulcto,suggested,1,
mulctatis,la,mulcto,suggested,1,
mulctentur,la,mulcto,suggested,1,
mulieris,la,mulier,suggested,1,
multarentur,la,multo,suggested,1,
multari,la,multo,suggested,1,
multasque,la,multas,suggested,1,
multatus,la,multo,suggested,1,
multe,la,multe,suggested,1,
multim,la,multim,suggested,1,
multique,la,multique,suggested,1,
multitudini,la,multitudo,suggested,1,
multitudinis,la,multitudo,suggested,1,
multò,la,multò,suggested,1,
multorumque,la,multorumque,suggested,1,
multosq,la,multosq,suggested,1,
multoties,la,multoties,suggested,1,
multus,la,multus,suggested,1,
mundae,la,mundus,suggested,1,
mundissima,la,mundus,suggested,1,
munditia,la,munditia,suggested,1,
munditiam,la,munditia,suggested,1,
munditiem,la,mundities,suggested,1,
mundoque,la,mundoque,suggested,1,
mundumque,la,mundumqus,suggested,1,
munerandis,la,munero,suggested,1,
munerari,la,munero,suggested,1,
mungeo,la,mungeo,suggested,1,
muniendis,la,munio,suggested,1,
munientes,la,munio,suggested,1,
munierat,la,munio,suggested,1,
munifica,la,munificus,suggested,1,
munifice,la,munifice,suggested,1,
munificentia,la,munificentia,suggested,1,
munificum,la,munificus,suggested,1,
muniisset,la,munio,suggested,1,
munimentis,la,munimentum,suggested,1,
munita,la,munio,suggested,1,
munitas,la,munio,suggested,1,
munitiones,la,munitio,suggested,1,
munitiora,la,munitus,suggested,1,
munitiorem,la,munitus,suggested,1,
munitissima,la,munitus,suggested,1,
muniuntur,la,munio,suggested,1,
munivit,la,munio,suggested,1,
munuscula,la,munusculum,suggested,1,
muris,la,murus,suggested,1,
murmure,la,murmur,suggested,1,
mus,la,mus,suggested,1,
musae,la,musa,suggested,1,
musicae,la,musicus,suggested,1,
muta,la,mutus,suggested,1,
mutabilia,la,mutabilis,suggested,1,
mutabilis,la,mutabilis,suggested,1,
mutandae,la,muto,suggested,1,
mutandis,la,muto,suggested,1,
mutando,la,muto,suggested,1,
mutarent,la,muto,suggested,1,
mutarentur,la,muto,suggested,1,
mutarunt,la,muto,suggested,1,
mutatae,la,muto,suggested,1,
mutatam,la,muto,suggested,1,
mutationis,la,mutatio,suggested,1,
mutatis,la,muto,suggested,1,
mutii,la,mutius,suggested,1,
mutilare,la,mutilo,suggested,1,
mutina,la,mutina,suggested,1,
mutium,la,mutius,suggested,1,
mutuae,la,mutuus,suggested,1,
mutuandi,la,mutuo,suggested,1,
mutuique,la,mutuus,suggested,1,
mutuos,la,mutuus,suggested,1,
mututurus,la,mutuo,suggested,1,
mysetria,la,mysetria,suggested,1,
mystacibus,la,mystax,suggested,1,
mysterijs,la,mysterium,suggested,1,
mysterio,la,mysterium,suggested,1,
mystica,la,mysticus,suggested,1,
mystice,la,mystice,suggested,1,
na,la,na,suggested,1,
nacazucauam,la,nacazucauus,suggested,1,
nactus,la,nanciscor,suggested,1,
nae,la,nae,suggested,1,
nagansachanus,la,nagansachanus,suggested,1,
nagapatensis,la,nagapatensis,suggested,1,
nagasaquensi,la,nagasaquensum,suggested,1,
nagasaquensis,la,nagasaquensis,suggested,1,
nagasaqui,la,nagasaquus,suggested,1,
nagasaquio,la,Nagasaquius,suggested,1,
nagàto,la,nagàtus,suggested,1,
naïssus,la,Naïssus,suggested,1,
nan,la,nan,suggested,1,
nanchan,la,nanchan,suggested,1,
nangaioca,la,nangaiocus,suggested,1,
nangaiocae,la,nangaiocus,suggested,1,
nangasa,la,nangasa,suggested,1,
nangasachani,la,nangasachanes,suggested,1,
nangasachensium,la,Nangasachenses,suggested,1,
nangasachi,la,Nangasachus,suggested,1,
nangasaqui,la,nangasaquus,suggested,1,
nangauoca,la,nangauoca,suggested,1,
nangazaqui,la,nangazaqui,suggested,1,
nanhiung,la,Nanhiung,suggested,1,
nanque,la,namque,suggested,1,
nao,pt,Nao,suggested,1,
narra,la,narro,suggested,1,
narrabat,la,narro,suggested,1,
narrant,la,narro,suggested,1,
narrantem,la,narro,suggested,1,
narrati,la,narro,suggested,1,
narratione,la,narratio,suggested,1,
narrationem,la,narratio,suggested,1,
narrationis,la,narratio,suggested,1,
narrationum,la,narratio,suggested,1,
narratur,la,narro,suggested,1,
narraturus,la,narro,suggested,1,
narremus,la,narro,suggested,1,
narro,la,narro,suggested,1,
nascentium,la,nascor,suggested,1,
nasum,la,nasus,suggested,1,
nata,la,nascor,suggested,1,
natam,la,nascor,suggested,1,
nationis,la,natio,suggested,1,
nationum,la,natio,suggested,1,
nativam,la,nativus,suggested,1,
nativus,la,nativus,suggested,1,
natorum,la,natus,suggested,1,
natos,la,nascor,suggested,1,
natum,la,nascor,suggested,1,
naturalae,la,naturalus,suggested,1,
naturales,la,naturalis,suggested,1,
naturalibus,la,naturalis,suggested,1,
naturalis,la,naturalis,suggested,1,
naturas,la,natura,suggested,1,
nauem,la,nauis,suggested,1,
naues,la,nauis,suggested,1,
naufraga,la,naufraga,suggested,1,
nautas,la,nauta,suggested,1,
nautis,la,nauta,suggested,1,
navabat,la,navo,suggested,1,
navaes,la,navais,suggested,1,
navais,la,Navai,suggested,1,
navantem,la,navo,suggested,1,
navarro,la,navarer,suggested,1,
navata,la,navo,suggested,1,
navaturos,la,navo,suggested,1,
navegationem,la,navegatio,suggested,1,
navent,la,naveo,suggested,1,
naviculis,la,naviculus,suggested,1,
navigabilem,la,navigabilis,suggested,1,
navigabiles,la,navigabilis,suggested,1,
navigandum,la,navigo,suggested,1,
navigantes,la,navigo,suggested,1,
navigare,it,navigare,suggested,1,
navigarent,la,navigo,suggested,1,
navigationes,la,navigatio,suggested,1,
navigationi,la,navigatio,suggested,1,
navigaturum,la,navigo,suggested,1,
navigiorum,la,navigium,suggested,1,
navigium,la,navigium,suggested,1,
naymanorum,la,naymanus,suggested,1,
neapolitana,la,Neapolitanus,suggested,1,
necabantur,la,neco,suggested,1,
necantur,la,neco,suggested,1,
necare,la,neco,suggested,1,
necaretur,la,neco,suggested,1,
necati,la,neco,suggested,1,
necatis,la,neco,suggested,1,
necaturus,la,neco,suggested,1,
necavit,la,neco,suggested,1,
neccessarios,la,neccessarius,suggested,1,
neccesse,la,neccesse,suggested,1,
neccessitas,la,neccessitas,suggested,1,
neccessitatis,la,neccessitas,suggested,1,
nece,la,nece,suggested,1,
necess,la,necess,suggested,1,
necessa,la,necessus,suggested,1,
necessariaque,la,necessariaquus,suggested,1,
necessariarum,la,necessarius,suggested,1,
necessariȩ,la,necessariȩ,suggested,1,
necessariissimum,la,necessarius,suggested,1,
necessarijs,la,necessarius,suggested,1,
necessariorum,la,necessarius,suggested,1,
necessarius,la,necessarius,suggested,1,
necessitatis,la,necessitas,suggested,1,
necessitudo,la,necessitudo,suggested,1,
necessum,la,necessus,suggested,1,
neci,la,nex,suggested,1,
nectit,la,necto,suggested,1,
nefandam,la,nefandus,suggested,1,
nefandissimam,la,nefandus,suggested,1,
nefariae,la,nefarius,suggested,1,
nefarie,la,nefarius,suggested,1,
nefariis,la,nefarius,suggested,1,
nefario,la,nefarius,suggested,1,
nefarium,la,nefarius,suggested,1,
nefarius,la,nefarius,suggested,1,
negando,la,nego,suggested,1,
negarunt,la,nego,suggested,1,
negationis,la,negatio,suggested,1,
negativum,la,negativus,suggested,1,
negavi,la,nego,suggested,1,
negavissem,la,nego,suggested,1,
negavit,la,nego,suggested,1,
neget,la,nego,suggested,1,
neglecta,la,neglego,suggested,1,
neglexerint,la,neglego,suggested,1,
neglexerunt,la,neglego,suggested,1,
neglexi,la,neglego,suggested,1,
negligant,la,negligo,suggested,1,
negligebat,la,neglego,suggested,1,
negligenda,la,negligo,suggested,1,
negligentes,la,neglego,suggested,1,
negligit,la,neglego,suggested,1,
negociationibus,la,negociatio,suggested,1,
negociis,la,negocius,suggested,1,
negocium,la,negocium,suggested,1,
negoti,la,negotium,suggested,1,
negotiationum,la,negotiatio,suggested,1,
negotiatores,la,negotiator,suggested,1,
negotij,la,negotium,suggested,1,
negotijs,la,negotijs,suggested,1,
negotiorum,la,negotium,suggested,1,
nemore,la,nemus,suggested,1,
neo,la,neo,suggested,1,
neophitorumad,la,neophitoru,suggested,1,
neophitos,la,neophitus,suggested,1,
neophitus,la,neophitus,suggested,1,
neophyto,la,neophytus,suggested,1,
nepere,la,Nepere,suggested,1,
nepotem,la,nepos,suggested,1,
neptunum,la,neptunus,suggested,1,
nequeam,la,nequeo,suggested,1,
nequis,la,nequis,suggested,1,
nequissimi,la,nequus,suggested,1,
nequissimus,la,nequus,suggested,1,
nequit,la,nequeo,suggested,1,
nequitia,la,nequitia,suggested,1,
nequitiam,la,nequitia,suggested,1,
nequiverit,la,nequisco,suggested,1,
nero,la,nero,suggested,1,
nerui,la,neruus,suggested,1,
nervos,la,nervus,suggested,1,
nesciat,la,nescio,suggested,1,
nesciebam,la,nescio,suggested,1,
nesciens,la,nescio,suggested,1,
nescis,la,nescis,suggested,1,
nescivi,la,nescio,suggested,1,
nestorianam,la,nestorianus,suggested,1,
nestorianis,la,nestorianus,suggested,1,
nestorianos,la,nestorianus,suggested,1,
nestorii,la,nestorius,suggested,1,
nestorini,la,nestorinus,suggested,1,
neutiquam,la,neutiquus,suggested,1,
neutrales,la,neutralis,suggested,1,
neve,la,neve,suggested,1,
nexu,la,nexus,suggested,1,
nibus,la,nis,suggested,1,
nicaeam,la,nicaeus,suggested,1,
nicas,la,nica,suggested,1,
niceae,la,niceus,suggested,1,
nichil,la,nihil,suggested,1,
nicolae,la,nicola,suggested,1,
nicolai,la,nicola,suggested,1,
nicolao,la,nicolao,suggested,1,
nicolaum,la,nicolaus,suggested,1,
nicomedia,la,Nicomedius,suggested,1,
nicomediam,la,Nicomedia,suggested,1,
nicopolis,la,nicopolus,suggested,1,
niger,la,niger,suggested,1,
nigris,la,niger,suggested,1,
nihili,la,nihil,suggested,1,
nihilò,la,nihil,suggested,1,
nii,la,nii,suggested,1,
nili,la,nilius,suggested,1,
nimio,la,nimius,suggested,1,
nimir,la,nimir,suggested,1,
nimium,la,nimium,suggested,1,
nimpo,la,nimpus,suggested,1,
ningyuensium,la,ningyuensis,suggested,1,
nioribus,la,nior,suggested,1,
niscimangobioio,la,niscimangobioius,suggested,1,
nisibis,la,Nisibi,suggested,1,
nitate,la,nitas,suggested,1,
nitatem,la,nitas,suggested,1,
nitebantur,la,nitor,suggested,1,
nitebatur,la,nitor,suggested,1,
nitendi,la,nitor,suggested,1,
niteretur,la,nitor,suggested,1,
nitidioris,la,nitidus,suggested,1,
nitidius,la,nitide,suggested,1,
nitore,la,nitor,suggested,1,
nitorem,la,nitor,suggested,1,
nixo,la,nixo,suggested,1,
no,it,no,suggested,1,
nobi,la,nobi,suggested,1,
nobile,la,nobilis,suggested,1,
nobili,la,nobilis,suggested,1,
nobilibus,la,nobilis,suggested,1,
nobiliora,la,nobilis,suggested,1,
nobiliorem,la,nobilis,suggested,1,
nobilitatis,la,nobilitas,suggested,1,
nobrega,la,Nobrega,suggested,1,
nóbrega,la,nóbrex,suggested,1,
nobunagae,la,nobunagus,suggested,1,
nobunangae,la,nobunangus,suggested,1,
nociva,la,nocivus,suggested,1,
nocivas,la,nocivus,suggested,1,
noctibusque,la,noctibusque,suggested,1,
nocturnas,la,nocturnus,suggested,1,
nocumentum,la,nocumentum,suggested,1,
nodo,la,nodus,suggested,1,
nodos,la,nodus,suggested,1,
noftro,la,nofter,suggested,1,
nogheira,la,nogheirus,suggested,1,
nogueira,la,nogueirus,suggested,1,
nolebamus,la,nolo,suggested,1,
nolebant,la,nolo,suggested,1,
nolebat,la,nolo,suggested,1,
nolens,la,nolo,suggested,1,
nolentes,la,nolo,suggested,1,
noli,la,nolus,suggested,1,
nolis,la,nolo,suggested,1,
nollem,la,nolo,suggested,1,
noluerit,la,nolo,suggested,1,
nolui,la,nolo,suggested,1,
noluissent,la,noo,suggested,1,
nomenque,la,nomenque,suggested,1,
nominamus,la,nomino,suggested,1,
nominans,la,nomino,suggested,1,
nominata,la,nomino,suggested,1,
nominatum,la,nomino,suggested,1,
nomini,la,nomen,suggested,1,
nominum,la,nomen,suggested,1,
non,it,non,suggested,1,
nonagessimum,la,nonagessimus,suggested,1,
nongenta,la,nongenti,suggested,1,
nonne,la,nonne,suggested,1,
nonnullas,la,nonnullus,suggested,1,
nonnullosque,la,nonnullosquus,suggested,1,
nonnullum,la,nonnullus,suggested,1,
nonque,la,nonque,suggested,1,
nôrant,la,nôro,suggested,1,
norat,la,noro,suggested,1,
norica,la,noricus,suggested,1,
noricum,la,noricus,suggested,1,
norit,la,nosco,suggested,1,
norogna,la,norognus,suggested,1,
norte,la,nors,suggested,1,
norum,la,is,suggested,1,
nosocomio,la,nosocomium,suggested,1,
nosque,la,nosque,suggested,1,
nosses,la,nosco,suggested,1,
nosti,la,nosco,suggested,1,
nostrâ,la,noster,suggested,1,
nostramq,la,noser,suggested,1,
nostrates,la,nostrates,suggested,1,
nostre,la,noster,suggested,1,
nostriq,la,noster,suggested,1,
nostrisque,la,nostrisque,suggested,1,
nostróque,la,nostróque,suggested,1,
nostrûm,la,noster,suggested,1,
nostrūum,la,nostrer,suggested,1,
not,la,not,suggested,1,
notabilem,la,notabilis,suggested,1,
notae,la,notus,suggested,1,
notandis,la,noto,suggested,1,
notarent,la,noto,suggested,1,
notario,la,notarius,suggested,1,
notat,la,noto,suggested,1,
notata,la,noto,suggested,1,
notaveramque,la,Notaveramques,suggested,1,
notavi,la,noto,suggested,1,
notetur,la,notor,suggested,1,
noti,la,notus,suggested,1,
notificasset,la,notifico,suggested,1,
notificat,la,notifico,suggested,1,
notificatam,la,notifico,suggested,1,
notificatimi,la,notificatimis,suggested,1,
notificationem,la,notificatio,suggested,1,
notificationi,la,notificatio,suggested,1,
notificationis,la,notificatio,suggested,1,
notior,la,notus,suggested,1,
notioribus,la,notus,suggested,1,
notis,la,nosco,suggested,1,
notissima,la,notus,suggested,1,
notissimus,la,notus,suggested,1,
noto,la,nosco,suggested,1,
notorium,la,notorius,suggested,1,
nouae,la,nouus,suggested,1,
nouerant,la,nosco,suggested,1,
nouimus,la,nosco,suggested,1,
nouo,la,nouus,suggested,1,
nov,la,nov,suggested,1,
novella,la,novellus,suggested,1,
novellaeque,la,novellaequus,suggested,1,
novellam,la,novellus,suggested,1,
novelli,la,novellus,suggested,1,
noverant,la,nosco,suggested,1,
noveritis,la,nosco,suggested,1,
novimus,la,nosco,suggested,1,
novique,la,novique,suggested,1,
novisset,la,nosco,suggested,1,
novissime,la,novissime,suggested,1,
novissimis,la,novissimus,suggested,1,
novissimo,la,novissimus,suggested,1,
novitate,la,novitas,suggested,1,
novitatibus,la,novitas,suggested,1,
novitiatus,la,novitior,suggested,1,
noxa,la,nox,suggested,1,
noxii,la,noxius,suggested,1,
ntia,la,ntia,suggested,1,
nubes,la,nubes,suggested,1,
nubilem,la,nubilis,suggested,1,
nudata,la,nudo,suggested,1,
nudatum,la,nudo,suggested,1,
nudi,la,nudus,suggested,1,
nudisque,la,nudisque,suggested,1,
nudo,la,nudus,suggested,1,
nudos,la,nudus,suggested,1,
nuevo,es,nuevo,suggested,1,
nugueira,la,nugueirus,suggested,1,
null,la,null,suggested,1,
nullitate,la,nullitas,suggested,1,
nulloque,la,nulloque,suggested,1,
nullosque,la,nullosque,suggested,1,
nullusque,la,nullusque,suggested,1,
nume,la,nume,suggested,1,
numerabamus,la,numero,suggested,1,
numeran,la,numero,suggested,1,
numerant,la,numero,suggested,1,
numerâsse,la,numero,suggested,1,
numerati,la,numero,suggested,1,
numerato,la,numero,suggested,1,
numeratur,la,numero,suggested,1,
numeratus,la,numero,suggested,1,
numeraverint,la,numero,suggested,1,
numerem,la,numero,suggested,1,
numeremus,la,numero,suggested,1,
numeres,la,numero,suggested,1,
numeretur,la,numero,suggested,1,
numeros,la,numerus,suggested,1,
numerosae,la,numerosus,suggested,1,
numerositate,la,numerositas,suggested,1,
numeroso,la,numerosus,suggested,1,
numidia,la,Numidius,suggested,1,
numine,la,numen,suggested,1,
numinibus,la,numen,suggested,1,
numismata,la,numismatum,suggested,1,
nummatos,la,nummo,suggested,1,
nummis,la,numma,suggested,1,
nunciaretur,la,nuncio,suggested,1,
nunciari,la,nuncio,suggested,1,
nunciatum,la,nuncio,suggested,1,
nunciaturum,la,nuncio,suggested,1,
nunciorum,la,nuncius,suggested,1,
nuncupabo,la,nuncupo,suggested,1,
nuncupant,la,nuncupo,suggested,1,
nuncupantur,la,nuncupo,suggested,1,
nuncupari,la,nuncupo,suggested,1,
nuncuparunt,la,nuncuparunt,suggested,1,
nuncupati,la,nuncupo,suggested,1,
nunius,la,nunus,suggested,1,
nunqu,la,nunqu,suggested,1,
nuntiabant,la,nuntio,suggested,1,
nuntii,la,nuntius,suggested,1,
nuntio,la,nuntio,suggested,1,
nuntiorum,la,nuntius,suggested,1,
nuptiali,la,nuptialis,suggested,1,
nutriendum,la,nutrio,suggested,1,
nutum,la,nutus,suggested,1,
o,la,o,suggested,1,
oannes,la,oannes,suggested,1,
oaranum,la,oaranus,suggested,1,
oarense,la,oarensis,suggested,1,
obambularet,la,obambulo,suggested,1,
obducitur,la,obduco,suggested,1,
obductus,la,obduco,suggested,1,
obduxerat,la,obduco,suggested,1,
obeas,la,obeo,suggested,1,
obediamus,la,obedio,suggested,1,
obediant,la,obedio,suggested,1,
obedient,la,obedio,suggested,1,
obedientem,la,obedio,suggested,1,
obedienti,la,obedio,suggested,1,
obedientias,la,oboedientia,suggested,1,
obedierit,la,obedeo,suggested,1,
obediturum,la,obedio,suggested,1,
obequitans,la,obequito,suggested,1,
obesse,la,obsum,suggested,1,
obeunda,la,obeo,suggested,1,
obeundam,la,obeo,suggested,1,
obeundis,la,obeo,suggested,1,
obeundo,la,obeo,suggested,1,
obfirmavit,la,obfirmo,suggested,1,
obfuit,la,obsum,suggested,1,
obiargatorem,la,obiargator,suggested,1,
obibant,la,obeo,suggested,1,
obices,la,obicis,suggested,1,
obiecit,la,obicio,suggested,1,
obiecta,la,obiectum,suggested,1,
obierit,la,obeo,suggested,1,
obierunt,la,obeo,suggested,1,
obiicere,la,obicio,suggested,1,
obiiceret,la,obiicio,suggested,1,
obijcient,la,obijcio,suggested,1,
obimus,la,obi,suggested,1,
obirent,la,obeo,suggested,1,
obispados,es,obispado,suggested,1,
obita,la,obeo,suggested,1,
obiter,la,obiter,suggested,1,
obitu,la,obitus,suggested,1,
obitus,la,obitus,suggested,1,
obiurgatione,la,obiurgatio,suggested,1,
oblatàque,la,oblatàque,suggested,1,
oblatis,la,obfero,suggested,1,
oblecationes,la,oblecatio,suggested,1,
oblectamenta,la,oblectamentum,suggested,1,
oblectantur,la,oblecto,suggested,1,
obligamusque,la,obligo,suggested,1,
obligandi,la,obligo,suggested,1,
obligant,la,obligo,suggested,1,
obligarent,la,obligo,suggested,1,
obligarunt,la,obligo,suggested,1,
obligatio,la,obligatio,suggested,1,
obligationes,la,obligatio,suggested,1,
obligationis,la,obligatio,suggested,1,
obligatos,la,obligo,suggested,1,
obligavit,la,obligo,suggested,1,
obliviscar,la,obliviscor,suggested,1,
obliviscens,la,obliviscor,suggested,1,
oblonga,la,oblongus,suggested,1,
oblongis,la,oblongus,suggested,1,
oblungae,la,oblungo,suggested,1,
obmutuit,la,obmutesco,suggested,1,
obnoxia,la,obnoxius,suggested,1,
obnoxius,la,obnoxius,suggested,1,
obrem,la,obris,suggested,1,
obruerer,la,obruo,suggested,1,
obruor,la,obruor,suggested,1,
obrutae,la,obruo,suggested,1,
obscurabuntur,la,obscuro,suggested,1,
obscure,la,obscure,suggested,1,
obscuris,la,obscurus,suggested,1,
obscurum,la,obscurus,suggested,1,
obsecrabant,la,obsecro,suggested,1,
obsecramus,la,obsecro,suggested,1,
obsecrationes,la,obsecratio,suggested,1,
obsecrationibus,la,obsecratio,suggested,1,
obsecundant,la,obsecundo,suggested,1,
obsecundare,la,obsecundo,suggested,1,
obsecundat,la,obsecundo,suggested,1,
obsecundaturos,la,obsecundo,suggested,1,
obsederant,la,obsido,suggested,1,
obsequamur,la,obsequor,suggested,1,
obsequantur,la,obsequor,suggested,1,
obsequendi,la,obsequor,suggested,1,
obsequendum,la,obsequor,suggested,1,
obsequentem,la,obsequor,suggested,1,
obsequentissimus,la,obsequens,suggested,1,
obsequerentur,la,obsequor,suggested,1,
obsequii,la,obsequium,suggested,1,
obsequiis,la,obsequium,suggested,1,
obser,la,obser,suggested,1,
obseratum,la,obsero,suggested,1,
obseruandam,la,obseruo,suggested,1,
obseruantia,la,obseruantia,suggested,1,
obseruantiam,la,obseruantia,suggested,1,
obseruantibus,la,obseruo,suggested,1,
obseruantissimus,la,obseruantus,suggested,1,
obseruaretur,la,obseruo,suggested,1,
obseruatione,la,obseruatio,suggested,1,
obseruationem,la,obseruatio,suggested,1,
obseruatis,la,obseruo,suggested,1,
obseruatu,la,obseruo,suggested,1,
obseruent,la,obseruo,suggested,1,
obseruentur,la,obseruo,suggested,1,
observancia,es,Observancia,suggested,1,
observanda,la,observo,suggested,1,
observandas,la,observo,suggested,1,
observandis,la,observo,suggested,1,
observando,la,observo,suggested,1,
observantiae,la,observantia,suggested,1,
observantie,la,observantia,suggested,1,
observarem,la,observo,suggested,1,
observaremus,la,observo,suggested,1,
observatae,la,observo,suggested,1,
observate,la,observo,suggested,1,
observatione,la,observatio,suggested,1,
observent,la,observeo,suggested,1,
observentur,la,observo,suggested,1,
obside,la,obses,suggested,1,
obsidebat,la,obsideo,suggested,1,
obsidendam,la,obsideo,suggested,1,
obsidendum,la,obsido,suggested,1,
obsiderent,la,obsido,suggested,1,
obsideret,la,obsido,suggested,1,
obsides,la,obses,suggested,1,
obsidet,la,obsideo,suggested,1,
obsistente,la,obsisto,suggested,1,
obsisteret,la,obsisto,suggested,1,
obstantibus,la,obsto,suggested,1,
obstitisse,la,obsto,suggested,1,
obstitissent,la,obsto,suggested,1,
obstitisset,la,obsto,suggested,1,
obstitit,la,obsto,suggested,1,
obstrepit,la,obstrepo,suggested,1,
obstrinxerunt,la,obstringo,suggested,1,
obstupuit,la,obstupeo,suggested,1,
obtemperandi,la,obtempero,suggested,1,
obtemperandum,la,obtempero,suggested,1,
obtemperans,la,obtempero,suggested,1,
obtemperaturum,la,obtempero,suggested,1,
obtemperavisse,la,obtempero,suggested,1,
obtemperet,la,obtempero,suggested,1,
obtempero,la,obtempero,suggested,1,
obtendente,la,obtendo,suggested,1,
obtentarum,la,obtenta,suggested,1,
obtentas,la,obtineo,suggested,1,
obtentis,la,obtineo,suggested,1,
obtenturum,la,obtineo,suggested,1,
obtestans,la,obtesto,suggested,1,
obtestarentur,la,obtestor,suggested,1,
obtestatus,la,obtestor,suggested,1,
obtin,la,obtin,suggested,1,
obtineam,la,obtineus,suggested,1,
obtineatur,la,obtineo,suggested,1,
obtinebit,la,obtineo,suggested,1,
obtinenda,la,obtineo,suggested,1,
obtinendis,la,obtineo,suggested,1,
obtinendo,la,obtineo,suggested,1,
obtinens,la,obtineo,suggested,1,
obtinent,la,obtineo,suggested,1,
obtinente,la,obtineo,suggested,1,
obtinentes,la,obtineo,suggested,1,
obtinerent,la,obtineo,suggested,1,
obtineret,la,obtineo,suggested,1,
obtinuerant,la,obtinueo,suggested,1,
obtinuerat,la,obtineo,suggested,1,
obtinuere,la,obtineo,suggested,1,
obtinuêre,la,obtinuêo,suggested,1,
obtinuerit,la,obtineo,suggested,1,
obtinuimus,la,obtineo,suggested,1,
obtruncant,la,obtrunco,suggested,1,
obtruncat,la,obtrunco,suggested,1,
obtruncati,la,obtrunco,suggested,1,
obtulerant,la,offero,suggested,1,
obtulêre,la,obtulêer,suggested,1,
obtuli,la,offero,suggested,1,
obtulisset,la,offero,suggested,1,
obtundere,la,obtundo,suggested,1,
obuiam,la,obuiam,suggested,1,
obuiantem,la,obuio,suggested,1,
obuiat,la,obuio,suggested,1,
obventiones,la,obventio,suggested,1,
obversa,la,obverto,suggested,1,
obviare,la,obvio,suggested,1,
obvii,la,obvis,suggested,1,
obvolutum,la,obvoluo,suggested,1,
ocasionem,la,ocasio,suggested,1,
ocasiones,la,ocasio,suggested,1,
occalluerint,la,occalluo,suggested,1,
occasiones,la,occasio,suggested,1,
occasionibus,la,occasio,suggested,1,
occasionum,la,occasio,suggested,1,
occeanum,la,occeanus,suggested,1,
occi,la,occio,suggested,1,
occidan,la,occido,suggested,1,
occidat,la,occido,suggested,1,
occidendo,la,occido,suggested,1,
occidendum,la,occido,suggested,1,
occidentali,la,occidentalis,suggested,1,
occidentalibus,la,occidentalis,suggested,1,
occidentaliores,la,occidentalis,suggested,1,
occidentalioribus,la,occidentalis,suggested,1,
occidentalissima,la,occidentalis,suggested,1,
occidentes,la,occido,suggested,1,
occidentium,la,occido,suggested,1,
occiderat,la,occido,suggested,1,
occideret,la,occido,suggested,1,
occiderim,la,occido,suggested,1,
occidunt,la,occido,suggested,1,
occipite,la,occipio,suggested,1,
occipitis,la,occipio,suggested,1,
occisa,la,occido,suggested,1,
occisionis,la,occisio,suggested,1,
occisorum,la,occido,suggested,1,
occisuros,la,occdo,suggested,1,
occisurum,la,occido,suggested,1,
occlusum,la,occludo,suggested,1,
occubituros,la,occubo,suggested,1,
occubuerit,la,occubuo,suggested,1,
occubuit,la,occumbo,suggested,1,
occulati,la,occulo,suggested,1,
occultabitur,la,occulto,suggested,1,
occultare,la,occulto,suggested,1,
occultari,la,occulto,suggested,1,
occultarum,la,occulo,suggested,1,
occultato,la,occulto,suggested,1,
occultis,la,occulo,suggested,1,
occulto,la,occultus,suggested,1,
occultus,la,occulo,suggested,1,
occumbentis,la,occumbo,suggested,1,
occumberet,la,occumbo,suggested,1,
occumbit,la,occumbo,suggested,1,
occupandam,la,occupo,suggested,1,
occupans,la,occupo,suggested,1,
occupantes,la,occupo,suggested,1,
occuparat,la,occupo,suggested,1,
occuparet,la,occupo,suggested,1,
occupationibus,la,occupatio,suggested,1,
occupaturos,la,occupo,suggested,1,
occupaturum,la,occupo,suggested,1,
occupaverint,la,occupo,suggested,1,
occupaverit,la,occupo,suggested,1,
occupavero,la,occupo,suggested,1,
occupet,la,occupo,suggested,1,
occupo,la,occupo,suggested,1,
occurrebat,la,occurro,suggested,1,
occurrent,la,occurro,suggested,1,
occurrerint,la,occurro,suggested,1,
occurrerunt,la,occurro,suggested,1,
occurri,la,occuro,suggested,1,
oceanum,la,oceanus,suggested,1,
ochoday,la,ochoday,suggested,1,
octavam,la,octauus,suggested,1,
octave,la,octavis,suggested,1,
octavo,la,octauus,suggested,1,
octavus,la,octavus,suggested,1,
octiduo,la,octiduus,suggested,1,
octigenta,la,octiginta,suggested,1,
octingentis,la,octingenti,suggested,1,
octingentos,la,octingenti,suggested,1,
octogesimo,la,octogesimus,suggested,1,
octos,la,octos,suggested,1,
oculare,la,ocularis,suggested,1,
oculatissimi,la,oculatus,suggested,1,
oculatus,la,oculatus,suggested,1,
oculum,la,oculus,suggested,1,
ocurrunt,la,ocurro,suggested,1,
odeum,la,odeus,suggested,1,
odii,la,odium,suggested,1,
odinem,la,odo,suggested,1,
odire,la,odio,suggested,1,
odiunt,la,odio,suggested,1,
odo,la,odus,suggested,1,
odorari,la,odoro,suggested,1,
offendat,la,offendo,suggested,1,
offendatur,la,offendo,suggested,1,
offendentes,la,offendo,suggested,1,
offendere,la,offendo,suggested,1,
offenderet,la,offendo,suggested,1,
offendissent,la,offendo,suggested,1,
offenditur,la,offendo,suggested,1,
offensae,la,offensa,suggested,1,
offensam,la,offensa,suggested,1,
offensio,la,offensio,suggested,1,
offensum,la,offendo,suggested,1,
offeramus,la,offero,suggested,1,
offerendis,la,offero,suggested,1,
offeresca,es,offeresca,suggested,1,
offero,la,offero,suggested,1,
offerretur,la,offero,suggested,1,
offertur,la,offero,suggested,1,
officialem,la,officialis,suggested,1,
officiales,la,officialis,suggested,1,
officij,la,officium,suggested,1,
officinae,la,officina,suggested,1,
offusa,la,offundo,suggested,1,
offuscatum,la,offusco,suggested,1,
ofuscata,la,ofusco,suggested,1,
ofuscatum,la,ofusco,suggested,1,
oh,la,oh,suggested,1,
oiano,la,Oianum,suggested,1,
olandensibus,la,olandensus,suggested,1,
olei,la,oleum,suggested,1,
oliveira,la,oliveira,suggested,1,
oliveyra,la,olives,suggested,1,
ollor,la,ollor,suggested,1,
olympum,la,olympus,suggested,1,
olysippone,la,Olysipponus,suggested,1,
olyssipone,la,olyssipo,suggested,1,
omen,la,omen,suggested,1,
omensi,la,omensis,suggested,1,
omi,la,omi,suggested,1,
omin,la,omin,suggested,1,
ominabamur,la,ominor,suggested,1,
omino,la,ominus,suggested,1,
omissur,la,omitto,suggested,1,
omissuros,la,omitto,suggested,1,
omittam,la,omitto,suggested,1,
omittendum,la,omitto,suggested,1,
omittere,la,omitto,suggested,1,
omittimus,la,omitto,suggested,1,
omittit,la,omitto,suggested,1,
omn,la,omn,suggested,1,
omnemque,la,omnemque,suggested,1,
omnen,la,omnis,suggested,1,
omneque,la,omneque,suggested,1,
omnesiam,la,omnesia,suggested,1,
omnésque,la,omnésque,suggested,1,
omnib,la,omnib,suggested,1,
omnimoda,la,omnimodus,suggested,1,
omnimodam,la,omnimodus,suggested,1,
omnimodo,la,omnimodo,suggested,1,
omninus,la,omninus,suggested,1,
omnipotenti,la,omnipotens,suggested,1,
omnipotentia,la,omnipotentia,suggested,1,
omniumq,la,omnis,suggested,1,
omniun,la,omnis,suggested,1,
omnum,la,omnus,suggested,1,
omui,la,omuus,suggested,1,
omur,la,omur,suggested,1,
omura,la,omurus,suggested,1,
omurana,la,omuranus,suggested,1,
omurandoni,la,omurando,suggested,1,
omurandono,la,omurandonob,suggested,1,
omurandonum,la,omurando,suggested,1,
omurensis,la,omurensis,suggested,1,
onera,la,onus,suggested,1,
oneranda,la,onero,suggested,1,
onerant,la,onero,suggested,1,
onerata,la,onero,suggested,1,
oneraverunt,la,onero,suggested,1,
oneribus,la,onus,suggested,1,
onerosissimum,la,onerosus,suggested,1,
onerosum,la,onerosus,suggested,1,
onofrius,la,onofrius,suggested,1,
onorem,la,onor,suggested,1,
onuium,la,onuis,suggested,1,
onustam,la,onustus,suggested,1,
onustissimi,la,onustus,suggested,1,
onustum,la,onustus,suggested,1,
op,la,op,suggested,1,
opellam,la,opella,suggested,1,
operâ,la,opus,suggested,1,
operante,la,operor,suggested,1,
operaretur,la,operor,suggested,1,
operari,la,operor,suggested,1,
operariosque,la,operariosquus,suggested,1,
operati,la,operor,suggested,1,
operationis,la,operatio,suggested,1,
operatios,la,operatus,suggested,1,
operatur,la,operor,suggested,1,
operibusque,la,operibusque,suggested,1,
operose,la,operose,suggested,1,
operosissima,la,operosus,suggested,1,
opertus,la,operio,suggested,1,
opida,la,opis,suggested,1,
opidis,la,opidus,suggested,1,
opidos,la,opidus,suggested,1,
opifex,la,opifex,suggested,1,
opimamque,la,opimamqus,suggested,1,
opinantibus,la,opinor,suggested,1,
opinantur,la,opinor,suggested,1,
opinatur,la,opinor,suggested,1,
opinetur,la,opinor,suggested,1,
opinionibus,la,opinio,suggested,1,
opinionis,la,opinio,suggested,1,
opinor,la,opinor,suggested,1,
opitulante,la,opitulo,suggested,1,
opitulari,la,opitulor,suggested,1,
opor,la,opor,suggested,1,
oportunitas,la,oportunitas,suggested,1,
oportunum,la,oportunus,suggested,1,
oppetendam,la,oppeto,suggested,1,
oppetere,la,oppeto,suggested,1,
oppetierunt,la,oppeto,suggested,1,
oppetiit,la,oppeto,suggested,1,
oppidani,la,oppidanus,suggested,1,
oppidanos,la,oppidanus,suggested,1,
oppidis,la,oppidum,suggested,1,
oppidum,la,oppidum,suggested,1,
oppinionem,la,oppinio,suggested,1,
opponunt,la,oppono,suggested,1,
opportu,la,opportus,suggested,1,
opportuna,la,opportunus,suggested,1,
opportunis,la,opportunus,suggested,1,
opportunissimum,la,opportunus,suggested,1,
opportuniùs,la,opportunus,suggested,1,
opportuno,la,opportunus,suggested,1,
opportunorum,la,opportunus,suggested,1,
opposita,la,oppono,suggested,1,
oppositionibus,la,oppositio,suggested,1,
opposuerit,la,oppono,suggested,1,
oppressit,la,opprimo,suggested,1,
oppressos,la,opprimo,suggested,1,
opprimemus,la,opprimo,suggested,1,
opprimendam,la,opprimo,suggested,1,
opprobria,la,opprobrius,suggested,1,
opprobrium,la,opprobrium,suggested,1,
oppugnandi,la,oppugno,suggested,1,
oppugnare,la,oppugno,suggested,1,
oprobrium,la,oprobrium,suggested,1,
opt,la,opt,suggested,1,
optabant,la,opto,suggested,1,
optabili,la,optabilis,suggested,1,
optans,la,opto,suggested,1,
optaremus,la,opto,suggested,1,
optarent,la,opto,suggested,1,
optareq,la,opto,suggested,1,
optassent,la,opto,suggested,1,
optat,la,opto,suggested,1,
optatam,la,opto,suggested,1,
optatis,la,opto,suggested,1,
optatissimam,la,optatus,suggested,1,
optatissimus,la,optatus,suggested,1,
optatum,la,opto,suggested,1,
optico,la,opticus,suggested,1,
optimae,la,bonus,suggested,1,
optimoque,la,optimoque,suggested,1,
optimorum,la,bonus,suggested,1,
optinendam,la,optineo,suggested,1,
optinendi,la,optineo,suggested,1,
optinuit,la,optineo,suggested,1,
opulenta,la,opulentus,suggested,1,
opulentissimam,la,opulentus,suggested,1,
or,la,or,suggested,1,
oracul,la,oracul,suggested,1,
orans,la,oro,suggested,1,
orare,la,oro,suggested,1,
orassent,la,oro,suggested,1,
orate,la,oro,suggested,1,
oratio,la,oratio,suggested,1,
orationum,la,oratio,suggested,1,
oratoria,la,oratorius,suggested,1,
oratoribus,la,orator,suggested,1,
oravit,la,oro,suggested,1,
orbatae,la,orbo,suggested,1,
orbati,la,orbo,suggested,1,
orbatis,la,orbo,suggested,1,
orbita,la,orbita,suggested,1,
orchestra,la,orchestra,suggested,1,
orciq,la,orciq,suggested,1,
ordam,la,orda,suggested,1,
ordena,es,ordenar,suggested,1,
ordiamur,la,ordio,suggested,1,
ordinabat,la,ordino,suggested,1,
ordinandorum,la,ordino,suggested,1,
ordinantur,la,ordino,suggested,1,
ordinariam,la,ordinarius,suggested,1,
ordinarias,la,ordinarius,suggested,1,
ordinarii,la,ordinarius,suggested,1,
ordinarios,es,Ordinarios,suggested,1,
ordinarium,la,ordinarius,suggested,1,
ordinata,la,ordino,suggested,1,
ordinate,la,ordino,suggested,1,
ordinatione,la,ordinatio,suggested,1,
ordinationes,la,ordinatio,suggested,1,
ordinatis,la,ordino,suggested,1,
ordinatum,la,ordino,suggested,1,
ordinavit,la,ordino,suggested,1,
ordini,la,ordo,suggested,1,
orent,la,oro,suggested,1,
ores,la,or,suggested,1,
oretenus,la,oretenus,suggested,1,
org,la,org,suggested,1,
organis,la,organum,suggested,1,
organtin,la,organtin,suggested,1,
organtino,la,organtinum,suggested,1,
oriae,la,oria,suggested,1,
oriantur,la,orior,suggested,1,
oriatur,la,orior,suggested,1,
oridiam,la,oridia,suggested,1,
orientalibus,la,orientalis,suggested,1,
orientaliora,la,orientalis,suggested,1,
orientaliores,la,orientalis,suggested,1,
orientalis,la,orientalis,suggested,1,
orietur,la,orior,suggested,1,
original,la,original,suggested,1,
originis,la,origo,suggested,1,
oritur,la,orior,suggested,1,
oriuntur,la,orior,suggested,1,
orizam,la,orizo,suggested,1,
orliam,la,orlius,suggested,1,
ormus,la,ormus,suggested,1,
ormuz,la,ormuz,suggested,1,
ornabantur,la,ornor,suggested,1,
ornam,la,orna,suggested,1,
ornamenta,la,ornamentum,suggested,1,
ornamenti,la,ornamentum,suggested,1,
ornamentis,la,ornamentum,suggested,1,
ornans,la,orno,suggested,1,
ornantes,la,orno,suggested,1,
ornare,la,orno,suggested,1,
ornarentur,la,orno,suggested,1,
ornari,la,orno,suggested,1,
ornatae,la,orno,suggested,1,
ornato,la,orno,suggested,1,
ornatoque,la,ornatoquus,suggested,1,
ornauit,la,orno,suggested,1,
orsi,la,orsis,suggested,1,
ortatur,la,ortor,suggested,1,
ortu,la,ortus,suggested,1,
os,pt,eles,suggested,1,
oscitanter,la,oscitanter,suggested,1,
oscula,la,osculum,suggested,1,
osculantes,la,osculor,suggested,1,
osdroena,la,osdroena,suggested,1,
osdroenae,la,osdroenus,suggested,1,
oseruanda,la,oseruo,suggested,1,
ossorum,la,ossor,suggested,1,
ostendandam,la,ostendo,suggested,1,
ostendant,la,ostendo,suggested,1,
ostendatur,la,ostendo,suggested,1,
ostende,la,ostendo,suggested,1,
ostendebant,la,ostendo,suggested,1,
ostendemus,la,ostendo,suggested,1,
ostendens,la,ostendo,suggested,1,
ostendentes,la,ostendo,suggested,1,
ostenderem,la,ostendo,suggested,1,
ostenderent,la,ostendo,suggested,1,
ostenderit,la,ostendo,suggested,1,
ostendet,la,ostendo,suggested,1,
ostendetur,la,ostendo,suggested,1,
ostendimus,la,ostendo,suggested,1,
ostendvntvr,la,ostendo,suggested,1,
ostentabat,la,ostento,suggested,1,
ostentare,la,ostento,suggested,1,
ostentaret,la,ostento,suggested,1,
ostentat,la,ostento,suggested,1,
ostenturus,la,ostendo,suggested,1,
ostiatim,la,ostiatim,suggested,1,
ostii,la,ostium,suggested,1,
ostri,la,oster,suggested,1,
otiosae,la,otiosus,suggested,1,
otiosi,la,otiosus,suggested,1,
otobris,la,otobris,suggested,1,
otro,es,otro,suggested,1,
otros,es,otro,suggested,1,
ovi,la,ovis,suggested,1,
ovidii,la,ovideo,suggested,1,
ovidius,la,ouidius,suggested,1,
ovium,la,ovis,suggested,1,
ozacae,la,ozacus,suggested,1,
ozacan,la,ozaces,suggested,1,
ozacanas,la,ozacanus,suggested,1,
ozace,la,ozax,suggested,1,
p.e,pt,P.e,suggested,1,
p’ang,la,p’ang,suggested,1,
pa,la,pa,suggested,1,
pabulo,la,pabulum,suggested,1,
pac,la,pac,suggested,1,
pacandam,la,paco,suggested,1,
pacata,la,paco,suggested,1,
pacatae,la,paco,suggested,1,
pacate,la,paco,suggested,1,
pacatus,la,paco,suggested,1,
pacemque,la,paceo,suggested,1,
pacheco,la,pachecus,suggested,1,
pachecus,la,pachecus,suggested,1,
paci,la,pax,suggested,1,
pacificandis,la,pacifico,suggested,1,
pacificata,la,pacifico,suggested,1,
pacificatore,la,pacificator,suggested,1,
pacifico,la,pacificus,suggested,1,
paciscatur,la,paciscor,suggested,1,
paciscerentur,la,pacisco,suggested,1,
pacisci,la,paciscor,suggested,1,
pacisi,la,pacido,suggested,1,
pacta,la,paciscor,suggested,1,
paena,la,paena,suggested,1,
paenae,la,paena,suggested,1,
paenam,la,paena,suggested,1,
paenè,la,paenè,suggested,1,
paenis,la,paena,suggested,1,
paenitenda,la,paeniteo,suggested,1,
paganis,la,paganus,suggested,1,
page,la,page,suggested,1,
pagi,la,pagus,suggested,1,
paginas,la,pagina,suggested,1,
pakim,la,pakis,suggested,1,
pal,la,pal,suggested,1,
palabundum,la,palabundum,suggested,1,
palamque,la,palamque,suggested,1,
palatinarum,la,palatina,suggested,1,
palestinam,la,palestinus,suggested,1,
pallescant,la,pallesco,suggested,1,
palliarunt,la,pallio,suggested,1,
pallii,la,pallium,suggested,1,
pallu,la,Pallus,suggested,1,
palmitibus,la,palmes,suggested,1,
palude,la,palus,suggested,1,
pammacharios,la,pammacharius,suggested,1,
pamphylia,la,Pamphylia,suggested,1,
pandat,la,pando,suggested,1,
pandet,la,pando,suggested,1,
panis,la,panis,suggested,1,
pannoniam,la,pannonia,suggested,1,
pannorum,la,pannus,suggested,1,
panormitanus,la,panormitanus,suggested,1,
pantomimos,la,pantomimus,suggested,1,
paphlagones,la,paphlago,suggested,1,
papyro,la,papyrus,suggested,1,
para,la,para,suggested,1,
parabantur,la,paro,suggested,1,
parabat,la,paro,suggested,1,
parabolȩ,la,parabolȩ,suggested,1,
paradiso,la,paradisus,suggested,1,
paradoxa,la,paradoxus,suggested,1,
paradysum,la,paradysus,suggested,1,
paralyticum,la,paralyticus,suggested,1,
parantes,la,paro,suggested,1,
paraphrastica,la,paraphrasticus,suggested,1,
parasangis,la,parasangus,suggested,1,
parat,la,paro,suggested,1,
paratae,la,paro,suggested,1,
paratibus,la,paratus,suggested,1,
paratissimus,la,paro,suggested,1,
paratosq,la,paratosus,suggested,1,
paratu,la,paratus,suggested,1,
paravimus,la,paro,suggested,1,
paravit,la,paro,suggested,1,
parcant,la,parco,suggested,1,
parcens,la,parco,suggested,1,
parceret,la,parco,suggested,1,
parcitum,la,parco,suggested,1,
parebant,la,pareo,suggested,1,
pareceptum,la,parecipio,suggested,1,
parendum,la,pareo,suggested,1,
parent,la,pareo,suggested,1,
parentaret,la,parento,suggested,1,
parentelae,la,parentela,suggested,1,
parerent,la,pareo,suggested,1,
paret,la,pareo,suggested,1,
parie,la,par,suggested,1,
pariet,la,pario,suggested,1,
parietem,la,paries,suggested,1,
parisiensis,la,parisiensis,suggested,1,
parit,la,pario,suggested,1,
pariterque,la,pariterque,suggested,1,
parituros,la,pareo,suggested,1,
pariunt,la,pario,suggested,1,
parochiae,la,parochia,suggested,1,
parochum,la,parochus,suggested,1,
parochus,la,parochus,suggested,1,
parocitas,la,parocitas,suggested,1,
parrum,la,parrus,suggested,1,
partas,la,pario,suggested,1,
partiarios,la,partiarius,suggested,1,
partici,la,particus,suggested,1,
participationem,la,participatio,suggested,1,
participem,la,particeps,suggested,1,
participient,la,participio,suggested,1,
particulare,la,particularis,suggested,1,
particulares,es,particular,suggested,1,
particulares,la,particularis,suggested,1,
particulari,la,particularis,suggested,1,
particularia,la,particularis,suggested,1,
particulariter,la,particulariter,suggested,1,
partimur,la,partior,suggested,1,
partitione,la,partitio,suggested,1,
partitur,la,partior,suggested,1,
parto,la,partus,suggested,1,
parui,la,pareo,suggested,1,
paruit,la,pareo,suggested,1,
parumque,la,parumque,suggested,1,
parvae,la,parvus,suggested,1,
parvit,la,pareo,suggested,1,
parvulis,la,parvulus,suggested,1,
parvulum,la,parvulus,suggested,1,
parvus,la,parvus,suggested,1,
paschalis,la,paschalis,suggested,1,
paschate,la,paschatis,suggested,1,
pascit,la,pasco,suggested,1,
pascitur,la,pasco,suggested,1,
pasio,la,pasius,suggested,1,
pasqual,es,Pasqual,suggested,1,
passados,es,passado,suggested,1,
passibus,la,passus,suggested,1,
passionem,la,passio,suggested,1,
passis,la,patior,suggested,1,
passius,la,passe,suggested,1,
passivum,la,passiuus,suggested,1,
passu,la,passus,suggested,1,
pastore,la,pastor,suggested,1,
pastorem,la,pastor,suggested,1,
pastores,la,pastor,suggested,1,
pastoris,la,pastor,suggested,1,
pateant,la,pateo,suggested,1,
pateat,la,pateo,suggested,1,
patebit,la,pateo,suggested,1,
patefacere,la,patefacio,suggested,1,
patefecisset,la,pateficio,suggested,1,
patefiat,la,patefio,suggested,1,
patefient,la,patefio,suggested,1,
patens,la,pateo,suggested,1,
patente,la,pateo,suggested,1,
patentes,es,patente,suggested,1,
patentibus,la,pateo,suggested,1,
patere,la,pateo,suggested,1,
paterentur,la,pateo,suggested,1,
paterfamilias,la,paterfamilias,suggested,1,
paternae,la,paternus,suggested,1,
paternis,la,paternus,suggested,1,
paternitatis,la,paternitas,suggested,1,
patiamur,la,patior,suggested,1,
patiar,la,patior,suggested,1,
patiemur,la,patior,suggested,1,
patienterq,la,patienterq,suggested,1,
patienti,la,patior,suggested,1,
patientia,la,patientia,suggested,1,
patimini,la,patior,suggested,1,
patio,la,patius,suggested,1,
patrandam,la,patro,suggested,1,
patrarentur,la,patro,suggested,1,
patrasse,la,patro,suggested,1,
patriarca,la,patriarcus,suggested,1,
patriarcham,la,patriarcha,suggested,1,
patriȩ,la,pater,suggested,1,
patrię,la,pater,suggested,1,
patrocinabatur,la,patrocino,suggested,1,
patrocinium,la,patrocinium,suggested,1,
patroni,la,patronus,suggested,1,
patrumq,la,patrer,suggested,1,
patrumque,la,patrumquus,suggested,1,
patruus,la,patruus,suggested,1,
patula,la,patulus,suggested,1,
pauciores,la,paucus,suggested,1,
paucissimis,la,paucus,suggested,1,
paucitate,la,paucitas,suggested,1,
pauco,la,paucus,suggested,1,
paucorum,la,paucus,suggested,1,
paucula,la,pauculus,suggested,1,
pauculis,la,pauculus,suggested,1,
pauculos,la,pauculus,suggested,1,
pauebunt,la,paueo,suggested,1,
pauentes,la,paueo,suggested,1,
paulatímque,la,paulatímq,suggested,1,
paulisper,la,paul(l)isper,suggested,1,
paullo,la,paullus,suggested,1,
pauper,la,pauper,suggested,1,
pauperculum,la,pauperculus,suggested,1,
pauperis,la,pauper,suggested,1,
paupertas,la,paupertas,suggested,1,
pauperum,la,pauper,suggested,1,
pavor,la,pavor,suggested,1,
pavoreque,la,pavoreque,suggested,1,
pavoris,la,pavor,suggested,1,
paz,es,paz,suggested,1,
pe,es,Pe,suggested,1,
peccandíque,la,pecco,suggested,1,
peccantes,la,pecco,suggested,1,
peccarem,la,pecco,suggested,1,
peccator,la,peccator,suggested,1,
peccatori,la,peccator,suggested,1,
peccatoribus,la,peccator,suggested,1,
peccunia,la,peccunia,suggested,1,
pectori,la,pectus,suggested,1,
pectoris,la,pectus,suggested,1,
peculia,la,peculia,suggested,1,
peculiari,la,peculiaris,suggested,1,
pecuniarum,la,pecunia,suggested,1,
pedesq,la,pedesq,suggested,1,
pedester,la,pedester,suggested,1,
pediculus,la,pediculus,suggested,1,
peditum,la,pedes,suggested,1,
pedum,la,pes,suggested,1,
pegu,la,pegu,suggested,1,
peiora,la,malus,suggested,1,
peiorem,la,peior,suggested,1,
pekim,la,pekis,suggested,1,
pellectis,la,pellego,suggested,1,
pelleremur,la,pello,suggested,1,
pellibus,la,pellis,suggested,1,
pelliceant,la,pelliceo,suggested,1,
pelliceret,la,pelliceo,suggested,1,
pellium,la,pellis,suggested,1,
pena,la,poena,suggested,1,
pȩna,la,pȩna,suggested,1,
pendeat,la,pendeo,suggested,1,
pendebat,la,pendeo,suggested,1,
pendens,la,pendeo,suggested,1,
pendentis,la,pendeo,suggested,1,
pendit,la,pendo,suggested,1,
pendula,la,pendulus,suggested,1,
penetr,la,peneo,suggested,1,
penetraret,la,penetro,suggested,1,
penetrasset,la,penetro,suggested,1,
penetrat,la,penetro,suggested,1,
peninsula,la,peninsula,suggested,1,
peninsulae,la,peninsula,suggested,1,
pȩnis,la,pȩna,suggested,1,
pȩnitentes,la,pȩniteor,suggested,1,
penitere,la,peniteo,suggested,1,
pȩnituit,la,pȩnituo,suggested,1,
penitùs,la,penitùs,suggested,1,
pensio,la,pensio,suggested,1,
pensiones,la,pensio,suggested,1,
pensionis,la,pensio,suggested,1,
pentapolitana,la,Pentapolitanus,suggested,1,
penthesileam,la,penthesileus,suggested,1,
penuria,la,penuria,suggested,1,
penuriae,la,penuria,suggested,1,
pependit,la,pependo,suggested,1,
pepercerunt,la,pepereo,suggested,1,
pequinianam,la,Pequinianus,suggested,1,
pequiniano,la,pequinianus,suggested,1,
pera,pt,pera,suggested,1,
peracerbo,la,peracerbo,suggested,1,
peracerbum,la,peracerbus,suggested,1,
peragendam,la,perago,suggested,1,
peragere,la,perago,suggested,1,
peragit,la,perago,suggested,1,
peragravi,la,peragro,suggested,1,
peragrent,la,peragro,suggested,1,
peraguntur,la,perago,suggested,1,
perambulandam,la,perambulo,suggested,1,
perambulare,la,perambulo,suggested,1,
perambulatis,la,perambulo,suggested,1,
peramplis,la,peramplum,suggested,1,
perangustum,la,perangustus,suggested,1,
percensebo,la,percenseo,suggested,1,
perceperit,la,percipio,suggested,1,
percepi,la,percipio,suggested,1,
percepissent,la,percipio,suggested,1,
perceptos,la,percipio,suggested,1,
perchè,it,perché,suggested,1,
percidi,la,percido,suggested,1,
percipi,la,percipio,suggested,1,
percipiatur,la,percipio,suggested,1,
percipiebant,la,percipio,suggested,1,
percipient,la,percipio,suggested,1,
percipiunt,la,percipio,suggested,1,
perciti,la,perceo,suggested,1,
percommoda,la,percommodus,suggested,1,
percommode,la,percommode,suggested,1,
percommodum,la,percommodus,suggested,1,
percrebuit,la,percrebeo,suggested,1,
perculerit,la,perfero,suggested,1,
perculit,la,perculo,suggested,1,
percurrimus,la,percurro,suggested,1,
percurrit,la,percurro,suggested,1,
percussiones,la,percussio,suggested,1,
perdat,la,perdo,suggested,1,
perdendae,la,perdo,suggested,1,
perdere,la,perdo,suggested,1,
perdidicit,la,perdido,suggested,1,
perdifficile,la,perdifficilis,suggested,1,
perdiscenda,la,perdisco,suggested,1,
perditam,la,perdo,suggested,1,
perditi,la,perdo,suggested,1,
perditioni,la,perditio,suggested,1,
perditis,la,perdo,suggested,1,
perditissimos,la,perditus,suggested,1,
perditorum,la,perdo,suggested,1,
perducere,la,perduco,suggested,1,
perducerentur,la,perduco,suggested,1,
perduceret,la,perduco,suggested,1,
perducti,la,perduco,suggested,1,
perducturam,la,perduco,suggested,1,
perductutum,la,perduco,suggested,1,
perduelli,la,perduello,suggested,1,
perduellione,la,perduellio,suggested,1,
perduellionem,la,perduellio,suggested,1,
perdurarunt,la,perduro,suggested,1,
perduravit,la,perduro,suggested,1,
perduxerunt,la,perduco,suggested,1,
pereat,la,pereo,suggested,1,
peregre,la,peregre,suggested,1,
peregrinae,la,peregrina,suggested,1,
peregrinantur,la,peregrinor,suggested,1,
peregrinari,la,peregrinor,suggested,1,
peregrinatio,la,peregrinatio,suggested,1,
peregrinatione,la,peregrinatio,suggested,1,
peregrinis,la,peregrinus,suggested,1,
peregrinus,la,peregrinus,suggested,1,
perennes,la,perenno,suggested,1,
perennitate,la,perennitas,suggested,1,
perera,la,Perera,suggested,1,
pererrant,la,pererro,suggested,1,
pereundum,la,pereo,suggested,1,
pereuntibus,la,pereo,suggested,1,
perexiguum,la,perexiguus,suggested,1,
pereyra,la,Pereyra,suggested,1,
pérez,la,pérez,suggested,1,
perfacile,la,perfacilis,suggested,1,
perfectiores,la,perficio,suggested,1,
perfectissima,la,perfectus,suggested,1,
perfectissimi,la,perfectus,suggested,1,
perfectissimus,la,perfectus,suggested,1,
perfectos,la,perfectus,suggested,1,
perferat,la,perfero,suggested,1,
perferebat,la,perfero,suggested,1,
perferendum,la,perfero,suggested,1,
perferunt,la,perfero,suggested,1,
perficerem,la,perficio,suggested,1,
perficerent,la,perficio,suggested,1,
perfici,la,perficio,suggested,1,
perficiam,la,perficio,suggested,1,
perficiendum,la,perficio,suggested,1,
perficit,la,perficio,suggested,1,
perficitur,la,perficio,suggested,1,
perficiunt,la,perficio,suggested,1,
perfide,la,perfide,suggested,1,
perfidis,la,perfes,suggested,1,
perfosso,la,perfodio,suggested,1,
perfruamur,la,perfruor,suggested,1,
perfruantur,la,perfruor,suggested,1,
perfruatur,la,perfruor,suggested,1,
perfruentur,la,perfruor,suggested,1,
perfrui,la,perfruor,suggested,1,
perfruitur,la,perfruor,suggested,1,
perfruituram,la,perfruituo,suggested,1,
perfuderint,la,perfudio,suggested,1,
perfuderunt,la,perfundo,suggested,1,
perfunctos,la,perfuncio,suggested,1,
perfundantur,la,perfundo,suggested,1,
perfundentur,la,perfundo,suggested,1,
perfunditur,la,perfundo,suggested,1,
perfusa,la,perfundo,suggested,1,
perfusionem,la,perfusio,suggested,1,
pergamena,la,pergamena,suggested,1,
pergas,la,pergo,suggested,1,
pergen,la,Perge,suggested,1,
pergendum,la,pergo,suggested,1,
pergeretur,la,pergo,suggested,1,
pergratum,la,pergratus,suggested,1,
perhibetur,la,perhibeo,suggested,1,
perhumaniter,la,perhumaniter,suggested,1,
perhumanum,la,perhumanus,suggested,1,
periclitabatur,la,periclitor,suggested,1,
periclitari,la,periclitor,suggested,1,
pericolorumque,la,pericolorumquus,suggested,1,
perimere,la,perimo,suggested,1,
perimerent,la,perimo,suggested,1,
periodus,la,periodus,suggested,1,
perique,la,perique,suggested,1,
periret,la,pereo,suggested,1,
peritiam,la,peritia,suggested,1,
peritis,la,peritus,suggested,1,
peritissimus,la,peritus,suggested,1,
peritosque,la,peritosque,suggested,1,
peritura,la,perdo,suggested,1,
periucundum,la,periucundus,suggested,1,
perium,la,perium,suggested,1,
periuri,la,periurus,suggested,1,
perlata,la,perfero,suggested,1,
perlectis,la,perlego,suggested,1,
perlegendi,la,perlego,suggested,1,
perlegimus,la,perligo,suggested,1,
permagnȩ,la,permagnus,suggested,1,
permaneant,la,permaneo,suggested,1,
permanere,la,permaneo,suggested,1,
permansi,la,permaneo,suggested,1,
permansisset,la,permaneo,suggested,1,
permare,la,permo,suggested,1,
permaximo,la,permagnus,suggested,1,
permisisset,la,permitto,suggested,1,
permissas,la,permitto,suggested,1,
permisserit,la,permistto,suggested,1,
permissi,la,permitto,suggested,1,
permissione,la,permissio,suggested,1,
permissiones,la,permissio,suggested,1,
permissuros,la,permitto,suggested,1,
permittant,la,permitto,suggested,1,
permittat,la,permitto,suggested,1,
permittatur,la,permitto,suggested,1,
permittebant,la,permitto,suggested,1,
permittendis,la,permitto,suggested,1,
permittendum,la,permitto,suggested,1,
permittente,la,permitto,suggested,1,
permitterentur,la,permitto,suggested,1,
permittitur,la,permitto,suggested,1,
permittunt,la,permitto,suggested,1,
permixto,la,permisceo,suggested,1,
permotus,la,permoveo,suggested,1,
permouetur,la,permoueo,suggested,1,
permovendam,la,permoveo,suggested,1,
permulceri,la,permulceo,suggested,1,
permulta,la,permultus,suggested,1,
permultas,la,permultus,suggested,1,
permulti,la,permultus,suggested,1,
permutarunt,la,permuto,suggested,1,
permutationem,la,permutatio,suggested,1,
permutatus,la,permuto,suggested,1,
pernecessariam,la,pernecessarius,suggested,1,
pernecessarios,la,pernecessarius,suggested,1,
pernicibus,la,pernix,suggested,1,
perniciosae,la,perniciosus,suggested,1,
perniciosas,la,perniciosus,suggested,1,
perniciosissimum,la,perniciosus,suggested,1,
perniciosus,la,perniciosus,suggested,1,
pernicis,la,pernica,suggested,1,
pernoctabo,la,pernocto,suggested,1,
pernoctarent,la,pernocto,suggested,1,
pernoctaverunt,la,pernocto,suggested,1,
pernoctavi,la,pernocto,suggested,1,
pernoctavit,la,pernocto,suggested,1,
pernoscerent,la,pernosco,suggested,1,
peroptatam,la,peropto,suggested,1,
perpendamus,la,perpendo,suggested,1,
perpendatur,la,perpendo,suggested,1,
perpendentes,la,perpendo,suggested,1,
perpenderit,la,perpendo,suggested,1,
perpessae,la,perpetior,suggested,1,
perpessione,la,perpessio,suggested,1,
perpessionem,la,perpessio,suggested,1,
perpessionis,la,perpessio,suggested,1,
perpessus,la,perpetior,suggested,1,
perpeti,la,perpetior,suggested,1,
perpetiendam,la,perpetio,suggested,1,
perpetrandi,la,perpetro,suggested,1,
perpetrant,la,perpetro,suggested,1,
perpetrare,la,perpetro,suggested,1,
perpetrarint,la,perpetro,suggested,1,
perpetrarunt,la,perpetro,suggested,1,
perpetui,la,perpetuus,suggested,1,
perpetuos,la,perpetuus,suggested,1,
perplexi,la,perpligo,suggested,1,
perplexo,la,perplexus,suggested,1,
perquam,la,perquam,suggested,1,
perrexi,la,pergo,suggested,1,
perrumpunt,la,perrumpo,suggested,1,
perrupit,la,perrumpo,suggested,1,
persalutatis,la,persaluto,suggested,1,
perscribam,la,perscribo,suggested,1,
perscribit,la,perscribo,suggested,1,
perscrutari,la,perscruto,suggested,1,
persecuciones,la,persecucio,suggested,1,
persecutioni,la,persecutio,suggested,1,
persecutionum,la,persecutio,suggested,1,
persecutor,la,persecutor,suggested,1,
persecutoribus,la,persecutor,suggested,1,
persensisse,la,persentio,suggested,1,
persequebantur,la,persequor,suggested,1,
persequebatur,la,persequor,suggested,1,
persequendas,la,persequor,suggested,1,
persequentes,la,persequor,suggested,1,
persequi,la,sequor,suggested,1,
persequtione,la,persequtio,suggested,1,
persequutionis,la,persequutio,suggested,1,
persequutus,la,perseqquor,suggested,1,
perseverant,la,persevero,suggested,1,
perseverantia,la,perseverantia,suggested,1,
perseverantibus,la,persevero,suggested,1,
perseverare,la,persevero,suggested,1,
perseverat,la,persevero,suggested,1,
persica,la,persica,suggested,1,
persicis,la,persica,suggested,1,
persistendi,la,persisto,suggested,1,
persisteret,la,persisto,suggested,1,
persisterunt,la,persisto,suggested,1,
persistunt,la,persisto,suggested,1,
persolvere,la,persoluo,suggested,1,
persolverem,la,persolvo,suggested,1,
persolverentur,la,persolvo,suggested,1,
persolvi,la,persolvo,suggested,1,
personantis,la,persono,suggested,1,
personis,la,persona,suggested,1,
perspectam,la,perspicio,suggested,1,
perspexere,la,persicio,suggested,1,
perspexisse,la,perspicio,suggested,1,
perspicientiae,la,perspicientia,suggested,1,
perspiciuntur,la,perspicio,suggested,1,
perspicue,la,perspicue,suggested,1,
perstantes,la,persto,suggested,1,
perstiterant,la,persto,suggested,1,
perstitêre,la,perstitêo,suggested,1,
perstiterunt,la,persisto,suggested,1,
perstitit,la,persisto,suggested,1,
perstituram,la,perstituo,suggested,1,
perstringenda,la,perstringo,suggested,1,
perstringunt,la,perstringo,suggested,1,
perstrinxit,la,perstringo,suggested,1,
persuadent,la,persuadeo,suggested,1,
pertimescenda,la,pertimesco,suggested,1,
pertimescerent,la,pertimesco,suggested,1,
pertinacissima,la,pertinacus,suggested,1,
pertinaciter,la,pertinaciter,suggested,1,
pertineant,la,pertineo,suggested,1,
pertinebant,la,pertineo,suggested,1,
pertinebat,la,pertineo,suggested,1,
pertinentibus,la,pertineo,suggested,1,
pertingat,la,pertingo,suggested,1,
pertingebant,la,pertingo,suggested,1,
pertingebat,la,pertingo,suggested,1,
pertractanda,la,pertracto,suggested,1,
pertractans,la,pertracto,suggested,1,
pertractaret,la,pertracto,suggested,1,
pertraxissent,la,pertricio,suggested,1,
pertulerunt,la,perfero,suggested,1,
perturbabant,la,perturbo,suggested,1,
perturbarent,la,perturbo,suggested,1,
perturbaretur,la,perturbo,suggested,1,
perturbari,la,perturbo,suggested,1,
perturbârunt,la,perturbo,suggested,1,
perturbationum,la,perturbatio,suggested,1,
perturbatores,la,perturbator,suggested,1,
perturbatus,la,perturbo,suggested,1,
peruagabitur,la,peruago,suggested,1,
peruagantes,la,peruago,suggested,1,
perueniat,la,peruenio,suggested,1,
peruenire,la,peruenio,suggested,1,
peruenit,la,peruenio,suggested,1,
peruertit,la,peruerto,suggested,1,
peruertitur,la,peruerto,suggested,1,
peruicacia,la,peruicacia,suggested,1,
perusini,la,perusinus,suggested,1,
perusino,la,perusinus,suggested,1,
pervagata,la,pervago,suggested,1,
pervagatae,la,pervago,suggested,1,
pervenerint,la,pervenio,suggested,1,
perveniant,la,pervenio,suggested,1,
perveniensque,la,perveniensque,suggested,1,
pervenient,la,pervenio,suggested,1,
perveniunt,la,pervenio,suggested,1,
perventi,la,pervo,suggested,1,
perventuras,la,pervenio,suggested,1,
perversae,la,perverto,suggested,1,
perverterent,la,perverto,suggested,1,
pervicaces,la,pervicax,suggested,1,
pervios,la,pervius,suggested,1,
pessima,la,pessimus,suggested,1,
pessime,la,pessime,suggested,1,
pessimus,la,malus,suggested,1,
pessis,la,pessis,suggested,1,
pessumdaret,la,pessumdo,suggested,1,
pessundaretur,la,pessundo,suggested,1,
pestes,la,pestis,suggested,1,
pestilentem,la,pestilens,suggested,1,
petam,la,peto,suggested,1,
petatis,la,peto,suggested,1,
petebam,la,peto,suggested,1,
peteretque,la,peto,suggested,1,
peti,la,peto,suggested,1,
petierant,la,peto,suggested,1,
petierat,la,peto,suggested,1,
petierunt,la,peto,suggested,1,
petiissent,la,petio,suggested,1,
petiisset,la,peto,suggested,1,
petisset,la,peto,suggested,1,
petita,la,peto,suggested,1,
petitae,la,peto,suggested,1,
petitione,la,petitio,suggested,1,
petitionibus,la,petitio,suggested,1,
petitionis,la,petitio,suggested,1,
petiverat,la,peto,suggested,1,
petivere,la,peto,suggested,1,
petivi,la,peto,suggested,1,
petra,la,petra,suggested,1,
petrae,la,petra,suggested,1,
petrahant,la,petraho,suggested,1,
petru,la,Petrus,suggested,1,
phanis,la,phanis,suggested,1,
phantasiae,la,phantasia,suggested,1,
pharisaei,la,Pharisaeus,suggested,1,
pharisaeis,la,pharisaeus,suggested,1,
phelipus,la,Phelipus,suggested,1,
phil,la,phil,suggested,1,
philippinae,la,Philippinus,suggested,1,
philippinas,es,Philippinas,suggested,1,
philippinenses,la,Philippinensis,suggested,1,
philippinensium,la,philippinensis,suggested,1,
philosophias,la,philosophia,suggested,1,
philosophicis,la,Philosophicus,suggested,1,
philosophico,la,philosophicus,suggested,1,
philosophicos,la,philosophicus,suggested,1,
philosophię,la,philosophis,suggested,1,
philosophis,la,philosophus,suggested,1,
philosopho,la,philosophus,suggested,1,
philuppum,la,Philuppus,suggested,1,
phrygia,la,phrygius,suggested,1,
phrygum,la,phrygus,suggested,1,
physicos,la,physicus,suggested,1,
piâ,la,piâs,suggested,1,
piannus,la,piannus,suggested,1,
piaque,la,piaque,suggested,1,
picem,la,pix,suggested,1,
picenum,la,picenus,suggested,1,
pictam,la,pingo,suggested,1,
pictas,la,pingo,suggested,1,
picturas,la,pictura,suggested,1,
pieque,la,pieque,suggested,1,
pietati,la,pietas,suggested,1,
pietatisq,la,pietatisq,suggested,1,
pij,la,pij,suggested,1,
pilato,la,pilatus,suggested,1,
pileo,la,pileum,suggested,1,
pineis,la,pineus,suggested,1,
piñerius,la,Piñerius,suggested,1,
pingendi,la,pingo,suggested,1,
pingendis,la,pingo,suggested,1,
pingnan,la,Pingnas,suggested,1,
pingpu,la,pingpu,suggested,1,
pinherius,la,Pinherius,suggested,1,
piñuela,la,Piñuela,suggested,1,
pio,la,pius,suggested,1,
piorum,la,pius,suggested,1,
píris,la,píris,suggested,1,
píriz,la,Píriz,suggested,1,
piscarii,la,piscarius,suggested,1,
piscatione,la,piscatio,suggested,1,
piscator,la,piscator,suggested,1,
piscatores,la,piscator,suggested,1,
piscatoribus,la,piscator,suggested,1,
piscatoris,la,piscator,suggested,1,
piscatu,la,piscatus,suggested,1,
piscem,la,piscis,suggested,1,
piscibus,la,piscis,suggested,1,
pistorio,la,Pistorium,suggested,1,
piternum,la,piternus,suggested,1,
piti,la,piti,suggested,1,
pium,la,pius,suggested,1,
placente,la,placeo,suggested,1,
placeret,la,placeo,suggested,1,
placet,la,placeo,suggested,1,
placitura,la,placeo,suggested,1,
plagam,la,plaga,suggested,1,
plagis,la,plaga,suggested,1,
planè,la,planè,suggested,1,
planetarum,la,planeta,suggested,1,
planis,la,planus,suggested,1,
planities,la,planities,suggested,1,
plantationum,la,plantatio,suggested,1,
plateam,la,platea,suggested,1,
platearum,la,platea,suggested,1,
plebei,la,plebes,suggested,1,
plebeiorum,la,plebeius,suggested,1,
plectebatur,la,plector,suggested,1,
plenae,la,plenus,suggested,1,
plenaria,la,plenarius,suggested,1,
plenariam,la,plenarius,suggested,1,
pleniora,la,plenus,suggested,1,
plenissimas,la,plenus,suggested,1,
plenissimi,la,plenus,suggested,1,
plenissimos,la,plenus,suggested,1,
pleno,la,plenus,suggested,1,
plenoque,la,plenoque,suggested,1,
plenos,la,plenus,suggested,1,
plenum,la,plenus,suggested,1,
pleret,la,plero,suggested,1,
pleriq,la,pler,suggested,1,
plexi,la,pligo,suggested,1,
plicatio,la,plicatio,suggested,1,
plius,la,plius,suggested,1,
plorat,la,ploro,suggested,1,
pluente,la,pluo,suggested,1,
plui,la,pluis,suggested,1,
pluit,la,pluo,suggested,1,
plumam,la,plumus,suggested,1,
plumbeus,la,plumbeus,suggested,1,
pluri,la,multus,suggested,1,
pluribusque,la,quibusque,suggested,1,
plurimùm,la,mùltus,suggested,1,
plusculum,la,plusculum,suggested,1,
plusq,la,plusq,suggested,1,
pluuiam,la,pluuia,suggested,1,
pluvia,la,pluvia,suggested,1,
pluviae,la,pluvia,suggested,1,
po,it,poco,suggested,1,
poanci,la,Poancus,suggested,1,
poculenta,la,poculentus,suggested,1,
poenitendum,la,poeniteor,suggested,1,
poenitet,la,poeniteo,suggested,1,
poenitus,la,poenitus,suggested,1,
poetico,la,poeticus,suggested,1,
polaccus,la,polaccus,suggested,1,
polancus,la,polancus,suggested,1,
polemica,la,polemicus,suggested,1,
poli,la,polus,suggested,1,
politica,la,politicus,suggested,1,
politicas,la,politicus,suggested,1,
politices,la,politex,suggested,1,
politicis,la,politicus,suggested,1,
pollebat,la,pollo,suggested,1,
pollere,la,pollo,suggested,1,
polleret,la,pollo,suggested,1,
pollicentur,la,polliceor,suggested,1,
pollicetur,la,polliceor,suggested,1,
pollicitatio,la,pollicitatio,suggested,1,
pollicitationes,la,pollicitatio,suggested,1,
pollonorum,la,pollonus,suggested,1,
polluimus,la,polluo,suggested,1,
polluti,la,pollo,suggested,1,
poloni,la,polonus,suggested,1,
polonia,la,polonia,suggested,1,
poloniae,la,polonia,suggested,1,
poloniam,la,polonia,suggested,1,
polonicis,la,polonicus,suggested,1,
polonorum,la,polonus,suggested,1,
polonum,la,polonus,suggested,1,
polum,la,polus,suggested,1,
pomarium,la,pomarium,suggested,1,
pomerio,la,pomerium,suggested,1,
pomis,la,pomum,suggested,1,
pomorum,la,pomus,suggested,1,
ponam,la,pono,suggested,1,
ponatur,la,pono,suggested,1,
ponderanda,la,pondero,suggested,1,
ponderata,la,pondero,suggested,1,
ponderatis,la,pondero,suggested,1,
ponderis,la,pondus,suggested,1,
ponè,la,ponè,suggested,1,
ponendum,la,pono,suggested,1,
ponens,la,pono,suggested,1,
ponentes,la,pono,suggested,1,
poniae,la,ponia,suggested,1,
ponticos,la,ponticus,suggested,1,
ponto,la,pontus,suggested,1,
pontum,la,pontus,suggested,1,
poplites,la,poples,suggested,1,
populabundi,la,Wpulabundus,suggested,1,
populatrice,la,populatrix,suggested,1,
populor,la,populor,suggested,1,
populosissima,la,populosus,suggested,1,
populosissimam,la,populosus,suggested,1,
populosissimas,la,populosus,suggested,1,
porcina,la,porcinus,suggested,1,
poris,la,pos,suggested,1,
porque,pt,porque,suggested,1,
porrecta,la,porrectus,suggested,1,
porrexerit,la,porrigo,suggested,1,
porrexerunt,la,porgo,suggested,1,
porrexit,la,porgo,suggested,1,
porrigenda,la,porrigo,suggested,1,
porrigendas,la,porrigo,suggested,1,
porrò,la,porrò,suggested,1,
port,la,port,suggested,1,
portabat,la,porto,suggested,1,
portanda,la,porto,suggested,1,
portando,la,porto,suggested,1,
portarum,la,porta,suggested,1,
portata,la,porto,suggested,1,
portatile,la,portatilis,suggested,1,
portionem,la,portio,suggested,1,
porto,la,portus,suggested,1,
portubus,la,portus,suggested,1,
portuensis,la,portuensis,suggested,1,
portugaliȩ,la,portugalis,suggested,1,
portugallia,la,portugallia,suggested,1,
portumque,la,portumque,suggested,1,
portus,la,portus,suggested,1,
poscerentur,la,posco,suggested,1,
posillus,la,posillus,suggested,1,
posint,la,posum,suggested,1,
posit,la,posum,suggested,1,
positione,la,positio,suggested,1,
positiones,la,positio,suggested,1,
positiva,la,positivus,suggested,1,
positivo,la,positivus,suggested,1,
positivum,la,positivus,suggested,1,
positurum,la,pono,suggested,1,
posseq,la,possum,suggested,1,
possesione,la,possesio,suggested,1,
possessio,la,possessio,suggested,1,
possessor,la,possessor,suggested,1,
possibilitate,la,possibilitas,suggested,1,
possibilitatem,la,possibilitas,suggested,1,
possideant,la,possideo,suggested,1,
possidebant,la,possideo,suggested,1,
possident,la,possideo,suggested,1,
possidere,la,possideo,suggested,1,
possiderent,la,possideo,suggested,1,
possitos,la,posno,suggested,1,
postera,la,posterus,suggested,1,
posteris,la,posterus,suggested,1,
posteritatem,la,posteritas,suggested,1,
posteros,la,posterus,suggested,1,
posthabere,la,posthabeo,suggested,1,
posthumum,la,posthumus,suggested,1,
postliminio,la,postliminium,suggested,1,
postmodùm,la,postmodùm,suggested,1,
postponatis,la,postpono,suggested,1,
postposuit,la,postpono,suggested,1,
postqu,la,postqu,suggested,1,
postrema,la,postremo,suggested,1,
postremi,la,postremo,suggested,1,
postremis,la,postremus,suggested,1,
postremum,la,posterus,suggested,1,
postremus,la,postremus,suggested,1,
postulab,la,postulo,suggested,1,
postulanda,la,postulo,suggested,1,
postulantes,la,postulo,suggested,1,
postularent,la,postulo,suggested,1,
postulasset,la,postulo,suggested,1,
postulato,la,postulatum,suggested,1,
postulatum,la,postulo,suggested,1,
posueramus,la,posuno,suggested,1,
posuerant,la,pono,suggested,1,
posuisse,la,pono,suggested,1,
posuisset,la,pono,suggested,1,
potationem,la,potatio,suggested,1,
pote,la,pote,suggested,1,
potè,la,potè,suggested,1,
potens,la,possum,suggested,1,
potenti,la,pssum,suggested,1,
potentiâ,la,potens,suggested,1,
potentiaque,la,potentiaque,suggested,1,
potentiore,la,possum,suggested,1,
potentiorem,la,potens,suggested,1,
potentiu,la,potens,suggested,1,
potentum,la,possum,suggested,1,
poteram,la,possum,suggested,1,
poteras,la,possum,suggested,1,
poteritis,la,potereo,suggested,1,
poternt,la,possum,suggested,1,
potesta,la,potestas,suggested,1,
potestats,la,potestas,suggested,1,
potiamur,la,potior,suggested,1,
potiantur,la,potior,suggested,1,
potietur,la,potior,suggested,1,
potior,la,potior,suggested,1,
potiorem,la,potior,suggested,1,
potiori,la,potior,suggested,1,
potissi,la,potissis,suggested,1,
potissima,la,potis,suggested,1,
potissimae,la,potis,suggested,1,
potiti,la,potior,suggested,1,
potiundae,la,potio,suggested,1,
potiundi,la,potior,suggested,1,
potiundique,la,potiundique,suggested,1,
potuissemus,la,potuior,suggested,1,
poucos,pt,pouco,suggested,1,
practicos,la,practicus,suggested,1,
praebeant,la,praebeo,suggested,1,
praebiti,la,praebitus,suggested,1,
praebuerit,la,praebeo,suggested,1,
praebuisset,la,praebeo,suggested,1,
praecaveantur,la,praecaveo,suggested,1,
praecaventes,la,praecaveo,suggested,1,
praecedat,la,praecedo,suggested,1,
praecedebat,la,praecedo,suggested,1,
praecedentes,la,praecedo,suggested,1,
praecedentibus,la,praecedo,suggested,1,
praecedentis,la,praecedo,suggested,1,
praecedit,la,praecedo,suggested,1,
praeceptiones,la,praeceptio,suggested,1,
praeceptumque,la,praeceptumque,suggested,1,
praecesser,la,praecesser,suggested,1,
praecessissent,la,praecedo,suggested,1,
praecidas,la,praecido,suggested,1,
praecingant,la,praecingo,suggested,1,
praecipitem,la,praeceps,suggested,1,
praecipites,la,praeceps,suggested,1,
praecipiti,la,praeceps,suggested,1,
praecipitio,la,praecipitio,suggested,1,
praecipuarum,la,praecipuus,suggested,1,
praecipuè,la,praecipus,suggested,1,
praeclar,la,praeclar,suggested,1,
praecones,la,praecones,suggested,1,
praeconibus,la,praecon,suggested,1,
praeconio,la,praeconium,suggested,1,
praecordiis,la,praecordia,suggested,1,
praecpto,la,praecgo,suggested,1,
praeda,la,praeda,suggested,1,
praedantes,la,praedo,suggested,1,
praedantibus,la,praedo,suggested,1,
praedestinationis,la,praedestinatio,suggested,1,
praedicanda,la,praedico,suggested,1,
praedicandi,la,praedico,suggested,1,
praedicantibus,la,praedico,suggested,1,
praedicantur,la,praedico,suggested,1,
praedicaremus,la,praedico,suggested,1,
praedicarunt,la,praedico,suggested,1,
praedicata,la,praedicatum,suggested,1,
praedicationibus,la,praedicatio,suggested,1,
praedicatores,la,praedicator,suggested,1,
praedicatum,la,praedicatum,suggested,1,
praedictam,la,praedico,suggested,1,
praedictarum,la,praedico,suggested,1,
praedictas,la,praedico,suggested,1,
praedictidies,la,praedictide,suggested,1,
praedictorum,la,praedico,suggested,1,
praedictos,la,praedico,suggested,1,
praedii,la,praedium,suggested,1,
praediis,la,praedium,suggested,1,
praedis,la,praedi,suggested,1,
praeditam,la,praeditus,suggested,1,
praeditos,la,praedo,suggested,1,
praedixerat,la,praedico,suggested,1,
praedixit,la,praedico,suggested,1,
praeedicta,la,praeedico,suggested,1,
praeesset,la,praesum,suggested,1,
praefati,la,praefatus,suggested,1,
praefecit,la,praeficio,suggested,1,
praefecta,la,praeficio,suggested,1,
praefectam,la,praefectus,suggested,1,
praefectum,la,praefectus,suggested,1,
praefecturae,la,praefectura,suggested,1,
praefer,la,praefero,suggested,1,
praeferunt,la,praefero,suggested,1,
praeficeret,la,praeficio,suggested,1,
praefici,la,praeficio,suggested,1,
praefigat,la,praefigo,suggested,1,
praefixit,la,praefigo,suggested,1,
praefixum,la,praefigo,suggested,1,
praefuit,la,praefueo,suggested,1,
praegnantes,la,praegnanto,suggested,1,
praegnantibus,la,praegnans,suggested,1,
praeibo,la,praeeo,suggested,1,
praeiudicare,la,praeiudico,suggested,1,
praelatos,la,praefero,suggested,1,
praelectionibus,la,praelectio,suggested,1,
praeliis,la,praelium,suggested,1,
praelium,la,praelium,suggested,1,
praelo,la,praelum,suggested,1,
praelucerent,la,praeluco,suggested,1,
praeludium,la,praeludium,suggested,1,
praemij,la,praemium,suggested,1,
praemijs,la,praemijs,suggested,1,
praemissa,la,praemitto,suggested,1,
praemittam,la,praemitto,suggested,1,
praemittunt,la,praemitto,suggested,1,
praenominato,la,praenominatus,suggested,1,
praenuntiare,la,praenuncio,suggested,1,
praepararent,la,praeparo,suggested,1,
praeparaverant,la,praeparo,suggested,1,
praeparavit,la,praeparo,suggested,1,
praepositis,la,praepono,suggested,1,
praepositos,la,praepono,suggested,1,
praeposuisti,la,praepono,suggested,1,
praerepti,la,praeripio,suggested,1,
praeriperet,la,praeripio,suggested,1,
praesagire,la,praesagio,suggested,1,
praesagium,la,praesagium,suggested,1,
praescidit,la,praescido,suggested,1,
praescimus,la,praesco,suggested,1,
praescinditur,la,praescindo,suggested,1,
praescipiunt,la,praescipio,suggested,1,
praescribat,la,praescribo,suggested,1,
praescribit,la,praescribo,suggested,1,
praescribunt,la,praescribo,suggested,1,
praescribuntur,la,praescribo,suggested,1,
praescripsit,la,praescribo,suggested,1,
praescripta,la,praescribo,suggested,1,
praescriptam,la,praescribo,suggested,1,
praescripti,la,praescribo,suggested,1,
praesentabo,la,praesento,suggested,1,
praesentanda,la,praesento,suggested,1,
praesentare,la,praesento,suggested,1,
praesentari,la,praesento,suggested,1,
praesentati,la,praesento,suggested,1,
praesentationis,la,praesentatio,suggested,1,
praesentatum,la,praesento,suggested,1,
praesentaturus,la,praesento,suggested,1,
praesentaverunt,la,praesento,suggested,1,
praesentavi,la,praesento,suggested,1,
praesentiarum,la,praesentia,suggested,1,
praesentissimis,la,praesens,suggested,1,
praesentium,la,praesens,suggested,1,
praesento,la,praesum,suggested,1,
praeservet,la,praeservo,suggested,1,
praesi,la,praesus,suggested,1,
praesidem,la,praeses,suggested,1,
praesideret,la,praesideo,suggested,1,
praesidi,la,praeses,suggested,1,
praesit,la,praesum,suggested,1,
praestabit,la,praesto,suggested,1,
praestabunt,la,praesto,suggested,1,
praestandam,la,praesto,suggested,1,
praestante,la,praesto,suggested,1,
praestantiam,la,praestantia,suggested,1,
praestantibus,la,praesto,suggested,1,
praestantissima,la,praestantus,suggested,1,
praestantissimos,la,praestantus,suggested,1,
praestarentur,la,praesto,suggested,1,
praestari,la,praesto,suggested,1,
praestigię,la,praestigium,suggested,1,
praestitere,la,praesto,suggested,1,
praestiturum,la,praesto,suggested,1,
praestituta,la,praestituo,suggested,1,
praestolamur,la,praestolo,suggested,1,
praestolantur,la,praestolo,suggested,1,
praestringentem,la,praestringo,suggested,1,
praesumere,la,praesumo,suggested,1,
praesumit,la,praesumo,suggested,1,
praesumptiones,la,praesumptio,suggested,1,
praeteramus,la,praetero,suggested,1,
praetereà,la,praetereà,suggested,1,
praetereo,la,praetereo,suggested,1,
praeterfluit,la,praeterfluo,suggested,1,
praeteribo,la,praetereo,suggested,1,
praeterire,la,praetereo,suggested,1,
praeteritae,la,praetereo,suggested,1,
praeterlapsum,la,praeterlabor,suggested,1,
praetermisso,la,praetermitto,suggested,1,
praetermissum,la,praetermitto,suggested,1,
praetermittam,la,praetermitto,suggested,1,
praetermittere,la,praetermitto,suggested,1,
praetermitto,la,praetermitto,suggested,1,
praeterquam,la,praeterquam,suggested,1,
praetexunt,la,praetexum,suggested,1,
praetoribus,la,praetor,suggested,1,
praetorum,la,praetor,suggested,1,
praetulisset,la,praefero,suggested,1,
praeualebis,la,praeualeo,suggested,1,
praeuidit,la,praeuideo,suggested,1,
praev,la,praev,suggested,1,
praevidentes,la,praevido,suggested,1,
praevisa,la,praevido,suggested,1,
prandium,la,prandium,suggested,1,
pransus,la,pransus,suggested,1,
prauam,la,prauus,suggested,1,
praui,la,prauus,suggested,1,
prauitatem,la,prauitas,suggested,1,
prauitati,la,prauitas,suggested,1,
pravalet,la,pravaleo,suggested,1,
pravitatis,la,pravitas,suggested,1,
praxes,la,praxis,suggested,1,
prȩ,la,prȩ,suggested,1,
pręacutis,la,pręacutus,suggested,1,
preaterquam,la,preaterquam,suggested,1,
prebente,la,prebo,suggested,1,
prebui,la,prebeo,suggested,1,
precabor,la,precor,suggested,1,
precantes,la,precor,suggested,1,
precare,la,preco,suggested,1,
precationum,la,precatio,suggested,1,
precellens,la,precello,suggested,1,
precepit,la,precipio,suggested,1,
precepta,la,precipio,suggested,1,
precepto,la,praeceptum,suggested,1,
prȩcepto,la,prȩcipio,suggested,1,
pręcepto,la,pręcipio,suggested,1,
preceptorem,la,preceptor,suggested,1,
preceptores,la,preceptor,suggested,1,
pręceptum,la,pręcipio,suggested,1,
preciosissimis,la,preciosus,suggested,1,
prȩcipere,la,prȩcipio,suggested,1,
pręciperet,la,pręcipio,suggested,1,
prȩcipiens,la,prȩcipio,suggested,1,
precipuis,la,precipuus,suggested,1,
precipuua,la,precipuuus,suggested,1,
pręcipuus,la,pręcipuus,suggested,1,
pręclaris,la,pręclarus,suggested,1,
precor,la,precor,suggested,1,
predi,la,predior,suggested,1,
predicabat,la,predico,suggested,1,
prȩdicabat,la,prȩdico,suggested,1,
predicacion,es,predicación,suggested,1,
predicador,es,predicador,suggested,1,
predicamus,la,predico,suggested,1,
prȩdicandam,la,prȩdico,suggested,1,
prȩdicando,la,prȩdico,suggested,1,
predicar,es,predicar,suggested,1,
predicat,la,predico,suggested,1,
predicationes,es,predicatión,suggested,1,
predicator,la,predicator,suggested,1,
prȩdicator,la,prȩdicator,suggested,1,
predicavimus,la,predico,suggested,1,
predico,la,predico,suggested,1,
predicta,la,praedictus,suggested,1,
predictis,la,praedictus,suggested,1,
predictus,la,praedictus,suggested,1,
preditos,la,preditus,suggested,1,
prędixerat,la,prędico,suggested,1,
preest,la,presum,suggested,1,
prefata,la,praefatus,suggested,1,
prefati,la,praefatus,suggested,1,
prefationis,la,prefatio,suggested,1,
prefato,la,praefatus,suggested,1,
prȩfecto,la,prȩfectus,suggested,1,
prefectus,la,prefectus,suggested,1,
prȩfectus,la,prȩfectus,suggested,1,
preferentes,la,prefero,suggested,1,
pręferet,la,pręfero,suggested,1,
prehensi,la,prehendo,suggested,1,
prelatis,la,prefero,suggested,1,
prelatos,la,prefero,suggested,1,
prelectionibus,la,prelectio,suggested,1,
preliis,la,prelium,suggested,1,
premebatur,la,premo,suggested,1,
prementibus,la,premo,suggested,1,
premerentur,la,premo,suggested,1,
prȩmisit,la,prȩmitto,suggested,1,
premotus,la,premoueo,suggested,1,
prȩparata,la,prȩparo,suggested,1,
prepositus,la,prepositus,suggested,1,
presbiterorum,la,presbiterus,suggested,1,
prȩsens,la,prȩsens,suggested,1,
presentantes,la,presentor,suggested,1,
presentar,es,presentar,suggested,1,
prȩsentati,la,prȩsento,suggested,1,
presentationes,es,presentatión,suggested,1,
presente,es,presentar,suggested,1,
presentemque,la,praesentems,suggested,1,
presentes,es,presente,suggested,1,
pręsentia,la,pręsentia,suggested,1,
prȩsentiam,la,prȩsentia,suggested,1,
prȩsidis,la,prȩses,suggested,1,
pressum,la,pressus,suggested,1,
pressus,la,premo,suggested,1,
pręstandam,la,pręsto,suggested,1,
prestandum,la,presto,suggested,1,
pręstaret,la,pręsto,suggested,1,
prestat,la,presto,suggested,1,
prestitimus,la,presto,suggested,1,
prȩstitit,la,prȩsto,suggested,1,
pręstituetur,la,pręstituo,suggested,1,
pretendo,la,pretor,suggested,1,
prȩterea,la,prȩterea,suggested,1,
prȩterire,la,prȩtereo,suggested,1,
preterito,la,pretereo,suggested,1,
prȩterquam,la,prȩterquam,suggested,1,
pręterquam,la,pręterquam,suggested,1,
pretextu,la,pretextus,suggested,1,
pretii,la,pretium,suggested,1,
pretiosam,la,pretiosus,suggested,1,
pretiosarum,la,pretiosus,suggested,1,
pretiosi,la,pretiosus,suggested,1,
pretiosissimas,la,pretiosus,suggested,1,
pretiosissimo,la,pretiosus,suggested,1,
prevalere,la,prevaleo,suggested,1,
priceps,la,priceps,suggested,1,
pridie,la,pridie,suggested,1,
primario,la,primarius,suggested,1,
primariorum,la,primarius,suggested,1,
primatum,la,primatus,suggested,1,
primitiae,la,primitiae,suggested,1,
primitiva,la,primitivus,suggested,1,
primitivae,la,primitivus,suggested,1,
primogeniti,la,primogenitus,suggested,1,
primogenito,la,primogenitus,suggested,1,
primordijs,la,primordus,suggested,1,
primumque,la,primumque,suggested,1,
principales,la,principalis,suggested,1,
principalis,la,principalis,suggested,1,
principatum,la,principatus,suggested,1,
principijs,la,principium,suggested,1,
prior,la,prior,suggested,1,
prioratu,la,prioratus,suggested,1,
priore,la,prior,suggested,1,
priscas,la,priscus,suggested,1,
priscis,la,priscus,suggested,1,
pristin,la,pristin,suggested,1,
pristinamque,la,pristinaus,suggested,1,
pristino,la,pristinus,suggested,1,
pristinos,la,pristinus,suggested,1,
priuatas,la,priuo,suggested,1,
priuati,la,priuo,suggested,1,
priuatio,la,priuatio,suggested,1,
priuato,la,priuatus,suggested,1,
priuatum,la,priuo,suggested,1,
privant,la,privo,suggested,1,
privataeque,la,privataeque,suggested,1,
privati,la,privatus,suggested,1,
privatis,la,privatus,suggested,1,
privavit,la,privo,suggested,1,
privilegii,la,privilegium,suggested,1,
privilegiorum,la,privilegium,suggested,1,
proadministrator,la,proadministrator,suggested,1,
proadministratorem,la,proadministrator,suggested,1,
proadministratori,la,proadministrator,suggested,1,
proavis,la,proavis,suggested,1,
probabili,la,probabilis,suggested,1,
probabilis,la,probabilis,suggested,1,
probabiliter,la,probabiliter,suggested,1,
probandam,la,probo,suggested,1,
probarant,la,probo,suggested,1,
probare,la,probo,suggested,1,
probaret,la,probo,suggested,1,
probaretur,la,probo,suggested,1,
probari,la,probo,suggested,1,
probata,la,probo,suggested,1,
probati,la,probo,suggested,1,
probationes,la,probatio,suggested,1,
probatum,la,probo,suggested,1,
probatur,la,probo,suggested,1,
probaverint,la,probo,suggested,1,
probi,la,probus,suggested,1,
probiores,la,probior,suggested,1,
probis,la,probus,suggested,1,
probitas,la,probitas,suggested,1,
probos,la,probus,suggested,1,
probro,la,probrum,suggested,1,
probrosum,la,probrosus,suggested,1,
probrum,la,probrum,suggested,1,
proced,la,proced,suggested,1,
procedamus,la,procedo,suggested,1,
procedat,la,procedo,suggested,1,
procedendi,la,procedo,suggested,1,
procedens,la,procedo,suggested,1,
procederent,la,procedo,suggested,1,
procederet,la,procedo,suggested,1,
procedunt,la,procedo,suggested,1,
procella,la,procella,suggested,1,
procellam,la,procella,suggested,1,
procellarumque,la,procellarumquus,suggested,1,
procellis,la,procella,suggested,1,
proceribus,la,procer,suggested,1,
processi,la,procedo,suggested,1,
processissent,la,procedo,suggested,1,
processum,la,procedo,suggested,1,
procesu,la,procesus,suggested,1,
procidit,la,procido,suggested,1,
proclamabat,la,proclamo,suggested,1,
proclamant,la,proclamo,suggested,1,
proclamatum,la,proclamo,suggested,1,
proclamavit,la,proclamo,suggested,1,
procliuitate,la,procliuitas,suggested,1,
proclive,la,proclivis,suggested,1,
proconsule,la,proconsul,suggested,1,
proconsulem,la,proconsul,suggested,1,
procreandam,la,procreo,suggested,1,
procreationem,la,procreatio,suggested,1,
procreatis,la,procreo,suggested,1,
procreetur,la,procreo,suggested,1,
proculcatur,la,proculco,suggested,1,
procurabamus,la,procuro,suggested,1,
procurabat,la,procuro,suggested,1,
procurandam,la,procuro,suggested,1,
procurant,la,procuro,suggested,1,
procurante,la,procuro,suggested,1,
procurarent,la,procuro,suggested,1,
procurarint,la,procuro,suggested,1,
procurarunt,la,procuro,suggested,1,
procuratores,la,procurator,suggested,1,
procuratoria,la,procuratorius,suggested,1,
procuratorum,la,procuratus,suggested,1,
procuraturus,la,procuro,suggested,1,
procuravimus,la,procuro,suggested,1,
prodente,la,prodo,suggested,1,
proderent,la,prodo,suggested,1,
prodessent,la,prodsum,suggested,1,
prodesset,la,prosum,suggested,1,
prodest,la,prosum,suggested,1,
prodeunt,la,prodeo,suggested,1,
prodiderint,la,prodo,suggested,1,
prodiere,la,prodeo,suggested,1,
prodierunt,la,prodeo,suggested,1,
prodigia,la,prodigium,suggested,1,
prodigiis,la,prodigium,suggested,1,
prodigio,la,prodigium,suggested,1,
prodigiorum,la,prodigium,suggested,1,
prodigioso,la,prodigiosus,suggested,1,
prodigo,la,prodigus,suggested,1,
prodiisse,la,prodii,suggested,1,
prodiit,la,prodeo,suggested,1,
prodire,la,prodeo,suggested,1,
prodirent,la,prodeo,suggested,1,
proditio,la,proditio,suggested,1,
proditionem,la,proditio,suggested,1,
proditor,la,proditor,suggested,1,
proditores,la,proditor,suggested,1,
proditoribus,la,proditor,suggested,1,
proditoris,la,proditor,suggested,1,
prodituram,la,prodituo,suggested,1,
proditus,la,prodo,suggested,1,
prodromos,la,prodromus,suggested,1,
producant,la,produco,suggested,1,
producatur,la,produco,suggested,1,
produnt,la,prodo,suggested,1,
produxerit,la,produco,suggested,1,
produxerunt,la,produco,suggested,1,
profecta,la,proficio,suggested,1,
profectio,la,profectio,suggested,1,
profectis,la,profectus,suggested,1,
profectura,la,profeor,suggested,1,
proferendam,la,profero,suggested,1,
proferimus,la,profero,suggested,1,
proferre,la,profero,suggested,1,
proferrem,la,profero,suggested,1,
proferrent,la,profero,suggested,1,
proferret,la,profero,suggested,1,
professione,la,professio,suggested,1,
professioni,la,professio,suggested,1,
professionis,la,professio,suggested,1,
professos,la,profetior,suggested,1,
proficere,la,proficio,suggested,1,
profici,la,proficio,suggested,1,
proficiant,la,proficio,suggested,1,
proficisceretur,la,proficiscor,suggested,1,
proficiscitur,la,proficiscor,suggested,1,
proficiscuntur,la,proficiscor,suggested,1,
profitebantur,la,profiteor,suggested,1,
profitemur,la,profiteor,suggested,1,
profitentium,la,profiteor,suggested,1,
profiterentur,la,profiteor,suggested,1,
profiteri,la,profiteor,suggested,1,
profitetur,la,profiteor,suggested,1,
profligarent,la,profligo,suggested,1,
profligata,la,profligo,suggested,1,
profluendi,la,profluo,suggested,1,
profluxerunt,la,profluo,suggested,1,
proftrato,la,proftro,suggested,1,
profudi,la,profundo,suggested,1,
profugus,la,profugus,suggested,1,
profund,la,profund,suggested,1,
profundissimae,la,profundus,suggested,1,
profunditas,la,profunditas,suggested,1,
profunditatis,la,profunditas,suggested,1,
progenie,la,progenies,suggested,1,
prognatis,la,progno,suggested,1,
progredì,la,progredìor,suggested,1,
progrediebantur,la,progredior,suggested,1,
progrediente,la,progredior,suggested,1,
progreditur,la,progredior,suggested,1,
progressae,la,progredior,suggested,1,
progressu,la,progressus,suggested,1,
progressurum,la,progredo,suggested,1,
prohibeant,la,prohibeo,suggested,1,
prohibebant,la,prohibeo,suggested,1,
prohibemurrem,la,prohibeo,suggested,1,
prohibemus,la,prohibeo,suggested,1,
prohibent,la,prohibeo,suggested,1,
prohibentibus,la,prohibeo,suggested,1,
prohibeo,la,prohibeo,suggested,1,
prohiberemur,la,prohibeo,suggested,1,
prohiberent,la,prohibeo,suggested,1,
prohibetur,la,prohibeo,suggested,1,
prohibiteum,la,prohibitor,suggested,1,
prohibiti,la,prohibeo,suggested,1,
prohibitione,la,prohibitio,suggested,1,
proiecit,la,proicio,suggested,1,
proiecta,la,proicio,suggested,1,
proiecti,la,proicio,suggested,1,
proiiciuntur,la,proiicio,suggested,1,
prolatam,la,profero,suggested,1,
proles,la,proles,suggested,1,
prolixa,la,prolixus,suggested,1,
prolixior,la,prolixus,suggested,1,
prom,la,prom,suggested,1,
promereantur,la,promereo,suggested,1,
promeruit,la,promereo,suggested,1,
prominent,la,promineo,suggested,1,
promiscue,la,promiscue,suggested,1,
promiserat,la,promitto,suggested,1,
promiserunt,la,promitto,suggested,1,
promisi,la,promitto,suggested,1,
promisimus,la,promitto,suggested,1,
promissam,la,promitto,suggested,1,
promissas,la,promitto,suggested,1,
promissione,la,promissio,suggested,1,
promissiones,la,promissio,suggested,1,
promissionibus,la,promissio,suggested,1,
promisso,la,promitto,suggested,1,
promissorum,la,promissor,suggested,1,
promittebant,la,promitto,suggested,1,
promittebantur,la,promitto,suggested,1,
promittendo,la,promitto,suggested,1,
promittens,la,promitto,suggested,1,
promittentes,la,promitto,suggested,1,
promotionem,la,promotio,suggested,1,
promoturam,la,promotura,suggested,1,
promoturum,la,promoveo,suggested,1,
promoturus,la,promoveo,suggested,1,
promouendam,la,promoueo,suggested,1,
promoveantur,la,promoveo,suggested,1,
promoveat,la,promoveo,suggested,1,
promovendo,la,promoveo,suggested,1,
promovendum,la,promoveo,suggested,1,
promoventur,la,promoveo,suggested,1,
promoverent,la,promoveo,suggested,1,
promoveret,la,promoveo,suggested,1,
promoveri,la,promoveo,suggested,1,
promoverunt,la,promoveo,suggested,1,
promovit,la,promoveo,suggested,1,
promptam,la,promptus,suggested,1,
promptiores,la,promo,suggested,1,
promptissimus,la,promptus,suggested,1,
promtitudo,la,promtitudo,suggested,1,
promulgabit,la,promulgo,suggested,1,
promulgandum,la,promulgo,suggested,1,
promulgat,la,promulgo,suggested,1,
promulgationem,la,promulgatio,suggested,1,
promulgationi,la,promulgatio,suggested,1,
promulgatis,la,promulgo,suggested,1,
promulgato,la,promulgo,suggested,1,
promulgatores,la,promulgator,suggested,1,
promulgatum,la,promulgo,suggested,1,
promulgaturi,la,promulgo,suggested,1,
promulgavit,la,promulgo,suggested,1,
pronam,la,prona,suggested,1,
pronis,la,pronum,suggested,1,
pronum,la,pronus,suggested,1,
pronunciatae,la,pronuncio,suggested,1,
pronunciatur,la,pronuncio,suggested,1,
pronuntiarunt,la,pronuntio,suggested,1,
pronuntiatione,la,pronuntiatio,suggested,1,
prooemium,la,prooemium,suggested,1,
propagandae,la,propago,suggested,1,
propagande,la,Propagandes,suggested,1,
propagandum,la,propago,suggested,1,
propagare,la,propago,suggested,1,
propagata,la,propago,suggested,1,
propagatione,la,propagatio,suggested,1,
propagent,la,propago,suggested,1,
propallandam,la,propallo,suggested,1,
propensi,la,propendo,suggested,1,
propensio,la,propensio,suggested,1,
propensione,la,propensio,suggested,1,
propensiones,la,propensio,suggested,1,
propensos,la,propensus,suggested,1,
properante,la,propero,suggested,1,
propero,la,properus,suggested,1,
propheta,la,propheta,suggested,1,
prophetae,la,propheta,suggested,1,
prophetauit,la,propheto,suggested,1,
prophetiae,la,prophetia,suggested,1,
prophetiam,la,prophetia,suggested,1,
propheticis,la,propheticus,suggested,1,
propinare,la,propino,suggested,1,
propinato,la,propino,suggested,1,
propinqua,la,propinquus,suggested,1,
propinquans,la,propinquo,suggested,1,
propinquat,la,propinquo,suggested,1,
propinqui,la,propinquus,suggested,1,
propinquitate,la,propinquitas,suggested,1,
propinquos,la,propinquus,suggested,1,
propitia,la,propitius,suggested,1,
propitio,la,propitius,suggested,1,
propiusque,la,propiusque,suggested,1,
proponendas,la,propono,suggested,1,
proponitur,la,propono,suggested,1,
proponunt,la,propono,suggested,1,
proponuntur,la,propono,suggested,1,
proportione,la,proportio,suggested,1,
proposit,la,proposum,suggested,1,
propositionemque,la,propositionemque,suggested,1,
propositiones,la,propositio,suggested,1,
propositionibus,la,propositio,suggested,1,
propositis,la,propono,suggested,1,
proposuerat,la,propono,suggested,1,
proposuerit,la,propono,suggested,1,
proposuerunt,la,propono,suggested,1,
proprietatibus,la,proprietas,suggested,1,
proprii,la,proprius,suggested,1,
proprior,la,proprior,suggested,1,
proprios,la,proprius,suggested,1,
propugnabat,la,propugno,suggested,1,
propugnacula,la,propugnaculum,suggested,1,
propugnaculoque,la,propugnaculoque,suggested,1,
propugnaculorum,la,propugnaculum,suggested,1,
proque,la,proque,suggested,1,
proripiunt,la,proripio,suggested,1,
prorogandum,la,prorogo,suggested,1,
prorumpentibus,la,prorumpo,suggested,1,
prorumperet,la,prorumpo,suggested,1,
proscindi,la,proscindo,suggested,1,
proscribendâ,la,proscribo,suggested,1,
prosecutes,la,prosecuto,suggested,1,
proselytus,la,proselytus,suggested,1,
prosequantur,la,prosequor,suggested,1,
prosequar,la,prosequor,suggested,1,
prosequebantur,la,prosequor,suggested,1,
prosequendi,la,prosequor,suggested,1,
prosequendos,la,prosequor,suggested,1,
prosequendum,la,prosequor,suggested,1,
prosiliunt,la,prosilio,suggested,1,
prospectans,la,prospecto,suggested,1,
prospectum,la,prospicio,suggested,1,
prosperi,la,prosperus,suggested,1,
prosperior,la,prosperus,suggested,1,
prosperiorum,la,prosperus,suggested,1,
prosperos,la,prosperus,suggested,1,
prosperrimos,la,prosperrimus,suggested,1,
prosperus,la,prosperus,suggested,1,
prospicere,la,prospicio,suggested,1,
prostabat,la,prosto,suggested,1,
prostituendis,la,prostituo,suggested,1,
prostratus,la,prostrerno,suggested,1,
prostrauerat,la,prostrao,suggested,1,
protecto,la,protecto,suggested,1,
protectores,la,protector,suggested,1,
protegebat,la,protego,suggested,1,
protegenti,la,protego,suggested,1,
protegere,la,protego,suggested,1,
protestati,la,protestor,suggested,1,
protestationis,la,protestatio,suggested,1,
protexit,la,protego,suggested,1,
protractam,la,protraho,suggested,1,
protracto,la,protraho,suggested,1,
protraheretur,la,protraho,suggested,1,
protuli,la,profero,suggested,1,
protulit,la,profero,suggested,1,
prov,la,prov,suggested,1,
provecta,la,provicio,suggested,1,
provectiores,la,provicio,suggested,1,
provectis,la,proveho,suggested,1,
provenerint,la,provenio,suggested,1,
provenire,la,provenio,suggested,1,
provenit,la,provenio,suggested,1,
proventura,la,proveo,suggested,1,
provexit,la,proveho,suggested,1,
provicari,la,provico,suggested,1,
provicarii,la,provicarius,suggested,1,
provide,la,provideo,suggested,1,
providentur,la,provideo,suggested,1,
provideri,la,provideo,suggested,1,
providum,la,provis,suggested,1,
provin,la,provin,suggested,1,
provincȩ,la,provincȩ,suggested,1,
provinciâ,la,provinciâ,suggested,1,
provinciale,la,provincialis,suggested,1,
provincialium,la,provincialis,suggested,1,
provincjis,la,provincja,suggested,1,
provinicam,la,provinicus,suggested,1,
provisione,la,provisio,suggested,1,
provisorias,la,provisorius,suggested,1,
provisum,la,provideo,suggested,1,
provocabat,la,provoco,suggested,1,
provocantur,la,provoco,suggested,1,
provocarent,la,provoco,suggested,1,
provocatione,la,provocatio,suggested,1,
provocatosque,la,provocatosquus,suggested,1,
provolutum,la,provolvo,suggested,1,
proximae,la,proximus,suggested,1,
proximas,la,proximus,suggested,1,
proximior,la,proximus,suggested,1,
proximis,la,proximus,suggested,1,
proximius,la,proximus,suggested,1,
proximorumque,la,proximorumque,suggested,1,
prudenti,la,prudens,suggested,1,
prudentibus,la,prudens,suggested,1,
prudentissimos,la,prudens,suggested,1,
prudentium,la,prudens,suggested,1,
pruno,la,prunum,suggested,1,
psalmorum,la,psalmus,suggested,1,
psalterio,la,psalterium,suggested,1,
psalterium,la,psalter,suggested,1,
pseudo,la,pseudo,suggested,1,
psittacium,la,psittacium,suggested,1,
psytachi,la,psytachus,suggested,1,
ptiores,la,ptior,suggested,1,
ptistae,la,ptista,suggested,1,
ptolemaidem,la,ptolemaidis,suggested,1,
ptolemais,la,ptolemais,suggested,1,
publicare,la,publico,suggested,1,
publicatam,la,publico,suggested,1,
publicato,la,publico,suggested,1,
publicatum,la,publico,suggested,1,
publicetur,la,publico,suggested,1,
pucheu,la,Pucheus,suggested,1,
puchritudo,la,puchritudo,suggested,1,
pudefactis,la,pudefacio,suggested,1,
pudefecerunt,la,pudeficio,suggested,1,
pudet,la,pudo,suggested,1,
puellam,la,puella,suggested,1,
puellarum,la,puella,suggested,1,
puellas,la,puella,suggested,1,
puellis,la,puella,suggested,1,
puerilem,la,puerilis,suggested,1,
puerili,la,puerilis,suggested,1,
pueruli,la,puerulus,suggested,1,
puerulos,la,puerulus,suggested,1,
pugnabant,la,pugno,suggested,1,
pugnabat,la,pugno,suggested,1,
pugnacul,la,pugnacul,suggested,1,
pugnantium,la,pugno,suggested,1,
pugnarat,la,pugno,suggested,1,
pugnarent,la,pugno,suggested,1,
pugnatores,la,pugnator,suggested,1,
pugnatur,la,pugno,suggested,1,
pugnis,la,pugnus,suggested,1,
pulcerrima,la,pulcerrix,suggested,1,
pulcerrime,la,pulcerrime,suggested,1,
pulcherrimae,la,pulcher,suggested,1,
pulcherrime,la,pulcher,suggested,1,
pulcherrimè,la,pulcher,suggested,1,
pulcherrimis,la,pulcher,suggested,1,
pulcherrimum,la,pulcher,suggested,1,
pulchram,la,pulcher,suggested,1,
pulchrioribus,la,pulchrior,suggested,1,
pulchritudine,la,pulchritudo,suggested,1,
pulchro,la,pulcher,suggested,1,
pulchrum,la,pulcher,suggested,1,
pulcrum,la,pulcer,suggested,1,
pulex,la,pulex,suggested,1,
pullularunt,la,pullulo,suggested,1,
pullulat,la,pullulo,suggested,1,
pulsam,la,pello,suggested,1,
pulsansque,la,pulsans,suggested,1,
pulsatum,la,pulso,suggested,1,
pulso,la,pello,suggested,1,
puluerem,la,pulvis,suggested,1,
pululavit,la,pululo,suggested,1,
pulvere,la,pulvis,suggested,1,
pulverem,la,pulvis,suggested,1,
pulveris,la,pulvis,suggested,1,
puncta,la,punctum,suggested,1,
punctos,la,pungo,suggested,1,
pungentes,la,pungo,suggested,1,
puniant,la,punio,suggested,1,
punicalli,la,punicallus,suggested,1,
punicam,la,punicus,suggested,1,
punicis,la,punicus,suggested,1,
punire,la,punio,suggested,1,
puniretur,la,punio,suggested,1,
pura,la,purus,suggested,1,
pure,la,pure,suggested,1,
purgationi,la,purgatio,suggested,1,
purgato,la,purgo,suggested,1,
purgatorii,la,purgatorius,suggested,1,
purioris,la,purior,suggested,1,
puritate,la,puritas,suggested,1,
puritatem,la,puritas,suggested,1,
purpurei,la,purpureus,suggested,1,
putabantur,la,puto,suggested,1,
putabat,la,puto,suggested,1,
putabatur,la,puto,suggested,1,
putamus,la,puto,suggested,1,
putant,la,puto,suggested,1,
putantur,la,puto,suggested,1,
putare,la,puto,suggested,1,
putarent,la,puto,suggested,1,
putaret,la,puto,suggested,1,
putaretur,la,puto,suggested,1,
putat,la,puto,suggested,1,
putatur,la,puto,suggested,1,
putaverint,la,puto,suggested,1,
putavi,la,puto,suggested,1,
putentur,la,putor,suggested,1,
putes,la,puto,suggested,1,
putridi,la,putridus,suggested,1,
pyratar,la,pyratar,suggested,1,
qis,la,qis,suggested,1,
qodque,la,qodque,suggested,1,
quà,la,quà,suggested,1,
quadantenus,la,quadantenus,suggested,1,
quadragesimae,la,quadragesimus,suggested,1,
quadragesimale,la,quadragesimalis,suggested,1,
quadragesimali,la,quadragesimalis,suggested,1,
quadragies,la,quadragies,suggested,1,
quadri,la,quadrus,suggested,1,
quadrienio,la,quadrienio,suggested,1,
quadriennium,la,quadriennium,suggested,1,
quadringenti,la,quadringenti,suggested,1,
quadringentorum,la,quadringenti,suggested,1,
quadringentos,la,quadringenti,suggested,1,
quadripartita,la,quadripartio,suggested,1,
quaę,la,qui,suggested,1,
quaeqque,la,quisqque,suggested,1,
quaerantur,la,quaero,suggested,1,
quaerebatur,la,quaero,suggested,1,
quaerelam,la,quaerela,suggested,1,
quaerendo,la,quaero,suggested,1,
quaerentes,la,quaero,suggested,1,
quaerenti,la,quaero,suggested,1,
quaererent,la,quaero,suggested,1,
quaereret,la,quaero,suggested,1,
quaeri,la,quaero,suggested,1,
quaerimonias,la,quaerimonia,suggested,1,
quaeso,la,quaeso,suggested,1,
quaestioni,la,quaestio,suggested,1,
quaestiorum,la,quaestio,suggested,1,
quaet,la,quaeo,suggested,1,
qualecumque,la,qualiscumque,suggested,1,
qualem,la,qualis,suggested,1,
qualemcumque,la,qualismcumque,suggested,1,
qualemcunque,la,qualemcunques,suggested,1,
qualesquales,la,qualesqualis,suggested,1,
qualicunque,la,qualiscunque,suggested,1,
qualiscumque,la,qualiscumque,suggested,1,
qualiscunque,la,qualiscunque,suggested,1,
qualiter,la,qualiter,suggested,1,
quambacundoni,la,quambacundo,suggested,1,
quambacundono,la,quambacundonus,suggested,1,
quambacundonus,la,quambacundonus,suggested,1,
quambioindono,la,quambioindonus,suggested,1,
quambioyedonus,la,quambioyedonus,suggested,1,
quamcumque,la,quicumque,suggested,1,
quamcunquae,la,quamcunquae,suggested,1,
quammaxime,la,quammaxime,suggested,1,
quamplures,la,quamplures,suggested,1,
quamplurim,la,quamplurim,suggested,1,
quamplurimae,la,quamplurimus,suggested,1,
quamque,la,quamque,suggested,1,
quamtum,la,quamtum,suggested,1,
quamuis,la,quamuis,suggested,1,
quando,es,quando,suggested,1,
quandocumque,la,quandocumque,suggested,1,
quangning,la,quangnii,suggested,1,
quansi,la,quansi,suggested,1,
quantamvis,la,quantamvis,suggested,1,
quantani,la,quantanus,suggested,1,
quantanis,la,quantanus,suggested,1,
quantanorum,la,quantanus,suggested,1,
quanti,la,quantus,suggested,1,
quantitatem,la,quantitas,suggested,1,
quantu,la,quantu,suggested,1,
quantumcunque,la,quantumcumque,suggested,1,
quantumus,la,quantum,suggested,1,
quantumvis,la,quantumvus,suggested,1,
quantung,la,quantunus,suggested,1,
quapiam,la,quapiam,suggested,1,
quartae,la,quartus,suggested,1,
quartam,la,quartus,suggested,1,
quarumque,la,quique,suggested,1,
quarundam,la,quidam,suggested,1,
quatefacta,la,quatefacio,suggested,1,
quatenus,la,quatenus,suggested,1,
quatercentum,la,quatercentum,suggested,1,
quaternis,la,quaternus,suggested,1,
quaùe,la,quaùe,suggested,1,
quebant,la,quebo,suggested,1,
quedado,es,quedar,suggested,1,
quȩdam,la,quidam,suggested,1,
queicheu,la,queichei,suggested,1,
queilin,la,Queilin,suggested,1,
quelibet,la,quilibet,suggested,1,
quello,it,quello,suggested,1,
quemcumque,la,quicumque,suggested,1,
quemlibet,la,quilibet,suggested,1,
quenqu,la,quenqus,suggested,1,
querelas,la,querela,suggested,1,
querendam,la,queror,suggested,1,
quȩrere,la,quȩro,suggested,1,
quȩreremus,la,quȩro,suggested,1,
quȩrimus,la,quȩro,suggested,1,
querulus,la,querulus,suggested,1,
quesivi,la,quero,suggested,1,
quęso,la,quęso,suggested,1,
quevira,la,queviras,suggested,1,
quiasint,la,quiasum,suggested,1,
quibusad,la,quibu,suggested,1,
quibuscum,la,quicum,suggested,1,
quibuslibet,la,quilibet,suggested,1,
quibusve,la,quibu,suggested,1,
quic,la,quic,suggested,1,
quidnam,la,quisnam,suggested,1,
quidpiam,la,quidpiam,suggested,1,
quidque,la,quidque,suggested,1,
quidvis,la,quivis,suggested,1,
quiescendi,la,quiesco,suggested,1,
quiescit,la,quiesco,suggested,1,
quieti,la,quietus,suggested,1,
quietum,la,quietus,suggested,1,
quievere,la,quievo,suggested,1,
quievisse,la,quiesco,suggested,1,
quina,la,quina,suggested,1,
quinam,la,quinam,suggested,1,
quincta,la,quinctus,suggested,1,
quingentessimo,la,quingentessimus,suggested,1,
quingodono,la,quingodonus,suggested,1,
quingodonus,la,quingodonus,suggested,1,
quinis,la,quinus,suggested,1,
quinquagesime,la,quinquagesime,suggested,1,
quinquagesimo,la,quinquagesimus,suggested,1,
quinquagessimo,la,quinquagessimus,suggested,1,
quinquagessimum,la,quinquagessimus,suggested,1,
quinquennium,la,quinquennium,suggested,1,
quiq,la,quiq,suggested,1,
quisnam,la,quisnam,suggested,1,
quisqu,la,quisqu,suggested,1,
quocunque,la,quicumque,suggested,1,
quodammodo,la,quodammodo,suggested,1,
quodammodò,la,quodammodò,suggested,1,
quodd,la,quoi,suggested,1,
quodmodo,la,quodmodo,suggested,1,
quodq,la,quodq,suggested,1,
quodsi,la,quodsi,suggested,1,
quodsumus,la,quodsumus,suggested,1,
quomodocumque,la,quomodocumque,suggested,1,
quomodolibet,la,quomodolibet,suggested,1,
quon,la,quon,suggested,1,
quonam,la,quonam,suggested,1,
quoni,la,quoni,suggested,1,
quopiam,la,quopiam,suggested,1,
quoppiam,la,quoppiam,suggested,1,
quoquo,la,quisquis,suggested,1,
quoquouersus,la,quoquouersus,suggested,1,
quoscum,la,quicum,suggested,1,
quotidianis,la,quotidianus,suggested,1,
quotidiano,la,quotidianus,suggested,1,
quotidianum,la,quotidianus,suggested,1,
quotiens,la,quotiens,suggested,1,
quousque,la,quousque,suggested,1,
quum,la,quum,suggested,1,
qva,la,qvi,suggested,1,
qvoniam,la,qvoniam,suggested,1,
r.d,la,r.d,suggested,1,
r.t,la,r.t,suggested,1,
ra,la,ra,suggested,1,
rabbinus,la,rabbinus,suggested,1,
rabies,la,rabies,suggested,1,
raciolensis,la,raciolensis,suggested,1,
raciolo,la,raciolus,suggested,1,
radianti,la,radio,suggested,1,
radiantissimo,la,radians,suggested,1,
radicem,la,radix,suggested,1,
radij,la,radis,suggested,1,
radunt,la,rado,suggested,1,
rales,la,ralis,suggested,1,
ramón,la,ramón,suggested,1,
rangel,la,rangel,suggested,1,
rangelis,la,rangelus,suggested,1,
raperent,la,rapio,suggested,1,
raphael,la,raphael,suggested,1,
rapiebat,la,rapio,suggested,1,
rapinae,la,rapina,suggested,1,
rapiuntur,la,rapio,suggested,1,
raptant,la,rapto,suggested,1,
raptantur,la,rapto,suggested,1,
rara,la,rarus,suggested,1,
raras,la,rarus,suggested,1,
rari,la,rarus,suggested,1,
rarissimi,la,rarus,suggested,1,
rarò,la,rarò,suggested,1,
rasse,la,rassis,suggested,1,
rater,la,rater,suggested,1,
ratiocinati,la,ratiocinor,suggested,1,
ration,la,ration,suggested,1,
rationalem,la,rationalis,suggested,1,
rationeq,la,ratio,suggested,1,
rationeque,la,rationeque,suggested,1,
ratiotiem,la,ratioties,suggested,1,
ratoris,la,rator,suggested,1,
rauco,la,raucus,suggested,1,
reaedificandae,la,reaedifico,suggested,1,
reaedificandas,la,reaedifico,suggested,1,
reaedificandis,la,reaedifico,suggested,1,
reatum,la,reatus,suggested,1,
rebatur,la,rebo,suggested,1,
rebellantibus,la,rebello,suggested,1,
rebellassent,la,rebello,suggested,1,
rebellioni,la,rebellio,suggested,1,
rebello,la,rebellus,suggested,1,
rebuspriuentur,la,rebuspriuo,suggested,1,
rec,la,rec,suggested,1,
recceptorum,la,reccipio,suggested,1,
recedente,la,recedo,suggested,1,
recederet,la,recedo,suggested,1,
recederit,la,recedo,suggested,1,
recensebo,la,Recensebus,suggested,1,
recensentur,la,recenseo,suggested,1,
recenseo,la,recenseo,suggested,1,
recenset,la,recenseo,suggested,1,
recensituri,la,recensio,suggested,1,
recensui,la,recensus,suggested,1,
recentes,la,recens,suggested,1,
recenti,la,recens,suggested,1,
receperat,la,recipio,suggested,1,
recepimus,la,recipio,suggested,1,
recepistis,la,recipio,suggested,1,
receptaculum,la,receptaculum,suggested,1,
receptas,la,recipio,suggested,1,
recepti,la,recipio,suggested,1,
receptis,la,recipio,suggested,1,
receptum,la,recipio,suggested,1,
recepturas,la,recipio,suggested,1,
recepturos,la,recipio,suggested,1,
recesserit,la,recedo,suggested,1,
recessi,la,recedo,suggested,1,
recessimus,la,recedo,suggested,1,
recessit,la,recedo,suggested,1,
recessuri,la,recessuro,suggested,1,
reciba,es,recibir,suggested,1,
recidere,la,recido,suggested,1,
recidit,la,recido,suggested,1,
reciperemus,la,recipio,suggested,1,
reciperetur,la,recipio,suggested,1,
recipiemus,la,recipio,suggested,1,
recipiendos,la,recipio,suggested,1,
recipientes,la,recipio,suggested,1,
recipientur,la,recipio,suggested,1,
recipiet,la,recipio,suggested,1,
recipis,la,recipio,suggested,1,
recipiunt,la,recipio,suggested,1,
recitantes,la,recito,suggested,1,
recitare,la,recito,suggested,1,
recitata,la,recito,suggested,1,
recito,la,receo,suggested,1,
recivir,es,recivir,suggested,1,
reclusionis,la,reclusio,suggested,1,
recogit,la,recogo,suggested,1,
recognoscat,la,recognosco,suggested,1,
recognoscere,la,recognosco,suggested,1,
recognosceret,la,recognosco,suggested,1,
recognovit,la,recognosco,suggested,1,
recommendetis,la,recommendo,suggested,1,
recommendo,la,recommendo,suggested,1,
reconciliatam,la,reconcilio,suggested,1,
recordatio,la,recordatio,suggested,1,
recordatione,la,recordatio,suggested,1,
recordaturi,la,recordaor,suggested,1,
recordatus,la,recordor,suggested,1,
recordor,la,recordor,suggested,1,
recreandis,la,recreo,suggested,1,
recreare,la,recreo,suggested,1,
recreati,la,recreo,suggested,1,
recreavit,la,recreo,suggested,1,
recreent,la,recreo,suggested,1,
rectam,la,rectus,suggested,1,
rectaque,la,rectaque,suggested,1,
rectione,la,rectio,suggested,1,
rectissime,la,recte,suggested,1,
recto,la,rectus,suggested,1,
rectorales,la,rectoralis,suggested,1,
rectorali,la,rectoralis,suggested,1,
rectoralis,la,rectoralis,suggested,1,
rectoribus,la,rector,suggested,1,
reculis,la,recula,suggested,1,
recuperandam,la,recupero,suggested,1,
recuperaret,la,recupero,suggested,1,
recuperarint,la,recupero,suggested,1,
recuperarunt,la,recupero,suggested,1,
recuperaturi,la,recupero,suggested,1,
recuperet,la,recupio,suggested,1,
recurrere,la,recurro,suggested,1,
recurrerunt,la,recurro,suggested,1,
recurrunt,la,recurro,suggested,1,
recusant,la,recuso,suggested,1,
recusare,la,recuso,suggested,1,
recusarem,la,recuso,suggested,1,
recusarent,la,recuso,suggested,1,
recusem,la,recuso,suggested,1,
recuset,la,recuso,suggested,1,
redactae,la,redago,suggested,1,
redacto,la,redigo,suggested,1,
redactum,la,redigo,suggested,1,
reddant,la,reddo,suggested,1,
reddatur,la,reddo,suggested,1,
reddebat,la,reddo,suggested,1,
reddenda,la,reddo,suggested,1,
reddendo,la,reddo,suggested,1,
reddens,la,reddo,suggested,1,
reddentur,la,reddo,suggested,1,
redderetur,la,reddo,suggested,1,
reddidi,la,reddo,suggested,1,
reddimus,la,reddo,suggested,1,
redditae,la,reddo,suggested,1,
reddito,la,reddo,suggested,1,
redditos,la,reddo,suggested,1,
redditu,la,redditus,suggested,1,
redditum,la,reddo,suggested,1,
redditurum,la,reddo,suggested,1,
reddo,la,reddo,suggested,1,
redeant,la,redeo,suggested,1,
redegere,la,redego,suggested,1,
redegissent,la,redego,suggested,1,
redegit,la,redigo,suggested,1,
redemit,la,redimo,suggested,1,
redemptio,la,redemptio,suggested,1,
redemptor,es,Redemptor,suggested,1,
redemptorem,la,redemptor,suggested,1,
redemptus,la,redimo,suggested,1,
redeundo,la,redeo,suggested,1,
redeuntes,la,redeo,suggested,1,
redibant,la,redeo,suggested,1,
redibit,la,redeo,suggested,1,
redibo,la,redeo,suggested,1,
redicule,la,redicule,suggested,1,
rediculo,la,rediculum,suggested,1,
redierant,la,redeo,suggested,1,
rediero,la,redeo,suggested,1,
redigebat,la,redigo,suggested,1,
redigere,la,redigo,suggested,1,
redigit,la,redigo,suggested,1,
rediisset,la,redeo,suggested,1,
redimendis,la,redimo,suggested,1,
redimeret,la,redimo,suggested,1,
redintegranda,la,redintegro,suggested,1,
redirem,la,redeo,suggested,1,
rediremus,la,rediro,suggested,1,
redirent,la,redeo,suggested,1,
reditibus,la,reditus,suggested,1,
reditionem,la,reditio,suggested,1,
redituros,la,redo,suggested,1,
rediuiua,la,rediuiuus,suggested,1,
rediuiui,la,rediuiuo,suggested,1,
rediuiuis,la,rediuiuus,suggested,1,
rediuiuum,la,rediuiuus,suggested,1,
redivivos,la,redivivus,suggested,1,
redondo,la,Redondus,suggested,1,
reducendo,la,reduco,suggested,1,
reducendos,la,reduco,suggested,1,
reducerentur,la,reduco,suggested,1,
reducunt,la,reduco,suggested,1,
redundabit,la,redundo,suggested,1,
redundans,la,redundo,suggested,1,
redundaret,la,redundo,suggested,1,
redundarunt,la,redundo,suggested,1,
redundaturas,la,redundo,suggested,1,
redundavit,la,redundo,suggested,1,
redundet,la,redundo,suggested,1,
redux,la,redux,suggested,1,
reduxerunt,la,reduco,suggested,1,
refectorium,la,refectorius,suggested,1,
refeitorii,la,refeitorius,suggested,1,
refellimus,la,refello,suggested,1,
referant,la,refero,suggested,1,
referantur,la,refero,suggested,1,
referas,la,refero,suggested,1,
referatur,la,refero,suggested,1,
referens,la,refero,suggested,1,
refero,la,refero,suggested,1,
referre,la,refero,suggested,1,
referserint,la,refedo,suggested,1,
referta,la,refero,suggested,1,
refertum,la,refero,suggested,1,
referuntur,la,refero,suggested,1,
reficiuntur,la,reficio,suggested,1,
reflexi,la,reflego,suggested,1,
reformari,la,reformo,suggested,1,
reformationis,la,reformatio,suggested,1,
reformidarent,la,reformido,suggested,1,
reformidasset,la,reformido,suggested,1,
reformidavit,la,reformido,suggested,1,
refrendata,la,refrendo,suggested,1,
refrigescente,la,refrigesco,suggested,1,
refundatur,la,refundo,suggested,1,
refutandis,la,refuto,suggested,1,
refutare,la,refuto,suggested,1,
reg,la,res,suggested,1,
regale,la,regalis,suggested,1,
regales,la,regalis,suggested,1,
regalibus,la,regalis,suggested,1,
regebant,la,rego,suggested,1,
regebatur,la,rego,suggested,1,
regendam,la,rego,suggested,1,
regenerantur,la,regenero,suggested,1,
regentem,la,rego,suggested,1,
regentes,la,rego,suggested,1,
regeo,la,regeo,suggested,1,
regerent,la,rego,suggested,1,
regiâ,la,rex,suggested,1,
regiarum,la,regius,suggested,1,
regias,la,regius,suggested,1,
regii,la,regius,suggested,1,
regimini,la,regimen,suggested,1,
reginam,la,Reginus,suggested,1,
reginarum,la,regina,suggested,1,
regionemque,la,regionem,suggested,1,
regioni,la,regio,suggested,1,
regiorum,la,regius,suggested,1,
regios,la,regius,suggested,1,
regnans,la,regno,suggested,1,
regnanti,la,regno,suggested,1,
regnaret,la,regno,suggested,1,
regnasse,la,regno,suggested,1,
regnaverat,la,regno,suggested,1,
regnavit,la,regno,suggested,1,
regnet,la,regno,suggested,1,
regnor,la,regnor,suggested,1,
regressionem,la,regressio,suggested,1,
regressionis,la,regressio,suggested,1,
regressorum,la,regressor,suggested,1,
regressu,la,regressus,suggested,1,
regul,la,regul,suggested,1,
regulam,la,regula,suggested,1,
regular,es,regular,suggested,1,
regularibus,la,regularis,suggested,1,
regularis,la,regularis,suggested,1,
regulorum,la,regulus,suggested,1,
rehno,la,Rehnus,suggested,1,
reiecit,la,reicio,suggested,1,
reiecta,la,reicio,suggested,1,
reiecti,la,reicio,suggested,1,
reiectis,la,reicio,suggested,1,
reiectos,la,reicio,suggested,1,
reiicere,la,reiicio,suggested,1,
reiiciuntur,la,reiicio,suggested,1,
reinos,es,reino,suggested,1,
reip,la,reis,suggested,1,
reis,la,reus,suggested,1,
relapsurum,la,relago,suggested,1,
relatam,la,refero,suggested,1,
relationis,la,relatio,suggested,1,
relegat,la,relego,suggested,1,
relegavit,la,relego,suggested,1,
reli,la,relo,suggested,1,
relictae,la,relinquo,suggested,1,
relictos,la,relinquo,suggested,1,
relictus,la,relinquo,suggested,1,
religion,es,religion,suggested,1,
religioneque,la,religioneque,suggested,1,
religiosisque,la,religiosisque,suggested,1,
religiosissimi,la,religiosus,suggested,1,
religiosos,es,religioso,suggested,1,
relin,la,relo,suggested,1,
relinquant,la,relinquo,suggested,1,
relinquat,la,relinquo,suggested,1,
relinquebamus,la,relinquo,suggested,1,
relinquebatur,la,relinquo,suggested,1,
relinquendo,la,relinquo,suggested,1,
relinquendum,la,relinquo,suggested,1,
relinquens,la,relinquo,suggested,1,
relinquentes,la,relinquo,suggested,1,
relinqueret,la,relinquo,suggested,1,
relinqueretur,la,relinquo,suggested,1,
relinqui,la,relinquo,suggested,1,
relinquo,la,relinquo,suggested,1,
reliquer,la,relnquo,suggested,1,
reliquerat,la,relinquo,suggested,1,
reliquere,la,relinquo,suggested,1,
reliquerint,la,relinquo,suggested,1,
reliquia,la,reliquium,suggested,1,
reliquiae,la,reliquiae,suggested,1,
reliquid,la,reliquis,suggested,1,
reliquiis,la,relnquo,suggested,1,
reliquimus,la,relinquo,suggested,1,
reliquisse,la,relinquo,suggested,1,
reliquosque,la,reliquos,suggested,1,
relligionem,la,relligio,suggested,1,
reluctante,la,relucto,suggested,1,
remaneat,la,remaneo,suggested,1,
remanebimus,la,remaneo,suggested,1,
remanebit,la,remaneo,suggested,1,
remanendi,la,remaneo,suggested,1,
remaneremus,la,remaneo,suggested,1,
remanserant,la,remaneo,suggested,1,
remanserint,la,remaneo,suggested,1,
remansi,la,remaneo,suggested,1,
remansuros,la,remaneo,suggested,1,
remediit,la,remedeo,suggested,1,
remediumadhibeatadmaiorem,la,remediumadhibeatadmaiorec,suggested,1,
remigantibus,la,remigo,suggested,1,
reminam,la,remina,suggested,1,
reminiscor,la,reminiscor,suggested,1,
remisi,la,remitto,suggested,1,
remissio,la,remissio,suggested,1,
remissioni,la,remissio,suggested,1,
remissus,la,remitto,suggested,1,
remittendis,la,remitto,suggested,1,
remittent,la,remitto,suggested,1,
remitterentur,la,remitto,suggested,1,
remitteret,la,remitto,suggested,1,
remotam,la,remoueo,suggested,1,
remotas,la,remoueo,suggested,1,
remotior,la,remotus,suggested,1,
remotioribus,la,remotus,suggested,1,
remotos,la,remoueo,suggested,1,
removendo,la,removeo,suggested,1,
removere,la,removeo,suggested,1,
removerunt,la,removeo,suggested,1,
remunerandus,la,remunero,suggested,1,
remuneratio,la,remuneratio,suggested,1,
remuneratione,la,remuneratio,suggested,1,
remunerationis,la,remuneratio,suggested,1,
remuneratus,la,remunero,suggested,1,
renato,la,renascor,suggested,1,
rendus,la,rendus,suggested,1,
renissimus,la,renus,suggested,1,
renitentes,la,renitor,suggested,1,
reniti,la,renitor,suggested,1,
renovaretur,la,renovo,suggested,1,
renovasset,la,renovo,suggested,1,
renovata,la,renovo,suggested,1,
renovatus,la,renovo,suggested,1,
renovavit,la,renovo,suggested,1,
renovetur,la,renovo,suggested,1,
rentia,la,rentia,suggested,1,
renuat,la,renuo,suggested,1,
renuissem,la,renueo,suggested,1,
renunciarent,la,renuncio,suggested,1,
reor,la,reor,suggested,1,
reoxey,la,reoxeus,suggested,1,
reoyn,la,Reoyn,suggested,1,
reparabitur,la,reparo,suggested,1,
reparandae,la,reparo,suggested,1,
reparatoris,la,reparator,suggested,1,
repedaret,la,repedo,suggested,1,
repellere,la,repello,suggested,1,
repellit,la,repello,suggested,1,
repellitur,la,repello,suggested,1,
rependat,la,rependo,suggested,1,
rependendum,la,rependo,suggested,1,
rependere,la,rependo,suggested,1,
repentina,la,repentinus,suggested,1,
repentino,la,repentinus,suggested,1,
repentinos,la,repentinus,suggested,1,
reperi,la,repero,suggested,1,
reperiatur,la,reperio,suggested,1,
reperientur,la,reperio,suggested,1,
reperierunt,la,reperio,suggested,1,
reperio,la,reperio,suggested,1,
reperirent,la,reperio,suggested,1,
reperissent,la,reperio,suggested,1,
reperit,la,reperio,suggested,1,
reperitur,la,reperio,suggested,1,
reperiunt,la,reperio,suggested,1,
reperiuntur,la,reperior,suggested,1,
reperta,la,reperio,suggested,1,
repertum,la,reperio,suggested,1,
repertus,la,reperio,suggested,1,
reperunt,la,repero,suggested,1,
repetam,la,repeto,suggested,1,
repetamus,la,repeto,suggested,1,
repetendi,la,repeto,suggested,1,
repetendis,la,repeto,suggested,1,
repetendo,la,repeto,suggested,1,
repetere,la,repeto,suggested,1,
repeteret,la,repeto,suggested,1,
repetionibus,la,repetio,suggested,1,
repetit,la,repeto,suggested,1,
repetita,la,repeto,suggested,1,
repetitis,la,repeto,suggested,1,
repleant,la,repleo,suggested,1,
repleta,la,repleo,suggested,1,
reponendus,la,repono,suggested,1,
reponuntur,la,repono,suggested,1,
reportandis,la,reporto,suggested,1,
reportant,la,reporto,suggested,1,
reportare,la,reporto,suggested,1,
reportat,la,reporto,suggested,1,
reportatas,la,reporto,suggested,1,
reportavit,la,reporto,suggested,1,
reposcerem,la,reposco,suggested,1,
reposita,la,repono,suggested,1,
reposta,pt,reposta,suggested,1,
reposuisset,la,repono,suggested,1,
repperit,la,repperio,suggested,1,
repraesentarint,la,repraesento,suggested,1,
repraesento,la,repraesentus,suggested,1,
reprehendet,la,reprehendo,suggested,1,
reprehensione,la,reprehensio,suggested,1,
reprȩsentans,la,reprȩsento,suggested,1,
repręsentauit,la,repręsento,suggested,1,
repressa,la,reprimo,suggested,1,
repressit,la,reprimo,suggested,1,
reprimerent,la,reprimo,suggested,1,
reprimi,la,reprimo,suggested,1,
repudiarent,la,repudio,suggested,1,
repudiatis,la,repudio,suggested,1,
repudiato,la,repudio,suggested,1,
repudiavit,la,repudio,suggested,1,
repudiet,la,repudio,suggested,1,
repugnabant,la,repugno,suggested,1,
repugnante,la,repugno,suggested,1,
repugnare,la,repugno,suggested,1,
repugnarent,la,repugno,suggested,1,
repugnat,la,repugno,suggested,1,
repugnatum,la,repugno,suggested,1,
repulerunt,la,repello,suggested,1,
repullulabit,la,repullulo,suggested,1,
repulsione,la,repulsio,suggested,1,
reputabo,la,reputo,suggested,1,
reputant,la,reputo,suggested,1,
requies,la,requies,suggested,1,
requiescere,la,requiesco,suggested,1,
requiesceret,la,requiesco,suggested,1,
requiro,la,requiro,suggested,1,
requiruntur,la,requiro,suggested,1,
requisitas,la,requisitas,suggested,1,
resarcire,la,resarcio,suggested,1,
resarciret,la,resarcio,suggested,1,
rescindere,la,rescindo,suggested,1,
rescissionibus,la,rescissio,suggested,1,
rescribam,la,rescribo,suggested,1,
reservare,la,reservo,suggested,1,
reservari,la,reseruo,suggested,1,
reservarunt,la,reservo,suggested,1,
reservata,la,reseruo,suggested,1,
reservati,la,reseruo,suggested,1,
reservatur,la,reservo,suggested,1,
resesit,la,resesum,suggested,1,
residen,es,residir,suggested,1,
residenciae,la,residencia,suggested,1,
residenciarum,la,residencia,suggested,1,
residências,pt,residência,suggested,1,
residenda,es,residenda,suggested,1,
residens,la,resideo,suggested,1,
residente,la,resideo,suggested,1,
residentes,la,resideo,suggested,1,
residentibus,la,resideo,suggested,1,
residentis,la,resideo,suggested,1,
residere,la,resideo,suggested,1,
residerem,la,resideo,suggested,1,
residuos,la,residuus,suggested,1,
resipiscant,la,resipisco,suggested,1,
resistens,la,resisto,suggested,1,
resistentes,la,resisto,suggested,1,
resoluta,la,resoluo,suggested,1,
respective,la,respective,suggested,1,
respicientes,la,respicio,suggested,1,
respirabant,la,respiro,suggested,1,
respirabit,la,respiro,suggested,1,
respirare,la,respiro,suggested,1,
respirarunt,la,respiro,suggested,1,
respon,la,respon,suggested,1,
respondebat,la,respondeo,suggested,1,
respondendo,la,respondeo,suggested,1,
responderat,la,respondeo,suggested,1,
responderem,la,respondeo,suggested,1,
responderent,la,respondeo,suggested,1,
responderet,la,respondeo,suggested,1,
respondet,la,respondeo,suggested,1,
respondisset,la,respondeo,suggested,1,
responsiones,la,responsio,suggested,1,
responsionibus,la,responsio,suggested,1,
responsionum,la,responsio,suggested,1,
responsis,la,responsum,suggested,1,
respuebat,la,respuo,suggested,1,
respuerunt,la,respuo,suggested,1,
resq,la,resqs,suggested,1,
ressidens,la,ressideo,suggested,1,
ressidentiam,la,ressidentia,suggested,1,
restabant,la,resto,suggested,1,
restauratoris,la,restaurator,suggested,1,
resti,la,restis,suggested,1,
restitissent,la,resto,suggested,1,
restituant,la,restituo,suggested,1,
restituantur,la,restituo,suggested,1,
restituendarum,la,restituo,suggested,1,
restituerentur,la,restituo,suggested,1,
restitueret,la,restituo,suggested,1,
restitueretur,la,restituo,suggested,1,
restituet,la,restituo,suggested,1,
restitui,la,restituo,suggested,1,
restituitur,la,restituo,suggested,1,
restitutae,la,restituo,suggested,1,
restituti,la,restituo,suggested,1,
restitutum,la,restituo,suggested,1,
restitutus,la,restituo,suggested,1,
restituunt,la,restituo,suggested,1,
restrictam,la,restringo,suggested,1,
resultanti,la,resulto,suggested,1,
resumere,la,resumo,suggested,1,
resumerent,la,resumo,suggested,1,
resumptis,la,resumo,suggested,1,
resurectione,la,resurectio,suggested,1,
resurgentium,la,resurgo,suggested,1,
resurrectio,la,resurrectio,suggested,1,
ret,la,ro,suggested,1,
retardabatur,la,retardo,suggested,1,
retardabuntur,la,retardo,suggested,1,
retardante,la,retardo,suggested,1,
retardaret,la,retardo,suggested,1,
retardatae,la,retardo,suggested,1,
retardatio,la,retardatio,suggested,1,
retardetur,la,retardo,suggested,1,
retecta,la,retego,suggested,1,
retegenda,la,retego,suggested,1,
retenti,la,retineo,suggested,1,
retentis,la,retineo,suggested,1,
rethorica,la,rethoricus,suggested,1,
reti,la,retum,suggested,1,
retias,la,retia,suggested,1,
reticuerit,la,reticeo,suggested,1,
reticula,la,reticula,suggested,1,
retificare,la,retifico,suggested,1,
retineat,la,retineo,suggested,1,
retinemus,la,retineo,suggested,1,
retinend,la,retineo,suggested,1,
retinendo,la,retineo,suggested,1,
retineri,la,retineo,suggested,1,
retinetis,la,retineo,suggested,1,
retinetur:deus,la,retinetur:deus,suggested,1,
retinuerint,la,retineo,suggested,1,
retinuimus,la,retinuo,suggested,1,
retractus,la,retraho,suggested,1,
retraxit,la,retraho,suggested,1,
retribuit,la,retribuo,suggested,1,
retrocederant,la,retrocedor,suggested,1,
retrocedere,la,retrocedo,suggested,1,
retrocesserint,la,retrocedo,suggested,1,
retrusum,la,retrusus,suggested,1,
retulerunt,la,rfero,suggested,1,
retuli,la,retueo,suggested,1,
retulisse,la,rfero,suggested,1,
retusa,la,retundo,suggested,1,
reuelante,la,reuelo,suggested,1,
reuereri,la,reuereor,suggested,1,
reum,la,reus,suggested,1,
reuocandum,la,reuoco,suggested,1,
reuocantur,la,reuoco,suggested,1,
reuocare,la,reuoco,suggested,1,
reuocatus,la,reuoco,suggested,1,
reve,la,reve,suggested,1,
revelante,la,revelo,suggested,1,
reverà,la,reverà,suggested,1,
revereantur,la,revereor,suggested,1,
reverencia,la,reverencia,suggested,1,
reverendi,la,revereor,suggested,1,
reverendissimos,la,reverendissimi,suggested,1,
reverendus,la,reveror,suggested,1,
reverentie,la,Reverentia,suggested,1,
reversurum,la,revertor,suggested,1,
revertamur,la,revertor,suggested,1,
revertant,la,reuorto,suggested,1,
revertebantur,la,revertor,suggested,1,
revertentibus,la,revertor,suggested,1,
reverterit,la,revertor,suggested,1,
reverterunt,la,revertor,suggested,1,
revertet,la,reverto,suggested,1,
revertissent,la,reverto,suggested,1,
revertisset,la,reverto,suggested,1,
revertuntur,la,revertor,suggested,1,
revisorem,la,revisor,suggested,1,
revocabantur,la,revoco,suggested,1,
revocarent,la,revoco,suggested,1,
revocaretur,la,revoco,suggested,1,
revocarunt,la,revoco,suggested,1,
revocatas,la,revoco,suggested,1,
revocatis,la,revoco,suggested,1,
revocavit,la,revoco,suggested,1,
revoluit,la,revoluo,suggested,1,
rexerunt,la,rego,suggested,1,
rexid,la,rexis,suggested,1,
rexissent,la,ricio,suggested,1,
rexit,la,rego,suggested,1,
reynos,es,reyno,suggested,1,
rhodius,la,rhode,suggested,1,
rhodum,la,Rhodos,suggested,1,
riam,la,ria,suggested,1,
rias,la,ria,suggested,1,
riberus,la,riberus,suggested,1,
ricci,la,riccus,suggested,1,
richardus,la,Richardus,suggested,1,
ridet,la,rideo,suggested,1,
rigidum,la,rigidus,suggested,1,
rimantem,la,rimo,suggested,1,
rio,la,riuus,suggested,1,
risu,la,risus,suggested,1,
risum,la,risus,suggested,1,
ritas,la,ritas,suggested,1,
ritè,la,ritè,suggested,1,
ritibus,la,ritus,suggested,1,
rito,la,rito,suggested,1,
rivera,la,river,suggested,1,
rixa,la,rixa,suggested,1,
rmi,la,rmus,suggested,1,
ro,la,ro,suggested,1,
robertus,la,robertus,suggested,1,
roborandas,la,roboro,suggested,1,
roborati,la,roboro,suggested,1,
roboris,la,robur,suggested,1,
robustam,la,robustus,suggested,1,
robustiores,la,robustus,suggested,1,
robustis,la,robustus,suggested,1,
rochus,la,rochus,suggested,1,
rodericum,la,rodericus,suggested,1,
rodomina,la,Rodominus,suggested,1,
rodrigues,la,rodrigues,suggested,1,
rodriguez,la,rodriguez,suggested,1,
rodulpho,la,rodulphus,suggested,1,
rodulphum,la,rodulphus,suggested,1,
rogabam,la,rogo,suggested,1,
rogabant,la,rogo,suggested,1,
rogabimus,la,rogo,suggested,1,
rogamus,la,rogo,suggested,1,
rogans,la,rogo,suggested,1,
rogante,la,rogo,suggested,1,
rogarunt,la,rogo,suggested,1,
rogati,la,rogo,suggested,1,
rogatis,la,rogo,suggested,1,
rogavi,la,rogo,suggested,1,
rogerius,la,rogerius,suggested,1,
roget,la,rogo,suggested,1,
rogum,la,rogus,suggested,1,
romane,la,romanus,suggested,1,
romani,la,Romanus,suggested,1,
romulum,la,romulus,suggested,1,
ros,la,ros,suggested,1,
rosae,la,rosa,suggested,1,
rosarii,la,rosarius,suggested,1,
rosariis,la,rosarius,suggested,1,
rosarij,la,rosarius,suggested,1,
roseo,la,roseus,suggested,1,
rota,la,rota,suggested,1,
rotam,la,rota,suggested,1,
rotatur,la,rotor,suggested,1,
rotundum,la,rotundus,suggested,1,
ruan,la,ruan,suggested,1,
ruarias,la,ruarius,suggested,1,
rubeam,la,rubeo,suggested,1,
rubeis,la,rubeus,suggested,1,
rubra,la,ruber,suggested,1,
rubrae,la,rubra,suggested,1,
rubrum,la,rubrus,suggested,1,
rude,la,rudis,suggested,1,
rudem,la,rudis,suggested,1,
rudibus,la,rudis,suggested,1,
rudimentis,la,rudimentum,suggested,1,
rudissimi,la,rudus,suggested,1,
rudium,la,rudius,suggested,1,
ruentem,la,ruo,suggested,1,
ruerent,la,ruo,suggested,1,
rueret,la,ruo,suggested,1,
ruete,la,ruo,suggested,1,
rui,la,ruus,suggested,1,
ruidas,la,ruidas,suggested,1,
ruinae,la,ruina,suggested,1,
ruituros,la,ruo,suggested,1,
ruminanda,la,rumino,suggested,1,
rumor,la,rumor,suggested,1,
rumoribus,la,rumor,suggested,1,
runt,la,ro,suggested,1,
ruphi,la,ruphus,suggested,1,
ruptis,la,rumpo,suggested,1,
rupto,la,rumpo,suggested,1,
rusci,la,Ruscius,suggested,1,
ruscia,la,ruscia,suggested,1,
ruscie,la,Ruscia,suggested,1,
rustica,la,rusticus,suggested,1,
rustici,la,rusticus,suggested,1,
rusticorum,la,rusticus,suggested,1,
rutilare,la,rutilo,suggested,1,
sabbat,la,sabbo,suggested,1,
sabinum,la,Sabinus,suggested,1,
sabulosam,la,sabulosus,suggested,1,
sacaiano,la,Sacaianus,suggested,1,
sacaianus,la,sacaianus,suggested,1,
sacanus,la,sacanus,suggested,1,
sacay,la,sacay,suggested,1,
saccano,la,saccanus,suggested,1,
sacerdote,la,sacerdos,suggested,1,
sacerdotia,la,sacerdotium,suggested,1,
sacerdotii,la,sacerdotium,suggested,1,
sacerdotium,la,sacerdotium,suggested,1,
saco,la,sacus,suggested,1,
sacr,la,sacr,suggested,1,
sacramentorùmque,la,sacramentorùmq,suggested,1,
sacraq,la,sacer,suggested,1,
sacrarium,la,sacrarius,suggested,1,
sacrasque,la,sacrasque,suggested,1,
sacratis,la,sacratus,suggested,1,
sacratissimae,la,sacratus,suggested,1,
sacratos,la,sacratus,suggested,1,
sacre,la,sacer,suggested,1,
sacrificatur,la,sacrifico,suggested,1,
sacrifici,la,sacrifico,suggested,1,
sacrificii,la,sacrificium,suggested,1,
sacrificiorum,la,sacrificium,suggested,1,
sacrificuli,la,sacrificulum,suggested,1,
sacrificulis,la,sacrificulum,suggested,1,
sacrificulorum,la,sacrificulum,suggested,1,
sacrificulum,la,sacrificulum,suggested,1,
sacrilega,la,sacrilegus,suggested,1,
sacrilegam,la,sacrilegus,suggested,1,
sacrilegis,la,sacrilegus,suggested,1,
sacrilegum,la,sacrilegus,suggested,1,
sacrosancta,la,sacrosanctus,suggested,1,
sacrosanctae,la,sacrosanctus,suggested,1,
sacrosanctum,la,sacrosanctus,suggested,1,
sacrosantam,la,sacrosanta,suggested,1,
sacuiman,la,Sacuimas,suggested,1,
sae,la,sae,suggested,1,
saecularibus,la,saecularis,suggested,1,
saecularium,la,saecularis,suggested,1,
saeculi,la,saeculum,suggested,1,
saeculis,la,saeculum,suggested,1,
saeparatae,la,saeparo,suggested,1,
saepè,la,saepè,suggested,1,
saepiúsque,la,saepiúsque,suggested,1,
saeuissime,la,saeue,suggested,1,
saeviant,la,saevio,suggested,1,
saeviebat,la,saevio,suggested,1,
saeviendo,la,saevio,suggested,1,
saevierunt,la,saevio,suggested,1,
saeviit,la,saevio,suggested,1,
saevire,la,saevio,suggested,1,
saevirent,la,saevio,suggested,1,
saeviri,la,saevio,suggested,1,
saevissimis,la,saevus,suggested,1,
saevitia,la,saevitia,suggested,1,
saevitiae,la,saevitia,suggested,1,
saevitiam,la,saevitia,suggested,1,
saevitiem,la,saevities,suggested,1,
sagaci,la,sagacus,suggested,1,
sagitas,la,sagitas,suggested,1,
sagittarios,la,sagittarius,suggested,1,
saigoensis,la,saigoensus,suggested,1,
salcete,la,salcetus,suggested,1,
salfetani,la,salfetanus,suggested,1,
salomonis,la,salomon,suggested,1,
salonam,la,Salona,suggested,1,
salsa,la,salio,suggested,1,
salsas,la,salsus,suggested,1,
salsetana,la,Salsetana,suggested,1,
salsi,la,salsus,suggested,1,
saluarentur,la,saluo,suggested,1,
saluat,la,saluo,suggested,1,
saluberrimus,la,saluberrimus,suggested,1,
salubri,la,salubris,suggested,1,
salubria,la,salubris,suggested,1,
salubriorem,la,salubrus,suggested,1,
salud,es,salud,suggested,1,
salutandum,la,saluto,suggested,1,
salutans,la,saluto,suggested,1,
salutant,la,saluto,suggested,1,
salutare,la,salutare,suggested,1,
salutaria,la,salutaris,suggested,1,
salutaris,la,salutaris,suggested,1,
salutat,la,saluto,suggested,1,
salutiensis,la,salutienses,suggested,1,
salutiferae,la,salutifer,suggested,1,
saluto,la,salutum,suggested,1,
salva,la,salvus,suggested,1,
salvandi,la,salvo,suggested,1,
salvare,la,salvo,suggested,1,
salvatori,la,salvator,suggested,1,
salvatur,la,salvo,suggested,1,
salvo,es,salvo,suggested,1,
sama,la,sama,suggested,1,
samahania,la,samahania,suggested,1,
sambiasi,la,Sambiasus,suggested,1,
sambiasius,la,sambiasius,suggested,1,
sancham,la,sanchus,suggested,1,
sanches,la,sanches,suggested,1,
sancierunt,la,sanceo,suggested,1,
sancita,la,sanceo,suggested,1,
sanctaeque,la,sanctaeque,suggested,1,
sanctarum,la,sanctus,suggested,1,
sanctas,la,sanctus,suggested,1,
sanctȩ,la,sanctus,suggested,1,
sanctę,la,sanctus,suggested,1,
sanctifica,la,sanctificus,suggested,1,
sanctificam,la,sanctificus,suggested,1,
sanctimoniae,la,sanctimonia,suggested,1,
sanctimoniam,la,sanctimonia,suggested,1,
sanctio,la,sanctio,suggested,1,
sanctionibus,la,sanctio,suggested,1,
sanctiore,la,sanctus,suggested,1,
sanctissimo,la,sanctus,suggested,1,
sanctissimoque,la,sanctissimoque,suggested,1,
sanctitatis,la,sanctitas,suggested,1,
sanctumque,la,sanctumque,suggested,1,
sandalina,la,sandalinus,suggested,1,
sande,la,sandus,suggested,1,
sanè,la,sanè,suggested,1,
sangui,la,sanguis,suggested,1,
sanguin,la,sanguin,suggested,1,
sanguinolento,la,sanguinolentus,suggested,1,
sanis,la,sanis,suggested,1,
sanitate,la,sanitas,suggested,1,
sanitatem,la,sanitas,suggested,1,
sanitatis,la,sanitas,suggested,1,
sano,la,sanus,suggested,1,
santimoniae,la,santimonia,suggested,1,
sanxerunt,la,sancio,suggested,1,
sanxisset,la,sango,suggested,1,
sanxit,la,sango,suggested,1,
saphirus,la,saphir,suggested,1,
sapientem,la,sapiens,suggested,1,
sapienter,la,sapienter,suggested,1,
sapientes,la,sapiens,suggested,1,
sapientis,la,sapiens,suggested,1,
sapientissimè,la,sapientus,suggested,1,
sapientissimi,la,sapiens,suggested,1,
sapientissimo,la,sapientissimus,suggested,1,
sara,la,sara,suggested,1,
saracenus,la,saracenus,suggested,1,
saraschuk,la,saraschus,suggested,1,
sarcinam,la,sarcina,suggested,1,
sarcinulis,la,sarcinulus,suggested,1,
sarcirentur,la,sarcior,suggested,1,
sarcofagum,la,sarcofagus,suggested,1,
sardinia,la,Sardinius,suggested,1,
sarecenorum,la,sarecenus,suggested,1,
sarezana,la,Sarezana,suggested,1,
sarmatum,la,Sarmatus,suggested,1,
sarpetri,la,sarpetrus,suggested,1,
sarracenorum,la,sarracenus,suggested,1,
sartam,la,sario,suggested,1,
sartoris,la,sartor,suggested,1,
sartorum,la,sartus,suggested,1,
sassedonus,la,sassedon,suggested,1,
sassumani,la,sassumanis,suggested,1,
sat,la,satis,suggested,1,
satanas,la,satanas,suggested,1,
satellites,la,satelles,suggested,1,
sathanae,la,Sathanas,suggested,1,
sathanico,la,Sathanicus,suggested,1,
sathanicos,la,sathanicus,suggested,1,
satiarent,la,satio,suggested,1,
satiat,la,satio,suggested,1,
satiata,la,satio,suggested,1,
satietur,la,satio,suggested,1,
satisfaciat,la,satisfacio,suggested,1,
satisfaciendi,la,satisfacio,suggested,1,
satisfacit,la,satisfacio,suggested,1,
satisfecerat,la,satisfacio,suggested,1,
satisfiat,la,satisfio,suggested,1,
satisfie,la,satisfie,suggested,1,
satisfieret,la,satisfio,suggested,1,
saulo,la,saulus,suggested,1,
saulus,la,saulus,suggested,1,
sauoiamanum,la,sauoiamanus,suggested,1,
saxa,la,saxum,suggested,1,
saxo,la,Saxus,suggested,1,
saxorum,la,saxus,suggested,1,
scalae,la,scala,suggested,1,
scalas,la,scala,suggested,1,
scandalis,la,scandalum,suggested,1,
scandalizaret,la,scandalizo,suggested,1,
scandalizatos,la,scandalizo,suggested,1,
scandalorum,la,scandalum,suggested,1,
scandalosa,la,scandalosus,suggested,1,
scandalosas,la,scandalosus,suggested,1,
scandenda,la,scando,suggested,1,
scandit,la,scando,suggested,1,
sceleraque,la,sceleraque,suggested,1,
scelerati,la,scelero,suggested,1,
scelestisimos,la,scelesus,suggested,1,
scena,la,scena,suggested,1,
scenae,la,scena,suggested,1,
scenas,la,scena,suggested,1,
scenderet,la,scendo,suggested,1,
schal,la,schal,suggested,1,
schalis,la,schalis,suggested,1,
schedulis,la,schedulus,suggested,1,
schismaticis,la,schismaticus,suggested,1,
scholam,la,schola,suggested,1,
scholarium,la,scholarius,suggested,1,
scholarum,la,schola,suggested,1,
scholasticam,la,scholasticus,suggested,1,
scholasticorum,la,scholasticus,suggested,1,
scholasticus,la,scholasticus,suggested,1,
scich,la,scich,suggested,1,
scicianum,la,scicianus,suggested,1,
scico,la,scicus,suggested,1,
scidit,la,scindo,suggested,1,
sciebam,la,scio,suggested,1,
sciebamus,la,scio,suggested,1,
sciencia,la,sciencia,suggested,1,
scienda,la,scio,suggested,1,
sciens,la,scio,suggested,1,
sciente,la,scio,suggested,1,
scientiarum,la,scientia,suggested,1,
sciet,la,scio,suggested,1,
scimanarum,la,scimanus,suggested,1,
scimanas,la,scimanus,suggested,1,
scimandono,la,Scimandonus,suggested,1,
scimanis,la,scimanus,suggested,1,
scindere,la,scindo,suggested,1,
scinduuntur,la,scinduo,suggested,1,
scinfaciman,la,scinfaciman,suggested,1,
scini,la,scinum,suggested,1,
scinicae,la,scinicus,suggested,1,
scinicam,la,scinicus,suggested,1,
scintillam,la,scintilla,suggested,1,
scintillas,la,scintilla,suggested,1,
scintillis,la,scintillus,suggested,1,
scipio,la,scipio,suggested,1,
scirem,la,scio,suggested,1,
sciremus,la,scio,suggested,1,
scisma,la,schisma,suggested,1,
scismatico,la,scismaticus,suggested,1,
scismaticos,la,scismaticus,suggested,1,
scissisq,la,scisndo,suggested,1,
scissuras,la,scissura,suggested,1,
scita,la,scitum,suggested,1,
scitis,la,scio,suggested,1,
scitu,la,scitus,suggested,1,
sciverint,la,scio,suggested,1,
scivi,la,scio,suggested,1,
sclavoniam,la,Sclavonia,suggested,1,
sclopeta,la,sclopeta,suggested,1,
sclopetariae,la,sclopetarius,suggested,1,
sclopetis,la,sclopes,suggested,1,
scloporum,la,sclopus,suggested,1,
scolasticis,la,scolasticus,suggested,1,
scolasticorum,la,scolasticus,suggested,1,
scolasticos,la,scolasticus,suggested,1,
scomma,la,scomma,suggested,1,
scopo,la,scopus,suggested,1,
scopus,la,scopus,suggested,1,
scribas,la,scribo,suggested,1,
scribe,la,scribo,suggested,1,
scribendas,la,scribo,suggested,1,
scribendum,la,scribo,suggested,1,
scribentur,la,scribo,suggested,1,
scriberem,la,scribo,suggested,1,
scriberetur,la,scribo,suggested,1,
scribet,la,scribo,suggested,1,
scribetur,la,scribo,suggested,1,
scribi,la,scribo,suggested,1,
scribite,la,scribo,suggested,1,
scribitur,la,scribo,suggested,1,
scribuntur,la,scribo,suggested,1,
scripserant,la,scribo,suggested,1,
scripsere,la,scribo,suggested,1,
scripsimusq,la,scripbo,suggested,1,
scripsisse,la,scribo,suggested,1,
scripsissent,la,scrio,suggested,1,
scripsisset,la,scribo,suggested,1,
scriptae,la,scribo,suggested,1,
scripti,la,scribo,suggested,1,
scriptoribus,la,scriptor,suggested,1,
scriptura,la,scriptura,suggested,1,
scripturae,la,scriptura,suggested,1,
scripturam,la,scriptura,suggested,1,
scripturas,la,scriptura,suggested,1,
scriptus,la,scribo,suggested,1,
scrupolo,la,scrupolus,suggested,1,
scrupulos,la,scrupulus,suggested,1,
scrupulus,la,scrupulus,suggested,1,
scrutinia,la,scrutinius,suggested,1,
sculpta,la,sculbo,suggested,1,
scuti,la,scutum,suggested,1,
scuto,la,scutum,suggested,1,
sec,la,sec,suggested,1,
secant,la,seco,suggested,1,
secauit,la,seco,suggested,1,
secesserunt,la,secedo,suggested,1,
secessio,la,secessio,suggested,1,
seceta,la,secetus,suggested,1,
secius,la,seciter,suggested,1,
secretario,es,secretario,suggested,1,
secrete,la,secrete,suggested,1,
secreti,la,secerno,suggested,1,
secretis,la,secerno,suggested,1,
secretissime,la,secrete,suggested,1,
secta,la,secta,suggested,1,
sectabantur,la,secto,suggested,1,
sectabatur,la,secto,suggested,1,
sectantur,la,sector,suggested,1,
sectarum,la,secta,suggested,1,
sectas,la,secta,suggested,1,
sectator,la,sectator,suggested,1,
sectatores,la,sectator,suggested,1,
sectus,la,sego,suggested,1,
sęcularia,la,sęcularis,suggested,1,
secularibus,la,secularis,suggested,1,
seculo,la,saeculum,suggested,1,
seculorum,la,seculum,suggested,1,
secuntur,la,sequor,suggested,1,
securè,la,securè,suggested,1,
securitate,la,securitas,suggested,1,
securius,la,securiter,suggested,1,
secutae,la,sequor,suggested,1,
secute,la,sequor,suggested,1,
secuturam,la,secutura,suggested,1,
secuturas,la,secutura,suggested,1,
secuturi,la,secutur,suggested,1,
secuturis,la,secutura,suggested,1,
secuturos,la,secuturi,suggested,1,
secuturum,la,sequor,suggested,1,
secvnda,la,secvndus,suggested,1,
sedatis,la,sedo,suggested,1,
sedaverit,la,sedo,suggested,1,
sedecim,la,sedecim,suggested,1,
sedemque,la,sedemque,suggested,1,
sedendi,la,sedeo,suggested,1,
sedendo,la,sedeo,suggested,1,
sedentes,la,sedeo,suggested,1,
sedere,la,sedeo,suggested,1,
sederunt,la,sedeo,suggested,1,
sedit,la,sedeo,suggested,1,
seditioni,la,seditio,suggested,1,
seditionis,la,seditio,suggested,1,
seditionum,la,seditio,suggested,1,
sedulâ,la,sedulâ,suggested,1,
sedulam,la,sedula,suggested,1,
segunda,la,segundus,suggested,1,
seipso,la,seipsum,suggested,1,
seirvantur,la,seirvo,suggested,1,
seiuncti,la,seiungo,suggested,1,
selecto,la,seligo,suggested,1,
selectorum,la,seligo,suggested,1,
seleucia,la,seleucis,suggested,1,
sem,la,sem,suggested,1,
semedus,la,semedus,suggested,1,
semestre,la,semestre,suggested,1,
semetipso,la,semetipsum,suggested,1,
semiassa,la,semiassum,suggested,1,
semicocta,la,semicoctus,suggested,1,
semihoram,la,semihora,suggested,1,
semina,la,semen,suggested,1,
seminali,la,seminalis,suggested,1,
seminandi,la,semino,suggested,1,
seminant,la,semino,suggested,1,
seminariio,la,seminariium,suggested,1,
seminati,la,semino,suggested,1,
seminatio,la,seminatio,suggested,1,
seminationem,la,seminatio,suggested,1,
semini,la,semen,suggested,1,
sempe,la,sempe,suggested,1,
semperque,la,semperque,suggested,1,
sempiterna,la,sempiternus,suggested,1,
sempiternam.primum,la,sempiternam.primus,suggested,1,
sempiterno,la,sempiternus,suggested,1,
sempiternos,la,sempiternus,suggested,1,
semptem,la,semptes,suggested,1,
semus,la,semus,suggested,1,
senatores,la,senator,suggested,1,
senatum,la,senatus,suggested,1,
senectutem,la,senectus,suggested,1,
senectutis,la,senectus,suggested,1,
senescente,la,senesco,suggested,1,
senescentis,la,senesco,suggested,1,
senhores,pt,senhor,suggested,1,
seni,la,senus,suggested,1,
senio,la,senium,suggested,1,
senior,la,senex,suggested,1,
seniore,la,senior,suggested,1,
senis,la,senex,suggested,1,
sensa,la,sensus,suggested,1,
sensibilis,la,sensibilis,suggested,1,
sensiles,la,sensilis,suggested,1,
sensilium,la,sensilis,suggested,1,
sensimus,la,sensio,suggested,1,
sensit,la,sentio,suggested,1,
sensitiva,la,sensitivus,suggested,1,
sententi,la,senteo,suggested,1,
sentiamus,la,sentio,suggested,1,
sentiant,la,sentio,suggested,1,
sentiebamus,la,sentio,suggested,1,
sentientes,la,sentio,suggested,1,
senties,la,sentio,suggested,1,
sentiet,la,sentio,suggested,1,
sentinam,la,sentina,suggested,1,
sentio,la,sentio,suggested,1,
sentire,la,sentio,suggested,1,
sentiunt,la,sentio,suggested,1,
senui,la,senuor,suggested,1,
seorsim,la,seorsim,suggested,1,
separanda,la,separo,suggested,1,
separantur,la,separo,suggested,1,
separari,la,separo,suggested,1,
separatus,la,separo,suggested,1,
sepeliendi,la,sepelio,suggested,1,
sepelire,la,sepelio,suggested,1,
sepeliunt,la,sepelio,suggested,1,
sepinensis,la,sepinensis,suggested,1,
sepissime,la,sepissime,suggested,1,
septam,la,septus,suggested,1,
septemtrionales,la,septemtrionalis,suggested,1,
septemviri,la,septemviris,suggested,1,
septenario,la,septenarius,suggested,1,
septennis,la,septennus,suggested,1,
septenorum,la,septenor,suggested,1,
septentrionalibus,la,septentrionalis,suggested,1,
septentrionem,la,septentrio,suggested,1,
septies,la,septiens,suggested,1,
septigenta,la,septigeo,suggested,1,
septimanas,la,septimanus,suggested,1,
septimgen,la,septimge,suggested,1,
septimo,la,septimus,suggested,1,
septimus,la,septimus,suggested,1,
septingentessimum,la,septingentessimus,suggested,1,
septingenti,la,septingo,suggested,1,
septis,la,septum,suggested,1,
septo,la,septo,suggested,1,
sepulchrum,la,sepulcrum,suggested,1,
sepulturae,la,sepultura,suggested,1,
sepulturaeque,la,sepulturaequs,suggested,1,
sepulturis,la,sepultus,suggested,1,
sepultus,la,sepelio,suggested,1,
sepuluturis,la,sepulutura,suggested,1,
sequatur,la,sequor,suggested,1,
sequendum,la,sequor,suggested,1,
sequente,la,sequor,suggested,1,
sequentis,la,sequor,suggested,1,
sequentium,la,sequor,suggested,1,
sequentur,la,sequor,suggested,1,
sequerentur,la,sequor,suggested,1,
sequestravit,la,sequestro,suggested,1,
sequiori,la,sequis,suggested,1,
sequntur,la,seqor,suggested,1,
sequo,la,sequo,suggested,1,
sequuti,la,seqquor,suggested,1,
sequutum,la,seqquor,suggested,1,
sequutus,la,seqquor,suggested,1,
seraphico,la,seraphicus,suggested,1,
seraphicus,la,seraphicus,suggested,1,
serapis,la,serap,suggested,1,
serenioris,la,serenus,suggested,1,
serenissima,la,serenus,suggested,1,
serenissimae,la,serenus,suggested,1,
serenissimus,la,serenus,suggested,1,
serenitate,la,serenitas,suggested,1,
serenum,la,serenus,suggested,1,
sergio,la,Sergius,suggested,1,
sergium,la,sergius,suggested,1,
seri,la,sero,suggested,1,
seria,la,serius,suggested,1,
serica,la,sericus,suggested,1,
sericae,la,sericus,suggested,1,
sericis,la,sericus,suggested,1,
serico,la,sericus,suggested,1,
sericóque,la,sericóque,suggested,1,
serie,la,serie,suggested,1,
series,la,series,suggested,1,
seriò,la,seriò,suggested,1,
seris,la,serus,suggested,1,
seriùs,la,sero,suggested,1,
sermone,la,sermo,suggested,1,
sermoneque,la,sermoneque,suggested,1,
sermonibusque,la,sermonibusque,suggested,1,
sermonis,la,sermo,suggested,1,
serpens,la,serpo,suggested,1,
serpentinam,la,serpentinus,suggested,1,
serpentis,la,serpens,suggested,1,
serra,la,serra,suggested,1,
seruabitur,la,seruo,suggested,1,
seruandae,la,seruo,suggested,1,
seruare,la,seruo,suggested,1,
seruarentur,la,seruo,suggested,1,
seruari,la,seruo,suggested,1,
seruatore,la,seruator,suggested,1,
seruemus,la,seruo,suggested,1,
seruent,la,seruo,suggested,1,
seruiendum,la,seruio,suggested,1,
seruientes,la,seruio,suggested,1,
servabit,la,servo,suggested,1,
servamus,la,seruo,suggested,1,
servandi,la,servo,suggested,1,
servandis,la,servo,suggested,1,
servans,la,servo,suggested,1,
servant,la,servo,suggested,1,
servari,la,servo,suggested,1,
servarunt,la,servo,suggested,1,
servatis,la,servo,suggested,1,
servatore,la,servator,suggested,1,
servatores,la,servator,suggested,1,
servatoris,la,servator,suggested,1,
servatos,la,servo,suggested,1,
servaturum,la,servo,suggested,1,
servatus,la,servo,suggested,1,
servavit,la,servo,suggested,1,
servet,la,servo,suggested,1,
serviant,la,servio,suggested,1,
servias,la,servio,suggested,1,
servicium,la,servicium,suggested,1,
serviendum,la,servio,suggested,1,
serviens,la,servio,suggested,1,
servier,la,servio,suggested,1,
servierant,la,servio,suggested,1,
servitia,la,servitium,suggested,1,
servitore,la,servitor,suggested,1,
servitute,la,servitus,suggested,1,
servitutem,la,servitus,suggested,1,
serviunt,la,servio,suggested,1,
servivit,la,servio,suggested,1,
servorum,la,servus,suggested,1,
ses,la,ses,suggested,1,
sesquiannum,la,sesquiannus,suggested,1,
sess,la,se,suggested,1,
sessione,la,sessio,suggested,1,
sestis,la,sestis,suggested,1,
sesto,la,sestus,suggested,1,
sestum,la,sestus,suggested,1,
set,la,sed,suggested,1,
setembris,la,setember,suggested,1,
seù,la,seù,suggested,1,
seueritatem,la,seueritas,suggested,1,
seuilia,la,seuilis,suggested,1,
severis,la,severus,suggested,1,
severissime,la,severe,suggested,1,
severissimo,la,severissimi,suggested,1,
severitate,la,severitas,suggested,1,
sevissime,la,seve,suggested,1,
sevissimis,la,sevissimus,suggested,1,
seviunt,la,sevio,suggested,1,
sexagenarius,la,sexagenarius,suggested,1,
sexagesimum,la,sexagesimus,suggested,1,
sexagessimum,la,sexagessimus,suggested,1,
sexcentessimum,la,sexcentessimus,suggested,1,
sexcenti,la,sexco,suggested,1,
sexcentisve,la,sexcentisve,suggested,1,
sexenni,la,sexennus,suggested,1,
sexennio,la,sexennio,suggested,1,
sexennis,la,sexennis,suggested,1,
sexies,la,sexio,suggested,1,
sexta,la,sextus,suggested,1,
sextingentis,la,sextingo,suggested,1,
sextus,la,sextus,suggested,1,
sexui,la,sexus,suggested,1,
sexus,la,sexus,suggested,1,
sibimet,la,sibimo,suggested,1,
sibylla,la,Sibylla,suggested,1,
sibyllae,la,sibylla,suggested,1,
sicala,la,Sicala,suggested,1,
siccior,la,siccus,suggested,1,
sicque,la,sicque,suggested,1,
siculi,la,Siculus,suggested,1,
siculo,la,Siculus,suggested,1,
siculum,la,siculus,suggested,1,
sicur,la,sicur,suggested,1,
siden,la,Siden,suggested,1,
sidon,la,sidon,suggested,1,
sigilla,la,sigillum,suggested,1,
sigmento,la,sigmentum,suggested,1,
sign,la,sign,suggested,1,
signatam,la,signo,suggested,1,
signatis,la,signo,suggested,1,
signatum,la,signo,suggested,1,
signavit,la,signo,suggested,1,
signi,la,signum,suggested,1,
signiferum,la,signifer,suggested,1,
significanda,la,significo,suggested,1,
significans,la,significo,suggested,1,
significare,la,significo,suggested,1,
significarem,la,significo,suggested,1,
significarunt,la,significo,suggested,1,
significet,la,significo,suggested,1,
significo,la,significo,suggested,1,
siguntinae,la,siguntinus,suggested,1,
sil,la,sil,suggested,1,
silan,la,Silan,suggested,1,
silang,la,Silang,suggested,1,
silani,la,silanus,suggested,1,
silentio,la,silentium,suggested,1,
silio,la,silium,suggested,1,
silvis,la,silva,suggested,1,
simbolum,la,simbolus,suggested,1,
simeon,la,Simeon,suggested,1,
simi,la,simus,suggested,1,
similata,la,similo,suggested,1,
similibusque,la,similibusquus,suggested,1,
similima,la,similims,suggested,1,
similitudine,la,similitudo,suggested,1,
similium,la,similis,suggested,1,
simonascechi,la,Simonascechus,suggested,1,
simplex,la,simplex,suggested,1,
simplices,la,simplex,suggested,1,
simplicia,la,simplex,suggested,1,
simulachrorum,la,simulachrus,suggested,1,
simulacra,la,simulacrum,suggested,1,
simulacrorum,la,simulacrum,suggested,1,
simulans,la,simulo,suggested,1,
simulat,la,simulo,suggested,1,
simulata,la,simulo,suggested,1,
simulate,la,simulo,suggested,1,
simulato,la,simulo,suggested,1,
simulatq,la,simulo,suggested,1,
simulq,la,simulq,suggested,1,
simum,la,simum,suggested,1,
sinar,la,sina,suggested,1,
sinarumque,la,sinarumque,suggested,1,
sinatis,la,sino,suggested,1,
sincerum,la,sincerus,suggested,1,
sincerus,la,sincerus,suggested,1,
sinebamus,la,sino,suggested,1,
sinensibusque,la,sinensieo,suggested,1,
sinensimn,la,sinenser,suggested,1,
singoli,la,singol,suggested,1,
singulae,la,singulus,suggested,1,
singulare,la,singularis,suggested,1,
singularis,la,singularis,suggested,1,
singulatim,la,singulatim,suggested,1,
singuliq,la,singulus,suggested,1,
singulorumque,la,singulorumque,suggested,1,
singulum,la,singulus,suggested,1,
singulus,la,singulus,suggested,1,
sinicarum,la,sinicus,suggested,1,
sinice,la,sinice,suggested,1,
sinicorum,la,sinicus,suggested,1,
sinistr,la,sinistr,suggested,1,
sinistra,la,sinister,suggested,1,
sinistro,la,sinister,suggested,1,
sinistrum,la,sinister,suggested,1,
sinunt,la,sino,suggested,1,
sinus,la,sinus,suggested,1,
sion,la,sion,suggested,1,
sirmium,la,sirmius,suggested,1,
sisterem,la,sisto,suggested,1,
sitam,la,sino,suggested,1,
siti,la,sitis,suggested,1,
sitibundis,la,sitibunda,suggested,1,
sitienter,la,sitienter,suggested,1,
sitiret,la,sitio,suggested,1,
situatam,la,situo,suggested,1,
situs,la,situs,suggested,1,
siuencheu,la,siuenches,suggested,1,
sius,la,sius,suggested,1,
sixti,la,Sixtus,suggested,1,
smaragdi,la,smaragdus,suggested,1,
smogolecky,la,smogolecky,suggested,1,
smogoleski,la,Smogoleskus,suggested,1,
smyrna,la,smyrnus,suggested,1,
sobole,la,soboles,suggested,1,
sobolem,la,soboles,suggested,1,
sobredicha,es,sobredicho,suggested,1,
soceri,la,socer,suggested,1,
soci,la,socus,suggested,1,
sociatus,la,socio,suggested,1,
sociavi,la,socio,suggested,1,
societaem,la,societae,suggested,1,
societalem,la,societalis,suggested,1,
societatatis,la,societato,suggested,1,
socijs,la,socijs,suggested,1,
sociuss,la,sociuss,suggested,1,
socorro,es,socorro,suggested,1,
sodalitati,la,sodalitas,suggested,1,
sodalitatum,la,sodalitatus,suggested,1,
sodoma,la,Sodoma,suggested,1,
soërio,la,Soërius,suggested,1,
soërius,la,soërius,suggested,1,
soiemondono,la,Soiemondonus,suggested,1,
solaretur,la,solor,suggested,1,
solaribus,la,solar,suggested,1,
solatii,la,solatius,suggested,1,
solatiorum,la,solatium,suggested,1,
soldani,la,soldanus,suggested,1,
soleas,la,soleo,suggested,1,
solem,la,sol,suggested,1,
solemnem,la,solemnis,suggested,1,
solemnes,la,solemnis,suggested,1,
solemnibus,la,solemnis,suggested,1,
solemnitate,la,solemnitas,suggested,1,
solemniter,la,solemniter,suggested,1,
solempnes,la,solemps,suggested,1,
solempniter,la,solempniter,suggested,1,
solennem,la,solennis,suggested,1,
solenniores,la,solennus,suggested,1,
solennis,la,solennus,suggested,1,
soleris,la,soler,suggested,1,
solicitantium,la,solicito,suggested,1,
solicitet,la,solicito,suggested,1,
solicitetur,la,solicito,suggested,1,
solicitudine,la,solicitudo,suggested,1,
solida,la,solidus,suggested,1,
solidam,la,solidus,suggested,1,
solidissima,la,solidus,suggested,1,
solidissimi,la,solidus,suggested,1,
solidissimisque,la,solidissimisque,suggested,1,
soliditatem,la,soliditas,suggested,1,
solidius,la,solidius,suggested,1,
solisque,la,solisque,suggested,1,
solitas,la,soleo,suggested,1,
solitos,la,soleo,suggested,1,
solitudinem,la,solitudo,suggested,1,
solitum,la,soleo,suggested,1,
solituri,la,solio,suggested,1,
sollicitabant,la,sollicito,suggested,1,
sollicitudin,la,sollicitudin,suggested,1,
sollicitudinem,la,sollicitudo,suggested,1,
sollicitudinis,la,sollicitudo,suggested,1,
soluendo,la,soluo,suggested,1,
soluere,la,soluo,suggested,1,
solui,la,soluo,suggested,1,
solùm,la,solùm,suggested,1,
solutionem,la,solutio,suggested,1,
solutis,la,soluo,suggested,1,
solvam,la,solvo,suggested,1,
solvant,la,solvo,suggested,1,
solvantur,la,solvo,suggested,1,
solvatur,la,solvo,suggested,1,
solvebat,la,solvo,suggested,1,
solvebatur,la,solvo,suggested,1,
solvere,la,soluo,suggested,1,
solverent,la,solvo,suggested,1,
solveret,la,solvo,suggested,1,
solvi,la,solvo,suggested,1,
solvunt,la,solvo,suggested,1,
solymorum,la,solymor,suggested,1,
somutensi,la,somutensis,suggested,1,
soni,la,sonus,suggested,1,
sonoguensi,la,sonoguensis,suggested,1,
sonoguensis,la,sonoguensis,suggested,1,
sononquensem,la,sononquensis,suggested,1,
sontem,la,sons,suggested,1,
sophismatis,la,sophisma,suggested,1,
sopitum,la,sopitus,suggested,1,
sorbicia,la,sorbicius,suggested,1,
soror,la,soror,suggested,1,
sorore,la,soror,suggested,1,
sororem,la,soror,suggested,1,
sororibus,la,soror,suggested,1,
sors,la,sors,suggested,1,
sortes,la,sors,suggested,1,
sortiantur,la,sortior,suggested,1,
sortilegia,la,sortilegis,suggested,1,
sortiri,la,sortior,suggested,1,
sortis,la,sors,suggested,1,
sortita,la,sortior,suggested,1,
sortium,la,sors,suggested,1,
sotietate,la,sotietas,suggested,1,
sotietati,la,sotietas,suggested,1,
sotii,la,sotius,suggested,1,
spaciosum,la,spaciosus,suggested,1,
spania,la,spanius,suggested,1,
sparsa,la,spargo,suggested,1,
sparsorum,la,sparsus,suggested,1,
sparti,la,spars,suggested,1,
spatiis,la,spatium,suggested,1,
spatiosa,la,spatiosus,suggested,1,
spatiosum,la,spatiosus,suggested,1,
speciali,la,specialis,suggested,1,
speciei,la,species,suggested,1,
speciosa,la,speciosus,suggested,1,
speciosus,la,speciosus,suggested,1,
specta,la,spicio,suggested,1,
spectabamus,la,specto,suggested,1,
spectabiles,la,spectabilis,suggested,1,
spectabimus,la,specto,suggested,1,
spectaculo,la,spectaculum,suggested,1,
spectantium,la,specto,suggested,1,
spectarunque,la,spectarunque,suggested,1,
spectat,la,specto,suggested,1,
spectata,la,specto,suggested,1,
spectet,la,specto,suggested,1,
spectris,la,spectrum,suggested,1,
specula,la,speculum,suggested,1,
speculam,la,specula,suggested,1,
speculo,la,speculum,suggested,1,
sped,la,spes,suggested,1,
sperabam,la,spero,suggested,1,
sperabant,la,spero,suggested,1,
sperantium,la,spero,suggested,1,
speraremus,la,spero,suggested,1,
sperasset,la,spero,suggested,1,
speratis,la,spero,suggested,1,
speratur,la,spero,suggested,1,
sperem,la,spero,suggested,1,
speret,la,spero,suggested,1,
spernentem,la,sperno,suggested,1,
spicuae,la,spicuus,suggested,1,
spiculatori,la,spiculator,suggested,1,
spinea,la,spineus,suggested,1,
spirabat,la,spiro,suggested,1,
spirantes,la,spiro,suggested,1,
spirantibus,la,spiro,suggested,1,
spirantis,la,spiro,suggested,1,
spirarent,la,spiro,suggested,1,
spiritali,la,spiritalis,suggested,1,
spiritalia,la,spiritalis,suggested,1,
spiritalis,la,spiritalis,suggested,1,
spiritalium,la,spiritalis,suggested,1,
spiritibus,la,spiritus,suggested,1,
spiritualia,la,spiritualis,suggested,1,
spiritualior,la,spiritualis,suggested,1,
spissior,la,spissus,suggested,1,
splendentes,la,splendeo,suggested,1,
splendere,la,splendeo,suggested,1,
splendidae,la,splendidus,suggested,1,
splendide,la,splendide,suggested,1,
splendidissima,la,splendidus,suggested,1,
splendidissimus,la,splendidus,suggested,1,
splendido,la,splendidus,suggested,1,
splendidus,la,splendidus,suggested,1,
splendoris,la,splendor,suggested,1,
spo,la,spus,suggested,1,
spolia,la,spolium,suggested,1,
spoliare,la,spolio,suggested,1,
spoliata,la,spolio,suggested,1,
spoliatae,la,spolio,suggested,1,
spoliatos,la,spolio,suggested,1,
spoliatum,la,spolio,suggested,1,
spoliatur,la,spolio,suggested,1,
spoliavit,la,spolio,suggested,1,
spolietur,la,spolio,suggested,1,
spolio,la,spolium,suggested,1,
spondeat,la,spondeo,suggested,1,
spondent,la,spondeo,suggested,1,
sponderet,la,spondeo,suggested,1,
spondet,la,spondeo,suggested,1,
sponsam,la,sponsa,suggested,1,
sponsi,la,sponsus,suggested,1,
sponsiones,la,sponsio,suggested,1,
sponsioni,la,sponsio,suggested,1,
sponsionibus,la,sponsio,suggested,1,
spontè,la,spons,suggested,1,
spoponderant,la,spopoo,suggested,1,
spretis,la,sperno,suggested,1,
spretum,la,sperno,suggested,1,
spuere,la,spuo,suggested,1,
squalentem,la,squalo,suggested,1,
squalore,la,squalor,suggested,1,
squammis,la,squammis,suggested,1,
stabilire,la,stabilio,suggested,1,
stabilitum,la,stabilio,suggested,1,
stabiliuit,la,stabilio,suggested,1,
stabilivit,la,stabilio,suggested,1,
stabit,la,sto,suggested,1,
stabulis,la,stabulum,suggested,1,
stacionem,la,stacio,suggested,1,
stadia,la,stadium,suggested,1,
stagnense,la,stagnensis,suggested,1,
standum,la,sto,suggested,1,
stant,la,sto,suggested,1,
stante,la,sto,suggested,1,
stantes,la,sto,suggested,1,
stapedes,la,stapes,suggested,1,
statet,la,sto,suggested,1,
statio,la,statio,suggested,1,
stationem,la,statio,suggested,1,
stationes,la,statio,suggested,1,
stationibus,la,statio,suggested,1,
statos,la,status,suggested,1,
statua,la,statua,suggested,1,
statuarum,la,statua,suggested,1,
statuas,la,statua,suggested,1,
statuat,la,statuo,suggested,1,
statuatur,la,statuo,suggested,1,
statuendum,la,statuo,suggested,1,
statuente,la,statuo,suggested,1,
statuentem,la,statuo,suggested,1,
statuentur,la,statuo,suggested,1,
statuere,la,statuo,suggested,1,
statuerent,la,statuo,suggested,1,
statuerunt,la,statuo,suggested,1,
statuis,la,statua,suggested,1,
statuisset,la,statuo,suggested,1,
statuite,la,statuo,suggested,1,
statuq,la,statuq,suggested,1,
staturam,la,statura,suggested,1,
staturos,la,sto,suggested,1,
statute,la,statuo,suggested,1,
statutum,la,statuo,suggested,1,
statuumque,la,statuumque,suggested,1,
stauet,la,sto,suggested,1,
stellae,la,stella,suggested,1,
stellas,la,stella,suggested,1,
stephanoni,la,stephanonus,suggested,1,
sterilis,la,sterilis,suggested,1,
stet,la,sto,suggested,1,
steterat,la,sto,suggested,1,
stigmata,la,stigma,suggested,1,
stimulante,la,stimulor,suggested,1,
stimulatos,la,stimulo,suggested,1,
stimulis,la,stimulus,suggested,1,
stipatum,la,stipo,suggested,1,
stipatus,la,stipo,suggested,1,
stipendiis,la,stipendium,suggested,1,
stipendio,la,stipendium,suggested,1,
stit,la,sto,suggested,1,
stolae,la,stola,suggested,1,
stolide,la,stolide,suggested,1,
stra,la,stra,suggested,1,
strada,la,strada,suggested,1,
strages,la,strages,suggested,1,
stramine,la,stramen,suggested,1,
strangulant,la,strangulo,suggested,1,
straret,la,stro,suggested,1,
stratagemata,la,stratagema,suggested,1,
stratas,la,sterno,suggested,1,
stravit,la,stro,suggested,1,
stremas,la,stremus,suggested,1,
strenui,la,strenuis,suggested,1,
strenuos,la,strenuus,suggested,1,
strepitus,la,strepitus,suggested,1,
strictis,la,stringo,suggested,1,
strictissimum,la,strictus,suggested,1,
strident,la,strideo,suggested,1,
stringat,la,stringo,suggested,1,
stringentur,la,stringo,suggested,1,
structuram,la,structura,suggested,1,
strueret,la,struo,suggested,1,
struxerat,la,struo,suggested,1,
stud,la,stud,suggested,1,
studebant,la,studeo,suggested,1,
studebat,la,studeo,suggested,1,
studendum,la,studeo,suggested,1,
studens,la,studeo,suggested,1,
studentibus,la,studeo,suggested,1,
studerent,la,studeo,suggested,1,
studeres,la,studeo,suggested,1,
studios,la,studius,suggested,1,
studiosas,la,studiosus,suggested,1,
studiosissimus,la,studiosus,suggested,1,
studiosum,la,studiosus,suggested,1,
stulta,la,stultus,suggested,1,
stultis,la,stultus,suggested,1,
stultissimum,la,stultus,suggested,1,
stupenda,la,stupeo,suggested,1,
stupendum,la,stupeo,suggested,1,
stupente,la,stupeo,suggested,1,
stupescentibus,la,stupesco,suggested,1,
styli,la,stylis,suggested,1,
stylum,la,stylus,suggested,1,
su,es,su,suggested,1,
suademus,la,suadeo,suggested,1,
suadent,la,suadeo,suggested,1,
suadentium,la,suadeo,suggested,1,
suadeo,la,suadeo,suggested,1,
suaeq,la,suaeus,suggested,1,
suaeque,la,suaequus,suggested,1,
suárez,la,suárez,suggested,1,
suaserunt,la,suadeo,suggested,1,
suauia,la,suauis,suggested,1,
suauitate,la,suauitas,suggested,1,
suavis,la,suavis,suggested,1,
suavissima,la,suavis,suggested,1,
suavissimum,la,suavis,suggested,1,
suaviter,la,suaviter,suggested,1,
subacta,la,subigo,suggested,1,
subactae,la,subigo,suggested,1,
subactis,la,subigo,suggested,1,
subalpinis,la,subalpinus,suggested,1,
subdiderint,la,subdo,suggested,1,
subdiderit,la,subdo,suggested,1,
subditae,la,subditus,suggested,1,
subditor,la,subditor,suggested,1,
subditum,la,subdo,suggested,1,
subditusve,la,subdituo,suggested,1,
subdolo,la,subdolus,suggested,1,
subducentes,la,subduco,suggested,1,
subducere,la,subduco,suggested,1,
subductus,la,subduco,suggested,1,
subegerunt,la,subipio,suggested,1,
subeundam,la,subeo,suggested,1,
subeundis,la,subeo,suggested,1,
subeunt,la,subeo,suggested,1,
subici,la,subicio,suggested,1,
subiecerat,la,subicio,suggested,1,
subiecerint,la,subiipio,suggested,1,
subiecit,la,subicio,suggested,1,
subiectam,la,subicio,suggested,1,
subiectas,la,subicio,suggested,1,
subiecti,la,subicio,suggested,1,
subiectionemque,la,subiectionemque,suggested,1,
subiecto,la,subicio,suggested,1,
subiecturum,la,subicio,suggested,1,
subiere,la,subeo,suggested,1,
subigendas,la,subigo,suggested,1,
subigentibus,la,subigo,suggested,1,
subigi,la,subigo,suggested,1,
subiicerent,la,subicio,suggested,1,
subiici,la,subicio,suggested,1,
subiiciamus,la,subicio,suggested,1,
subiiciendo,la,subicio,suggested,1,
subiicientibus,la,subiicio,suggested,1,
subiicientur,la,subiicio,suggested,1,
subiicio,la,subiicium,suggested,1,
subiiciunt,la,subicio,suggested,1,
subijciam,la,subijcia,suggested,1,
subijciant,la,subicio,suggested,1,
subijcientur,la,subijcio,suggested,1,
subijciet,la,subijcio,suggested,1,
subijcitur,la,subicio,suggested,1,
subirascente,la,subirasco,suggested,1,
subita,la,subeo,suggested,1,
subituros,la,subeo,suggested,1,
subiturum,la,subeo,suggested,1,
subiugatas,la,subiugo,suggested,1,
subiugatis,la,subiugo,suggested,1,
subiungam,la,subiungo,suggested,1,
subiunxerunt,la,subiungo,suggested,1,
subivit,la,subeo,suggested,1,
subjacent,la,subjaceo,suggested,1,
subjugetur,la,subjugeo,suggested,1,
sublatae,la,suffero,suggested,1,
sublati,la,tollo,suggested,1,
sublatus,la,tollo,suggested,1,
subleuare,la,subleuo,suggested,1,
sublevabitur,la,sublevo,suggested,1,
sublevandam,la,sublevo,suggested,1,
sublevandus,la,sublevo,suggested,1,
sublevari,la,sublevo,suggested,1,
sublevationem,la,sublevatio,suggested,1,
subleves,la,sublevis,suggested,1,
sublimem,la,sublimis,suggested,1,
sublimi,la,sublimis,suggested,1,
submer,la,submer,suggested,1,
submerserit,la,submergo,suggested,1,
submersus,la,submergo,suggested,1,
subministrant,la,subministro,suggested,1,
subministrantur,la,subministro,suggested,1,
subministrent,la,subministro,suggested,1,
submisere,la,submiso,suggested,1,
submissa,la,submitto,suggested,1,
submissionis,la,submissio,suggested,1,
submisso,la,submitto,suggested,1,
submissus,la,submitto,suggested,1,
submittebat,la,submitto,suggested,1,
submittendum,la,submitto,suggested,1,
submitteret,la,submitto,suggested,1,
submitti,la,submitto,suggested,1,
submittunt,la,submitto,suggested,1,
submonenda,la,submoneo,suggested,1,
subordinati,la,subordino,suggested,1,
suborirentur,la,suborior,suggested,1,
subreptitias,la,subrepticius,suggested,1,
subripuisset,la,subripeo,suggested,1,
subrogari,la,subrogo,suggested,1,
subscribendum,la,subscribo,suggested,1,
subscribo,la,subscribo,suggested,1,
subscripserunt,la,subscribo,suggested,1,
subscripsimus,la,subscribo,suggested,1,
subscriptio,la,subscriptio,suggested,1,
subscriptione,la,subscriptio,suggested,1,
subscriptionem,la,subscriptio,suggested,1,
subscriptum,la,subscribo,suggested,1,
subsecutum,la,subsequor,suggested,1,
subsecuturum,la,subsequor,suggested,1,
subseminavit,la,subsemino,suggested,1,
subsequentibus,la,subsequor,suggested,1,
subsequentium,la,subsequor,suggested,1,
subsequentur,la,subsequor,suggested,1,
subsequitur,la,subsequor,suggested,1,
subsidia,la,subsidium,suggested,1,
subsistant,la,subsisto,suggested,1,
subsistent,la,subsisto,suggested,1,
subsit,la,subsum,suggested,1,
substantiis,la,substantia,suggested,1,
substerno,la,substerno,suggested,1,
substi,la,subser,suggested,1,
substiterant,la,substo,suggested,1,
substiterit,la,substo,suggested,1,
substiterunt,la,subsisto,suggested,1,
substitit,la,substo,suggested,1,
substitui,la,substituo,suggested,1,
substituit,la,substituo,suggested,1,
substitutum,la,substituo,suggested,1,
substituturus,la,substituo,suggested,1,
substrato,la,substrato,suggested,1,
subsumus,la,subsum,suggested,1,
subticendum,la,subticeo,suggested,1,
subtilis,la,subtilis,suggested,1,
subtilitas,la,subtilitas,suggested,1,
subtraxerit,la,subtraho,suggested,1,
suburbana,la,suburbanus,suggested,1,
suburbano,la,suburbanus,suggested,1,
suburbiis,la,suburbius,suggested,1,
suburbijs,la,suburbijs,suggested,1,
subveniatur,la,subuenio,suggested,1,
subvenirent,la,subvenio,suggested,1,
subvenisset,la,subvenio,suggested,1,
subversionis,la,subversio,suggested,1,
subverterunt,la,subverto,suggested,1,
succedebat,la,succedo,suggested,1,
succedentibus,la,succedo,suggested,1,
succedere,la,succedo,suggested,1,
succederent,la,succedo,suggested,1,
succedunt,la,succedo,suggested,1,
succenseant,la,succenseo,suggested,1,
succensus,la,succensus,suggested,1,
successerat,la,succedo,suggested,1,
successerunt,la,succedo,suggested,1,
successibus,la,successus,suggested,1,
successione,la,successio,suggested,1,
successioni,la,successio,suggested,1,
successionis,la,successio,suggested,1,
successivè,la,successivès,suggested,1,
successuum,la,successus,suggested,1,
succincte,la,succincte,suggested,1,
succrescat,la,succresco,suggested,1,
succubuerint,la,succubeo,suggested,1,
succumberent,la,succumbo,suggested,1,
succurrant,la,succurro,suggested,1,
succurrat,la,succurro,suggested,1,
succurrerent,la,succurro,suggested,1,
sudare,la,sudo,suggested,1,
sudi,la,sudo,suggested,1,
sudore,la,sudor,suggested,1,
sudores,la,sudor,suggested,1,
sudoribus,la,sudor,suggested,1,
sue,la,suus,suggested,1,
suferentes,la,sufero,suggested,1,
sufficiat,la,sufficio,suggested,1,
sufficienti,la,sufficiens,suggested,1,
sufficientibus,la,sufficio,suggested,1,
sufficit,la,sufficio,suggested,1,
sufficiunt,la,sufficio,suggested,1,
suffimenta,la,suffimentum,suggested,1,
suffitiens,la,suffitiens,suggested,1,
suffraganei,la,suffraganeus,suggested,1,
suffragatur,la,suffragor,suggested,1,
suffultis,la,suffulo,suggested,1,
suffusum,la,suffundo,suggested,1,
suggerebant,la,suggero,suggested,1,
suggerentes,la,suggero,suggested,1,
suggerenti,la,suggero,suggested,1,
suggereret,la,suggero,suggested,1,
suggerit,la,suggero,suggested,1,
suique,la,suique,suggested,1,
suisq,la,suisq,suggested,1,
suisse,la,sum,suggested,1,
suissent,la,sum,suggested,1,
sulphure,la,sulphur,suggested,1,
sulphureas,la,sulphureus,suggested,1,
sulphureo,la,sulphureus,suggested,1,
sulphureum,la,sulphureus,suggested,1,
sumenda,la,sumo,suggested,1,
sumendum,la,sumo,suggested,1,
sumi,la,sumus,suggested,1,
sumitur,la,sumo,suggested,1,
summ,la,summ,suggested,1,
summamque,la,summo,suggested,1,
summe,la,summe,suggested,1,
summorum,la,summus,suggested,1,
summumque,la,quiumque,suggested,1,
sumotensis,la,sumotensis,suggested,1,
sumpserat,la,sumo,suggested,1,
sumpsi,la,sumo,suggested,1,
sumpta,la,sumo,suggested,1,
sumptibus,la,sumptus,suggested,1,
sumptis,la,sumo,suggested,1,
sumptuosae,la,sumptuosus,suggested,1,
sumptuosum,la,sumptuosus,suggested,1,
sumum,la,sum,suggested,1,
sunga,la,sunga,suggested,1,
sunptus,la,sunptus,suggested,1,
suntne,la,suntne,suggested,1,
suomet,la,suomeus,suggested,1,
suorumque,la,suorumquus,suggested,1,
suósque,la,suósque,suggested,1,
sup,la,sup,suggested,1,
superabant,la,supero,suggested,1,
superabantur,la,supero,suggested,1,
superaddit,la,superaddo,suggested,1,
superandas,la,supero,suggested,1,
superandus,la,supero,suggested,1,
superaret,la,supero,suggested,1,
superarunt,la,supero,suggested,1,
superasse,la,supero,suggested,1,
superati,la,supero,suggested,1,
superatis,la,supero,suggested,1,
superatus,la,supero,suggested,1,
superaverant,la,supero,suggested,1,
superbam,la,superbus,suggested,1,
superbi,la,superbus,suggested,1,
superbiae,la,superbia,suggested,1,
superbissimum,la,superbus,suggested,1,
superessent,la,supersum,suggested,1,
superesset,la,supersum,suggested,1,
superfuerunt,la,supersum,suggested,1,
superfuisse,la,supersum,suggested,1,
superfundat,la,superfundo,suggested,1,
superfuturus,la,supersum,suggested,1,
superintendentiam,la,superintendentia,suggested,1,
superiorum,la,superior,suggested,1,
superiùs,la,superiùs,suggested,1,
supernatulia,la,supernatulis,suggested,1,
supernaturales,la,supernaturalis,suggested,1,
superos,la,superi,suggested,1,
superque,la,superque,suggested,1,
supersedebo,la,supersedeo,suggested,1,
supersedeo,la,supersedeo,suggested,1,
supersedere,la,supersedeo,suggested,1,
supersederi,la,supersedeo,suggested,1,
supersit,la,supergo,suggested,1,
superstitione,la,superstitio,suggested,1,
superstitiones,la,superstitio,suggested,1,
superstitionis,la,superstitio,suggested,1,
superstitionum,la,superstitio,suggested,1,
superstitiosae,la,superstitiosus,suggested,1,
superstitiosis,la,superstitiosus,suggested,1,
superstitiosorum,la,superstitiosus,suggested,1,
superstitiosum,la,superstitiosus,suggested,1,
superstitiosus,la,superstitiosus,suggested,1,
superuacaneae,la,superuacaneus,suggested,1,
supervacanea,la,supervacaneus,suggested,1,
superveniens,la,supervenio,suggested,1,
superveniente,la,supervenio,suggested,1,
supervixisset,la,supergo,suggested,1,
suplex,la,suplex,suggested,1,
suplicantes,la,suplico,suggested,1,
suplicio,la,suplicium,suggested,1,
suppeditabat,la,suppedito,suggested,1,
suppeditante,la,suppedito,suggested,1,
suppeditantur,la,suppedito,suggested,1,
suppeditare,la,suppedito,suggested,1,
suppellectilem,la,suppellectilis,suggested,1,
suppetant,la,suppeto,suggested,1,
suppetat,la,suppeto,suggested,1,
suppeteret,la,suppeto,suggested,1,
suppetit,la,suppeto,suggested,1,
suppleant,la,suppleo,suggested,1,
supplebat,la,suppleo,suggested,1,
supplemento,la,supplementum,suggested,1,
supplementum,la,supplementum,suggested,1,
supplere,la,suppleo,suggested,1,
supplerent,la,suppleo,suggested,1,
supplex,la,supplex,suggested,1,
supplicarem,la,supplico,suggested,1,
supplicatione,la,supplicatio,suggested,1,
supplicationes,la,supplicatio,suggested,1,
supplicationi,la,supplicatio,suggested,1,
supplicaverunt,la,supplico,suggested,1,
supplicavisse,la,supplico,suggested,1,
supplicetur,la,supplico,suggested,1,
supplicijs,la,supplicium,suggested,1,
suppliciter,la,suppliciter,suggested,1,
supprimebantur,la,supprimo,suggested,1,
suprà,la,suprà,suggested,1,
supradictos,la,supradico,suggested,1,
supradictum,la,supradictus,suggested,1,
suprascriptae,la,suprascriptus,suggested,1,
supremam,la,superior,suggested,1,
supremo,la,superior,suggested,1,
supremus,la,superior,suggested,1,
surda,la,surdus,suggested,1,
surdus,la,surdus,suggested,1,
surgendi,la,surgo,suggested,1,
surgens,la,surgo,suggested,1,
surrepsissent,la,surrepseo,suggested,1,
surrepto,la,surripio,suggested,1,
sus,la,sus,suggested,1,
susceperant,la,suscipio,suggested,1,
susceperunt,la,suscipio,suggested,1,
suscepta,la,suscipio,suggested,1,
susceptâ,la,suscipio,suggested,1,
susceptionem,la,susceptio,suggested,1,
susceptionemque,la,susceptionem,suggested,1,
susceptis,la,suscipio,suggested,1,
suscepturos,la,suscipio,suggested,1,
susceptus,la,suscipio,suggested,1,
susciperem,la,suscipio,suggested,1,
susciperentur,la,suscipio,suggested,1,
susciperetur,la,suscipio,suggested,1,
suscipiam,la,suscipio,suggested,1,
suscipiantur,la,suscipio,suggested,1,
suscipiendas,la,suscipio,suggested,1,
suscipiendi,la,suscipio,suggested,1,
suscipiendos,la,suscipio,suggested,1,
suscipiens,la,suscipio,suggested,1,
suscipimus,la,suscipio,suggested,1,
suscipitis,la,suscipio,suggested,1,
suscipitur,la,suscipio,suggested,1,
suscitanda,la,suscito,suggested,1,
suscitantur,la,suscito,suggested,1,
suscitare,la,suscito,suggested,1,
suscitationem,la,suscitatio,suggested,1,
suscitatus,la,suscito,suggested,1,
suscitentur,la,suscito,suggested,1,
suspectis,la,suspicio,suggested,1,
suspectus,la,suspicio,suggested,1,
suspendebat,la,suspendo,suggested,1,
suspenderet,la,suspendo,suggested,1,
suspendio,la,suspendo,suggested,1,
suspendunt,la,suspendo,suggested,1,
suspensa,la,suspendo,suggested,1,
suspensionem,la,suspensio,suggested,1,
suspensionis,la,suspensio,suggested,1,
suspexi,la,suspicio,suggested,1,
suspicabar,la,suspicor,suggested,1,
suspicabatur,la,suspicor,suggested,1,
suspicandi,la,suspicor,suggested,1,
suspicantem,la,suspicor,suggested,1,
suspicantibus,la,suspicor,suggested,1,
suspicaretur,la,suspicor,suggested,1,
suspicati,la,suspicor,suggested,1,
suspicatus,la,suspicor,suggested,1,
suspicienda,la,suspicio,suggested,1,
suspicionum,la,suspicio,suggested,1,
suspiria,la,suspiris,suggested,1,
suspitionem,la,suspitio,suggested,1,
susque,la,susque,suggested,1,
sustentação,pt,sustentação,suggested,1,
sustentant,la,sustento,suggested,1,
sustentantur,la,sustento,suggested,1,
sustentare,la,sustento,suggested,1,
sustentari,la,sustento,suggested,1,
sustentavit,la,sustento,suggested,1,
sustententur,la,sustento,suggested,1,
sustineant,la,sustineo,suggested,1,
sustinendam,la,sustineo,suggested,1,
sustinendas,la,sustineo,suggested,1,
sustinendum,la,sustineo,suggested,1,
sustinent,la,sustineo,suggested,1,
sustineret,la,sustineo,suggested,1,
sustinet,la,sustineo,suggested,1,
sustinete,la,sustineo,suggested,1,
sustinuere,la,sustinuo,suggested,1,
sustinuit,la,sustineo,suggested,1,
sustulerant,la,tollo,suggested,1,
sustulissent,la,susfero,suggested,1,
sustulisset,la,tollo,suggested,1,
suus,la,suus,suggested,1,
suvó,la,suvus,suggested,1,
suzutensis,la,suzutensis,suggested,1,
svscipientibs,la,svscipieo,suggested,1,
syllabus,la,syllabus,suggested,1,
sylvam,la,sylvus,suggested,1,
sylvis,la,sylvus,suggested,1,
symbȩ,la,symbȩs,suggested,1,
symboli,la,symbolum,suggested,1,
synae,la,synus,suggested,1,
synasque,la,synasque,suggested,1,
synceritate,la,synceritas,suggested,1,
synensis,la,synensis,suggested,1,
syracusam,la,syracusus,suggested,1,
syrias,la,syrius,suggested,1,
tabacum,la,tabacum,suggested,1,
tabe,la,tab,suggested,1,
tabellariorum,la,tabellarius,suggested,1,
tabem,la,tabes,suggested,1,
tabernaculo,la,tabernaculum,suggested,1,
tabernis,la,taberna,suggested,1,
tabilia,la,tabilis,suggested,1,
tabulis,la,tabula,suggested,1,
tacacu,la,tacacus,suggested,1,
tacata,la,Tacata,suggested,1,
tacazuqui,la,tacazuqui,suggested,1,
taceam,la,taceo,suggested,1,
tacebo,la,taceo,suggested,1,
tacenda,la,taceo,suggested,1,
tacens,la,taceo,suggested,1,
tacere,la,taceo,suggested,1,
tacita,la,taceo,suggested,1,
tacitus,la,tacitus,suggested,1,
tactu,la,tactus,suggested,1,
tacuit,la,taceo,suggested,1,
taedet,la,taedet,suggested,1,
taedia,la,taedium,suggested,1,
taedio,la,taedium,suggested,1,
taeis,la,taeus,suggested,1,
taël,la,taël,suggested,1,
taichangus,la,taichangus,suggested,1,
taicing,la,Taicinus,suggested,1,
taicisamae,la,taicisama,suggested,1,
taiçungus,la,taiçungus,suggested,1,
taiyuen,la,Taiyues,suggested,1,
talentum,la,talentum,suggested,1,
talisimani,la,talisimanis,suggested,1,
talos,la,talus,suggested,1,
tamerlani,la,Tamerlanus,suggested,1,
támque,la,támque,suggested,1,
tamura,la,tamurus,suggested,1,
tan,la,tan,suggested,1,
tanaënse,la,Tanaënsus,suggested,1,
tandiu,la,tandiu,suggested,1,
tangani,la,tanganus,suggested,1,
tangatur,la,tango,suggested,1,
tangerent,la,tango,suggested,1,
tangit,la,tango,suggested,1,
tant,la,tant,suggested,1,
tantaq,la,tantus,suggested,1,
tantar,la,tantus,suggested,1,
tantasque,la,tantasque,suggested,1,
tantillum,la,tantillum,suggested,1,
tanto,es,tanto,suggested,1,
tantoq,la,tantus,suggested,1,
tantor,la,tantor,suggested,1,
tantorumq,la,tantorumq,suggested,1,
tantos,la,tantus,suggested,1,
tantumdem,la,tantumdus,suggested,1,
tantummodo,la,tantummodo,suggested,1,
tantundem,la,tantundem,suggested,1,
tantusque,la,tantusque,suggested,1,
tapete,la,tapes,suggested,1,
taraura,la,Taraura,suggested,1,
tarazauondoni,la,tarazauondonus,suggested,1,
tarda,la,tardus,suggested,1,
tardat,la,tardo,suggested,1,
tardius,la,tarde,suggested,1,
taretur,la,taro,suggested,1,
taris,la,tarus,suggested,1,
tarorum,la,tarus,suggested,1,
tarsus,la,tarsus,suggested,1,
tarta,la,tartus,suggested,1,
tartareis,la,tartareus,suggested,1,
tartaricas,la,tartaricus,suggested,1,
tartaricham,la,tartarichus,suggested,1,
tartaricus,la,tartaricus,suggested,1,
tata,la,tatus,suggested,1,
tate,la,tatis,suggested,1,
tati,la,tatus,suggested,1,
tatum,la,tatus,suggested,1,
tauri,la,taurus,suggested,1,
tavares,la,tavaris,suggested,1,
tavero,la,taverus,suggested,1,
taveyra,la,Taveyra,suggested,1,
taxare,la,taxo,suggested,1,
taxat,la,taxo,suggested,1,
taxatum,la,taxatus,suggested,1,
taxorum,la,taxus,suggested,1,
taytay,la,Taytay,suggested,1,
tçunocamidono,la,tçunocamidonus,suggested,1,
tçunocamidonum,la,tçunocamidonus,suggested,1,
tçunocamindoni,la,tçunocamindo,suggested,1,
tect,la,go,suggested,1,
tecta,la,tego,suggested,1,
tectae,la,tego,suggested,1,
tecti,la,tego,suggested,1,
tecto,la,tego,suggested,1,
tectus,la,tego,suggested,1,
tecum,la,tecum,suggested,1,
tedeschi,la,tedeschus,suggested,1,
tegeret,la,tego,suggested,1,
tegit,la,tego,suggested,1,
telis,la,telum,suggested,1,
telo,la,telum,suggested,1,
telorum,la,telum,suggested,1,
temperandum,la,tempero,suggested,1,
temperatione,la,temperatio,suggested,1,
temperetur,la,tempero,suggested,1,
temperie,la,temperies,suggested,1,
temperiem,la,temperies,suggested,1,
temperies,la,temperies,suggested,1,
tempestatibus,la,tempestas,suggested,1,
templaque,la,templaque,suggested,1,
templi,la,templum,suggested,1,
templorum,la,templum,suggested,1,
templorumq,la,temploum,suggested,1,
templumque,la,templumque,suggested,1,
tempo,it,tempo,suggested,1,
tempo,la,tempum,suggested,1,
temporarium,la,temporarius,suggested,1,
tempori,la,tempus,suggested,1,
temptari,la,tempto,suggested,1,
temus,la,temus,suggested,1,
tenaces,la,tenax,suggested,1,
tenderet,la,tendo,suggested,1,
tenditur,la,tendo,suggested,1,
tenduntne,la,tendo,suggested,1,
teneamur,la,teneo,suggested,1,
teneatur,la,teneo,suggested,1,
tenebamur,la,teneo,suggested,1,
tenebant,la,teneo,suggested,1,
tenebatur,la,teneo,suggested,1,
tenebrarum,la,tenebrae,suggested,1,
tenedos,la,tenedos,suggested,1,
tenellae,la,tenella,suggested,1,
tenendis,la,teneo,suggested,1,
tenendus,la,teneo,suggested,1,
tenens,la,teneo,suggested,1,
tenent,la,teneo,suggested,1,
tenentem,la,teneo,suggested,1,
teneremur,la,teneo,suggested,1,
tenerrimis,la,tener,suggested,1,
tenor,la,tenor,suggested,1,
tenoris,la,tenor,suggested,1,
tensae,la,tensa,suggested,1,
tentabat,la,tento,suggested,1,
tentandam,la,tento,suggested,1,
tentare,la,tempto,suggested,1,
tentaret,la,tento,suggested,1,
tentaverunt,la,tento,suggested,1,
tentoria,la,tentorium,suggested,1,
tentorii,la,tentorium,suggested,1,
tentorium,la,tentorium,suggested,1,
tenuem,la,tenuis,suggested,1,
tenuibus,la,tenuis,suggested,1,
tenuioribus,la,tenuior,suggested,1,
tenuíque,la,tenuíque,suggested,1,
tenuisset,la,teneo,suggested,1,
tenuistis,la,teneo,suggested,1,
tenuitate,la,tenuitas,suggested,1,
tenzam,la,tenza,suggested,1,
tenze,la,Tenze,suggested,1,
tepor,la,tepor,suggested,1,
terat,la,tero,suggested,1,
terazava,la,terazavus,suggested,1,
terazave,la,terazavis,suggested,1,
tercentis,la,tercens,suggested,1,
tercentum,la,tercentum,suggested,1,
tercio,la,tercius,suggested,1,
tercium,la,terx,suggested,1,
terentius,la,Terentius,suggested,1,
teret,la,tereo,suggested,1,
tergum,la,tergum,suggested,1,
teriam,la,teria,suggested,1,
teris,la,terum,suggested,1,
terminandis,la,termino,suggested,1,
terminata,la,termino,suggested,1,
terminos,la,terminus,suggested,1,
ternos,la,ternus,suggested,1,
ternosve,la,ternosvus,suggested,1,
terq,la,terq,suggested,1,
terraeq,la,terra,suggested,1,
terramque,la,terram,suggested,1,
terraque,la,terraquus,suggested,1,
terrasq,la,Terrasqus,suggested,1,
terreis,la,terreus,suggested,1,
terrena,la,terrenus,suggested,1,
terrestri,la,terrestris,suggested,1,
terretii,la,terretius,suggested,1,
terribilis,la,terribilis,suggested,1,
terriculamentis,la,terriculamentum,suggested,1,
terrificas,la,terrificus,suggested,1,
territi,la,terreo,suggested,1,
terroreque,la,terroreque,suggested,1,
terrori,la,terror,suggested,1,
tertiae,la,tertius,suggested,1,
testamenti,la,testamentum,suggested,1,
testamentique,la,testamentique,suggested,1,
testamento,la,testamentum,suggested,1,
testamentum,la,testamentum,suggested,1,
testari,la,testor,suggested,1,
testatusque,la,testatusque,suggested,1,
teste,la,testis,suggested,1,
testificantibus,la,testifico,suggested,1,
testificati,la,testificor,suggested,1,
testificatione,la,testificatio,suggested,1,
testificationibus,la,testificatio,suggested,1,
testimonia,la,testimonium,suggested,1,
teterrimorum,la,teterrimus,suggested,1,
tetrapyli,la,tetrapylis,suggested,1,
tetrapylon,la,Tetrapylon,suggested,1,
tetro,la,tetrum,suggested,1,
textus,la,textus,suggested,1,
textûs,la,textûs,suggested,1,
tezauro,la,tezaurus,suggested,1,
thaedus,la,thaedus,suggested,1,
thanais,la,thanai,suggested,1,
thanam,la,thana,suggested,1,
thangum,la,thangus,suggested,1,
thaoyuen,la,Thaoyues,suggested,1,
thaurisium,la,thaurisis,suggested,1,
theologi,la,theologus,suggested,1,
theologia,es,Theologia,suggested,1,
theologiaq,la,theologia,suggested,1,
theologici,la,theologicus,suggested,1,
theologicis,la,theologicus,suggested,1,
theologicus,la,theologicus,suggested,1,
theologos,la,theologus,suggested,1,
theresiae,la,theresia,suggested,1,
thermopylis,la,Thermopylae,suggested,1,
thesauro,la,thesaurus,suggested,1,
thesauros,la,thesaurus,suggested,1,
thessalia,la,thessalis,suggested,1,
thessaliam,la,thessalius,suggested,1,
thessalonicam,la,Thessalonica,suggested,1,
thienki,la,Thienkus,suggested,1,
thienkium,la,thius,suggested,1,
thienmingo,la,Thienmingus,suggested,1,
thienmingus,la,thienmingus,suggested,1,
thienxun,la,thienxus,suggested,1,
thienxunam,la,thienxunus,suggested,1,
thienzungum,la,Thienzungus,suggested,1,
thienzungus,la,thienzungus,suggested,1,
thimotheo,la,thimotheus,suggested,1,
thisicae,la,thisicus,suggested,1,
thoma,la,thoma,suggested,1,
thome,la,Thomas,suggested,1,
thori,la,thorus,suggested,1,
thucydides,la,thucydides,suggested,1,
tianorum,la,tianus,suggested,1,
tibetano,la,tibetanus,suggested,1,
tibique,la,tibique,suggested,1,
tiburtinum,la,tiburtinus,suggested,1,
tibus,la,tus,suggested,1,
tidic,la,tidic,suggested,1,
tienchu,la,tienches,suggested,1,
tigna,la,tignum,suggested,1,
tignis,la,tignum,suggested,1,
tigris,la,tigris,suggested,1,
tiis,la,tius,suggested,1,
tilium,la,tilis,suggested,1,
time,la,timeo,suggested,1,
timeant,la,timeo,suggested,1,
timebam,la,timeo,suggested,1,
timebamus,la,timeo,suggested,1,
timebant,la,timeo,suggested,1,
timebat,la,timeo,suggested,1,
timenda,la,timeo,suggested,1,
timentibus,la,timeo,suggested,1,
timeo,la,timeo,suggested,1,
timere,la,timeo,suggested,1,
timeret,la,timeo,suggested,1,
timeri,la,timeo,suggested,1,
timoratas,la,timoro,suggested,1,
timores,la,timor,suggested,1,
timoribus,la,timor,suggested,1,
timus,la,timus,suggested,1,
tincta,la,tinco,suggested,1,
tincti,la,tigo,suggested,1,
tinctos,la,tingo,suggested,1,
tinea,la,tinea,suggested,1,
tingunt,la,tingo,suggested,1,
tinhao,pt,tinhão,suggested,1,
tinhão,pt,ter,suggested,1,
tinus,la,tinus,suggested,1,
tinxisse,la,tinxeo,suggested,1,
tio,la,tio,suggested,1,
tione,la,tio,suggested,1,
tionibus,la,tio,suggested,1,
tiranno,la,tirannus,suggested,1,
tit,la,tio,suggested,1,
titubasse,la,titubo,suggested,1,
titubatio,la,titubatio,suggested,1,
titulis,la,titulus,suggested,1,
titulos,la,titulus,suggested,1,
to,la,to,suggested,1,
todas,pt,todo,suggested,1,
todeschino,la,todeschinus,suggested,1,
togatis,la,togatus,suggested,1,
togatos,la,togatus,suggested,1,
togatus,la,togatus,suggested,1,
tolerandam,la,tolero,suggested,1,
tolerandis,la,tolero,suggested,1,
tolerando,la,tolero,suggested,1,
tolerantia,la,tolerantia,suggested,1,
toleratas,la,tolero,suggested,1,
toleratis,la,tolero,suggested,1,
toleraturum,la,tolero,suggested,1,
toleraturus,la,tolero,suggested,1,
tolerent,la,toleo,suggested,1,
tollebatur,la,tollo,suggested,1,
tollendis,la,tollo,suggested,1,
tollendos,la,tollo,suggested,1,
tollendum,la,tollo,suggested,1,
tollerandum,la,tollero,suggested,1,
tolluntur,la,tollo,suggested,1,
tomiis,la,tomius,suggested,1,
tomo,la,tomus,suggested,1,
tomos,la,tomus,suggested,1,
tonderi,la,tondeo,suggested,1,
tonum,la,tonus,suggested,1,
toquiççuquensem,la,Toquiççuquensis,suggested,1,
toquitçuquensis,la,toquitçuquensis,suggested,1,
toquizuquensi,la,toquizuquensus,suggested,1,
tori,la,torus,suggested,1,
toridae,la,toridus,suggested,1,
tormentarii,la,tormentarius,suggested,1,
tormento,la,tormentum,suggested,1,
tormentum,la,tormentum,suggested,1,
torpescens,la,torpesco,suggested,1,
torpescentibus,la,torpesco,suggested,1,
torpescentium,la,torpesco,suggested,1,
torqueantur,la,torqueo,suggested,1,
torquent,la,torqueo,suggested,1,
torqueret,la,torqueo,suggested,1,
torquetur,la,torqueo,suggested,1,
torrados,la,torradus,suggested,1,
torum,la,torus,suggested,1,
torvo,la,torvus,suggested,1,
tos,la,tos,suggested,1,
totae,la,totus,suggested,1,
totalem,la,totalis,suggested,1,
totaque,la,totaque,suggested,1,
totas,la,totus,suggested,1,
totique,la,totique,suggested,1,
totiùsque,la,totiùsque,suggested,1,
totve,la,totvus,suggested,1,
toxica,la,toxicus,suggested,1,
toxicum,la,toxicus,suggested,1,
toxogun,la,toxogun,suggested,1,
tra,la,tra,suggested,1,
tractabat,la,tracto,suggested,1,
tractabimus,la,tracto,suggested,1,
tractactionis,la,tractactio,suggested,1,
tractandis,la,tracto,suggested,1,
tractandorum,la,tracto,suggested,1,
tractantur,la,tracto,suggested,1,
tractare,la,tracto,suggested,1,
tractarent,la,tracto,suggested,1,
tractaretur,la,tracto,suggested,1,
tractari,la,tracto,suggested,1,
tractarit,la,tracto,suggested,1,
tractarunt,la,tracto,suggested,1,
tractas,la,traho,suggested,1,
tractatione,la,tractatio,suggested,1,
tractationem,la,tractatio,suggested,1,
tractatos,la,tracto,suggested,1,
tractatur,la,tracto,suggested,1,
tractaturos,la,tracto,suggested,1,
tractavi,la,tracto,suggested,1,
tractavit,la,tracto,suggested,1,
tractent,la,tracto,suggested,1,
tractibus,la,tractus,suggested,1,
tractione,la,tractio,suggested,1,
tractis,la,traho,suggested,1,
tractu,la,tractus,suggested,1,
tractum,la,traho,suggested,1,
tradam,la,trado,suggested,1,
tradas,la,trado,suggested,1,
tradat,la,trado,suggested,1,
tradebantur,la,trado,suggested,1,
tradendam,la,trado,suggested,1,
tradendum,la,trado,suggested,1,
tradentibus,la,trado,suggested,1,
traderentur,la,trado,suggested,1,
traderetur,la,trado,suggested,1,
tradidi,la,trado,suggested,1,
tradidisset,la,trado,suggested,1,
traditam,la,trado,suggested,1,
traditi,la,trado,suggested,1,
traditis,la,trado,suggested,1,
traducendam,la,traduco,suggested,1,
traducere,la,traduco,suggested,1,
traducerent,la,traduco,suggested,1,
traducti,la,traduco,suggested,1,
tradunt,la,trado,suggested,1,
tragaedia,la,tragaedium,suggested,1,
tragediae,la,tragedius,suggested,1,
tragica,la,tragicus,suggested,1,
tragicorum,la,tragicus,suggested,1,
tragoedia,la,tragoedia,suggested,1,
trahant,la,traho,suggested,1,
trahebat,la,traho,suggested,1,
trahendos,la,traho,suggested,1,
trahentes,la,traho,suggested,1,
trahit,la,traho,suggested,1,
traho,la,traho,suggested,1,
trahunt,la,traho,suggested,1,
traiani,la,traianus,suggested,1,
traiecerunt,la,traicio,suggested,1,
traiecit,la,traicio,suggested,1,
traiicere,la,traiicio,suggested,1,
trajiceret,la,trajico,suggested,1,
tranquilitatis,la,tranquilitas,suggested,1,
tranquilla,la,tranquillus,suggested,1,
tranquillandae,la,tranquillo,suggested,1,
tranquillitatem,la,tranquilitas,suggested,1,
tranquillitatis,la,tranquillitas,suggested,1,
transactum,la,transigo,suggested,1,
transcendunt,la,transcendo,suggested,1,
transegerint,la,transego,suggested,1,
transegit,la,transego,suggested,1,
transeundi,la,transeo,suggested,1,
transeuntem,la,transeo,suggested,1,
transeuntes,la,transeo,suggested,1,
transeuntibus,la,transeo,suggested,1,
transfer,la,transfero,suggested,1,
transferat,la,transfero,suggested,1,
transferret,la,transfero,suggested,1,
transfixit,la,transfigo,suggested,1,
transfretans,la,transfreto,suggested,1,
transfretati,la,transfreto,suggested,1,
transgrederentur,la,transgredo,suggested,1,
transgredior,la,transgredior,suggested,1,
transibant,la,transeo,suggested,1,
transibat,la,transeo,suggested,1,
transiere,la,transeo,suggested,1,
transigendum,la,transigo,suggested,1,
transigentes,la,transigo,suggested,1,
transigerentur,la,transigo,suggested,1,
transigit,la,transigo,suggested,1,
transilire,la,transilio,suggested,1,
transistis,la,transeo,suggested,1,
transit,la,transeo,suggested,1,
transitis,la,transio,suggested,1,
transito,la,transeo,suggested,1,
transituri,la,transieo,suggested,1,
transiturus,la,transeo,suggested,1,
transivimus,la,transio,suggested,1,
transivit,la,transeo,suggested,1,
translati,la,transfero,suggested,1,
transmarinas,la,transmarinus,suggested,1,
transmarinis,la,transmarinus,suggested,1,
transmeasset,la,transmeo,suggested,1,
transmeavit,la,transmeo,suggested,1,
transmicteret,la,transmicto,suggested,1,
transmigrare,la,transmigro,suggested,1,
transmisisti,la,transmitto,suggested,1,
transmisit,la,transmitto,suggested,1,
transmissa,la,transmitto,suggested,1,
transmissas,la,transmitto,suggested,1,
transmisse,la,transmeo,suggested,1,
transmissis,la,transmitto,suggested,1,
transmisso,la,transmitto,suggested,1,
transmissum,la,transmissus,suggested,1,
transmissus,la,transmissus,suggested,1,
transmitione,la,transmitio,suggested,1,
transmittantur,la,transmitto,suggested,1,
transmittebat,la,transmitto,suggested,1,
transmittens,la,transmitto,suggested,1,
transmittimus,la,transmitto,suggested,1,
transmittit,la,transmitto,suggested,1,
transmittunt,la,transmitto,suggested,1,
transportandos,la,transporto,suggested,1,
transsumptum,la,transsumo,suggested,1,
transtorna,la,transtornus,suggested,1,
transuersos,la,transverto,suggested,1,
transuersum,la,transuersus,suggested,1,
transumptis,la,transumpo,suggested,1,
transumptum,la,transumptus,suggested,1,
transvecti,la,transvicio,suggested,1,
transvehamur,la,transveho,suggested,1,
transvehuntur,la,transveho,suggested,1,
transverberant,la,transverbero,suggested,1,
trariorum,la,trarius,suggested,1,
trasmarinis,la,trasmarinus,suggested,1,
travancoris,la,travancos,suggested,1,
traxi,la,traxi,suggested,1,
trecentos,la,trecenti,suggested,1,
tremoribus,la,tremor,suggested,1,
trentaria,la,trentarius,suggested,1,
tresve,la,tresve,suggested,1,
tribuat,la,tribuo,suggested,1,
tribuendam,la,tribuo,suggested,1,
tribuendis,la,tribuo,suggested,1,
tribuendo,la,tribuo,suggested,1,
tribuens,la,tribuo,suggested,1,
tribuente,la,tribuo,suggested,1,
tribuentes,la,tribuo,suggested,1,
tribueret,la,tribuo,suggested,1,
tribuit,la,tribuo,suggested,1,
tribulatione,la,tribulatio,suggested,1,
tribulationem,la,tribulatio,suggested,1,
tribulationibus,la,tribulatio,suggested,1,
tribusque,la,tribusque,suggested,1,
tributaria,la,tributarius,suggested,1,
tributarii,la,tributarius,suggested,1,
tributariis,la,tributarius,suggested,1,
tributarius,la,tributarius,suggested,1,
tributi,la,tribuo,suggested,1,
tributum,la,tributum,suggested,1,
tribuuntur,la,tribuo,suggested,1,
tridentino,la,tridentinus,suggested,1,
tridentinus,la,tridentinus,suggested,1,
triduali,la,tridualis,suggested,1,
trienio,la,trienium,suggested,1,
trigautii,la,Trigautius,suggested,1,
trigautio,la,trigautio,suggested,1,
trimphato,la,trimpho,suggested,1,
trinitas,la,trinitas,suggested,1,
trinitatem,la,trinitas,suggested,1,
triplici,la,triplex,suggested,1,
triplo,la,triplus,suggested,1,
tripolis,la,tripoles,suggested,1,
triremes,la,triremis,suggested,1,
tristi,la,tristis,suggested,1,
tristia,la,tristis,suggested,1,
tristiora,la,tristis,suggested,1,
tristissimam,la,tristus,suggested,1,
tristitiam,la,tristitia,suggested,1,
triticum,la,triticum,suggested,1,
tritonibus,la,tritonus,suggested,1,
triueris,la,triuer,suggested,1,
triumphale,la,triumphalis,suggested,1,
triumphales,la,triumphalis,suggested,1,
triumphantem,la,triumpho,suggested,1,
triumphantes,la,triumpho,suggested,1,
triumphauit,la,triumpho,suggested,1,
triumphavit,la,triumpho,suggested,1,
triumpho,la,triumphus,suggested,1,
troiam,la,troia,suggested,1,
trucidabat,la,trucido,suggested,1,
trucidarunt,la,trucido,suggested,1,
trucidasset,la,trucido,suggested,1,
trucidati,la,trucido,suggested,1,
trucidatur,la,trucido,suggested,1,
truculentia,la,truculentia,suggested,1,
truculentiam,la,truculentia,suggested,1,
truculentissimi,la,truculens,suggested,1,
truncaretur,la,trunco,suggested,1,
truncatus,la,trunco,suggested,1,
tualis,la,tualis,suggested,1,
tuba,la,tuba,suggested,1,
tubae,la,tuba,suggested,1,
tubarum,la,tuba,suggested,1,
tubicinem,la,tubicen,suggested,1,
tubos,la,tubus,suggested,1,
tueamur,la,tueor,suggested,1,
tueantur,la,tueor,suggested,1,
tuemur,la,tueor,suggested,1,
tuendi,la,tueor,suggested,1,
tuentur,la,tueor,suggested,1,
tuerentur,la,tueor,suggested,1,
tueretur,la,tueor,suggested,1,
tuerique,la,tuerique,suggested,1,
tugurium,la,tugurium,suggested,1,
tulerat,la,fro,suggested,1,
tumcunque,la,tumcunque,suggested,1,
tumquinensis,la,tumquinenses,suggested,1,
tumuli,la,tumulus,suggested,1,
tumulo,la,tumulus,suggested,1,
tumultuantur,la,tumultuor,suggested,1,
tumultuum,la,tumultuus,suggested,1,
tun,la,tunc,suggested,1,
tunam,la,tuna,suggested,1,
tuncque,la,tuncque,suggested,1,
tungking,la,tungkinus,suggested,1,
tunglieu,la,tunglieu,suggested,1,
tunicas,la,tunica,suggested,1,
tunkinense,la,tunkinense,suggested,1,
tunkinicae,la,tunkinicus,suggested,1,
turbae,la,turba,suggested,1,
turbare,la,turbo,suggested,1,
turbaretur,la,turbo,suggested,1,
turbari,la,turbo,suggested,1,
turbarum,la,turba,suggested,1,
turbarumque,la,turbarum,suggested,1,
turbati,la,turbo,suggested,1,
turbationem,la,turbatio,suggested,1,
turbationis,la,turbatio,suggested,1,
turbidum,la,turbidus,suggested,1,
turbis,la,turba,suggested,1,
turbulentae,la,turbulentus,suggested,1,
turbulentior,la,turbulentus,suggested,1,
turbulento,la,turbulentus,suggested,1,
turbulentos,la,turbulentus,suggested,1,
turcae,la,turca,suggested,1,
turcoti,la,turcotus,suggested,1,
turcottus,la,turcottus,suggested,1,
ture,la,tus,suggested,1,
turibula,la,turibulum,suggested,1,
turkya,la,turkya,suggested,1,
turpem,la,turpis,suggested,1,
turpi,la,turpis,suggested,1,
turpissima,la,turpis,suggested,1,
turpissimus,la,turpis,suggested,1,
turpitudini,la,turpitudo,suggested,1,
turquiam,la,turquia,suggested,1,
turrem,la,turris,suggested,1,
turriano,la,Turrianus,suggested,1,
turrim,la,turris,suggested,1,
tursicis,la,tursicus,suggested,1,
tus,la,tus,suggested,1,
tusciae,la,tuscius,suggested,1,
tusciam,la,tuscius,suggested,1,
tuscum,la,tuscus,suggested,1,
tutelares,la,tutelaris,suggested,1,
tutior,la,tutus,suggested,1,
tutiora,la,tutus,suggested,1,
tutò,la,tutò,suggested,1,
tutocorimi,la,tutocorimus,suggested,1,
tutudit,la,tutudo,suggested,1,
tuxun,la,tuxun,suggested,1,
tyanaei,la,tyanaeus,suggested,1,
tyberim,la,Tyberis,suggested,1,
tyfonius,la,tyfonus,suggested,1,
tygrides,la,tygrides,suggested,1,
typog,la,typog,suggested,1,
typographia,la,typographia,suggested,1,
typographiae,la,typographia,suggested,1,
typum,la,typus,suggested,1,
tyrannicum,la,tyrannicus,suggested,1,
tyrannicus,la,tyrannicus,suggested,1,
tyrannis,la,tyrannus,suggested,1,
tyria,la,tyrius,suggested,1,
tyro,la,tyrus,suggested,1,
tyronum,la,tyronus,suggested,1,
tytulum,la,tytulus,suggested,1,
tzunicamindoni,la,tzunicamindo,suggested,1,
tzunicamindonum,la,tzunicamindo,suggested,1,
tzunocamin,la,tzunocamius,suggested,1,
tzunocamindono,la,tzunocamindonus,suggested,1,
tzunocamindonus,la,tzunocamindonus,suggested,1,
ualedicens,la,ualedico,suggested,1,
uariae,la,uarius,suggested,1,
uarietatibus,la,uarietas,suggested,1,
uariis,la,uarius,suggested,1,
ubera,la,uber,suggested,1,
uberem,la,uber,suggested,1,
uberes,la,uber,suggested,1,
uberior,la,uber,suggested,1,
uberiores,la,uberior,suggested,1,
uberius,la,ubere,suggested,1,
uberrima,la,uber,suggested,1,
uberrimum,la,uber,suggested,1,
ubertatem,la,ubertas,suggested,1,
uchimensis,la,uchimensis,suggested,1,
uelaria,la,uelaris,suggested,1,
uelle,la,uolo,suggested,1,
uen,la,uen,suggested,1,
uenantes,la,uenor,suggested,1,
uendentes,la,uendo,suggested,1,
ueniens,la,uenio,suggested,1,
uenientes,la,uenio,suggested,1,
uenisset,la,uenio,suggested,1,
uerbo,la,uerbum,suggested,1,
ueritate,la,ueritas,suggested,1,
uerum,la,uerus,suggested,1,
uerunt,la,uero,suggested,1,
uestimenta,la,uestimentum,suggested,1,
uicerunt,la,uinco,suggested,1,
uicinam,la,uicinus,suggested,1,
uicinantibus,la,uicino,suggested,1,
uicini,la,uicinus,suggested,1,
uicinorum,la,uicinus,suggested,1,
uicos,la,uicus,suggested,1,
uicum,la,uicus,suggested,1,
uideamur,la,uideo,suggested,1,
uideantur,la,uideo,suggested,1,
uidear,la,uideo,suggested,1,
uideatur,la,uideo,suggested,1,
uidelicet,la,uidelicet,suggested,1,
uidens,la,uideo,suggested,1,
uidentem,la,uideo,suggested,1,
uidere,la,uideo,suggested,1,
uidet,la,uideo,suggested,1,
uidi,la,uideo,suggested,1,
uidimus,la,uideo,suggested,1,
uigentem,la,uigeo,suggested,1,
uincere,la,uinco,suggested,1,
uineta,la,uinetum,suggested,1,
uinorum,la,uinum,suggested,1,
uiri,la,uir,suggested,1,
uiris,la,uir,suggested,1,
uisae,la,uideo,suggested,1,
uisi,la,uideo,suggested,1,
uisum,la,uisus,suggested,1,
uitae,la,uita,suggested,1,
uittas,la,uitto,suggested,1,
uiuens,la,uiuo,suggested,1,
uius,la,hic,suggested,1,
uiuunt,la,uiuo,suggested,1,
ulciscendae,la,ulcisco,suggested,1,
ulciscendum,la,ulciscor,suggested,1,
ulcisci,la,ulciscor,suggested,1,
ulciscitur,la,ulciscor,suggested,1,
ulisìpone,la,ulisìpon,suggested,1,
ulli,la,ullus,suggested,1,
ullibi,la,ullibi,suggested,1,
ullis,la,ullus,suggested,1,
ultimas,la,ultimus,suggested,1,
ultimi,la,ultimus,suggested,1,
ultimus,la,ultimus,suggested,1,
ultionis,la,ultio,suggested,1,
ultramarino,la,ultramarinus,suggested,1,
ultricia,la,ultricis,suggested,1,
ultrò,la,ultrò,suggested,1,
ultroneam,la,ultroneus,suggested,1,
ulyssi,la,ulyssus,suggested,1,
ulyssiponem,la,Ulyssipo,suggested,1,
unà,la,unà,suggested,1,
unanimiter,la,unanimiter,suggested,1,
unaquaeque,la,unusquisque,suggested,1,
unaque,la,unaque,suggested,1,
unctio,la,unctio,suggested,1,
undarum,la,unda,suggested,1,
undas,la,unda,suggested,1,
undecumque,la,undecumque,suggested,1,
undis,la,unda,suggested,1,
undisque,la,undisque,suggested,1,
ungari,la,Ungari,suggested,1,
ungariam,la,ungaria,suggested,1,
ungarorum,la,ungar,suggested,1,
ungues,la,unguis,suggested,1,
unguibus,la,unguis,suggested,1,
ungulae,la,ungula,suggested,1,
unicaque,la,unicaquus,suggested,1,
unicuique,la,unusquisque,suggested,1,
unionem,la,unio,suggested,1,
uniri,la,unio,suggested,1,
unirni,la,unirnus,suggested,1,
unitatem,la,unitas,suggested,1,
uniuersa,la,uniuersus,suggested,1,
uniuersorum,la,uniuersus,suggested,1,
universale,la,uniuersalis,suggested,1,
universim,la,universis,suggested,1,
universis,la,uniuersus,suggested,1,
universos,la,universus,suggested,1,
universus,la,universus,suggested,1,
univit,la,unio,suggested,1,
unoquoque,la,unusquisque,suggested,1,
unumq,la,unumq,suggested,1,
unumquemque,la,unusquisque,suggested,1,
unusque,la,unusque,suggested,1,
uolunt,la,uolo,suggested,1,
ur,la,ur,suggested,1,
urbanissime,la,urbanus,suggested,1,
urbanitate,la,urbanitas,suggested,1,
urbanitatis,la,urbanitas,suggested,1,
urbanius,la,urbane,suggested,1,
urbevetanus,la,urbevetanus,suggested,1,
uremon,la,Uremon,suggested,1,
urganthum,la,urganthus,suggested,1,
urgendo,la,urgeo,suggested,1,
urgentissima,la,urges,suggested,1,
urgentur,la,urgeo,suggested,1,
urgerent,la,urgeo,suggested,1,
urgeret,la,urgeo,suggested,1,
urgeretur,la,urgeo,suggested,1,
urgetque,la,urgetque,suggested,1,
ursis,la,ursis,suggested,1,
ursit,la,urdeo,suggested,1,
usibus,la,usus,suggested,1,
usitata,la,usitao,suggested,1,
usitatum,la,usitas,suggested,1,
úsque,la,úsque,suggested,1,
usquequaque,la,usquequaque,suggested,1,
usualis,la,usualis,suggested,1,
usui,la,usus,suggested,1,
usumque,la,usumque,suggested,1,
usuris,la,usura,suggested,1,
usurpabat,la,usurpo,suggested,1,
usurpandi,la,usurpo,suggested,1,
usurpandum,la,usurpo,suggested,1,
usurpans,la,usurpo,suggested,1,
usurparentur,la,usurpo,suggested,1,
usurparunt,la,usurpo,suggested,1,
usurpaverat,la,usurpo,suggested,1,
usurum,la,utor,suggested,1,
ususq,la,ustor,suggested,1,
utano,la,utanus,suggested,1,
utanorum,la,utanus,suggested,1,
utantur,la,utor,suggested,1,
utatur,la,utor,suggested,1,
utcunq,la,utcunq,suggested,1,
utcunque,la,utcunque,suggested,1,
utebatur,la,utor,suggested,1,
utendi,la,utor,suggested,1,
utentes,la,utor,suggested,1,
uteremur,la,utor,suggested,1,
utilem,la,utilis,suggested,1,
utilibus,la,utilis,suggested,1,
utilior,la,utilis,suggested,1,
utiliores,la,utilis,suggested,1,
utilissima,la,utilis,suggested,1,
utilitati,la,utilitas,suggested,1,
utiliter,la,utiliter,suggested,1,
utimur,la,utor,suggested,1,
utres,la,uter,suggested,1,
utrisque,la,uterque,suggested,1,
utrosque,la,uterque,suggested,1,
utum,la,utus,suggested,1,
uxorę,la,uxor,suggested,1,
uxores,la,uxor,suggested,1,
v.a,la,v.a,suggested,1,
v.d,la,u.d,suggested,1,
vacant,la,vaco,suggested,1,
vacante,la,vaco,suggested,1,
vacantes,la,vaco,suggested,1,
vacanti,la,vaco,suggested,1,
vacantibus,la,vaco,suggested,1,
vacare,la,vaco,suggested,1,
vacarunt,la,vaco,suggested,1,
vacatorum,la,vacator,suggested,1,
vacemus,la,vaco,suggested,1,
vacuis,la,vacuus,suggested,1,
vadunt,la,vado,suggested,1,
vagabantur,la,vagor,suggested,1,
vagaretur,la,vago,suggested,1,
vaginae,la,vagina,suggested,1,
vaipicottae,la,vaipicotta,suggested,1,
valat,la,valo,suggested,1,
valeas,la,valeo,suggested,1,
valebam,la,valeo,suggested,1,
valebit,la,valeo,suggested,1,
valedicendum,la,valedico,suggested,1,
valediceret,la,valedico,suggested,1,
valedicturus,la,valedio,suggested,1,
valedixerunt,la,valedico,suggested,1,
valens,la,valeo,suggested,1,
valente,la,ualeo,suggested,1,
valeo,la,valeo,suggested,1,
valetitudine,la,valetitudo,suggested,1,
valetudinem,la,valetudo,suggested,1,
valetudini,la,valetudo,suggested,1,
valetudiniss,la,ualetudio,suggested,1,
valguaneira,la,valguaneira,suggested,1,
validius,la,valide,suggested,1,
valig,la,Valig,suggested,1,
valignano,la,valignanus,suggested,1,
valignano,pt,Valignano,suggested,1,
valignanus,la,valignanus,suggested,1,
vallaretur,la,vallo,suggested,1,
vallat,la,vallo,suggested,1,
vallata,la,vallo,suggested,1,
vallatus,la,vallo,suggested,1,
valle,la,valles,suggested,1,
valles,la,valles,suggested,1,
valorem,la,valor,suggested,1,
valuit,la,valeo,suggested,1,
vanae,la,vanus,suggested,1,
vanas,la,vanus,suggested,1,
vanasa,la,vanasus,suggested,1,
vango,la,vangus,suggested,1,
vanis,la,vanus,suggested,1,
vanisq,la,vanisq,suggested,1,
vanissimo,la,vanus,suggested,1,
vanos,la,vanus,suggested,1,
vaporibus,la,vapor,suggested,1,
variae,la,varius,suggested,1,
variaque,la,variaque,suggested,1,
variasque,la,varias,suggested,1,
varietas,la,varietas,suggested,1,
varietatem,la,varietas,suggested,1,
varietatibus,la,varietas,suggested,1,
varii,la,varius,suggested,1,
varij,la,varij,suggested,1,
varijs,la,uarijs,suggested,1,
variorum,la,varius,suggested,1,
varius,la,varius,suggested,1,
varjis,la,varjus,suggested,1,
varo,la,var,suggested,1,
vasalli,la,uasallus,suggested,1,
vasallo,la,uasallus,suggested,1,
vasallor,la,uasallor,suggested,1,
vascum,la,vascus,suggested,1,
vasora,la,Vasora,suggested,1,
vastabat,la,vasto,suggested,1,
vastam,la,vastus,suggested,1,
vastandis,la,vasto,suggested,1,
vastantes,la,vasto,suggested,1,
vastare,la,vasto,suggested,1,
vastat,la,vasto,suggested,1,
vastatas,la,vasto,suggested,1,
vastatis,la,vasto,suggested,1,
vastavit,la,vasto,suggested,1,
vastissima,la,vastus,suggested,1,
vastissimas,la,vastus,suggested,1,
vastissimo,la,vastus,suggested,1,
vastitas,la,vastitas,suggested,1,
vasto,la,vastus,suggested,1,
vastos,la,vastus,suggested,1,
vastum,la,vastus,suggested,1,
vaticinio,la,vaticinium,suggested,1,
vaticinium,la,vaticinium,suggested,1,
vatuk,la,vatus,suggested,1,
vazallus,la,uazallus,suggested,1,
vberem,la,vber,suggested,1,
vbicunque,la,vbicumque,suggested,1,
vecordia,la,vecordia,suggested,1,
vectibus,la,vectus,suggested,1,
vectigal,la,vectigal,suggested,1,
vectigali,la,vectigal,suggested,1,
vectigalq,la,vectigal,suggested,1,
vectus,la,vego,suggested,1,
vedras,la,veder,suggested,1,
vegetativa,la,vegetativus,suggested,1,
vehebant,la,veheo,suggested,1,
vehem,la,veho,suggested,1,
vehemens,la,vehemens,suggested,1,
veladminiculum,la,veladminiculum,suggested,1,
velitationibus,la,velitatio,suggested,1,
velitis,la,volo,suggested,1,
vellint,la,veolo,suggested,1,
vellis,la,veolo,suggested,1,
velocissimi,la,velox,suggested,1,
velocissimis,la,velocus,suggested,1,
velocissimo,la,velox,suggested,1,
velocitas,la,velocitas,suggested,1,
venantur,la,venor,suggested,1,
venari,la,venor,suggested,1,
venaticos,la,venaticus,suggested,1,
vendebatur,la,vendo,suggested,1,
vendere,la,uendo,suggested,1,
venderetur,la,vendo,suggested,1,
vendicandis,la,vendico,suggested,1,
vendicet,la,vendico,suggested,1,
vendiderunt,la,vendo,suggested,1,
venditionibus,la,venditio,suggested,1,
vene,la,uene,suggested,1,
veneficia,la,veneficium,suggested,1,
venena,la,venenum,suggested,1,
venerabant,la,venero,suggested,1,
venerabi,la,uenerabi,suggested,1,
venerabile,la,venerabilis,suggested,1,
venerandam,la,ueneror,suggested,1,
venerandus,la,venero,suggested,1,
venerati,la,veneror,suggested,1,
venerationem,la,veneratio,suggested,1,
venerationis,la,veneratio,suggested,1,
venere,la,venio,suggested,1,
venerem,la,venio,suggested,1,
veneremur,la,venor,suggested,1,
veneta,la,Veneta,suggested,1,
veniatis,la,venio,suggested,1,
venido,es,venido,suggested,1,
venienter,la,venienter,suggested,1,
venienti,la,venio,suggested,1,
veniet,la,venio,suggested,1,
venissemus,la,venio,suggested,1,
venisset,la,venio,suggested,1,
ventilatur,la,ventilo,suggested,1,
ventitarant,la,ventitaro,suggested,1,
vento,la,ventus,suggested,1,
ventorum,la,ventus,suggested,1,
ventos,la,ventus,suggested,1,
ventres,la,venter,suggested,1,
ventri,la,venter,suggested,1,
ventura,la,venio,suggested,1,
ventus,la,ventus,suggested,1,
venus,la,venus,suggested,1,
venustè,la,venuo,suggested,1,
veo,pt,ir,suggested,1,
veras,la,verus,suggested,1,
verax,la,verax,suggested,1,
verbaq,la,uerbo,suggested,1,
verbatim,la,verbatim,suggested,1,
verberare,la,verbero,suggested,1,
verberatione,la,verberatio,suggested,1,
verberum,la,verber,suggested,1,
verbulum,la,verbulum,suggested,1,
vercellensis,la,vercellenses,suggested,1,
verecundentur,la,verecundo,suggested,1,
verecundiaque,la,verecundiaquus,suggested,1,
veredarium,la,veredarius,suggested,1,
verenda,la,vereo,suggested,1,
vereor,la,vereor,suggested,1,
vereretur,la,vereor,suggested,1,
vergebant,la,vergo,suggested,1,
vergit,la,vergo,suggested,1,
vergunt,la,vergo,suggested,1,
veridico,la,veridicus,suggested,1,
verificabatur,la,verifico,suggested,1,
verissime,la,vere,suggested,1,
veritatum,la,ueritas,suggested,1,
verius,la,vere,suggested,1,
vermem,la,vermis,suggested,1,
vernacula,la,vernaculum,suggested,1,
versa,la,verto,suggested,1,
versabamur,la,verso,suggested,1,
versabit,la,verso,suggested,1,
versabitur,la,verso,suggested,1,
versamur,la,verso,suggested,1,
versantes,la,verso,suggested,1,
versaremur,la,verso,suggested,1,
versaris,la,verso,suggested,1,
versati,la,verso,suggested,1,
versi,la,verto,suggested,1,
versum,la,verto,suggested,1,
versutissima,la,versutus,suggested,1,
versutus,la,uersutus,suggested,1,
vertentes,la,verto,suggested,1,
vertentibus,la,verto,suggested,1,
vertere,la,verto,suggested,1,
verteret,la,verto,suggested,1,
vertice,la,uertex,suggested,1,
vertissent,la,verto,suggested,1,
vertunt,la,verto,suggested,1,
verumtamen,la,uerumtamen,suggested,1,
verusne,la,verusnis,suggested,1,
verusque,la,verusque,suggested,1,
vespasiano,la,vespasianus,suggested,1,
vespasianum,la,vespasianus,suggested,1,
vesperam,la,vespera,suggested,1,
vespere,la,vesper,suggested,1,
vestae,la,vesta,suggested,1,
vestem,la,vestis,suggested,1,
vester,la,vester,suggested,1,
vesti,la,vestum,suggested,1,
vestigio,la,vestigium,suggested,1,
vestis,la,vestis,suggested,1,
vestito,la,vestio,suggested,1,
vestitu,la,vestitus,suggested,1,
vestiuntur,la,vestio,suggested,1,
vestre,la,uester,suggested,1,
vestrorum,la,vester,suggested,1,
vetaretur,la,veto,suggested,1,
vetera,la,vetus,suggested,1,
vetuerit,la,vetuo,suggested,1,
vetuitq,la,vetuo,suggested,1,
vetum,la,vetus,suggested,1,
vetustiores,la,vetuo,suggested,1,
vexari,la,vexo,suggested,1,
vexarunt,la,vexo,suggested,1,
vexasset,la,vexo,suggested,1,
vexatione,la,vexatio,suggested,1,
vexationes,la,vexatio,suggested,1,
vexatur,la,vexo,suggested,1,
vexillorum,la,vexillum,suggested,1,
vfurpamus,la,vfurpo,suggested,1,
viamq,la,vio,suggested,1,
viatici,la,viaticus,suggested,1,
vibi,la,vib,suggested,1,
vibraverit,la,vibro,suggested,1,
vicarie,la,uicarius,suggested,1,
vicenas,la,viceni,suggested,1,
vicenti,la,Vicentius,suggested,1,
vicentius,la,vicens,suggested,1,
viceprefȩctus,la,viceprefȩctus,suggested,1,
viceprȩfectus,la,viceprȩfectus,suggested,1,
viceprovincial,la,viceprovincial,suggested,1,
viceprovincial,pt,Viceprovincial,suggested,1,
vicera,la,vicera,suggested,1,
vicerege,la,vicereges,suggested,1,
viceregis,la,vicerex,suggested,1,
vicerunt,la,vinco,suggested,1,
vicesimum,la,vicesimus,suggested,1,
vicimoribus,la,vicimor,suggested,1,
viciniam,la,uicinia,suggested,1,
vicinis,la,vicinus,suggested,1,
vicinissimam,la,vicinus,suggested,1,
vicinissimis,la,vicinus,suggested,1,
vicino,la,vicinus,suggested,1,
vicinos,la,vicinus,suggested,1,
viciose,la,viciose,suggested,1,
vicis,la,vicus,suggested,1,
vicisse,la,vinco,suggested,1,
vicissent,la,viceo,suggested,1,
vicissim,la,vicissim,suggested,1,
vicissitudines,la,vicissitudo,suggested,1,
vicissitudo,la,vicissitudo,suggested,1,
victima,la,victima,suggested,1,
victimas,la,victima,suggested,1,
victis,la,vinco,suggested,1,
victitans,la,victito,suggested,1,
victoriensis,la,victoriensis,suggested,1,
victricia,la,victricis,suggested,1,
vide,la,video,suggested,1,
videamur,la,video,suggested,1,
videar,la,video,suggested,1,
videb,la,video,suggested,1,
videbam,la,video,suggested,1,
videbamur,la,video,suggested,1,
videbis,la,video,suggested,1,
videbunt,la,video,suggested,1,
videndum,la,video,suggested,1,
vidente,la,video,suggested,1,
videor,la,uideo,suggested,1,
videram,la,video,suggested,1,
viderat,la,video,suggested,1,
videris,la,video,suggested,1,
videtis,la,video,suggested,1,
vidisse,la,video,suggested,1,
vidissem,la,video,suggested,1,
vidisset,la,video,suggested,1,
vidisti,la,video,suggested,1,
viduis,la,Vidui,suggested,1,
vie,la,uia,suggested,1,
vieyra,la,Vieyra,suggested,1,
vigente,la,vigeo,suggested,1,
vigentem,la,uigeo,suggested,1,
vigenti,la,uiginti,suggested,1,
vigesimo,la,uicesimus,suggested,1,
vigesimum,la,vigesimus,suggested,1,
vigilantia,la,vigilantia,suggested,1,
vigiles,la,vigil,suggested,1,
vigilia,la,vigilia,suggested,1,
vigiliae,la,vigilia,suggested,1,
vigintiquinque,la,vigintiquinque,suggested,1,
vigorosus,la,vigorosus,suggested,1,
viguricam,la,viguricus,suggested,1,
vii,la,vii,suggested,1,
viii,la,VIII,suggested,1,
viis,la,via,suggested,1,
vil,la,vil,suggested,1,
vili,la,vilis,suggested,1,
vilipendit,la,vilipendo,suggested,1,
vilis,la,vilis,suggested,1,
vilissima,la,vilis,suggested,1,
vilissimo,la,vilis,suggested,1,
vilitate,la,vilitas,suggested,1,
viliùs,la,viliùs,suggested,1,
villarum,la,villa,suggested,1,
villas,la,villa,suggested,1,
ville,la,ville,suggested,1,
villȩ,la,villȩ,suggested,1,
villicationis,la,villicatio,suggested,1,
villis,la,villa,suggested,1,
vincat,la,vinco,suggested,1,
vincens,la,vinco,suggested,1,
vincere,la,vinco,suggested,1,
vincialis,la,vincialis,suggested,1,
vincit,la,vinco,suggested,1,
vincti,la,vinco,suggested,1,
vindicandam,la,vindico,suggested,1,
vindicandas,la,vindico,suggested,1,
vindicare,la,vindico,suggested,1,
vindicarent,la,vindico,suggested,1,
vindicari,la,vindico,suggested,1,
vindicauerat,la,vindico,suggested,1,
vindicetis,la,vindico,suggested,1,
vindicta,la,vindicta,suggested,1,
vineolam,la,vineola,suggested,1,
vino,es,venir,suggested,1,
violant,la,violo,suggested,1,
violantur,la,violo,suggested,1,
violare,la,violo,suggested,1,
violarentur,la,violo,suggested,1,
violari,la,violo,suggested,1,
violatis,la,violo,suggested,1,
violatur,la,violo,suggested,1,
violentiae,la,violentia,suggested,1,
violentius,la,violente,suggested,1,
violento,la,violentus,suggested,1,
vique,la,vique,suggested,1,
virgilius,la,uergilius,suggested,1,
virgines,la,virgo,suggested,1,
virginibus,la,virgo,suggested,1,
virginitatem,la,virginitas,suggested,1,
virgis,la,virga,suggested,1,
viribusque,la,viribusque,suggested,1,
viriles,la,virilis,suggested,1,
virtutemq,la,uirtuts,suggested,1,
virtutum,la,virtus,suggested,1,
virtutumque,la,uirtutums,suggested,1,
visceribus,la,viscera,suggested,1,
viscerum,la,viscer,suggested,1,
viseret,la,viso,suggested,1,
visitanda,la,visito,suggested,1,
visitandi,la,visito,suggested,1,
visitandum,la,visito,suggested,1,
visitantes,la,visito,suggested,1,
visitantium,la,visito,suggested,1,
visitat,la,visito,suggested,1,
visitation,la,visitation,suggested,1,
visitatione,la,visitatio,suggested,1,
visitationem,la,visitatio,suggested,1,
visitatores,la,visitator,suggested,1,
visitatorum,la,visitator,suggested,1,
visitaturum,la,visito,suggested,1,
visitatus,la,visino,suggested,1,
visitavit,la,visito,suggested,1,
visorum,la,video,suggested,1,
visoza,la,visoza,suggested,1,
vissendum,la,visso,suggested,1,
visseum,la,visseus,suggested,1,
visus,la,video,suggested,1,
vitamque,la,vitam,suggested,1,
vitandi,la,vito,suggested,1,
vitandum,la,vito,suggested,1,
vitare,la,vito,suggested,1,
vitas,la,vita,suggested,1,
viter,la,viter,suggested,1,
vitij,la,vitij,suggested,1,
vitiosa,la,vitiosus,suggested,1,
vitiose,la,vitiose,suggested,1,
vitiosę,la,vitiosę,suggested,1,
vitiosis,la,vitiosus,suggested,1,
vitis,la,uitis,suggested,1,
vitium,la,vitium,suggested,1,
vitta,la,vittum,suggested,1,
vituperia,la,vituperium,suggested,1,
viuamus,la,viuo,suggested,1,
viuant,la,viuo,suggested,1,
viuat,la,viuo,suggested,1,
viuente,la,viuo,suggested,1,
viuentis,la,viuo,suggested,1,
viuere,la,viuo,suggested,1,
viui,la,viuus,suggested,1,
viuimus,la,viuo,suggested,1,
viuunt,la,viuo,suggested,1,
viuus,la,viuus,suggested,1,
viv,la,viv,suggested,1,
vivamus,la,vivo,suggested,1,
vivant,la,vivo,suggested,1,
vivę,la,vivę,suggested,1,
viventes,la,vivo,suggested,1,
viventium,la,vivo,suggested,1,
vivi,la,vivus,suggested,1,
vivimus,la,vivo,suggested,1,
vivitq,la,vivo,suggested,1,
vixeram,la,vo,suggested,1,
vixerant,la,vieo,suggested,1,
vlia,la,vlius,suggested,1,
vllam,la,vllus,suggested,1,
vlterius,la,vltere,suggested,1,
vltimum,la,vltimus,suggested,1,
vltra,la,vltra,suggested,1,
vnam,la,vnus,suggested,1,
vndae,la,vnda,suggested,1,
vndarum,la,vnda,suggested,1,
vnguem,la,vnguis,suggested,1,
vnicus,la,vnicus,suggested,1,
vniuersae,la,vniuersus,suggested,1,
vniuersas,la,vniuersus,suggested,1,
vniuersi,la,vniuersus,suggested,1,
vniuersis,la,vniuersus,suggested,1,
vniuersitatis,la,vniuersitas,suggested,1,
vniuerso,la,vniuersus,suggested,1,
vniuersum,la,vniuersus,suggested,1,
vnius,la,vnus,suggested,1,
vniversa,la,vniversus,suggested,1,
vniversum,la,vniversus,suggested,1,
voarano,la,Voaranus,suggested,1,
voaranum,la,voaranus,suggested,1,
vobiscum,la,vos,suggested,1,
voca,la,uoca,suggested,1,
vocabimus,la,voco,suggested,1,
vocabuli,la,vocabulum,suggested,1,
vocabulis,la,uocabulum,suggested,1,
vocabulorum,la,vocabulum,suggested,1,
vocamus,la,voco,suggested,1,
vocandi,la,voco,suggested,1,
vocans,la,voco,suggested,1,
vocantibus,la,voco,suggested,1,
vocari,la,voco,suggested,1,
vocas,la,voco,suggested,1,
vocasset,la,voco,suggested,1,
vocationem,la,vocatio,suggested,1,
vocationis,la,vocatio,suggested,1,
vocato,la,voco,suggested,1,
vocatos,la,voco,suggested,1,
vocaturque,la,vocaturque,suggested,1,
vocauit,la,voco,suggested,1,
vocaverant,la,voco,suggested,1,
vocavimus,la,voco,suggested,1,
vocentur,la,voco,suggested,1,
vocet,la,voco,suggested,1,
vocibus,la,vox,suggested,1,
vociferans,la,uocifeo,suggested,1,
voco,la,uoco,suggested,1,
vol,la,uol,suggested,1,
volantur,la,volo,suggested,1,
volente,la,volo,suggested,1,
volentem,la,volo,suggested,1,
voletis,la,volo,suggested,1,
volitabant,la,volito,suggested,1,
volitare,la,volito,suggested,1,
volontarium,la,volontarius,suggested,1,
volucre,la,volucris,suggested,1,
volue,la,uolo,suggested,1,
voluens,la,volo,suggested,1,
voluerimus,la,uolo,suggested,1,
voluerint,la,volo,suggested,1,
volui,la,uolo,suggested,1,
voluid,la,volo,suggested,1,
voluisse,la,volo,suggested,1,
voluissent,la,uolo,suggested,1,
volumen,la,volumen,suggested,1,
voluntarias,la,voluntarius,suggested,1,
voluntatum,la,voluntas,suggested,1,
voluptat,la,uoluptat,suggested,1,
voluptates,la,voluptas,suggested,1,
voluptati,la,voluptas,suggested,1,
voluptatis,la,voluptas,suggested,1,
voluptatum,la,voluptas,suggested,1,
volutates,la,volutas,suggested,1,
vomitum,la,vomitus,suggested,1,
vomura,la,Vomura,suggested,1,
vomurae,la,vomura,suggested,1,
vomurano,la,Vomuranus,suggested,1,
vora,la,vora,suggested,1,
voraci,la,vorax,suggested,1,
vorant,la,voro,suggested,1,
voro,la,voro,suggested,1,
vostra,la,voster,suggested,1,
vot,la,vot,suggested,1,
voti,la,votum,suggested,1,
voverim,la,vosco,suggested,1,
vovet,la,vovo,suggested,1,
vox,la,vox,suggested,1,
voyanensi,la,voyanensis,suggested,1,
voyanensis,la,voyanensis,suggested,1,
voyano,la,voyanus,suggested,1,
vsquae,la,vsqui,suggested,1,
vsquam,la,vsquam,suggested,1,
vsuram,la,vsura,suggested,1,
vsurpabant,la,vsurpo,suggested,1,
vsurparent,la,vsurpo,suggested,1,
vsurpemus,la,vsurpo,suggested,1,
vtantur,la,vto,suggested,1,
vtcunque,la,vtcunque,suggested,1,
vtentibus,la,vtor,suggested,1,
vteretur,la,vtor,suggested,1,
vtiles,la,vtilis,suggested,1,
vtilitas,la,vtilitas,suggested,1,
vtilitatem,la,vtilitas,suggested,1,
vtilitatis,la,vtilitas,suggested,1,
vtramque,la,uterque,suggested,1,
vtranque,la,uterque,suggested,1,
vtraque,la,uterque,suggested,1,
vtreque,la,vtreque,suggested,1,
vtrique,la,uterque,suggested,1,
vulgabatur,la,vulgo,suggested,1,
vulgarem,la,vulgaris,suggested,1,
vulgari,la,vulgaris,suggested,1,
vulgarunt,la,vulgo,suggested,1,
vulgati,la,vulgo,suggested,1,
vulgatus,la,vulgatus,suggested,1,
vulgavit,la,vulgo,suggested,1,
vulgi,la,vulgus,suggested,1,
vulgóque,la,vulgóque,suggested,1,
vulis,la,vulus,suggested,1,
vullum,la,vullus,suggested,1,
vulnerant,la,vulnero,suggested,1,
vulnerantes,la,vulnero,suggested,1,
vulnerare,la,vulnero,suggested,1,
vulneratis,la,vulnero,suggested,1,
vulneratus,la,vulnero,suggested,1,
vulpinam,la,vulpina,suggested,1,
vulpium,la,vulpis,suggested,1,
vultures,la,vultur,suggested,1,
vuna,la,vunus,suggested,1,
vunum,la,vunus,suggested,1,
vv.dd,la,uv.dd,suggested,1,
vv.ee.dd,la,vv.ee.dd,suggested,1,
vxori,la,vxor,suggested,1,
vxoris,la,vxor,suggested,1,
wratislavia,la,wratislavis,suggested,1,
xabieri,la,xabieo,suggested,1,
xaca,la,xaca,suggested,1,
xanghai,la,xanghai,suggested,1,
xanhai,la,xanhaus,suggested,1,
xantung,es,Xantung,suggested,1,
xauchensi,la,xauchensus,suggested,1,
xaucheo,la,xaucheo,suggested,1,
xauchinum,la,xauchinus,suggested,1,
xaverio,la,xaverius,suggested,1,
xbris,la,xber,suggested,1,
xennia,la,xennia,suggested,1,
xerafins,la,xerafins,suggested,1,
xeram,la,xo,suggested,1,
xiiii,la,XIIII,suggested,1,
ximabarensem,la,ximabarensis,suggested,1,
ximabarensis,la,ximabarensis,suggested,1,
ximi,la,ximus,suggested,1,
ximonoxequi,la,ximonoxequus,suggested,1,
ximovarensi,la,ximovarensis,suggested,1,
ximum,la,ximus,suggested,1,
xin,la,xin,suggested,1,
xinkio,la,xinkio,suggested,1,
xiquensem,la,xiquensis,suggested,1,
xiquensi,la,xiquensus,suggested,1,
xiquensis,la,xiquensis,suggested,1,
xiv,la,xiv,suggested,1,
xùn,la,xùn,suggested,1,
xunchi,la,xunchus,suggested,1,
xunchio,la,xunchius,suggested,1,
xunchium,la,xunchius,suggested,1,
xunuang,la,xunuanus,suggested,1,
xv,la,XV,suggested,1,
xxiii,la,XXIII,suggested,1,
xxiv,la,xxiv,suggested,1,
xxv,la,XXV,suggested,1,
xxvi,la,XXVI,suggested,1,
yalo,la,yalo,suggested,1,
yamagucci,la,yamaguccus,suggested,1,
yamanguchensi,la,yamanguchensis,suggested,1,
yamaxiro,la,yamaxir,suggested,1,
yangcheu,la,yangcheu,suggested,1,
yao,la,yao,suggested,1,
yaò,la,yaò,suggested,1,
ydiomate,la,ydioma,suggested,1,
ydolatrarum,la,ydolatra,suggested,1,
ydolatria,la,ydolatria,suggested,1,
yechudonum,la,yechudonus,suggested,1,
yemem,la,yemes,suggested,1,
ymnariis,la,ymnarius,suggested,1,
yndiam,la,yndius,suggested,1,
ynzumi,la,ynzumus,suggested,1,
yo,la,yo,suggested,1,
yofus,la,yofus,suggested,1,
ysafaensis,la,ysafaensus,suggested,1,
yú,la,yú,suggested,1,
yuqui,la,yuquis,suggested,1,
zacynthus,la,zacynthus,suggested,1,
zelans,la,zelo,suggested,1,
zelator,la,zelator,suggested,1,
zelosissima,la,zelosus,suggested,1,
zelosus,la,zelosus,suggested,1,
zelotypiam:nulla,la,zelotypiam:nullus,suggested,1,
zelum,la,zelus,suggested,1,
zibellinarum,la,zibellina,suggested,1,
zibellinas,la,zibellina,suggested,1,
ziquo,la,ziqui,suggested,1,
zizaniam,la,zizania,suggested,1,
zone,la,zon,suggested,1,
zucumi,la,zucumus,suggested,1,
zunocuni,la,zunocunus,suggested,1,
zus,la,zus,suggested,1,
zuus,la,zuus,suggested,1,
εphesius,la,εphesius,suggested,1,
ιn,la,ιn,suggested,1,
