register,entry,lemma,reading,witnesses,source,resp,cert,type,isLemma
substantive,chronicon:0.1.1.0.1.1,de etatibus,de etatibus,g,,,,,true
substantive,chronicon:0.1.1.0.1.1,de etatibus,,a,,,,,false
substantive,chronicon:0.1.1.0.5.2,XIV,XIV,g,,,,,true
substantive,chronicon:0.1.1.0.5.2,XIV,XIII,a,,,,,false
substantive,chronicon:0.1.1.0.6.2,etate,etate,g,,,,,true
substantive,chronicon:0.1.1.0.6.2,etate,etati,a,,,,,false
substantive,chronicon:0.1.1.0.7.0,ad,ad,g,,,,,true
substantive,chronicon:0.1.1.0.7.0,ad,in,a,,,,,false
substantive,chronicon:0.1.1.0.9.2,uicesimum,uicesimum,a,,,,,true
substantive,chronicon:0.1.1.0.9.2,uicesimum,uicesimus,g,,,,,false
substantive,chronicon:0.1.1.0.10.1,,,g,,,,,true
substantive,chronicon:0.1.1.0.10.1,,et,a,,,,,false
substantive,chronicon:0.1.1.0.10.2,celos,celos,g,,,,,true
substantive,chronicon:0.1.1.0.10.2,celos,,a,,,,,false
substantive,chronicon:0.1.1.0.10.3,"appellatione firmamenti, tertia die in","appellatione firmamenti, tertia die in",g,,,,,true
substantive,chronicon:0.1.1.0.10.3,"appellatione firmamenti, tertia die in",,a,,,,,false
substantive,chronicon:0.1.1.1.3.0,annos,annos,g,,,,,true
substantive,chronicon:0.1.1.1.3.0,annos,annum,a,,,,,false
substantive,chronicon:0.1.1.1.4.0,natiuitatis,natiuitatis,a,,,,,true
substantive,chronicon:0.1.1.1.4.0,natiuitatis,natiuitates,g,,,,,false
substantive,chronicon:0.1.1.1.6.0,Malalehel,Malalehel,a,,,,,true
substantive,chronicon:0.1.1.1.6.0,Malalehel,Malahelel,g,,,,,false
substantive,chronicon:0.1.1.1.8.2,Augustinus,Augustinus,g,,,,,true
substantive,chronicon:0.1.1.1.8.2,Augustinus,Agustinus,a,,,,,false
substantive,chronicon:0.1.1.1.8.5,continent,continent,g,,,,,true
substantive,chronicon:0.1.1.1.8.5,continent,comtinet,a,,,,,false
substantive,chronicon:0.1.1.1.9.1,sabbatii,sabbatii,g,,,,,true
substantive,chronicon:0.1.1.1.9.1,sabbatii,sabbati,a,,,,,false
substantive,chronicon:0.1.1.1.9.3,generatione,generatione,g,,,,,true
substantive,chronicon:0.1.1.1.9.3,generatione,generationes,a,,,,,false
substantive,chronicon:0.1.1.1.9.4,consecrata,consecrata,g,,,,,true
substantive,chronicon:0.1.1.1.9.4,consecrata,consecrat,a,,,,,false
substantive,chronicon:0.1.1.1.10.0,milia,milia,g,,,,,true
substantive,chronicon:0.1.1.1.10.0,milia,mille,a,,,,,false
substantive,chronicon:0.1.1.1.12.2,sane,sane,g,,,,,true
substantive,chronicon:0.1.1.1.12.2,sane,. Sane,a,,,,,false
substantive,chronicon:0.1.1.1.12.4,distantiam,distantiam,g,,,,,true
substantive,chronicon:0.1.1.1.12.4,distantiam,distantia,a,,,,,false
substantive,chronicon:0.1.1.1.12.5,solertissime,solertissime,g,,,,,true
substantive,chronicon:0.1.1.1.12.5,solertissime,sollertissime,a,,,,,false
substantive,chronicon:0.1.1.1.12.6,Mathusalem,Mathusalem,g,,,,,true
substantive,chronicon:0.1.1.1.12.6,Mathusalem,Mathusalam,a,,,,,false
substantive,chronicon:0.1.1.2.2.0,,,g,,,,,true
substantive,chronicon:0.1.1.2.2.0,,hora,a,,,,,false
substantive,chronicon:0.1.1.2.2.1,commemorans,commemorans,a,,,,,true
substantive,chronicon:0.1.1.2.2.1,commemorans,commemoras,g,,,,,false
substantive,chronicon:0.1.1.2.3.1,genuit,genuit,g,,,,,true
substantive,chronicon:0.1.1.2.3.1,genuit,,a,,,,,false
substantive,chronicon:0.1.1.2.3.2,biennio post diluuium ab Arfaxat,biennio post diluuium ab Arfaxat,g,,,,,true
substantive,chronicon:0.1.1.2.3.2,biennio post diluuium ab Arfaxat,,a,,,,,false
substantive,chronicon:0.1.1.2.3.3,Iacob,Iacob,g,,,,,true
substantive,chronicon:0.1.1.2.3.3,Iacob,Iacobus,a,,,,,false
substantive,chronicon:0.1.1.2.4.2,CCCXXX,CCCXXX,g,,,,,true
substantive,chronicon:0.1.1.2.4.2,CCCXXX,CDXXX,a,,,,,false
substantive,chronicon:0.1.1.2.6.0,CXLIV,CXLIV,g,,,,,true
substantive,chronicon:0.1.1.2.6.0,CXLIV,CXXXIV,a,,,,,false
substantive,chronicon:0.1.1.2.6.4,quadrigente,quadrigente,g,,,,,true
substantive,chronicon:0.1.1.2.6.4,quadrigente,quadringente,a,,,,,false
substantive,chronicon:0.1.1.2.6.5,Rinocururis,Rinocururis,g,,,,,true
substantive,chronicon:0.1.1.2.6.5,Rinocururis,Arinocururis,a,,,,,false
substantive,chronicon:0.1.1.2.6.6,barbaricum,barbaricum,g,,,,,true
substantive,chronicon:0.1.1.2.6.6,barbaricum,barbarico,a,,,,,false
substantive,chronicon:0.1.1.2.6.7,que,que,g,,,,,true
substantive,chronicon:0.1.1.2.6.7,que,,a,,,,,false
substantive,chronicon:0.1.1.2.8.0,CCC,CCC,g,,,,,true
substantive,chronicon:0.1.1.2.8.0,CCC,CCVII,a,,,,,false
substantive,chronicon:0.1.1.2.8.1,Scitharum,Scitharum,g,,,,,true
substantive,chronicon:0.1.1.2.8.1,Scitharum,Tunc Citharum,a,,,,,false
substantive,chronicon:0.1.1.2.9.0,Nahor,Nahor,g,,,,,true
substantive,chronicon:0.1.1.2.9.0,Nahor,Nabor,a,,,,,false
substantive,chronicon:0.1.1.2.9.1,CCVII,CCVII,g,,,,,true
substantive,chronicon:0.1.1.2.9.1,CCVII,CCC,a,,,,,false
substantive,chronicon:0.1.1.2.10.0,Assiriorum,Assiriorum,a,,,,,true
substantive,chronicon:0.1.1.2.10.0,Assiriorum,Assisiorum,g,,,,,false
substantive,chronicon:0.1.1.2.12.1,difficilem,difficilem,g,,,,,true
substantive,chronicon:0.1.1.2.12.1,difficilem,difficillimam,a,,,,,false
substantive,chronicon:0.1.1.2.12.2,Orosius,Orosius,g,,,,,true
substantive,chronicon:0.1.1.2.12.2,Orosius,Otosius,a,,,,,false
substantive,chronicon:0.1.1.2.13.0,,,g,,,,,true
substantive,chronicon:0.1.1.2.13.0,,fiunt,a,,,,,false
substantive,chronicon:0.1.1.2.13.1,Cesarem,Cesarem,g,,,,,true
substantive,chronicon:0.1.1.2.13.1,Cesarem,Cessarem,a,,,,,false
substantive,chronicon:0.1.1.2.13.2,id est,id est,g,,,,,true
substantive,chronicon:0.1.1.2.13.2,id est,idem,a,,,,,false
substantive,chronicon:0.1.1.3.2.0,cepit,cepit,g,,,,,true
substantive,chronicon:0.1.1.3.2.0,cepit,certe,a,,,,,false
substantive,chronicon:0.1.1.3.2.3,Zoroas,Zoroas,g,,,,,true
substantive,chronicon:0.1.1.3.2.3,Zoroas,Zaroas,a,,,,,false
substantive,chronicon:0.1.1.3.4.0,Orosius,Orosius,g,,,,,true
substantive,chronicon:0.1.1.3.4.0,Orosius,Otosius,a,,,,,false
substantive,chronicon:0.1.1.3.5.0,primum,primum,g,,,,,true
substantive,chronicon:0.1.1.3.5.0,primum,primus,a,,,,,false
substantive,chronicon:0.1.1.3.5.2,libidine,libidine,g,,,,,true
substantive,chronicon:0.1.1.3.5.2,libidine,libidini,a,,,,,false
substantive,chronicon:0.1.1.3.5.3,. Regnauit,. Regnauit,g,,,,,true
substantive,chronicon:0.1.1.3.5.3,. Regnauit,,a,,,,,false
substantive,chronicon:0.1.1.3.5.4,Ninus,Ninus,g,,,,,true
substantive,chronicon:0.1.1.3.5.4,Ninus,,a,,,,,false
substantive,chronicon:0.1.1.3.5.6,regnauerit,regnauerit,g,,,,,true
substantive,chronicon:0.1.1.3.5.6,regnauerit,regnauit,a,,,,,false
substantive,chronicon:0.1.1.3.5.7,imperii,imperii,g,,,,,true
substantive,chronicon:0.1.1.3.5.7,imperii,imperi,a,,,,,false
substantive,chronicon:0.1.1.3.6.0,Ysmahelite,Ysmahelite,g,,,,,true
substantive,chronicon:0.1.1.3.6.0,Ysmahelite,Ysmahelitem,a,,,,,false
substantive,chronicon:0.1.1.3.7.0,centum,centum,g,,,,,true
substantive,chronicon:0.1.1.3.7.0,centum,c,a,,,,,false
substantive,chronicon:0.1.1.3.7.1,Ysach,Ysach,g,,,,,true
substantive,chronicon:0.1.1.3.7.1,Ysach,Ysahac,a,,,,,false
substantive,chronicon:0.1.1.3.7.3,Ysach,Ysach,g,,,,,true
substantive,chronicon:0.1.1.3.7.3,Ysach,Ysahac,a,,,,,false
substantive,chronicon:0.1.1.3.8.0,Ysach,Ysach,g,,,,,true
substantive,chronicon:0.1.1.3.8.0,Ysach,Ysahac,a,,,,,false
substantive,chronicon:0.1.1.3.8.1,Ysach,Ysach,g,,,,,true
substantive,chronicon:0.1.1.3.8.1,Ysach,Ysahac,a,,,,,false
substantive,chronicon:0.1.1.3.8.2,Egyptii,Egyptii,g,,,,,true
substantive,chronicon:0.1.1.3.8.2,Egyptii,Egiptiii,a,,,,,false
substantive,chronicon:0.1.1.3.10.0,eius,eius,g,,,,,true
substantive,chronicon:0.1.1.3.10.0,eius,es,a,,,,,false
substantive,chronicon:0.1.1.3.10.1,ipse,ipse,g,,,,,true
substantive,chronicon:0.1.1.3.10.1,ipse,. Ipse,a,,,,,false
substantive,chronicon:0.1.1.3.11.0,annos,annos,g,,,,,true
substantive,chronicon:0.1.1.3.11.0,annos,anno,a,,,,,false
substantive,chronicon:0.1.1.3.12.0,MMCDLIII,MMCDLIII,g,,,,,true
substantive,chronicon:0.1.1.3.12.0,MMCDLIII,MMCDLII,a,,,,,false
substantive,chronicon:0.1.1.3.13.0,mansuerunt,mansuerunt,g,,,,,true
substantive,chronicon:0.1.1.3.13.0,mansuerunt,manserunt,a,,,,,false
substantive,chronicon:0.1.1.3.13.1,eius,eius,g,,,,,true
substantive,chronicon:0.1.1.3.13.1,eius,ei,a,,,,,false
substantive,chronicon:0.1.1.3.13.2,Abrahe,Abrahe,g,,,,,true
substantive,chronicon:0.1.1.3.13.2,Abrahe,Habrahe,a,,,,,false
substantive,chronicon:0.1.1.3.13.5,ipsam,ipsam,g,,,,,true
substantive,chronicon:0.1.1.3.13.5,ipsam,ipsum,a,,,,,false
substantive,chronicon:0.1.1.3.13.6,fuisse,fuisse,g,,,,,true
substantive,chronicon:0.1.1.3.13.6,fuisse,fuisset,a,,,,,false
substantive,chronicon:0.1.1.3.13.8,summam,summam,g,,,,,true
substantive,chronicon:0.1.1.3.13.8,summam,sumam,a,,,,,false
substantive,chronicon:0.1.1.3.13.9,translationi,translationi,g,,,,,true
substantive,chronicon:0.1.1.3.13.9,translationi,translationis,a,,,,,false
substantive,chronicon:0.1.1.3.13.10,promissiones,promissiones,g,,,,,true
substantive,chronicon:0.1.1.3.13.10,promissiones,repromissiones,a,,,,,false
substantive,chronicon:0.1.1.3.13.11,"multis, sed quasi in","multis, sed quasi in",g,,,,,true
substantive,chronicon:0.1.1.3.13.11,"multis, sed quasi in",,a,,,,,false
substantive,chronicon:0.1.1.3.13.12,Hoc autem dico,Hoc autem dico,g,,,,,true
substantive,chronicon:0.1.1.3.13.12,Hoc autem dico,Dico,a,,,,,false
substantive,chronicon:0.1.1.3.13.13,CDXXX,CDXXX,g,,,,,true
substantive,chronicon:0.1.1.3.13.13,CDXXX,CD et XXX,a,,,,,false
substantive,chronicon:0.1.1.3.14.0,Anfectione,Anfectione,a,,,,,true
substantive,chronicon:0.1.1.3.14.0,Anfectione,Ansectione,g,,,,,false
substantive,chronicon:0.1.1.3.14.1,Cerope,Cerope,g,,,,,true
substantive,chronicon:0.1.1.3.14.1,Cerope,Cecrope,a,,,,,false
substantive,chronicon:0.1.1.3.14.2,aquarum,aquarum,g,,,,,true
substantive,chronicon:0.1.1.3.14.2,aquarum,aquorum,a,,,,,false
substantive,chronicon:0.1.1.3.14.3,monitum,monitum,g,,,,,true
substantive,chronicon:0.1.1.3.14.3,monitum,montium,a,,,,,false
substantive,chronicon:0.1.1.3.14.4,Parnaso,Parnaso,g,,,,,true
substantive,chronicon:0.1.1.3.14.4,Parnaso,Parnoso,a,,,,,false
substantive,chronicon:0.1.1.3.14.6,tempora,tempora,g,,,,,true
substantive,chronicon:0.1.1.3.14.6,tempora,temporam,a,,,,,false
substantive,chronicon:0.1.1.3.15.0,mare,mare,g,,,,,true
substantive,chronicon:0.1.1.3.15.0,mare,mari,a,,,,,false
substantive,chronicon:0.1.1.3.15.1,coniicere,coniicere,g,,,,,true
substantive,chronicon:0.1.1.3.15.1,coniicere,conicere,a,,,,,false
substantive,chronicon:0.1.1.3.17.2,,,g,,,,,true
substantive,chronicon:0.1.1.3.17.2,,tria,a,,,,,false
substantive,chronicon:0.1.1.3.17.3,,,g,,,,,true
substantive,chronicon:0.1.1.3.17.3,,continens qui ex iuste creduntur diuinitus inspirati ex quibus quinque sunt Moysi,a,,,,,false
substantive,chronicon:0.1.1.3.17.4,leges,leges,g,,,,,true
substantive,chronicon:0.1.1.3.17.4,leges,legis,a,,,,,false
substantive,chronicon:0.1.1.3.17.5,Moysis,Moysis,g,,,,,true
substantive,chronicon:0.1.1.3.17.5,Moysis,Moysi,a,,,,,false
substantive,chronicon:0.1.1.3.17.7,ad,ad,g,,,,,true
substantive,chronicon:0.1.1.3.17.7,ad,ab,a,,,,,false
substantive,chronicon:0.1.1.3.17.8,,,g,,,,,true
substantive,chronicon:0.1.1.3.17.8,,Zara. Hic itaque Zara genuit,a,,,,,false
substantive,chronicon:0.1.1.3.18.0,XXVI,XXVI,g,,,,,true
substantive,chronicon:0.1.1.3.18.0,XXVI,XXVII,a,,,,,false
substantive,chronicon:0.1.1.3.18.1,Abraham,Abraham,g,,,,,true
substantive,chronicon:0.1.1.3.18.1,Abraham,Habraham,a,,,,,false
substantive,chronicon:0.1.1.3.19.1,Charinus,Charinus,g,,,,,true
substantive,chronicon:0.1.1.3.19.1,Charinus,Cathinus,a,,,,,false
substantive,chronicon:0.1.1.3.20.0,eum ipsum,eum ipsum,g,,,,,true
substantive,chronicon:0.1.1.3.20.0,eum ipsum,cum ipse,a,,,,,false
substantive,chronicon:0.1.1.3.21.2,Barah,Barah,g,,,,,true
substantive,chronicon:0.1.1.3.21.2,Barah,Barach,a,,,,,false
substantive,chronicon:0.1.1.3.21.3,Miletus,Miletus,g,,,,,true
substantive,chronicon:0.1.1.3.21.3,Miletus,Miltus,a,,,,,false
substantive,chronicon:0.1.1.3.23.1,,,g,,,,,true
substantive,chronicon:0.1.1.3.23.1,,uastat,a,,,,,false
substantive,chronicon:0.1.1.3.24.0,Lapitharum,Lapitharum,g,,,,,true
substantive,chronicon:0.1.1.3.24.0,Lapitharum,Laphitarum,a,,,,,false
substantive,chronicon:0.1.1.3.24.1,palefatus,palefatus,g,,,,,true
substantive,chronicon:0.1.1.3.24.1,palefatus,Palefactus,a,,,,,false
substantive,chronicon:0.1.1.3.24.2,MMDCCLVII,MMDCCLVII,g,,,,,true
substantive,chronicon:0.1.1.3.24.2,MMDCCLVII,MMDCCLXVII,a,,,,,false
substantive,chronicon:0.1.1.3.25.1,quod,quod,g,,,,,true
substantive,chronicon:0.1.1.3.25.1,quod,quo,a,,,,,false
substantive,chronicon:0.1.1.3.26.1,Iephte,Iephte,g,,,,,true
substantive,chronicon:0.1.1.3.26.1,Iephte,Zepte,a,,,,,false
substantive,chronicon:0.1.1.3.26.2,etate,etate,g,,,,,true
substantive,chronicon:0.1.1.3.26.2,etate,ete,a,,,,,false
substantive,chronicon:0.1.1.3.26.3,MMDCCXL,MMDCCXL,g,,,,,true
substantive,chronicon:0.1.1.3.26.3,MMDCCXL,MMDCCLXXX,a,,,,,false
substantive,chronicon:0.1.1.3.27.1,anno,anno,g,,,,,true
substantive,chronicon:0.1.1.3.27.1,anno,annos,a,,,,,false
substantive,chronicon:0.1.1.3.28.2,CDLXXX,CDLXXX,g,,,,,true
substantive,chronicon:0.1.1.3.28.2,CDLXXX,CCCLXXX,a,,,,,false
substantive,chronicon:0.1.1.3.29.0,famosum,famosum,g,,,,,true
substantive,chronicon:0.1.1.3.29.0,famosum,famosium,a,,,,,false
substantive,chronicon:0.1.1.3.30.0,Dare,Dare,g,,,,,true
substantive,chronicon:0.1.1.3.30.0,Dare,Thares,a,,,,,false
substantive,chronicon:0.1.1.3.31.2,annis,annis,g,,,,,true
substantive,chronicon:0.1.1.3.31.2,annis,anni,a,,,,,false
substantive,chronicon:0.1.1.3.31.5,arma,arma,g,,,,,true
substantive,chronicon:0.1.1.3.31.5,arma,,a,,,,,false
substantive,chronicon:0.1.1.3.32.0,,,g,,,,,true
substantive,chronicon:0.1.1.3.32.0,,. Sanson de tribu Dan,a,,,,,false
substantive,chronicon:0.1.1.3.35.0,anni,anni,g,,,,,true
substantive,chronicon:0.1.1.3.35.0,anni,annis,a,,,,,false
substantive,chronicon:0.1.1.3.35.3,Posthumii,Posthumii,g,,,,,true
substantive,chronicon:0.1.1.3.35.3,Posthumii,post uinii,a,,,,,false
substantive,chronicon:0.1.1.4.4.1,,,g,,,,,true
substantive,chronicon:0.1.1.4.4.1,,et,a,,,,,false
substantive,chronicon:0.1.1.4.4.2,ingressu,ingressu,g,,,,,true
substantive,chronicon:0.1.1.4.4.2,ingressu,egressu,a,,,,,false
substantive,chronicon:0.1.1.4.5.0,Ieroboam,Ieroboam,g,,,,,true
substantive,chronicon:0.1.1.4.5.0,Ieroboam,Hieroboam,a,,,,,false
substantive,chronicon:0.1.1.4.5.1,propria,propria,g,,,,,true
substantive,chronicon:0.1.1.4.5.1,propria,propriam,a,,,,,false
substantive,chronicon:0.1.1.4.5.3,XXXIV,XXXIV,g,,,,,true
substantive,chronicon:0.1.1.4.5.3,XXXIV,XXXIII,a,,,,,false
substantive,chronicon:0.1.1.4.8.0,peccatum Ackab,peccatum Ackab,g,,,,,true
substantive,chronicon:0.1.1.4.8.0,peccatum Ackab,peccata Acab,a,,,,,false
substantive,chronicon:0.1.1.4.8.3,regnabat,regnabat,g,,,,,true
substantive,chronicon:0.1.1.4.8.3,regnabat,regnabant,a,,,,,false
substantive,chronicon:0.1.1.4.8.5,appellabatur,appellabatur,g,,,,,true
substantive,chronicon:0.1.1.4.8.5,appellabatur,appellabantur,a,,,,,false
substantive,chronicon:0.1.1.4.8.7,primum,primum,a,,,,,true
substantive,chronicon:0.1.1.4.8.7,primum,,g,,,,,false
substantive,chronicon:0.1.1.4.8.8,VII,VII,g,,,,,true
substantive,chronicon:0.1.1.4.8.8,VII,VIII,a,,,,,false
substantive,chronicon:0.1.1.4.9.0,percepit,percepit,g,,,,,true
substantive,chronicon:0.1.1.4.9.0,percepit,pepercit,a,,,,,false
substantive,chronicon:0.1.1.4.9.1,Hocozia,Hocozia,g,,,,,true
substantive,chronicon:0.1.1.4.9.1,Hocozia,Hocozie,a,,,,,false
substantive,chronicon:0.1.1.4.11.1,filium,filium,a,,,,,true
substantive,chronicon:0.1.1.4.11.1,filium,filius,g,,,,,false
substantive,chronicon:0.1.1.4.11.2,quem,quem,a,,,,,true
substantive,chronicon:0.1.1.4.11.2,quem,,g,,,,,false
substantive,chronicon:0.1.1.4.11.3,Isabeth,Isabeth,g,,,,,true
substantive,chronicon:0.1.1.4.11.3,Isabeth,Iosabeth,a,,,,,false
substantive,chronicon:0.1.1.4.12.2,Ioadie,Ioadie,g,,,,,true
substantive,chronicon:0.1.1.4.12.2,Ioadie,Ioiade,a,,,,,false
substantive,chronicon:0.1.1.4.13.0,MMMCXII,MMMCXII,g,,,,,true
substantive,chronicon:0.1.1.4.13.0,MMMCXII,MMMCXCII,a,,,,,false
substantive,chronicon:0.1.1.4.14.0,LIII,LIII,g,,,,,true
substantive,chronicon:0.1.1.4.14.0,LIII,LII,a,,,,,false
substantive,chronicon:0.1.1.4.14.1,sibi,sibi,g,,,,,true
substantive,chronicon:0.1.1.4.14.1,sibi,ubi,a,,,,,false
substantive,chronicon:0.1.1.4.16.1,introitu,introitu,g,,,,,true
substantive,chronicon:0.1.1.4.16.1,introitu,introitum,a,,,,,false
substantive,chronicon:0.1.1.4.16.3,filii,filii,g,,,,,true
substantive,chronicon:0.1.1.4.16.3,filii,ilii,a,,,,,false
substantive,chronicon:0.1.1.4.16.4,semet,semet,g,,,,,true
substantive,chronicon:0.1.1.4.16.4,semet,scinet,a,,,,,false
substantive,chronicon:0.1.1.4.18.0,ubi,ubi,g,,,,,true
substantive,chronicon:0.1.1.4.18.0,ubi,tibi,a,,,,,false
substantive,chronicon:0.1.1.4.19.0,bonarum,bonarum,g,,,,,true
substantive,chronicon:0.1.1.4.19.0,bonarum,bonorum,a,,,,,false
substantive,chronicon:0.1.1.4.20.3,cupiuntque,cupiuntque,g,,,,,true
substantive,chronicon:0.1.1.4.20.3,cupiuntque,cupiatque,a,,,,,false
substantive,chronicon:0.1.1.4.20.5,nuncias,nuncias,g,,,,,true
substantive,chronicon:0.1.1.4.20.5,nuncias,nuntiaus,a,,,,,false
substantive,chronicon:0.1.1.4.20.6,uocet,uocet,g,,,,,true
substantive,chronicon:0.1.1.4.20.6,uocet,uocat,a,,,,,false
substantive,chronicon:0.1.1.4.21.0,,,g,,,,,true
substantive,chronicon:0.1.1.4.21.0,,Hec,a,,,,,false
substantive,chronicon:0.1.1.4.22.1,Achaz,Achaz,g,,,,,true
substantive,chronicon:0.1.1.4.22.1,Achaz,Achat,a,,,,,false
substantive,chronicon:0.1.1.4.22.2,Achaz,Achaz,g,,,,,true
substantive,chronicon:0.1.1.4.22.2,Achaz,Achat,a,,,,,false
substantive,chronicon:0.1.1.4.23.3,quinto,quinto,g,,,,,true
substantive,chronicon:0.1.1.4.23.3,quinto,quinta,a,,,,,false
substantive,chronicon:0.1.1.4.23.4,quatuor,quatuor,g,,,,,true
substantive,chronicon:0.1.1.4.23.4,quatuor,,a,,,,,false
substantive,chronicon:0.1.1.4.23.6,tribuum,tribuum,a,,,,,true
substantive,chronicon:0.1.1.4.23.6,tribuum,tribus,g,,,,,false
substantive,chronicon:0.1.1.4.23.8,filiis,filiis,a,,,,,true
substantive,chronicon:0.1.1.4.23.8,filiis,filii,g,,,,,false
substantive,chronicon:0.1.1.4.26.0,Achaz,Achaz,g,,,,,true
substantive,chronicon:0.1.1.4.26.0,Achaz,Achat,a,,,,,false
substantive,chronicon:0.1.1.4.26.1,ascenderet,ascenderet,g,,,,,true
substantive,chronicon:0.1.1.4.26.1,ascenderet,ascendit,a,,,,,false
substantive,chronicon:0.1.1.4.26.3,uictumque,uictumque,a,,,,,true
substantive,chronicon:0.1.1.4.26.3,uictumque,uictamque,g,,,,,false
substantive,chronicon:0.1.1.4.27.0,Babiloniam,Babiloniam,g,,,,,true
substantive,chronicon:0.1.1.4.27.0,Babiloniam,Babylonia,a,,,,,false
substantive,chronicon:0.1.1.4.29.1,fuisse,fuisse,g,,,,,true
substantive,chronicon:0.1.1.4.29.1,fuisse,fuisset,a,,,,,false
substantive,chronicon:0.1.1.4.29.5,Bisantium,Bisantium,g,,,,,true
substantive,chronicon:0.1.1.4.29.5,Bisantium,Bitantium,a,,,,,false
substantive,chronicon:0.1.1.4.30.0,suis,suis,a,,,,,true
substantive,chronicon:0.1.1.4.30.0,suis,,g,,,,,false
substantive,chronicon:0.1.1.4.31.1,fecit,fecit,g,,,,,true
substantive,chronicon:0.1.1.4.31.1,fecit,facit,a,,,,,false
substantive,chronicon:0.1.1.4.31.3,XIII,XIII,g,,,,,true
substantive,chronicon:0.1.1.4.31.3,XIII,XXIII,a,,,,,false
substantive,chronicon:0.1.1.4.34.0,regnante,regnante,g,,,,,true
substantive,chronicon:0.1.1.4.34.0,regnante,regnantem,a,,,,,false
substantive,chronicon:0.1.1.4.34.1,Iosia,Iosia,g,,,,,true
substantive,chronicon:0.1.1.4.34.1,Iosia,Iosian,a,,,,,false
substantive,chronicon:0.1.1.4.34.2,Niniuitas,Niniuitas,a,,,,,true
substantive,chronicon:0.1.1.4.34.2,Niniuitas,,g,,,,,false
substantive,chronicon:0.1.1.4.34.4,uitiis,uitiis,a,,,,,true
substantive,chronicon:0.1.1.4.34.4,uitiis,uitii,g,,,,,false
substantive,chronicon:0.1.1.4.35.0,capta,capta,g,,,,,true
substantive,chronicon:0.1.1.4.35.0,capta,tapta,a,,,,,false
substantive,chronicon:0.1.1.4.35.2,Danihel,Danihel,a,,,,,true
substantive,chronicon:0.1.1.4.35.2,Danihel,Danielli,g,,,,,false
substantive,chronicon:0.1.1.4.35.4,partem,partem,g,,,,,true
substantive,chronicon:0.1.1.4.35.4,partem,pater,a,,,,,false
substantive,app8-in-g21.34-22.6,Scriptura regnum,Scriptura regnum,,,pm,,,true
substantive,app8-in-g21.34-22.6,Scriptura regnum,scriptu regum,g,,,,,false
substantive,app8-in-g21.34-22.6,Scriptura regnum,scriptum regum,a,,,,,false
substantive,chronicon:0.1.1.4.35.8,tribus,tribus,g,,,,,true
substantive,chronicon:0.1.1.4.35.8,tribus,tres,a,,,,,false
substantive,chronicon:0.1.1.4.36.2,Iudea,Iudea,a,,,,,true
substantive,chronicon:0.1.1.4.36.2,Iudea,Iude,g,,,,,false
substantive,chronicon:0.1.1.4.36.4,fuerunt,fuerunt,g,,,,,true
substantive,chronicon:0.1.1.4.36.4,fuerunt,fuerant,a,,,,,false
substantive,chronicon:0.1.1.4.37.6,Hierusalem,Hierusalem,a,,,,,true
substantive,chronicon:0.1.1.4.37.6,Hierusalem,Ierulem,g,,,,,false
substantive,chronicon:0.1.1.4.37.14,etenim,etenim,g,,,,,true
substantive,chronicon:0.1.1.4.37.14,etenim,enim,a,,,,,false
substantive,chronicon:0.1.1.4.37.16,abusus,abusus,g,,,,,true
substantive,chronicon:0.1.1.4.37.16,abusus,abuius,a,,,,,false
substantive,chronicon:0.1.1.4.37.22,incipit,incipit,g,,,,,true
substantive,chronicon:0.1.1.4.37.22,incipit,in,a,,,,,false
substantive,chronicon:0.1.1.4.37.30,nec,nec,g,,,,,true
substantive,chronicon:0.1.1.4.37.30,nec,ne,a,,,,,false
substantive,chronicon:0.1.1.4.37.40,constituerunt,constituerunt,g,,,,,true
substantive,chronicon:0.1.1.4.37.40,constituerunt,constituerant,a,,,,,false
substantive,chronicon:0.1.1.4.37.48,affecti,affecti,g,,,,,true
substantive,chronicon:0.1.1.4.37.48,affecti,affectati,a,,,,,false
substantive,chronicon:0.1.1.4.37.49,conturbaret,conturbaret,g,,,,,true
substantive,chronicon:0.1.1.4.37.49,conturbaret,contra baret,a,,,,,false
substantive,chronicon:0.1.1.4.37.57,quem seruare,quem seruare,g,,,,,true
substantive,chronicon:0.1.1.4.37.57,quem seruare,que seruari,a,,,,,false
substantive,chronicon:0.1.1.4.37.59,eam,eam,g,,,,,true
substantive,chronicon:0.1.1.4.37.59,eam,dum,a,,,,,false
substantive,chronicon:0.1.1.4.37.60,et,et,a,,,,,true
substantive,chronicon:0.1.1.4.37.60,et,est,g,,,,,false
substantive,chronicon:0.1.1.4.37.61,libauerunt,libauerunt,g,,,,,true
substantive,chronicon:0.1.1.4.37.61,libauerunt,liberauerunt,a,,,,,false
substantive,chronicon:0.1.1.4.37.62,,,g,,,,,true
substantive,chronicon:0.1.1.4.37.62,,in,a,,,,,false
substantive,app69-in-g22.11-24.5,"et quod non fecerunt barbari Babylonis, hoc isti qui proximi uidebantur circa eum crudeliter perpetrauerunt, inuitumque eum in Egypto","et quod non fecerunt barbari Babylonis, hoc isti qui proximi uidebantur circa eum crudeliter perpetrauerunt, inuitumque eum in Egypto",a,,,,,true
substantive,app69-in-g22.11-24.5,"et quod non fecerunt barbari Babylonis, hoc isti qui proximi uidebantur circa eum crudeliter perpetrauerunt, inuitumque eum in Egypto",,g,,,,,false
substantive,chronicon:0.1.1.4.38.9,Mishaelem,Mishaelem,g,,,,,true
substantive,chronicon:0.1.1.4.38.9,Mishaelem,Michaelem,a,,,,,false
substantive,chronicon:0.1.1.5.2.0,Iudaici,Iudaici,g,,,,,true
substantive,chronicon:0.1.1.5.2.0,Iudaici,Iudacici,a,,,,,false
substantive,chronicon:0.1.1.5.3.0,terram,terram,g,,,,,true
substantive,chronicon:0.1.1.5.3.0,terram,terra,a,,,,,false
substantive,chronicon:0.1.1.5.4.1,XVI,XVI,g,,,,,true
substantive,chronicon:0.1.1.5.4.1,XVI,XXVI,a,,,,,false
substantive,chronicon:0.1.1.5.4.5,ponit,ponit,g,,,,,true
substantive,chronicon:0.1.1.5.4.5,ponit,pouit,a,,,,,false
substantive,chronicon:0.1.1.5.4.7,stuporem,stuporem,g,,,,,true
substantive,chronicon:0.1.1.5.4.7,stuporem,stupore,a,,,,,false
substantive,chronicon:0.1.1.5.4.9,anni,anni,g,,,,,true
substantive,chronicon:0.1.1.5.4.9,anni,annis,a,,,,,false
substantive,chronicon:0.1.1.5.4.12,imperaret,imperaret,g,,,,,true
substantive,chronicon:0.1.1.5.4.12,imperaret,imperat,a,,,,,false
substantive,chronicon:0.1.1.5.4.13,Persarum,Persarum,g,,,,,true
substantive,chronicon:0.1.1.5.4.13,Persarum,Perserum,a,,,,,false
substantive,chronicon:0.1.1.5.4.14,Iudea,Iudea,g,,,,,true
substantive,chronicon:0.1.1.5.4.14,Iudea,Iudei,a,,,,,false
substantive,chronicon:0.1.1.5.4.15,Chaldei,Chaldei,g,,,,,true
substantive,chronicon:0.1.1.5.4.15,Chaldei,Chaldea,a,,,,,false
substantive,chronicon:0.1.1.5.4.19,eam,eam,g,,,,,true
substantive,chronicon:0.1.1.5.4.19,eam,ea,a,,,,,false
substantive,chronicon:0.1.1.5.4.20,his,his,g,,,,,true
substantive,chronicon:0.1.1.5.4.20,his,hic,a,,,,,false
substantive,chronicon:0.1.1.5.4.22,Scribit,Scribit,g,,,,,true
substantive,chronicon:0.1.1.5.4.22,Scribit,Scribi,a,,,,,false
substantive,app25-in-g24.26-26.11,"annis XL, cui successisse filium eius","annis XL, cui successisse filium eius",a,,,,,true
substantive,app25-in-g24.26-26.11,"annis XL, cui successisse filium eius",,g,,,,,false
substantive,chronicon:0.1.1.5.4.26,Balsamar,Balsamar,g,,,,,true
substantive,chronicon:0.1.1.5.4.26,Balsamar,Balthasar,a,,,,,false
substantive,chronicon:0.1.1.5.4.27,transisse,transisse,g,,,,,true
substantive,chronicon:0.1.1.5.4.27,transisse,transille,a,,,,,false
substantive,chronicon:0.1.1.5.4.28,filiis,filiis,g,,,,,true
substantive,chronicon:0.1.1.5.4.28,filiis,filio,a,,,,,false
substantive,chronicon:0.1.1.5.4.29,Babiloniam,Babiloniam,g,,,,,true
substantive,chronicon:0.1.1.5.4.29,Babiloniam,Babylonia,a,,,,,false
substantive,chronicon:0.1.1.5.4.31,eum,eum,g,,,,,true
substantive,chronicon:0.1.1.5.4.31,eum,cum,a,,,,,false
substantive,chronicon:0.1.1.5.4.33,computat,computat,a,,,,,true
substantive,chronicon:0.1.1.5.4.33,computat,computauit,g,,,,,false
substantive,chronicon:0.1.1.5.4.35,uersus,uersus,g,,,,,true
substantive,chronicon:0.1.1.5.4.35,uersus,uersum,a,,,,,false
substantive,chronicon:0.1.1.5.4.36,templi,templi,g,,,,,true
substantive,chronicon:0.1.1.5.4.36,templi,templa,a,,,,,false
substantive,chronicon:0.1.1.5.4.38,Berosum,Berosum,g,,,,,true
substantive,chronicon:0.1.1.5.4.38,Berosum,Belosum,a,,,,,false
substantive,chronicon:0.1.1.5.4.39,Berosum,Berosum,g,,,,,true
substantive,chronicon:0.1.1.5.4.39,Berosum,Uerosum,a,,,,,false
substantive,chronicon:0.1.1.5.4.41,rursus,rursus,g,,,,,true
substantive,chronicon:0.1.1.5.4.41,rursus,rursum,a,,,,,false
substantive,chronicon:0.1.1.5.4.42,cui,cui,g,,,,,true
substantive,chronicon:0.1.1.5.4.42,cui,cum,a,,,,,false
substantive,chronicon:0.1.1.5.4.45,Persa,Persa,g,,,,,true
substantive,chronicon:0.1.1.5.4.45,Persa,Perse,a,,,,,false
substantive,chronicon:0.1.1.5.4.46,Medi,Medi,g,,,,,true
substantive,chronicon:0.1.1.5.4.46,Medi,Medis,a,,,,,false
substantive,chronicon:0.1.1.5.4.47,,,g,,,,,true
substantive,chronicon:0.1.1.5.4.47,,quidem,a,,,,,false
substantive,chronicon:0.1.1.5.4.48,alii,alii,a,,,,,true
substantive,chronicon:0.1.1.5.4.48,alii,aliis,g,,,,,false
substantive,chronicon:0.1.1.5.4.49,putant,putant,g,,,,,true
substantive,chronicon:0.1.1.5.4.49,putant,putatur,a,,,,,false
substantive,chronicon:0.1.1.5.4.50,Susis,Susis,g,,,,,true
substantive,chronicon:0.1.1.5.4.50,Susis,Fusis,a,,,,,false
substantive,chronicon:0.1.1.5.6.0,Brutus,Brutus,a,,,,,true
substantive,chronicon:0.1.1.5.6.0,Brutus,Bruto,g,,,,,false
substantive,chronicon:0.1.1.5.6.4,militibus,militibus,g,,,,,true
substantive,chronicon:0.1.1.5.6.4,militibus,,a,,,,,false
substantive,chronicon:0.1.1.5.7.7,,,g,,,,,true
substantive,chronicon:0.1.1.5.7.7,,quoque,a,,,,,false
substantive,chronicon:0.1.1.5.8.4,solummodo,solummodo,g,,,,,true
substantive,chronicon:0.1.1.5.8.4,solummodo,summodo,a,,,,,false
substantive,chronicon:0.1.1.5.8.6,sermo,sermo,a,,,,,true
substantive,chronicon:0.1.1.5.8.6,sermo,fermo,g,,,,,false
substantive,chronicon:0.1.1.5.8.10,Hierusalem,Hierusalem,g,,,,,true
substantive,chronicon:0.1.1.5.8.10,Hierusalem,,a,,,,,false
substantive,chronicon:0.1.1.5.8.11,es,es,a,,,,,true
substantive,chronicon:0.1.1.5.8.11,es,est,g,,,,,false
substantive,chronicon:0.1.1.5.8.16,Zacharias,Zacharias,g,,,,,true
substantive,chronicon:0.1.1.5.8.16,Zacharias,Zarias,a,,,,,false
substantive,chronicon:0.1.1.5.8.17,ex quo,ex quo,g,,,,,true
substantive,chronicon:0.1.1.5.8.17,ex quo,eius,a,,,,,false
substantive,chronicon:0.1.1.5.8.19,iacta,iacta,g,,,,,true
substantive,chronicon:0.1.1.5.8.19,iacta,iecta,a,,,,,false
substantive,chronicon:0.1.1.5.8.21,duodecimo,duodecimo,g,,,,,true
substantive,chronicon:0.1.1.5.8.21,duodecimo,undecimo,a,,,,,false
substantive,chronicon:0.1.1.5.8.22,tertio,tertio,g,,,,,true
substantive,chronicon:0.1.1.5.8.22,tertio,tertia,a,,,,,false
substantive,chronicon:0.1.1.5.8.26,.,.,g,,,,,true
substantive,chronicon:0.1.1.5.8.26,.,"),",a,,,,,false
substantive,chronicon:0.1.1.5.8.28,"dictatores,","dictatores,",a,,,,,true
substantive,chronicon:0.1.1.5.8.28,"dictatores,",,g,,,,,false
substantive,chronicon:0.1.1.5.9.3,Zeusis,Zeusis,g,,,,,true
substantive,chronicon:0.1.1.5.9.3,Zeusis,Reusis,a,,,,,false
substantive,chronicon:0.1.1.5.9.5,XCV,XCV,g,,,,,true
substantive,chronicon:0.1.1.5.9.5,XCV,XXV,a,,,,,false
substantive,chronicon:0.1.1.5.9.8,CCCXXIX,CCCXXIX,g,,,,,true
substantive,chronicon:0.1.1.5.9.8,CCCXXIX,CCCXIX,a,,,,,false
substantive,chronicon:0.1.1.5.11.3,captiuitati,captiuitati,g,,,,,true
substantive,chronicon:0.1.1.5.11.3,captiuitati,captiuati,a,,,,,false
substantive,chronicon:0.1.1.5.11.7,sine,sine,g,,,,,true
substantive,chronicon:0.1.1.5.11.7,sine,si non,a,,,,,false
substantive,chronicon:0.1.1.5.11.8,profecti,profecti,g,,,,,true
substantive,chronicon:0.1.1.5.11.8,profecti,facti,a,,,,,false
substantive,chronicon:0.1.1.5.11.9,commonefactus,commonefactus,g,,,,,true
substantive,chronicon:0.1.1.5.11.9,commonefactus,commonefactum,a,,,,,false
substantive,chronicon:0.1.1.5.11.11,Is,Is,g,,,,,true
substantive,chronicon:0.1.1.5.11.11,Is,His,a,,,,,false
substantive,chronicon:0.1.1.5.11.13,Zerobabel,Zerobabel,g,,,,,true
substantive,chronicon:0.1.1.5.11.13,Zerobabel,Zorobabel,a,,,,,false
substantive,app15-in-g28.19-29.37,sunt,sunt,a,,,,,true
substantive,app15-in-g28.19-29.37,sunt,,g,,,,,false
substantive,chronicon:0.1.1.5.11.18,et cum eis,et cum eis,g,,,,,true
substantive,chronicon:0.1.1.5.11.18,et cum eis,,a,,,,,false
substantive,chronicon:0.1.1.5.11.20,itaque,itaque,g,,,,,true
substantive,chronicon:0.1.1.5.11.20,itaque,atque,a,,,,,false
substantive,chronicon:0.1.1.5.11.25,poteris,poteris,g,,,,,true
substantive,chronicon:0.1.1.5.11.25,poteris,patris,a,,,,,false
substantive,chronicon:0.1.1.5.12.0,XIX,XIX,g,,,,,true
substantive,chronicon:0.1.1.5.12.0,XIX,,a,,,,,false
substantive,chronicon:0.1.1.5.12.2,MMMDLVI,MMMDLVI,g,,,,,true
substantive,chronicon:0.1.1.5.12.2,MMMDLVI,MMMDLXVI,a,,,,,false
substantive,chronicon:0.1.1.5.13.1,XL,XL,g,,,,,true
substantive,chronicon:0.1.1.5.13.1,XL,.,a,,,,,false
substantive,chronicon:0.1.1.5.13.7,incendunt,incendunt,g,,,,,true
substantive,chronicon:0.1.1.5.13.7,incendunt,incendiunt,a,,,,,false
substantive,chronicon:0.1.1.5.15.0,discessionis,discessionis,g,,,,,true
substantive,chronicon:0.1.1.5.15.0,discessionis,discensionis,a,,,,,false
substantive,chronicon:0.1.1.5.15.1,", et",", et",g,,,,,true
substantive,chronicon:0.1.1.5.15.1,", et",. Ex,a,,,,,false
substantive,chronicon:0.1.1.5.16.5,Egyptiorum,Egyptiorum,g,,,,,true
substantive,chronicon:0.1.1.5.16.5,Egyptiorum,Gyptiorum,a,,,,,false
substantive,chronicon:0.1.1.5.16.8,Irchania,Irchania,g,,,,,true
substantive,chronicon:0.1.1.5.16.8,Irchania,Uchania,a,,,,,false
substantive,chronicon:0.1.1.5.16.10,Achademiam,Achademiam,g,,,,,true
substantive,chronicon:0.1.1.5.16.10,Achademiam,Achademicam,a,,,,,false
substantive,chronicon:0.1.1.5.16.11,Italiam,Italiam,g,,,,,true
substantive,chronicon:0.1.1.5.16.11,Italiam,Italia,a,,,,,false
substantive,chronicon:0.1.1.5.16.12,auxiliaque,auxiliaque,g,,,,,true
substantive,chronicon:0.1.1.5.16.12,auxiliaque,auxiliatque,a,,,,,false
substantive,chronicon:0.1.1.5.16.15,insignis,insignis,g,,,,,true
substantive,chronicon:0.1.1.5.16.15,insignis,insignes,a,,,,,false
substantive,chronicon:0.1.1.5.17.1,uicesimus,uicesimus,g,,,,,true
substantive,chronicon:0.1.1.5.17.1,uicesimus,uicesimum,a,,,,,false
substantive,chronicon:0.1.1.5.18.0,VI,VI,g,,,,,true
substantive,chronicon:0.1.1.5.18.0,VI,,a,,,,,false
substantive,chronicon:0.1.1.5.19.0,V,V,g,,,,,true
substantive,chronicon:0.1.1.5.19.0,V,,a,,,,,false
substantive,chronicon:0.1.1.5.19.3,suscipiende,suscipiende,a,,,,,true
substantive,chronicon:0.1.1.5.19.3,suscipiende,suspiciende,g,,,,,false
substantive,chronicon:0.1.1.5.19.4,Parapamenos,Parapamenos,g,,,,,true
substantive,chronicon:0.1.1.5.19.4,Parapamenos,Parmenos,a,,,,,false
substantive,chronicon:0.1.1.5.19.6,montes,montes,g,,,,,true
substantive,chronicon:0.1.1.5.19.6,montes,mentes,a,,,,,false
substantive,chronicon:0.1.1.5.19.7,redemit,redemit,a,,,,,true
substantive,chronicon:0.1.1.5.19.7,redemit,redimit,g,,,,,false
substantive,chronicon:0.1.1.5.19.8,Indorum,Indorum,g,,,,,true
substantive,chronicon:0.1.1.5.19.8,Indorum,Iudeorum,a,,,,,false
substantive,chronicon:0.1.1.5.19.9,obtinuit,obtinuit,a,,,,,true
substantive,chronicon:0.1.1.5.19.9,obtinuit,substinuit,g,,,,,false
substantive,chronicon:0.1.1.5.19.13,",",",",g,,,,,true
substantive,chronicon:0.1.1.5.19.13,",",et,a,,,,,false
substantive,chronicon:0.1.1.5.19.15,hostium,hostium,a,,,,,true
substantive,chronicon:0.1.1.5.19.15,hostium,hostius,g,,,,,false
substantive,chronicon:0.1.1.5.19.17,tutatus,tutatus,a,,,,,true
substantive,chronicon:0.1.1.5.19.17,tutatus,tutatum,g,,,,,false
substantive,chronicon:0.1.1.5.19.18,et,et,g,,,,,true
substantive,chronicon:0.1.1.5.19.18,et,,a,,,,,false
substantive,chronicon:0.1.1.5.19.20,conscensis,conscensis,g,,,,,true
substantive,chronicon:0.1.1.5.19.20,conscensis,consensis,a,,,,,false
substantive,chronicon:0.1.1.5.19.21,peragraret,peragraret,g,,,,,true
substantive,chronicon:0.1.1.5.19.21,peragraret,perageret,a,,,,,false
substantive,chronicon:0.1.1.5.19.23,eum,eum,a,,,,,true
substantive,chronicon:0.1.1.5.19.23,eum,eam,g,,,,,false
substantive,chronicon:0.1.1.5.19.26,adisset,adisset,g,,,,,true
substantive,chronicon:0.1.1.5.19.26,adisset,adissus,a,,,,,false
substantive,chronicon:0.1.1.5.19.29,daret,daret,g,,,,,true
substantive,chronicon:0.1.1.5.19.29,daret,dare,a,,,,,false
substantive,chronicon:0.1.1.5.19.30,eum,eum,g,,,,,true
substantive,chronicon:0.1.1.5.19.30,eum,cum,a,,,,,false
substantive,chronicon:0.1.1.5.19.33,ac,ac,g,,,,,true
substantive,chronicon:0.1.1.5.19.33,ac,et,a,,,,,false
substantive,chronicon:0.1.1.5.19.35,suo,suo,g,,,,,true
substantive,chronicon:0.1.1.5.19.35,suo,sui,a,,,,,false
substantive,chronicon:0.1.1.5.19.41,Lagi,Lagi,a,,,,,true
substantive,chronicon:0.1.1.5.19.41,Lagi,Lagis,g,,,,,false
substantive,chronicon:0.1.1.5.20.1,Cecus,Cecus,g,,,,,true
substantive,chronicon:0.1.1.5.20.1,Cecus,Cetus,a,,,,,false
substantive,chronicon:0.1.1.5.20.2,aquam,aquam,g,,,,,true
substantive,chronicon:0.1.1.5.20.2,aquam,aqua,a,,,,,false
substantive,chronicon:0.1.1.5.20.8,Babilon,Babilon,g,,,,,true
substantive,chronicon:0.1.1.5.20.8,Babilon,Babilonis,a,,,,,false
substantive,chronicon:0.1.1.5.20.11,Boroeam,Boroeam,g,,,,,true
substantive,chronicon:0.1.1.5.20.11,Boroeam,Beroeam,a,,,,,false
substantive,chronicon:0.1.1.5.20.12,Pellam,Pellam,g,,,,,true
substantive,chronicon:0.1.1.5.20.12,Pellam,Bellam,a,,,,,false
substantive,chronicon:0.1.1.5.20.20,indictum,indictum,g,,,,,true
substantive,chronicon:0.1.1.5.20.20,indictum,inditum,a,,,,,false
substantive,chronicon:0.1.1.5.20.24,Demetrio,Demetrio,g,,,,,true
substantive,chronicon:0.1.1.5.20.24,Demetrio,Demetri,a,,,,,false
substantive,chronicon:0.1.1.5.20.25,Antignoni,Antignoni,g,,,,,true
substantive,chronicon:0.1.1.5.20.25,Antignoni,Antigoni,a,,,,,false
substantive,chronicon:0.1.1.5.20.27,temporis,temporis,a,,,,,true
substantive,chronicon:0.1.1.5.20.27,temporis,temporibus,g,,,,,false
substantive,chronicon:0.1.1.5.21.1,census,census,g,,,,,true
substantive,chronicon:0.1.1.5.21.1,census,censusus,a,,,,,false
substantive,chronicon:0.1.1.5.21.4,argenteus,argenteus,a,,,,,true
substantive,chronicon:0.1.1.5.21.4,argenteus,argentus,g,,,,,false
substantive,chronicon:0.1.1.5.21.7,longitudinem,longitudinem,g,,,,,true
substantive,chronicon:0.1.1.5.21.7,longitudinem,longitudine,a,,,,,false
substantive,chronicon:0.1.1.5.22.0,Filadelfus,Filadelfus,g,,,,,true
substantive,chronicon:0.1.1.5.22.0,Filadelfus,Filiadelfus,a,,,,,false
substantive,chronicon:0.1.1.5.22.3,quam,quam,g,,,,,true
substantive,chronicon:0.1.1.5.22.3,quam,quas,a,,,,,false
substantive,chronicon:0.1.1.5.22.5,composuerat,composuerat,g,,,,,true
substantive,chronicon:0.1.1.5.22.5,composuerat,composuerunt,a,,,,,false
substantive,chronicon:0.1.1.5.22.6,Phalereus,Phalereus,g,,,,,true
substantive,chronicon:0.1.1.5.22.6,Phalereus,Phalerus,a,,,,,false
substantive,chronicon:0.1.1.5.22.7,uinceret,uinceret,g,,,,,true
substantive,chronicon:0.1.1.5.22.7,uinceret,uincere,a,,,,,false
substantive,chronicon:0.1.1.5.22.11,Gnidius,Gnidius,a,,,,,true
substantive,chronicon:0.1.1.5.22.11,Gnidius,Guidius,g,,,,,false
substantive,chronicon:0.1.1.5.22.14,agnoscitur,agnoscitur,g,,,,,true
substantive,chronicon:0.1.1.5.22.14,agnoscitur,agnoscetur,a,,,,,false
substantive,chronicon:0.1.1.5.23.0,annis,annis,a,,,,,true
substantive,chronicon:0.1.1.5.23.0,annis,anni,g,,,,,false
substantive,chronicon:0.1.1.5.23.5,aduersus,aduersus,a,,,,,true
substantive,chronicon:0.1.1.5.23.5,aduersus,aduersum,g,,,,,false
substantive,chronicon:0.1.1.5.23.11,Laodocen,Laodocen,g,,,,,true
substantive,chronicon:0.1.1.5.23.11,Laodocen,Laodocens,a,,,,,false
substantive,chronicon:0.1.1.5.24.9,Antiochus,Antiochus,g,,,,,true
substantive,chronicon:0.1.1.5.24.9,Antiochus,Antiochum,a,,,,,false
substantive,chronicon:0.1.1.5.24.10,successionem,successionem,g,,,,,true
substantive,chronicon:0.1.1.5.24.10,successionem,successione,a,,,,,false
substantive,chronicon:0.1.1.5.24.15,proditione,proditione,a,,,,,true
substantive,chronicon:0.1.1.5.24.15,proditione,proditioni,g,,,,,false
substantive,chronicon:0.1.1.5.25.0,amicam,amicam,g,,,,,true
substantive,chronicon:0.1.1.5.25.0,amicam,amica,a,,,,,false
substantive,chronicon:0.1.1.5.25.1,odium,odium,g,,,,,true
substantive,chronicon:0.1.1.5.25.1,odium,odio,a,,,,,false
substantive,chronicon:0.1.1.5.25.3,et,et,g,,,,,true
substantive,chronicon:0.1.1.5.25.3,et,ac,a,,,,,false
substantive,chronicon:0.1.1.5.25.4,Amilcari,Amilcari,g,,,,,true
substantive,chronicon:0.1.1.5.25.4,Amilcari,Anulcari,a,,,,,false
substantive,chronicon:0.1.1.5.25.8,Alpes,Alpes,g,,,,,true
substantive,chronicon:0.1.1.5.25.8,Alpes,Aloes,a,,,,,false
substantive,chronicon:0.1.1.5.25.9,,,g,,,,,true
substantive,chronicon:0.1.1.5.25.9,,dum,a,,,,,false
substantive,chronicon:0.1.1.5.25.10,primus,primus,g,,,,,true
substantive,chronicon:0.1.1.5.25.10,primus,prunus,a,,,,,false
substantive,chronicon:0.1.1.5.25.13,sunt,sunt,a,,,,,true
substantive,chronicon:0.1.1.5.25.13,sunt,,g,,,,,false
substantive,chronicon:0.1.1.5.25.15,lacum,lacum,g,,,,,true
substantive,chronicon:0.1.1.5.25.15,lacum,locum,a,,,,,false
substantive,chronicon:0.1.1.5.25.19,capta,capta,a,,,,,true
substantive,chronicon:0.1.1.5.25.19,capta,,g,,,,,false
substantive,chronicon:0.1.1.5.25.20,Fuluius,Fuluius,g,,,,,true
substantive,chronicon:0.1.1.5.25.20,Fuluius,Fluuius,a,,,,,false
substantive,chronicon:0.1.1.5.25.21,suppliciis,suppliciis,g,,,,,true
substantive,chronicon:0.1.1.5.25.21,suppliciis,Sulplicius,a,,,,,false
substantive,chronicon:0.1.1.5.25.26,iungeretur,iungeretur,g,,,,,true
substantive,chronicon:0.1.1.5.25.26,iungeretur,uingeretur,a,,,,,false
substantive,chronicon:0.1.1.5.25.27,Africam,Africam,g,,,,,true
substantive,chronicon:0.1.1.5.25.27,Africam,Africa,a,,,,,false
substantive,chronicon:0.1.1.5.25.28,annis,annis,g,,,,,true
substantive,chronicon:0.1.1.5.25.28,annis,anno,a,,,,,false
substantive,chronicon:0.1.1.5.25.30,a,a,g,,,,,true
substantive,chronicon:0.1.1.5.25.30,a,ad,a,,,,,false
substantive,chronicon:0.1.1.5.27.1,antea,antea,g,,,,,true
substantive,chronicon:0.1.1.5.27.1,antea,ante,a,,,,,false
substantive,chronicon:0.1.1.5.28.1,Aristobolus,Aristobolus,g,,,,,true
substantive,chronicon:0.1.1.5.28.1,Aristobolus,Aristobo,a,,,,,false
substantive,chronicon:0.1.1.5.28.3,peripateticus,peripateticus,g,,,,,true
substantive,chronicon:0.1.1.5.28.3,peripateticus,pypateticus,a,,,,,false
substantive,chronicon:0.1.1.5.28.4,explanationum,explanationum,g,,,,,true
substantive,chronicon:0.1.1.5.28.4,explanationum,explanationem,a,,,,,false
substantive,chronicon:0.1.1.5.28.7,patrias,patrias,g,,,,,true
substantive,chronicon:0.1.1.5.28.7,patrias,patris,a,,,,,false
substantive,chronicon:0.1.1.5.29.6,iuge,iuge,g,,,,,true
substantive,chronicon:0.1.1.5.29.6,iuge,uige,a,,,,,false
substantive,chronicon:0.1.1.5.29.7,uespere,uespere,g,,,,,true
substantive,chronicon:0.1.1.5.29.7,uespere,uespera,a,,,,,false
substantive,chronicon:0.1.1.5.30.1,uiginti,uiginti,g,,,,,true
substantive,chronicon:0.1.1.5.30.1,uiginti,triginta,a,,,,,false
substantive,chronicon:0.1.1.5.30.5,Corintho,Corintho,g,,,,,true
substantive,chronicon:0.1.1.5.30.5,Corintho,Orintho,a,,,,,false
substantive,chronicon:0.1.1.5.31.0,Iero,Iero,g,,,,,true
substantive,chronicon:0.1.1.5.31.0,Iero,Uero,a,,,,,false
substantive,chronicon:0.1.1.5.32.3,anno,anno,g,,,,,true
substantive,chronicon:0.1.1.5.32.3,anno,anni,a,,,,,false
substantive,chronicon:0.1.1.5.35.1,bellum,bellum,g,,,,,true
substantive,chronicon:0.1.1.5.35.1,bellum,bellium,a,,,,,false
substantive,chronicon:0.1.1.5.36.0,Arpini,Arpini,g,,,,,true
substantive,chronicon:0.1.1.5.36.0,Arpini,Arpinis,a,,,,,false
substantive,chronicon:0.1.1.5.36.1,equestris,equestris,g,,,,,true
substantive,chronicon:0.1.1.5.36.1,equestris,equestri,a,,,,,false
substantive,chronicon:0.1.1.5.37.1,Syria,Syria,a,,,,,true
substantive,chronicon:0.1.1.5.37.1,Syria,Syrio,g,,,,,false
substantive,chronicon:0.1.1.5.37.2,Philippo,Philippo,g,,,,,true
substantive,chronicon:0.1.1.5.37.2,Philippo,Phyppo,a,,,,,false
substantive,chronicon:0.1.1.5.37.3,a,a,a,,,,,true
substantive,chronicon:0.1.1.5.37.3,a,et,g,,,,,false
substantive,chronicon:0.1.1.5.37.4,Gabinio,Gabinio,a,,,,,true
substantive,chronicon:0.1.1.5.37.4,Gabinio,Gabino,g,,,,,false
substantive,chronicon:0.1.1.5.37.5,Cleopatram,Cleopatram,g,,,,,true
substantive,chronicon:0.1.1.5.37.5,Cleopatram,Eleopatram,a,,,,,false
substantive,chronicon:0.1.1.5.37.6,secedit,secedit,a,,,,,true
substantive,chronicon:0.1.1.5.37.6,secedit,se cedit,g,,,,,false
substantive,chronicon:0.1.1.5.37.7,MMMDCCCLXX,MMMDCCCLXX,g,,,,,true
substantive,chronicon:0.1.1.5.37.7,MMMDCCCLXX,MMMDCCCLXXIII,a,,,,,false
substantive,chronicon:0.1.1.5.38.0,XIII,XIII,g,,,,,true
substantive,chronicon:0.1.1.5.38.0,XIII,VIII,a,,,,,false
substantive,chronicon:0.1.1.5.39.0,sociali,sociali,g,,,,,true
substantive,chronicon:0.1.1.5.39.0,sociali,siciliali,a,,,,,false
substantive,chronicon:0.1.1.5.40.5,Maro,Maro,g,,,,,true
substantive,chronicon:0.1.1.5.40.5,Maro,Marco,a,,,,,false
substantive,chronicon:0.1.1.5.40.7,deinde,deinde,g,,,,,true
substantive,chronicon:0.1.1.5.40.7,deinde,dehinc,a,,,,,false
substantive,chronicon:0.1.1.5.41.2,,,g,,,,,true
substantive,chronicon:0.1.1.5.41.2,,atque,a,,,,,false
substantive,chronicon:0.1.1.5.41.3,apud Bosphorum,apud Bosphorum,g,,,,,true
substantive,chronicon:0.1.1.5.41.3,apud Bosphorum,aprebos forum,a,,,,,false
substantive,chronicon:0.1.1.5.41.7,sacerdote,sacerdote,g,,,,,true
substantive,chronicon:0.1.1.5.41.7,sacerdote,acerdote,a,,,,,false
substantive,chronicon:0.1.1.5.41.9,plebe,plebe,g,,,,,true
substantive,chronicon:0.1.1.5.41.9,plebe,ple,a,,,,,false
substantive,chronicon:0.1.1.5.41.12,gessisse ipse,gessisse ipse,g,,,,,true
substantive,chronicon:0.1.1.5.41.12,gessisse ipse,,a,,,,,false
substantive,chronicon:0.1.1.5.41.15,eosdem,eosdem,g,,,,,true
substantive,chronicon:0.1.1.5.41.15,eosdem,eodem,a,,,,,false
substantive,chronicon:0.1.1.5.41.17,Aristobolus,Aristobolus,a,,,,,true
substantive,chronicon:0.1.1.5.41.17,Aristobolus,Aristobolum,g,,,,,false
substantive,chronicon:0.1.1.5.42.1,XII,XII,g,,,,,true
substantive,chronicon:0.1.1.5.42.1,XII,VII,a,,,,,false
substantive,chronicon:0.1.1.5.42.3,Suetonius,Suetonius,g,,,,,true
substantive,chronicon:0.1.1.5.42.3,Suetonius,Sitonius,a,,,,,false
substantive,chronicon:0.1.1.5.42.7,Britannos,Britannos,a,,,,,true
substantive,chronicon:0.1.1.5.42.7,Britannos,Britannus,g,,,,,false
substantive,chronicon:0.1.1.5.43.5,illud,illud,a,,,,,true
substantive,chronicon:0.1.1.5.43.5,illud,illum,g,,,,,false
substantive,chronicon:0.1.1.5.43.6,Satathiel,Satathiel,g,,,,,true
substantive,chronicon:0.1.1.5.43.6,Satathiel,Salathiel,a,,,,,false
substantive,chronicon:0.1.1.5.43.8,Matheus,Matheus,g,,,,,true
substantive,chronicon:0.1.1.5.43.8,Matheus,,a,,,,,false
substantive,chronicon:0.1.1.5.43.9,et,et,g,,,,,true
substantive,chronicon:0.1.1.5.43.9,et,ac,a,,,,,false
substantive,chronicon:0.1.1.5.43.13,filii,filii,g,,,,,true
substantive,chronicon:0.1.1.5.43.13,filii,filiis,a,,,,,false
substantive,chronicon:0.1.1.5.43.14,impius,impius,a,,,,,true
substantive,chronicon:0.1.1.5.43.14,impius,ipsius,g,,,,,false
substantive,chronicon:0.1.1.5.43.15,regum,regum,g,,,,,true
substantive,chronicon:0.1.1.5.43.15,regum,reu,a,,,,,false
substantive,chronicon:0.1.1.5.44.0,Cleopatra,Cleopatra,g,,,,,true
substantive,chronicon:0.1.1.5.44.0,Cleopatra,Cleopatre,a,,,,,false
substantive,chronicon:0.1.1.5.44.1,siquidem,siquidem,a,,,,,true
substantive,chronicon:0.1.1.5.44.1,siquidem,siquidam,g,,,,,false
substantive,chronicon:0.1.1.5.44.5,uictus,uictus,g,,,,,true
substantive,chronicon:0.1.1.5.44.5,uictus,uictos,a,,,,,false
substantive,chronicon:0.1.1.5.44.6,Tatius,Tatius,g,,,,,true
substantive,chronicon:0.1.1.5.44.6,Tatius,Totius,a,,,,,false
substantive,chronicon:0.1.1.5.44.8,Alexandria,Alexandria,g,,,,,true
substantive,chronicon:0.1.1.5.44.8,Alexandria,Alexandriam,a,,,,,false
substantive,chronicon:0.1.1.5.44.9,potitus,potitus,g,,,,,true
substantive,chronicon:0.1.1.5.44.9,potitus,petitus,a,,,,,false
substantive,chronicon:0.1.1.5.44.12,comitatu,comitatu,g,,,,,true
substantive,chronicon:0.1.1.5.44.12,comitatu,comitatum,a,,,,,false
substantive,chronicon:0.1.1.5.44.13,Pompeios,Pompeios,g,,,,,true
substantive,chronicon:0.1.1.5.44.13,Pompeios,Pompeius,a,,,,,false
substantive,chronicon:0.1.1.5.44.14,Attium,Attium,g,,,,,true
substantive,chronicon:0.1.1.5.44.14,Attium,Atilium,a,,,,,false
substantive,chronicon:0.1.1.5.44.15,cogitaret,cogitaret,g,,,,,true
substantive,chronicon:0.1.1.5.44.15,cogitaret,congitaret,a,,,,,false
substantive,chronicon:0.1.1.5.44.16,fugam,fugam,g,,,,,true
substantive,chronicon:0.1.1.5.44.16,fugam,fugiam,a,,,,,false
substantive,chronicon:0.1.1.5.44.22,coniuratum,coniuratum,g,,,,,true
substantive,chronicon:0.1.1.5.44.22,coniuratum,coniuramentum,a,,,,,false
substantive,chronicon:0.1.1.5.44.25,armis,armis,g,,,,,true
substantive,chronicon:0.1.1.5.44.25,armis,annis,a,,,,,false
substantive,chronicon:0.1.1.5.45.0,dum,dum,g,,,,,true
substantive,chronicon:0.1.1.5.45.0,dum,dura,a,,,,,false
substantive,chronicon:0.1.1.5.45.1,Bruto,Bruto,g,,,,,true
substantive,chronicon:0.1.1.5.45.1,Bruto,Brutu,a,,,,,false
substantive,chronicon:0.1.1.5.45.4,eius,eius,g,,,,,true
substantive,chronicon:0.1.1.5.45.4,eius,es,a,,,,,false
substantive,chronicon:0.1.1.5.46.0,Enea,Enea,g,,,,,true
substantive,chronicon:0.1.1.5.46.0,Enea,Ena,a,,,,,false
substantive,chronicon:0.1.1.5.46.1,ciuilibus,ciuilibus,g,,,,,true
substantive,chronicon:0.1.1.5.46.1,ciuilibus,ciuibus,a,,,,,false
substantive,chronicon:0.1.1.5.46.5,Perusinum,Perusinum,a,,,,,true
substantive,chronicon:0.1.1.5.46.5,Perusinum,Perusinam,g,,,,,false
substantive,chronicon:0.1.1.5.46.8,Actiaticum,Actiaticum,g,,,,,true
substantive,chronicon:0.1.1.5.46.8,Actiaticum,Auiaticum,a,,,,,false
substantive,chronicon:0.1.1.5.46.9,Cesaris,Cesaris,a,,,,,true
substantive,chronicon:0.1.1.5.46.9,Cesaris,Cesari,g,,,,,false
substantive,chronicon:0.1.1.5.46.10,locus,locus,g,,,,,true
substantive,chronicon:0.1.1.5.46.10,locus,solus,a,,,,,false
substantive,chronicon:0.1.1.5.46.11,Cleopatra,Cleopatra,g,,,,,true
substantive,chronicon:0.1.1.5.46.11,Cleopatra,Cleopatram,a,,,,,false
substantive,chronicon:0.1.1.5.46.17,ille,ille,a,,,,,true
substantive,chronicon:0.1.1.5.46.17,ille,illa,g,,,,,false
substantive,chronicon:0.1.1.5.46.22,est,est,g,,,,,true
substantive,chronicon:0.1.1.5.46.22,est,esset,a,,,,,false
substantive,chronicon:0.1.1.5.46.23,ciuilibus,ciuilibus,g,,,,,true
substantive,chronicon:0.1.1.5.46.23,ciuilibus,uicibus,a,,,,,false
substantive,chronicon:0.1.1.5.46.26,Aquitaniam,Aquitaniam,g,,,,,true
substantive,chronicon:0.1.1.5.46.26,Aquitaniam,Equitaniam,a,,,,,false
substantive,chronicon:0.1.1.5.46.27,Dalmatiam,Dalmatiam,g,,,,,true
substantive,chronicon:0.1.1.5.46.27,Dalmatiam,Dalmaticam,a,,,,,false
substantive,chronicon:0.1.1.5.46.34,antea,antea,a,,,,,true
substantive,chronicon:0.1.1.5.46.34,antea,ante,g,,,,,false
substantive,chronicon:0.1.1.5.46.40,Germanie,Germanie,g,,,,,true
substantive,chronicon:0.1.1.5.46.40,Germanie,Germane,a,,,,,false
substantive,chronicon:0.1.1.5.47.0,LVI,LVI,g,,,,,true
substantive,chronicon:0.1.1.5.47.0,LVI,XLIV,a,,,,,false
substantive,chronicon:0.1.1.5.47.2,in,in,a,,,,,true
substantive,chronicon:0.1.1.5.47.2,in,,g,,,,,false
substantive,chronicon:0.1.1.5.47.6,ignobilis,ignobilis,a,,,,,true
substantive,chronicon:0.1.1.5.47.6,ignobilis,ignobiles,g,,,,,false
substantive,chronicon:0.1.1.5.47.14,Lagide,Lagide,g,,,,,true
substantive,chronicon:0.1.1.5.47.14,Lagide,Lagidem,a,,,,,false
substantive,chronicon:0.1.1.5.47.15,annos,annos,g,,,,,true
substantive,chronicon:0.1.1.5.47.15,annos,annis,a,,,,,false
substantive,chronicon:0.1.1.6.1.0,Sexta etas.,Sexta etas.,g,,,,,true
substantive,chronicon:0.1.1.6.1.0,Sexta etas.,,a,,,,,false
substantive,chronicon:0.1.1.6.2.1,annis,annis,a,,,,,true
substantive,chronicon:0.1.1.6.2.1,annis,anni,g,,,,,false
substantive,chronicon:0.1.1.6.2.3,XLII,XLII,g,,,,,true
substantive,chronicon:0.1.1.6.2.3,XLII,,a,,,,,false
substantive,chronicon:0.1.1.6.2.6,,,g,,,,,true
substantive,chronicon:0.1.1.6.2.6,,Dominus,a,,,,,false
substantive,chronicon:0.1.1.6.2.7,Gloria,Gloria,g,,,,,true
substantive,chronicon:0.1.1.6.2.7,Gloria,Gloriam,a,,,,,false
substantive,chronicon:0.1.1.6.2.10,uiuente,uiuente,g,,,,,true
substantive,chronicon:0.1.1.6.2.10,uiuente,iuuente,a,,,,,false
substantive,chronicon:0.1.1.6.3.0,simulationes,simulationes,a,,,,,true
substantive,chronicon:0.1.1.6.3.0,simulationes,simulatione,g,,,,,false
substantive,chronicon:0.1.1.6.3.5,quam,quam,g,,,,,true
substantive,chronicon:0.1.1.6.3.5,quam,quoniam,a,,,,,false
substantive,chronicon:0.1.1.6.3.9,lusor,lusor,g,,,,,true
substantive,chronicon:0.1.1.6.3.9,lusor,elusor,a,,,,,false
substantive,chronicon:0.1.1.6.3.11,alacer,alacer,g,,,,,true
substantive,chronicon:0.1.1.6.3.11,alacer,,a,,,,,false
substantive,chronicon:0.1.1.6.3.12,nasceretur,nasceretur,a,,,,,true
substantive,chronicon:0.1.1.6.3.12,nasceretur,mesceretur,g,,,,,false
substantive,chronicon:0.1.1.6.3.13,moreretur,moreretur,g,,,,,true
substantive,chronicon:0.1.1.6.3.13,moreretur,moritur,a,,,,,false
substantive,chronicon:0.1.1.6.3.17,Oratius,Oratius,g,,,,,true
substantive,chronicon:0.1.1.6.3.17,Oratius,Ordicius,a,,,,,false
substantive,chronicon:0.1.1.6.5.1,euocatos,euocatos,a,,,,,true
substantive,chronicon:0.1.1.6.5.1,euocatos,euocatus,g,,,,,false
substantive,chronicon:0.1.1.6.5.2,Archelaum,Archelaum,g,,,,,true
substantive,chronicon:0.1.1.6.5.2,Archelaum,Archelaus,a,,,,,false
substantive,chronicon:0.1.1.6.6.5,LXXI,LXXI,g,,,,,true
substantive,chronicon:0.1.1.6.6.5,LXXI,LXXXI,a,,,,,false
substantive,chronicon:0.1.1.6.6.6,huius,huius,g,,,,,true
substantive,chronicon:0.1.1.6.6.6,huius,,a,,,,,false
substantive,chronicon:0.1.1.6.6.8,anni,anni,g,,,,,true
substantive,chronicon:0.1.1.6.6.8,anni,annis,a,,,,,false
substantive,chronicon:0.1.1.6.6.9,MMMCMLXXXVI,MMMCMLXXXVI,g,,,,,true
substantive,chronicon:0.1.1.6.6.9,MMMCMLXXXVI,,a,,,,,false
substantive,chronicon:0.1.1.6.7.0,Cesaris,Cesaris,g,,,,,true
substantive,chronicon:0.1.1.6.7.0,Cesaris,,a,,,,,false
substantive,chronicon:0.1.1.6.7.1,affixus,affixus,a,,,,,true
substantive,chronicon:0.1.1.6.7.1,affixus,assisus,g,,,,,false
substantive,chronicon:0.1.1.6.7.2,predicaturi,predicaturi,g,,,,,true
substantive,chronicon:0.1.1.6.7.2,predicaturi,predicatum,a,,,,,false
substantive,chronicon:0.1.1.6.8.1,Ac,Ac,g,,,,,true
substantive,chronicon:0.1.1.6.8.1,Ac,At,a,,,,,false
substantive,chronicon:0.1.1.6.8.3,consequentibusque,consequentibusque,g,,,,,true
substantive,chronicon:0.1.1.6.8.3,consequentibusque,consequentibus,a,,,,,false
substantive,chronicon:0.1.1.6.8.4,uirtutibus,uirtutibus,g,,,,,true
substantive,chronicon:0.1.1.6.8.4,uirtutibus,,a,,,,,false
substantive,chronicon:0.1.1.6.8.13,spreuerant,spreuerant,g,,,,,true
substantive,chronicon:0.1.1.6.8.13,spreuerant,spiritu erant,a,,,,,false
substantive,chronicon:0.1.1.6.9.2,interfectus,interfectus,g,,,,,true
substantive,chronicon:0.1.1.6.9.2,interfectus,interfactus,a,,,,,false
substantive,chronicon:0.1.1.6.9.5,die,die,g,,,,,true
substantive,chronicon:0.1.1.6.9.5,die,dieque,a,,,,,false
substantive,chronicon:0.1.1.6.9.6,,,a,,,,,true
substantive,chronicon:0.1.1.6.9.6,,que,g,,,,,false
substantive,chronicon:0.1.1.6.9.8,etiam,etiam,g,,,,,true
substantive,chronicon:0.1.1.6.9.8,etiam,et,a,,,,,false
substantive,chronicon:0.1.1.6.9.9,Tetrarchiam,Tetrarchiam,g,,,,,true
substantive,chronicon:0.1.1.6.9.9,Tetrarchiam,Tetrarcham,a,,,,,false
substantive,chronicon:0.1.1.6.10.3,Oceani,Oceani,g,,,,,true
substantive,chronicon:0.1.1.6.10.3,Oceani,Ocenam,a,,,,,false
substantive,chronicon:0.1.1.6.10.6,deditionem,deditionem,g,,,,,true
substantive,chronicon:0.1.1.6.10.6,deditionem,dedicationem,a,,,,,false
substantive,chronicon:0.1.1.6.10.7,Hisdem,Hisdem,a,,,,,true
substantive,chronicon:0.1.1.6.10.7,Hisdem,Isdem,g,,,,,false
substantive,chronicon:0.1.1.6.10.10,sacras,sacras,g,,,,,true
substantive,chronicon:0.1.1.6.10.10,sacras,sacerdos,a,,,,,false
substantive,chronicon:0.1.1.6.10.12,statuis,statuis,a,,,,,true
substantive,chronicon:0.1.1.6.10.12,statuis,statuit,g,,,,,false
substantive,chronicon:0.1.1.6.10.15,ac,ac,g,,,,,true
substantive,chronicon:0.1.1.6.10.15,ac,anc,a,,,,,false
substantive,chronicon:0.1.1.6.10.17,est,est,g,,,,,true
substantive,chronicon:0.1.1.6.10.17,est,,a,,,,,false
substantive,chronicon:0.1.1.6.10.18,quesierit,quesierit,a,,,,,true
substantive,chronicon:0.1.1.6.10.18,quesierit,quefierit,g,,,,,false
substantive,chronicon:0.1.1.6.10.19,quorum,quorum,g,,,,,true
substantive,chronicon:0.1.1.6.10.19,quorum,equorum,a,,,,,false
substantive,chronicon:0.1.1.6.11.0,XLIX,XLIX,g,,,,,true
substantive,chronicon:0.1.1.6.11.0,XLIX,XXXIX,a,,,,,false
substantive,chronicon:0.1.1.6.12.2,euangelium,euangelium,g,,,,,true
substantive,chronicon:0.1.1.6.12.2,euangelium,,a,,,,,false
substantive,chronicon:0.1.1.6.12.6,deditionem,deditionem,g,,,,,true
substantive,chronicon:0.1.1.6.12.6,deditionem,ditione,a,,,,,false
substantive,chronicon:0.1.1.6.12.10,corripit,corripit,g,,,,,true
substantive,chronicon:0.1.1.6.12.10,corripit,corrupit,a,,,,,false
substantive,chronicon:0.1.1.6.12.11,Pithagoricus,Pithagoricus,g,,,,,true
substantive,chronicon:0.1.1.6.12.11,Pithagoricus,Pitagoribus,a,,,,,false
substantive,chronicon:0.1.1.6.12.12,ipso,ipso,a,,,,,true
substantive,chronicon:0.1.1.6.12.12,ipso,ipse,g,,,,,false
substantive,chronicon:0.1.1.6.13.0,mansitque,mansitque,g,,,,,true
substantive,chronicon:0.1.1.6.13.0,mansitque,mansit,a,,,,,false
substantive,chronicon:0.1.1.6.13.3,Theram,Theram,g,,,,,true
substantive,chronicon:0.1.1.6.13.3,Theram,Therar,a,,,,,false
substantive,chronicon:0.1.1.6.15.4,urbi,urbi,g,,,,,true
substantive,chronicon:0.1.1.6.15.4,urbi,urbis,a,,,,,false
substantive,chronicon:0.1.1.6.16.0,Hierosolimitanam,Hierosolimitanam,g,,,,,true
substantive,chronicon:0.1.1.6.16.0,Hierosolimitanam,,a,,,,,false
substantive,chronicon:0.1.1.6.17.1,Musonius,Musonius,g,,,,,true
substantive,chronicon:0.1.1.6.17.1,Musonius,Mufonius,a,,,,,false
substantive,chronicon:0.1.1.6.18.0,,,g,,,,,true
substantive,chronicon:0.1.1.6.18.0,,condita,a,,,,,false
substantive,chronicon:0.1.1.6.18.1,XIV,XIV,g,,,,,true
substantive,chronicon:0.1.1.6.18.1,XIV,,a,,,,,false
substantive,chronicon:0.1.1.6.18.3,percitus,percitus,g,,,,,true
substantive,chronicon:0.1.1.6.18.3,percitus,pertitus,a,,,,,false
substantive,chronicon:0.1.1.6.18.7,scenicos,scenicos,g,,,,,true
substantive,chronicon:0.1.1.6.18.7,scenicos,scenicas,a,,,,,false
substantive,chronicon:0.1.1.6.18.9,uisus,uisus,g,,,,,true
substantive,chronicon:0.1.1.6.18.9,uisus,iussus,a,,,,,false
substantive,chronicon:0.1.1.6.18.10,porro,porro,g,,,,,true
substantive,chronicon:0.1.1.6.18.10,porro,porto,a,,,,,false
substantive,chronicon:0.1.1.6.18.12,Qui,Qui,g,,,,,true
substantive,chronicon:0.1.1.6.18.12,Qui,Que,a,,,,,false
substantive,chronicon:0.1.1.6.18.14,carrucis,carrucis,g,,,,,true
substantive,chronicon:0.1.1.6.18.14,carrucis,carnicis,a,,,,,false
substantive,chronicon:0.1.1.6.18.16,infelici,infelici,a,,,,,true
substantive,chronicon:0.1.1.6.18.16,infelici,infelice,g,,,,,false
substantive,chronicon:0.1.1.6.18.17,flamme,flamme,g,,,,,true
substantive,chronicon:0.1.1.6.18.17,flamme,flamine,a,,,,,false
substantive,chronicon:0.1.1.6.18.20,tragico,tragico,g,,,,,true
substantive,chronicon:0.1.1.6.18.20,tragico,tragiato,a,,,,,false
substantive,chronicon:0.1.1.6.18.21,Iliadem,Iliadem,g,,,,,true
substantive,chronicon:0.1.1.6.18.21,Iliadem,Aliadam,a,,,,,false
substantive,chronicon:0.1.1.6.18.22,ad,ad,g,,,,,true
substantive,chronicon:0.1.1.6.18.22,ad,,a,,,,,false
substantive,chronicon:0.1.1.6.18.23,quoquo modo,quoquo modo,g,,,,,true
substantive,chronicon:0.1.1.6.18.23,quoquo modo,quomodo,a,,,,,false
substantive,chronicon:0.1.1.6.18.24,priuauit,priuauit,g,,,,,true
substantive,chronicon:0.1.1.6.18.24,priuauit,priuabit,a,,,,,false
substantive,chronicon:0.1.1.6.18.26,omnem,omnem,g,,,,,true
substantive,chronicon:0.1.1.6.18.26,omnem,omne,a,,,,,false
substantive,chronicon:0.1.1.6.18.27,sine,sine,a,,,,,true
substantive,chronicon:0.1.1.6.18.27,sine,fine,g,,,,,false
substantive,chronicon:0.1.1.6.20.0,totius,totius,a,,,,,true
substantive,chronicon:0.1.1.6.20.0,totius,,g,,,,,false
substantive,chronicon:0.1.1.6.20.1,ipsosque,ipsosque,g,,,,,true
substantive,chronicon:0.1.1.6.20.1,ipsosque,ipsumque,a,,,,,false
substantive,chronicon:0.1.1.6.21.6,totum,totum,g,,,,,true
substantive,chronicon:0.1.1.6.21.6,totum,totam,a,,,,,false
substantive,chronicon:0.1.1.6.21.11,ordinato,ordinato,g,,,,,true
substantive,chronicon:0.1.1.6.21.11,ordinato,ornato,a,,,,,false
substantive,chronicon:0.1.1.6.21.12,Neronis,Neronis,g,,,,,true
substantive,chronicon:0.1.1.6.21.12,Neronis,Ueronis,a,,,,,false
substantive,chronicon:0.1.1.6.21.13,duos,duos,g,,,,,true
substantive,chronicon:0.1.1.6.21.13,duos,duo,a,,,,,false
substantive,chronicon:0.1.1.6.21.14,Linum,Linum,g,,,,,true
substantive,chronicon:0.1.1.6.21.14,Linum,,a,,,,,false
substantive,chronicon:0.1.1.6.21.24,hic,hic,a,,,,,true
substantive,chronicon:0.1.1.6.21.24,hic,hinc,g,,,,,false
substantive,chronicon:0.1.1.6.21.29,commemorationem,commemorationem,g,,,,,true
substantive,chronicon:0.1.1.6.21.29,commemorationem,commemoratione,a,,,,,false
substantive,chronicon:0.1.1.6.21.31,decembris,decembris,g,,,,,true
substantive,chronicon:0.1.1.6.21.31,decembris,december,a,,,,,false
substantive,chronicon:0.1.1.6.22.0,Galbam,Galbam,g,,,,,true
substantive,chronicon:0.1.1.6.22.0,Galbam,Galbani,a,,,,,false
substantive,chronicon:0.1.1.6.23.1,quidem,quidem,g,,,,,true
substantive,chronicon:0.1.1.6.23.1,quidem,quidam,a,,,,,false
substantive,chronicon:0.1.1.6.23.2,cogitarent,cogitarent,g,,,,,true
substantive,chronicon:0.1.1.6.23.2,cogitarent,cogitaret,a,,,,,false
substantive,chronicon:0.1.1.6.23.4,Herculano,Herculano,g,,,,,true
substantive,chronicon:0.1.1.6.23.4,Herculano,Erculano,a,,,,,false
substantive,chronicon:0.1.1.6.24.9,Castoris,Castoris,g,,,,,true
substantive,chronicon:0.1.1.6.24.9,Castoris,Castores,a,,,,,false
substantive,chronicon:0.1.1.6.24.10,Uitellianos,Uitellianos,g,,,,,true
substantive,chronicon:0.1.1.6.24.10,Uitellianos,Uitellinos,a,,,,,false
substantive,chronicon:0.1.1.6.24.11,Bebriacum,Bebriacum,g,,,,,true
substantive,chronicon:0.1.1.6.24.11,Bebriacum,Periacum,a,,,,,false
substantive,chronicon:0.1.1.6.24.12,XXXVIII,XXXVIII,g,,,,,true
substantive,chronicon:0.1.1.6.24.12,XXXVIII,XXXIX,a,,,,,false
substantive,app14-in-g51.18-52.18,cena memorie,cena memorie,,,pm,,,true
substantive,app14-in-g51.18-52.18,cena memorie,memorie cena in,g,,,,,false
substantive,app14-in-g51.18-52.18,cena memorie,in cena memorie,a,,,,,false
substantive,chronicon:0.1.1.6.24.16,interitum,interitum,g,,,,,true
substantive,chronicon:0.1.1.6.24.16,interitum,interitu,a,,,,,false
substantive,chronicon:0.1.1.6.24.17,tumulum,tumulum,g,,,,,true
substantive,chronicon:0.1.1.6.24.17,tumulum,tumulo,a,,,,,false
substantive,chronicon:0.1.1.6.24.18,appropinquantibusque,appropinquantibusque,g,,,,,true
substantive,chronicon:0.1.1.6.24.18,appropinquantibusque,appropinquantibus,a,,,,,false
substantive,chronicon:0.1.1.6.24.19,quandam,quandam,g,,,,,true
substantive,chronicon:0.1.1.6.24.19,quandam,quadam,a,,,,,false
substantive,chronicon:0.1.1.6.24.21,Gemonias,Gemonias,g,,,,,true
substantive,chronicon:0.1.1.6.24.21,Gemonias,Germanias,a,,,,,false
substantive,chronicon:0.1.1.6.24.22,scalas,scalas,g,,,,,true
substantive,chronicon:0.1.1.6.24.22,scalas,scolas,a,,,,,false
substantive,chronicon:0.1.1.6.25.0,IV,IV,g,,,,,true
substantive,chronicon:0.1.1.6.25.0,IV,III,a,,,,,false
substantive,chronicon:0.1.1.6.25.3,",",",",g,,,,,true
substantive,chronicon:0.1.1.6.25.3,",",quidem iuuente Nerone et duobus,a,,,,,false
substantive,chronicon:0.1.1.6.25.5,conflixit,conflixit,g,,,,,true
substantive,chronicon:0.1.1.6.25.5,conflixit,conflexit,a,,,,,false
substantive,chronicon:0.1.1.6.26.0,rapta,rapta,g,,,,,true
substantive,chronicon:0.1.1.6.26.0,rapta,rupta,a,,,,,false
substantive,chronicon:0.1.1.6.26.2,ortatu,ortatu,a,,,,,true
substantive,chronicon:0.1.1.6.26.2,ortatu,portatu,g,,,,,false
substantive,chronicon:0.1.1.6.26.11,prime,prime,a,,,,,true
substantive,chronicon:0.1.1.6.26.11,prime,primo,g,,,,,false
substantive,chronicon:0.1.1.6.26.12,gratiamque,gratiamque,g,,,,,true
substantive,chronicon:0.1.1.6.26.12,gratiamque,gratmque,a,,,,,false
substantive,chronicon:0.1.1.6.26.17,fuerat,fuerat,g,,,,,true
substantive,chronicon:0.1.1.6.26.17,fuerat,fuerant,a,,,,,false
substantive,chronicon:0.1.1.6.26.18,auidus,auidus,g,,,,,true
substantive,chronicon:0.1.1.6.26.18,auidus,aiudeus,a,,,,,false
substantive,chronicon:0.1.1.6.26.21,,,g,,,,,true
substantive,chronicon:0.1.1.6.26.21,,immemor; a,a,,,,,false
substantive,chronicon:0.1.1.6.26.23,et,et,g,,,,,true
substantive,chronicon:0.1.1.6.26.23,et,ac,a,,,,,false
substantive,chronicon:0.1.1.6.26.28,senatu,senatu,g,,,,,true
substantive,chronicon:0.1.1.6.26.28,senatu,senatum,a,,,,,false
substantive,chronicon:0.1.1.6.26.29,dixerit,dixerit,g,,,,,true
substantive,chronicon:0.1.1.6.26.29,dixerit,dixit,a,,,,,false
substantive,chronicon:0.1.1.6.26.30,XI,XI,g,,,,,true
substantive,chronicon:0.1.1.6.26.30,XI,IX,a,,,,,false
substantive,chronicon:0.1.1.6.26.31,mensis,mensis,g,,,,,true
substantive,chronicon:0.1.1.6.26.31,mensis,menses,a,,,,,false
substantive,chronicon:0.1.1.6.27.2,omnium,omnium,g,,,,,true
substantive,chronicon:0.1.1.6.27.2,omnium,omni,a,,,,,false
substantive,chronicon:0.1.1.6.27.6,eadem,eadem,a,,,,,true
substantive,chronicon:0.1.1.6.27.6,eadem,eodem,g,,,,,false
substantive,chronicon:0.1.1.6.27.7,et,et,a,,,,,true
substantive,chronicon:0.1.1.6.27.7,et,,g,,,,,false
substantive,chronicon:0.1.1.6.27.13,mensem,mensem,g,,,,,true
substantive,chronicon:0.1.1.6.27.13,mensem,menses,a,,,,,false
substantive,chronicon:0.1.1.6.27.16,coronatus,coronatus,g,,,,,true
substantive,chronicon:0.1.1.6.27.16,coronatus,coornatus,a,,,,,false
substantive,chronicon:0.1.1.6.28.5,senatum,senatum,g,,,,,true
substantive,chronicon:0.1.1.6.28.5,senatum,sanatum,a,,,,,false
substantive,chronicon:0.1.1.6.30.10,eucharistiam,eucharistiam,a,,,,,true
substantive,chronicon:0.1.1.6.30.10,eucharistiam,eucharistia,g,,,,,false
substantive,chronicon:0.1.1.6.31.0,quingentesimum,quingentesimum,g,,,,,true
substantive,chronicon:0.1.1.6.31.0,quingentesimum,quingentissimum,a,,,,,false
substantive,chronicon:0.1.1.6.32.0,XCIX,XCIX,g,,,,,true
substantive,chronicon:0.1.1.6.32.0,XCIX,XCVIII,a,,,,,false
substantive,chronicon:0.1.1.6.32.1,cuiusdam,cuiusdam,a,,,,,true
substantive,chronicon:0.1.1.6.32.1,cuiusdam,cuiusdem,g,,,,,false
substantive,app6-in-g55.23-55.34,post Augustum,post Augustum,a,,,,,true
substantive,app6-in-g55.23-55.34,post Augustum,ab Augusto,g,,,,,false
substantive,chronicon:0.1.1.6.32.9,Carduenos,Carduenos,g,,,,,true
substantive,chronicon:0.1.1.6.32.9,Carduenos,Corduenos,a,,,,,false
substantive,chronicon:0.1.1.6.32.13,Seleuciam,Seleuciam,g,,,,,true
substantive,chronicon:0.1.1.6.32.13,Seleuciam,Eleuciam,a,,,,,false
substantive,chronicon:0.1.1.6.34.0,Traianus,Traianus,g,,,,,true
substantive,chronicon:0.1.1.6.34.0,Traianus,,a,,,,,false
substantive,chronicon:0.1.1.6.34.3,Simeon,Simeon,g,,,,,true
substantive,chronicon:0.1.1.6.34.3,Simeon,Simon,a,,,,,false
substantive,chronicon:0.1.1.6.34.15,facietis,facietis,a,,,,,true
substantive,chronicon:0.1.1.6.34.15,facietis,facistis,g,,,,,false
substantive,chronicon:0.1.1.6.34.16,ut,ut,a,,,,,true
substantive,chronicon:0.1.1.6.34.16,ut,,g,,,,,false
substantive,chronicon:0.1.1.6.34.19,,,g,,,,,true
substantive,chronicon:0.1.1.6.34.19,,et,a,,,,,false
substantive,chronicon:0.1.1.6.34.22,liberalitatis,liberalitatis,a,,,,,true
substantive,chronicon:0.1.1.6.34.22,liberalitatis,libertatis,g,,,,,false
substantive,chronicon:0.1.1.6.34.23,peragenda,peragenda,g,,,,,true
substantive,chronicon:0.1.1.6.34.23,peragenda,peragendo,a,,,,,false
substantive,chronicon:0.1.1.6.34.28,Seleuciam,Seleuciam,g,,,,,true
substantive,chronicon:0.1.1.6.34.28,Seleuciam,Seleucia,a,,,,,false
substantive,chronicon:0.1.1.6.34.29,urbem,urbem,g,,,,,true
substantive,chronicon:0.1.1.6.34.29,urbem,,a,,,,,false
substantive,chronicon:0.1.1.6.34.31,"etatis anno LXIII, imperium autem","etatis anno LXIII, imperium autem",a,,,,,true
substantive,chronicon:0.1.1.6.34.31,"etatis anno LXIII, imperium autem",XVIII,g,,,,,false
substantive,chronicon:0.1.1.6.34.34,quod,quod,g,,,,,true
substantive,chronicon:0.1.1.6.34.34,quod,et,a,,,,,false
substantive,chronicon:0.1.1.6.34.36,memorie,memorie,g,,,,,true
substantive,chronicon:0.1.1.6.34.36,memorie,iniemore,a,,,,,false
substantive,chronicon:0.1.1.6.36.0,Elius,Elius,g,,,,,true
substantive,chronicon:0.1.1.6.36.0,Elius,Helius,a,,,,,false
substantive,chronicon:0.1.1.6.36.7,maiorum,maiorum,,,pm,,,true
substantive,chronicon:0.1.1.6.36.7,maiorum,,g,,,,,false
substantive,chronicon:0.1.1.6.36.7,maiorum,malorum,a,,,,,false
substantive,chronicon:0.1.1.6.36.8,Idem,Idem,g,,,,,true
substantive,chronicon:0.1.1.6.36.8,Idem,Iam,a,,,,,false
substantive,chronicon:0.1.1.6.36.12,rethores,rethores,g,,,,,true
substantive,chronicon:0.1.1.6.36.12,rethores,rechotes,a,,,,,false
substantive,chronicon:0.1.1.6.36.15,Xistus,Xistus,g,,,,,true
substantive,chronicon:0.1.1.6.36.15,Xistus,Christus,a,,,,,false
substantive,chronicon:0.1.1.6.36.21,susciperetur,susciperetur,g,,,,,true
substantive,chronicon:0.1.1.6.36.21,susciperetur,susciperentur,a,,,,,false
substantive,chronicon:0.1.1.6.36.23,salutationem,salutationem,g,,,,,true
substantive,chronicon:0.1.1.6.36.23,salutationem,saluationem,a,,,,,false
substantive,chronicon:0.1.1.6.36.36,tertie,tertie,a,,,,,true
substantive,chronicon:0.1.1.6.36.36,tertie,tertium,g,,,,,false
substantive,chronicon:0.1.1.6.36.38,crucem,crucem,g,,,,,true
substantive,chronicon:0.1.1.6.36.38,crucem,cruce,a,,,,,false
substantive,chronicon:0.1.1.6.38.0,Antoninus,Antoninus,g,,,,,true
substantive,chronicon:0.1.1.6.38.0,Antoninus,Antonius,a,,,,,false
substantive,chronicon:0.1.1.6.38.2,,,g,,,,,true
substantive,chronicon:0.1.1.6.38.2,,et,a,,,,,false
substantive,chronicon:0.1.1.6.38.17,XIII,XIII,g,,,,,true
substantive,chronicon:0.1.1.6.38.17,XIII,XXIII,a,,,,,false
substantive,chronicon:0.1.1.6.38.18,heresiarcha,heresiarcha,g,,,,,true
substantive,chronicon:0.1.1.6.38.18,heresiarcha,heresiarchis,a,,,,,false
substantive,chronicon:0.1.1.6.38.20,Antonino,Antonino,g,,,,,true
substantive,chronicon:0.1.1.6.38.20,Antonino,Antonio,a,,,,,false
substantive,chronicon:0.1.1.6.38.21,Antonini,Antonini,g,,,,,true
substantive,chronicon:0.1.1.6.38.21,Antonini,Antonii,a,,,,,false
substantive,chronicon:0.1.1.6.38.22,Higinius,Higinius,g,,,,,true
substantive,chronicon:0.1.1.6.38.22,Higinius,Iginus,a,,,,,false
substantive,chronicon:0.1.1.6.38.30,Anicetus,Anicetus,g,,,,,true
substantive,chronicon:0.1.1.6.38.30,Anicetus,Agnitius,a,,,,,false
substantive,chronicon:0.1.1.6.39.0,DCCCCX,DCCCCX,g,,,,,true
substantive,chronicon:0.1.1.6.39.0,DCCCCX,CMX,a,,,,,false
substantive,chronicon:0.1.1.6.39.3,rebellauerant,rebellauerant,a,,,,,true
substantive,chronicon:0.1.1.6.39.3,rebellauerant,rebellauerunt,g,,,,,false
substantive,app5-in-g60.5-60.30,triumphauerunt,triumphauerunt,a,,,,,true
substantive,app5-in-g60.5-60.30,triumphauerunt,triumpharunt,g,,,,,false
substantive,chronicon:0.1.1.6.39.7,laudare,laudare,g,,,,,true
substantive,chronicon:0.1.1.6.39.7,laudare,laudari,a,,,,,false
substantive,chronicon:0.1.1.6.39.8,liberalitatis,liberalitatis,g,,,,,true
substantive,chronicon:0.1.1.6.39.8,liberalitatis,libertatis,a,,,,,false
substantive,chronicon:0.1.1.6.39.9,"promptissime,","promptissime,",g,,,,,true
substantive,chronicon:0.1.1.6.39.9,"promptissime,",,a,,,,,false
substantive,chronicon:0.1.1.6.39.11,largitiones,largitiones,a,,,,,true
substantive,chronicon:0.1.1.6.39.11,largitiones,largitionis,g,,,,,false
substantive,chronicon:0.1.1.6.39.14,et,et,g,,,,,true
substantive,chronicon:0.1.1.6.39.14,et,ac,a,,,,,false
substantive,chronicon:0.1.1.6.39.15,magnificus,magnificus,g,,,,,true
substantive,chronicon:0.1.1.6.39.15,magnificus,magnificatus,a,,,,,false
substantive,chronicon:0.1.1.6.39.17,seuerioresque,seuerioresque,g,,,,,true
substantive,chronicon:0.1.1.6.39.17,seuerioresque,seuioresque,a,,,,,false
substantive,app3-in-g60.32-61.15,"secundum legem dotata, et","secundum legem dotata, et",a,,,,,true
substantive,app3-in-g60.32-61.15,"secundum legem dotata, et",,g,,,,,false
substantive,chronicon:0.1.1.6.41.6,Eleutherius,Eleutherius,g,,,,,true
substantive,chronicon:0.1.1.6.41.6,Eleutherius,Eleuther,a,,,,,false
substantive,chronicon:0.1.1.6.41.10,Ierapoli,Ierapoli,a,,,,,true
substantive,chronicon:0.1.1.6.41.10,Ierapoli,Ieropoli,g,,,,,false
substantive,chronicon:0.1.1.6.42.0,incarnatione,incarnatione,g,,,,,true
substantive,chronicon:0.1.1.6.42.0,incarnatione,incarnationis,a,,,,,false
substantive,chronicon:0.1.1.6.42.9,senatusconsulto,senatusconsulto,g,,,,,true
substantive,chronicon:0.1.1.6.42.9,senatusconsulto,senatusconsultu,a,,,,,false
substantive,chronicon:0.1.1.6.43.2,genere,genere,a,,,,,true
substantive,chronicon:0.1.1.6.43.2,genere,generus,g,,,,,false
substantive,chronicon:0.1.1.6.43.4,per,per,g,,,,,true
substantive,chronicon:0.1.1.6.43.4,per,,a,,,,,false
substantive,chronicon:0.1.1.6.45.0,duobus,duobus,g,,,,,true
substantive,chronicon:0.1.1.6.45.0,duobus,duo,a,,,,,false
substantive,chronicon:0.1.1.6.45.4,in uigesimam primam,in uigesimam primam,g,,,,,true
substantive,chronicon:0.1.1.6.45.4,in uigesimam primam,uicesima prima,a,,,,,false
substantive,chronicon:0.1.1.6.45.8,Pescennium,Pescennium,g,,,,,true
substantive,chronicon:0.1.1.6.45.8,Pescennium,Pascennium,a,,,,,false
substantive,chronicon:0.1.1.6.45.9,Albinus,Albinus,g,,,,,true
substantive,chronicon:0.1.1.6.45.9,Albinus,Albini,a,,,,,false
substantive,chronicon:0.1.1.6.45.10,Pertinace,Pertinace,g,,,,,true
substantive,chronicon:0.1.1.6.45.10,Pertinace,Pertinacem,a,,,,,false
substantive,chronicon:0.1.1.6.45.11,Britanniam,Britanniam,g,,,,,true
substantive,chronicon:0.1.1.6.45.11,Britanniam,Britannias,a,,,,,false
substantive,chronicon:0.1.1.6.45.12,defectu,defectu,g,,,,,true
substantive,chronicon:0.1.1.6.45.12,defectu,deuectus,a,,,,,false
substantive,chronicon:0.1.1.6.45.14,uallo,uallo,a,,,,,true
substantive,chronicon:0.1.1.6.45.14,uallo,uallu,g,,,,,false
substantive,chronicon:0.1.1.6.46.0,CMLVII,CMLVII,g,,,,,true
substantive,chronicon:0.1.1.6.46.0,CMLVII,CMLXII,a,,,,,false
substantive,chronicon:0.1.1.6.46.2,libidine,libidine,g,,,,,true
substantive,chronicon:0.1.1.6.46.2,libidine,libidinem,a,,,,,false
substantive,chronicon:0.1.1.6.47.2,die,die,g,,,,,true
substantive,chronicon:0.1.1.6.47.2,die,,a,,,,,false
substantive,chronicon:0.1.1.6.47.9,item,item,g,,,,,true
substantive,chronicon:0.1.1.6.47.9,item,idem,a,,,,,false
substantive,chronicon:0.1.1.6.47.12,nominauit,nominauit,a,,,,,true
substantive,chronicon:0.1.1.6.47.12,nominauit,,g,,,,,false
substantive,app1-in-g64.4-64.7,Ofilius,Ofilius,a,,,,,true
substantive,app1-in-g64.4-64.7,Ofilius,filius,g,,,,,false
substantive,chronicon:0.1.1.6.48.4,Edesse,Edesse,g,,,,,true
substantive,chronicon:0.1.1.6.48.4,Edesse,Adesse,a,,,,,false
substantive,chronicon:0.1.1.6.49.1,Heliogabali,Heliogabali,g,,,,,true
substantive,chronicon:0.1.1.6.49.1,Heliogabali,Eliogabali,a,,,,,false
substantive,chronicon:0.1.1.6.49.6,industriam,industriam,g,,,,,true
substantive,chronicon:0.1.1.6.49.6,industriam,industria,a,,,,,false
substantive,chronicon:0.1.1.6.50.1,XIV,XIV,g,,,,,true
substantive,chronicon:0.1.1.6.50.1,XIV,,a,,,,,false
substantive,chronicon:0.1.1.6.50.2,annis,annis,g,,,,,true
substantive,chronicon:0.1.1.6.50.2,annis,annus,a,,,,,false
substantive,chronicon:0.1.1.6.50.3,unice,unice,g,,,,,true
substantive,chronicon:0.1.1.6.50.3,unice,in nece,a,,,,,false
substantive,chronicon:0.1.1.6.50.5,assessore,assessore,g,,,,,true
substantive,chronicon:0.1.1.6.50.5,assessore,ascensore,a,,,,,false
substantive,chronicon:0.1.1.6.50.6,moderationem,moderationem,g,,,,,true
substantive,chronicon:0.1.1.6.50.6,moderationem,moderaminem,a,,,,,false
substantive,chronicon:0.1.1.6.51.0,,,a,,,,,true
substantive,chronicon:0.1.1.6.51.0,,doctor,g,,,,,false
substantive,chronicon:0.1.1.6.51.3,Romanus,Romanus,g,,,,,true
substantive,chronicon:0.1.1.6.51.3,Romanus,Romani,a,,,,,false
substantive,chronicon:0.1.1.6.54.2,miserat,miserat,g,,,,,true
substantive,chronicon:0.1.1.6.54.2,miserat,,a,,,,,false
substantive,chronicon:0.1.1.6.55.4,gesta,gesta,g,,,,,true
substantive,chronicon:0.1.1.6.55.4,gesta,gestas,a,,,,,false
substantive,chronicon:0.1.1.6.56.0,tertius,tertius,g,,,,,true
substantive,chronicon:0.1.1.6.56.0,tertius,quartus,a,,,,,false
substantive,chronicon:0.1.1.6.56.2,imperante,imperante,g,,,,,true
substantive,chronicon:0.1.1.6.56.2,imperante,imperatore,a,,,,,false
substantive,chronicon:0.1.1.6.56.3,fuit,fuit,g,,,,,true
substantive,chronicon:0.1.1.6.56.3,fuit,fuisset,a,,,,,false
substantive,chronicon:0.1.1.6.56.7,Nicanor,Nicanor,a,,,,,true
substantive,chronicon:0.1.1.6.56.7,Nicanor,Nicanos,g,,,,,false
substantive,chronicon:0.1.1.6.57.2,ea,ea,g,,,,,true
substantive,chronicon:0.1.1.6.57.2,ea,eo,a,,,,,false
substantive,chronicon:0.1.1.6.57.3,imperatore,imperatore,g,,,,,true
substantive,chronicon:0.1.1.6.57.3,imperatore,,a,,,,,false
substantive,chronicon:0.1.1.6.57.12,commemoret,commemoret,g,,,,,true
substantive,chronicon:0.1.1.6.57.12,commemoret,memorat,a,,,,,false
substantive,chronicon:0.1.1.6.57.15,duobus,duobus,g,,,,,true
substantive,chronicon:0.1.1.6.57.15,duobus,duo,a,,,,,false
substantive,chronicon:0.1.1.6.57.16,duobus,duobus,g,,,,,true
substantive,chronicon:0.1.1.6.57.16,duobus,duo,a,,,,,false
substantive,chronicon:0.1.1.6.57.17,tantus,tantus,a,,,,,true
substantive,chronicon:0.1.1.6.57.17,tantus,tantum,g,,,,,false
substantive,chronicon:0.1.1.6.57.24,sunt,sunt,a,,,,,true
substantive,chronicon:0.1.1.6.57.24,sunt,sint,g,,,,,false
substantive,chronicon:0.1.1.6.57.27,consulto,consulto,g,,,,,true
substantive,chronicon:0.1.1.6.57.27,consulto,consultu,a,,,,,false
substantive,chronicon:0.1.1.6.58.0,Anno,Anno,g,,,,,true
substantive,chronicon:0.1.1.6.58.0,Anno,Anni,a,,,,,false
substantive,chronicon:0.1.1.6.58.1,e,e,a,,,,,true
substantive,chronicon:0.1.1.6.58.1,e,a,g,,,,,false
substantive,chronicon:0.1.1.6.58.2,incentor,incentor,g,,,,,true
substantive,chronicon:0.1.1.6.58.2,incentor,intentor,a,,,,,false
substantive,chronicon:0.1.1.6.58.3,quintus,quintus,g,,,,,true
substantive,chronicon:0.1.1.6.58.3,quintus,quartus,a,,,,,false
substantive,chronicon:0.1.1.6.61.0,ob,ob,g,,,,,true
substantive,chronicon:0.1.1.6.61.0,ob,ab,a,,,,,false
substantive,chronicon:0.1.1.6.61.1,qua,qua,g,,,,,true
substantive,chronicon:0.1.1.6.61.1,qua,quo,a,,,,,false
substantive,chronicon:0.1.1.6.61.4,desererent,desererent,a,,,,,true
substantive,chronicon:0.1.1.6.61.4,desererent,defererent,g,,,,,false
substantive,chronicon:0.1.1.6.61.7,sacratis,sacratis,a,,,,,true
substantive,chronicon:0.1.1.6.61.7,sacratis,sacris,g,,,,,false
substantive,app1-in-g68.9-68.14,Roma,Roma,a,,,,,true
substantive,app1-in-g68.9-68.14,Roma,Rome,g,,,,,false
substantive,app2-in-g68.9-68.14,penitentes,penitentes,a,,,,,true
substantive,app2-in-g68.9-68.14,penitentes,penitentiam,g,,,,,false
substantive,chronicon:0.1.1.6.64.1,in Moesia,in Moesia,g,,,,,true
substantive,chronicon:0.1.1.6.64.1,in Moesia,immo esia,a,,,,,false
substantive,chronicon:0.1.1.6.65.6,nondum ad,nondum ad,g,,,,,true
substantive,chronicon:0.1.1.6.65.6,nondum ad,non de,a,,,,,false
substantive,chronicon:0.1.1.6.68.1,eam,eam,g,,,,,true
substantive,chronicon:0.1.1.6.68.1,eam,eum,a,,,,,false
substantive,chronicon:0.1.1.6.68.8,iustorumque,iustorumque,a,,,,,true
substantive,chronicon:0.1.1.6.68.8,iustorumque,iustorum,g,,,,,false
substantive,chronicon:0.1.1.6.68.10,", qui",", qui",g,,,,,true
substantive,chronicon:0.1.1.6.68.10,", qui",,a,,,,,false
substantive,chronicon:0.1.1.6.68.11,assentiebantur,assentiebantur,g,,,,,true
substantive,chronicon:0.1.1.6.68.11,assentiebantur,assentabantur,a,,,,,false
substantive,chronicon:0.1.1.6.68.15,Rhetia,Rhetia,g,,,,,true
substantive,chronicon:0.1.1.6.68.15,Rhetia,Grecia,a,,,,,false
substantive,app18-in-g68.33-69.35,perueniunt; Alamanni Gallias,perueniunt; Alamanni Gallias,a,,,,,true
substantive,app18-in-g68.33-69.35,perueniunt; Alamanni Gallias,,g,,,,,false
substantive,chronicon:0.1.1.6.68.20,delentur,delentur,a,,,,,true
substantive,chronicon:0.1.1.6.68.20,delentur,deletur,g,,,,,false
substantive,chronicon:0.1.1.6.68.23,misericordiam,misericordiam,a,,,,,true
substantive,chronicon:0.1.1.6.68.23,misericordiam,misericordia,g,,,,,false
substantive,chronicon:0.1.1.6.68.24,Genuus,Genuus,g,,,,,true
substantive,chronicon:0.1.1.6.68.24,Genuus,Eugenius,a,,,,,false
substantive,chronicon:0.1.1.6.68.31,creatus,creatus,g,,,,,true
substantive,chronicon:0.1.1.6.68.31,creatus,electus,a,,,,,false
substantive,chronicon:0.1.1.6.68.32,Odenathum,Odenathum,g,,,,,true
substantive,chronicon:0.1.1.6.68.32,Odenathum,Odenachum,a,,,,,false
substantive,chronicon:0.1.1.6.68.33,Ctesifontem,Ctesifontem,g,,,,,true
substantive,chronicon:0.1.1.6.68.33,Ctesifontem,Actesifontem,a,,,,,false
substantive,chronicon:0.1.1.6.68.34,Odenatho,Odenatho,g,,,,,true
substantive,chronicon:0.1.1.6.68.34,Odenatho,Odenacho,a,,,,,false
substantive,chronicon:0.1.1.6.69.0,miserabili,miserabili,g,,,,,true
substantive,chronicon:0.1.1.6.69.0,miserabili,mirabili,a,,,,,false
substantive,chronicon:0.1.1.6.69.13,Pretextati,Pretextati,g,,,,,true
substantive,chronicon:0.1.1.6.69.13,Pretextati,Pretextari,a,,,,,false
substantive,chronicon:0.1.1.6.70.0,CCLXVII,CCLXVII,g,,,,,true
substantive,chronicon:0.1.1.6.70.0,CCLXVII,CCLXXII,a,,,,,false
substantive,chronicon:0.1.1.6.70.3,appellatus,appellatus,g,,,,,true
substantive,chronicon:0.1.1.6.70.3,appellatus,appellatur,a,,,,,false
substantive,chronicon:0.1.1.6.70.8,haud,haud,g,,,,,true
substantive,chronicon:0.1.1.6.70.8,haud,aut,a,,,,,false
substantive,chronicon:0.1.1.6.70.9,lacu,lacu,g,,,,,true
substantive,chronicon:0.1.1.6.70.9,lacu,laco,a,,,,,false
substantive,chronicon:0.1.1.6.70.19,Quintillus,Quintillus,g,,,,,true
substantive,chronicon:0.1.1.6.70.19,Quintillus,Quintillinus,a,,,,,false
substantive,chronicon:0.1.1.6.71.0,MXXVIII,MXXVIII,g,,,,,true
substantive,chronicon:0.1.1.6.71.0,MXXVIII,MXXVII,a,,,,,false
substantive,chronicon:0.1.1.6.71.1,Aurelianus,Aurelianus,a,,,,,true
substantive,chronicon:0.1.1.6.71.1,Aurelianus,Aureliani,g,,,,,false
substantive,chronicon:0.1.1.6.71.5,Zenobiam,Zenobiam,g,,,,,true
substantive,chronicon:0.1.1.6.71.5,Zenobiam,Zeboniam,a,,,,,false
substantive,chronicon:0.1.1.6.71.7,Odenatho,Odenatho,g,,,,,true
substantive,chronicon:0.1.1.6.71.7,Odenatho,Odenacho,a,,,,,false
substantive,chronicon:0.1.1.6.71.11,Zenobia,Zenobia,g,,,,,true
substantive,chronicon:0.1.1.6.71.11,Zenobia,Zebonia,a,,,,,false
substantive,chronicon:0.1.1.6.73.0,mouens,mouens,a,,,,,true
substantive,chronicon:0.1.1.6.73.0,mouens,monens,g,,,,,false
substantive,chronicon:0.1.1.6.73.4,Marcum,Marcum,a,,,,,true
substantive,chronicon:0.1.1.6.73.4,Marcum,Marcus,g,,,,,false
substantive,chronicon:0.1.1.6.73.5,episcopus,episcopus,g,,,,,true
substantive,chronicon:0.1.1.6.73.5,episcopus,archiepiscopus,a,,,,,false
substantive,chronicon:0.1.1.6.75.4,", quo",", quo",g,,,,,true
substantive,chronicon:0.1.1.6.75.4,", quo",quoque,a,,,,,false
substantive,chronicon:0.1.1.6.75.9,Aurelianum,Aurelianum,g,,,,,true
substantive,chronicon:0.1.1.6.75.9,Aurelianum,Aureliano,a,,,,,false
substantive,chronicon:0.1.1.6.75.10,ciuilitate,ciuilitate,g,,,,,true
substantive,chronicon:0.1.1.6.75.10,ciuilitate,ciuitatem,a,,,,,false
substantive,chronicon:0.1.1.6.76.3,quod,quod,a,,,,,true
substantive,chronicon:0.1.1.6.76.3,quod,quo,g,,,,,false
substantive,chronicon:0.1.1.6.77.0,MXXXVIII,MXXXVIII,g,,,,,true
substantive,chronicon:0.1.1.6.77.0,MXXXVIII,MXXXIX,a,,,,,false
substantive,chronicon:0.1.1.6.77.4,effecisset,effecisset,g,,,,,true
substantive,chronicon:0.1.1.6.77.4,effecisset,esse fecisset,a,,,,,false
substantive,chronicon:0.1.1.6.77.9,Ctesifontem,Ctesifontem,g,,,,,true
substantive,chronicon:0.1.1.6.77.9,Ctesifontem,Acthesifontem,a,,,,,false
substantive,app13-in-g72.20-73.6,lectulo,lectulo,,,pm,,,true
substantive,app13-in-g72.20-73.6,lectulo,lectulu,g,,,,,false
substantive,app13-in-g72.20-73.6,lectulo,lectula,a,,,,,false
substantive,app18-in-g72.20-73.6,hominibus,hominibus,g,,,,,true
substantive,app18-in-g72.20-73.6,hominibus,honoribus,a,,,,,false
substantive,chronicon:0.1.1.6.77.21,essent,essent,a,,,,,true
substantive,chronicon:0.1.1.6.77.21,essent,esset,g,,,,,false
substantive,chronicon:0.1.1.6.77.26,Proiecto,Proiecto,g,,,,,true
substantive,chronicon:0.1.1.6.77.26,Proiecto,Piecto,a,,,,,false
substantive,chronicon:0.1.1.6.77.30,parsimonie,parsimonie,g,,,,,true
substantive,chronicon:0.1.1.6.77.30,parsimonie,sparsimonie,a,,,,,false
substantive,chronicon:0.1.1.6.78.0,CCLXXXVII,CCLXXXVII,g,,,,,true
substantive,chronicon:0.1.1.6.78.0,CCLXXXVII,CCLXXXV,a,,,,,false
substantive,chronicon:0.1.1.6.78.6,concione,concione,g,,,,,true
substantive,chronicon:0.1.1.6.78.6,concione,contentione,a,,,,,false
substantive,chronicon:0.1.1.6.78.9,Uacandas,Uacandas,g,,,,,true
substantive,chronicon:0.1.1.6.78.9,Uacandas,Accaudas,a,,,,,false
substantive,chronicon:0.1.1.6.78.13,seuere,seuere,g,,,,,true
substantive,chronicon:0.1.1.6.78.13,seuere,serene,a,,,,,false
substantive,chronicon:0.1.1.6.78.16,positus,positus,a,,,,,true
substantive,chronicon:0.1.1.6.78.16,positus,,g,,,,,false
substantive,app21-in-g73.7-74.20,Britannias,Britannias,a,,,,,true
substantive,app21-in-g73.7-74.20,Britannias,Britannos,g,,,,,false
substantive,chronicon:0.1.1.6.78.21,per,per,g,,,,,true
substantive,chronicon:0.1.1.6.78.21,per,,a,,,,,false
substantive,chronicon:0.1.1.6.78.29,Galerius,Galerius,g,,,,,true
substantive,chronicon:0.1.1.6.78.29,Galerius,Galarius,a,,,,,false
substantive,chronicon:0.1.1.6.78.32,Alectus,Alectus,g,,,,,true
substantive,chronicon:0.1.1.6.78.32,Alectus,Allectus,a,,,,,false
substantive,chronicon:0.1.1.6.78.35,secuta,secuta,g,,,,,true
substantive,chronicon:0.1.1.6.78.35,secuta,secuto,a,,,,,false
substantive,chronicon:0.1.1.6.78.41,tertio,tertio,a,,,,,true
substantive,chronicon:0.1.1.6.78.41,tertio,tertia,g,,,,,false
substantive,chronicon:0.1.1.6.78.48,V,V,g,,,,,true
substantive,chronicon:0.1.1.6.78.48,V,quattuor,a,,,,,false
substantive,chronicon:0.1.1.6.78.49,quasi cote,quasi cote,g,,,,,true
substantive,chronicon:0.1.1.6.78.49,quasi cote,qua sicuti,a,,,,,false
substantive,chronicon:0.1.1.6.78.61,dispersere,dispersere,g,,,,,true
substantive,chronicon:0.1.1.6.78.61,dispersere,disperse,a,,,,,false
substantive,app67-in-g73.7-74.20,formam,formam,a,,,,,true
substantive,app67-in-g73.7-74.20,formam,forma,g,,,,,false
substantive,app69-in-g73.7-74.20,inuexerat,inuexerat,,,pm,,,true
substantive,app69-in-g73.7-74.20,inuexerat,inheserat,g,,,,,false
substantive,app69-in-g73.7-74.20,inuexerat,inexerat,a,,,,,false
substantive,chronicon:0.1.1.6.78.72,procliuis,procliuis,g,,,,,true
substantive,chronicon:0.1.1.6.78.72,procliuis,procliuus,a,,,,,false
substantive,chronicon:0.1.1.6.78.75,senioribus,senioribus,g,,,,,true
substantive,chronicon:0.1.1.6.78.75,senioribus,seuioribus,a,,,,,false
substantive,chronicon:0.1.1.6.80.11,quamobrem,quamobrem,g,,,,,true
substantive,chronicon:0.1.1.6.80.11,quamobrem,quamabrem,a,,,,,false
substantive,chronicon:0.1.1.6.80.14,sciscitabant,sciscitabant,g,,,,,true
substantive,chronicon:0.1.1.6.80.14,sciscitabant,siscitabant,a,,,,,false
substantive,chronicon:0.1.1.6.80.15,seriatim,seriatim,a,,,,,true
substantive,chronicon:0.1.1.6.80.15,seriatim,feriatim,g,,,,,false
substantive,chronicon:0.1.1.6.80.17,peccasse et se,peccasse et se,a,,,,,true
substantive,chronicon:0.1.1.6.80.17,peccasse et se,,g,,,,,false
substantive,chronicon:0.1.1.6.80.32,Petrus,Petrus,a,,,,,true
substantive,chronicon:0.1.1.6.80.32,Petrus,ille,g,,,,,false
substantive,chronicon:0.1.1.6.81.9,Marcelli,Marcelli,g,,,,,true
substantive,chronicon:0.1.1.6.81.9,Marcelli,Marci,a,,,,,false
substantive,app12-in-g75.20-76.28,flumen,flumen,a,,,,,true
substantive,app12-in-g75.20-76.28,flumen,,g,,,,,false
substantive,chronicon:0.1.1.6.81.12,cuius,cuius,g,,,,,true
substantive,chronicon:0.1.1.6.81.12,cuius,ciuis,a,,,,,false
substantive,chronicon:0.1.1.6.81.13,ipse,ipse,g,,,,,true
substantive,chronicon:0.1.1.6.81.13,ipse,ipsius,a,,,,,false
substantive,chronicon:0.1.1.6.81.25,haud,haud,g,,,,,true
substantive,chronicon:0.1.1.6.81.25,haud,aut,a,,,,,false
substantive,chronicon:0.1.1.6.81.28,,,g,,,,,true
substantive,chronicon:0.1.1.6.81.28,,a,a,,,,,false
substantive,chronicon:0.1.1.6.81.37,Gallia,Gallia,g,,,,,true
substantive,chronicon:0.1.1.6.81.37,Gallia,,a,,,,,false
substantive,chronicon:0.1.1.6.81.41,a,a,g,,,,,true
substantive,chronicon:0.1.1.6.81.41,a,ac,a,,,,,false
substantive,chronicon:0.1.1.6.81.51,Maximinum,Maximinum,g,,,,,true
substantive,chronicon:0.1.1.6.81.51,Maximinum,Maximum,a,,,,,false
substantive,chronicon:0.1.1.6.81.52,Seuerum,Seuerum,g,,,,,true
substantive,chronicon:0.1.1.6.81.52,Seuerum,Seuerus,a,,,,,false
substantive,chronicon:0.1.1.6.81.61,Eusebius,Eusebius,g,,,,,true
substantive,chronicon:0.1.1.6.81.61,Eusebius,,a,,,,,false
substantive,chronicon:0.1.1.6.83.0,exoptatissimus,exoptatissimus,g,,,,,true
substantive,chronicon:0.1.1.6.83.0,exoptatissimus,exoptissimus,a,,,,,false
substantive,chronicon:0.1.1.6.83.1,moderator,moderator,g,,,,,true
substantive,chronicon:0.1.1.6.83.1,moderator,mederator,a,,,,,false
substantive,app3-in-g77.1-77.10,creatus,creatus,a,,,,,true
substantive,app3-in-g77.1-77.10,creatus,effectus,g,,,,,false
substantive,app4-in-g77.1-77.10,creatur,creatur,a,,,,,true
substantive,app4-in-g77.1-77.10,creatur,creatus,g,,,,,false
substantive,app3-in-g77.11-78.21,uarie,uarie,a,,,,,true
substantive,app3-in-g77.11-78.21,uarie,uaria,g,,,,,false
substantive,chronicon:0.1.1.6.84.6,uastauerant,uastauerant,g,,,,,true
substantive,chronicon:0.1.1.6.84.6,uastauerant,uastauerat,a,,,,,false
substantive,chronicon:0.1.1.6.84.16,episcopus,episcopus,a,,,,,true
substantive,chronicon:0.1.1.6.84.16,episcopus,episcopum,g,,,,,false
substantive,app18-in-g77.11-78.21,uariis,uariis,a,,,,,true
substantive,app18-in-g77.11-78.21,uariis,,g,,,,,false
substantive,chronicon:0.1.1.6.84.23,Nicena,Nicena,g,,,,,true
substantive,chronicon:0.1.1.6.84.23,Nicena,Nicea,a,,,,,false
substantive,chronicon:0.1.1.6.84.26,Constantinopoli,Constantinopoli,g,,,,,true
substantive,chronicon:0.1.1.6.84.26,Constantinopoli,Constantinopolim,a,,,,,false
substantive,app41-in-g77.11-78.21,episcopus baptizatum consignet propter hereticam suasionem. Constituit etiam ut,episcopus baptizatum consignet propter hereticam suasionem. Constituit etiam ut,a,,,,,true
substantive,app41-in-g77.11-78.21,episcopus baptizatum consignet propter hereticam suasionem. Constituit etiam ut,,g,,,,,false
substantive,chronicon:0.1.1.6.84.42,se,se,a,,,,,true
substantive,chronicon:0.1.1.6.84.42,se,,g,,,,,false
substantive,app44-in-g77.11-78.21,ante,ante,a,,,,,true
substantive,app44-in-g77.11-78.21,ante,contra,g,,,,,false
substantive,chronicon:0.1.1.6.84.48,desideraret,desideraret,a,,,,,true
substantive,chronicon:0.1.1.6.84.48,desideraret,desiderare,g,,,,,false
substantive,chronicon:0.1.1.6.84.50,dies,dies,a,,,,,true
substantive,chronicon:0.1.1.6.84.50,dies,die,g,,,,,false
substantive,chronicon:0.1.1.6.85.0,persecutore,persecutore,a,,,,,true
substantive,chronicon:0.1.1.6.85.0,persecutore,persecutione,g,,,,,false
substantive,chronicon:0.1.1.6.85.4,haud,haud,g,,,,,true
substantive,chronicon:0.1.1.6.85.4,haud,aut,a,,,,,false
substantive,chronicon:0.1.1.6.85.6,eo,eo,a,,,,,true
substantive,chronicon:0.1.1.6.85.6,eo,eodem,g,,,,,false
substantive,chronicon:0.1.1.6.85.7,inutilis,inutilis,g,,,,,true
substantive,chronicon:0.1.1.6.85.7,inutilis,utilis,a,,,,,false
substantive,chronicon:0.1.1.6.85.11,assurgentem,assurgentem,g,,,,,true
substantive,chronicon:0.1.1.6.85.11,assurgentem,astrinctum,a,,,,,false
substantive,chronicon:0.1.1.6.85.13,nefarie,nefarie,g,,,,,true
substantive,chronicon:0.1.1.6.85.13,nefarie,nefariis,a,,,,,false
substantive,app15-in-g78.22-79.21,his diebus Arrius Alexandrie,his diebus Arrius Alexandrie,a,,,,,true
substantive,app15-in-g78.22-79.21,his diebus Arrius Alexandrie,Alexandrine,g,,,,,false
substantive,chronicon:0.1.1.6.85.17,in errorem,in errorem,g,,,,,true
substantive,chronicon:0.1.1.6.85.17,in errorem,merore,a,,,,,false
substantive,chronicon:0.1.1.6.85.21,est,est,g,,,,,true
substantive,chronicon:0.1.1.6.85.21,est,,a,,,,,false
substantive,chronicon:0.1.1.6.85.22,latent,latent,g,,,,,true
substantive,chronicon:0.1.1.6.85.22,latent,latet,a,,,,,false
substantive,chronicon:0.1.1.6.85.23,cause,cause,g,,,,,true
substantive,chronicon:0.1.1.6.85.23,cause,causa,a,,,,,false
substantive,chronicon:0.1.1.6.85.24,punitionem,punitionem,g,,,,,true
substantive,chronicon:0.1.1.6.85.24,punitionem,functionem,a,,,,,false
substantive,app26-in-g78.22-79.21,nulla,nulla,a,,,,,true
substantive,app26-in-g78.22-79.21,nulla,nullam,g,,,,,false
substantive,chronicon:0.1.1.6.86.5,,,g,,,,,true
substantive,chronicon:0.1.1.6.86.5,,cum,a,,,,,false
substantive,chronicon:0.1.1.6.87.0,"uero imperator primum iuxto ordine et pia uice uertit edictum, siquidem Constantinus","uero imperator primum iuxto ordine et pia uice uertit edictum, siquidem Constantinus",g,,,,,true
substantive,chronicon:0.1.1.6.87.0,"uero imperator primum iuxto ordine et pia uice uertit edictum, siquidem Constantinus",,a,,,,,false
substantive,chronicon:0.1.1.6.87.1,Rome,Rome,g,,,,,true
substantive,chronicon:0.1.1.6.87.1,Rome,,a,,,,,false
substantive,chronicon:0.1.1.6.87.8,gestis,gestis,g,,,,,true
substantive,chronicon:0.1.1.6.87.8,gestis,gesta,a,,,,,false
substantive,chronicon:0.1.1.6.87.16,fialam,fialam,g,,,,,true
substantive,chronicon:0.1.1.6.87.16,fialam,fiola,a,,,,,false
substantive,chronicon:0.1.1.6.87.17,auream,auream,g,,,,,true
substantive,chronicon:0.1.1.6.87.17,auream,aurea,a,,,,,false
substantive,chronicon:0.1.1.6.87.18,labro,labro,g,,,,,true
substantive,chronicon:0.1.1.6.87.18,labro,labio,a,,,,,false
substantive,chronicon:0.1.1.6.87.19,argento,argento,g,,,,,true
substantive,chronicon:0.1.1.6.87.19,argento,auro,a,,,,,false
substantive,chronicon:0.1.1.6.87.21,Baptistam,Baptistam,a,,,,,true
substantive,chronicon:0.1.1.6.87.21,Baptistam,Baptismam,g,,,,,false
substantive,chronicon:0.1.1.6.87.22,qui hoc habet,qui hoc habet,a,,,,,true
substantive,chronicon:0.1.1.6.87.22,qui hoc habet,,g,,,,,false
substantive,chronicon:0.1.1.6.87.26,pensant,pensant,g,,,,,true
substantive,chronicon:0.1.1.6.87.26,pensant,pensat,a,,,,,false
substantive,chronicon:0.1.1.6.88.1,,,g,,,,,true
substantive,chronicon:0.1.1.6.88.1,,pedes,a,,,,,false
substantive,chronicon:0.1.1.6.88.2,,,g,,,,,true
substantive,chronicon:0.1.1.6.88.2,,eum,a,,,,,false
substantive,chronicon:0.1.1.6.88.8,LC,LC,g,,,,,true
substantive,chronicon:0.1.1.6.88.8,LC,,a,,,,,false
substantive,chronicon:0.1.1.6.89.0,hoc,hoc,g,,,,,true
substantive,chronicon:0.1.1.6.89.0,hoc,. Hoc,a,,,,,false
substantive,chronicon:0.1.1.6.91.5,apostoli,apostoli,g,,,,,true
substantive,chronicon:0.1.1.6.91.5,apostoli,,a,,,,,false
substantive,chronicon:0.1.1.6.91.7,Sessoriano,Sessoriano,g,,,,,true
substantive,chronicon:0.1.1.6.91.7,Sessoriano,Sossoriano,a,,,,,false
substantive,chronicon:0.1.1.6.94.2,Mausoleum,Mausoleum,g,,,,,true
substantive,chronicon:0.1.1.6.94.2,Mausoleum,Moysi leuitico,a,,,,,false
substantive,chronicon:0.1.1.6.96.0,Augustam,Augustam,g,,,,,true
substantive,chronicon:0.1.1.6.96.0,Augustam,Augustus,a,,,,,false
substantive,chronicon:0.1.1.6.98.10,baptisma,baptisma,a,,,,,true
substantive,chronicon:0.1.1.6.98.10,baptisma,baptismum,g,,,,,false
substantive,chronicon:0.1.1.6.98.11,ad,ad,g,,,,,true
substantive,chronicon:0.1.1.6.98.11,ad,ue,a,,,,,false
substantive,chronicon:0.1.1.6.100.0,Anno,Anno,g,,,,,true
substantive,chronicon:0.1.1.6.100.0,Anno,Anni,a,,,,,false
substantive,chronicon:0.1.1.6.100.5,insectatio,insectatio,a,,,,,true
substantive,chronicon:0.1.1.6.100.5,insectatio,infectacio,g,,,,,false
substantive,chronicon:0.1.1.6.101.1,et,et,a,,,,,true
substantive,chronicon:0.1.1.6.101.1,et,,g,,,,,false
substantive,chronicon:0.1.1.6.101.9,Homousio,Homousio,g,,,,,true
substantive,chronicon:0.1.1.6.101.9,Homousio,Homousion,a,,,,,false
substantive,chronicon:0.1.1.6.102.0,Treuerorum,Treuerorum,g,,,,,true
substantive,chronicon:0.1.1.6.102.0,Treuerorum,Treuentorum,a,,,,,false
substantive,chronicon:0.1.1.6.103.2,VI,VI,g,,,,,true
substantive,chronicon:0.1.1.6.103.2,VI,X,a,,,,,false
substantive,chronicon:0.1.1.6.103.3,III,III,g,,,,,true
substantive,chronicon:0.1.1.6.103.3,III,VII,a,,,,,false
substantive,chronicon:0.1.1.6.103.5,in loco eius,in loco eius,g,,,,,true
substantive,chronicon:0.1.1.6.103.5,in loco eius,,a,,,,,false
substantive,chronicon:0.1.1.6.103.7,eiectis,eiectis,g,,,,,true
substantive,chronicon:0.1.1.6.103.7,eiectis,eiecit,a,,,,,false
substantive,chronicon:0.1.1.6.103.8,cum,cum,g,,,,,true
substantive,chronicon:0.1.1.6.103.8,cum,eos,a,,,,,false
substantive,chronicon:0.1.1.6.103.9,,,a,,,,,true
substantive,chronicon:0.1.1.6.103.9,,(autem),g,,,,,false
substantive,chronicon:0.1.1.6.104.3,declaratum,declaratum,a,,,,,true
substantive,chronicon:0.1.1.6.104.3,declaratum,declararum,g,,,,,false
substantive,chronicon:0.1.1.6.104.4,. Ab,. Ab,g,,,,,true
substantive,chronicon:0.1.1.6.104.4,. Ab,ab,a,,,,,false
substantive,chronicon:0.1.1.6.104.8,Constantinus,Constantinus,g,,,,,true
substantive,chronicon:0.1.1.6.104.8,Constantinus,Constantius,a,,,,,false
substantive,chronicon:0.1.1.6.104.11,pugnam,pugnam,g,,,,,true
substantive,chronicon:0.1.1.6.104.11,pugnam,pugna,a,,,,,false
substantive,chronicon:0.1.1.6.105.1,Augustodunum,Augustodunum,g,,,,,true
substantive,chronicon:0.1.1.6.105.1,Augustodunum,Augusti diuum,a,,,,,false
substantive,chronicon:0.1.1.6.105.3,Uetranionem,Uetranionem,g,,,,,true
substantive,chronicon:0.1.1.6.105.3,Uetranionem,Ueternonem,a,,,,,false
substantive,chronicon:0.1.1.6.105.7,non,non,g,,,,,true
substantive,chronicon:0.1.1.6.105.7,non,,a,,,,,false
substantive,chronicon:0.1.1.6.105.9,sillabas,sillabas,a,,,,,true
substantive,chronicon:0.1.1.6.105.9,sillabas,syllaba,g,,,,,false
substantive,chronicon:0.1.1.6.105.10,inuitus,inuitus,g,,,,,true
substantive,chronicon:0.1.1.6.105.10,inuitus,inuictus,a,,,,,false
substantive,chronicon:0.1.1.6.105.13,purpuras,purpuras,g,,,,,true
substantive,chronicon:0.1.1.6.105.13,purpuras,purpuram,a,,,,,false
substantive,chronicon:0.1.1.6.105.17,octauo,octauo,g,,,,,true
substantive,chronicon:0.1.1.6.105.17,octauo,septimo,a,,,,,false
substantive,app22-in-g83.23-84.19,circumlatum,circumlatum,a,,,,,true
substantive,app22-in-g83.23-84.19,circumlatum,circulatum,g,,,,,false
substantive,chronicon:0.1.1.6.105.22,Romanarum,Romanarum,g,,,,,true
substantive,chronicon:0.1.1.6.105.22,Romanarum,Romanorum,a,,,,,false
substantive,chronicon:0.1.1.6.105.25,frater,frater,a,,,,,true
substantive,chronicon:0.1.1.6.105.25,frater,fratrer,g,,,,,false
substantive,chronicon:0.1.1.6.105.26,eius,eius,a,,,,,true
substantive,chronicon:0.1.1.6.105.26,eius,eiusdem,g,,,,,false
substantive,chronicon:0.1.1.6.105.41,Capadociamque,Capadociamque,g,,,,,true
substantive,chronicon:0.1.1.6.105.41,Capadociamque,Capaciamque,a,,,,,false
substantive,chronicon:0.1.1.6.105.45,inquietum,inquietum,g,,,,,true
substantive,chronicon:0.1.1.6.105.45,inquietum,inquieti,a,,,,,false
substantive,chronicon:0.1.1.6.105.47,per,per,g,,,,,true
substantive,chronicon:0.1.1.6.105.47,per,,a,,,,,false
substantive,chronicon:0.1.1.6.108.4,oborto,oborto,g,,,,,true
substantive,chronicon:0.1.1.6.108.4,oborto,aborto,a,,,,,false
substantive,chronicon:0.1.1.6.108.15,suum,suum,g,,,,,true
substantive,chronicon:0.1.1.6.108.15,suum,,a,,,,,false
substantive,chronicon:0.1.1.6.108.16,arbitris,arbitris,g,,,,,true
substantive,chronicon:0.1.1.6.108.16,arbitris,arbitriis,a,,,,,false
substantive,chronicon:0.1.1.6.109.0,autem,autem,g,,,,,true
substantive,chronicon:0.1.1.6.109.0,autem,,a,,,,,false
substantive,chronicon:0.1.1.6.109.4,docendorum,docendorum,g,,,,,true
substantive,chronicon:0.1.1.6.109.4,docendorum,,a,,,,,false
substantive,chronicon:0.1.1.6.109.5,precepti,precepti,g,,,,,true
substantive,chronicon:0.1.1.6.109.5,precepti,precepta,a,,,,,false
substantive,chronicon:0.1.1.6.120.1,bonos,bonos,g,,,,,true
substantive,chronicon:0.1.1.6.120.1,bonos,bonis,a,,,,,false
substantive,chronicon:0.1.1.6.120.4,Uinolentiam,Uinolentiam,g,,,,,true
substantive,chronicon:0.1.1.6.120.4,Uinolentiam,Uiolentiam,a,,,,,false
substantive,chronicon:0.1.1.6.120.6,lasciua,lasciua,g,,,,,true
substantive,chronicon:0.1.1.6.120.6,lasciua,lasciuia,a,,,,,false
substantive,chronicon:0.1.1.6.120.11,sororum,sororum,a,,,,,true
substantive,chronicon:0.1.1.6.120.11,sororum,fororum,g,,,,,false
substantive,chronicon:0.1.1.6.120.14,philosophie,philosophie,a,,,,,true
substantive,chronicon:0.1.1.6.120.14,philosophie,philosophe,g,,,,,false
substantive,chronicon:0.1.1.6.120.20,haud,haud,g,,,,,true
substantive,chronicon:0.1.1.6.120.20,haud,aut,a,,,,,false
substantive,app23-in-g92.9-93.4,annis,annis,a,,,,,true
substantive,app23-in-g92.9-93.4,annis,armis,g,,,,,false
substantive,chronicon:0.1.1.6.120.29,completi,completi,g,,,,,true
substantive,chronicon:0.1.1.6.120.29,completi,complecti,a,,,,,false
substantive,chronicon:0.1.1.6.120.33,sumptuosum,sumptuosum,g,,,,,true
substantive,chronicon:0.1.1.6.120.33,sumptuosum,sumptuose,a,,,,,false
substantive,chronicon:0.1.1.6.120.37,lassitudinem,lassitudinem,g,,,,,true
substantive,chronicon:0.1.1.6.120.37,lassitudinem,lascitudinem,a,,,,,false
substantive,chronicon:0.1.1.6.120.38,deambulabat,deambulabat,g,,,,,true
substantive,chronicon:0.1.1.6.120.38,deambulabat,deambulantibus,a,,,,,false
substantive,app43-in-g92.9-93.4,indictum,indictum,a,,,,,true
substantive,app43-in-g92.9-93.4,indictum,inductum,g,,,,,false
substantive,chronicon:0.1.1.6.120.43,Flaccilla,Flaccilla,g,,,,,true
substantive,chronicon:0.1.1.6.120.43,Flaccilla,Faccilla,a,,,,,false
substantive,chronicon:0.1.1.6.121.1,in ecclesia,in ecclesia,a,,,,,true
substantive,chronicon:0.1.1.6.121.1,in ecclesia,,g,,,,,false
substantive,chronicon:0.1.1.6.121.9,quartum decimum,quartum decimum,g,,,,,true
substantive,chronicon:0.1.1.6.121.9,quartum decimum,quartodecimum,a,,,,,false
substantive,chronicon:0.1.1.6.121.10,perduxit,perduxit,g,,,,,true
substantive,chronicon:0.1.1.6.121.10,perduxit,perducit,a,,,,,false
substantive,chronicon:0.1.1.6.122.0,Anno,Anno,g,,,,,true
substantive,chronicon:0.1.1.6.122.0,Anno,Anni,a,,,,,false
substantive,chronicon:0.1.1.6.122.3,"secundo loco, comune","secundo loco, comune",a,,,,,true
substantive,chronicon:0.1.1.6.122.3,"secundo loco, comune",ommune,g,,,,,false
substantive,chronicon:0.1.1.6.122.6,fuerit,fuerit,g,,,,,true
substantive,chronicon:0.1.1.6.122.6,fuerit,fuerat,a,,,,,false
substantive,chronicon:0.1.1.6.122.7,Stiliconi,Stiliconi,g,,,,,true
substantive,chronicon:0.1.1.6.122.7,Stiliconi,Stilicone,a,,,,,false
substantive,chronicon:0.1.1.6.123.6,fore,fore,g,,,,,true
substantive,chronicon:0.1.1.6.123.6,fore,,a,,,,,false
substantive,chronicon:0.1.1.6.123.8,militia,militia,g,,,,,true
substantive,chronicon:0.1.1.6.123.8,militia,militiam,a,,,,,false
substantive,chronicon:0.1.1.6.123.10,absentiam,absentiam,g,,,,,true
substantive,chronicon:0.1.1.6.123.10,absentiam,abscentiam,a,,,,,false
substantive,chronicon:0.1.1.6.123.12,eius,eius,g,,,,,true
substantive,chronicon:0.1.1.6.123.12,eius,,a,,,,,false
substantive,chronicon:0.1.1.6.123.13,Ad,Ad,a,,,,,true
substantive,chronicon:0.1.1.6.123.13,Ad,At,g,,,,,false
substantive,chronicon:0.1.1.6.123.14,a clementia,a clementia,g,,,,,true
substantive,chronicon:0.1.1.6.123.14,a clementia,clementiam,a,,,,,false
substantive,app16-in-g93.21-96.11,hostis,hostis,a,,,,,true
substantive,app16-in-g93.21-96.11,hostis,hostes,g,,,,,false
substantive,chronicon:0.1.1.6.123.17,Ac,Ac,g,,,,,true
substantive,chronicon:0.1.1.6.123.17,Ac,A,a,,,,,false
substantive,chronicon:0.1.1.6.123.19,Gildo,Gildo,g,,,,,true
substantive,chronicon:0.1.1.6.123.19,Gildo,Gilbo,a,,,,,false
substantive,app21-in-g93.21-96.11,ipse,ipse,a,,,,,true
substantive,app21-in-g93.21-96.11,ipse,ipsam,g,,,,,false
substantive,app24-in-g93.21-96.11,secuta,secuta,,,pm,,,true
substantive,app24-in-g93.21-96.11,secuta,secata,g,,,,,false
substantive,app24-in-g93.21-96.11,secuta,secunda,a,,,,,false
substantive,chronicon:0.1.1.6.123.24,"cura commissa est, malo perfidie deprauatus,","cura commissa est, malo perfidie deprauatus,",a,,,,,true
substantive,chronicon:0.1.1.6.123.24,"cura commissa est, malo perfidie deprauatus,",,g,,,,,false
substantive,chronicon:0.1.1.6.123.28,mos,mos,g,,,,,true
substantive,chronicon:0.1.1.6.123.28,mos,mox,a,,,,,false
substantive,chronicon:0.1.1.6.123.29,est,est,a,,,,,true
substantive,chronicon:0.1.1.6.123.29,est,es,g,,,,,false
substantive,chronicon:0.1.1.6.123.34,inexaturabili crudelitate,inexaturabili crudelitate,g,,,,,true
substantive,chronicon:0.1.1.6.123.34,inexaturabili crudelitate,,a,,,,,false
substantive,chronicon:0.1.1.6.123.35,ipsam,ipsam,g,,,,,true
substantive,chronicon:0.1.1.6.123.35,ipsam,ipsa,a,,,,,false
substantive,chronicon:0.1.1.6.123.37,se,se,a,,,,,true
substantive,chronicon:0.1.1.6.123.37,se,seu,g,,,,,false
substantive,chronicon:0.1.1.6.123.40,probris,probris,g,,,,,true
substantive,chronicon:0.1.1.6.123.40,probris,probis,a,,,,,false
substantive,chronicon:0.1.1.6.123.41,ingrauatur,ingrauatur,a,,,,,true
substantive,chronicon:0.1.1.6.123.41,ingrauatur,ingrauabatur,g,,,,,false
substantive,chronicon:0.1.1.6.123.43,sinit,sinit,a,,,,,true
substantive,chronicon:0.1.1.6.123.43,sinit,finit,g,,,,,false
substantive,chronicon:0.1.1.6.123.47,Conterritus,Conterritus,g,,,,,true
substantive,chronicon:0.1.1.6.123.47,Conterritus,Conteritus,a,,,,,false
substantive,chronicon:0.1.1.6.123.51,uilissimorum,uilissimorum,g,,,,,true
substantive,chronicon:0.1.1.6.123.51,uilissimorum,uilissimarum,a,,,,,false
substantive,chronicon:0.1.1.6.123.57,,,g,,,,,true
substantive,chronicon:0.1.1.6.123.57,,et,a,,,,,false
substantive,chronicon:0.1.1.6.123.67,Dato,Dato,a,,,,,true
substantive,chronicon:0.1.1.6.123.67,Dato,Data,g,,,,,false
substantive,chronicon:0.1.1.6.123.73,possent,possent,g,,,,,true
substantive,chronicon:0.1.1.6.123.73,possent,possint,a,,,,,false
substantive,chronicon:0.1.1.6.123.74,temperarent,temperarent,g,,,,,true
substantive,chronicon:0.1.1.6.123.74,temperarent,temptarent,a,,,,,false
substantive,chronicon:0.1.1.6.123.76,Accedit,Accedit,a,,,,,true
substantive,chronicon:0.1.1.6.123.76,Accedit,Accidit,g,,,,,false
substantive,app82-in-g93.21-96.11,Barsentium,Barsentium,a,,,,,true
substantive,app82-in-g93.21-96.11,Barsentium,Basentum,g,,,,,false
substantive,chronicon:0.1.1.6.123.82,labore,labore,g,,,,,true
substantive,chronicon:0.1.1.6.123.82,labore,dolore,a,,,,,false
substantive,chronicon:0.1.1.6.123.84,residui,residui,g,,,,,true
substantive,chronicon:0.1.1.6.123.84,residui,residuum,a,,,,,false
substantive,chronicon:0.1.1.6.123.85,Gallam,Gallam,a,,,,,true
substantive,chronicon:0.1.1.6.123.85,Gallam,Galliam,g,,,,,false
substantive,chronicon:0.1.1.6.123.89,a,a,g,,,,,true
substantive,chronicon:0.1.1.6.123.89,a,,a,,,,,false
substantive,chronicon:0.1.1.6.123.93,Post quem,Post quem,g,,,,,true
substantive,chronicon:0.1.1.6.123.93,Post quem,Postquam,a,,,,,false
substantive,chronicon:0.1.1.6.123.96,imperio,imperio,g,,,,,true
substantive,chronicon:0.1.1.6.123.96,imperio,imperium,a,,,,,false
substantive,chronicon:0.1.1.6.123.97,substitueret,substitueret,g,,,,,true
substantive,chronicon:0.1.1.6.123.97,substitueret,subsisteret,a,,,,,false
substantive,chronicon:0.1.1.6.123.100,inuenire,inuenire,g,,,,,true
substantive,chronicon:0.1.1.6.123.100,inuenire,marina,a,,,,,false
substantive,chronicon:0.1.1.6.123.103,Eucherius,Eucherius,g,,,,,true
substantive,chronicon:0.1.1.6.123.103,Eucherius,,a,,,,,false
substantive,chronicon:0.1.1.6.124.1,in cellis,in cellis,g,,,,,true
substantive,chronicon:0.1.1.6.124.1,in cellis,celle,a,,,,,false
substantive,chronicon:0.1.1.6.125.4,dissensio,dissensio,g,,,,,true
substantive,chronicon:0.1.1.6.125.4,dissensio,discessio,a,,,,,false
substantive,chronicon:0.1.1.6.125.5,sederent,sederent,g,,,,,true
substantive,chronicon:0.1.1.6.125.5,sederent,sederet,a,,,,,false
substantive,app8-in-g96.17-98.14,pulsi exirent,pulsi exirent,a,,,,,true
substantive,app8-in-g96.17-98.14,pulsi exirent,pulsiexissent,g,,,,,false
substantive,app23-in-g96.17-98.14,uirum,uirum,a,,,,,true
substantive,app23-in-g96.17-98.14,uirum,girum,g,,,,,false
substantive,app24-in-g96.17-98.14,et,et,a,,,,,true
substantive,app24-in-g96.17-98.14,et,ac,g,,,,,false
substantive,chronicon:0.1.1.6.125.24,Constantium,Constantium,g,,,,,true
substantive,chronicon:0.1.1.6.125.24,Constantium,Constantinum,a,,,,,false
substantive,chronicon:0.1.1.6.125.25,Gallias,Gallias,a,,,,,true
substantive,chronicon:0.1.1.6.125.25,Gallias,Galliam,g,,,,,false
substantive,app27-in-g96.17-98.14,,,g,,,,,true
substantive,app27-in-g96.17-98.14,,ut,a,,,,,false
substantive,app28-in-g96.17-98.14,Arelatem,Arelatem,a,,,,,true
substantive,app28-in-g96.17-98.14,Arelatem,Arelatum,g,,,,,false
substantive,chronicon:0.1.1.6.125.31,Attalus,Attalus,g,,,,,true
substantive,chronicon:0.1.1.6.125.31,Attalus,Attabus,a,,,,,false
substantive,chronicon:0.1.1.6.125.33,Constancio,Constancio,g,,,,,true
substantive,chronicon:0.1.1.6.125.33,Constancio,Constantino,a,,,,,false
substantive,chronicon:0.1.1.6.125.35,magnaque Constancii industria,magnaque Constancii industria,g,,,,,true
substantive,chronicon:0.1.1.6.125.35,magnaque Constancii industria,,a,,,,,false
substantive,chronicon:0.1.1.6.125.37,tunc,tunc,g,,,,,true
substantive,chronicon:0.1.1.6.125.37,tunc,,a,,,,,false
substantive,app40-in-g96.17-98.14,et,et,a,,,,,true
substantive,app40-in-g96.17-98.14,et,ac,g,,,,,false
substantive,chronicon:0.1.1.6.125.44,anime,anime,a,,,,,true
substantive,chronicon:0.1.1.6.125.44,anime,anima,g,,,,,false
substantive,chronicon:0.1.1.6.125.47,Placidiam,Placidiam,g,,,,,true
substantive,chronicon:0.1.1.6.125.47,Placidiam,Placidam,a,,,,,false
substantive,chronicon:0.1.1.6.125.54,Pictorumque,Pictorumque,a,,,,,true
substantive,chronicon:0.1.1.6.125.54,Pictorumque,"Pictorum, que",g,,,,,false
substantive,chronicon:0.1.1.6.125.55,infestationem,infestationem,a,,,,,true
substantive,chronicon:0.1.1.6.125.55,infestationem,intestationem,g,,,,,false
substantive,app57-in-g96.17-98.14,eo,eo,a,,,,,true
substantive,app57-in-g96.17-98.14,eo,ea,g,,,,,false
substantive,chronicon:0.1.1.6.125.59,obuia,obuia,g,,,,,true
substantive,chronicon:0.1.1.6.125.59,obuia,obuiam,a,,,,,false
substantive,chronicon:0.1.1.6.125.60,queque,queque,g,,,,,true
substantive,chronicon:0.1.1.6.125.60,queque,quoque,a,,,,,false
substantive,chronicon:0.1.1.6.125.61,facte,facte,g,,,,,true
substantive,chronicon:0.1.1.6.125.61,facte,factum,a,,,,,false
substantive,chronicon:0.1.1.6.125.62,statuunt,statuunt,g,,,,,true
substantive,chronicon:0.1.1.6.125.62,statuunt,statu,a,,,,,false
substantive,app64-in-g96.17-98.14,ualedicunt,ualedicunt,a,,,,,true
substantive,app64-in-g96.17-98.14,ualedicunt,ualle dicunt,g,,,,,false
substantive,chronicon:0.1.1.6.125.64,sociis,sociis,g,,,,,true
substantive,chronicon:0.1.1.6.125.64,sociis,suis,a,,,,,false
substantive,chronicon:0.1.1.6.125.66,Gallam,Gallam,a,,,,,true
substantive,chronicon:0.1.1.6.125.66,Gallam,Galliam,g,,,,,false
substantive,chronicon:0.1.1.6.125.69,subtractus,subtractus,a,,,,,true
substantive,chronicon:0.1.1.6.125.69,subtractus,subractus,g,,,,,false
substantive,chronicon:0.1.1.6.125.70,uita,uita,g,,,,,true
substantive,chronicon:0.1.1.6.125.70,uita,uite,a,,,,,false
substantive,chronicon:0.1.1.6.126.1,CL,CL,g,,,,,true
substantive,chronicon:0.1.1.6.126.1,CL,,a,,,,,false
substantive,chronicon:0.1.1.6.127.0,MCLXXVII,MCLXXVII,g,,,,,true
substantive,chronicon:0.1.1.6.127.0,MCLXXVII,MCLXXXVII,a,,,,,false
substantive,chronicon:0.1.1.6.127.13,LXVII,LXVII,g,,,,,true
substantive,chronicon:0.1.1.6.127.13,LXVII,LXXVII,a,,,,,false
substantive,chronicon:0.1.1.6.127.16,deleuerunt,deleuerunt,g,,,,,true
substantive,chronicon:0.1.1.6.127.16,deleuerunt,delerunt,a,,,,,false
substantive,chronicon:0.1.1.6.127.17,Lilybitanus,Lilybitanus,g,,,,,true
substantive,chronicon:0.1.1.6.127.17,Lilybitanus,Libitanus,a,,,,,false
substantive,chronicon:0.1.1.6.127.19,Scotos,Scotos,g,,,,,true
substantive,chronicon:0.1.1.6.127.19,Scotos,Gothos,a,,,,,false
substantive,chronicon:0.1.1.6.127.25,Etium,Etium,g,,,,,true
substantive,chronicon:0.1.1.6.127.25,Etium,Etum,a,,,,,false
substantive,chronicon:0.1.1.6.127.30,gentem,gentem,a,,,,,true
substantive,chronicon:0.1.1.6.127.30,gentem,gente,g,,,,,false
substantive,chronicon:0.1.1.6.127.31,exceptos,exceptos,g,,,,,true
substantive,chronicon:0.1.1.6.127.31,exceptos,excepta,a,,,,,false
substantive,chronicon:0.1.1.6.127.34,tempore,tempore,a,,,,,true
substantive,chronicon:0.1.1.6.127.34,tempore,tempora,g,,,,,false
substantive,chronicon:0.1.1.6.127.35,Rome,Rome,a,,,,,true
substantive,chronicon:0.1.1.6.127.35,Rome,Roma,g,,,,,false
substantive,chronicon:0.1.1.6.127.37,posita,posita,g,,,,,true
substantive,chronicon:0.1.1.6.127.37,posita,posite,a,,,,,false
substantive,chronicon:0.1.1.6.128.2,cathedre,cathedre,g,,,,,true
substantive,chronicon:0.1.1.6.128.2,cathedre,cathedra,a,,,,,false
substantive,chronicon:0.1.1.6.128.3,LVII,LVII,g,,,,,true
substantive,chronicon:0.1.1.6.128.3,LVII,quadraginta et septem,a,,,,,false
substantive,chronicon:0.1.1.6.128.4,Bassus,Bassus,g,,,,,true
substantive,chronicon:0.1.1.6.128.4,Bassus,Blassus,a,,,,,false
substantive,chronicon:0.1.1.6.129.2,auctoritate,auctoritate,a,,,,,true
substantive,chronicon:0.1.1.6.129.2,auctoritate,auctoritatem,g,,,,,false
substantive,chronicon:0.1.1.6.130.11,Adaricus,Adaricus,g,,,,,true
substantive,chronicon:0.1.1.6.130.11,Adaricus,Ardarius,a,,,,,false
substantive,chronicon:0.1.1.6.130.12,Quadi,Quadi,g,,,,,true
substantive,chronicon:0.1.1.6.130.12,Quadi,Squadi,a,,,,,false
substantive,chronicon:0.1.1.6.130.19,consularis,consularis,a,,,,,true
substantive,chronicon:0.1.1.6.130.19,consularis,consulari,g,,,,,false
substantive,chronicon:0.1.1.6.130.34,cepit,cepit,g,,,,,true
substantive,chronicon:0.1.1.6.130.34,cepit,capit,a,,,,,false
substantive,chronicon:0.1.1.6.130.36,direptionibus,direptionibus,a,,,,,true
substantive,chronicon:0.1.1.6.130.36,direptionibus,direptionis,g,,,,,false
substantive,chronicon:0.1.1.6.130.37,uniuersas,uniuersas,a,,,,,true
substantive,chronicon:0.1.1.6.130.37,uniuersas,uniuersam,g,,,,,false
substantive,chronicon:0.1.1.6.130.41,Pergamum,Pergamum,g,,,,,true
substantive,chronicon:0.1.1.6.130.41,Pergamum,Perganum,a,,,,,false
substantive,chronicon:0.1.1.6.130.43,bacchabantur,bacchabantur,g,,,,,true
substantive,chronicon:0.1.1.6.130.43,bacchabantur,bachabantur,a,,,,,false
substantive,chronicon:0.1.1.6.130.54,has,has,a,,,,,true
substantive,chronicon:0.1.1.6.130.54,has,,g,,,,,false
substantive,chronicon:0.1.1.6.130.57,discessum,discessum,g,,,,,true
substantive,chronicon:0.1.1.6.130.57,discessum,dissessum,a,,,,,false
substantive,chronicon:0.1.1.6.130.61,manu,manu,a,,,,,true
substantive,chronicon:0.1.1.6.130.61,manu,mane,g,,,,,false
substantive,chronicon:0.1.1.6.130.66,Altiodorensis,Altiodorensis,g,,,,,true
substantive,chronicon:0.1.1.6.130.66,Altiodorensis,Alciorensis,a,,,,,false
substantive,chronicon:0.1.1.6.130.67,episcopum,episcopum,a,,,,,true
substantive,chronicon:0.1.1.6.130.67,episcopum,episcoporum,g,,,,,false
substantive,chronicon:0.1.1.6.130.68,eque,eque,g,,,,,true
substantive,chronicon:0.1.1.6.130.68,eque,atque,a,,,,,false
substantive,chronicon:0.1.1.6.130.76,responderent,responderent,g,,,,,true
substantive,chronicon:0.1.1.6.130.76,responderent,respondissent,a,,,,,false
substantive,chronicon:0.1.1.6.130.81,acie,acie,a,,,,,true
substantive,chronicon:0.1.1.6.130.81,acie,aciem,g,,,,,false
substantive,chronicon:0.1.1.6.130.83,Boetium,Boetium,g,,,,,true
substantive,chronicon:0.1.1.6.130.83,Boetium,Etium,a,,,,,false
substantive,chronicon:0.1.1.6.130.84,potentissimi,potentissimi,g,,,,,true
substantive,chronicon:0.1.1.6.130.84,potentissimi,potentissimus,a,,,,,false
substantive,app88-in-g100.6-103.2,,,a,,,,,true
substantive,app88-in-g100.6-103.2,,quinque,g,,,,,false
substantive,chronicon:0.1.1.6.130.88,dum,dum,g,,,,,true
substantive,chronicon:0.1.1.6.130.88,dum,cum,a,,,,,false
substantive,chronicon:0.1.1.6.130.89,duobus expletis mensibus,duobus expletis mensibus,g,,,,,true
substantive,chronicon:0.1.1.6.130.89,duobus expletis mensibus,duos expleuisset menses,a,,,,,false
substantive,app91-in-g100.6-103.2,,,a,,,,,true
substantive,app91-in-g100.6-103.2,,sue gentis,g,,,,,false
substantive,app92-in-g100.6-103.2,,,a,,,,,true
substantive,app92-in-g100.6-103.2,,ecclesie,g,,,,,false
substantive,chronicon:0.1.1.6.130.111,in,in,a,,,,,true
substantive,chronicon:0.1.1.6.130.111,in,ad,g,,,,,false
substantive,chronicon:0.1.1.6.130.112,Auitum,Auitum,g,,,,,true
substantive,chronicon:0.1.1.6.130.112,Auitum,Aiutum,a,,,,,false
substantive,chronicon:0.1.1.6.130.121,regis,regis,g,,,,,true
substantive,chronicon:0.1.1.6.130.121,regis,,a,,,,,false
substantive,chronicon:0.1.1.6.132.1,haud,haud,g,,,,,true
substantive,chronicon:0.1.1.6.132.1,haud,aut,a,,,,,false
substantive,app3-in-g103.8-104.3,Ueronense,Ueronense,a,,,,,true
substantive,app3-in-g103.8-104.3,Ueronense,"Ueronense, Detornensi",g,,,,,false
substantive,chronicon:0.1.1.6.132.4,Ricimerem,Ricimerem,g,,,,,true
substantive,chronicon:0.1.1.6.132.4,Ricimerem,Ricinerem,a,,,,,false
substantive,chronicon:0.1.1.6.132.6,Ricimeris,Ricimeris,g,,,,,true
substantive,chronicon:0.1.1.6.132.6,Ricimeris,Ricineris,a,,,,,false
substantive,chronicon:0.1.1.6.132.7,Ricimer,Ricimer,g,,,,,true
substantive,chronicon:0.1.1.6.132.7,Ricimer,Riciner,a,,,,,false
substantive,chronicon:0.1.1.6.132.11,Ricimer,Ricimer,g,,,,,true
substantive,chronicon:0.1.1.6.132.11,Ricimer,Riciner,a,,,,,false
substantive,chronicon:0.1.1.6.132.12,III,III,a,,,,,true
substantive,chronicon:0.1.1.6.132.12,III,,g,,,,,false
substantive,chronicon:0.1.1.6.132.14,menses,menses,a,,,,,true
substantive,chronicon:0.1.1.6.132.14,menses,mens,g,,,,,false
substantive,chronicon:0.1.1.6.132.16,Triarii,Triarii,g,,,,,true
substantive,chronicon:0.1.1.6.132.16,Triarii,Tricerii,a,,,,,false
substantive,chronicon:0.1.1.6.132.23,consonantesque,consonantesque,a,,,,,true
substantive,chronicon:0.1.1.6.132.23,consonantesque,consonatesque,g,,,,,false
substantive,chronicon:0.1.1.6.132.29,Theodoratus,Theodoratus,g,,,,,true
substantive,chronicon:0.1.1.6.132.29,Theodoratus,Theodorus,a,,,,,false
substantive,chronicon:0.1.1.6.132.32,scripsit,scripsit,a,,,,,true
substantive,chronicon:0.1.1.6.132.32,scripsit,scribit,g,,,,,false
substantive,chronicon:0.1.1.6.132.40,quingentorum triginta duorum,quingentorum triginta duorum,g,,,,,true
substantive,chronicon:0.1.1.6.132.40,quingentorum triginta duorum,DXXXII,a,,,,,false
substantive,chronicon:0.1.1.6.133.3,apostoli,apostoli,g,,,,,true
substantive,chronicon:0.1.1.6.133.3,apostoli,,a,,,,,false
substantive,app8-in-g104.12-104.22,,,a,,,,,true
substantive,app8-in-g104.12-104.22,,terrarum,g,,,,,false
substantive,app9-in-g104.12-104.22,,,a,,,,,true
substantive,app9-in-g104.12-104.22,,quondam,g,,,,,false
substantive,app10-in-g104.12-104.22,hoc,hoc,a,,,,,true
substantive,app10-in-g104.12-104.22,hoc,,g,,,,,false
substantive,chronicon:0.1.1.6.136.1,episcopos,episcopos,a,,,,,true
substantive,chronicon:0.1.1.6.136.1,episcopos,episcopus,g,,,,,false
substantive,chronicon:0.1.1.6.136.7,et,et,g,,,,,true
substantive,chronicon:0.1.1.6.136.7,et,;,a,,,,,false
substantive,chronicon:0.1.1.6.136.8,sinodum,sinodum,a,,,,,true
substantive,chronicon:0.1.1.6.136.8,sinodum,sinodus,g,,,,,false
substantive,chronicon:0.1.1.6.136.10,pecunia,pecunia,g,,,,,true
substantive,chronicon:0.1.1.6.136.10,pecunia,pecunie,a,,,,,false
substantive,chronicon:0.1.1.6.137.0,pontificatu,pontificatu,a,,,,,true
substantive,chronicon:0.1.1.6.137.0,pontificatu,pontificato,g,,,,,false
substantive,chronicon:0.1.1.6.137.2,liberauitque,liberauitque,a,,,,,true
substantive,chronicon:0.1.1.6.137.2,liberauitque,liberauit,g,,,,,false
substantive,chronicon:0.1.1.6.137.4,,,g,,,,,true
substantive,chronicon:0.1.1.6.137.4,,et,a,,,,,false
substantive,chronicon:0.1.1.6.138.4,autem,autem,g,,,,,true
substantive,chronicon:0.1.1.6.138.4,autem,,a,,,,,false
substantive,chronicon:0.1.1.6.138.7,inquietante,inquietante,a,,,,,true
substantive,chronicon:0.1.1.6.138.7,inquietante,inquietate,g,,,,,false
substantive,app9-in-g105.9-105.24,Astrogothorum,Astrogothorum,a,,,,,true
substantive,app9-in-g105.9-105.24,Astrogothorum,Gothorum,g,,,,,false
substantive,app10-in-g105.9-105.24,,,a,,,,,true
substantive,app10-in-g105.9-105.24,,Theodoricus,g,,,,,false
substantive,chronicon:0.1.1.6.138.10,nouissimeque,nouissimeque,a,,,,,true
substantive,chronicon:0.1.1.6.138.10,nouissimeque,nouisismeque,g,,,,,false
substantive,chronicon:0.1.1.6.138.16,affecit,affecit,g,,,,,true
substantive,chronicon:0.1.1.6.138.16,affecit,affectam,a,,,,,false
substantive,chronicon:0.1.1.6.138.18,eorum,eorum,g,,,,,true
substantive,chronicon:0.1.1.6.138.18,eorum,,a,,,,,false
substantive,chronicon:0.1.1.6.138.19,euangelium,euangelium,a,,,,,true
substantive,chronicon:0.1.1.6.138.19,euangelium,euagenlium,g,,,,,false
substantive,chronicon:0.1.1.6.139.2,presbyterorum,presbyterorum,g,,,,,true
substantive,chronicon:0.1.1.6.139.2,presbyterorum,presbyterorumque,a,,,,,false
substantive,chronicon:0.1.1.6.139.4,V,V,g,,,,,true
substantive,chronicon:0.1.1.6.139.4,V,,a,,,,,false
substantive,chronicon:0.1.1.6.140.0,mihi,mihi,g,,,,,true
substantive,chronicon:0.1.1.6.140.0,mihi,,a,,,,,false
substantive,chronicon:0.1.1.6.140.1,,,g,,,,,true
substantive,chronicon:0.1.1.6.140.1,,qui,a,,,,,false
substantive,chronicon:0.1.1.6.140.2,facilius quid quo,facilius quid quo,g,,,,,true
substantive,chronicon:0.1.1.6.140.2,facilius quid quo,,a,,,,,false
substantive,chronicon:0.1.1.6.140.3,cognosci,cognosci,g,,,,,true
substantive,chronicon:0.1.1.6.140.3,cognosci,agnosci,a,,,,,false
substantive,chronicon:0.1.1.6.141.2,hereseos,hereseos,g,,,,,true
substantive,chronicon:0.1.1.6.141.2,hereseos,hereos,a,,,,,false
substantive,app10-in-g106.3-106.33,sacerdotum,sacerdotum,a,,,,,true
substantive,app10-in-g106.3-106.33,sacerdotum,sacerdotes,g,,,,,false
substantive,chronicon:0.1.1.6.142.11,in,in,g,,,,,true
substantive,chronicon:0.1.1.6.142.11,in,,a,,,,,false
substantive,chronicon:0.1.1.6.142.12,maior,maior,g,,,,,true
substantive,chronicon:0.1.1.6.142.12,maior,maiori,a,,,,,false
substantive,chronicon:0.1.1.6.142.17,Nuceria,Nuceria,a,,,,,true
substantive,chronicon:0.1.1.6.142.17,Nuceria,Nucerie,g,,,,,false
substantive,chronicon:0.1.1.6.142.18,discessione,discessione,a,,,,,true
substantive,chronicon:0.1.1.6.142.18,discessione,discensione,g,,,,,false
substantive,chronicon:0.1.1.6.142.21,exilio,exilio,g,,,,,true
substantive,chronicon:0.1.1.6.142.21,exilio,,a,,,,,false
substantive,chronicon:0.1.1.6.142.33,blasphema,blasphema,g,,,,,true
substantive,chronicon:0.1.1.6.142.33,blasphema,blasphemia,a,,,,,false
substantive,chronicon:0.1.1.6.142.34,emoueret,emoueret,g,,,,,true
substantive,chronicon:0.1.1.6.142.34,emoueret,euomerat,a,,,,,false
substantive,chronicon:0.1.1.6.142.35,minorem,minorem,a,,,,,true
substantive,chronicon:0.1.1.6.142.35,minorem,minore,g,,,,,false
substantive,chronicon:0.1.1.6.142.40,baptizaturus,baptizaturus,g,,,,,true
substantive,chronicon:0.1.1.6.142.40,baptizaturus,baptizaturo,a,,,,,false
substantive,chronicon:0.1.1.6.142.41,,,a,,,,,true
substantive,chronicon:0.1.1.6.142.41,,Barbas,g,,,,,false
substantive,chronicon:0.1.1.6.142.43,filium,filium,g,,,,,true
substantive,chronicon:0.1.1.6.142.43,filium,et Filii,a,,,,,false
substantive,chronicon:0.1.1.6.142.47,celebriora,celebriora,g,,,,,true
substantive,chronicon:0.1.1.6.142.47,celebriora,,a,,,,,false
substantive,chronicon:0.1.1.6.143.1,VIII,VIII,g,,,,,true
substantive,chronicon:0.1.1.6.143.1,VIII,VII,a,,,,,false
substantive,chronicon:0.1.1.6.143.4,Euthychium,Euthychium,g,,,,,true
substantive,chronicon:0.1.1.6.143.4,Euthychium,Euthichianam,a,,,,,false
substantive,app11-in-g107.1-107.14,resipisceret,resipisceret,a,,,,,true
substantive,app11-in-g107.1-107.14,resipisceret,respiceret,g,,,,,false
substantive,app14-in-g107.1-107.14,,,a,,,,,true
substantive,app14-in-g107.1-107.14,,sed,g,,,,,false
substantive,chronicon:0.1.1.6.143.14,graui,graui,a,,,,,true
substantive,chronicon:0.1.1.6.143.14,graui,,g,,,,,false
substantive,chronicon:0.1.1.6.143.15,eos,eos,a,,,,,true
substantive,chronicon:0.1.1.6.143.15,eos,,g,,,,,false
substantive,chronicon:0.1.1.6.143.17,ML,ML,g,,,,,true
substantive,chronicon:0.1.1.6.143.17,ML,MXL,a,,,,,false
substantive,chronicon:0.1.1.6.143.18,decoratam,decoratam,g,,,,,true
substantive,chronicon:0.1.1.6.143.18,decoratam,decoratum,a,,,,,false
substantive,chronicon:0.1.1.6.144.2,Germanus,Germanus,g,,,,,true
substantive,chronicon:0.1.1.6.144.2,Germanus,,a,,,,,false
substantive,chronicon:0.1.1.6.144.3,episcopus,episcopus,a,,,,,true
substantive,chronicon:0.1.1.6.144.3,episcopus,episcopis,g,,,,,false
substantive,chronicon:0.1.1.6.144.5,,,a,,,,,true
substantive,chronicon:0.1.1.6.144.5,,Arriane perfidie,g,,,,,false
substantive,chronicon:0.1.1.6.144.7,sequens,sequens,a,,,,,true
substantive,chronicon:0.1.1.6.144.7,sequens,frequens,g,,,,,false
substantive,app10-in-g107.15-107.25,decessit,decessit,a,,,,,true
substantive,app10-in-g107.15-107.25,decessit,caruit,g,,,,,false
substantive,chronicon:0.1.1.6.144.10,priusquam,priusquam,a,,,,,true
substantive,chronicon:0.1.1.6.144.10,priusquam,prius,g,,,,,false
substantive,app12-in-g107.15-107.25,susciperet,susciperet,a,,,,,true
substantive,app12-in-g107.15-107.25,susciperet,assumeret,g,,,,,false
substantive,chronicon:0.1.1.6.144.12,ecclesias,ecclesias,g,,,,,true
substantive,chronicon:0.1.1.6.144.12,ecclesias,ecclesiis,a,,,,,false
substantive,chronicon:0.1.1.6.145.2,ubique,ubique,g,,,,,true
substantive,chronicon:0.1.1.6.145.2,ubique,ibique,a,,,,,false
substantive,chronicon:0.1.1.6.145.8,suorumque,suorumque,g,,,,,true
substantive,chronicon:0.1.1.6.145.8,suorumque,suarumque,a,,,,,false
substantive,chronicon:0.1.1.6.145.13,et,et,g,,,,,true
substantive,chronicon:0.1.1.6.145.13,et,ac,a,,,,,false
substantive,chronicon:0.1.1.6.145.17,peremit,peremit,g,,,,,true
substantive,chronicon:0.1.1.6.145.17,peremit,peregit,a,,,,,false
substantive,app20-in-g107.26-108.13,,,a,,,,,true
substantive,app20-in-g107.26-108.13,,octauo,g,,,,,false
substantive,chronicon:0.1.1.6.146.10,Theodeberto,Theodeberto,g,,,,,true
substantive,chronicon:0.1.1.6.146.10,Theodeberto,Theoderico,a,,,,,false
substantive,chronicon:0.1.1.7.1.15,dimicauit,dimicauit,g,,,,,true
substantive,chronicon:0.1.1.7.1.15,dimicauit,dimicarunt,a,,,,,false
substantive,chronicon:0.1.1.7.1.16,,,a,,,,,true
substantive,chronicon:0.1.1.7.1.16,,eorum,g,,,,,false
substantive,chronicon:0.1.1.7.2.2,filio,filio,g,,,,,true
substantive,chronicon:0.1.1.7.2.2,filio,filius,a,,,,,false
substantive,chronicon:0.1.1.7.2.3,appellantur,appellantur,g,,,,,true
substantive,chronicon:0.1.1.7.2.3,appellantur,appellatur,a,,,,,false
substantive,chronicon:0.1.1.7.2.4,cum,cum,a,,,,,true
substantive,chronicon:0.1.1.7.2.4,cum,,g,,,,,false
substantive,chronicon:0.1.1.7.2.5,cum suis,cum suis,g,,,,,true
substantive,chronicon:0.1.1.7.2.5,cum suis,et suos,a,,,,,false
substantive,app8-in-g109.6-109.16,a filio,a filio,a,,,,,true
substantive,app8-in-g109.6-109.16,a filio,consilio,g,,,,,false
substantive,chronicon:0.1.1.7.3.1,tempore,tempore,g,,,,,true
substantive,chronicon:0.1.1.7.3.1,tempore,,a,,,,,false
substantive,chronicon:0.1.1.7.3.3,Meroueus,Meroueus,g,,,,,true
substantive,chronicon:0.1.1.7.3.3,Meroueus,Meroneus,a,,,,,false
substantive,chronicon:0.1.1.7.3.5,Metis,Metis,g,,,,,true
substantive,chronicon:0.1.1.7.3.5,Metis,Mectis,a,,,,,false
substantive,chronicon:0.1.1.7.3.11,Merouei,Merouei,g,,,,,true
substantive,chronicon:0.1.1.7.3.11,Merouei,Meronei,a,,,,,false
substantive,chronicon:0.1.1.7.4.6,terremotu,terremotu,a,,,,,true
substantive,chronicon:0.1.1.7.4.6,terremotu,terremotus,g,,,,,false
substantive,chronicon:0.1.1.7.4.8,siluis profugi,siluis profugi,g,,,,,true
substantive,chronicon:0.1.1.7.4.8,siluis profugi,,a,,,,,false
substantive,chronicon:0.1.1.7.4.9,ciuitati,ciuitati,a,,,,,true
substantive,chronicon:0.1.1.7.4.9,ciuitati,ciuitate,g,,,,,false
substantive,chronicon:0.1.1.7.4.10,uniuerse,uniuerse,g,,,,,true
substantive,chronicon:0.1.1.7.4.10,uniuerse,uniuersa,a,,,,,false
substantive,chronicon:0.1.1.7.4.11,ecclesie,ecclesie,g,,,,,true
substantive,chronicon:0.1.1.7.4.11,ecclesie,ecclesia,a,,,,,false
substantive,chronicon:0.1.1.7.4.14,anni,anni,a,,,,,true
substantive,chronicon:0.1.1.7.4.14,anni,annis,g,,,,,false
substantive,chronicon:0.1.1.7.4.18,meatis,meatis,g,,,,,true
substantive,chronicon:0.1.1.7.4.18,meatis,,a,,,,,false
substantive,chronicon:0.1.1.7.4.20,qui,qui,g,,,,,true
substantive,chronicon:0.1.1.7.4.20,qui,,a,,,,,false
substantive,chronicon:0.1.1.7.4.30,sortem,sortem,a,,,,,true
substantive,chronicon:0.1.1.7.4.30,sortem,fortem,g,,,,,false
substantive,chronicon:0.1.1.7.4.31,filios,filios,a,,,,,true
substantive,chronicon:0.1.1.7.4.31,filios,filio,g,,,,,false
substantive,chronicon:0.1.1.7.4.32,necauit,necauit,a,,,,,true
substantive,chronicon:0.1.1.7.4.32,necauit,negauit,g,,,,,false
substantive,chronicon:0.1.1.7.4.33,tenuisset,tenuisset,a,,,,,true
substantive,chronicon:0.1.1.7.4.33,tenuisset,,g,,,,,false
substantive,chronicon:0.1.1.7.4.35,sedem regni,sedem regni,g,,,,,true
substantive,chronicon:0.1.1.7.4.35,sedem regni,,a,,,,,false
substantive,chronicon:0.1.1.7.5.0,est,est,g,,,,,true
substantive,chronicon:0.1.1.7.5.0,est,,a,,,,,false
substantive,chronicon:0.1.1.7.5.1,et,et,g,,,,,true
substantive,chronicon:0.1.1.7.5.1,et,uel,a,,,,,false
substantive,chronicon:0.1.1.7.5.2,Audoynus,Audoynus,g,,,,,true
substantive,chronicon:0.1.1.7.5.2,Audoynus,Audoyn,a,,,,,false
substantive,chronicon:0.1.1.7.5.4,matrimonio,matrimonio,a,,,,,true
substantive,chronicon:0.1.1.7.5.4,matrimonio,matrimonium,g,,,,,false
substantive,chronicon:0.1.1.7.5.6,rex,rex,g,,,,,true
substantive,chronicon:0.1.1.7.5.6,rex,,a,,,,,false
substantive,chronicon:0.1.1.7.5.11,"equo sortiuntur, et","equo sortiuntur, et",g,,,,,true
substantive,chronicon:0.1.1.7.5.11,"equo sortiuntur, et",,a,,,,,false
substantive,app17-in-g111.1-112.11,matricum,matricum,a,,,,,true
substantive,app17-in-g111.1-112.11,matricum,matricumque,g,,,,,false
substantive,chronicon:0.1.1.7.5.17,Metis,Metis,g,,,,,true
substantive,chronicon:0.1.1.7.5.17,Metis,Mettis,a,,,,,false
substantive,chronicon:0.1.1.7.5.22,Childebertus,Childebertus,g,,,,,true
substantive,chronicon:0.1.1.7.5.22,Childebertus,Chelbertus,a,,,,,false
substantive,chronicon:0.1.1.7.5.23,Charibertus,Charibertus,g,,,,,true
substantive,chronicon:0.1.1.7.5.23,Charibertus,Aribertus,a,,,,,false
substantive,chronicon:0.1.1.7.5.27,uenatum,uenatum,g,,,,,true
substantive,chronicon:0.1.1.7.5.27,uenatum,uenatu,a,,,,,false
substantive,chronicon:0.1.1.7.5.34,paruum animal,paruum animal,g,,,,,true
substantive,chronicon:0.1.1.7.5.34,paruum animal,,a,,,,,false
substantive,chronicon:0.1.1.7.5.35,oram,oram,g,,,,,true
substantive,chronicon:0.1.1.7.5.35,oram,ora,a,,,,,false
substantive,chronicon:0.1.1.7.5.37,aliquod,aliquod,g,,,,,true
substantive,chronicon:0.1.1.7.5.37,aliquod,aliquot,a,,,,,false
substantive,chronicon:0.1.1.7.5.38,est,est,g,,,,,true
substantive,chronicon:0.1.1.7.5.38,est,,a,,,,,false
substantive,chronicon:0.1.1.7.5.39,Exsurgens,Exsurgens,a,,,,,true
substantive,chronicon:0.1.1.7.5.39,Exsurgens,Et surgens,g,,,,,false
substantive,chronicon:0.1.1.7.5.40,mirabile,mirabile,g,,,,,true
substantive,chronicon:0.1.1.7.5.40,mirabile,,a,,,,,false
substantive,chronicon:0.1.1.7.5.41,quem,quem,g,,,,,true
substantive,chronicon:0.1.1.7.5.41,quem,quam,a,,,,,false
substantive,chronicon:0.1.1.7.5.42,et,et,a,,,,,true
substantive,chronicon:0.1.1.7.5.42,et,,g,,,,,false
substantive,chronicon:0.1.1.7.5.45,maximusque,maximusque,g,,,,,true
substantive,chronicon:0.1.1.7.5.45,maximusque,enormeque,a,,,,,false
substantive,chronicon:0.1.1.7.5.46,est,est,g,,,,,true
substantive,chronicon:0.1.1.7.5.46,est,,a,,,,,false
substantive,chronicon:0.1.1.7.7.1,dies VI,dies VI,g,,,,,true
substantive,chronicon:0.1.1.7.7.1,dies VI,,a,,,,,false
substantive,chronicon:0.1.1.7.8.0,DXXVIII,DXXVIII,g,,,,,true
substantive,chronicon:0.1.1.7.8.0,DXXVIII,DXVIII,a,,,,,false
substantive,chronicon:0.1.1.7.8.1,quadragesimus,quadragesimus,g,,,,,true
substantive,chronicon:0.1.1.7.8.1,quadragesimus,quadragesimum,a,,,,,false
substantive,chronicon:0.1.1.7.8.2,nonus,nonus,g,,,,,true
substantive,chronicon:0.1.1.7.8.2,nonus,nonum,a,,,,,false
substantive,chronicon:0.1.1.7.8.5,mirabilis,mirabilis,g,,,,,true
substantive,chronicon:0.1.1.7.8.5,mirabilis,mirificus,a,,,,,false
substantive,chronicon:0.1.1.7.9.0,sanctorum,sanctorum,g,,,,,true
substantive,chronicon:0.1.1.7.9.0,sanctorum,sancti,a,,,,,false
substantive,chronicon:0.1.1.7.10.1,apud,apud,g,,,,,true
substantive,chronicon:0.1.1.7.10.1,apud,,a,,,,,false
substantive,chronicon:0.1.1.7.10.9,conuictum,conuictum,g,,,,,true
substantive,chronicon:0.1.1.7.10.9,conuictum,conuinctum,a,,,,,false
substantive,chronicon:0.1.1.7.10.10,,,g,,,,,true
substantive,chronicon:0.1.1.7.10.10,,a,a,,,,,false
substantive,chronicon:0.1.1.7.10.13,multos,multos,g,,,,,true
substantive,chronicon:0.1.1.7.10.13,multos,multo,a,,,,,false
substantive,chronicon:0.1.1.7.10.14,dies,dies,g,,,,,true
substantive,chronicon:0.1.1.7.10.14,dies,diem,a,,,,,false
substantive,chronicon:0.1.1.7.10.16,Romam,Romam,g,,,,,true
substantive,chronicon:0.1.1.7.10.16,Romam,Rome,a,,,,,false
substantive,chronicon:0.1.1.7.11.0,assensu,assensu,g,,,,,true
substantive,chronicon:0.1.1.7.11.0,assensu,ascensu,a,,,,,false
substantive,chronicon:0.1.1.7.11.3,seruitio,seruitio,g,,,,,true
substantive,chronicon:0.1.1.7.11.3,seruitio,seuitio,a,,,,,false
substantive,chronicon:0.1.1.7.11.12,bellandi,bellandi,g,,,,,true
substantive,chronicon:0.1.1.7.11.12,bellandi,blandi,a,,,,,false
substantive,chronicon:0.1.1.7.12.1,apud,apud,g,,,,,true
substantive,chronicon:0.1.1.7.12.1,apud,ad,a,,,,,false
substantive,chronicon:0.1.1.7.15.1,pertriuit,pertriuit,a,,,,,true
substantive,chronicon:0.1.1.7.15.1,pertriuit,potriuit,g,,,,,false
substantive,chronicon:0.1.1.7.15.2,perimitur,perimitur,g,,,,,true
substantive,chronicon:0.1.1.7.15.2,perimitur,punitur,a,,,,,false
substantive,chronicon:0.1.1.7.15.6,Baduilam,Baduilam,g,,,,,true
substantive,chronicon:0.1.1.7.15.6,Baduilam,Badualam,a,,,,,false
substantive,chronicon:0.1.1.7.15.7,cenobium,cenobium,g,,,,,true
substantive,chronicon:0.1.1.7.15.7,cenobium,conobium,a,,,,,false
substantive,chronicon:0.1.1.7.15.13,tantam,tantam,g,,,,,true
substantive,chronicon:0.1.1.7.15.13,tantam,tantum,a,,,,,false
substantive,chronicon:0.1.1.7.15.15,nimium,nimium,g,,,,,true
substantive,chronicon:0.1.1.7.15.15,nimium,,a,,,,,false
substantive,chronicon:0.1.1.7.15.19,reparandis,reparandis,g,,,,,true
substantive,chronicon:0.1.1.7.15.19,reparandis,recuperandis,a,,,,,false
substantive,chronicon:0.1.1.7.15.26,Gothos,Gothos,g,,,,,true
substantive,chronicon:0.1.1.7.15.26,Gothos,Getas,a,,,,,false
substantive,chronicon:0.1.1.7.15.28,pariter,pariter,g,,,,,true
substantive,chronicon:0.1.1.7.15.28,pariter,,a,,,,,false
substantive,chronicon:0.1.1.7.15.34,remearunt,remearunt,g,,,,,true
substantive,chronicon:0.1.1.7.15.34,remearunt,remeare,a,,,,,false
substantive,chronicon:0.1.1.7.15.40,Francicus,Francicus,a,,,,,true
substantive,chronicon:0.1.1.7.15.40,Francicus,Franciscus,g,,,,,false
substantive,chronicon:0.1.1.7.15.42,Rursumque,Rursumque,g,,,,,true
substantive,chronicon:0.1.1.7.15.42,Rursumque,Rursum,a,,,,,false
substantive,chronicon:0.1.1.7.15.44,extense,extense,g,,,,,true
substantive,chronicon:0.1.1.7.15.44,extense,extente,a,,,,,false
substantive,chronicon:0.1.1.7.15.47,Nouellarum,Nouellarum,g,,,,,true
substantive,chronicon:0.1.1.7.15.47,Nouellarum,Nouellam,a,,,,,false
substantive,chronicon:0.1.1.7.15.48,nuncupari,nuncupari,g,,,,,true
substantive,chronicon:0.1.1.7.15.48,nuncupari,nuncupare,a,,,,,false
substantive,chronicon:0.1.1.7.16.1,Cassiodorus,Cassiodorus,a,,,,,true
substantive,chronicon:0.1.1.7.16.1,Cassiodorus,Cassiodorum,g,,,,,false
substantive,chronicon:0.1.1.7.16.3,miranda,miranda,g,,,,,true
substantive,chronicon:0.1.1.7.16.3,miranda,mira,a,,,,,false
substantive,chronicon:0.1.1.7.16.9,Parisiace,Parisiace,g,,,,,true
substantive,chronicon:0.1.1.7.16.9,Parisiace,Parisiane,a,,,,,false
substantive,chronicon:0.1.1.7.17.0,IX,IX,g,,,,,true
substantive,chronicon:0.1.1.7.17.0,IX,XI,a,,,,,false
substantive,chronicon:0.1.1.7.18.1,orditurum,orditurum,g,,,,,true
substantive,chronicon:0.1.1.7.18.1,orditurum,ordinaturum,a,,,,,false
substantive,chronicon:0.1.1.7.18.2,,,g,,,,,true
substantive,chronicon:0.1.1.7.18.2,,ei,a,,,,,false
substantive,chronicon:0.1.1.7.18.3,,,g,,,,,true
substantive,chronicon:0.1.1.7.18.3,,cum,a,,,,,false
substantive,chronicon:0.1.1.7.18.7,,,g,,,,,true
substantive,chronicon:0.1.1.7.18.7,,Francorum,a,,,,,false
substantive,chronicon:0.1.1.7.19.1,conculcamus,conculcamus,g,,,,,true
substantive,chronicon:0.1.1.7.19.1,conculcamus,calcamus,a,,,,,false
substantive,chronicon:0.1.1.7.21.0,inpalpabile,inpalpabile,g,,,,,true
substantive,chronicon:0.1.1.7.21.0,inpalpabile,,a,,,,,false
substantive,chronicon:0.1.1.7.22.1,Alamannorum,Alamannorum,a,,,,,true
substantive,chronicon:0.1.1.7.22.1,Alamannorum,,g,,,,,false
substantive,chronicon:0.1.1.7.22.2,contra Longobardos,contra Longobardos,a,,,,,true
substantive,chronicon:0.1.1.7.22.2,contra Longobardos,,g,,,,,false
substantive,chronicon:0.1.1.7.22.4,,,g,,,,,true
substantive,chronicon:0.1.1.7.22.4,,uero,a,,,,,false
substantive,chronicon:0.1.1.7.22.8,effracto,effracto,g,,,,,true
substantive,chronicon:0.1.1.7.22.8,effracto,exfacto,a,,,,,false
substantive,chronicon:0.1.1.7.23.3,Modicia,Modicia,g,,,,,true
substantive,chronicon:0.1.1.7.23.3,Modicia,Modicina,a,,,,,false
substantive,chronicon:0.1.1.7.23.8,rexit,rexit,g,,,,,true
substantive,chronicon:0.1.1.7.23.8,rexit,rex,a,,,,,false
substantive,chronicon:0.1.1.7.24.0,anno,anno,g,,,,,true
substantive,chronicon:0.1.1.7.24.0,anno,temp Teudepertus,a,,,,,false
substantive,chronicon:0.1.1.7.26.2,episcopatu,episcopatu,a,,,,,true
substantive,chronicon:0.1.1.7.26.2,episcopatu,episcopatus,g,,,,,false
substantive,chronicon:0.1.1.7.26.3,post,post,a,,,,,true
substantive,chronicon:0.1.1.7.26.3,post,prius,g,,,,,false
substantive,chronicon:0.1.1.7.26.4,uno,uno,a,,,,,true
substantive,chronicon:0.1.1.7.26.4,uno,VI,g,,,,,false
substantive,chronicon:0.1.1.7.27.0,locorum,locorum,a,,,,,true
substantive,chronicon:0.1.1.7.27.0,locorum,locurum,g,,,,,false
substantive,chronicon:0.1.1.7.27.1,uel,uel,g,,,,,true
substantive,chronicon:0.1.1.7.27.1,uel,atque,a,,,,,false
substantive,chronicon:0.1.1.7.27.3,abducunt,abducunt,g,,,,,true
substantive,chronicon:0.1.1.7.27.3,abducunt,adducunt,a,,,,,false
substantive,chronicon:0.1.1.7.28.2,tunica,tunica,g,,,,,true
substantive,chronicon:0.1.1.7.28.2,tunica,tunicam,a,,,,,false
substantive,chronicon:0.1.1.7.38.1,prephatos,prephatos,g,,,,,true
substantive,chronicon:0.1.1.7.38.1,prephatos,hereticos,a,,,,,false
substantive,chronicon:0.1.1.7.38.2,Constantinopolitanos Patriarchas,Constantinopolitanos Patriarchas,a,,,,,true
substantive,chronicon:0.1.1.7.38.2,Constantinopolitanos Patriarchas,,g,,,,,false
substantive,chronicon:0.1.1.7.39.0,VII,VII,g,,,,,true
substantive,chronicon:0.1.1.7.39.0,VII,VI,a,,,,,false
substantive,chronicon:0.1.1.7.41.0,Perside,Perside,g,,,,,true
substantive,chronicon:0.1.1.7.41.0,Perside,Persida,a,,,,,false
substantive,chronicon:0.1.1.7.43.1,sua,sua,g,,,,,true
substantive,chronicon:0.1.1.7.43.1,sua,,a,,,,,false
substantive,chronicon:0.1.1.7.46.0,annis,annis,a,,,,,true
substantive,chronicon:0.1.1.7.46.0,annis,annos,g,,,,,false
substantive,chronicon:0.1.1.7.46.1,V,V,a,,,,,true
substantive,chronicon:0.1.1.7.46.1,V,,g,,,,,false
substantive,chronicon:0.1.1.7.47.2,,,a,,,,,true
substantive,chronicon:0.1.1.7.47.2,,ei,g,,,,,false
substantive,chronicon:0.1.1.7.47.4,haud,haud,g,,,,,true
substantive,chronicon:0.1.1.7.47.4,haud,aut,a,,,,,false
substantive,chronicon:0.1.1.7.48.1,atriis,atriis,a,,,,,true
substantive,chronicon:0.1.1.7.48.1,atriis,atrinis,g,,,,,false
substantive,app2-in-g131.38-132.34,,,a,,,,,true
substantive,app2-in-g131.38-132.34,,latine,g,,,,,false
substantive,chronicon:0.1.1.7.49.3,,,a,,,,,true
substantive,chronicon:0.1.1.7.49.3,,contra Eutychen nefandissimorum presulem monachorum. Quinta item contra,g,,,,,false
substantive,chronicon:0.1.1.7.51.0,apostolum,apostolum,g,,,,,true
substantive,chronicon:0.1.1.7.51.0,apostolum,,a,,,,,false
substantive,chronicon:0.1.1.7.52.1,uigilias,uigilias,g,,,,,true
substantive,chronicon:0.1.1.7.52.1,uigilias,uirgilias,a,,,,,false
substantive,chronicon:0.1.1.7.54.0,,,a,,,,,true
substantive,chronicon:0.1.1.7.54.0,,sequentem eius,g,,,,,false
substantive,chronicon:0.1.1.7.55.1,archidiaconum,archidiaconum,g,,,,,true
substantive,chronicon:0.1.1.7.55.1,archidiaconum,archediaconem,a,,,,,false
substantive,chronicon:0.1.1.7.57.1,,,a,,,,,true
substantive,chronicon:0.1.1.7.57.1,,latissimam,g,,,,,false
substantive,chronicon:0.1.1.7.63.2,Bathildeth,Bathildeth,g,,,,,true
substantive,chronicon:0.1.1.7.63.2,Bathildeth,Bathildem,a,,,,,false
substantive,chronicon:0.1.1.7.63.4,"atque luxurie dedito, dicto factoue","atque luxurie dedito, dicto factoue",a,,,,,true
substantive,chronicon:0.1.1.7.63.4,"atque luxurie dedito, dicto factoue",,g,,,,,false
substantive,chronicon:0.1.1.7.63.8,Pippinus,Pippinus,g,,,,,true
substantive,chronicon:0.1.1.7.63.8,Pippinus,,a,,,,,false
substantive,chronicon:0.1.1.7.67.0,Constantinopolim,Constantinopolim,g,,,,,true
substantive,chronicon:0.1.1.7.67.0,Constantinopolim,Constantinolim,a,,,,,false
substantive,chronicon:0.1.1.7.72.0,tributariam,tributariam,a,,,,,true
substantive,chronicon:0.1.1.7.72.0,tributariam,tributaria,g,,,,,false
substantive,chronicon:0.1.1.7.72.2,Longobardorum,Longobardorum,a,,,,,true
substantive,chronicon:0.1.1.7.72.2,Longobardorum,,g,,,,,false
substantive,chronicon:0.1.1.7.72.3,sibi karissimum,sibi karissimum,a,,,,,true
substantive,chronicon:0.1.1.7.72.3,sibi karissimum,,g,,,,,false
substantive,chronicon:0.1.1.7.78.2,sacratissimis imaginibus,sacratissimis imaginibus,g,,,,,true
substantive,chronicon:0.1.1.7.78.2,sacratissimis imaginibus,sacratissimas imagines,a,,,,,false
substantive,chronicon:0.1.1.7.81.0,patriarchii,patriarchii,g,,,,,true
substantive,chronicon:0.1.1.7.81.0,patriarchii,patriarchio,a,,,,,false
substantive,chronicon:0.1.1.7.81.2,conuersationibus,conuersationibus,g,,,,,true
substantive,chronicon:0.1.1.7.81.2,conuersationibus,consecrationibus,a,,,,,false
substantive,chronicon:0.1.1.7.81.5,,,a,,,,,true
substantive,chronicon:0.1.1.7.81.5,,uiros,g,,,,,false
substantive,chronicon:0.1.1.7.81.6,gnaros Deumque timentes,gnaros Deumque timentes,a,,,,,true
substantive,chronicon:0.1.1.7.81.6,gnaros Deumque timentes,,g,,,,,false
substantive,chronicon:0.1.1.7.81.8,inquisitus,inquisitus,g,,,,,true
substantive,chronicon:0.1.1.7.81.8,inquisitus,inquisitur,a,,,,,false
substantive,chronicon:0.1.1.7.81.9,concilio,concilio,g,,,,,true
substantive,chronicon:0.1.1.7.81.9,concilio,consilio,a,,,,,false
substantive,chronicon:0.1.1.7.81.12,ii qui de eis fuerant placabiles,ii qui de eis fuerant placabiles,a,,,,,true
substantive,chronicon:0.1.1.7.81.12,ii qui de eis fuerant placabiles,,g,,,,,false
substantive,chronicon:0.1.1.7.82.1,Nauarros,Nauarros,g,,,,,true
substantive,chronicon:0.1.1.7.82.1,Nauarros,Uenarros,a,,,,,false
substantive,chronicon:0.1.1.7.85.1,res,res,g,,,,,true
substantive,chronicon:0.1.1.7.85.1,res,rebus,a,,,,,false
substantive,chronicon:0.1.1.7.88.0,Saxonum,Saxonum,g,,,,,true
substantive,chronicon:0.1.1.7.88.0,Saxonum,Saxonicum,a,,,,,false
substantive,chronicon:0.1.1.7.88.1,pateretur,pateretur,a,,,,,true
substantive,chronicon:0.1.1.7.88.1,pateretur,parteretur,g,,,,,false
substantive,chronicon:0.1.1.7.88.2,fidifraga,fidifraga,g,,,,,true
substantive,chronicon:0.1.1.7.88.2,fidifraga,diffraga,a,,,,,false
substantive,chronicon:0.1.1.7.91.0,etiam,etiam,g,,,,,true
substantive,chronicon:0.1.1.7.91.0,etiam,eam,a,,,,,false
substantive,chronicon:0.1.1.7.91.2,Abodriti,Abodriti,g,,,,,true
substantive,chronicon:0.1.1.7.91.2,Abodriti,Obodriti,a,,,,,false
substantive,chronicon:0.1.1.7.91.3,fidelitatis,fidelitatis,g,,,,,true
substantive,chronicon:0.1.1.7.91.3,fidelitatis,,a,,,,,false
substantive,chronicon:0.1.1.7.91.4,is,is,a,,,,,true
substantive,chronicon:0.1.1.7.91.4,is,his,g,,,,,false
substantive,chronicon:0.1.1.7.93.1,in,in,g,,,,,true
substantive,chronicon:0.1.1.7.93.1,in,,a,,,,,false
substantive,chronicon:0.1.1.7.93.7,quam,quam,g,,,,,true
substantive,chronicon:0.1.1.7.93.7,quam,qui,a,,,,,false
substantive,chronicon:0.1.1.7.93.8,principes.,principes.,g,,,,,true
substantive,chronicon:0.1.1.7.93.8,principes.,"participes fuerunt,",a,,,,,false
substantive,chronicon:0.1.1.7.93.9,Pro quibus tamen,Pro quibus tamen,g,,,,,true
substantive,chronicon:0.1.1.7.93.9,Pro quibus tamen,pro aliis,a,,,,,false
substantive,chronicon:0.1.1.7.93.10,Constantinopoli,Constantinopoli,g,,,,,true
substantive,chronicon:0.1.1.7.93.10,Constantinopoli,Constantinopolim,a,,,,,false
substantive,chronicon:0.1.1.7.96.1,Carolus imperator,Carolus imperator,a,,,,,true
substantive,chronicon:0.1.1.7.96.1,Carolus imperator,,g,,,,,false
substantive,chronicon:0.1.1.7.96.4,Asturie,Asturie,g,,,,,true
substantive,chronicon:0.1.1.7.96.4,Asturie,Asturiem,a,,,,,false
substantive,chronicon:0.1.1.7.96.5,filium,filium,a,,,,,true
substantive,chronicon:0.1.1.7.96.5,filium,,g,,,,,false
substantive,chronicon:0.1.1.7.96.7,elephantum,elephantum,g,,,,,true
substantive,chronicon:0.1.1.7.96.7,elephantum,elephantem,a,,,,,false
substantive,chronicon:0.1.1.7.96.8,Concessitque,Concessitque,g,,,,,true
substantive,chronicon:0.1.1.7.96.8,Concessitque,Concessit,a,,,,,false
substantive,chronicon:0.1.1.7.96.9,multotiens,multotiens,a,,,,,true
substantive,chronicon:0.1.1.7.96.9,multotiens,,g,,,,,false
substantive,chronicon:0.1.1.7.96.10,culpa,culpa,g,,,,,true
substantive,chronicon:0.1.1.7.96.10,culpa,,a,,,,,false
substantive,chronicon:0.1.1.7.96.11,qua,qua,g,,,,,true
substantive,chronicon:0.1.1.7.96.11,qua,quam,a,,,,,false
substantive,chronicon:0.1.1.7.96.12,,,g,,,,,true
substantive,chronicon:0.1.1.7.96.12,,ac,a,,,,,false
substantive,chronicon:0.1.1.7.96.14,ueneto,ueneto,g,,,,,true
substantive,chronicon:0.1.1.7.96.14,ueneto,uenero,a,,,,,false
substantive,chronicon:0.1.1.7.96.16,quidem precipuis,quidem precipuis,a,,,,,true
substantive,chronicon:0.1.1.7.96.16,quidem precipuis,,g,,,,,false
substantive,chronicon:0.1.1.7.96.17,gemmisque,gemmisque,a,,,,,true
substantive,chronicon:0.1.1.7.96.17,gemmisque,,g,,,,,false
substantive,chronicon:0.1.1.7.96.18,et gemmato ense,et gemmato ense,a,,,,,true
substantive,chronicon:0.1.1.7.96.18,et gemmato ense,,g,,,,,false
substantive,chronicon:0.1.1.7.96.21,lectorem,lectorem,g,,,,,true
substantive,chronicon:0.1.1.7.96.21,lectorem,lectionem,a,,,,,false
substantive,app24-in-g156.12-157.28,muneribus,muneribus,a,,,,,true
substantive,app24-in-g156.12-157.28,muneribus,honoribus,g,,,,,false
substantive,chronicon:0.1.1.7.96.24,ita,ita,a,,,,,true
substantive,chronicon:0.1.1.7.96.24,ita,,g,,,,,false
substantive,chronicon:0.1.1.7.96.25,extitit,extitit,a,,,,,true
substantive,chronicon:0.1.1.7.96.25,extitit,,g,,,,,false
substantive,chronicon:0.1.1.7.96.26,in,in,g,,,,,true
substantive,chronicon:0.1.1.7.96.26,in,,a,,,,,false
substantive,chronicon:0.1.1.7.100.0,in,in,a,,,,,true
substantive,chronicon:0.1.1.7.100.0,in,,g,,,,,false
substantive,chronicon:0.1.1.7.100.1,marmoris,marmoris,a,,,,,true
substantive,chronicon:0.1.1.7.100.1,marmoris,marmoreis,g,,,,,false
substantive,chronicon:0.1.1.7.102.4,de manu sacerdotis sumendo,de manu sacerdotis sumendo,a,,,,,true
substantive,chronicon:0.1.1.7.102.4,de manu sacerdotis sumendo,,g,,,,,false
substantive,chronicon:0.1.1.7.105.0,,,g,,,,,true
substantive,chronicon:0.1.1.7.105.0,,in,a,,,,,false
substantive,chronicon:0.1.1.8.2.1,Uergente,Uergente,a,,,,,true
substantive,chronicon:0.1.1.8.2.1,Uergente,Uertente,g,,,,,false
substantive,chronicon:0.1.1.8.8.0,anno,anno,a,,,,,true
substantive,chronicon:0.1.1.8.8.0,anno,tempore,g,,,,,false
substantive,chronicon:0.1.1.8.11.0,", indictione VIII",", indictione VIII",g,,,,,true
substantive,chronicon:0.1.1.8.11.0,", indictione VIII",,a,,,,,false
substantive,chronicon:0.1.1.8.12.0,sicque mortuus est,sicque mortuus est,g,,,,,true
substantive,chronicon:0.1.1.8.12.0,sicque mortuus est,,a,,,,,false
substantive,chronicon:0.1.1.8.13.0,", indictione XII",", indictione XII",g,,,,,true
substantive,chronicon:0.1.1.8.13.0,", indictione XII",,a,,,,,false
substantive,chronicon:0.1.1.8.14.0,", indictione XIII",", indictione XIII",g,,,,,true
substantive,chronicon:0.1.1.8.14.0,", indictione XIII",,a,,,,,false
substantive,chronicon:0.1.1.8.17.0,Anno dominice incarnationis,Anno dominice incarnationis,b,,,,,true
substantive,chronicon:0.1.1.8.17.0,Anno dominice incarnationis,Anni domini,a,,,,,false
substantive,chronicon:0.1.1.8.17.1,DCCCXCIII,DCCCXCIII,b,,,,,true
substantive,chronicon:0.1.1.8.17.1,DCCCXCIII,DCCCLXXXXIV,a,,,,,false
substantive,chronicon:0.1.1.8.18.0,", indictione V",", indictione V",b,,,,,true
substantive,chronicon:0.1.1.8.18.0,", indictione V",,a,,,,,false
substantive,chronicon:0.1.1.8.19.0,annuente,annuente,b,,,,,true
substantive,chronicon:0.1.1.8.19.0,annuente,annitente,a,,,,,false
substantive,chronicon:0.1.1.8.19.1,annis,annis,a g,,,,,true
substantive,chronicon:0.1.1.8.19.1,annis,anni,b,,,,,false
substantive,chronicon:0.1.1.8.20.0,Anno,Anno,b,,,,,true
substantive,chronicon:0.1.1.8.20.0,Anno,Anni,a,,,,,false
substantive,chronicon:0.1.1.8.21.2,uita,uita,a g,,,,,true
substantive,chronicon:0.1.1.8.21.2,uita,uitam,b,,,,,false
substantive,chronicon:0.1.1.8.21.3,reliquit,reliquit,b,,,,,true
substantive,chronicon:0.1.1.8.21.3,reliquit,dereliquit,a,,,,,false
substantive,chronicon:0.1.1.8.21.4,annis,annis,a g,,,,,true
substantive,chronicon:0.1.1.8.21.4,annis,anni,b,,,,,false
substantive,chronicon:0.1.1.8.21.6,papatu,papatu,a g,,,,,true
substantive,chronicon:0.1.1.8.21.6,papatu,papato,b,,,,,false
substantive,chronicon:0.1.1.8.22.2,anno,anno,b,,,,,true
substantive,chronicon:0.1.1.8.22.2,anno,anni,a,,,,,false
substantive,chronicon:0.1.1.8.23.0,Anno,Anno,b,,,,,true
substantive,chronicon:0.1.1.8.23.0,Anno,Anni,a,,,,,false
substantive,chronicon:0.1.1.8.23.2,Lando,Lando,b,,,,,true
substantive,chronicon:0.1.1.8.23.2,Lando,dando,a,,,,,false
substantive,chronicon:0.1.1.8.24.0,Auria,Auria,b,,,,,true
substantive,chronicon:0.1.1.8.24.0,Auria,Aerea,a,,,,,false
substantive,chronicon:0.1.1.8.25.0,Anno ab incarnatione,Anno ab incarnatione,b,,,,,true
substantive,chronicon:0.1.1.8.25.0,Anno ab incarnatione,Anni,a,,,,,false
substantive,chronicon:0.1.1.8.26.0,Anno dominice incarnationis,Anno dominice incarnationis,b,,,,,true
substantive,chronicon:0.1.1.8.26.0,Anno dominice incarnationis,Anni Domini,a,,,,,false
substantive,chronicon:0.1.1.8.27.0,,,b,,,,,true
substantive,chronicon:0.1.1.8.27.0,,quoque,a,,,,,false
substantive,chronicon:0.1.1.8.28.4,dux,dux,a,,,,,true
substantive,chronicon:0.1.1.8.28.4,dux,,b g,,,,,false
substantive,chronicon:0.1.1.8.28.6,,,b,,,,,true
substantive,chronicon:0.1.1.8.28.6,,. anno,a,,,,,false
substantive,chronicon:0.1.1.8.28.7,", indictione VI",", indictione VI",b,,,,,true
substantive,chronicon:0.1.1.8.28.7,", indictione VI",,a,,,,,false
substantive,chronicon:0.1.1.8.29.0,Et,Et,b,,,,,true
substantive,chronicon:0.1.1.8.29.0,Et,Ex,a,,,,,false
substantive,chronicon:0.1.1.8.30.0,CMLXVIII,CMLXVIII,b,,,,,true
substantive,chronicon:0.1.1.8.30.0,CMLXVIII,CMLXVII,a,,,,,false
substantive,chronicon:0.1.1.8.30.1,anno uno mensibus II. Deinde uero Iohannes sedit,anno uno mensibus II. Deinde uero Iohannes sedit,b,,,,,true
substantive,chronicon:0.1.1.8.30.1,anno uno mensibus II. Deinde uero Iohannes sedit,,a,,,,,false
substantive,chronicon:0.1.1.8.31.0,incarnationis,incarnationis,b a,,,,,true
substantive,chronicon:0.1.1.8.31.0,incarnationis,ab incarnatione,o,,,,,false
substantive,chronicon:0.1.1.8.31.1,annis,annis,b a,,,,,true
substantive,chronicon:0.1.1.8.31.1,annis,annum,o,,,,,false
substantive,chronicon:0.1.1.8.31.2,,,b a,,,,,true
substantive,chronicon:0.1.1.8.31.2,,est,o,,,,,false
substantive,chronicon:0.1.1.8.31.3,Remis,Remis,b a,,,,,true
substantive,chronicon:0.1.1.8.31.3,Remis,regnus,o,,,,,false
substantive,chronicon:0.1.1.8.32.0,autem,autem,b a,,,,,true
substantive,chronicon:0.1.1.8.32.0,autem,annis,o,,,,,false
substantive,chronicon:0.1.1.8.32.1,ueniens,ueniens,b a,,,,,true
substantive,chronicon:0.1.1.8.32.1,ueniens,uera ens cunctam,o,,,,,false
substantive,chronicon:0.1.1.8.32.3,Calabrie,Calabrie,b a,,,,,true
substantive,chronicon:0.1.1.8.32.3,Calabrie,Calobrie,o,,,,,false
substantive,chronicon:0.1.1.8.32.5,Regium,Regium,b a,,,,,true
substantive,chronicon:0.1.1.8.32.5,Regium,regnum,o,,,,,false
substantive,chronicon:0.1.1.8.32.7,unum,unum,b a,,,,,true
substantive,chronicon:0.1.1.8.32.7,unum,,o,,,,,false
substantive,chronicon:0.1.1.8.32.8,anno,anno,b a,,,,,true
substantive,chronicon:0.1.1.8.32.8,anno,annum,o,,,,,false
substantive,chronicon:0.1.1.8.32.10,mensibus,mensibus,b a,,,,,true
substantive,chronicon:0.1.1.8.32.10,mensibus,et menses,o,,,,,false
substantive,chronicon:0.1.1.8.32.11,mense,mense,b a,,,,,true
substantive,chronicon:0.1.1.8.32.11,mense,mensem,o,,,,,false
substantive,chronicon:0.1.1.8.32.14,annis,annis,b a,,,,,true
substantive,chronicon:0.1.1.8.32.14,annis,annum,o,,,,,false
substantive,chronicon:0.1.1.8.33.2,nouem,nouem,b a,,,,,true
substantive,chronicon:0.1.1.8.33.2,nouem,IX,o,,,,,false
substantive,chronicon:0.1.1.8.33.5,rebellauit,rebellauit,b a,,,,,true
substantive,chronicon:0.1.1.8.33.5,rebellauit,rellauit,o,,,,,false
substantive,chronicon:0.1.1.8.33.7,Laudunensis,Laudunensis,b,,,,,true
substantive,chronicon:0.1.1.8.33.7,Laudunensis,Laudum,a,,,,,false
substantive,chronicon:0.1.1.8.33.7,Laudunensis,Lauduni,o,,,,,false
substantive,chronicon:0.1.1.8.33.8,traderet,traderet,b a,,,,,true
substantive,chronicon:0.1.1.8.33.8,traderet,traderat,o,,,,,false
substantive,chronicon:0.1.1.8.33.11,autem,autem,b o,,,,,true
substantive,chronicon:0.1.1.8.33.11,autem,tamen,a,,,,,false
substantive,chronicon:0.1.1.8.33.12,uxore,uxore,b a,,,,,true
substantive,chronicon:0.1.1.8.33.12,uxore,uxorem,o,,,,,false
substantive,chronicon:0.1.1.8.33.16,constituitque,constituitque,a g o,,,,,true
substantive,chronicon:0.1.1.8.33.16,constituitque,contituitque,b,,,,,false
substantive,chronicon:0.1.1.8.33.17,.,.,b a,,,,,true
substantive,chronicon:0.1.1.8.33.17,.,qui defecit impium in Francis,o,,,,,false
substantive,chronicon:0.1.1.8.33.18,descendentium,descendentium,b a,,,,,true
substantive,chronicon:0.1.1.8.33.18,descendentium,descencium,o,,,,,false
substantive,chronicon:0.1.1.8.33.19,ex tunc,ex tunc,b a,,,,,true
substantive,chronicon:0.1.1.8.33.19,ex tunc,,o,,,,,false
substantive,chronicon:0.1.1.8.33.20,contenti,contenti,b a,,,,,true
substantive,chronicon:0.1.1.8.33.20,contenti,crescenti,o,,,,,false
substantive,chronicon:0.1.1.8.33.21,amiserunt,amiserunt,b o,,,,,true
substantive,chronicon:0.1.1.8.33.21,amiserunt,ammiserunt,a,,,,,false
substantive,chronicon:0.1.1.8.33.23,Lotharii,Lotharii,b a,,,,,true
substantive,chronicon:0.1.1.8.33.23,Lotharii,Locharii,o,,,,,false
substantive,chronicon:0.1.1.8.33.24,Lotharii,Lotharii,b a,,,,,true
substantive,chronicon:0.1.1.8.33.24,Lotharii,Loharii,o,,,,,false
substantive,chronicon:0.1.1.8.33.28,consensit,consensit,b a,,,,,true
substantive,chronicon:0.1.1.8.33.28,consensit,contensit,o,,,,,false
substantive,chronicon:0.1.1.8.33.30,regem,regem,b a,,,,,true
substantive,chronicon:0.1.1.8.33.30,regem,,o,,,,,false
substantive,chronicon:0.1.1.8.33.33,Remensi,Remensi,b a,,,,,true
substantive,chronicon:0.1.1.8.33.33,Remensi,Remansi,o,,,,,false
substantive,chronicon:0.1.1.8.33.34,congregaret,congregaret,b a,,,,,true
substantive,chronicon:0.1.1.8.33.34,congregaret,congregare,o,,,,,false
substantive,chronicon:0.1.1.8.33.35,reuocaret,reuocaret,b a,,,,,true
substantive,chronicon:0.1.1.8.33.35,reuocaret,reuocare,o,,,,,false
substantive,chronicon:0.1.1.8.33.37,degradaret,degradaret,b a,,,,,true
substantive,chronicon:0.1.1.8.33.37,degradaret,degradare,o,,,,,false
substantive,chronicon:0.1.1.8.33.38,et fecit,et fecit,b a,,,,,true
substantive,chronicon:0.1.1.8.33.38,et fecit,efecit,o,,,,,false
substantive,chronicon:0.1.1.8.33.39,suscepisset,suscepisset,b a,,,,,true
substantive,chronicon:0.1.1.8.33.39,suscepisset,suscepise,o,,,,,false
substantive,chronicon:0.1.1.8.33.40,Rauenna,Rauenna,b a,,,,,true
substantive,chronicon:0.1.1.8.33.40,Rauenna,Romana,o,,,,,false
substantive,chronicon:0.1.1.8.33.42,acclamabat,acclamabat,b o,,,,,true
substantive,chronicon:0.1.1.8.33.42,acclamabat,acclamat,a,,,,,false
substantive,chronicon:0.1.1.8.33.43,,,b a,,,,,true
substantive,chronicon:0.1.1.8.33.43,,est,o,,,,,false
substantive,chronicon:0.1.1.8.35.1,tendebat,tendebat,o,,,,,true
substantive,chronicon:0.1.1.8.35.1,tendebat,tenebat,b a g,,,,,false
substantive,chronicon:0.1.1.8.35.8,multo postea,multo postea,o,,,,,true
substantive,chronicon:0.1.1.8.35.8,multo postea,post multos,b a g,,,,,false
substantive,chronicon:0.1.1.8.35.9,domos,domos,b a,,,,,true
substantive,chronicon:0.1.1.8.35.9,domos,domus,o,,,,,false
substantive,chronicon:0.1.1.8.35.10,Apriano,Apriano,b a,,,,,true
substantive,chronicon:0.1.1.8.35.10,Apriano,Arriano,o,,,,,false
substantive,chronicon:0.1.1.8.36.1,mensibus,mensibus,b a,,,,,true
substantive,chronicon:0.1.1.8.36.1,mensibus,menses,o,,,,,false
substantive,chronicon:0.1.1.8.36.2,retrusus,retrusus,b a,,,,,true
substantive,chronicon:0.1.1.8.36.2,retrusus,reclusus,o,,,,,false
substantive,chronicon:0.1.1.8.36.4,mensibus,mensibus,b a,,,,,true
substantive,chronicon:0.1.1.8.36.4,mensibus,menses,o,,,,,false
substantive,chronicon:0.1.1.8.36.5,mensibus,mensibus,b a,,,,,true
substantive,chronicon:0.1.1.8.36.5,mensibus,menses,o,,,,,false
substantive,chronicon:0.1.1.8.37.0,dominice incarnationis,dominice incarnationis,b a,,,,,true
substantive,chronicon:0.1.1.8.37.0,dominice incarnationis,ab incarnatione Domini,o,,,,,false
substantive,chronicon:0.1.1.8.38.0,CMXCVII,CMXCVII,b,,,,,true
substantive,chronicon:0.1.1.8.38.0,CMXCVII,CMXLVII,a,,,,,false
substantive,chronicon:0.1.1.8.38.0,CMXCVII,CMXCVIII,o,,,,,false
substantive,chronicon:0.1.1.8.38.2,successit,successit,b a,,,,,true
substantive,chronicon:0.1.1.8.38.2,successit,secesit,o,,,,,false
substantive,chronicon:0.1.1.8.38.4,XXIII,XXIII,b,,,,,true
substantive,chronicon:0.1.1.8.38.4,XXIII,XXXIII,a o,,,,,false
substantive,chronicon:0.1.1.8.39.5,Burgundiam,Burgundiam,b a,,,,,true
substantive,chronicon:0.1.1.8.39.5,Burgundiam,Burgundia,o,,,,,false
substantive,chronicon:0.1.1.8.39.6,Rainaldus,Rainaldus,b,,,,,true
substantive,chronicon:0.1.1.8.39.6,Rainaldus,Raynaldus,a,,,,,false
substantive,chronicon:0.1.1.8.39.6,Rainaldus,{Gap in the MS: 1 illegible word},o,,,,,false
substantive,chronicon:0.1.1.8.39.10,quoque,quoque,b,,,,,true
substantive,chronicon:0.1.1.8.39.10,quoque,itaque,a,,,,,false
substantive,chronicon:0.1.1.8.39.10,quoque,,o,,,,,false
substantive,chronicon:0.1.1.8.39.12,Rainaldus,Rainaldus,b,,,,,true
substantive,chronicon:0.1.1.8.39.12,Rainaldus,Raynaldus,a,,,,,false
substantive,chronicon:0.1.1.8.39.12,Rainaldus,,o,,,,,false
substantive,chronicon:0.1.1.8.39.13,filius,filius,b a,,,,,true
substantive,chronicon:0.1.1.8.39.13,filius,,o,,,,,false
substantive,chronicon:0.1.1.8.39.15,persecucionem,persecucionem,b,,,,,true
substantive,chronicon:0.1.1.8.39.15,persecucionem,persecutionem,a,,,,,false
substantive,chronicon:0.1.1.8.39.15,persecucionem,,o,,,,,false
substantive,chronicon:0.1.1.8.39.16,intulit ecclesiis Christi eiusque fidelibus quanta,intulit ecclesiis Christi eiusque fidelibus quanta,b a,,,,,true
substantive,chronicon:0.1.1.8.39.16,intulit ecclesiis Christi eiusque fidelibus quanta,,o,,,,,false
substantive,chronicon:0.1.1.8.39.17,a,a,o,,,,,true
substantive,chronicon:0.1.1.8.39.17,a,,b a g,,,,,false
substantive,chronicon:0.1.1.8.39.20,Seguino,Seguino,b,,,,,true
substantive,chronicon:0.1.1.8.39.20,Seguino,Saguino,a,,,,,false
substantive,chronicon:0.1.1.8.39.20,Seguino,,o,,,,,false
substantive,chronicon:0.1.1.8.39.21,", et regi tradita Robberto.",", et regi tradita Robberto.",b a,,,,,true
substantive,chronicon:0.1.1.8.39.21,", et regi tradita Robberto.",,o,,,,,false
substantive,chronicon:0.1.1.8.40.3,mensibus,mensibus,b a,,,,,true
substantive,chronicon:0.1.1.8.40.3,mensibus,menses,o,,,,,false
substantive,chronicon:0.1.1.8.40.6,mense,mense,b a,,,,,true
substantive,chronicon:0.1.1.8.40.6,mense,mensis,o,,,,,false
substantive,chronicon:0.1.1.8.40.7,Sigo,Sigo,b a,,,,,true
substantive,chronicon:0.1.1.8.40.7,Sigo,Sego,o,,,,,false
substantive,chronicon:0.1.1.8.40.8,cathedram mensibus,cathedram mensibus,b a,,,,,true
substantive,chronicon:0.1.1.8.40.8,cathedram mensibus,cathedra menses,o,,,,,false
substantive,chronicon:0.1.1.8.40.9,Fassanus,Fassanus,b,,,,,true
substantive,chronicon:0.1.1.8.40.9,Fassanus,Fanassus,a,,,,,false
substantive,chronicon:0.1.1.8.40.9,Fassanus,Fanasus,o,,,,,false
substantive,chronicon:0.1.1.8.40.10,II,II,b,,,,,true
substantive,chronicon:0.1.1.8.40.10,II,IV,a o,,,,,false
substantive,chronicon:0.1.1.8.40.13,dedecore,dedecore,b a,,,,,true
substantive,chronicon:0.1.1.8.40.13,dedecore,decore,o,,,,,false
substantive,chronicon:0.1.1.8.40.14,Constantinopoli,Constantinopoli,o,,,,,true
substantive,chronicon:0.1.1.8.40.14,Constantinopoli,Constantinopolim,b a g,,,,,false
substantive,chronicon:0.1.1.8.40.15,causa,causa,b a,,,,,true
substantive,chronicon:0.1.1.8.40.15,causa,causam,o,,,,,false
substantive,chronicon:0.1.1.8.40.16,ueniret,ueniret,b a,,,,,true
substantive,chronicon:0.1.1.8.40.16,ueniret,uenire,o,,,,,false
substantive,chronicon:0.1.1.8.40.18,licet inuitus,licet inuitus,b a,,,,,true
substantive,chronicon:0.1.1.8.40.18,licet inuitus,ligatus inuictus,o,,,,,false
substantive,chronicon:0.1.1.8.40.22,anima et,anima et,b a,,,,,true
substantive,chronicon:0.1.1.8.40.22,anima et,omnia de,o,,,,,false
substantive,chronicon:0.1.1.8.40.25,anno dominice incarnationis,anno dominice incarnationis,b a,,,,,true
substantive,chronicon:0.1.1.8.40.25,anno dominice incarnationis,anno dominice ab incarnatione Domini,o,,,,,false
substantive,chronicon:0.1.1.8.40.26,millesimo secundo,millesimo secundo,b,,,,,true
substantive,chronicon:0.1.1.8.40.26,millesimo secundo,M,a,,,,,false
substantive,chronicon:0.1.1.8.40.26,millesimo secundo,MI,o,,,,,false
substantive,chronicon:0.1.1.8.40.27,indictione,indictione,b o,,,,,true
substantive,chronicon:0.1.1.8.40.27,indictione,per indictionem,a,,,,,false
substantive,chronicon:0.1.1.8.40.28,XIV,XIV,b o,,,,,true
substantive,chronicon:0.1.1.8.40.28,XIV,XIII,a,,,,,false
substantive,chronicon:0.1.1.8.40.31,,,b o,,,,,true
substantive,chronicon:0.1.1.8.40.31,,anno uidelicet,a,,,,,false
substantive,chronicon:0.1.1.8.40.32,incarnationis MI indictione XIV,incarnationis MI indictione XIV,b a,,,,,true
substantive,chronicon:0.1.1.8.40.32,incarnationis MI indictione XIV,incarnatione Domini M per indictionem XIII,o,,,,,false
substantive,chronicon:0.1.1.8.40.33,ciuitatem,ciuitatem,b a,,,,,true
substantive,chronicon:0.1.1.8.40.33,ciuitatem,ciuitatis,o,,,,,false
substantive,chronicon:0.1.1.8.40.34,ceperat,ceperat,b a,,,,,true
substantive,chronicon:0.1.1.8.40.34,ceperat,cepit,o,,,,,false
substantive,chronicon:0.1.1.8.40.37,annis,annis,a g,,,,,true
substantive,chronicon:0.1.1.8.40.37,annis,anni,b o,,,,,false
substantive,chronicon:0.1.1.8.40.39,ingressi,ingressi,b a,,,,,true
substantive,chronicon:0.1.1.8.40.39,ingressi,ingresi sunt,o,,,,,false
substantive,chronicon:0.1.1.8.41.0,MI,MI,b,,,,,true
substantive,chronicon:0.1.1.8.41.0,MI,MXI,a,,,,,false
substantive,chronicon:0.1.1.8.41.0,MI,{Gap in the MS: 1 missing word},o,,,,,false
substantive,chronicon:0.1.1.8.42.0,dominice incarnationis,dominice incarnationis,b a,,,,,true
substantive,chronicon:0.1.1.8.42.0,dominice incarnationis,ab incarnatione Domini,o,,,,,false
substantive,chronicon:0.1.1.8.42.1,MII,MII,b,,,,,true
substantive,chronicon:0.1.1.8.42.1,MII,MXII,a,,,,,false
substantive,chronicon:0.1.1.8.42.1,MII,{Gap in the MS: 1 missing word},o,,,,,false
substantive,chronicon:0.1.1.8.42.5,Benedicto,Benedicto,b a,,,,,true
substantive,chronicon:0.1.1.8.42.5,Benedicto,Benedictus,o,,,,,false
substantive,chronicon:0.1.1.8.42.6,mense,mense,b a,,,,,true
substantive,chronicon:0.1.1.8.42.6,mense,menses,o,,,,,false
substantive,chronicon:0.1.1.8.42.7,Bugano,Bugano,b a,,,,,true
substantive,chronicon:0.1.1.8.42.7,Bugano,Buiano,o,,,,,false
substantive,chronicon:0.1.1.8.42.8,cum,cum,a g o,,,,,true
substantive,chronicon:0.1.1.8.42.8,cum,,b,,,,,false
substantive,chronicon:0.1.1.8.42.9,uendicaret,uendicaret,b a,,,,,true
substantive,chronicon:0.1.1.8.42.9,uendicaret,uendicare,o,,,,,false
substantive,chronicon:0.1.1.8.42.10,componeret,componeret,b a,,,,,true
substantive,chronicon:0.1.1.8.42.10,componeret,componere,o,,,,,false
substantive,chronicon:0.1.1.8.43.0,Anno,Anno,b o,,,,,true
substantive,chronicon:0.1.1.8.43.0,Anno,Anni,a,,,,,false
substantive,chronicon:0.1.1.8.43.11,extitit,extitit,b a,,,,,true
substantive,chronicon:0.1.1.8.43.11,extitit,exercuit,o,,,,,false
substantive,chronicon:0.1.1.8.43.12,ciuitate,ciuitate,b a,,,,,true
substantive,chronicon:0.1.1.8.43.12,ciuitate,urbe,o,,,,,false
substantive,chronicon:0.1.1.8.43.13,qui,qui,b,,,,,true
substantive,chronicon:0.1.1.8.43.13,qui,quique,a o,,,,,false
substantive,chronicon:0.1.1.8.43.15,aliquantorum,aliquantorum,b,,,,,true
substantive,chronicon:0.1.1.8.43.15,aliquantorum,aliquanta,a o,,,,,false
substantive,chronicon:0.1.1.8.43.18,oppida,oppida,b a,,,,,true
substantive,chronicon:0.1.1.8.43.18,oppida,opida,o,,,,,false
substantive,chronicon:0.1.1.8.43.20,ex suo nomine,ex suo nomine,b o,,,,,true
substantive,chronicon:0.1.1.8.43.20,ex suo nomine,,a,,,,,false
substantive,chronicon:0.1.1.8.43.21,Troie,Troie,b,,,,,true
substantive,chronicon:0.1.1.8.43.21,Troie,,a,,,,,false
substantive,chronicon:0.1.1.8.43.21,Troie,Troye,o,,,,,false
substantive,chronicon:0.1.1.8.43.23,", in anno uidelicet",", in anno uidelicet",b o,,,,,true
substantive,chronicon:0.1.1.8.43.23,", in anno uidelicet",,a,,,,,false
substantive,chronicon:0.1.1.8.43.26,Alamannorum imperator,Alamannorum imperator,b a,,,,,true
substantive,chronicon:0.1.1.8.43.26,Alamannorum imperator,Alamanorum imperatorii,o,,,,,false
substantive,chronicon:0.1.1.8.43.27,Benedicto,Benedicto,b a,,,,,true
substantive,chronicon:0.1.1.8.43.27,Benedicto,Benedictus,o,,,,,false
substantive,chronicon:0.1.1.8.43.28,eam,eam,b a,,,,,true
substantive,chronicon:0.1.1.8.43.28,eam,,o,,,,,false
substantive,chronicon:0.1.1.8.43.30,eam,eam,b a,,,,,true
substantive,chronicon:0.1.1.8.43.30,eam,ea,o,,,,,false
substantive,chronicon:0.1.1.8.43.31,non,non,b a,,,,,true
substantive,chronicon:0.1.1.8.43.31,non,,o,,,,,false
substantive,chronicon:0.1.1.8.43.32,ui cepisset,ui cepisset,b a,,,,,true
substantive,chronicon:0.1.1.8.43.32,ui cepisset,non sine mora incepise,o,,,,,false
substantive,chronicon:0.1.1.8.43.33,timuit,timuit,b a,,,,,true
substantive,chronicon:0.1.1.8.43.33,timuit,,o,,,,,false
substantive,chronicon:0.1.1.8.43.34,receptis,receptis,b a,,,,,true
substantive,chronicon:0.1.1.8.43.34,receptis,acceptis,o,,,,,false
substantive,chronicon:0.1.1.8.43.35,autem,autem,b o,,,,,true
substantive,chronicon:0.1.1.8.43.35,autem,,a,,,,,false
substantive,chronicon:0.1.1.8.45.7,et,et,b a,,,,,true
substantive,chronicon:0.1.1.8.45.7,et,,o,,,,,false
substantive,chronicon:0.1.1.8.46.0,Anno,Anno,b o,,,,,true
substantive,chronicon:0.1.1.8.46.0,Anno,Anni,a,,,,,false
substantive,chronicon:0.1.1.8.46.2,MXXVII,MXXVII,b,,,,,true
substantive,chronicon:0.1.1.8.46.2,MXXVII,MXXVIII,a,,,,,false
substantive,chronicon:0.1.1.8.46.2,MXXVII,{Gap in the MS: 1 missing word},o,,,,,false
substantive,chronicon:0.1.1.8.46.4,Constantinopolim,Constantinopolim,b a,,,,,true
substantive,chronicon:0.1.1.8.46.4,Constantinopolim,Constantinopoli,o,,,,,false
substantive,chronicon:0.1.1.8.46.6,annos,annos,b o,,,,,true
substantive,chronicon:0.1.1.8.46.6,annos,annis,a,,,,,false
substantive,chronicon:0.1.1.8.48.0,dominice incarnationis,dominice incarnationis,b a,,,,,true
substantive,chronicon:0.1.1.8.48.0,dominice incarnationis,ab incarnatione Domini,o,,,,,false
substantive,chronicon:0.1.1.8.48.1,imperator,imperator,b a,,,,,true
substantive,chronicon:0.1.1.8.48.1,imperator,imperatore,o,,,,,false
substantive,chronicon:0.1.1.8.48.4,in,in,b a,,,,,true
substantive,chronicon:0.1.1.8.48.4,in,,o,,,,,false
substantive,chronicon:0.1.1.8.48.9,urbs Parisii,urbs Parisii,b a,,,,,true
substantive,chronicon:0.1.1.8.48.9,urbs Parisii,urbis Perisius,o,,,,,false
substantive,chronicon:0.1.1.8.48.10,regnauit autem,regnauit autem,b o,,,,,true
substantive,chronicon:0.1.1.8.48.10,regnauit autem,regnauitque,a,,,,,false
substantive,chronicon:0.1.1.8.49.0,dominice incarnationis,dominice incarnationis,b a,,,,,true
substantive,chronicon:0.1.1.8.49.0,dominice incarnationis,ab incarnatione Domini,o,,,,,false
substantive,chronicon:0.1.1.8.49.2,ei,ei,b a,,,,,true
substantive,chronicon:0.1.1.8.49.2,ei,,o,,,,,false
substantive,chronicon:0.1.1.8.49.3,uocabatur,uocabatur,b o,,,,,true
substantive,chronicon:0.1.1.8.49.3,uocabatur,uocatur,a,,,,,false
substantive,chronicon:0.1.1.8.49.6,iste,iste,b a,,,,,true
substantive,chronicon:0.1.1.8.49.6,iste,isto,o,,,,,false
substantive,chronicon:0.1.1.8.49.7,est. Post,est. Post,b a,,,,,true
substantive,chronicon:0.1.1.8.49.7,est. Post,post,o,,,,,false
substantive,chronicon:0.1.1.8.49.8,LVII,LVII,b,,,,,true
substantive,chronicon:0.1.1.8.49.8,LVII,LVI,a o,,,,,false
substantive,chronicon:0.1.1.8.49.9,est,est,b a,,,,,true
substantive,chronicon:0.1.1.8.49.9,est,,o,,,,,false
substantive,chronicon:0.1.1.8.49.13,archipresbitero,archipresbitero,b a,,,,,true
substantive,chronicon:0.1.1.8.49.13,archipresbitero,archiepiscopo,o,,,,,false
substantive,chronicon:0.1.1.8.49.14,et mensibus,et mensibus,b a,,,,,true
substantive,chronicon:0.1.1.8.49.14,et mensibus,menses,o,,,,,false
substantive,chronicon:0.1.1.8.50.0,dominice incarnationis,dominice incarnationis,b a,,,,,true
substantive,chronicon:0.1.1.8.50.0,dominice incarnationis,ab incarnatione Domini,o,,,,,false
substantive,chronicon:0.1.1.8.50.1,mense,mense,b a,,,,,true
substantive,chronicon:0.1.1.8.50.1,mense,mesem,o,,,,,false
substantive,chronicon:0.1.1.8.50.6,discurreret,discurreret,b a,,,,,true
substantive,chronicon:0.1.1.8.50.6,discurreret,discurere,o,,,,,false
substantive,chronicon:0.1.1.8.51.0,,,b a,,,,,true
substantive,chronicon:0.1.1.8.51.0,,Domini,o,,,,,false
substantive,chronicon:0.1.1.8.51.1,cognomento,cognomento,b a,,,,,true
substantive,chronicon:0.1.1.8.51.1,cognomento,cognominato,o,,,,,false
substantive,chronicon:0.1.1.8.51.2,Catalactus,Catalactus,b a,,,,,true
substantive,chronicon:0.1.1.8.51.2,Catalactus,Cathactus,o,,,,,false
substantive,chronicon:0.1.1.8.51.4,,,b a,,,,,true
substantive,chronicon:0.1.1.8.51.4,,in,o,,,,,false
substantive,chronicon:0.1.1.8.51.6,uno die,uno die,b a,,,,,true
substantive,chronicon:0.1.1.8.51.6,uno die,I diem,o,,,,,false
substantive,chronicon:0.1.1.8.51.7,dimicarum,dimicarum,b g,,,,,true
substantive,chronicon:0.1.1.8.51.7,dimicarum,dimicarunt,a,,,,,false
substantive,chronicon:0.1.1.8.51.7,dimicarum,dimicare,o,,,,,false
substantive,chronicon:0.1.1.8.51.8,amnem,amnem,b a,,,,,true
substantive,chronicon:0.1.1.8.51.8,amnem,aminem,o,,,,,false
substantive,chronicon:0.1.1.8.52.0,Domini,Domini,b a,,,,,true
substantive,chronicon:0.1.1.8.52.0,Domini,dominice incarnationis Domini,o,,,,,false
substantive,chronicon:0.1.1.8.52.6,ipso,ipso,b o,,,,,true
substantive,chronicon:0.1.1.8.52.6,ipso,,a,,,,,false
substantive,chronicon:0.1.1.8.52.7,X,X,b,,,,,true
substantive,chronicon:0.1.1.8.52.7,X,,a o,,,,,false
substantive,chronicon:0.1.1.8.52.10,ei,ei,b a,,,,,true
substantive,chronicon:0.1.1.8.52.10,ei,eius,o,,,,,false
substantive,chronicon:0.1.1.8.52.12,atque,atque,b a,,,,,true
substantive,chronicon:0.1.1.8.52.12,atque,ad quem,o,,,,,false
substantive,chronicon:0.1.1.8.53.1,eclipsim,eclipsim,b a,,,,,true
substantive,chronicon:0.1.1.8.53.1,eclipsim,eclipsi,o,,,,,false
substantive,chronicon:0.1.1.8.53.2,Idus,Idus,b a,,,,,true
substantive,chronicon:0.1.1.8.53.2,Idus,Idem,o,,,,,false
substantive,chronicon:0.1.1.8.53.4,horas,horas,b a,,,,,true
substantive,chronicon:0.1.1.8.53.4,horas,hore,o,,,,,false
substantive,chronicon:0.1.1.8.55.0,dominice incarnationis,dominice incarnationis,b a,,,,,true
substantive,chronicon:0.1.1.8.55.0,dominice incarnationis,ab incarnatione Domini,o,,,,,false
substantive,chronicon:0.1.1.8.55.1,MXLV,MXLV,b a,,,,,true
substantive,chronicon:0.1.1.8.55.1,MXLV,MXLIII,o,,,,,false
substantive,chronicon:0.1.1.8.55.3,ciuitatem,ciuitatem,b o,,,,,true
substantive,chronicon:0.1.1.8.55.3,ciuitatem,,a,,,,,false
substantive,chronicon:0.1.1.8.56.0,MXLVI,MXLVI,b,,,,,true
substantive,chronicon:0.1.1.8.56.0,MXLVI,MXLVII,a,,,,,false
substantive,chronicon:0.1.1.8.56.0,MXLVI,{Gap in the MS: 1 missing word},o,,,,,false
substantive,chronicon:0.1.1.8.56.1,XIV,XIV,b o,,,,,true
substantive,chronicon:0.1.1.8.56.1,XIV,XV,a,,,,,false
substantive,chronicon:0.1.1.8.56.5,eodemque,eodemque,b a,,,,,true
substantive,chronicon:0.1.1.8.56.5,eodemque,edemque,o,,,,,false
substantive,chronicon:0.1.1.8.56.8,iussit,iussit,b a,,,,,true
substantive,chronicon:0.1.1.8.56.8,iussit,fecit,o,,,,,false
substantive,chronicon:0.1.1.8.56.12,mensibus,mensibus,b a,,,,,true
substantive,chronicon:0.1.1.8.56.12,mensibus,menses,o,,,,,false
substantive,chronicon:0.1.1.8.57.1,,,b a2,,,,,true
substantive,chronicon:0.1.1.8.57.1,,a,o,,,,,false
substantive,chronicon:0.1.1.8.57.2,anno Domini,anno Domini,b,,,,,true
substantive,chronicon:0.1.1.8.57.2,anno Domini,,a2 o,,,,,false
substantive,app4-in-g180.10-180.12,MXLVII,MXLVII,b,,,,,true
substantive,app4-in-g180.10-180.12,MXLVII,MXLII,a2,,,,,false
substantive,app4-in-g180.10-180.12,MXLVII,,o,,,,,false
substantive,chronicon:0.1.1.8.57.4,", indictione XV",", indictione XV",b a2,,,,,true
substantive,chronicon:0.1.1.8.57.4,", indictione XV",,o,,,,,false
substantive,chronicon:0.1.1.8.58.1,Decembris,Decembris,b,,,,,true
substantive,chronicon:0.1.1.8.58.1,Decembris,Decembris,a2,,,,,false
substantive,chronicon:0.1.1.8.58.2,depopulauerunt Liccie,depopulauerunt Liccie,b,,,,,true
substantive,chronicon:0.1.1.8.58.2,depopulauerunt Liccie,,a2,,,,,false
substantive,chronicon:0.1.1.8.59.0,Domini,Domini,b,,,,,true
substantive,chronicon:0.1.1.8.59.0,Domini,dominice incarnationis,a2,,,,,false
substantive,chronicon:0.1.1.8.59.0,Domini,ab incarnatione Domini,o,,,,,false
substantive,chronicon:0.1.1.8.60.0,Domini,Domini,b,,,,,true
substantive,chronicon:0.1.1.8.60.0,Domini,dominice incarnationis,a2,,,,,false
substantive,chronicon:0.1.1.8.60.0,Domini,ab incarnatione Domini,o,,,,,false
substantive,chronicon:0.1.1.8.60.2,papa,papa,b o,,,,,true
substantive,chronicon:0.1.1.8.60.2,papa,,a2,,,,,false
substantive,chronicon:0.1.1.8.60.4,Brunus,Brunus,b o,,,,,true
substantive,chronicon:0.1.1.8.60.4,Brunus,Bruno,a2,,,,,false
substantive,app7-in-g181.2-181.5,officii huius,officii huius,a2,,,,,true
substantive,app7-in-g181.2-181.5,officii huius,,b g,,,,,false
substantive,app7-in-g181.2-181.5,officii huius,oficii huius,o,,,,,false
substantive,chronicon:0.1.1.8.60.8,honore,honore,b,,,,,true
substantive,chronicon:0.1.1.8.60.8,honore,honorem,a2 o,,,,,false
substantive,chronicon:0.1.1.8.60.9,annis,annis,b a2,,,,,true
substantive,chronicon:0.1.1.8.60.9,annis,annos,o,,,,,false
substantive,chronicon:0.1.1.8.60.11,mensibus,mensibus,b a2,,,,,true
substantive,chronicon:0.1.1.8.60.11,mensibus,menses,o,,,,,false
substantive,chronicon:0.1.1.8.60.12,duobus,duobus,b,,,,,true
substantive,chronicon:0.1.1.8.60.12,duobus,II,a2,,,,,false
substantive,chronicon:0.1.1.8.60.12,duobus,duos,o,,,,,false
substantive,chronicon:0.1.1.8.61.0,Domini,Domini,b,,,,,true
substantive,chronicon:0.1.1.8.61.0,Domini,dominice incarnationis,a2 o,,,,,false
substantive,chronicon:0.1.1.8.61.1,MLI,MLI,b a2,,,,,true
substantive,chronicon:0.1.1.8.61.1,MLI,{Gap in the MS: 1 missing word},o,,,,,false
substantive,chronicon:0.1.1.8.61.2,indictione,indictione,b a2,,,,,true
substantive,chronicon:0.1.1.8.61.2,indictione,indictionem,o,,,,,false
substantive,chronicon:0.1.1.8.61.3,mense,mense,b a2,,,,,true
substantive,chronicon:0.1.1.8.61.3,mense,mensis,o,,,,,false
substantive,chronicon:0.1.1.8.61.8,seruatam,seruatam,a2 o,,,,,true
substantive,chronicon:0.1.1.8.61.8,seruatam,sertatam,b g,,,,,false
substantive,chronicon:0.1.1.8.61.12,Unfridus,Unfridus,b,,,,,true
substantive,chronicon:0.1.1.8.61.12,Unfridus,Gofridus,a2,,,,,false
substantive,chronicon:0.1.1.8.61.12,Unfridus,Umfridus,o,,,,,false
substantive,chronicon:0.1.1.8.61.15,potestatem,potestatem,b a2,,,,,true
substantive,chronicon:0.1.1.8.61.15,potestatem,potestatis,o,,,,,false
substantive,chronicon:0.1.1.8.61.16,honoris,honoris,b a2,,,,,true
substantive,chronicon:0.1.1.8.61.16,honoris,honorem,o,,,,,false
substantive,chronicon:0.1.1.8.63.1,mense,mense,b a2,,,,,true
substantive,chronicon:0.1.1.8.63.1,mense,mensis,o,,,,,false
substantive,chronicon:0.1.1.8.63.2,Iulio,Iulio,b,,,,,true
substantive,chronicon:0.1.1.8.63.2,Iulio,Iulii,a2,,,,,false
substantive,chronicon:0.1.1.8.63.2,Iulio,Iunii,o,,,,,false
substantive,chronicon:0.1.1.8.63.8,imperator,imperator,b a2,,,,,true
substantive,chronicon:0.1.1.8.63.8,imperator,imperato,o,,,,,false
substantive,chronicon:0.1.1.8.63.9,direxerat,direxerat,b o,,,,,true
substantive,chronicon:0.1.1.8.63.9,direxerat,duxerat,a2,,,,,false
substantive,chronicon:0.1.1.8.63.12,bello,bello,b o,,,,,true
substantive,chronicon:0.1.1.8.63.12,bello,prelio,a2,,,,,false
substantive,chronicon:0.1.1.8.63.16,Alamannis,Alamannis,b o,,,,,true
substantive,chronicon:0.1.1.8.63.16,Alamannis,Alamanni,a2,,,,,false
substantive,chronicon:0.1.1.8.63.18,pontificum,pontificum,b a2,,,,,true
substantive,chronicon:0.1.1.8.63.18,pontificum,pontificium,o,,,,,false
substantive,chronicon:0.1.1.8.63.27,premonuerat,premonuerat,b a2,,,,,true
substantive,chronicon:0.1.1.8.63.27,premonuerat,premouerat,o,,,,,false
substantive,chronicon:0.1.1.8.63.30,perspiciente,perspiciente,b o,,,,,true
substantive,chronicon:0.1.1.8.63.30,perspiciente,perspicientem,a2,,,,,false
substantive,chronicon:0.1.1.8.63.35,,,b a2,,,,,true
substantive,chronicon:0.1.1.8.63.35,,seculi,o,,,,,false
substantive,chronicon:0.1.1.8.63.37,sed,sed,b o,,,,,true
substantive,chronicon:0.1.1.8.63.37,sed,si,a2,,,,,false
substantive,chronicon:0.1.1.8.63.40,existens,existens,b a2,,,,,true
substantive,chronicon:0.1.1.8.63.40,existens,persistens,o,,,,,false
substantive,chronicon:0.1.1.8.63.42,Isachius,Isachius,b a2,,,,,true
substantive,chronicon:0.1.1.8.63.42,Isachius,Michael,o,,,,,false
substantive,chronicon:0.1.1.8.63.43,Commiano,Commiano,b a2,,,,,true
substantive,chronicon:0.1.1.8.63.43,Commiano,Inscomiano,o,,,,,false
substantive,chronicon:0.1.1.8.63.44,imperator,imperator,b a2,,,,,true
substantive,chronicon:0.1.1.8.63.44,imperator,imperatore,o,,,,,false
substantive,chronicon:0.1.1.8.63.48,cognomento,cognomento,b a2,,,,,true
substantive,chronicon:0.1.1.8.63.48,cognomento,cognomianatus,o,,,,,false
substantive,chronicon:0.1.1.8.63.52,mense,mense,b a2,,,,,true
substantive,chronicon:0.1.1.8.63.52,mense,menses,o,,,,,false
substantive,chronicon:0.1.1.8.63.53,,,b a2,,,,,true
substantive,chronicon:0.1.1.8.63.53,,"in anno ab incarnatione Domini MLV, indictionem VIII",o,,,,,false
substantive,chronicon:0.1.1.8.63.55,qui,qui,b a2,,,,,true
substantive,chronicon:0.1.1.8.63.55,qui,,o,,,,,false
substantive,chronicon:0.1.1.8.63.56,seditque,seditque,b o,,,,,true
substantive,chronicon:0.1.1.8.63.56,seditque,sedit,a2,,,,,false
substantive,chronicon:0.1.1.8.63.58,mensibus,mensibus,b a2,,,,,true
substantive,chronicon:0.1.1.8.63.58,mensibus,menses,o,,,,,false
substantive,chronicon:0.1.1.8.63.62,mensibus,mensibus,b a2,,,,,true
substantive,chronicon:0.1.1.8.63.62,mensibus,menses,o,,,,,false
substantive,chronicon:0.1.1.8.63.65,episcopus,episcopus,b a2,,,,,true
substantive,chronicon:0.1.1.8.63.65,episcopus,,o,,,,,false
substantive,chronicon:0.1.1.8.63.66,mensibus,mensibus,b a2,,,,,true
substantive,chronicon:0.1.1.8.63.66,mensibus,mensis,o,,,,,false
substantive,chronicon:0.1.1.8.63.67,nouem,nouem,b,,,,,true
substantive,chronicon:0.1.1.8.63.67,nouem,IX,a2,,,,,false
substantive,chronicon:0.1.1.8.63.67,nouem,VIII,o,,,,,false
substantive,chronicon:0.1.1.8.63.68,Patarea idest Patareanorum secta,Patarea idest Patareanorum secta,b a2,,,,,true
substantive,chronicon:0.1.1.8.63.68,Patarea idest Patareanorum secta,Patarie,o,,,,,false
substantive,chronicon:0.1.1.8.64.0,X,X,b o,,,,,true
substantive,chronicon:0.1.1.8.64.0,X,VII,a2,,,,,false
substantive,chronicon:0.1.1.8.64.1,Unfridus,Unfridus,b,,,,,true
substantive,chronicon:0.1.1.8.64.1,Unfridus,Gofridus,a2,,,,,false
substantive,chronicon:0.1.1.8.64.1,Unfridus,Umfridus,o,,,,,false
substantive,chronicon:0.1.1.8.64.7,cognomento,cognomento,b a2,,,,,true
substantive,chronicon:0.1.1.8.64.7,cognomento,cognominato,o,,,,,false
substantive,chronicon:0.1.1.8.64.9,Unfridi,Unfridi,b,,,,,true
substantive,chronicon:0.1.1.8.64.9,Unfridi,Gofridi,a2,,,,,false
substantive,chronicon:0.1.1.8.64.9,Unfridi,Umfridi,o,,,,,false
substantive,chronicon:0.1.1.8.64.15,comitis,comitis,b a2,,,,,true
substantive,chronicon:0.1.1.8.64.15,comitis,comis,o,,,,,false
substantive,app19-in-g183.1-184.6,Willelmus,Willelmus,a2 g,,,,,true
substantive,app19-in-g183.1-184.6,Willelmus,Willemus,b,,,,,false
substantive,app19-in-g183.1-184.6,Willelmus,Arlelmus,o,,,,,false
substantive,chronicon:0.1.1.8.64.21,Brachiferreus,Brachiferreus,b a2,,,,,true
substantive,chronicon:0.1.1.8.64.21,Brachiferreus,Brachiferuens,o,,,,,false
substantive,chronicon:0.1.1.8.64.22,prenomine,prenomine,b a2,,,,,true
substantive,chronicon:0.1.1.8.64.22,prenomine,prenomina,o,,,,,false
substantive,chronicon:0.1.1.8.64.24,et,et,b a2,,,,,true
substantive,chronicon:0.1.1.8.64.24,et,,o,,,,,false
substantive,chronicon:0.1.1.8.64.25,Unfridus,Unfridus,b,,,,,true
substantive,chronicon:0.1.1.8.64.25,Unfridus,Gonfridus,a2,,,,,false
substantive,chronicon:0.1.1.8.64.25,Unfridus,Umfridus,o,,,,,false
substantive,chronicon:0.1.1.8.64.26,probus,probus,b a2,,,,,true
substantive,chronicon:0.1.1.8.64.26,probus,quibus,o,,,,,false
substantive,chronicon:0.1.1.8.64.27,atque,atque,b a2,,,,,true
substantive,chronicon:0.1.1.8.64.27,atque,adque,o,,,,,false
substantive,chronicon:0.1.1.8.64.29,ingeniique,ingeniique,b a2,,,,,true
substantive,chronicon:0.1.1.8.64.29,ingeniique,ingenumque,o,,,,,false
substantive,chronicon:0.1.1.8.64.31,Apulia,Apulia,b o,,,,,true
substantive,chronicon:0.1.1.8.64.31,Apulia,Apuliam,a2,,,,,false
substantive,chronicon:0.1.1.8.64.34,rexit,rexit,b a2,,,,,true
substantive,chronicon:0.1.1.8.64.34,rexit,rex,o,,,,,false
substantive,chronicon:0.1.1.8.64.35,,,b a2,,,,,true
substantive,chronicon:0.1.1.8.64.35,,fuit,o,,,,,false
substantive,chronicon:0.1.1.8.64.37,,,b a2,,,,,true
substantive,chronicon:0.1.1.8.64.37,,comes,o,,,,,false
substantive,chronicon:0.1.1.8.64.38,,,b a2,,,,,true
substantive,chronicon:0.1.1.8.64.38,,autem,o,,,,,false
substantive,chronicon:0.1.1.8.64.39,inconstans animo,inconstans animo,b,,,,,true
substantive,chronicon:0.1.1.8.64.39,inconstans animo,et constans,a2,,,,,false
substantive,chronicon:0.1.1.8.64.39,inconstans animo,in Constantino,o,,,,,false
substantive,chronicon:0.1.1.8.64.40,seuusque,seuusque,b o,,,,,true
substantive,chronicon:0.1.1.8.64.40,seuusque,serenusque,a2,,,,,false
substantive,chronicon:0.1.1.8.64.43,ecclesiarum,ecclesiarum,b a2,,,,,true
substantive,chronicon:0.1.1.8.64.43,ecclesiarum,ecclesie,o,,,,,false
substantive,chronicon:0.1.1.8.64.44,atque,atque,b a2,,,,,true
substantive,chronicon:0.1.1.8.64.44,atque,adque,o,,,,,false
substantive,chronicon:0.1.1.8.64.45,,,b o,,,,,true
substantive,chronicon:0.1.1.8.64.45,,honori,a2,,,,,false
substantive,chronicon:0.1.1.8.65.0,Ierardus,Ierardus,b,,,,,true
substantive,chronicon:0.1.1.8.65.0,Ierardus,Gerardus,a2 o,,,,,false
substantive,chronicon:0.1.1.8.65.2,anno Riccardus,anno Riccardus,b a2,,,,,true
substantive,chronicon:0.1.1.8.65.2,anno Riccardus,anni Ricardus,o,,,,,false
substantive,chronicon:0.1.1.8.66.0,Domini,Domini,b,,,,,true
substantive,chronicon:0.1.1.8.66.0,Domini,dominice incarnationis,a2,,,,,false
substantive,chronicon:0.1.1.8.66.0,Domini,ab incarnatione,o,,,,,false
substantive,chronicon:0.1.1.8.66.1,cui,cui,b o,,,,,true
substantive,chronicon:0.1.1.8.66.1,cui,et,a2,,,,,false
substantive,chronicon:0.1.1.8.66.4,est,est,b,,,,,true
substantive,chronicon:0.1.1.8.66.4,est,,a2 o,,,,,false
substantive,chronicon:0.1.1.8.66.6,ipsam,ipsam,b a2,,,,,true
substantive,chronicon:0.1.1.8.66.6,ipsam,ipsa,o,,,,,false
substantive,chronicon:0.1.1.8.67.1,Calabriam,Calabriam,b a,,,,,true
substantive,chronicon:0.1.1.8.67.1,Calabriam,Calabria,o,,,,,false
substantive,chronicon:0.1.1.8.67.2,atque,atque,b a,,,,,true
substantive,chronicon:0.1.1.8.67.2,atque,adque,o,,,,,false
substantive,chronicon:0.1.1.8.67.6,atque,atque,b a,,,,,true
substantive,chronicon:0.1.1.8.67.6,atque,adque,o,,,,,false
substantive,chronicon:0.1.1.8.67.7,,,b a,,,,,true
substantive,chronicon:0.1.1.8.67.7,,in,o,,,,,false
substantive,chronicon:0.1.1.8.67.9,et,et,b o,,,,,true
substantive,chronicon:0.1.1.8.67.9,et,,a,,,,,false
substantive,chronicon:0.1.1.8.67.10,atque,atque,b a,,,,,true
substantive,chronicon:0.1.1.8.67.10,atque,adque,o,,,,,false
substantive,chronicon:0.1.1.8.67.12,uxore,uxore,b,,,,,true
substantive,chronicon:0.1.1.8.67.12,uxore,,a,,,,,false
substantive,chronicon:0.1.1.8.67.12,uxore,uxorem,o,,,,,false
substantive,chronicon:0.1.1.8.67.13,Alberada,Alberada,b a,,,,,true
substantive,chronicon:0.1.1.8.67.13,Alberada,Abberada,o,,,,,false
substantive,chronicon:0.1.1.8.67.17,liggius,liggius,b a,,,,,true
substantive,chronicon:0.1.1.8.67.17,liggius,ligirius,o,,,,,false
substantive,chronicon:0.1.1.8.67.21,Guiscardum,Guiscardum,b a,,,,,true
substantive,chronicon:0.1.1.8.67.21,Guiscardum,Guiscare,o,,,,,false
substantive,chronicon:0.1.1.8.68.0,dominice incarnationis,dominice incarnationis,b a,,,,,true
substantive,chronicon:0.1.1.8.68.0,dominice incarnationis,ab incarnatione Domini,o,,,,,false
substantive,chronicon:0.1.1.8.68.3,anno,anno,b o,,,,,true
substantive,chronicon:0.1.1.8.68.3,anno,tempore,a,,,,,false
substantive,chronicon:0.1.1.8.68.9,Nicolao,Nicolao,b a,,,,,true
substantive,chronicon:0.1.1.8.68.9,Nicolao,Nicolaus,o,,,,,false
substantive,chronicon:0.1.1.8.68.10,Sedique,Sedique,b,,,,,true
substantive,chronicon:0.1.1.8.68.10,Sedique,Seditque,a,,,,,false
substantive,chronicon:0.1.1.8.68.10,Sedique,Set,o,,,,,false
substantive,chronicon:0.1.1.8.68.11,,,b a,,,,,true
substantive,chronicon:0.1.1.8.68.11,,autem,o,,,,,false
substantive,chronicon:0.1.1.8.68.12,mensibus,mensibus,b a,,,,,true
substantive,chronicon:0.1.1.8.68.12,mensibus,menses,o,,,,,false
substantive,chronicon:0.1.1.8.69.1,cepit eam et,cepit eam et,b,,,,,true
substantive,chronicon:0.1.1.8.69.1,cepit eam et,,a2,,,,,false
substantive,chronicon:0.1.1.8.71.0,Anno Domini,Anno Domini,b,,,,,true
substantive,chronicon:0.1.1.8.71.0,Anno Domini,,a2,,,,,false
substantive,chronicon:0.1.1.8.71.1,anno,anno,b,,,,,true
substantive,chronicon:0.1.1.8.71.1,anno,autem temporim,a2,,,,,false
substantive,chronicon:0.1.1.8.73.0,III,III,b,,,,,true
substantive,chronicon:0.1.1.8.73.0,III,IV,a o,,,,,false
substantive,app3-in-g186.12-187.2,a parte,a parte,b a,,,,,true
substantive,app3-in-g186.12-187.2,a parte,in,o,,,,,false
substantive,chronicon:0.1.1.8.73.3,Orientis,Orientis,b a,,,,,true
substantive,chronicon:0.1.1.8.73.3,Orientis,oriente,o,,,,,false
substantive,chronicon:0.1.1.8.73.5,similiter,similiter,b,,,,,true
substantive,chronicon:0.1.1.8.73.5,similiter,,a,,,,,false
substantive,chronicon:0.1.1.8.75.1,Anno domini,Anno domini,b,,,,,true
substantive,chronicon:0.1.1.8.75.1,Anno domini,,a2,,,,,false
substantive,chronicon:0.1.1.8.75.2,V,V,b,,,,,true
substantive,chronicon:0.1.1.8.75.2,V,VI,a2,,,,,false
substantive,chronicon:0.1.1.8.75.4,obsidione,obsidione,b,,,,,true
substantive,chronicon:0.1.1.8.75.4,obsidione,obsidionem,a2,,,,,false
substantive,chronicon:0.1.1.8.75.5,abiit,abiit,b,,,,,true
substantive,chronicon:0.1.1.8.75.5,abiit,uenit,a2,,,,,false
substantive,chronicon:0.1.1.8.77.1,Hoc,Hoc,b,,,,,true
substantive,chronicon:0.1.1.8.77.1,Hoc,MLXX indictione VIII hoc,a2,,,,,false
substantive,chronicon:0.1.1.8.77.2,,,b,,,,,true
substantive,chronicon:0.1.1.8.77.2,,XLIII,a2,,,,,false
substantive,chronicon:0.1.1.8.78.1,mouens,mouens,b a,,,,,true
substantive,chronicon:0.1.1.8.78.1,mouens,monens,o,,,,,false
substantive,chronicon:0.1.1.8.78.2,""" """,""" """,b,,,,,true
substantive,chronicon:0.1.1.8.78.2,""" """,,a,,,,,false
substantive,app4-in-g187.14-188.1,"per terram et per mare, duxitque ante eam naues LVIII","per terram et per mare, duxitque ante eam naues LVIII",b,,,,,true
substantive,app4-in-g187.14-188.1,"per terram et per mare, duxitque ante eam naues LVIII",,a,,,,,false
substantive,chronicon:0.1.1.8.79.0,X,X,b,,,,,true
substantive,chronicon:0.1.1.8.79.0,X,,a,,,,,false
substantive,chronicon:0.1.1.8.79.1,,,b,,,,,true
substantive,chronicon:0.1.1.8.79.1,,in,a,,,,,false
substantive,chronicon:0.1.1.8.82.0,MLXXVI,MLXXVI,b,,,,,true
substantive,chronicon:0.1.1.8.82.0,MLXXVI,MLXXV,a,,,,,false
substantive,chronicon:0.1.1.8.82.1,,,b,,,,,true
substantive,chronicon:0.1.1.8.82.1,,cubrie,a,,,,,false
substantive,chronicon:0.1.1.8.82.2,Hic,Hic,b,,,,,true
substantive,chronicon:0.1.1.8.82.2,Hic,Hinc,a,,,,,false
substantive,chronicon:0.1.1.8.84.0,Gisolfus,Gisolfus,a g,,,,,true
substantive,chronicon:0.1.1.8.84.0,Gisolfus,Gisolfum,b,,,,,false
substantive,chronicon:0.1.1.8.85.0,traddit,traddit,b,,,,,true
substantive,chronicon:0.1.1.8.85.0,traddit,tradidit,a,,,,,false
substantive,chronicon:0.1.1.8.85.1,ecclesiam,ecclesiam,a g,,,,,true
substantive,chronicon:0.1.1.8.85.1,ecclesiam,eccelsiam,b,,,,,false
substantive,chronicon:0.1.1.8.85.3,honore,honore,b,,,,,true
substantive,chronicon:0.1.1.8.85.3,honore,honorem,a,,,,,false
substantive,chronicon:0.1.1.8.85.6,,,b,,,,,true
substantive,chronicon:0.1.1.8.85.6,,successit,a,,,,,false
substantive,chronicon:0.1.1.8.85.7,successit,successit,b,,,,,true
substantive,chronicon:0.1.1.8.85.7,successit,,a,,,,,false
substantive,chronicon:0.1.1.8.85.8,Iordanus,Iordanus,b,,,,,true
substantive,chronicon:0.1.1.8.85.8,Iordanus,,a,,,,,false
substantive,chronicon:0.1.1.8.85.10,Hoc anno obsessa est Salernum a Robberto duce et comprehensa est ab eo.,Hoc anno obsessa est Salernum a Robberto duce et comprehensa est ab eo.,b,,,,,true
substantive,chronicon:0.1.1.8.85.10,Hoc anno obsessa est Salernum a Robberto duce et comprehensa est ab eo.,,a,,,,,false
substantive,chronicon:0.1.1.8.86.1,Michaele,Michaele,a,,,,,true
substantive,chronicon:0.1.1.8.86.1,Michaele,Michael,b g,,,,,false
substantive,chronicon:0.1.1.8.88.0,hac,hac,b,,,,,true
substantive,chronicon:0.1.1.8.88.0,hac,te,a,,,,,false
substantive,chronicon:0.1.1.8.89.0,MLXXX,MLXXX,b,,,,,true
substantive,chronicon:0.1.1.8.89.0,MLXXX,MLXXXI,a,,,,,false
substantive,chronicon:0.1.1.8.91.0,uero,uero,b,,,,,true
substantive,chronicon:0.1.1.8.91.0,uero,,a,,,,,false
substantive,chronicon:0.1.1.8.91.5,et,et,b,,,,,true
substantive,chronicon:0.1.1.8.91.5,et,ac,a,,,,,false
substantive,chronicon:0.1.1.8.91.13,et,et,b,,,,,true
substantive,chronicon:0.1.1.8.91.13,et,ac,a,,,,,false
substantive,chronicon:0.1.1.8.91.18,Michaelis,Michaelis,a g,,,,,true
substantive,chronicon:0.1.1.8.91.18,Michaelis,Michaeli,b,,,,,false
substantive,chronicon:0.1.1.8.91.20,in,in,b,,,,,true
substantive,chronicon:0.1.1.8.91.20,in,,a,,,,,false
substantive,chronicon:0.1.1.8.91.21,dux,dux,a g,,,,,true
substantive,chronicon:0.1.1.8.91.21,dux,,b,,,,,false
substantive,chronicon:0.1.1.8.92.0,,,a g,,,,,true
substantive,chronicon:0.1.1.8.92.0,,imperatoribus,b,,,,,false
substantive,chronicon:0.1.1.8.92.1,constituit,constituit,b,,,,,true
substantive,chronicon:0.1.1.8.92.1,constituit,constitui,a,,,,,false
substantive,chronicon:0.1.1.8.93.0,Anno domini,Anno domini,b,,,,,true
substantive,chronicon:0.1.1.8.93.0,Anno domini,,a2,,,,,false
substantive,chronicon:0.1.1.8.93.1,MLXXXII,MLXXXII,b,,,,,true
substantive,chronicon:0.1.1.8.93.1,MLXXXII,MLXXXIII,a2,,,,,false
substantive,chronicon:0.1.1.8.94.0,MLXXXIII,MLXXXIII,b,,,,,true
substantive,chronicon:0.1.1.8.94.0,MLXXXIII,MLXXXIV,a,,,,,false
substantive,chronicon:0.1.1.8.94.2,,,b,,,,,true
substantive,chronicon:0.1.1.8.94.2,,eidem,a,,,,,false
substantive,chronicon:0.1.1.8.94.3,duxitque,duxitque,a g,,,,,true
substantive,chronicon:0.1.1.8.94.3,duxitque,duxtique,b,,,,,false
substantive,chronicon:0.1.1.8.95.0,multitudine,multitudine,a,,,,,true
substantive,chronicon:0.1.1.8.95.0,multitudine,multitudinem,b g,,,,,false
substantive,chronicon:0.1.1.8.95.5,estimari,estimari,b,,,,,true
substantive,chronicon:0.1.1.8.95.5,estimari,credi,a,,,,,false
substantive,chronicon:0.1.1.8.98.1,feratur,feratur,b,,,,,true
substantive,chronicon:0.1.1.8.98.1,feratur,ferunt,a2,,,,,false
substantive,chronicon:0.1.1.8.100.0,"a Rogerio comite,","a Rogerio comite,",b,,,,,true
substantive,chronicon:0.1.1.8.100.0,"a Rogerio comite,",,a2,,,,,false
substantive,chronicon:0.1.1.8.100.1,comesos ac,comesos ac,b,,,,,true
substantive,chronicon:0.1.1.8.100.1,comesos ac,comedisse,a2,,,,,false
substantive,chronicon:0.1.1.8.102.0,Eodem anno,Eodem anno,b,,,,,true
substantive,chronicon:0.1.1.8.102.0,Eodem anno,"MLXXXIX, indictione XII,",a2,,,,,false
substantive,chronicon:0.1.1.8.102.2,Canusinam,Canusinam,b,,,,,true
substantive,chronicon:0.1.1.8.102.2,Canusinam,Bandussianam,a2,,,,,false
substantive,chronicon:0.1.1.8.105.0,Anno,Anno,b,,,,,true
substantive,chronicon:0.1.1.8.105.0,Anno,Anni,a,,,,,false
substantive,chronicon:0.1.1.8.105.1,XIII,XIII,b,,,,,true
substantive,chronicon:0.1.1.8.105.1,XIII,XIV,a,,,,,false
substantive,chronicon:0.1.1.8.109.0,Anno,Anno,b,,,,,true
substantive,chronicon:0.1.1.8.109.0,Anno,Anni,a,,,,,false
substantive,chronicon:0.1.1.8.109.1,,,b,,,,,true
substantive,chronicon:0.1.1.8.109.1,,Aprilis,a,,,,,false
substantive,chronicon:0.1.1.8.110.1,Domini,Domini,b,,,,,true
substantive,chronicon:0.1.1.8.110.1,Domini,dominice incarnationis,a2,,,,,false
substantive,chronicon:0.1.1.8.110.6,humeris,humeris,a2,,,,,true
substantive,chronicon:0.1.1.8.110.6,humeris,umeribus,b g,,,,,false
substantive,chronicon:0.1.1.8.110.7,in,in,b,,,,,true
substantive,chronicon:0.1.1.8.110.7,in,,a2,,,,,false
substantive,chronicon:0.1.1.8.111.0,incarnati uerbi,incarnati uerbi,b,,,,,true
substantive,chronicon:0.1.1.8.111.0,incarnati uerbi,dominice incarnationis,a,,,,,false
substantive,chronicon:0.1.1.8.111.1,Aprilis,Aprilis,b,,,,,true
substantive,chronicon:0.1.1.8.111.1,Aprilis,Octobris,a,,,,,false
substantive,chronicon:0.1.1.8.111.4,fertur enim fuisse paganos centum quadraginta milia,fertur enim fuisse paganos centum quadraginta milia,b,,,,,true
substantive,chronicon:0.1.1.8.111.4,fertur enim fuisse paganos centum quadraginta milia,,a,,,,,false
substantive,chronicon:0.1.1.8.111.8,sibi,sibi,b g,,,,,true
substantive,chronicon:0.1.1.8.111.8,sibi,ibi,a,,,,,false
substantive,chronicon:0.1.1.8.111.10,Ipso quoque anno eadem indictione,Ipso quoque anno eadem indictione,b,,,,,true
substantive,chronicon:0.1.1.8.111.10,Ipso quoque anno eadem indictione,,a,,,,,false
substantive,app12-in-g201.1-201.18,Troia,Troia,a g,,,,,true
substantive,app12-in-g201.1-201.18,Troia,,b,,,,,false
substantive,chronicon:0.1.1.8.114.0,,,b,,,,,true
substantive,chronicon:0.1.1.8.114.0,,circa,a,,,,,false
substantive,chronicon:0.1.1.8.115.2,eius,eius,a2 g,,,,,true
substantive,chronicon:0.1.1.8.115.2,eius,,b,,,,,false
substantive,chronicon:0.1.1.8.116.1,,,b,,,,,true
substantive,chronicon:0.1.1.8.116.1,,"anno ab incarnatione Domini MC primo, indictione IX",a,,,,,false
substantive,chronicon:0.1.1.8.116.2,autem,autem,b,,,,,true
substantive,chronicon:0.1.1.8.116.2,autem,,a,,,,,false
substantive,chronicon:0.1.1.8.117.0,Raul Machabeo,Raul Machabeo,b,,,,,true
substantive,chronicon:0.1.1.8.117.0,Raul Machabeo,a Mulmachabeo,a2,,,,,false
substantive,chronicon:0.1.1.8.118.0,,,b,,,,,true
substantive,chronicon:0.1.1.8.118.0,,in,a,,,,,false
substantive,chronicon:0.1.1.8.118.1,ciuitate,ciuitate,b,,,,,true
substantive,chronicon:0.1.1.8.118.1,ciuitate,ciuitatem,a,,,,,false
substantive,chronicon:0.1.1.8.119.0,,,b,,,,,true
substantive,chronicon:0.1.1.8.119.0,,est,a2,,,,,false
substantive,chronicon:0.1.1.8.119.1,in,in,b,,,,,true
substantive,chronicon:0.1.1.8.119.1,in,,a2,,,,,false
substantive,chronicon:0.1.1.8.120.0,XIV,XIV,b,,,,,true
substantive,chronicon:0.1.1.8.120.0,XIV,XIII,a,,,,,false
substantive,chronicon:0.1.1.8.121.0,Iunii,Iunii,b,,,,,true
substantive,chronicon:0.1.1.8.121.0,Iunii,Ianuarii,a,,,,,false
substantive,chronicon:0.1.1.8.123.3,et,et,b,,,,,true
substantive,chronicon:0.1.1.8.123.3,et,,a,,,,,false
substantive,chronicon:0.1.1.8.124.0,domini,domini,b,,,,,true
substantive,chronicon:0.1.1.8.124.0,domini,dominice incarnationis,a,,,,,false
substantive,chronicon:0.1.1.8.126.0,incarnati uerbi,incarnati uerbi,b,,,,,true
substantive,chronicon:0.1.1.8.126.0,incarnati uerbi,dominice incarnationis,a,,,,,false
substantive,chronicon:0.1.1.8.126.1,rex,rex,b,,,,,true
substantive,chronicon:0.1.1.8.126.1,rex,,a,,,,,false
substantive,chronicon:0.1.1.8.126.4,haberi,haberi,a,,,,,true
substantive,chronicon:0.1.1.8.126.4,haberi,habere,b,,,,,false
substantive,chronicon:0.1.1.8.126.5,eam,eam,b,,,,,true
substantive,chronicon:0.1.1.8.126.5,eam,eandem,a,,,,,false
substantive,chronicon:0.1.1.8.126.6,cum,cum,a g,,,,,true
substantive,chronicon:0.1.1.8.126.6,cum,,b,,,,,false
substantive,chronicon:0.1.1.8.126.10,XXV,XXV,b,,,,,true
substantive,chronicon:0.1.1.8.126.10,XXV,XXVI,a,,,,,false
substantive,chronicon:0.1.1.8.126.13,pacatus,pacatus,a,,,,,true
substantive,chronicon:0.1.1.8.126.13,pacatus,pacatos,b g,,,,,false
substantive,chronicon:0.1.1.8.126.15,honorabili,honorabili,b,,,,,true
substantive,chronicon:0.1.1.8.126.15,honorabili,honorabilis,a,,,,,false
substantive,chronicon:0.1.1.8.126.18,domna,domna,b,,,,,true
substantive,chronicon:0.1.1.8.126.18,domna,,a,,,,,false
substantive,chronicon:0.1.1.8.128.1,Anno Domini,Anno Domini,b,,,,,true
substantive,chronicon:0.1.1.8.128.1,Anno Domini,,a2,,,,,false
substantive,chronicon:0.1.1.8.128.2,MCXIII,MCXIII,b,,,,,true
substantive,chronicon:0.1.1.8.128.2,MCXIII,MCXIV,a2,,,,,false
substantive,chronicon:0.1.1.8.128.3,VI,VI,b,,,,,true
substantive,chronicon:0.1.1.8.128.3,VI,VII,a2,,,,,false
substantive,chronicon:0.1.1.8.128.4,Ianuarii,Ianuarii,b,,,,,true
substantive,chronicon:0.1.1.8.128.4,Ianuarii,Ianuario,a2,,,,,false
substantive,chronicon:0.1.1.8.128.5,est,est,b,,,,,true
substantive,chronicon:0.1.1.8.128.5,est,,a2,,,,,false
substantive,chronicon:0.1.1.8.128.7,custodiam,custodiam,b,,,,,true
substantive,chronicon:0.1.1.8.128.7,custodiam,custodia,a2,,,,,false
substantive,chronicon:0.1.1.8.128.8,et,et,b,,,,,true
substantive,chronicon:0.1.1.8.128.8,et,ac,a2,,,,,false
substantive,chronicon:0.1.1.8.129.0,Domini,Domini,b,,,,,true
substantive,chronicon:0.1.1.8.129.0,Domini,dominice incarnationis,a,,,,,false
substantive,chronicon:0.1.1.8.130.0,ab incarnatione Domini,ab incarnatione Domini,b,,,,,true
substantive,chronicon:0.1.1.8.130.0,ab incarnatione Domini,dominice incarnationis,a,,,,,false
substantive,chronicon:0.1.1.8.130.3,pontificali,pontificali,a,,,,,true
substantive,chronicon:0.1.1.8.130.3,pontificali,pontificalis,b g,,,,,false
substantive,chronicon:0.1.1.8.131.0,incarnati uerbi,incarnati uerbi,b,,,,,true
substantive,chronicon:0.1.1.8.131.0,incarnati uerbi,dominice incarnationis,a,,,,,false
substantive,chronicon:0.1.1.8.131.1,IV,IV,b,,,,,true
substantive,chronicon:0.1.1.8.131.1,IV,IX,a,,,,,false
substantive,chronicon:0.1.1.8.131.2,Willelmus,Willelmus,b,,,,,true
substantive,chronicon:0.1.1.8.131.2,Willelmus,Wilielmus,a,,,,,false
substantive,chronicon:0.1.1.8.131.3,nomine,nomine,b,,,,,true
substantive,chronicon:0.1.1.8.131.3,nomine,,a,,,,,false
substantive,chronicon:0.1.1.8.131.4,Ariola,Ariola,b,,,,,true
substantive,chronicon:0.1.1.8.131.4,Ariola,Airola,a,,,,,false
substantive,chronicon:0.1.1.8.132.1,,,b,,,,,true
substantive,chronicon:0.1.1.8.132.1,,anno dominice incarnationis MCXVI;,a2,,,,,false
substantive,chronicon:0.1.1.8.132.3,detriuit,detriuit,b,,,,,true
substantive,chronicon:0.1.1.8.132.3,detriuit,deteruit,a2,,,,,false
substantive,chronicon:0.1.1.8.132.5,et,et,b,,,,,true
substantive,chronicon:0.1.1.8.132.5,et,",",a2,,,,,false
substantive,chronicon:0.1.1.8.133.0,Transalpina,Transalpina,b,,,,,true
substantive,chronicon:0.1.1.8.133.0,Transalpina,Transalpinam,a,,,,,false
substantive,chronicon:0.1.1.8.133.2,in,in,b,,,,,true
substantive,chronicon:0.1.1.8.133.2,in,,a,,,,,false
substantive,chronicon:0.1.1.8.134.0,ab incarnatione Domini,ab incarnatione Domini,b,,,,,true
substantive,chronicon:0.1.1.8.134.0,ab incarnatione Domini,dominice incarnationis,a,,,,,false
substantive,chronicon:0.1.1.8.134.3,noctis,noctis,a g,,,,,true
substantive,chronicon:0.1.1.8.134.3,noctis,,b,,,,,false
substantive,chronicon:0.1.1.8.134.8,metum,metum,b g,,,,,true
substantive,chronicon:0.1.1.8.134.8,metum,,a,,,,,false
substantive,chronicon:0.1.1.8.134.16,Calo,Calo,b,,,,,true
substantive,chronicon:0.1.1.8.134.16,Calo,Galo,a,,,,,false
substantive,chronicon:0.1.1.8.135.0,unum,unum,b,,,,,true
substantive,chronicon:0.1.1.8.135.0,unum,,a,,,,,false
substantive,chronicon:0.1.1.8.136.1,est,est,b,,,,,true
substantive,chronicon:0.1.1.8.136.1,est,,a2,,,,,false
substantive,chronicon:0.1.1.8.136.2,Iuuenatia,Iuuenatia,b,,,,,true
substantive,chronicon:0.1.1.8.136.2,Iuuenatia,Menantia,a2,,,,,false
substantive,chronicon:0.1.1.8.137.6,Audiensque,Audiensque,b,,,,,true
substantive,chronicon:0.1.1.8.137.6,Audiensque,Audiens,a,,,,,false
substantive,chronicon:0.1.1.8.138.1,Constancia regina et Tancredo,Constancia regina et Tancredo,b,,,,,true
substantive,chronicon:0.1.1.8.138.1,Constancia regina et Tancredo,Constantia regnum Tancredum,a2,,,,,false
substantive,chronicon:0.1.1.8.139.0,mense Iunii,mense Iunii,a g,,,,,true
substantive,chronicon:0.1.1.8.139.0,mense Iunii,,b,,,,,false
substantive,chronicon:0.1.1.8.140.0,"""Anno Domini","""Anno Domini",b,,,,,true
substantive,chronicon:0.1.1.8.140.0,"""Anno Domini",,a2,,,,,false
substantive,chronicon:0.1.1.8.140.1,mense Septembris,mense Septembris,a2,,,,,true
substantive,chronicon:0.1.1.8.140.1,mense Septembris,,b g,,,,,false
substantive,chronicon:0.1.1.8.140.2,Calixtus papa,Calixtus papa,b,,,,,true
substantive,chronicon:0.1.1.8.140.2,Calixtus papa,Callixtus,a2,,,,,false
substantive,chronicon:0.1.1.8.140.3,Wilhelmum,Wilhelmum,b,,,,,true
substantive,chronicon:0.1.1.8.140.3,Wilhelmum,Guillelmum,a2,,,,,false
substantive,chronicon:0.1.1.8.141.0,Domini,Domini,b,,,,,true
substantive,chronicon:0.1.1.8.141.0,Domini,,a2,,,,,false
substantive,chronicon:0.1.1.8.141.1,Balduinus,Balduinus,b,,,,,true
substantive,chronicon:0.1.1.8.141.1,Balduinus,Boamundus,a2,,,,,false
substantive,chronicon:0.1.1.8.143.0,,,a,,,,,true
substantive,chronicon:0.1.1.8.143.0,,Romanam in pace et tranquillitate possedit et urbem,b g,,,,,false
substantive,chronicon:0.1.1.8.143.2,mortuus,mortuus,b,,,,,true
substantive,chronicon:0.1.1.8.143.2,mortuus,defunctus,a,,,,,false
substantive,chronicon:0.1.1.9.1.0,MCXXV,MCXXV,b,,,,,true
substantive,chronicon:0.1.1.9.1.0,MCXXV,MCXXVI,a,,,,,false
substantive,chronicon:0.1.1.9.1.1,IV,IV,b,,,,,true
substantive,chronicon:0.1.1.9.1.1,IV,III,a,,,,,false
substantive,chronicon:0.1.1.9.2.2,octauo,octauo,b,,,,,true
substantive,chronicon:0.1.1.9.2.2,octauo,sexto,a,,,,,false
substantive,chronicon:0.1.1.9.2.3,autem,autem,b,,,,,true
substantive,chronicon:0.1.1.9.2.3,autem,tamen,a,,,,,false
substantive,chronicon:0.1.1.9.2.4,potestate,potestate,b,,,,,true
substantive,chronicon:0.1.1.9.2.4,potestate,potestatem,a,,,,,false
substantive,chronicon:0.1.1.9.3.1,Domini,Domini,b,,,,,true
substantive,chronicon:0.1.1.9.3.1,Domini,,a2,,,,,false
substantive,chronicon:0.1.1.9.3.2,iuuenis,iuuenis,b,,,,,true
substantive,chronicon:0.1.1.9.3.2,iuuenis,ueniens,a2,,,,,false
substantive,chronicon:0.1.1.9.4.0,eo,eo,b,,,,,true
substantive,chronicon:0.1.1.9.4.0,eo,,a2,,,,,false
substantive,chronicon:0.1.1.9.9.0,reddidit,reddidit,a,,,,,true
substantive,chronicon:0.1.1.9.9.0,reddidit,reddit,b g,,,,,false
substantive,chronicon:0.1.1.9.9.1,principem,principem,b,,,,,true
substantive,chronicon:0.1.1.9.9.1,principem,,a,,,,,false
substantive,chronicon:0.1.1.9.9.2,uero,uero,b,,,,,true
substantive,chronicon:0.1.1.9.9.2,uero,,a,,,,,false
substantive,chronicon:0.1.1.9.9.3,MCXXX,MCXXX,b,,,,,true
substantive,chronicon:0.1.1.9.9.3,MCXXX,MCXXXII,a,,,,,false
substantive,chronicon:0.1.1.9.10.1,in bello iusta,in bello iusta,b,,,,,true
substantive,chronicon:0.1.1.9.10.1,in bello iusta,iuxta,a2,,,,,false
substantive,chronicon:0.1.1.9.11.0,Anno ab incarnatione Domini,Anno ab incarnatione Domini,b,,,,,true
substantive,chronicon:0.1.1.9.11.0,Anno ab incarnatione Domini,,a2,,,,,false
substantive,chronicon:0.1.1.9.11.7,Grandimaruli,Grandimaruli,,,pm,,,true
substantive,chronicon:0.1.1.9.11.7,Grandimaruli,Grandi-maruli,b,,,,,false
substantive,chronicon:0.1.1.9.11.7,Grandimaruli,Grandimarulia,a2,,,,,false
substantive,chronicon:0.1.1.9.11.8,"obsideretur,","obsideretur,",b,,,,,true
substantive,chronicon:0.1.1.9.11.8,"obsideretur,",,a2,,,,,false
substantive,chronicon:0.1.1.9.11.9,Iudith,Iudith,b g,,,,,true
substantive,chronicon:0.1.1.9.11.9,Iudith,iuuenis,a2,,,,,false
substantive,app13-in-g214.n8-215.n14,pretio,pretio,a2 g,,,,,true
substantive,app13-in-g214.n8-215.n14,pretio,neuo,b,,,,,false
substantive,app14-in-g214.n8-215.n14,uenumdaretur,uenumdaretur,a2 g,,,,,true
substantive,app14-in-g214.n8-215.n14,uenumdaretur,innodaretur,b,,,,,false
substantive,chronicon:0.1.1.9.11.14,perimeretur,perimeretur,b,,,,,true
substantive,chronicon:0.1.1.9.11.14,perimeretur,premeretur,a2,,,,,false
substantive,chronicon:0.1.1.9.13.0,Anno Domini,Anno Domini,b,,,,,true
substantive,chronicon:0.1.1.9.13.0,Anno Domini,,a2,,,,,false
substantive,chronicon:0.1.1.9.13.1,VIII,VIII,b,,,,,true
substantive,chronicon:0.1.1.9.13.1,VIII,IX,a2,,,,,false
substantive,chronicon:0.1.1.9.13.3,,,b,,,,,true
substantive,chronicon:0.1.1.9.13.3,,stolium,a2,,,,,false
substantive,chronicon:0.1.1.9.13.4,a quadraginta usque,a quadraginta usque,b,,,,,true
substantive,chronicon:0.1.1.9.13.4,a quadraginta usque,quod ussis,a2,,,,,false
substantive,chronicon:0.1.1.9.13.5,,,b,,,,,true
substantive,chronicon:0.1.1.9.13.5,,facultatem,a2,,,,,false
substantive,chronicon:0.1.1.9.13.6,locus caupolis,locus caupolis,b,,,,,true
substantive,chronicon:0.1.1.9.13.6,locus caupolis,,a2,,,,,false
substantive,chronicon:0.1.1.9.13.7,apprehendit,apprehendit,b,,,,,true
substantive,chronicon:0.1.1.9.13.7,apprehendit,comrehendit,a2,,,,,false
substantive,chronicon:0.1.1.9.13.8,"in mense Augusti, etiam et ciuitatem Rubum","in mense Augusti, etiam et ciuitatem Rubum",b,,,,,true
substantive,chronicon:0.1.1.9.13.8,"in mense Augusti, etiam et ciuitatem Rubum",,a2,,,,,false
substantive,chronicon:0.1.1.9.13.13,in principatu,in principatu,a2 g,,,,,true
substantive,chronicon:0.1.1.9.13.13,in principatu,principi,b,,,,,false
substantive,chronicon:0.1.1.9.13.14,etiam,etiam,b,,,,,true
substantive,chronicon:0.1.1.9.13.14,etiam,et,a2,,,,,false
substantive,chronicon:0.1.1.9.13.15,Grauinum,Grauinum,b,,,,,true
substantive,chronicon:0.1.1.9.13.15,Grauinum,Grauinam,a2,,,,,false
substantive,chronicon:0.1.1.9.13.16,domus,domus,b,,,,,true
substantive,chronicon:0.1.1.9.13.16,domus,dominis,a2,,,,,false
substantive,chronicon:0.1.1.9.14.0,Anno ab incarnatione Domini,Anno ab incarnatione Domini,b,,,,,true
substantive,chronicon:0.1.1.9.14.0,Anno ab incarnatione Domini,,a2,,,,,false
substantive,chronicon:0.1.1.9.14.1,omnes,omnes,b,,,,,true
substantive,chronicon:0.1.1.9.14.1,omnes,,a2,,,,,false
substantive,chronicon:0.1.1.9.14.2,et,et,b,,,,,true
substantive,chronicon:0.1.1.9.14.2,et,,a2,,,,,false
substantive,chronicon:0.1.1.9.14.3,Salentine,Salentine,b,,,,,true
substantive,chronicon:0.1.1.9.14.3,Salentine,Salentie,a2,,,,,false
substantive,chronicon:0.1.1.9.14.5,etiam,etiam,b,,,,,true
substantive,chronicon:0.1.1.9.14.5,etiam,et,a2,,,,,false
substantive,chronicon:0.1.1.9.15.0,Anno ab incarnatione Domini,Anno ab incarnatione Domini,b,,,,,true
substantive,chronicon:0.1.1.9.15.0,Anno ab incarnatione Domini,,a2,,,,,false
substantive,chronicon:0.1.1.9.15.1,XI,XI,b,,,,,true
substantive,chronicon:0.1.1.9.15.1,XI,IV,a2,,,,,false
substantive,chronicon:0.1.1.9.15.2,mense Decembris,mense Decembris,b,,,,,true
substantive,chronicon:0.1.1.9.15.2,mense Decembris,,a2,,,,,false
substantive,chronicon:0.1.1.9.15.3,natali,natali,b,,,,,true
substantive,chronicon:0.1.1.9.15.3,natali,Natalis,a2,,,,,false
substantive,chronicon:0.1.1.9.15.4,congregare,congregare,b,,,,,true
substantive,chronicon:0.1.1.9.15.4,congregare,congregari,a2,,,,,false
substantive,chronicon:0.1.1.9.15.5,prouinciam,prouinciam,b,,,,,true
substantive,chronicon:0.1.1.9.15.5,prouinciam,prouincia,a2,,,,,false
substantive,chronicon:0.1.1.9.15.6,,,b,,,,,true
substantive,chronicon:0.1.1.9.15.6,,", id est",a2,,,,,false
substantive,chronicon:0.1.1.9.16.0,Anno Domini,Anno Domini,b,,,,,true
substantive,chronicon:0.1.1.9.16.0,Anno Domini,,a2,,,,,false
substantive,chronicon:0.1.1.9.16.1,Septembris,Septembris,b,,,,,true
substantive,chronicon:0.1.1.9.16.1,Septembris,Septembre,a2,,,,,false
substantive,chronicon:0.1.1.9.16.2,ipseque,ipseque,b,,,,,true
substantive,chronicon:0.1.1.9.16.2,ipseque,ipsoque,a2,,,,,false
substantive,chronicon:0.1.1.9.16.3,comes,comes,b,,,,,true
substantive,chronicon:0.1.1.9.16.3,comes,,a2,,,,,false
substantive,chronicon:0.1.1.9.16.5,turre,turre,b,,,,,true
substantive,chronicon:0.1.1.9.16.5,turre,turri,a2,,,,,false
substantive,chronicon:0.1.1.9.16.8,iuramento,iuramento,b g,,,,,true
substantive,chronicon:0.1.1.9.16.8,iuramento,iuramentum,a2,,,,,false
substantive,chronicon:0.1.1.9.16.9,factum,factum,b,,,,,true
substantive,chronicon:0.1.1.9.16.9,factum,facinus,a2,,,,,false
substantive,chronicon:0.1.1.9.16.11,darent,darent,b,,,,,true
substantive,chronicon:0.1.1.9.16.11,darent,daret,a2,,,,,false
substantive,chronicon:0.1.1.9.16.12,nulli,nulli,b,,,,,true
substantive,chronicon:0.1.1.9.16.12,nulli,nullique,a2,,,,,false
substantive,chronicon:0.1.1.9.17.0,Anno Domini,Anno Domini,b,,,,,true
substantive,chronicon:0.1.1.9.17.0,Anno Domini,,a2,,,,,false
substantive,chronicon:0.1.1.9.17.1,,,b,,,,,true
substantive,chronicon:0.1.1.9.17.1,,Hoc anno mense Madii,a2,,,,,false
substantive,chronicon:0.1.1.9.17.2,uenit,uenit,b,,,,,true
substantive,chronicon:0.1.1.9.17.2,uenit,uenitque,a2,,,,,false
substantive,chronicon:0.1.1.9.17.4,Nerito,Nerito,b g,,,,,true
substantive,chronicon:0.1.1.9.17.4,Nerito,Neriton,a2,,,,,false
substantive,chronicon:0.1.1.9.17.5,grandi,grandi,b,,,,,true
substantive,chronicon:0.1.1.9.17.5,grandi,grand,a2,,,,,false
substantive,chronicon:0.1.1.9.17.8,direptione,direptione,b,,,,,true
substantive,chronicon:0.1.1.9.17.8,direptione,direptioni,a2,,,,,false
substantive,chronicon:0.1.1.9.17.9,permiscendo,permiscendo,b,,,,,true
substantive,chronicon:0.1.1.9.17.9,permiscendo,permiscenda,a2,,,,,false
substantive,chronicon:0.1.1.9.17.10,findebant,findebant,b,,,,,true
substantive,chronicon:0.1.1.9.17.10,findebant,fundebant,a2,,,,,false
substantive,chronicon:0.1.1.9.17.12,culponibus,culponibus,b,,,,,true
substantive,chronicon:0.1.1.9.17.12,culponibus,corporibus,a2,,,,,false
substantive,chronicon:0.1.1.9.17.13,ammoto,ammoto,a2,,,,,true
substantive,chronicon:0.1.1.9.17.13,ammoto,amaro,b,,,,,false
substantive,chronicon:0.1.1.9.17.13,ammoto,amato,g,,,,,false
substantive,chronicon:0.1.1.9.17.14,adhiit,adhiit,b,,,,,true
substantive,chronicon:0.1.1.9.17.14,adhiit,abiit,a2,,,,,false
substantive,chronicon:0.1.1.9.17.15,ibi,ibi,a2,,,,,true
substantive,chronicon:0.1.1.9.17.15,ibi,sibi,b g,,,,,false
substantive,chronicon:0.1.1.9.17.16,muniuit,muniuit,b,,,,,true
substantive,chronicon:0.1.1.9.17.16,muniuit,munitam,a2,,,,,false
substantive,chronicon:0.1.1.9.17.17,,,b,,,,,true
substantive,chronicon:0.1.1.9.17.17,,muros,a2,,,,,false
substantive,chronicon:0.1.1.9.17.20,infermentum,infermentum,b,,,,,true
substantive,chronicon:0.1.1.9.17.20,infermentum,instrumentum,a2,,,,,false
substantive,chronicon:0.1.1.9.17.22,Alexandri,Alexandri,a2 g,,,,,true
substantive,chronicon:0.1.1.9.17.22,Alexandri,Alandri,b,,,,,false
substantive,chronicon:0.1.1.9.17.23,Clarimontis,Clarimontis,g,,,,,true
substantive,chronicon:0.1.1.9.17.23,Clarimontis,Clerimonti,b,,,,,false
substantive,chronicon:0.1.1.9.17.23,Clarimontis,Clarimonti,a2,,,,,false
substantive,chronicon:0.1.1.9.17.24,intus,intus,b,,,,,true
substantive,chronicon:0.1.1.9.17.24,intus,ratus,a2,,,,,false
substantive,chronicon:0.1.1.9.17.25,uidens,uidens,a2,,,,,true
substantive,chronicon:0.1.1.9.17.25,uidens,,b,,,,,false
substantive,chronicon:0.1.1.9.17.28,turrem missum,turrem missum,b g,,,,,true
substantive,chronicon:0.1.1.9.17.28,turrem missum,"turri misit,",a2,,,,,false
substantive,chronicon:0.1.1.9.17.29,suam Tarenti reuertitur cum illis pepiget facta autem pacem,suam Tarenti reuertitur cum illis pepiget facta autem pacem,g,,,,,true
substantive,chronicon:0.1.1.9.17.29,suam Tarenti reuertitur cum illis pepiget facta autem pacem,suam Tarenti reuertitur,b,,,,,false
substantive,chronicon:0.1.1.9.17.29,suam Tarenti reuertitur cum illis pepiget facta autem pacem,et cum illis pepigit,a2,,,,,false
substantive,chronicon:0.1.1.9.18.0,Romana,Romana,a g,,,,,true
substantive,chronicon:0.1.1.9.18.0,Romana,Romama,b,,,,,false
substantive,chronicon:0.1.1.9.18.5,potitus,potitus,b,,,,,true
substantive,chronicon:0.1.1.9.18.5,potitus,patitus,a,,,,,false
substantive,chronicon:0.1.1.9.18.8,Conuersanes,Conuersanes,b,,,,,true
substantive,chronicon:0.1.1.9.18.8,Conuersanes,Conuersanenses,a,,,,,false
substantive,chronicon:0.1.1.9.18.10,receptauit,receptauit,b,,,,,true
substantive,chronicon:0.1.1.9.18.10,receptauit,receptauerunt,a,,,,,false
substantive,chronicon:0.1.1.9.18.11,Pisas,Pisas,g,,,,,true
substantive,chronicon:0.1.1.9.18.11,Pisas,Pisa,b,,,,,false
substantive,chronicon:0.1.1.9.18.11,Pisas,Pysas,a,,,,,false
substantive,chronicon:0.1.1.9.19.3,repulit,repulit,b,,,,,true
substantive,chronicon:0.1.1.9.19.3,repulit,expulit,a,,,,,false
substantive,chronicon:0.1.1.9.21.0,ab,ab,b,,,,,true
substantive,chronicon:0.1.1.9.21.0,ab,,a,,,,,false
substantive,chronicon:0.1.1.9.21.2,et,et,b g,,,,,true
substantive,chronicon:0.1.1.9.21.2,et,cum,a,,,,,false
substantive,chronicon:0.1.1.9.22.0,exercitum,exercitum,b,,,,,true
substantive,chronicon:0.1.1.9.22.0,exercitum,exercitu,a,,,,,false
substantive,chronicon:0.1.1.9.22.2,Salerni,Salerni,b,,,,,true
substantive,chronicon:0.1.1.9.22.2,Salerni,Salernum,a,,,,,false
substantive,chronicon:0.1.1.9.23.1,ea,ea,a,,,,,true
substantive,chronicon:0.1.1.9.23.1,ea,eis,b,,,,,false
substantive,chronicon:0.1.1.9.23.2,oborta,oborta,b,,,,,true
substantive,chronicon:0.1.1.9.23.2,oborta,aborta,a,,,,,false
substantive,chronicon:0.1.1.9.23.7,expeditionem,expeditionem,b,,,,,true
substantive,chronicon:0.1.1.9.23.7,expeditionem,expeditione,a,,,,,false
substantive,chronicon:0.1.1.9.24.5,Campanis,Campanis,b,,,,,true
substantive,chronicon:0.1.1.9.24.5,Campanis,Campaninis,a,,,,,false
substantive,chronicon:0.1.1.9.24.7,ab,ab,a,,,,,true
substantive,chronicon:0.1.1.9.24.7,ab,,b g,,,,,false
substantive,chronicon:0.1.1.9.24.8,deuicit,deuicit,b,,,,,true
substantive,chronicon:0.1.1.9.24.8,deuicit,uicit,a,,,,,false
substantive,chronicon:0.1.1.9.24.10,primo,primo,a g,,,,,true
substantive,chronicon:0.1.1.9.24.10,primo,primum,b,,,,,false
substantive,chronicon:0.1.1.9.24.15,mittens,mittens,a g,,,,,true
substantive,chronicon:0.1.1.9.24.15,mittens,mittentes,b,,,,,false
substantive,chronicon:0.1.1.9.24.21,Innocentius,Innocentius,b,,,,,true
substantive,chronicon:0.1.1.9.24.21,Innocentius,Innocentius,a,,,,,false
substantive,chronicon:0.1.1.9.24.24,VII,VII,b,,,,,true
substantive,chronicon:0.1.1.9.24.24,VII,IX,a,,,,,false
substantive,chronicon:0.1.1.9.24.30,MCXLV,MCXLV,b,,,,,true
substantive,chronicon:0.1.1.9.24.30,MCXLV,MCXL,a,,,,,false
substantive,chronicon:0.1.1.9.24.31,VIII,VIII,b,,,,,true
substantive,chronicon:0.1.1.9.24.31,VIII,X,a,,,,,false
substantive,chronicon:0.1.1.9.24.33,appellatus,appellatus,b g,,,,,true
substantive,chronicon:0.1.1.9.24.33,appellatus,dictus,a,,,,,false
substantive,chronicon:0.1.1.9.24.40,autem,autem,b,,,,,true
substantive,chronicon:0.1.1.9.24.40,autem,uero,a,,,,,false
substantive,chronicon:0.1.1.9.24.43,paulo,paulo,a,,,,,true
substantive,chronicon:0.1.1.9.24.43,paulo,pauco,b g,,,,,false
substantive,chronicon:0.1.1.9.24.51,MCLIX,MCLIX,b,,,,,true
substantive,chronicon:0.1.1.9.24.51,MCLIX,MCXL nono,a,,,,,false
substantive,chronicon:0.1.1.9.24.52,XII,XII,b,,,,,true
substantive,chronicon:0.1.1.9.24.52,XII,XIII,a,,,,,false
substantive,chronicon:0.1.1.9.24.54,ut,ut,b,,,,,true
substantive,chronicon:0.1.1.9.24.54,ut,,a,,,,,false
substantive,chronicon:0.1.1.9.24.58,"VIII, mense IV die XII","VIII, mense IV die XII",b g,,,,,true
substantive,chronicon:0.1.1.9.24.58,"VIII, mense IV die XII",,a,,,,,false
substantive,chronicon:0.1.1.9.24.59,,,b g,,,,,true
substantive,chronicon:0.1.1.9.24.59,,anno dominice incarnationis M,a,,,,,false
substantive,chronicon:0.1.1.9.24.61,MCLIII,MCLIII,b g,,,,,true
substantive,chronicon:0.1.1.9.24.61,MCLIII,M,a,,,,,false
substantive,chronicon:0.1.1.9.25.1,testudine,testudine,a g,,,,,true
substantive,chronicon:0.1.1.9.25.1,testudine,testitudine,b,,,,,false
substantive,chronicon:0.1.1.9.25.2,qui,qui,b,,,,,true
substantive,chronicon:0.1.1.9.25.2,qui,qua,a,,,,,false
substantive,chronicon:0.1.1.9.28.4,quod,quod,b,,,,,true
substantive,chronicon:0.1.1.9.28.4,quod,qui,a2,,,,,false
substantive,chronicon:0.1.1.9.28.5,sub clamide,sub clamide,b,,,,,true
substantive,chronicon:0.1.1.9.28.5,sub clamide,clamyde,a2,,,,,false
substantive,chronicon:0.1.1.9.28.7,frequencius,frequencius,b,,,,,true
substantive,chronicon:0.1.1.9.28.7,frequencius,,a2,,,,,false
substantive,chronicon:0.1.1.9.28.12,Magumeth,Magumeth,b,,,,,true
substantive,chronicon:0.1.1.9.28.12,Magumeth,Magumethis,a2,,,,,false
substantive,chronicon:0.1.1.9.28.13,regis,regis,b,,,,,true
substantive,chronicon:0.1.1.9.28.13,regis,,a2,,,,,false
substantive,chronicon:0.1.1.9.28.14,set,set,b,,,,,true
substantive,chronicon:0.1.1.9.28.14,set,,a2,,,,,false
substantive,chronicon:0.1.1.9.28.22,maximam,maximam,a2,,,,,true
substantive,chronicon:0.1.1.9.28.22,maximam,maxima,b g,,,,,false
substantive,chronicon:0.1.1.9.28.25,,,b,,,,,true
substantive,chronicon:0.1.1.9.28.25,,ac,a2,,,,,false
substantive,chronicon:0.1.1.9.28.32,cineres,cineres,b,,,,,true
substantive,chronicon:0.1.1.9.28.32,cineres,cinerem,a2,,,,,false
substantive,chronicon:0.1.1.9.31.0,"V,","V,",b,,,,,true
substantive,chronicon:0.1.1.9.31.0,"V,",,a,,,,,false
substantive,chronicon:0.1.1.9.31.1,MCLIV,MCLIV,b,,,,,true
substantive,chronicon:0.1.1.9.31.1,MCLIV,M,a,,,,,false
substantive,chronicon:0.1.1.9.31.2,Cui,Cui,b,,,,,true
substantive,chronicon:0.1.1.9.31.2,Cui,Hui,a,,,,,false
substantive,chronicon:0.1.1.9.31.10,eum,eum,b g,,,,,true
substantive,chronicon:0.1.1.9.31.10,eum,eam,a,,,,,false
substantive,chronicon:0.1.1.9.31.12,excitauerant,excitauerant,b,,,,,true
substantive,chronicon:0.1.1.9.31.12,excitauerant,excitauerunt,a,,,,,false
substantive,chronicon:0.1.1.9.31.14,obsedisset,obsedisset,b,,,,,true
substantive,chronicon:0.1.1.9.31.14,obsedisset,obsessisset,a,,,,,false
substantive,chronicon:0.1.1.9.31.17,Comminianum et Sebastum,Comminianum et Sebastum,b,,,,,true
substantive,chronicon:0.1.1.9.31.17,Comminianum et Sebastum,Comminiano Sebasto,a,,,,,false
substantive,chronicon:0.1.1.9.31.19,Sebastum,Sebastum,b,,,,,true
substantive,chronicon:0.1.1.9.31.19,Sebastum,Sebasto,a,,,,,false
substantive,chronicon:0.1.1.9.31.20,Cominianum,Cominianum,b,,,,,true
substantive,chronicon:0.1.1.9.31.20,Cominianum,Cominiano,a,,,,,false
substantive,chronicon:0.1.1.9.31.22,per,per,b,,,,,true
substantive,chronicon:0.1.1.9.31.22,per,,a,,,,,false
substantive,chronicon:0.1.1.9.31.25,regis,regis,b,,,,,true
substantive,chronicon:0.1.1.9.31.25,regis,regio,a,,,,,false
substantive,chronicon:0.1.1.9.31.31,agnito,agnito,a,,,,,true
substantive,chronicon:0.1.1.9.31.31,agnito,cognito,b,,,,,false
substantive,chronicon:0.1.1.9.31.33,MCLVII,MCLVII,b,,,,,true
substantive,chronicon:0.1.1.9.31.33,MCLVII,M,a,,,,,false
substantive,chronicon:0.1.1.9.32.0,Eodem,Eodem,b,,,,,true
substantive,chronicon:0.1.1.9.32.0,Eodem,Eo,a,,,,,false
substantive,chronicon:0.1.1.9.32.2,restiterunt,restiterunt,a,,,,,true
substantive,chronicon:0.1.1.9.32.2,restiterunt,restituerunt,b,,,,,false
substantive,chronicon:0.1.1.9.32.5,suam ciuitatem,suam ciuitatem,b,,,,,true
substantive,chronicon:0.1.1.9.32.5,suam ciuitatem,sua ciuitate,a,,,,,false
substantive,chronicon:0.1.1.9.32.6,,,b,,,,,true
substantive,chronicon:0.1.1.9.32.6,,de,a,,,,,false
substantive,chronicon:0.1.1.9.32.7,et castra,et castra,b,,,,,true
substantive,chronicon:0.1.1.9.32.7,et castra,,a,,,,,false
substantive,chronicon:0.1.1.9.33.0,uero,uero,b,,,,,true
substantive,chronicon:0.1.1.9.33.0,uero,,a,,,,,false
substantive,chronicon:0.1.1.9.33.2,Septembris,Septembris,b,,,,,true
substantive,chronicon:0.1.1.9.33.2,Septembris,Februarii,a,,,,,false
substantive,chronicon:0.1.1.9.33.11,audita,audita,a,,,,,true
substantive,chronicon:0.1.1.9.33.11,audita,auditus,b,,,,,false
substantive,chronicon:0.1.1.9.34.2,tenere,tenere,b,,,,,true
substantive,chronicon:0.1.1.9.34.2,tenere,temere,a,,,,,false
substantive,chronicon:0.1.1.9.34.4,ipsum,ipsum,b,,,,,true
substantive,chronicon:0.1.1.9.34.4,ipsum,ipse,a,,,,,false
substantive,chronicon:0.1.1.9.34.6,occulte,occulte,b,,,,,true
substantive,chronicon:0.1.1.9.34.6,occulte,occultus,a,,,,,false
substantive,chronicon:0.1.1.9.34.8,agnito,agnito,a,,,,,true
substantive,chronicon:0.1.1.9.34.8,agnito,cognito,b g,,,,,false
substantive,chronicon:0.1.1.9.34.10,acriter uindicaret,acriter uindicaret,b,,,,,true
substantive,chronicon:0.1.1.9.34.10,acriter uindicaret,acri uindicare,a,,,,,false
substantive,chronicon:0.1.1.9.34.11,socii,socii,b,,,,,true
substantive,chronicon:0.1.1.9.34.11,socii,,a,,,,,false
substantive,chronicon:0.1.1.9.34.16,,,a,,,,,true
substantive,chronicon:0.1.1.9.34.16,,est,b,,,,,false
substantive,chronicon:0.1.1.9.34.20,adducerunt,adducerunt,b,,,,,true
substantive,chronicon:0.1.1.9.34.20,adducerunt,adducerent,a,,,,,false
substantive,chronicon:0.1.1.9.34.25,interficerent,interficerent,a,,,,,true
substantive,chronicon:0.1.1.9.34.25,interficerent,interficerentur,b g,,,,,false
substantive,chronicon:0.1.1.9.34.30,se,se,a,,,,,true
substantive,chronicon:0.1.1.9.34.30,se,sed,b g,,,,,false
substantive,chronicon:0.1.1.9.34.31,expoliauerant,expoliauerant,a,,,,,true
substantive,chronicon:0.1.1.9.34.31,expoliauerant,expoliauerunt,b g,,,,,false
substantive,chronicon:0.1.1.9.34.34,de,de,b,,,,,true
substantive,chronicon:0.1.1.9.34.34,de,et,a,,,,,false
substantive,chronicon:0.1.1.9.34.35,fuerant,fuerant,a g,,,,,true
substantive,chronicon:0.1.1.9.34.35,fuerant,fuerunt,b,,,,,false
substantive,chronicon:0.1.1.9.34.41,demanio,demanio,b,,,,,true
substantive,chronicon:0.1.1.9.34.41,demanio,domanio,a,,,,,false
substantive,chronicon:0.1.1.9.34.42,Mohec,Mohec,b,,,,,true
substantive,chronicon:0.1.1.9.34.42,Mohec,Moac,a,,,,,false
substantive,chronicon:0.1.1.9.34.43,eam,eam,b,,,,,true
substantive,chronicon:0.1.1.9.34.43,eam,ea,a,,,,,false
substantive,chronicon:0.1.1.9.34.45,dextruens,dextruens,b,,,,,true
substantive,chronicon:0.1.1.9.34.45,dextruens,destruens,a,,,,,false
substantive,chronicon:0.1.1.9.35.5,nuntios,nuntios,a,,,,,true
substantive,chronicon:0.1.1.9.35.5,nuntios,nuntio,b g,,,,,false
substantive,chronicon:0.1.1.9.35.6,manu,manu,b,,,,,true
substantive,chronicon:0.1.1.9.35.6,manu,magna,a,,,,,false
substantive,chronicon:0.1.1.9.36.3,appellatus,appellatus,b,,,,,true
substantive,chronicon:0.1.1.9.36.3,appellatus,ordinatus,a,,,,,false
substantive,chronicon:0.1.1.9.37.3,fugiens,fugiens,b,,,,,true
substantive,chronicon:0.1.1.9.37.3,fugiens,,a,,,,,false
substantive,chronicon:0.1.1.9.38.1,per,per,b,,,,,true
substantive,chronicon:0.1.1.9.38.1,per,,a,,,,,false
substantive,chronicon:0.1.1.9.39.3,secundum,secundum,b,,,,,true
substantive,chronicon:0.1.1.9.39.3,secundum,,a,,,,,false
substantive,chronicon:0.1.1.9.39.8,,,b,,,,,true
substantive,chronicon:0.1.1.9.39.8,,autem,a,,,,,false
substantive,chronicon:0.1.1.9.39.11,celebrari,celebrari,b,,,,,true
substantive,chronicon:0.1.1.9.39.11,celebrari,celebrare,a,,,,,false
substantive,chronicon:0.1.1.9.41.3,Siciliam,Siciliam,a,,,,,true
substantive,chronicon:0.1.1.9.41.3,Siciliam,Sicilia,b,,,,,false
substantive,chronicon:0.1.1.9.42.2,quod,quod,a,,,,,true
substantive,chronicon:0.1.1.9.42.2,quod,que,b g,,,,,false
substantive,chronicon:0.1.1.9.43.2,Sinopoli,Sinopoli,b,,,,,true
substantive,chronicon:0.1.1.9.43.2,Sinopoli,Sinopolim,a,,,,,false
substantive,chronicon:0.1.1.9.43.3,ciuem Salerni,ciuem Salerni,b g,,,,,true
substantive,chronicon:0.1.1.9.43.3,ciuem Salerni,,a,,,,,false
substantive,chronicon:0.1.1.9.43.5,apud,apud,b,,,,,true
substantive,chronicon:0.1.1.9.43.5,apud,,a,,,,,false
substantive,chronicon:0.1.1.9.43.10,suffraganeis,suffraganeis,b,,,,,true
substantive,chronicon:0.1.1.9.43.10,suffraganeis,suffraneis,a,,,,,false
substantive,chronicon:0.1.1.9.43.11,solita,solita,b,,,,,true
substantive,chronicon:0.1.1.9.43.11,solita,sua,a,,,,,false
substantive,chronicon:0.1.1.9.44.0,Agathe,Agathe,b,,,,,true
substantive,chronicon:0.1.1.9.44.0,Agathe,Agathes,a,,,,,false
substantive,chronicon:0.1.1.9.44.2,Domini,Domini,b,,,,,true
substantive,chronicon:0.1.1.9.44.2,Domini,dominice incarnationis,a,,,,,false
substantive,chronicon:0.1.1.9.44.4,Agathe,Agathe,b,,,,,true
substantive,chronicon:0.1.1.9.44.4,Agathe,Agathes,a,,,,,false
substantive,chronicon:0.1.1.9.45.0,eandem,eandem,a g,,,,,true
substantive,chronicon:0.1.1.9.45.0,eandem,eadem,b,,,,,false
substantive,chronicon:0.1.1.9.46.1,honeste,honeste,b,,,,,true
substantive,chronicon:0.1.1.9.46.1,honeste,,a,,,,,false
substantive,chronicon:0.1.1.9.46.6,Borroch,Borroch,b,,,,,true
substantive,chronicon:0.1.1.9.46.6,Borroch,Broch,a,,,,,false
substantive,chronicon:0.1.1.9.46.8,et,et,b,,,,,true
substantive,chronicon:0.1.1.9.46.8,et,,a,,,,,false
substantive,chronicon:0.1.1.9.46.11,,,b,,,,,true
substantive,chronicon:0.1.1.9.46.11,,et,a,,,,,false
substantive,chronicon:0.1.1.9.47.2,Gargano,Gargano,a,,,,,true
substantive,chronicon:0.1.1.9.47.2,Gargano,Garganu,b g,,,,,false
substantive,chronicon:0.1.1.9.47.4,anno,anno,b,,,,,true
substantive,chronicon:0.1.1.9.47.4,anno,anni,a,,,,,false
substantive,chronicon:0.1.1.9.48.0,millesimo CLXXIII,millesimo CLXXIII,b,,,,,true
substantive,chronicon:0.1.1.9.48.0,millesimo CLXXIII,M,a,,,,,false
substantive,chronicon:0.1.1.9.48.3,Dehinc,Dehinc,b,,,,,true
substantive,chronicon:0.1.1.9.48.3,Dehinc,,a,,,,,false
substantive,chronicon:0.1.1.9.49.0,millesimo CLXXIII.,millesimo CLXXIII.,b,,,,,true
substantive,chronicon:0.1.1.9.49.0,millesimo CLXXIII.,M,a,,,,,false
substantive,chronicon:0.1.1.9.49.4,ab eo,ab eo,b,,,,,true
substantive,chronicon:0.1.1.9.49.4,ab eo,,a,,,,,false
substantive,chronicon:0.1.1.9.49.7,Superueniente,Superueniente,b,,,,,true
substantive,chronicon:0.1.1.9.49.7,Superueniente,Super,a,,,,,false
substantive,chronicon:0.1.1.9.49.10,exercitus,exercitus,b,,,,,true
substantive,chronicon:0.1.1.9.49.10,exercitus,,a,,,,,false
substantive,chronicon:0.1.1.9.49.11,firmus,firmus,b,,,,,true
substantive,chronicon:0.1.1.9.49.11,firmus,,a,,,,,false
substantive,chronicon:0.1.1.9.49.21,ad fossata currere et,ad fossata currere et,b,,,,,true
substantive,chronicon:0.1.1.9.49.21,ad fossata currere et,,a,,,,,false
substantive,chronicon:0.1.1.9.49.26,Lombardi,Lombardi,b,,,,,true
substantive,chronicon:0.1.1.9.49.26,Lombardi,Lombardis,a,,,,,false
substantive,chronicon:0.1.1.9.49.31,imperatori,imperatori,b,,,,,true
substantive,chronicon:0.1.1.9.49.31,imperatori,ei,a,,,,,false
substantive,chronicon:0.1.1.9.49.32,uero,uero,b,,,,,true
substantive,chronicon:0.1.1.9.49.32,uero,,a,,,,,false
substantive,chronicon:0.1.1.10.1.1,subito,subito,a,,,,,true
substantive,chronicon:0.1.1.10.1.1,subito,subita,b,,,,,false
substantive,chronicon:0.1.1.10.1.2,uero,uero,b,,,,,true
substantive,chronicon:0.1.1.10.1.2,uero,autem,a,,,,,false
substantive,chronicon:0.1.1.10.1.3,carruciam,carruciam,b,,,,,true
substantive,chronicon:0.1.1.10.1.3,carruciam,carrucam,a,,,,,false
substantive,chronicon:0.1.1.10.1.8,occupauerunt,occupauerunt,b,,,,,true
substantive,chronicon:0.1.1.10.1.8,occupauerunt,occuparunt,a,,,,,false
substantive,chronicon:0.1.1.10.1.9,uictoribus,uictoribus,b,,,,,true
substantive,chronicon:0.1.1.10.1.9,uictoribus,,a,,,,,false
substantive,app11-in-g266.5-267.12,delituit,delituit,b g,,,,,true
substantive,app11-in-g266.5-267.12,delituit,delicuit,a,,,,,false
substantive,chronicon:0.1.1.10.1.11,cognoscens,cognoscens,b,,,,,true
substantive,chronicon:0.1.1.10.1.11,cognoscens,,a,,,,,false
substantive,chronicon:0.1.1.10.1.13,circa,circa,b,,,,,true
substantive,chronicon:0.1.1.10.1.13,circa,fuisset,a,,,,,false
substantive,chronicon:0.1.1.10.2.1,recuperanda,recuperanda,b,,,,,true
substantive,chronicon:0.1.1.10.2.1,recuperanda,recuperandi,a,,,,,false
substantive,chronicon:0.1.1.10.3.0,Troianum,Troianum,b,,,,,true
substantive,chronicon:0.1.1.10.3.0,Troianum,Traianum,a,,,,,false
substantive,chronicon:0.1.1.10.3.2,ascensum,ascensum,b,,,,,true
substantive,chronicon:0.1.1.10.3.2,ascensum,assensum,a,,,,,false
substantive,chronicon:0.1.1.10.3.4,autem,autem,b,,,,,true
substantive,chronicon:0.1.1.10.3.4,autem,,a,,,,,false
substantive,chronicon:0.1.1.10.4.1,,,b,,,,,true
substantive,chronicon:0.1.1.10.4.1,,et,a,,,,,false
substantive,chronicon:0.1.1.10.4.4,magno,magno,b,,,,,true
substantive,chronicon:0.1.1.10.4.4,magno,et magistro,a,,,,,false
substantive,chronicon:0.1.1.10.4.6,regia,regia,a,,,,,true
substantive,chronicon:0.1.1.10.4.6,regia,regis,b,,,,,false
substantive,chronicon:0.1.1.10.5.1,piphaniam,piphaniam,b,,,,,true
substantive,chronicon:0.1.1.10.5.1,piphaniam,Epyphaniam,a,,,,,false
substantive,chronicon:0.1.1.10.5.7,,,a,,,,,true
substantive,chronicon:0.1.1.10.5.7,,et,b,,,,,false
substantive,chronicon:0.1.1.10.5.8,Manfredo,Manfredo,b,,,,,true
substantive,chronicon:0.1.1.10.5.8,Manfredo,Malfredo,a,,,,,false
substantive,chronicon:0.1.1.10.5.15,ad,ad,b,,,,,true
substantive,chronicon:0.1.1.10.5.15,ad,ap,a,,,,,false
substantive,chronicon:0.1.1.10.7.3,qui delinquentium,qui delinquentium,b,,,,,true
substantive,chronicon:0.1.1.10.7.3,qui delinquentium,linquentium,a,,,,,false
substantive,app11-in-g272.5-273.10,Israhel,Israhel,a,,,,,true
substantive,app11-in-g272.5-273.10,Israhel,Ierusalem,b g,,,,,false
substantive,chronicon:0.1.1.10.7.11,socii,socii,a,,,,,true
substantive,chronicon:0.1.1.10.7.11,socii,sociis,b g,,,,,false
substantive,chronicon:0.1.1.10.7.12,nostros,nostros,b,,,,,true
substantive,chronicon:0.1.1.10.7.12,nostros,uestros,a,,,,,false
substantive,chronicon:0.1.1.10.7.14,».,».,b,,,,,true
substantive,chronicon:0.1.1.10.7.14,».,.,a,,,,,false
substantive,chronicon:0.1.1.10.8.3,etiam audire debeatis.,etiam audire debeatis.,b,,,,,true
substantive,chronicon:0.1.1.10.8.3,etiam audire debeatis.,,a,,,,,false
substantive,chronicon:0.1.1.10.8.9,miserandam,miserandam,b,,,,,true
substantive,chronicon:0.1.1.10.8.9,miserandam,miseram,a g,,,,,false
substantive,chronicon:0.1.1.10.10.0,obhorta,obhorta,b,,,,,true
substantive,chronicon:0.1.1.10.10.0,obhorta,abhorta,a,,,,,false
substantive,chronicon:0.1.1.10.10.3,recepisse,recepisse,b,,,,,true
substantive,chronicon:0.1.1.10.10.3,recepisse,recepissent,a,,,,,false
substantive,chronicon:0.1.1.10.11.3,quarto,quarto,a,,,,,true
substantive,chronicon:0.1.1.10.11.3,quarto,quarta,b g,,,,,false
substantive,chronicon:0.1.1.10.14.5,consequentiam,consequentiam,b,,,,,true
substantive,chronicon:0.1.1.10.14.5,consequentiam,consequentia,a,,,,,false
substantive,chronicon:0.1.1.10.14.7,uel,uel,b,,,,,true
substantive,chronicon:0.1.1.10.14.7,uel,et,a,,,,,false
substantive,chronicon:0.1.1.10.15.0,esset,esset,b,,,,,true
substantive,chronicon:0.1.1.10.15.0,esset,essent,a,,,,,false
substantive,chronicon:0.1.1.10.16.0,delectabilis,delectabilis,a,,,,,true
substantive,chronicon:0.1.1.10.16.0,delectabilis,delactabilis,b g,,,,,false
substantive,chronicon:0.1.1.10.17.1,decere,decere,b,,,,,true
substantive,chronicon:0.1.1.10.17.1,decere,deceret,a,,,,,false
substantive,chronicon:0.1.1.10.20.3,distat,distat,b,,,,,true
substantive,chronicon:0.1.1.10.20.3,distat,distant,a,,,,,false
substantive,chronicon:0.1.1.10.21.0,consummarent,consummarent,b,,,,,true
substantive,chronicon:0.1.1.10.21.0,consummarent,consumarent,a,,,,,false
substantive,chronicon:0.1.1.10.23.2,constantiam,constantiam,b,,,,,true
substantive,chronicon:0.1.1.10.23.2,constantiam,inconstantiam,a,,,,,false
substantive,chronicon:0.1.1.10.23.11,Uenetiam,Uenetiam,b,,,,,true
substantive,chronicon:0.1.1.10.23.11,Uenetiam,Uenecia,a,,,,,false
substantive,chronicon:0.1.1.10.23.12,coegerimus,coegerimus,b,,,,,true
substantive,chronicon:0.1.1.10.23.12,coegerimus,coegimus,a,,,,,false
substantive,chronicon:0.1.1.10.23.14,liberalitate,liberalitate,b,,,,,true
substantive,chronicon:0.1.1.10.23.14,liberalitate,libertate,a,,,,,false
substantive,chronicon:0.1.1.10.23.15,collatis,collatis,b,,,,,true
substantive,chronicon:0.1.1.10.23.15,collatis,collocatis,a,,,,,false
substantive,chronicon:0.1.1.10.25.7,liberalitate,liberalitate,b,,,,,true
substantive,chronicon:0.1.1.10.25.7,liberalitate,libertate,a,,,,,false
substantive,chronicon:0.1.1.10.27.4,ad,ad,b,,,,,true
substantive,chronicon:0.1.1.10.27.4,ad,ab,a,,,,,false
substantive,chronicon:0.1.1.10.29.0,feritate,feritate,b,,,,,true
substantive,chronicon:0.1.1.10.29.0,feritate,ferocitate,a,,,,,false
substantive,chronicon:0.1.1.10.32.2,abiuro,abiuro,b,,,,,true
substantive,chronicon:0.1.1.10.32.2,abiuro,obiuro,a,,,,,false
substantive,chronicon:0.1.1.10.34.0,imperiali,imperiali,a g,,,,,true
substantive,chronicon:0.1.1.10.34.0,imperiali,imperali,b,,,,,false
substantive,chronicon:0.1.1.10.36.5,euaginatum,euaginatum,b,,,,,true
substantive,chronicon:0.1.1.10.36.5,euaginatum,euagantem,a,,,,,false
substantive,chronicon:0.1.1.10.37.2,nostra,nostra,b,,,,,true
substantive,chronicon:0.1.1.10.37.2,nostra,,a,,,,,false
substantive,chronicon:0.1.1.10.37.5,abiecto,abiecto,b,,,,,true
substantive,chronicon:0.1.1.10.37.5,abiecto,obiecto,a,,,,,false
substantive,chronicon:0.1.1.10.45.5,proueniet,proueniet,b,,,,,true
substantive,chronicon:0.1.1.10.45.5,proueniet,prouenit,a,,,,,false
substantive,chronicon:0.1.1.10.50.3,suscepti,suscepti,a,,,,,true
substantive,chronicon:0.1.1.10.50.3,suscepti,suscepit,b g,,,,,false
substantive,chronicon:0.1.1.10.52.1,demoratus,demoratus,b,,,,,true
substantive,chronicon:0.1.1.10.52.1,demoratus,demoraturus,a,,,,,false
substantive,chronicon:0.1.1.10.52.3,Tusciam,Tusciam,b,,,,,true
substantive,chronicon:0.1.1.10.52.3,Tusciam,Tuscia,a,,,,,false
substantive,chronicon:0.1.1.10.52.5,de,de,a g,,,,,true
substantive,chronicon:0.1.1.10.52.5,de,,b,,,,,false
substantive,chronicon:0.1.1.10.54.2,potuisset,potuisset,b,,,,,true
substantive,chronicon:0.1.1.10.54.2,potuisset,potuisse,a,,,,,false
substantive,chronicon:0.1.1.10.54.3,Alamanniam,Alamanniam,b,,,,,true
substantive,chronicon:0.1.1.10.54.3,Alamanniam,Alammannia,a,,,,,false
substantive,chronicon:0.1.1.10.55.2,adiuuarent,adiuuarent,b,,,,,true
substantive,chronicon:0.1.1.10.55.2,adiuuarent,adiuuaret,a,,,,,false
substantive,chronicon:0.1.1.10.55.3,Biteruenses,Biteruenses,b,,,,,true
substantive,chronicon:0.1.1.10.55.3,Biteruenses,Biteruensium,a,,,,,false
punctuation,chronicon:0.1.1.0.2.0,",",",",,,pm,,,true
punctuation,chronicon:0.1.1.0.2.0,",",,g,,,,,false
punctuation,chronicon:0.1.1.0.4.1,,,,,pm,,,true
punctuation,chronicon:0.1.1.0.4.1,,",",g,,,,,false
punctuation,chronicon:0.1.1.0.4.2,.,.,,,pm,,,true
punctuation,chronicon:0.1.1.0.4.2,.,;,g,,,,,false
punctuation,chronicon:0.1.1.0.4.4,.,.,,,pm,,,true
punctuation,chronicon:0.1.1.0.4.4,.,,g,,,,,false
punctuation,chronicon:0.1.1.0.4.6,. Et,. Et,,,pm,,,true
punctuation,chronicon:0.1.1.0.4.6,. Et,", et",g,,,,,false
punctuation,chronicon:0.1.1.0.4.7,. A,. A,,,pm,,,true
punctuation,chronicon:0.1.1.0.4.7,. A,", a",g,,,,,false
punctuation,chronicon:0.1.1.0.5.1,",",",",,,pm,,,true
punctuation,chronicon:0.1.1.0.5.1,",",,g,,,,,false
punctuation,chronicon:0.1.1.1.12.0,;,;,,,pm,,,true
punctuation,chronicon:0.1.1.1.12.0,;,,g,,,,,false
punctuation,chronicon:0.1.1.2.5.0,",",",",,,pm,,,true
punctuation,chronicon:0.1.1.2.5.0,",",,g,,,,,false
punctuation,chronicon:0.1.1.2.12.0,,,,,pm,,,true
punctuation,chronicon:0.1.1.2.12.0,,.,g,,,,,false
punctuation,chronicon:0.1.1.3.5.5,",",",",,,pm,,,true
punctuation,chronicon:0.1.1.3.5.5,",",,g,,,,,false
punctuation,chronicon:0.1.1.3.14.7,",",",",,,pm,,,true
punctuation,chronicon:0.1.1.3.14.7,",",,g,,,,,false
punctuation,chronicon:0.1.1.3.17.11,.,.,,,pm,,,true
punctuation,chronicon:0.1.1.3.17.11,.,,g,,,,,false
punctuation,chronicon:0.1.1.3.18.4,.,.,,,pm,,,true
punctuation,chronicon:0.1.1.3.18.4,.,,g,,,,,false
punctuation,chronicon:0.1.1.3.19.2,.,.,,,pm,,,true
punctuation,chronicon:0.1.1.3.19.2,.,,g,,,,,false
punctuation,chronicon:0.1.1.3.20.2,.,.,,,pm,,,true
punctuation,chronicon:0.1.1.3.20.2,.,,g,,,,,false
punctuation,chronicon:0.1.1.3.21.5,.,.,,,pm,,,true
punctuation,chronicon:0.1.1.3.21.5,.,,g,,,,,false
punctuation,chronicon:0.1.1.3.22.1,.,.,,,pm,,,true
punctuation,chronicon:0.1.1.3.22.1,.,,g,,,,,false
punctuation,chronicon:0.1.1.3.23.2,.,.,,,pm,,,true
punctuation,chronicon:0.1.1.3.23.2,.,,g,,,,,false
punctuation,chronicon:0.1.1.3.25.2,.,.,,,pm,,,true
punctuation,chronicon:0.1.1.3.25.2,.,,g,,,,,false
punctuation,chronicon:0.1.1.3.32.1,.,.,,,pm,,,true
punctuation,chronicon:0.1.1.3.32.1,.,,g,,,,,false
punctuation,chronicon:0.1.1.3.35.1,,,,,pm,,,true
punctuation,chronicon:0.1.1.3.35.1,,",",g,,,,,false
punctuation,chronicon:0.1.1.3.35.2,,,,,pm,,,true
punctuation,chronicon:0.1.1.3.35.2,,",",g,,,,,false
punctuation,chronicon:0.1.1.3.35.5,.,.,,,pm,,,true
punctuation,chronicon:0.1.1.3.35.5,.,,g,,,,,false
punctuation,chronicon:0.1.1.3.37.1,.,.,,,pm,,,true
punctuation,chronicon:0.1.1.3.37.1,.,,g,,,,,false
punctuation,chronicon:0.1.1.4.3.1,.,.,,,pm,,,true
punctuation,chronicon:0.1.1.4.3.1,.,,g,,,,,false
punctuation,chronicon:0.1.1.4.5.4,.,.,,,pm,,,true
punctuation,chronicon:0.1.1.4.5.4,.,,g,,,,,false
punctuation,chronicon:0.1.1.4.8.2,,,,,pm,,,true
punctuation,chronicon:0.1.1.4.8.2,,",",g,,,,,false
punctuation,chronicon:0.1.1.4.10.1,.,.,,,pm,,,true
punctuation,chronicon:0.1.1.4.10.1,.,,g,,,,,false
punctuation,chronicon:0.1.1.4.12.4,.,.,,,pm,,,true
punctuation,chronicon:0.1.1.4.12.4,.,,g,,,,,false
punctuation,chronicon:0.1.1.4.34.5,.,.,,,pm,,,true
punctuation,chronicon:0.1.1.4.34.5,.,,g,,,,,false
punctuation,chronicon:0.1.1.4.35.3,",",",",,,pm,,,true
punctuation,chronicon:0.1.1.4.35.3,",",,g,,,,,false
punctuation,chronicon:0.1.1.4.35.11,.,.,,,pm,,,true
punctuation,chronicon:0.1.1.4.35.11,.,,g,,,,,false
punctuation,chronicon:0.1.1.4.36.1,",",",",,,pm,,,true
punctuation,chronicon:0.1.1.4.36.1,",",,g,,,,,false
punctuation,chronicon:0.1.1.4.37.36,",",",",,,pm,,,true
punctuation,chronicon:0.1.1.4.37.36,",",,g,,,,,false
punctuation,chronicon:0.1.1.4.37.37,,,,,pm,,,true
punctuation,chronicon:0.1.1.4.37.37,,.,g,,,,,false
punctuation,chronicon:0.1.1.4.37.50,",",",",,,pm,,,true
punctuation,chronicon:0.1.1.4.37.50,",",,g,,,,,false
punctuation,chronicon:0.1.1.4.37.52,",",",",,,pm,,,true
punctuation,chronicon:0.1.1.4.37.52,",",,g,,,,,false
punctuation,chronicon:0.1.1.4.37.53,,,,,pm,,,true
punctuation,chronicon:0.1.1.4.37.53,,",",g,,,,,false
punctuation,chronicon:0.1.1.4.37.54,",",",",,,pm,,,true
punctuation,chronicon:0.1.1.4.37.54,",",,g,,,,,false
punctuation,chronicon:0.1.1.4.37.67,",",",",,,pm,,,true
punctuation,chronicon:0.1.1.4.37.67,",",,g,,,,,false
punctuation,chronicon:0.1.1.4.38.1,",",",",,,pm,,,true
punctuation,chronicon:0.1.1.4.38.1,",",,g,,,,,false
punctuation,chronicon:0.1.1.5.2.1,.,.,,,pm,,,true
punctuation,chronicon:0.1.1.5.2.1,.,,g,,,,,false
punctuation,chronicon:0.1.1.5.3.4,.,.,,,pm,,,true
punctuation,chronicon:0.1.1.5.3.4,.,,g,,,,,false
punctuation,chronicon:0.1.1.5.4.3,",",",",,,pm,,,true
punctuation,chronicon:0.1.1.5.4.3,",",,g,,,,,false
punctuation,chronicon:0.1.1.5.4.16,,,,,pm,,,true
punctuation,chronicon:0.1.1.5.4.16,,",",g,,,,,false
punctuation,chronicon:0.1.1.5.4.17,",",",",,,pm,,,true
punctuation,chronicon:0.1.1.5.4.17,",",,g,,,,,false
punctuation,chronicon:0.1.1.5.4.23,,,,,pm,,,true
punctuation,chronicon:0.1.1.5.4.23,,",",g,,,,,false
punctuation,chronicon:0.1.1.5.4.32,:,:,,,pm,,,true
punctuation,chronicon:0.1.1.5.4.32,:,.,g,,,,,false
punctuation,chronicon:0.1.1.5.4.37,:,:,,,pm,,,true
punctuation,chronicon:0.1.1.5.4.37,:,,g,,,,,false
punctuation,chronicon:0.1.1.5.4.51,.,.,,,pm,,,true
punctuation,chronicon:0.1.1.5.4.51,.,,g,,,,,false
punctuation,chronicon:0.1.1.5.6.1,;,;,,,pm,,,true
punctuation,chronicon:0.1.1.5.6.1,;,",",g,,,,,false
punctuation,chronicon:0.1.1.5.6.9,.,.,,,pm,,,true
punctuation,chronicon:0.1.1.5.6.9,.,,g,,,,,false
punctuation,chronicon:0.1.1.5.7.2,",",",",,,pm,,,true
punctuation,chronicon:0.1.1.5.7.2,",",,g,,,,,false
punctuation,chronicon:0.1.1.5.7.4,,,,,pm,,,true
punctuation,chronicon:0.1.1.5.7.4,,",",g,,,,,false
punctuation,chronicon:0.1.1.5.7.8,.,.,,,pm,,,true
punctuation,chronicon:0.1.1.5.7.8,.,,g,,,,,false
punctuation,chronicon:0.1.1.5.8.1,",",",",,,pm,,,true
punctuation,chronicon:0.1.1.5.8.1,",",,g,,,,,false
punctuation,chronicon:0.1.1.5.8.20,:,:,,,pm,,,true
punctuation,chronicon:0.1.1.5.8.20,:,;,g,,,,,false
punctuation,chronicon:0.1.1.5.8.24,(,(,,,pm,,,true
punctuation,chronicon:0.1.1.5.8.24,(,.,g,,,,,false
punctuation,chronicon:0.1.1.5.9.4,",",",",,,pm,,,true
punctuation,chronicon:0.1.1.5.9.4,",",.,g,,,,,false
punctuation,chronicon:0.1.1.5.9.6,",",",",,,pm,,,true
punctuation,chronicon:0.1.1.5.9.6,",",,g,,,,,false
punctuation,chronicon:0.1.1.5.10.0,.,.,,,pm,,,true
punctuation,chronicon:0.1.1.5.10.0,.,,g,,,,,false
punctuation,chronicon:0.1.1.5.11.1,",",",",,,pm,,,true
punctuation,chronicon:0.1.1.5.11.1,",",,g,,,,,false
punctuation,chronicon:0.1.1.5.11.2,",",",",,,pm,,,true
punctuation,chronicon:0.1.1.5.11.2,",",,g,,,,,false
punctuation,chronicon:0.1.1.5.13.6,",",",",,,pm,,,true
punctuation,chronicon:0.1.1.5.13.6,",",,g,,,,,false
punctuation,chronicon:0.1.1.5.13.8,",",",",,,pm,,,true
punctuation,chronicon:0.1.1.5.13.8,",",,g,,,,,false
punctuation,chronicon:0.1.1.5.16.1,",",",",,,pm,,,true
punctuation,chronicon:0.1.1.5.16.1,",",,g,,,,,false
punctuation,chronicon:0.1.1.5.16.2,.,.,,,pm,,,true
punctuation,chronicon:0.1.1.5.16.2,.,,g,,,,,false
punctuation,chronicon:0.1.1.5.16.7,",",",",,,pm,,,true
punctuation,chronicon:0.1.1.5.16.7,",",,g,,,,,false
punctuation,chronicon:0.1.1.5.16.14,,,,,pm,,,true
punctuation,chronicon:0.1.1.5.16.14,,",",g,,,,,false
punctuation,chronicon:0.1.1.5.16.18,,,,,pm,,,true
punctuation,chronicon:0.1.1.5.16.18,,",",g,,,,,false
punctuation,chronicon:0.1.1.5.17.0,,,,,pm,,,true
punctuation,chronicon:0.1.1.5.17.0,,",",g,,,,,false
punctuation,chronicon:0.1.1.5.17.2,.,.,,,pm,,,true
punctuation,chronicon:0.1.1.5.17.2,.,,g,,,,,false
punctuation,chronicon:0.1.1.5.18.3,",",",",,,pm,,,true
punctuation,chronicon:0.1.1.5.18.3,",",,g,,,,,false
punctuation,chronicon:0.1.1.5.18.4,.,.,,,pm,,,true
punctuation,chronicon:0.1.1.5.18.4,.,,g,,,,,false
punctuation,chronicon:0.1.1.5.19.2,,,,,pm,,,true
punctuation,chronicon:0.1.1.5.19.2,,",",g,,,,,false
punctuation,chronicon:0.1.1.5.19.10,",",",",,,pm,,,true
punctuation,chronicon:0.1.1.5.19.10,",",;,g,,,,,false
punctuation,chronicon:0.1.1.5.19.12,;,;,,,pm,,,true
punctuation,chronicon:0.1.1.5.19.12,;,",",g,,,,,false
punctuation,chronicon:0.1.1.5.19.25,",",",",,,pm,,,true
punctuation,chronicon:0.1.1.5.19.25,",",,g,,,,,false
punctuation,chronicon:0.1.1.5.19.27,",",",",,,pm,,,true
punctuation,chronicon:0.1.1.5.19.27,",",,g,,,,,false
punctuation,chronicon:0.1.1.5.19.28,,,,,pm,,,true
punctuation,chronicon:0.1.1.5.19.28,,",",g,,,,,false
punctuation,chronicon:0.1.1.5.19.31,,,,,pm,,,true
punctuation,chronicon:0.1.1.5.19.31,,",",g,,,,,false
punctuation,chronicon:0.1.1.5.19.37,,,,,pm,,,true
punctuation,chronicon:0.1.1.5.19.37,,",",g,,,,,false
punctuation,chronicon:0.1.1.5.19.39,,,,,pm,,,true
punctuation,chronicon:0.1.1.5.19.39,,",",g,,,,,false
punctuation,chronicon:0.1.1.5.19.40,",",",",,,pm,,,true
punctuation,chronicon:0.1.1.5.19.40,",",,g,,,,,false
punctuation,chronicon:0.1.1.5.19.42,",",",",,,pm,,,true
punctuation,chronicon:0.1.1.5.19.42,",",,g,,,,,false
punctuation,chronicon:0.1.1.5.19.43,",",",",,,pm,,,true
punctuation,chronicon:0.1.1.5.19.43,",",,g,,,,,false
punctuation,chronicon:0.1.1.5.19.44,,,,,pm,,,true
punctuation,chronicon:0.1.1.5.19.44,,",",g,,,,,false
punctuation,chronicon:0.1.1.5.20.0,.,.,,,pm,,,true
punctuation,chronicon:0.1.1.5.20.0,.,,g,,,,,false
punctuation,chronicon:0.1.1.5.20.4,,,,,pm,,,true
punctuation,chronicon:0.1.1.5.20.4,,",",g,,,,,false
punctuation,chronicon:0.1.1.5.20.7,,,,,pm,,,true
punctuation,chronicon:0.1.1.5.20.7,,",",g,,,,,false
punctuation,chronicon:0.1.1.5.20.9,,,,,pm,,,true
punctuation,chronicon:0.1.1.5.20.9,,",",g,,,,,false
punctuation,chronicon:0.1.1.5.20.17,,,,,pm,,,true
punctuation,chronicon:0.1.1.5.20.17,,",",g,,,,,false
punctuation,chronicon:0.1.1.5.20.18,",",",",,,pm,,,true
punctuation,chronicon:0.1.1.5.20.18,",",,g,,,,,false
punctuation,chronicon:0.1.1.5.20.21,",",",",,,pm,,,true
punctuation,chronicon:0.1.1.5.20.21,",",,g,,,,,false
punctuation,chronicon:0.1.1.5.20.23,",",",",,,pm,,,true
punctuation,chronicon:0.1.1.5.20.23,",",,g,,,,,false
punctuation,chronicon:0.1.1.5.20.26,",",",",,,pm,,,true
punctuation,chronicon:0.1.1.5.20.26,",",,g,,,,,false
punctuation,chronicon:0.1.1.5.21.2,.,.,,,pm,,,true
punctuation,chronicon:0.1.1.5.21.2,.,,g,,,,,false
punctuation,chronicon:0.1.1.5.22.13,.,.,,,pm,,,true
punctuation,chronicon:0.1.1.5.22.13,.,,g,,,,,false
punctuation,chronicon:0.1.1.5.23.8,",",",",,,pm,,,true
punctuation,chronicon:0.1.1.5.23.8,",",,g,,,,,false
punctuation,chronicon:0.1.1.5.23.9,,,,,pm,,,true
punctuation,chronicon:0.1.1.5.23.9,,",",g,,,,,false
punctuation,chronicon:0.1.1.5.23.13,",",",",,,pm,,,true
punctuation,chronicon:0.1.1.5.23.13,",",.,g,,,,,false
punctuation,chronicon:0.1.1.5.23.15,",",",",,,pm,,,true
punctuation,chronicon:0.1.1.5.23.15,",",,g,,,,,false
punctuation,chronicon:0.1.1.5.23.19,",",",",,,pm,,,true
punctuation,chronicon:0.1.1.5.23.19,",",,g,,,,,false
punctuation,chronicon:0.1.1.5.24.0,.,.,,,pm,,,true
punctuation,chronicon:0.1.1.5.24.0,.,,g,,,,,false
punctuation,chronicon:0.1.1.5.24.3,",",",",,,pm,,,true
punctuation,chronicon:0.1.1.5.24.3,",",,g,,,,,false
punctuation,chronicon:0.1.1.5.24.4,.,.,,,pm,,,true
punctuation,chronicon:0.1.1.5.24.4,.,,g,,,,,false
punctuation,chronicon:0.1.1.5.24.6,",",",",,,pm,,,true
punctuation,chronicon:0.1.1.5.24.6,",",,g,,,,,false
punctuation,chronicon:0.1.1.5.24.7,",",",",,,pm,,,true
punctuation,chronicon:0.1.1.5.24.7,",",,g,,,,,false
punctuation,chronicon:0.1.1.5.24.14,",",",",,,pm,,,true
punctuation,chronicon:0.1.1.5.24.14,",",,g,,,,,false
punctuation,chronicon:0.1.1.5.24.16,,,,,pm,,,true
punctuation,chronicon:0.1.1.5.24.16,,",",g,,,,,false
punctuation,chronicon:0.1.1.5.25.29,",",",",,,pm,,,true
punctuation,chronicon:0.1.1.5.25.29,",",,g,,,,,false
punctuation,chronicon:0.1.1.5.25.33,",",",",,,pm,,,true
punctuation,chronicon:0.1.1.5.25.33,",",,g,,,,,false
punctuation,chronicon:0.1.1.5.25.34,.,.,,,pm,,,true
punctuation,chronicon:0.1.1.5.25.34,.,,g,,,,,false
punctuation,chronicon:0.1.1.5.28.0,.,.,,,pm,,,true
punctuation,chronicon:0.1.1.5.28.0,.,,g,,,,,false
punctuation,chronicon:0.1.1.5.29.2,,,,,pm,,,true
punctuation,chronicon:0.1.1.5.29.2,,",",g,,,,,false
punctuation,chronicon:0.1.1.5.29.9,",",",",,,pm,,,true
punctuation,chronicon:0.1.1.5.29.9,",",,g,,,,,false
punctuation,chronicon:0.1.1.5.30.2,",",",",,,pm,,,true
punctuation,chronicon:0.1.1.5.30.2,",",,g,,,,,false
punctuation,chronicon:0.1.1.5.32.0,.,.,,,pm,,,true
punctuation,chronicon:0.1.1.5.32.0,.,,g,,,,,false
punctuation,chronicon:0.1.1.5.36.2,",",",",,,pm,,,true
punctuation,chronicon:0.1.1.5.36.2,",",,g,,,,,false
punctuation,chronicon:0.1.1.5.36.3,,,,,pm,,,true
punctuation,chronicon:0.1.1.5.36.3,,",",g,,,,,false
punctuation,chronicon:0.1.1.5.36.5,",",",",,,pm,,,true
punctuation,chronicon:0.1.1.5.36.5,",",,g,,,,,false
punctuation,chronicon:0.1.1.5.36.6,",",",",,,pm,,,true
punctuation,chronicon:0.1.1.5.36.6,",",,g,,,,,false
punctuation,chronicon:0.1.1.5.37.0,.,.,,,pm,,,true
punctuation,chronicon:0.1.1.5.37.0,.,,g,,,,,false
punctuation,chronicon:0.1.1.5.40.6,;,;,,,pm,,,true
punctuation,chronicon:0.1.1.5.40.6,;,",",g,,,,,false
punctuation,chronicon:0.1.1.5.41.0,,,,,pm,,,true
punctuation,chronicon:0.1.1.5.41.0,,",",g,,,,,false
punctuation,chronicon:0.1.1.5.41.4,",",",",,,pm,,,true
punctuation,chronicon:0.1.1.5.41.4,",",,g,,,,,false
punctuation,chronicon:0.1.1.5.41.8,",",",",,,pm,,,true
punctuation,chronicon:0.1.1.5.41.8,",",,g,,,,,false
punctuation,chronicon:0.1.1.5.42.5,,,,,pm,,,true
punctuation,chronicon:0.1.1.5.42.5,,",",g,,,,,false
punctuation,chronicon:0.1.1.5.42.6,,,,,pm,,,true
punctuation,chronicon:0.1.1.5.42.6,,",",g,,,,,false
punctuation,chronicon:0.1.1.5.42.8,",",",",,,pm,,,true
punctuation,chronicon:0.1.1.5.42.8,",",,g,,,,,false
punctuation,chronicon:0.1.1.5.43.0,",",",",,,pm,,,true
punctuation,chronicon:0.1.1.5.43.0,",",,g,,,,,false
punctuation,chronicon:0.1.1.5.43.1,",",",",,,pm,,,true
punctuation,chronicon:0.1.1.5.43.1,",",,g,,,,,false
punctuation,chronicon:0.1.1.5.43.4,",",",",,,pm,,,true
punctuation,chronicon:0.1.1.5.43.4,",",,g,,,,,false
punctuation,chronicon:0.1.1.5.43.12,,,,,pm,,,true
punctuation,chronicon:0.1.1.5.43.12,,",",g,,,,,false
punctuation,chronicon:0.1.1.5.43.17,,,,,pm,,,true
punctuation,chronicon:0.1.1.5.43.17,,",",g,,,,,false
punctuation,chronicon:0.1.1.5.43.18,,,,,pm,,,true
punctuation,chronicon:0.1.1.5.43.18,,",",g,,,,,false
punctuation,chronicon:0.1.1.5.43.19,,,,,pm,,,true
punctuation,chronicon:0.1.1.5.43.19,,",",g,,,,,false
punctuation,chronicon:0.1.1.5.43.20,,,,,pm,,,true
punctuation,chronicon:0.1.1.5.43.20,,",",g,,,,,false
punctuation,chronicon:0.1.1.5.44.2,,,,,pm,,,true
punctuation,chronicon:0.1.1.5.44.2,,",",g,,,,,false
punctuation,chronicon:0.1.1.5.44.17,,,,,pm,,,true
punctuation,chronicon:0.1.1.5.44.17,,",",g,,,,,false
punctuation,chronicon:0.1.1.5.44.20,,,,,pm,,,true
punctuation,chronicon:0.1.1.5.44.20,,",",g,,,,,false
punctuation,chronicon:0.1.1.5.45.2,,,,,pm,,,true
punctuation,chronicon:0.1.1.5.45.2,,",",g,,,,,false
punctuation,chronicon:0.1.1.5.45.3,,,,,pm,,,true
punctuation,chronicon:0.1.1.5.45.3,,",",g,,,,,false
punctuation,chronicon:0.1.1.5.45.5,,,,,pm,,,true
punctuation,chronicon:0.1.1.5.45.5,,",",g,,,,,false
punctuation,chronicon:0.1.1.5.46.2,;,;,,,pm,,,true
punctuation,chronicon:0.1.1.5.46.2,;,.,g,,,,,false
punctuation,chronicon:0.1.1.5.46.4,;,;,,,pm,,,true
punctuation,chronicon:0.1.1.5.46.4,;,.,g,,,,,false
punctuation,chronicon:0.1.1.5.46.6,;,;,,,pm,,,true
punctuation,chronicon:0.1.1.5.46.6,;,.,g,,,,,false
punctuation,chronicon:0.1.1.5.46.7,;,;,,,pm,,,true
punctuation,chronicon:0.1.1.5.46.7,;,.,g,,,,,false
punctuation,chronicon:0.1.1.5.46.12,",",",",,,pm,,,true
punctuation,chronicon:0.1.1.5.46.12,",",,g,,,,,false
punctuation,chronicon:0.1.1.5.46.14,,,,,pm,,,true
punctuation,chronicon:0.1.1.5.46.14,,",",g,,,,,false
punctuation,chronicon:0.1.1.5.46.15,",",",",,,pm,,,true
punctuation,chronicon:0.1.1.5.46.15,",",,g,,,,,false
punctuation,chronicon:0.1.1.5.46.16,",",",",,,pm,,,true
punctuation,chronicon:0.1.1.5.46.16,",",,g,,,,,false
punctuation,chronicon:0.1.1.5.46.20,,,,,pm,,,true
punctuation,chronicon:0.1.1.5.46.20,,",",g,,,,,false
punctuation,chronicon:0.1.1.5.46.25,,,,,pm,,,true
punctuation,chronicon:0.1.1.5.46.25,,",",g,,,,,false
punctuation,chronicon:0.1.1.5.46.30,,,,,pm,,,true
punctuation,chronicon:0.1.1.5.46.30,,",",g,,,,,false
punctuation,chronicon:0.1.1.5.46.31,,,,,pm,,,true
punctuation,chronicon:0.1.1.5.46.31,,",",g,,,,,false
punctuation,chronicon:0.1.1.5.46.32,.,.,,,pm,,,true
punctuation,chronicon:0.1.1.5.46.32,.,",",g,,,,,false
punctuation,chronicon:0.1.1.5.46.33,,,,,pm,,,true
punctuation,chronicon:0.1.1.5.46.33,,",",g,,,,,false
punctuation,chronicon:0.1.1.5.46.35,,,,,pm,,,true
punctuation,chronicon:0.1.1.5.46.35,,",",g,,,,,false
punctuation,chronicon:0.1.1.5.46.38,,,,,pm,,,true
punctuation,chronicon:0.1.1.5.46.38,,",",g,,,,,false
punctuation,chronicon:0.1.1.5.46.39,,,,,pm,,,true
punctuation,chronicon:0.1.1.5.46.39,,",",g,,,,,false
punctuation,chronicon:0.1.1.5.46.41,,,,,pm,,,true
punctuation,chronicon:0.1.1.5.46.41,,",",g,,,,,false
punctuation,chronicon:0.1.1.5.46.42,,,,,pm,,,true
punctuation,chronicon:0.1.1.5.46.42,,",",g,,,,,false
punctuation,chronicon:0.1.1.5.47.3,,,,,pm,,,true
punctuation,chronicon:0.1.1.5.47.3,,",",g,,,,,false
punctuation,chronicon:0.1.1.5.47.4,",",",",,,pm,,,true
punctuation,chronicon:0.1.1.5.47.4,",",,g,,,,,false
punctuation,chronicon:0.1.1.5.47.5,",",",",,,pm,,,true
punctuation,chronicon:0.1.1.5.47.5,",",,g,,,,,false
punctuation,chronicon:0.1.1.5.47.7,",",",",,,pm,,,true
punctuation,chronicon:0.1.1.5.47.7,",",:,g,,,,,false
punctuation,chronicon:0.1.1.5.47.8,",",",",,,pm,,,true
punctuation,chronicon:0.1.1.5.47.8,",",,g,,,,,false
punctuation,chronicon:0.1.1.5.47.11,",",",",,,pm,,,true
punctuation,chronicon:0.1.1.5.47.11,",",,g,,,,,false
punctuation,chronicon:0.1.1.5.47.12,",",",",,,pm,,,true
punctuation,chronicon:0.1.1.5.47.12,",",,g,,,,,false
punctuation,chronicon:0.1.1.6.2.5,.,.,,,pm,,,true
punctuation,chronicon:0.1.1.6.2.5,.,,g,,,,,false
punctuation,chronicon:0.1.1.6.3.1,,,,,pm,,,true
punctuation,chronicon:0.1.1.6.3.1,,:,g,,,,,false
punctuation,chronicon:0.1.1.6.3.4,,,,,pm,,,true
punctuation,chronicon:0.1.1.6.3.4,,",",g,,,,,false
punctuation,chronicon:0.1.1.6.3.7,",",",",,,pm,,,true
punctuation,chronicon:0.1.1.6.3.7,",",,g,,,,,false
punctuation,chronicon:0.1.1.6.3.10,,,,,pm,,,true
punctuation,chronicon:0.1.1.6.3.10,,",",g,,,,,false
punctuation,chronicon:0.1.1.6.3.14,,,,,pm,,,true
punctuation,chronicon:0.1.1.6.3.14,,",",g,,,,,false
punctuation,chronicon:0.1.1.6.3.15,.,.,,,pm,,,true
punctuation,chronicon:0.1.1.6.3.15,.,",",g,,,,,false
punctuation,chronicon:0.1.1.6.3.19,",",",",,,pm,,,true
punctuation,chronicon:0.1.1.6.3.19,",",,g,,,,,false
punctuation,chronicon:0.1.1.6.3.21,,,,,pm,,,true
punctuation,chronicon:0.1.1.6.3.21,,;,g,,,,,false
punctuation,chronicon:0.1.1.6.3.23,.,.,,,pm,,,true
punctuation,chronicon:0.1.1.6.3.23,.,,g,,,,,false
punctuation,chronicon:0.1.1.6.4.0,",",",",,,pm,,,true
punctuation,chronicon:0.1.1.6.4.0,",",,g,,,,,false
punctuation,chronicon:0.1.1.6.4.1,,,,,pm,,,true
punctuation,chronicon:0.1.1.6.4.1,,",",g,,,,,false
punctuation,chronicon:0.1.1.6.4.3,,,,,pm,,,true
punctuation,chronicon:0.1.1.6.4.3,,:,g,,,,,false
punctuation,chronicon:0.1.1.6.5.3,",",",",,,pm,,,true
punctuation,chronicon:0.1.1.6.5.3,",",,g,,,,,false
punctuation,chronicon:0.1.1.6.5.4,,,,,pm,,,true
punctuation,chronicon:0.1.1.6.5.4,,",",g,,,,,false
punctuation,chronicon:0.1.1.6.6.0,,,,,pm,,,true
punctuation,chronicon:0.1.1.6.6.0,,.,g,,,,,false
punctuation,chronicon:0.1.1.6.6.2,",",",",,,pm,,,true
punctuation,chronicon:0.1.1.6.6.2,",",,g,,,,,false
punctuation,chronicon:0.1.1.6.6.3,,,,,pm,,,true
punctuation,chronicon:0.1.1.6.6.3,,.,g,,,,,false
punctuation,chronicon:0.1.1.6.6.4,",",",",,,pm,,,true
punctuation,chronicon:0.1.1.6.6.4,",",,g,,,,,false
punctuation,chronicon:0.1.1.6.6.7,",",",",,,pm,,,true
punctuation,chronicon:0.1.1.6.6.7,",",,g,,,,,false
punctuation,chronicon:0.1.1.6.7.5,;,;,,,pm,,,true
punctuation,chronicon:0.1.1.6.7.5,;,",",g,,,,,false
punctuation,chronicon:0.1.1.6.8.0,",",",",,,pm,,,true
punctuation,chronicon:0.1.1.6.8.0,",",,g,,,,,false
punctuation,chronicon:0.1.1.6.8.2,.,.,,,pm,,,true
punctuation,chronicon:0.1.1.6.8.2,.,",",g,,,,,false
punctuation,chronicon:0.1.1.6.8.6,,,,,pm,,,true
punctuation,chronicon:0.1.1.6.8.6,,",",g,,,,,false
punctuation,chronicon:0.1.1.6.8.7,",",",",,,pm,,,true
punctuation,chronicon:0.1.1.6.8.7,",",,g,,,,,false
punctuation,chronicon:0.1.1.6.8.8,,,,,pm,,,true
punctuation,chronicon:0.1.1.6.8.8,,",",g,,,,,false
punctuation,chronicon:0.1.1.6.8.9,,,,,pm,,,true
punctuation,chronicon:0.1.1.6.8.9,,",",g,,,,,false
punctuation,chronicon:0.1.1.6.8.10,. Horum,. Horum,,,pm,,,true
punctuation,chronicon:0.1.1.6.8.10,. Horum,", horum",g,,,,,false
punctuation,chronicon:0.1.1.6.8.11,;,;,,,pm,,,true
punctuation,chronicon:0.1.1.6.8.11,;,,g,,,,,false
punctuation,chronicon:0.1.1.6.8.12,,,,,pm,,,true
punctuation,chronicon:0.1.1.6.8.12,,",",g,,,,,false
punctuation,chronicon:0.1.1.6.9.1,,,,,pm,,,true
punctuation,chronicon:0.1.1.6.9.1,,",",g,,,,,false
punctuation,chronicon:0.1.1.6.9.3,",",",",,,pm,,,true
punctuation,chronicon:0.1.1.6.9.3,",",,g,,,,,false
punctuation,chronicon:0.1.1.6.9.4,,,,,pm,,,true
punctuation,chronicon:0.1.1.6.9.4,,",",g,,,,,false
punctuation,chronicon:0.1.1.6.9.7,",",",",,,pm,,,true
punctuation,chronicon:0.1.1.6.9.7,",",,g,,,,,false
punctuation,chronicon:0.1.1.6.10.2,,,,,pm,,,true
punctuation,chronicon:0.1.1.6.10.2,,",",g,,,,,false
punctuation,chronicon:0.1.1.6.10.11,,,,,pm,,,true
punctuation,chronicon:0.1.1.6.10.11,,",",g,,,,,false
punctuation,chronicon:0.1.1.6.12.5,",",",",,,pm,,,true
punctuation,chronicon:0.1.1.6.12.5,",",,g,,,,,false
punctuation,chronicon:0.1.1.6.12.8,,,,,pm,,,true
punctuation,chronicon:0.1.1.6.12.8,,",",g,,,,,false
punctuation,chronicon:0.1.1.6.12.9,",",",",,,pm,,,true
punctuation,chronicon:0.1.1.6.12.9,",",,g,,,,,false
punctuation,chronicon:0.1.1.6.12.14,,,,,pm,,,true
punctuation,chronicon:0.1.1.6.12.14,,",",g,,,,,false
punctuation,chronicon:0.1.1.6.12.15,,,,,pm,,,true
punctuation,chronicon:0.1.1.6.12.15,,",",g,,,,,false
punctuation,chronicon:0.1.1.6.13.1,,,,,pm,,,true
punctuation,chronicon:0.1.1.6.13.1,,",",g,,,,,false
punctuation,chronicon:0.1.1.6.15.5,",",",",,,pm,,,true
punctuation,chronicon:0.1.1.6.15.5,",",,g,,,,,false
punctuation,chronicon:0.1.1.6.18.15,,,,,pm,,,true
punctuation,chronicon:0.1.1.6.18.15,,",",g,,,,,false
punctuation,chronicon:0.1.1.6.18.18,",",",",,,pm,,,true
punctuation,chronicon:0.1.1.6.18.18,",",,g,,,,,false
punctuation,chronicon:0.1.1.6.18.19,",",",",,,pm,,,true
punctuation,chronicon:0.1.1.6.18.19,",",,g,,,,,false
punctuation,chronicon:0.1.1.6.21.2,",",",",,,pm,,,true
punctuation,chronicon:0.1.1.6.21.2,",",,g,,,,,false
punctuation,chronicon:0.1.1.6.21.3,,,,,pm,,,true
punctuation,chronicon:0.1.1.6.21.3,,",",g,,,,,false
punctuation,chronicon:0.1.1.6.21.5,",",",",,,pm,,,true
punctuation,chronicon:0.1.1.6.21.5,",",,g,,,,,false
punctuation,chronicon:0.1.1.6.21.9,",",",",,,pm,,,true
punctuation,chronicon:0.1.1.6.21.9,",",,g,,,,,false
punctuation,chronicon:0.1.1.6.21.15,,,,,pm,,,true
punctuation,chronicon:0.1.1.6.21.15,,",",g,,,,,false
punctuation,chronicon:0.1.1.6.21.18,,,,,pm,,,true
punctuation,chronicon:0.1.1.6.21.18,,",",g,,,,,false
punctuation,chronicon:0.1.1.6.21.20,,,,,pm,,,true
punctuation,chronicon:0.1.1.6.21.20,,",",g,,,,,false
punctuation,chronicon:0.1.1.6.21.23,,,,,pm,,,true
punctuation,chronicon:0.1.1.6.21.23,,",",g,,,,,false
punctuation,chronicon:0.1.1.6.21.27,,,,,pm,,,true
punctuation,chronicon:0.1.1.6.21.27,,",",g,,,,,false
punctuation,chronicon:0.1.1.6.21.30,,,,,pm,,,true
punctuation,chronicon:0.1.1.6.21.30,,",",g,,,,,false
punctuation,chronicon:0.1.1.6.22.3,",",",",,,pm,,,true
punctuation,chronicon:0.1.1.6.22.3,",",,g,,,,,false
punctuation,chronicon:0.1.1.6.23.3,,,,,pm,,,true
punctuation,chronicon:0.1.1.6.23.3,,",",g,,,,,false
punctuation,chronicon:0.1.1.6.23.5,",",",",,,pm,,,true
punctuation,chronicon:0.1.1.6.23.5,",",,g,,,,,false
punctuation,chronicon:0.1.1.6.23.6,,,,,pm,,,true
punctuation,chronicon:0.1.1.6.23.6,,",",g,,,,,false
punctuation,chronicon:0.1.1.6.23.7,,,,,pm,,,true
punctuation,chronicon:0.1.1.6.23.7,,",",g,,,,,false
punctuation,chronicon:0.1.1.6.24.1,",",",",,,pm,,,true
punctuation,chronicon:0.1.1.6.24.1,",",,g,,,,,false
punctuation,chronicon:0.1.1.6.24.2,,,,,pm,,,true
punctuation,chronicon:0.1.1.6.24.2,,",",g,,,,,false
punctuation,chronicon:0.1.1.6.25.1,",",",",,,pm,,,true
punctuation,chronicon:0.1.1.6.25.1,",",,g,,,,,false
punctuation,chronicon:0.1.1.6.26.3,",",",",,,pm,,,true
punctuation,chronicon:0.1.1.6.26.3,",",,g,,,,,false
punctuation,chronicon:0.1.1.6.26.5,,,,,pm,,,true
punctuation,chronicon:0.1.1.6.26.5,,:,g,,,,,false
punctuation,chronicon:0.1.1.6.26.7,",",",",,,pm,,,true
punctuation,chronicon:0.1.1.6.26.7,",",,g,,,,,false
punctuation,chronicon:0.1.1.6.26.14,,,,,pm,,,true
punctuation,chronicon:0.1.1.6.26.14,,:,g,,,,,false
punctuation,chronicon:0.1.1.6.26.15,",",",",,,pm,,,true
punctuation,chronicon:0.1.1.6.26.15,",",:,g,,,,,false
punctuation,chronicon:0.1.1.6.26.16,,,,,pm,,,true
punctuation,chronicon:0.1.1.6.26.16,,",",g,,,,,false
punctuation,chronicon:0.1.1.6.26.19,",",",",,,pm,,,true
punctuation,chronicon:0.1.1.6.26.19,",",:,g,,,,,false
punctuation,chronicon:0.1.1.6.26.20,",",",",,,pm,,,true
punctuation,chronicon:0.1.1.6.26.20,",",;,g,,,,,false
punctuation,chronicon:0.1.1.6.26.22,,,,,pm,,,true
punctuation,chronicon:0.1.1.6.26.22,,",",g,,,,,false
punctuation,chronicon:0.1.1.6.26.24,;,;,,,pm,,,true
punctuation,chronicon:0.1.1.6.26.24,;,",",g,,,,,false
punctuation,chronicon:0.1.1.6.27.3,",",",",,,pm,,,true
punctuation,chronicon:0.1.1.6.27.3,",",,g,,,,,false
punctuation,chronicon:0.1.1.6.27.8,,,,,pm,,,true
punctuation,chronicon:0.1.1.6.27.8,,:,g,,,,,false
punctuation,chronicon:0.1.1.6.28.0,,,,,pm,,,true
punctuation,chronicon:0.1.1.6.28.0,,",",g,,,,,false
punctuation,chronicon:0.1.1.6.28.1,,,,,pm,,,true
punctuation,chronicon:0.1.1.6.28.1,,",",g,,,,,false
punctuation,chronicon:0.1.1.6.28.3,,,,,pm,,,true
punctuation,chronicon:0.1.1.6.28.3,,",",g,,,,,false
punctuation,chronicon:0.1.1.6.30.2,,,,,pm,,,true
punctuation,chronicon:0.1.1.6.30.2,,",",g,,,,,false
punctuation,chronicon:0.1.1.6.30.4,",",",",,,pm,,,true
punctuation,chronicon:0.1.1.6.30.4,",",,g,,,,,false
punctuation,chronicon:0.1.1.6.30.5,",",",",,,pm,,,true
punctuation,chronicon:0.1.1.6.30.5,",",,g,,,,,false
punctuation,chronicon:0.1.1.6.30.6,",",",",,,pm,,,true
punctuation,chronicon:0.1.1.6.30.6,",",,g,,,,,false
punctuation,chronicon:0.1.1.6.30.9,",",",",,,pm,,,true
punctuation,chronicon:0.1.1.6.30.9,",",,g,,,,,false
punctuation,chronicon:0.1.1.6.30.11,,,,,pm,,,true
punctuation,chronicon:0.1.1.6.30.11,,",",g,,,,,false
punctuation,chronicon:0.1.1.6.31.3,",",",",,,pm,,,true
punctuation,chronicon:0.1.1.6.31.3,",",:,g,,,,,false
punctuation,chronicon:0.1.1.6.32.2,,,,,pm,,,true
punctuation,chronicon:0.1.1.6.32.2,,",",g,,,,,false
punctuation,chronicon:0.1.1.6.32.4,;,;,,,pm,,,true
punctuation,chronicon:0.1.1.6.32.4,;,,g,,,,,false
punctuation,chronicon:0.1.1.6.32.6,,,,,pm,,,true
punctuation,chronicon:0.1.1.6.32.6,,",",g,,,,,false
punctuation,chronicon:0.1.1.6.32.7,",",",",,,pm,,,true
punctuation,chronicon:0.1.1.6.32.7,",",;,g,,,,,false
punctuation,chronicon:0.1.1.6.32.8,,,,,pm,,,true
punctuation,chronicon:0.1.1.6.32.8,,",",g,,,,,false
punctuation,chronicon:0.1.1.6.32.10,,,,,pm,,,true
punctuation,chronicon:0.1.1.6.32.10,,",",g,,,,,false
punctuation,chronicon:0.1.1.6.32.12,,,,,pm,,,true
punctuation,chronicon:0.1.1.6.32.12,,",",g,,,,,false
punctuation,chronicon:0.1.1.6.32.20,,,,,pm,,,true
punctuation,chronicon:0.1.1.6.32.20,,",",g,,,,,false
punctuation,chronicon:0.1.1.6.34.9,,,,,pm,,,true
punctuation,chronicon:0.1.1.6.34.9,,",",g,,,,,false
punctuation,chronicon:0.1.1.6.34.10,",",",",,,pm,,,true
punctuation,chronicon:0.1.1.6.34.10,",",.,g,,,,,false
punctuation,chronicon:0.1.1.6.34.11,,,,,pm,,,true
punctuation,chronicon:0.1.1.6.34.11,,",",g,,,,,false
punctuation,chronicon:0.1.1.6.34.14,,,,,pm,,,true
punctuation,chronicon:0.1.1.6.34.14,,",",g,,,,,false
punctuation,chronicon:0.1.1.6.34.20,,,,,pm,,,true
punctuation,chronicon:0.1.1.6.34.20,,",",g,,,,,false
punctuation,chronicon:0.1.1.6.34.25,,,,,pm,,,true
punctuation,chronicon:0.1.1.6.34.25,,",",g,,,,,false
punctuation,chronicon:0.1.1.6.34.26,,,,,pm,,,true
punctuation,chronicon:0.1.1.6.34.26,,",",g,,,,,false
punctuation,chronicon:0.1.1.6.34.27,,,,,pm,,,true
punctuation,chronicon:0.1.1.6.34.27,,:,g,,,,,false
punctuation,chronicon:0.1.1.6.34.33,",",",",,,pm,,,true
punctuation,chronicon:0.1.1.6.34.33,",",,g,,,,,false
punctuation,chronicon:0.1.1.6.34.35,. Huius,. Huius,,,pm,,,true
punctuation,chronicon:0.1.1.6.34.35,. Huius,", huius",g,,,,,false
punctuation,chronicon:0.1.1.6.34.37,;,;,,,pm,,,true
punctuation,chronicon:0.1.1.6.34.37,;,:,g,,,,,false
punctuation,chronicon:0.1.1.6.36.1,",",",",,,pm,,,true
punctuation,chronicon:0.1.1.6.36.1,",",,g,,,,,false
punctuation,chronicon:0.1.1.6.36.2,",",",",,,pm,,,true
punctuation,chronicon:0.1.1.6.36.2,",",,g,,,,,false
punctuation,chronicon:0.1.1.6.36.4,,,,,pm,,,true
punctuation,chronicon:0.1.1.6.36.4,,",",g,,,,,false
punctuation,chronicon:0.1.1.6.36.6,,,,,pm,,,true
punctuation,chronicon:0.1.1.6.36.6,,",",g,,,,,false
punctuation,chronicon:0.1.1.6.36.13,,,,,pm,,,true
punctuation,chronicon:0.1.1.6.36.13,,",",g,,,,,false
punctuation,chronicon:0.1.1.6.36.16,",",",",,,pm,,,true
punctuation,chronicon:0.1.1.6.36.16,",",,g,,,,,false
punctuation,chronicon:0.1.1.6.36.17,",",",",,,pm,,,true
punctuation,chronicon:0.1.1.6.36.17,",",,g,,,,,false
punctuation,chronicon:0.1.1.6.36.18,",",",",,,pm,,,true
punctuation,chronicon:0.1.1.6.36.18,",",,g,,,,,false
punctuation,chronicon:0.1.1.6.36.19,,,,,pm,,,true
punctuation,chronicon:0.1.1.6.36.19,,",",g,,,,,false
punctuation,chronicon:0.1.1.6.36.24,,,,,pm,,,true
punctuation,chronicon:0.1.1.6.36.24,,",",g,,,,,false
punctuation,chronicon:0.1.1.6.36.25,,,,,pm,,,true
punctuation,chronicon:0.1.1.6.36.25,,",",g,,,,,false
punctuation,chronicon:0.1.1.6.36.26,;,;,,,pm,,,true
punctuation,chronicon:0.1.1.6.36.26,;,:,g,,,,,false
punctuation,chronicon:0.1.1.6.36.31,,,,,pm,,,true
punctuation,chronicon:0.1.1.6.36.31,,",",g,,,,,false
punctuation,chronicon:0.1.1.6.38.1,,,,,pm,,,true
punctuation,chronicon:0.1.1.6.38.1,,",",g,,,,,false
punctuation,chronicon:0.1.1.6.38.3,,,,,pm,,,true
punctuation,chronicon:0.1.1.6.38.3,,",",g,,,,,false
punctuation,chronicon:0.1.1.6.38.4,",",",",,,pm,,,true
punctuation,chronicon:0.1.1.6.38.4,",",,g,,,,,false
punctuation,chronicon:0.1.1.6.38.5,",",",",,,pm,,,true
punctuation,chronicon:0.1.1.6.38.5,",",:,g,,,,,false
punctuation,chronicon:0.1.1.6.38.6,",",",",,,pm,,,true
punctuation,chronicon:0.1.1.6.38.6,",",:,g,,,,,false
punctuation,chronicon:0.1.1.6.38.7,",",",",,,pm,,,true
punctuation,chronicon:0.1.1.6.38.7,",",:,g,,,,,false
punctuation,chronicon:0.1.1.6.38.8,,,,,pm,,,true
punctuation,chronicon:0.1.1.6.38.8,,",",g,,,,,false
punctuation,chronicon:0.1.1.6.38.9,",",",",,,pm,,,true
punctuation,chronicon:0.1.1.6.38.9,",",,g,,,,,false
punctuation,chronicon:0.1.1.6.38.10,",",",",,,pm,,,true
punctuation,chronicon:0.1.1.6.38.10,",",,g,,,,,false
punctuation,chronicon:0.1.1.6.38.11,",",",",,,pm,,,true
punctuation,chronicon:0.1.1.6.38.11,",",,g,,,,,false
punctuation,chronicon:0.1.1.6.38.12,,,,,pm,,,true
punctuation,chronicon:0.1.1.6.38.12,,",",g,,,,,false
punctuation,chronicon:0.1.1.6.38.13,",",",",,,pm,,,true
punctuation,chronicon:0.1.1.6.38.13,",",,g,,,,,false
punctuation,chronicon:0.1.1.6.38.15,",",",",,,pm,,,true
punctuation,chronicon:0.1.1.6.38.15,",",,g,,,,,false
punctuation,chronicon:0.1.1.6.38.16,", imperii",", imperii",,,pm,,,true
punctuation,chronicon:0.1.1.6.38.16,", imperii",. Imperii,g,,,,,false
punctuation,chronicon:0.1.1.6.38.19,,,,,pm,,,true
punctuation,chronicon:0.1.1.6.38.19,,",",g,,,,,false
punctuation,chronicon:0.1.1.6.38.23,,,,,pm,,,true
punctuation,chronicon:0.1.1.6.38.23,,",",g,,,,,false
punctuation,chronicon:0.1.1.6.38.24,,,,,pm,,,true
punctuation,chronicon:0.1.1.6.38.24,,",",g,,,,,false
punctuation,chronicon:0.1.1.6.38.25,,,,,pm,,,true
punctuation,chronicon:0.1.1.6.38.25,,",",g,,,,,false
punctuation,chronicon:0.1.1.6.39.12,",",",",,,pm,,,true
punctuation,chronicon:0.1.1.6.39.12,",",;,g,,,,,false
punctuation,chronicon:0.1.1.6.41.1,,,,,pm,,,true
punctuation,chronicon:0.1.1.6.41.1,,",",g,,,,,false
punctuation,chronicon:0.1.1.6.41.11,,,,,pm,,,true
punctuation,chronicon:0.1.1.6.41.11,,",",g,,,,,false
punctuation,chronicon:0.1.1.6.41.15,,,,,pm,,,true
punctuation,chronicon:0.1.1.6.41.15,,",",g,,,,,false
punctuation,chronicon:0.1.1.6.42.2,,,,,pm,,,true
punctuation,chronicon:0.1.1.6.42.2,,",",g,,,,,false
punctuation,chronicon:0.1.1.6.42.5,,,,,pm,,,true
punctuation,chronicon:0.1.1.6.42.5,,",",g,,,,,false
punctuation,chronicon:0.1.1.6.42.6,,,,,pm,,,true
punctuation,chronicon:0.1.1.6.42.6,,",",g,,,,,false
punctuation,chronicon:0.1.1.6.42.7,,,,,pm,,,true
punctuation,chronicon:0.1.1.6.42.7,,",",g,,,,,false
punctuation,chronicon:0.1.1.6.42.10,,,,,pm,,,true
punctuation,chronicon:0.1.1.6.42.10,,",",g,,,,,false
punctuation,chronicon:0.1.1.6.42.11,",",",",,,pm,,,true
punctuation,chronicon:0.1.1.6.42.11,",",,g,,,,,false
punctuation,chronicon:0.1.1.6.42.13,,,,,pm,,,true
punctuation,chronicon:0.1.1.6.42.13,,",",g,,,,,false
punctuation,chronicon:0.1.1.6.42.14,.,.,,,pm,,,true
punctuation,chronicon:0.1.1.6.42.14,.,,g,,,,,false
punctuation,chronicon:0.1.1.6.43.1,",",",",,,pm,,,true
punctuation,chronicon:0.1.1.6.43.1,",",,g,,,,,false
punctuation,chronicon:0.1.1.6.43.3,",",",",,,pm,,,true
punctuation,chronicon:0.1.1.6.43.3,",",,g,,,,,false
punctuation,chronicon:0.1.1.6.43.5,,,,,pm,,,true
punctuation,chronicon:0.1.1.6.43.5,,",",g,,,,,false
punctuation,chronicon:0.1.1.6.43.8,",",",",,,pm,,,true
punctuation,chronicon:0.1.1.6.43.8,",",;,g,,,,,false
punctuation,chronicon:0.1.1.6.43.9,,,,,pm,,,true
punctuation,chronicon:0.1.1.6.43.9,,",",g,,,,,false
punctuation,chronicon:0.1.1.6.43.10,,,,,pm,,,true
punctuation,chronicon:0.1.1.6.43.10,,",",g,,,,,false
punctuation,chronicon:0.1.1.6.43.11,.,.,,,pm,,,true
punctuation,chronicon:0.1.1.6.43.11,.,",",g,,,,,false
punctuation,chronicon:0.1.1.6.43.12,,,,,pm,,,true
punctuation,chronicon:0.1.1.6.43.12,,",",g,,,,,false
punctuation,chronicon:0.1.1.6.43.14,,,,,pm,,,true
punctuation,chronicon:0.1.1.6.43.14,,",",g,,,,,false
punctuation,chronicon:0.1.1.6.43.15,,,,,pm,,,true
punctuation,chronicon:0.1.1.6.43.15,,",",g,,,,,false
punctuation,chronicon:0.1.1.6.43.16,",",",",,,pm,,,true
punctuation,chronicon:0.1.1.6.43.16,",",:,g,,,,,false
punctuation,chronicon:0.1.1.6.43.17,,,,,pm,,,true
punctuation,chronicon:0.1.1.6.43.17,,",",g,,,,,false
punctuation,chronicon:0.1.1.6.43.19,,,,,pm,,,true
punctuation,chronicon:0.1.1.6.43.19,,",",g,,,,,false
punctuation,chronicon:0.1.1.6.43.20,,,,,pm,,,true
punctuation,chronicon:0.1.1.6.43.20,,",",g,,,,,false
punctuation,chronicon:0.1.1.6.45.7,",",",",,,pm,,,true
punctuation,chronicon:0.1.1.6.45.7,",",:,g,,,,,false
punctuation,chronicon:0.1.1.6.45.13,,,,,pm,,,true
punctuation,chronicon:0.1.1.6.45.13,,",",g,,,,,false
punctuation,chronicon:0.1.1.6.45.15,",",",",,,pm,,,true
punctuation,chronicon:0.1.1.6.45.15,",",:,g,,,,,false
punctuation,chronicon:0.1.1.6.45.18,,,,,pm,,,true
punctuation,chronicon:0.1.1.6.45.18,,",",g,,,,,false
punctuation,chronicon:0.1.1.6.46.3,,,,,pm,,,true
punctuation,chronicon:0.1.1.6.46.3,,",",g,,,,,false
punctuation,chronicon:0.1.1.6.47.3,,,,,pm,,,true
punctuation,chronicon:0.1.1.6.47.3,,",",g,,,,,false
punctuation,chronicon:0.1.1.6.47.5,,,,,pm,,,true
punctuation,chronicon:0.1.1.6.47.5,,",",g,,,,,false
punctuation,chronicon:0.1.1.6.47.6,,,,,pm,,,true
punctuation,chronicon:0.1.1.6.47.6,,",",g,,,,,false
punctuation,chronicon:0.1.1.6.47.7,,,,,pm,,,true
punctuation,chronicon:0.1.1.6.47.7,,",",g,,,,,false
punctuation,chronicon:0.1.1.6.47.10,,,,,pm,,,true
punctuation,chronicon:0.1.1.6.47.10,,",",g,,,,,false
punctuation,chronicon:0.1.1.6.47.11,,,,,pm,,,true
punctuation,chronicon:0.1.1.6.47.11,,",",g,,,,,false
punctuation,chronicon:0.1.1.6.47.13,,,,,pm,,,true
punctuation,chronicon:0.1.1.6.47.13,,:,g,,,,,false
punctuation,chronicon:0.1.1.6.47.14,,,,,pm,,,true
punctuation,chronicon:0.1.1.6.47.14,,",",g,,,,,false
punctuation,chronicon:0.1.1.6.48.1,,,,,pm,,,true
punctuation,chronicon:0.1.1.6.48.1,,",",g,,,,,false
punctuation,chronicon:0.1.1.6.48.2,",",",",,,pm,,,true
punctuation,chronicon:0.1.1.6.48.2,",",,g,,,,,false
punctuation,chronicon:0.1.1.6.49.0,,,,,pm,,,true
punctuation,chronicon:0.1.1.6.49.0,,",",g,,,,,false
punctuation,chronicon:0.1.1.6.49.2,,,,,pm,,,true
punctuation,chronicon:0.1.1.6.49.2,,",",g,,,,,false
punctuation,chronicon:0.1.1.6.49.3,",",",",,,pm,,,true
punctuation,chronicon:0.1.1.6.49.3,",",,g,,,,,false
punctuation,chronicon:0.1.1.6.49.4,,,,,pm,,,true
punctuation,chronicon:0.1.1.6.49.4,,",",g,,,,,false
punctuation,chronicon:0.1.1.6.49.5,,,,,pm,,,true
punctuation,chronicon:0.1.1.6.49.5,,",",g,,,,,false
punctuation,chronicon:0.1.1.6.49.7,",",",",,,pm,,,true
punctuation,chronicon:0.1.1.6.49.7,",",,g,,,,,false
punctuation,chronicon:0.1.1.6.49.9,,,,,pm,,,true
punctuation,chronicon:0.1.1.6.49.9,,",",g,,,,,false
punctuation,chronicon:0.1.1.6.49.11,,,,,pm,,,true
punctuation,chronicon:0.1.1.6.49.11,,",",g,,,,,false
punctuation,chronicon:0.1.1.6.49.12,,,,,pm,,,true
punctuation,chronicon:0.1.1.6.49.12,,",",g,,,,,false
punctuation,chronicon:0.1.1.6.50.0,,,,,pm,,,true
punctuation,chronicon:0.1.1.6.50.0,,",",g,,,,,false
punctuation,chronicon:0.1.1.6.51.6,,,,,pm,,,true
punctuation,chronicon:0.1.1.6.51.6,,",",g,,,,,false
punctuation,chronicon:0.1.1.6.51.7,,,,,pm,,,true
punctuation,chronicon:0.1.1.6.51.7,,",",g,,,,,false
punctuation,chronicon:0.1.1.6.52.0,,,,,pm,,,true
punctuation,chronicon:0.1.1.6.52.0,,",",g,,,,,false
punctuation,chronicon:0.1.1.6.54.0,;,;,,,pm,,,true
punctuation,chronicon:0.1.1.6.54.0,;,:,g,,,,,false
punctuation,chronicon:0.1.1.6.54.1,",",",",,,pm,,,true
punctuation,chronicon:0.1.1.6.54.1,",",:,g,,,,,false
punctuation,chronicon:0.1.1.6.54.4,,,,,pm,,,true
punctuation,chronicon:0.1.1.6.54.4,,",",g,,,,,false
punctuation,chronicon:0.1.1.6.55.1,,,,,pm,,,true
punctuation,chronicon:0.1.1.6.55.1,,",",g,,,,,false
punctuation,chronicon:0.1.1.6.55.3,,,,,pm,,,true
punctuation,chronicon:0.1.1.6.55.3,,",",g,,,,,false
punctuation,chronicon:0.1.1.6.55.5,,,,,pm,,,true
punctuation,chronicon:0.1.1.6.55.5,,",",g,,,,,false
punctuation,chronicon:0.1.1.6.56.1,,,,,pm,,,true
punctuation,chronicon:0.1.1.6.56.1,,",",g,,,,,false
punctuation,chronicon:0.1.1.6.57.4,,,,,pm,,,true
punctuation,chronicon:0.1.1.6.57.4,,",",g,,,,,false
punctuation,chronicon:0.1.1.6.57.5,,,,,pm,,,true
punctuation,chronicon:0.1.1.6.57.5,,",",g,,,,,false
punctuation,chronicon:0.1.1.6.57.6,",",",",,,pm,,,true
punctuation,chronicon:0.1.1.6.57.6,",",,g,,,,,false
punctuation,chronicon:0.1.1.6.57.8,,,,,pm,,,true
punctuation,chronicon:0.1.1.6.57.8,,",",g,,,,,false
punctuation,chronicon:0.1.1.6.57.13,,,,,pm,,,true
punctuation,chronicon:0.1.1.6.57.13,,",",g,,,,,false
punctuation,chronicon:0.1.1.6.57.14,,,,,pm,,,true
punctuation,chronicon:0.1.1.6.57.14,,",",g,,,,,false
punctuation,chronicon:0.1.1.6.57.18,",",",",,,pm,,,true
punctuation,chronicon:0.1.1.6.57.18,",",,g,,,,,false
punctuation,chronicon:0.1.1.6.57.19,,,,,pm,,,true
punctuation,chronicon:0.1.1.6.57.19,,",",g,,,,,false
punctuation,chronicon:0.1.1.6.57.20,,,,,pm,,,true
punctuation,chronicon:0.1.1.6.57.20,,",",g,,,,,false
punctuation,chronicon:0.1.1.6.57.21,,,,,pm,,,true
punctuation,chronicon:0.1.1.6.57.21,,",",g,,,,,false
punctuation,chronicon:0.1.1.6.57.22,",",",",,,pm,,,true
punctuation,chronicon:0.1.1.6.57.22,",",,g,,,,,false
punctuation,chronicon:0.1.1.6.57.23,,,,,pm,,,true
punctuation,chronicon:0.1.1.6.57.23,,",",g,,,,,false
punctuation,chronicon:0.1.1.6.57.26,,,,,pm,,,true
punctuation,chronicon:0.1.1.6.57.26,,",",g,,,,,false
punctuation,chronicon:0.1.1.6.57.28,,,,,pm,,,true
punctuation,chronicon:0.1.1.6.57.28,,",",g,,,,,false
punctuation,chronicon:0.1.1.6.60.0,,,,,pm,,,true
punctuation,chronicon:0.1.1.6.60.0,,",",g,,,,,false
punctuation,chronicon:0.1.1.6.61.3,,,,,pm,,,true
punctuation,chronicon:0.1.1.6.61.3,,",",g,,,,,false
punctuation,chronicon:0.1.1.6.61.5,,,,,pm,,,true
punctuation,chronicon:0.1.1.6.61.5,,",",g,,,,,false
punctuation,chronicon:0.1.1.6.61.6,,,,,pm,,,true
punctuation,chronicon:0.1.1.6.61.6,,",",g,,,,,false
punctuation,chronicon:0.1.1.6.61.8,,,,,pm,,,true
punctuation,chronicon:0.1.1.6.61.8,,",",g,,,,,false
punctuation,chronicon:0.1.1.6.62.1,,,,,pm,,,true
punctuation,chronicon:0.1.1.6.62.1,,",",g,,,,,false
punctuation,chronicon:0.1.1.6.62.2,",",",",,,pm,,,true
punctuation,chronicon:0.1.1.6.62.2,",",,g,,,,,false
punctuation,chronicon:0.1.1.6.62.3,.,.,,,pm,,,true
punctuation,chronicon:0.1.1.6.62.3,.,!,g,,,,,false
punctuation,chronicon:0.1.1.6.62.4,,,,,pm,,,true
punctuation,chronicon:0.1.1.6.62.4,,",",g,,,,,false
punctuation,chronicon:0.1.1.6.62.5,,,,,pm,,,true
punctuation,chronicon:0.1.1.6.62.5,,",",g,,,,,false
punctuation,chronicon:0.1.1.6.63.2,,,,,pm,,,true
punctuation,chronicon:0.1.1.6.63.2,,",",g,,,,,false
punctuation,chronicon:0.1.1.6.64.5,",",",",,,pm,,,true
punctuation,chronicon:0.1.1.6.64.5,",",,g,,,,,false
punctuation,chronicon:0.1.1.6.65.2,",",",",,,pm,,,true
punctuation,chronicon:0.1.1.6.65.2,",",:,g,,,,,false
punctuation,chronicon:0.1.1.6.65.3,",",",",,,pm,,,true
punctuation,chronicon:0.1.1.6.65.3,",",:,g,,,,,false
punctuation,chronicon:0.1.1.6.65.4,,,,,pm,,,true
punctuation,chronicon:0.1.1.6.65.4,,",",g,,,,,false
punctuation,chronicon:0.1.1.6.65.5,,,,,pm,,,true
punctuation,chronicon:0.1.1.6.65.5,,",",g,,,,,false
punctuation,chronicon:0.1.1.6.66.0,:,:,,,pm,,,true
punctuation,chronicon:0.1.1.6.66.0,:,.,g,,,,,false
punctuation,chronicon:0.1.1.6.66.1,;,;,,,pm,,,true
punctuation,chronicon:0.1.1.6.66.1,;,.,g,,,,,false
punctuation,chronicon:0.1.1.6.68.2,,,,,pm,,,true
punctuation,chronicon:0.1.1.6.68.2,,",",g,,,,,false
punctuation,chronicon:0.1.1.6.68.7,,,,,pm,,,true
punctuation,chronicon:0.1.1.6.68.7,,",",g,,,,,false
punctuation,chronicon:0.1.1.6.68.9,,,,,pm,,,true
punctuation,chronicon:0.1.1.6.68.9,,",",g,,,,,false
punctuation,chronicon:0.1.1.6.68.14,;,;,,,pm,,,true
punctuation,chronicon:0.1.1.6.68.14,;,,g,,,,,false
punctuation,chronicon:0.1.1.6.68.16,,,,,pm,,,true
punctuation,chronicon:0.1.1.6.68.16,,",",g,,,,,false
punctuation,chronicon:0.1.1.6.68.18,;,;,,,pm,,,true
punctuation,chronicon:0.1.1.6.68.18,;,",",g,,,,,false
punctuation,chronicon:0.1.1.6.68.19,,,,,pm,,,true
punctuation,chronicon:0.1.1.6.68.19,,",",g,,,,,false
punctuation,chronicon:0.1.1.6.68.21,,,,,pm,,,true
punctuation,chronicon:0.1.1.6.68.21,,",",g,,,,,false
punctuation,chronicon:0.1.1.6.68.28,",",",",,,pm,,,true
punctuation,chronicon:0.1.1.6.68.28,",",,g,,,,,false
punctuation,chronicon:0.1.1.6.68.29,,,,,pm,,,true
punctuation,chronicon:0.1.1.6.68.29,,",",g,,,,,false
punctuation,chronicon:0.1.1.6.68.30,,,,,pm,,,true
punctuation,chronicon:0.1.1.6.68.30,,",",g,,,,,false
punctuation,chronicon:0.1.1.6.68.36,,,,,pm,,,true
punctuation,chronicon:0.1.1.6.68.36,,",",g,,,,,false
punctuation,chronicon:0.1.1.6.69.1,,,,,pm,,,true
punctuation,chronicon:0.1.1.6.69.1,,",",g,,,,,false
punctuation,chronicon:0.1.1.6.69.2,,,,,pm,,,true
punctuation,chronicon:0.1.1.6.69.2,,",",g,,,,,false
punctuation,chronicon:0.1.1.6.69.4,",",",",,,pm,,,true
punctuation,chronicon:0.1.1.6.69.4,",",,g,,,,,false
punctuation,chronicon:0.1.1.6.69.5,,,,,pm,,,true
punctuation,chronicon:0.1.1.6.69.5,,",",g,,,,,false
punctuation,chronicon:0.1.1.6.69.8,,,,,pm,,,true
punctuation,chronicon:0.1.1.6.69.8,,",",g,,,,,false
punctuation,chronicon:0.1.1.6.69.10,. Et,. Et,,,pm,,,true
punctuation,chronicon:0.1.1.6.69.10,. Et,", et",g,,,,,false
punctuation,chronicon:0.1.1.6.69.12,,,,,pm,,,true
punctuation,chronicon:0.1.1.6.69.12,,",",g,,,,,false
punctuation,chronicon:0.1.1.6.69.14,,,,,pm,,,true
punctuation,chronicon:0.1.1.6.69.14,,",",g,,,,,false
punctuation,chronicon:0.1.1.6.69.15,,,,,pm,,,true
punctuation,chronicon:0.1.1.6.69.15,,",",g,,,,,false
punctuation,chronicon:0.1.1.6.69.16,,,,,pm,,,true
punctuation,chronicon:0.1.1.6.69.16,,",",g,,,,,false
punctuation,chronicon:0.1.1.6.70.2,,,,,pm,,,true
punctuation,chronicon:0.1.1.6.70.2,,",",g,,,,,false
punctuation,chronicon:0.1.1.6.70.4,,,,,pm,,,true
punctuation,chronicon:0.1.1.6.70.4,,",",g,,,,,false
punctuation,chronicon:0.1.1.6.70.5,",",",",,,pm,,,true
punctuation,chronicon:0.1.1.6.70.5,",",,g,,,,,false
punctuation,chronicon:0.1.1.6.70.7,,,,,pm,,,true
punctuation,chronicon:0.1.1.6.70.7,,",",g,,,,,false
punctuation,chronicon:0.1.1.6.70.12,,,,,pm,,,true
punctuation,chronicon:0.1.1.6.70.12,,",",g,,,,,false
punctuation,chronicon:0.1.1.6.70.17,",",",",,,pm,,,true
punctuation,chronicon:0.1.1.6.70.17,",",,g,,,,,false
punctuation,chronicon:0.1.1.6.70.18,,,,,pm,,,true
punctuation,chronicon:0.1.1.6.70.18,,",",g,,,,,false
punctuation,chronicon:0.1.1.6.70.20,,,,,pm,,,true
punctuation,chronicon:0.1.1.6.70.20,,",",g,,,,,false
punctuation,chronicon:0.1.1.6.71.6,",",",",,,pm,,,true
punctuation,chronicon:0.1.1.6.71.6,",",,g,,,,,false
punctuation,chronicon:0.1.1.6.71.8,",",",",,,pm,,,true
punctuation,chronicon:0.1.1.6.71.8,",",,g,,,,,false
punctuation,chronicon:0.1.1.6.71.12,,,,,pm,,,true
punctuation,chronicon:0.1.1.6.71.12,,",",g,,,,,false
punctuation,chronicon:0.1.1.6.71.13,,,,,pm,,,true
punctuation,chronicon:0.1.1.6.71.13,,",",g,,,,,false
punctuation,chronicon:0.1.1.6.71.14,,,,,pm,,,true
punctuation,chronicon:0.1.1.6.71.14,,",",g,,,,,false
punctuation,chronicon:0.1.1.6.73.1,,,,,pm,,,true
punctuation,chronicon:0.1.1.6.73.1,,",",g,,,,,false
punctuation,chronicon:0.1.1.6.73.2,,,,,pm,,,true
punctuation,chronicon:0.1.1.6.73.2,,",",g,,,,,false
punctuation,chronicon:0.1.1.6.73.3,,,,,pm,,,true
punctuation,chronicon:0.1.1.6.73.3,,",",g,,,,,false
punctuation,chronicon:0.1.1.6.74.0,,,,,pm,,,true
punctuation,chronicon:0.1.1.6.74.0,,",",g,,,,,false
punctuation,chronicon:0.1.1.6.74.1,,,,,pm,,,true
punctuation,chronicon:0.1.1.6.74.1,,",",g,,,,,false
punctuation,chronicon:0.1.1.6.75.0,",",",",,,pm,,,true
punctuation,chronicon:0.1.1.6.75.0,",",,g,,,,,false
punctuation,chronicon:0.1.1.6.75.1,",",",",,,pm,,,true
punctuation,chronicon:0.1.1.6.75.1,",",,g,,,,,false
punctuation,chronicon:0.1.1.6.75.2,,,,,pm,,,true
punctuation,chronicon:0.1.1.6.75.2,,",",g,,,,,false
punctuation,chronicon:0.1.1.6.75.5,,,,,pm,,,true
punctuation,chronicon:0.1.1.6.75.5,,",",g,,,,,false
punctuation,chronicon:0.1.1.6.75.6,,,,,pm,,,true
punctuation,chronicon:0.1.1.6.75.6,,",",g,,,,,false
punctuation,chronicon:0.1.1.6.75.7,breui,breui,,,pm,,,true
punctuation,chronicon:0.1.1.6.75.7,breui,: Breui,g,,,,,false
punctuation,chronicon:0.1.1.6.76.0,",",",",,,pm,,,true
punctuation,chronicon:0.1.1.6.76.0,",",,g,,,,,false
punctuation,chronicon:0.1.1.6.76.1,",",",",,,pm,,,true
punctuation,chronicon:0.1.1.6.76.1,",",,g,,,,,false
punctuation,chronicon:0.1.1.6.77.2,,,,,pm,,,true
punctuation,chronicon:0.1.1.6.77.2,,",",g,,,,,false
punctuation,chronicon:0.1.1.6.77.3,,,,,pm,,,true
punctuation,chronicon:0.1.1.6.77.3,,",",g,,,,,false
punctuation,chronicon:0.1.1.6.77.6,,,,,pm,,,true
punctuation,chronicon:0.1.1.6.77.6,,",",g,,,,,false
punctuation,chronicon:0.1.1.6.77.8,,,,,pm,,,true
punctuation,chronicon:0.1.1.6.77.8,,",",g,,,,,false
punctuation,chronicon:0.1.1.6.77.10,,,,,pm,,,true
punctuation,chronicon:0.1.1.6.77.10,,",",g,,,,,false
punctuation,chronicon:0.1.1.6.77.16,,,,,pm,,,true
punctuation,chronicon:0.1.1.6.77.16,,",",g,,,,,false
punctuation,chronicon:0.1.1.6.77.20,,,,,pm,,,true
punctuation,chronicon:0.1.1.6.77.20,,",",g,,,,,false
punctuation,chronicon:0.1.1.6.77.23,,,,,pm,,,true
punctuation,chronicon:0.1.1.6.77.23,,",",g,,,,,false
punctuation,chronicon:0.1.1.6.77.27,,,,,pm,,,true
punctuation,chronicon:0.1.1.6.77.27,,",",g,,,,,false
punctuation,chronicon:0.1.1.6.77.28,,,,,pm,,,true
punctuation,chronicon:0.1.1.6.77.28,,",",g,,,,,false
punctuation,chronicon:0.1.1.6.77.31,,,,,pm,,,true
punctuation,chronicon:0.1.1.6.77.31,,",",g,,,,,false
punctuation,chronicon:0.1.1.6.78.1,,,,,pm,,,true
punctuation,chronicon:0.1.1.6.78.1,,",",g,,,,,false
punctuation,chronicon:0.1.1.6.78.5,,,,,pm,,,true
punctuation,chronicon:0.1.1.6.78.5,,",",g,,,,,false
punctuation,chronicon:0.1.1.6.78.7,,,,,pm,,,true
punctuation,chronicon:0.1.1.6.78.7,,",",g,,,,,false
punctuation,chronicon:0.1.1.6.78.11,,,,,pm,,,true
punctuation,chronicon:0.1.1.6.78.11,,",",g,,,,,false
punctuation,chronicon:0.1.1.6.78.12,,,,,pm,,,true
punctuation,chronicon:0.1.1.6.78.12,,",",g,,,,,false
punctuation,chronicon:0.1.1.6.78.14,,,,,pm,,,true
punctuation,chronicon:0.1.1.6.78.14,,",",g,,,,,false
punctuation,chronicon:0.1.1.6.78.17,,,,,pm,,,true
punctuation,chronicon:0.1.1.6.78.17,,",",g,,,,,false
punctuation,chronicon:0.1.1.6.78.23,",",",",,,pm,,,true
punctuation,chronicon:0.1.1.6.78.23,",",.,g,,,,,false
punctuation,chronicon:0.1.1.6.78.28,.,.,,,pm,,,true
punctuation,chronicon:0.1.1.6.78.28,.,,g,,,,,false
punctuation,chronicon:0.1.1.6.78.40,,,,,pm,,,true
punctuation,chronicon:0.1.1.6.78.40,,",",g,,,,,false
punctuation,chronicon:0.1.1.6.78.42,,,,,pm,,,true
punctuation,chronicon:0.1.1.6.78.42,,",",g,,,,,false
punctuation,chronicon:0.1.1.6.78.44,,,,,pm,,,true
punctuation,chronicon:0.1.1.6.78.44,,",",g,,,,,false
punctuation,chronicon:0.1.1.6.78.47,;,;,,,pm,,,true
punctuation,chronicon:0.1.1.6.78.47,;,:,g,,,,,false
punctuation,chronicon:0.1.1.6.78.51,,,,,pm,,,true
punctuation,chronicon:0.1.1.6.78.51,,",",g,,,,,false
punctuation,chronicon:0.1.1.6.78.53,,,,,pm,,,true
punctuation,chronicon:0.1.1.6.78.53,,",",g,,,,,false
punctuation,chronicon:0.1.1.6.78.54,,,,,pm,,,true
punctuation,chronicon:0.1.1.6.78.54,,",",g,,,,,false
punctuation,chronicon:0.1.1.6.78.56,,,,,pm,,,true
punctuation,chronicon:0.1.1.6.78.56,,",",g,,,,,false
punctuation,chronicon:0.1.1.6.78.58,. Postea,. Postea,,,pm,,,true
punctuation,chronicon:0.1.1.6.78.58,. Postea,; postea,g,,,,,false
punctuation,chronicon:0.1.1.6.78.60,,,,,pm,,,true
punctuation,chronicon:0.1.1.6.78.60,,",",g,,,,,false
punctuation,chronicon:0.1.1.6.78.63,,,,,pm,,,true
punctuation,chronicon:0.1.1.6.78.63,,",",g,,,,,false
punctuation,chronicon:0.1.1.6.78.64,,,,,pm,,,true
punctuation,chronicon:0.1.1.6.78.64,,",",g,,,,,false
punctuation,chronicon:0.1.1.6.78.67,,,,,pm,,,true
punctuation,chronicon:0.1.1.6.78.67,,",",g,,,,,false
punctuation,chronicon:0.1.1.6.78.69,,,,,pm,,,true
punctuation,chronicon:0.1.1.6.78.69,,",",g,,,,,false
punctuation,chronicon:0.1.1.6.78.71,,,,,pm,,,true
punctuation,chronicon:0.1.1.6.78.71,,",",g,,,,,false
punctuation,chronicon:0.1.1.6.78.73,;,;,,,pm,,,true
punctuation,chronicon:0.1.1.6.78.73,;,:,g,,,,,false
punctuation,chronicon:0.1.1.6.78.74,,,,,pm,,,true
punctuation,chronicon:0.1.1.6.78.74,,",",g,,,,,false
punctuation,chronicon:0.1.1.6.80.3,,,,,pm,,,true
punctuation,chronicon:0.1.1.6.80.3,,",",g,,,,,false
punctuation,chronicon:0.1.1.6.80.4,,,,,pm,,,true
punctuation,chronicon:0.1.1.6.80.4,,",",g,,,,,false
punctuation,chronicon:0.1.1.6.80.8,,,,,pm,,,true
punctuation,chronicon:0.1.1.6.80.8,,",",g,,,,,false
punctuation,chronicon:0.1.1.6.80.9,,,,,pm,,,true
punctuation,chronicon:0.1.1.6.80.9,,",",g,,,,,false
punctuation,chronicon:0.1.1.6.80.10,,,,,pm,,,true
punctuation,chronicon:0.1.1.6.80.10,,",",g,,,,,false
punctuation,chronicon:0.1.1.6.80.13,,,,,pm,,,true
punctuation,chronicon:0.1.1.6.80.13,,",",g,,,,,false
punctuation,chronicon:0.1.1.6.80.16,,,,,pm,,,true
punctuation,chronicon:0.1.1.6.80.16,,",",g,,,,,false
punctuation,chronicon:0.1.1.6.80.22,,,,,pm,,,true
punctuation,chronicon:0.1.1.6.80.22,,",",g,,,,,false
punctuation,chronicon:0.1.1.6.80.23,",",",",,,pm,,,true
punctuation,chronicon:0.1.1.6.80.23,",",,g,,,,,false
punctuation,chronicon:0.1.1.6.80.26,",",",",,,pm,,,true
punctuation,chronicon:0.1.1.6.80.26,",",,g,,,,,false
punctuation,chronicon:0.1.1.6.80.28,",",",",,,pm,,,true
punctuation,chronicon:0.1.1.6.80.28,",",,g,,,,,false
punctuation,chronicon:0.1.1.6.80.29,",",",",,,pm,,,true
punctuation,chronicon:0.1.1.6.80.29,",",,g,,,,,false
punctuation,chronicon:0.1.1.6.80.31,",",",",,,pm,,,true
punctuation,chronicon:0.1.1.6.80.31,",",,g,,,,,false
punctuation,chronicon:0.1.1.6.80.33,",",",",,,pm,,,true
punctuation,chronicon:0.1.1.6.80.33,",",,g,,,,,false
punctuation,chronicon:0.1.1.6.81.0,,,,,pm,,,true
punctuation,chronicon:0.1.1.6.81.0,,",",g,,,,,false
punctuation,chronicon:0.1.1.6.81.1,,,,,pm,,,true
punctuation,chronicon:0.1.1.6.81.1,,",",g,,,,,false
punctuation,chronicon:0.1.1.6.81.3,,,,,pm,,,true
punctuation,chronicon:0.1.1.6.81.3,,",",g,,,,,false
punctuation,chronicon:0.1.1.6.81.4,,,,,pm,,,true
punctuation,chronicon:0.1.1.6.81.4,,",",g,,,,,false
punctuation,chronicon:0.1.1.6.81.5,,,,,pm,,,true
punctuation,chronicon:0.1.1.6.81.5,,",",g,,,,,false
punctuation,chronicon:0.1.1.6.81.14,,,,,pm,,,true
punctuation,chronicon:0.1.1.6.81.14,,",",g,,,,,false
punctuation,chronicon:0.1.1.6.81.15,,,,,pm,,,true
punctuation,chronicon:0.1.1.6.81.15,,",",g,,,,,false
punctuation,chronicon:0.1.1.6.81.16,,,,,pm,,,true
punctuation,chronicon:0.1.1.6.81.16,,",",g,,,,,false
punctuation,chronicon:0.1.1.6.81.17,,,,,pm,,,true
punctuation,chronicon:0.1.1.6.81.17,,",",g,,,,,false
punctuation,chronicon:0.1.1.6.81.19,,,,,pm,,,true
punctuation,chronicon:0.1.1.6.81.19,,",",g,,,,,false
punctuation,chronicon:0.1.1.6.81.22,,,,,pm,,,true
punctuation,chronicon:0.1.1.6.81.22,,",",g,,,,,false
punctuation,chronicon:0.1.1.6.81.27,,,,,pm,,,true
punctuation,chronicon:0.1.1.6.81.27,,",",g,,,,,false
punctuation,chronicon:0.1.1.6.81.30,",",",",,,pm,,,true
punctuation,chronicon:0.1.1.6.81.30,",",,g,,,,,false
punctuation,chronicon:0.1.1.6.81.31,",",",",,,pm,,,true
punctuation,chronicon:0.1.1.6.81.31,",",;,g,,,,,false
punctuation,chronicon:0.1.1.6.81.33,,,,,pm,,,true
punctuation,chronicon:0.1.1.6.81.33,,",",g,,,,,false
punctuation,chronicon:0.1.1.6.81.35,,,,,pm,,,true
punctuation,chronicon:0.1.1.6.81.35,,",",g,,,,,false
punctuation,chronicon:0.1.1.6.81.36,",",",",,,pm,,,true
punctuation,chronicon:0.1.1.6.81.36,",",,g,,,,,false
punctuation,chronicon:0.1.1.6.81.38,,,,,pm,,,true
punctuation,chronicon:0.1.1.6.81.38,,",",g,,,,,false
punctuation,chronicon:0.1.1.6.81.39,,,,,pm,,,true
punctuation,chronicon:0.1.1.6.81.39,,",",g,,,,,false
punctuation,chronicon:0.1.1.6.81.40,,,,,pm,,,true
punctuation,chronicon:0.1.1.6.81.40,,",",g,,,,,false
punctuation,chronicon:0.1.1.6.81.43,,,,,pm,,,true
punctuation,chronicon:0.1.1.6.81.43,,",",g,,,,,false
punctuation,chronicon:0.1.1.6.81.45,,,,,pm,,,true
punctuation,chronicon:0.1.1.6.81.45,,",",g,,,,,false
punctuation,chronicon:0.1.1.6.81.46,,,,,pm,,,true
punctuation,chronicon:0.1.1.6.81.46,,",",g,,,,,false
punctuation,chronicon:0.1.1.6.81.47,,,,,pm,,,true
punctuation,chronicon:0.1.1.6.81.47,,",",g,,,,,false
punctuation,chronicon:0.1.1.6.81.48,,,,,pm,,,true
punctuation,chronicon:0.1.1.6.81.48,,",",g,,,,,false
punctuation,chronicon:0.1.1.6.81.50,",",",",,,pm,,,true
punctuation,chronicon:0.1.1.6.81.50,",",:,g,,,,,false
punctuation,chronicon:0.1.1.6.81.53,",",",",,,pm,,,true
punctuation,chronicon:0.1.1.6.81.53,",",,g,,,,,false
punctuation,chronicon:0.1.1.6.81.55,,,,,pm,,,true
punctuation,chronicon:0.1.1.6.81.55,,",",g,,,,,false
punctuation,chronicon:0.1.1.6.81.56,,,,,pm,,,true
punctuation,chronicon:0.1.1.6.81.56,,",",g,,,,,false
punctuation,chronicon:0.1.1.6.81.59,,,,,pm,,,true
punctuation,chronicon:0.1.1.6.81.59,,:,g,,,,,false
punctuation,chronicon:0.1.1.6.81.60,",",",",,,pm,,,true
punctuation,chronicon:0.1.1.6.81.60,",",.,g,,,,,false
punctuation,chronicon:0.1.1.6.81.62,,,,,pm,,,true
punctuation,chronicon:0.1.1.6.81.62,,",",g,,,,,false
punctuation,chronicon:0.1.1.6.82.0,,,,,pm,,,true
punctuation,chronicon:0.1.1.6.82.0,,",",g,,,,,false
punctuation,chronicon:0.1.1.6.82.1,,,,,pm,,,true
punctuation,chronicon:0.1.1.6.82.1,,",",g,,,,,false
punctuation,chronicon:0.1.1.6.82.3,,,,,pm,,,true
punctuation,chronicon:0.1.1.6.82.3,,",",g,,,,,false
punctuation,chronicon:0.1.1.6.82.4,,,,,pm,,,true
punctuation,chronicon:0.1.1.6.82.4,,",",g,,,,,false
punctuation,chronicon:0.1.1.6.82.6,",",",",,,pm,,,true
punctuation,chronicon:0.1.1.6.82.6,",",,g,,,,,false
punctuation,chronicon:0.1.1.6.83.4,,,,,pm,,,true
punctuation,chronicon:0.1.1.6.83.4,,",",g,,,,,false
punctuation,chronicon:0.1.1.6.83.6,",",",",,,pm,,,true
punctuation,chronicon:0.1.1.6.83.6,",",,g,,,,,false
punctuation,chronicon:0.1.1.6.83.7,,,,,pm,,,true
punctuation,chronicon:0.1.1.6.83.7,,",",g,,,,,false
punctuation,chronicon:0.1.1.6.83.9,,,,,pm,,,true
punctuation,chronicon:0.1.1.6.83.9,,",",g,,,,,false
punctuation,chronicon:0.1.1.6.83.10,,,,,pm,,,true
punctuation,chronicon:0.1.1.6.83.10,,",",g,,,,,false
punctuation,chronicon:0.1.1.6.83.11,,,,,pm,,,true
punctuation,chronicon:0.1.1.6.83.11,,",",g,,,,,false
punctuation,chronicon:0.1.1.6.84.0,,,,,pm,,,true
punctuation,chronicon:0.1.1.6.84.0,,",",g,,,,,false
punctuation,chronicon:0.1.1.6.84.1,;,;,,,pm,,,true
punctuation,chronicon:0.1.1.6.84.1,;,:,g,,,,,false
punctuation,chronicon:0.1.1.6.84.4,,,,,pm,,,true
punctuation,chronicon:0.1.1.6.84.4,,",",g,,,,,false
punctuation,chronicon:0.1.1.6.84.7,",",",",,,pm,,,true
punctuation,chronicon:0.1.1.6.84.7,",",,g,,,,,false
punctuation,chronicon:0.1.1.6.84.9,,,,,pm,,,true
punctuation,chronicon:0.1.1.6.84.9,,",",g,,,,,false
punctuation,chronicon:0.1.1.6.84.10,",",",",,,pm,,,true
punctuation,chronicon:0.1.1.6.84.10,",",:,g,,,,,false
punctuation,chronicon:0.1.1.6.84.11,,,,,pm,,,true
punctuation,chronicon:0.1.1.6.84.11,,?,g,,,,,false
punctuation,chronicon:0.1.1.6.84.14,",",",",,,pm,,,true
punctuation,chronicon:0.1.1.6.84.14,",",,g,,,,,false
punctuation,chronicon:0.1.1.6.84.15,",",",",,,pm,,,true
punctuation,chronicon:0.1.1.6.84.15,",",,g,,,,,false
punctuation,chronicon:0.1.1.6.84.20,",",",",,,pm,,,true
punctuation,chronicon:0.1.1.6.84.20,",",;,g,,,,,false
punctuation,chronicon:0.1.1.6.84.22,,,,,pm,,,true
punctuation,chronicon:0.1.1.6.84.22,,",",g,,,,,false
punctuation,chronicon:0.1.1.6.84.24,,,,,pm,,,true
punctuation,chronicon:0.1.1.6.84.24,,",",g,,,,,false
punctuation,chronicon:0.1.1.6.84.25,,,,,pm,,,true
punctuation,chronicon:0.1.1.6.84.25,,",",g,,,,,false
punctuation,chronicon:0.1.1.6.84.27,,,,,pm,,,true
punctuation,chronicon:0.1.1.6.84.27,,",",g,,,,,false
punctuation,chronicon:0.1.1.6.84.33,,,,,pm,,,true
punctuation,chronicon:0.1.1.6.84.33,,",",g,,,,,false
punctuation,chronicon:0.1.1.6.84.34,,,,,pm,,,true
punctuation,chronicon:0.1.1.6.84.34,,",",g,,,,,false
punctuation,chronicon:0.1.1.6.84.35,,,,,pm,,,true
punctuation,chronicon:0.1.1.6.84.35,,",",g,,,,,false
punctuation,chronicon:0.1.1.6.84.37,,,,,pm,,,true
punctuation,chronicon:0.1.1.6.84.37,,",",g,,,,,false
punctuation,chronicon:0.1.1.6.84.38,",",",",,,pm,,,true
punctuation,chronicon:0.1.1.6.84.38,",",,g,,,,,false
punctuation,chronicon:0.1.1.6.84.45,,,,,pm,,,true
punctuation,chronicon:0.1.1.6.84.45,,",",g,,,,,false
punctuation,chronicon:0.1.1.6.84.47,,,,,pm,,,true
punctuation,chronicon:0.1.1.6.84.47,,",",g,,,,,false
punctuation,chronicon:0.1.1.6.84.49,,,,,pm,,,true
punctuation,chronicon:0.1.1.6.84.49,,",",g,,,,,false
punctuation,chronicon:0.1.1.6.84.52,,,,,pm,,,true
punctuation,chronicon:0.1.1.6.84.52,,",",g,,,,,false
punctuation,chronicon:0.1.1.6.84.53,,,,,pm,,,true
punctuation,chronicon:0.1.1.6.84.53,,",",g,,,,,false
punctuation,chronicon:0.1.1.6.85.1,,,,,pm,,,true
punctuation,chronicon:0.1.1.6.85.1,,",",g,,,,,false
punctuation,chronicon:0.1.1.6.85.3,,,,,pm,,,true
punctuation,chronicon:0.1.1.6.85.3,,",",g,,,,,false
punctuation,chronicon:0.1.1.6.85.8,,,,,pm,,,true
punctuation,chronicon:0.1.1.6.85.8,,",",g,,,,,false
punctuation,chronicon:0.1.1.6.85.9,,,,,pm,,,true
punctuation,chronicon:0.1.1.6.85.9,,",",g,,,,,false
punctuation,chronicon:0.1.1.6.85.10,;,;,,,pm,,,true
punctuation,chronicon:0.1.1.6.85.10,;,:,g,,,,,false
punctuation,chronicon:0.1.1.6.85.15,,,,,pm,,,true
punctuation,chronicon:0.1.1.6.85.15,,",",g,,,,,false
punctuation,chronicon:0.1.1.6.85.16,",",",",,,pm,,,true
punctuation,chronicon:0.1.1.6.85.16,",",,g,,,,,false
punctuation,chronicon:0.1.1.6.85.20,,,,,pm,,,true
punctuation,chronicon:0.1.1.6.85.20,,",",g,,,,,false
punctuation,chronicon:0.1.1.6.85.26,,,,,pm,,,true
punctuation,chronicon:0.1.1.6.85.26,,",",g,,,,,false
punctuation,chronicon:0.1.1.6.86.0,,,,,pm,,,true
punctuation,chronicon:0.1.1.6.86.0,,",",g,,,,,false
punctuation,chronicon:0.1.1.6.86.1,,,,,pm,,,true
punctuation,chronicon:0.1.1.6.86.1,,",",g,,,,,false
punctuation,chronicon:0.1.1.6.86.2,,,,,pm,,,true
punctuation,chronicon:0.1.1.6.86.2,,",",g,,,,,false
punctuation,chronicon:0.1.1.6.86.4,.,.,,,pm,,,true
punctuation,chronicon:0.1.1.6.86.4,.,,g,,,,,false
punctuation,chronicon:0.1.1.6.86.8,",",",",,,pm,,,true
punctuation,chronicon:0.1.1.6.86.8,",",,g,,,,,false
punctuation,chronicon:0.1.1.6.87.2,",",",",,,pm,,,true
punctuation,chronicon:0.1.1.6.87.2,",",.,g,,,,,false
punctuation,chronicon:0.1.1.6.87.6,,,,,pm,,,true
punctuation,chronicon:0.1.1.6.87.6,,",",g,,,,,false
punctuation,chronicon:0.1.1.6.87.7,. Altaria,. Altaria,,,pm,,,true
punctuation,chronicon:0.1.1.6.87.7,. Altaria,: altaria,g,,,,,false
punctuation,chronicon:0.1.1.6.87.9,,,,,pm,,,true
punctuation,chronicon:0.1.1.6.87.9,,",",g,,,,,false
punctuation,chronicon:0.1.1.6.87.10,,,,,pm,,,true
punctuation,chronicon:0.1.1.6.87.10,,",",g,,,,,false
punctuation,chronicon:0.1.1.6.87.11,,,,,pm,,,true
punctuation,chronicon:0.1.1.6.87.11,,",",g,,,,,false
punctuation,chronicon:0.1.1.6.87.12,,,,,pm,,,true
punctuation,chronicon:0.1.1.6.87.12,,",",g,,,,,false
punctuation,chronicon:0.1.1.6.87.13,,,,,pm,,,true
punctuation,chronicon:0.1.1.6.87.13,,",",g,,,,,false
punctuation,chronicon:0.1.1.6.87.14,",",",",,,pm,,,true
punctuation,chronicon:0.1.1.6.87.14,",",,g,,,,,false
punctuation,chronicon:0.1.1.6.87.20,;,;,,,pm,,,true
punctuation,chronicon:0.1.1.6.87.20,;,,g,,,,,false
punctuation,chronicon:0.1.1.6.87.23,,,,,pm,,,true
punctuation,chronicon:0.1.1.6.87.23,,:,g,,,,,false
punctuation,chronicon:0.1.1.6.87.28,",",",",,,pm,,,true
punctuation,chronicon:0.1.1.6.87.28,",",,g,,,,,false
punctuation,chronicon:0.1.1.6.88.3,,,,,pm,,,true
punctuation,chronicon:0.1.1.6.88.3,,",",g,,,,,false
punctuation,chronicon:0.1.1.6.88.4,,,,,pm,,,true
punctuation,chronicon:0.1.1.6.88.4,,",",g,,,,,false
punctuation,chronicon:0.1.1.6.88.5,,,,,pm,,,true
punctuation,chronicon:0.1.1.6.88.5,,",",g,,,,,false
punctuation,chronicon:0.1.1.6.88.7,",",",",,,pm,,,true
punctuation,chronicon:0.1.1.6.88.7,",",,g,,,,,false
punctuation,chronicon:0.1.1.6.91.1,,,,,pm,,,true
punctuation,chronicon:0.1.1.6.91.1,,",",g,,,,,false
punctuation,chronicon:0.1.1.6.91.3,,,,,pm,,,true
punctuation,chronicon:0.1.1.6.91.3,,",",g,,,,,false
punctuation,chronicon:0.1.1.6.91.4,,,,,pm,,,true
punctuation,chronicon:0.1.1.6.91.4,,",",g,,,,,false
punctuation,chronicon:0.1.1.6.91.8,,,,,pm,,,true
punctuation,chronicon:0.1.1.6.91.8,,",",g,,,,,false
punctuation,chronicon:0.1.1.6.93.1,",",",",,,pm,,,true
punctuation,chronicon:0.1.1.6.93.1,",",:,g,,,,,false
punctuation,chronicon:0.1.1.6.93.2,,,,,pm,,,true
punctuation,chronicon:0.1.1.6.93.2,,",",g,,,,,false
punctuation,chronicon:0.1.1.6.93.3,,,,,pm,,,true
punctuation,chronicon:0.1.1.6.93.3,,",",g,,,,,false
punctuation,chronicon:0.1.1.6.93.4,,,,,pm,,,true
punctuation,chronicon:0.1.1.6.93.4,,",",g,,,,,false
punctuation,chronicon:0.1.1.6.93.5,,,,,pm,,,true
punctuation,chronicon:0.1.1.6.93.5,,",",g,,,,,false
punctuation,chronicon:0.1.1.6.94.0,,,,,pm,,,true
punctuation,chronicon:0.1.1.6.94.0,,",",g,,,,,false
punctuation,chronicon:0.1.1.6.94.1,,,,,pm,,,true
punctuation,chronicon:0.1.1.6.94.1,,",",g,,,,,false
punctuation,chronicon:0.1.1.6.95.0,,,,,pm,,,true
punctuation,chronicon:0.1.1.6.95.0,,",",g,,,,,false
punctuation,chronicon:0.1.1.6.95.1,,,,,pm,,,true
punctuation,chronicon:0.1.1.6.95.1,,",",g,,,,,false
punctuation,chronicon:0.1.1.6.98.0,,,,,pm,,,true
punctuation,chronicon:0.1.1.6.98.0,,",",g,,,,,false
punctuation,chronicon:0.1.1.6.98.1,,,,,pm,,,true
punctuation,chronicon:0.1.1.6.98.1,,",",g,,,,,false
punctuation,chronicon:0.1.1.6.98.2,,,,,pm,,,true
punctuation,chronicon:0.1.1.6.98.2,,",",g,,,,,false
punctuation,chronicon:0.1.1.6.98.4,",",",",,,pm,,,true
punctuation,chronicon:0.1.1.6.98.4,",",,g,,,,,false
punctuation,chronicon:0.1.1.6.98.5,,,,,pm,,,true
punctuation,chronicon:0.1.1.6.98.5,,",",g,,,,,false
punctuation,chronicon:0.1.1.6.98.7,",",",",,,pm,,,true
punctuation,chronicon:0.1.1.6.98.7,",",,g,,,,,false
punctuation,chronicon:0.1.1.6.98.8,,,,,pm,,,true
punctuation,chronicon:0.1.1.6.98.8,,",",g,,,,,false
punctuation,chronicon:0.1.1.6.98.9,,,,,pm,,,true
punctuation,chronicon:0.1.1.6.98.9,,",",g,,,,,false
punctuation,chronicon:0.1.1.6.99.0,,,,,pm,,,true
punctuation,chronicon:0.1.1.6.99.0,,",",g,,,,,false
punctuation,chronicon:0.1.1.6.99.1,",",",",,,pm,,,true
punctuation,chronicon:0.1.1.6.99.1,",",,g,,,,,false
punctuation,chronicon:0.1.1.6.99.2,,,,,pm,,,true
punctuation,chronicon:0.1.1.6.99.2,,",",g,,,,,false
punctuation,chronicon:0.1.1.6.99.4,. Et,. Et,,,pm,,,true
punctuation,chronicon:0.1.1.6.99.4,. Et,", et",g,,,,,false
punctuation,chronicon:0.1.1.6.100.1,",",",",,,pm,,,true
punctuation,chronicon:0.1.1.6.100.1,",",,g,,,,,false
punctuation,chronicon:0.1.1.6.100.2,",",",",,,pm,,,true
punctuation,chronicon:0.1.1.6.100.2,",",,g,,,,,false
punctuation,chronicon:0.1.1.6.100.4,",",",",,,pm,,,true
punctuation,chronicon:0.1.1.6.100.4,",",:,g,,,,,false
punctuation,chronicon:0.1.1.6.100.7,,,,,pm,,,true
punctuation,chronicon:0.1.1.6.100.7,,",",g,,,,,false
punctuation,chronicon:0.1.1.6.100.9,,,,,pm,,,true
punctuation,chronicon:0.1.1.6.100.9,,",",g,,,,,false
punctuation,chronicon:0.1.1.6.100.11,,,,,pm,,,true
punctuation,chronicon:0.1.1.6.100.11,,",",g,,,,,false
punctuation,chronicon:0.1.1.6.101.0,,,,,pm,,,true
punctuation,chronicon:0.1.1.6.101.0,,",",g,,,,,false
punctuation,chronicon:0.1.1.6.101.2,,,,,pm,,,true
punctuation,chronicon:0.1.1.6.101.2,,",",g,,,,,false
punctuation,chronicon:0.1.1.6.101.3,,,,,pm,,,true
punctuation,chronicon:0.1.1.6.101.3,,",",g,,,,,false
punctuation,chronicon:0.1.1.6.101.4,",",",",,,pm,,,true
punctuation,chronicon:0.1.1.6.101.4,",",:,g,,,,,false
punctuation,chronicon:0.1.1.6.101.5,",",",",,,pm,,,true
punctuation,chronicon:0.1.1.6.101.5,",",,g,,,,,false
punctuation,chronicon:0.1.1.6.101.6,",",",",,,pm,,,true
punctuation,chronicon:0.1.1.6.101.6,",",,g,,,,,false
punctuation,chronicon:0.1.1.6.101.8,,,,,pm,,,true
punctuation,chronicon:0.1.1.6.101.8,,",",g,,,,,false
punctuation,chronicon:0.1.1.6.102.1,",",",",,,pm,,,true
punctuation,chronicon:0.1.1.6.102.1,",",,g,,,,,false
punctuation,chronicon:0.1.1.6.103.0,",",",",,,pm,,,true
punctuation,chronicon:0.1.1.6.103.0,",",,g,,,,,false
punctuation,chronicon:0.1.1.6.103.4,,,,,pm,,,true
punctuation,chronicon:0.1.1.6.103.4,,",",g,,,,,false
punctuation,chronicon:0.1.1.6.103.6,,,,,pm,,,true
punctuation,chronicon:0.1.1.6.103.6,,",",g,,,,,false
punctuation,chronicon:0.1.1.6.103.10,,,,,pm,,,true
punctuation,chronicon:0.1.1.6.103.10,,",",g,,,,,false
punctuation,chronicon:0.1.1.6.103.11,,,,,pm,,,true
punctuation,chronicon:0.1.1.6.103.11,,",",g,,,,,false
punctuation,chronicon:0.1.1.6.103.12,,,,,pm,,,true
punctuation,chronicon:0.1.1.6.103.12,,",",g,,,,,false
punctuation,chronicon:0.1.1.6.103.13,", qui",", qui",,,pm,,,true
punctuation,chronicon:0.1.1.6.103.13,", qui",. Qui,g,,,,,false
punctuation,chronicon:0.1.1.6.103.14,;,;,,,pm,,,true
punctuation,chronicon:0.1.1.6.103.14,;,",",g,,,,,false
punctuation,chronicon:0.1.1.6.103.17,,,,,pm,,,true
punctuation,chronicon:0.1.1.6.103.17,,",",g,,,,,false
punctuation,chronicon:0.1.1.6.104.0,",",",",,,pm,,,true
punctuation,chronicon:0.1.1.6.104.0,",",,g,,,,,false
punctuation,chronicon:0.1.1.6.104.1,,,,,pm,,,true
punctuation,chronicon:0.1.1.6.104.1,,",",g,,,,,false
punctuation,chronicon:0.1.1.6.104.2,;,;,,,pm,,,true
punctuation,chronicon:0.1.1.6.104.2,;,",",g,,,,,false
punctuation,chronicon:0.1.1.6.104.6,,,,,pm,,,true
punctuation,chronicon:0.1.1.6.104.6,,",",g,,,,,false
punctuation,chronicon:0.1.1.6.104.10,,,,,pm,,,true
punctuation,chronicon:0.1.1.6.104.10,,",",g,,,,,false
punctuation,chronicon:0.1.1.6.104.12,,,,,pm,,,true
punctuation,chronicon:0.1.1.6.104.12,,",",g,,,,,false
punctuation,chronicon:0.1.1.6.104.13,,,,,pm,,,true
punctuation,chronicon:0.1.1.6.104.13,,",",g,,,,,false
punctuation,chronicon:0.1.1.6.104.17,",",",",,,pm,,,true
punctuation,chronicon:0.1.1.6.104.17,",",,g,,,,,false
punctuation,chronicon:0.1.1.6.105.4,",",",",,,pm,,,true
punctuation,chronicon:0.1.1.6.105.4,",",,g,,,,,false
punctuation,chronicon:0.1.1.6.105.14,,,,,pm,,,true
punctuation,chronicon:0.1.1.6.105.14,,",",g,,,,,false
punctuation,chronicon:0.1.1.6.105.16,",",",",,,pm,,,true
punctuation,chronicon:0.1.1.6.105.16,",",,g,,,,,false
punctuation,chronicon:0.1.1.6.105.19,;,;,,,pm,,,true
punctuation,chronicon:0.1.1.6.105.19,;,:,g,,,,,false
punctuation,chronicon:0.1.1.6.105.20,,,,,pm,,,true
punctuation,chronicon:0.1.1.6.105.20,,",",g,,,,,false
punctuation,chronicon:0.1.1.6.105.24,,,,,pm,,,true
punctuation,chronicon:0.1.1.6.105.24,,",",g,,,,,false
punctuation,chronicon:0.1.1.6.105.29,",",",",,,pm,,,true
punctuation,chronicon:0.1.1.6.105.29,",",,g,,,,,false
punctuation,chronicon:0.1.1.6.105.30,,,,,pm,,,true
punctuation,chronicon:0.1.1.6.105.30,,",",g,,,,,false
punctuation,chronicon:0.1.1.6.105.31,,,,,pm,,,true
punctuation,chronicon:0.1.1.6.105.31,,",",g,,,,,false
punctuation,chronicon:0.1.1.6.105.32,,,,,pm,,,true
punctuation,chronicon:0.1.1.6.105.32,,",",g,,,,,false
punctuation,chronicon:0.1.1.6.105.33,,,,,pm,,,true
punctuation,chronicon:0.1.1.6.105.33,,",",g,,,,,false
punctuation,chronicon:0.1.1.6.105.34,,,,,pm,,,true
punctuation,chronicon:0.1.1.6.105.34,,",",g,,,,,false
punctuation,chronicon:0.1.1.6.105.36,,,,,pm,,,true
punctuation,chronicon:0.1.1.6.105.36,,",",g,,,,,false
punctuation,chronicon:0.1.1.6.105.37,",",",",,,pm,,,true
punctuation,chronicon:0.1.1.6.105.37,",",,g,,,,,false
punctuation,chronicon:0.1.1.6.105.38,",",",",,,pm,,,true
punctuation,chronicon:0.1.1.6.105.38,",",,g,,,,,false
punctuation,chronicon:0.1.1.6.105.40,,,,,pm,,,true
punctuation,chronicon:0.1.1.6.105.40,,",",g,,,,,false
punctuation,chronicon:0.1.1.6.105.42,", anno",", anno",,,pm,,,true
punctuation,chronicon:0.1.1.6.105.42,", anno",. Anno,g,,,,,false
punctuation,chronicon:0.1.1.6.105.43,",",",",,,pm,,,true
punctuation,chronicon:0.1.1.6.105.43,",",,g,,,,,false
punctuation,chronicon:0.1.1.6.105.44,,,,,pm,,,true
punctuation,chronicon:0.1.1.6.105.44,,",",g,,,,,false
punctuation,chronicon:0.1.1.6.105.46,,,,,pm,,,true
punctuation,chronicon:0.1.1.6.105.46,,",",g,,,,,false
punctuation,chronicon:0.1.1.6.105.48,,,,,pm,,,true
punctuation,chronicon:0.1.1.6.105.48,,",",g,,,,,false
punctuation,chronicon:0.1.1.6.105.49,,,,,pm,,,true
punctuation,chronicon:0.1.1.6.105.49,,",",g,,,,,false
punctuation,chronicon:0.1.1.6.106.0,",",",",,,pm,,,true
punctuation,chronicon:0.1.1.6.106.0,",",,g,,,,,false
punctuation,chronicon:0.1.1.6.106.1,,,,,pm,,,true
punctuation,chronicon:0.1.1.6.106.1,,",",g,,,,,false
punctuation,chronicon:0.1.1.6.106.2,",",",",,,pm,,,true
punctuation,chronicon:0.1.1.6.106.2,",",,g,,,,,false
punctuation,chronicon:0.1.1.6.106.3,.,.,,,pm,,,true
punctuation,chronicon:0.1.1.6.106.3,.,,g,,,,,false
punctuation,chronicon:0.1.1.6.106.4,",",",",,,pm,,,true
punctuation,chronicon:0.1.1.6.106.4,",",:,g,,,,,false
punctuation,chronicon:0.1.1.6.107.0,,,,,pm,,,true
punctuation,chronicon:0.1.1.6.107.0,,",",g,,,,,false
punctuation,chronicon:0.1.1.6.108.0,,,,,pm,,,true
punctuation,chronicon:0.1.1.6.108.0,,",",g,,,,,false
punctuation,chronicon:0.1.1.6.108.1,",",",",,,pm,,,true
punctuation,chronicon:0.1.1.6.108.1,",",,g,,,,,false
punctuation,chronicon:0.1.1.6.108.2,",",",",,,pm,,,true
punctuation,chronicon:0.1.1.6.108.2,",",,g,,,,,false
punctuation,chronicon:0.1.1.6.108.5,,,,,pm,,,true
punctuation,chronicon:0.1.1.6.108.5,,",",g,,,,,false
punctuation,chronicon:0.1.1.6.108.6,",",",",,,pm,,,true
punctuation,chronicon:0.1.1.6.108.6,",",,g,,,,,false
punctuation,chronicon:0.1.1.6.108.7,",",",",,,pm,,,true
punctuation,chronicon:0.1.1.6.108.7,",",.,g,,,,,false
punctuation,chronicon:0.1.1.6.108.8,. Et,. Et,,,pm,,,true
punctuation,chronicon:0.1.1.6.108.8,. Et,; et,g,,,,,false
punctuation,chronicon:0.1.1.6.108.10,. Eadem,. Eadem,,,pm,,,true
punctuation,chronicon:0.1.1.6.108.10,. Eadem,; eadem,g,,,,,false
punctuation,chronicon:0.1.1.6.108.12,,,,,pm,,,true
punctuation,chronicon:0.1.1.6.108.12,,",",g,,,,,false
punctuation,chronicon:0.1.1.6.108.14,,,,,pm,,,true
punctuation,chronicon:0.1.1.6.108.14,,",",g,,,,,false
punctuation,chronicon:0.1.1.6.108.17,,,,,pm,,,true
punctuation,chronicon:0.1.1.6.108.17,,",",g,,,,,false
punctuation,chronicon:0.1.1.6.108.18,",",",",,,pm,,,true
punctuation,chronicon:0.1.1.6.108.18,",",,g,,,,,false
punctuation,chronicon:0.1.1.6.109.1,,,,,pm,,,true
punctuation,chronicon:0.1.1.6.109.1,,",",g,,,,,false
punctuation,chronicon:0.1.1.6.109.2,",",",",,,pm,,,true
punctuation,chronicon:0.1.1.6.109.2,",",:,g,,,,,false
punctuation,chronicon:0.1.1.6.109.3,,,,,pm,,,true
punctuation,chronicon:0.1.1.6.109.3,,",",g,,,,,false
punctuation,chronicon:0.1.1.6.109.7,,,,,pm,,,true
punctuation,chronicon:0.1.1.6.109.7,,",",g,,,,,false
punctuation,chronicon:0.1.1.6.120.2,,,,,pm,,,true
punctuation,chronicon:0.1.1.6.120.2,,",",g,,,,,false
punctuation,chronicon:0.1.1.6.120.3,,,,,pm,,,true
punctuation,chronicon:0.1.1.6.120.3,,",",g,,,,,false
punctuation,chronicon:0.1.1.6.120.5,,,,,pm,,,true
punctuation,chronicon:0.1.1.6.120.5,,",",g,,,,,false
punctuation,chronicon:0.1.1.6.120.7,,,,,pm,,,true
punctuation,chronicon:0.1.1.6.120.7,,",",g,,,,,false
punctuation,chronicon:0.1.1.6.120.10,,,,,pm,,,true
punctuation,chronicon:0.1.1.6.120.10,,",",g,,,,,false
punctuation,chronicon:0.1.1.6.120.12,.,.,,,pm,,,true
punctuation,chronicon:0.1.1.6.120.12,.,",",g,,,,,false
punctuation,chronicon:0.1.1.6.120.19,;,;,,,pm,,,true
punctuation,chronicon:0.1.1.6.120.19,;,",",g,,,,,false
punctuation,chronicon:0.1.1.6.120.21,.,.,,,pm,,,true
punctuation,chronicon:0.1.1.6.120.21,.,!,g,,,,,false
punctuation,chronicon:0.1.1.6.120.23,,,,,pm,,,true
punctuation,chronicon:0.1.1.6.120.23,,",",g,,,,,false
punctuation,chronicon:0.1.1.6.120.25,,,,,pm,,,true
punctuation,chronicon:0.1.1.6.120.25,,",",g,,,,,false
punctuation,chronicon:0.1.1.6.120.27,,,,,pm,,,true
punctuation,chronicon:0.1.1.6.120.27,,",",g,,,,,false
punctuation,chronicon:0.1.1.6.120.28,,,,,pm,,,true
punctuation,chronicon:0.1.1.6.120.28,,",",g,,,,,false
punctuation,chronicon:0.1.1.6.120.30,;,;,,,pm,,,true
punctuation,chronicon:0.1.1.6.120.30,;,:,g,,,,,false
punctuation,chronicon:0.1.1.6.120.31,;,;,,,pm,,,true
punctuation,chronicon:0.1.1.6.120.31,;,,g,,,,,false
punctuation,chronicon:0.1.1.6.120.32,,,,,pm,,,true
punctuation,chronicon:0.1.1.6.120.32,,",",g,,,,,false
punctuation,chronicon:0.1.1.6.120.34,;,;,,,pm,,,true
punctuation,chronicon:0.1.1.6.120.34,;,,g,,,,,false
punctuation,chronicon:0.1.1.6.120.35,,,,,pm,,,true
punctuation,chronicon:0.1.1.6.120.35,,",",g,,,,,false
punctuation,chronicon:0.1.1.6.120.39,;,;,,,pm,,,true
punctuation,chronicon:0.1.1.6.120.39,;,",",g,,,,,false
punctuation,chronicon:0.1.1.6.120.40,: nam,: nam,,,pm,,,true
punctuation,chronicon:0.1.1.6.120.40,: nam,. Nam,g,,,,,false
punctuation,chronicon:0.1.1.6.120.45,,,,,pm,,,true
punctuation,chronicon:0.1.1.6.120.45,,",",g,,,,,false
punctuation,chronicon:0.1.1.6.120.46,,,,,pm,,,true
punctuation,chronicon:0.1.1.6.120.46,,",",g,,,,,false
punctuation,chronicon:0.1.1.6.120.48,,,,,pm,,,true
punctuation,chronicon:0.1.1.6.120.48,,",",g,,,,,false
punctuation,chronicon:0.1.1.6.120.49,,,,,pm,,,true
punctuation,chronicon:0.1.1.6.120.49,,",",g,,,,,false
punctuation,chronicon:0.1.1.6.121.0,,,,,pm,,,true
punctuation,chronicon:0.1.1.6.121.0,,",",g,,,,,false
punctuation,chronicon:0.1.1.6.121.2,.,.,,,pm,,,true
punctuation,chronicon:0.1.1.6.121.2,.,:,g,,,,,false
punctuation,chronicon:0.1.1.6.121.4,,,,,pm,,,true
punctuation,chronicon:0.1.1.6.121.4,,",",g,,,,,false
punctuation,chronicon:0.1.1.6.121.5,,,,,pm,,,true
punctuation,chronicon:0.1.1.6.121.5,,",",g,,,,,false
punctuation,chronicon:0.1.1.6.122.5,",",",",,,pm,,,true
punctuation,chronicon:0.1.1.6.122.5,",",,g,,,,,false
punctuation,chronicon:0.1.1.6.122.8,,,,,pm,,,true
punctuation,chronicon:0.1.1.6.122.8,,.,g,,,,,false
punctuation,chronicon:0.1.1.6.122.11,,,,,pm,,,true
punctuation,chronicon:0.1.1.6.122.11,,",",g,,,,,false
punctuation,chronicon:0.1.1.6.123.1,,,,,pm,,,true
punctuation,chronicon:0.1.1.6.123.1,,",",g,,,,,false
punctuation,chronicon:0.1.1.6.123.2,,,,,pm,,,true
punctuation,chronicon:0.1.1.6.123.2,,",",g,,,,,false
punctuation,chronicon:0.1.1.6.123.9,",",",",,,pm,,,true
punctuation,chronicon:0.1.1.6.123.9,",",,g,,,,,false
punctuation,chronicon:0.1.1.6.123.11,,,,,pm,,,true
punctuation,chronicon:0.1.1.6.123.11,,",",g,,,,,false
punctuation,chronicon:0.1.1.6.123.21,",",",",,,pm,,,true
punctuation,chronicon:0.1.1.6.123.21,",",,g,,,,,false
punctuation,chronicon:0.1.1.6.123.26,,,,,pm,,,true
punctuation,chronicon:0.1.1.6.123.26,,",",g,,,,,false
punctuation,chronicon:0.1.1.6.123.30,",",",",,,pm,,,true
punctuation,chronicon:0.1.1.6.123.30,",",,g,,,,,false
punctuation,chronicon:0.1.1.6.123.31,,,,,pm,,,true
punctuation,chronicon:0.1.1.6.123.31,,",",g,,,,,false
punctuation,chronicon:0.1.1.6.123.32,",",",",,,pm,,,true
punctuation,chronicon:0.1.1.6.123.32,",",:,g,,,,,false
punctuation,chronicon:0.1.1.6.123.33,,,,,pm,,,true
punctuation,chronicon:0.1.1.6.123.33,,",",g,,,,,false
punctuation,chronicon:0.1.1.6.123.38,,,,,pm,,,true
punctuation,chronicon:0.1.1.6.123.38,,",",g,,,,,false
punctuation,chronicon:0.1.1.6.123.39,,,,,pm,,,true
punctuation,chronicon:0.1.1.6.123.39,,",",g,,,,,false
punctuation,chronicon:0.1.1.6.123.44,,,,,pm,,,true
punctuation,chronicon:0.1.1.6.123.44,,",",g,,,,,false
punctuation,chronicon:0.1.1.6.123.45,,,,,pm,,,true
punctuation,chronicon:0.1.1.6.123.45,,",",g,,,,,false
punctuation,chronicon:0.1.1.6.123.46,,,,,pm,,,true
punctuation,chronicon:0.1.1.6.123.46,,",",g,,,,,false
punctuation,chronicon:0.1.1.6.123.49,,,,,pm,,,true
punctuation,chronicon:0.1.1.6.123.49,,",",g,,,,,false
punctuation,chronicon:0.1.1.6.123.53,",",",",,,pm,,,true
punctuation,chronicon:0.1.1.6.123.53,",",,g,,,,,false
punctuation,chronicon:0.1.1.6.123.54,,,,,pm,,,true
punctuation,chronicon:0.1.1.6.123.54,,",",g,,,,,false
punctuation,chronicon:0.1.1.6.123.55,,,,,pm,,,true
punctuation,chronicon:0.1.1.6.123.55,,",",g,,,,,false
punctuation,chronicon:0.1.1.6.123.56,,,,,pm,,,true
punctuation,chronicon:0.1.1.6.123.56,,",",g,,,,,false
punctuation,chronicon:0.1.1.6.123.59,,,,,pm,,,true
punctuation,chronicon:0.1.1.6.123.59,,",",g,,,,,false
punctuation,chronicon:0.1.1.6.123.63,",",",",,,pm,,,true
punctuation,chronicon:0.1.1.6.123.63,",",,g,,,,,false
punctuation,chronicon:0.1.1.6.123.65,,,,,pm,,,true
punctuation,chronicon:0.1.1.6.123.65,,",",g,,,,,false
punctuation,chronicon:0.1.1.6.123.69,,,,,pm,,,true
punctuation,chronicon:0.1.1.6.123.69,,",",g,,,,,false
punctuation,chronicon:0.1.1.6.123.71,",",",",,,pm,,,true
punctuation,chronicon:0.1.1.6.123.71,",",,g,,,,,false
punctuation,chronicon:0.1.1.6.123.72,,,,,pm,,,true
punctuation,chronicon:0.1.1.6.123.72,,",",g,,,,,false
punctuation,chronicon:0.1.1.6.123.77,,,,,pm,,,true
punctuation,chronicon:0.1.1.6.123.77,,",",g,,,,,false
punctuation,chronicon:0.1.1.6.123.79,,,,,pm,,,true
punctuation,chronicon:0.1.1.6.123.79,,",",g,,,,,false
punctuation,chronicon:0.1.1.6.123.88,,,,,pm,,,true
punctuation,chronicon:0.1.1.6.123.88,,",",g,,,,,false
punctuation,chronicon:0.1.1.6.123.90,;,;,,,pm,,,true
punctuation,chronicon:0.1.1.6.123.90,;,:,g,,,,,false
punctuation,chronicon:0.1.1.6.123.99,,,,,pm,,,true
punctuation,chronicon:0.1.1.6.123.99,,",",g,,,,,false
punctuation,chronicon:0.1.1.6.123.101,,,,,pm,,,true
punctuation,chronicon:0.1.1.6.123.101,,",",g,,,,,false
punctuation,chronicon:0.1.1.6.123.102,;,;,,,pm,,,true
punctuation,chronicon:0.1.1.6.123.102,;,",",g,,,,,false
punctuation,chronicon:0.1.1.6.125.2,",",",",,,pm,,,true
punctuation,chronicon:0.1.1.6.125.2,",",,g,,,,,false
punctuation,chronicon:0.1.1.6.125.3,",",",",,,pm,,,true
punctuation,chronicon:0.1.1.6.125.3,",",;,g,,,,,false
punctuation,chronicon:0.1.1.6.125.6,,,,,pm,,,true
punctuation,chronicon:0.1.1.6.125.6,,",",g,,,,,false
punctuation,chronicon:0.1.1.6.125.8,,,,,pm,,,true
punctuation,chronicon:0.1.1.6.125.8,,",",g,,,,,false
punctuation,chronicon:0.1.1.6.125.9,,,,,pm,,,true
punctuation,chronicon:0.1.1.6.125.9,,",",g,,,,,false
punctuation,chronicon:0.1.1.6.125.10,,,,,pm,,,true
punctuation,chronicon:0.1.1.6.125.10,,",",g,,,,,false
punctuation,chronicon:0.1.1.6.125.11,,,,,pm,,,true
punctuation,chronicon:0.1.1.6.125.11,,",",g,,,,,false
punctuation,chronicon:0.1.1.6.125.13,,,,,pm,,,true
punctuation,chronicon:0.1.1.6.125.13,,",",g,,,,,false
punctuation,chronicon:0.1.1.6.125.14,,,,,pm,,,true
punctuation,chronicon:0.1.1.6.125.14,,",",g,,,,,false
punctuation,chronicon:0.1.1.6.125.19,,,,,pm,,,true
punctuation,chronicon:0.1.1.6.125.19,,",",g,,,,,false
punctuation,chronicon:0.1.1.6.125.20,,,,,pm,,,true
punctuation,chronicon:0.1.1.6.125.20,,",",g,,,,,false
punctuation,chronicon:0.1.1.6.125.36,",",",",,,pm,,,true
punctuation,chronicon:0.1.1.6.125.36,",",,g,,,,,false
punctuation,chronicon:0.1.1.6.125.38,,,,,pm,,,true
punctuation,chronicon:0.1.1.6.125.38,,",",g,,,,,false
punctuation,chronicon:0.1.1.6.125.41,,,,,pm,,,true
punctuation,chronicon:0.1.1.6.125.41,,",",g,,,,,false
punctuation,chronicon:0.1.1.6.125.48,",",",",,,pm,,,true
punctuation,chronicon:0.1.1.6.125.48,",",,g,,,,,false
punctuation,chronicon:0.1.1.6.125.50,,,,,pm,,,true
punctuation,chronicon:0.1.1.6.125.50,,",",g,,,,,false
punctuation,chronicon:0.1.1.6.125.51,",",",",,,pm,,,true
punctuation,chronicon:0.1.1.6.125.51,",",.,g,,,,,false
punctuation,chronicon:0.1.1.6.125.53,,,,,pm,,,true
punctuation,chronicon:0.1.1.6.125.53,,",",g,,,,,false
punctuation,chronicon:0.1.1.6.125.57,,,,,pm,,,true
punctuation,chronicon:0.1.1.6.125.57,,",",g,,,,,false
punctuation,chronicon:0.1.1.6.125.72,,,,,pm,,,true
punctuation,chronicon:0.1.1.6.125.72,,",",g,,,,,false
punctuation,chronicon:0.1.1.6.125.73,,,,,pm,,,true
punctuation,chronicon:0.1.1.6.125.73,,",",g,,,,,false
punctuation,chronicon:0.1.1.6.126.0,,,,,pm,,,true
punctuation,chronicon:0.1.1.6.126.0,,",",g,,,,,false
punctuation,chronicon:0.1.1.6.127.2,",",",",,,pm,,,true
punctuation,chronicon:0.1.1.6.127.2,",",,g,,,,,false
punctuation,chronicon:0.1.1.6.127.4,,,,,pm,,,true
punctuation,chronicon:0.1.1.6.127.4,,",",g,,,,,false
punctuation,chronicon:0.1.1.6.127.5,",",",",,,pm,,,true
punctuation,chronicon:0.1.1.6.127.5,",",,g,,,,,false
punctuation,chronicon:0.1.1.6.127.6,",",",",,,pm,,,true
punctuation,chronicon:0.1.1.6.127.6,",",,g,,,,,false
punctuation,chronicon:0.1.1.6.127.8,",",",",,,pm,,,true
punctuation,chronicon:0.1.1.6.127.8,",",,g,,,,,false
punctuation,chronicon:0.1.1.6.127.14,",",",",,,pm,,,true
punctuation,chronicon:0.1.1.6.127.14,",",,g,,,,,false
punctuation,chronicon:0.1.1.6.127.20,",",",",,,pm,,,true
punctuation,chronicon:0.1.1.6.127.20,",",,g,,,,,false
punctuation,chronicon:0.1.1.6.127.21,",",",",,,pm,,,true
punctuation,chronicon:0.1.1.6.127.21,",",,g,,,,,false
punctuation,chronicon:0.1.1.6.127.24,,,,,pm,,,true
punctuation,chronicon:0.1.1.6.127.24,,",",g,,,,,false
punctuation,chronicon:0.1.1.6.127.29,",",",",,,pm,,,true
punctuation,chronicon:0.1.1.6.127.29,",",,g,,,,,false
punctuation,chronicon:0.1.1.6.127.32,",",",",,,pm,,,true
punctuation,chronicon:0.1.1.6.127.32,",",,g,,,,,false
punctuation,chronicon:0.1.1.6.127.39,,,,,pm,,,true
punctuation,chronicon:0.1.1.6.127.39,,",",g,,,,,false
punctuation,chronicon:0.1.1.6.127.41,,,,,pm,,,true
punctuation,chronicon:0.1.1.6.127.41,,",",g,,,,,false
punctuation,chronicon:0.1.1.6.129.0,,,,,pm,,,true
punctuation,chronicon:0.1.1.6.129.0,,",",g,,,,,false
punctuation,chronicon:0.1.1.6.129.1,",",",",,,pm,,,true
punctuation,chronicon:0.1.1.6.129.1,",",,g,,,,,false
punctuation,chronicon:0.1.1.6.129.3,,,,,pm,,,true
punctuation,chronicon:0.1.1.6.129.3,,",",g,,,,,false
punctuation,chronicon:0.1.1.6.129.5,,,,,pm,,,true
punctuation,chronicon:0.1.1.6.129.5,,",",g,,,,,false
punctuation,chronicon:0.1.1.6.130.0,",",",",,,pm,,,true
punctuation,chronicon:0.1.1.6.130.0,",",.,g,,,,,false
punctuation,chronicon:0.1.1.6.130.1,,,,,pm,,,true
punctuation,chronicon:0.1.1.6.130.1,,",",g,,,,,false
punctuation,chronicon:0.1.1.6.130.6,,,,,pm,,,true
punctuation,chronicon:0.1.1.6.130.6,,",",g,,,,,false
punctuation,chronicon:0.1.1.6.130.7,,,,,pm,,,true
punctuation,chronicon:0.1.1.6.130.7,,",",g,,,,,false
punctuation,chronicon:0.1.1.6.130.9,,,,,pm,,,true
punctuation,chronicon:0.1.1.6.130.9,,",",g,,,,,false
punctuation,chronicon:0.1.1.6.130.14,,,,,pm,,,true
punctuation,chronicon:0.1.1.6.130.14,,",",g,,,,,false
punctuation,chronicon:0.1.1.6.130.15,",",",",,,pm,,,true
punctuation,chronicon:0.1.1.6.130.15,",",,g,,,,,false
punctuation,chronicon:0.1.1.6.130.16,",",",",,,pm,,,true
punctuation,chronicon:0.1.1.6.130.16,",",,g,,,,,false
punctuation,chronicon:0.1.1.6.130.18,,,,,pm,,,true
punctuation,chronicon:0.1.1.6.130.18,,",",g,,,,,false
punctuation,chronicon:0.1.1.6.130.21,,,,,pm,,,true
punctuation,chronicon:0.1.1.6.130.21,,",",g,,,,,false
punctuation,chronicon:0.1.1.6.130.22,",",",",,,pm,,,true
punctuation,chronicon:0.1.1.6.130.22,",",,g,,,,,false
punctuation,chronicon:0.1.1.6.130.25,",",",",,,pm,,,true
punctuation,chronicon:0.1.1.6.130.25,",",,g,,,,,false
punctuation,chronicon:0.1.1.6.130.27,.,.,,,pm,,,true
punctuation,chronicon:0.1.1.6.130.27,.,,g,,,,,false
punctuation,chronicon:0.1.1.6.130.31,",",",",,,pm,,,true
punctuation,chronicon:0.1.1.6.130.31,",",(,g,,,,,false
punctuation,chronicon:0.1.1.6.130.32,",",",",,,pm,,,true
punctuation,chronicon:0.1.1.6.130.32,",","),",g,,,,,false
punctuation,chronicon:0.1.1.6.130.33,",",",",,,pm,,,true
punctuation,chronicon:0.1.1.6.130.33,",",,g,,,,,false
punctuation,chronicon:0.1.1.6.130.35,,,,,pm,,,true
punctuation,chronicon:0.1.1.6.130.35,,",",g,,,,,false
punctuation,chronicon:0.1.1.6.130.39,,,,,pm,,,true
punctuation,chronicon:0.1.1.6.130.39,,",",g,,,,,false
punctuation,chronicon:0.1.1.6.130.42,,,,,pm,,,true
punctuation,chronicon:0.1.1.6.130.42,,",",g,,,,,false
punctuation,chronicon:0.1.1.6.130.44,,,,,pm,,,true
punctuation,chronicon:0.1.1.6.130.44,,",",g,,,,,false
punctuation,chronicon:0.1.1.6.130.45,,,,,pm,,,true
punctuation,chronicon:0.1.1.6.130.45,,",",g,,,,,false
punctuation,chronicon:0.1.1.6.130.46,",",",",,,pm,,,true
punctuation,chronicon:0.1.1.6.130.46,",",;,g,,,,,false
punctuation,chronicon:0.1.1.6.130.47,,,,,pm,,,true
punctuation,chronicon:0.1.1.6.130.47,,",",g,,,,,false
punctuation,chronicon:0.1.1.6.130.49,,,,,pm,,,true
punctuation,chronicon:0.1.1.6.130.49,,",",g,,,,,false
punctuation,chronicon:0.1.1.6.130.50,,,,,pm,,,true
punctuation,chronicon:0.1.1.6.130.50,,",",g,,,,,false
punctuation,chronicon:0.1.1.6.130.51,",",",",,,pm,,,true
punctuation,chronicon:0.1.1.6.130.51,",",,g,,,,,false
punctuation,chronicon:0.1.1.6.130.52,,,,,pm,,,true
punctuation,chronicon:0.1.1.6.130.52,,",",g,,,,,false
punctuation,chronicon:0.1.1.6.130.53,;,;,,,pm,,,true
punctuation,chronicon:0.1.1.6.130.53,;,:,g,,,,,false
punctuation,chronicon:0.1.1.6.130.58,.,.,,,pm,,,true
punctuation,chronicon:0.1.1.6.130.58,.,?,g,,,,,false
punctuation,chronicon:0.1.1.6.130.60,",",",",,,pm,,,true
punctuation,chronicon:0.1.1.6.130.60,",",,g,,,,,false
punctuation,chronicon:0.1.1.6.130.64,,,,,pm,,,true
punctuation,chronicon:0.1.1.6.130.64,,",",g,,,,,false
punctuation,chronicon:0.1.1.6.130.69,,,,,pm,,,true
punctuation,chronicon:0.1.1.6.130.69,,",",g,,,,,false
punctuation,chronicon:0.1.1.6.130.71,.,.,,,pm,,,true
punctuation,chronicon:0.1.1.6.130.71,.,",",g,,,,,false
punctuation,chronicon:0.1.1.6.130.74,,,,,pm,,,true
punctuation,chronicon:0.1.1.6.130.74,,",",g,,,,,false
punctuation,chronicon:0.1.1.6.130.75,,,,,pm,,,true
punctuation,chronicon:0.1.1.6.130.75,,",",g,,,,,false
punctuation,chronicon:0.1.1.6.130.77,.,.,,,pm,,,true
punctuation,chronicon:0.1.1.6.130.77,.,",",g,,,,,false
punctuation,chronicon:0.1.1.6.130.82,",",",",,,pm,,,true
punctuation,chronicon:0.1.1.6.130.82,",",,g,,,,,false
punctuation,chronicon:0.1.1.6.130.85,,,,,pm,,,true
punctuation,chronicon:0.1.1.6.130.85,,",",g,,,,,false
punctuation,chronicon:0.1.1.6.130.93,,,,,pm,,,true
punctuation,chronicon:0.1.1.6.130.93,,",",g,,,,,false
punctuation,chronicon:0.1.1.6.130.98,,,,,pm,,,true
punctuation,chronicon:0.1.1.6.130.98,,",",g,,,,,false
punctuation,chronicon:0.1.1.6.130.99,",",",",,,pm,,,true
punctuation,chronicon:0.1.1.6.130.99,",",,g,,,,,false
punctuation,chronicon:0.1.1.6.130.100,;,;,,,pm,,,true
punctuation,chronicon:0.1.1.6.130.100,;,",",g,,,,,false
punctuation,chronicon:0.1.1.6.130.103,,,,,pm,,,true
punctuation,chronicon:0.1.1.6.130.103,,",",g,,,,,false
punctuation,chronicon:0.1.1.6.130.104,,,,,pm,,,true
punctuation,chronicon:0.1.1.6.130.104,,",",g,,,,,false
punctuation,chronicon:0.1.1.6.130.105,,,,,pm,,,true
punctuation,chronicon:0.1.1.6.130.105,,",",g,,,,,false
punctuation,chronicon:0.1.1.6.130.107,,,,,pm,,,true
punctuation,chronicon:0.1.1.6.130.107,,",",g,,,,,false
punctuation,chronicon:0.1.1.6.130.108,;,;,,,pm,,,true
punctuation,chronicon:0.1.1.6.130.108,;,",",g,,,,,false
punctuation,chronicon:0.1.1.6.130.109,",",",",,,pm,,,true
punctuation,chronicon:0.1.1.6.130.109,",",,g,,,,,false
punctuation,chronicon:0.1.1.6.130.113,,,,,pm,,,true
punctuation,chronicon:0.1.1.6.130.113,,",",g,,,,,false
punctuation,chronicon:0.1.1.6.130.115,,,,,pm,,,true
punctuation,chronicon:0.1.1.6.130.115,,",",g,,,,,false
punctuation,chronicon:0.1.1.6.130.118,",",",",,,pm,,,true
punctuation,chronicon:0.1.1.6.130.118,",",,g,,,,,false
punctuation,chronicon:0.1.1.6.131.1,,,,,pm,,,true
punctuation,chronicon:0.1.1.6.131.1,,",",g,,,,,false
punctuation,chronicon:0.1.1.6.131.4,,,,,pm,,,true
punctuation,chronicon:0.1.1.6.131.4,,",",g,,,,,false
punctuation,chronicon:0.1.1.6.132.3,,,,,pm,,,true
punctuation,chronicon:0.1.1.6.132.3,,",",g,,,,,false
punctuation,chronicon:0.1.1.6.132.5,:,:,,,pm,,,true
punctuation,chronicon:0.1.1.6.132.5,:,",",g,,,,,false
punctuation,chronicon:0.1.1.6.132.15,",",",",,,pm,,,true
punctuation,chronicon:0.1.1.6.132.15,",",,g,,,,,false
punctuation,chronicon:0.1.1.6.132.17,",",",",,,pm,,,true
punctuation,chronicon:0.1.1.6.132.17,",",,g,,,,,false
punctuation,chronicon:0.1.1.6.132.18,;,;,,,pm,,,true
punctuation,chronicon:0.1.1.6.132.18,;,",",g,,,,,false
punctuation,chronicon:0.1.1.6.132.20,,,,,pm,,,true
punctuation,chronicon:0.1.1.6.132.20,,",",g,,,,,false
punctuation,chronicon:0.1.1.6.132.21,",",",",,,pm,,,true
punctuation,chronicon:0.1.1.6.132.21,",",,g,,,,,false
punctuation,chronicon:0.1.1.6.132.24,",",",",,,pm,,,true
punctuation,chronicon:0.1.1.6.132.24,",",;,g,,,,,false
punctuation,chronicon:0.1.1.6.132.26,;,;,,,pm,,,true
punctuation,chronicon:0.1.1.6.132.26,;,",",g,,,,,false
punctuation,chronicon:0.1.1.6.132.27,,,,,pm,,,true
punctuation,chronicon:0.1.1.6.132.27,,",",g,,,,,false
punctuation,chronicon:0.1.1.6.132.28,.,.,,,pm,,,true
punctuation,chronicon:0.1.1.6.132.28,.,:,g,,,,,false
punctuation,chronicon:0.1.1.6.132.30,",",",",,,pm,,,true
punctuation,chronicon:0.1.1.6.132.30,",",,g,,,,,false
punctuation,chronicon:0.1.1.6.132.35,,,,,pm,,,true
punctuation,chronicon:0.1.1.6.132.35,,",",g,,,,,false
punctuation,chronicon:0.1.1.6.132.36,. Scripsit,. Scripsit,,,pm,,,true
punctuation,chronicon:0.1.1.6.132.36,. Scripsit,", scripsit",g,,,,,false
punctuation,chronicon:0.1.1.6.132.38,,,,,pm,,,true
punctuation,chronicon:0.1.1.6.132.38,,",",g,,,,,false
punctuation,chronicon:0.1.1.6.133.0,",",",",,,pm,,,true
punctuation,chronicon:0.1.1.6.133.0,",",,g,,,,,false
punctuation,chronicon:0.1.1.6.135.0,",",",",,,pm,,,true
punctuation,chronicon:0.1.1.6.135.0,",",,g,,,,,false
punctuation,chronicon:0.1.1.6.135.1,",",",",,,pm,,,true
punctuation,chronicon:0.1.1.6.135.1,",",,g,,,,,false
punctuation,chronicon:0.1.1.6.136.2,",",",",,,pm,,,true
punctuation,chronicon:0.1.1.6.136.2,",",,g,,,,,false
punctuation,chronicon:0.1.1.6.136.3,,,,,pm,,,true
punctuation,chronicon:0.1.1.6.136.3,,",",g,,,,,false
punctuation,chronicon:0.1.1.6.136.9,,,,,pm,,,true
punctuation,chronicon:0.1.1.6.136.9,,",",g,,,,,false
punctuation,chronicon:0.1.1.6.137.1,,,,,pm,,,true
punctuation,chronicon:0.1.1.6.137.1,,",",g,,,,,false
punctuation,chronicon:0.1.1.6.137.3,,,,,pm,,,true
punctuation,chronicon:0.1.1.6.137.3,,",",g,,,,,false
punctuation,chronicon:0.1.1.6.137.6,,,,,pm,,,true
punctuation,chronicon:0.1.1.6.137.6,,",",g,,,,,false
punctuation,chronicon:0.1.1.6.138.1,",",",",,,pm,,,true
punctuation,chronicon:0.1.1.6.138.1,",",,g,,,,,false
punctuation,chronicon:0.1.1.6.138.2,",",",",,,pm,,,true
punctuation,chronicon:0.1.1.6.138.2,",",.,g,,,,,false
punctuation,chronicon:0.1.1.6.138.5,",",",",,,pm,,,true
punctuation,chronicon:0.1.1.6.138.5,",",,g,,,,,false
punctuation,chronicon:0.1.1.6.138.6,",",",",,,pm,,,true
punctuation,chronicon:0.1.1.6.138.6,",",,g,,,,,false
punctuation,chronicon:0.1.1.6.138.11,.,.,,,pm,,,true
punctuation,chronicon:0.1.1.6.138.11,.,",",g,,,,,false
punctuation,chronicon:0.1.1.6.138.14,,,,,pm,,,true
punctuation,chronicon:0.1.1.6.138.14,,",",g,,,,,false
punctuation,chronicon:0.1.1.6.138.15,,,,,pm,,,true
punctuation,chronicon:0.1.1.6.138.15,,",",g,,,,,false
punctuation,chronicon:0.1.1.6.139.0,",",",",,,pm,,,true
punctuation,chronicon:0.1.1.6.139.0,",",,g,,,,,false
punctuation,chronicon:0.1.1.6.139.1,,,,,pm,,,true
punctuation,chronicon:0.1.1.6.139.1,,",",g,,,,,false
punctuation,chronicon:0.1.1.6.141.0,,,,,pm,,,true
punctuation,chronicon:0.1.1.6.141.0,,",",g,,,,,false
punctuation,chronicon:0.1.1.6.142.1,,,,,pm,,,true
punctuation,chronicon:0.1.1.6.142.1,,",",g,,,,,false
punctuation,chronicon:0.1.1.6.142.2,,,,,pm,,,true
punctuation,chronicon:0.1.1.6.142.2,,",",g,,,,,false
punctuation,chronicon:0.1.1.6.142.7,,,,,pm,,,true
punctuation,chronicon:0.1.1.6.142.7,,",",g,,,,,false
punctuation,chronicon:0.1.1.6.142.10,,,,,pm,,,true
punctuation,chronicon:0.1.1.6.142.10,,",",g,,,,,false
punctuation,chronicon:0.1.1.6.142.13,,,,,pm,,,true
punctuation,chronicon:0.1.1.6.142.13,,",",g,,,,,false
punctuation,chronicon:0.1.1.6.142.22,,,,,pm,,,true
punctuation,chronicon:0.1.1.6.142.22,,",",g,,,,,false
punctuation,chronicon:0.1.1.6.142.24,,,,,pm,,,true
punctuation,chronicon:0.1.1.6.142.24,,",",g,,,,,false
punctuation,chronicon:0.1.1.6.142.25,,,,,pm,,,true
punctuation,chronicon:0.1.1.6.142.25,,",",g,,,,,false
punctuation,chronicon:0.1.1.6.142.26,,,,,pm,,,true
punctuation,chronicon:0.1.1.6.142.26,,",",g,,,,,false
punctuation,chronicon:0.1.1.6.142.27,,,,,pm,,,true
punctuation,chronicon:0.1.1.6.142.27,,",",g,,,,,false
punctuation,chronicon:0.1.1.6.142.28,,,,,pm,,,true
punctuation,chronicon:0.1.1.6.142.28,,",",g,,,,,false
punctuation,chronicon:0.1.1.6.142.29,,,,,pm,,,true
punctuation,chronicon:0.1.1.6.142.29,,",",g,,,,,false
punctuation,chronicon:0.1.1.6.142.30,,,,,pm,,,true
punctuation,chronicon:0.1.1.6.142.30,,",",g,,,,,false
punctuation,chronicon:0.1.1.6.142.31,,,,,pm,,,true
punctuation,chronicon:0.1.1.6.142.31,,",",g,,,,,false
punctuation,chronicon:0.1.1.6.142.32,,,,,pm,,,true
punctuation,chronicon:0.1.1.6.142.32,,",",g,,,,,false
punctuation,chronicon:0.1.1.6.142.38,,,,,pm,,,true
punctuation,chronicon:0.1.1.6.142.38,,",",g,,,,,false
punctuation,chronicon:0.1.1.6.143.2,,,,,pm,,,true
punctuation,chronicon:0.1.1.6.143.2,,",",g,,,,,false
punctuation,chronicon:0.1.1.6.143.3,",",",",,,pm,,,true
punctuation,chronicon:0.1.1.6.143.3,",",,g,,,,,false
punctuation,chronicon:0.1.1.6.143.6,,,,,pm,,,true
punctuation,chronicon:0.1.1.6.143.6,,",",g,,,,,false
punctuation,chronicon:0.1.1.6.143.7,,,,,pm,,,true
punctuation,chronicon:0.1.1.6.143.7,,",",g,,,,,false
punctuation,chronicon:0.1.1.6.143.9,",",",",,,pm,,,true
punctuation,chronicon:0.1.1.6.143.9,",",,g,,,,,false
punctuation,chronicon:0.1.1.6.143.12,:,:,,,pm,,,true
punctuation,chronicon:0.1.1.6.143.12,:,",",g,,,,,false
punctuation,chronicon:0.1.1.6.143.16,,,,,pm,,,true
punctuation,chronicon:0.1.1.6.143.16,,",",g,,,,,false
punctuation,chronicon:0.1.1.6.145.0,,,,,pm,,,true
punctuation,chronicon:0.1.1.6.145.0,,",",g,,,,,false
punctuation,chronicon:0.1.1.6.145.1,",",",",,,pm,,,true
punctuation,chronicon:0.1.1.6.145.1,",",,g,,,,,false
punctuation,chronicon:0.1.1.6.145.4,,,,,pm,,,true
punctuation,chronicon:0.1.1.6.145.4,,",",g,,,,,false
punctuation,chronicon:0.1.1.6.145.5,,,,,pm,,,true
punctuation,chronicon:0.1.1.6.145.5,,",",g,,,,,false
punctuation,chronicon:0.1.1.6.145.7,,,,,pm,,,true
punctuation,chronicon:0.1.1.6.145.7,,",",g,,,,,false
punctuation,chronicon:0.1.1.6.145.12,,,,,pm,,,true
punctuation,chronicon:0.1.1.6.145.12,,",",g,,,,,false
punctuation,chronicon:0.1.1.6.145.14,",",",",,,pm,,,true
punctuation,chronicon:0.1.1.6.145.14,",",,g,,,,,false
punctuation,chronicon:0.1.1.6.145.15,,,,,pm,,,true
punctuation,chronicon:0.1.1.6.145.15,,",",g,,,,,false
punctuation,chronicon:0.1.1.6.145.16,,,,,pm,,,true
punctuation,chronicon:0.1.1.6.145.16,,",",g,,,,,false
punctuation,chronicon:0.1.1.6.146.0,,,,,pm,,,true
punctuation,chronicon:0.1.1.6.146.0,,",",g,,,,,false
punctuation,chronicon:0.1.1.6.146.7,",",",",,,pm,,,true
punctuation,chronicon:0.1.1.6.146.7,",",,g,,,,,false
punctuation,chronicon:0.1.1.7.1.4,,,,,pm,,,true
punctuation,chronicon:0.1.1.7.1.4,,",",g,,,,,false
punctuation,chronicon:0.1.1.7.1.6,,,,,pm,,,true
punctuation,chronicon:0.1.1.7.1.6,,:,g,,,,,false
punctuation,chronicon:0.1.1.7.1.7,,,,,pm,,,true
punctuation,chronicon:0.1.1.7.1.7,,",",g,,,,,false
punctuation,chronicon:0.1.1.7.1.8,",",",",,,pm,,,true
punctuation,chronicon:0.1.1.7.1.8,",",,g,,,,,false
punctuation,chronicon:0.1.1.7.1.13,",",",",,,pm,,,true
punctuation,chronicon:0.1.1.7.1.13,",",,g,,,,,false
punctuation,chronicon:0.1.1.7.1.14,",",",",,,pm,,,true
punctuation,chronicon:0.1.1.7.1.14,",",,g,,,,,false
punctuation,chronicon:0.1.1.7.2.0,",",",",,,pm,,,true
punctuation,chronicon:0.1.1.7.2.0,",",,g,,,,,false
punctuation,chronicon:0.1.1.7.2.6,",",",",,,pm,,,true
punctuation,chronicon:0.1.1.7.2.6,",",.,g,,,,,false
punctuation,chronicon:0.1.1.7.2.8,",",",",,,pm,,,true
punctuation,chronicon:0.1.1.7.2.8,",",,g,,,,,false
punctuation,chronicon:0.1.1.7.3.0,,,,,pm,,,true
punctuation,chronicon:0.1.1.7.3.0,,",",g,,,,,false
punctuation,chronicon:0.1.1.7.3.7,,,,,pm,,,true
punctuation,chronicon:0.1.1.7.3.7,,",",g,,,,,false
punctuation,chronicon:0.1.1.7.3.8,,,,,pm,,,true
punctuation,chronicon:0.1.1.7.3.8,,",",g,,,,,false
punctuation,chronicon:0.1.1.7.3.9,,,,,pm,,,true
punctuation,chronicon:0.1.1.7.3.9,,",",g,,,,,false
punctuation,chronicon:0.1.1.7.3.10,,,,,pm,,,true
punctuation,chronicon:0.1.1.7.3.10,,",",g,,,,,false
punctuation,chronicon:0.1.1.7.3.12,,,,,pm,,,true
punctuation,chronicon:0.1.1.7.3.12,,",",g,,,,,false
punctuation,chronicon:0.1.1.7.4.3,,,,,pm,,,true
punctuation,chronicon:0.1.1.7.4.3,,",",g,,,,,false
punctuation,chronicon:0.1.1.7.4.5,.,.,,,pm,,,true
punctuation,chronicon:0.1.1.7.4.5,.,,g,,,,,false
punctuation,chronicon:0.1.1.7.4.12,.,.,,,pm,,,true
punctuation,chronicon:0.1.1.7.4.12,.,,g,,,,,false
punctuation,chronicon:0.1.1.7.4.15,,,,,pm,,,true
punctuation,chronicon:0.1.1.7.4.15,,",",g,,,,,false
punctuation,chronicon:0.1.1.7.4.17,,,,,pm,,,true
punctuation,chronicon:0.1.1.7.4.17,,",",g,,,,,false
punctuation,chronicon:0.1.1.7.4.22,",",",",,,pm,,,true
punctuation,chronicon:0.1.1.7.4.22,",",.,g,,,,,false
punctuation,chronicon:0.1.1.7.4.36,",",",",,,pm,,,true
punctuation,chronicon:0.1.1.7.4.36,",",,g,,,,,false
punctuation,chronicon:0.1.1.7.4.37,,,,,pm,,,true
punctuation,chronicon:0.1.1.7.4.37,,",",g,,,,,false
punctuation,chronicon:0.1.1.7.4.38,,,,,pm,,,true
punctuation,chronicon:0.1.1.7.4.38,,",",g,,,,,false
punctuation,chronicon:0.1.1.7.4.39,,,,,pm,,,true
punctuation,chronicon:0.1.1.7.4.39,,",",g,,,,,false
punctuation,chronicon:0.1.1.7.5.3,,,,,pm,,,true
punctuation,chronicon:0.1.1.7.5.3,,",",g,,,,,false
punctuation,chronicon:0.1.1.7.5.9,.,.,,,pm,,,true
punctuation,chronicon:0.1.1.7.5.9,.,,g,,,,,false
punctuation,chronicon:0.1.1.7.5.10,,,,,pm,,,true
punctuation,chronicon:0.1.1.7.5.10,,",",g,,,,,false
punctuation,chronicon:0.1.1.7.5.12,;,;,,,pm,,,true
punctuation,chronicon:0.1.1.7.5.12,;,:,g,,,,,false
punctuation,chronicon:0.1.1.7.5.14,;,;,,,pm,,,true
punctuation,chronicon:0.1.1.7.5.14,;,:,g,,,,,false
punctuation,chronicon:0.1.1.7.5.15,;,;,,,pm,,,true
punctuation,chronicon:0.1.1.7.5.15,;,:,g,,,,,false
punctuation,chronicon:0.1.1.7.5.18,,,,,pm,,,true
punctuation,chronicon:0.1.1.7.5.18,,",",g,,,,,false
punctuation,chronicon:0.1.1.7.5.24,",",",",,,pm,,,true
punctuation,chronicon:0.1.1.7.5.24,",",,g,,,,,false
punctuation,chronicon:0.1.1.7.5.25,",",",",,,pm,,,true
punctuation,chronicon:0.1.1.7.5.25,",",,g,,,,,false
punctuation,chronicon:0.1.1.7.5.29,",",",",,,pm,,,true
punctuation,chronicon:0.1.1.7.5.29,",",,g,,,,,false
punctuation,chronicon:0.1.1.7.5.31,,,,,pm,,,true
punctuation,chronicon:0.1.1.7.5.31,,",",g,,,,,false
punctuation,chronicon:0.1.1.7.5.36,",",",",,,pm,,,true
punctuation,chronicon:0.1.1.7.5.36,",",,g,,,,,false
punctuation,chronicon:0.1.1.7.5.43,.,.,,,pm,,,true
punctuation,chronicon:0.1.1.7.5.43,.,:,g,,,,,false
punctuation,chronicon:0.1.1.7.5.47,",",",",,,pm,,,true
punctuation,chronicon:0.1.1.7.5.47,",",;,g,,,,,false
punctuation,chronicon:0.1.1.7.5.48,,,,,pm,,,true
punctuation,chronicon:0.1.1.7.5.48,,",",g,,,,,false
punctuation,chronicon:0.1.1.7.5.49,,,,,pm,,,true
punctuation,chronicon:0.1.1.7.5.49,,",",g,,,,,false
punctuation,chronicon:0.1.1.7.6.0,",",",",,,pm,,,true
punctuation,chronicon:0.1.1.7.6.0,",",,g,,,,,false
punctuation,chronicon:0.1.1.7.6.1,,,,,pm,,,true
punctuation,chronicon:0.1.1.7.6.1,,",",g,,,,,false
punctuation,chronicon:0.1.1.7.6.2,,,,,pm,,,true
punctuation,chronicon:0.1.1.7.6.2,,",",g,,,,,false
punctuation,chronicon:0.1.1.7.8.9,,,,,pm,,,true
punctuation,chronicon:0.1.1.7.8.9,,",",g,,,,,false
punctuation,chronicon:0.1.1.7.10.5,.,.,,,pm,,,true
punctuation,chronicon:0.1.1.7.10.5,.,;,g,,,,,false
punctuation,chronicon:0.1.1.7.10.6,,,,,pm,,,true
punctuation,chronicon:0.1.1.7.10.6,,;,g,,,,,false
punctuation,chronicon:0.1.1.7.10.11,,,,,pm,,,true
punctuation,chronicon:0.1.1.7.10.11,,",",g,,,,,false
punctuation,chronicon:0.1.1.7.10.12,",",",",,,pm,,,true
punctuation,chronicon:0.1.1.7.10.12,",",,g,,,,,false
punctuation,chronicon:0.1.1.7.11.1,,,,,pm,,,true
punctuation,chronicon:0.1.1.7.11.1,,",",g,,,,,false
punctuation,chronicon:0.1.1.7.11.5,.,.,,,pm,,,true
punctuation,chronicon:0.1.1.7.11.5,.,",",g,,,,,false
punctuation,chronicon:0.1.1.7.11.7,. Tanta,. Tanta,,,pm,,,true
punctuation,chronicon:0.1.1.7.11.7,. Tanta,", tanta",g,,,,,false
punctuation,chronicon:0.1.1.7.11.8,,,,,pm,,,true
punctuation,chronicon:0.1.1.7.11.8,,",",g,,,,,false
punctuation,chronicon:0.1.1.7.11.14,,,,,pm,,,true
punctuation,chronicon:0.1.1.7.11.14,,",",g,,,,,false
punctuation,chronicon:0.1.1.7.13.0,",",",",,,pm,,,true
punctuation,chronicon:0.1.1.7.13.0,",",,g,,,,,false
punctuation,chronicon:0.1.1.7.13.3,",",",",,,pm,,,true
punctuation,chronicon:0.1.1.7.13.3,",",,g,,,,,false
punctuation,chronicon:0.1.1.7.13.4,",",",",,,pm,,,true
punctuation,chronicon:0.1.1.7.13.4,",",,g,,,,,false
punctuation,chronicon:0.1.1.7.15.3,",",",",,,pm,,,true
punctuation,chronicon:0.1.1.7.15.3,",",,g,,,,,false
punctuation,chronicon:0.1.1.7.15.4,",",",",,,pm,,,true
punctuation,chronicon:0.1.1.7.15.4,",",,g,,,,,false
punctuation,chronicon:0.1.1.7.15.5,",",",",,,pm,,,true
punctuation,chronicon:0.1.1.7.15.5,",",,g,,,,,false
punctuation,chronicon:0.1.1.7.15.10,,,,,pm,,,true
punctuation,chronicon:0.1.1.7.15.10,,",",g,,,,,false
punctuation,chronicon:0.1.1.7.15.12,,,,,pm,,,true
punctuation,chronicon:0.1.1.7.15.12,,",",g,,,,,false
punctuation,chronicon:0.1.1.7.15.20,,,,,pm,,,true
punctuation,chronicon:0.1.1.7.15.20,,",",g,,,,,false
punctuation,chronicon:0.1.1.7.15.35,,,,,pm,,,true
punctuation,chronicon:0.1.1.7.15.35,,",",g,,,,,false
punctuation,chronicon:0.1.1.7.15.36,", pari",", pari",,,pm,,,true
punctuation,chronicon:0.1.1.7.15.36,", pari",. Pari,g,,,,,false
punctuation,chronicon:0.1.1.7.15.38,",",",",,,pm,,,true
punctuation,chronicon:0.1.1.7.15.38,",",,g,,,,,false
punctuation,chronicon:0.1.1.7.15.39,",",",",,,pm,,,true
punctuation,chronicon:0.1.1.7.15.39,",",,g,,,,,false
punctuation,chronicon:0.1.1.7.15.41,,,,,pm,,,true
punctuation,chronicon:0.1.1.7.15.41,,",",g,,,,,false
punctuation,chronicon:0.1.1.7.15.45,,,,,pm,,,true
punctuation,chronicon:0.1.1.7.15.45,,",",g,,,,,false
punctuation,chronicon:0.1.1.7.15.49,",",",",,,pm,,,true
punctuation,chronicon:0.1.1.7.15.49,",",,g,,,,,false
punctuation,chronicon:0.1.1.7.15.50,",",",",,,pm,,,true
punctuation,chronicon:0.1.1.7.15.50,",",,g,,,,,false
punctuation,chronicon:0.1.1.7.16.4,",",",",,,pm,,,true
punctuation,chronicon:0.1.1.7.16.4,",",,g,,,,,false
punctuation,chronicon:0.1.1.7.16.6,.,.,,,pm,,,true
punctuation,chronicon:0.1.1.7.16.6,.,,g,,,,,false
punctuation,chronicon:0.1.1.7.93.6,",",",",,,pm,,,true
punctuation,chronicon:0.1.1.7.93.6,",",,g,,,,,false
punctuation,chronicon:0.1.1.8.22.0,,,,,pm,,,true
punctuation,chronicon:0.1.1.8.22.0,,"""",b,,,,,false
punctuation,chronicon:0.1.1.8.22.3,.,.,,,pm,,,true
punctuation,chronicon:0.1.1.8.22.3,.,""".",b,,,,,false
punctuation,chronicon:0.1.1.8.33.9,,,,,pm,,,true
punctuation,chronicon:0.1.1.8.33.9,,"""",b,,,,,false
punctuation,chronicon:0.1.1.8.33.10,",",",",,,pm,,,true
punctuation,chronicon:0.1.1.8.33.10,",",""",",b,,,,,false
punctuation,chronicon:0.1.1.8.33.22,,,,,pm,,,true
punctuation,chronicon:0.1.1.8.33.22,,"""",b,,,,,false
punctuation,chronicon:0.1.1.8.33.25,;,;,,,pm,,,true
punctuation,chronicon:0.1.1.8.33.25,;,,b,,,,,false
punctuation,chronicon:0.1.1.8.33.27,.,.,,,pm,,,true
punctuation,chronicon:0.1.1.8.33.27,.,""".",b,,,,,false
punctuation,chronicon:0.1.1.8.40.5,",",",",,,pm,,,true
punctuation,chronicon:0.1.1.8.40.5,",",""",",b,,,,,false
punctuation,chronicon:0.1.1.8.40.12,,,,,pm,,,true
punctuation,chronicon:0.1.1.8.40.12,,"""",b,,,,,false
punctuation,chronicon:0.1.1.8.40.24,",",",",,,pm,,,true
punctuation,chronicon:0.1.1.8.40.24,",",""",",b,,,,,false
punctuation,chronicon:0.1.1.8.43.3,",",",",,,pm,,,true
punctuation,chronicon:0.1.1.8.43.3,",",.,b,,,,,false
punctuation,chronicon:0.1.1.8.45.5,,,,,pm,,,true
punctuation,chronicon:0.1.1.8.45.5,,"""",b,,,,,false
punctuation,chronicon:0.1.1.8.45.6,",",",",,,pm,,,true
punctuation,chronicon:0.1.1.8.45.6,",",""",",b,,,,,false
punctuation,chronicon:0.1.1.8.50.3,,,,,pm,,,true
punctuation,chronicon:0.1.1.8.50.3,,"""",b,,,,,false
punctuation,chronicon:0.1.1.8.50.4,,,,,pm,,,true
punctuation,chronicon:0.1.1.8.50.4,,"""",b,,,,,false
punctuation,chronicon:0.1.1.8.50.5,,,,,pm,,,true
punctuation,chronicon:0.1.1.8.50.5,,"""",b,,,,,false
punctuation,chronicon:0.1.1.8.50.7,.,.,,,pm,,,true
punctuation,chronicon:0.1.1.8.50.7,.,""".",b,,,,,false
punctuation,chronicon:0.1.1.8.56.4,,,,,pm,,,true
punctuation,chronicon:0.1.1.8.56.4,,"""",b,,,,,false
punctuation,chronicon:0.1.1.8.61.5,,,,,pm,,,true
punctuation,chronicon:0.1.1.8.61.5,,"""",b,,,,,false
punctuation,chronicon:0.1.1.8.61.11,.,.,,,pm,,,true
punctuation,chronicon:0.1.1.8.61.11,.,""".",b,,,,,false
punctuation,chronicon:0.1.1.8.63.19,,,,,pm,,,true
punctuation,chronicon:0.1.1.8.63.19,,"""",b,,,,,false
punctuation,chronicon:0.1.1.8.63.20,,,,,pm,,,true
punctuation,chronicon:0.1.1.8.63.20,,"""",b,,,,,false
punctuation,chronicon:0.1.1.8.63.25,,,,,pm,,,true
punctuation,chronicon:0.1.1.8.63.25,,"""",b,,,,,false
punctuation,chronicon:0.1.1.8.63.28,",",",",,,pm,,,true
punctuation,chronicon:0.1.1.8.63.28,",",""",",b,,,,,false
punctuation,chronicon:0.1.1.8.63.29,,,,,pm,,,true
punctuation,chronicon:0.1.1.8.63.29,,"""",b,,,,,false
punctuation,chronicon:0.1.1.8.63.31,,,,,pm,,,true
punctuation,chronicon:0.1.1.8.63.31,,"""",b,,,,,false
punctuation,chronicon:0.1.1.8.63.32,,,,,pm,,,true
punctuation,chronicon:0.1.1.8.63.32,,"""",b,,,,,false
punctuation,chronicon:0.1.1.8.63.34,,,,,pm,,,true
punctuation,chronicon:0.1.1.8.63.34,,"""",b,,,,,false
punctuation,chronicon:0.1.1.8.63.36,,,,,pm,,,true
punctuation,chronicon:0.1.1.8.63.36,,"""",b,,,,,false
punctuation,chronicon:0.1.1.8.63.38,.,.,,,pm,,,true
punctuation,chronicon:0.1.1.8.63.38,.,""".",b,,,,,false
punctuation,chronicon:0.1.1.8.64.23,:,:,,,pm,,,true
punctuation,chronicon:0.1.1.8.64.23,:,,b,,,,,false
punctuation,chronicon:0.1.1.8.65.1,,,,,pm,,,true
punctuation,chronicon:0.1.1.8.65.1,,"""",b,,,,,false
punctuation,chronicon:0.1.1.8.65.3,.,.,,,pm,,,true
punctuation,chronicon:0.1.1.8.65.3,.,""".",b,,,,,false
punctuation,chronicon:0.1.1.8.68.5,,,,,pm,,,true
punctuation,chronicon:0.1.1.8.68.5,,"""",b,,,,,false
punctuation,chronicon:0.1.1.8.69.0,,,,,pm,,,true
punctuation,chronicon:0.1.1.8.69.0,,"""",b,,,,,false
punctuation,chronicon:0.1.1.8.73.8,,,,,pm,,,true
punctuation,chronicon:0.1.1.8.73.8,,"""",b,,,,,false
punctuation,chronicon:0.1.1.8.73.10,;,;,,,pm,,,true
punctuation,chronicon:0.1.1.8.73.10,;,,b,,,,,false
punctuation,chronicon:0.1.1.8.73.11,.,.,,,pm,,,true
punctuation,chronicon:0.1.1.8.73.11,.,""".",b,,,,,false
punctuation,chronicon:0.1.1.8.75.0,,,,,pm,,,true
punctuation,chronicon:0.1.1.8.75.0,,"""",b,,,,,false
punctuation,chronicon:0.1.1.8.75.8,.,.,,,pm,,,true
punctuation,chronicon:0.1.1.8.75.8,.,""".",b,,,,,false
punctuation,chronicon:0.1.1.8.77.0,,,,,pm,,,true
punctuation,chronicon:0.1.1.8.77.0,,"""",b,,,,,false
punctuation,chronicon:0.1.1.8.77.3,.,.,,,pm,,,true
punctuation,chronicon:0.1.1.8.77.3,.,""".",b,,,,,false
punctuation,chronicon:0.1.1.8.78.0,,,,,pm,,,true
punctuation,chronicon:0.1.1.8.78.0,,"""",b,,,,,false
punctuation,chronicon:0.1.1.8.79.3,.,.,,,pm,,,true
punctuation,chronicon:0.1.1.8.79.3,.,""".",b,,,,,false
punctuation,chronicon:0.1.1.8.80.0,,,,,pm,,,true
punctuation,chronicon:0.1.1.8.80.0,,"""",b,,,,,false
punctuation,chronicon:0.1.1.8.80.3,,,,,pm,,,true
punctuation,chronicon:0.1.1.8.80.3,,",",b,,,,,false
punctuation,chronicon:0.1.1.8.80.5,.,.,,,pm,,,true
punctuation,chronicon:0.1.1.8.80.5,.,""".",b,,,,,false
punctuation,chronicon:0.1.1.8.83.0,,,,,pm,,,true
punctuation,chronicon:0.1.1.8.83.0,,"""",b,,,,,false
punctuation,chronicon:0.1.1.8.85.9,,,,,pm,,,true
punctuation,chronicon:0.1.1.8.85.9,,"""",b,,,,,false
punctuation,chronicon:0.1.1.8.86.2,,,,,pm,,,true
punctuation,chronicon:0.1.1.8.86.2,,"""",b,,,,,false
punctuation,chronicon:0.1.1.8.87.0,,,,,pm,,,true
punctuation,chronicon:0.1.1.8.87.0,,"""",b,,,,,false
punctuation,chronicon:0.1.1.8.87.1,.,.,,,pm,,,true
punctuation,chronicon:0.1.1.8.87.1,.,""".",b,,,,,false
punctuation,chronicon:0.1.1.8.89.1,,,,,pm,,,true
punctuation,chronicon:0.1.1.8.89.1,,"""",b,,,,,false
punctuation,chronicon:0.1.1.8.89.3,,,,,pm,,,true
punctuation,chronicon:0.1.1.8.89.3,,"""",b,,,,,false
punctuation,chronicon:0.1.1.8.91.3,,,,,pm,,,true
punctuation,chronicon:0.1.1.8.91.3,,"""",b,,,,,false
punctuation,chronicon:0.1.1.8.91.4,.,.,,,pm,,,true
punctuation,chronicon:0.1.1.8.91.4,.,""".",b,,,,,false
punctuation,chronicon:0.1.1.8.91.6,,,,,pm,,,true
punctuation,chronicon:0.1.1.8.91.6,,"""",b,,,,,false
punctuation,chronicon:0.1.1.8.91.7,.,.,,,pm,,,true
punctuation,chronicon:0.1.1.8.91.7,.,""".",b,,,,,false
punctuation,chronicon:0.1.1.8.91.8,,,,,pm,,,true
punctuation,chronicon:0.1.1.8.91.8,,"""",b,,,,,false
punctuation,chronicon:0.1.1.8.91.9,.,.,,,pm,,,true
punctuation,chronicon:0.1.1.8.91.9,.,""".",b,,,,,false
punctuation,chronicon:0.1.1.8.91.11,,,,,pm,,,true
punctuation,chronicon:0.1.1.8.91.11,,"""",b,,,,,false
punctuation,chronicon:0.1.1.8.91.12,.,.,,,pm,,,true
punctuation,chronicon:0.1.1.8.91.12,.,""".",b,,,,,false
punctuation,chronicon:0.1.1.8.93.3,.,.,,,pm,,,true
punctuation,chronicon:0.1.1.8.93.3,.,"""",b,,,,,false
punctuation,chronicon:0.1.1.8.93.5,.,.,,,pm,,,true
punctuation,chronicon:0.1.1.8.93.5,.,""".",b,,,,,false
punctuation,chronicon:0.1.1.8.98.0,,,,,pm,,,true
punctuation,chronicon:0.1.1.8.98.0,,"""",b,,,,,false
punctuation,chronicon:0.1.1.8.98.2,.,.,,,pm,,,true
punctuation,chronicon:0.1.1.8.98.2,.,""".",b,,,,,false
punctuation,chronicon:0.1.1.8.99.1,,,,,pm,,,true
punctuation,chronicon:0.1.1.8.99.1,,",",b,,,,,false
punctuation,chronicon:0.1.1.8.110.0,,,,,pm,,,true
punctuation,chronicon:0.1.1.8.110.0,,"""",b,,,,,false
punctuation,chronicon:0.1.1.8.110.8,.,.,,,pm,,,true
punctuation,chronicon:0.1.1.8.110.8,.,""".",b,,,,,false
punctuation,chronicon:0.1.1.8.111.3,,,,,pm,,,true
punctuation,chronicon:0.1.1.8.111.3,,"""",b,,,,,false
punctuation,chronicon:0.1.1.8.111.5,,,,,pm,,,true
punctuation,chronicon:0.1.1.8.111.5,,"""",b,,,,,false
punctuation,chronicon:0.1.1.8.112.0,,,,,pm,,,true
punctuation,chronicon:0.1.1.8.112.0,,"""",b,,,,,false
punctuation,chronicon:0.1.1.8.112.4,.,.,,,pm,,,true
punctuation,chronicon:0.1.1.8.112.4,.,""".",b,,,,,false
punctuation,chronicon:0.1.1.8.115.0,,,,,pm,,,true
punctuation,chronicon:0.1.1.8.115.0,,"""",b,,,,,false
punctuation,chronicon:0.1.1.8.115.4,.,.,,,pm,,,true
punctuation,chronicon:0.1.1.8.115.4,.,""".",b,,,,,false
punctuation,chronicon:0.1.1.8.120.3,,,,,pm,,,true
punctuation,chronicon:0.1.1.8.120.3,,",",b,,,,,false
punctuation,chronicon:0.1.1.8.126.16,",",",",,,pm,,,true
punctuation,chronicon:0.1.1.8.126.16,",",,b,,,,,false
punctuation,chronicon:0.1.1.8.128.0,,,,,pm,,,true
punctuation,chronicon:0.1.1.8.128.0,,"""",b,,,,,false
punctuation,chronicon:0.1.1.8.128.9,.,.,,,pm,,,true
punctuation,chronicon:0.1.1.8.128.9,.,""".",b,,,,,false
punctuation,chronicon:0.1.1.8.132.0,,,,,pm,,,true
punctuation,chronicon:0.1.1.8.132.0,,"""",b,,,,,false
punctuation,chronicon:0.1.1.8.132.7,.,.,,,pm,,,true
punctuation,chronicon:0.1.1.8.132.7,.,""".",b,,,,,false
punctuation,chronicon:0.1.1.8.136.0,,,,,pm,,,true
punctuation,chronicon:0.1.1.8.136.0,,"""",b,,,,,false
punctuation,chronicon:0.1.1.8.136.3,.,.,,,pm,,,true
punctuation,chronicon:0.1.1.8.136.3,.,""".",b,,,,,false
punctuation,chronicon:0.1.1.8.137.2,,,,,pm,,,true
punctuation,chronicon:0.1.1.8.137.2,,"""",b,,,,,false
punctuation,chronicon:0.1.1.8.137.5,.,.,,,pm,,,true
punctuation,chronicon:0.1.1.8.137.5,.,""".",b,,,,,false
punctuation,chronicon:0.1.1.8.138.0,,,,,pm,,,true
punctuation,chronicon:0.1.1.8.138.0,,"""",b,,,,,false
punctuation,chronicon:0.1.1.8.138.2,.,.,,,pm,,,true
punctuation,chronicon:0.1.1.8.138.2,.,""".",b,,,,,false
punctuation,chronicon:0.1.1.8.142.1,.,.,,,pm,,,true
punctuation,chronicon:0.1.1.8.142.1,.,""".",b,,,,,false
punctuation,chronicon:0.1.1.9.3.0,,,,,pm,,,true
punctuation,chronicon:0.1.1.9.3.0,,"""",b,,,,,false
punctuation,chronicon:0.1.1.9.4.1,.,.,,,pm,,,true
punctuation,chronicon:0.1.1.9.4.1,.,""".",b,,,,,false
punctuation,chronicon:0.1.1.9.10.0,,,,,pm,,,true
punctuation,chronicon:0.1.1.9.10.0,,"""",b,,,,,false
punctuation,chronicon:0.1.1.9.10.2,.,.,,,pm,,,true
punctuation,chronicon:0.1.1.9.10.2,.,""".",b,,,,,false
punctuation,chronicon:0.1.1.9.13.2,,,,,pm,,,true
punctuation,chronicon:0.1.1.9.13.2,,",",b,,,,,false
punctuation,chronicon:0.1.1.9.17.26,",",",",,,pm,,,true
punctuation,chronicon:0.1.1.9.17.26,",",,b,,,,,false
punctuation,chronicon:0.1.1.9.17.27,,,,,pm,,,true
punctuation,chronicon:0.1.1.9.17.27,,",",b,,,,,false
punctuation,chronicon:0.1.1.9.27.0,",",",",,,pm,,,true
punctuation,chronicon:0.1.1.9.27.0,",",,b,,,,,false
punctuation,chronicon:0.1.1.9.33.1,,,,,pm,,,true
punctuation,chronicon:0.1.1.9.33.1,,",",b,,,,,false
punctuation,chronicon:0.1.1.9.33.3,",",",",,,pm,,,true
punctuation,chronicon:0.1.1.9.33.3,",",,b,,,,,false
punctuation,chronicon:0.1.1.9.34.29,,,,,pm,,,true
punctuation,chronicon:0.1.1.9.34.29,,",",b g,,,,,false
punctuation,chronicon:0.1.1.9.35.1,,,,,pm,,,true
punctuation,chronicon:0.1.1.9.35.1,,",",b,,,,,false
punctuation,chronicon:0.1.1.9.35.2,",",",",,,pm,,,true
punctuation,chronicon:0.1.1.9.35.2,",",,b,,,,,false
punctuation,chronicon:0.1.1.9.35.3,,,,,pm,,,true
punctuation,chronicon:0.1.1.9.35.3,,;,b,,,,,false
punctuation,chronicon:0.1.1.9.37.4,,,,,pm,,,true
punctuation,chronicon:0.1.1.9.37.4,,",",b,,,,,false
punctuation,chronicon:0.1.1.9.45.2,",",",",,,pm,,,true
punctuation,chronicon:0.1.1.9.45.2,",",,b,,,,,false
punctuation,chronicon:0.1.1.9.49.20,,,,,pm,,,true
punctuation,chronicon:0.1.1.9.49.20,,",",b,,,,,false
punctuation,chronicon:0.1.1.10.1.0,,,,,pm,,,true
punctuation,chronicon:0.1.1.10.1.0,,",",b,,,,,false
punctuation,chronicon:0.1.1.10.6.4,,,,,pm,,,true
punctuation,chronicon:0.1.1.10.6.4,,"""",b,,,,,false
punctuation,chronicon:0.1.1.10.6.5,.,.,,,pm,,,true
punctuation,chronicon:0.1.1.10.6.5,.,""".",b,,,,,false
punctuation,chronicon:0.1.1.10.7.1,,,,,pm,,,true
punctuation,chronicon:0.1.1.10.7.1,,«,b,,,,,false
punctuation,chronicon:0.1.1.10.7.6,,,,,pm,,,true
punctuation,chronicon:0.1.1.10.7.6,,"""",b,,,,,false
punctuation,chronicon:0.1.1.10.7.7,.,.,,,pm,,,true
punctuation,chronicon:0.1.1.10.7.7,.,""".",b,,,,,false
punctuation,chronicon:0.1.1.10.8.0,,,,,pm,,,true
punctuation,chronicon:0.1.1.10.8.0,,"""",b,,,,,false
punctuation,chronicon:0.1.1.10.8.7,",",",",,,pm,,,true
punctuation,chronicon:0.1.1.10.8.7,",",,b,,,,,false
punctuation,chronicon:0.1.1.10.8.14,.,.,,,pm,,,true
punctuation,chronicon:0.1.1.10.8.14,.,""".",b,,,,,false
punctuation,chronicon:0.1.1.10.9.0,,,,,pm,,,true
punctuation,chronicon:0.1.1.10.9.0,,"""",b,,,,,false
punctuation,chronicon:0.1.1.10.9.2,.,.,,,pm,,,true
punctuation,chronicon:0.1.1.10.9.2,.,""".",b,,,,,false
punctuation,chronicon:0.1.1.10.13.0,,,,,pm,,,true
punctuation,chronicon:0.1.1.10.13.0,,"""",b,,,,,false
punctuation,chronicon:0.1.1.10.13.2,.,.,,,pm,,,true
punctuation,chronicon:0.1.1.10.13.2,.,""".",b,,,,,false
punctuation,chronicon:0.1.1.10.14.0,,,,,pm,,,true
punctuation,chronicon:0.1.1.10.14.0,,"""",b,,,,,false
punctuation,chronicon:0.1.1.10.14.9,.,.,,,pm,,,true
punctuation,chronicon:0.1.1.10.14.9,.,""".",b,,,,,false
punctuation,chronicon:0.1.1.10.15.7,,,,,pm,,,true
punctuation,chronicon:0.1.1.10.15.7,,"""",b,,,,,false
punctuation,chronicon:0.1.1.10.15.8,.,.,,,pm,,,true
punctuation,chronicon:0.1.1.10.15.8,.,""".",b,,,,,false
punctuation,chronicon:0.1.1.10.19.1,,,,,pm,,,true
punctuation,chronicon:0.1.1.10.19.1,,"""",b,,,,,false
punctuation,chronicon:0.1.1.10.19.4,.,.,,,pm,,,true
punctuation,chronicon:0.1.1.10.19.4,.,""".",b,,,,,false
punctuation,chronicon:0.1.1.10.20.1,,,,,pm,,,true
punctuation,chronicon:0.1.1.10.20.1,,"""",b,,,,,false
punctuation,chronicon:0.1.1.10.20.5,.,.,,,pm,,,true
punctuation,chronicon:0.1.1.10.20.5,.,""".",b,,,,,false
punctuation,chronicon:0.1.1.10.22.1,,,,,pm,,,true
punctuation,chronicon:0.1.1.10.22.1,,"""",b,,,,,false
punctuation,chronicon:0.1.1.10.22.6,.,.,,,pm,,,true
punctuation,chronicon:0.1.1.10.22.6,.,""".",b,,,,,false
punctuation,chronicon:0.1.1.10.22.7,,,,,pm,,,true
punctuation,chronicon:0.1.1.10.22.7,,"""",b,,,,,false
punctuation,chronicon:0.1.1.10.22.9,.,.,,,pm,,,true
punctuation,chronicon:0.1.1.10.22.9,.,""".",b,,,,,false
punctuation,chronicon:0.1.1.10.22.10,,,,,pm,,,true
punctuation,chronicon:0.1.1.10.22.10,,"""",b,,,,,false
punctuation,chronicon:0.1.1.10.22.12,.,.,,,pm,,,true
punctuation,chronicon:0.1.1.10.22.12,.,""".",b,,,,,false
punctuation,chronicon:0.1.1.10.22.15,,,,,pm,,,true
punctuation,chronicon:0.1.1.10.22.15,,"""",b,,,,,false
punctuation,chronicon:0.1.1.10.22.17,.,.,,,pm,,,true
punctuation,chronicon:0.1.1.10.22.17,.,""".",b,,,,,false
punctuation,chronicon:0.1.1.10.23.4,,,,,pm,,,true
punctuation,chronicon:0.1.1.10.23.4,,"""",b,,,,,false
punctuation,chronicon:0.1.1.10.23.6,.,.,,,pm,,,true
punctuation,chronicon:0.1.1.10.23.6,.,""".",b,,,,,false
punctuation,chronicon:0.1.1.10.23.8,,,,,pm,,,true
punctuation,chronicon:0.1.1.10.23.8,,"""",b,,,,,false
punctuation,chronicon:0.1.1.10.23.17,.,.,,,pm,,,true
punctuation,chronicon:0.1.1.10.23.17,.,""".",b,,,,,false
punctuation,chronicon:0.1.1.10.24.0,,,,,pm,,,true
punctuation,chronicon:0.1.1.10.24.0,,"""",b,,,,,false
punctuation,chronicon:0.1.1.10.24.4,.,.,,,pm,,,true
punctuation,chronicon:0.1.1.10.24.4,.,""".",b,,,,,false
punctuation,chronicon:0.1.1.10.25.0,,,,,pm,,,true
punctuation,chronicon:0.1.1.10.25.0,,"""",b,,,,,false
punctuation,chronicon:0.1.1.10.25.1,.,.,,,pm,,,true
punctuation,chronicon:0.1.1.10.25.1,.,""".",b,,,,,false
punctuation,chronicon:0.1.1.10.25.5,,,,,pm,,,true
punctuation,chronicon:0.1.1.10.25.5,,"""",b,,,,,false
punctuation,chronicon:0.1.1.10.25.13,.,.,,,pm,,,true
punctuation,chronicon:0.1.1.10.25.13,.,""".",b,,,,,false
punctuation,chronicon:0.1.1.10.26.0,,,,,pm,,,true
punctuation,chronicon:0.1.1.10.26.0,,"""",b,,,,,false
punctuation,chronicon:0.1.1.10.26.3,.,.,,,pm,,,true
punctuation,chronicon:0.1.1.10.26.3,.,""".",b,,,,,false
punctuation,chronicon:0.1.1.10.27.0,,,,,pm,,,true
punctuation,chronicon:0.1.1.10.27.0,,"""",b,,,,,false
punctuation,chronicon:0.1.1.10.27.3,.,.,,,pm,,,true
punctuation,chronicon:0.1.1.10.27.3,.,""".",b,,,,,false
punctuation,chronicon:0.1.1.10.27.5,,,,,pm,,,true
punctuation,chronicon:0.1.1.10.27.5,,"""",b,,,,,false
punctuation,chronicon:0.1.1.10.27.8,.,.,,,pm,,,true
punctuation,chronicon:0.1.1.10.27.8,.,""".",b,,,,,false
punctuation,chronicon:0.1.1.10.28.4,,,,,pm,,,true
punctuation,chronicon:0.1.1.10.28.4,,"""",b,,,,,false
punctuation,chronicon:0.1.1.10.28.8,.,.,,,pm,,,true
punctuation,chronicon:0.1.1.10.28.8,.,""".",b,,,,,false
punctuation,chronicon:0.1.1.10.29.1,,,,,pm,,,true
punctuation,chronicon:0.1.1.10.29.1,,"""",b,,,,,false
punctuation,chronicon:0.1.1.10.29.4,.,.,,,pm,,,true
punctuation,chronicon:0.1.1.10.29.4,.,""".",b,,,,,false
punctuation,chronicon:0.1.1.10.31.0,,,,,pm,,,true
punctuation,chronicon:0.1.1.10.31.0,,"""",b,,,,,false
punctuation,chronicon:0.1.1.10.31.1,",",",",,,pm,,,true
punctuation,chronicon:0.1.1.10.31.1,",",""",",b,,,,,false
punctuation,chronicon:0.1.1.10.32.1,,,,,pm,,,true
punctuation,chronicon:0.1.1.10.32.1,,"""",b,,,,,false
punctuation,chronicon:0.1.1.10.32.4,.,.,,,pm,,,true
punctuation,chronicon:0.1.1.10.32.4,.,""".",b,,,,,false
punctuation,chronicon:0.1.1.10.34.2,,,,,pm,,,true
punctuation,chronicon:0.1.1.10.34.2,,"""",b,,,,,false
punctuation,chronicon:0.1.1.10.34.3,,,,,pm,,,true
punctuation,chronicon:0.1.1.10.34.3,,"""",b,,,,,false
punctuation,chronicon:0.1.1.10.35.1,,,,,pm,,,true
punctuation,chronicon:0.1.1.10.35.1,,"""",b,,,,,false
punctuation,chronicon:0.1.1.10.35.2,,,,,pm,,,true
punctuation,chronicon:0.1.1.10.35.2,,"""",b,,,,,false
punctuation,chronicon:0.1.1.10.36.1,,,,,pm,,,true
punctuation,chronicon:0.1.1.10.36.1,,"""",b,,,,,false
punctuation,chronicon:0.1.1.10.36.10,.,.,,,pm,,,true
punctuation,chronicon:0.1.1.10.36.10,.,""".",b,,,,,false
punctuation,chronicon:0.1.1.10.37.0,,,,,pm,,,true
punctuation,chronicon:0.1.1.10.37.0,,"""",b,,,,,false
punctuation,chronicon:0.1.1.10.37.8,.,.,,,pm,,,true
punctuation,chronicon:0.1.1.10.37.8,.,""".",b,,,,,false
punctuation,chronicon:0.1.1.10.39.1,,,,,pm,,,true
punctuation,chronicon:0.1.1.10.39.1,,"""",b,,,,,false
punctuation,chronicon:0.1.1.10.39.5,.,.,,,pm,,,true
punctuation,chronicon:0.1.1.10.39.5,.,""".",b,,,,,false
punctuation,chronicon:0.1.1.10.40.0,,,,,pm,,,true
punctuation,chronicon:0.1.1.10.40.0,,"""",b,,,,,false
punctuation,chronicon:0.1.1.10.40.4,.,.,,,pm,,,true
punctuation,chronicon:0.1.1.10.40.4,.,""".",b,,,,,false
punctuation,chronicon:0.1.1.10.41.0,,,,,pm,,,true
punctuation,chronicon:0.1.1.10.41.0,,"""",b,,,,,false
punctuation,chronicon:0.1.1.10.41.3,.,.,,,pm,,,true
punctuation,chronicon:0.1.1.10.41.3,.,""".",b,,,,,false
punctuation,chronicon:0.1.1.10.44.1,,,,,pm,,,true
punctuation,chronicon:0.1.1.10.44.1,,"""",b,,,,,false
punctuation,chronicon:0.1.1.10.44.4,.,.,,,pm,,,true
punctuation,chronicon:0.1.1.10.44.4,.,""".",b,,,,,false
punctuation,chronicon:0.1.1.10.45.0,,,,,pm,,,true
punctuation,chronicon:0.1.1.10.45.0,,"""",b,,,,,false
punctuation,chronicon:0.1.1.10.45.6,.,.,,,pm,,,true
punctuation,chronicon:0.1.1.10.45.6,.,""".",b,,,,,false
punctuation,chronicon:0.1.1.10.47.0,,,,,pm,,,true
punctuation,chronicon:0.1.1.10.47.0,,"""",b,,,,,false
punctuation,chronicon:0.1.1.10.47.8,.,.,,,pm,,,true
punctuation,chronicon:0.1.1.10.47.8,.,""".",b,,,,,false
punctuation,chronicon:0.1.1.10.49.4,,,,,pm,,,true
punctuation,chronicon:0.1.1.10.49.4,,"""",b,,,,,false
punctuation,chronicon:0.1.1.10.49.7,.,.,,,pm,,,true
punctuation,chronicon:0.1.1.10.49.7,.,""".",b,,,,,false
punctuation,chronicon:0.1.1.10.49.9,,,,,pm,,,true
punctuation,chronicon:0.1.1.10.49.9,,"""",b,,,,,false
punctuation,chronicon:0.1.1.10.49.10,,,,,pm,,,true
punctuation,chronicon:0.1.1.10.49.10,,"""",b,,,,,false
punctuation,chronicon:0.1.1.10.50.0,,,,,pm,,,true
punctuation,chronicon:0.1.1.10.50.0,,"""",b,,,,,false
punctuation,chronicon:0.1.1.10.50.1,,,,,pm,,,true
punctuation,chronicon:0.1.1.10.50.1,,"""",b,,,,,false
punctuation,chronicon:0.1.1.10.52.4,,,,,pm,,,true
punctuation,chronicon:0.1.1.10.52.4,,",",b,,,,,false
punctuation,chronicon:0.1.1.10.57.3,,,,,pm,,,true
punctuation,chronicon:0.1.1.10.57.3,,"""",b,,,,,false
punctuation,chronicon:0.1.1.10.57.4,,,,,pm,,,true
punctuation,chronicon:0.1.1.10.57.4,,"""",b,,,,,false
punctuation,chronicon:0.1.1.10.60.2,,,,,pm,,,true
punctuation,chronicon:0.1.1.10.60.2,,"""",b,,,,,false
punctuation,chronicon:0.1.1.10.60.4,.,.,,,pm,,,true
punctuation,chronicon:0.1.1.10.60.4,.,""".",b,,,,,false
punctuation,chronicon:0.1.1.10.60.5,,,,,pm,,,true
punctuation,chronicon:0.1.1.10.60.5,,"""",b,,,,,false
punctuation,chronicon:0.1.1.10.60.6,.,.,,,pm,,,true
punctuation,chronicon:0.1.1.10.60.6,.,""".",b,,,,,false
orthographic,chronicon:0.1.1.0.4.3,Porro,Porro,,,pm,,,true
orthographic,chronicon:0.1.1.0.4.3,Porro,porro,g a,,,,,false
orthographic,chronicon:0.1.1.0.4.5,Hec,Hec,a,,,,,true
orthographic,chronicon:0.1.1.0.4.5,Hec,haec,g,,,,,false
orthographic,chronicon:0.1.1.0.5.0,Abraam,Abraam,g,,,,,true
orthographic,chronicon:0.1.1.0.5.0,Abraam,Abraham,a,,,,,false
orthographic,chronicon:0.1.1.0.5.3,CXXXVII,CXXXVII,g,,,,,true
orthographic,chronicon:0.1.1.0.5.3,CXXXVII,C XXXVII,a,,,,,false
orthographic,chronicon:0.1.1.0.5.4,millia,millia,g,,,,,true
orthographic,chronicon:0.1.1.0.5.4,millia,milia,a,,,,,false
orthographic,chronicon:0.1.1.0.6.1,certi,certi,a,,,,,true
orthographic,chronicon:0.1.1.0.6.1,certi,certii,g,,,,,false
orthographic,chronicon:0.1.1.0.7.1,Hieronymo,Hieronymo,g,,,,,true
orthographic,chronicon:0.1.1.0.7.1,Hieronymo,Ieronimo,a,,,,,false
orthographic,chronicon:0.1.1.0.8.0,temporum,temporum,g,,,,,true
orthographic,chronicon:0.1.1.0.8.0,temporum,teporum,a,,,,,false
orthographic,chronicon:0.1.1.0.8.1,consumenda,consumenda,g,,,,,true
orthographic,chronicon:0.1.1.0.8.1,consumenda,comsumenda,a,,,,,false
orthographic,chronicon:0.1.1.0.9.0,quatuordecim,quatuordecim,g,,,,,true
orthographic,chronicon:0.1.1.0.9.0,quatuordecim,quattuordecim,a,,,,,false
orthographic,chronicon:0.1.1.0.9.1,quintodecimo,quintodecimo,g,,,,,true
orthographic,chronicon:0.1.1.0.9.1,quintodecimo,quinto decimo,a,,,,,false
orthographic,chronicon:0.1.1.0.9.3,Babyloniam,Babyloniam,g,,,,,true
orthographic,chronicon:0.1.1.0.9.3,Babyloniam,Babiloniam,a,,,,,false
orthographic,chronicon:0.1.1.1.2.0,Cain,Cain,g,,,,,true
orthographic,chronicon:0.1.1.1.2.0,Cain,Cayn,a,,,,,false
orthographic,chronicon:0.1.1.1.4.1,sue,sue,g,,,,,true
orthographic,chronicon:0.1.1.1.4.1,sue,suae,a,,,,,false
orthographic,chronicon:0.1.1.1.5.0,Cainan,Cainan,,,pm,,,true
orthographic,chronicon:0.1.1.1.5.0,Cainan,cainan,g a,,,,,false
orthographic,chronicon:0.1.1.1.6.1,idest,idest,g,,,,,true
orthographic,chronicon:0.1.1.1.6.1,idest,id est,a,,,,,false
orthographic,chronicon:0.1.1.1.6.2,septuaginta,septuaginta,a,,,,,true
orthographic,chronicon:0.1.1.1.6.2,septuaginta,Septuaginta,g,,,,,false
orthographic,chronicon:0.1.1.1.7.0,septuaginta,septuaginta,a,,,,,true
orthographic,chronicon:0.1.1.1.7.0,septuaginta,Septuaginta,g,,,,,false
orthographic,chronicon:0.1.1.1.8.1,nonnulla,nonnulla,g,,,,,true
orthographic,chronicon:0.1.1.1.8.1,nonnulla,non nulla,a,,,,,false
orthographic,chronicon:0.1.1.1.8.3,que,que,g,,,,,true
orthographic,chronicon:0.1.1.1.8.3,que,quae,a,,,,,false
orthographic,chronicon:0.1.1.1.8.4,que,que,g,,,,,true
orthographic,chronicon:0.1.1.1.8.4,que,quae,a,,,,,false
orthographic,chronicon:0.1.1.1.9.0,Enoch,Enoch,g,,,,,true
orthographic,chronicon:0.1.1.1.9.0,Enoch,Enoc,a,,,,,false
orthographic,chronicon:0.1.1.1.12.1,millia,millia,g,,,,,true
orthographic,chronicon:0.1.1.1.12.1,millia,milia,a,,,,,false
orthographic,chronicon:0.1.1.1.12.3,prefatorum,prefatorum,g,,,,,true
orthographic,chronicon:0.1.1.1.12.3,prefatorum,prephatorum,a,,,,,false
orthographic,chronicon:0.1.1.2.1.0,Incipit,Incipit,,,pm,,,true
orthographic,chronicon:0.1.1.2.1.0,Incipit,incipit,g a,,,,,false
orthographic,chronicon:0.1.1.2.4.0,cum,cum,g,,,,,true
orthographic,chronicon:0.1.1.2.4.0,cum,tum,a,,,,,false
orthographic,chronicon:0.1.1.2.6.1,nomen,nomen,a,,,,,true
orthographic,chronicon:0.1.1.2.6.1,nomen,nomem,g,,,,,false
orthographic,chronicon:0.1.1.2.6.2,edificata,edificata,g,,,,,true
orthographic,chronicon:0.1.1.2.6.2,edificata,hedificata,a,,,,,false
orthographic,chronicon:0.1.1.2.6.9,septuaginta,septuaginta,a,,,,,true
orthographic,chronicon:0.1.1.2.6.9,septuaginta,Septuaginta,g,,,,,false
orthographic,chronicon:0.1.1.2.9.2,Egiptiorum,Egiptiorum,g,,,,,true
orthographic,chronicon:0.1.1.2.9.2,Egiptiorum,Egyptiorum,a,,,,,false
orthographic,chronicon:0.1.1.3.1.0,Incipit,Incipit,,,pm,,,true
orthographic,chronicon:0.1.1.3.1.0,Incipit,incipit,g a,,,,,false
orthographic,chronicon:0.1.1.3.2.1,Septuaginta,Septuaginta,,,pm,,,true
orthographic,chronicon:0.1.1.3.2.1,Septuaginta,septuaginta,g a,,,,,false
orthographic,chronicon:0.1.1.3.5.1,Assirios,Assirios,g,,,,,true
orthographic,chronicon:0.1.1.3.5.1,Assirios,Assyrios,a,,,,,false
orthographic,chronicon:0.1.1.3.6.1,genuit,genuit,a,,,,,true
orthographic,chronicon:0.1.1.3.6.1,genuit,Genuit,g,,,,,false
orthographic,chronicon:0.1.1.3.10.2,Egipto,Egipto,g,,,,,true
orthographic,chronicon:0.1.1.3.10.2,Egipto,Egypto,a,,,,,false
orthographic,chronicon:0.1.1.3.13.3,Chaat,Chaat,,,pm,,,true
orthographic,chronicon:0.1.1.3.13.3,Chaat,chaat,g a,,,,,false
orthographic,chronicon:0.1.1.3.13.4,Chanaam,Chanaam,g,,,,,true
orthographic,chronicon:0.1.1.3.13.4,Chanaam,Chanaan,a,,,,,false
orthographic,chronicon:0.1.1.3.17.1,Eusebius,Eusebius,g,,,,,true
orthographic,chronicon:0.1.1.3.17.1,Eusebius,Eusepius,a,,,,,false
orthographic,chronicon:0.1.1.3.17.6,literas,literas,g,,,,,true
orthographic,chronicon:0.1.1.3.17.6,literas,litteras,a,,,,,false
orthographic,chronicon:0.1.1.3.17.9,Iohab,Iohab,g,,,,,true
orthographic,chronicon:0.1.1.3.17.9,Iohab,Iobab,a,,,,,false
orthographic,chronicon:0.1.1.3.18.2,solem,solem,a,,,,,true
orthographic,chronicon:0.1.1.3.18.2,solem,Solem,g,,,,,false
orthographic,chronicon:0.1.1.3.19.0,Othoniel,Othoniel,g,,,,,true
orthographic,chronicon:0.1.1.3.19.0,Othoniel,Othonihel,a,,,,,false
orthographic,chronicon:0.1.1.3.20.1,Eglon,Eglon,,,pm,,,true
orthographic,chronicon:0.1.1.3.20.1,Eglon,eglon,g a,,,,,false
orthographic,chronicon:0.1.1.3.21.0,Effraym,Effraym,g,,,,,true
orthographic,chronicon:0.1.1.3.21.0,Effraym,Effraim,a,,,,,false
orthographic,chronicon:0.1.1.3.21.4,repperit,repperit,a,,,,,true
orthographic,chronicon:0.1.1.3.21.4,repperit,repperlt,g,,,,,false
orthographic,chronicon:0.1.1.3.22.0,Ierosolymorum,Ierosolymorum,g,,,,,true
orthographic,chronicon:0.1.1.3.22.0,Ierosolymorum,Ierusolimorum,a,,,,,false
orthographic,chronicon:0.1.1.3.25.0,Iahir,Iahir,g,,,,,true
orthographic,chronicon:0.1.1.3.25.0,Iahir,Iahyr,a,,,,,false
orthographic,chronicon:0.1.1.3.26.0,Iephte,Iephte,g,,,,,true
orthographic,chronicon:0.1.1.3.26.0,Iephte,Iepte,a,,,,,false
orthographic,chronicon:0.1.1.3.28.0,babetur,babetur,g,,,,,true
orthographic,chronicon:0.1.1.3.28.0,babetur,habetur,a,,,,,false
orthographic,chronicon:0.1.1.3.28.1,Ioseppo,Ioseppo,g,,,,,true
orthographic,chronicon:0.1.1.3.28.1,Ioseppo,Iosepho,a,,,,,false
orthographic,chronicon:0.1.1.3.28.3,habere,habere,a,,,,,true
orthographic,chronicon:0.1.1.3.28.3,habere,hahere,g,,,,,false
orthographic,chronicon:0.1.1.3.30.1,historiam,historiam,g,,,,,true
orthographic,chronicon:0.1.1.3.30.1,historiam,hystoriam,a,,,,,false
orthographic,chronicon:0.1.1.3.30.2,Achiuis,Achiuis,,,pm,,,true
orthographic,chronicon:0.1.1.3.30.2,Achiuis,achiuis,g a,,,,,false
orthographic,chronicon:0.1.1.3.31.1,quatuor,quatuor,g,,,,,true
orthographic,chronicon:0.1.1.3.31.1,quatuor,quattuor,a,,,,,false
orthographic,chronicon:0.1.1.3.31.3,a,a,a,,,,,true
orthographic,chronicon:0.1.1.3.31.3,a,A,g,,,,,false
orthographic,chronicon:0.1.1.3.31.4,capta,capta,a,,,,,true
orthographic,chronicon:0.1.1.3.31.4,capta,Capta,g,,,,,false
orthographic,chronicon:0.1.1.3.33.0,historiis,historiis,g,,,,,true
orthographic,chronicon:0.1.1.3.33.0,historiis,hystoriis,a,,,,,false
orthographic,chronicon:0.1.1.3.34.1,Latini,Latini,,,pm,,,true
orthographic,chronicon:0.1.1.3.34.1,Latini,latini,g a,,,,,false
orthographic,chronicon:0.1.1.3.34.2,Romani,Romani,,,pm,,,true
orthographic,chronicon:0.1.1.3.34.2,Romani,romani,g a,,,,,false
orthographic,chronicon:0.1.1.3.35.4,carnii,carnii,a,,,,,true
orthographic,chronicon:0.1.1.3.35.4,carnii,Carnii,g,,,,,false
orthographic,chronicon:0.1.1.3.38.0,Ioseppi,Ioseppi,g,,,,,true
orthographic,chronicon:0.1.1.3.38.0,Ioseppi,Iosephi,a,,,,,false
orthographic,chronicon:0.1.1.3.38.1,Euristeus,Euristeus,,,pm,,,true
orthographic,chronicon:0.1.1.3.38.1,Euristeus,euristeus,g a,,,,,false
orthographic,chronicon:0.1.1.4.3.0,Tyrio,Tyrio,g,,,,,true
orthographic,chronicon:0.1.1.4.3.0,Tyrio,Thyrio,a,,,,,false
orthographic,chronicon:0.1.1.4.4.3,Sylonites,Sylonites,,,pm,,,true
orthographic,chronicon:0.1.1.4.4.3,Sylonites,sylonites,g a,,,,,false
orthographic,chronicon:0.1.1.4.6.0,Abimelech,Abimelech,g,,,,,true
orthographic,chronicon:0.1.1.4.6.0,Abimelech,Abymelech,a,,,,,false
orthographic,chronicon:0.1.1.4.7.0,Ethiopem,Ethiopem,g,,,,,true
orthographic,chronicon:0.1.1.4.7.0,Ethiopem,Ethyopem,a,,,,,false
orthographic,chronicon:0.1.1.4.7.1,Hierico,Hierico,g,,,,,true
orthographic,chronicon:0.1.1.4.7.1,Hierico,Hiericho,a,,,,,false
orthographic,chronicon:0.1.1.4.8.1,unxit,unxit,g,,,,,true
orthographic,chronicon:0.1.1.4.8.1,unxit,uncxit,a,,,,,false
orthographic,chronicon:0.1.1.4.8.6,Assiriis,Assiriis,a,,,,,true
orthographic,chronicon:0.1.1.4.8.6,Assiriis,Assiris,g,,,,,false
orthographic,chronicon:0.1.1.4.9.2,Acab,Acab,g,,,,,true
orthographic,chronicon:0.1.1.4.9.2,Acab,Achab,a,,,,,false
orthographic,chronicon:0.1.1.4.10.0,se cludit,se cludit,g,,,,,true
orthographic,chronicon:0.1.1.4.10.0,se cludit,secludit,a,,,,,false
orthographic,chronicon:0.1.1.4.11.0,Azariam,Azariam,,,pm,,,true
orthographic,chronicon:0.1.1.4.11.0,Azariam,azariam,g a,,,,,false
orthographic,chronicon:0.1.1.4.11.4,Zaccharias,Zaccharias,g,,,,,true
orthographic,chronicon:0.1.1.4.11.4,Zaccharias,Zacharias,a,,,,,false
orthographic,chronicon:0.1.1.4.12.1,Zachariam,Zachariam,,,pm,,,true
orthographic,chronicon:0.1.1.4.12.1,Zachariam,zachariam,g a,,,,,false
orthographic,chronicon:0.1.1.4.12.3,Barrachie,Barrachie,g,,,,,true
orthographic,chronicon:0.1.1.4.12.3,Barrachie,Barachie,a,,,,,false
orthographic,chronicon:0.1.1.4.16.0,iisdem,iisdem,g,,,,,true
orthographic,chronicon:0.1.1.4.16.0,iisdem,isdem,a,,,,,false
orthographic,chronicon:0.1.1.4.19.1,Iohathan,Iohathan,g,,,,,true
orthographic,chronicon:0.1.1.4.19.1,Iohathan,Iohatham,a,,,,,false
orthographic,chronicon:0.1.1.4.20.0,decem,decem,g,,,,,true
orthographic,chronicon:0.1.1.4.20.0,decem,X,a,,,,,false
orthographic,chronicon:0.1.1.4.20.1,idem,idem,a,,,,,true
orthographic,chronicon:0.1.1.4.20.1,idem,iidem,g,,,,,false
orthographic,chronicon:0.1.1.4.20.2,Ierusalem,Ierusalem,g,,,,,true
orthographic,chronicon:0.1.1.4.20.2,Ierusalem,Hierusalem,a,,,,,false
orthographic,chronicon:0.1.1.4.22.0,Barrachie,Barrachie,g,,,,,true
orthographic,chronicon:0.1.1.4.22.0,Barrachie,Barachie,a,,,,,false
orthographic,chronicon:0.1.1.4.22.3,Iohathan,Iohathan,g,,,,,true
orthographic,chronicon:0.1.1.4.22.3,Iohathan,Iohatham,a,,,,,false
orthographic,chronicon:0.1.1.4.22.4,Baalim,Baalim,g,,,,,true
orthographic,chronicon:0.1.1.4.22.4,Baalim,Baalmi,a,,,,,false
orthographic,chronicon:0.1.1.4.22.5,Assiryorum,Assiryorum,g,,,,,true
orthographic,chronicon:0.1.1.4.22.5,Assiryorum,Assyriorum,a,,,,,false
orthographic,chronicon:0.1.1.4.23.0,Orosio,Orosio,g,,,,,true
orthographic,chronicon:0.1.1.4.23.0,Orosio,Oroio,a,,,,,false
orthographic,chronicon:0.1.1.4.23.1,Olympiade,Olympiade,g,,,,,true
orthographic,chronicon:0.1.1.4.23.1,Olympiade,Olimpiade,a,,,,,false
orthographic,chronicon:0.1.1.4.23.5,Helydem,Helydem,g,,,,,true
orthographic,chronicon:0.1.1.4.23.5,Helydem,Heliden,a,,,,,false
orthographic,chronicon:0.1.1.4.23.7,transferrentur,transferrentur,g,,,,,true
orthographic,chronicon:0.1.1.4.23.7,transferrentur,transferentur,a,,,,,false
orthographic,chronicon:0.1.1.4.23.9,Urbe,Urbe,,,pm,,,true
orthographic,chronicon:0.1.1.4.23.9,Urbe,urbe,g a,,,,,false
orthographic,chronicon:0.1.1.4.23.10,impunitate,impunitate,g,,,,,true
orthographic,chronicon:0.1.1.4.23.10,impunitate,inpunitate,a,,,,,false
orthographic,chronicon:0.1.1.4.23.11,nunquam,nunquam,g,,,,,true
orthographic,chronicon:0.1.1.4.23.11,nunquam,numquam,a,,,,,false
orthographic,chronicon:0.1.1.4.24.1,Tobias,Tobias,g,,,,,true
orthographic,chronicon:0.1.1.4.24.1,Tobias,Thobias,a,,,,,false
orthographic,chronicon:0.1.1.4.26.2,Cirenem,Cirenem,g,,,,,true
orthographic,chronicon:0.1.1.4.26.2,Cirenem,Cirenen,a,,,,,false
orthographic,chronicon:0.1.1.4.26.5,Assyrio,Assyrio,g,,,,,true
orthographic,chronicon:0.1.1.4.26.5,Assyrio,Assirio,a,,,,,false
orthographic,chronicon:0.1.1.4.26.6,Ezechias,Ezechias,g,,,,,true
orthographic,chronicon:0.1.1.4.26.6,Ezechias,Ezechia,a,,,,,false
orthographic,chronicon:0.1.1.4.26.7,Philistim,Philistim,g,,,,,true
orthographic,chronicon:0.1.1.4.26.7,Philistim,Philistiim,a,,,,,false
orthographic,chronicon:0.1.1.4.26.8,Assyrius,Assyrius,g,,,,,true
orthographic,chronicon:0.1.1.4.26.8,Assyrius,Assirius,a,,,,,false
orthographic,chronicon:0.1.1.4.26.9,Sennacherib,Sennacherib,g,,,,,true
orthographic,chronicon:0.1.1.4.26.9,Sennacherib,Sennacherip,a,,,,,false
orthographic,chronicon:0.1.1.4.26.10,Ierusalem,Ierusalem,g,,,,,true
orthographic,chronicon:0.1.1.4.26.10,Ierusalem,Hierusalem,a,,,,,false
orthographic,chronicon:0.1.1.4.26.11,Romanis,Romanis,,,pm,,,true
orthographic,chronicon:0.1.1.4.26.11,Romanis,romanis,g a,,,,,false
orthographic,chronicon:0.1.1.4.27.1,Isaias,Isaias,g,,,,,true
orthographic,chronicon:0.1.1.4.27.1,Isaias,Ysayas,a,,,,,false
orthographic,chronicon:0.1.1.4.29.0,Isaiam,Isaiam,g,,,,,true
orthographic,chronicon:0.1.1.4.29.0,Isaiam,Ysayam,a,,,,,false
orthographic,chronicon:0.1.1.4.29.3,Romanorum,Romanorum,,,pm,,,true
orthographic,chronicon:0.1.1.4.29.3,Romanorum,romanorum,g a,,,,,false
orthographic,chronicon:0.1.1.4.29.4,Urbem,Urbem,,,pm,,,true
orthographic,chronicon:0.1.1.4.29.4,Urbem,urbem,g a,,,,,false
orthographic,chronicon:0.1.1.4.31.0,idolatrie,idolatrie,g,,,,,true
orthographic,chronicon:0.1.1.4.31.0,idolatrie,idolarie,a,,,,,false
orthographic,chronicon:0.1.1.4.31.2,Ioachin,Ioachin,g,,,,,true
orthographic,chronicon:0.1.1.4.31.2,Ioachin,Ioachim,a,,,,,false
orthographic,chronicon:0.1.1.4.32.0,Hieremias,Hieremias,g,,,,,true
orthographic,chronicon:0.1.1.4.32.0,Hieremias,Ieremias,a,,,,,false
orthographic,chronicon:0.1.1.4.32.1,Iosie,Iosie,g,,,,,true
orthographic,chronicon:0.1.1.4.32.1,Iosie,Iosye,a,,,,,false
orthographic,chronicon:0.1.1.4.32.2,Babilonis,Babilonis,g,,,,,true
orthographic,chronicon:0.1.1.4.32.2,Babilonis,Babylonis,a,,,,,false
orthographic,chronicon:0.1.1.4.32.3,Babilone,Babilone,g,,,,,true
orthographic,chronicon:0.1.1.4.32.3,Babilone,Babylone,a,,,,,false
orthographic,chronicon:0.1.1.4.32.4,Hieremias,Hieremias,g,,,,,true
orthographic,chronicon:0.1.1.4.32.4,Hieremias,Ieremias,a,,,,,false
orthographic,chronicon:0.1.1.4.33.0,aedificauit,aedificauit,g,,,,,true
orthographic,chronicon:0.1.1.4.33.0,aedificauit,hedificauit,a,,,,,false
orthographic,chronicon:0.1.1.4.33.2,edificauit,edificauit,g,,,,,true
orthographic,chronicon:0.1.1.4.33.2,edificauit,hedificauit,a,,,,,false
orthographic,chronicon:0.1.1.4.33.3,Methimneus,Methimneus,g,,,,,true
orthographic,chronicon:0.1.1.4.33.3,Methimneus,Methimeus,a,,,,,false
orthographic,chronicon:0.1.1.4.33.4,delphino,delphino,g,,,,,true
orthographic,chronicon:0.1.1.4.33.4,delphino,delfino,a,,,,,false
orthographic,chronicon:0.1.1.4.34.3,cura,cura,g,,,,,true
orthographic,chronicon:0.1.1.4.34.3,cura,curra,a,,,,,false
orthographic,chronicon:0.1.1.4.35.1,Ierusalem,Ierusalem,g,,,,,true
orthographic,chronicon:0.1.1.4.35.1,Ierusalem,Iherusalem,a,,,,,false
orthographic,chronicon:0.1.1.4.35.5,Babiloniam,Babiloniam,g,,,,,true
orthographic,chronicon:0.1.1.4.35.5,Babiloniam,Babyloniam,a,,,,,false
orthographic,chronicon:0.1.1.4.35.9,Babilonis,Babilonis,g,,,,,true
orthographic,chronicon:0.1.1.4.35.9,Babilonis,Babylonis,a,,,,,false
orthographic,chronicon:0.1.1.4.35.10,Babilonis,Babilonis,g,,,,,true
orthographic,chronicon:0.1.1.4.35.10,Babilonis,Babylonis,a,,,,,false
orthographic,chronicon:0.1.1.4.36.0,Babilonis,Babilonis,g,,,,,true
orthographic,chronicon:0.1.1.4.36.0,Babilonis,Babylonis,a,,,,,false
orthographic,chronicon:0.1.1.4.36.3,Babiloniam,Babiloniam,g,,,,,true
orthographic,chronicon:0.1.1.4.36.3,Babiloniam,Babyloniam,a,,,,,false
orthographic,chronicon:0.1.1.4.36.5,Babiloniam,Babiloniam,g,,,,,true
orthographic,chronicon:0.1.1.4.36.5,Babiloniam,Babyloniam,a,,,,,false
orthographic,chronicon:0.1.1.4.37.0,Egypti,Egypti,g,,,,,true
orthographic,chronicon:0.1.1.4.37.0,Egypti,Egipti,a,,,,,false
orthographic,chronicon:0.1.1.4.37.1,obtinuit,obtinuit,g,,,,,true
orthographic,chronicon:0.1.1.4.37.1,obtinuit,optinuit,a,,,,,false
orthographic,chronicon:0.1.1.4.37.2,Ierusalem,Ierusalem,g,,,,,true
orthographic,chronicon:0.1.1.4.37.2,Ierusalem,Hierusalem,a,,,,,false
orthographic,chronicon:0.1.1.4.37.4,Ierusalem,Ierusalem,g,,,,,true
orthographic,chronicon:0.1.1.4.37.4,Ierusalem,Hierusalem,a,,,,,false
orthographic,chronicon:0.1.1.4.37.5,Ierusalem,Ierusalem,g,,,,,true
orthographic,chronicon:0.1.1.4.37.5,Ierusalem,Hierusalem,a,,,,,false
orthographic,chronicon:0.1.1.4.37.7,Ierusalem,Ierusalem,g,,,,,true
orthographic,chronicon:0.1.1.4.37.7,Ierusalem,Hierusalem,a,,,,,false
orthographic,chronicon:0.1.1.4.37.10,Babilonem,Babilonem,g,,,,,true
orthographic,chronicon:0.1.1.4.37.10,Babilonem,Babylonem,a,,,,,false
orthographic,chronicon:0.1.1.4.37.11,Ierusalem,Ierusalem,g,,,,,true
orthographic,chronicon:0.1.1.4.37.11,Ierusalem,Hierusalem,a,,,,,false
orthographic,chronicon:0.1.1.4.37.12,Babilonem,Babilonem,g,,,,,true
orthographic,chronicon:0.1.1.4.37.12,Babilonem,Babylonem,a,,,,,false
orthographic,chronicon:0.1.1.4.37.15,asini,asini,a,,,,,true
orthographic,chronicon:0.1.1.4.37.15,asini,Asini,g,,,,,false
orthographic,chronicon:0.1.1.4.37.17,Danielis,Danielis,g,,,,,true
orthographic,chronicon:0.1.1.4.37.17,Danielis,Danihelis,a,,,,,false
orthographic,chronicon:0.1.1.4.37.18,chim,chim,a,,,,,true
orthographic,chronicon:0.1.1.4.37.18,chim,Chim,g,,,,,false
orthographic,chronicon:0.1.1.4.37.19,chin,chin,a,,,,,true
orthographic,chronicon:0.1.1.4.37.19,chin,Chin,g,,,,,false
orthographic,chronicon:0.1.1.4.37.20,Mattheum,Mattheum,g,,,,,true
orthographic,chronicon:0.1.1.4.37.20,Mattheum,Matheum,a,,,,,false
orthographic,chronicon:0.1.1.4.37.21,dechas,dechas,g,,,,,true
orthographic,chronicon:0.1.1.4.37.21,dechas,decas,a,,,,,false
orthographic,chronicon:0.1.1.4.37.23,Ierusalem,Ierusalem,g,,,,,true
orthographic,chronicon:0.1.1.4.37.23,Ierusalem,Hierusalem,a,,,,,false
orthographic,chronicon:0.1.1.4.37.24,Daniehle,Daniehle,g,,,,,true
orthographic,chronicon:0.1.1.4.37.24,Daniehle,Danihele,a,,,,,false
orthographic,chronicon:0.1.1.4.37.25,Ierusalem,Ierusalem,g,,,,,true
orthographic,chronicon:0.1.1.4.37.25,Ierusalem,Hierusalem,a,,,,,false
orthographic,chronicon:0.1.1.4.37.26,Babiloniam,Babiloniam,g,,,,,true
orthographic,chronicon:0.1.1.4.37.26,Babiloniam,Babyloniam,a,,,,,false
orthographic,chronicon:0.1.1.4.37.27,Ierusalem,Ierusalem,g,,,,,true
orthographic,chronicon:0.1.1.4.37.27,Ierusalem,Hierusalem,a,,,,,false
orthographic,chronicon:0.1.1.4.37.28,Ierusalem,Ierusalem,g,,,,,true
orthographic,chronicon:0.1.1.4.37.28,Ierusalem,Hierusalem,a,,,,,false
orthographic,chronicon:0.1.1.4.37.31,furiosorum,furiosorum,g,,,,,true
orthographic,chronicon:0.1.1.4.37.31,furiosorum,furiosiorum,a,,,,,false
orthographic,chronicon:0.1.1.4.37.33,Babilonem,Babilonem,g,,,,,true
orthographic,chronicon:0.1.1.4.37.33,Babilonem,Babylonem,a,,,,,false
orthographic,chronicon:0.1.1.4.37.34,transferrentur,transferrentur,g,,,,,true
orthographic,chronicon:0.1.1.4.37.34,transferrentur,transferentur,a,,,,,false
orthographic,chronicon:0.1.1.4.37.35,Babilon,Babilon,g,,,,,true
orthographic,chronicon:0.1.1.4.37.35,Babilon,Babylon,a,,,,,false
orthographic,chronicon:0.1.1.4.37.38,Babiloniam,Babiloniam,g,,,,,true
orthographic,chronicon:0.1.1.4.37.38,Babiloniam,Babyloniam,a,,,,,false
orthographic,chronicon:0.1.1.4.37.39,Ierusalem,Ierusalem,g,,,,,true
orthographic,chronicon:0.1.1.4.37.39,Ierusalem,Hierusalem,a,,,,,false
orthographic,chronicon:0.1.1.4.37.41,Iheremias,Iheremias,g,,,,,true
orthographic,chronicon:0.1.1.4.37.41,Iheremias,Hieremias,a,,,,,false
orthographic,chronicon:0.1.1.4.37.42,petiit,petiit,g,,,,,true
orthographic,chronicon:0.1.1.4.37.42,petiit,petiiit,a,,,,,false
orthographic,chronicon:0.1.1.4.37.43,testimonii,testimonii,a,,,,,true
orthographic,chronicon:0.1.1.4.37.43,testimonii,testimoni,g,,,,,false
orthographic,chronicon:0.1.1.4.37.44,Babiloniam,Babiloniam,g,,,,,true
orthographic,chronicon:0.1.1.4.37.44,Babiloniam,Babyloniam,a,,,,,false
orthographic,chronicon:0.1.1.4.37.46,alienigene,alienigene,a,,,,,true
orthographic,chronicon:0.1.1.4.37.46,alienigene,alienigenae,g,,,,,false
orthographic,chronicon:0.1.1.4.37.47,perpessi,perpessi,a,,,,,true
orthographic,chronicon:0.1.1.4.37.47,perpessi,per pessi,g,,,,,false
orthographic,chronicon:0.1.1.4.37.51,petiit,petiit,g,,,,,true
orthographic,chronicon:0.1.1.4.37.51,petiit,petiiit,a,,,,,false
orthographic,chronicon:0.1.1.4.37.55,historie,historie,g,,,,,true
orthographic,chronicon:0.1.1.4.37.55,historie,hystorie,a,,,,,false
orthographic,chronicon:0.1.1.4.37.56,Ierusalem,Ierusalem,g,,,,,true
orthographic,chronicon:0.1.1.4.37.56,Ierusalem,Hierusalem,a,,,,,false
orthographic,chronicon:0.1.1.4.37.63,Babiloniam,Babiloniam,g,,,,,true
orthographic,chronicon:0.1.1.4.37.63,Babiloniam,Babyloniam,a,,,,,false
orthographic,chronicon:0.1.1.4.37.64,abominationes,abominationes,g,,,,,true
orthographic,chronicon:0.1.1.4.37.64,abominationes,abhominationes,a,,,,,false
orthographic,chronicon:0.1.1.4.37.65,committere,committere,g,,,,,true
orthographic,chronicon:0.1.1.4.37.65,committere,comittere,a,,,,,false
orthographic,chronicon:0.1.1.4.37.66,contemnendo,contemnendo,g,,,,,true
orthographic,chronicon:0.1.1.4.37.66,contemnendo,contempnendo,a,,,,,false
orthographic,chronicon:0.1.1.4.38.0,Ysaias,Ysaias,g,,,,,true
orthographic,chronicon:0.1.1.4.38.0,Ysaias,Ysayas,a,,,,,false
orthographic,chronicon:0.1.1.4.38.2,Ezechiel,Ezechiel,g,,,,,true
orthographic,chronicon:0.1.1.4.38.2,Ezechiel,Iezechiel,a,,,,,false
orthographic,chronicon:0.1.1.4.38.3,imminente,imminente,g,,,,,true
orthographic,chronicon:0.1.1.4.38.3,imminente,inminente,a,,,,,false
orthographic,chronicon:0.1.1.4.38.5,Ierusalem,Ierusalem,g,,,,,true
orthographic,chronicon:0.1.1.4.38.5,Ierusalem,Hierusalem,a,,,,,false
orthographic,chronicon:0.1.1.4.38.6,trigesimo,trigesimo,g,,,,,true
orthographic,chronicon:0.1.1.4.38.6,trigesimo,tricesimo,a,,,,,false
orthographic,chronicon:0.1.1.4.38.7,Ezechiel,Ezechiel,g,,,,,true
orthographic,chronicon:0.1.1.4.38.7,Ezechiel,Iezechiel,a,,,,,false
orthographic,chronicon:0.1.1.4.38.8,Babilone,Babilone,g,,,,,true
orthographic,chronicon:0.1.1.4.38.8,Babilone,Babylone,a,,,,,false
orthographic,chronicon:0.1.1.5.3.1,ceremoniarumque,ceremoniarumque,g,,,,,true
orthographic,chronicon:0.1.1.5.3.1,ceremoniarumque,cerimoniarumque,a,,,,,false
orthographic,chronicon:0.1.1.5.3.2,Esquilinum,Esquilinum,g,,,,,true
orthographic,chronicon:0.1.1.5.3.2,Esquilinum,Esquillinum,a,,,,,false
orthographic,chronicon:0.1.1.5.3.3,quattuor,quattuor,g,,,,,true
orthographic,chronicon:0.1.1.5.3.3,quattuor,IV,a,,,,,false
orthographic,chronicon:0.1.1.5.4.2,Ierusalem,Ierusalem,g,,,,,true
orthographic,chronicon:0.1.1.5.4.2,Ierusalem,Hierusalem,a,,,,,false
orthographic,chronicon:0.1.1.5.4.4,Babilonis,Babilonis,g,,,,,true
orthographic,chronicon:0.1.1.5.4.4,Babilonis,Babylonis,a,,,,,false
orthographic,chronicon:0.1.1.5.4.6,Babilone,Babilone,g,,,,,true
orthographic,chronicon:0.1.1.5.4.6,Babilone,Babylone,a,,,,,false
orthographic,chronicon:0.1.1.5.4.8,impleti,impleti,g,,,,,true
orthographic,chronicon:0.1.1.5.4.8,impleti,inpleti,a,,,,,false
orthographic,chronicon:0.1.1.5.4.10,eorum,eorum,a,,,,,true
orthographic,chronicon:0.1.1.5.4.10,eorum,eorem,g,,,,,false
orthographic,chronicon:0.1.1.5.4.18,Assyrii,Assyrii,g,,,,,true
orthographic,chronicon:0.1.1.5.4.18,Assyrii,Assirii,a,,,,,false
orthographic,chronicon:0.1.1.5.4.21,Iosephus,Iosephus,a,,,,,true
orthographic,chronicon:0.1.1.5.4.21,Iosephus,Iosepus,g,,,,,false
orthographic,chronicon:0.1.1.5.4.30,Babiloniorum,Babiloniorum,g,,,,,true
orthographic,chronicon:0.1.1.5.4.30,Babiloniorum,Babyloniorum,a,,,,,false
orthographic,chronicon:0.1.1.5.4.40,Refert,Refert,g,,,,,true
orthographic,chronicon:0.1.1.5.4.40,Refert,Referth,a,,,,,false
orthographic,chronicon:0.1.1.5.4.44,Ciro,Ciro,g,,,,,true
orthographic,chronicon:0.1.1.5.4.44,Ciro,Cyro,a,,,,,false
orthographic,chronicon:0.1.1.5.5.0,Cirus,Cirus,g,,,,,true
orthographic,chronicon:0.1.1.5.5.0,Cirus,Cyrus,a,,,,,false
orthographic,chronicon:0.1.1.5.5.1,Hebreorum,Hebreorum,g,,,,,true
orthographic,chronicon:0.1.1.5.5.1,Hebreorum,Hebrorum,a,,,,,false
orthographic,chronicon:0.1.1.5.5.3,Chronicam,Chronicam,g,,,,,true
orthographic,chronicon:0.1.1.5.5.3,Chronicam,Cronicam,a,,,,,false
orthographic,chronicon:0.1.1.5.5.4,Eusebii,Eusebii,g,,,,,true
orthographic,chronicon:0.1.1.5.5.4,Eusebii,Cusebii,a,,,,,false
orthographic,chronicon:0.1.1.5.5.5,Artaxersis,Artaxersis,g,,,,,true
orthographic,chronicon:0.1.1.5.5.5,Artaxersis,Artarxersis,a,,,,,false
orthographic,chronicon:0.1.1.5.5.6,Artaxerses,Artaxerses,g,,,,,true
orthographic,chronicon:0.1.1.5.5.6,Artaxerses,Artarxerses,a,,,,,false
orthographic,chronicon:0.1.1.5.6.2,centesimo sexagesimo quarto,centesimo sexagesimo quarto,g,,,,,true
orthographic,chronicon:0.1.1.5.6.2,centesimo sexagesimo quarto,CLXIV,a,,,,,false
orthographic,chronicon:0.1.1.5.6.3,Cirus,Cirus,g,,,,,true
orthographic,chronicon:0.1.1.5.6.3,Cirus,Cyrus,a,,,,,false
orthographic,chronicon:0.1.1.5.6.5,nuncius,nuncius,g,,,,,true
orthographic,chronicon:0.1.1.5.6.5,nuncius,nuntius,a,,,,,false
orthographic,chronicon:0.1.1.5.6.6,Ciro,Ciro,g,,,,,true
orthographic,chronicon:0.1.1.5.6.6,Ciro,Cyro,a,,,,,false
orthographic,chronicon:0.1.1.5.6.8,Ciri,Ciri,g,,,,,true
orthographic,chronicon:0.1.1.5.6.8,Ciri,Cyri,a,,,,,false
orthographic,chronicon:0.1.1.5.7.0,Ciri,Ciri,g,,,,,true
orthographic,chronicon:0.1.1.5.7.0,Ciri,Cyri,a,,,,,false
orthographic,chronicon:0.1.1.5.7.1,abominatus,abominatus,g,,,,,true
orthographic,chronicon:0.1.1.5.7.1,abominatus,abhominatus,a,,,,,false
orthographic,chronicon:0.1.1.5.7.3,ceremonias,ceremonias,g,,,,,true
orthographic,chronicon:0.1.1.5.7.3,ceremonias,cerimonias,a,,,,,false
orthographic,chronicon:0.1.1.5.7.5,Egypto,Egypto,g,,,,,true
orthographic,chronicon:0.1.1.5.7.5,Egypto,Egipto,a,,,,,false
orthographic,chronicon:0.1.1.5.7.6,Iudit,Iudit,g,,,,,true
orthographic,chronicon:0.1.1.5.7.6,Iudit,Iudith,a,,,,,false
orthographic,chronicon:0.1.1.5.8.0,Cambisen,Cambisen,g,,,,,true
orthographic,chronicon:0.1.1.5.8.0,Cambisen,Campisen,a,,,,,false
orthographic,chronicon:0.1.1.5.8.2,Hieronymus,Hieronymus,g,,,,,true
orthographic,chronicon:0.1.1.5.8.2,Hieronymus,Hieronimus,a,,,,,false
orthographic,chronicon:0.1.1.5.8.3,Cambises,Cambises,g,,,,,true
orthographic,chronicon:0.1.1.5.8.3,Cambises,Campises,a,,,,,false
orthographic,chronicon:0.1.1.5.8.7,iuxta,iuxta,a,,,,,true
orthographic,chronicon:0.1.1.5.8.7,iuxta,iusta,g,,,,,false
orthographic,chronicon:0.1.1.5.8.8,diruptum,diruptum,g,,,,,true
orthographic,chronicon:0.1.1.5.8.8,diruptum,dirruptum,a,,,,,false
orthographic,chronicon:0.1.1.5.8.9,Hieronymus,Hieronymus,g,,,,,true
orthographic,chronicon:0.1.1.5.8.9,Hieronymus,Ieronymus,a,,,,,false
orthographic,chronicon:0.1.1.5.8.12,michi,michi,g,,,,,true
orthographic,chronicon:0.1.1.5.8.12,michi,mihi,a,,,,,false
orthographic,chronicon:0.1.1.5.8.13,Xersis,Xersis,g,,,,,true
orthographic,chronicon:0.1.1.5.8.13,Xersis,Exersis,a,,,,,false
orthographic,chronicon:0.1.1.5.8.14,Ierusalem,Ierusalem,g,,,,,true
orthographic,chronicon:0.1.1.5.8.14,Ierusalem,Hierusalem,a,,,,,false
orthographic,chronicon:0.1.1.5.8.18,Ciro,Ciro,g,,,,,true
orthographic,chronicon:0.1.1.5.8.18,Ciro,Cyro,a,,,,,false
orthographic,chronicon:0.1.1.5.8.25,septem,septem,a,,,,,true
orthographic,chronicon:0.1.1.5.8.25,septem,Septem,g,,,,,false
orthographic,chronicon:0.1.1.5.8.27,uix,uix,a,,,,,true
orthographic,chronicon:0.1.1.5.8.27,uix,Uix,g,,,,,false
orthographic,chronicon:0.1.1.5.8.29,obtinuerunt,obtinuerunt,g,,,,,true
orthographic,chronicon:0.1.1.5.8.29,obtinuerunt,optinuerunt,a,,,,,false
orthographic,chronicon:0.1.1.5.8.30,Olympiade,Olympiade,g,,,,,true
orthographic,chronicon:0.1.1.5.8.30,Olympiade,Olimpiade,a,,,,,false
orthographic,chronicon:0.1.1.5.8.31,Olympiade,Olympiade,g,,,,,true
orthographic,chronicon:0.1.1.5.8.31,Olympiade,Olimpiade,a,,,,,false
orthographic,chronicon:0.1.1.5.9.0,refugit,refugit,g,,,,,true
orthographic,chronicon:0.1.1.5.9.0,refugit,refugiit,a,,,,,false
orthographic,chronicon:0.1.1.5.9.1,Demosthenes,Demosthenes,g,,,,,true
orthographic,chronicon:0.1.1.5.9.1,Demosthenes,Demonstenes,a,,,,,false
orthographic,chronicon:0.1.1.5.9.2,Xersen,Xersen,g,,,,,true
orthographic,chronicon:0.1.1.5.9.2,Xersen,Exersen,a,,,,,false
orthographic,chronicon:0.1.1.5.11.0,Artaxerses,Artaxerses,g,,,,,true
orthographic,chronicon:0.1.1.5.11.0,Artaxerses,Artarxerses,a,,,,,false
orthographic,chronicon:0.1.1.5.11.5,Artaxersen,Artaxersen,g,,,,,true
orthographic,chronicon:0.1.1.5.11.5,Artaxersen,Artarxersen,a,,,,,false
orthographic,chronicon:0.1.1.5.11.6,habitantes,habitantes,g,,,,,true
orthographic,chronicon:0.1.1.5.11.6,habitantes,habtantes,a,,,,,false
orthographic,chronicon:0.1.1.5.11.12,iniunxerat,iniunxerat,g,,,,,true
orthographic,chronicon:0.1.1.5.11.12,iniunxerat,iniuncxerat,a,,,,,false
orthographic,chronicon:0.1.1.5.11.15,Artaxersis,Artaxersis,g,,,,,true
orthographic,chronicon:0.1.1.5.11.15,Artaxersis,Artarxersis,a,,,,,false
orthographic,chronicon:0.1.1.5.11.17,Artaxerses,Artaxerses,g,,,,,true
orthographic,chronicon:0.1.1.5.11.17,Artaxerses,Artarxersus,a,,,,,false
orthographic,chronicon:0.1.1.5.11.19,Machaborum,Machaborum,g,,,,,true
orthographic,chronicon:0.1.1.5.11.19,Machaborum,Machabeorum,a,,,,,false
orthographic,chronicon:0.1.1.5.11.21,Artaxersis,Artaxersis,g,,,,,true
orthographic,chronicon:0.1.1.5.11.21,Artaxersis,Artarxersis,a,,,,,false
orthographic,chronicon:0.1.1.5.11.22,Ierusalem,Ierusalem,g,,,,,true
orthographic,chronicon:0.1.1.5.11.22,Ierusalem,Hierusalem,a,,,,,false
orthographic,chronicon:0.1.1.5.11.23,Artaxerses,Artaxerses,g,,,,,true
orthographic,chronicon:0.1.1.5.11.23,Artaxerses,Artarxerses,a,,,,,false
orthographic,chronicon:0.1.1.5.11.24,Ierusalem,Ierusalem,g,,,,,true
orthographic,chronicon:0.1.1.5.11.24,Ierusalem,Hierusalem,a,,,,,false
orthographic,chronicon:0.1.1.5.13.0,Artaxerses,Artaxerses,g,,,,,true
orthographic,chronicon:0.1.1.5.13.0,Artaxerses,Artarxerses,a,,,,,false
orthographic,chronicon:0.1.1.5.13.2,historia,historia,g,,,,,true
orthographic,chronicon:0.1.1.5.13.2,historia,hystoria,a,,,,,false
orthographic,chronicon:0.1.1.5.13.3,Artaxerses,Artaxerses,g,,,,,true
orthographic,chronicon:0.1.1.5.13.3,Artaxerses,Artarxerses,a,,,,,false
orthographic,chronicon:0.1.1.5.13.4,literas,literas,g,,,,,true
orthographic,chronicon:0.1.1.5.13.4,literas,litteras,a,,,,,false
orthographic,chronicon:0.1.1.5.13.5,Carthaginensium,Carthaginensium,g,,,,,true
orthographic,chronicon:0.1.1.5.13.5,Carthaginensium,Cartaginensium,a,,,,,false
orthographic,chronicon:0.1.1.5.16.0,Artaxerses,Artaxerses,g,,,,,true
orthographic,chronicon:0.1.1.5.16.0,Artaxerses,Artarxerses,a,,,,,false
orthographic,chronicon:0.1.1.5.16.3,Iste,Iste,,,pm,,,true
orthographic,chronicon:0.1.1.5.16.3,Iste,iste,g a,,,,,false
orthographic,chronicon:0.1.1.5.16.4,iunxit,iunxit,g,,,,,true
orthographic,chronicon:0.1.1.5.16.4,iunxit,iuncxit,a,,,,,false
orthographic,chronicon:0.1.1.5.16.6,Artaxerses,Artaxerses,g,,,,,true
orthographic,chronicon:0.1.1.5.16.6,Artaxerses,Artarxerses,a,,,,,false
orthographic,chronicon:0.1.1.5.16.9,Demosthenes,Demosthenes,g,,,,,true
orthographic,chronicon:0.1.1.5.16.9,Demosthenes,Demonsthenes,a,,,,,false
orthographic,chronicon:0.1.1.5.16.16,hasta,hasta,g,,,,,true
orthographic,chronicon:0.1.1.5.16.16,hasta,asta,a,,,,,false
orthographic,chronicon:0.1.1.5.16.17,Samnium,Samnium,g,,,,,true
orthographic,chronicon:0.1.1.5.16.17,Samnium,Sanium,a,,,,,false
orthographic,chronicon:0.1.1.5.18.1,Thracas,Thracas,g,,,,,true
orthographic,chronicon:0.1.1.5.18.1,Thracas,Tracas,a,,,,,false
orthographic,chronicon:0.1.1.5.19.1,Scythis,Scythis,g,,,,,true
orthographic,chronicon:0.1.1.5.19.1,Scythis,Sithis,a,,,,,false
orthographic,chronicon:0.1.1.5.19.11,Egyssenem,Egyssenem,g,,,,,true
orthographic,chronicon:0.1.1.5.19.11,Egyssenem,Egyssenen,a,,,,,false
orthographic,chronicon:0.1.1.5.19.14,octuaginta,octuaginta,g,,,,,true
orthographic,chronicon:0.1.1.5.19.14,octuaginta,octoaginta,a,,,,,false
orthographic,chronicon:0.1.1.5.19.16,circumdedissent,circumdedissent,a,,,,,true
orthographic,chronicon:0.1.1.5.19.16,circumdedissent,circum dedissent,g,,,,,false
orthographic,chronicon:0.1.1.5.19.19,irrumperet,irrumperet,g,,,,,true
orthographic,chronicon:0.1.1.5.19.19,irrumperet,inrumperet,a,,,,,false
orthographic,chronicon:0.1.1.5.19.24,hac,hac,g,,,,,true
orthographic,chronicon:0.1.1.5.19.24,hac,ac,a,,,,,false
orthographic,chronicon:0.1.1.5.19.32,nunciaret,nunciaret,g,,,,,true
orthographic,chronicon:0.1.1.5.19.32,nunciaret,nuntiaret,a,,,,,false
orthographic,chronicon:0.1.1.5.19.34,haustus,haustus,g,,,,,true
orthographic,chronicon:0.1.1.5.19.34,haustus,austu,a,,,,,false
orthographic,chronicon:0.1.1.5.19.36,Illyrico,Illyrico,g,,,,,true
orthographic,chronicon:0.1.1.5.19.36,Illyrico,Illirico,a,,,,,false
orthographic,chronicon:0.1.1.5.20.3,Hierosolyma,Hierosolyma,g,,,,,true
orthographic,chronicon:0.1.1.5.20.3,Hierosolyma,Hierusolima,a,,,,,false
orthographic,chronicon:0.1.1.5.20.5,ditionem,ditionem,g,,,,,true
orthographic,chronicon:0.1.1.5.20.5,ditionem,dicionem,a,,,,,false
orthographic,chronicon:0.1.1.5.20.6,Ptolomei,Ptolomei,g,,,,,true
orthographic,chronicon:0.1.1.5.20.6,Ptolomei,Ptolonei,a,,,,,false
orthographic,chronicon:0.1.1.5.20.10,hystorya,hystorya,g,,,,,true
orthographic,chronicon:0.1.1.5.20.10,hystorya,hystoria,a,,,,,false
orthographic,chronicon:0.1.1.5.20.14,Pirrum,Pirrum,g,,,,,true
orthographic,chronicon:0.1.1.5.20.14,Pirrum,Pirum,a,,,,,false
orthographic,chronicon:0.1.1.5.20.15,Epiri,Epiri,g,,,,,true
orthographic,chronicon:0.1.1.5.20.15,Epiri,Epyri,a,,,,,false
orthographic,chronicon:0.1.1.5.20.16,Thessalie,Thessalie,g,,,,,true
orthographic,chronicon:0.1.1.5.20.16,Thessalie,Thesalie,a,,,,,false
orthographic,chronicon:0.1.1.5.20.19,Eleazarus,Eleazarus,g,,,,,true
orthographic,chronicon:0.1.1.5.20.19,Eleazarus,Elezarus,a,,,,,false
orthographic,chronicon:0.1.1.5.21.0,nomen,nomen,a,,,,,true
orthographic,chronicon:0.1.1.5.21.0,nomen,nomem,g,,,,,false
orthographic,chronicon:0.1.1.5.21.3,Eo,Eo,,,pm,,,true
orthographic,chronicon:0.1.1.5.21.3,Eo,eo,g a,,,,,false
orthographic,chronicon:0.1.1.5.21.5,Attilius,Attilius,g,,,,,true
orthographic,chronicon:0.1.1.5.21.5,Attilius,Atilius,a,,,,,false
orthographic,chronicon:0.1.1.5.21.6,Carthaginensium,Carthaginensium,g,,,,,true
orthographic,chronicon:0.1.1.5.21.6,Carthaginensium,Cartaginensium,a,,,,,false
orthographic,chronicon:0.1.1.5.22.1,Egypto,Egypto,g,,,,,true
orthographic,chronicon:0.1.1.5.22.1,Egypto,Egipto,a,,,,,false
orthographic,chronicon:0.1.1.5.22.2,Ierusalem,Ierusalem,g,,,,,true
orthographic,chronicon:0.1.1.5.22.2,Ierusalem,Hierusalem,a,,,,,false
orthographic,chronicon:0.1.1.5.22.8,historie,historie,g,,,,,true
orthographic,chronicon:0.1.1.5.22.8,historie,hystorie,a,,,,,false
orthographic,chronicon:0.1.1.5.22.9,millia,millia,g,,,,,true
orthographic,chronicon:0.1.1.5.22.9,millia,milia,a,,,,,false
orthographic,chronicon:0.1.1.5.22.10,quattuordecim,quattuordecim,a,,,,,true
orthographic,chronicon:0.1.1.5.22.10,quattuordecim,quatordecim,g,,,,,false
orthographic,chronicon:0.1.1.5.22.12,construxit,construxit,g,,,,,true
orthographic,chronicon:0.1.1.5.22.12,construxit,costruxit,a,,,,,false
orthographic,chronicon:0.1.1.5.23.1,Egyptiis,Egyptiis,g,,,,,true
orthographic,chronicon:0.1.1.5.23.1,Egyptiis,Egyptiiis,a,,,,,false
orthographic,chronicon:0.1.1.5.23.2,Egypto,Egypto,g,,,,,true
orthographic,chronicon:0.1.1.5.23.2,Egypto,Egipto,a,,,,,false
orthographic,chronicon:0.1.1.5.23.4,Ieronimus,Ieronimus,g,,,,,true
orthographic,chronicon:0.1.1.5.23.4,Ieronimus,Ieonimus,a,,,,,false
orthographic,chronicon:0.1.1.5.23.6,Phyladelphum,Phyladelphum,g,,,,,true
orthographic,chronicon:0.1.1.5.23.6,Phyladelphum,Phyladelfum,a,,,,,false
orthographic,chronicon:0.1.1.5.23.7,Egyptiis,Egyptiis,g,,,,,true
orthographic,chronicon:0.1.1.5.23.7,Egyptiis,Egyptiiis,a,,,,,false
orthographic,chronicon:0.1.1.5.23.10,iunxit,iunxit,g,,,,,true
orthographic,chronicon:0.1.1.5.23.10,iunxit,iuncxit,a,,,,,false
orthographic,chronicon:0.1.1.5.23.14,et,et,a,,,,,true
orthographic,chronicon:0.1.1.5.23.14,et,Et,g,,,,,false
orthographic,chronicon:0.1.1.5.23.16,Syria,Syria,g,,,,,true
orthographic,chronicon:0.1.1.5.23.16,Syria,Siria,a,,,,,false
orthographic,chronicon:0.1.1.5.23.17,Syriam,Syriam,g,,,,,true
orthographic,chronicon:0.1.1.5.23.17,Syriam,Siriam,a,,,,,false
orthographic,chronicon:0.1.1.5.23.18,Euphratem,Euphratem,g,,,,,true
orthographic,chronicon:0.1.1.5.23.18,Euphratem,Euphraten,a,,,,,false
orthographic,chronicon:0.1.1.5.23.20,Euphratem,Euphratem,g,,,,,true
orthographic,chronicon:0.1.1.5.23.20,Euphratem,Eufratem,a,,,,,false
orthographic,chronicon:0.1.1.5.24.2,Syradach,Syradach,a,,,,,true
orthographic,chronicon:0.1.1.5.24.2,Syradach,Syradact,g,,,,,false
orthographic,chronicon:0.1.1.5.24.5,Seleucus,Seleucus,g,,,,,true
orthographic,chronicon:0.1.1.5.24.5,Seleucus,Seleuchus,a,,,,,false
orthographic,chronicon:0.1.1.5.24.8,Seleucus,Seleucus,g,,,,,true
orthographic,chronicon:0.1.1.5.24.8,Seleucus,Seleuchus,a,,,,,false
orthographic,chronicon:0.1.1.5.24.11,Egypti,Egypti,g,,,,,true
orthographic,chronicon:0.1.1.5.24.11,Egypti,Egipti,a,,,,,false
orthographic,chronicon:0.1.1.5.24.12,Egyptiis,Egyptiis,g,,,,,true
orthographic,chronicon:0.1.1.5.24.12,Egyptiis,Egiptiiis,a,,,,,false
orthographic,chronicon:0.1.1.5.24.13,amissa,amissa,g,,,,,true
orthographic,chronicon:0.1.1.5.24.13,amissa,ammissa,a,,,,,false
orthographic,chronicon:0.1.1.5.24.18,Phylopatorem,Phylopatorem,g,,,,,true
orthographic,chronicon:0.1.1.5.24.18,Phylopatorem,Philopatorem,a,,,,,false
orthographic,chronicon:0.1.1.5.24.19,IV,IV,g,,,,,true
orthographic,chronicon:0.1.1.5.24.19,IV,quattuor,a,,,,,false
orthographic,chronicon:0.1.1.5.25.2,impetitam,impetitam,g,,,,,true
orthographic,chronicon:0.1.1.5.25.2,impetitam,inpetitam,a,,,,,false
orthographic,chronicon:0.1.1.5.25.5,nunquam,nunquam,g,,,,,true
orthographic,chronicon:0.1.1.5.25.5,nunquam,numquam,a,,,,,false
orthographic,chronicon:0.1.1.5.25.6,Pireneos,Pireneos,g,,,,,true
orthographic,chronicon:0.1.1.5.25.6,Pireneos,Pirineos,a,,,,,false
orthographic,chronicon:0.1.1.5.25.7,Pireneo,Pireneo,g,,,,,true
orthographic,chronicon:0.1.1.5.25.7,Pireneo,Pirineo,a,,,,,false
orthographic,chronicon:0.1.1.5.25.11,commisso,commisso,g,,,,,true
orthographic,chronicon:0.1.1.5.25.11,commisso,conmisso,a,,,,,false
orthographic,chronicon:0.1.1.5.25.14,Trasimenum,Trasimenum,g,,,,,true
orthographic,chronicon:0.1.1.5.25.14,Trasimenum,Transumennum,a,,,,,false
orthographic,chronicon:0.1.1.5.25.16,Hispania,Hispania,g,,,,,true
orthographic,chronicon:0.1.1.5.25.16,Hispania,Hisponia,a,,,,,false
orthographic,chronicon:0.1.1.5.25.17,Asdruualem,Asdruualem,g,,,,,true
orthographic,chronicon:0.1.1.5.25.17,Asdruualem,Asdruualum,a,,,,,false
orthographic,chronicon:0.1.1.5.25.18,tertium,tertium,g,,,,,true
orthographic,chronicon:0.1.1.5.25.18,tertium,tetium,a,,,,,false
orthographic,chronicon:0.1.1.5.25.23,Asdrubale,Asdrubale,g,,,,,true
orthographic,chronicon:0.1.1.5.25.23,Asdrubale,Asdruuale,a,,,,,false
orthographic,chronicon:0.1.1.5.25.24,prouinciam,prouinciam,g,,,,,true
orthographic,chronicon:0.1.1.5.25.24,prouinciam,prouintiam,a,,,,,false
orthographic,chronicon:0.1.1.5.25.25,Asdrubal,Asdrubal,g,,,,,true
orthographic,chronicon:0.1.1.5.25.25,Asdrubal,Asdriuial,a,,,,,false
orthographic,chronicon:0.1.1.5.25.32,famosissimam,famosissimam,g,,,,,true
orthographic,chronicon:0.1.1.5.25.32,famosissimam,famosisimam,a,,,,,false
orthographic,chronicon:0.1.1.5.27.0,Uulcani,Uulcani,g,,,,,true
orthographic,chronicon:0.1.1.5.27.0,Uulcani,Uulgani,a,,,,,false
orthographic,chronicon:0.1.1.5.28.5,impugnans,impugnans,g,,,,,true
orthographic,chronicon:0.1.1.5.28.5,impugnans,inpugnans,a,,,,,false
orthographic,chronicon:0.1.1.5.28.6,complens,complens,a,,,,,true
orthographic,chronicon:0.1.1.5.28.6,complens,compleus,g,,,,,false
orthographic,chronicon:0.1.1.5.29.0,Syrie,Syrie,g,,,,,true
orthographic,chronicon:0.1.1.5.29.0,Syrie,Sirie,a,,,,,false
orthographic,chronicon:0.1.1.5.29.1,impudens,impudens,g,,,,,true
orthographic,chronicon:0.1.1.5.29.1,impudens,inpudens,a,,,,,false
orthographic,chronicon:0.1.1.5.29.4,Hierusolymam,Hierusolymam,g,,,,,true
orthographic,chronicon:0.1.1.5.29.4,Hierusolymam,Hierusolimam,a,,,,,false
orthographic,chronicon:0.1.1.5.29.5,subiiceret,subiiceret,g,,,,,true
orthographic,chronicon:0.1.1.5.29.5,subiiceret,subiceret,a,,,,,false
orthographic,chronicon:0.1.1.5.29.8,Hierusolymam,Hierusolymam,g,,,,,true
orthographic,chronicon:0.1.1.5.29.8,Hierusolymam,Hierusolimam,a,,,,,false
orthographic,chronicon:0.1.1.5.30.3,Pseudophilippus,Pseudophilippus,a,,,,,true
orthographic,chronicon:0.1.1.5.30.3,Pseudophilippus,Pseudo-philippus,g,,,,,false
orthographic,chronicon:0.1.1.5.30.4,Mummii,Mummii,a,,,,,true
orthographic,chronicon:0.1.1.5.30.4,Mummii,Mummi,g,,,,,false
orthographic,chronicon:0.1.1.5.31.1,tragoediarum,tragoediarum,a,,,,,true
orthographic,chronicon:0.1.1.5.31.1,tragoediarum,tragaediarum,g,,,,,false
orthographic,chronicon:0.1.1.5.32.1,Spartiatis,Spartiatis,g,,,,,true
orthographic,chronicon:0.1.1.5.32.1,Spartiatis,Sparthiatis,a,,,,,false
orthographic,chronicon:0.1.1.5.32.2,Triphone,Triphone,g,,,,,true
orthographic,chronicon:0.1.1.5.32.2,Triphone,Trifone,a,,,,,false
orthographic,chronicon:0.1.1.5.32.5,Augusti,Augusti,,,pm,,,true
orthographic,chronicon:0.1.1.5.32.5,Augusti,augusti,g a,,,,,false
orthographic,chronicon:0.1.1.5.35.0,Calpurnio,Calpurnio,g,,,,,true
orthographic,chronicon:0.1.1.5.35.0,Calpurnio,Capurnio,a,,,,,false
orthographic,chronicon:0.1.1.5.36.7,administrans,administrans,g,,,,,true
orthographic,chronicon:0.1.1.5.36.7,administrans,amministrans,a,,,,,false
orthographic,chronicon:0.1.1.5.39.1,Mithridati,Mithridati,g,,,,,true
orthographic,chronicon:0.1.1.5.39.1,Mithridati,Mitridati,a,,,,,false
orthographic,chronicon:0.1.1.5.39.2,consulatu,consulatu,g,,,,,true
orthographic,chronicon:0.1.1.5.39.2,consulatu,consolatu,a,,,,,false
orthographic,chronicon:0.1.1.5.39.3,Romanorum,Romanorum,,,pm,,,true
orthographic,chronicon:0.1.1.5.39.3,Romanorum,romanorum,g a,,,,,false
orthographic,chronicon:0.1.1.5.40.0,Hircanus,Hircanus,g,,,,,true
orthographic,chronicon:0.1.1.5.40.0,Hircanus,Hyrcanus,a,,,,,false
orthographic,chronicon:0.1.1.5.40.2,Sancta Sanctorum,Sancta Sanctorum,a,,,,,true
orthographic,chronicon:0.1.1.5.40.2,Sancta Sanctorum,Sanctasanctorum,g,,,,,false
orthographic,chronicon:0.1.1.5.40.3,Hyrcanus,Hyrcanus,g,,,,,true
orthographic,chronicon:0.1.1.5.40.3,Hyrcanus,Yrcanus,a,,,,,false
orthographic,chronicon:0.1.1.5.40.4,Pompeius,Pompeius,g,,,,,true
orthographic,chronicon:0.1.1.5.40.4,Pompeius,Ponpeius,a,,,,,false
orthographic,chronicon:0.1.1.5.41.1,Pompeio,Pompeio,g,,,,,true
orthographic,chronicon:0.1.1.5.41.1,Pompeio,Ponpeio,a,,,,,false
orthographic,chronicon:0.1.1.5.41.5,agressus,agressus,g,,,,,true
orthographic,chronicon:0.1.1.5.41.5,agressus,aggressus,a,,,,,false
orthographic,chronicon:0.1.1.5.41.6,Hyrcano,Hyrcano,g,,,,,true
orthographic,chronicon:0.1.1.5.41.6,Hyrcano,Yrcano,a,,,,,false
orthographic,chronicon:0.1.1.5.41.11,Hyrcanum,Hyrcanum,g,,,,,true
orthographic,chronicon:0.1.1.5.41.11,Hyrcanum,Yrcanum,a,,,,,false
orthographic,chronicon:0.1.1.5.41.13,concione,concione,g,,,,,true
orthographic,chronicon:0.1.1.5.41.13,concione,contione,a,,,,,false
orthographic,chronicon:0.1.1.5.41.14,Catiline,Catiline,g,,,,,true
orthographic,chronicon:0.1.1.5.41.14,Catiline,Cateline,a,,,,,false
orthographic,chronicon:0.1.1.5.41.16,unquam,unquam,g,,,,,true
orthographic,chronicon:0.1.1.5.41.16,unquam,umquam,a,,,,,false
orthographic,chronicon:0.1.1.5.42.0,IV,IV,g,,,,,true
orthographic,chronicon:0.1.1.5.42.0,IV,quattuor,a,,,,,false
orthographic,chronicon:0.1.1.5.42.2,Transalpina,Transalpina,g,,,,,true
orthographic,chronicon:0.1.1.5.42.2,Transalpina,Transalbina,a,,,,,false
orthographic,chronicon:0.1.1.5.42.9,stipendiarios,stipendiarios,g,,,,,true
orthographic,chronicon:0.1.1.5.42.9,stipendiarios,stipendarios,a,,,,,false
orthographic,chronicon:0.1.1.5.42.10,Duracium,Duracium,g,,,,,true
orthographic,chronicon:0.1.1.5.42.10,Duracium,Dirratium,a,,,,,false
orthographic,chronicon:0.1.1.5.42.11,Pompeo,Pompeo,g,,,,,true
orthographic,chronicon:0.1.1.5.42.11,Pompeo,Pompeio,a,,,,,false
orthographic,chronicon:0.1.1.5.43.2,Hierusolymis,Hierusolymis,g,,,,,true
orthographic,chronicon:0.1.1.5.43.2,Hierusolymis,Hierusolimis,a,,,,,false
orthographic,chronicon:0.1.1.5.43.3,Hierusolymam,Hierusolymam,g,,,,,true
orthographic,chronicon:0.1.1.5.43.3,Hierusolymam,Hierusolimam,a,,,,,false
orthographic,chronicon:0.1.1.5.43.7,Abiudh,Abiudh,g,,,,,true
orthographic,chronicon:0.1.1.5.43.7,Abiudh,Abiuth,a,,,,,false
orthographic,chronicon:0.1.1.5.43.11,substinuit,substinuit,g,,,,,true
orthographic,chronicon:0.1.1.5.43.11,substinuit,sustinuit,a,,,,,false
orthographic,chronicon:0.1.1.5.44.3,Britanniam,Britanniam,g,,,,,true
orthographic,chronicon:0.1.1.5.44.3,Britanniam,Brittanniam,a,,,,,false
orthographic,chronicon:0.1.1.5.44.4,Tessalia,Tessalia,g,,,,,true
orthographic,chronicon:0.1.1.5.44.4,Tessalia,Thessalia,a,,,,,false
orthographic,chronicon:0.1.1.5.44.7,Pompei,Pompei,g,,,,,true
orthographic,chronicon:0.1.1.5.44.7,Pompei,Pompeii,a,,,,,false
orthographic,chronicon:0.1.1.5.44.10,IV,IV,g,,,,,true
orthographic,chronicon:0.1.1.5.44.10,IV,quattuor,a,,,,,false
orthographic,chronicon:0.1.1.5.44.18,acie,acie,g,,,,,true
orthographic,chronicon:0.1.1.5.44.18,acie,atie,a,,,,,false
orthographic,chronicon:0.1.1.5.44.19,aufugit,aufugit,a,,,,,true
orthographic,chronicon:0.1.1.5.44.19,aufugit,aufugiit,g,,,,,false
orthographic,chronicon:0.1.1.5.44.23,unquam,unquam,g,,,,,true
orthographic,chronicon:0.1.1.5.44.23,unquam,umquam,a,,,,,false
orthographic,chronicon:0.1.1.5.44.24,ciuilibus,ciuilibus,g,,,,,true
orthographic,chronicon:0.1.1.5.44.24,ciuilibus,cuuilibus,a,,,,,false
orthographic,chronicon:0.1.1.5.46.3,Brutum et,Brutum et,a,,,,,true
orthographic,chronicon:0.1.1.5.46.3,Brutum et,Brutumet,g,,,,,false
orthographic,chronicon:0.1.1.5.46.18,Octauianum,Octauianum,a,,,,,true
orthographic,chronicon:0.1.1.5.46.18,Octauianum,Ottauianum,g,,,,,false
orthographic,chronicon:0.1.1.5.46.19,IV,IV,g,,,,,true
orthographic,chronicon:0.1.1.5.46.19,IV,quattuor,a,,,,,false
orthographic,chronicon:0.1.1.5.46.21,abundantia,abundantia,g,,,,,true
orthographic,chronicon:0.1.1.5.46.21,abundantia,habundantia,a,,,,,false
orthographic,chronicon:0.1.1.5.46.24,Lybiam,Lybiam,g,,,,,true
orthographic,chronicon:0.1.1.5.46.24,Lybiam,Libiam,a,,,,,false
orthographic,chronicon:0.1.1.5.46.29,Bosphorum,Bosphorum,g,,,,,true
orthographic,chronicon:0.1.1.5.46.29,Bosphorum,Bosforum,a,,,,,false
orthographic,chronicon:0.1.1.5.46.36,Moesii,Moesii,g,,,,,true
orthographic,chronicon:0.1.1.5.46.36,Moesii,Moesi,a,,,,,false
orthographic,chronicon:0.1.1.5.46.37,Thraces,Thraces,g,,,,,true
orthographic,chronicon:0.1.1.5.46.37,Thraces,Traces,a,,,,,false
orthographic,chronicon:0.1.1.5.46.43,Theteros,Theteros,g,,,,,true
orthographic,chronicon:0.1.1.5.46.43,Theteros,Thecteros,a,,,,,false
orthographic,chronicon:0.1.1.5.46.44,Sigambros,Sigambros,g,,,,,true
orthographic,chronicon:0.1.1.5.46.44,Sigambros,Sigrambos,a,,,,,false
orthographic,chronicon:0.1.1.5.46.45,licterarum,licterarum,g,,,,,true
orthographic,chronicon:0.1.1.5.46.45,licterarum,litterarum,a,,,,,false
orthographic,chronicon:0.1.1.5.47.9,hierosolymitana,hierosolymitana,g,,,,,true
orthographic,chronicon:0.1.1.5.47.9,hierosolymitana,hierosolimitana,a,,,,,false
orthographic,chronicon:0.1.1.5.47.10,Mariamnem,Mariamnem,g,,,,,true
orthographic,chronicon:0.1.1.5.47.10,Mariamnem,Mariamem,a,,,,,false
orthographic,chronicon:0.1.1.5.47.13,Hactenus,Hactenus,g,,,,,true
orthographic,chronicon:0.1.1.5.47.13,Hactenus,Actenus,a,,,,,false
orthographic,chronicon:0.1.1.6.2.2,Augusti,Augusti,,,pm,,,true
orthographic,chronicon:0.1.1.6.2.2,Augusti,augusti,g a,,,,,false
orthographic,chronicon:0.1.1.6.2.4,Egyptus,Egyptus,g,,,,,true
orthographic,chronicon:0.1.1.6.2.4,Egyptus,Egiptus,a,,,,,false
orthographic,chronicon:0.1.1.6.2.8,Augusti,Augusti,,,pm,,,true
orthographic,chronicon:0.1.1.6.2.8,Augusti,augusti,g a,,,,,false
orthographic,chronicon:0.1.1.6.3.2,commode,commode,g,,,,,true
orthographic,chronicon:0.1.1.6.3.2,commode,comode,a,,,,,false
orthographic,chronicon:0.1.1.6.3.6,tamquam,tamquam,g,,,,,true
orthographic,chronicon:0.1.1.6.3.6,tamquam,tanquam,a,,,,,false
orthographic,chronicon:0.1.1.6.3.8,factiosus,factiosus,g,,,,,true
orthographic,chronicon:0.1.1.6.3.8,factiosus,facciosus,a,,,,,false
orthographic,chronicon:0.1.1.6.3.16,Sub,Sub,,,pm,,,true
orthographic,chronicon:0.1.1.6.3.16,Sub,sub,g a,,,,,false
orthographic,chronicon:0.1.1.6.3.20,abundasset,abundasset,g,,,,,true
orthographic,chronicon:0.1.1.6.3.20,abundasset,habundasset,a,,,,,false
orthographic,chronicon:0.1.1.6.3.22,immerito,immerito,g,,,,,true
orthographic,chronicon:0.1.1.6.3.22,immerito,inmerito,a,,,,,false
orthographic,chronicon:0.1.1.6.4.2,Reipublice,Reipublice,,,pm,,,true
orthographic,chronicon:0.1.1.6.4.2,Reipublice,reipublice,g a,,,,,false
orthographic,chronicon:0.1.1.6.6.1,annunciare,annunciare,g,,,,,true
orthographic,chronicon:0.1.1.6.6.1,annunciare,annuntiare,a,,,,,false
orthographic,chronicon:0.1.1.6.7.4,Hierusolymis,Hierusolymis,g,,,,,true
orthographic,chronicon:0.1.1.6.7.4,Hierusolymis,Hierusolimis,a,,,,,false
orthographic,chronicon:0.1.1.6.7.6,coniicitur,coniicitur,g,,,,,true
orthographic,chronicon:0.1.1.6.7.6,coniicitur,conicitur,a,,,,,false
orthographic,chronicon:0.1.1.6.9.10,coarctatus,coarctatus,g,,,,,true
orthographic,chronicon:0.1.1.6.9.10,coarctatus,coartatus,a,,,,,false
orthographic,chronicon:0.1.1.6.10.1,ociosis,ociosis,g,,,,,true
orthographic,chronicon:0.1.1.6.10.1,ociosis,otiosis,a,,,,,false
orthographic,chronicon:0.1.1.6.10.4,Britannie,Britannie,g,,,,,true
orthographic,chronicon:0.1.1.6.10.4,Britannie,Britanie,a,,,,,false
orthographic,chronicon:0.1.1.6.10.5,Britannorum,Britannorum,g,,,,,true
orthographic,chronicon:0.1.1.6.10.5,Britannorum,Britanorum,a,,,,,false
orthographic,chronicon:0.1.1.6.10.8,Cesarem,Cesarem,a,,,,,true
orthographic,chronicon:0.1.1.6.10.8,Cesarem,Caesarem,g,,,,,false
orthographic,chronicon:0.1.1.6.10.9,Hierusolymis,Hierusolymis,g,,,,,true
orthographic,chronicon:0.1.1.6.10.9,Hierusolymis,Hierusolimis,a,,,,,false
orthographic,chronicon:0.1.1.6.10.14,Hierusolymis,Hierusolymis,g,,,,,true
orthographic,chronicon:0.1.1.6.10.14,Hierusolymis,Hierusolimis,a,,,,,false
orthographic,chronicon:0.1.1.6.10.16,coarctatus,coarctatus,g,,,,,true
orthographic,chronicon:0.1.1.6.10.16,coarctatus,coartatus,a,,,,,false
orthographic,chronicon:0.1.1.6.12.0,Antiochenam,Antiochenam,g,,,,,true
orthographic,chronicon:0.1.1.6.12.0,Antiochenam,Antiocenam,a,,,,,false
orthographic,chronicon:0.1.1.6.12.3,Egipto,Egipto,g,,,,,true
orthographic,chronicon:0.1.1.6.12.3,Egipto,Egypto,a,,,,,false
orthographic,chronicon:0.1.1.6.12.4,Claudii,Claudii,g,,,,,true
orthographic,chronicon:0.1.1.6.12.4,Claudii,Cladii,a,,,,,false
orthographic,chronicon:0.1.1.6.12.7,Orcadas,Orcadas,g,,,,,true
orthographic,chronicon:0.1.1.6.12.7,Orcadas,Orchadas,a,,,,,false
orthographic,chronicon:0.1.1.6.12.13,Phithagora,Phithagora,g,,,,,true
orthographic,chronicon:0.1.1.6.12.13,Phithagora,Pitagora,a,,,,,false
orthographic,chronicon:0.1.1.6.13.4,Hierusolymis,Hierusolymis,g,,,,,true
orthographic,chronicon:0.1.1.6.13.4,Hierusolymis,Hierusolimis,a,,,,,false
orthographic,chronicon:0.1.1.6.13.5,seditio,seditio,a,,,,,true
orthographic,chronicon:0.1.1.6.13.5,seditio,sedidio,g,,,,,false
orthographic,chronicon:0.1.1.6.13.6,azymorum,azymorum,g,,,,,true
orthographic,chronicon:0.1.1.6.13.6,azymorum,azimorum,a,,,,,false
orthographic,chronicon:0.1.1.6.13.7,coarctato,coarctato,g,,,,,true
orthographic,chronicon:0.1.1.6.13.7,coarctato,coartato,a,,,,,false
orthographic,chronicon:0.1.1.6.13.8,uite,uite,a,,,,,true
orthographic,chronicon:0.1.1.6.13.8,uite,uitae,g,,,,,false
orthographic,chronicon:0.1.1.6.15.0,Gaii,Gaii,g,,,,,true
orthographic,chronicon:0.1.1.6.15.0,Gaii,Gagii,a,,,,,false
orthographic,chronicon:0.1.1.6.15.1,Gaii,Gaii,g,,,,,true
orthographic,chronicon:0.1.1.6.15.1,Gaii,Gagii,a,,,,,false
orthographic,chronicon:0.1.1.6.15.2,citharetico,citharetico,g,,,,,true
orthographic,chronicon:0.1.1.6.15.2,citharetico,cytharetico,a,,,,,false
orthographic,chronicon:0.1.1.6.17.0,satyrici,satyrici,g,,,,,true
orthographic,chronicon:0.1.1.6.17.0,satyrici,satirici,a,,,,,false
orthographic,chronicon:0.1.1.6.18.2,Calicule,Calicule,g,,,,,true
orthographic,chronicon:0.1.1.6.18.2,Calicule,Gallicule,a,,,,,false
orthographic,chronicon:0.1.1.6.18.4,Grecieque,Grecieque,g,,,,,true
orthographic,chronicon:0.1.1.6.18.4,Grecieque,Gretieque,a,,,,,false
orthographic,chronicon:0.1.1.6.18.5,theatra,theatra,g,,,,,true
orthographic,chronicon:0.1.1.6.18.5,theatra,tetra,a,,,,,false
orthographic,chronicon:0.1.1.6.18.6,assumpto,assumpto,g,,,,,true
orthographic,chronicon:0.1.1.6.18.6,assumpto,assumpt,a,,,,,false
orthographic,chronicon:0.1.1.6.18.8,citharistas,citharistas,g,,,,,true
orthographic,chronicon:0.1.1.6.18.8,citharistas,cytharistas,a,,,,,false
orthographic,chronicon:0.1.1.6.18.13,numquam,numquam,g,,,,,true
orthographic,chronicon:0.1.1.6.18.13,numquam,nunquam,a,,,,,false
orthographic,chronicon:0.1.1.6.21.0,Hieronymus,Hieronymus,g,,,,,true
orthographic,chronicon:0.1.1.6.21.0,Hieronymus,Ieronimus,a,,,,,false
orthographic,chronicon:0.1.1.6.21.1,Hierusolymam,Hierusolymam,g,,,,,true
orthographic,chronicon:0.1.1.6.21.1,Hierusolymam,Hierusolimam,a,,,,,false
orthographic,chronicon:0.1.1.6.21.4,Hierusolymam,Hierusolymam,g,,,,,true
orthographic,chronicon:0.1.1.6.21.4,Hierusolymam,Hierusolimam,a,,,,,false
orthographic,chronicon:0.1.1.6.21.8,Illyricum,Illyricum,g,,,,,true
orthographic,chronicon:0.1.1.6.21.8,Illyricum,Illiricum,a,,,,,false
orthographic,chronicon:0.1.1.6.21.10,Antiochenam,Antiochenam,g,,,,,true
orthographic,chronicon:0.1.1.6.21.10,Antiochenam,Antiocenam,a,,,,,false
orthographic,chronicon:0.1.1.6.21.16,imposuit,imposuit,g,,,,,true
orthographic,chronicon:0.1.1.6.21.16,imposuit,inposuit,a,,,,,false
orthographic,chronicon:0.1.1.6.21.19,curis,curis,g,,,,,true
orthographic,chronicon:0.1.1.6.21.19,curis,curris,a,,,,,false
orthographic,chronicon:0.1.1.6.21.21,seculares,seculares,a,,,,,true
orthographic,chronicon:0.1.1.6.21.21,seculares,secolares,g,,,,,false
orthographic,chronicon:0.1.1.6.21.22,opportune,opportune,g,,,,,true
orthographic,chronicon:0.1.1.6.21.22,opportune,oportune,a,,,,,false
orthographic,chronicon:0.1.1.6.21.25,Pascha,Pascha,,,pm,,,true
orthographic,chronicon:0.1.1.6.21.25,Pascha,pascha,g a,,,,,false
orthographic,chronicon:0.1.1.6.21.26,Natalem,Natalem,,,pm,,,true
orthographic,chronicon:0.1.1.6.21.26,Natalem,natalem,g a,,,,,false
orthographic,chronicon:0.1.1.6.21.28,imperfectam,imperfectam,g,,,,,true
orthographic,chronicon:0.1.1.6.21.28,imperfectam,inperfectam,a,,,,,false
orthographic,chronicon:0.1.1.6.22.1,Hyspania,Hyspania,g,,,,,true
orthographic,chronicon:0.1.1.6.22.1,Hyspania,Hispania,a,,,,,false
orthographic,chronicon:0.1.1.6.22.2,pronunciatus,pronunciatus,g,,,,,true
orthographic,chronicon:0.1.1.6.22.2,pronunciatus,pronuntiatus,a,,,,,false
orthographic,chronicon:0.1.1.6.24.0,Hyspanias,Hyspanias,g,,,,,true
orthographic,chronicon:0.1.1.6.24.0,Hyspanias,Hispanias,a,,,,,false
orthographic,chronicon:0.1.1.6.24.3,segnitieque,segnitieque,g,,,,,true
orthographic,chronicon:0.1.1.6.24.3,segnitieque,segnicieque,a,,,,,false
orthographic,chronicon:0.1.1.6.24.4,initiis,initiis,g,,,,,true
orthographic,chronicon:0.1.1.6.24.4,initiis,iniciis,a,,,,,false
orthographic,chronicon:0.1.1.6.24.5,Othonis,Othonis,g,,,,,true
orthographic,chronicon:0.1.1.6.24.5,Othonis,Ottonis,a,,,,,false
orthographic,chronicon:0.1.1.6.24.6,Otho,Otho,g,,,,,true
orthographic,chronicon:0.1.1.6.24.6,Otho,Otto,a,,,,,false
orthographic,chronicon:0.1.1.6.24.7,Otho,Otho,g,,,,,true
orthographic,chronicon:0.1.1.6.24.7,Otho,Otto,a,,,,,false
orthographic,chronicon:0.1.1.6.24.15,compulit,compulit,g,,,,,true
orthographic,chronicon:0.1.1.6.24.15,compulit,conpulit,a,,,,,false
orthographic,chronicon:0.1.1.6.24.20,apud,apud,g,,,,,true
orthographic,chronicon:0.1.1.6.24.20,apud,aput,a,,,,,false
orthographic,chronicon:0.1.1.6.24.23,crebis,crebis,g,,,,,true
orthographic,chronicon:0.1.1.6.24.23,crebis,crebris,a,,,,,false
orthographic,chronicon:0.1.1.6.25.4,Britanniam,Britanniam,g,,,,,true
orthographic,chronicon:0.1.1.6.25.4,Britanniam,Brittanniam,a,,,,,false
orthographic,chronicon:0.1.1.6.26.1,Hierosolymorum,Hierosolymorum,g,,,,,true
orthographic,chronicon:0.1.1.6.26.1,Hierosolymorum,Hierosolimorum,a,,,,,false
orthographic,chronicon:0.1.1.6.26.4,coniiceretur,coniiceretur,g,,,,,true
orthographic,chronicon:0.1.1.6.26.4,coniiceretur,coniceretur,a,,,,,false
orthographic,chronicon:0.1.1.6.26.8,commodum,commodum,g,,,,,true
orthographic,chronicon:0.1.1.6.26.8,commodum,conmodum,a,,,,,false
orthographic,chronicon:0.1.1.6.26.9,pronunciatur,pronunciatur,g,,,,,true
orthographic,chronicon:0.1.1.6.26.9,pronunciatur,pronuntiatur,a,,,,,false
orthographic,chronicon:0.1.1.6.26.10,Hierusolymis,Hierusolymis,g,,,,,true
orthographic,chronicon:0.1.1.6.26.10,Hierusolymis,Hierusolimis,a,,,,,false
orthographic,chronicon:0.1.1.6.26.26,Rhodum,Rhodum,g,,,,,true
orthographic,chronicon:0.1.1.6.26.26,Rhodum,Rodum,a,,,,,false
orthographic,chronicon:0.1.1.6.26.27,Thraciam,Thraciam,g,,,,,true
orthographic,chronicon:0.1.1.6.26.27,Thraciam,Traciam,a,,,,,false
orthographic,chronicon:0.1.1.6.27.0,Othone,Othone,g,,,,,true
orthographic,chronicon:0.1.1.6.27.0,Othone,Ottone,a,,,,,false
orthographic,chronicon:0.1.1.6.27.1,Uitellio,Uitellio,g,,,,,true
orthographic,chronicon:0.1.1.6.27.1,Uitellio,Bitellio,a,,,,,false
orthographic,chronicon:0.1.1.6.27.4,Hierusolymorum,Hierusolymorum,g,,,,,true
orthographic,chronicon:0.1.1.6.27.4,Hierusolymorum,Hierusolimorum,a,,,,,false
orthographic,chronicon:0.1.1.6.27.9,amphiteatrum,amphiteatrum,g,,,,,true
orthographic,chronicon:0.1.1.6.27.9,amphiteatrum,anphiteatrum,a,,,,,false
orthographic,chronicon:0.1.1.6.27.10,edificauit,edificauit,g,,,,,true
orthographic,chronicon:0.1.1.6.27.10,edificauit,hedificauit,a,,,,,false
orthographic,chronicon:0.1.1.6.27.11,tamquam,tamquam,g,,,,,true
orthographic,chronicon:0.1.1.6.27.11,tamquam,tanquam,a,,,,,false
orthographic,chronicon:0.1.1.6.27.12,Emiliano,Emiliano,g,,,,,true
orthographic,chronicon:0.1.1.6.27.12,Emiliano,Emelliano,a,,,,,false
orthographic,chronicon:0.1.1.6.27.14,unum,unum,g,,,,,true
orthographic,chronicon:0.1.1.6.27.14,unum,I,a,,,,,false
orthographic,chronicon:0.1.1.6.27.15,martirio,martirio,g,,,,,true
orthographic,chronicon:0.1.1.6.27.15,martirio,martyrio,a,,,,,false
orthographic,chronicon:0.1.1.6.28.4,extruxit,extruxit,g,,,,,true
orthographic,chronicon:0.1.1.6.28.4,extruxit,exstruxit,a,,,,,false
orthographic,chronicon:0.1.1.6.30.0,religatus,religatus,a,,,,,true
orthographic,chronicon:0.1.1.6.30.0,religatus,relegatus,g,,,,,false
orthographic,chronicon:0.1.1.6.30.3,exitiabilis,exitiabilis,g,,,,,true
orthographic,chronicon:0.1.1.6.30.3,exitiabilis,exiciabilis,a,,,,,false
orthographic,chronicon:0.1.1.6.30.7,uespiliones,uespiliones,a,,,,,true
orthographic,chronicon:0.1.1.6.30.7,uespiliones,uispelliones,g,,,,,false
orthographic,chronicon:0.1.1.6.30.8,octauo,octauo,g,,,,,true
orthographic,chronicon:0.1.1.6.30.8,octauo,VIII,a,,,,,false
orthographic,chronicon:0.1.1.6.30.12,immersus,immersus,g,,,,,true
orthographic,chronicon:0.1.1.6.30.12,immersus,inmersus,a,,,,,false
orthographic,chronicon:0.1.1.6.31.2,IV,IV,g,,,,,true
orthographic,chronicon:0.1.1.6.31.2,IV,quattuor,a,,,,,false
orthographic,chronicon:0.1.1.6.32.3,administrauit,administrauit,g,,,,,true
orthographic,chronicon:0.1.1.6.32.3,administrauit,amministrauit,a,,,,,false
orthographic,chronicon:0.1.1.6.32.11,Euphratem,Euphratem,g,,,,,true
orthographic,chronicon:0.1.1.6.32.11,Euphratem,Eufratem,a,,,,,false
orthographic,chronicon:0.1.1.6.32.15,Mare,Mare,,,pm,,,true
orthographic,chronicon:0.1.1.6.32.15,Mare,mare,g a,,,,,false
orthographic,chronicon:0.1.1.6.32.16,Rubrum,Rubrum,,,pm,,,true
orthographic,chronicon:0.1.1.6.32.16,Rubrum,rubrum,g a,,,,,false
orthographic,chronicon:0.1.1.6.32.17,Mari,Mari,,,pm,,,true
orthographic,chronicon:0.1.1.6.32.17,Mari,mari,g a,,,,,false
orthographic,chronicon:0.1.1.6.32.18,Rubro,Rubro,,,pm,,,true
orthographic,chronicon:0.1.1.6.32.18,Rubro,rubro,g a,,,,,false
orthographic,chronicon:0.1.1.6.32.19,classem,classem,g,,,,,true
orthographic,chronicon:0.1.1.6.32.19,classem,clasem,a,,,,,false
orthographic,chronicon:0.1.1.6.34.1,ilico,ilico,a,,,,,true
orthographic,chronicon:0.1.1.6.34.1,ilico,illico,g,,,,,false
orthographic,chronicon:0.1.1.6.34.2,seditionem,seditionem,g,,,,,true
orthographic,chronicon:0.1.1.6.34.2,seditionem,sedicionem,a,,,,,false
orthographic,chronicon:0.1.1.6.34.4,Cleophe,Cleophe,g,,,,,true
orthographic,chronicon:0.1.1.6.34.4,Cleophe,Cleope,a,,,,,false
orthographic,chronicon:0.1.1.6.34.5,Hierusolymorum,Hierusolymorum,g,,,,,true
orthographic,chronicon:0.1.1.6.34.5,Hierusolymorum,Hierusolimorum,a,,,,,false
orthographic,chronicon:0.1.1.6.34.6,Antiochie,Antiochie,g,,,,,true
orthographic,chronicon:0.1.1.6.34.6,Antiochie,Antiocee,a,,,,,false
orthographic,chronicon:0.1.1.6.34.7,Antiocho,Antiocho,g,,,,,true
orthographic,chronicon:0.1.1.6.34.7,Antiocho,Antichio,a,,,,,false
orthographic,chronicon:0.1.1.6.34.12,maleuolis,maleuolis,g,,,,,true
orthographic,chronicon:0.1.1.6.34.12,maleuolis,maliuolis,a,,,,,false
orthographic,chronicon:0.1.1.6.34.13,solemniis,solemniis,g,,,,,true
orthographic,chronicon:0.1.1.6.34.13,solemniis,sollempniis,a,,,,,false
orthographic,chronicon:0.1.1.6.34.18,ualetudines,ualetudines,g,,,,,true
orthographic,chronicon:0.1.1.6.34.18,ualetudines,ualitudines,a,,,,,false
orthographic,chronicon:0.1.1.6.34.21,nihil,nihil,g,,,,,true
orthographic,chronicon:0.1.1.6.34.21,nihil,nichil,a,,,,,false
orthographic,chronicon:0.1.1.6.34.24,immunitates,immunitates,g,,,,,true
orthographic,chronicon:0.1.1.6.34.24,immunitates,inmunitates,a,,,,,false
orthographic,chronicon:0.1.1.6.34.32,sex,sex,g,,,,,true
orthographic,chronicon:0.1.1.6.34.32,sex,VI,a,,,,,false
orthographic,chronicon:0.1.1.6.36.3,quam plurimorum,quam plurimorum,a,,,,,true
orthographic,chronicon:0.1.1.6.36.3,quam plurimorum,quamplurimorum,g,,,,,false
orthographic,chronicon:0.1.1.6.36.9,Hierusolymam,Hierusolymam,g,,,,,true
orthographic,chronicon:0.1.1.6.36.9,Hierusolymam,Hierusolimam,a,,,,,false
orthographic,chronicon:0.1.1.6.36.10,Eliam,Eliam,g,,,,,true
orthographic,chronicon:0.1.1.6.36.10,Eliam,Heliam,a,,,,,false
orthographic,chronicon:0.1.1.6.36.11,Hierosolyme,Hierosolyme,g,,,,,true
orthographic,chronicon:0.1.1.6.36.11,Hierosolyme,Hierusolime,a,,,,,false
orthographic,chronicon:0.1.1.6.36.14,Marcus,Marcus,g,,,,,true
orthographic,chronicon:0.1.1.6.36.14,Marcus,Marchus,a,,,,,false
orthographic,chronicon:0.1.1.6.36.22,literis,literis,g,,,,,true
orthographic,chronicon:0.1.1.6.36.22,literis,litteris,a,,,,,false
orthographic,chronicon:0.1.1.6.36.27,martyrum,martyrum,g,,,,,true
orthographic,chronicon:0.1.1.6.36.27,martyrum,martirum,a,,,,,false
orthographic,chronicon:0.1.1.6.36.28,uindicat,uindicat,a,,,,,true
orthographic,chronicon:0.1.1.6.36.28,uindicat,uendicat,g,,,,,false
orthographic,chronicon:0.1.1.6.36.29,Xisti,Xisti,g,,,,,true
orthographic,chronicon:0.1.1.6.36.29,Xisti,Xysti,a,,,,,false
orthographic,chronicon:0.1.1.6.36.30,Thelesphorus,Thelesphorus,g,,,,,true
orthographic,chronicon:0.1.1.6.36.30,Thelesphorus,Thellesphorus,a,,,,,false
orthographic,chronicon:0.1.1.6.36.32,solemniis,solemniis,g,,,,,true
orthographic,chronicon:0.1.1.6.36.32,solemniis,sollempniis,a,,,,,false
orthographic,chronicon:0.1.1.6.36.33,Pascha,Pascha,,,pm,,,true
orthographic,chronicon:0.1.1.6.36.33,Pascha,pascha,g a,,,,,false
orthographic,chronicon:0.1.1.6.36.34,ebdomadibus,ebdomadibus,g,,,,,true
orthographic,chronicon:0.1.1.6.36.34,ebdomadibus,ebdomatibus,a,,,,,false
orthographic,chronicon:0.1.1.6.36.35,Natale,Natale,,,pm,,,true
orthographic,chronicon:0.1.1.6.36.35,Natale,natale,g a,,,,,false
orthographic,chronicon:0.1.1.6.38.27,Nicomediensis,Nicomediensis,,,pm,,,true
orthographic,chronicon:0.1.1.6.38.27,Nicomediensis,nicomediensis,g a,,,,,false
orthographic,chronicon:0.1.1.6.38.28,Appollonius,Appollonius,g,,,,,true
orthographic,chronicon:0.1.1.6.38.28,Appollonius,Apollonius,a,,,,,false
orthographic,chronicon:0.1.1.6.38.29,martyrio,martyrio,g,,,,,true
orthographic,chronicon:0.1.1.6.38.29,martyrio,martirio,a,,,,,false
orthographic,chronicon:0.1.1.6.39.1,Marcus,Marcus,g,,,,,true
orthographic,chronicon:0.1.1.6.39.1,Marcus,Marchus,a,,,,,false
orthographic,chronicon:0.1.1.6.39.2,administrauerunt,administrauerunt,g,,,,,true
orthographic,chronicon:0.1.1.6.39.2,administrauerunt,amministrauerunt,a,,,,,false
orthographic,chronicon:0.1.1.6.39.5,martyrium,martyrium,g,,,,,true
orthographic,chronicon:0.1.1.6.39.5,martyrium,martirium,a,,,,,false
orthographic,chronicon:0.1.1.6.39.10,exhausto,exhausto,g,,,,,true
orthographic,chronicon:0.1.1.6.39.10,exhausto,exausto,a,,,,,false
orthographic,chronicon:0.1.1.6.39.16,exibuisse,exibuisse,g,,,,,true
orthographic,chronicon:0.1.1.6.39.16,exibuisse,exhibuisse,a,,,,,false
orthographic,chronicon:0.1.1.6.41.0,VIII,VIII,g,,,,,true
orthographic,chronicon:0.1.1.6.41.0,VIII,octauo,a,,,,,false
orthographic,chronicon:0.1.1.6.41.3,paranymphis,paranymphis,g,,,,,true
orthographic,chronicon:0.1.1.6.41.3,paranymphis,paranimphis,a,,,,,false
orthographic,chronicon:0.1.1.6.41.5,martyrio,martyrio,g,,,,,true
orthographic,chronicon:0.1.1.6.41.5,martyrio,martirio,a,,,,,false
orthographic,chronicon:0.1.1.6.41.7,grecus,grecus,a,,,,,true
orthographic,chronicon:0.1.1.6.41.7,grecus,Grecus,g,,,,,false
orthographic,chronicon:0.1.1.6.41.8,martyrio,martyrio,g,,,,,true
orthographic,chronicon:0.1.1.6.41.8,martyrio,martirio,a,,,,,false
orthographic,chronicon:0.1.1.6.41.9,Eleutherium,Eleutherium,g,,,,,true
orthographic,chronicon:0.1.1.6.41.9,Eleutherium,Euletherium,a,,,,,false
orthographic,chronicon:0.1.1.6.41.12,Dionysius,Dionysius,g,,,,,true
orthographic,chronicon:0.1.1.6.41.12,Dionysius,Dionisius,a,,,,,false
orthographic,chronicon:0.1.1.6.41.13,rhetor,rhetor,g,,,,,true
orthographic,chronicon:0.1.1.6.41.13,rhetor,rethor,a,,,,,false
orthographic,chronicon:0.1.1.6.41.14,Smyrneus,Smyrneus,g,,,,,true
orthographic,chronicon:0.1.1.6.41.14,Smyrneus,Smirneus,a,,,,,false
orthographic,chronicon:0.1.1.6.42.3,amphitheatro,amphitheatro,g,,,,,true
orthographic,chronicon:0.1.1.6.42.3,amphitheatro,amphiteatro,a,,,,,false
orthographic,chronicon:0.1.1.6.42.4,sese,sese,a,,,,,true
orthographic,chronicon:0.1.1.6.42.4,sese,se se,g,,,,,false
orthographic,chronicon:0.1.1.6.42.12,Uir,Uir,,,pm,,,true
orthographic,chronicon:0.1.1.6.42.12,Uir,uir,g a,,,,,false
orthographic,chronicon:0.1.1.6.42.15,Pontem Moluium,Pontem Moluium,a,,,,,true
orthographic,chronicon:0.1.1.6.42.15,Pontem Moluium,Pontemmoluium,g,,,,,false
orthographic,chronicon:0.1.1.6.42.16,Theodocion,Theodocion,g,,,,,true
orthographic,chronicon:0.1.1.6.42.16,Theodocion,Theodotion,a,,,,,false
orthographic,chronicon:0.1.1.6.43.0,CLXIV,CLXIV,g,,,,,true
orthographic,chronicon:0.1.1.6.43.0,CLXIV,CLXCIV,a,,,,,false
orthographic,chronicon:0.1.1.6.43.6,administrationem,administrationem,g,,,,,true
orthographic,chronicon:0.1.1.6.43.6,administrationem,amministrationem,a,,,,,false
orthographic,chronicon:0.1.1.6.43.13,tyrannidem,tyrannidem,g,,,,,true
orthographic,chronicon:0.1.1.6.43.13,tyrannidem,tirannidem,a,,,,,false
orthographic,chronicon:0.1.1.6.43.18,Hierusolymorum,Hierusolymorum,g,,,,,true
orthographic,chronicon:0.1.1.6.43.18,Hierusolymorum,Hierusolimorum,a,,,,,false
orthographic,chronicon:0.1.1.6.43.21,Bachylus,Bachylus,g,,,,,true
orthographic,chronicon:0.1.1.6.43.21,Bachylus,Bachilus,a,,,,,false
orthographic,chronicon:0.1.1.6.45.1,Pascha,Pascha,,,pm,,,true
orthographic,chronicon:0.1.1.6.45.1,Pascha,pascha,g a,,,,,false
orthographic,chronicon:0.1.1.6.45.2,Eleuther,Eleuther,g,,,,,true
orthographic,chronicon:0.1.1.6.45.2,Eleuther,Eulether,a,,,,,false
orthographic,chronicon:0.1.1.6.45.5,Pascha,Pascha,,,pm,,,true
orthographic,chronicon:0.1.1.6.45.5,Pascha,pascha,g a,,,,,false
orthographic,chronicon:0.1.1.6.45.6,sinodicam,sinodicam,g,,,,,true
orthographic,chronicon:0.1.1.6.45.6,sinodicam,sidonicam,a,,,,,false
orthographic,chronicon:0.1.1.6.45.17,millia,millia,g,,,,,true
orthographic,chronicon:0.1.1.6.45.17,millia,milia,a,,,,,false
orthographic,chronicon:0.1.1.6.45.19,Symmachus,Symmachus,g,,,,,true
orthographic,chronicon:0.1.1.6.45.19,Symmachus,Symachus,a,,,,,false
orthographic,chronicon:0.1.1.6.46.1,Caracalla,Caracalla,g,,,,,true
orthographic,chronicon:0.1.1.6.46.1,Caracalla,Carecalla,a,,,,,false
orthographic,chronicon:0.1.1.6.46.5,Tertullianus,Tertullianus,g,,,,,true
orthographic,chronicon:0.1.1.6.46.5,Tertullianus,Terculianus,a,,,,,false
orthographic,chronicon:0.1.1.6.47.0,Calistus,Calistus,g,,,,,true
orthographic,chronicon:0.1.1.6.47.0,Calistus,Calixtus,a,,,,,false
orthographic,chronicon:0.1.1.6.47.1,Domitio,Domitio,g,,,,,true
orthographic,chronicon:0.1.1.6.47.1,Domitio,Domicio,a,,,,,false
orthographic,chronicon:0.1.1.6.47.4,hyemale,hyemale,a,,,,,true
orthographic,chronicon:0.1.1.6.47.4,hyemale,yemale,g,,,,,false
orthographic,chronicon:0.1.1.6.47.8,Decembris,Decembris,,,pm,,,true
orthographic,chronicon:0.1.1.6.47.8,Decembris,decembris,g a,,,,,false
orthographic,chronicon:0.1.1.6.47.15,cimiterio,cimiterio,a,,,,,true
orthographic,chronicon:0.1.1.6.47.15,cimiterio,Cimiterio,g,,,,,false
orthographic,chronicon:0.1.1.6.49.8,Callixtum,Callixtum,g,,,,,true
orthographic,chronicon:0.1.1.6.49.8,Callixtum,Calixtum,a,,,,,false
orthographic,chronicon:0.1.1.6.50.4,Xersem,Xersem,g,,,,,true
orthographic,chronicon:0.1.1.6.50.4,Xersem,Xersen,a,,,,,false
orthographic,chronicon:0.1.1.6.50.7,Mogonciacum,Mogonciacum,a,,,,,true
orthographic,chronicon:0.1.1.6.50.7,Mogonciacum,Moguntiacum,g,,,,,false
orthographic,chronicon:0.1.1.6.51.1,Antiochiam,Antiochiam,g,,,,,true
orthographic,chronicon:0.1.1.6.51.1,Antiochiam,Antiociam,a,,,,,false
orthographic,chronicon:0.1.1.6.51.4,damnatus,damnatus,g,,,,,true
orthographic,chronicon:0.1.1.6.51.4,damnatus,dampnatus,a,,,,,false
orthographic,chronicon:0.1.1.6.51.5,Antherus,Antherus,g,,,,,true
orthographic,chronicon:0.1.1.6.51.5,Antherus,Anterus,a,,,,,false
orthographic,chronicon:0.1.1.6.55.0,Antherum,Antherum,g,,,,,true
orthographic,chronicon:0.1.1.6.55.0,Antherum,Anterum,a,,,,,false
orthographic,chronicon:0.1.1.6.55.2,Chrisma,Chrisma,g,,,,,true
orthographic,chronicon:0.1.1.6.55.2,Chrisma,Crisma,a,,,,,false
orthographic,chronicon:0.1.1.6.56.4,Euphratem,Euphratem,g,,,,,true
orthographic,chronicon:0.1.1.6.56.4,Euphratem,Eufraten,a,,,,,false
orthographic,chronicon:0.1.1.6.56.6,Athenodorum,Athenodorum,g,,,,,true
orthographic,chronicon:0.1.1.6.56.6,Athenodorum,Athenadorum,a,,,,,false
orthographic,chronicon:0.1.1.6.57.0,Euphraten,Euphraten,g,,,,,true
orthographic,chronicon:0.1.1.6.57.0,Euphraten,Eufraten,a,,,,,false
orthographic,chronicon:0.1.1.6.57.1,incolumem,incolumem,a,,,,,true
orthographic,chronicon:0.1.1.6.57.1,incolumem,incolumen,g,,,,,false
orthographic,chronicon:0.1.1.6.57.9,commento,commento,g,,,,,true
orthographic,chronicon:0.1.1.6.57.9,commento,comento,a,,,,,false
orthographic,chronicon:0.1.1.6.57.10,Epicurum,Epicurum,g,,,,,true
orthographic,chronicon:0.1.1.6.57.10,Epicurum,Epycurum,a,,,,,false
orthographic,chronicon:0.1.1.6.57.11,Ieronymus,Ieronymus,g,,,,,true
orthographic,chronicon:0.1.1.6.57.11,Ieronymus,Ieronimus,a,,,,,false
orthographic,chronicon:0.1.1.6.57.29,Ostiensi,Ostiensi,g,,,,,true
orthographic,chronicon:0.1.1.6.57.29,Ostiensi,Hostiensi,a,,,,,false
orthographic,chronicon:0.1.1.6.57.30,damnatus,damnatus,g,,,,,true
orthographic,chronicon:0.1.1.6.57.30,damnatus,dampnatus,a,,,,,false
orthographic,chronicon:0.1.1.6.60.2,damnatus,damnatus,g,,,,,true
orthographic,chronicon:0.1.1.6.60.2,damnatus,dampnatus,a,,,,,false
orthographic,chronicon:0.1.1.6.61.2,Porphyrio,Porphyrio,g,,,,,true
orthographic,chronicon:0.1.1.6.61.2,Porphyrio,Porphirio,a,,,,,false
orthographic,chronicon:0.1.1.6.62.0,Xistus,Xistus,g,,,,,true
orthographic,chronicon:0.1.1.6.62.0,Xistus,Xystus,a,,,,,false
orthographic,chronicon:0.1.1.6.62.6,cemeterio,cemeterio,g,,,,,true
orthographic,chronicon:0.1.1.6.62.6,cemeterio,cimeterio,a,,,,,false
orthographic,chronicon:0.1.1.6.63.3,parochias,parochias,g,,,,,true
orthographic,chronicon:0.1.1.6.63.3,parochias,parrochias,a,,,,,false
orthographic,chronicon:0.1.1.6.64.0,Uolusianus,Uolusianus,g,,,,,true
orthographic,chronicon:0.1.1.6.64.0,Uolusianus,Bolusianus,a,,,,,false
orthographic,chronicon:0.1.1.6.64.3,nihil,nihil,g,,,,,true
orthographic,chronicon:0.1.1.6.64.3,nihil,nichil,a,,,,,false
orthographic,chronicon:0.1.1.6.64.4,pestilencia,pestilencia,g,,,,,true
orthographic,chronicon:0.1.1.6.64.4,pestilencia,pestilentia,a,,,,,false
orthographic,chronicon:0.1.1.6.65.0,Uolusiano,Uolusiano,g,,,,,true
orthographic,chronicon:0.1.1.6.65.0,Uolusiano,Bolusiano,a,,,,,false
orthographic,chronicon:0.1.1.6.65.1,Dionysius,Dionysius,g,,,,,true
orthographic,chronicon:0.1.1.6.65.1,Dionysius,Dionisius,a,,,,,false
orthographic,chronicon:0.1.1.6.66.2,Gallienus,Gallienus,g,,,,,true
orthographic,chronicon:0.1.1.6.66.2,Gallienus,Galienus,a,,,,,false
orthographic,chronicon:0.1.1.6.68.3,ilico,ilico,a,,,,,true
orthographic,chronicon:0.1.1.6.68.3,ilico,illico,g,,,,,false
orthographic,chronicon:0.1.1.6.68.4,damnatione,damnatione,g,,,,,true
orthographic,chronicon:0.1.1.6.68.4,damnatione,dampnatione,a,,,,,false
orthographic,chronicon:0.1.1.6.68.5,Gallienus,Gallienus,g,,,,,true
orthographic,chronicon:0.1.1.6.68.5,Gallienus,Galienus,a,,,,,false
orthographic,chronicon:0.1.1.6.68.6,abominanda,abominanda,g,,,,,true
orthographic,chronicon:0.1.1.6.68.6,abominanda,abhominanda,a,,,,,false
orthographic,chronicon:0.1.1.6.68.13,inuehuntur,inuehuntur,g,,,,,true
orthographic,chronicon:0.1.1.6.68.13,inuehuntur,inueuntur,a,,,,,false
orthographic,chronicon:0.1.1.6.68.22,tyranni,tyranni,g,,,,,true
orthographic,chronicon:0.1.1.6.68.22,tyranni,tiranni,a,,,,,false
orthographic,chronicon:0.1.1.6.68.25,Maguntiam,Maguntiam,g,,,,,true
orthographic,chronicon:0.1.1.6.68.25,Maguntiam,Magunciam,a,,,,,false
orthographic,chronicon:0.1.1.6.68.26,Postumii,Postumii,g,,,,,true
orthographic,chronicon:0.1.1.6.68.26,Postumii,Postunii,a,,,,,false
orthographic,chronicon:0.1.1.6.68.35,Gallienus,Gallienus,g,,,,,true
orthographic,chronicon:0.1.1.6.68.35,Gallienus,Galienus,a,,,,,false
orthographic,chronicon:0.1.1.6.69.6,Dionysius,Dionysius,g,,,,,true
orthographic,chronicon:0.1.1.6.69.6,Dionysius,Dionisius,a,,,,,false
orthographic,chronicon:0.1.1.6.69.7,Rome,Rome,a,,,,,true
orthographic,chronicon:0.1.1.6.69.7,Rome,Romae,g,,,,,false
orthographic,chronicon:0.1.1.6.69.9,Martirum,Martirum,g,,,,,true
orthographic,chronicon:0.1.1.6.69.9,Martirum,Martyrum,a,,,,,false
orthographic,chronicon:0.1.1.6.69.11,martirio,martirio,g,,,,,true
orthographic,chronicon:0.1.1.6.69.11,martirio,martyrio,a,,,,,false
orthographic,chronicon:0.1.1.6.69.17,que,que,a,,,,,true
orthographic,chronicon:0.1.1.6.69.17,que,quae,g,,,,,false
orthographic,chronicon:0.1.1.6.70.6,Illyricum,Illyricum,g,,,,,true
orthographic,chronicon:0.1.1.6.70.6,Illyricum,Illiricum,a,,,,,false
orthographic,chronicon:0.1.1.6.70.10,sylua,sylua,g,,,,,true
orthographic,chronicon:0.1.1.6.70.10,sylua,silua,a,,,,,false
orthographic,chronicon:0.1.1.6.70.11,clypeus,clypeus,g,,,,,true
orthographic,chronicon:0.1.1.6.70.11,clypeus,clippeus,a,,,,,false
orthographic,chronicon:0.1.1.6.70.13,Syrmium,Syrmium,g,,,,,true
orthographic,chronicon:0.1.1.6.70.13,Syrmium,Sirmium,a,,,,,false
orthographic,chronicon:0.1.1.6.70.14,disertissimus,disertissimus,g,,,,,true
orthographic,chronicon:0.1.1.6.70.14,disertissimus,dissertissimus,a,,,,,false
orthographic,chronicon:0.1.1.6.70.15,Antiochene,Antiochene,g,,,,,true
orthographic,chronicon:0.1.1.6.70.15,Antiochene,Antiocene,a,,,,,false
orthographic,chronicon:0.1.1.6.70.16,rhetoricam,rhetoricam,g,,,,,true
orthographic,chronicon:0.1.1.6.70.16,rhetoricam,retholicam,a,,,,,false
orthographic,chronicon:0.1.1.6.71.3,immodici,immodici,g,,,,,true
orthographic,chronicon:0.1.1.6.71.3,immodici,inmodici,a,,,,,false
orthographic,chronicon:0.1.1.6.71.4,propensioris,propensioris,a,,,,,true
orthographic,chronicon:0.1.1.6.71.4,propensioris,propensiors,g,,,,,false
orthographic,chronicon:0.1.1.6.71.9,Orientis,Orientis,,,pm,,,true
orthographic,chronicon:0.1.1.6.71.9,Orientis,orientis,g a,,,,,false
orthographic,chronicon:0.1.1.6.71.10,Aquilonis,Aquilonis,,,pm,,,true
orthographic,chronicon:0.1.1.6.71.10,Aquilonis,aquilonis,g a,,,,,false
orthographic,chronicon:0.1.1.6.73.6,trecentum quadraginta duos,trecentum quadraginta duos,g,,,,,true
orthographic,chronicon:0.1.1.6.73.6,trecentum quadraginta duos,CCCXLII,a,,,,,false
orthographic,chronicon:0.1.1.6.73.7,martirio,martirio,g,,,,,true
orthographic,chronicon:0.1.1.6.73.7,martirio,martyrio,a,,,,,false
orthographic,chronicon:0.1.1.6.74.3,Anatolius,Anatolius,g,,,,,true
orthographic,chronicon:0.1.1.6.74.3,Anatolius,Anatholius,a,,,,,false
orthographic,chronicon:0.1.1.6.74.4,Laodicee,Laodicee,g,,,,,true
orthographic,chronicon:0.1.1.6.74.4,Laodicee,Laodicie,a,,,,,false
orthographic,chronicon:0.1.1.6.74.5,Pascha,Pascha,,,pm,,,true
orthographic,chronicon:0.1.1.6.74.5,Pascha,pascha,g a,,,,,false
orthographic,chronicon:0.1.1.6.75.3,Oriente,Oriente,,,pm,,,true
orthographic,chronicon:0.1.1.6.75.3,Oriente,oriente,g a,,,,,false
orthographic,chronicon:0.1.1.6.76.2,Laodicenos,Laodicenos,g,,,,,true
orthographic,chronicon:0.1.1.6.76.2,Laodicenos,Laudicenos,a,,,,,false
orthographic,chronicon:0.1.1.6.77.1,tricesimus secundus,tricesimus secundus,g,,,,,true
orthographic,chronicon:0.1.1.6.77.1,tricesimus secundus,XXXII,a,,,,,false
orthographic,chronicon:0.1.1.6.77.5,nunciato,nunciato,g,,,,,true
orthographic,chronicon:0.1.1.6.77.5,nunciato,nuntiato,a,,,,,false
orthographic,chronicon:0.1.1.6.77.7,Orientem,Orientem,,,pm,,,true
orthographic,chronicon:0.1.1.6.77.7,Orientem,orientem,g a,,,,,false
orthographic,chronicon:0.1.1.6.77.13,impulsus,impulsus,g,,,,,true
orthographic,chronicon:0.1.1.6.77.13,impulsus,inpulsus,a,,,,,false
orthographic,chronicon:0.1.1.6.77.14,Illyrico,Illyrico,g,,,,,true
orthographic,chronicon:0.1.1.6.77.14,Illyrico,Illirico,a,,,,,false
orthographic,chronicon:0.1.1.6.77.15,Italia,Italia,g,,,,,true
orthographic,chronicon:0.1.1.6.77.15,Italia,Ytalia,a,,,,,false
orthographic,chronicon:0.1.1.6.77.18,Diocletiano,Diocletiano,g,,,,,true
orthographic,chronicon:0.1.1.6.77.18,Diocletiano,Dioclitiano,a,,,,,false
orthographic,chronicon:0.1.1.6.77.19,Diocletiani,Diocletiani,g,,,,,true
orthographic,chronicon:0.1.1.6.77.19,Diocletiani,Dioclitiani,a,,,,,false
orthographic,chronicon:0.1.1.6.77.22,accolytus,accolytus,g,,,,,true
orthographic,chronicon:0.1.1.6.77.22,accolytus,accolitus,a,,,,,false
orthographic,chronicon:0.1.1.6.77.24,Diocletiani,Diocletiani,g,,,,,true
orthographic,chronicon:0.1.1.6.77.24,Diocletiani,Dioclitiani,a,,,,,false
orthographic,chronicon:0.1.1.6.77.25,cryptis,cryptis,g,,,,,true
orthographic,chronicon:0.1.1.6.77.25,cryptis,criptis,a,,,,,false
orthographic,chronicon:0.1.1.6.78.2,Diocletianus,Diocletianus,g,,,,,true
orthographic,chronicon:0.1.1.6.78.2,Diocletianus,Dioclitianus,a,,,,,false
orthographic,chronicon:0.1.1.6.78.3,tricesimus tertius,tricesimus tertius,g,,,,,true
orthographic,chronicon:0.1.1.6.78.3,tricesimus tertius,XXXIII,a,,,,,false
orthographic,chronicon:0.1.1.6.78.4,Dalmatia,Dalmatia,g,,,,,true
orthographic,chronicon:0.1.1.6.78.4,Dalmatia,Dalmacia,a,,,,,false
orthographic,chronicon:0.1.1.6.78.8,Elianus,Elianus,g,,,,,true
orthographic,chronicon:0.1.1.6.78.8,Elianus,Helianus,a,,,,,false
orthographic,chronicon:0.1.1.6.78.10,agrestium,agrestium,g,,,,,true
orthographic,chronicon:0.1.1.6.78.10,agrestium,aggrestium,a,,,,,false
orthographic,chronicon:0.1.1.6.78.18,suspicionem,suspicionem,g,,,,,true
orthographic,chronicon:0.1.1.6.78.18,suspicionem,suspitionem,a,,,,,false
orthographic,chronicon:0.1.1.6.78.19,negligentia,negligentia,g,,,,,true
orthographic,chronicon:0.1.1.6.78.19,negligentia,neglegentia,a,,,,,false
orthographic,chronicon:0.1.1.6.78.22,Egypto,Egypto,g,,,,,true
orthographic,chronicon:0.1.1.6.78.22,Egypto,Egipto,a,,,,,false
orthographic,chronicon:0.1.1.6.78.24,Orientem,Orientem,,,pm,,,true
orthographic,chronicon:0.1.1.6.78.24,Orientem,orientem,g a,,,,,false
orthographic,chronicon:0.1.1.6.78.25,Diocletianus,Diocletianus,g,,,,,true
orthographic,chronicon:0.1.1.6.78.25,Diocletianus,Dioclitianus,a,,,,,false
orthographic,chronicon:0.1.1.6.78.26,Herculeum,Herculeum,g,,,,,true
orthographic,chronicon:0.1.1.6.78.26,Herculeum,Herculium,a,,,,,false
orthographic,chronicon:0.1.1.6.78.27,Herculei,Herculei,g,,,,,true
orthographic,chronicon:0.1.1.6.78.27,Herculei,Herculii,a,,,,,false
orthographic,chronicon:0.1.1.6.78.30,Diocletiani,Diocletiani,g,,,,,true
orthographic,chronicon:0.1.1.6.78.30,Diocletiani,Dioclitiani,a,,,,,false
orthographic,chronicon:0.1.1.6.78.31,Alecti,Alecti,g,,,,,true
orthographic,chronicon:0.1.1.6.78.31,Alecti,Allecti,a,,,,,false
orthographic,chronicon:0.1.1.6.78.34,Alamannis,Alamannis,g,,,,,true
orthographic,chronicon:0.1.1.6.78.34,Alamannis,Alammannis,a,,,,,false
orthographic,chronicon:0.1.1.6.78.36,millia,millia,g,,,,,true
orthographic,chronicon:0.1.1.6.78.36,millia,milia,a,,,,,false
orthographic,chronicon:0.1.1.6.78.37,Alamannorum,Alamannorum,g,,,,,true
orthographic,chronicon:0.1.1.6.78.37,Alamannorum,Alammannorum,a,,,,,false
orthographic,chronicon:0.1.1.6.78.38,Diocletianus,Diocletianus,g,,,,,true
orthographic,chronicon:0.1.1.6.78.38,Diocletianus,Dioclitianus,a,,,,,false
orthographic,chronicon:0.1.1.6.78.39,Egyptum,Egyptum,g,,,,,true
orthographic,chronicon:0.1.1.6.78.39,Egyptum,Egiptum,a,,,,,false
orthographic,chronicon:0.1.1.6.78.43,Carras,Carras,g,,,,,true
orthographic,chronicon:0.1.1.6.78.43,Carras,Charras,a,,,,,false
orthographic,chronicon:0.1.1.6.78.45,amissis,amissis,g,,,,,true
orthographic,chronicon:0.1.1.6.78.45,amissis,ammissis,a,,,,,false
orthographic,chronicon:0.1.1.6.78.46,Diocletianum,Diocletianum,g,,,,,true
orthographic,chronicon:0.1.1.6.78.46,Diocletianum,Dioclitianum,a,,,,,false
orthographic,chronicon:0.1.1.6.78.50,Illyricum,Illyricum,g,,,,,true
orthographic,chronicon:0.1.1.6.78.50,Illyricum,Illiricum,a,,,,,false
orthographic,chronicon:0.1.1.6.78.52,Mesiam,Mesiam,g,,,,,true
orthographic,chronicon:0.1.1.6.78.52,Mesiam,Moesiam,a,,,,,false
orthographic,chronicon:0.1.1.6.78.55,immensam,immensam,g,,,,,true
orthographic,chronicon:0.1.1.6.78.55,immensam,inmensam,a,,,,,false
orthographic,chronicon:0.1.1.6.78.57,Diocletiano,Diocletiano,g,,,,,true
orthographic,chronicon:0.1.1.6.78.57,Diocletiano,Dioclitiano,a,,,,,false
orthographic,chronicon:0.1.1.6.78.62,Diocletianus,Diocletianus,g,,,,,true
orthographic,chronicon:0.1.1.6.78.62,Diocletianus,Dioclitianus,a,,,,,false
orthographic,chronicon:0.1.1.6.78.65,solertissimus,solertissimus,g,,,,,true
orthographic,chronicon:0.1.1.6.78.65,solertissimus,sollertissimus,a,,,,,false
orthographic,app71-in-g73.7-74.20,calciamentisque,calciamentisque,a,,,,,true
orthographic,app71-in-g73.7-74.20,calciamentisque,calceamentisque,g,,,,,false
orthographic,chronicon:0.1.1.6.80.0,Diocletianus,Diocletianus,g,,,,,true
orthographic,chronicon:0.1.1.6.80.0,Diocletianus,Dioclitianus,a,,,,,false
orthographic,chronicon:0.1.1.6.80.1,Oriente,Oriente,,,pm,,,true
orthographic,chronicon:0.1.1.6.80.1,Oriente,oriente,g a,,,,,false
orthographic,chronicon:0.1.1.6.80.2,Occidente,Occidente,,,pm,,,true
orthographic,chronicon:0.1.1.6.80.2,Occidente,occidente,g a,,,,,false
orthographic,chronicon:0.1.1.6.80.12,lacrymis,lacrymis,g,,,,,true
orthographic,chronicon:0.1.1.6.80.12,lacrymis,lacrimis,a,,,,,false
orthographic,chronicon:0.1.1.6.80.18,Absit,Absit,,,pm,,,true
orthographic,chronicon:0.1.1.6.80.18,Absit,absit,g a,,,,,false
orthographic,chronicon:0.1.1.6.80.19,idolatriam,idolatriam,a,,,,,true
orthographic,chronicon:0.1.1.6.80.19,idolatriam,Idolatriam,g,,,,,false
orthographic,chronicon:0.1.1.6.80.21,Diocletianum,Diocletianum,g,,,,,true
orthographic,chronicon:0.1.1.6.80.21,Diocletianum,Dioclitianum,a,,,,,false
orthographic,chronicon:0.1.1.6.80.24,At,At,,,pm,,,true
orthographic,chronicon:0.1.1.6.80.24,At,at,g a,,,,,false
orthographic,chronicon:0.1.1.6.80.25,Quis,Quis,,,pm,,,true
orthographic,chronicon:0.1.1.6.80.25,Quis,quis,g a,,,,,false
orthographic,chronicon:0.1.1.6.80.27,Et,Et,,,pm,,,true
orthographic,chronicon:0.1.1.6.80.27,Et,et,g a,,,,,false
orthographic,chronicon:0.1.1.6.80.30,At,At,,,pm,,,true
orthographic,chronicon:0.1.1.6.80.30,At,at,g a,,,,,false
orthographic,chronicon:0.1.1.6.80.34,Multum,Multum,,,pm,,,true
orthographic,chronicon:0.1.1.6.80.34,Multum,multum,g a,,,,,false
orthographic,chronicon:0.1.1.6.81.6,Diocletianus,Diocletianus,g,,,,,true
orthographic,chronicon:0.1.1.6.81.6,Diocletianus,Dioclitianus,a,,,,,false
orthographic,chronicon:0.1.1.6.81.7,parochias,parochias,g,,,,,true
orthographic,chronicon:0.1.1.6.81.7,parochias,parrochias,a,,,,,false
orthographic,chronicon:0.1.1.6.81.8,pulcherrimam,pulcherrimam,g,,,,,true
orthographic,chronicon:0.1.1.6.81.8,pulcherrimam,pulcerrimam,a,,,,,false
orthographic,chronicon:0.1.1.6.81.10,Mauritius,Mauritius,g,,,,,true
orthographic,chronicon:0.1.1.6.81.10,Mauritius,Mauricius,a,,,,,false
orthographic,chronicon:0.1.1.6.81.18,Diocletianus,Diocletianus,g,,,,,true
orthographic,chronicon:0.1.1.6.81.18,Diocletianus,Dioclitianus,a,,,,,false
orthographic,chronicon:0.1.1.6.81.21,Diocletianus,Diocletianus,g,,,,,true
orthographic,chronicon:0.1.1.6.81.21,Diocletianus,Dioclitianus,a,,,,,false
orthographic,chronicon:0.1.1.6.81.23,annum,annum,g,,,,,true
orthographic,chronicon:0.1.1.6.81.23,annum,anum,a,,,,,false
orthographic,chronicon:0.1.1.6.81.24,Diocletianus,Diocletianus,g,,,,,true
orthographic,chronicon:0.1.1.6.81.24,Diocletianus,Dioclitianus,a,,,,,false
orthographic,chronicon:0.1.1.6.81.26,Herculeo,Herculeo,g,,,,,true
orthographic,chronicon:0.1.1.6.81.26,Herculeo,Herculio,a,,,,,false
orthographic,chronicon:0.1.1.6.81.29,temtandum,temtandum,g,,,,,true
orthographic,chronicon:0.1.1.6.81.29,temtandum,temptandum,a,,,,,false
orthographic,chronicon:0.1.1.6.81.32,Illyricum,Illyricum,g,,,,,true
orthographic,chronicon:0.1.1.6.81.32,Illyricum,Illiricum,a,,,,,false
orthographic,chronicon:0.1.1.6.81.34,Orientem,Orientem,,,pm,,,true
orthographic,chronicon:0.1.1.6.81.34,Orientem,orientem,g a,,,,,false
orthographic,chronicon:0.1.1.6.81.44,Diocletiani,Diocletiani,g,,,,,true
orthographic,chronicon:0.1.1.6.81.44,Diocletiani,Dioclitiani,a,,,,,false
orthographic,chronicon:0.1.1.6.81.49,administrationem,administrationem,g,,,,,true
orthographic,chronicon:0.1.1.6.81.49,administrationem,amministrationem,a,,,,,false
orthographic,chronicon:0.1.1.6.81.54,Illyrico,Illyrico,g,,,,,true
orthographic,chronicon:0.1.1.6.81.54,Illyrico,Illirico,a,,,,,false
orthographic,chronicon:0.1.1.6.81.58,madii,madii,g,,,,,true
orthographic,chronicon:0.1.1.6.81.58,madii,magii,a,,,,,false
orthographic,chronicon:0.1.1.6.82.2,quinta,quinta,g,,,,,true
orthographic,chronicon:0.1.1.6.82.2,quinta,V,a,,,,,false
orthographic,chronicon:0.1.1.6.82.5,Antiochenus,Antiochenus,g,,,,,true
orthographic,chronicon:0.1.1.6.82.5,Antiochenus,Antiocenus,a,,,,,false
orthographic,chronicon:0.1.1.6.82.7,Thimotheus,Thimotheus,g,,,,,true
orthographic,chronicon:0.1.1.6.82.7,Thimotheus,Timotheus,a,,,,,false
orthographic,chronicon:0.1.1.6.83.5,Masentio,Masentio,g,,,,,true
orthographic,chronicon:0.1.1.6.83.5,Masentio,Maxentio,a,,,,,false
orthographic,chronicon:0.1.1.6.84.3,pronunciant,pronunciant,g,,,,,true
orthographic,chronicon:0.1.1.6.84.3,pronunciant,pronuntiant,a,,,,,false
orthographic,chronicon:0.1.1.6.84.5,Scitharum,Scitharum,g,,,,,true
orthographic,chronicon:0.1.1.6.84.5,Scitharum,Sitharum,a,,,,,false
orthographic,chronicon:0.1.1.6.84.8,reperiatur,reperiatur,g,,,,,true
orthographic,chronicon:0.1.1.6.84.8,reperiatur,repperiatur,a,,,,,false
orthographic,chronicon:0.1.1.6.84.12,et,et,a,,,,,true
orthographic,chronicon:0.1.1.6.84.12,et,Et,g,,,,,false
orthographic,chronicon:0.1.1.6.84.18,historia,historia,g,,,,,true
orthographic,chronicon:0.1.1.6.84.18,historia,hystoria,a,,,,,false
orthographic,chronicon:0.1.1.6.84.19,tripertita,tripertita,a,,,,,true
orthographic,chronicon:0.1.1.6.84.19,tripertita,tripartita,g,,,,,false
orthographic,chronicon:0.1.1.6.84.21,abhorret,abhorret,g,,,,,true
orthographic,chronicon:0.1.1.6.84.21,abhorret,aborret,a,,,,,false
orthographic,chronicon:0.1.1.6.84.29,Bythinie,Bythinie,g,,,,,true
orthographic,chronicon:0.1.1.6.84.29,Bythinie,Bithinie,a,,,,,false
orthographic,chronicon:0.1.1.6.84.30,trecentum decem,trecentum decem,g,,,,,true
orthographic,chronicon:0.1.1.6.84.30,trecentum decem,CCCX,a,,,,,false
orthographic,chronicon:0.1.1.6.84.31,octo,octo,g,,,,,true
orthographic,chronicon:0.1.1.6.84.31,octo,VIII,a,,,,,false
orthographic,chronicon:0.1.1.6.84.32,damnauerunt,damnauerunt,g,,,,,true
orthographic,chronicon:0.1.1.6.84.32,damnauerunt,dampnauerunt,a,,,,,false
orthographic,chronicon:0.1.1.6.84.36,ducentos,ducentos,g,,,,,true
orthographic,chronicon:0.1.1.6.84.36,ducentos,CC,a,,,,,false
orthographic,chronicon:0.1.1.6.84.39,chrisma,chrisma,g,,,,,true
orthographic,chronicon:0.1.1.6.84.39,chrisma,crisma,a,,,,,false
orthographic,chronicon:0.1.1.6.84.41,condemnaretur,condemnaretur,g,,,,,true
orthographic,chronicon:0.1.1.6.84.41,condemnaretur,condempnaretur,a,,,,,false
orthographic,chronicon:0.1.1.6.84.46,syndone,syndone,g,,,,,true
orthographic,chronicon:0.1.1.6.84.46,syndone,sindone,a,,,,,false
orthographic,chronicon:0.1.1.6.84.51,triginta,triginta,g,,,,,true
orthographic,chronicon:0.1.1.6.84.51,triginta,XXX,a,,,,,false
orthographic,chronicon:0.1.1.6.85.5,literis,literis,g,,,,,true
orthographic,chronicon:0.1.1.6.85.5,literis,litteris,a,,,,,false
orthographic,chronicon:0.1.1.6.85.12,deditionem,deditionem,g,,,,,true
orthographic,chronicon:0.1.1.6.85.12,deditionem,dedicionem,a,,,,,false
orthographic,chronicon:0.1.1.6.85.18,seditionem,seditionem,g,,,,,true
orthographic,chronicon:0.1.1.6.85.18,seditionem,sedicionem,a,,,,,false
orthographic,chronicon:0.1.1.6.85.27,expers,expers,a,,,,,true
orthographic,chronicon:0.1.1.6.85.27,expers,espers,g,,,,,false
orthographic,chronicon:0.1.1.6.86.3,Cypro,Cypro,g,,,,,true
orthographic,chronicon:0.1.1.6.86.3,Cypro,Cipro,a,,,,,false
orthographic,chronicon:0.1.1.6.86.6,Dalmatium,Dalmatium,g,,,,,true
orthographic,chronicon:0.1.1.6.86.6,Dalmatium,Dalmacium,a,,,,,false
orthographic,chronicon:0.1.1.6.86.7,dispositam,dispositam,g,,,,,true
orthographic,chronicon:0.1.1.6.86.7,dispositam,dispositamm,a,,,,,false
orthographic,chronicon:0.1.1.6.87.3,IV,IV,g,,,,,true
orthographic,chronicon:0.1.1.6.87.3,IV,quattuor,a,,,,,false
orthographic,chronicon:0.1.1.6.87.5,hastas,hastas,g,,,,,true
orthographic,chronicon:0.1.1.6.87.5,hastas,astas,a,,,,,false
orthographic,chronicon:0.1.1.6.87.15,columna,columna,g,,,,,true
orthographic,chronicon:0.1.1.6.87.15,columna,columpna,a,,,,,false
orthographic,chronicon:0.1.1.6.87.24,ecce,ecce,a,,,,,true
orthographic,chronicon:0.1.1.6.87.24,ecce,Ecce,g,,,,,false
orthographic,chronicon:0.1.1.6.87.27,Timiamatherium,Timiamatherium,g,,,,,true
orthographic,chronicon:0.1.1.6.87.27,Timiamatherium,Timiamaterium,a,,,,,false
orthographic,chronicon:0.1.1.6.87.29,hiacyntinis,hiacyntinis,g,,,,,true
orthographic,chronicon:0.1.1.6.87.29,hiacyntinis,iacinthis,a,,,,,false
orthographic,chronicon:0.1.1.6.87.30,obtulit,obtulit,g,,,,,true
orthographic,chronicon:0.1.1.6.87.30,obtulit,optulit,a,,,,,false
orthographic,chronicon:0.1.1.6.88.0,Cypro,Cypro,g,,,,,true
orthographic,chronicon:0.1.1.6.88.0,Cypro,Cipro,a,,,,,false
orthographic,chronicon:0.1.1.6.88.6,uitineas,uitineas,g,,,,,true
orthographic,chronicon:0.1.1.6.88.6,uitineas,uiteneas,a,,,,,false
orthographic,chronicon:0.1.1.6.91.2,obtulit,obtulit,g,,,,,true
orthographic,chronicon:0.1.1.6.91.2,obtulit,optulit,a,,,,,false
orthographic,chronicon:0.1.1.6.91.6,Tyria,Tyria,g,,,,,true
orthographic,chronicon:0.1.1.6.91.6,Tyria,Tiria,a,,,,,false
orthographic,chronicon:0.1.1.6.91.9,quatuor,quatuor,g,,,,,true
orthographic,chronicon:0.1.1.6.91.9,quatuor,IV,a,,,,,false
orthographic,chronicon:0.1.1.6.91.10,quatuor,quatuor,g,,,,,true
orthographic,chronicon:0.1.1.6.91.10,quatuor,IV,a,,,,,false
orthographic,chronicon:0.1.1.6.93.6,mille,mille,g,,,,,true
orthographic,chronicon:0.1.1.6.93.6,mille,M,a,,,,,false
orthographic,chronicon:0.1.1.6.93.7,obtulit,obtulit,g,,,,,true
orthographic,chronicon:0.1.1.6.93.7,obtulit,optulit,a,,,,,false
orthographic,chronicon:0.1.1.6.98.6,natalitiis,natalitiis,g,,,,,true
orthographic,chronicon:0.1.1.6.98.6,natalitiis,nataliciis,a,,,,,false
orthographic,chronicon:0.1.1.6.99.3,Primiscrinium,Primiscrinium,a,,,,,true
orthographic,chronicon:0.1.1.6.99.3,Primiscrinium,Primi-scrinium,g,,,,,false
orthographic,chronicon:0.1.1.6.100.3,Dalmatius,Dalmatius,g,,,,,true
orthographic,chronicon:0.1.1.6.100.3,Dalmatius,Dalmacius,a,,,,,false
orthographic,chronicon:0.1.1.6.100.6,inicio,inicio,g,,,,,true
orthographic,chronicon:0.1.1.6.100.6,inicio,initio,a,,,,,false
orthographic,chronicon:0.1.1.6.100.10,Constancii,Constancii,g,,,,,true
orthographic,chronicon:0.1.1.6.100.10,Constancii,Constantii,a,,,,,false
orthographic,chronicon:0.1.1.6.101.7,inperatorie,inperatorie,g,,,,,true
orthographic,chronicon:0.1.1.6.101.7,inperatorie,imperatorie,a,,,,,false
orthographic,chronicon:0.1.1.6.103.15,potencialiter,potencialiter,g,,,,,true
orthographic,chronicon:0.1.1.6.103.15,potencialiter,potentialiter,a,,,,,false
orthographic,chronicon:0.1.1.6.104.5,martirio,martirio,g,,,,,true
orthographic,chronicon:0.1.1.6.104.5,martirio,martyrio,a,,,,,false
orthographic,chronicon:0.1.1.6.104.7,Orientis,Orientis,,,pm,,,true
orthographic,chronicon:0.1.1.6.104.7,Orientis,orientis,g a,,,,,false
orthographic,chronicon:0.1.1.6.104.9,seditione,seditione,g,,,,,true
orthographic,chronicon:0.1.1.6.104.9,seditione,sedictione,a,,,,,false
orthographic,chronicon:0.1.1.6.104.14,Magnentii,Magnentii,g,,,,,true
orthographic,chronicon:0.1.1.6.104.14,Magnentii,Magnencii,a,,,,,false
orthographic,chronicon:0.1.1.6.105.0,Magnentius,Magnentius,g,,,,,true
orthographic,chronicon:0.1.1.6.105.0,Magnentius,Magnencius,a,,,,,false
orthographic,chronicon:0.1.1.6.105.5,iucundum,iucundum,g,,,,,true
orthographic,chronicon:0.1.1.6.105.5,iucundum,iocundum,a,,,,,false
orthographic,chronicon:0.1.1.6.105.6,literas,literas,g,,,,,true
orthographic,chronicon:0.1.1.6.105.6,literas,litteras,a,,,,,false
orthographic,chronicon:0.1.1.6.105.8,literarum,literarum,g,,,,,true
orthographic,chronicon:0.1.1.6.105.8,literarum,litterarum,a,,,,,false
orthographic,chronicon:0.1.1.6.105.11,Magnentium,Magnentium,g,,,,,true
orthographic,chronicon:0.1.1.6.105.11,Magnentium,Magnencium,a,,,,,false
orthographic,chronicon:0.1.1.6.105.12,literis,literis,g,,,,,true
orthographic,chronicon:0.1.1.6.105.12,literis,litteris,a,,,,,false
orthographic,chronicon:0.1.1.6.105.15,Nepotianus,Nepotianus,g,,,,,true
orthographic,chronicon:0.1.1.6.105.15,Nepotianus,Nepocianus,a,,,,,false
orthographic,chronicon:0.1.1.6.105.18,Magnentianis,Magnentianis,g,,,,,true
orthographic,chronicon:0.1.1.6.105.18,Magnentianis,Magnencianis,a,,,,,false
orthographic,chronicon:0.1.1.6.105.23,Magnentius,Magnentius,g,,,,,true
orthographic,chronicon:0.1.1.6.105.23,Magnentius,Magnencius,a,,,,,false
orthographic,chronicon:0.1.1.6.105.28,inhiantem,inhiantem,g,,,,,true
orthographic,chronicon:0.1.1.6.105.28,inhiantem,iniantem,a,,,,,false
orthographic,chronicon:0.1.1.6.105.35,Rheno,Rheno,g,,,,,true
orthographic,chronicon:0.1.1.6.105.35,Rheno,Reno,a,,,,,false
orthographic,chronicon:0.1.1.6.105.39,expeditione,expeditione,g,,,,,true
orthographic,chronicon:0.1.1.6.105.39,expeditione,expedicione,a,,,,,false
orthographic,chronicon:0.1.1.6.107.1,Hilarius,Hilarius,g,,,,,true
orthographic,chronicon:0.1.1.6.107.1,Hilarius,Hylarius,a,,,,,false
orthographic,chronicon:0.1.1.6.107.2,Phrigia,Phrigia,g,,,,,true
orthographic,chronicon:0.1.1.6.107.2,Phrigia,Frigia,a,,,,,false
orthographic,chronicon:0.1.1.6.108.3,Hierosolymis,Hierosolymis,g,,,,,true
orthographic,chronicon:0.1.1.6.108.3,Hierosolymis,Ierosolimis,a,,,,,false
orthographic,chronicon:0.1.1.6.108.9,insequenti,insequenti,a,,,,,true
orthographic,chronicon:0.1.1.6.108.9,insequenti,in sequenti,g,,,,,false
orthographic,chronicon:0.1.1.6.108.13,Philippum,Philippum,a,,,,,true
orthographic,chronicon:0.1.1.6.108.13,Philippum,Philppum,g,,,,,false
orthographic,chronicon:0.1.1.6.109.6,conditiones,conditiones,g,,,,,true
orthographic,chronicon:0.1.1.6.109.6,conditiones,condiciones,a,,,,,false
orthographic,chronicon:0.1.1.6.120.8,comessationes,comessationes,g,,,,,true
orthographic,chronicon:0.1.1.6.120.8,comessationes,comesationes,a,,,,,false
orthographic,chronicon:0.1.1.6.120.9,nupcias,nupcias,g,,,,,true
orthographic,chronicon:0.1.1.6.120.9,nupcias,nuptias,a,,,,,false
orthographic,chronicon:0.1.1.6.120.13,Litteris,Litteris,a,,,,,true
orthographic,chronicon:0.1.1.6.120.13,Litteris,literis,g,,,,,false
orthographic,chronicon:0.1.1.6.120.15,quatuor,quatuor,g,,,,,true
orthographic,chronicon:0.1.1.6.120.15,quatuor,quattuor,a,,,,,false
orthographic,chronicon:0.1.1.6.120.16,litheras,litheras,g,,,,,true
orthographic,chronicon:0.1.1.6.120.16,litheras,litteras,a,,,,,false
orthographic,chronicon:0.1.1.6.120.18,spacio,spacio,g,,,,,true
orthographic,chronicon:0.1.1.6.120.18,spacio,spatio,a,,,,,false
orthographic,chronicon:0.1.1.6.120.24,tyrannis,tyrannis,g,,,,,true
orthographic,chronicon:0.1.1.6.120.24,tyrannis,tirannis,a,,,,,false
orthographic,chronicon:0.1.1.6.120.26,tamquam,tamquam,g,,,,,true
orthographic,chronicon:0.1.1.6.120.26,tamquam,tanquam,a,,,,,false
orthographic,chronicon:0.1.1.6.120.36,iucundos,iucundos,g,,,,,true
orthographic,chronicon:0.1.1.6.120.36,iucundos,iocundos,a,,,,,false
orthographic,chronicon:0.1.1.6.120.41,solemniis,solemniis,g,,,,,true
orthographic,chronicon:0.1.1.6.120.41,solemniis,sollemniis,a,,,,,false
orthographic,chronicon:0.1.1.6.120.47,Arcadio,Arcadio,g,,,,,true
orthographic,chronicon:0.1.1.6.120.47,Arcadio,Archadio,a,,,,,false
orthographic,chronicon:0.1.1.6.121.3,Constituit,Constituit,,,pm,,,true
orthographic,chronicon:0.1.1.6.121.3,Constituit,constituit,g a,,,,,false
orthographic,chronicon:0.1.1.6.121.6,Cemeterio,Cemeterio,g,,,,,true
orthographic,chronicon:0.1.1.6.121.6,Cemeterio,Cimiterio,a,,,,,false
orthographic,chronicon:0.1.1.6.121.7,Hieronimus,Hieronimus,g,,,,,true
orthographic,chronicon:0.1.1.6.121.7,Hieronimus,Ieronimus,a,,,,,false
orthographic,chronicon:0.1.1.6.121.8,hystorie,hystorie,g,,,,,true
orthographic,chronicon:0.1.1.6.121.8,hystorie,ystorie,a,,,,,false
orthographic,chronicon:0.1.1.6.122.1,Arcadius,Arcadius,g,,,,,true
orthographic,chronicon:0.1.1.6.122.1,Arcadius,Archadius,a,,,,,false
orthographic,chronicon:0.1.1.6.122.2,Occidente,Occidente,,,pm,,,true
orthographic,chronicon:0.1.1.6.122.2,Occidente,occidente,g a,,,,,false
orthographic,chronicon:0.1.1.6.122.9,Arcadius,Arcadius,g,,,,,true
orthographic,chronicon:0.1.1.6.122.9,Arcadius,Archadius,a,,,,,false
orthographic,chronicon:0.1.1.6.122.10,Abacuc,Abacuc,g,,,,,true
orthographic,chronicon:0.1.1.6.122.10,Abacuc,Abbacuc,a,,,,,false
orthographic,chronicon:0.1.1.6.123.0,Catafrygas,Catafrygas,g,,,,,true
orthographic,chronicon:0.1.1.6.123.0,Catafrygas,Catafrigas,a,,,,,false
orthographic,chronicon:0.1.1.6.123.3,christiana,christiana,a,,,,,true
orthographic,chronicon:0.1.1.6.123.3,christiana,chrtstiana,g,,,,,false
orthographic,chronicon:0.1.1.6.123.4,solempnia,solempnia,g,,,,,true
orthographic,chronicon:0.1.1.6.123.4,solempnia,sollempnia,a,,,,,false
orthographic,chronicon:0.1.1.6.123.7,perhorrescens,perhorrescens,g,,,,,true
orthographic,chronicon:0.1.1.6.123.7,perhorrescens,perorrescens,a,,,,,false
orthographic,chronicon:0.1.1.6.123.16,somnis,somnis,g,,,,,true
orthographic,chronicon:0.1.1.6.123.16,somnis,sompnis,a,,,,,false
orthographic,chronicon:0.1.1.6.123.18,deditionem,deditionem,g,,,,,true
orthographic,chronicon:0.1.1.6.123.18,deditionem,dedicionem,a,,,,,false
orthographic,chronicon:0.1.1.6.123.25,temptaret,temptaret,a,,,,,true
orthographic,chronicon:0.1.1.6.123.25,temptaret,tentaret,g,,,,,false
orthographic,chronicon:0.1.1.6.123.27,Scytha,Scytha,g,,,,,true
orthographic,chronicon:0.1.1.6.123.27,Scytha,Sitha,a,,,,,false
orthographic,chronicon:0.1.1.6.123.36,ilico,ilico,a,,,,,true
orthographic,chronicon:0.1.1.6.123.36,ilico,illico,g,,,,,false
orthographic,app49-in-g93.21-96.11,urgente,urgente,g,,,,,true
orthographic,app49-in-g93.21-96.11,urgente,urguente,a,,,,,false
orthographic,chronicon:0.1.1.6.123.50,Radagaisus,Radagaisus,g,,,,,true
orthographic,chronicon:0.1.1.6.123.50,Radagaisus,Ragadaisus,a,,,,,false
orthographic,chronicon:0.1.1.6.123.52,ac,ac,g,,,,,true
orthographic,chronicon:0.1.1.6.123.52,ac,at,a,,,,,false
orthographic,chronicon:0.1.1.6.123.58,pubblice,pubblice,g,,,,,true
orthographic,chronicon:0.1.1.6.123.58,pubblice,publice,a,,,,,false
orthographic,chronicon:0.1.1.6.123.61,summam,summam,a,,,,,true
orthographic,chronicon:0.1.1.6.123.61,summam,Summam,g,,,,,false
orthographic,chronicon:0.1.1.6.123.62,Pasche,Pasche,g,,,,,true
orthographic,chronicon:0.1.1.6.123.62,Pasche,Pasce,a,,,,,false
orthographic,chronicon:0.1.1.6.123.64,coarctantur,coarctantur,g,,,,,true
orthographic,chronicon:0.1.1.6.123.64,coarctantur,coartantur,a,,,,,false
orthographic,chronicon:0.1.1.6.123.66,deuastat,deuastat,g,,,,,true
orthographic,chronicon:0.1.1.6.123.66,deuastat,diuastat,a,,,,,false
orthographic,chronicon:0.1.1.6.123.75,conditionis,conditionis,g,,,,,true
orthographic,chronicon:0.1.1.6.123.75,conditionis,condicionis,a,,,,,false
orthographic,chronicon:0.1.1.6.123.80,bacchantes,bacchantes,g,,,,,true
orthographic,chronicon:0.1.1.6.123.80,bacchantes,bachantes,a,,,,,false
orthographic,chronicon:0.1.1.6.123.83,Athaulfum,Athaulfum,g,,,,,true
orthographic,chronicon:0.1.1.6.123.83,Athaulfum,Athahulfum,a,,,,,false
orthographic,chronicon:0.1.1.6.123.86,Athaulfus,Athaulfus,g,,,,,true
orthographic,chronicon:0.1.1.6.123.86,Athaulfus,Athahulfus,a,,,,,false
orthographic,chronicon:0.1.1.6.123.87,Forum cornelii,Forum cornelii,a,,,,,true
orthographic,chronicon:0.1.1.6.123.87,Forum cornelii,Forum-cornelii,g,,,,,false
orthographic,chronicon:0.1.1.6.123.92,Barcilonem,Barcilonem,g,,,,,true
orthographic,chronicon:0.1.1.6.123.92,Barcilonem,Barzilonem,a,,,,,false
orthographic,chronicon:0.1.1.6.123.94,Wandalorum,Wandalorum,g,,,,,true
orthographic,chronicon:0.1.1.6.123.94,Wandalorum,Guandalorum,a,,,,,false
orthographic,chronicon:0.1.1.6.123.95,parui pendens,parui pendens,a,,,,,true
orthographic,chronicon:0.1.1.6.123.95,parui pendens,paruipendens,g,,,,,false
orthographic,chronicon:0.1.1.6.123.98,Wandalos,Wandalos,g,,,,,true
orthographic,chronicon:0.1.1.6.123.98,Wandalos,Guandalos,a,,,,,false
orthographic,chronicon:0.1.1.6.124.0,Abrahamo,Abrahamo,g,,,,,true
orthographic,chronicon:0.1.1.6.124.0,Abrahamo,Abramio,a,,,,,false
orthographic,chronicon:0.1.1.6.124.3,beati,beati,a,,,,,true
orthographic,chronicon:0.1.1.6.124.3,beati,beatii,g,,,,,false
orthographic,chronicon:0.1.1.6.124.4,Laurenti,Laurenti,g,,,,,true
orthographic,chronicon:0.1.1.6.124.4,Laurenti,Laurentii,a,,,,,false
orthographic,chronicon:0.1.1.6.125.12,cemeterio,cemeterio,g,,,,,true
orthographic,chronicon:0.1.1.6.125.12,cemeterio,cimiterio,a,,,,,false
orthographic,chronicon:0.1.1.6.125.15,tyrannus,tyrannus,g,,,,,true
orthographic,chronicon:0.1.1.6.125.15,tyrannus,tirannus,a,,,,,false
orthographic,chronicon:0.1.1.6.125.21,tyranno,tyranno,g,,,,,true
orthographic,chronicon:0.1.1.6.125.21,tyranno,tiranno,a,,,,,false
orthographic,chronicon:0.1.1.6.125.28,Gerontio,Gerontio,g,,,,,true
orthographic,chronicon:0.1.1.6.125.28,Gerontio,Geroncio,a,,,,,false
orthographic,chronicon:0.1.1.6.125.29,Gerontius,Gerontius,g,,,,,true
orthographic,chronicon:0.1.1.6.125.29,Gerontius,Ieroncius,a,,,,,false
orthographic,chronicon:0.1.1.6.125.30,quemdam,quemdam,g,,,,,true
orthographic,chronicon:0.1.1.6.125.30,quemdam,quendam,a,,,,,false
orthographic,chronicon:0.1.1.6.125.34,Carthaginem,Carthaginem,g,,,,,true
orthographic,chronicon:0.1.1.6.125.34,Carthaginem,Cartaginem,a,,,,,false
orthographic,chronicon:0.1.1.6.125.40,Nicodemi,Nicodemi,g,,,,,true
orthographic,chronicon:0.1.1.6.125.40,Nicodemi,Nichodemi,a,,,,,false
orthographic,chronicon:0.1.1.6.125.42,apostolorum,apostolorum,a,,,,,true
orthographic,chronicon:0.1.1.6.125.42,apostolorum,Apostolorum,g,,,,,false
orthographic,chronicon:0.1.1.6.125.43,Hieronymum,Hieronymum,g,,,,,true
orthographic,chronicon:0.1.1.6.125.43,Hieronymum,Ieronimum,a,,,,,false
orthographic,chronicon:0.1.1.6.125.45,Wallia,Wallia,g,,,,,true
orthographic,chronicon:0.1.1.6.125.45,Wallia,Uuallia,a,,,,,false
orthographic,chronicon:0.1.1.6.125.49,Wandali,Wandali,g,,,,,true
orthographic,chronicon:0.1.1.6.125.49,Wandali,Guandali,a,,,,,false
orthographic,chronicon:0.1.1.6.125.52,Scotorum,Scotorum,g,,,,,true
orthographic,chronicon:0.1.1.6.125.52,Scotorum,Scothorum,a,,,,,false
orthographic,chronicon:0.1.1.6.125.58,nihil,nihil,g,,,,,true
orthographic,chronicon:0.1.1.6.125.58,nihil,nil,a,,,,,false
orthographic,chronicon:0.1.1.6.125.71,tredecim,tredecim,a,,,,,true
orthographic,chronicon:0.1.1.6.125.71,tredecim,tresdecim,g,,,,,false
orthographic,chronicon:0.1.1.6.126.2,cemiterio,cemiterio,g,,,,,true
orthographic,chronicon:0.1.1.6.126.2,cemiterio,cimiterio,a,,,,,false
orthographic,chronicon:0.1.1.6.127.3,Wandalorum,Wandalorum,g,,,,,true
orthographic,chronicon:0.1.1.6.127.3,Wandalorum,Guandalorum,a,,,,,false
orthographic,chronicon:0.1.1.6.127.7,Hispanis,Hispanis,g,,,,,true
orthographic,chronicon:0.1.1.6.127.7,Hispanis,Ispanis,a,,,,,false
orthographic,chronicon:0.1.1.6.127.9,relegauit,relegauit,g,,,,,true
orthographic,chronicon:0.1.1.6.127.9,relegauit,religauit,a,,,,,false
orthographic,chronicon:0.1.1.6.127.10,literarum,literarum,g,,,,,true
orthographic,chronicon:0.1.1.6.127.10,literarum,litterarum,a,,,,,false
orthographic,chronicon:0.1.1.6.127.11,Dominum,Dominum,,,pm,,,true
orthographic,chronicon:0.1.1.6.127.11,Dominum,dominum,g a,,,,,false
orthographic,chronicon:0.1.1.6.127.12,Septembris,Septembris,,,pm,,,true
orthographic,chronicon:0.1.1.6.127.12,Septembris,septembris,g a,,,,,false
orthographic,chronicon:0.1.1.6.127.15,Wandali,Wandali,g,,,,,true
orthographic,chronicon:0.1.1.6.127.15,Wandali,Guandali,a,,,,,false
orthographic,chronicon:0.1.1.6.127.22,Scottorum,Scottorum,g,,,,,true
orthographic,chronicon:0.1.1.6.127.22,Scottorum,Scothorum,a,,,,,false
orthographic,chronicon:0.1.1.6.127.23,irrupto,irrupto,g,,,,,true
orthographic,chronicon:0.1.1.6.127.23,irrupto,inrupto,a,,,,,false
orthographic,chronicon:0.1.1.6.127.26,uigesimo,uigesimo,g,,,,,true
orthographic,chronicon:0.1.1.6.127.26,uigesimo,uicesimo,a,,,,,false
orthographic,chronicon:0.1.1.6.127.27,hactenus,hactenus,g,,,,,true
orthographic,chronicon:0.1.1.6.127.27,hactenus,actenus,a,,,,,false
orthographic,chronicon:0.1.1.6.127.28,Britannorum,Britannorum,g,,,,,true
orthographic,chronicon:0.1.1.6.127.28,Britannorum,Brittannorum,a,,,,,false
orthographic,chronicon:0.1.1.6.127.36,martiris,martiris,g,,,,,true
orthographic,chronicon:0.1.1.6.127.36,martiris,martyris,a,,,,,false
orthographic,chronicon:0.1.1.6.127.38,Attila,Attila,g,,,,,true
orthographic,chronicon:0.1.1.6.127.38,Attila,Attilla,a,,,,,false
orthographic,chronicon:0.1.1.6.127.40,Illyricum,Illyricum,g,,,,,true
orthographic,chronicon:0.1.1.6.127.40,Illyricum,Illiricum,a,,,,,false
orthographic,chronicon:0.1.1.6.128.0,Xystus,Xystus,g,,,,,true
orthographic,chronicon:0.1.1.6.128.0,Xystus,Xistus,a,,,,,false
orthographic,chronicon:0.1.1.6.128.1,Xysto,Xysto,g,,,,,true
orthographic,chronicon:0.1.1.6.128.1,Xysto,Sixto,a,,,,,false
orthographic,chronicon:0.1.1.6.128.5,eleemosinas,eleemosinas,g,,,,,true
orthographic,chronicon:0.1.1.6.128.5,eleemosinas,elemosinas,a,,,,,false
orthographic,chronicon:0.1.1.6.128.7,Tyburtina,Tyburtina,g,,,,,true
orthographic,chronicon:0.1.1.6.128.7,Tyburtina,Tiburtina,a,,,,,false
orthographic,chronicon:0.1.1.6.129.4,Domino,Domino,,,pm,,,true
orthographic,chronicon:0.1.1.6.129.4,Domino,domino,g a,,,,,false
orthographic,chronicon:0.1.1.6.130.2,adscribuntur,adscribuntur,g,,,,,true
orthographic,chronicon:0.1.1.6.130.2,adscribuntur,ascribuntur,a,,,,,false
orthographic,chronicon:0.1.1.6.130.3,Occidui,Occidui,,,pm,,,true
orthographic,chronicon:0.1.1.6.130.3,Occidui,occidui,g a,,,,,false
orthographic,chronicon:0.1.1.6.130.4,Wandalorum,Wandalorum,g,,,,,true
orthographic,chronicon:0.1.1.6.130.4,Wandalorum,Guandalorum,a,,,,,false
orthographic,chronicon:0.1.1.6.130.8,inmanissima,inmanissima,g,,,,,true
orthographic,chronicon:0.1.1.6.130.8,inmanissima,immanissima,a,,,,,false
orthographic,chronicon:0.1.1.6.130.10,Occidentale,Occidentale,,,pm,,,true
orthographic,chronicon:0.1.1.6.130.10,Occidentale,occidentale,g a,,,,,false
orthographic,chronicon:0.1.1.6.130.13,Turcilingi,Turcilingi,g,,,,,true
orthographic,chronicon:0.1.1.6.130.13,Turcilingi,Turtilingi,a,,,,,false
orthographic,chronicon:0.1.1.6.130.17,commanentes,commanentes,g,,,,,true
orthographic,chronicon:0.1.1.6.130.17,commanentes,comanentes,a,,,,,false
orthographic,chronicon:0.1.1.6.130.20,solerti,solerti,g,,,,,true
orthographic,chronicon:0.1.1.6.130.20,solerti,sollerti,a,,,,,false
orthographic,chronicon:0.1.1.6.130.23,Armoriciani,Armoriciani,g,,,,,true
orthographic,chronicon:0.1.1.6.130.23,Armoriciani,Arinoritiani,a,,,,,false
orthographic,chronicon:0.1.1.6.130.24,Occidentis,Occidentis,,,pm,,,true
orthographic,chronicon:0.1.1.6.130.24,Occidentis,occidentis,g a,,,,,false
orthographic,chronicon:0.1.1.6.130.30,ciconias,ciconias,a,,,,,true
orthographic,chronicon:0.1.1.6.130.30,ciconias,Ciconias,g,,,,,false
orthographic,chronicon:0.1.1.6.130.38,Uenetiarum,Uenetiarum,g,,,,,true
orthographic,chronicon:0.1.1.6.130.38,Uenetiarum,Ueneciarum,a,,,,,false
orthographic,chronicon:0.1.1.6.130.40,Brixiam,Brixiam,g,,,,,true
orthographic,chronicon:0.1.1.6.130.40,Brixiam,Brexiam,a,,,,,false
orthographic,chronicon:0.1.1.6.130.59,canitie,canitie,g,,,,,true
orthographic,chronicon:0.1.1.6.130.59,canitie,canicie,a,,,,,false
orthographic,chronicon:0.1.1.6.130.63,Britanniam,Britanniam,g,,,,,true
orthographic,chronicon:0.1.1.6.130.63,Britanniam,Brittanniam,a,,,,,false
orthographic,chronicon:0.1.1.6.130.65,Britannorum,Britannorum,g,,,,,true
orthographic,chronicon:0.1.1.6.130.65,Britannorum,Brittannorum,a,,,,,false
orthographic,chronicon:0.1.1.6.130.70,Britanniam,Britanniam,g,,,,,true
orthographic,chronicon:0.1.1.6.130.70,Britanniam,Brittanniam,a,,,,,false
orthographic,chronicon:0.1.1.6.130.72,Mox,Mox,,,pm,,,true
orthographic,chronicon:0.1.1.6.130.72,Mox,mox,g a,,,,,false
orthographic,chronicon:0.1.1.6.130.73,Britones,Britones,g,,,,,true
orthographic,chronicon:0.1.1.6.130.73,Britones,Brittones,a,,,,,false
orthographic,chronicon:0.1.1.6.130.78,Moxque,Moxque,,,pm,,,true
orthographic,chronicon:0.1.1.6.130.78,Moxque,moxque,g a,,,,,false
orthographic,chronicon:0.1.1.6.130.79,sidera,sidera,g,,,,,true
orthographic,chronicon:0.1.1.6.130.79,sidera,sydera,a,,,,,false
orthographic,chronicon:0.1.1.6.130.86,hactenus,hactenus,g,,,,,true
orthographic,chronicon:0.1.1.6.130.86,hactenus,actenus,a,,,,,false
orthographic,chronicon:0.1.1.6.130.92,nuncio,nuncio,g,,,,,true
orthographic,chronicon:0.1.1.6.130.92,nuncio,nuntio,a,,,,,false
orthographic,chronicon:0.1.1.6.130.94,obtinuit,obtinuit,g,,,,,true
orthographic,chronicon:0.1.1.6.130.94,obtinuit,optinuit,a,,,,,false
orthographic,chronicon:0.1.1.6.130.101,Carthaginem,Carthaginem,g,,,,,true
orthographic,chronicon:0.1.1.6.130.101,Carthaginem,Cartaginem,a,,,,,false
orthographic,chronicon:0.1.1.6.130.102,Wandali,Wandali,g,,,,,true
orthographic,chronicon:0.1.1.6.130.102,Wandali,Guandali,a,,,,,false
orthographic,chronicon:0.1.1.6.130.106,bacchantes,bacchantes,g,,,,,true
orthographic,chronicon:0.1.1.6.130.106,bacchantes,bachantes,a,,,,,false
orthographic,chronicon:0.1.1.6.130.114,Wandalis,Wandalis,g,,,,,true
orthographic,chronicon:0.1.1.6.130.114,Wandalis,Guandalis,a,,,,,false
orthographic,chronicon:0.1.1.6.130.116,Theoderici,Theoderici,g,,,,,true
orthographic,chronicon:0.1.1.6.130.116,Theoderici,Theodorici,a,,,,,false
orthographic,chronicon:0.1.1.6.130.117,Pyrenei,Pyrenei,g,,,,,true
orthographic,chronicon:0.1.1.6.130.117,Pyrenei,Pirenei,a,,,,,false
orthographic,chronicon:0.1.1.6.130.119,Hispanias,Hispanias,g,,,,,true
orthographic,chronicon:0.1.1.6.130.119,Hispanias,Ispanias,a,,,,,false
orthographic,chronicon:0.1.1.6.130.120,Hierosolimam,Hierosolimam,g,,,,,true
orthographic,chronicon:0.1.1.6.130.120,Hierosolimam,Ierosolimam,a,,,,,false
orthographic,chronicon:0.1.1.6.131.0,Hilarus,Hilarus,g,,,,,true
orthographic,chronicon:0.1.1.6.131.0,Hilarus,Ylarius,a,,,,,false
orthographic,chronicon:0.1.1.6.131.3,helemosinis,helemosinis,g,,,,,true
orthographic,chronicon:0.1.1.6.131.3,helemosinis,helenosinis,a,,,,,false
orthographic,chronicon:0.1.1.6.131.5,crypta,crypta,g,,,,,true
orthographic,chronicon:0.1.1.6.131.5,crypta,cripta,a,,,,,false
orthographic,chronicon:0.1.1.6.132.0,obtinuisset,obtinuisset,g,,,,,true
orthographic,chronicon:0.1.1.6.132.0,obtinuisset,optinuisset,a,,,,,false
orthographic,chronicon:0.1.1.6.132.8,eumdem,eumdem,g,,,,,true
orthographic,chronicon:0.1.1.6.132.8,eumdem,eundem,a,,,,,false
orthographic,chronicon:0.1.1.6.132.9,Anthimum,Anthimum,g,,,,,true
orthographic,chronicon:0.1.1.6.132.9,Anthimum,Anthemum,a,,,,,false
orthographic,chronicon:0.1.1.6.132.13,VII,VII,g,,,,,true
orthographic,chronicon:0.1.1.6.132.13,VII,septem,a,,,,,false
orthographic,chronicon:0.1.1.6.132.19,Illyricum,Illyricum,g,,,,,true
orthographic,chronicon:0.1.1.6.132.19,Illyricum,Illiricum,a,,,,,false
orthographic,chronicon:0.1.1.6.132.22,tomo,tomo,g,,,,,true
orthographic,chronicon:0.1.1.6.132.22,tomo,thomo,a,,,,,false
orthographic,chronicon:0.1.1.6.132.25,tomo,tomo,g,,,,,true
orthographic,chronicon:0.1.1.6.132.25,tomo,thomo,a,,,,,false
orthographic,chronicon:0.1.1.6.132.31,Cyro,Cyro,g,,,,,true
orthographic,chronicon:0.1.1.6.132.31,Cyro,Ciro,a,,,,,false
orthographic,chronicon:0.1.1.6.132.34,Eutychen,Eutychen,g,,,,,true
orthographic,chronicon:0.1.1.6.132.34,Eutychen,Euticen,a,,,,,false
orthographic,chronicon:0.1.1.6.132.37,historiam,historiam,g,,,,,true
orthographic,chronicon:0.1.1.6.132.37,historiam,hystoriam,a,,,,,false
orthographic,chronicon:0.1.1.6.132.39,Hilario,Hilario,g,,,,,true
orthographic,chronicon:0.1.1.6.132.39,Hilario,Ylario,a,,,,,false
orthographic,chronicon:0.1.1.6.133.1,Acacio,Acacio,g,,,,,true
orthographic,chronicon:0.1.1.6.133.1,Acacio,Acatio,a,,,,,false
orthographic,chronicon:0.1.1.6.133.2,euticianistum,euticianistum,g,,,,,true
orthographic,chronicon:0.1.1.6.133.2,euticianistum,Euthicianistum,a,,,,,false
orthographic,chronicon:0.1.1.6.134.0,dominice,dominice,a,,,,,true
orthographic,chronicon:0.1.1.6.134.0,dominice,Dominice,g,,,,,false
orthographic,chronicon:0.1.1.6.135.2,Scyrorum,Scyrorum,g,,,,,true
orthographic,chronicon:0.1.1.6.135.2,Scyrorum,Scirorum,a,,,,,false
orthographic,chronicon:0.1.1.6.135.6,obtinuisset,obtinuisset,g,,,,,true
orthographic,chronicon:0.1.1.6.135.6,obtinuisset,optinuisset,a,,,,,false
orthographic,chronicon:0.1.1.6.136.0,catedram,catedram,g,,,,,true
orthographic,chronicon:0.1.1.6.136.0,catedram,cathedram,a,,,,,false
orthographic,chronicon:0.1.1.6.136.4,synodo,synodo,g,,,,,true
orthographic,chronicon:0.1.1.6.136.4,synodo,sinodo,a,,,,,false
orthographic,chronicon:0.1.1.6.137.5,Euthychen,Euthychen,g,,,,,true
orthographic,chronicon:0.1.1.6.137.5,Euthychen,Euticen,a,,,,,false
orthographic,chronicon:0.1.1.6.137.9,Theoderico,Theoderico,g,,,,,true
orthographic,chronicon:0.1.1.6.137.9,Theoderico,Theodorico,a,,,,,false
orthographic,chronicon:0.1.1.6.137.10,Theodoricus,Theodoricus,g,,,,,true
orthographic,chronicon:0.1.1.6.137.10,Theodoricus,Theodericus,a,,,,,false
orthographic,chronicon:0.1.1.6.137.11,Walamer,Walamer,g,,,,,true
orthographic,chronicon:0.1.1.6.137.11,Walamer,Uualamer,a,,,,,false
orthographic,chronicon:0.1.1.6.138.0,dominice,dominice,a,,,,,true
orthographic,chronicon:0.1.1.6.138.0,dominice,Dominice,g,,,,,false
orthographic,chronicon:0.1.1.6.138.12,Theodoricus,Theodoricus,g,,,,,true
orthographic,chronicon:0.1.1.6.138.12,Theodoricus,Theodericus,a,,,,,false
orthographic,chronicon:0.1.1.6.138.13,Wandalorum,Wandalorum,g,,,,,true
orthographic,chronicon:0.1.1.6.138.13,Wandalorum,Guandalorum,a,,,,,false
orthographic,chronicon:0.1.1.6.138.17,innumeris,innumeris,g,,,,,true
orthographic,chronicon:0.1.1.6.138.17,innumeris,inmumeris,a,,,,,false
orthographic,chronicon:0.1.1.6.138.20,Matthei,Matthei,g,,,,,true
orthographic,chronicon:0.1.1.6.138.20,Matthei,Mathei,a,,,,,false
orthographic,chronicon:0.1.1.6.138.21,stylo,stylo,g,,,,,true
orthographic,chronicon:0.1.1.6.138.21,stylo,stilo,a,,,,,false
orthographic,chronicon:0.1.1.6.139.3,comunicasset,comunicasset,g,,,,,true
orthographic,chronicon:0.1.1.6.139.3,comunicasset,communicasset,a,,,,,false
orthographic,chronicon:0.1.1.6.141.1,Euthychiana,Euthychiana,g,,,,,true
orthographic,chronicon:0.1.1.6.141.1,Euthychiana,Euthiciana,a,,,,,false
orthographic,chronicon:0.1.1.6.142.0,Symmachus,Symmachus,g,,,,,true
orthographic,chronicon:0.1.1.6.142.0,Symmachus,Simmachus,a,,,,,false
orthographic,chronicon:0.1.1.6.142.6,aderebant,aderebant,g,,,,,true
orthographic,chronicon:0.1.1.6.142.6,aderebant,adherebant,a,,,,,false
orthographic,chronicon:0.1.1.6.142.8,homicidia,homicidia,a,,,,,true
orthographic,chronicon:0.1.1.6.142.8,homicidia,omicidia,g,,,,,false
orthographic,chronicon:0.1.1.6.142.16,Symmachus,Symmachus,g,,,,,true
orthographic,chronicon:0.1.1.6.142.16,Symmachus,Simmachus,a,,,,,false
orthographic,chronicon:0.1.1.6.142.19,Wandalorum,Wandalorum,g,,,,,true
orthographic,chronicon:0.1.1.6.142.19,Wandalorum,Guandalorum,a,,,,,false
orthographic,chronicon:0.1.1.6.142.20,Geiserici,Geiserici,g,,,,,true
orthographic,chronicon:0.1.1.6.142.20,Geiserici,Gesserici,a,,,,,false
orthographic,chronicon:0.1.1.6.142.36,Patri,Patri,,,pm,,,true
orthographic,chronicon:0.1.1.6.142.36,Patri,patri,g a,,,,,false
orthographic,chronicon:0.1.1.6.142.37,Filium,Filium,,,pm,,,true
orthographic,chronicon:0.1.1.6.142.37,Filium,filium,g a,,,,,false
orthographic,chronicon:0.1.1.6.142.39,Sanctumque Spiritum,Sanctumque Spiritum,,,pm,,,true
orthographic,chronicon:0.1.1.6.142.39,Sanctumque Spiritum,sanctumque spiritum,g a,,,,,false
orthographic,chronicon:0.1.1.6.142.42,Patris,Patris,,,pm,,,true
orthographic,chronicon:0.1.1.6.142.42,Patris,patris,g a,,,,,false
orthographic,chronicon:0.1.1.6.142.44,Spiritu Sancto,Spiritu Sancto,,,pm,,,true
orthographic,chronicon:0.1.1.6.142.44,Spiritu Sancto,spiritu sancto,g a,,,,,false
orthographic,chronicon:0.1.1.6.143.5,Ticinensem,Ticinensem,g,,,,,true
orthographic,chronicon:0.1.1.6.143.5,Ticinensem,Ticiniensem,a,,,,,false
orthographic,chronicon:0.1.1.6.143.8,quatenus,quatenus,g,,,,,true
orthographic,chronicon:0.1.1.6.143.8,quatenus,quatinus,a,,,,,false
orthographic,chronicon:0.1.1.6.143.11,Acatium,Acatium,g,,,,,true
orthographic,chronicon:0.1.1.6.143.11,Acatium,Acacium,a,,,,,false
orthographic,chronicon:0.1.1.6.144.1,redintegrande,redintegrande,a,,,,,true
orthographic,chronicon:0.1.1.6.144.1,redintegrande,reintegrande,g,,,,,false
orthographic,chronicon:0.1.1.6.144.4,Wandalorum,Wandalorum,g,,,,,true
orthographic,chronicon:0.1.1.6.144.4,Wandalorum,Guandalorum,a,,,,,false
orthographic,chronicon:0.1.1.6.144.6,Wandalorum,Wandalorum,g,,,,,true
orthographic,chronicon:0.1.1.6.144.6,Wandalorum,Guandalorum,a,,,,,false
orthographic,chronicon:0.1.1.6.144.8,umquam,umquam,g,,,,,true
orthographic,chronicon:0.1.1.6.144.8,umquam,unquam,a,,,,,false
orthographic,chronicon:0.1.1.6.145.6,conpetebat,conpetebat,g,,,,,true
orthographic,chronicon:0.1.1.6.145.6,conpetebat,competebat,a,,,,,false
orthographic,chronicon:0.1.1.6.145.9,concessit,concessit,a,,,,,true
orthographic,chronicon:0.1.1.6.145.9,concessit,concesit,g,,,,,false
orthographic,chronicon:0.1.1.6.145.10,hi,hi,g,,,,,true
orthographic,chronicon:0.1.1.6.145.10,hi,hii,a,,,,,false
orthographic,chronicon:0.1.1.6.145.11,Simmachum,Simmachum,g,,,,,true
orthographic,chronicon:0.1.1.6.145.11,Simmachum,Simachum,a,,,,,false
orthographic,chronicon:0.1.1.6.145.20,Symmachum,Symmachum,g,,,,,true
orthographic,chronicon:0.1.1.6.145.20,Symmachum,Simachum,a,,,,,false
orthographic,chronicon:0.1.1.6.145.21,Athanaricum,Athanaricum,g,,,,,true
orthographic,chronicon:0.1.1.6.145.21,Athanaricum,Attanaricum,a,,,,,false
orthographic,chronicon:0.1.1.6.146.1,excommunicauit,excommunicauit,g,,,,,true
orthographic,chronicon:0.1.1.6.146.1,excommunicauit,excomunicauit,a,,,,,false
orthographic,chronicon:0.1.1.6.146.4,dialogorum,dialogorum,g,,,,,true
orthographic,chronicon:0.1.1.6.146.4,dialogorum,dialagorum,a,,,,,false
orthographic,chronicon:0.1.1.6.146.5,administrasset,administrasset,g,,,,,true
orthographic,chronicon:0.1.1.6.146.5,administrasset,amministrasset,a,,,,,false
orthographic,chronicon:0.1.1.6.146.6,Langobardorum,Langobardorum,g,,,,,true
orthographic,chronicon:0.1.1.6.146.6,Langobardorum,Longobardorum,a,,,,,false
orthographic,chronicon:0.1.1.6.146.8,Guaconis,Guaconis,g,,,,,true
orthographic,chronicon:0.1.1.6.146.8,Guaconis,Guacconis,a,,,,,false
orthographic,chronicon:0.1.1.6.146.9,Langobardos,Langobardos,g,,,,,true
orthographic,chronicon:0.1.1.6.146.9,Langobardos,Longobardos,a,,,,,false
orthographic,chronicon:0.1.1.6.146.11,Guisegardam,Guisegardam,g,,,,,true
orthographic,chronicon:0.1.1.6.146.11,Guisegardam,Guisecardam,a,,,,,false
orthographic,chronicon:0.1.1.6.146.12,Guaco,Guaco,g,,,,,true
orthographic,chronicon:0.1.1.6.146.12,Guaco,Guacco,a,,,,,false
orthographic,chronicon:0.1.1.7.1.0,admonet,admonet,g,,,,,true
orthographic,chronicon:0.1.1.7.1.0,admonet,ammonet,a,,,,,false
orthographic,chronicon:0.1.1.7.1.1,Langobardorum,Langobardorum,g,,,,,true
orthographic,chronicon:0.1.1.7.1.1,Langobardorum,Longobardorum,a,,,,,false
orthographic,chronicon:0.1.1.7.1.3,historiis,historiis,g,,,,,true
orthographic,chronicon:0.1.1.7.1.3,historiis,ystoriis,a,,,,,false
orthographic,chronicon:0.1.1.7.1.5,prout,prout,a,,,,,true
orthographic,chronicon:0.1.1.7.1.5,prout,pro ut,g,,,,,false
orthographic,chronicon:0.1.1.7.1.9,obtinuere,obtinuere,g,,,,,true
orthographic,chronicon:0.1.1.7.1.9,obtinuere,optinuere,a,,,,,false
orthographic,chronicon:0.1.1.7.1.10,Cymbri,Cymbri,g,,,,,true
orthographic,chronicon:0.1.1.7.1.10,Cymbri,Cimbri,a,,,,,false
orthographic,chronicon:0.1.1.7.1.11,Wandalorum,Wandalorum,g,,,,,true
orthographic,chronicon:0.1.1.7.1.11,Wandalorum,Guandalorum,a,,,,,false
orthographic,chronicon:0.1.1.7.1.12,Wandalis,Wandalis,g,,,,,true
orthographic,chronicon:0.1.1.7.1.12,Wandalis,Guandalis,a,,,,,false
orthographic,chronicon:0.1.1.7.1.17,reliquit,reliquit,a,,,,,true
orthographic,chronicon:0.1.1.7.1.17,reliquit,reliquid,g,,,,,false
orthographic,chronicon:0.1.1.7.1.18,Guidehoc,Guidehoc,g,,,,,true
orthographic,chronicon:0.1.1.7.1.18,Guidehoc,Guideoc,a,,,,,false
orthographic,chronicon:0.1.1.7.2.1,Guidehoc,Guidehoc,g,,,,,true
orthographic,chronicon:0.1.1.7.2.1,Guidehoc,Guideoc,a,,,,,false
orthographic,chronicon:0.1.1.7.3.4,Rhenum,Rhenum,g,,,,,true
orthographic,chronicon:0.1.1.7.3.4,Rhenum,Remnum,a,,,,,false
orthographic,chronicon:0.1.1.7.3.6,admirabilis,admirabilis,g,,,,,true
orthographic,chronicon:0.1.1.7.3.6,admirabilis,ammirabilis,a,,,,,false
orthographic,chronicon:0.1.1.7.4.0,Symmachus,Symmachus,g,,,,,true
orthographic,chronicon:0.1.1.7.4.0,Symmachus,Simachus,a,,,,,false
orthographic,chronicon:0.1.1.7.4.7,solemnia,solemnia,g,,,,,true
orthographic,chronicon:0.1.1.7.4.7,solemnia,sollemnia,a,,,,,false
orthographic,chronicon:0.1.1.7.4.16,Clodomirius,Clodomirius,g,,,,,true
orthographic,chronicon:0.1.1.7.4.16,Clodomirius,Chodomirus,a,,,,,false
orthographic,chronicon:0.1.1.7.4.19,Clodomirius,Clodomirius,g,,,,,true
orthographic,chronicon:0.1.1.7.4.19,Clodomirius,Chodomirus,a,,,,,false
orthographic,chronicon:0.1.1.7.4.21,successerat,successerat,g,,,,,true
orthographic,chronicon:0.1.1.7.4.21,successerat,succeserat,a,,,,,false
orthographic,chronicon:0.1.1.7.4.25,Prefatus,Prefatus,g,,,,,true
orthographic,chronicon:0.1.1.7.4.25,Prefatus,Prephatus,a,,,,,false
orthographic,chronicon:0.1.1.7.4.26,Clodomirus,Clodomirus,g,,,,,true
orthographic,chronicon:0.1.1.7.4.26,Clodomirus,Chodomirus,a,,,,,false
orthographic,chronicon:0.1.1.7.4.27,proiici,proiici,g,,,,,true
orthographic,chronicon:0.1.1.7.4.27,proiici,proici,a,,,,,false
orthographic,chronicon:0.1.1.7.5.5,Audoin,Audoin,g,,,,,true
orthographic,chronicon:0.1.1.7.5.5,Audoin,Audoyn,a,,,,,false
orthographic,chronicon:0.1.1.7.5.7,Hunnis,Hunnis,g,,,,,true
orthographic,chronicon:0.1.1.7.5.7,Hunnis,Unnis,a,,,,,false
orthographic,chronicon:0.1.1.7.5.13,Chlodomiri,Chlodomiri,g,,,,,true
orthographic,chronicon:0.1.1.7.5.13,Chlodomiri,Clodomiri,a,,,,,false
orthographic,chronicon:0.1.1.7.5.19,inclyta,inclyta,g,,,,,true
orthographic,chronicon:0.1.1.7.5.19,inclyta,inclita,a,,,,,false
orthographic,chronicon:0.1.1.7.5.20,Gunthrannus,Gunthrannus,g,,,,,true
orthographic,chronicon:0.1.1.7.5.20,Gunthrannus,Guthrannus,a,,,,,false
orthographic,chronicon:0.1.1.7.5.21,audacia,audacia,g,,,,,true
orthographic,chronicon:0.1.1.7.5.21,audacia,audatia,a,,,,,false
orthographic,chronicon:0.1.1.7.5.28,sylua,sylua,g,,,,,true
orthographic,chronicon:0.1.1.7.5.28,sylua,silua,a,,,,,false
orthographic,chronicon:0.1.1.7.5.30,prout,prout,a,,,,,true
orthographic,chronicon:0.1.1.7.5.30,prout,pro ut,g,,,,,false
orthographic,chronicon:0.1.1.7.5.50,Sigeberto,Sigeberto,g,,,,,true
orthographic,chronicon:0.1.1.7.5.50,Sigeberto,Sigiberto,a,,,,,false
orthographic,chronicon:0.1.1.7.5.51,quatuordecim,quatuordecim,g,,,,,true
orthographic,chronicon:0.1.1.7.5.51,quatuordecim,quattuordecim,a,,,,,false
orthographic,chronicon:0.1.1.7.7.0,II,II,g,,,,,true
orthographic,chronicon:0.1.1.7.7.0,II,duobus,a,,,,,false
orthographic,chronicon:0.1.1.7.8.4,Belisarium,Belisarium,g,,,,,true
orthographic,chronicon:0.1.1.7.8.4,Belisarium,Bellisarium,a,,,,,false
orthographic,chronicon:0.1.1.7.8.6,Belisarium,Belisarium,g,,,,,true
orthographic,chronicon:0.1.1.7.8.6,Belisarium,Bellisarium,a,,,,,false
orthographic,chronicon:0.1.1.7.8.7,Wandalorum,Wandalorum,g,,,,,true
orthographic,chronicon:0.1.1.7.8.7,Wandalorum,Guandalorum,a,,,,,false
orthographic,chronicon:0.1.1.7.8.8,Carthaginem,Carthaginem,g,,,,,true
orthographic,chronicon:0.1.1.7.8.8,Carthaginem,Cartaginem,a,,,,,false
orthographic,chronicon:0.1.1.7.10.0,quatenus,quatenus,g,,,,,true
orthographic,chronicon:0.1.1.7.10.0,quatenus,quatinus,a,,,,,false
orthographic,chronicon:0.1.1.7.10.2,adisset,adisset,a,,,,,true
orthographic,chronicon:0.1.1.7.10.2,adisset,adiisset,g,,,,,false
orthographic,chronicon:0.1.1.7.10.3,Euthychetis,Euthychetis,g,,,,,true
orthographic,chronicon:0.1.1.7.10.3,Euthychetis,Euticetis,a,,,,,false
orthographic,chronicon:0.1.1.7.10.7,Anthimum,Anthimum,g,,,,,true
orthographic,chronicon:0.1.1.7.10.7,Anthimum,Anthemum,a,,,,,false
orthographic,chronicon:0.1.1.7.10.8,prefate,prefate,g,,,,,true
orthographic,chronicon:0.1.1.7.10.8,prefate,prephate,a,,,,,false
orthographic,chronicon:0.1.1.7.10.15,eamdem,eamdem,g,,,,,true
orthographic,chronicon:0.1.1.7.10.15,eamdem,eandem,a,,,,,false
orthographic,chronicon:0.1.1.7.11.2,Belisarium,Belisarium,g,,,,,true
orthographic,chronicon:0.1.1.7.11.2,Belisarium,Bellisarium,a,,,,,false
orthographic,chronicon:0.1.1.7.11.6,tamdem,tamdem,g,,,,,true
orthographic,chronicon:0.1.1.7.11.6,tamdem,tandem,a,,,,,false
orthographic,chronicon:0.1.1.7.11.9,Guittingis,Guittingis,g,,,,,true
orthographic,chronicon:0.1.1.7.11.9,Guittingis,Guttingis,a,,,,,false
orthographic,chronicon:0.1.1.7.11.10,Belisarium,Belisarium,g,,,,,true
orthographic,chronicon:0.1.1.7.11.10,Belisarium,Bellisarium,a,,,,,false
orthographic,chronicon:0.1.1.7.11.11,Belisarius,Belisarius,g,,,,,true
orthographic,chronicon:0.1.1.7.11.11,Belisarius,Bellisarius,a,,,,,false
orthographic,chronicon:0.1.1.7.11.13,Belisarius,Belisarius,g,,,,,true
orthographic,chronicon:0.1.1.7.11.13,Belisarius,Bellisarius,a,,,,,false
orthographic,chronicon:0.1.1.7.12.2,excommunicatum,excommunicatum,g,,,,,true
orthographic,chronicon:0.1.1.7.12.2,excommunicatum,excomunicatum,a,,,,,false
orthographic,chronicon:0.1.1.7.13.1,decem et septem,decem et septem,g,,,,,true
orthographic,chronicon:0.1.1.7.13.1,decem et septem,XVII,a,,,,,false
orthographic,chronicon:0.1.1.7.13.2,synodus,synodus,g,,,,,true
orthographic,chronicon:0.1.1.7.13.2,synodus,sinodus,a,,,,,false
orthographic,chronicon:0.1.1.7.14.1,X,X,g,,,,,true
orthographic,chronicon:0.1.1.7.14.1,X,decem,a,,,,,false
orthographic,chronicon:0.1.1.7.15.0,Belisario,Belisario,g,,,,,true
orthographic,chronicon:0.1.1.7.15.0,Belisario,Bellisario,a,,,,,false
orthographic,chronicon:0.1.1.7.15.11,Rhegium,Rhegium,g,,,,,true
orthographic,chronicon:0.1.1.7.15.11,Rhegium,Regium,a,,,,,false
orthographic,chronicon:0.1.1.7.15.16,Ostiensi,Ostiensi,g,,,,,true
orthographic,chronicon:0.1.1.7.15.16,Ostiensi,Hostiensi,a,,,,,false
orthographic,chronicon:0.1.1.7.15.17,quatenus,quatenus,g,,,,,true
orthographic,chronicon:0.1.1.7.15.17,quatenus,quatinus,a,,,,,false
orthographic,chronicon:0.1.1.7.15.18,Carthularius,Carthularius,g,,,,,true
orthographic,chronicon:0.1.1.7.15.18,Carthularius,Cartularius,a,,,,,false
orthographic,chronicon:0.1.1.7.15.21,Langobardorum,Langobardorum,g,,,,,true
orthographic,chronicon:0.1.1.7.15.21,Langobardorum,Longobardorum,a,,,,,false
orthographic,chronicon:0.1.1.7.15.22,Alboyn,Alboyn,g,,,,,true
orthographic,chronicon:0.1.1.7.15.22,Alboyn,Alboin,a,,,,,false
orthographic,chronicon:0.1.1.7.15.23,Langobardos,Langobardos,g,,,,,true
orthographic,chronicon:0.1.1.7.15.23,Langobardos,Longobardos,a,,,,,false
orthographic,chronicon:0.1.1.7.15.24,Alboyn,Alboyn,g,,,,,true
orthographic,chronicon:0.1.1.7.15.24,Alboyn,Alboin,a,,,,,false
orthographic,chronicon:0.1.1.7.15.25,quatenus,quatenus,g,,,,,true
orthographic,chronicon:0.1.1.7.15.25,quatenus,quatinus,a,,,,,false
orthographic,chronicon:0.1.1.7.15.27,internecionem,internecionem,g,,,,,true
orthographic,chronicon:0.1.1.7.15.27,internecionem,internicionem,a,,,,,false
orthographic,chronicon:0.1.1.7.15.37,Belisarium,Belisarium,g,,,,,true
orthographic,chronicon:0.1.1.7.15.37,Belisarium,Bellisarium,a,,,,,false
orthographic,chronicon:0.1.1.7.15.43,millia,millia,g,,,,,true
orthographic,chronicon:0.1.1.7.15.43,millia,milia,a,,,,,false
orthographic,chronicon:0.1.1.7.16.0,Cassinum,Cassinum,g,,,,,true
orthographic,chronicon:0.1.1.7.16.0,Cassinum,Casinum,a,,,,,false
orthographic,chronicon:0.1.1.7.16.2,Dionysius,Dionysius,g,,,,,true
orthographic,chronicon:0.1.1.7.16.2,Dionysius,Dionisius,a,,,,,false
orthographic,chronicon:0.1.1.7.16.5,Diocletiani,Diocletiani,g,,,,,true
orthographic,chronicon:0.1.1.7.16.5,Diocletiani,Dioclitiani,a,,,,,false
orthographic,chronicon:0.1.1.7.16.7,Pascha,Pascha,,,pm,,,true
orthographic,chronicon:0.1.1.7.16.7,Pascha,pascha,g a,,,,,false
orthographic,chronicon:0.1.1.7.16.10,historiis,historiis,g,,,,,true
orthographic,chronicon:0.1.1.7.16.10,historiis,ystoriis,a,,,,,false
orthographic,chronicon:0.1.1.7.19.2,habentes,habentes,g,,,,,true
orthographic,chronicon:0.1.1.7.19.2,habentes,abentes,a,,,,,false
orthographic,chronicon:0.1.1.7.19.3,effigiem,effigiem,g,,,,,true
orthographic,chronicon:0.1.1.7.19.3,effigiem,efficiem,a,,,,,false
orthographic,chronicon:0.1.1.7.22.5,Theodelindam,Theodelindam,g,,,,,true
orthographic,chronicon:0.1.1.7.22.5,Theodelindam,Theodolindam,a,,,,,false
orthographic,chronicon:0.1.1.7.22.6,Authari,Authari,g,,,,,true
orthographic,chronicon:0.1.1.7.22.6,Authari,Autari,a,,,,,false
orthographic,chronicon:0.1.1.7.22.7,Pyrineis,Pyrineis,g,,,,,true
orthographic,chronicon:0.1.1.7.22.7,Pyrineis,Pireneis,a,,,,,false
orthographic,chronicon:0.1.1.7.23.4,archa,archa,g,,,,,true
orthographic,chronicon:0.1.1.7.23.4,archa,arca,a,,,,,false
orthographic,chronicon:0.1.1.7.23.7,XL,XL,g,,,,,true
orthographic,chronicon:0.1.1.7.23.7,XL,quadraginta,a,,,,,false
orthographic,chronicon:0.1.1.7.24.1,Theudepertus,Theudepertus,g,,,,,true
orthographic,chronicon:0.1.1.7.24.1,Theudepertus,Teudepertus,a,,,,,false
orthographic,chronicon:0.1.1.7.26.1,synodo,synodo,g,,,,,true
orthographic,chronicon:0.1.1.7.26.1,synodo,sinodo,a,,,,,false
orthographic,chronicon:0.1.1.7.26.5,VIII,VIII,g,,,,,true
orthographic,chronicon:0.1.1.7.26.5,VIII,octo,a,,,,,false
orthographic,chronicon:0.1.1.7.26.6,Pantheon,Pantheon,a,,,,,true
orthographic,chronicon:0.1.1.7.26.6,Pantheon,Pantheum,g,,,,,false
orthographic,chronicon:0.1.1.7.27.2,Hierosolyma,Hierosolyma,g,,,,,true
orthographic,chronicon:0.1.1.7.27.2,Hierosolyma,Ierosolima,a,,,,,false
orthographic,chronicon:0.1.1.7.27.5,Adoaldus,Adoaldus,g,,,,,true
orthographic,chronicon:0.1.1.7.27.5,Adoaldus,Audoaldus,a,,,,,false
orthographic,chronicon:0.1.1.7.28.1,martyrium,martyrium,g,,,,,true
orthographic,chronicon:0.1.1.7.28.1,martyrium,martirium,a,,,,,false
orthographic,chronicon:0.1.1.7.47.1,Langobardorum,Langobardorum,g,,,,,true
orthographic,chronicon:0.1.1.7.47.1,Langobardorum,Longobardorum,a,,,,,false
orthographic,chronicon:0.1.1.7.47.3,Scythia,Scythia,g,,,,,true
orthographic,chronicon:0.1.1.7.47.3,Scythia,Sithia,a,,,,,false
orthographic,chronicon:0.1.1.7.63.0,Chlodoueus,Chlodoueus,g,,,,,true
orthographic,chronicon:0.1.1.7.63.0,Chlodoueus,Clodoueus,a,,,,,false
orthographic,chronicon:0.1.1.7.63.1,Chlodoueus,Chlodoueus,g,,,,,true
orthographic,chronicon:0.1.1.7.63.1,Chlodoueus,Clodoueus,a,,,,,false
orthographic,chronicon:0.1.1.7.63.3,Chlodoueus,Chlodoueus,g,,,,,true
orthographic,chronicon:0.1.1.7.63.3,Chlodoueus,Clodoueus,a,,,,,false
orthographic,chronicon:0.1.1.7.63.5,nihil,nihil,g,,,,,true
orthographic,chronicon:0.1.1.7.63.5,nihil,nichil,a,,,,,false
orthographic,chronicon:0.1.1.7.63.6,historia,historia,g,,,,,true
orthographic,chronicon:0.1.1.7.63.6,historia,ystoria,a,,,,,false
orthographic,chronicon:0.1.1.7.66.1,Daginperto,Daginperto,g,,,,,true
orthographic,chronicon:0.1.1.7.66.1,Daginperto,Dagimberto,a,,,,,false
orthographic,chronicon:0.1.1.7.72.4,Langobardorum,Langobardorum,g,,,,,true
orthographic,chronicon:0.1.1.7.72.4,Langobardorum,Longobardorum,a,,,,,false
orthographic,chronicon:0.1.1.7.93.2,historiis,historiis,g,,,,,true
orthographic,chronicon:0.1.1.7.93.2,historiis,hystoriis,a,,,,,false
orthographic,chronicon:0.1.1.7.93.5,damnati,damnati,g,,,,,true
orthographic,chronicon:0.1.1.7.93.5,damnati,dampnati,a,,,,,false
orthographic,chronicon:0.1.1.7.93.12,Hiberis,Hiberis,g,,,,,true
orthographic,chronicon:0.1.1.7.93.12,Hiberis,Hyberis,a,,,,,false
orthographic,chronicon:0.1.1.7.93.13,Februarii,Februarii,,,pm,,,true
orthographic,chronicon:0.1.1.7.93.13,Februarii,februarii,g a,,,,,false
orthographic,chronicon:0.1.1.7.93.14,Februarii,Februarii,,,pm,,,true
orthographic,chronicon:0.1.1.7.93.14,Februarii,februarii,g a,,,,,false
orthographic,chronicon:0.1.1.7.93.15,Augusti,Augusti,,,pm,,,true
orthographic,chronicon:0.1.1.7.93.15,Augusti,augusti,g a,,,,,false
orthographic,chronicon:0.1.1.7.93.16,Septembris,Septembris,,,pm,,,true
orthographic,chronicon:0.1.1.7.93.16,Septembris,septembris,g a,,,,,false
orthographic,chronicon:0.1.1.7.93.17,Decembris,Decembris,,,pm,,,true
orthographic,chronicon:0.1.1.7.93.17,Decembris,decembris,g a,,,,,false
orthographic,chronicon:0.1.1.7.96.0,hyemaret,hyemaret,g,,,,,true
orthographic,chronicon:0.1.1.7.96.0,hyemaret,hiemaret,a,,,,,false
orthographic,chronicon:0.1.1.7.96.2,namque,namque,g,,,,,true
orthographic,chronicon:0.1.1.7.96.2,namque,nanque,a,,,,,false
orthographic,chronicon:0.1.1.7.96.3,Hadefonsum,Hadefonsum,g,,,,,true
orthographic,chronicon:0.1.1.7.96.3,Hadefonsum,Adefonsium,a,,,,,false
orthographic,chronicon:0.1.1.7.96.15,pulcherrima,pulcherrima,g,,,,,true
orthographic,chronicon:0.1.1.7.96.15,pulcherrima,pulcerrima,a,,,,,false
orthographic,chronicon:0.1.1.7.96.19,numquam,numquam,g,,,,,true
orthographic,chronicon:0.1.1.7.96.19,numquam,nunquam,a,,,,,false
orthographic,chronicon:0.1.1.7.96.20,histriones,histriones,g,,,,,true
orthographic,chronicon:0.1.1.7.96.20,histriones,hystriones,a,,,,,false
orthographic,chronicon:0.1.1.7.102.1,Brittannie,Brittannie,g,,,,,true
orthographic,chronicon:0.1.1.7.102.1,Brittannie,Brittanie,a,,,,,false
orthographic,chronicon:0.1.1.7.102.2,Augustodunensi,Augustodunensi,g,,,,,true
orthographic,chronicon:0.1.1.7.102.2,Augustodunensi,Augustidunensi,a,,,,,false
orthographic,chronicon:0.1.1.7.105.2,elemosynarum,elemosynarum,g,,,,,true
orthographic,chronicon:0.1.1.7.105.2,elemosynarum,elemosinarum,a,,,,,false
orthographic,chronicon:0.1.1.8.2.2,obtinuit,obtinuit,g,,,,,true
orthographic,chronicon:0.1.1.8.2.2,obtinuit,optinuit,a,,,,,false
orthographic,chronicon:0.1.1.8.5.2,quattuor,quattuor,g,,,,,true
orthographic,chronicon:0.1.1.8.5.2,quattuor,IV,a,,,,,false
orthographic,chronicon:0.1.1.8.13.1,nihil,nihil,g,,,,,true
orthographic,chronicon:0.1.1.8.13.1,nihil,nichil,a,,,,,false
orthographic,chronicon:0.1.1.8.17.2,Guaimarius,Guaimarius,b,,,,,true
orthographic,chronicon:0.1.1.8.17.2,Guaimarius,Guaymarius,a,,,,,false
orthographic,chronicon:0.1.1.8.18.2,Consenciam,Consenciam,b,,,,,true
orthographic,chronicon:0.1.1.8.18.2,Consenciam,Consentiam,a,,,,,false
orthographic,chronicon:0.1.1.8.19.2,factione,factione,b,,,,,true
orthographic,chronicon:0.1.1.8.19.2,factione,faccione,a,,,,,false
orthographic,chronicon:0.1.1.8.21.1,uno,uno,b,,,,,true
orthographic,chronicon:0.1.1.8.21.1,uno,I,a,,,,,false
orthographic,chronicon:0.1.1.8.21.5,uno,uno,b,,,,,true
orthographic,chronicon:0.1.1.8.21.5,uno,I,a,,,,,false
orthographic,chronicon:0.1.1.8.21.7,tribus,tribus,b,,,,,true
orthographic,chronicon:0.1.1.8.21.7,tribus,III,a,,,,,false
orthographic,chronicon:0.1.1.8.22.1,Normannis,Normannis,b,,,,,true
orthographic,chronicon:0.1.1.8.22.1,Normannis,Nordmannis,a,,,,,false
orthographic,chronicon:0.1.1.8.26.1,tribus,tribus,b,,,,,true
orthographic,chronicon:0.1.1.8.26.1,tribus,III,a,,,,,false
orthographic,chronicon:0.1.1.8.28.0,Henricus,Henricus,b,,,,,true
orthographic,chronicon:0.1.1.8.28.0,Henricus,Enricus,a,,,,,false
orthographic,chronicon:0.1.1.8.28.3,Henricus,Henricus,b,,,,,true
orthographic,chronicon:0.1.1.8.28.3,Henricus,Enricus,a,,,,,false
orthographic,chronicon:0.1.1.8.30.3,Saraceni,Saraceni,b,,,,,true
orthographic,chronicon:0.1.1.8.30.3,Saraceni,Sarraceni,a,,,,,false
orthographic,chronicon:0.1.1.8.31.4,adhuc,adhuc,b a,,,,,true
orthographic,chronicon:0.1.1.8.31.4,adhuc,aduch,o,,,,,false
orthographic,chronicon:0.1.1.8.32.4,deuicit,deuicit,b a,,,,,true
orthographic,chronicon:0.1.1.8.32.4,deuicit,diuicit,o,,,,,false
orthographic,chronicon:0.1.1.8.32.6,successit,successit,b a,,,,,true
orthographic,chronicon:0.1.1.8.32.6,successit,succesit,o,,,,,false
orthographic,chronicon:0.1.1.8.32.9,uno,uno,b,,,,,true
orthographic,chronicon:0.1.1.8.32.9,uno,I,a o,,,,,false
orthographic,chronicon:0.1.1.8.32.12,uno,uno,b,,,,,true
orthographic,chronicon:0.1.1.8.32.12,uno,I,a o,,,,,false
orthographic,chronicon:0.1.1.8.32.13,successit,successit,b a,,,,,true
orthographic,chronicon:0.1.1.8.32.13,successit,succesit,o,,,,,false
orthographic,chronicon:0.1.1.8.33.0,Ludouicus,Ludouicus,b a,,,,,true
orthographic,chronicon:0.1.1.8.33.0,Ludouicus,Lodouicus,o,,,,,false
orthographic,chronicon:0.1.1.8.33.3,successit,successit,b a,,,,,true
orthographic,chronicon:0.1.1.8.33.3,successit,succesit,o,,,,,false
orthographic,chronicon:0.1.1.8.33.4,Chapet,Chapet,b o,,,,,true
orthographic,chronicon:0.1.1.8.33.4,Chapet,Chafet,a,,,,,false
orthographic,chronicon:0.1.1.8.33.6,Ascelino,Ascelino,b a,,,,,true
orthographic,chronicon:0.1.1.8.33.6,Ascelino,Ascellino,o,,,,,false
orthographic,chronicon:0.1.1.8.33.15,Ludouicum,Ludouicum,b a,,,,,true
orthographic,chronicon:0.1.1.8.33.15,Ludouicum,Lodouicum,o,,,,,false
orthographic,chronicon:0.1.1.8.33.26,Gibbertum,Gibbertum,b a,,,,,true
orthographic,chronicon:0.1.1.8.33.26,Gibbertum,Girbertum,o,,,,,false
orthographic,chronicon:0.1.1.8.33.29,Gibberti,Gibberti,b a,,,,,true
orthographic,chronicon:0.1.1.8.33.29,Gibberti,Girberti,o,,,,,false
orthographic,chronicon:0.1.1.8.33.31,iussit,iussit,b a,,,,,true
orthographic,chronicon:0.1.1.8.33.31,iussit,iusit,o,,,,,false
orthographic,chronicon:0.1.1.8.33.32,alligatum,alligatum,b a,,,,,true
orthographic,chronicon:0.1.1.8.33.32,alligatum,aligatum,o,,,,,false
orthographic,chronicon:0.1.1.8.33.41,Ottone,Ottone,b a,,,,,true
orthographic,chronicon:0.1.1.8.33.41,Ottone,Otone,o,,,,,false
orthographic,chronicon:0.1.1.8.34.0,obsessa,obsessa,b a,,,,,true
orthographic,chronicon:0.1.1.8.34.0,obsessa,obsesa,o,,,,,false
orthographic,chronicon:0.1.1.8.35.0,septentrionis,septentrionis,b o,,,,,true
orthographic,chronicon:0.1.1.8.35.0,septentrionis,septemtrionis,a,,,,,false
orthographic,chronicon:0.1.1.8.35.4,apparuit,apparuit,b a,,,,,true
orthographic,chronicon:0.1.1.8.35.4,apparuit,aparuit,o,,,,,false
orthographic,chronicon:0.1.1.8.35.5,Occidentis,Occidentis,,,pm,,,true
orthographic,chronicon:0.1.1.8.35.5,Occidentis,occidentis,b o a,,,,,false
orthographic,chronicon:0.1.1.8.35.11,ecclesias,ecclesias,b a,,,,,true
orthographic,chronicon:0.1.1.8.35.11,ecclesias,eclesias,o,,,,,false
orthographic,chronicon:0.1.1.8.35.12,Consanam,Consanam,b a,,,,,true
orthographic,chronicon:0.1.1.8.35.12,Consanam,Comsanam,o,,,,,false
orthographic,chronicon:0.1.1.8.35.13,subuertit,subuertit,b a,,,,,true
orthographic,chronicon:0.1.1.8.35.13,subuertit,supuertit,o,,,,,false
orthographic,chronicon:0.1.1.8.35.14,oppressit,oppressit,b a,,,,,true
orthographic,chronicon:0.1.1.8.35.14,oppressit,oppresit,o,,,,,false
orthographic,chronicon:0.1.1.8.35.15,submersit,submersit,b a,,,,,true
orthographic,chronicon:0.1.1.8.35.15,submersit,supmersit,o,,,,,false
orthographic,chronicon:0.1.1.8.36.3,afflictus mortuus,afflictus mortuus,b a,,,,,true
orthographic,chronicon:0.1.1.8.36.3,afflictus mortuus,aflictus mortus,o,,,,,false
orthographic,chronicon:0.1.1.8.38.1,Dionisii,Dionisii,b a,,,,,true
orthographic,chronicon:0.1.1.8.38.1,Dionisii,Dionisi,o,,,,,false
orthographic,chronicon:0.1.1.8.38.6,commisit,commisit,b a,,,,,true
orthographic,chronicon:0.1.1.8.38.6,commisit,comisit,o,,,,,false
orthographic,chronicon:0.1.1.8.39.0,Henricus Burgundie,Henricus Burgundie,b a,,,,,true
orthographic,chronicon:0.1.1.8.39.0,Henricus Burgundie,Hanricus Burgundis,o,,,,,false
orthographic,chronicon:0.1.1.8.39.3,Riccardo,Riccardo,b a,,,,,true
orthographic,chronicon:0.1.1.8.39.3,Riccardo,Ricardo,o,,,,,false
orthographic,chronicon:0.1.1.8.39.8,successit,successit,b a,,,,,true
orthographic,chronicon:0.1.1.8.39.8,successit,sucessit,o,,,,,false
orthographic,chronicon:0.1.1.8.40.2,successit,successit,b a,,,,,true
orthographic,chronicon:0.1.1.8.40.2,successit,succesit,o,,,,,false
orthographic,chronicon:0.1.1.8.40.4,Successit,Successit,b a,,,,,true
orthographic,chronicon:0.1.1.8.40.4,Successit,Succesit,o,,,,,false
orthographic,chronicon:0.1.1.8.40.17,prephato,prephato,b a,,,,,true
orthographic,chronicon:0.1.1.8.40.17,prephato,prefato,o,,,,,false
orthographic,chronicon:0.1.1.8.40.19,mente efferus,mente efferus,b a,,,,,true
orthographic,chronicon:0.1.1.8.40.19,mente efferus,mete eferus,o,,,,,false
orthographic,chronicon:0.1.1.8.40.20,obsessum,obsessum,b a,,,,,true
orthographic,chronicon:0.1.1.8.40.20,obsessum,obsesum,o,,,,,false
orthographic,chronicon:0.1.1.8.40.21,debilitauit,debilitauit,b a,,,,,true
orthographic,chronicon:0.1.1.8.40.21,debilitauit,debelitauit,o,,,,,false
orthographic,chronicon:0.1.1.8.40.23,mortuus,mortuus,b a,,,,,true
orthographic,chronicon:0.1.1.8.40.23,mortuus,mortus,o,,,,,false
orthographic,chronicon:0.1.1.8.40.29,Otto,Otto,b a,,,,,true
orthographic,chronicon:0.1.1.8.40.29,Otto,Occto,o,,,,,false
orthographic,chronicon:0.1.1.8.40.30,scilicet,scilicet,b a,,,,,true
orthographic,chronicon:0.1.1.8.40.30,scilicet,scilice,o,,,,,false
orthographic,chronicon:0.1.1.8.41.2,optinuit,optinuit,b a,,,,,true
orthographic,chronicon:0.1.1.8.41.2,optinuit,obtinuit,o,,,,,false
orthographic,chronicon:0.1.1.8.41.3,Normanis,Normanis,b,,,,,true
orthographic,chronicon:0.1.1.8.41.3,Normanis,Normannis,a o,,,,,false
orthographic,chronicon:0.1.1.8.42.3,cathedram,cathedram,b a,,,,,true
orthographic,chronicon:0.1.1.8.42.3,cathedram,chatedram,o,,,,,false
orthographic,chronicon:0.1.1.8.42.4,Alamannorum,Alamannorum,b a,,,,,true
orthographic,chronicon:0.1.1.8.42.4,Alamannorum,Alamanorum,o,,,,,false
orthographic,chronicon:0.1.1.8.43.1,Domini,Domini,,,pm,,,true
orthographic,chronicon:0.1.1.8.43.1,Domini,domini,b a o,,,,,false
orthographic,chronicon:0.1.1.8.43.5,rehedificauit,rehedificauit,b a,,,,,true
orthographic,chronicon:0.1.1.8.43.5,rehedificauit,Redificauit,o,,,,,false
orthographic,chronicon:0.1.1.8.43.6,missus Eleutherius,missus Eleutherius,b a,,,,,true
orthographic,chronicon:0.1.1.8.43.6,missus Eleutherius,misus Euletherius,o,,,,,false
orthographic,chronicon:0.1.1.8.43.7,iussu,iussu,b a,,,,,true
orthographic,chronicon:0.1.1.8.43.7,iussu,iusu,o,,,,,false
orthographic,chronicon:0.1.1.8.43.9,ac passus,ac passus,b a,,,,,true
orthographic,chronicon:0.1.1.8.43.9,ac passus,ach pasus,o,,,,,false
orthographic,chronicon:0.1.1.8.43.10,Dioclitiani,Dioclitiani,b a,,,,,true
orthographic,chronicon:0.1.1.8.43.10,Dioclitiani,Diocletiani,o,,,,,false
orthographic,chronicon:0.1.1.8.43.14,martyrio,martyrio,b a,,,,,true
orthographic,chronicon:0.1.1.8.43.14,martyrio,martirio,o,,,,,false
orthographic,chronicon:0.1.1.8.43.16,confessor,confessor,b a,,,,,true
orthographic,chronicon:0.1.1.8.43.16,confessor,confesor,o,,,,,false
orthographic,chronicon:0.1.1.8.43.17,ac,ac,b a,,,,,true
orthographic,chronicon:0.1.1.8.43.17,ac,ach,o,,,,,false
orthographic,chronicon:0.1.1.8.43.19,hodie,hodie,b a,,,,,true
orthographic,chronicon:0.1.1.8.43.19,hodie,odie,o,,,,,false
orthographic,chronicon:0.1.1.8.43.22,rehedificationem,rehedificationem,b a,,,,,true
orthographic,chronicon:0.1.1.8.43.22,rehedificationem,rehedificacionem,o,,,,,false
orthographic,chronicon:0.1.1.8.43.29,quatuor,quatuor,b,,,,,true
orthographic,chronicon:0.1.1.8.43.29,quatuor,IV,a o,,,,,false
orthographic,chronicon:0.1.1.8.45.3,successit Churradus,successit Churradus,b a,,,,,true
orthographic,chronicon:0.1.1.8.45.3,successit Churradus,succesit Chunradus,o,,,,,false
orthographic,chronicon:0.1.1.8.45.4,successit,successit,b a,,,,,true
orthographic,chronicon:0.1.1.8.45.4,successit,succesit,o,,,,,false
orthographic,chronicon:0.1.1.8.46.1,domini,domini,a,,,,,true
orthographic,chronicon:0.1.1.8.46.1,domini,Domini,b o,,,,,false
orthographic,chronicon:0.1.1.8.46.5,successit,successit,b a,,,,,true
orthographic,chronicon:0.1.1.8.46.5,successit,succesit,o,,,,,false
orthographic,chronicon:0.1.1.8.47.0,successit,successit,b a,,,,,true
orthographic,chronicon:0.1.1.8.47.0,successit,succesit,o,,,,,false
orthographic,chronicon:0.1.1.8.47.1,Guaymarius filius,Guaymarius filius,b a,,,,,true
orthographic,chronicon:0.1.1.8.47.1,Guaymarius filius,Guaimarius fillius,o,,,,,false
orthographic,chronicon:0.1.1.8.48.2,mortuus,mortuus,b a,,,,,true
orthographic,chronicon:0.1.1.8.48.2,mortuus,mortus,o,,,,,false
orthographic,chronicon:0.1.1.8.48.3,successit,successit,b a,,,,,true
orthographic,chronicon:0.1.1.8.48.3,successit,succesit,o,,,,,false
orthographic,chronicon:0.1.1.8.48.5,Michael,Michael,b a,,,,,true
orthographic,chronicon:0.1.1.8.48.5,Michael,Miquel,o,,,,,false
orthographic,chronicon:0.1.1.8.48.6,Zoy,Zoy,b a,,,,,true
orthographic,chronicon:0.1.1.8.48.6,Zoy,Zoi,o,,,,,false
orthographic,chronicon:0.1.1.8.48.7,Robbertus,Robbertus,b a,,,,,true
orthographic,chronicon:0.1.1.8.48.7,Robbertus,Robertus,o,,,,,false
orthographic,chronicon:0.1.1.8.48.8,successit,successit,b a,,,,,true
orthographic,chronicon:0.1.1.8.48.8,successit,succesit,o,,,,,false
orthographic,chronicon:0.1.1.8.49.1,successit,successit,b a,,,,,true
orthographic,chronicon:0.1.1.8.49.1,successit,succesit,o,,,,,false
orthographic,chronicon:0.1.1.8.49.4,Theofilatus,Theofilatus,b a,,,,,true
orthographic,chronicon:0.1.1.8.49.4,Theofilatus,Theofilactus,o,,,,,false
orthographic,chronicon:0.1.1.8.49.5,Sabinensis,Sabinensis,b a,,,,,true
orthographic,chronicon:0.1.1.8.49.5,Sabinensis,Sabiniensis,o,,,,,false
orthographic,chronicon:0.1.1.8.49.11,unum,unum,b a,,,,,true
orthographic,chronicon:0.1.1.8.49.11,unum,I,o,,,,,false
orthographic,chronicon:0.1.1.8.49.12,Rauennati,Rauennati,b o,,,,,true
orthographic,chronicon:0.1.1.8.49.12,Rauennati,Rauennanti,a,,,,,false
orthographic,chronicon:0.1.1.8.50.2,Ianuarii,Ianuarii,b a,,,,,true
orthographic,chronicon:0.1.1.8.50.2,Ianuarii,Ianuari,o,,,,,false
orthographic,chronicon:0.1.1.8.51.3,Zoy,Zoy,b a,,,,,true
orthographic,chronicon:0.1.1.8.51.3,Zoy,Zoi,o,,,,,false
orthographic,chronicon:0.1.1.8.51.5,Februarii Normanni ingressi,Februarii Normanni ingressi,b a,,,,,true
orthographic,chronicon:0.1.1.8.51.5,Februarii Normanni ingressi,Febroari Nordinanni ingresi,o,,,,,false
orthographic,chronicon:0.1.1.8.51.9,Normanni,Normanni,b a,,,,,true
orthographic,chronicon:0.1.1.8.51.9,Normanni,Normani,o,,,,,false
orthographic,chronicon:0.1.1.8.51.10,Normannorum,Normannorum,b a,,,,,true
orthographic,chronicon:0.1.1.8.51.10,Normannorum,Normanorum,o,,,,,false
orthographic,chronicon:0.1.1.8.51.11,quattuor,quattuor,b a,,,,,true
orthographic,chronicon:0.1.1.8.51.11,quattuor,quatuor,o,,,,,false
orthographic,chronicon:0.1.1.8.51.12,successit,successit,b a,,,,,true
orthographic,chronicon:0.1.1.8.51.12,successit,succesit,o,,,,,false
orthographic,chronicon:0.1.1.8.52.1,secundo,secundo,b o,,,,,true
orthographic,chronicon:0.1.1.8.52.1,secundo,II,a,,,,,false
orthographic,chronicon:0.1.1.8.52.2,successit,successit,b a,,,,,true
orthographic,chronicon:0.1.1.8.52.2,successit,succesit,o,,,,,false
orthographic,chronicon:0.1.1.8.52.3,Archontopanthiu,Archontopanthiu,b a,,,,,true
orthographic,chronicon:0.1.1.8.52.3,Archontopanthiu,Arcontopanthiu,o,,,,,false
orthographic,chronicon:0.1.1.8.52.4,Zoy,Zoy,b a,,,,,true
orthographic,chronicon:0.1.1.8.52.4,Zoy,Zoi,o,,,,,false
orthographic,chronicon:0.1.1.8.52.9,successit,successit,b a,,,,,true
orthographic,chronicon:0.1.1.8.52.9,successit,succesit,o,,,,,false
orthographic,chronicon:0.1.1.8.52.11,Zoy,Zoy,b a,,,,,true
orthographic,chronicon:0.1.1.8.52.11,Zoy,Zoi,o,,,,,false
orthographic,chronicon:0.1.1.8.53.0,passa,passa,b a,,,,,true
orthographic,chronicon:0.1.1.8.53.0,passa,pasa,o,,,,,false
orthographic,chronicon:0.1.1.8.53.3,quinque,quinque,b a,,,,,true
orthographic,chronicon:0.1.1.8.53.3,quinque,V,o,,,,,false
orthographic,chronicon:0.1.1.8.55.2,Normannorum,Normannorum,b a,,,,,true
orthographic,chronicon:0.1.1.8.55.2,Normannorum,Normanorum,o,,,,,false
orthographic,chronicon:0.1.1.8.56.6,Theophilus,Theophilus,b a,,,,,true
orthographic,chronicon:0.1.1.8.56.6,Theophilus,Teophilus,o,,,,,false
orthographic,chronicon:0.1.1.8.56.7,sed,sed,b a,,,,,true
orthographic,chronicon:0.1.1.8.56.7,sed,set,o,,,,,false
orthographic,chronicon:0.1.1.8.56.9,hii,hii,b a,,,,,true
orthographic,chronicon:0.1.1.8.56.9,hii,hi,o,,,,,false
orthographic,chronicon:0.1.1.8.56.10,dampnati,dampnati,b a,,,,,true
orthographic,chronicon:0.1.1.8.56.10,dampnati,dabnati,o,,,,,false
orthographic,chronicon:0.1.1.8.56.11,assensum,assensum,b a,,,,,true
orthographic,chronicon:0.1.1.8.56.11,assensum,asensum,o,,,,,false
orthographic,chronicon:0.1.1.8.58.0,Octobris,Octobris,b,,,,,true
orthographic,chronicon:0.1.1.8.58.0,Octobris,Octubris,a2,,,,,false
orthographic,chronicon:0.1.1.8.59.2,Zoy,Zoy,b a2,,,,,true
orthographic,chronicon:0.1.1.8.59.2,Zoy,Zoi,o,,,,,false
orthographic,chronicon:0.1.1.8.60.3,sanctissimus,sanctissimus,b a2,,,,,true
orthographic,chronicon:0.1.1.8.60.3,sanctissimus,sanctisimus,o,,,,,false
orthographic,chronicon:0.1.1.8.60.5,commendatus,commendatus,b a2,,,,,true
orthographic,chronicon:0.1.1.8.60.5,commendatus,comendatus,o,,,,,false
orthographic,chronicon:0.1.1.8.60.7,attributa,attributa,b a2,,,,,true
orthographic,chronicon:0.1.1.8.60.7,attributa,atributa,o,,,,,false
orthographic,chronicon:0.1.1.8.60.10,quinque,quinque,b o,,,,,true
orthographic,chronicon:0.1.1.8.60.10,quinque,V,a2,,,,,false
orthographic,chronicon:0.1.1.8.61.4,Normannorum,Normannorum,b a2,,,,,true
orthographic,chronicon:0.1.1.8.61.4,Normannorum,Nordmannorum,o,,,,,false
orthographic,chronicon:0.1.1.8.61.6,strenuus,strenuus,b a2,,,,,true
orthographic,chronicon:0.1.1.8.61.6,strenuus,strenus,o,,,,,false
orthographic,chronicon:0.1.1.8.61.7,iusticie,iusticie,b o,,,,,true
orthographic,chronicon:0.1.1.8.61.7,iusticie,iustitie,a2,,,,,false
orthographic,chronicon:0.1.1.8.61.13,Normannorum,Normannorum,b a2,,,,,true
orthographic,chronicon:0.1.1.8.61.13,Normannorum,Nordmannorum,o,,,,,false
orthographic,chronicon:0.1.1.8.61.14,successit,successit,b a2,,,,,true
orthographic,chronicon:0.1.1.8.61.14,successit,succesit,o,,,,,false
orthographic,chronicon:0.1.1.8.61.17,septem,septem,b,,,,,true
orthographic,chronicon:0.1.1.8.61.17,septem,VII,a2 o,,,,,false
orthographic,chronicon:0.1.1.8.62.1,quinta,quinta,b a2,,,,,true
orthographic,chronicon:0.1.1.8.62.1,quinta,V,o,,,,,false
orthographic,chronicon:0.1.1.8.62.2,Guaymarius,Guaymarius,b a2,,,,,true
orthographic,chronicon:0.1.1.8.62.2,Guaymarius,Gaymarius,o,,,,,false
orthographic,chronicon:0.1.1.8.62.3,uicesimo tercio,uicesimo tercio,b,,,,,true
orthographic,chronicon:0.1.1.8.62.3,uicesimo tercio,XXIII,a2 o,,,,,false
orthographic,chronicon:0.1.1.8.62.4,successit,successit,b a2,,,,,true
orthographic,chronicon:0.1.1.8.62.4,successit,succesit,o,,,,,false
orthographic,chronicon:0.1.1.8.63.3,Enrico,Enrico,b a2,,,,,true
orthographic,chronicon:0.1.1.8.63.3,Enrico,Henrico,o,,,,,false
orthographic,chronicon:0.1.1.8.63.5,quorundam Sampnitum suggestionem,quorundam Sampnitum suggestionem,b a2,,,,,true
orthographic,chronicon:0.1.1.8.63.5,quorundam Sampnitum suggestionem,corundam Sannitum sucgestionem,o,,,,,false
orthographic,chronicon:0.1.1.8.63.6,Normannos,Normannos,b a2,,,,,true
orthographic,chronicon:0.1.1.8.63.6,Normannos,Normanos,o,,,,,false
orthographic,chronicon:0.1.1.8.63.7,gressum,gressum,b a2,,,,,true
orthographic,chronicon:0.1.1.8.63.7,gressum,gresum,o,,,,,false
orthographic,chronicon:0.1.1.8.63.10,Sampnii,Sampnii,b a2,,,,,true
orthographic,chronicon:0.1.1.8.63.10,Sampnii,Samnii,o,,,,,false
orthographic,chronicon:0.1.1.8.63.11,Commisso,Commisso,b a2,,,,,true
orthographic,chronicon:0.1.1.8.63.11,Commisso,Comiso,o,,,,,false
orthographic,chronicon:0.1.1.8.63.13,Normanni,Normanni,b a2,,,,,true
orthographic,chronicon:0.1.1.8.63.13,Normanni,Normani,o,,,,,false
orthographic,chronicon:0.1.1.8.63.14,Alamannorum,Alamannorum,b a2,,,,,true
orthographic,chronicon:0.1.1.8.63.14,Alamannorum,Alamanorum,o,,,,,false
orthographic,chronicon:0.1.1.8.63.15,percusserunt,percusserunt,b a2,,,,,true
orthographic,chronicon:0.1.1.8.63.15,percusserunt,percuserunt,o,,,,,false
orthographic,chronicon:0.1.1.8.63.17,hi,hi,b o,,,,,true
orthographic,chronicon:0.1.1.8.63.17,hi,ii,a2,,,,,false
orthographic,chronicon:0.1.1.8.63.21,processit,processit,b a2,,,,,true
orthographic,chronicon:0.1.1.8.63.21,processit,procesit,o,,,,,false
orthographic,chronicon:0.1.1.8.63.24,officii,officii,b a2,,,,,true
orthographic,chronicon:0.1.1.8.63.24,officii,oficii,o,,,,,false
orthographic,chronicon:0.1.1.8.63.26,permissum,permissum,b a2,,,,,true
orthographic,chronicon:0.1.1.8.63.26,permissum,permisum,o,,,,,false
orthographic,chronicon:0.1.1.8.63.33,successoribus,successoribus,b a2,,,,,true
orthographic,chronicon:0.1.1.8.63.33,successoribus,succesoribus,o,,,,,false
orthographic,chronicon:0.1.1.8.63.39,Zoy,Zoy,b a2,,,,,true
orthographic,chronicon:0.1.1.8.63.39,Zoy,Zoi,o,,,,,false
orthographic,chronicon:0.1.1.8.63.45,successit,successit,b a2,,,,,true
orthographic,chronicon:0.1.1.8.63.45,successit,succesit,o,,,,,false
orthographic,chronicon:0.1.1.8.63.46,quattuor,quattuor,b,,,,,true
orthographic,chronicon:0.1.1.8.63.46,quattuor,IV,a2 o,,,,,false
orthographic,chronicon:0.1.1.8.63.47,ac,ac,b a2,,,,,true
orthographic,chronicon:0.1.1.8.63.47,ac,ach,o,,,,,false
orthographic,chronicon:0.1.1.8.63.49,Dioclici,Dioclici,b,,,,,true
orthographic,chronicon:0.1.1.8.63.49,Dioclici,Dioclizi,a2 o,,,,,false
orthographic,chronicon:0.1.1.8.63.50,successit,successit,b a2,,,,,true
orthographic,chronicon:0.1.1.8.63.50,successit,succesit,o,,,,,false
orthographic,chronicon:0.1.1.8.63.51,Normannis,Normannis,b a2,,,,,true
orthographic,chronicon:0.1.1.8.63.51,Normannis,Normandis,o,,,,,false
orthographic,chronicon:0.1.1.8.63.54,successit,successit,b a2,,,,,true
orthographic,chronicon:0.1.1.8.63.54,successit,succesit,o,,,,,false
orthographic,chronicon:0.1.1.8.63.57,duobus,duobus,b,,,,,true
orthographic,chronicon:0.1.1.8.63.57,duobus,II,a2 o,,,,,false
orthographic,chronicon:0.1.1.8.63.59,duobus,duobus,b,,,,,true
orthographic,chronicon:0.1.1.8.63.59,duobus,II,a2 o,,,,,false
orthographic,chronicon:0.1.1.8.63.60,Gondifridi,Gondifridi,b a2,,,,,true
orthographic,chronicon:0.1.1.8.63.60,Gondifridi,Godifridii,o,,,,,false
orthographic,chronicon:0.1.1.8.63.61,Fredericus,Fredericus,b,,,,,true
orthographic,chronicon:0.1.1.8.63.61,Fredericus,Fridericus,a2,,,,,false
orthographic,chronicon:0.1.1.8.63.61,Fredericus,Ferdiricus,o,,,,,false
orthographic,chronicon:0.1.1.8.63.63,septem,septem,b o,,,,,true
orthographic,chronicon:0.1.1.8.63.63,septem,VII,a2,,,,,false
orthographic,chronicon:0.1.1.8.63.64,Belliternensis,Belliternensis,b,,,,,true
orthographic,chronicon:0.1.1.8.63.64,Belliternensis,Beliternensis,a2,,,,,false
orthographic,chronicon:0.1.1.8.63.64,Belliternensis,Belniternensis,o,,,,,false
orthographic,chronicon:0.1.1.8.64.4,successorem,successorem,b a2,,,,,true
orthographic,chronicon:0.1.1.8.64.4,successorem,succesorem,o,,,,,false
orthographic,chronicon:0.1.1.8.64.5,strenuum,strenuum,b a2,,,,,true
orthographic,chronicon:0.1.1.8.64.5,strenuum,strenum,o,,,,,false
orthographic,chronicon:0.1.1.8.64.6,Set,Set,b o,,,,,true
orthographic,chronicon:0.1.1.8.64.6,Set,Sed,a2,,,,,false
orthographic,chronicon:0.1.1.8.64.8,Uiscardus,Uiscardus,b a2,,,,,true
orthographic,chronicon:0.1.1.8.64.8,Uiscardus,Guiscardus,o,,,,,false
orthographic,chronicon:0.1.1.8.64.10,Normannorum,Normannorum,b a2,,,,,true
orthographic,chronicon:0.1.1.8.64.10,Normannorum,Nordmannorum,o,,,,,false
orthographic,chronicon:0.1.1.8.64.11,Baielardum,Baielardum,b,,,,,true
orthographic,chronicon:0.1.1.8.64.11,Baielardum,Bagelardum,a2,,,,,false
orthographic,chronicon:0.1.1.8.64.11,Baielardum,Bayelardum,o,,,,,false
orthographic,chronicon:0.1.1.8.64.14,Goffridus,Goffridus,b,,,,,true
orthographic,chronicon:0.1.1.8.64.14,Goffridus,Gofridus,a2 o,,,,,false
orthographic,chronicon:0.1.1.8.64.17,Tercius,Tercius,b o,,,,,true
orthographic,chronicon:0.1.1.8.64.17,Tercius,Tertius,a2,,,,,false
orthographic,chronicon:0.1.1.8.64.19,prudenciam,prudenciam,b o,,,,,true
orthographic,chronicon:0.1.1.8.64.19,prudenciam,prudentiam,a2,,,,,false
orthographic,chronicon:0.1.1.8.64.28,astuciam,astuciam,b o,,,,,true
orthographic,chronicon:0.1.1.8.64.28,astuciam,astutiam,a2,,,,,false
orthographic,chronicon:0.1.1.8.64.30,prudenciam,prudenciam,b o,,,,,true
orthographic,chronicon:0.1.1.8.64.30,prudenciam,prudentiam,a2,,,,,false
orthographic,chronicon:0.1.1.8.64.32,militarem,militarem,b a2,,,,,true
orthographic,chronicon:0.1.1.8.64.32,militarem,millitarem,o,,,,,false
orthographic,chronicon:0.1.1.8.64.33,gloriosissime,gloriosissime,b a2,,,,,true
orthographic,chronicon:0.1.1.8.64.33,gloriosissime,gloriosisime,o,,,,,false
orthographic,chronicon:0.1.1.8.64.36,strenuus,strenuus,b a2,,,,,true
orthographic,chronicon:0.1.1.8.64.36,strenuus,strenus,o,,,,,false
orthographic,chronicon:0.1.1.8.64.41,Roggerius,Roggerius,b,,,,,true
orthographic,chronicon:0.1.1.8.64.41,Roggerius,Rogerius,a2 o,,,,,false
orthographic,chronicon:0.1.1.8.64.42,iusticie,iusticie,b o,,,,,true
orthographic,chronicon:0.1.1.8.64.42,iusticie,iustitie,a2,,,,,false
orthographic,chronicon:0.1.1.8.66.2,Philippus,Philippus,b a2,,,,,true
orthographic,chronicon:0.1.1.8.66.2,Philippus,Philipus,o,,,,,false
orthographic,chronicon:0.1.1.8.66.3,successit,successit,b a2,,,,,true
orthographic,chronicon:0.1.1.8.66.3,successit,succesit,o,,,,,false
orthographic,chronicon:0.1.1.8.66.5,Troianis,Troianis,b a2,,,,,true
orthographic,chronicon:0.1.1.8.66.5,Troianis,Troyanis,o,,,,,false
orthographic,chronicon:0.1.1.8.67.3,Normannorum,Normannorum,b a,,,,,true
orthographic,chronicon:0.1.1.8.67.3,Normannorum,Normanorum,o,,,,,false
orthographic,chronicon:0.1.1.8.67.4,Sikelgaitam,Sikelgaitam,b o,,,,,true
orthographic,chronicon:0.1.1.8.67.4,Sikelgaitam,Sigelgaytam,a,,,,,false
orthographic,chronicon:0.1.1.8.67.5,Guaimarii,Guaimarii,b a,,,,,true
orthographic,chronicon:0.1.1.8.67.5,Guaimarii,Gaymarii,o,,,,,false
orthographic,chronicon:0.1.1.8.67.8,Roggerium,Roggerium,b a,,,,,true
orthographic,chronicon:0.1.1.8.67.8,Roggerium,Rogerium,o,,,,,false
orthographic,chronicon:0.1.1.8.67.11,quinque,quinque,b o,,,,,true
orthographic,chronicon:0.1.1.8.67.11,quinque,V,a,,,,,false
orthographic,chronicon:0.1.1.8.67.16,Roggerium,Roggerium,b a,,,,,true
orthographic,chronicon:0.1.1.8.67.16,Roggerium,Rogerium,o,,,,,false
orthographic,chronicon:0.1.1.8.67.18,promittens,promittens,b a,,,,,true
orthographic,chronicon:0.1.1.8.67.18,promittens,promitens,o,,,,,false
orthographic,chronicon:0.1.1.8.67.19,successoribus,successoribus,b a,,,,,true
orthographic,chronicon:0.1.1.8.67.19,successoribus,succesoribus,o,,,,,false
orthographic,chronicon:0.1.1.8.68.1,secundo,secundo,b,,,,,true
orthographic,chronicon:0.1.1.8.68.1,secundo,II,a o,,,,,false
orthographic,chronicon:0.1.1.8.68.2,octauo,octauo,b,,,,,true
orthographic,chronicon:0.1.1.8.68.2,octauo,VIII,a o,,,,,false
orthographic,chronicon:0.1.1.8.68.4,Riccardus,Riccardus,b a,,,,,true
orthographic,chronicon:0.1.1.8.68.4,Riccardus,Ricardus,o,,,,,false
orthographic,chronicon:0.1.1.8.68.6,liggius,liggius,b a,,,,,true
orthographic,chronicon:0.1.1.8.68.6,liggius,ligius,o,,,,,false
orthographic,chronicon:0.1.1.8.71.2,Aprilis,Aprilis,b,,,,,true
orthographic,chronicon:0.1.1.8.71.2,Aprilis,Aprelis,a2,,,,,false
orthographic,chronicon:0.1.1.8.73.4,Occidentis,Occidentis,,,pm,,,true
orthographic,chronicon:0.1.1.8.73.4,Occidentis,occidentis,b a,,,,,false
orthographic,chronicon:0.1.1.8.73.6,sexto,sexto,b,,,,,true
orthographic,chronicon:0.1.1.8.73.6,sexto,VI,a o,,,,,false
orthographic,chronicon:0.1.1.8.73.7,successit,successit,b a,,,,,true
orthographic,chronicon:0.1.1.8.73.7,successit,succesit,o,,,,,false
orthographic,chronicon:0.1.1.8.73.9,oppugnauit,oppugnauit,b a,,,,,true
orthographic,chronicon:0.1.1.8.73.9,oppugnauit,obpugnauit,o,,,,,false
orthographic,chronicon:0.1.1.8.75.3,Montempilosum,Montempilosum,a2,,,,,true
orthographic,chronicon:0.1.1.8.75.3,Montempilosum,Montem-pilosum,b,,,,,false
orthographic,chronicon:0.1.1.8.75.6,Gothifrede,Gothifrede,b,,,,,true
orthographic,chronicon:0.1.1.8.75.6,Gothifrede,Gotthifrede,a2,,,,,false
orthographic,chronicon:0.1.1.8.75.7,Montempilosum,Montempilosum,a2,,,,,true
orthographic,chronicon:0.1.1.8.75.7,Montempilosum,Montem-pilosum,b,,,,,false
orthographic,chronicon:0.1.1.8.76.0,successit,successit,b a,,,,,true
orthographic,chronicon:0.1.1.8.76.0,successit,succesit,o,,,,,false
orthographic,chronicon:0.1.1.8.80.2,Robbertus,Robbertus,b,,,,,true
orthographic,chronicon:0.1.1.8.80.2,Robbertus,Robertus,a2,,,,,false
orthographic,chronicon:0.1.1.8.81.0,Ildebrandus,Ildebrandus,b,,,,,true
orthographic,chronicon:0.1.1.8.81.0,Ildebrandus,Ildeprandus,a,,,,,false
orthographic,chronicon:0.1.1.8.83.1,Robbertus,Robbertus,b,,,,,true
orthographic,chronicon:0.1.1.8.83.1,Robbertus,Robertus,a2,,,,,false
orthographic,chronicon:0.1.1.8.86.0,octauo,octauo,b,,,,,true
orthographic,chronicon:0.1.1.8.86.0,octauo,VIII,a,,,,,false
orthographic,chronicon:0.1.1.8.89.2,aplicuit,aplicuit,b,,,,,true
orthographic,chronicon:0.1.1.8.89.2,aplicuit,applicuit,a,,,,,false
orthographic,chronicon:0.1.1.8.91.2,quotidie,quotidie,b,,,,,true
orthographic,chronicon:0.1.1.8.91.2,quotidie,cotidie,a,,,,,false
orthographic,chronicon:0.1.1.8.91.17,dominice,dominice,a,,,,,true
orthographic,chronicon:0.1.1.8.91.17,dominice,Dominice,b,,,,,false
orthographic,chronicon:0.1.1.8.91.19,Dirrachio,Dirrachio,b,,,,,true
orthographic,chronicon:0.1.1.8.91.19,Dirrachio,Dirachio,a,,,,,false
orthographic,chronicon:0.1.1.8.91.23,namque,namque,b,,,,,true
orthographic,chronicon:0.1.1.8.91.23,namque,nanque,a,,,,,false
orthographic,chronicon:0.1.1.8.91.24,sagittarios,sagittarios,b,,,,,true
orthographic,chronicon:0.1.1.8.91.24,sagittarios,saggittarios,a,,,,,false
orthographic,chronicon:0.1.1.8.92.3,hostiliter,hostiliter,a,,,,,true
orthographic,chronicon:0.1.1.8.92.3,hostiliter,ostiliter,b g,,,,,false
orthographic,chronicon:0.1.1.8.93.2,VI,VI,b,,,,,true
orthographic,chronicon:0.1.1.8.93.2,VI,sexta,a2,,,,,false
orthographic,chronicon:0.1.1.8.93.4,Hoc,Hoc,,,pm,,,true
orthographic,chronicon:0.1.1.8.93.4,Hoc,hoc,b a2,,,,,false
orthographic,chronicon:0.1.1.8.95.1,segniter,segniter,a g,,,,,true
orthographic,chronicon:0.1.1.8.95.1,segniter,signiter,b,,,,,false
orthographic,chronicon:0.1.1.8.95.3,Maio,Maio,b,,,,,true
orthographic,chronicon:0.1.1.8.95.3,Maio,Magio,a,,,,,false
orthographic,chronicon:0.1.1.8.95.4,impatiens,impatiens,a,,,,,true
orthographic,chronicon:0.1.1.8.95.4,impatiens,inpaciens,b g,,,,,false
orthographic,chronicon:0.1.1.8.97.1,Samnis,Samnis,b,,,,,true
orthographic,chronicon:0.1.1.8.97.1,Samnis,Sampnis,a,,,,,false
orthographic,chronicon:0.1.1.8.97.2,quattuor,quattuor,b,,,,,true
orthographic,chronicon:0.1.1.8.97.2,quattuor,IV,a,,,,,false
orthographic,chronicon:0.1.1.8.99.0,aput,aput,b,,,,,true
orthographic,chronicon:0.1.1.8.99.0,aput,apud,a,,,,,false
orthographic,chronicon:0.1.1.8.102.1,Nicholai,Nicholai,b,,,,,true
orthographic,chronicon:0.1.1.8.102.1,Nicholai,Nicolai,a2,,,,,false
orthographic,chronicon:0.1.1.8.103.3,Sikelgaita,Sikelgaita,b,,,,,true
orthographic,chronicon:0.1.1.8.103.3,Sikelgaita,Sikelgayta,a,,,,,false
orthographic,chronicon:0.1.1.8.104.0,Augusti,Augusti,,,pm,,,true
orthographic,chronicon:0.1.1.8.104.0,Augusti,augusti,b a2,,,,,false
orthographic,chronicon:0.1.1.8.108.0,Kalendas,Kalendas,,,pm,,,true
orthographic,chronicon:0.1.1.8.108.0,Kalendas,kalendas,b a,,,,,false
orthographic,chronicon:0.1.1.8.109.3,Augusti,Augusti,,,pm,,,true
orthographic,chronicon:0.1.1.8.109.3,Augusti,augusti,b a,,,,,false
orthographic,chronicon:0.1.1.8.110.2,milibus,milibus,b,,,,,true
orthographic,chronicon:0.1.1.8.110.2,milibus,millibus,a2,,,,,false
orthographic,chronicon:0.1.1.8.110.3,gencium,gencium,b,,,,,true
orthographic,chronicon:0.1.1.8.110.3,gencium,gentium,a2,,,,,false
orthographic,chronicon:0.1.1.8.110.4,Amalfim,Amalfim,b,,,,,true
orthographic,chronicon:0.1.1.8.110.4,Amalfim,Amalphim,a2,,,,,false
orthographic,chronicon:0.1.1.8.110.5,Crucis,Crucis,,,pm,,,true
orthographic,chronicon:0.1.1.8.110.5,Crucis,crucis,b a2,,,,,false
orthographic,chronicon:0.1.1.8.111.2,Gothifredus,Gothifredus,b,,,,,true
orthographic,chronicon:0.1.1.8.111.2,Gothifredus,Godifridus,a,,,,,false
orthographic,chronicon:0.1.1.8.111.7,possedebant,possedebant,b,,,,,true
orthographic,chronicon:0.1.1.8.111.7,possedebant,possidebant,a,,,,,false
orthographic,chronicon:0.1.1.8.111.9,Gothifredum,Gothifredum,b,,,,,true
orthographic,chronicon:0.1.1.8.111.9,Gothifredum,Godifridum,a,,,,,false
orthographic,chronicon:0.1.1.8.112.1,sinodum,sinodum,b,,,,,true
orthographic,chronicon:0.1.1.8.112.1,sinodum,synodum,a2,,,,,false
orthographic,chronicon:0.1.1.8.112.2,affuerunt,affuerunt,b,,,,,true
orthographic,chronicon:0.1.1.8.112.2,affuerunt,adfuerunt,a2,,,,,false
orthographic,chronicon:0.1.1.8.112.3,CXXX,CXXX,b,,,,,true
orthographic,chronicon:0.1.1.8.112.3,CXXX,centum triginta,a2,,,,,false
orthographic,chronicon:0.1.1.8.113.2,XIX,XIX,b,,,,,true
orthographic,chronicon:0.1.1.8.113.2,XIX,decem et nouem,a,,,,,false
orthographic,chronicon:0.1.1.8.114.1,Gothifredus,Gothifredus,b,,,,,true
orthographic,chronicon:0.1.1.8.114.1,Gothifredus,Godifridus,a,,,,,false
orthographic,chronicon:0.1.1.8.115.1,Iulio,Iulio,,,pm,,,true
orthographic,chronicon:0.1.1.8.115.1,Iulio,iulio,b a2,,,,,false
orthographic,chronicon:0.1.1.8.115.3,milia,milia,b,,,,,true
orthographic,chronicon:0.1.1.8.115.3,milia,millia,a2,,,,,false
orthographic,chronicon:0.1.1.8.116.0,quinquagesimo primo,quinquagesimo primo,b,,,,,true
orthographic,chronicon:0.1.1.8.116.0,quinquagesimo primo,LI,a,,,,,false
orthographic,chronicon:0.1.1.8.120.1,Octobris,Octobris,a,,,,,true
orthographic,chronicon:0.1.1.8.120.1,Octobris,Octubris,b,,,,,false
orthographic,chronicon:0.1.1.8.120.2,Antiochia,Antiochia,b,,,,,true
orthographic,chronicon:0.1.1.8.120.2,Antiochia,Antiocia,a,,,,,false
orthographic,chronicon:0.1.1.8.121.1,Occidentis,Occidentis,,,pm,,,true
orthographic,chronicon:0.1.1.8.121.1,Occidentis,occidentis,b a,,,,,false
orthographic,chronicon:0.1.1.8.121.2,Februarii,Februarii,,,pm,,,true
orthographic,chronicon:0.1.1.8.121.2,Februarii,februarii,b a,,,,,false
orthographic,chronicon:0.1.1.8.123.0,Caloiohannes,Caloiohannes,a,,,,,true
orthographic,chronicon:0.1.1.8.123.0,Caloiohannes,Calo-iohannes,b,,,,,false
orthographic,chronicon:0.1.1.8.126.3,omnibus,omnibus,a g,,,,,true
orthographic,chronicon:0.1.1.8.126.3,omnibus,omnnibus,b,,,,,false
orthographic,chronicon:0.1.1.8.126.14,tamquam,tamquam,b,,,,,true
orthographic,chronicon:0.1.1.8.126.14,tamquam,tanquam,a,,,,,false
orthographic,chronicon:0.1.1.8.128.6,Robberti,Robberti,b,,,,,true
orthographic,chronicon:0.1.1.8.128.6,Robberti,Roberti,a2,,,,,false
orthographic,chronicon:0.1.1.8.130.1,Willelmus,Willelmus,a,,,,,true
orthographic,chronicon:0.1.1.8.130.1,Willelmus,Wilielmus,b,,,,,false
orthographic,chronicon:0.1.1.8.130.2,synodo,synodo,b,,,,,true
orthographic,chronicon:0.1.1.8.130.2,synodo,sinodo,a,,,,,false
orthographic,chronicon:0.1.1.8.130.4,Syria,Syria,b,,,,,true
orthographic,chronicon:0.1.1.8.130.4,Syria,Siria,a,,,,,false
orthographic,chronicon:0.1.1.8.130.5,Natalem,Natalem,,,pm,,,true
orthographic,chronicon:0.1.1.8.130.5,Natalem,natalem,b a,,,,,false
orthographic,chronicon:0.1.1.8.130.7,Hierusalem,Hierusalem,b,,,,,true
orthographic,chronicon:0.1.1.8.130.7,Hierusalem,Ierusalem,a,,,,,false
orthographic,chronicon:0.1.1.8.132.2,Goffrido,Goffrido,b,,,,,true
orthographic,chronicon:0.1.1.8.132.2,Goffrido,Goffredo,a2,,,,,false
orthographic,chronicon:0.1.1.8.132.4,Gofredus,Gofredus,b,,,,,true
orthographic,chronicon:0.1.1.8.132.4,Gofredus,Gofridus,a2,,,,,false
orthographic,chronicon:0.1.1.8.132.6,set,set,b,,,,,true
orthographic,chronicon:0.1.1.8.132.6,set,sed,a2,,,,,false
orthographic,chronicon:0.1.1.8.133.1,hedificia,hedificia,b,,,,,true
orthographic,chronicon:0.1.1.8.133.1,hedificia,edificia,a,,,,,false
orthographic,chronicon:0.1.1.8.134.1,tercio,tercio,b,,,,,true
orthographic,chronicon:0.1.1.8.134.1,tercio,tertio,a,,,,,false
orthographic,chronicon:0.1.1.8.134.2,eclipsim,eclipsim,b,,,,,true
orthographic,chronicon:0.1.1.8.134.2,eclipsim,eclipsin,a,,,,,false
orthographic,chronicon:0.1.1.8.134.6,Paschalis,Paschalis,b,,,,,true
orthographic,chronicon:0.1.1.8.134.6,Paschalis,Pascalis,a,,,,,false
orthographic,chronicon:0.1.1.8.134.9,secuti,secuti,a,,,,,true
orthographic,chronicon:0.1.1.8.134.9,secuti,sequti,b,,,,,false
orthographic,chronicon:0.1.1.8.134.12,Hispanie,Hispanie,b,,,,,true
orthographic,chronicon:0.1.1.8.134.12,Hispanie,Ispanie,a,,,,,false
orthographic,chronicon:0.1.1.8.134.13,Tolletanum,Tolletanum,b,,,,,true
orthographic,chronicon:0.1.1.8.134.13,Tolletanum,Toletanum,a,,,,,false
orthographic,chronicon:0.1.1.8.134.15,Hierusalem,Hierusalem,b,,,,,true
orthographic,chronicon:0.1.1.8.134.15,Hierusalem,Ierusalem,a,,,,,false
orthographic,chronicon:0.1.1.8.135.2,Hierusalem,Hierusalem,b,,,,,true
orthographic,chronicon:0.1.1.8.135.2,Hierusalem,Ierusalem,a,,,,,false
orthographic,chronicon:0.1.1.8.137.0,Octobris,Octobris,a,,,,,true
orthographic,chronicon:0.1.1.8.137.0,Octobris,octubris,b,,,,,false
orthographic,chronicon:0.1.1.8.137.3,quemcunque,quemcunque,b,,,,,true
orthographic,chronicon:0.1.1.8.137.3,quemcunque,quemcumque,a,,,,,false
orthographic,chronicon:0.1.1.8.137.4,Nicolaus,Nicolaus,b,,,,,true
orthographic,chronicon:0.1.1.8.137.4,Nicolaus,Nycolaus,a,,,,,false
orthographic,chronicon:0.1.1.8.139.1,Callixtus,Callixtus,b,,,,,true
orthographic,chronicon:0.1.1.8.139.1,Callixtus,Calixtus,a,,,,,false
orthographic,chronicon:0.1.1.8.140.6,Set,Set,b,,,,,true
orthographic,chronicon:0.1.1.8.140.6,Set,Sed,a2,,,,,false
orthographic,chronicon:0.1.1.8.140.9,Roggerio,Roggerio,b,,,,,true
orthographic,chronicon:0.1.1.8.140.9,Roggerio,Rogerio,a2,,,,,false
orthographic,chronicon:0.1.1.8.141.2,set,set,b,,,,,true
orthographic,chronicon:0.1.1.8.141.2,set,sed,a2,,,,,false
orthographic,chronicon:0.1.1.8.142.0,Roggerius,Roggerius,b,,,,,true
orthographic,chronicon:0.1.1.8.142.0,Roggerius,Rogerius,a2,,,,,false
orthographic,chronicon:0.1.1.9.2.1,Iudaicam,Iudaicam,b,,,,,true
orthographic,chronicon:0.1.1.9.2.1,Iudaicam,Iudaycam,a,,,,,false
orthographic,chronicon:0.1.1.9.2.5,Caputaquensi,Caputaquensi,b,,,,,true
orthographic,chronicon:0.1.1.9.2.5,Caputaquensi,Capudaquensi,a,,,,,false
orthographic,chronicon:0.1.1.9.3.3,domno,domno,b,,,,,true
orthographic,chronicon:0.1.1.9.3.3,domno,domino,a2,,,,,false
orthographic,chronicon:0.1.1.9.3.4,reliquit,reliquit,a2,,,,,true
orthographic,chronicon:0.1.1.9.3.4,reliquit,reliquid,b,,,,,false
orthographic,chronicon:0.1.1.9.6.0,Rogerius,Rogerius,b,,,,,true
orthographic,chronicon:0.1.1.9.6.0,Rogerius,Roggerius,a,,,,,false
orthographic,chronicon:0.1.1.9.11.1,Anteochenis,Anteochenis,b,,,,,true
orthographic,chronicon:0.1.1.9.11.1,Anteochenis,Antiochenis,a2,,,,,false
orthographic,chronicon:0.1.1.9.11.4,reliquit,reliquit,a2,,,,,true
orthographic,chronicon:0.1.1.9.11.4,reliquit,reliquid,b,,,,,false
orthographic,chronicon:0.1.1.9.11.5,domno,domno,b,,,,,true
orthographic,chronicon:0.1.1.9.11.5,domno,dompno,a2,,,,,false
orthographic,app7-in-g214.n8-215.n14,XIV,XIV,a2 g,,,,,true
orthographic,app7-in-g214.n8-215.n14,XIV,14,b,,,,,false
orthographic,chronicon:0.1.1.9.11.10,Ricinnus,Ricinnus,b,,,,,true
orthographic,chronicon:0.1.1.9.11.10,Ricinnus,Ricuinus,a2,,,,,false
orthographic,chronicon:0.1.1.9.11.11,capcionis,capcionis,b g,,,,,true
orthographic,chronicon:0.1.1.9.11.11,capcionis,captionis,a2,,,,,false
orthographic,chronicon:0.1.1.9.13.9,tradicione,tradicione,b,,,,,true
orthographic,chronicon:0.1.1.9.13.9,tradicione,traditione,a2,,,,,false
orthographic,chronicon:0.1.1.9.13.10,domnus,domnus,b,,,,,true
orthographic,chronicon:0.1.1.9.13.10,domnus,dompnus,a2,,,,,false
orthographic,chronicon:0.1.1.9.13.11,domno,domno,b,,,,,true
orthographic,chronicon:0.1.1.9.13.11,domno,domino,a2,,,,,false
orthographic,chronicon:0.1.1.9.13.12,domno,domno,b,,,,,true
orthographic,chronicon:0.1.1.9.13.12,domno,dompno,a2,,,,,false
orthographic,chronicon:0.1.1.9.14.4,Brizie,Brizie,b,,,,,true
orthographic,chronicon:0.1.1.9.14.4,Brizie,Britie,a2,,,,,false
orthographic,chronicon:0.1.1.9.15.7,Calixti,Calixti,b,,,,,true
orthographic,chronicon:0.1.1.9.15.7,Calixti,Callixti,a2,,,,,false
orthographic,chronicon:0.1.1.9.16.4,municionem,municionem,b,,,,,true
orthographic,chronicon:0.1.1.9.16.4,municionem,munitionem,a2,,,,,false
orthographic,chronicon:0.1.1.9.16.6,set,set,b,,,,,true
orthographic,chronicon:0.1.1.9.16.6,set,sed,a2,,,,,false
orthographic,chronicon:0.1.1.9.16.7,Set,Set,b,,,,,true
orthographic,chronicon:0.1.1.9.16.7,Set,Sed,a2,,,,,false
orthographic,chronicon:0.1.1.9.16.10,nichil,nichil,b,,,,,true
orthographic,chronicon:0.1.1.9.16.10,nichil,nihil,a2,,,,,false
orthographic,chronicon:0.1.1.9.17.3,habiit,habiit,b,,,,,true
orthographic,chronicon:0.1.1.9.17.3,habiit,abiit,a2,,,,,false
orthographic,chronicon:0.1.1.9.17.6,milia,milia,b,,,,,true
orthographic,chronicon:0.1.1.9.17.6,milia,millia,a2,,,,,false
orthographic,chronicon:0.1.1.9.17.7,sagittarios,sagittarios,b,,,,,true
orthographic,chronicon:0.1.1.9.17.7,sagittarios,sagitarios,a2,,,,,false
orthographic,chronicon:0.1.1.9.17.11,crisma,crisma,b,,,,,true
orthographic,chronicon:0.1.1.9.17.11,crisma,chrisma,a2,,,,,false
orthographic,chronicon:0.1.1.9.17.18,Set,Set,b,,,,,true
orthographic,chronicon:0.1.1.9.17.18,Set,Sed,a2,,,,,false
orthographic,chronicon:0.1.1.9.17.19,nichil,nichil,b,,,,,true
orthographic,chronicon:0.1.1.9.17.19,nichil,nihil,a2,,,,,false
orthographic,chronicon:0.1.1.9.17.21,Gofredus,Gofredus,b,,,,,true
orthographic,chronicon:0.1.1.9.17.21,Gofredus,Goffredus,a2,,,,,false
orthographic,chronicon:0.1.1.9.18.3,Nicolai,Nicolai,b,,,,,true
orthographic,chronicon:0.1.1.9.18.3,Nicolai,Nycolay,a,,,,,false
orthographic,chronicon:0.1.1.9.18.12,Pisanorum,Pisanorum,b,,,,,true
orthographic,chronicon:0.1.1.9.18.12,Pisanorum,Pysanorum,a,,,,,false
orthographic,chronicon:0.1.1.9.18.13,Pisanorum,Pisanorum,b,,,,,true
orthographic,chronicon:0.1.1.9.18.13,Pisanorum,Pysanorum,a,,,,,false
orthographic,chronicon:0.1.1.9.18.14,Pisanorum,Pisanorum,b,,,,,true
orthographic,chronicon:0.1.1.9.18.14,Pisanorum,Pysanorum,a,,,,,false
orthographic,chronicon:0.1.1.9.18.15,Pisanos,Pisanos,b,,,,,true
orthographic,chronicon:0.1.1.9.18.15,Pisanos,Pysanos,a,,,,,false
orthographic,chronicon:0.1.1.9.19.0,Pisas,Pisas,b,,,,,true
orthographic,chronicon:0.1.1.9.19.0,Pisas,Pysas,a,,,,,false
orthographic,chronicon:0.1.1.9.19.2,attraebat,attraebat,b,,,,,true
orthographic,chronicon:0.1.1.9.19.2,attraebat,attrahebat,a,,,,,false
orthographic,chronicon:0.1.1.9.20.0,Albyriam,Albyriam,b,,,,,true
orthographic,chronicon:0.1.1.9.20.0,Albyriam,Albiriam,a,,,,,false
orthographic,chronicon:0.1.1.9.20.1,Hispanie,Hispanie,b,,,,,true
orthographic,chronicon:0.1.1.9.20.1,Hispanie,Ispanie,a,,,,,false
orthographic,chronicon:0.1.1.9.22.1,obtinuit,obtinuit,b,,,,,true
orthographic,chronicon:0.1.1.9.22.1,obtinuit,optinuit,a,,,,,false
orthographic,chronicon:0.1.1.9.22.3,Robertus,Robertus,b,,,,,true
orthographic,chronicon:0.1.1.9.22.3,Robertus,Robbertus,a,,,,,false
orthographic,chronicon:0.1.1.9.22.5,quadrigentos,quadrigentos,b,,,,,true
orthographic,chronicon:0.1.1.9.22.5,quadrigentos,quadringentos,a,,,,,false
orthographic,chronicon:0.1.1.9.23.5,difiniri,difiniri,b,,,,,true
orthographic,chronicon:0.1.1.9.23.5,difiniri,diffiniri,a,,,,,false
orthographic,chronicon:0.1.1.9.24.0,Bernardo,Bernardo,b,,,,,true
orthographic,chronicon:0.1.1.9.24.0,Bernardo,Bernaldo,a,,,,,false
orthographic,chronicon:0.1.1.9.24.1,Clareuallensi,Clareuallensi,a,,,,,true
orthographic,chronicon:0.1.1.9.24.1,Clareuallensi,Claraeuallensi,b,,,,,false
orthographic,chronicon:0.1.1.9.24.2,consumari,consumari,b,,,,,true
orthographic,chronicon:0.1.1.9.24.2,consumari,consummari,a,,,,,false
orthographic,chronicon:0.1.1.9.24.4,lassescentibus,lassescentibus,b,,,,,true
orthographic,chronicon:0.1.1.9.24.4,lassescentibus,lascessentibus,a,,,,,false
orthographic,chronicon:0.1.1.9.24.6,Gallucium,Gallucium,b,,,,,true
orthographic,chronicon:0.1.1.9.24.6,Gallucium,Galluzium,a,,,,,false
orthographic,chronicon:0.1.1.9.24.13,Teotonicorum,Teotonicorum,b,,,,,true
orthographic,chronicon:0.1.1.9.24.13,Teotonicorum,Teutonicorum,a,,,,,false
orthographic,chronicon:0.1.1.9.24.16,commodum,commodum,a,,,,,true
orthographic,chronicon:0.1.1.9.24.16,commodum,comodum,b,,,,,false
orthographic,chronicon:0.1.1.9.24.17,Antiochiam,Antiochiam,b,,,,,true
orthographic,chronicon:0.1.1.9.24.17,Antiochiam,Antiociam,a,,,,,false
orthographic,chronicon:0.1.1.9.24.18,Emanuel,Emanuel,b,,,,,true
orthographic,chronicon:0.1.1.9.24.18,Emanuel,Emmanuhel,a,,,,,false
orthographic,chronicon:0.1.1.9.24.23,dominice,dominice,a,,,,,true
orthographic,chronicon:0.1.1.9.24.23,dominice,Dominice,b,,,,,false
orthographic,chronicon:0.1.1.9.24.27,Ceperanum,Ceperanum,b,,,,,true
orthographic,chronicon:0.1.1.9.24.27,Ceperanum,Cepparanum,a,,,,,false
orthographic,chronicon:0.1.1.9.24.29,dominice,dominice,a,,,,,true
orthographic,chronicon:0.1.1.9.24.29,dominice,Dominice,b,,,,,false
orthographic,chronicon:0.1.1.9.24.32,Clareuallensis,Clareuallensis,a g,,,,,true
orthographic,chronicon:0.1.1.9.24.32,Clareuallensis,Claraeuallensis,b,,,,,false
orthographic,chronicon:0.1.1.9.24.34,Emanuele,Emanuele,b,,,,,true
orthographic,chronicon:0.1.1.9.24.34,Emanuele,Emmanuele,a,,,,,false
orthographic,chronicon:0.1.1.9.24.38,lassescere,lassescere,b,,,,,true
orthographic,chronicon:0.1.1.9.24.38,lassescere,lascessere,a,,,,,false
orthographic,chronicon:0.1.1.9.24.39,Teotonicos,Teotonicos,b,,,,,true
orthographic,chronicon:0.1.1.9.24.39,Teotonicos,Teutonicos,a,,,,,false
orthographic,chronicon:0.1.1.9.24.41,Emanuele,Emanuele,b,,,,,true
orthographic,chronicon:0.1.1.9.24.41,Emanuele,Emmanuele,a,,,,,false
orthographic,chronicon:0.1.1.9.24.42,amisit,amisit,b,,,,,true
orthographic,chronicon:0.1.1.9.24.42,amisit,ammisit,a,,,,,false
orthographic,chronicon:0.1.1.9.24.45,amisso,amisso,b,,,,,true
orthographic,chronicon:0.1.1.9.24.45,amisso,ammisso,a,,,,,false
orthographic,chronicon:0.1.1.9.24.46,Ytaliam,Ytaliam,b,,,,,true
orthographic,chronicon:0.1.1.9.24.46,Ytaliam,Italiam,a,,,,,false
orthographic,chronicon:0.1.1.9.24.50,dominice,dominice,a,,,,,true
orthographic,chronicon:0.1.1.9.24.50,dominice,Dominice,b,,,,,false
orthographic,chronicon:0.1.1.9.24.53,afflictus,afflictus,a,,,,,true
orthographic,chronicon:0.1.1.9.24.53,afflictus,aflictus,b,,,,,false
orthographic,chronicon:0.1.1.9.25.0,capellam,capellam,b,,,,,true
orthographic,chronicon:0.1.1.9.25.0,capellam,cappellam,a,,,,,false
orthographic,chronicon:0.1.1.9.25.3,effossa,effossa,b,,,,,true
orthographic,chronicon:0.1.1.9.25.3,effossa,effosa,a,,,,,false
orthographic,chronicon:0.1.1.9.25.4,inmitti,inmitti,b,,,,,true
orthographic,chronicon:0.1.1.9.25.4,inmitti,immitti,a,,,,,false
orthographic,chronicon:0.1.1.9.25.5,capreeolos,capreeolos,b,,,,,true
orthographic,chronicon:0.1.1.9.25.5,capreeolos,capreolos,a,,,,,false
orthographic,chronicon:0.1.1.9.26.1,hyeme,hyeme,b,,,,,true
orthographic,chronicon:0.1.1.9.26.1,hyeme,yeme,a,,,,,false
orthographic,chronicon:0.1.1.9.26.3,sapiencia,sapiencia,b,,,,,true
orthographic,chronicon:0.1.1.9.26.3,sapiencia,sapientia,a,,,,,false
orthographic,chronicon:0.1.1.9.26.4,laicos,laicos,b,,,,,true
orthographic,chronicon:0.1.1.9.26.4,laicos,laycos,a,,,,,false
orthographic,chronicon:0.1.1.9.27.1,pulcram,pulcram,b,,,,,true
orthographic,chronicon:0.1.1.9.27.1,pulcram,pulchram,a,,,,,false
orthographic,chronicon:0.1.1.9.27.3,seruicio,seruicio,b,,,,,true
orthographic,chronicon:0.1.1.9.27.3,seruicio,seruitio,a,,,,,false
orthographic,chronicon:0.1.1.9.28.1,intencione,intencione,b,,,,,true
orthographic,chronicon:0.1.1.9.28.1,intencione,intentione,a2,,,,,false
orthographic,chronicon:0.1.1.9.28.2,negociorum,negociorum,b,,,,,true
orthographic,chronicon:0.1.1.9.28.2,negociorum,negotiorum,a2,,,,,false
orthographic,chronicon:0.1.1.9.28.3,uniuerso,uniuerso,a2 g,,,,,true
orthographic,chronicon:0.1.1.9.28.3,uniuerso,uniuero,b,,,,,false
orthographic,chronicon:0.1.1.9.28.6,malignancium,malignancium,b,,,,,true
orthographic,chronicon:0.1.1.9.28.6,malignancium,malignantium,a2,,,,,false
orthographic,chronicon:0.1.1.9.28.9,tradiciones,tradiciones,b,,,,,true
orthographic,chronicon:0.1.1.9.28.9,tradiciones,traditiones,a2,,,,,false
orthographic,chronicon:0.1.1.9.28.10,nuncios,nuncios,b,,,,,true
orthographic,chronicon:0.1.1.9.28.10,nuncios,nuntios,a2,,,,,false
orthographic,chronicon:0.1.1.9.28.11,sepulcrum,sepulcrum,b,,,,,true
orthographic,chronicon:0.1.1.9.28.11,sepulcrum,sepulchrum,a2,,,,,false
orthographic,chronicon:0.1.1.9.28.15,scienciam,scienciam,b,,,,,true
orthographic,chronicon:0.1.1.9.28.15,scienciam,scientiam,a2,,,,,false
orthographic,chronicon:0.1.1.9.28.16,iusticia,iusticia,b,,,,,true
orthographic,chronicon:0.1.1.9.28.16,iusticia,iustitia,a2,,,,,false
orthographic,chronicon:0.1.1.9.28.17,conuictum,conuictum,b,,,,,true
orthographic,chronicon:0.1.1.9.28.17,conuictum,conuinctum,a2,,,,,false
orthographic,chronicon:0.1.1.9.28.18,iusticiam,iusticiam,b,,,,,true
orthographic,chronicon:0.1.1.9.28.18,iusticiam,iustitiam,a2,,,,,false
orthographic,chronicon:0.1.1.9.28.19,lacrimas,lacrimas,b,,,,,true
orthographic,chronicon:0.1.1.9.28.19,lacrimas,lacrymas,a2,,,,,false
orthographic,chronicon:0.1.1.9.28.21,offendisset,offendisset,a2 g,,,,,true
orthographic,chronicon:0.1.1.9.28.21,offendisset,offendiscet,b,,,,,false
orthographic,chronicon:0.1.1.9.28.23,seruicii,seruicii,b,,,,,true
orthographic,chronicon:0.1.1.9.28.23,seruicii,seruitii,a2,,,,,false
orthographic,chronicon:0.1.1.9.28.24,Set,Set,b,,,,,true
orthographic,chronicon:0.1.1.9.28.24,Set,Sed,a2,,,,,false
orthographic,chronicon:0.1.1.9.28.26,addiscat,addiscat,b,,,,,true
orthographic,chronicon:0.1.1.9.28.26,addiscat,adiscat,a2,,,,,false
orthographic,chronicon:0.1.1.9.28.27,iusticie,iusticie,b,,,,,true
orthographic,chronicon:0.1.1.9.28.27,iusticie,iustitie,a2,,,,,false
orthographic,chronicon:0.1.1.9.28.28,iusticiarii,iusticiarii,b,,,,,true
orthographic,chronicon:0.1.1.9.28.28,iusticiarii,iustitiarii,a2,,,,,false
orthographic,chronicon:0.1.1.9.28.30,comunicato,comunicato,b,,,,,true
orthographic,chronicon:0.1.1.9.28.30,comunicato,communicato,a2,,,,,false
orthographic,chronicon:0.1.1.9.28.31,caritatis,caritatis,b,,,,,true
orthographic,chronicon:0.1.1.9.28.31,caritatis,charitatis,a2,,,,,false
orthographic,chronicon:0.1.1.9.28.33,iusticiariis,iusticiariis,b,,,,,true
orthographic,chronicon:0.1.1.9.28.33,iusticiariis,iustitiariis,a2,,,,,false
orthographic,chronicon:0.1.1.9.28.34,sentenciam,sentenciam,b,,,,,true
orthographic,chronicon:0.1.1.9.28.34,sentenciam,sententiam,a2,,,,,false
orthographic,chronicon:0.1.1.9.28.35,set,set,b,,,,,true
orthographic,chronicon:0.1.1.9.28.35,set,sed,a2,,,,,false
orthographic,chronicon:0.1.1.9.29.0,Nicolai,Nicolai,b,,,,,true
orthographic,chronicon:0.1.1.9.29.0,Nicolai,Nycolai,a,,,,,false
orthographic,chronicon:0.1.1.9.29.1,Rogerius,Rogerius,b,,,,,true
orthographic,chronicon:0.1.1.9.29.1,Rogerius,Roggerius,a,,,,,false
orthographic,chronicon:0.1.1.9.29.2,Rogerius,Rogerius,b,,,,,true
orthographic,chronicon:0.1.1.9.29.2,Rogerius,Roggerius,a,,,,,false
orthographic,chronicon:0.1.1.9.30.0,Rogerio,Rogerio,b,,,,,true
orthographic,chronicon:0.1.1.9.30.0,Rogerio,Roggerio,a,,,,,false
orthographic,chronicon:0.1.1.9.30.1,Pascha,Pascha,,,pm,,,true
orthographic,chronicon:0.1.1.9.30.1,Pascha,pascha,b a,,,,,false
orthographic,chronicon:0.1.1.9.30.2,prouidencia,prouidencia,b,,,,,true
orthographic,chronicon:0.1.1.9.30.2,prouidencia,prouidentia,a,,,,,false
orthographic,chronicon:0.1.1.9.30.3,negocia,negocia,b,,,,,true
orthographic,chronicon:0.1.1.9.30.3,negocia,negotia,a,,,,,false
orthographic,chronicon:0.1.1.9.31.3,nuncios,nuncios,b,,,,,true
orthographic,chronicon:0.1.1.9.31.3,nuncios,nuntios,a,,,,,false
orthographic,chronicon:0.1.1.9.31.4,set,set,b,,,,,true
orthographic,chronicon:0.1.1.9.31.4,set,sed,a,,,,,false
orthographic,chronicon:0.1.1.9.31.8,set,set,b,,,,,true
orthographic,chronicon:0.1.1.9.31.8,set,sed,a,,,,,false
orthographic,chronicon:0.1.1.9.31.9,Ascittino,Ascittino,b,,,,,true
orthographic,chronicon:0.1.1.9.31.9,Ascittino,Askittino,a,,,,,false
orthographic,chronicon:0.1.1.9.31.11,licencia,licencia,b,,,,,true
orthographic,chronicon:0.1.1.9.31.11,licencia,licentia,a,,,,,false
orthographic,chronicon:0.1.1.9.31.15,Theotonicorum,Theotonicorum,b,,,,,true
orthographic,chronicon:0.1.1.9.31.15,Theotonicorum,Teutonicorum,a,,,,,false
orthographic,chronicon:0.1.1.9.31.16,Rogerio,Rogerio,b,,,,,true
orthographic,chronicon:0.1.1.9.31.16,Rogerio,Roggerio,a,,,,,false
orthographic,chronicon:0.1.1.9.31.26,tercium,tercium,b,,,,,true
orthographic,chronicon:0.1.1.9.31.26,tercium,tertium,a,,,,,false
orthographic,chronicon:0.1.1.9.31.28,capitaneum,capitaneum,a,,,,,true
orthographic,chronicon:0.1.1.9.31.28,capitaneum,capitanium,b,,,,,false
orthographic,chronicon:0.1.1.9.31.29,Marrocho,Marrocho,b,,,,,true
orthographic,chronicon:0.1.1.9.31.29,Marrocho,Morrocho,a,,,,,false
orthographic,chronicon:0.1.1.9.31.32,amisit,amisit,b,,,,,true
orthographic,chronicon:0.1.1.9.31.32,amisit,ammisit,a,,,,,false
orthographic,chronicon:0.1.1.9.32.3,uiolenciam,uiolenciam,b,,,,,true
orthographic,chronicon:0.1.1.9.32.3,uiolenciam,uiolentiam,a,,,,,false
orthographic,chronicon:0.1.1.9.32.4,Theutonicorum,Theutonicorum,b,,,,,true
orthographic,chronicon:0.1.1.9.32.4,Theutonicorum,Teutonicorum,a,,,,,false
orthographic,chronicon:0.1.1.9.32.8,iurisdicioni,iurisdicioni,b,,,,,true
orthographic,chronicon:0.1.1.9.32.8,iurisdicioni,iuridicioni,a,,,,,false
orthographic,chronicon:0.1.1.9.33.4,adtendentes,adtendentes,b,,,,,true
orthographic,chronicon:0.1.1.9.33.4,adtendentes,attendentes,a,,,,,false
orthographic,chronicon:0.1.1.9.33.5,sacerdocio,sacerdocio,b,,,,,true
orthographic,chronicon:0.1.1.9.33.5,sacerdocio,sacerdotio,a,,,,,false
orthographic,chronicon:0.1.1.9.33.6,tercium,tercium,b,,,,,true
orthographic,chronicon:0.1.1.9.33.6,tercium,tertium,a,,,,,false
orthographic,chronicon:0.1.1.9.33.7,nunciorum,nunciorum,b,,,,,true
orthographic,chronicon:0.1.1.9.33.7,nunciorum,nuntiorum,a,,,,,false
orthographic,chronicon:0.1.1.9.33.9,Hubaldo,Hubaldo,b,,,,,true
orthographic,chronicon:0.1.1.9.33.9,Hubaldo,Ubaldo,a,,,,,false
orthographic,chronicon:0.1.1.9.33.10,Terracinam,Terracinam,b,,,,,true
orthographic,chronicon:0.1.1.9.33.10,Terracinam,Terracenam,a,,,,,false
orthographic,chronicon:0.1.1.9.33.12,promocione,promocione,b,,,,,true
orthographic,chronicon:0.1.1.9.33.12,promocione,promotione,a,,,,,false
orthographic,chronicon:0.1.1.9.33.13,nuncios,nuncios,b,,,,,true
orthographic,chronicon:0.1.1.9.33.13,nuncios,nuntios,a,,,,,false
orthographic,chronicon:0.1.1.9.34.0,Rogerius,Rogerius,b,,,,,true
orthographic,chronicon:0.1.1.9.34.0,Rogerius,Roggerius,a,,,,,false
orthographic,chronicon:0.1.1.9.34.1,Rogerius,Rogerius,b,,,,,true
orthographic,chronicon:0.1.1.9.34.1,Rogerius,Roggerius,a,,,,,false
orthographic,chronicon:0.1.1.9.34.5,exorta,exorta,b,,,,,true
orthographic,chronicon:0.1.1.9.34.5,exorta,exhorta,a,,,,,false
orthographic,chronicon:0.1.1.9.34.7,iuxta,iuxta,a,,,,,true
orthographic,chronicon:0.1.1.9.34.7,iuxta,iusta,b,,,,,false
orthographic,chronicon:0.1.1.9.34.13,Sed,Sed,b g,,,,,true
orthographic,chronicon:0.1.1.9.34.13,Sed,Set,a,,,,,false
orthographic,chronicon:0.1.1.9.34.17,Ueneris,Ueneris,,,pm,,,true
orthographic,chronicon:0.1.1.9.34.17,Ueneris,ueneris,b a,,,,,false
orthographic,chronicon:0.1.1.9.34.18,Sabbati,Sabbati,,,pm,,,true
orthographic,chronicon:0.1.1.9.34.18,Sabbati,sabbati,b a,,,,,false
orthographic,chronicon:0.1.1.9.34.19,Lycia,Lycia,b,,,,,true
orthographic,chronicon:0.1.1.9.34.19,Lycia,Liccia,a,,,,,false
orthographic,chronicon:0.1.1.9.34.21,Sabbati,Sabbati,,,pm,,,true
orthographic,chronicon:0.1.1.9.34.21,Sabbati,sabbati,b a,,,,,false
orthographic,chronicon:0.1.1.9.34.22,Massanensis,Massanensis,b,,,,,true
orthographic,chronicon:0.1.1.9.34.22,Massanensis,Messanensis,a,,,,,false
orthographic,chronicon:0.1.1.9.34.23,Siracusanus,Siracusanus,b,,,,,true
orthographic,chronicon:0.1.1.9.34.23,Siracusanus,Syracusanus,a,,,,,false
orthographic,chronicon:0.1.1.9.34.26,Rogerius,Rogerius,b,,,,,true
orthographic,chronicon:0.1.1.9.34.26,Rogerius,Roggerius,a,,,,,false
orthographic,chronicon:0.1.1.9.34.27,iuxta,iuxta,a,,,,,true
orthographic,chronicon:0.1.1.9.34.27,iuxta,iusta,b,,,,,false
orthographic,chronicon:0.1.1.9.34.28,nuncios,nuncios,b,,,,,true
orthographic,chronicon:0.1.1.9.34.28,nuncios,nuntios,a,,,,,false
orthographic,chronicon:0.1.1.9.34.33,Guillelmo,Guillelmo,b,,,,,true
orthographic,chronicon:0.1.1.9.34.33,Guillelmo,Willelmo,a,,,,,false
orthographic,chronicon:0.1.1.9.34.36,adtraxit,adtraxit,b,,,,,true
orthographic,chronicon:0.1.1.9.34.36,adtraxit,attraxit,a,,,,,false
orthographic,chronicon:0.1.1.9.34.37,Pascha,Pascha,,,pm,,,true
orthographic,chronicon:0.1.1.9.34.37,Pascha,pascha,b a,,,,,false
orthographic,chronicon:0.1.1.9.34.38,uoluerunt,uoluerunt,a g,,,,,true
orthographic,chronicon:0.1.1.9.34.38,uoluerunt,uoluenrunt,b,,,,,false
orthographic,chronicon:0.1.1.9.34.40,Robertum,Robertum,b,,,,,true
orthographic,chronicon:0.1.1.9.34.40,Robertum,Robbertum,a,,,,,false
orthographic,chronicon:0.1.1.9.35.0,Anagniam,Anagniam,b,,,,,true
orthographic,chronicon:0.1.1.9.35.0,Anagniam,Anagliam,a,,,,,false
orthographic,chronicon:0.1.1.9.36.1,Lucce,Lucce,b,,,,,true
orthographic,chronicon:0.1.1.9.36.1,Lucce,Luzze,a,,,,,false
orthographic,chronicon:0.1.1.9.36.2,Rainaldi,Rainaldi,b,,,,,true
orthographic,chronicon:0.1.1.9.36.2,Rainaldi,Raynaldi,a,,,,,false
orthographic,chronicon:0.1.1.9.37.1,dextrui,dextrui,b,,,,,true
orthographic,chronicon:0.1.1.9.37.1,dextrui,destrui,a,,,,,false
orthographic,chronicon:0.1.1.9.39.0,Henrico,Henrico,b,,,,,true
orthographic,chronicon:0.1.1.9.39.0,Henrico,Enrico,a,,,,,false
orthographic,chronicon:0.1.1.9.39.4,Pascha,Pascha,,,pm,,,true
orthographic,chronicon:0.1.1.9.39.4,Pascha,pascha,b a,,,,,false
orthographic,chronicon:0.1.1.9.39.6,Sabbato,Sabbato,,,pm,,,true
orthographic,chronicon:0.1.1.9.39.6,Sabbato,sabbato,b a,,,,,false
orthographic,chronicon:0.1.1.9.39.7,Pasche,Pasche,,,pm,,,true
orthographic,chronicon:0.1.1.9.39.7,Pasche,pasche,b a,,,,,false
orthographic,chronicon:0.1.1.9.39.9,Madii,Madii,,,pm,,,true
orthographic,chronicon:0.1.1.9.39.9,Madii,madii,b a,,,,,false
orthographic,chronicon:0.1.1.9.39.10,preciosi,preciosi,b,,,,,true
orthographic,chronicon:0.1.1.9.39.10,preciosi,pretiosi,a,,,,,false
orthographic,chronicon:0.1.1.9.41.2,Henricus,Henricus,b,,,,,true
orthographic,chronicon:0.1.1.9.41.2,Henricus,Enricus,a,,,,,false
orthographic,chronicon:0.1.1.9.42.1,iuxta,iuxta,a,,,,,true
orthographic,chronicon:0.1.1.9.42.1,iuxta,iusta,b,,,,,false
orthographic,chronicon:0.1.1.9.43.0,Henricum,Henricum,b,,,,,true
orthographic,chronicon:0.1.1.9.43.0,Henricum,Enricum,a,,,,,false
orthographic,chronicon:0.1.1.9.43.4,Henricum,Henricum,b,,,,,true
orthographic,chronicon:0.1.1.9.43.4,Henricum,Enricum,a,,,,,false
orthographic,chronicon:0.1.1.9.43.6,Ierusolimam,Ierusolimam,b,,,,,true
orthographic,chronicon:0.1.1.9.43.6,Ierusolimam,Ierosolimam,a,,,,,false
orthographic,chronicon:0.1.1.9.43.8,Henricus,Henricus,b,,,,,true
orthographic,chronicon:0.1.1.9.43.8,Henricus,Enricus,a,,,,,false
orthographic,chronicon:0.1.1.9.43.9,Ryccardus,Ryccardus,b,,,,,true
orthographic,chronicon:0.1.1.9.43.9,Ryccardus,Riccardus,a,,,,,false
orthographic,chronicon:0.1.1.9.43.13,habundancia,habundancia,b,,,,,true
orthographic,chronicon:0.1.1.9.43.13,habundancia,habundantia,a,,,,,false
orthographic,chronicon:0.1.1.9.44.1,XLV,XLV,b,,,,,true
orthographic,chronicon:0.1.1.9.44.1,XLV,quadraginta quinque,a,,,,,false
orthographic,chronicon:0.1.1.9.44.3,Februarii,Februarii,,,pm,,,true
orthographic,chronicon:0.1.1.9.44.3,Februarii,februarii,b a,,,,,false
orthographic,chronicon:0.1.1.9.46.2,iusticia,iusticia,b,,,,,true
orthographic,chronicon:0.1.1.9.46.2,iusticia,iustitia,a,,,,,false
orthographic,chronicon:0.1.1.9.46.3,tamquam,tamquam,b,,,,,true
orthographic,chronicon:0.1.1.9.46.3,tamquam,tanquam,a,,,,,false
orthographic,chronicon:0.1.1.9.46.4,Hugo,Hugo,b,,,,,true
orthographic,chronicon:0.1.1.9.46.4,Hugo,Ugo,a,,,,,false
orthographic,chronicon:0.1.1.9.46.5,Trachi,Trachi,b,,,,,true
orthographic,chronicon:0.1.1.9.46.5,Trachi,Traci,a,,,,,false
orthographic,chronicon:0.1.1.9.46.9,repererunt,repererunt,b,,,,,true
orthographic,chronicon:0.1.1.9.46.9,repererunt,reppererunt,a,,,,,false
orthographic,chronicon:0.1.1.9.46.15,martirem,martirem,b,,,,,true
orthographic,chronicon:0.1.1.9.46.15,martirem,martyrem,a,,,,,false
orthographic,chronicon:0.1.1.9.46.16,catalogo,catalogo,b,,,,,true
orthographic,chronicon:0.1.1.9.46.16,catalogo,catalago,a,,,,,false
orthographic,chronicon:0.1.1.9.46.17,martirum,martirum,b,,,,,true
orthographic,chronicon:0.1.1.9.46.17,martirum,martyrum,a,,,,,false
orthographic,chronicon:0.1.1.9.46.18,martirium,martirium,b,,,,,true
orthographic,chronicon:0.1.1.9.46.18,martirium,martyrium,a,,,,,false
orthographic,chronicon:0.1.1.9.46.19,tamquam,tamquam,b,,,,,true
orthographic,chronicon:0.1.1.9.46.19,tamquam,tanquam,a,,,,,false
orthographic,chronicon:0.1.1.9.46.21,efusione,efusione,b,,,,,true
orthographic,chronicon:0.1.1.9.46.21,efusione,effusione,a,,,,,false
orthographic,chronicon:0.1.1.9.46.24,Ierusolimam,Ierusolimam,b,,,,,true
orthographic,chronicon:0.1.1.9.46.24,Ierusolimam,Ierosolimam,a,,,,,false
orthographic,chronicon:0.1.1.9.47.0,Emmanuel,Emmanuel,b,,,,,true
orthographic,chronicon:0.1.1.9.47.0,Emmanuel,Emmanuhel,a,,,,,false
orthographic,chronicon:0.1.1.9.47.3,Rogerii,Rogerii,b,,,,,true
orthographic,chronicon:0.1.1.9.47.3,Rogerii,Roggerii,a,,,,,false
orthographic,chronicon:0.1.1.9.48.1,aprime,aprime,b,,,,,true
orthographic,chronicon:0.1.1.9.48.1,aprime,apprime,a,,,,,false
orthographic,chronicon:0.1.1.9.48.2,Thusciam,Thusciam,b,,,,,true
orthographic,chronicon:0.1.1.9.48.2,Thusciam,Tusciam,a,,,,,false
orthographic,chronicon:0.1.1.9.49.2,marchionis,marchionis,b,,,,,true
orthographic,chronicon:0.1.1.9.49.2,marchionis,markionis,a,,,,,false
orthographic,chronicon:0.1.1.9.49.3,marchionis,marchionis,b,,,,,true
orthographic,chronicon:0.1.1.9.49.3,marchionis,markionis,a,,,,,false
orthographic,chronicon:0.1.1.9.49.5,Teuthonicis,Teuthonicis,b,,,,,true
orthographic,chronicon:0.1.1.9.49.5,Teuthonicis,Teutonicis,a,,,,,false
orthographic,chronicon:0.1.1.9.49.6,marchione,marchione,b,,,,,true
orthographic,chronicon:0.1.1.9.49.6,marchione,markyone,a,,,,,false
orthographic,chronicon:0.1.1.9.49.9,hyeme,hyeme,b,,,,,true
orthographic,chronicon:0.1.1.9.49.9,hyeme,yeme,a,,,,,false
orthographic,chronicon:0.1.1.9.49.12,set,set,b,,,,,true
orthographic,chronicon:0.1.1.9.49.12,set,sed,a,,,,,false
orthographic,chronicon:0.1.1.9.49.13,inpugnare,inpugnare,b,,,,,true
orthographic,chronicon:0.1.1.9.49.13,inpugnare,impugnare,a,,,,,false
orthographic,chronicon:0.1.1.9.49.14,Pascha,Pascha,,,pm,,,true
orthographic,chronicon:0.1.1.9.49.14,Pascha,pascha,b a,,,,,false
orthographic,chronicon:0.1.1.9.49.15,Parasceue,Parasceue,,,pm,,,true
orthographic,chronicon:0.1.1.9.49.15,Parasceue,parasceue,b a,,,,,false
orthographic,chronicon:0.1.1.9.49.16,Sabbati,Sabbati,,,pm,,,true
orthographic,chronicon:0.1.1.9.49.16,Sabbati,sabbati,b a,,,,,false
orthographic,chronicon:0.1.1.9.49.17,reuerenciam,reuerenciam,b,,,,,true
orthographic,chronicon:0.1.1.9.49.17,reuerenciam,reuerentiam,a,,,,,false
orthographic,chronicon:0.1.1.9.49.18,treguam,treguam,b,,,,,true
orthographic,chronicon:0.1.1.9.49.18,treguam,tegruam,a,,,,,false
orthographic,chronicon:0.1.1.9.49.19,opportunitate,opportunitate,b,,,,,true
orthographic,chronicon:0.1.1.9.49.19,opportunitate,oportunitate,a,,,,,false
orthographic,chronicon:0.1.1.9.49.22,Teuthonicis,Teuthonicis,b,,,,,true
orthographic,chronicon:0.1.1.9.49.22,Teuthonicis,Teutonicis,a,,,,,false
orthographic,chronicon:0.1.1.9.49.23,extinxit,extinxit,b,,,,,true
orthographic,chronicon:0.1.1.9.49.23,extinxit,extincxit,a,,,,,false
orthographic,chronicon:0.1.1.9.49.24,inmisso,inmisso,b,,,,,true
orthographic,chronicon:0.1.1.9.49.24,inmisso,immisso,a,,,,,false
orthographic,chronicon:0.1.1.9.49.27,tamquam,tamquam,b,,,,,true
orthographic,chronicon:0.1.1.9.49.27,tamquam,tanquam,a,,,,,false
orthographic,chronicon:0.1.1.9.49.28,uincula,uincula,a,,,,,true
orthographic,chronicon:0.1.1.9.49.28,uincula,Uincula,b,,,,,false
orthographic,chronicon:0.1.1.9.49.30,opportunitate,opportunitate,b,,,,,true
orthographic,chronicon:0.1.1.9.49.30,opportunitate,oportunitate,a,,,,,false
orthographic,chronicon:0.1.1.9.49.34,Marchyam,Marchyam,b,,,,,true
orthographic,chronicon:0.1.1.9.49.34,Marchyam,Markyam,a,,,,,false
orthographic,chronicon:0.1.1.10.1.4,clipeis,clipeis,b,,,,,true
orthographic,chronicon:0.1.1.10.1.4,clipeis,clippeis,a,,,,,false
orthographic,chronicon:0.1.1.10.1.6,Teuthonicos,Teuthonicos,b,,,,,true
orthographic,chronicon:0.1.1.10.1.6,Teuthonicos,Teotonicos,a,,,,,false
orthographic,chronicon:0.1.1.10.1.7,reddeuntes,reddeuntes,b,,,,,true
orthographic,chronicon:0.1.1.10.1.7,reddeuntes,redeuntes,a,,,,,false
orthographic,chronicon:0.1.1.10.1.12,Guarmaciensiem,Guarmaciensiem,b,,,,,true
orthographic,chronicon:0.1.1.10.1.12,Guarmaciensiem,Guarnaciensiem,a,,,,,false
orthographic,chronicon:0.1.1.10.1.15,commodo,commodo,b,,,,,true
orthographic,chronicon:0.1.1.10.1.15,commodo,comodo,a,,,,,false
orthographic,chronicon:0.1.1.10.2.0,Emanuel,Emanuel,b,,,,,true
orthographic,chronicon:0.1.1.10.2.0,Emanuel,Emmanuel,a,,,,,false
orthographic,chronicon:0.1.1.10.3.1,peticionis,peticionis,b,,,,,true
orthographic,chronicon:0.1.1.10.3.1,peticionis,petitionis,a,,,,,false
orthographic,chronicon:0.1.1.10.4.0,Natiuitatis,Natiuitatis,,,pm,,,true
orthographic,chronicon:0.1.1.10.4.0,Natiuitatis,natiuitatis,b a,,,,,false
orthographic,chronicon:0.1.1.10.4.2,habiti,habiti,b,,,,,true
orthographic,chronicon:0.1.1.10.4.2,habiti,abiti,a,,,,,false
orthographic,chronicon:0.1.1.10.4.5,iustitiario,iustitiario,b,,,,,true
orthographic,chronicon:0.1.1.10.4.5,iustitiario,iusticiario,a,,,,,false
orthographic,chronicon:0.1.1.10.5.0,Natiuitatis,Natiuitatis,,,pm,,,true
orthographic,chronicon:0.1.1.10.5.0,Natiuitatis,natiuitatis,b a,,,,,false
orthographic,chronicon:0.1.1.10.5.2,marie,marie,a,,,,,true
orthographic,chronicon:0.1.1.10.5.2,marie,Marie,b,,,,,false
orthographic,chronicon:0.1.1.10.5.3,scola,scola,a,,,,,true
orthographic,chronicon:0.1.1.10.5.3,scola,Scola,b,,,,,false
orthographic,chronicon:0.1.1.10.5.6,Marchyam,Marchyam,b,,,,,true
orthographic,chronicon:0.1.1.10.5.6,Marchyam,Markyam,a,,,,,false
orthographic,chronicon:0.1.1.10.5.10,Adriaticum,Adriaticum,b,,,,,true
orthographic,chronicon:0.1.1.10.5.10,Adriaticum,Andriaticum,a,,,,,false
orthographic,chronicon:0.1.1.10.5.11,Dalmatie,Dalmatie,b,,,,,true
orthographic,chronicon:0.1.1.10.5.11,Dalmatie,Dalmacie,a,,,,,false
orthographic,chronicon:0.1.1.10.5.12,Nicolay,Nicolay,b,,,,,true
orthographic,chronicon:0.1.1.10.5.12,Nicolay,Nycolay,a,,,,,false
orthographic,chronicon:0.1.1.10.5.13,Uenetie,Uenetie,b,,,,,true
orthographic,chronicon:0.1.1.10.5.13,Uenetie,Uenecie,a,,,,,false
orthographic,chronicon:0.1.1.10.5.14,Uenetie,Uenetie,b,,,,,true
orthographic,chronicon:0.1.1.10.5.14,Uenetie,Uenecie,a,,,,,false
orthographic,chronicon:0.1.1.10.6.0,Fridericus,Fridericus,b,,,,,true
orthographic,chronicon:0.1.1.10.6.0,Fridericus,Fredericus,a,,,,,false
orthographic,chronicon:0.1.1.10.6.2,Uenetiis,Uenetiis,b,,,,,true
orthographic,chronicon:0.1.1.10.6.2,Uenetiis,Ueneciis,a,,,,,false
orthographic,chronicon:0.1.1.10.6.3,Guarmaciensem,Guarmaciensem,b,,,,,true
orthographic,chronicon:0.1.1.10.6.3,Guarmaciensem,Guarmacensem,a,,,,,false
orthographic,chronicon:0.1.1.10.6.6,Uenetiis,Uenetiis,b,,,,,true
orthographic,chronicon:0.1.1.10.6.6,Uenetiis,Ueneciis,a,,,,,false
orthographic,chronicon:0.1.1.10.6.7,Passionis,Passionis,,,pm,,,true
orthographic,chronicon:0.1.1.10.6.7,Passionis,passionis,b a,,,,,false
orthographic,chronicon:0.1.1.10.7.0,tamquam,tamquam,b,,,,,true
orthographic,chronicon:0.1.1.10.7.0,tamquam,tanquam,a,,,,,false
orthographic,chronicon:0.1.1.10.7.2,tamquam,tamquam,b,,,,,true
orthographic,chronicon:0.1.1.10.7.2,tamquam,tanquam,a,,,,,false
orthographic,chronicon:0.1.1.10.7.5,homicidia,homicidia,b,,,,,true
orthographic,chronicon:0.1.1.10.7.5,homicidia,omicidia,a,,,,,false
orthographic,chronicon:0.1.1.10.7.9,Teuthonico,Teuthonico,b,,,,,true
orthographic,chronicon:0.1.1.10.7.9,Teuthonico,Teutonico,a,,,,,false
orthographic,chronicon:0.1.1.10.8.1,Ytaliam,Ytaliam,b,,,,,true
orthographic,chronicon:0.1.1.10.8.1,Ytaliam,Italiam,a,,,,,false
orthographic,chronicon:0.1.1.10.8.4,namquam,namquam,b,,,,,true
orthographic,chronicon:0.1.1.10.8.4,namquam,nanquam,a,,,,,false
orthographic,chronicon:0.1.1.10.8.5,renuimus,renuimus,b,,,,,true
orthographic,chronicon:0.1.1.10.8.5,renuimus,rennuimus,a,,,,,false
orthographic,chronicon:0.1.1.10.8.6,libertatem,libertatem,a g,,,,,true
orthographic,chronicon:0.1.1.10.8.6,libertatem,liberatem,b,,,,,false
orthographic,chronicon:0.1.1.10.8.8,amittere,amittere,b,,,,,true
orthographic,chronicon:0.1.1.10.8.8,amittere,ammittere,a,,,,,false
orthographic,chronicon:0.1.1.10.8.11,adsciscitis,adsciscitis,b,,,,,true
orthographic,chronicon:0.1.1.10.8.11,adsciscitis,asciscitis,a,,,,,false
orthographic,chronicon:0.1.1.10.8.12,namque,namque,b,,,,,true
orthographic,chronicon:0.1.1.10.8.12,namque,nanque,a,,,,,false
orthographic,chronicon:0.1.1.10.8.13,amisione,amisione,b,,,,,true
orthographic,chronicon:0.1.1.10.8.13,amisione,ammisione,a,,,,,false
orthographic,chronicon:0.1.1.10.10.1,Uenetiis,Uenetiis,b,,,,,true
orthographic,chronicon:0.1.1.10.10.1,Uenetiis,Ueneciis,a,,,,,false
orthographic,chronicon:0.1.1.10.10.4,Uenetias,Uenetias,b,,,,,true
orthographic,chronicon:0.1.1.10.10.4,Uenetias,Uenecias,a,,,,,false
orthographic,chronicon:0.1.1.10.10.5,Uenetias,Uenetias,b,,,,,true
orthographic,chronicon:0.1.1.10.10.5,Uenetias,Uenecias,a,,,,,false
orthographic,chronicon:0.1.1.10.10.6,Uenetie,Uenetie,b,,,,,true
orthographic,chronicon:0.1.1.10.10.6,Uenetie,Uenecie,a,,,,,false
orthographic,chronicon:0.1.1.10.10.7,iis,iis,b,,,,,true
orthographic,chronicon:0.1.1.10.10.7,iis,hiis,a,,,,,false
orthographic,chronicon:0.1.1.10.10.8,Uenetias,Uenetias,b,,,,,true
orthographic,chronicon:0.1.1.10.10.8,Uenetias,Uenecias,a,,,,,false
orthographic,chronicon:0.1.1.10.10.9,Uenetiarum,Uenetiarum,b,,,,,true
orthographic,chronicon:0.1.1.10.10.9,Uenetiarum,Ueneciarum,a,,,,,false
orthographic,chronicon:0.1.1.10.11.0,His,His,b,,,,,true
orthographic,chronicon:0.1.1.10.11.0,His,Hiis,a,,,,,false
orthographic,chronicon:0.1.1.10.11.1,hebdomade,hebdomade,b,,,,,true
orthographic,chronicon:0.1.1.10.11.1,hebdomade,ebdomade,a,,,,,false
orthographic,chronicon:0.1.1.10.11.2,Uenetias,Uenetias,b,,,,,true
orthographic,chronicon:0.1.1.10.11.2,Uenetias,Uenecias,a,,,,,false
orthographic,chronicon:0.1.1.10.11.4,Uenetias,Uenetias,b,,,,,true
orthographic,chronicon:0.1.1.10.11.4,Uenetias,Uenecias,a,,,,,false
orthographic,chronicon:0.1.1.10.12.0,Uenetie,Uenetie,b,,,,,true
orthographic,chronicon:0.1.1.10.12.0,Uenetie,Uenecie,a,,,,,false
orthographic,chronicon:0.1.1.10.12.1,Uenetias,Uenetias,b,,,,,true
orthographic,chronicon:0.1.1.10.12.1,Uenetias,Uenecias,a,,,,,false
orthographic,chronicon:0.1.1.10.13.1,pronunciatam,pronunciatam,b,,,,,true
orthographic,chronicon:0.1.1.10.13.1,pronunciatam,pronuntiatam,a,,,,,false
orthographic,chronicon:0.1.1.10.14.1,inducias,inducias,b,,,,,true
orthographic,chronicon:0.1.1.10.14.1,inducias,indutias,a,,,,,false
orthographic,chronicon:0.1.1.10.14.3,quidquid,quidquid,b,,,,,true
orthographic,chronicon:0.1.1.10.14.3,quidquid,quicquid,a,,,,,false
orthographic,chronicon:0.1.1.10.14.4,uelut,uelut,b,,,,,true
orthographic,chronicon:0.1.1.10.14.4,uelut,uelud,a,,,,,false
orthographic,chronicon:0.1.1.10.14.6,Conrado,Conrado,b,,,,,true
orthographic,chronicon:0.1.1.10.14.6,Conrado,Corrado,a,,,,,false
orthographic,chronicon:0.1.1.10.15.1,nihil,nihil,b,,,,,true
orthographic,chronicon:0.1.1.10.15.1,nihil,nichil,a,,,,,false
orthographic,chronicon:0.1.1.10.15.2,consummari,consummari,b,,,,,true
orthographic,chronicon:0.1.1.10.15.2,consummari,consumari,a,,,,,false
orthographic,chronicon:0.1.1.10.15.4,consummationem,consummationem,b,,,,,true
orthographic,chronicon:0.1.1.10.15.4,consummationem,consumationem,a,,,,,false
orthographic,chronicon:0.1.1.10.15.5,temporalem,temporalem,b,,,,,true
orthographic,chronicon:0.1.1.10.15.5,temporalem,temperalem,a,,,,,false
orthographic,chronicon:0.1.1.10.15.6,quindecim,quindecim,b,,,,,true
orthographic,chronicon:0.1.1.10.15.6,quindecim,XV,a,,,,,false
orthographic,chronicon:0.1.1.10.16.2,conditione,conditione,b,,,,,true
orthographic,chronicon:0.1.1.10.16.2,conditione,condicione,a,,,,,false
orthographic,chronicon:0.1.1.10.18.0,Mathildis,Mathildis,b,,,,,true
orthographic,chronicon:0.1.1.10.18.0,Mathildis,Maltendis,a,,,,,false
orthographic,chronicon:0.1.1.10.18.1,contradictione,contradictione,b,,,,,true
orthographic,chronicon:0.1.1.10.18.1,contradictione,contraditione,a,,,,,false
orthographic,chronicon:0.1.1.10.18.2,conditione,conditione,b,,,,,true
orthographic,chronicon:0.1.1.10.18.2,conditione,condicione,a,,,,,false
orthographic,chronicon:0.1.1.10.19.0,Postquam,Postquam,a g,,,,,true
orthographic,chronicon:0.1.1.10.19.0,Postquam,Postqum,b,,,,,false
orthographic,chronicon:0.1.1.10.19.2,abhorreat,abhorreat,b,,,,,true
orthographic,chronicon:0.1.1.10.19.2,abhorreat,aborreat,a,,,,,false
orthographic,chronicon:0.1.1.10.19.3,comsummari,comsummari,b,,,,,true
orthographic,chronicon:0.1.1.10.19.3,comsummari,comsumari,a,,,,,false
orthographic,chronicon:0.1.1.10.20.2,Uenetiis,Uenetiis,b,,,,,true
orthographic,chronicon:0.1.1.10.20.2,Uenetiis,Ueneciis,a,,,,,false
orthographic,chronicon:0.1.1.10.20.4,conditione,conditione,b,,,,,true
orthographic,chronicon:0.1.1.10.20.4,conditione,condicione,a,,,,,false
orthographic,chronicon:0.1.1.10.20.6,licentia,licentia,b,,,,,true
orthographic,chronicon:0.1.1.10.20.6,licentia,licencia,a,,,,,false
orthographic,chronicon:0.1.1.10.20.7,Uenetias,Uenetias,b,,,,,true
orthographic,chronicon:0.1.1.10.20.7,Uenetias,Uenecias,a,,,,,false
orthographic,chronicon:0.1.1.10.21.2,Uenetias,Uenetias,b,,,,,true
orthographic,chronicon:0.1.1.10.21.2,Uenetias,Uenecias,a,,,,,false
orthographic,chronicon:0.1.1.10.22.0,Uenetias,Uenetias,b,,,,,true
orthographic,chronicon:0.1.1.10.22.0,Uenetias,Uenecias,a,,,,,false
orthographic,chronicon:0.1.1.10.22.2,distemperantias,distemperantias,b,,,,,true
orthographic,chronicon:0.1.1.10.22.2,distemperantias,distemperatias,a,,,,,false
orthographic,chronicon:0.1.1.10.22.3,Uenetias,Uenetias,b,,,,,true
orthographic,chronicon:0.1.1.10.22.3,Uenetias,Uenecias,a,,,,,false
orthographic,chronicon:0.1.1.10.22.5,Uenetias,Uenetias,b,,,,,true
orthographic,chronicon:0.1.1.10.22.5,Uenetias,Uenecias,a,,,,,false
orthographic,chronicon:0.1.1.10.22.8,Uenetie,Uenetie,b,,,,,true
orthographic,chronicon:0.1.1.10.22.8,Uenetie,Uenecie,a,,,,,false
orthographic,chronicon:0.1.1.10.22.11,Uenetie,Uenetie,b,,,,,true
orthographic,chronicon:0.1.1.10.22.11,Uenetie,Uenecie,a,,,,,false
orthographic,chronicon:0.1.1.10.22.13,communi,communi,b,,,,,true
orthographic,chronicon:0.1.1.10.22.13,communi,comuni,a,,,,,false
orthographic,chronicon:0.1.1.10.22.14,Uenetias,Uenetias,b,,,,,true
orthographic,chronicon:0.1.1.10.22.14,Uenetias,Uenecias,a,,,,,false
orthographic,chronicon:0.1.1.10.22.16,Uenetias,Uenetias,b,,,,,true
orthographic,chronicon:0.1.1.10.22.16,Uenetias,Uenecias,a,,,,,false
orthographic,chronicon:0.1.1.10.23.0,Uenetias,Uenetias,b,,,,,true
orthographic,chronicon:0.1.1.10.23.0,Uenetias,Uenecias,a,,,,,false
orthographic,chronicon:0.1.1.10.23.1,Uenetias,Uenetias,b,,,,,true
orthographic,chronicon:0.1.1.10.23.1,Uenetias,Uenecias,a,,,,,false
orthographic,chronicon:0.1.1.10.23.3,Uenetias,Uenetias,b,,,,,true
orthographic,chronicon:0.1.1.10.23.3,Uenetias,Uenecias,a,,,,,false
orthographic,chronicon:0.1.1.10.23.5,quatuor,quatuor,b,,,,,true
orthographic,chronicon:0.1.1.10.23.5,quatuor,quattuor,a,,,,,false
orthographic,chronicon:0.1.1.10.23.9,opportuna,opportuna,b,,,,,true
orthographic,chronicon:0.1.1.10.23.9,opportuna,oportuna,a,,,,,false
orthographic,chronicon:0.1.1.10.23.10,obtinentes,obtinentes,b,,,,,true
orthographic,chronicon:0.1.1.10.23.10,obtinentes,optinentes,a,,,,,false
orthographic,chronicon:0.1.1.10.23.13,Uenetie,Uenetie,b,,,,,true
orthographic,chronicon:0.1.1.10.23.13,Uenetie,Uenecie,a,,,,,false
orthographic,chronicon:0.1.1.10.24.1,tamquam,tamquam,b,,,,,true
orthographic,chronicon:0.1.1.10.24.1,tamquam,tanquam,a,,,,,false
orthographic,chronicon:0.1.1.10.24.2,consummatio,consummatio,b,,,,,true
orthographic,chronicon:0.1.1.10.24.2,consummatio,consumatio,a,,,,,false
orthographic,chronicon:0.1.1.10.24.3,tamquam,tamquam,b,,,,,true
orthographic,chronicon:0.1.1.10.24.3,tamquam,tanquam,a,,,,,false
orthographic,chronicon:0.1.1.10.25.2,suppellectilem,suppellectilem,b,,,,,true
orthographic,chronicon:0.1.1.10.25.2,suppellectilem,supellectilem,a,,,,,false
orthographic,chronicon:0.1.1.10.25.4,Uenetias,Uenetias,b,,,,,true
orthographic,chronicon:0.1.1.10.25.4,Uenetias,Uenecias,a,,,,,false
orthographic,chronicon:0.1.1.10.25.6,Uenetie,Uenetie,b,,,,,true
orthographic,chronicon:0.1.1.10.25.6,Uenetie,Uenecie,a,,,,,false
orthographic,chronicon:0.1.1.10.25.8,nihil,nihil,b,,,,,true
orthographic,chronicon:0.1.1.10.25.8,nihil,nichil,a,,,,,false
orthographic,chronicon:0.1.1.10.25.9,amittere,amittere,b,,,,,true
orthographic,chronicon:0.1.1.10.25.9,amittere,ammittere,a,,,,,false
orthographic,chronicon:0.1.1.10.25.10,Uenetias,Uenetias,b,,,,,true
orthographic,chronicon:0.1.1.10.25.10,Uenetias,Uenecias,a,,,,,false
orthographic,chronicon:0.1.1.10.25.11,presumpserint,presumpserint,a,,,,,true
orthographic,chronicon:0.1.1.10.25.11,presumpserint,presumserint,b,,,,,false
orthographic,chronicon:0.1.1.10.26.1,seditioni,seditioni,b,,,,,true
orthographic,chronicon:0.1.1.10.26.1,seditioni,sedicioni,a,,,,,false
orthographic,chronicon:0.1.1.10.26.2,Uenetias,Uenetias,b,,,,,true
orthographic,chronicon:0.1.1.10.26.2,Uenetias,Uenecias,a,,,,,false
orthographic,chronicon:0.1.1.10.26.4,seditionis,seditionis,b,,,,,true
orthographic,chronicon:0.1.1.10.26.4,seditionis,sedicionis,a,,,,,false
orthographic,chronicon:0.1.1.10.26.5,seditio,seditio,b,,,,,true
orthographic,chronicon:0.1.1.10.26.5,seditio,sedicio,a,,,,,false
orthographic,chronicon:0.1.1.10.27.2,tamquam,tamquam,b,,,,,true
orthographic,chronicon:0.1.1.10.27.2,tamquam,tanquam,a,,,,,false
orthographic,chronicon:0.1.1.10.27.6,imperfectiores,imperfectiores,b,,,,,true
orthographic,chronicon:0.1.1.10.27.6,imperfectiores,inperfectiores,a,,,,,false
orthographic,chronicon:0.1.1.10.27.7,Uenetias,Uenetias,b,,,,,true
orthographic,chronicon:0.1.1.10.27.7,Uenetias,Uenecias,a,,,,,false
orthographic,chronicon:0.1.1.10.28.1,Uenetias,Uenetias,b,,,,,true
orthographic,chronicon:0.1.1.10.28.1,Uenetias,Uenecias,a,,,,,false
orthographic,chronicon:0.1.1.10.28.2,consummationem,consummationem,b,,,,,true
orthographic,chronicon:0.1.1.10.28.2,consummationem,consumationem,a,,,,,false
orthographic,chronicon:0.1.1.10.28.3,assumpto,assumpto,a,,,,,true
orthographic,chronicon:0.1.1.10.28.3,assumpto,assumto,b,,,,,false
orthographic,chronicon:0.1.1.10.28.5,Uenetias,Uenetias,b,,,,,true
orthographic,chronicon:0.1.1.10.28.5,Uenetias,Uenecias,a,,,,,false
orthographic,chronicon:0.1.1.10.28.6,adstricti,adstricti,b,,,,,true
orthographic,chronicon:0.1.1.10.28.6,adstricti,astricti,a,,,,,false
orthographic,chronicon:0.1.1.10.29.2,Uenetias,Uenetias,b,,,,,true
orthographic,chronicon:0.1.1.10.29.2,Uenetias,Uenecias,a,,,,,false
orthographic,chronicon:0.1.1.10.29.3,Uenetias,Uenetias,b,,,,,true
orthographic,chronicon:0.1.1.10.29.3,Uenetias,Uenecias,a,,,,,false
orthographic,chronicon:0.1.1.10.30.0,Uenetias,Uenetias,b,,,,,true
orthographic,chronicon:0.1.1.10.30.0,Uenetias,Uenecias,a,,,,,false
orthographic,chronicon:0.1.1.10.30.2,Uenetias,Uenetias,b,,,,,true
orthographic,chronicon:0.1.1.10.30.2,Uenetias,Uenecias,a,,,,,false
orthographic,chronicon:0.1.1.10.32.0,excommunicationis,excommunicationis,b,,,,,true
orthographic,chronicon:0.1.1.10.32.0,excommunicationis,excomunicationis,a,,,,,false
orthographic,chronicon:0.1.1.10.33.0,Uenetie,Uenetie,b,,,,,true
orthographic,chronicon:0.1.1.10.33.0,Uenetie,Uenecie,a,,,,,false
orthographic,chronicon:0.1.1.10.33.1,excommunicationis,excommunicationis,b,,,,,true
orthographic,chronicon:0.1.1.10.33.1,excommunicationis,excomunicationis,a,,,,,false
orthographic,chronicon:0.1.1.10.33.2,Uenetie,Uenetie,b,,,,,true
orthographic,chronicon:0.1.1.10.33.2,Uenetie,Uenecie,a,,,,,false
orthographic,chronicon:0.1.1.10.34.1,lacrymis,lacrymis,b,,,,,true
orthographic,chronicon:0.1.1.10.34.1,lacrymis,lacrimis,a,,,,,false
orthographic,chronicon:0.1.1.10.34.5,solemnia,solemnia,b,,,,,true
orthographic,chronicon:0.1.1.10.34.5,solemnia,sollempnia,a,,,,,false
orthographic,chronicon:0.1.1.10.34.6,solemnia,solemnia,b,,,,,true
orthographic,chronicon:0.1.1.10.34.6,solemnia,sollempnia,a,,,,,false
orthographic,chronicon:0.1.1.10.34.7,solemniter,solemniter,b,,,,,true
orthographic,chronicon:0.1.1.10.34.7,solemniter,sollempniter,a,,,,,false
orthographic,chronicon:0.1.1.10.34.8,tamquam,tamquam,b,,,,,true
orthographic,chronicon:0.1.1.10.34.8,tamquam,tanquam,a,,,,,false
orthographic,chronicon:0.1.1.10.34.9,ostiarius,ostiarius,b,,,,,true
orthographic,chronicon:0.1.1.10.34.9,ostiarius,hostiarius,a,,,,,false
orthographic,chronicon:0.1.1.10.34.10,Alamannie,Alamannie,b,,,,,true
orthographic,chronicon:0.1.1.10.34.10,Alamannie,Alammannie,a,,,,,false
orthographic,chronicon:0.1.1.10.35.0,auscultare,auscultare,b,,,,,true
orthographic,chronicon:0.1.1.10.35.0,auscultare,ascultare,a,,,,,false
orthographic,chronicon:0.1.1.10.35.3,solemniter,solemniter,b,,,,,true
orthographic,chronicon:0.1.1.10.35.3,solemniter,sollempniter,a,,,,,false
orthographic,chronicon:0.1.1.10.35.5,obtulit,obtulit,b,,,,,true
orthographic,chronicon:0.1.1.10.35.5,obtulit,optulit,a,,,,,false
orthographic,chronicon:0.1.1.10.35.6,strenuam,strenuam,b,,,,,true
orthographic,chronicon:0.1.1.10.35.6,strenuam,streuuam,a,,,,,false
orthographic,chronicon:0.1.1.10.35.7,hospitium,hospitium,b,,,,,true
orthographic,chronicon:0.1.1.10.35.7,hospitium,hospicium,a,,,,,false
orthographic,chronicon:0.1.1.10.36.0,archiepiscopis,archiepiscopis,a g,,,,,true
orthographic,chronicon:0.1.1.10.36.0,archiepiscopis,archiespicopis,b,,,,,false
orthographic,chronicon:0.1.1.10.36.2,carissimi,carissimi,b,,,,,true
orthographic,chronicon:0.1.1.10.36.2,carissimi,karissimi,a,,,,,false
orthographic,chronicon:0.1.1.10.36.4,tamquam,tamquam,b,,,,,true
orthographic,chronicon:0.1.1.10.36.4,tamquam,tanquam,a,,,,,false
orthographic,chronicon:0.1.1.10.36.6,iucunda,iucunda,b,,,,,true
orthographic,chronicon:0.1.1.10.36.6,iucunda,iocunda,a,,,,,false
orthographic,chronicon:0.1.1.10.36.7,Schisma,Schisma,b,,,,,true
orthographic,chronicon:0.1.1.10.36.7,Schisma,Scisma,a,,,,,false
orthographic,chronicon:0.1.1.10.36.9,tamquam,tamquam,b,,,,,true
orthographic,chronicon:0.1.1.10.36.9,tamquam,tanquam,a,,,,,false
orthographic,chronicon:0.1.1.10.37.3,inconsutilis,inconsutilis,b,,,,,true
orthographic,chronicon:0.1.1.10.37.3,inconsutilis,incosutilis,a,,,,,false
orthographic,chronicon:0.1.1.10.37.4,schismata,schismata,b,,,,,true
orthographic,chronicon:0.1.1.10.37.4,schismata,scismata,a,,,,,false
orthographic,chronicon:0.1.1.10.37.6,schismate,schismate,b,,,,,true
orthographic,chronicon:0.1.1.10.37.6,schismate,scismate,a,,,,,false
orthographic,chronicon:0.1.1.10.37.7,tamquam,tamquam,b,,,,,true
orthographic,chronicon:0.1.1.10.37.7,tamquam,tanquam,a,,,,,false
orthographic,chronicon:0.1.1.10.39.0,opportunitate,opportunitate,b,,,,,true
orthographic,chronicon:0.1.1.10.39.0,opportunitate,oportunitate,a,,,,,false
orthographic,chronicon:0.1.1.10.39.2,otium,otium,b,,,,,true
orthographic,chronicon:0.1.1.10.39.2,otium,ocium,a,,,,,false
orthographic,chronicon:0.1.1.10.39.4,schismaticus,schismaticus,b,,,,,true
orthographic,chronicon:0.1.1.10.39.4,schismaticus,scismaticus,a,,,,,false
orthographic,chronicon:0.1.1.10.40.1,carissime,carissime,b,,,,,true
orthographic,chronicon:0.1.1.10.40.1,carissime,karissime,a,,,,,false
orthographic,chronicon:0.1.1.10.40.2,set,set,b,,,,,true
orthographic,chronicon:0.1.1.10.40.2,set,sed,a,,,,,false
orthographic,chronicon:0.1.1.10.41.1,damno,damno,b,,,,,true
orthographic,chronicon:0.1.1.10.41.1,damno,dampno,a,,,,,false
orthographic,chronicon:0.1.1.10.41.2,idcirco,idcirco,b,,,,,true
orthographic,chronicon:0.1.1.10.41.2,idcirco,iccirco,a,,,,,false
orthographic,chronicon:0.1.1.10.42.1,Bohemie,Bohemie,b,,,,,true
orthographic,chronicon:0.1.1.10.42.1,Bohemie,Boemie,a,,,,,false
orthographic,chronicon:0.1.1.10.43.0,schismatici,schismatici,b,,,,,true
orthographic,chronicon:0.1.1.10.43.0,schismatici,scismatici,a,,,,,false
orthographic,chronicon:0.1.1.10.43.2,Uenetias,Uenetias,b,,,,,true
orthographic,chronicon:0.1.1.10.43.2,Uenetias,Uenecias,a,,,,,false
orthographic,chronicon:0.1.1.10.43.3,schisma,schisma,b,,,,,true
orthographic,chronicon:0.1.1.10.43.3,schisma,scisma,a,,,,,false
orthographic,chronicon:0.1.1.10.43.4,excommunicationis,excommunicationis,b,,,,,true
orthographic,chronicon:0.1.1.10.43.4,excommunicationis,excomunicationis,a,,,,,false
orthographic,chronicon:0.1.1.10.44.0,adstantibus,adstantibus,b,,,,,true
orthographic,chronicon:0.1.1.10.44.0,adstantibus,astantibus,a,,,,,false
orthographic,chronicon:0.1.1.10.45.1,opportuno,opportuno,b,,,,,true
orthographic,chronicon:0.1.1.10.45.1,opportuno,oportuno,a,,,,,false
orthographic,chronicon:0.1.1.10.45.2,facetia,facetia,b,,,,,true
orthographic,chronicon:0.1.1.10.45.2,facetia,facecia,a,,,,,false
orthographic,chronicon:0.1.1.10.45.4,tamquam,tamquam,b,,,,,true
orthographic,chronicon:0.1.1.10.45.4,tamquam,tanquam,a,,,,,false
orthographic,chronicon:0.1.1.10.46.1,priuilegi,priuilegi,b,,,,,true
orthographic,chronicon:0.1.1.10.46.1,priuilegi,priuilegii,a,,,,,false
orthographic,chronicon:0.1.1.10.47.2,firmam,firmam,a g,,,,,true
orthographic,chronicon:0.1.1.10.47.2,firmam,firman,b,,,,,false
orthographic,chronicon:0.1.1.10.47.3,Henricum,Henricum,b,,,,,true
orthographic,chronicon:0.1.1.10.47.3,Henricum,Heinricum,a,,,,,false
orthographic,chronicon:0.1.1.10.47.4,Guorwinum,Guorwinum,b,,,,,true
orthographic,chronicon:0.1.1.10.47.4,Guorwinum,Guoruuinum,a,,,,,false
orthographic,chronicon:0.1.1.10.47.5,Holandie,Holandie,b,,,,,true
orthographic,chronicon:0.1.1.10.47.5,Holandie,Hollandie,a,,,,,false
orthographic,chronicon:0.1.1.10.47.7,millesimo centesimo,millesimo centesimo,b,,,,,true
orthographic,chronicon:0.1.1.10.47.7,millesimo centesimo,MC,a,,,,,false
orthographic,chronicon:0.1.1.10.49.0,Alamannie,Alamannie,b,,,,,true
orthographic,chronicon:0.1.1.10.49.0,Alamannie,Alammannie,a,,,,,false
orthographic,chronicon:0.1.1.10.49.1,Uenetie,Uenetie,b,,,,,true
orthographic,chronicon:0.1.1.10.49.1,Uenetie,Uenecie,a,,,,,false
orthographic,chronicon:0.1.1.10.49.2,solempne,solempne,b,,,,,true
orthographic,chronicon:0.1.1.10.49.2,solempne,sollempne,a,,,,,false
orthographic,chronicon:0.1.1.10.49.3,excommunicationis,excommunicationis,b,,,,,true
orthographic,chronicon:0.1.1.10.49.3,excommunicationis,excomunicationis,a,,,,,false
orthographic,chronicon:0.1.1.10.49.5,excommunicamus,excommunicamus,b,,,,,true
orthographic,chronicon:0.1.1.10.49.5,excommunicamus,excomunicamus,a,,,,,false
orthographic,chronicon:0.1.1.10.49.6,he,he,b,,,,,true
orthographic,chronicon:0.1.1.10.49.6,he,hee,a,,,,,false
orthographic,chronicon:0.1.1.10.50.2,communicato,communicato,b,,,,,true
orthographic,chronicon:0.1.1.10.50.2,communicato,comunicato,a,,,,,false
orthographic,chronicon:0.1.1.10.52.0,Uenetiis,Uenetiis,b,,,,,true
orthographic,chronicon:0.1.1.10.52.0,Uenetiis,Ueneciis,a,,,,,false
orthographic,chronicon:0.1.1.10.52.2,Uenetiis,Uenetiis,b,,,,,true
orthographic,chronicon:0.1.1.10.52.2,Uenetiis,Ueneciis,a,,,,,false
orthographic,chronicon:0.1.1.10.52.6,Uenetiis,Uenetiis,b,,,,,true
orthographic,chronicon:0.1.1.10.52.6,Uenetiis,Ueneciis,a,,,,,false
orthographic,chronicon:0.1.1.10.52.7,quatuor,quatuor,b,,,,,true
orthographic,chronicon:0.1.1.10.52.7,quatuor,quattuor,a,,,,,false
orthographic,chronicon:0.1.1.10.52.8,Rainerius,Rainerius,b,,,,,true
orthographic,chronicon:0.1.1.10.52.8,Rainerius,Raynerius,a,,,,,false
orthographic,chronicon:0.1.1.10.53.0,M.C.,M.C.,b,,,,,true
orthographic,chronicon:0.1.1.10.53.0,M.C.,MC,a,,,,,false
orthographic,chronicon:0.1.1.10.54.1,solempniter,solempniter,b,,,,,true
orthographic,chronicon:0.1.1.10.54.1,solempniter,sollempniter,a,,,,,false
orthographic,chronicon:0.1.1.10.55.0,Callistus,Callistus,b,,,,,true
orthographic,chronicon:0.1.1.10.55.0,Callistus,Calistus,a,,,,,false
orthographic,chronicon:0.1.1.10.56.0,homicidia,homicidia,b,,,,,true
orthographic,chronicon:0.1.1.10.56.0,homicidia,omicidia,a,,,,,false
orthographic,chronicon:0.1.1.10.57.0,Orientis,Orientis,,,pm,,,true
orthographic,chronicon:0.1.1.10.57.0,Orientis,orientis,b a,,,,,false
orthographic,chronicon:0.1.1.10.57.1,Occidentis,Occidentis,,,pm,,,true
orthographic,chronicon:0.1.1.10.57.1,Occidentis,occidentis,b a,,,,,false
orthographic,chronicon:0.1.1.10.58.0,Uenetias,Uenetias,b,,,,,true
orthographic,chronicon:0.1.1.10.58.0,Uenetias,Uenecias,a,,,,,false
orthographic,chronicon:0.1.1.10.58.1,exorta,exorta,b,,,,,true
orthographic,chronicon:0.1.1.10.58.1,exorta,exhorta,a,,,,,false
orthographic,chronicon:0.1.1.10.58.2,hospitium,hospitium,b,,,,,true
orthographic,chronicon:0.1.1.10.58.2,hospitium,hospicium,a,,,,,false
orthographic,chronicon:0.1.1.10.58.4,quoscumque,quoscumque,b,,,,,true
orthographic,chronicon:0.1.1.10.58.4,quoscumque,quoscunque,a,,,,,false
orthographic,chronicon:0.1.1.10.58.5,Willelmus,Willelmus,a,,,,,true
orthographic,chronicon:0.1.1.10.58.5,Willelmus,Willemus,b g,,,,,false
orthographic,chronicon:0.1.1.10.60.0,Callixtus,Callixtus,b,,,,,true
orthographic,chronicon:0.1.1.10.60.0,Callixtus,Calixtus,a,,,,,false
orthographic,chronicon:0.1.1.10.60.3,schisma,schisma,b,,,,,true
orthographic,chronicon:0.1.1.10.60.3,schisma,scisma,a,,,,,false
orthographic,chronicon:0.1.1.10.61.0,eclypsim,eclypsim,b,,,,,true
orthographic,chronicon:0.1.1.10.61.0,eclypsim,eclypsin,a,,,,,false
transposition,chronicon:0.1.1.4.21.1,Item,Item,g,,,,,true
transposition,chronicon:0.1.1.4.21.1,Item,,a,,,,,false
transposition,chronicon:0.1.1.4.21.2,,,g,,,,,true
transposition,chronicon:0.1.1.4.21.2,,item,a,,,,,false
transposition,chronicon:0.1.1.4.37.8,,,g,,,,,true
transposition,chronicon:0.1.1.4.37.8,,regni,a,,,,,false
transposition,chronicon:0.1.1.4.37.9,regni,regni,g,,,,,true
transposition,chronicon:0.1.1.4.37.9,regni,,a,,,,,false
transposition,chronicon:0.1.1.6.80.6,,,g,,,,,true
transposition,chronicon:0.1.1.6.80.6,,cedibus,a,,,,,false
transposition,chronicon:0.1.1.6.80.7,cedibus,cedibus,g,,,,,true
transposition,chronicon:0.1.1.6.80.7,cedibus,,a,,,,,false
transposition,chronicon:0.1.1.6.104.15,,,g,,,,,true
transposition,chronicon:0.1.1.6.104.15,,nomen,a,,,,,false
transposition,chronicon:0.1.1.6.104.16,nomen,nomen,g,,,,,true
transposition,chronicon:0.1.1.6.104.16,nomen,,a,,,,,false
transposition,chronicon:0.1.1.6.123.68,sanctorum apostolorum,sanctorum apostolorum,g,,,,,true
transposition,chronicon:0.1.1.6.123.68,sanctorum apostolorum,,a,,,,,false
transposition,chronicon:0.1.1.6.123.70,,,g,,,,,true
transposition,chronicon:0.1.1.6.123.70,,sanctorum apostolorum,a,,,,,false
transposition,chronicon:0.1.1.6.125.0,,,g,,,,,true
transposition,chronicon:0.1.1.6.125.0,,successit,a,,,,,false
transposition,chronicon:0.1.1.6.125.1,successit,successit,g,,,,,true
transposition,chronicon:0.1.1.6.125.1,successit,,a,,,,,false
transposition,chronicon:0.1.1.6.125.17,fuit,fuit,g,,,,,true
transposition,chronicon:0.1.1.6.125.17,fuit,,a,,,,,false
transposition,chronicon:0.1.1.6.125.18,,,g,,,,,true
transposition,chronicon:0.1.1.6.125.18,,fuit,a,,,,,false
transposition,chronicon:0.1.1.6.125.67,,,g,,,,,true
transposition,chronicon:0.1.1.6.125.67,,Constantio,a,,,,,false
transposition,chronicon:0.1.1.6.125.68,Constantio,Constantio,g,,,,,true
transposition,chronicon:0.1.1.6.125.68,Constantio,,a,,,,,false
transposition,chronicon:0.1.1.6.130.28,,,g,,,,,true
transposition,chronicon:0.1.1.6.130.28,,principio,a,,,,,false
transposition,chronicon:0.1.1.6.130.29,principio,principio,g,,,,,true
transposition,chronicon:0.1.1.6.130.29,principio,,a,,,,,false
transposition,chronicon:0.1.1.6.130.55,,,g,,,,,true
transposition,chronicon:0.1.1.6.130.55,,Dei,a,,,,,false
transposition,chronicon:0.1.1.6.130.56,Dei,Dei,g,,,,,true
transposition,chronicon:0.1.1.6.130.56,Dei,,a,,,,,false
transposition,chronicon:0.1.1.6.130.95,extra portam,extra portam,g,,,,,true
transposition,chronicon:0.1.1.6.130.95,extra portam,,a,,,,,false
transposition,chronicon:0.1.1.6.130.96,,,g,,,,,true
transposition,chronicon:0.1.1.6.130.96,,extra portam,a,,,,,false
transposition,chronicon:0.1.1.6.135.4,,,g,,,,,true
transposition,chronicon:0.1.1.6.135.4,,urbis,a,,,,,false
transposition,chronicon:0.1.1.6.135.5,urbis,urbis,g,,,,,true
transposition,chronicon:0.1.1.6.135.5,urbis,,a,,,,,false
transposition,chronicon:0.1.1.6.136.5,,,g,,,,,true
transposition,chronicon:0.1.1.6.136.5,,fuerat,a,,,,,false
transposition,chronicon:0.1.1.6.136.6,fuerat,fuerat,g,,,,,true
transposition,chronicon:0.1.1.6.136.6,fuerat,,a,,,,,false
transposition,chronicon:0.1.1.6.137.7,,,g,,,,,true
transposition,chronicon:0.1.1.6.137.7,,Michahelis,a,,,,,false
transposition,chronicon:0.1.1.6.137.8,Michelis,Michelis,g,,,,,true
transposition,chronicon:0.1.1.6.137.8,Michelis,,a,,,,,false
transposition,chronicon:0.1.1.6.142.4,,,g,,,,,true
transposition,chronicon:0.1.1.6.142.4,,ex partibus,a,,,,,false
transposition,chronicon:0.1.1.6.142.5,partibus,partibus,g,,,,,true
transposition,chronicon:0.1.1.6.142.5,partibus,,a,,,,,false
transposition,chronicon:0.1.1.6.142.14,,,g,,,,,true
transposition,chronicon:0.1.1.6.142.14,,apostolica,a,,,,,false
transposition,chronicon:0.1.1.6.142.15,apostolica,apostolica,g,,,,,true
transposition,chronicon:0.1.1.6.142.15,apostolica,,a,,,,,false
transposition,chronicon:0.1.1.6.142.45,,,g,,,,,true
transposition,chronicon:0.1.1.6.142.45,,suscepit,a,,,,,false
transposition,chronicon:0.1.1.6.142.46,suscepit,suscepit,g,,,,,true
transposition,chronicon:0.1.1.6.142.46,suscepit,,a,,,,,false
transposition,chronicon:0.1.1.6.146.2,,,g,,,,,true
transposition,chronicon:0.1.1.6.146.2,,papa,a,,,,,false
transposition,chronicon:0.1.1.6.146.3,papa,papa,g,,,,,true
transposition,chronicon:0.1.1.6.146.3,papa,,a,,,,,false
transposition,chronicon:0.1.1.7.4.1,,,g,,,,,true
transposition,chronicon:0.1.1.7.4.1,,annis,a,,,,,false
transposition,chronicon:0.1.1.7.4.2,annis,annis,g,,,,,true
transposition,chronicon:0.1.1.7.4.2,annis,,a,,,,,false
transposition,chronicon:0.1.1.7.4.23,,,g,,,,,true
transposition,chronicon:0.1.1.7.4.23,,rege,a,,,,,false
transposition,chronicon:0.1.1.7.4.24,rege,rege,g,,,,,true
transposition,chronicon:0.1.1.7.4.24,rege,,a,,,,,false
transposition,chronicon:0.1.1.7.4.28,,,g,,,,,true
transposition,chronicon:0.1.1.7.4.28,,offerre,a,,,,,false
transposition,chronicon:0.1.1.7.4.29,offerre,offerre,g,,,,,true
transposition,chronicon:0.1.1.7.4.29,offerre,,a,,,,,false
transposition,chronicon:0.1.1.7.5.32,,,g,,,,,true
transposition,chronicon:0.1.1.7.5.32,,capite,a,,,,,false
transposition,chronicon:0.1.1.7.5.33,capite,capite,g,,,,,true
transposition,chronicon:0.1.1.7.5.33,capite,,a,,,,,false
transposition,chronicon:0.1.1.7.13.5,,,g,,,,,true
transposition,chronicon:0.1.1.7.13.5,,hominem,a,,,,,false
transposition,chronicon:0.1.1.7.13.6,hominem,hominem,g,,,,,true
transposition,chronicon:0.1.1.7.13.6,hominem,,a,,,,,false
transposition,chronicon:0.1.1.7.15.8,,,g,,,,,true
transposition,chronicon:0.1.1.7.15.8,,Britiorum,a,,,,,false
transposition,chronicon:0.1.1.7.15.9,Brutiorum,Brutiorum,g,,,,,true
transposition,chronicon:0.1.1.7.15.9,Brutiorum,,a,,,,,false
transposition,chronicon:0.1.1.7.15.29,,,g,,,,,true
transposition,chronicon:0.1.1.7.15.29,,deletis pene,a,,,,,false
transposition,chronicon:0.1.1.7.15.30,,,g,,,,,true
transposition,chronicon:0.1.1.7.15.30,,rege,a,,,,,false
transposition,chronicon:0.1.1.7.15.31,rege,rege,g,,,,,true
transposition,chronicon:0.1.1.7.15.31,rege,,a,,,,,false
transposition,chronicon:0.1.1.7.15.32,pene deletis,pene deletis,g,,,,,true
transposition,chronicon:0.1.1.7.15.32,pene deletis,,a,,,,,false
transposition,chronicon:0.1.1.7.22.10,,,g,,,,,true
transposition,chronicon:0.1.1.7.22.10,,non fuisse,a,,,,,false
transposition,chronicon:0.1.1.7.22.11,non fuisse,non fuisse,g,,,,,true
transposition,chronicon:0.1.1.7.22.11,non fuisse,,a,,,,,false
transposition,chronicon:0.1.1.7.80.1,sese,sese,g,,,,,true
transposition,chronicon:0.1.1.7.80.1,sese,,a,,,,,false
transposition,chronicon:0.1.1.7.80.2,,,g,,,,,true
transposition,chronicon:0.1.1.7.80.2,,sese,a,,,,,false
transposition,chronicon:0.1.1.8.5.0,,,g,,,,,true
transposition,chronicon:0.1.1.8.5.0,,hodie,a,,,,,false
transposition,chronicon:0.1.1.8.5.1,hodie,hodie,g,,,,,true
transposition,chronicon:0.1.1.8.5.1,hodie,,a,,,,,false
transposition,chronicon:0.1.1.8.28.1,,,b,,,,,true
transposition,chronicon:0.1.1.8.28.1,,Otto,a,,,,,false
transposition,chronicon:0.1.1.8.28.2,Otto,Otto,b,,,,,true
transposition,chronicon:0.1.1.8.28.2,Otto,,a,,,,,false
transposition,chronicon:0.1.1.8.33.13,filios,filios,b o,,,,,true
transposition,chronicon:0.1.1.8.33.13,filios,,a,,,,,false
transposition,chronicon:0.1.1.8.33.14,,,b o,,,,,true
transposition,chronicon:0.1.1.8.33.14,,filios,a,,,,,false
transposition,chronicon:0.1.1.8.35.2,,,b a,,,,,true
transposition,chronicon:0.1.1.8.35.2,,unum,o,,,,,false
transposition,chronicon:0.1.1.8.35.3,unum,unum,b a,,,,,true
transposition,chronicon:0.1.1.8.35.3,unum,,o,,,,,false
transposition,chronicon:0.1.1.8.35.6,,,b a,,,,,true
transposition,chronicon:0.1.1.8.35.6,,tendebat,o,,,,,false
transposition,chronicon:0.1.1.8.35.7,tendebat,tendebat,b a,,,,,true
transposition,chronicon:0.1.1.8.35.7,tendebat,,o,,,,,false
transposition,chronicon:0.1.1.8.40.35,,,b a,,,,,true
transposition,chronicon:0.1.1.8.40.35,,Octonis,o,,,,,false
transposition,chronicon:0.1.1.8.40.36,Ottonis,Ottonis,b a,,,,,true
transposition,chronicon:0.1.1.8.40.36,Ottonis,,o,,,,,false
transposition,chronicon:0.1.1.8.42.11,,,b a,,,,,true
transposition,chronicon:0.1.1.8.42.11,,hic in Apulie finibus,o,,,,,false
transposition,chronicon:0.1.1.8.43.4,Hic in Apulie finibus,Hic in Apulie finibus,b a,,,,,true
transposition,chronicon:0.1.1.8.43.4,Hic in Apulie finibus,,o,,,,,false
transposition,chronicon:0.1.1.8.52.5,decedente,decedente,b a,,,,,true
transposition,chronicon:0.1.1.8.52.5,decedente,,o,,,,,false
transposition,chronicon:0.1.1.8.52.8,,,b a,,,,,true
transposition,chronicon:0.1.1.8.52.8,,decedente,o,,,,,false
transposition,chronicon:0.1.1.8.56.2,,,b a,,,,,true
transposition,chronicon:0.1.1.8.56.2,,Romam,o,,,,,false
transposition,chronicon:0.1.1.8.56.3,Romam,Romam,b a,,,,,true
transposition,chronicon:0.1.1.8.56.3,Romam,,o,,,,,false
transposition,chronicon:0.1.1.8.61.9,,,b a2,,,,,true
transposition,chronicon:0.1.1.8.61.9,,dilectus,o,,,,,false
transposition,chronicon:0.1.1.8.61.10,dilectus,dilectus,b a2,,,,,true
transposition,chronicon:0.1.1.8.61.10,dilectus,,o,,,,,false
transposition,chronicon:0.1.1.8.63.22,,,b a2,,,,,true
transposition,chronicon:0.1.1.8.63.22,,non eius,o,,,,,false
transposition,chronicon:0.1.1.8.63.23,eius non,eius non,b a2,,,,,true
transposition,chronicon:0.1.1.8.63.23,eius non,,o,,,,,false
transposition,chronicon:0.1.1.8.64.2,,,b a2,,,,,true
transposition,chronicon:0.1.1.8.64.2,,Normanorum,o,,,,,false
transposition,chronicon:0.1.1.8.64.3,Normannorum,Normannorum,b a2,,,,,true
transposition,chronicon:0.1.1.8.64.3,Normannorum,,o,,,,,false
transposition,chronicon:0.1.1.8.64.12,suum,suum,b o,,,,,true
transposition,chronicon:0.1.1.8.64.12,suum,,a2,,,,,false
transposition,chronicon:0.1.1.8.64.13,,,b o,,,,,true
transposition,chronicon:0.1.1.8.64.13,,suum,a2,,,,,false
transposition,chronicon:0.1.1.8.67.14,,,b a,,,,,true
transposition,chronicon:0.1.1.8.67.14,,filium,o,,,,,false
transposition,chronicon:0.1.1.8.67.15,filium,filium,b a,,,,,true
transposition,chronicon:0.1.1.8.67.15,filium,,o,,,,,false
transposition,chronicon:0.1.1.8.67.20,,,b a,,,,,true
transposition,chronicon:0.1.1.8.67.20,,per uexillum,o,,,,,false
transposition,chronicon:0.1.1.8.67.22,per uexillum,per uexillum,b a,,,,,true
transposition,chronicon:0.1.1.8.67.22,per uexillum,,o,,,,,false
transposition,chronicon:0.1.1.8.68.7,eius,eius,b o,,,,,true
transposition,chronicon:0.1.1.8.68.7,eius,,a,,,,,false
transposition,chronicon:0.1.1.8.68.8,,,b o,,,,,true
transposition,chronicon:0.1.1.8.68.8,,eius,a,,,,,false
transposition,chronicon:0.1.1.8.80.1,cepit,cepit,b,,,,,true
transposition,chronicon:0.1.1.8.80.1,cepit,,a2,,,,,false
transposition,chronicon:0.1.1.8.80.4,,,b,,,,,true
transposition,chronicon:0.1.1.8.80.4,,cepit,a2,,,,,false
transposition,chronicon:0.1.1.8.85.4,,,b,,,,,true
transposition,chronicon:0.1.1.8.85.4,,Beneuentum,a,,,,,false
transposition,chronicon:0.1.1.8.85.5,Beneuentum,Beneuentum,b,,,,,true
transposition,chronicon:0.1.1.8.85.5,Beneuentum,,a,,,,,false
transposition,chronicon:0.1.1.8.91.15,,,b,,,,,true
transposition,chronicon:0.1.1.8.91.15,,truncabant,a,,,,,false
transposition,chronicon:0.1.1.8.91.16,truncabant,truncabant,b,,,,,true
transposition,chronicon:0.1.1.8.91.16,truncabant,,a,,,,,false
transposition,chronicon:0.1.1.8.96.0,,,b,,,,,true
transposition,chronicon:0.1.1.8.96.0,,dominice,a,,,,,false
transposition,chronicon:0.1.1.8.96.1,dominice,dominice,b,,,,,true
transposition,chronicon:0.1.1.8.96.1,dominice,,a,,,,,false
transposition,chronicon:0.1.1.8.97.3,,,b,,,,,true
transposition,chronicon:0.1.1.8.97.3,,Francorum,a,,,,,false
transposition,chronicon:0.1.1.8.97.4,Francorum,Francorum,b,,,,,true
transposition,chronicon:0.1.1.8.97.4,Francorum,,a,,,,,false
transposition,chronicon:0.1.1.8.103.0,,,b,,,,,true
transposition,chronicon:0.1.1.8.103.0,,eius,a,,,,,false
transposition,chronicon:0.1.1.8.103.1,eius,eius,b,,,,,true
transposition,chronicon:0.1.1.8.103.1,eius,,a,,,,,false
transposition,chronicon:0.1.1.8.113.0,,,b,,,,,true
transposition,chronicon:0.1.1.8.113.0,,cardinalis,a,,,,,false
transposition,chronicon:0.1.1.8.113.1,cardinalis,cardinalis,b,,,,,true
transposition,chronicon:0.1.1.8.113.1,cardinalis,,a,,,,,false
transposition,chronicon:0.1.1.8.123.1,illi,illi,b,,,,,true
transposition,chronicon:0.1.1.8.123.1,illi,,a,,,,,false
transposition,chronicon:0.1.1.8.123.2,,,b,,,,,true
transposition,chronicon:0.1.1.8.123.2,,illi,a,,,,,false
transposition,chronicon:0.1.1.8.126.7,,,a,,,,,true
transposition,chronicon:0.1.1.8.126.7,,statim,b g,,,,,false
transposition,chronicon:0.1.1.8.126.9,statim,statim,a,,,,,true
transposition,chronicon:0.1.1.8.126.9,statim,,b,,,,,false
transposition,chronicon:0.1.1.8.126.11,,,a,,,,,true
transposition,chronicon:0.1.1.8.126.11,,prebens,b,,,,,false
transposition,chronicon:0.1.1.8.126.12,"prebens,","prebens,",a,,,,,true
transposition,chronicon:0.1.1.8.126.12,"prebens,",,b,,,,,false
transposition,chronicon:0.1.1.8.134.4,,,b g,,,,,true
transposition,chronicon:0.1.1.8.134.4,,horam,a,,,,,false
transposition,chronicon:0.1.1.8.134.5,horam,horam,b g,,,,,true
transposition,chronicon:0.1.1.8.134.5,horam,,a,,,,,false
transposition,chronicon:0.1.1.8.134.10,est,est,b,,,,,true
transposition,chronicon:0.1.1.8.134.10,est,,a,,,,,false
transposition,chronicon:0.1.1.8.134.11,,,b,,,,,true
transposition,chronicon:0.1.1.8.134.11,,est,a,,,,,false
transposition,chronicon:0.1.1.8.140.4,,,b,,,,,true
transposition,chronicon:0.1.1.8.140.4,,potuit,a2,,,,,false
transposition,chronicon:0.1.1.8.140.5,potuit,potuit,b,,,,,true
transposition,chronicon:0.1.1.8.140.5,potuit,,a2,,,,,false
transposition,chronicon:0.1.1.8.140.7,,,b,,,,,true
transposition,chronicon:0.1.1.8.140.7,,Roggerius,a2,,,,,false
transposition,chronicon:0.1.1.8.140.8,Roggerius,Roggerius,b,,,,,true
transposition,chronicon:0.1.1.8.140.8,Roggerius,,a2,,,,,false
transposition,chronicon:0.1.1.9.6.1,,,b,,,,,true
transposition,chronicon:0.1.1.9.6.1,,est,a,,,,,false
transposition,chronicon:0.1.1.9.6.2,est,est,b,,,,,true
transposition,chronicon:0.1.1.9.6.2,est,,a,,,,,false
transposition,chronicon:0.1.1.9.11.2,optineret,optineret,b,,,,,true
transposition,chronicon:0.1.1.9.11.2,optineret,,a2,,,,,false
transposition,chronicon:0.1.1.9.11.3,,,b,,,,,true
transposition,chronicon:0.1.1.9.11.3,,obtineret,a2,,,,,false
transposition,chronicon:0.1.1.9.18.1,ecclesia,ecclesia,b g,,,,,true
transposition,chronicon:0.1.1.9.18.1,ecclesia,,a,,,,,false
transposition,chronicon:0.1.1.9.18.2,,,b,,,,,true
transposition,chronicon:0.1.1.9.18.2,,ecclesia,a,,,,,false
transposition,chronicon:0.1.1.9.18.6,,,b,,,,,true
transposition,chronicon:0.1.1.9.18.6,,regem,a,,,,,false
transposition,chronicon:0.1.1.9.18.7,regem,regem,b,,,,,true
transposition,chronicon:0.1.1.9.18.7,regem,,a,,,,,false
transposition,chronicon:0.1.1.9.23.3,,,b,,,,,true
transposition,chronicon:0.1.1.9.23.3,,longo,a,,,,,false
transposition,chronicon:0.1.1.9.23.4,longo,longo,b,,,,,true
transposition,chronicon:0.1.1.9.23.4,longo,,a,,,,,false
transposition,chronicon:0.1.1.9.24.11,,,b g,,,,,true
transposition,chronicon:0.1.1.9.24.11,,usque,a,,,,,false
transposition,chronicon:0.1.1.9.24.12,usque,usque,b g,,,,,true
transposition,chronicon:0.1.1.9.24.12,usque,,a,,,,,false
transposition,chronicon:0.1.1.9.24.20,Rome,Rome,a,,,,,true
transposition,chronicon:0.1.1.9.24.20,Rome,,b g,,,,,false
transposition,chronicon:0.1.1.9.24.22,,,a,,,,,true
transposition,chronicon:0.1.1.9.24.22,,Roma,b g,,,,,false
transposition,chronicon:0.1.1.9.24.25,,,b,,,,,true
transposition,chronicon:0.1.1.9.24.25,,est,a,,,,,false
transposition,chronicon:0.1.1.9.24.26,est,est,b,,,,,true
transposition,chronicon:0.1.1.9.24.26,est,,a,,,,,false
transposition,chronicon:0.1.1.9.24.36,exhibuit,exhibuit,b,,,,,true
transposition,chronicon:0.1.1.9.24.36,exhibuit,contulit,a,,,,,false
transposition,chronicon:0.1.1.9.24.37,contulit,contulit,b,,,,,true
transposition,chronicon:0.1.1.9.24.37,contulit,exhibuit,a,,,,,false
transposition,chronicon:0.1.1.9.24.47,iussit consecrari,iussit consecrari,b,,,,,true
transposition,chronicon:0.1.1.9.24.47,iussit consecrari,,a,,,,,false
transposition,chronicon:0.1.1.9.24.48,,,b,,,,,true
transposition,chronicon:0.1.1.9.24.48,,iussit consecrari,a,,,,,false
transposition,chronicon:0.1.1.9.24.56,,,b,,,,,true
transposition,chronicon:0.1.1.9.24.56,,est,a,,,,,false
transposition,chronicon:0.1.1.9.24.57,est,est,b,,,,,true
transposition,chronicon:0.1.1.9.24.57,est,,a,,,,,false
transposition,chronicon:0.1.1.9.31.5,ad pascha,ad pascha,b,,,,,true
transposition,chronicon:0.1.1.9.31.5,ad pascha,,a,,,,,false
transposition,chronicon:0.1.1.9.31.6,,,b,,,,,true
transposition,chronicon:0.1.1.9.31.6,,ad Pascha,a,,,,,false
transposition,chronicon:0.1.1.9.31.21,,,b,,,,,true
transposition,chronicon:0.1.1.9.31.21,,Brundusium,a,,,,,false
transposition,chronicon:0.1.1.9.31.23,Brundusium,Brundusium,b,,,,,true
transposition,chronicon:0.1.1.9.31.23,Brundusium,,a,,,,,false
transposition,chronicon:0.1.1.9.34.14,,,b g,,,,,true
transposition,chronicon:0.1.1.9.34.14,,ipse,a,,,,,false
transposition,chronicon:0.1.1.9.34.15,ipse,ipse,b g,,,,,true
transposition,chronicon:0.1.1.9.34.15,ipse,,a,,,,,false
transposition,chronicon:0.1.1.9.39.1,,,b,,,,,true
transposition,chronicon:0.1.1.9.39.1,,anime,a,,,,,false
transposition,chronicon:0.1.1.9.39.2,anime,anime,b,,,,,true
transposition,chronicon:0.1.1.9.39.2,anime,,a,,,,,false
transposition,chronicon:0.1.1.9.41.0,pacem,pacem,b,,,,,true
transposition,chronicon:0.1.1.9.41.0,pacem,,a,,,,,false
transposition,chronicon:0.1.1.9.41.1,,,b,,,,,true
transposition,chronicon:0.1.1.9.41.1,,pacem,a,,,,,false
transposition,chronicon:0.1.1.9.46.10,,,b,,,,,true
transposition,chronicon:0.1.1.9.46.10,,suspiria,a,,,,,false
transposition,chronicon:0.1.1.9.46.12,et suspiria,et suspiria,b,,,,,true
transposition,chronicon:0.1.1.9.46.12,et suspiria,,a,,,,,false
transposition,chronicon:0.1.1.9.46.13,,,b,,,,,true
transposition,chronicon:0.1.1.9.46.13,,Alexandri,a,,,,,false
transposition,chronicon:0.1.1.9.46.14,Alexandri,Alexandri,b,,,,,true
transposition,chronicon:0.1.1.9.46.14,Alexandri,,a,,,,,false
transposition,chronicon:0.1.1.9.46.22,,,b,,,,,true
transposition,chronicon:0.1.1.9.46.22,,Dei iudicium,a,,,,,false
transposition,chronicon:0.1.1.9.46.23,Dei iudicium,Dei iudicium,b,,,,,true
transposition,chronicon:0.1.1.9.46.23,Dei iudicium,,a,,,,,false
transposition,chronicon:0.1.1.10.5.4,,,b,,,,,true
transposition,chronicon:0.1.1.10.5.4,,inundationes et,a,,,,,false
transposition,chronicon:0.1.1.10.5.5,et inundationes,et inundationes,b,,,,,true
transposition,chronicon:0.1.1.10.5.5,et inundationes,,a,,,,,false
illegible-in-ms,chronicon:0.1.1.8.37.1,,,b a,,,,,true
illegible-in-ms,chronicon:0.1.1.8.37.1,,{Gap in the MS: 1 illegible word},o,,,,,false
illegible-in-ms,chronicon:0.1.1.8.38.3,autem post mortem patris,autem post mortem patris,b a,,,,,true
illegible-in-ms,chronicon:0.1.1.8.38.3,autem post mortem patris,{Gap in the MS: 4 illegible words},o,,,,,false
illegible-in-ms,chronicon:0.1.1.8.38.5,conduxit Normannos quos secum habens bellum cum Grecis in,conduxit Normannos quos secum habens bellum cum Grecis in,b a,,,,,true
illegible-in-ms,chronicon:0.1.1.8.38.5,conduxit Normannos quos secum habens bellum cum Grecis in,{Gap in the MS: 9 illegible words},o,,,,,false
illegible-in-ms,chronicon:0.1.1.8.38.7,multo post temporis ipse Mel ciuitatem Ascolum,multo post temporis ipse Mel ciuitatem Ascolum,b a,,,,,true
illegible-in-ms,chronicon:0.1.1.8.38.7,multo post temporis ipse Mel ciuitatem Ascolum,{Gap in the MS: 7 illegible words},o,,,,,false
illegible-in-ms,chronicon:0.1.1.8.39.1,"qui Burgundionum quoque regnum sibi uendicauerat, mortuus est sine filiis, et","qui Burgundionum quoque regnum sibi uendicauerat, mortuus est sine filiis, et",b a,,,,,true
illegible-in-ms,chronicon:0.1.1.8.39.1,"qui Burgundionum quoque regnum sibi uendicauerat, mortuus est sine filiis, et",{Gap in the MS: 11 illegible words},o,,,,,false
illegible-in-ms,chronicon:0.1.1.8.39.2,Robbertum nolentes eum recipere. Post tercium itaque annum Robbertus rex assumptis Normannis,Robbertum nolentes eum recipere. Post tercium itaque annum Robbertus rex assumptis Normannis,b a,,,,,true
illegible-in-ms,chronicon:0.1.1.8.39.2,Robbertum nolentes eum recipere. Post tercium itaque annum Robbertus rex assumptis Normannis,{Gap in the MS: 12 illegible words},o,,,,,false
illegible-in-ms,chronicon:0.1.1.8.39.7,comes Senonum post multa mala,comes Senonum post multa mala,b a,,,,,true
illegible-in-ms,chronicon:0.1.1.8.39.7,comes Senonum post multa mala,{Gap in the MS: 5 illegible words},o,,,,,false
illegible-in-ms,chronicon:0.1.1.8.39.9,eius. Mortuo,eius. Mortuo,b a,,,,,true
illegible-in-ms,chronicon:0.1.1.8.39.9,eius. Mortuo,{Gap in the MS: 3 illegible words},o,,,,,false
illegible-in-ms,chronicon:0.1.1.8.39.11,comite Senonum successit ei,comite Senonum successit ei,b a,,,,,true
illegible-in-ms,chronicon:0.1.1.8.39.11,comite Senonum successit ei,{Gap in the MS: 5 illegible wordsfilius},o,,,,,false
illegible-in-ms,chronicon:0.1.1.8.39.14,hic,hic,b a,,,,,true
illegible-in-ms,chronicon:0.1.1.8.39.14,hic,{Gap in the MS: 8 illegible words},o,,,,,false
illegible-in-ms,chronicon:0.1.1.8.39.18,aliquot uero annos capta est ciuitas Senonum,aliquot uero annos capta est ciuitas Senonum,b a,,,,,true
illegible-in-ms,chronicon:0.1.1.8.39.18,aliquot uero annos capta est ciuitas Senonum,{Gap in the MS: 7 illegible words},o,,,,,false
illegible-in-ms,chronicon:0.1.1.8.39.19,"Leotherico, qui successit uenerabili","Leotherico, qui successit uenerabili",b a,,,,,true
illegible-in-ms,chronicon:0.1.1.8.39.19,"Leotherico, qui successit uenerabili",{Gap in the MS: 9 illegible words},o,,,,,false
illegible-in-ms,chronicon:0.1.1.8.40.0,Preter hec,Preter hec,b a,,,,,true
illegible-in-ms,chronicon:0.1.1.8.40.0,Preter hec,{Gap in the MS: 2 illegible words},o,,,,,false
illegible-in-ms,chronicon:0.1.1.8.40.1,I mensibus V. Cui Iohannes papa,I mensibus V. Cui Iohannes papa,b a,,,,,true
illegible-in-ms,chronicon:0.1.1.8.40.1,I mensibus V. Cui Iohannes papa,{Gap in the MS: 6 illegible words},o,,,,,false
gap-in-ms,chronicon:0.1.1.8.41.1,indictione XIV,indictione XIV,b a,,,,,true
gap-in-ms,chronicon:0.1.1.8.41.1,indictione XIV,{Gap in the MS: 2 missing word},o,,,,,false
gap-in-ms,chronicon:0.1.1.8.42.2,XV,XV,b a,,,,,true
gap-in-ms,chronicon:0.1.1.8.42.2,XV,{Gap in the MS: 1 missing word},o,,,,,false
gap-in-ms,chronicon:0.1.1.8.43.2,MXIII,MXIII,b a,,,,,true
gap-in-ms,chronicon:0.1.1.8.43.2,MXIII,{Gap in the MS: 1 missing word},o,,,,,false
gap-in-ms,chronicon:0.1.1.8.43.24,millesimo uicesimo secundo,millesimo uicesimo secundo,b a,,,,,true
gap-in-ms,chronicon:0.1.1.8.43.24,millesimo uicesimo secundo,{Gap in the MS: 1 missing word},o,,,,,false
gap-in-ms,chronicon:0.1.1.8.43.25,V,V,b a,,,,,true
gap-in-ms,chronicon:0.1.1.8.43.25,V,{Gap in the MS: 1 missing word},o,,,,,false
gap-in-ms,chronicon:0.1.1.8.44.0,MXXIV,MXXIV,b a,,,,,true
gap-in-ms,chronicon:0.1.1.8.44.0,MXXIV,{Gap in the MS: 1 missing word},o,,,,,false
gap-in-ms,chronicon:0.1.1.8.44.1,VII.,VII.,b a,,,,,true
gap-in-ms,chronicon:0.1.1.8.44.1,VII.,{Gap in the MS: 1 missing word},o,,,,,false
gap-in-ms,chronicon:0.1.1.8.45.0,MXXV,MXXV,b a,,,,,true
gap-in-ms,chronicon:0.1.1.8.45.0,MXXV,{Gap in the MS: 1 missing word},o,,,,,false
gap-in-ms,chronicon:0.1.1.8.45.1,VIII,VIII,b a,,,,,true
gap-in-ms,chronicon:0.1.1.8.45.1,VIII,{Gap in the MS: 1 missing word},o,,,,,false
gap-in-ms,chronicon:0.1.1.8.46.3,X,X,b a,,,,,true
gap-in-ms,chronicon:0.1.1.8.46.3,X,{Gap in the MS: 1 missing word},o,,,,,false
gap-in-ms,chronicon:0.1.1.8.59.1,MXLVIII,MXLVIII,b a2,,,,,true
gap-in-ms,chronicon:0.1.1.8.59.1,MXLVIII,{Gap in the MS: 1 missing word},o,,,,,false
gap-in-ms,chronicon:0.1.1.8.60.1,MXLIX,MXLIX,b a2,,,,,true
gap-in-ms,chronicon:0.1.1.8.60.1,MXLIX,{Gap in the MS: 1 missing word},o,,,,,false
gap-in-ms,chronicon:0.1.1.8.62.0,MLII,MLII,b a2,,,,,true
gap-in-ms,chronicon:0.1.1.8.62.0,MLII,{Gap in the MS: 1 missing word},o,,,,,false
gap-in-ms,chronicon:0.1.1.8.63.0,MLIII,MLIII,b a2,,,,,true
gap-in-ms,chronicon:0.1.1.8.63.0,MLIII,{Gap in the MS: 1 missing word},o,,,,,false
gap-in-ms,chronicon:0.1.1.8.64.16,de Lauritello,de Lauritello,b a2,,,,,true
gap-in-ms,chronicon:0.1.1.8.64.16,de Lauritello,{Gap in the MS: 2 missing words},o,,,,,false
