form,lang,count,per_thousand,stopword
δʼ,grc,2794,32.045,no
καὶ,grc,2208,25.324,no
δὲ,grc,1152,13.213,no
τε,grc,1142,13.098,yes
μὲν,grc,700,8.029,no
οἱ,grc,633,7.26,no
ἐν,grc,620,7.111,yes
δέ,grc,555,6.365,yes
ὣς,grc,533,6.113,no
τʼ,grc,489,5.609,no
τοι,grc,449,5.15,no
ἀλλʼ,grc,441,5.058,no
μοι,grc,433,4.966,no
γὰρ,grc,413,4.737,no
αὐτὰρ,grc,404,4.634,no
ἐπὶ,grc,387,4.439,no
τὸν,grc,385,4.416,no
δὴ,grc,365,4.186,no
ἦ,grc,325,3.728,no
ἐπεὶ,grc,315,3.613,no
ἐνὶ,grc,311,3.567,no
ἐς,grc,310,3.555,no
μιν,grc,307,3.521,no
γε,grc,295,3.383,yes
ὁ,grc,277,3.177,yes
ἄρα,grc,262,3.005,no
κατὰ,grc,258,2.959,no
οὐ,grc,256,2.936,yes
τις,grc,251,2.879,yes
νῦν,grc,249,2.856,no
ἄρʼ,grc,245,2.81,no
ὡς,grc,233,2.672,yes
καί,grc,225,2.581,yes
ἐκ,grc,223,2.558,yes
γάρ,grc,222,2.546,yes
οὔ,grc,215,2.466,no
ἐγὼ,grc,212,2.431,no
τι,grc,200,2.294,yes
γʼ,grc,192,2.202,no
περ,grc,191,2.191,no
οὐδέ,grc,178,2.042,no
ἔνθα,grc,176,2.019,no
ἠδὲ,grc,176,2.019,no
οὐδʼ,grc,175,2.007,no
κεν,grc,174,1.996,no
οὐκ,grc,174,1.996,no
ἐπʼ,grc,173,1.984,no
ὀδυσσεύς,grc,172,1.973,no
μʼ,grc,170,1.95,no
εἰ,grc,163,1.87,yes
ἔπειτα,grc,163,1.87,no
εἰς,grc,158,1.812,yes
ὅτε,grc,158,1.812,no
πάντα,grc,155,1.778,no
μάλα,grc,154,1.766,no
σε,grc,153,1.755,no
τῷ,grc,152,1.743,no
ἢ,grc,150,1.72,no
ἀλλὰ,grc,147,1.686,no
με,grc,147,1.686,no
τὴν,grc,147,1.686,no
ἡ,grc,145,1.663,yes
μή,grc,142,1.629,yes
ἀνδρῶν,grc,140,1.606,no
ὅς,grc,140,1.606,no
ὅ,grc,138,1.583,no
πολλὰ,grc,130,1.491,no
ῥʼ,grc,130,1.491,no
πρὸς,grc,128,1.468,no
δή,grc,124,1.422,no
σὺ,grc,124,1.422,no
εἴ,grc,123,1.411,no
κε,grc,123,1.411,no
περὶ,grc,123,1.411,no
τηλέμαχος,grc,123,1.411,no
ἐξ,grc,120,1.376,no
αὐτὸς,grc,118,1.353,no
τίς,grc,115,1.319,no
θυμῷ,grc,113,1.296,no
μέν,grc,112,1.285,yes
κʼ,grc,110,1.262,no
μέγα,grc,110,1.262,no
ἀθήνη,grc,109,1.25,no
γαῖαν,grc,109,1.25,no
ἂν,grc,108,1.239,no
οἵ,grc,107,1.227,no
ἔτι,grc,104,1.193,no
πάντες,grc,104,1.193,no
ὄφρα,grc,103,1.181,no
ὦ,grc,102,1.17,no
ἐγώ,grc,101,1.158,no
οὐδὲ,grc,101,1.158,no
παρὰ,grc,101,1.158,no
ἥ,grc,100,1.147,no
ἤδη,grc,99,1.135,no
νῆα,grc,99,1.135,no
θʼ,grc,98,1.124,no
αὐτοῦ,grc,97,1.113,no
δῖος,grc,97,1.113,no
προσέφη,grc,96,1.101,no
τί,grc,96,1.101,no
τὰ,grc,95,1.09,no
τότε,grc,95,1.09,no
ὥς,grc,95,1.09,no
αὖτε,grc,94,1.078,no
τοῦ,grc,94,1.078,no
αὖ,grc,93,1.067,no
ἄγε,grc,92,1.055,no
ἀπὸ,grc,92,1.055,no
φίλον,grc,92,1.055,no
μετὰ,grc,91,1.044,no
σʼ,grc,91,1.044,no
θεοὶ,grc,88,1.009,no
ὃς,grc,88,1.009,no
ἔπος,grc,87,0.998,no
ἔφατʼ,grc,87,0.998,no
τῶν,grc,87,0.998,no
ἐγὼν,grc,86,0.986,no
ἠδʼ,grc,86,0.986,no
ἀμφὶ,grc,85,0.975,no
τὸ,grc,85,0.975,no
ἔνθʼ,grc,84,0.963,no
ὀδυσσεὺς,grc,84,0.963,no
σὺν,grc,83,0.952,no
οὔτε,grc,82,0.94,no
φάτο,grc,80,0.918,no
δῶμα,grc,79,0.906,no
μάλʼ,grc,79,0.906,no
οἳ,grc,79,0.906,no
ὑπὸ,grc,78,0.895,no
εἶναι,grc,76,0.872,no
μὴ,grc,75,0.86,no
προσέειπε,grc,75,0.86,no
κακὰ,grc,74,0.849,no
προσηύδα,grc,74,0.849,no
ὄφρʼ,grc,73,0.837,no
τόδε,grc,73,0.837,no
ἠὲ,grc,72,0.826,no
οὔτʼ,grc,72,0.826,no
ἀπαμειβόμενος,grc,71,0.814,no
θυμὸς,grc,71,0.814,no
ὀδυσσῆος,grc,71,0.814,no
που,grc,71,0.814,no
ζεὺς,grc,70,0.803,no
θυμὸν,grc,70,0.803,no
ἵνα,grc,70,0.803,no
ἀνὴρ,grc,69,0.791,no
αὐτῷ,grc,69,0.791,no
ἐμοὶ,grc,69,0.791,no
θεῶν,grc,69,0.791,no
μνηστῆρες,grc,69,0.791,no
διὸς,grc,68,0.78,no
ἔργα,grc,68,0.78,no
φρεσὶ,grc,68,0.78,no
ἄλλοι,grc,67,0.768,no
πολύμητις,grc,67,0.768,no
ἀλλά,grc,66,0.757,yes
μῦθον,grc,65,0.746,no
νηὸς,grc,65,0.746,no
πατρὸς,grc,65,0.746,no
ῥα,grc,65,0.746,no
τοῖσιν,grc,65,0.746,no
ἀντίον,grc,64,0.734,no
κέ,grc,64,0.734,no
ἔπεα,grc,63,0.723,no
ἐπεί,grc,63,0.723,no
τά,grc,63,0.723,no
τοὺς,grc,63,0.723,no
αἰεὶ,grc,62,0.711,no
εὖ,grc,62,0.711,no
πρὶν,grc,62,0.711,no
τοὶ,grc,62,0.711,no
τοῖσι,grc,62,0.711,no
πατρίδα,grc,61,0.7,no
ἄλλος,grc,60,0.688,no
ἅμʼ,grc,60,0.688,no
θεὸς,grc,60,0.688,no
αὖτʼ,grc,59,0.677,no
κακὸν,grc,59,0.677,no
ὀδυσῆος,grc,59,0.677,no
πτερόεντα,grc,59,0.677,no
τότʼ,grc,59,0.677,no
πάντας,grc,58,0.665,no
πηνελόπεια,grc,58,0.665,no
εἴη,grc,57,0.654,no
ἑταίρους,grc,57,0.654,no
ὀδυσεὺς,grc,57,0.654,no
ηὔδα,grc,56,0.642,no
θαλάσσης,grc,56,0.642,no
μεγάροισιν,grc,56,0.642,no
χεῖρας,grc,56,0.642,no
ἀχαιῶν,grc,55,0.631,no
κατʼ,grc,55,0.631,no
ἤ,grc,54,0.619,no
μεγάροισι,grc,54,0.619,no
μετʼ,grc,54,0.619,no
αἱ,grc,53,0.608,no
ἀνθρώπων,grc,53,0.608,no
βῆ,grc,53,0.608,no
κέν,grc,53,0.608,no
μνηστῆρας,grc,53,0.608,no
πεπνυμένος,grc,53,0.608,no
σοὶ,grc,53,0.608,no
τῇ,grc,53,0.608,no
ἀνὰ,grc,52,0.596,no
ἑταῖροι,grc,52,0.596,no
νύ,grc,52,0.596,no
οἶνον,grc,52,0.596,no
γλαυκῶπις,grc,51,0.585,no
ἀτὰρ,grc,50,0.573,no
διὰ,grc,50,0.573,no
ὀδυσῆα,grc,50,0.573,no
οἶκον,grc,50,0.573,no
οἴκῳ,grc,50,0.573,no
ὃν,grc,50,0.573,no
πόντον,grc,50,0.573,no
σφιν,grc,50,0.573,no
τάδε,grc,50,0.573,no
τέ,grc,50,0.573,no
αἶψα,grc,49,0.562,no
ἔπειτʼ,grc,49,0.562,no
ἔφαθʼ,grc,49,0.562,no
ὅθι,grc,49,0.562,no
πάντων,grc,49,0.562,no
πάρος,grc,49,0.562,no
αὐτίκʼ,grc,48,0.551,no
αὐτίκα,grc,48,0.551,no
ποτʼ,grc,48,0.551,no
ταῦτα,grc,48,0.551,no
ἅμα,grc,47,0.539,no
ἐνθάδʼ,grc,47,0.539,no
ἦτορ,grc,47,0.539,no
ἐμὲ,grc,46,0.528,no
ἦεν,grc,46,0.528,no
ᾧ,grc,46,0.528,no
δῖα,grc,45,0.516,no
ἐόντα,grc,45,0.516,no
ἱκέσθαι,grc,45,0.516,no
μήτηρ,grc,45,0.516,no
περίφρων,grc,45,0.516,no
δώματα,grc,44,0.505,no
ἐφάμην,grc,44,0.505,no
ἦμαρ,grc,44,0.505,no
ἡμεῖς,grc,44,0.505,no
μεγάροιο,grc,44,0.505,no
ὕδωρ,grc,44,0.505,no
φίλος,grc,44,0.505,no
ἄλλων,grc,43,0.493,no
ἔκ,grc,43,0.493,no
ἔτʼ,grc,43,0.493,no
ἡμῖν,grc,43,0.493,no
ξεῖνε,grc,43,0.493,no
πατὴρ,grc,43,0.493,no
ὧδε,grc,43,0.493,no
αὖτις,grc,42,0.482,no
ἦλθε,grc,42,0.482,no
μένος,grc,42,0.482,no
πὰρ,grc,42,0.482,no
πω,grc,42,0.482,no
αἴ,grc,41,0.47,no
ἀμφʼ,grc,41,0.47,no
ἔμμεναι,grc,41,0.47,no
ἐμὸν,grc,41,0.47,no
ἔργον,grc,41,0.47,no
παρʼ,grc,41,0.47,no
ὑπʼ,grc,41,0.47,no
φωνήσας,grc,41,0.47,no
δῶρα,grc,40,0.459,no
εἵματα,grc,40,0.459,no
ἤματα,grc,40,0.459,no
μάλιστα,grc,40,0.459,no
μευ,grc,40,0.459,no
πόλιν,grc,40,0.459,no
πολὺ,grc,40,0.459,no
σύ,grc,40,0.459,no
τόξον,grc,40,0.459,no
φαιήκων,grc,40,0.459,no
ἄλλο,grc,39,0.447,no
εἰπὼν,grc,39,0.447,no
ἐρέω,grc,39,0.447,no
κεῖνος,grc,39,0.447,no
μέγαν,grc,39,0.447,no
ὄλεθρον,grc,39,0.447,no
τηλέμαχον,grc,39,0.447,no
υἱός,grc,39,0.447,no
ἔνδον,grc,38,0.436,no
ἐστὶ,grc,38,0.436,no
νηὶ,grc,38,0.436,no
νόστον,grc,38,0.436,no
ξεῖνος,grc,38,0.436,no
ὅπως,grc,38,0.436,no
πᾶσιν,grc,38,0.436,no
πόλλʼ,grc,38,0.436,no
ποτε,grc,38,0.436,no
τινʼ,grc,38,0.436,no
δῆμον,grc,37,0.424,no
ἰὼν,grc,37,0.424,no
οὖν,grc,37,0.424,yes
πολύτλας,grc,37,0.424,no
πόντῳ,grc,37,0.424,no
πρῶτον,grc,37,0.424,no
υἱὸς,grc,37,0.424,no
δώματʼ,grc,36,0.413,no
ἔην,grc,36,0.413,no
ἴδον,grc,36,0.413,no
ἰθάκης,grc,36,0.413,no
μνηστῆρσιν,grc,36,0.413,no
μνηστήρων,grc,36,0.413,no
μοῖραν,grc,36,0.413,no
πάτερ,grc,36,0.413,no
φίλοι,grc,36,0.413,no
χερσὶν,grc,36,0.413,no
αὐτοὶ,grc,35,0.401,no
ἂψ,grc,35,0.401,no
ἣν,grc,35,0.401,no
κῦμα,grc,35,0.401,no
μῆλα,grc,35,0.401,no
ξεῖνον,grc,35,0.401,no
ποτὶ,grc,35,0.401,no
τὼ,grc,35,0.401,no
φρεσὶν,grc,35,0.401,no
χαλκῷ,grc,35,0.401,no
ἄνδρες,grc,34,0.39,no
βροτῶν,grc,34,0.39,no
ἦλθεν,grc,34,0.39,no
ἴμεν,grc,34,0.39,no
κλέος,grc,34,0.39,no
νέεσθαι,grc,34,0.39,no
ὁδὸν,grc,34,0.39,no
ὅττι,grc,34,0.39,no
πᾶσι,grc,34,0.39,no
ἄλλον,grc,33,0.378,no
ἀμειβόμενος,grc,33,0.378,no
ἄνακτος,grc,33,0.378,no
ἀντίνοος,grc,33,0.378,no
γυναικῶν,grc,33,0.378,no
ἔνθεν,grc,33,0.378,no
ἐὼν,grc,33,0.378,no
ἰδὼν,grc,33,0.378,no
λαῶν,grc,33,0.378,no
μύθων,grc,33,0.378,no
ὅτʼ,grc,33,0.378,no
αἰὲν,grc,32,0.367,no
ἄλλα,grc,32,0.367,no
ἄνδρα,grc,32,0.367,no
δόμον,grc,32,0.367,no
ἐστιν,grc,32,0.367,no
ἔχουσιν,grc,32,0.367,no
ἦν,grc,32,0.367,no
ἠώς,grc,32,0.367,no
καλὰ,grc,32,0.367,no
καλὸν,grc,32,0.367,no
κεῖται,grc,32,0.367,no
μενέλαος,grc,32,0.367,no
συβώτης,grc,32,0.367,no
τάχα,grc,32,0.367,no
ἀλκινόοιο,grc,31,0.356,no
ἄστυ,grc,31,0.356,no
δαίμων,grc,31,0.356,no
ἕκαστα,grc,31,0.356,no
ἔνι,grc,31,0.356,no
ἐπέεσσι,grc,31,0.356,no
ἔχων,grc,31,0.356,no
ἠέλιος,grc,31,0.356,no
θυμόν,grc,31,0.356,no
μᾶλλον,grc,31,0.356,no
πως,grc,31,0.356,no
φέρων,grc,31,0.356,no
ὦκα,grc,31,0.356,no
αὐτὴ,grc,30,0.344,no
γέρων,grc,30,0.344,no
δήμῳ,grc,30,0.344,no
ἐλθὼν,grc,30,0.344,no
ἔσαν,grc,30,0.344,no
ἦμος,grc,30,0.344,no
θεά,grc,30,0.344,no
θεὰ,grc,30,0.344,no
θεοῖσιν,grc,30,0.344,no
θυμός,grc,30,0.344,no
κῆρ,grc,30,0.344,no
οἴκαδʼ,grc,30,0.344,no
ὅν,grc,30,0.344,no
οὕτω,grc,30,0.344,no
πόσιν,grc,30,0.344,no
χερσὶ,grc,30,0.344,no
ἄλγεα,grc,29,0.333,no
ἀχαιοί,grc,29,0.333,no
δέμας,grc,29,0.333,no
δύω,grc,29,0.333,no
ἐμοί,grc,29,0.333,no
ἐπὴν,grc,29,0.333,no
ἣ,grc,29,0.333,no
ἠελίοιο,grc,29,0.333,no
θοὴν,grc,29,0.333,no
λίην,grc,29,0.333,no
νῆσον,grc,29,0.333,no
οὐρανὸν,grc,29,0.333,no
σῖτον,grc,29,0.333,no
τοῦτο,grc,29,0.333,no
ἄγχι,grc,28,0.321,no
ἀλλήλους,grc,28,0.321,no
ἁλὸς,grc,28,0.321,no
αὐτὸν,grc,28,0.321,no
αὐτός,grc,28,0.321,no
εἴπω,grc,28,0.321,no
ἔχει,grc,28,0.321,no
ἦλθον,grc,28,0.321,no
θεάων,grc,28,0.321,no
ἵνʼ,grc,28,0.321,no
μέλαιναν,grc,28,0.321,no
οὐκέτι,grc,28,0.321,no
πολλοὶ,grc,28,0.321,no
στήθεσσι,grc,28,0.321,no
τῆς,grc,28,0.321,no
τοῖς,grc,28,0.321,no
τόν,grc,28,0.321,no
ἄριστοι,grc,27,0.31,no
γαίης,grc,27,0.31,no
θείοιο,grc,27,0.31,no
καλά,grc,27,0.31,no
κούρη,grc,27,0.31,no
μεγάροις,grc,27,0.31,no
μελαίνῃ,grc,27,0.31,no
μηδʼ,grc,27,0.31,no
ὀφθαλμοῖσιν,grc,27,0.31,no
πάϊς,grc,27,0.31,no
πρῶτα,grc,27,0.31,no
τοί,grc,27,0.31,no
τόφρα,grc,27,0.31,no
ἀμύμονος,grc,26,0.298,no
δάκρυ,grc,26,0.298,no
ἐπέεσσιν,grc,26,0.298,no
ἔστι,grc,26,0.298,no
εὔμαιε,grc,26,0.298,no
ἠμὲν,grc,26,0.298,no
θυγάτηρ,grc,26,0.298,no
θύραζε,grc,26,0.298,no
ἰδέσθαι,grc,26,0.298,no
ἰθάκην,grc,26,0.298,no
ῥά,grc,26,0.298,no
τηλέμαχʼ,grc,26,0.298,no
ὕπνος,grc,26,0.298,no
ἀθηναίη,grc,25,0.287,no
ἀνθρώπους,grc,25,0.287,no
δὴν,grc,25,0.287,no
ἐὺ,grc,25,0.287,no
θῆκε,grc,25,0.287,no
ὀΐω,grc,25,0.287,no
στῆ,grc,25,0.287,no
τὰς,grc,25,0.287,no
ὑπὲρ,grc,25,0.287,no
ἀθανάτοισι,grc,24,0.275,no
αἶψʼ,grc,24,0.275,no
ἀτρεκέως,grc,24,0.275,no
εἰπὲ,grc,24,0.275,no
ἔλθοι,grc,24,0.275,no
ἔσσεται,grc,24,0.275,no
ἠμείβετʼ,grc,24,0.275,no
ἦσαν,grc,24,0.275,no
ἰέναι,grc,24,0.275,no
κῆρυξ,grc,24,0.275,no
μετέειπε,grc,24,0.275,no
νηῒ,grc,24,0.275,no
ξεῖνʼ,grc,24,0.275,no
παλλὰς,grc,24,0.275,no
τινα,grc,24,0.275,no
ὢ,grc,24,0.275,no
ἄν,grc,23,0.264,no
ἀνδρὸς,grc,23,0.264,no
ἀνήρ,grc,23,0.264,no
ἀπʼ,grc,23,0.264,no
αὐτῆς,grc,23,0.264,no
αὐτόν,grc,23,0.264,no
δῖαν,grc,23,0.264,no
εἵνεκα,grc,23,0.264,no
ἐσσι,grc,23,0.264,no
ἔσται,grc,23,0.264,no
ἐστίν,grc,23,0.264,no
νηῦς,grc,23,0.264,no
ὃ,grc,23,0.264,no
ὀδυσσεῦ,grc,23,0.264,no
ὀπίσσω,grc,23,0.264,no
πέρι,grc,23,0.264,no
πού,grc,23,0.264,no
τόδʼ,grc,23,0.264,no
φίλην,grc,23,0.264,no
φρένας,grc,23,0.264,no
αἲ,grc,22,0.252,no
βίοτον,grc,22,0.252,no
βοῶν,grc,22,0.252,no
δαῖτα,grc,22,0.252,no
δώμαθʼ,grc,22,0.252,no
ἔβη,grc,22,0.252,no
ἔγχος,grc,22,0.252,no
ἔειπεν,grc,22,0.252,no
εἴσω,grc,22,0.252,no
ἕκαστος,grc,22,0.252,no
ἐνθάδε,grc,22,0.252,no
ἑτάρων,grc,22,0.252,no
ἠριγένεια,grc,22,0.252,no
θάνατον,grc,22,0.252,no
θεοῖσι,grc,22,0.252,no
ἵκετο,grc,22,0.252,no
ἵκοντο,grc,22,0.252,no
κίρκη,grc,22,0.252,no
νῆας,grc,22,0.252,no
οἶος,grc,22,0.252,no
ὁππότε,grc,22,0.252,no
ὅσσα,grc,22,0.252,no
πατέρʼ,grc,22,0.252,no
πόποι,grc,22,0.252,no
πότμον,grc,22,0.252,no
πῦρ,grc,22,0.252,no
πῶς,grc,22,0.252,no
ῥοδοδάκτυλος,grc,22,0.252,no
σέ,grc,22,0.252,no
τηλεμάχῳ,grc,22,0.252,no
τήν,grc,22,0.252,no
φάνη,grc,22,0.252,no
φίλη,grc,22,0.252,no
χρὴ,grc,22,0.252,no
χροῒ,grc,22,0.252,no
ἀγορεύεις,grc,21,0.241,no
ἅλα,grc,21,0.241,no
ἄναξ,grc,21,0.241,no
ἀνώγει,grc,21,0.241,no
ἄπο,grc,21,0.241,no
αὔτως,grc,21,0.241,no
γύναι,grc,21,0.241,no
δεῦρο,grc,21,0.241,no
ἑ,grc,21,0.241,no
ἔειπε,grc,21,0.241,no
εἰδώς,grc,21,0.241,no
ἔμπης,grc,21,0.241,no
ἕποντο,grc,21,0.241,no
ἑτάροισιν,grc,21,0.241,no
ἔχοντες,grc,21,0.241,no
ἧος,grc,21,0.241,no
ἦρχε,grc,21,0.241,no
κὰδ,grc,21,0.241,no
κάτα,grc,21,0.241,no
κατάλεξον,grc,21,0.241,no
κίρκης,grc,21,0.241,no
μέγʼ,grc,21,0.241,no
νέον,grc,21,0.241,no
νόον,grc,21,0.241,no
ὅδʼ,grc,21,0.241,no
οἶδα,grc,21,0.241,no
οὗ,grc,21,0.241,no
οὐχ,grc,21,0.241,no
πόδας,grc,21,0.241,no
πολλὸν,grc,21,0.241,no
πόσιος,grc,21,0.241,no
πρίν,grc,21,0.241,no
προσέειπεν,grc,21,0.241,no
τέκνον,grc,21,0.241,no
τό,grc,21,0.241,yes
τοῖος,grc,21,0.241,no
υἱὸν,grc,21,0.241,no
ὑμῖν,grc,21,0.241,no
χειρὶ,grc,21,0.241,no
ψυχὴ,grc,21,0.241,no
ἀγόρευον,grc,20,0.229,no
ἀλκίνοος,grc,20,0.229,no
ἄλλους,grc,20,0.229,no
ἀνδρὶ,grc,20,0.229,no
αὐτῶν,grc,20,0.229,no
βάλε,grc,20,0.229,no
γαίῃ,grc,20,0.229,no
εὐρὺν,grc,20,0.229,no
ἔχοντα,grc,20,0.229,no
ἡμέας,grc,20,0.229,no
ἥρως,grc,20,0.229,no
ἱστία,grc,20,0.229,no
καρπαλίμως,grc,20,0.229,no
κεῖνον,grc,20,0.229,no
κραδίη,grc,20,0.229,no
κρονίων,grc,20,0.229,no
κύνες,grc,20,0.229,no
νηυσὶ,grc,20,0.229,no
οὗτος,grc,20,0.229,no
ποσειδάων,grc,20,0.229,no
σὴν,grc,20,0.229,no
συβῶτα,grc,20,0.229,no
τάχιστα,grc,20,0.229,no
τοῖον,grc,20,0.229,no
ἀεικέα,grc,19,0.218,no
αἵ,grc,19,0.218,no
ἀμφιπόλοισι,grc,19,0.218,no
ἀνάγκῃ,grc,19,0.218,no
ἀνδράσιν,grc,19,0.218,no
ἅπαντα,grc,19,0.218,no
αὐλῆς,grc,19,0.218,no
αὐτῇ,grc,19,0.218,no
γένοιτο,grc,19,0.218,no
γένος,grc,19,0.218,no
γέρον,grc,19,0.218,no
δεῖπνον,grc,19,0.218,no
δεῦρʼ,grc,19,0.218,no
δῶκε,grc,19,0.218,no
ἐδητύος,grc,19,0.218,no
εἵματʼ,grc,19,0.218,no
ἑκάστῳ,grc,19,0.218,no
ἐστι,grc,19,0.218,no
θύρας,grc,19,0.218,no
ἵππους,grc,19,0.218,no
ἱστὸν,grc,19,0.218,no
κτήματʼ,grc,19,0.218,no
μεγάρῳ,grc,19,0.218,no
νέστωρ,grc,19,0.218,no
νῆες,grc,19,0.218,no
ξίφος,grc,19,0.218,no
οἷον,grc,19,0.218,no
ὅσα,grc,19,0.218,no
πότνια,grc,19,0.218,no
τοιγὰρ,grc,19,0.218,no
φάος,grc,19,0.218,no
χαῖρε,grc,19,0.218,no
χρόνον,grc,19,0.218,no
ἄμφω,grc,18,0.206,no
ἄριστος,grc,18,0.206,no
βάλεν,grc,18,0.206,no
βεβήκει,grc,18,0.206,no
γάμον,grc,18,0.206,no
γένηται,grc,18,0.206,no
γυναῖκας,grc,18,0.206,no
δόρπον,grc,18,0.206,no
ἔειπες,grc,18,0.206,no
ἑλὼν,grc,18,0.206,no
ἔμʼ,grc,18,0.206,no
ἔπλετο,grc,18,0.206,no
ἐσθλὸν,grc,18,0.206,no
ἑτάρους,grc,18,0.206,no
ἔχε,grc,18,0.206,no
ζεῦ,grc,18,0.206,no
ζεύς,grc,18,0.206,no
θῆκεν,grc,18,0.206,no
κάρη,grc,18,0.206,no
κέρδιον,grc,18,0.206,no
μέγας,grc,18,0.206,no
νόος,grc,18,0.206,no
νύκτας,grc,18,0.206,no
οἴκαδε,grc,18,0.206,no
οἶκόνδε,grc,18,0.206,no
ὀξὺ,grc,18,0.206,no
ὅσσοι,grc,18,0.206,no
πάλιν,grc,18,0.206,no
πάντʼ,grc,18,0.206,no
προσέειπον,grc,18,0.206,no
πώ,grc,18,0.206,no
τοιαῦτα,grc,18,0.206,no
τόσσον,grc,18,0.206,no
τρώων,grc,18,0.206,no
φίλα,grc,18,0.206,no
φρένα,grc,18,0.206,no
ἀθάνατοι,grc,17,0.195,no
αἰεί,grc,17,0.195,no
ἄλλοθεν,grc,17,0.195,no
ἀμφίπολοι,grc,17,0.195,no
αὖθι,grc,17,0.195,no
αὐτὴν,grc,17,0.195,no
ἐλθόντες,grc,17,0.195,no
ἐνοσίχθων,grc,17,0.195,no
ἑξείης,grc,17,0.195,no
ἔπι,grc,17,0.195,no
ἥν,grc,17,0.195,no
ἧς,grc,17,0.195,no
ἠῶ,grc,17,0.195,no
θανάτοιο,grc,17,0.195,no
κεφαλῆς,grc,17,0.195,no
κούρῃ,grc,17,0.195,no
κρέα,grc,17,0.195,no
μηδέ,grc,17,0.195,no
μνηστῆρσι,grc,17,0.195,no
μύθῳ,grc,17,0.195,no
οἶον,grc,17,0.195,no
οἷος,grc,17,0.195,no
ὅσσον,grc,17,0.195,no
ὅτι,grc,17,0.195,no
οὕτως,grc,17,0.195,no
πάμπαν,grc,17,0.195,no
πίονα,grc,17,0.195,no
προτὶ,grc,17,0.195,no
τοῦτον,grc,17,0.195,no
φαίηκες,grc,17,0.195,no
φᾶρος,grc,17,0.195,no
φέρουσα,grc,17,0.195,no
φώνησέν,grc,17,0.195,no
χιτῶνα,grc,17,0.195,no
χιτῶνά,grc,17,0.195,no
χλαῖναν,grc,17,0.195,no
ὧδʼ,grc,17,0.195,no
ἀγλαὰ,grc,16,0.184,no
ἄγων,grc,16,0.184,no
ἀθανάτοισιν,grc,16,0.184,no
ἄνδρας,grc,16,0.184,no
ἀνέρες,grc,16,0.184,no
ἄφαρ,grc,16,0.184,no
ἀχαιούς,grc,16,0.184,no
βοῦς,grc,16,0.184,no
γυνὴ,grc,16,0.184,no
διός,grc,16,0.184,no
δύο,grc,16,0.184,no
δῶ,grc,16,0.184,no
δώσω,grc,16,0.184,no
ἐγένοντο,grc,16,0.184,no
ἐθέλεις,grc,16,0.184,no
εἰν,grc,16,0.184,no
ἐνδυκέως,grc,16,0.184,no
ἐστὶν,grc,16,0.184,no
ἑταίρων,grc,16,0.184,no
ἑτάροισι,grc,16,0.184,no
εὐρύκλεια,grc,16,0.184,no
ἔφη,grc,16,0.184,no
ἐών,grc,16,0.184,no
θεοί,grc,16,0.184,no
θοῶς,grc,16,0.184,no
ἵκηται,grc,16,0.184,no
ἴλιον,grc,16,0.184,no
κῆρα,grc,16,0.184,no
κοῦροι,grc,16,0.184,no
μέγαρον,grc,16,0.184,no
μῦθος,grc,16,0.184,no
ὀδυσῆϊ,grc,16,0.184,no
ὀνόμαζεν,grc,16,0.184,no
ὅρκον,grc,16,0.184,no
οὐδὸν,grc,16,0.184,no
παιδὸς,grc,16,0.184,no
πάντεσσι,grc,16,0.184,no
πάρα,grc,16,0.184,no
πέρ,grc,16,0.184,no
πῆμα,grc,16,0.184,no
πολλά,grc,16,0.184,no
πολὺν,grc,16,0.184,no
σὸν,grc,16,0.184,no
σπέος,grc,16,0.184,no
στήθεσσιν,grc,16,0.184,no
σχεδὸν,grc,16,0.184,no
ταμίη,grc,16,0.184,no
τρὶς,grc,16,0.184,no
ὑμεῖς,grc,16,0.184,no
φέρε,grc,16,0.184,no
φίλʼ,grc,16,0.184,no
ἅ,grc,15,0.172,no
ἀγήνωρ,grc,15,0.172,no
ἀγορήσατο,grc,15,0.172,no
αἶγας,grc,15,0.172,no
αἰγιόχοιο,grc,15,0.172,no
αἰγῶν,grc,15,0.172,no
ἄλλʼ,grc,15,0.172,no
ἄλλαι,grc,15,0.172,no
ἀνά,grc,15,0.172,no
ἀνδράσι,grc,15,0.172,no
ἀπόλλων,grc,15,0.172,no
ἂρ,grc,15,0.172,no
γυναῖκα,grc,15,0.172,no
ἔβαν,grc,15,0.172,no
ἔδωκε,grc,15,0.172,no
εἰσιν,grc,15,0.172,no
ἐμόν,grc,15,0.172,no
ἐμὸς,grc,15,0.172,no
ἕντο,grc,15,0.172,no
ἑὸν,grc,15,0.172,no
ἔρον,grc,15,0.172,no
ἔσκε,grc,15,0.172,no
εὐρύμαχος,grc,15,0.172,no
ἔχον,grc,15,0.172,no
ἠέ,grc,15,0.172,no
ἦε,grc,15,0.172,no
ἤλυθεν,grc,15,0.172,no
θάλαμον,grc,15,0.172,no
θῖνα,grc,15,0.172,no
ἰθάκῃ,grc,15,0.172,no
καθῖζον,grc,15,0.172,no
κείνου,grc,15,0.172,no
κιὼν,grc,15,0.172,no
κτήματα,grc,15,0.172,no
μεγαλήτορος,grc,15,0.172,no
μέθυ,grc,15,0.172,no
νέοι,grc,15,0.172,no
νεὸς,grc,15,0.172,no
νηῶν,grc,15,0.172,no
ξανθὸς,grc,15,0.172,no
ὀδυσσῆα,grc,15,0.172,no
οἷά,grc,15,0.172,no
οὓς,grc,15,0.172,no
παῖδα,grc,15,0.172,no
παιδὶ,grc,15,0.172,no
πᾶσαι,grc,15,0.172,no
περικαλλέα,grc,15,0.172,no
πολυμήχανʼ,grc,15,0.172,no
προσέφης,grc,15,0.172,no
πρῶτος,grc,15,0.172,no
πύλον,grc,15,0.172,no
τεύχεα,grc,15,0.172,no
τίθει,grc,15,0.172,no
ὕπνον,grc,15,0.172,no
φέρον,grc,15,0.172,no
φίλων,grc,15,0.172,no
χʼ,grc,15,0.172,no
χλαῖνάν,grc,15,0.172,no
ἀγορὴν,grc,14,0.161,no
αἳ,grc,14,0.161,no
αἰδοίη,grc,14,0.161,no
ἀμείβετο,grc,14,0.161,no
ἀνέμων,grc,14,0.161,no
ἀνθρώποισι,grc,14,0.161,no
ἀνθρώποισιν,grc,14,0.161,no
ἅπαντες,grc,14,0.161,no
αὐτούς,grc,14,0.161,no
βοῦν,grc,14,0.161,no
γενέσθαι,grc,14,0.161,no
γυναῖκες,grc,14,0.161,no
διὶ,grc,14,0.161,no
διογενὲς,grc,14,0.161,no
διοτρεφές,grc,14,0.161,no
δίφρον,grc,14,0.161,no
δόλον,grc,14,0.161,no
ἐγγὺς,grc,14,0.161,no
ἕζετʼ,grc,14,0.161,no
ἕζετο,grc,14,0.161,no
ἔθηκεν,grc,14,0.161,no
εἶδος,grc,14,0.161,no
εἵλετο,grc,14,0.161,no
ἐλθεῖν,grc,14,0.161,no
ἔοικε,grc,14,0.161,no
ἔστιν,grc,14,0.161,no
ἥδε,grc,14,0.161,no
ἧκε,grc,14,0.161,no
θαλάμοιο,grc,14,0.161,no
θεοῦ,grc,14,0.161,no
ἰκαρίοιο,grc,14,0.161,no
καλυψώ,grc,14,0.161,no
κελεύεις,grc,14,0.161,no
κήδεʼ,grc,14,0.161,no
λαερτιάδη,grc,14,0.161,no
μακρὰ,grc,14,0.161,no
μεθʼ,grc,14,0.161,no
μηδὲ,grc,14,0.161,no
μητρὸς,grc,14,0.161,no
ὅδε,grc,14,0.161,no
οἴη,grc,14,0.161,no
ὄνομʼ,grc,14,0.161,no
ὅτις,grc,14,0.161,no
οὐκέτʼ,grc,14,0.161,no
οὖρον,grc,14,0.161,no
πατρὶ,grc,14,0.161,no
πατρίδος,grc,14,0.161,no
πένθος,grc,14,0.161,no
πηνελοπείῃ,grc,14,0.161,no
ποτέ,grc,14,0.161,no
σοί,grc,14,0.161,no
τέκε,grc,14,0.161,no
τηλεμάχοιο,grc,14,0.161,no
υἱόν,grc,14,0.161,no
ὕπο,grc,14,0.161,no
φωνήσασʼ,grc,14,0.161,no
χερσίν,grc,14,0.161,no
ἀγχίμολον,grc,13,0.149,no
ἄεθλον,grc,13,0.149,no
ἀέκητι,grc,13,0.149,no
αἴθοπα,grc,13,0.149,no
αἰνῶς,grc,13,0.149,no
ἅλις,grc,13,0.149,no
ἀμύμονα,grc,13,0.149,no
ἀμφὶς,grc,13,0.149,no
ἀνʼ,grc,13,0.149,no
ἀνέμοιο,grc,13,0.149,no
ἀοιδὸς,grc,13,0.149,no
ἄρ,grc,13,0.149,no
ἀργείων,grc,13,0.149,no
ἀτρεΐδη,grc,13,0.149,no
ἄχος,grc,13,0.149,no
δηρὸν,grc,13,0.149,no
δόμων,grc,13,0.149,no
ἐγγύθεν,grc,13,0.149,no
ἔδοντες,grc,13,0.149,no
ἔδωκεν,grc,13,0.149,no
ἐλαίῳ,grc,13,0.149,no
ἐμεῖο,grc,13,0.149,no
ἐνόησε,grc,13,0.149,no
ἐόντες,grc,13,0.149,no
ἐόντος,grc,13,0.149,no
ἔπειθʼ,grc,13,0.149,no
ἔστʼ,grc,13,0.149,no
εὐνήν,grc,13,0.149,no
ἐφʼ,grc,13,0.149,no
ἠῶθεν,grc,13,0.149,no
θάλασσαν,grc,13,0.149,no
θεὸν,grc,13,0.149,no
θεός,grc,13,0.149,no
ἱκάνει,grc,13,0.149,no
ἴομεν,grc,13,0.149,no
ἲς,grc,13,0.149,no
ἴσαν,grc,13,0.149,no
ἰών,grc,13,0.149,no
κακῶς,grc,13,0.149,no
καλῇ,grc,13,0.149,no
κεφαλῇ,grc,13,0.149,no
κεφαλήν,grc,13,0.149,no
κρητῆρα,grc,13,0.149,no
κύκλωψ,grc,13,0.149,no
οἰχομένοιο,grc,13,0.149,no
ὄσσε,grc,13,0.149,no
παῖδες,grc,13,0.149,no
πόθεν,grc,13,0.149,no
ποσειδάωνι,grc,13,0.149,no
προπάροιθε,grc,13,0.149,no
προσηύδων,grc,13,0.149,no
προτέρω,grc,13,0.149,no
πυρὶ,grc,13,0.149,no
σιγαλόεντα,grc,13,0.149,no
σφʼ,grc,13,0.149,no
σῷ,grc,13,0.149,no
τειρεσίαο,grc,13,0.149,no
τέκνα,grc,13,0.149,no
τρεῖς,grc,13,0.149,no
υἷες,grc,13,0.149,no
φημι,grc,13,0.149,no
χαίρων,grc,13,0.149,no
χειρῶν,grc,13,0.149,no
χλαίνας,grc,13,0.149,no
ἀγορεύσω,grc,12,0.138,no
ἀθανάτων,grc,12,0.138,no
ἀίδαο,grc,12,0.138,no
αἴης,grc,12,0.138,no
αἷμα,grc,12,0.138,no
αἵματος,grc,12,0.138,no
αἰπὺν,grc,12,0.138,no
αἶσα,grc,12,0.138,no
ἄλλῃ,grc,12,0.138,no
ἄλλῳ,grc,12,0.138,no
ἀμφίπολος,grc,12,0.138,no
ἀπέβη,grc,12,0.138,no
ἀργαλέον,grc,12,0.138,no
ἀρίστη,grc,12,0.138,no
αὐτή,grc,12,0.138,no
αὐτοί,grc,12,0.138,no
βασίλεια,grc,12,0.138,no
βοὸς,grc,12,0.138,no
γίγνεται,grc,12,0.138,no
γλαφυρῆς,grc,12,0.138,no
γόοιο,grc,12,0.138,no
δάκρυα,grc,12,0.138,no
δέπας,grc,12,0.138,no
διʼ,grc,12,0.138,no
δμῳαὶ,grc,12,0.138,no
δόμους,grc,12,0.138,no
δύʼ,grc,12,0.138,no
ἔασιν,grc,12,0.138,no
ἔγνω,grc,12,0.138,no
ἔδουσιν,grc,12,0.138,no
ἐθέλω,grc,12,0.138,no
εἰσι,grc,12,0.138,no
ἑκατόμβας,grc,12,0.138,no
ἐλεύσεται,grc,12,0.138,no
ἐλθέμεν,grc,12,0.138,no
ἐλθών,grc,12,0.138,no
ἐμῆς,grc,12,0.138,no
ἔν,grc,12,0.138,no
ἐπεπείθετο,grc,12,0.138,no
ἐστί,grc,12,0.138,no
ἑτοῖμα,grc,12,0.138,no
εὐρὺ,grc,12,0.138,no
ᾗ,grc,12,0.138,no
ἤθελε,grc,12,0.138,no
ἡμέτερον,grc,12,0.138,no
θαλερὸν,grc,12,0.138,no
θᾶσσον,grc,12,0.138,no
θεοειδής,grc,12,0.138,no
θεοῖς,grc,12,0.138,no
θοῇ,grc,12,0.138,no
θρόνου,grc,12,0.138,no
θυράων,grc,12,0.138,no
ἱκάνω,grc,12,0.138,no
ἱστόν,grc,12,0.138,no
κακῶν,grc,12,0.138,no
κελεύει,grc,12,0.138,no
κλυτὰ,grc,12,0.138,no
κλυτὸν,grc,12,0.138,no
λαβὼν,grc,12,0.138,no
λαέρτης,grc,12,0.138,no
λαοὶ,grc,12,0.138,no
μάκαρες,grc,12,0.138,no
μεγάρων,grc,12,0.138,no
μένον,grc,12,0.138,no
μέσον,grc,12,0.138,no
μετηύδα,grc,12,0.138,no
μήτε,grc,12,0.138,no
μητέρα,grc,12,0.138,no
μνηστήρεσσι,grc,12,0.138,no
νήπιος,grc,12,0.138,no
νήσῳ,grc,12,0.138,no
νηυσὶν,grc,12,0.138,no
νῶτα,grc,12,0.138,no
ξείνους,grc,12,0.138,no
οἷς,grc,12,0.138,no
ὁμῶς,grc,12,0.138,no
ὅσον,grc,12,0.138,no
οὕνεκα,grc,12,0.138,no
πάγχυ,grc,12,0.138,no
πᾶσαν,grc,12,0.138,no
πατρίδʼ,grc,12,0.138,no
πατρός,grc,12,0.138,no
πέλονται,grc,12,0.138,no
ποσὶν,grc,12,0.138,no
πόσις,grc,12,0.138,no
προσεφώνεε,grc,12,0.138,no
πρόφρων,grc,12,0.138,no
πυρὸς,grc,12,0.138,no
σάφα,grc,12,0.138,no
σὲ,grc,12,0.138,no
σίτου,grc,12,0.138,no
συβώτην,grc,12,0.138,no
σφι,grc,12,0.138,no
ταῦτά,grc,12,0.138,no
τευ,grc,12,0.138,no
τηλεμάχου,grc,12,0.138,no
τοῦτʼ,grc,12,0.138,no
τράπεζαν,grc,12,0.138,no
φιλότητι,grc,12,0.138,no
φόνον,grc,12,0.138,no
χάλκεον,grc,12,0.138,no
χθονὶ,grc,12,0.138,no
ὦρσε,grc,12,0.138,no
ἀγροῦ,grc,11,0.126,no
ἀείρας,grc,11,0.126,no
ἄλγεʼ,grc,11,0.126,no
ἄλλη,grc,11,0.126,no
ἄλλοτε,grc,11,0.126,no
ἄλοχον,grc,11,0.126,no
ἀλόχῳ,grc,11,0.126,no
ἀλώμενος,grc,11,0.126,no
ἄντα,grc,11,0.126,no
ἀπαμείβετο,grc,11,0.126,no
ἆσσον,grc,11,0.126,no
ἀτρεΐδης,grc,11,0.126,no
ἀφίκετο,grc,11,0.126,no
γαῖα,grc,11,0.126,no
γερήνιος,grc,11,0.126,no
γρηῢς,grc,11,0.126,no
δηθὰ,grc,11,0.126,no
διὲκ,grc,11,0.126,no
δμώων,grc,11,0.126,no
δύναται,grc,11,0.126,no
δώδεκα,grc,11,0.126,no
εἰπέ,grc,11,0.126,no
εἴπεσκε,grc,11,0.126,no
ἕλε,grc,11,0.126,no
ἑλένη,grc,11,0.126,no
ἕλοντο,grc,11,0.126,no
ἐμὴν,grc,11,0.126,no
ἔμπεδον,grc,11,0.126,no
ἔοικας,grc,11,0.126,no
ἐόντων,grc,11,0.126,no
ἐπισταμένως,grc,11,0.126,no
ἐῢ,grc,11,0.126,no
εὐνῆς,grc,11,0.126,no
ἐυπλόκαμος,grc,11,0.126,no
ἦα,grc,11,0.126,no
ἦέ,grc,11,0.126,no
ἠέλιον,grc,11,0.126,no
ἤλασε,grc,11,0.126,no
ἥμενος,grc,11,0.126,no
θρόνους,grc,11,0.126,no
ἴαλλον,grc,11,0.126,no
ἴδε,grc,11,0.126,no
ἴδεν,grc,11,0.126,no
ἱερὸν,grc,11,0.126,no
ἰθὺς,grc,11,0.126,no
καθήμενος,grc,11,0.126,no
κακόν,grc,11,0.126,no
καλὴν,grc,11,0.126,no
καταλέξω,grc,11,0.126,no
κρειῶν,grc,11,0.126,no
κυδαλίμοιο,grc,11,0.126,no
λαερτιάδεω,grc,11,0.126,no
λέχος,grc,11,0.126,no
λιμένος,grc,11,0.126,no
μεγάλοιο,grc,11,0.126,no
μογήσας,grc,11,0.126,no
μοῖρʼ,grc,11,0.126,no
μύθοισιν,grc,11,0.126,no
νεκύων,grc,11,0.126,no
νέστορος,grc,11,0.126,no
νέων,grc,11,0.126,no
νόστιμον,grc,11,0.126,no
νῶϊν,grc,11,0.126,no
ξείνῳ,grc,11,0.126,no
ξείνων,grc,11,0.126,no
ὁδοῖο,grc,11,0.126,no
ὀδυσεῦ,grc,11,0.126,no
ὅθʼ,grc,11,0.126,no
ὀΐομαι,grc,11,0.126,no
ὄλυμπον,grc,11,0.126,no
ὁμοῦ,grc,11,0.126,no
ὀνείαθʼ,grc,11,0.126,no
ὀνόμαζε,grc,11,0.126,no
ὄρος,grc,11,0.126,no
ὄρχαμος,grc,11,0.126,no
ὅσσʼ,grc,11,0.126,no
οὐδοῦ,grc,11,0.126,no
οὕνεκά,grc,11,0.126,no
ὀφθαλμοῖσι,grc,11,0.126,no
πέδιλα,grc,11,0.126,no
πλησίον,grc,11,0.126,no
ποθι,grc,11,0.126,no
πόλις,grc,11,0.126,no
πόρε,grc,11,0.126,no
ποταμοῖο,grc,11,0.126,no
προκείμενα,grc,11,0.126,no
προσεφώνεεν,grc,11,0.126,no
πυθέσθαι,grc,11,0.126,no
πυκινῶς,grc,11,0.126,no
σέθεν,grc,11,0.126,no
σιωπῇ,grc,11,0.126,no
σκιόεντα,grc,11,0.126,no
σῦς,grc,11,0.126,no
σφέας,grc,11,0.126,no
τάχʼ,grc,11,0.126,no
τετελεσμένον,grc,11,0.126,no
τινά,grc,11,0.126,no
τίπτε,grc,11,0.126,no
τροίῃ,grc,11,0.126,no
τροφὸς,grc,11,0.126,no
ὕβριν,grc,11,0.126,no
φρονέων,grc,11,0.126,no
χαλκόν,grc,11,0.126,no
χρυσόν,grc,11,0.126,no
ὤ,grc,11,0.126,no
ἀγαθὸς,grc,10,0.115,no
ἀγορεύω,grc,10,0.115,no
ἀέθλων,grc,10,0.115,no
αἶψά,grc,10,0.115,no
ἀκὴν,grc,10,0.115,no
ἄκοιτιν,grc,10,0.115,no
ἄλλως,grc,10,0.115,no
ἄλφιτα,grc,10,0.115,no
ἄνακτι,grc,10,0.115,no
ἄνεμος,grc,10,0.115,no
ἀνέστη,grc,10,0.115,no
ἄνωγα,grc,10,0.115,no
ἀργεϊφόντης,grc,10,0.115,no
ἀρίστους,grc,10,0.115,no
ἄσπετα,grc,10,0.115,no
αὐδήν,grc,10,0.115,no
αὐτόθι,grc,10,0.115,no
ἀχαιοὶ,grc,10,0.115,no
βοὴν,grc,10,0.115,no
γέ,grc,10,0.115,no
γέρας,grc,10,0.115,no
γέροντα,grc,10,0.115,no
γέροντος,grc,10,0.115,no
γούνων,grc,10,0.115,no
δαΐφρονος,grc,10,0.115,no
δεινὸν,grc,10,0.115,no
δέος,grc,10,0.115,no
δόλῳ,grc,10,0.115,no
δόμου,grc,10,0.115,no
δοῦρα,grc,10,0.115,no
δύστηνον,grc,10,0.115,no
ἑζόμενοι,grc,10,0.115,no
εἰπεῖν,grc,10,0.115,no
εἰποῦσʼ,grc,10,0.115,no
εἰσὶν,grc,10,0.115,no
ἑκὰς,grc,10,0.115,no
ἐκέλευσεν,grc,10,0.115,no
ἐκτὸς,grc,10,0.115,no
ἑλέσθαι,grc,10,0.115,no
ἐμὰ,grc,10,0.115,no
ἐμεῦ,grc,10,0.115,no
ἐμοῖς,grc,10,0.115,no
ἐμῷ,grc,10,0.115,no
ἕνεκʼ,grc,10,0.115,no
ἐνόησεν,grc,10,0.115,no
ἔντοσθεν,grc,10,0.115,no
ἔπεσσιν,grc,10,0.115,no
ἐσθλόν,grc,10,0.115,no
ἐτάνυσσε,grc,10,0.115,no
ἔτος,grc,10,0.115,no
εὐπείθεος,grc,10,0.115,no
εὐρέα,grc,10,0.115,no
ζώει,grc,10,0.115,no
ζωὸς,grc,10,0.115,no
ἡγήτορες,grc,10,0.115,no
ἡδὺ,grc,10,0.115,no
ἦλθʼ,grc,10,0.115,no
ἥμεθα,grc,10,0.115,no
ἤν,grc,10,0.115,no
ἤπειρόνδε,grc,10,0.115,no
ᾗσιν,grc,10,0.115,no
ἡφαίστοιο,grc,10,0.115,no
θεοὺς,grc,10,0.115,no
ἰδέειν,grc,10,0.115,no
ἴδμεν,grc,10,0.115,no
ἵκετʼ,grc,10,0.115,no
ἴμεναι,grc,10,0.115,no
ἰόντι,grc,10,0.115,no
ἱππότα,grc,10,0.115,no
ἴσασι,grc,10,0.115,no
ἰχθυόεντα,grc,10,0.115,no
καθʼ,grc,10,0.115,no
κάκʼ,grc,10,0.115,no
κακά,grc,10,0.115,no
κεῖθι,grc,10,0.115,no
κειμήλια,grc,10,0.115,no
κείνη,grc,10,0.115,no
κεῖτʼ,grc,10,0.115,no
κεῖτο,grc,10,0.115,no
κέκλυτε,grc,10,0.115,no
κέκλυτέ,grc,10,0.115,no
κίον,grc,10,0.115,no
λυγρὸν,grc,10,0.115,no
μεγαλήτορα,grc,10,0.115,no
μεῖζον,grc,10,0.115,no
μελιηδέα,grc,10,0.115,no
μενέλαε,grc,10,0.115,no
μήλων,grc,10,0.115,no
μῆτιν,grc,10,0.115,no
μοῦνον,grc,10,0.115,no
μυθήσομαι,grc,10,0.115,no
νέας,grc,10,0.115,no
νημερτέα,grc,10,0.115,no
νόημα,grc,10,0.115,no
νύκτα,grc,10,0.115,no
νυκτὶ,grc,10,0.115,no
ὀδυρόμενος,grc,10,0.115,no
ὀδυσεύς,grc,10,0.115,no
οἷ,grc,10,0.115,no
οἷα,grc,10,0.115,no
οἶδʼ,grc,10,0.115,no
οἵδε,grc,10,0.115,no
οἴκου,grc,10,0.115,no
οἶνος,grc,10,0.115,no
οἴνῳ,grc,10,0.115,no
οἷσιν,grc,10,0.115,no
ὄλοντο,grc,10,0.115,no
ὄπισθεν,grc,10,0.115,no
ὅσοι,grc,10,0.115,no
παρέθηκε,grc,10,0.115,no
πάσχων,grc,10,0.115,no
πέμψω,grc,10,0.115,no
πέτρη,grc,10,0.115,no
ποθεν,grc,10,0.115,no
πρόσθεν,grc,10,0.115,no
πώς,grc,10,0.115,no
ῥεῖα,grc,10,0.115,no
ῥήγεα,grc,10,0.115,no
ῥηγμῖνι,grc,10,0.115,no
ῥηϊδίως,grc,10,0.115,no
σεῖο,grc,10,0.115,no
σῇ,grc,10,0.115,no
σταθμὸν,grc,10,0.115,no
τάδʼ,grc,10,0.115,no
ταλασίφρονος,grc,10,0.115,no
τάων,grc,10,0.115,no
τέτυκται,grc,10,0.115,no
τεύχεʼ,grc,10,0.115,no
τόξα,grc,10,0.115,no
ὑπερηνορεόντων,grc,10,0.115,no
φαίδιμος,grc,10,0.115,no
φαιήκεσσι,grc,10,0.115,no
φαίνετο,grc,10,0.115,no
φάτʼ,grc,10,0.115,no
φίλους,grc,10,0.115,no
φίλῳ,grc,10,0.115,no
φόρμιγγα,grc,10,0.115,no
φρένες,grc,10,0.115,no
χεῖράς,grc,10,0.115,no
χρυσὸν,grc,10,0.115,no
ὦρτο,grc,10,0.115,no
ἄγʼ,grc,9,0.103,no
ἀγγελίην,grc,9,0.103,no
ἀγλαὸν,grc,9,0.103,no
ἀγχοῦ,grc,9,0.103,no
ἀθήνῃ,grc,9,0.103,no
ἀθήνην,grc,9,0.103,no
αἵματι,grc,9,0.103,no
αἴσιμα,grc,9,0.103,no
ἄλγεσι,grc,9,0.103,no
ἀλλήλοισιν,grc,9,0.103,no
ἄλλην,grc,9,0.103,no
ἄλλου,grc,9,0.103,no
ἀμύμων,grc,9,0.103,no
ἄνδρʼ,grc,9,0.103,no
ἄνεμός,grc,9,0.103,no
ἄντην,grc,9,0.103,no
ἀντίνοʼ,grc,9,0.103,no
ἀολλέες,grc,9,0.103,no
ἁπάντων,grc,9,0.103,no
ἄργος,grc,9,0.103,no
ἀρήτη,grc,9,0.103,no
ἄριστον,grc,9,0.103,no
ἀτρεΐδαο,grc,9,0.103,no
βουλή,grc,9,0.103,no
βροτοῖσιν,grc,9,0.103,no
γλυκὺς,grc,9,0.103,no
γυναιξὶ,grc,9,0.103,no
δάκρυον,grc,9,0.103,no
δόμεναι,grc,9,0.103,no
δόμοισιν,grc,9,0.103,no
δόμονδε,grc,9,0.103,no
δύσετό,grc,9,0.103,no
ἐδέξατο,grc,9,0.103,no
εἴδατα,grc,9,0.103,no
εἰδομένη,grc,9,0.103,no
εἶδός,grc,9,0.103,no
εἰμι,grc,9,0.103,no
ἕκαστον,grc,9,0.103,no
ἑκάτερθε,grc,9,0.103,no
ἐκέλευον,grc,9,0.103,no
ἐλεύσεσθαι,grc,9,0.103,no
ἔλθῃ,grc,9,0.103,no
ἔμβαλε,grc,9,0.103,no
ἐμέθεν,grc,9,0.103,no
ἔμεναι,grc,9,0.103,no
ἐμή,grc,9,0.103,no
ἐνίσπες,grc,9,0.103,no
ἐνόησα,grc,9,0.103,no
ἓξ,grc,9,0.103,no
ἐπίθοντο,grc,9,0.103,no
ἐρετμοῖς,grc,9,0.103,no
ἕρκος,grc,9,0.103,no
ἔρχευ,grc,9,0.103,no
ἔς,grc,9,0.103,no
ἔστω,grc,9,0.103,no
ἕταροι,grc,9,0.103,no
ἔτλη,grc,9,0.103,no
εὐνῇ,grc,9,0.103,no
εὗρε,grc,9,0.103,no
εὐρύλοχος,grc,9,0.103,no
εὐρυνόμη,grc,9,0.103,no
εὔχεται,grc,9,0.103,no
εὔχομαι,grc,9,0.103,no
ἤγαγε,grc,9,0.103,no
ἡγήσατο,grc,9,0.103,no
ᾔδη,grc,9,0.103,no
ἡδύ,grc,9,0.103,no
ἦλθες,grc,9,0.103,no
ἤματι,grc,9,0.103,no
ἡμιόνους,grc,9,0.103,no
ἠοῖ,grc,9,0.103,no
ἡρώων,grc,9,0.103,no
θεῖος,grc,9,0.103,no
θέμις,grc,9,0.103,no
θεῷ,grc,9,0.103,no
θύελλα,grc,9,0.103,no
ἱέμενοι,grc,9,0.103,no
καταδύντα,grc,9,0.103,no
κατέδυ,grc,9,0.103,no
κέλευθα,grc,9,0.103,no
κούρην,grc,9,0.103,no
κυανοπρῴροιο,grc,9,0.103,no
λάβε,grc,9,0.103,no
λακεδαίμονα,grc,9,0.103,no
μακρὸν,grc,9,0.103,no
μέδοντες,grc,9,0.103,no
μέδων,grc,9,0.103,no
μέλαν,grc,9,0.103,no
μετέειπεν,grc,9,0.103,no
μετέφη,grc,9,0.103,no
μηκέτι,grc,9,0.103,no
μηροῦ,grc,9,0.103,no
μόρον,grc,9,0.103,no
μυθήσασθαι,grc,9,0.103,no
νήεσσι,grc,9,0.103,no
νηί,grc,9,0.103,no
νόσφιν,grc,9,0.103,no
νυ,grc,9,0.103,no
νὺξ,grc,9,0.103,no
ὁδὸς,grc,9,0.103,no
ὀδυσῆʼ,grc,9,0.103,no
ὅθεν,grc,9,0.103,no
οἷʼ,grc,9,0.103,no
οἰκία,grc,9,0.103,no
ὀίω,grc,9,0.103,no
ὅππως,grc,9,0.103,no
ὀστέα,grc,9,0.103,no
οὐδὲν,grc,9,0.103,no
οὔθʼ,grc,9,0.103,no
ὄχʼ,grc,9,0.103,no
ὀχθήσας,grc,9,0.103,no
ὀψὲ,grc,9,0.103,no
παῖδʼ,grc,9,0.103,no
παρὲξ,grc,9,0.103,no
πατέρα,grc,9,0.103,no
πεπνυμένα,grc,9,0.103,no
πήματα,grc,9,0.103,no
πλέομεν,grc,9,0.103,no
ποιμένι,grc,9,0.103,no
πολλὴν,grc,9,0.103,no
πομπῆς,grc,9,0.103,no
ποσσὶ,grc,9,0.103,no
πρὸ,grc,9,0.103,no
πύλου,grc,9,0.103,no
ῥόον,grc,9,0.103,no
σῆμα,grc,9,0.103,no
σκῆπτρον,grc,9,0.103,no
σφισιν,grc,9,0.103,no
ταὶ,grc,9,0.103,no
ταῦτʼ,grc,9,0.103,no
τέκος,grc,9,0.103,no
τεὸν,grc,9,0.103,no
τετληότι,grc,9,0.103,no
τραπέζας,grc,9,0.103,no
τροίης,grc,9,0.103,no
τύπτον,grc,9,0.103,no
ὑπερῷʼ,grc,9,0.103,no
ὕπνου,grc,9,0.103,no
ὑπόδρα,grc,9,0.103,no
ὑφʼ,grc,9,0.103,no
ὑψερεφὲς,grc,9,0.103,no
φέρεσθαι,grc,9,0.103,no
φίλε,grc,9,0.103,no
χειρί,grc,9,0.103,no
χειρὸς,grc,9,0.103,no
χρόα,grc,9,0.103,no
χώρῳ,grc,9,0.103,no
ὧν,grc,9,0.103,no
ὥρη,grc,9,0.103,no
ἄγοντες,grc,8,0.092,no
ἀγορεύειν,grc,8,0.092,no
αἴγισθος,grc,8,0.092,no
αἰθούσῃ,grc,8,0.092,no
ἀκέων,grc,8,0.092,no
ἀκοῦσαι,grc,8,0.092,no
ἀκούων,grc,8,0.092,no
ἁλὶ,grc,8,0.092,no
ἀλλήλων,grc,8,0.092,no
ἁλμυρὸν,grc,8,0.092,no
ἀμφίνομος,grc,8,0.092,no
ἀμφοτέροισι,grc,8,0.092,no
ἀμφοτέρωθεν,grc,8,0.092,no
ἄνακτα,grc,8,0.092,no
ἀνέρος,grc,8,0.092,no
ἀπάνευθε,grc,8,0.092,no
ἀπείρονα,grc,8,0.092,no
ἀποιχομένοιο,grc,8,0.092,no
ἀργεῖοι,grc,8,0.092,no
ἄρουραν,grc,8,0.092,no
ἄρτεμις,grc,8,0.092,no
βάλον,grc,8,0.092,no
βαλὼν,grc,8,0.092,no
βάντες,grc,8,0.092,no
βασιλῆα,grc,8,0.092,no
βασιλῆος,grc,8,0.092,no
βίη,grc,8,0.092,no
βλεφάροισι,grc,8,0.092,no
βόας,grc,8,0.092,no
βουλῇ,grc,8,0.092,no
βουλήν,grc,8,0.092,no
βροτὸς,grc,8,0.092,no
γέροντι,grc,8,0.092,no
γῆρας,grc,8,0.092,no
γούνατʼ,grc,8,0.092,no
γούνατα,grc,8,0.092,no
γυῖα,grc,8,0.092,no
γυναιξὶν,grc,8,0.092,no
δαναῶν,grc,8,0.092,no
δεινὴ,grc,8,0.092,no
δείσαντες,grc,8,0.092,no
δέμνια,grc,8,0.092,no
διαμπερὲς,grc,8,0.092,no
δῖον,grc,8,0.092,no
δμῳὰς,grc,8,0.092,no
δμῶες,grc,8,0.092,no
δμῳῇσιν,grc,8,0.092,no
δοίη,grc,8,0.092,no
δόρυ,grc,8,0.092,no
δὸς,grc,8,0.092,no
δόσαν,grc,8,0.092,no
δύναμαι,grc,8,0.092,no
δῶρον,grc,8,0.092,no
δώσει,grc,8,0.092,no
ἔασι,grc,8,0.092,no
ἐείσατο,grc,8,0.092,no
ἑὴν,grc,8,0.092,no
ἔθηκε,grc,8,0.092,no
ἐικυῖα,grc,8,0.092,no
εἴσβαινον,grc,8,0.092,no
ἔκειτο,grc,8,0.092,no
ἐκέλευσα,grc,8,0.092,no
ἐλάαν,grc,8,0.092,no
ἔλυσαν,grc,8,0.092,no
ἔμελλε,grc,8,0.092,no
ἔμελλεν,grc,8,0.092,no
ἔμελλον,grc,8,0.092,no
ἐμοῖο,grc,8,0.092,no
ἐμός,grc,8,0.092,no
ἔνεικε,grc,8,0.092,no
ἐνένιπεν,grc,8,0.092,no
ἐπελθὼν,grc,8,0.092,no
ἐπικεύσω,grc,8,0.092,no
ἔργʼ,grc,8,0.092,no
ἐρίηρας,grc,8,0.092,no
ἑρμείας,grc,8,0.092,no
ἐρυσσάμενος,grc,8,0.092,no
ἔρχεο,grc,8,0.092,no
ἐσθλοὶ,grc,8,0.092,no
ἔσταν,grc,8,0.092,no
ἕστασαν,grc,8,0.092,no
ἐτήτυμον,grc,8,0.092,no
εὐρείῃ,grc,8,0.092,no
εὗρον,grc,8,0.092,no
εὐρύμαχʼ,grc,8,0.092,no
ἐϋσταθέος,grc,8,0.092,no
ἔφαν,grc,8,0.092,no
ἔχουσα,grc,8,0.092,no
ἔχουσι,grc,8,0.092,no
ἤγαγον,grc,8,0.092,no
ἠγερέθοντο,grc,8,0.092,no
ἠελίῳ,grc,8,0.092,no
ἤια,grc,8,0.092,no
ἤλυθον,grc,8,0.092,no
ἠπείροιο,grc,8,0.092,no
ἠπείρου,grc,8,0.092,no
ἧστο,grc,8,0.092,no
ἠὼς,grc,8,0.092,no
θάλασσα,grc,8,0.092,no
θάρσει,grc,8,0.092,no
θεοῖο,grc,8,0.092,no
θεσπρωτῶν,grc,8,0.092,no
ἰδὲ,grc,8,0.092,no
ἰθακήσιοι,grc,8,0.092,no
ἱκόμεθʼ,grc,8,0.092,no
ἰότητι,grc,8,0.092,no
κακὴ,grc,8,0.092,no
κακὸς,grc,8,0.092,no
κεφαλὰς,grc,8,0.092,no
κῆρας,grc,8,0.092,no
κήρυκα,grc,8,0.092,no
κλαῖε,grc,8,0.092,no
κληῖσι,grc,8,0.092,no
κλισμούς,grc,8,0.092,no
κνέφας,grc,8,0.092,no
κοίλης,grc,8,0.092,no
κῦδος,grc,8,0.092,no
λαῖτμα,grc,8,0.092,no
λαὸν,grc,8,0.092,no
λευκὰ,grc,8,0.092,no
λίπʼ,grc,8,0.092,no
λύτο,grc,8,0.092,no
μαῖα,grc,8,0.092,no
μάχεσθαι,grc,8,0.092,no
μειλιχίοις,grc,8,0.092,no
μελάνθιος,grc,8,0.092,no
μενελάου,grc,8,0.092,no
μένοντες,grc,8,0.092,no
μερμήριξε,grc,8,0.092,no
μεταλλᾷς,grc,8,0.092,no
μῆτερ,grc,8,0.092,no
μνηστήρεσσιν,grc,8,0.092,no
μυχῷ,grc,8,0.092,no
ναίει,grc,8,0.092,no
ναυσικάα,grc,8,0.092,no
νεφεληγερέτα,grc,8,0.092,no
νηλέι,grc,8,0.092,no
νημερτὲς,grc,8,0.092,no
νηός,grc,8,0.092,no
νήσου,grc,8,0.092,no
νόστου,grc,8,0.092,no
νόσφι,grc,8,0.092,no
νόῳ,grc,8,0.092,no
νύμφη,grc,8,0.092,no
νῶι,grc,8,0.092,no
οἶδεν,grc,8,0.092,no
οἶκος,grc,8,0.092,no
οἴνοιο,grc,8,0.092,no
οἷόν,grc,8,0.092,no
οἴῳ,grc,8,0.092,no
οἰῶν,grc,8,0.092,no
ὀλέσθαι,grc,8,0.092,no
ὅμιλον,grc,8,0.092,no
ὁπότʼ,grc,8,0.092,no
ὁππότʼ,grc,8,0.092,no
ὀρώρει,grc,8,0.092,no
ὅσʼ,grc,8,0.092,no
οὐδόν,grc,8,0.092,no
οὐρανόθεν,grc,8,0.092,no
ὀφρύσι,grc,8,0.092,no
παῖς,grc,8,0.092,no
παρισταμένη,grc,8,0.092,no
πάσας,grc,8,0.092,no
πεισίστρατος,grc,8,0.092,no
πεντήκοντα,grc,8,0.092,no
πέτρης,grc,8,0.092,no
πῃ,grc,8,0.092,no
πηνελόπειαν,grc,8,0.092,no
πόλεμον,grc,8,0.092,no
πόληος,grc,8,0.092,no
πολιὴν,grc,8,0.092,no
πολλοὺς,grc,8,0.092,no
πολὺς,grc,8,0.092,no
πτολίεθρον,grc,8,0.092,no
πτόλιν,grc,8,0.092,no
πυκινὸν,grc,8,0.092,no
σιγῇ,grc,8,0.092,no
σφεας,grc,8,0.092,no
σχεδίης,grc,8,0.092,no
τέτυκτο,grc,8,0.092,no
τηλόθεν,grc,8,0.092,no
τίνες,grc,8,0.092,no
τοιοῦτον,grc,8,0.092,no
τοκῆες,grc,8,0.092,no
τόξου,grc,8,0.092,no
τόσα,grc,8,0.092,no
τῷδʼ,grc,8,0.092,no
ὕπνῳ,grc,8,0.092,no
ὑψόσʼ,grc,8,0.092,no
φάθʼ,grc,8,0.092,no
φάρμακον,grc,8,0.092,no
φέρει,grc,8,0.092,no
φέροντες,grc,8,0.092,no
φρονέοντι,grc,8,0.092,no
φωτὶ,grc,8,0.092,no
χαλεπὸν,grc,8,0.092,no
χεῖρα,grc,8,0.092,no
χέρσου,grc,8,0.092,no
χεῦεν,grc,8,0.092,no
χιτῶνας,grc,8,0.092,no
χλωρὸν,grc,8,0.092,no
χρυσείῃ,grc,8,0.092,no
χρύσεον,grc,8,0.092,no
χρυσόθρονος,grc,8,0.092,no
ψυχὰς,grc,8,0.092,no
ὠκεανοῖο,grc,8,0.092,no
ὤμους,grc,8,0.092,no
ἆ,grc,7,0.08,no
ἃ,grc,7,0.08,no
ἀγαμέμνονος,grc,7,0.08,no
ἄγετʼ,grc,7,0.08,no
ἀγήνορας,grc,7,0.08,no
ἀγήνορες,grc,7,0.08,no
ἀγόρευσον,grc,7,0.08,no
ἀγροὺς,grc,7,0.08,no
ἀγυιαί,grc,7,0.08,no
ἄειδε,grc,7,0.08,no
ἀέκοντα,grc,7,0.08,no
ἀθρόοι,grc,7,0.08,no
αἰπόλος,grc,7,0.08,no
ἄκουσε,grc,7,0.08,no
ἄκουσον,grc,7,0.08,no
ἀληθείην,grc,7,0.08,no
ἄλλας,grc,7,0.08,no
ἄλλυδις,grc,7,0.08,no
ἀμφοτέρω,grc,7,0.08,no
ἀναβάντες,grc,7,0.08,no
ἀνείρεαι,grc,7,0.08,no
ἄνθρωποι,grc,7,0.08,no
ἀντιθέῳ,grc,7,0.08,no
ἀντίνοον,grc,7,0.08,no
ἄνωγεν,grc,7,0.08,no
ἄορ,grc,7,0.08,no
ἅπαντας,grc,7,0.08,no
ἀτάσθαλα,grc,7,0.08,no
ἀτρύγετον,grc,7,0.08,no
αὖθʼ,grc,7,0.08,no
ἀφικόμεθʼ,grc,7,0.08,no
βάλλεο,grc,7,0.08,no
βέλος,grc,7,0.08,no
βῆμεν,grc,7,0.08,no
βίας,grc,7,0.08,no
βίῃ,grc,7,0.08,no
βίης,grc,7,0.08,no
βιότοιο,grc,7,0.08,no
βόες,grc,7,0.08,no
γήθησεν,grc,7,0.08,no
γόνον,grc,7,0.08,no
γούνασι,grc,7,0.08,no
δαΐδας,grc,7,0.08,no
δαινύμενοι,grc,7,0.08,no
δαίνυντʼ,grc,7,0.08,no
δαιτὸς,grc,7,0.08,no
δεινόν,grc,7,0.08,no
δένδρεα,grc,7,0.08,no
διαμπερές,grc,7,0.08,no
δίκαιοι,grc,7,0.08,no
δίκη,grc,7,0.08,no
δοάσσατο,grc,7,0.08,no
δῶκα,grc,7,0.08,no
δῶκεν,grc,7,0.08,no
ἐάσομεν,grc,7,0.08,no
ἐδήσατο,grc,7,0.08,no
ἐθέλῃσθα,grc,7,0.08,no
εἰδῶ,grc,7,0.08,no
εἰμί,grc,7,0.08,no
εἰμὶ,grc,7,0.08,no
εἶπε,grc,7,0.08,no
εἰσὶ,grc,7,0.08,no
ἑκὼν,grc,7,0.08,no
ἐλθόντα,grc,7,0.08,no
ἑλόντες,grc,7,0.08,no
ἑλοῦσα,grc,7,0.08,no
ἔμπεδα,grc,7,0.08,no
ἕνα,grc,7,0.08,no
ἐναλίγκιον,grc,7,0.08,no
ἔνδοθι,grc,7,0.08,no
ἐννέα,grc,7,0.08,no
ἔντοσθε,grc,7,0.08,no
ἑξῆς,grc,7,0.08,no
ἔξοχα,grc,7,0.08,no
ἕο,grc,7,0.08,no
ἐοικώς,grc,7,0.08,no
ἐόντας,grc,7,0.08,no
ἐπέσπον,grc,7,0.08,no
ἐποιχομένη,grc,7,0.08,no
ἔρχεσθαι,grc,7,0.08,no
ἔσεσθαι,grc,7,0.08,no
ἔσκεν,grc,7,0.08,no
ἕστο,grc,7,0.08,no
ἐσχάρῃ,grc,7,0.08,no
ἐτύχθη,grc,7,0.08,no
εὕδειν,grc,7,0.08,no
ἐΰξοον,grc,7,0.08,no
εὐρύοπα,grc,7,0.08,no
εὖτʼ,grc,7,0.08,no
ἔφασκε,grc,7,0.08,no
ἐφώνησεν,grc,7,0.08,no
ἔχευεν,grc,7,0.08,no
ἐῴκει,grc,7,0.08,no
ζόφον,grc,7,0.08,no
ἦγον,grc,7,0.08,no
ἡμετέροισι,grc,7,0.08,no
ἥνδανε,grc,7,0.08,no
ἤπιος,grc,7,0.08,no
ᾕρει,grc,7,0.08,no
ἤρχετο,grc,7,0.08,no
ᾗσι,grc,7,0.08,no
θάνατόν,grc,7,0.08,no
θαῦμα,grc,7,0.08,no
θεῖον,grc,7,0.08,no
θεοκλύμενος,grc,7,0.08,no
θέτο,grc,7,0.08,no
θυμοῦ,grc,7,0.08,no
θύρην,grc,7,0.08,no
θύρῃσι,grc,7,0.08,no
ἴεν,grc,7,0.08,no
ἱερὰ,grc,7,0.08,no
ἱερὴ,grc,7,0.08,no
ἷζε,grc,7,0.08,no
ἵκανε,grc,7,0.08,no
ἱκάνεις,grc,7,0.08,no
ἵκει,grc,7,0.08,no
ἵκοιτο,grc,7,0.08,no
ἵππων,grc,7,0.08,no
ἴφια,grc,7,0.08,no
καθαπτόμενος,grc,7,0.08,no
κακότητα,grc,7,0.08,no
κάλλιον,grc,7,0.08,no
κατέθηκε,grc,7,0.08,no
κατεκλάσθη,grc,7,0.08,no
κατέρυκε,grc,7,0.08,no
κατήλυθον,grc,7,0.08,no
κεῖθεν,grc,7,0.08,no
κείνῳ,grc,7,0.08,no
κεραυνῷ,grc,7,0.08,no
κεφαλὴν,grc,7,0.08,no
κηρόθι,grc,7,0.08,no
κίε,grc,7,0.08,no
κλαῖον,grc,7,0.08,no
κρατὸς,grc,7,0.08,no
κράτος,grc,7,0.08,no
κτεάτεσσιν,grc,7,0.08,no
κύματα,grc,7,0.08,no
κύων,grc,7,0.08,no
λίγειαν,grc,7,0.08,no
λίπε,grc,7,0.08,no
μαψιδίως,grc,7,0.08,no
μεγάλου,grc,7,0.08,no
μέγαρα,grc,7,0.08,no
μεῖναι,grc,7,0.08,no
μέντορι,grc,7,0.08,no
μήδεα,grc,7,0.08,no
μηρίʼ,grc,7,0.08,no
μητέρι,grc,7,0.08,no
μηχανόωνται,grc,7,0.08,no
μοί,grc,7,0.08,no
μοίρας,grc,7,0.08,no
ναιετάοντας,grc,7,0.08,no
νεῖκος,grc,7,0.08,no
νοστήσας,grc,7,0.08,no
νύμφαι,grc,7,0.08,no
νῶϊ,grc,7,0.08,no
ξείνια,grc,7,0.08,no
ξεῖνοι,grc,7,0.08,no
ξύλα,grc,7,0.08,no
ὀδόντων,grc,7,0.08,no
ὀδυσῆι,grc,7,0.08,no
οἶδε,grc,7,0.08,no
οἵη,grc,7,0.08,no
οἴνου,grc,7,0.08,no
ὀλίγον,grc,7,0.08,no
ὀλοφυρομένη,grc,7,0.08,no
ὅνδε,grc,7,0.08,no
ὅπῃ,grc,7,0.08,no
ὅπλα,grc,7,0.08,no
ὀρέων,grc,7,0.08,no
ὄρχαμε,grc,7,0.08,no
οὔατα,grc,7,0.08,no
οὔλας,grc,7,0.08,no
παίδων,grc,7,0.08,no
πάλαι,grc,7,0.08,no
παρεόντων,grc,7,0.08,no
πάροιθεν,grc,7,0.08,no
πάσχοντες,grc,7,0.08,no
πατρί,grc,7,0.08,no
πένεσθαι,grc,7,0.08,no
πίονας,grc,7,0.08,no
ποδῶν,grc,7,0.08,no
ποιητοῖο,grc,7,0.08,no
πόλινδε,grc,7,0.08,no
πολλῶν,grc,7,0.08,no
πολύβου,grc,7,0.08,no
ποτῆτος,grc,7,0.08,no
προέηκε,grc,7,0.08,no
πρόπαν,grc,7,0.08,no
πύκα,grc,7,0.08,no
ῥάβδῳ,grc,7,0.08,no
σάκος,grc,7,0.08,no
σῇσι,grc,7,0.08,no
σῇσιν,grc,7,0.08,no
σιδήρου,grc,7,0.08,no
σκιόωντό,grc,7,0.08,no
σπέσσι,grc,7,0.08,no
σύες,grc,7,0.08,no
σύνθεο,grc,7,0.08,no
συῶν,grc,7,0.08,no
σφισι,grc,7,0.08,no
τέγεος,grc,7,0.08,no
τελέεσθαι,grc,7,0.08,no
τέλος,grc,7,0.08,no
τηλοῦ,grc,7,0.08,no
τιμῆς,grc,7,0.08,no
τινες,grc,7,0.08,no
τόσον,grc,7,0.08,no
τόσσα,grc,7,0.08,no
τοῦτό,grc,7,0.08,no
τρίτον,grc,7,0.08,no
ὕδατι,grc,7,0.08,no
ὕλην,grc,7,0.08,no
ὑπέρβιον,grc,7,0.08,no
ὕπερθεν,grc,7,0.08,no
ὑπερφιάλοισι,grc,7,0.08,no
ὑφορβός,grc,7,0.08,no
ὑφορβὸς,grc,7,0.08,no
φερόμην,grc,7,0.08,no
φῆ,grc,7,0.08,no
φράζεσθαι,grc,7,0.08,no
φύγεν,grc,7,0.08,no
φῶτα,grc,7,0.08,no
χάριν,grc,7,0.08,no
χεῖρε,grc,7,0.08,no
χέρνιβα,grc,7,0.08,no
χρήματʼ,grc,7,0.08,no
ὧραι,grc,7,0.08,no
ᾤχετο,grc,7,0.08,no
ἀγαμέμνονι,grc,6,0.069,no
ἀγαυοί,grc,6,0.069,no
ἄγγελος,grc,6,0.069,no
ἄγεθʼ,grc,6,0.069,no
ἀείδειν,grc,6,0.069,no
αἰγίσθοιο,grc,6,0.069,no
ἀΐδαο,grc,6,0.069,no
ἄϊδος,grc,6,0.069,no
αἰετὸς,grc,6,0.069,no
αἴθʼ,grc,6,0.069,no
αἰπὺ,grc,6,0.069,no
αἰτίζων,grc,6,0.069,no
ἀκουέμεν,grc,6,0.069,no
ἄκουσα,grc,6,0.069,no
ἄκουσεν,grc,6,0.069,no
ἀκούσῃ,grc,6,0.069,no
ἀκούσῃς,grc,6,0.069,no
ἀκούσω,grc,6,0.069,no
ἄκρον,grc,6,0.069,no
ἄλγος,grc,6,0.069,no
ἄλεισον,grc,6,0.069,no
ἀληθέα,grc,6,0.069,no
ἄλκιμον,grc,6,0.069,no
ἀλκίνοε,grc,6,0.069,no
ἀλλήλοισι,grc,6,0.069,no
ἀλόχου,grc,6,0.069,no
ἀμφικύπελλον,grc,6,0.069,no
ἀμφοτέρῃσι,grc,6,0.069,no
ἀναβᾶσα,grc,6,0.069,no
ἀναιδέσι,grc,6,0.069,no
ἀνέρας,grc,6,0.069,no
ἀνστάντες,grc,6,0.069,no
ἄνωχθι,grc,6,0.069,no
ἀοιδὴν,grc,6,0.069,no
ἀοιδὸν,grc,6,0.069,no
ἄπολλον,grc,6,0.069,no
ἀργείοισιν,grc,6,0.069,no
ἄργεος,grc,6,0.069,no
ἀργυρέοιο,grc,6,0.069,no
ἀρετὴν,grc,6,0.069,no
ἀρετῆς,grc,6,0.069,no
ἀριδείκετε,grc,6,0.069,no
ἄριστα,grc,6,0.069,no
ἄρουρα,grc,6,0.069,no
ἀσπασίως,grc,6,0.069,no
ἀτιμάζουσι,grc,6,0.069,no
ἀχαιοὺς,grc,6,0.069,no
ἀχεύων,grc,6,0.069,no
ἀχιλλεῦ,grc,6,0.069,no
ἀχνύμενοι,grc,6,0.069,no
βαλέειν,grc,6,0.069,no
βὰν,grc,6,0.069,no
βουλάς,grc,6,0.069,no
βουλοίμην,grc,6,0.069,no
βροτοῖσι,grc,6,0.069,no
γεγάασιν,grc,6,0.069,no
γίγνονται,grc,6,0.069,no
γιγνώσκω,grc,6,0.069,no
γλαφυροῖσι,grc,6,0.069,no
γούναθʼ,grc,6,0.069,no
γυναικί,grc,6,0.069,no
γυναικός,grc,6,0.069,no
γυναιξίν,grc,6,0.069,no
δαῖτʼ,grc,6,0.069,no
δαιτὶ,grc,6,0.069,no
δαΐφρονα,grc,6,0.069,no
δείσας,grc,6,0.069,no
δεπάεσσιν,grc,6,0.069,no
δέρμα,grc,6,0.069,no
δεσμὸν,grc,6,0.069,no
διάκτορος,grc,6,0.069,no
δίδου,grc,6,0.069,no
διζήμενος,grc,6,0.069,no
διογενὴς,grc,6,0.069,no
δίχα,grc,6,0.069,no
δοῖεν,grc,6,0.069,no
δοκέεις,grc,6,0.069,no
δόμοιο,grc,6,0.069,no
δοῦρε,grc,6,0.069,no
δυοκαίδεκα,grc,6,0.069,no
δυσμενέων,grc,6,0.069,no
δώῃ,grc,6,0.069,no
δώμασι,grc,6,0.069,no
ἔα,grc,6,0.069,no
ἔδμεναι,grc,6,0.069,no
ἔδοσαν,grc,6,0.069,no
ἐδύσετο,grc,6,0.069,no
ἐείκοσι,grc,6,0.069,no
ἐθέλῃσιν,grc,6,0.069,no
ἐθέλοντα,grc,6,0.069,no
ἐθέλων,grc,6,0.069,no
εἴα,grc,6,0.069,no
εἶδον,grc,6,0.069,no
εἴδωλον,grc,6,0.069,no
εἶεν,grc,6,0.069,no
εἰλήλουθας,grc,6,0.069,no
εἰμεν,grc,6,0.069,no
εἴπεσκεν,grc,6,0.069,no
εἴπῃ,grc,6,0.069,no
εἴπῃσι,grc,6,0.069,no
εἴποι,grc,6,0.069,no
εἶς,grc,6,0.069,no
εἷσε,grc,6,0.069,no
εἰσίν,grc,6,0.069,no
ἑκάστῃ,grc,6,0.069,no
ἑκάστου,grc,6,0.069,no
ἐκέλευεν,grc,6,0.069,no
ἕκηλος,grc,6,0.069,no
ἔκλυεν,grc,6,0.069,no
ἐλαίης,grc,6,0.069,no
ἔλασεν,grc,6,0.069,no
ἕλικας,grc,6,0.069,no
ἐμέ,grc,6,0.069,no
ἔμεν,grc,6,0.069,no
ἐμῇ,grc,6,0.069,no
ἐμήσατο,grc,6,0.069,no
ἐμοῖσι,grc,6,0.069,no
ἐμοῖσιν,grc,6,0.069,no
ἐμοῦ,grc,6,0.069,no
ἐνιαυτὸν,grc,6,0.069,no
ἐξαπίνης,grc,6,0.069,no
ἐξαῦτις,grc,6,0.069,no
ἔοικεν,grc,6,0.069,no
ἐπέθηκε,grc,6,0.069,no
ἕπεσθαι,grc,6,0.069,no
ἐπέχευε,grc,6,0.069,no
ἐπήλυθε,grc,6,0.069,no
ἐπήρετμοι,grc,6,0.069,no
ἐπιβουκόλος,grc,6,0.069,no
ἐπιήνδανε,grc,6,0.069,no
ἐπιθεῖσα,grc,6,0.069,no
ἕπονται,grc,6,0.069,no
ἐποτρύνας,grc,6,0.069,no
ἑπτὰ,grc,6,0.069,no
ἐρέσθαι,grc,6,0.069,no
ἐρετμὰ,grc,6,0.069,no
ἐρετμόν,grc,6,0.069,no
ἐρίηρες,grc,6,0.069,no
ἐρυθρόν,grc,6,0.069,no
ἐσθλά,grc,6,0.069,no
ἐσθλὸς,grc,6,0.069,no
ἔτεϊ,grc,6,0.069,no
ἐτεόν,grc,6,0.069,no
ἐτίθει,grc,6,0.069,no
ἐυεργέα,grc,6,0.069,no
εὔμαιʼ,grc,6,0.069,no
εὐρέι,grc,6,0.069,no
εὐρύαλος,grc,6,0.069,no
εὐρύκλειαν,grc,6,0.069,no
εὐχόμενος,grc,6,0.069,no
ἐφίλει,grc,6,0.069,no
ἐφόρει,grc,6,0.069,no
ἔχειν,grc,6,0.069,no
ἐχέφρων,grc,6,0.069,no
ζείδωρον,grc,6,0.069,no
ζηνὸς,grc,6,0.069,no
ἥβης,grc,6,0.069,no
ἡδὺν,grc,6,0.069,no
ἤλθομεν,grc,6,0.069,no
ἤλυθʼ,grc,6,0.069,no
ἥμενοι,grc,6,0.069,no
ἡμέων,grc,6,0.069,no
ἧμιν,grc,6,0.069,no
ἧσται,grc,6,0.069,no
ἥφαιστος,grc,6,0.069,no
θανάτῳ,grc,6,0.069,no
θαρσαλέως,grc,6,0.069,no
θέσαν,grc,6,0.069,no
θηβαίου,grc,6,0.069,no
θρόνον,grc,6,0.069,no
ἰδυῖα,grc,6,0.069,no
ἵκηαι,grc,6,0.069,no
ἱκόμεσθα,grc,6,0.069,no
ἱκόμην,grc,6,0.069,no
ἶσα,grc,6,0.069,no
ἴστω,grc,6,0.069,no
ἴσχεο,grc,6,0.069,no
κακότητος,grc,6,0.069,no
κακῷ,grc,6,0.069,no
κάλʼ,grc,6,0.069,no
καλόν,grc,6,0.069,no
καμάτῳ,grc,6,0.069,no
κάρηνα,grc,6,0.069,no
καρτερὸς,grc,6,0.069,no
καταθνητῶν,grc,6,0.069,no
κατατεθνηώτων,grc,6,0.069,no
κατέπεφνεν,grc,6,0.069,no
κείμενον,grc,6,0.069,no
κεῖνός,grc,6,0.069,no
κεῖσε,grc,6,0.069,no
κελεύθου,grc,6,0.069,no
κήδεα,grc,6,0.069,no
κῆρι,grc,6,0.069,no
κήρυκες,grc,6,0.069,no
κλύον,grc,6,0.069,no
κοῖλον,grc,6,0.069,no
κόσμον,grc,6,0.069,no
κρατέρʼ,grc,6,0.069,no
κρεῖον,grc,6,0.069,no
κρήδεμνα,grc,6,0.069,no
κτεῖναι,grc,6,0.069,no
κύμασιν,grc,6,0.069,no
κῶας,grc,6,0.069,no
λαέρταο,grc,6,0.069,no
λαίλαπι,grc,6,0.069,no
λέβητος,grc,6,0.069,no
λέγων,grc,6,0.069,no
λείβων,grc,6,0.069,no
λευγαλέῳ,grc,6,0.069,no
λεύκʼ,grc,6,0.069,no
λευκῷ,grc,6,0.069,no
λευκώλενος,grc,6,0.069,no
λόχον,grc,6,0.069,no
λυγρὰ,grc,6,0.069,no
μακάρεσσι,grc,6,0.069,no
μάντις,grc,6,0.069,no
μεγαθύμου,grc,6,0.069,no
μεγάλʼ,grc,6,0.069,no
μεγάλην,grc,6,0.069,no
μειλιχίοισι,grc,6,0.069,no
μελέων,grc,6,0.069,no
μενεαίνων,grc,6,0.069,no
μένειν,grc,6,0.069,no
μενέλαον,grc,6,0.069,no
μενοεικέα,grc,6,0.069,no
μενοινᾷς,grc,6,0.069,no
μέσσῳ,grc,6,0.069,no
μέσῳ,grc,6,0.069,no
μήδετο,grc,6,0.069,no
μήτʼ,grc,6,0.069,no
μητέρʼ,grc,6,0.069,no
μητρὶ,grc,6,0.069,no
μνῶνται,grc,6,0.069,no
μοῦνος,grc,6,0.069,no
ναίων,grc,6,0.069,no
ναῦται,grc,6,0.069,no
νεστορίδης,grc,6,0.069,no
νήποινον,grc,6,0.069,no
νίψασθαι,grc,6,0.069,no
νοστήσαντα,grc,6,0.069,no
νόστοιο,grc,6,0.069,no
νότος,grc,6,0.069,no
ξεστὴν,grc,6,0.069,no
ὀβελοῖσιν,grc,6,0.069,no
ὀδόντι,grc,6,0.069,no
οἴνοπα,grc,6,0.069,no
οἴνοπι,grc,6,0.069,no
οἷός,grc,6,0.069,no
οἶσθα,grc,6,0.069,no
οἷσι,grc,6,0.069,no
οἴχεται,grc,6,0.069,no
ὄληται,grc,6,0.069,no
ὄμβρος,grc,6,0.069,no
ὀξέι,grc,6,0.069,no
ὄρνις,grc,6,0.069,no
οὖδας,grc,6,0.069,no
οὕνεκʼ,grc,6,0.069,no
οὖρος,grc,6,0.069,no
ὄφελον,grc,6,0.069,no
πᾶν,grc,6,0.069,no
παντοίην,grc,6,0.069,no
παρήμενος,grc,6,0.069,no
πατήρ,grc,6,0.069,no
πάτρης,grc,6,0.069,no
πεδίον,grc,6,0.069,no
πεζὸν,grc,6,0.069,no
πείρατʼ,grc,6,0.069,no
πέλει,grc,6,0.069,no
περίφρονι,grc,6,0.069,no
περσεφόνεια,grc,6,0.069,no
πῇ,grc,6,0.069,no
πῖνε,grc,6,0.069,no
πλεῖστα,grc,6,0.069,no
πλεόνεσσι,grc,6,0.069,no
πόδες,grc,6,0.069,no
πόδεσσι,grc,6,0.069,no
πόδεσσιν,grc,6,0.069,no
πόθι,grc,6,0.069,no
ποίησε,grc,6,0.069,no
ποῖόν,grc,6,0.069,no
πόλει,grc,6,0.069,no
πολέων,grc,6,0.069,no
πολιῆς,grc,6,0.069,no
πολλαὶ,grc,6,0.069,no
πόρεν,grc,6,0.069,no
ποτιδέγμενοι,grc,6,0.069,no
πριάμοιο,grc,6,0.069,no
προδόμῳ,grc,6,0.069,no
προέηκεν,grc,6,0.069,no
προθύροιο,grc,6,0.069,no
προθύροισι,grc,6,0.069,no
προχόῳ,grc,6,0.069,no
πρυμνήσια,grc,6,0.069,no
πρώτιστα,grc,6,0.069,no
πτωχῷ,grc,6,0.069,no
σῆς,grc,6,0.069,no
σιάλους,grc,6,0.069,no
σίδηρος,grc,6,0.069,no
σοῖσιν,grc,6,0.069,no
σπείους,grc,6,0.069,no
σπεῖσάν,grc,6,0.069,no
στὰς,grc,6,0.069,no
στῆθος,grc,6,0.069,no
σύας,grc,6,0.069,no
σχεδόν,grc,6,0.069,no
σχέτλιε,grc,6,0.069,no
σχομένη,grc,6,0.069,no
τανηλεγέος,grc,6,0.069,no
τέθνηκε,grc,6,0.069,no
τέρας,grc,6,0.069,no
τετυγμένα,grc,6,0.069,no
τῆλε,grc,6,0.069,no
τήνδε,grc,6,0.069,no
τοῖο,grc,6,0.069,no
τοκήων,grc,6,0.069,no
τόνδʼ,grc,6,0.069,no
τοῦδʼ,grc,6,0.069,no
τούτων,grc,6,0.069,no
τροίηθεν,grc,6,0.069,no
τρώεσσι,grc,6,0.069,no
τύμβον,grc,6,0.069,no
ὑγρὸν,grc,6,0.069,no
υἱέες,grc,6,0.069,no
ὑπερφιάλως,grc,6,0.069,no
ὑπερώϊα,grc,6,0.069,no
ὑψηλὴν,grc,6,0.069,no
φαίδιμʼ,grc,6,0.069,no
φάσγανον,grc,6,0.069,no
φάσθαι,grc,6,0.069,no
φασι,grc,6,0.069,no
φασὶ,grc,6,0.069,no
φέρεν,grc,6,0.069,no
φεύγων,grc,6,0.069,no
φίλοιο,grc,6,0.069,no
φίλοισι,grc,6,0.069,no
φίλου,grc,6,0.069,no
φρεσίν,grc,6,0.069,no
χαριζομένη,grc,6,0.069,no
χάρυβδιν,grc,6,0.069,no
χεῖρʼ,grc,6,0.069,no
χείρεσσιν,grc,6,0.069,no
χειρός,grc,6,0.069,no
χθονὸς,grc,6,0.069,no
χρυσέῃ,grc,6,0.069,no
χρύσεια,grc,6,0.069,no
χωρὶς,grc,6,0.069,no
ὤλετο,grc,6,0.069,no
ὤμοισιν,grc,6,0.069,no
ὦνον,grc,6,0.069,no
ὤρνυτʼ,grc,6,0.069,no
ἀγαθὴ,grc,5,0.057,no
ἀγαθὸν,grc,5,0.057,no
ἀγακλειτῆς,grc,5,0.057,no
ἀγανοῖς,grc,5,0.057,no
ἀγαυοὶ,grc,5,0.057,no
ἀγαυούς,grc,5,0.057,no
ἄγον,grc,5,0.057,no
ἀγόρευε,grc,5,0.057,no
ἄγριοι,grc,5,0.057,no
ἀέθλια,grc,5,0.057,no
ἀέθλους,grc,5,0.057,no
ἄελλαι,grc,5,0.057,no
ἀθάνατος,grc,5,0.057,no
αἰγύπτῳ,grc,5,0.057,no
αἰδέομαι,grc,5,0.057,no
ἄϊδόσδε,grc,5,0.057,no
αἴτιος,grc,5,0.057,no
ἀκαχήμενοι,grc,5,0.057,no
ἀκαχμένον,grc,5,0.057,no
ἀλεγεινῆς,grc,5,0.057,no
ἀλήτης,grc,5,0.057,no
ἅλιος,grc,5,0.057,no
ἄλκιμος,grc,5,0.057,no
ἄλοχος,grc,5,0.057,no
ἀμβαίνειν,grc,5,0.057,no
ἀμβροσίην,grc,5,0.057,no
ἄμεινον,grc,5,0.057,no
ἀμείνων,grc,5,0.057,no
ἄμμι,grc,5,0.057,no
ἄμυδις,grc,5,0.057,no
ἀμφιάλῳ,grc,5,0.057,no
ἀμφιελίσσης,grc,5,0.057,no
ἀμφοτέροισιν,grc,5,0.057,no
ἀναΐξας,grc,5,0.057,no
ἀνάρσιοι,grc,5,0.057,no
ἀνδρός,grc,5,0.057,no
ἀνέκαιε,grc,5,0.057,no
ἀνόρουσε,grc,5,0.057,no
ἀντιθέοις,grc,5,0.057,no
ἄντρου,grc,5,0.057,no
ἄνωγε,grc,5,0.057,no
ἄξιον,grc,5,0.057,no
ἀοιδόν,grc,5,0.057,no
ἀοιδός,grc,5,0.057,no
ἀπάνευθεν,grc,5,0.057,no
ἀπήνης,grc,5,0.057,no
ἀπόλλωνος,grc,5,0.057,no
ἀπονέεσθαι,grc,5,0.057,no
ἀπόπροθι,grc,5,0.057,no
ἀποτίσεται,grc,5,0.057,no
ἀραρυῖαν,grc,5,0.057,no
ἀργύρεον,grc,5,0.057,no
ἀργυρόηλον,grc,5,0.057,no
ἀρετῇ,grc,5,0.057,no
ἄρης,grc,5,0.057,no
ἀρνειὸν,grc,5,0.057,no
ἀρτέμιδι,grc,5,0.057,no
ἃς,grc,5,0.057,no
ἀσκὸν,grc,5,0.057,no
ἀσπαστὸν,grc,5,0.057,no
ἄσπετον,grc,5,0.057,no
ἄστεος,grc,5,0.057,no
ἀτασθαλίῃσιν,grc,5,0.057,no
ἀτάσθαλον,grc,5,0.057,no
ἄτερ,grc,5,0.057,no
ἀτρυγέτοιο,grc,5,0.057,no
ἄττα,grc,5,0.057,no
αὐδήεσσα,grc,5,0.057,no
αὐλήν,grc,5,0.057,no
αὐτάρ,grc,5,0.057,no
αὐτόθʼ,grc,5,0.057,no
ἀφροδίτη,grc,5,0.057,no
ἀχνύμενός,grc,5,0.057,no
βάζεις,grc,5,0.057,no
βαῖνε,grc,5,0.057,no
βάλλον,grc,5,0.057,no
βάλοι,grc,5,0.057,no
βασιλῆες,grc,5,0.057,no
βασιλῆϊ,grc,5,0.057,no
βελέεσσιν,grc,5,0.057,no
βῆν,grc,5,0.057,no
βλεφάροισιν,grc,5,0.057,no
βροτοὶ,grc,5,0.057,no
βρῶσίν,grc,5,0.057,no
βυσσοδομεύων,grc,5,0.057,no
γάμοιο,grc,5,0.057,no
γαστέρʼ,grc,5,0.057,no
γαστέρα,grc,5,0.057,no
γήμασθʼ,grc,5,0.057,no
γλαφυρῇ,grc,5,0.057,no
γλυκὺν,grc,5,0.057,no
γνοίης,grc,5,0.057,no
γόον,grc,5,0.057,no
γυναιξί,grc,5,0.057,no
δάπεδον,grc,5,0.057,no
δασσάμενοι,grc,5,0.057,no
δέδμητο,grc,5,0.057,no
δείξω,grc,5,0.057,no
δέκα,grc,5,0.057,no
δεκάτῃ,grc,5,0.057,no
δεσμῷ,grc,5,0.057,no
δεύτερον,grc,5,0.057,no
δῆμος,grc,5,0.057,no
δῖʼ,grc,5,0.057,no
δμῳῇσι,grc,5,0.057,no
δοκέει,grc,5,0.057,no
δολιχόσκιον,grc,5,0.057,no
δόμοις,grc,5,0.057,no
δόμοισι,grc,5,0.057,no
δόμος,grc,5,0.057,no
δουρὶ,grc,5,0.057,no
ἔβαινον,grc,5,0.057,no
ἔβαλε,grc,5,0.057,no
ἔγχεϊ,grc,5,0.057,no
ἐγών,grc,5,0.057,no
ἔδησαν,grc,5,0.057,no
ἔδυ,grc,5,0.057,no
ἐεικοστῷ,grc,5,0.057,no
ἔειπον,grc,5,0.057,no
ἑζόμενος,grc,5,0.057,no
ἕζοντο,grc,5,0.057,no
ἔθηκαν,grc,5,0.057,no
εἰδῇς,grc,5,0.057,no
εἰκοστῷ,grc,5,0.057,no
εἴκων,grc,5,0.057,no
εἵμαθʼ,grc,5,0.057,no
εἶμι,grc,5,0.057,no
εἵνεκʼ,grc,5,0.057,no
εἰπέμεν,grc,5,0.057,no
εἴποιμι,grc,5,0.057,no
ἐίσας,grc,5,0.057,no
εἴσατο,grc,5,0.057,no
εἷσεν,grc,5,0.057,no
εἰσορόωντα,grc,5,0.057,no
εἴων,grc,5,0.057,no
ἔκτα,grc,5,0.057,no
ἔκτανε,grc,5,0.057,no
ἐλέφαντος,grc,5,0.057,no
ἐλθόντʼ,grc,5,0.057,no
ἑλλάδα,grc,5,0.057,no
ἑλών,grc,5,0.057,no
ἐμὴ,grc,5,0.057,no
ἔμπεδος,grc,5,0.057,no
ἐναλίγκιος,grc,5,0.057,no
ἔνδοθεν,grc,5,0.057,no
ἐνιαυτόν,grc,5,0.057,no
ἐννῆμαρ,grc,5,0.057,no
ἐντὸς,grc,5,0.057,no
ἔξω,grc,5,0.057,no
ἐοικότα,grc,5,0.057,no
ἑοῖσιν,grc,5,0.057,no
ἔπεσσι,grc,5,0.057,no
ἔπεφνεν,grc,5,0.057,no
ἐπηετανὸν,grc,5,0.057,no
ἐπήλυθον,grc,5,0.057,no
ἐπῄνεον,grc,5,0.057,no
ἐπιβήμεναι,grc,5,0.057,no
ἐπισπεῖν,grc,5,0.057,no
ἐπισπόμενοι,grc,5,0.057,no
ἐπιχθονίων,grc,5,0.057,no
ἐποίχεσθαι,grc,5,0.057,no
ἑπόμην,grc,5,0.057,no
ἐργάζεσθαι,grc,5,0.057,no
ἔργων,grc,5,0.057,no
ἔρδειν,grc,5,0.057,no
ἐρέεινε,grc,5,0.057,no
ἐρετμά,grc,5,0.057,no
ἐρικυδέα,grc,5,0.057,no
ἔρυσθαι,grc,5,0.057,no
ἔρχεται,grc,5,0.057,no
ἐσάντα,grc,5,0.057,no
ἐσθῆτά,grc,5,0.057,no
ἑσπέριος,grc,5,0.057,no
ἐσσὶ,grc,5,0.057,no
ἔστη,grc,5,0.057,no
ἐσχατιῇ,grc,5,0.057,no
ἔσχετο,grc,5,0.057,no
ἑταῖρον,grc,5,0.057,no
ἑταῖρος,grc,5,0.057,no
ἑτέρῃ,grc,5,0.057,no
ἑτέρωθεν,grc,5,0.057,no
ἐτέτυκτο,grc,5,0.057,no
ἐτίσατο,grc,5,0.057,no
εὖθʼ,grc,5,0.057,no
ἐυκτίμενον,grc,5,0.057,no
εὔμαιον,grc,5,0.057,no
εὔμαιος,grc,5,0.057,no
εὐνὴν,grc,5,0.057,no
εὗρεν,grc,5,0.057,no
εὔχετο,grc,5,0.057,no
εὐχετόωντο,grc,5,0.057,no
ἔχεν,grc,5,0.057,no
ἔχευαν,grc,5,0.057,no
ἔχῃσιν,grc,5,0.057,no
ἔχουσʼ,grc,5,0.057,no
ἔχουσαι,grc,5,0.057,no
ἔχω,grc,5,0.057,no
ἑῷ,grc,5,0.057,no
ζώειν,grc,5,0.057,no
ἥατʼ,grc,5,0.057,no
ἡγεμόνευεν,grc,5,0.057,no
ἡδέος,grc,5,0.057,no
ἠελίου,grc,5,0.057,no
ἠεροειδέα,grc,5,0.057,no
ἤθελον,grc,5,0.057,no
ἤϊεν,grc,5,0.057,no
ἧκεν,grc,5,0.057,no
ἠλάκατα,grc,5,0.057,no
ἠμείβετο,grc,5,0.057,no
ἡμετέρης,grc,5,0.057,no
ἡμετέρῳ,grc,5,0.057,no
ἠρᾶτο,grc,5,0.057,no
ἦρχʼ,grc,5,0.057,no
ἦσθα,grc,5,0.057,no
ἧσθαι,grc,5,0.057,no
θαλάμου,grc,5,0.057,no
θανέειν,grc,5,0.057,no
θάρσος,grc,5,0.057,no
θαύμαζον,grc,5,0.057,no
θείη,grc,5,0.057,no
θεράποντες,grc,5,0.057,no
θεσπεσίῃ,grc,5,0.057,no
θινὶ,grc,5,0.057,no
ἴαυον,grc,5,0.057,no
ἴδηται,grc,5,0.057,no
ἰδών,grc,5,0.057,no
ἰκριόφιν,grc,5,0.057,no
ἵμερον,grc,5,0.057,no
ἷξον,grc,5,0.057,no
ἰόντες,grc,5,0.057,no
ἵπποι,grc,5,0.057,no
ἶρος,grc,5,0.057,no
ἵστατο,grc,5,0.057,no
καθαρὰ,grc,5,0.057,no
καθέζετʼ,grc,5,0.057,no
καθύπερθεν,grc,5,0.057,no
κακότητι,grc,5,0.057,no
καλέονται,grc,5,0.057,no
κάλλος,grc,5,0.057,no
κάλυψε,grc,5,0.057,no
καλυψοῦς,grc,5,0.057,no
καλυψὼ,grc,5,0.057,no
κατέδουσιν,grc,5,0.057,no
κάτθεσαν,grc,5,0.057,no
κατόπισθε,grc,5,0.057,no
κεδνὰ,grc,5,0.057,no
κεῖσʼ,grc,5,0.057,no
κέλεαι,grc,5,0.057,no
κέλεται,grc,5,0.057,no
κέλευθον,grc,5,0.057,no
κίεν,grc,5,0.057,no
κινήσας,grc,5,0.057,no
κίονα,grc,5,0.057,no
κλισίῃ,grc,5,0.057,no
κοιμήθημεν,grc,5,0.057,no
κοιμήσαντο,grc,5,0.057,no
κονίῃσι,grc,5,0.057,no
κοῦραι,grc,5,0.057,no
κρατερὸς,grc,5,0.057,no
κρήδεμνον,grc,5,0.057,no
κρητῆρας,grc,5,0.057,no
κρίνας,grc,5,0.057,no
κυμαίνοντα,grc,5,0.057,no
κύματος,grc,5,0.057,no
κύνας,grc,5,0.057,no
κύπελλα,grc,5,0.057,no
λαέρτῃ,grc,5,0.057,no
λαοῖσι,grc,5,0.057,no
λεπτὸν,grc,5,0.057,no
λιπαρὰ,grc,5,0.057,no
λιπὼν,grc,5,0.057,no
λῦσαι,grc,5,0.057,no
μεγάθυμον,grc,5,0.057,no
μεγάλη,grc,5,0.057,no
μέγεθός,grc,5,0.057,no
μείδησεν,grc,5,0.057,no
μέλανος,grc,5,0.057,no
μελήσει,grc,5,0.057,no
μελόντων,grc,5,0.057,no
μένʼ,grc,5,0.057,no
μένει,grc,5,0.057,no
μενοινᾷ,grc,5,0.057,no
μέντορ,grc,5,0.057,no
μέντωρ,grc,5,0.057,no
μερμηρίζων,grc,5,0.057,no
μέσσον,grc,5,0.057,no
μεταλλῆσαι,grc,5,0.057,no
μεταμώνια,grc,5,0.057,no
μετέειφʼ,grc,5,0.057,no
μετόπισθε,grc,5,0.057,no
μέτρον,grc,5,0.057,no
μῆλʼ,grc,5,0.057,no
μητέρος,grc,5,0.057,no
μοχλὸν,grc,5,0.057,no
μυθήσατο,grc,5,0.057,no
μύθοισι,grc,5,0.057,no
μυρία,grc,5,0.057,no
μυρίοι,grc,5,0.057,no
μυχὸν,grc,5,0.057,no
ναιεταόντων,grc,5,0.057,no
ναυσίκλυτοι,grc,5,0.057,no
νεφέεσσι,grc,5,0.057,no
νήπιοι,grc,5,0.057,no
νῆσος,grc,5,0.057,no
νοέω,grc,5,0.057,no
νύκτες,grc,5,0.057,no
νύξ,grc,5,0.057,no
νωλεμέως,grc,5,0.057,no
ξείνοιο,grc,5,0.057,no
ξὺν,grc,5,0.057,no
ξυνίει,grc,5,0.057,no
ὀδύρομαι,grc,5,0.057,no
οἴκοι,grc,5,0.057,no
οἷο,grc,5,0.057,no
οἶτον,grc,5,0.057,no
ὄλβον,grc,5,0.057,no
ὀλέθρῳ,grc,5,0.057,no
ὀλοὴ,grc,5,0.057,no
ὀλοφυρόμενος,grc,5,0.057,no
ὀλύμπιος,grc,5,0.057,no
ὁμάδησαν,grc,5,0.057,no
ὄνειρον,grc,5,0.057,no
ὀξέϊ,grc,5,0.057,no
ὄπιθεν,grc,5,0.057,no
ὄπισθε,grc,5,0.057,no
ὅππῃ,grc,5,0.057,no
ὄρεος,grc,5,0.057,no
ὀρέστης,grc,5,0.057,no
ὅσσαι,grc,5,0.057,no
οὐλομένης,grc,5,0.057,no
πάθον,grc,5,0.057,no
παιπαλόεσσαν,grc,5,0.057,no
πάμπρωτον,grc,5,0.057,no
πάντη,grc,5,0.057,no
παράκοιτιν,grc,5,0.057,no
παραστὰς,grc,5,0.057,no
παρέστη,grc,5,0.057,no
πάσσονα,grc,5,0.057,no
παύσασθαι,grc,5,0.057,no
παχείῃ,grc,5,0.057,no
πεδίῳ,grc,5,0.057,no
πέλεν,grc,5,0.057,no
περί,grc,5,0.057,no
περικαλλέʼ,grc,5,0.057,no
περικαλλέας,grc,5,0.057,no
πέσε,grc,5,0.057,no
πετάσσας,grc,5,0.057,no
πέτρας,grc,5,0.057,no
πευσόμενος,grc,5,0.057,no
πέφραδʼ,grc,5,0.057,no
πήρην,grc,5,0.057,no
πίνων,grc,5,0.057,no
ποικιλομήτην,grc,5,0.057,no
πολέμῳ,grc,5,0.057,no
πόλιος,grc,5,0.057,no
πολλή,grc,5,0.057,no
πολλοί,grc,5,0.057,no
πολλοῖσιν,grc,5,0.057,no
πολύφρονα,grc,5,0.057,no
πομπήν,grc,5,0.057,no
πόροι,grc,5,0.057,no
πορφυρέην,grc,5,0.057,no
ποσὶ,grc,5,0.057,no
ποσσὶν,grc,5,0.057,no
ποταμοῦ,grc,5,0.057,no
ποταμῷ,grc,5,0.057,no
ποταμῶν,grc,5,0.057,no
ποῦ,grc,5,0.057,no
πρότερος,grc,5,0.057,no
πρυμνήσιʼ,grc,5,0.057,no
πτερὰ,grc,5,0.057,no
πτόλιος,grc,5,0.057,no
πτωχὸς,grc,5,0.057,no
πυκνὰ,grc,5,0.057,no
πύλονδε,grc,5,0.057,no
ῥέζοι,grc,5,0.057,no
ῥίμφα,grc,5,0.057,no
σὰ,grc,5,0.057,no
σέβας,grc,5,0.057,no
σευ,grc,5,0.057,no
σίδηρον,grc,5,0.057,no
σίτῳ,grc,5,0.057,no
σκέπας,grc,5,0.057,no
σκύλλην,grc,5,0.057,no
σμερδαλέον,grc,5,0.057,no
σοῖσι,grc,5,0.057,no
σὸς,grc,5,0.057,no
σπείσαντες,grc,5,0.057,no
στάθμην,grc,5,0.057,no
σταθμῷ,grc,5,0.057,no
στᾶσα,grc,5,0.057,no
στενάχοντα,grc,5,0.057,no
σχεδίην,grc,5,0.057,no
σχεδόθεν,grc,5,0.057,no
τελέσαι,grc,5,0.057,no
τελέσειεν,grc,5,0.057,no
τεληέσσας,grc,5,0.057,no
τέσσαρες,grc,5,0.057,no
τετιημένος,grc,5,0.057,no
τέτρατον,grc,5,0.057,no
τῆλʼ,grc,5,0.057,no
τηλέμαχός,grc,5,0.057,no
τῆος,grc,5,0.057,no
τίη,grc,5,0.057,no
τιμὴν,grc,5,0.057,no
τόνδε,grc,5,0.057,no
τοὔνεκα,grc,5,0.057,no
τούτου,grc,5,0.057,no
τρίχας,grc,5,0.057,no
τροίην,grc,5,0.057,no
τροίηνδε,grc,5,0.057,no
τροφὸν,grc,5,0.057,no
τυτθὸν,grc,5,0.057,no
ὑβρίζοντες,grc,5,0.057,no
ὕδατος,grc,5,0.057,no
υἷας,grc,5,0.057,no
υἱέ,grc,5,0.057,no
υἱέος,grc,5,0.057,no
ὑλήεντι,grc,5,0.057,no
ὕλης,grc,5,0.057,no
ὑμέας,grc,5,0.057,no
ὔμμʼ,grc,5,0.057,no
ὑπέδεκτο,grc,5,0.057,no
ὕστατα,grc,5,0.057,no
ὑφορβόν,grc,5,0.057,no
ὑψηλοῖο,grc,5,0.057,no
ὑψόροφον,grc,5,0.057,no
ὑῶν,grc,5,0.057,no
φαγέμεν,grc,5,0.057,no
φαίνεται,grc,5,0.057,no
φαινομένηφιν,grc,5,0.057,no
φάσαν,grc,5,0.057,no
φῆμιν,grc,5,0.057,no
φιλέειν,grc,5,0.057,no
φιληρέτμοισι,grc,5,0.057,no
φίλοισιν,grc,5,0.057,no
φιλότητος,grc,5,0.057,no
φόνος,grc,5,0.057,no
φόνου,grc,5,0.057,no
φῦ,grc,5,0.057,no
φυλάσσω,grc,5,0.057,no
φύλλων,grc,5,0.057,no
φωτῶν,grc,5,0.057,no
χαλκός,grc,5,0.057,no
χαμᾶζε,grc,5,0.057,no
χαμαὶ,grc,5,0.057,no
χέοντες,grc,5,0.057,no
χερσί,grc,5,0.057,no
χθόνα,grc,5,0.057,no
χλαῖναι,grc,5,0.057,no
χόλον,grc,5,0.057,no
χρή,grc,5,0.057,no
χρήματα,grc,5,0.057,no
χωόμενος,grc,5,0.057,no
ὤλεσε,grc,5,0.057,no
ὤμοις,grc,5,0.057,no
ὦμον,grc,5,0.057,no
ὤμῳ,grc,5,0.057,no
ὡπλίσσατο,grc,5,0.057,no
ὥρῃ,grc,5,0.057,no
ὥρμαινε,grc,5,0.057,no
ἀγακλυτὰ,grc,4,0.046,no
ἀγακλυτὸν,grc,4,0.046,no
ἄγαλμα,grc,4,0.046,no
ἀγαυοὺς,grc,4,0.046,no
ἄγειν,grc,4,0.046,no
ἀγειρόμενοι,grc,4,0.046,no
ἀγέλαος,grc,4,0.046,no
ἄγετε,grc,4,0.046,no
ἀγλαὸς,grc,4,0.046,no
ἀγορεύει,grc,4,0.046,no
ἀγόρευεν,grc,4,0.046,no
ἀγορῇ,grc,4,0.046,no
ἀγρὸν,grc,4,0.046,no
ἄγχʼ,grc,4,0.046,no
ἁδινὰ,grc,4,0.046,no
ἄειραν,grc,4,0.046,no
ἀθάνατον,grc,4,0.046,no
αἴγισθον,grc,4,0.046,no
αἰδοίοισιν,grc,4,0.046,no
αἰδοῖός,grc,4,0.046,no
αἰθούσης,grc,4,0.046,no
αἰπήν,grc,4,0.046,no
ἀκαχήμενος,grc,4,0.046,no
ἀκόντισαν,grc,4,0.046,no
ἀκούσας,grc,4,0.046,no
ἄκουσας,grc,4,0.046,no
ἄκριας,grc,4,0.046,no
ἀκτῆς,grc,4,0.046,no
ἀλαλήμενος,grc,4,0.046,no
ἀλάλησθαι,grc,4,0.046,no
ἄλαστον,grc,4,0.046,no
ἄλγιον,grc,4,0.046,no
ἀλήτην,grc,4,0.046,no
ἁλίῃσιν,grc,4,0.046,no
ἁλιθέρσης,grc,4,0.046,no
ἁλίοιο,grc,4,0.046,no
ἀλκήν,grc,4,0.046,no
ἀλκίνοον,grc,4,0.046,no
ἀλκινόου,grc,4,0.046,no
ἄλλοθʼ,grc,4,0.046,no
ἄλλοις,grc,4,0.046,no
ἀλλοτρίης,grc,4,0.046,no
ἀλόχοιο,grc,4,0.046,no
ἄλσος,grc,4,0.046,no
ἀλύξαι,grc,4,0.046,no
ἀλωῆς,grc,4,0.046,no
ἄμαξαν,grc,4,0.046,no
ἄμβροτα,grc,4,0.046,no
ἀμειβομένη,grc,4,0.046,no
ἀμειβομένω,grc,4,0.046,no
ἀμενηνὰ,grc,4,0.046,no
ἄμμε,grc,4,0.046,no
ἀμφί,grc,4,0.046,no
ἀμφιελίσσας,grc,4,0.046,no
ἀμφιπόλοισιν,grc,4,0.046,no
ἀμφιρύτῃ,grc,4,0.046,no
ἀμφοτέρους,grc,4,0.046,no
ἀναρπάξασα,grc,4,0.046,no
ἄνασσε,grc,4,0.046,no
ἀνάσσει,grc,4,0.046,no
ἀναστήσας,grc,4,0.046,no
ἀνασχών,grc,4,0.046,no
ἄνδρε,grc,4,0.046,no
ἄνδρεσσι,grc,4,0.046,no
ἀνέμοισιν,grc,4,0.046,no
ἄνευ,grc,4,0.046,no
ἀνῆκεν,grc,4,0.046,no
ἀνηρείψαντο,grc,4,0.046,no
ἀντιθέοιο,grc,4,0.046,no
ἀντίθεον,grc,4,0.046,no
ἀντιλόχοιο,grc,4,0.046,no
ἄντρον,grc,4,0.046,no
ἀοιδήν,grc,4,0.046,no
ἀοιδῆς,grc,4,0.046,no
ἀοιδοῦ,grc,4,0.046,no
ἅπαν,grc,4,0.046,no
ἀπήμων,grc,4,0.046,no
ἀπηύρα,grc,4,0.046,no
ἀπολέσθαι,grc,4,0.046,no
ἀπόλωλε,grc,4,0.046,no
ἀπόπροθεν,grc,4,0.046,no
ἄπτερος,grc,4,0.046,no
ἀπώλεσα,grc,4,0.046,no
ἀπωλόμεθʼ,grc,4,0.046,no
ἀραρυῖαι,grc,4,0.046,no
ἀργῆτι,grc,4,0.046,no
ἀργυροήλου,grc,4,0.046,no
ἀργύρῳ,grc,4,0.046,no
ἄρηα,grc,4,0.046,no
ἀρήϊα,grc,4,0.046,no
ἀρημένον,grc,4,0.046,no
ἅρματα,grc,4,0.046,no
ἀρχῆς,grc,4,0.046,no
ἀρχοὶ,grc,4,0.046,no
ἀσαμίνθου,grc,4,0.046,no
ἀσκηθὴς,grc,4,0.046,no
ἄστεʼ,grc,4,0.046,no
ἄστυδʼ,grc,4,0.046,no
ἄτην,grc,4,0.046,no
ἀτιμάζει,grc,4,0.046,no
ἀτρεΐδην,grc,4,0.046,no
αὐγὰς,grc,4,0.046,no
αὔριον,grc,4,0.046,no
αὐτήν,grc,4,0.046,no
αὐτοῖς,grc,4,0.046,no
αὐτολύκοιο,grc,4,0.046,no
αὐτολύκου,grc,4,0.046,no
ἀφʼ,grc,4,0.046,no
ἀφικάνω,grc,4,0.046,no
ἀφροδίτῃ,grc,4,0.046,no
ἀχαιϊάδων,grc,4,0.046,no
ἀχαιΐδος,grc,4,0.046,no
ἄχεϊ,grc,4,0.046,no
ἀχιλῆος,grc,4,0.046,no
ἀχνύμενος,grc,4,0.046,no
ἄψορρον,grc,4,0.046,no
βάλετʼ,grc,4,0.046,no
βαρέα,grc,4,0.046,no
βασιλείης,grc,4,0.046,no
βασιλεύς,grc,4,0.046,no
βασιλήων,grc,4,0.046,no
βήτην,grc,4,0.046,no
βίηφιν,grc,4,0.046,no
βιὸν,grc,4,0.046,no
βλέφαρʼ,grc,4,0.046,no
βλεφάρων,grc,4,0.046,no
βοήσας,grc,4,0.046,no
βόθρον,grc,4,0.046,no
βορέης,grc,4,0.046,no
βουκόλον,grc,4,0.046,no
βουκόλος,grc,4,0.046,no
βουλευσέμεν,grc,4,0.046,no
βουσὶν,grc,4,0.046,no
γαμβρὸς,grc,4,0.046,no
γέγωνε,grc,4,0.046,no
γείνατο,grc,4,0.046,no
γένετʼ,grc,4,0.046,no
γένετο,grc,4,0.046,no
γένοιο,grc,4,0.046,no
γήθησε,grc,4,0.046,no
γῆς,grc,4,0.046,no
γλαφυρὴν,grc,4,0.046,no
γλαφυρῷ,grc,4,0.046,no
γλυκερῷ,grc,4,0.046,no
γναμπτοῖσι,grc,4,0.046,no
γόοιό,grc,4,0.046,no
γοῦνα,grc,4,0.046,no
γυναικὶ,grc,4,0.046,no
γυνή,grc,4,0.046,no
δαῖτας,grc,4,0.046,no
δαιτός,grc,4,0.046,no
δαιτυμόνων,grc,4,0.046,no
δακρύσασα,grc,4,0.046,no
δαμάσῃ,grc,4,0.046,no
δάος,grc,4,0.046,no
δαπέδῳ,grc,4,0.046,no
δείδω,grc,4,0.046,no
δέμνιʼ,grc,4,0.046,no
δεξιὸν,grc,4,0.046,no
δεξιὸς,grc,4,0.046,no
δέπαϊ,grc,4,0.046,no
δεσποίνης,grc,4,0.046,no
δεύεται,grc,4,0.046,no
δήεις,grc,4,0.046,no
δημοδόκῳ,grc,4,0.046,no
δμώεσσιν,grc,4,0.046,no
δοίης,grc,4,0.046,no
δολίος,grc,4,0.046,no
δολιχὴν,grc,4,0.046,no
δόμοι,grc,4,0.046,no
δός,grc,4,0.046,no
δότε,grc,4,0.046,no
δοῦπον,grc,4,0.046,no
δούρατα,grc,4,0.046,no
δρυὸς,grc,4,0.046,no
δύνατο,grc,4,0.046,no
δυνήσεται,grc,4,0.046,no
δυσμενέες,grc,4,0.046,no
δυσμενέεσσι,grc,4,0.046,no
δυώδεκα,grc,4,0.046,no
δώματος,grc,4,0.046,no
δώρων,grc,4,0.046,no
ἔβαλλεν,grc,4,0.046,no
ἐβήσετο,grc,4,0.046,no
ἐγγύθι,grc,4,0.046,no
ἐγείνατο,grc,4,0.046,no
ἐδάμασσε,grc,4,0.046,no
ἐδηλήσαντʼ,grc,4,0.046,no
ἕδνα,grc,4,0.046,no
ἔεδνα,grc,4,0.046,no
ἐέλδωρ,grc,4,0.046,no
ἔῃσιν,grc,4,0.046,no
ἐθέλει,grc,4,0.046,no
ἐθέλῃσι,grc,4,0.046,no
ἐθέλοιμι,grc,4,0.046,no
ἐθέλοις,grc,4,0.046,no
ἔθελον,grc,4,0.046,no
εἰδότες,grc,4,0.046,no
εἰδὼς,grc,4,0.046,no
εἴκοσʼ,grc,4,0.046,no
εἴκοσι,grc,4,0.046,no
εἷλεν,grc,4,0.046,no
εἰλίποδας,grc,4,0.046,no
εἵματά,grc,4,0.046,no
εἰνάετες,grc,4,0.046,no
εἴπʼ,grc,4,0.046,no
εἶπεν,grc,4,0.046,no
εἴροντο,grc,4,0.046,no
εἰρωτᾷς,grc,4,0.046,no
εἷς,grc,4,0.046,no
ἐίσης,grc,4,0.046,no
εἶσι,grc,4,0.046,no
εἰσοράασθαι,grc,4,0.046,no
εἰσορόωντες,grc,4,0.046,no
εἶχον,grc,4,0.046,no
ἑκάστη,grc,4,0.046,no
ἔκβαλε,grc,4,0.046,no
ἐκγεγαυῖα,grc,4,0.046,no
ἐκεῖνος,grc,4,0.046,no
ἐκέκλετο,grc,4,0.046,no
ἐκέλευσε,grc,4,0.046,no
ἕκηλοι,grc,4,0.046,no
ἔκλυε,grc,4,0.046,no
ἔκλυον,grc,4,0.046,no
ἐκπάγλως,grc,4,0.046,no
ἔκπεσε,grc,4,0.046,no
ἔκτοθεν,grc,4,0.046,no
ἔκτοσθεν,grc,4,0.046,no
ἐκφυγέειν,grc,4,0.046,no
ἔλαιον,grc,4,0.046,no
ἐλάσειε,grc,4,0.046,no
ἐλέαιρε,grc,4,0.046,no
ἑλέειν,grc,4,0.046,no
ἑλένης,grc,4,0.046,no
ἐλεύσεαι,grc,4,0.046,no
ἔλθῃσιν,grc,4,0.046,no
ἔλθω,grc,4,0.046,no
ἔλλαβε,grc,4,0.046,no
ἐλπωρή,grc,4,0.046,no
ἔλυσε,grc,4,0.046,no
ἕλωρ,grc,4,0.046,no
ἐμβαλέειν,grc,4,0.046,no
ἐμείναμεν,grc,4,0.046,no
ἔμμεν,grc,4,0.046,no
ἐμόγησεν,grc,4,0.046,no
ἐμπάζετο,grc,4,0.046,no
ἔμπεσε,grc,4,0.046,no
ἐμῶν,grc,4,0.046,no
ἔναιον,grc,4,0.046,no
ἐναντίον,grc,4,0.046,no
ἔνθετο,grc,4,0.046,no
ἐνιαυτῷ,grc,4,0.046,no
ἐνίσπῃ,grc,4,0.046,no
ἐντανύσαι,grc,4,0.046,no
ἐντανύσῃ,grc,4,0.046,no
ἐξερέω,grc,4,0.046,no
ἐξετέλεσσε,grc,4,0.046,no
ἑξῆμαρ,grc,4,0.046,no
ἔξοχον,grc,4,0.046,no
ἐοικότες,grc,4,0.046,no
ἔολπα,grc,4,0.046,no
ἐοῦσαν,grc,4,0.046,no
ἔπʼ,grc,4,0.046,no
ἐπαύσατο,grc,4,0.046,no
ἐπειγόμενοι,grc,4,0.046,no
ἔπειθεν,grc,4,0.046,no
ἐπῆλθε,grc,4,0.046,no
ἔπιόν,grc,4,0.046,no
ἐποίησαν,grc,4,0.046,no
ἐποτρύνει,grc,4,0.046,no
ἐποτρύνων,grc,4,0.046,no
ἔπτατο,grc,4,0.046,no
ἔραζε,grc,4,0.046,no
ἐρατεινήν,grc,4,0.046,no
ἐριδούπῳ,grc,4,0.046,no
ἔριν,grc,4,0.046,no
ἑρμείαν,grc,4,0.046,no
ἔρυκε,grc,4,0.046,no
ἐρύσαντο,grc,4,0.046,no
ἔρυσσαν,grc,4,0.046,no
ἔρχεσθʼ,grc,4,0.046,no
ἐρχομένη,grc,4,0.046,no
ἐρχόμενον,grc,4,0.046,no
ἐσθέμεναι,grc,4,0.046,no
ἐσθῆτα,grc,4,0.046,no
ἐσθλῶν,grc,4,0.046,no
ἕσπετο,grc,4,0.046,no
ἐσσί,grc,4,0.046,no
ἐσσομένοισι,grc,4,0.046,no
ἐσσυμένως,grc,4,0.046,no
ἕσσω,grc,4,0.046,no
ἔστησε,grc,4,0.046,no
ἐσχατιῆς,grc,4,0.046,no
ἔσχεθεν,grc,4,0.046,no
ἔσω,grc,4,0.046,no
ἑτάροις,grc,4,0.046,no
ἐτεὸν,grc,4,0.046,no
ἕτερον,grc,4,0.046,no
ἔτλης,grc,4,0.046,no
εὗδε,grc,4,0.046,no
εὗδον,grc,4,0.046,no
ἐυκνήμιδες,grc,4,0.046,no
ἐϋκτίμενον,grc,4,0.046,no
εὐνὰς,grc,4,0.046,no
εὐνηθῆναι,grc,4,0.046,no
εὐρύχορον,grc,4,0.046,no
εὔχετʼ,grc,4,0.046,no
ἔφην,grc,4,0.046,no
ἐφήσει,grc,4,0.046,no
ἐφοίτων,grc,4,0.046,no
ἐφύπερθε,grc,4,0.046,no
ἔχεις,grc,4,0.046,no
ζέφυρος,grc,4,0.046,no
ἠγαθέην,grc,4,0.046,no
ἡγεμόνευε,grc,4,0.046,no
ἦγεν,grc,4,0.046,no
ἥδʼ,grc,4,0.046,no
ἠεροειδέι,grc,4,0.046,no
ἠεροειδές,grc,4,0.046,no
ἠερόεντα,grc,4,0.046,no
ἤθελʼ,grc,4,0.046,no
ἤϊσαν,grc,4,0.046,no
ἤλιθα,grc,4,0.046,no
ἤλυθε,grc,4,0.046,no
ἡμετέροιο,grc,4,0.046,no
ἥμισυ,grc,4,0.046,no
ἢν,grc,4,0.046,no
ἠνώγει,grc,4,0.046,no
ἥρης,grc,4,0.046,no
ἤσθιε,grc,4,0.046,no
ἠΰτε,grc,4,0.046,no
ἧχι,grc,4,0.046,no
θάμʼ,grc,4,0.046,no
θάνατος,grc,4,0.046,no
θάνε,grc,4,0.046,no
θάνον,grc,4,0.046,no
θανὼν,grc,4,0.046,no
θέειν,grc,4,0.046,no
θείου,grc,4,0.046,no
θείω,grc,4,0.046,no
θέλγει,grc,4,0.046,no
θέμεν,grc,4,0.046,no
θεουδής,grc,4,0.046,no
θεράπων,grc,4,0.046,no
θερμὰ,grc,4,0.046,no
θεσπεσίην,grc,4,0.046,no
θέτʼ,grc,4,0.046,no
θηεῖτο,grc,4,0.046,no
θήλειαι,grc,4,0.046,no
θνητοῖσι,grc,4,0.046,no
θνητῶν,grc,4,0.046,no
θρῆνυς,grc,4,0.046,no
θύγατερ,grc,4,0.046,no
θύγατρα,grc,4,0.046,no
θύελλαι,grc,4,0.046,no
θύραι,grc,4,0.046,no
θύρῃσιν,grc,4,0.046,no
ἰδόντες,grc,4,0.046,no
ἰδοῦσα,grc,4,0.046,no
ἵει,grc,4,0.046,no
ἱέμενος,grc,4,0.046,no
ἱερὰς,grc,4,0.046,no
ἷζεν,grc,4,0.046,no
ἰθάκηνδε,grc,4,0.046,no
ἴθι,grc,4,0.046,no
ἴθυνεν,grc,4,0.046,no
ἵκανεν,grc,4,0.046,no
ἱκάνεται,grc,4,0.046,no
ἴκμενον,grc,4,0.046,no
ἵκοιο,grc,4,0.046,no
ἰόντα,grc,4,0.046,no
ἰοῦσα,grc,4,0.046,no
ἰοχέαιρα,grc,4,0.046,no
ἱπποβότοιο,grc,4,0.046,no
ἱρὸν,grc,4,0.046,no
ἶσον,grc,4,0.046,no
ἱστάμενος,grc,4,0.046,no
ἱστίη,grc,4,0.046,no
ἰφθίμῃ,grc,4,0.046,no
ἶφι,grc,4,0.046,no
ἰχθῦς,grc,4,0.046,no
ἴχνια,grc,4,0.046,no
καθέλῃσι,grc,4,0.046,no
καθεῦδε,grc,4,0.046,no
καθήμενοι,grc,4,0.046,no
κὰκ,grc,4,0.046,no
κακκείοντες,grc,4,0.046,no
κακός,grc,4,0.046,no
κάλλιστον,grc,4,0.046,no
κάμμορε,grc,4,0.046,no
καπνὸν,grc,4,0.046,no
καρπόν,grc,4,0.046,no
καρπῷ,grc,4,0.046,no
καρτερὸν,grc,4,0.046,no
κατεβήσετο,grc,4,0.046,no
κατέθεντο,grc,4,0.046,no
κατέθηκεν,grc,4,0.046,no
κατέλειπεν,grc,4,0.046,no
κατέλεξα,grc,4,0.046,no
κατέλεξας,grc,4,0.046,no
κείμην,grc,4,0.046,no
κεῖνα,grc,4,0.046,no
κέλευε,grc,4,0.046,no
κέλομαι,grc,4,0.046,no
κελόμην,grc,4,0.046,no
κέρδεα,grc,4,0.046,no
κεχολωμένος,grc,4,0.046,no
κεχρημένος,grc,4,0.046,no
κῆπον,grc,4,0.046,no
κιόντι,grc,4,0.046,no
κλαῖεν,grc,4,0.046,no
κλίμακα,grc,4,0.046,no
κλισίην,grc,4,0.046,no
κνίσης,grc,4,0.046,no
κοίλῃ,grc,4,0.046,no
κοίλην,grc,4,0.046,no
κοίλῃς,grc,4,0.046,no
κοιμηθῆναι,grc,4,0.046,no
κοιρανέουσιν,grc,4,0.046,no
κούρης,grc,4,0.046,no
κουρίδιον,grc,4,0.046,no
κραδίην,grc,4,0.046,no
κραναὴν,grc,4,0.046,no
κρατέουσιν,grc,4,0.046,no
κρατεροῖο,grc,4,0.046,no
κρέʼ,grc,4,0.046,no
κρείσσων,grc,4,0.046,no
κρείων,grc,4,0.046,no
κρήτῃ,grc,4,0.046,no
κρήτης,grc,4,0.046,no
κτείνας,grc,4,0.046,no
κτῆσιν,grc,4,0.046,no
κύκλωπα,grc,4,0.046,no
κυκλώπων,grc,4,0.046,no
κῦμʼ,grc,4,0.046,no
κυνέην,grc,4,0.046,no
κυνῶν,grc,4,0.046,no
κύπρον,grc,4,0.046,no
κύσε,grc,4,0.046,no
κώεα,grc,4,0.046,no
λᾶαν,grc,4,0.046,no
λαβοῦσα,grc,4,0.046,no
λαέρτεω,grc,4,0.046,no
λαέρτην,grc,4,0.046,no
λάεσσι,grc,4,0.046,no
λάθρη,grc,4,0.046,no
λάϊνον,grc,4,0.046,no
λέκτο,grc,4,0.046,no
λεχέεσσι,grc,4,0.046,no
λέων,grc,4,0.046,no
λιγέως,grc,4,0.046,no
λίθον,grc,4,0.046,no
λιλαιομένη,grc,4,0.046,no
λιμένα,grc,4,0.046,no
λίσσομαι,grc,4,0.046,no
λισσόμενος,grc,4,0.046,no
λοῦσαν,grc,4,0.046,no
λυγρά,grc,4,0.046,no
λύθεν,grc,4,0.046,no
λῦσαί,grc,4,0.046,no
μαῖʼ,grc,4,0.046,no
μακάρων,grc,4,0.046,no
μακρήν,grc,4,0.046,no
μάρψας,grc,4,0.046,no
μάστιξεν,grc,4,0.046,no
μεγάλῃ,grc,4,0.046,no
μεγάλοι,grc,4,0.046,no
μέλαινα,grc,4,0.046,no
μελαίνης,grc,4,0.046,no
μελεδήματα,grc,4,0.046,no
μελέτω,grc,4,0.046,no
μελίφρονα,grc,4,0.046,no
μέλλεν,grc,4,0.046,no
μεμάασιν,grc,4,0.046,no
μεμνημένος,grc,4,0.046,no
μενελάῳ,grc,4,0.046,no
μέσσῃ,grc,4,0.046,no
μεσσηγύς,grc,4,0.046,no
μετέπειτα,grc,4,0.046,no
μέτρα,grc,4,0.046,no
μὴν,grc,4,0.046,no
μῆτις,grc,4,0.046,no
μία,grc,4,0.046,no
μίμνετʼ,grc,4,0.046,no
μίν,grc,4,0.046,no
μίστυλλόν,grc,4,0.046,no
μνῆσαι,grc,4,0.046,no
μόγησα,grc,4,0.046,no
μοῖρα,grc,4,0.046,no
μοῦσʼ,grc,4,0.046,no
μυρίʼ,grc,4,0.046,no
ναὶ,grc,4,0.046,no
ναιετάων,grc,4,0.046,no
ναίουσι,grc,4,0.046,no
νέες,grc,4,0.046,no
νευρὴν,grc,4,0.046,no
νέῳ,grc,4,0.046,no
νῆάς,grc,4,0.046,no
νήδυμος,grc,4,0.046,no
νηλέϊ,grc,4,0.046,no
νήπια,grc,4,0.046,no
νήσοισιν,grc,4,0.046,no
νοήσας,grc,4,0.046,no
νόησε,grc,4,0.046,no
νοστῆσαι,grc,4,0.046,no
νόστος,grc,4,0.046,no
νόστῳ,grc,4,0.046,no
νύκτʼ,grc,4,0.046,no
νυμφάων,grc,4,0.046,no
νύμφης,grc,4,0.046,no
ὀδὰξ,grc,4,0.046,no
ὀδυρομένη,grc,4,0.046,no
ὀδυσσῆι,grc,4,0.046,no
ὀδυσσῆϊ,grc,4,0.046,no
ὀιζύος,grc,4,0.046,no
οἴκαδέ,grc,4,0.046,no
οἴκτρʼ,grc,4,0.046,no
οἰμώξας,grc,4,0.046,no
ὄιν,grc,4,0.046,no
ὀίομαι,grc,4,0.046,no
ὀϊστοί,grc,4,0.046,no
ὄλβια,grc,4,0.046,no
ὄλβιος,grc,4,0.046,no
ὀλέσας,grc,4,0.046,no
ὁμίλει,grc,4,0.046,no
ὁμίλῳ,grc,4,0.046,no
ὄμματα,grc,4,0.046,no
ὁμοῖος,grc,4,0.046,no
ὀνείρῳ,grc,4,0.046,no
ὄνομα,grc,4,0.046,no
ὀξὺν,grc,4,0.046,no
ὄπα,grc,4,0.046,no
ὀπηδεῖ,grc,4,0.046,no
ὁπότε,grc,4,0.046,no
ὁππόθεν,grc,4,0.046,no
ὀπωπῆς,grc,4,0.046,no
ὁρόω,grc,4,0.046,no
ὀρχηθμοῖο,grc,4,0.046,no
ὀτρυνέουσα,grc,4,0.046,no
οὐκί,grc,4,0.046,no
οὐλὴν,grc,4,0.046,no
οὐρανὸς,grc,4,0.046,no
παθὼν,grc,4,0.046,no
παῖδά,grc,4,0.046,no
παιπαλοέσσης,grc,4,0.046,no
παμφανόωντα,grc,4,0.046,no
πάντεσσιν,grc,4,0.046,no
παντοίων,grc,4,0.046,no
πάντοσε,grc,4,0.046,no
παραὶ,grc,4,0.046,no
παραστάς,grc,4,0.046,no
παρέθηκεν,grc,4,0.046,no
παρειάων,grc,4,0.046,no
παρειῶν,grc,4,0.046,no
παρίστατο,grc,4,0.046,no
παρνησόνδʼ,grc,4,0.046,no
πάροιθε,grc,4,0.046,no
πασέων,grc,4,0.046,no
πάσης,grc,4,0.046,no
πάσχειν,grc,4,0.046,no
πάσχετε,grc,4,0.046,no
πατρίδι,grc,4,0.046,no
πατρώϊα,grc,4,0.046,no
παῦροι,grc,4,0.046,no
πειρήσομαι,grc,4,0.046,no
πειρητίζων,grc,4,0.046,no
πέλαγος,grc,4,0.046,no
πέμπε,grc,4,0.046,no
πέμποιεν,grc,4,0.046,no
πένοντο,grc,4,0.046,no
περικαλλέος,grc,4,0.046,no
περικαλλὲς,grc,4,0.046,no
περικλυτός,grc,4,0.046,no
περισκέπτῳ,grc,4,0.046,no
περίφρον,grc,4,0.046,no
πέσεν,grc,4,0.046,no
πέσον,grc,4,0.046,no
πετράων,grc,4,0.046,no
πέτρῃ,grc,4,0.046,no
πέτρην,grc,4,0.046,no
πίεν,grc,4,0.046,no
πίονι,grc,4,0.046,no
πιφαύσκομαι,grc,4,0.046,no
πλέονες,grc,4,0.046,no
πλῆτο,grc,4,0.046,no
ποδὸς,grc,4,0.046,no
ποθʼ,grc,4,0.046,no
ποικίλον,grc,4,0.046,no
ποιμένα,grc,4,0.046,no
πολέμοιο,grc,4,0.046,no
πόλινδʼ,grc,4,0.046,no
πολλάκι,grc,4,0.046,no
πολλῇ,grc,4,0.046,no
πολλοῖσι,grc,4,0.046,no
πολλούς,grc,4,0.046,no
πολλῷ,grc,4,0.046,no
πολυβενθέος,grc,4,0.046,no
πομπὴ,grc,4,0.046,no
πομπῆες,grc,4,0.046,no
πομπὴν,grc,4,0.046,no
ποντοπόρος,grc,4,0.046,no
πόντος,grc,4,0.046,no
πόντου,grc,4,0.046,no
πόρον,grc,4,0.046,no
πορφύρεον,grc,4,0.046,no
ποσίν,grc,4,0.046,no
ποταμὸν,grc,4,0.046,no
ποτὲ,grc,4,0.046,no
πρίατο,grc,4,0.046,no
προγενέστερος,grc,4,0.046,no
πρόεσαν,grc,4,0.046,no
πρόσθʼ,grc,4,0.046,no
πρόσθε,grc,4,0.046,no
πρόσωπα,grc,4,0.046,no
πρῶτʼ,grc,4,0.046,no
πρώτην,grc,4,0.046,no
πτερόεντʼ,grc,4,0.046,no
πύλῳ,grc,4,0.046,no
πυρί,grc,4,0.046,no
πυρός,grc,4,0.046,no
πώεα,grc,4,0.046,no
ῥάκος,grc,4,0.046,no
ῥέεθρα,grc,4,0.046,no
ῥέξας,grc,4,0.046,no
ῥέξειν,grc,4,0.046,no
σάμῃ,grc,4,0.046,no
σειρήνων,grc,4,0.046,no
σῆμά,grc,4,0.046,no
σήματʼ,grc,4,0.046,no
σίγα,grc,4,0.046,no
σκοπιὴν,grc,4,0.046,no
σκύλλη,grc,4,0.046,no
σπάρτην,grc,4,0.046,no
σπήεσσι,grc,4,0.046,no
σπλάγχνα,grc,4,0.046,no
σπόγγοισι,grc,4,0.046,no
σπουδῇ,grc,4,0.046,no
σταθμοῖο,grc,4,0.046,no
στεναχίζω,grc,4,0.046,no
στόμα,grc,4,0.046,no
στόρεσαν,grc,4,0.046,no
στυγερὸν,grc,4,0.046,no
σφίσιν,grc,4,0.046,no
σφῶϊν,grc,4,0.046,no
σῶς,grc,4,0.046,no
τάλαντα,grc,4,0.046,no
τάπητας,grc,4,0.046,no
τάρπησαν,grc,4,0.046,no
τάς,grc,4,0.046,no
ταύρους,grc,4,0.046,no
τέθνηκεν,grc,4,0.046,no
τεῒν,grc,4,0.046,no
τέκεν,grc,4,0.046,no
τελεῖται,grc,4,0.046,no
τελεσφόρον,grc,4,0.046,no
τεὸς,grc,4,0.046,no
τερπικεραύνῳ,grc,4,0.046,no
τέρποντο,grc,4,0.046,no
τετυγμένον,grc,4,0.046,no
τῆ,grc,4,0.046,no
τηλεδαπῶν,grc,4,0.046,no
τηλέμαχε,grc,4,0.046,no
τηλίκος,grc,4,0.046,no
τῆμος,grc,4,0.046,no
τῇσι,grc,4,0.046,no
τινας,grc,4,0.046,no
τινές,grc,4,0.046,no
τίπτʼ,grc,4,0.046,no
τλαίης,grc,4,0.046,no
τοῖσδε,grc,4,0.046,no
τοίχῳ,grc,4,0.046,no
τοσσοῦτον,grc,4,0.046,no
τοὔνεκʼ,grc,4,0.046,no
τούτους,grc,4,0.046,no
τούτῳ,grc,4,0.046,no
τρέφει,grc,4,0.046,no
τρίετες,grc,4,0.046,no
τρίχα,grc,4,0.046,no
τρόπιν,grc,4,0.046,no
τώ,grc,4,0.046,no
τῶ,grc,4,0.046,no
ὑγρὰ,grc,4,0.046,no
ὑδρηναμένη,grc,4,0.046,no
υἱάσι,grc,4,0.046,no
υἱάσιν,grc,4,0.046,no
υἱέϊ,grc,4,0.046,no
ὔμμιν,grc,4,0.046,no
ὑπὲκ,grc,4,0.046,no
ὑπέρβη,grc,4,0.046,no
ὑπέρθυμοι,grc,4,0.046,no
ὑπερφιάλοισιν,grc,4,0.046,no
ὑπερφιάλους,grc,4,0.046,no
ὕστερον,grc,4,0.046,no
ὑψόθεν,grc,4,0.046,no
φαέθων,grc,4,0.046,no
φαίδιμον,grc,4,0.046,no
φαίηκας,grc,4,0.046,no
φαίνετʼ,grc,4,0.046,no
φαμένη,grc,4,0.046,no
φαρέτρην,grc,4,0.046,no
φάρμακʼ,grc,4,0.046,no
φάρμακα,grc,4,0.046,no
φασιν,grc,4,0.046,no
φέροι,grc,4,0.046,no
φέρτεροί,grc,4,0.046,no
φθόγγον,grc,4,0.046,no
φίλης,grc,4,0.046,no
φιλοίτιος,grc,4,0.046,no
φιλόξεινοι,grc,4,0.046,no
φρονέουσʼ,grc,4,0.046,no
φύγοιμεν,grc,4,0.046,no
φυήν,grc,4,0.046,no
φύλλα,grc,4,0.046,no
φυτεύει,grc,4,0.046,no
φώς,grc,4,0.046,no
χαλεπήνῃ,grc,4,0.046,no
χαμάδις,grc,4,0.046,no
χαρίεντα,grc,4,0.046,no
χάρις,grc,4,0.046,no
χατίζων,grc,4,0.046,no
χείλεα,grc,4,0.046,no
χεῖρες,grc,4,0.046,no
χείρεσσι,grc,4,0.046,no
χέρσον,grc,4,0.046,no
χθιζὸς,grc,4,0.046,no
χορὸν,grc,4,0.046,no
χρεῖος,grc,4,0.046,no
χρειὼ,grc,4,0.046,no
χρεὼ,grc,4,0.046,no
χρῖσαν,grc,4,0.046,no
χρυσέῳ,grc,4,0.046,no
χρυσοῦ,grc,4,0.046,no
χρυσῷ,grc,4,0.046,no
χῶρον,grc,4,0.046,no
ψαμάθοισιν,grc,4,0.046,no
ψυχῇ,grc,4,0.046,no
ψυχὴν,grc,4,0.046,no
ψυχῆς,grc,4,0.046,no
ὠγυγίην,grc,4,0.046,no
ὤτρυνον,grc,4,0.046,no
ᾤχετʼ,grc,4,0.046,no
ἀάπτους,grc,3,0.034,no
ἀγαθόν,grc,3,0.034,no
ἀγάμεμνον,grc,3,0.034,no
ἀγαμέμνων,grc,3,0.034,no
ἀγαυὴ,grc,3,0.034,no
ἀγαυοῦ,grc,3,0.034,no
ἀγγελέουσα,grc,3,0.034,no
ἀγγελέων,grc,3,0.034,no
ἀγγελίας,grc,3,0.034,no
ἀγγελίης,grc,3,0.034,no
ἄγει,grc,3,0.034,no
ἀγέροντο,grc,3,0.034,no
ἀγήραον,grc,3,0.034,no
ἁγνὴ,grc,3,0.034,no
ἄγνωστον,grc,3,0.034,no
ἀγορήν,grc,3,0.034,no
ἀγορήνδε,grc,3,0.034,no
ἄγριον,grc,3,0.034,no
ἀγχιστῖνοι,grc,3,0.034,no
ἄγω,grc,3,0.034,no
ἀγῶνι,grc,3,0.034,no
ἄεθλα,grc,3,0.034,no
ἄεθλοι,grc,3,0.034,no
ἀεικέλιον,grc,3,0.034,no
ἀεικελίως,grc,3,0.034,no
ἀεικές,grc,3,0.034,no
ἀείραντες,grc,3,0.034,no
ἀέκουσαν,grc,3,0.034,no
ἀέξει,grc,3,0.034,no
ἀέξετο,grc,3,0.034,no
ἀθεμίστια,grc,3,0.034,no
ἀθέσφατος,grc,3,0.034,no
ἀθηναίην,grc,3,0.034,no
ἀθηναίης,grc,3,0.034,no
ἁθρόοι,grc,3,0.034,no
αἰαίην,grc,3,0.034,no
αἴας,grc,3,0.034,no
αἶγες,grc,3,0.034,no
αἴγλη,grc,3,0.034,no
αἵδε,grc,3,0.034,no
αἴδετο,grc,3,0.034,no
ἀίδεω,grc,3,0.034,no
αἰδοῖ,grc,3,0.034,no
αἰδοῦς,grc,3,0.034,no
αἰθομένας,grc,3,0.034,no
αἰθομένοιο,grc,3,0.034,no
αἰνῇ,grc,3,0.034,no
ἀΐξας,grc,3,0.034,no
ἀΐοντες,grc,3,0.034,no
αἰὼν,grc,3,0.034,no
ἀκηδέα,grc,3,0.034,no
ἄκλαυτον,grc,3,0.034,no
ἄκοντα,grc,3,0.034,no
ἀκούετε,grc,3,0.034,no
ἀκουὴν,grc,3,0.034,no
ἄκουον,grc,3,0.034,no
ἀκταὶ,grc,3,0.034,no
ἀλέασθαι,grc,3,0.034,no
ἀλεγεινά,grc,3,0.034,no
ἀλέγουσιν,grc,3,0.034,no
ἀλεγύνετε,grc,3,0.034,no
ἀλεείνων,grc,3,0.034,no
ἀλείφατι,grc,3,0.034,no
ἀλεύασθαι,grc,3,0.034,no
ἁλιπόρφυρα,grc,3,0.034,no
ἀλκῆς,grc,3,0.034,no
ἀλκινόῳ,grc,3,0.034,no
ἀλλήλῃσι,grc,3,0.034,no
ἀλλήλῃσιν,grc,3,0.034,no
ἀλλήλοιϊν,grc,3,0.034,no
ἀλλοδαποῖσι,grc,3,0.034,no
ἄλλοθι,grc,3,0.034,no
ἀλλοθρόους,grc,3,0.034,no
ἄλλοισιν,grc,3,0.034,no
ἄλλοισίν,grc,3,0.034,no
ἅλμην,grc,3,0.034,no
ἁλός,grc,3,0.034,no
ἄλοχόν,grc,3,0.034,no
ἀλόχους,grc,3,0.034,no
ἆλτο,grc,3,0.034,no
ἀλύξας,grc,3,0.034,no
ἄλφοι,grc,3,0.034,no
ἂμ,grc,3,0.034,no
ἀμβροσίη,grc,3,0.034,no
ἄμβροτον,grc,3,0.034,no
ἀμείψασθαι,grc,3,0.034,no
ἄμμες,grc,3,0.034,no
ἀμύνων,grc,3,0.034,no
ἀμφαδὸν,grc,3,0.034,no
ἀμφιγυήεις,grc,3,0.034,no
ἀμφιέλισσαι,grc,3,0.034,no
ἀμφικαλύψας,grc,3,0.034,no
ἀμφικαλύψῃ,grc,3,0.034,no
ἀμφίπολον,grc,3,0.034,no
ἀμφιφορεῦσιν,grc,3,0.034,no
ἀμφοτέρῃσιν,grc,3,0.034,no
ἀνάγκης,grc,3,0.034,no
ἄναγον,grc,3,0.034,no
ἄνακτες,grc,3,0.034,no
ἀνάκτων,grc,3,0.034,no
ἄναλτον,grc,3,0.034,no
ἄνασσεν,grc,3,0.034,no
ἀνάσσω,grc,3,0.034,no
ἀνέβαινε,grc,3,0.034,no
ἀνελθών,grc,3,0.034,no
ἄνεμοι,grc,3,0.034,no
ἀνέμῳ,grc,3,0.034,no
ἀνέρι,grc,3,0.034,no
ἄνευθʼ,grc,3,0.034,no
ἄνευθε,grc,3,0.034,no
ἀνέχεσθαι,grc,3,0.034,no
ἄνεῳ,grc,3,0.034,no
ἀνήιον,grc,3,0.034,no
ἀνῆκε,grc,3,0.034,no
ἀνήνασθαι,grc,3,0.034,no
ἀνθρώποις,grc,3,0.034,no
ἀνιοῦσαν,grc,3,0.034,no
ἀνοήμων,grc,3,0.034,no
ἀντὶ,grc,3,0.034,no
ἀντιάσαντα,grc,3,0.034,no
ἀντίθεος,grc,3,0.034,no
ἀντιθέου,grc,3,0.034,no
ἀντικρὺ,grc,3,0.034,no
ἀντινόοιο,grc,3,0.034,no
ἀντίος,grc,3,0.034,no
ἄντροιο,grc,3,0.034,no
ἄνωγας,grc,3,0.034,no
ἀνώγοι,grc,3,0.034,no
ἄνωγον,grc,3,0.034,no
ἄξει,grc,3,0.034,no
ἀοιδῇ,grc,3,0.034,no
ἀορτήρ,grc,3,0.034,no
ἀπατήλια,grc,3,0.034,no
ἀπέπεμψε,grc,3,0.034,no
ἀπέφθιθεν,grc,3,0.034,no
ἀπέφθιτο,grc,3,0.034,no
ἀπεών,grc,3,0.034,no
ἀπήμονά,grc,3,0.034,no
ἀπηνέα,grc,3,0.034,no
ἄπιστος,grc,3,0.034,no
ἀπόλοντο,grc,3,0.034,no
ἀπόνητο,grc,3,0.034,no
ἀπονόσφι,grc,3,0.034,no
ἀπονόσφιν,grc,3,0.034,no
ἀποπέμψω,grc,3,0.034,no
ἀποσπένδων,grc,3,0.034,no
ἄπυστος,grc,3,0.034,no
ἀπώλετο,grc,3,0.034,no
ἀραρυίας,grc,3,0.034,no
ἀργαλέῳ,grc,3,0.034,no
ἀργείη,grc,3,0.034,no
ἀργιόδοντος,grc,3,0.034,no
ἀργοὶ,grc,3,0.034,no
ἀργυρότοξος,grc,3,0.034,no
ἄρειον,grc,3,0.034,no
ἀρήτην,grc,3,0.034,no
ἀρίστας,grc,3,0.034,no
ἀριστῆας,grc,3,0.034,no
ἀριφραδές,grc,3,0.034,no
ἀρνῶν,grc,3,0.034,no
ἅρπυιαι,grc,3,0.034,no
ἄρσενα,grc,3,0.034,no
ἄρσενες,grc,3,0.034,no
ἀσαμίνθους,grc,3,0.034,no
ἄσβεστον,grc,3,0.034,no
ἄσμενοι,grc,3,0.034,no
ἀσπαίροντα,grc,3,0.034,no
ἀσπάσιοι,grc,3,0.034,no
ἀσπάσιος,grc,3,0.034,no
ἄστεα,grc,3,0.034,no
ἀστερόεντα,grc,3,0.034,no
ἀσφαλέως,grc,3,0.034,no
ἀσφοδελὸν,grc,3,0.034,no
ἄσχετε,grc,3,0.034,no
ἀτιμάζοντες,grc,3,0.034,no
ἀτρεΐδῃ,grc,3,0.034,no
ἀτρέος,grc,3,0.034,no
αὐγῇ,grc,3,0.034,no
αὐδῆς,grc,3,0.034,no
αὐλή,grc,3,0.034,no
αὐλὴ,grc,3,0.034,no
αὐλῇ,grc,3,0.034,no
ἀϋτμή,grc,3,0.034,no
αὐτόλυκος,grc,3,0.034,no
αὐτοὺς,grc,3,0.034,no
αὐχένα,grc,3,0.034,no
ἀφίκεο,grc,3,0.034,no
ἀφνειοὶ,grc,3,0.034,no
ἀφνειοῖο,grc,3,0.034,no
ἀφνειὸν,grc,3,0.034,no
ἀφνειὸς,grc,3,0.034,no
ἀφραδίῃσιν,grc,3,0.034,no
ἀφροδίτης,grc,3,0.034,no
ἄφρονι,grc,3,0.034,no
ἄχθος,grc,3,0.034,no
ἀχιλλῆος,grc,3,0.034,no
ἅψασθαι,grc,3,0.034,no
βάζειν,grc,3,0.034,no
βαθείης,grc,3,0.034,no
βάλʼ,grc,3,0.034,no
βάλῃ,grc,3,0.034,no
βάλλετο,grc,3,0.034,no
βάλλων,grc,3,0.034,no
βάν,grc,3,0.034,no
βασίλευε,grc,3,0.034,no
βασιλεὺς,grc,3,0.034,no
βήμεναι,grc,3,0.034,no
βίην,grc,3,0.034,no
βίηφι,grc,3,0.034,no
βίηφί,grc,3,0.034,no
βίον,grc,3,0.034,no
βλημένου,grc,3,0.034,no
βοὴ,grc,3,0.034,no
βοῆς,grc,3,0.034,no
βορέαο,grc,3,0.034,no
βορέῃ,grc,3,0.034,no
βόσκει,grc,3,0.034,no
βουλὰς,grc,3,0.034,no
βουλὴν,grc,3,0.034,no
βροτὸν,grc,3,0.034,no
βροτός,grc,3,0.034,no
βρώμην,grc,3,0.034,no
γαιάων,grc,3,0.034,no
γαιήοχε,grc,3,0.034,no
γαιήοχος,grc,3,0.034,no
γαλήνη,grc,3,0.034,no
γάμος,grc,3,0.034,no
γάμου,grc,3,0.034,no
γείτονες,grc,3,0.034,no
γέλω,grc,3,0.034,no
γέλως,grc,3,0.034,no
γενεῇ,grc,3,0.034,no
γενεὴν,grc,3,0.034,no
γενέσθω,grc,3,0.034,no
γενοίατο,grc,3,0.034,no
γένοντο,grc,3,0.034,no
γένωμαι,grc,3,0.034,no
γεραιέ,grc,3,0.034,no
γέροντες,grc,3,0.034,no
γήμασθαι,grc,3,0.034,no
γήραϊ,grc,3,0.034,no
γήραος,grc,3,0.034,no
γίγνωσκον,grc,3,0.034,no
γλυκεροῖο,grc,3,0.034,no
γλυκερὸν,grc,3,0.034,no
γνοίη,grc,3,0.034,no
γνῶναι,grc,3,0.034,no
γόνος,grc,3,0.034,no
γοόωσα,grc,3,0.034,no
γουνὸν,grc,3,0.034,no
γουνοῦμαί,grc,3,0.034,no
δαιμόνιʼ,grc,3,0.034,no
δαιμονίη,grc,3,0.034,no
δαινυμένους,grc,3,0.034,no
δαιτί,grc,3,0.034,no
δαιτρὸς,grc,3,0.034,no
δαΐφρονι,grc,3,0.034,no
δακρυόεντος,grc,3,0.034,no
δακρυόφιν,grc,3,0.034,no
δάκρυσα,grc,3,0.034,no
δάκρυσι,grc,3,0.034,no
δαμαστορίδης,grc,3,0.034,no
δάμη,grc,3,0.034,no
δαμῆναι,grc,3,0.034,no
δεδμημένον,grc,3,0.034,no
δείδια,grc,3,0.034,no
δειλοῖσι,grc,3,0.034,no
δεινήν,grc,3,0.034,no
δεινοῖο,grc,3,0.034,no
δειπνήσειαν,grc,3,0.034,no
δεισάντων,grc,3,0.034,no
δεκάτῳ,grc,3,0.034,no
δέπα,grc,3,0.034,no
δεσμοῖσι,grc,3,0.034,no
δέσποινα,grc,3,0.034,no
δηλήμονα,grc,3,0.034,no
δήμιον,grc,3,0.034,no
δημόδοκον,grc,3,0.034,no
δήμοιό,grc,3,0.034,no
δῆμόν,grc,3,0.034,no
δήμου,grc,3,0.034,no
δία,grc,3,0.034,no
διατμήξας,grc,3,0.034,no
δίδοσαν,grc,3,0.034,no
διείρεαι,grc,3,0.034,no
διεπέρσαμεν,grc,3,0.034,no
διεσκέδασʼ,grc,3,0.034,no
διέχευαν,grc,3,0.034,no
διηνεκέως,grc,3,0.034,no
διιπετέος,grc,3,0.034,no
δικαίῳ,grc,3,0.034,no
δίκας,grc,3,0.034,no
διοτρεφὲς,grc,3,0.034,no
δμῳαί,grc,3,0.034,no
δμῳάς,grc,3,0.034,no
δμῳάων,grc,3,0.034,no
δοίην,grc,3,0.034,no
δοιοὺς,grc,3,0.034,no
δοκεῖ,grc,3,0.034,no
δολίοιο,grc,3,0.034,no
δολίον,grc,3,0.034,no
δολιχήρετμοι,grc,3,0.034,no
δόλοισι,grc,3,0.034,no
δολόμητιν,grc,3,0.034,no
δολόμητις,grc,3,0.034,no
δόρποιο,grc,3,0.034,no
δόρπου,grc,3,0.034,no
δουλιχίῳ,grc,3,0.034,no
δρηστῆρες,grc,3,0.034,no
δύη,grc,3,0.034,no
δυνάμεσθα,grc,3,0.034,no
δύναμις,grc,3,0.034,no
δύνανται,grc,3,0.034,no
δύνασαι,grc,3,0.034,no
δυσμόρῳ,grc,3,0.034,no
δύστηνε,grc,3,0.034,no
δύστηνος,grc,3,0.034,no
δῶκας,grc,3,0.034,no
δῶκέν,grc,3,0.034,no
δώμασιν,grc,3,0.034,no
ἑὰ,grc,3,0.034,no
ἐάᾳς,grc,3,0.034,no
ἔβαλον,grc,3,0.034,no
ἔγχεσιν,grc,3,0.034,no
ἐδάμασσεν,grc,3,0.034,no
ἔδειξεν,grc,3,0.034,no
ἕδος,grc,3,0.034,no
ἐδύναντο,grc,3,0.034,no
ἐέλδεται,grc,3,0.034,no
ἐθάμβεον,grc,3,0.034,no
ἐθέλῃ,grc,3,0.034,no
ἐθέλοι,grc,3,0.034,no
ἐθέλουσʼ,grc,3,0.034,no
ἔθεσαν,grc,3,0.034,no
ἔθνεα,grc,3,0.034,no
εἶδαρ,grc,3,0.034,no
εἰδῇ,grc,3,0.034,no
εἴην,grc,3,0.034,no
εἴης,grc,3,0.034,no
εἰλήλουθα,grc,3,0.034,no
εἶμʼ,grc,3,0.034,no
εἰμὲν,grc,3,0.034,no
εἰνὶ,grc,3,0.034,no
εἶπέ,grc,3,0.034,no
εἶπες,grc,3,0.034,no
εἴρετο,grc,3,0.034,no
εἰρήσομαι,grc,3,0.034,no
εἴρυσθαι,grc,3,0.034,no
εἴρω,grc,3,0.034,no
εἰσαγαγοῦσα,grc,3,0.034,no
εἰσανέβαινον,grc,3,0.034,no
εἰσαφίκηται,grc,3,0.034,no
εἰσαφίκοιτο,grc,3,0.034,no
εἴσεαι,grc,3,0.034,no
εἰσῆλθε,grc,3,0.034,no
ἐΐσης,grc,3,0.034,no
εἴσιδε,grc,3,0.034,no
εἰσιδέειν,grc,3,0.034,no
εἴσιδεν,grc,3,0.034,no
εἰσορόων,grc,3,0.034,no
εἶχε,grc,3,0.034,no
ἐκάη,grc,3,0.034,no
ἕκαστά,grc,3,0.034,no
ἑκάστην,grc,3,0.034,no
ἕκαστοι,grc,3,0.034,no
ἐκβαίνοντα,grc,3,0.034,no
ἐκέδασσεν,grc,3,0.034,no
ἐκεῖνοι,grc,3,0.034,no
ἐκεῖνον,grc,3,0.034,no
ἐκείνῳ,grc,3,0.034,no
ἐκείνων,grc,3,0.034,no
ἐκέκαστο,grc,3,0.034,no
ἐκέλσαμεν,grc,3,0.034,no
ἔκηε,grc,3,0.034,no
ἕκητι,grc,3,0.034,no
ἐκίρνα,grc,3,0.034,no
ἐκτελέσω,grc,3,0.034,no
ἐκτελέωμεν,grc,3,0.034,no
ἔκφυγε,grc,3,0.034,no
ἐλαίη,grc,3,0.034,no
ἔλασαν,grc,3,0.034,no
ἐλάσαντες,grc,3,0.034,no
ἐλάσῃ,grc,3,0.034,no
ἔλασσε,grc,3,0.034,no
ἔλασσεν,grc,3,0.034,no
ἐλεαίρων,grc,3,0.034,no
ἐλέησά,grc,3,0.034,no
ἐλείπομεν,grc,3,0.034,no
ἑλένῃ,grc,3,0.034,no
ἐλέφαντι,grc,3,0.034,no
ἐλθέμεναι,grc,3,0.034,no
ἔλθῃς,grc,3,0.034,no
ἕλκον,grc,3,0.034,no
ἑλοίμην,grc,3,0.034,no
ἔμβρυον,grc,3,0.034,no
ἔμελλες,grc,3,0.034,no
ἐμήν,grc,3,0.034,no
ἐμπλείην,grc,3,0.034,no
ἐμπλήσας,grc,3,0.034,no
ἐμυθεόμην,grc,3,0.034,no
ἔναιε,grc,3,0.034,no
ἐναίσιμοι,grc,3,0.034,no
ἑνδεκάτη,grc,3,0.034,no
ἔνεικαν,grc,3,0.034,no
ἐνένιπε,grc,3,0.034,no
ἐνίπλειον,grc,3,0.034,no
ἐννοσίγαιος,grc,3,0.034,no
ἕννυσθαι,grc,3,0.034,no
ἐντός,grc,3,0.034,no
ἐνώμα,grc,3,0.034,no
ἐξαίτους,grc,3,0.034,no
ἐξαῦτίς,grc,3,0.034,no
ἐξείνισσα,grc,3,0.034,no
ἐξελθοῦσα,grc,3,0.034,no
ἐξερέεσθαι,grc,3,0.034,no
ἐξέσσυτο,grc,3,0.034,no
ἔξοχʼ,grc,3,0.034,no
ἐόντʼ,grc,3,0.034,no
ἐόντε,grc,3,0.034,no
ἔπεʼ,grc,3,0.034,no
ἐπέβην,grc,3,0.034,no
ἐπέδησε,grc,3,0.034,no
ἐπειοί,grc,3,0.034,no
ἔπειραν,grc,3,0.034,no
ἔπειτά,grc,3,0.034,no
ἐπέλασσε,grc,3,0.034,no
ἔπεσʼ,grc,3,0.034,no
ἔπεσον,grc,3,0.034,no
ἐπέσσευεν,grc,3,0.034,no
ἐπεστέψαντο,grc,3,0.034,no
ἕπευ,grc,3,0.034,no
ἐπί,grc,3,0.034,yes
ἐπιδευέες,grc,3,0.034,no
ἐπικρατέουσιν,grc,3,0.034,no
ἐπιμασσάμενος,grc,3,0.034,no
ἐπίμεινον,grc,3,0.034,no
ἔπιον,grc,3,0.034,no
ἔπιπτεν,grc,3,0.034,no
ἔπιπτον,grc,3,0.034,no
ἐπισταδόν,grc,3,0.034,no
ἐπιτέλλομαι,grc,3,0.034,no
ἐποψόμενος,grc,3,0.034,no
ἑπτάετες,grc,3,0.034,no
ἐπῴχετο,grc,3,0.034,no
ἔργῳ,grc,3,0.034,no
ἔρεβος,grc,3,0.034,no
ἐρέει,grc,3,0.034,no
ἐρεείνεις,grc,3,0.034,no
ἔρεξα,grc,3,0.034,no
ἔρεξε,grc,3,0.034,no
ἔρεσσον,grc,3,0.034,no
ἐρίγδουπος,grc,3,0.034,no
ἐριδούπου,grc,3,0.034,no
ἐρίηρον,grc,3,0.034,no
ἔρις,grc,3,0.034,no
ἐρίφων,grc,3,0.034,no
ἕρκεος,grc,3,0.034,no
ἑρμεία,grc,3,0.034,no
ἔρξον,grc,3,0.034,no
ἔρριψε,grc,3,0.034,no
ἐρυκακέειν,grc,3,0.034,no
ἐρύκοι,grc,3,0.034,no
ἐρύσαντες,grc,3,0.034,no
ἐρύσσομεν,grc,3,0.034,no
ἔρχεαι,grc,3,0.034,no
ἔρχεσθε,grc,3,0.034,no
ἐρχομένοιο,grc,3,0.034,no
ἔσθʼ,grc,3,0.034,no
ἐσθῆτος,grc,3,0.034,no
ἐσθίετε,grc,3,0.034,no
ἐσθλὰ,grc,3,0.034,no
ἐσθλοί,grc,3,0.034,no
ἐσθλός,grc,3,0.034,no
ἔσομαι,grc,3,0.034,no
ἔσονται,grc,3,0.034,no
ἕσπερον,grc,3,0.034,no
ἑσσάμενος,grc,3,0.034,no
ἔσσεαι,grc,3,0.034,no
ἕσσεν,grc,3,0.034,no
ἑστήκει,grc,3,0.034,no
ἔστην,grc,3,0.034,no
ἔστησαν,grc,3,0.034,no
ἐσχαρόφιν,grc,3,0.034,no
ἔσχον,grc,3,0.034,no
ἔσχοντο,grc,3,0.034,no
ἑταίροισιν,grc,3,0.034,no
ἔτεκεν,grc,3,0.034,no
ἐτελέσθη,grc,3,0.034,no
ἐτέλεσσε,grc,3,0.034,no
ἕτερόν,grc,3,0.034,no
ἑτέρωσε,grc,3,0.034,no
ἔτικτε,grc,3,0.034,no
ἐτίμα,grc,3,0.034,no
ἔτρεφε,grc,3,0.034,no
ἐτώσια,grc,3,0.034,no
εὐδείελον,grc,3,0.034,no
εὕδοντʼ,grc,3,0.034,no
εὐεργέα,grc,3,0.034,no
ἐυῆρες,grc,3,0.034,no
ἐΰθρονον,grc,3,0.034,no
ἐυκνήμιδας,grc,3,0.034,no
ἐϋκνήμιδας,grc,3,0.034,no
εὐνάζοντο,grc,3,0.034,no
εὔξατο,grc,3,0.034,no
ἐύξοον,grc,3,0.034,no
ἐυπλοκάμοισι,grc,3,0.034,no
εὐρεῖαν,grc,3,0.034,no
εὐρείης,grc,3,0.034,no
εὑρέμεναι,grc,3,0.034,no
εὖρος,grc,3,0.034,no
εὐρύκλειʼ,grc,3,0.034,no
εὐρύμαχον,grc,3,0.034,no
εὐρυμάχῳ,grc,3,0.034,no
εὐρυοδείης,grc,3,0.034,no
εὐρώεντα,grc,3,0.034,no
ἐύσσελμοι,grc,3,0.034,no
εὔτυκτον,grc,3,0.034,no
ἐϋφρονέων,grc,3,0.034,no
εὔχεο,grc,3,0.034,no
εὐχόμεθʼ,grc,3,0.034,no
εὖχος,grc,3,0.034,no
ἔφασαν,grc,3,0.034,no
ἐφεύρομεν,grc,3,0.034,no
ἐφήσω,grc,3,0.034,no
ἐφορᾷ,grc,3,0.034,no
ἐχέμεν,grc,3,0.034,no
ἔχεται,grc,3,0.034,no
ἔχετον,grc,3,0.034,no
ἐχέφρονι,grc,3,0.034,no
ἔχῃ,grc,3,0.034,no
ἐχόμην,grc,3,0.034,no
ἔχονται,grc,3,0.034,no
ἔχρισεν,grc,3,0.034,no
ἔχωμεν,grc,3,0.034,no
ἐώλπει,grc,3,0.034,no
ζακύνθῳ,grc,3,0.034,no
ζείδωρος,grc,3,0.034,no
ζεύγνυντʼ,grc,3,0.034,no
ζεφύροιο,grc,3,0.034,no
ζηνὶ,grc,3,0.034,no
ζυγὸν,grc,3,0.034,no
ζωὴν,grc,3,0.034,no
ζώνην,grc,3,0.034,no
ζωόν,grc,3,0.034,no
ζώοντες,grc,3,0.034,no
ζώοντος,grc,3,0.034,no
ζωοῦ,grc,3,0.034,no
ἥατο,grc,3,0.034,no
ἥβην,grc,3,0.034,no
ἦγε,grc,3,0.034,no
ἡγεμόνευʼ,grc,3,0.034,no
ἤγερθεν,grc,3,0.034,no
ἠδέ,grc,3,0.034,no
ἡδυπότοιο,grc,3,0.034,no
ᾖεν,grc,3,0.034,no
ἠέρα,grc,3,0.034,no
ἤην,grc,3,0.034,no
ἤθελεν,grc,3,0.034,no
ἤϊκτο,grc,3,0.034,no
ἠιόνας,grc,3,0.034,no
ἤκουσα,grc,3,0.034,no
ἤκουσε,grc,3,0.034,no
ἠλακάτην,grc,3,0.034,no
ἤλιδα,grc,3,0.034,no
ἤλυθες,grc,3,0.034,no
ἠμαθόεντα,grc,3,0.034,no
ἠμαθόεντος,grc,3,0.034,no
ἠματίη,grc,3,0.034,no
ἥμεθʼ,grc,3,0.034,no
ἥμεναι,grc,3,0.034,no
ἥμενον,grc,3,0.034,no
ἡμέραι,grc,3,0.034,no
ἡμέτερε,grc,3,0.034,no
ἡμετέρη,grc,3,0.034,no
ἡμετέρῃ,grc,3,0.034,no
ἡμετέροισιν,grc,3,0.034,no
ἡμετέρων,grc,3,0.034,no
ἡμιόνοιιν,grc,3,0.034,no
ἠνεμοέσσας,grc,3,0.034,no
ἤντησας,grc,3,0.034,no
ἠνώγεα,grc,3,0.034,no
ἧός,grc,3,0.034,no
ἠοῦς,grc,3,0.034,no
ἤπια,grc,3,0.034,no
ἤπιον,grc,3,0.034,no
ἦρα,grc,3,0.034,no
ἥρη,grc,3,0.034,no
ἠρήσαντο,grc,3,0.034,no
ἦσθε,grc,3,0.034,no
ἠύτʼ,grc,3,0.034,no
ἤχθηρε,grc,3,0.034,no
θαλερὴ,grc,3,0.034,no
θαμὰ,grc,3,0.034,no
θανόντι,grc,3,0.034,no
θανόντος,grc,3,0.034,no
θαύμαζεν,grc,3,0.034,no
θεᾶς,grc,3,0.034,no
θείειν,grc,3,0.034,no
θέμεναι,grc,3,0.034,no
θέμενος,grc,3,0.034,no
θεοειδὴς,grc,3,0.034,no
θεσπεσίοιο,grc,3,0.034,no
θέσπιν,grc,3,0.034,no
θέσφαθʼ,grc,3,0.034,no
θέων,grc,3,0.034,no
θηήσατο,grc,3,0.034,no
θῆκαν,grc,3,0.034,no
θηλυτέρῃσι,grc,3,0.034,no
θήσειν,grc,3,0.034,no
θῖνʼ,grc,3,0.034,no
θοῆς,grc,3,0.034,no
θοῇς,grc,3,0.034,no
θρασυμήδης,grc,3,0.034,no
θρῆνυν,grc,3,0.034,no
θρόνοις,grc,3,0.034,no
θῦε,grc,3,0.034,no
θυμαλγέα,grc,3,0.034,no
θυμολέοντα,grc,3,0.034,no
θυοσκόος,grc,3,0.034,no
θυρεὸν,grc,3,0.034,no
θύρετρα,grc,3,0.034,no
θύων,grc,3,0.034,no
ἰάνθη,grc,3,0.034,no
ἴδηαι,grc,3,0.034,no
ἴδησθε,grc,3,0.034,no
ἴδμεναι,grc,3,0.034,no
ἰδομενῆα,grc,3,0.034,no
ἰδόμην,grc,3,0.034,no
ἴδωμαι,grc,3,0.034,no
ἱέμενον,grc,3,0.034,no
ἱέμενός,grc,3,0.034,no
ἱεροῖς,grc,3,0.034,no
ἵκανον,grc,3,0.034,no
ἰκαρίου,grc,3,0.034,no
ἵκεθʼ,grc,3,0.034,no
ἱκέτης,grc,3,0.034,no
ἵκοισθε,grc,3,0.034,no
ἵκοιτʼ,grc,3,0.034,no
ἴκρια,grc,3,0.034,no
ἱμάντα,grc,3,0.034,no
ἵππον,grc,3,0.034,no
ἱρὰ,grc,3,0.034,no
ἶρον,grc,3,0.034,no
ἴσασιν,grc,3,0.034,no
ἶσος,grc,3,0.034,no
ἱσταμένοιο,grc,3,0.034,no
ἵστασαν,grc,3,0.034,no
ἱστοπέδῃ,grc,3,0.034,no
ἱστοὺς,grc,3,0.034,no
ἴσχει,grc,3,0.034,no
ἰφθίμῳ,grc,3,0.034,no
ἴω,grc,3,0.034,no
καθέζετο,grc,3,0.034,no
καθύπερθε,grc,3,0.034,no
κακὴν,grc,3,0.034,no
κακοὶ,grc,3,0.034,no
κακοΐλιον,grc,3,0.034,no
κακοῖσιν,grc,3,0.034,no
καλαὶ,grc,3,0.034,no
κάλει,grc,3,0.034,no
καλέουσι,grc,3,0.034,no
καλέσας,grc,3,0.034,no
καλεσσάμενος,grc,3,0.034,no
καλέσσας,grc,3,0.034,no
καλεῦντες,grc,3,0.034,no
καλὴ,grc,3,0.034,no
κάλλιμα,grc,3,0.034,no
κάλλιπʼ,grc,3,0.034,no
καλλίτριχας,grc,3,0.034,no
κάματος,grc,3,0.034,no
καμπύλα,grc,3,0.034,no
κανέοιο,grc,3,0.034,no
κανέοισιν,grc,3,0.034,no
καπνοῦ,grc,3,0.034,no
κάρτος,grc,3,0.034,no
κάτʼ,grc,3,0.034,no
κατατεθνηυίης,grc,3,0.034,no
κατέδησε,grc,3,0.034,no
κατέδησεν,grc,3,0.034,no
κατέδραθον,grc,3,0.034,no
κατέλειπον,grc,3,0.034,no
κατέλεξεν,grc,3,0.034,no
κατέπεφνε,grc,3,0.034,no
κατερύκεται,grc,3,0.034,no
κατέχευε,grc,3,0.034,no
κατηρεφές,grc,3,0.034,no
κεδνὴ,grc,3,0.034,no
κείμεθʼ,grc,3,0.034,no
κειμήλιον,grc,3,0.034,no
κείνοισιν,grc,3,0.034,no
κείνων,grc,3,0.034,no
κείων,grc,3,0.034,no
κεκλιμένη,grc,3,0.034,no
κεκοτηότι,grc,3,0.034,no
κελαινεφές,grc,3,0.034,no
κελαινόν,grc,3,0.034,no
κελαινὸν,grc,3,0.034,no
κέλευσε,grc,3,0.034,no
κελεύω,grc,3,0.034,no
κέλονται,grc,3,0.034,no
κέρασιν,grc,3,0.034,no
κεραυνόν,grc,3,0.034,no
κεφαλλήνων,grc,3,0.034,no
κεχαρισμένα,grc,3,0.034,no
κεχολῶσθαι,grc,3,0.034,no
κέχρητʼ,grc,3,0.034,no
κήδετο,grc,3,0.034,no
κηρὶ,grc,3,0.034,no
κίνησε,grc,3,0.034,no
κιόντα,grc,3,0.034,no
κιόντες,grc,3,0.034,no
κλαίειν,grc,3,0.034,no
κλαίοντες,grc,3,0.034,no
κλαίουσα,grc,3,0.034,no
κλαυθμοῖο,grc,3,0.034,no
κληῗσαι,grc,3,0.034,no
κλήϊσεν,grc,3,0.034,no
κλῦθι,grc,3,0.034,no
κλῦθί,grc,3,0.034,no
κλυταιμνήστρη,grc,3,0.034,no
κλυτὸς,grc,3,0.034,no
κοίτοιο,grc,3,0.034,no
κοῖτος,grc,3,0.034,no
κοίτου,grc,3,0.034,no
κομιδὴ,grc,3,0.034,no
κομόωντας,grc,3,0.034,no
κονίῃσιν,grc,3,0.034,no
κόπρῳ,grc,3,0.034,no
κορώνῃ,grc,3,0.034,no
κούρω,grc,3,0.034,no
κρατερὸν,grc,3,0.034,no
κρατὶ,grc,3,0.034,no
κρέας,grc,3,0.034,no
κρειόντων,grc,3,0.034,no
κρήνην,grc,3,0.034,no
κρήτεσσι,grc,3,0.034,no
κρητῆρι,grc,3,0.034,no
κρητῆρος,grc,3,0.034,no
κρῖ,grc,3,0.034,no
κρονίδη,grc,3,0.034,no
κρύψω,grc,3,0.034,no
κτεατίσσας,grc,3,0.034,no
κτεῖνε,grc,3,0.034,no
κτείνοντο,grc,3,0.034,no
κτέρεα,grc,3,0.034,no
κτήματά,grc,3,0.034,no
κυκλώπεσσι,grc,3,0.034,no
κύκλωπος,grc,3,0.034,no
κύματʼ,grc,3,0.034,no
κύνεον,grc,3,0.034,no
κύντερον,grc,3,0.034,no
κύρμα,grc,3,0.034,no
κύσσε,grc,3,0.034,no
λαερτιάδην,grc,3,0.034,no
λαοδάμαντα,grc,3,0.034,no
λαοδάμας,grc,3,0.034,no
λέγε,grc,3,0.034,no
λειμῶνα,grc,3,0.034,no
λέκτροισι,grc,3,0.034,no
λέξομαι,grc,3,0.034,no
λέοντες,grc,3,0.034,no
λέσβῳ,grc,3,0.034,no
λευκώλενοι,grc,3,0.034,no
λεχέεσσιν,grc,3,0.034,no
λήθετʼ,grc,3,0.034,no
λίθος,grc,3,0.034,no
λιλαίεαι,grc,3,0.034,no
λιμένας,grc,3,0.034,no
λιμένες,grc,3,0.034,no
λιμὴν,grc,3,0.034,no
λιπαροῖσιν,grc,3,0.034,no
λίπεν,grc,3,0.034,no
λιπόμην,grc,3,0.034,no
λίπον,grc,3,0.034,no
λίσσεσθαι,grc,3,0.034,no
λισσὴ,grc,3,0.034,no
λούσαντο,grc,3,0.034,no
λοῦσεν,grc,3,0.034,no
λοῦσέν,grc,3,0.034,no
λοχησάμενος,grc,3,0.034,no
λυγρῷ,grc,3,0.034,no
λῦσε,grc,3,0.034,no
λώβην,grc,3,0.034,no
λωτοῖο,grc,3,0.034,no
μακαρίζοι,grc,3,0.034,no
μακρά,grc,3,0.034,no
μακών,grc,3,0.034,no
μαλακοῖς,grc,3,0.034,no
μαλακὸν,grc,3,0.034,no
μάλιστʼ,grc,3,0.034,no
μαντεύσομαι,grc,3,0.034,no
μάχοιτο,grc,3,0.034,no
μεγάλης,grc,3,0.034,no
μεγαλήτορι,grc,3,0.034,no
μεγάλους,grc,3,0.034,no
μεγάλῳ,grc,3,0.034,no
μεγαπένθης,grc,3,0.034,no
μέγαρʼ,grc,3,0.034,no
μέγαρόνδε,grc,3,0.034,no
μέγιστον,grc,3,0.034,no
μείζονα,grc,3,0.034,no
μελανθεύς,grc,3,0.034,no
μελάνθιον,grc,3,0.034,no
μέλεσσι,grc,3,0.034,no
μεμαῶτα,grc,3,0.034,no
μεμαῶτες,grc,3,0.034,no
μεμιγμένον,grc,3,0.034,no
μέμνηται,grc,3,0.034,no
μένεϊ,grc,3,0.034,no
μερμηρίζει,grc,3,0.034,no
μερμήριξα,grc,3,0.034,no
μερμήριξεν,grc,3,0.034,no
μεσσηγὺς,grc,3,0.034,no
μετόπισθʼ,grc,3,0.034,no
μετώπῳ,grc,3,0.034,no
μηκάδας,grc,3,0.034,no
μηκέτʼ,grc,3,0.034,no
μήλοισι,grc,3,0.034,no
μῆλον,grc,3,0.034,no
μῆνα,grc,3,0.034,no
μῆνιν,grc,3,0.034,no
μηνῶν,grc,3,0.034,no
μῆρʼ,grc,3,0.034,no
μηρία,grc,3,0.034,no
μήσατο,grc,3,0.034,no
μητίετα,grc,3,0.034,no
μίαν,grc,3,0.034,no
μιγεῖσα,grc,3,0.034,no
μίμνειν,grc,3,0.034,no
μίνυνθά,grc,3,0.034,no
μνησώμεθα,grc,3,0.034,no
μολπῆς,grc,3,0.034,no
μυθεῖται,grc,3,0.034,no
ναῖε,grc,3,0.034,no
ναῖεν,grc,3,0.034,no
νέηται,grc,3,0.034,no
νεκρῶν,grc,3,0.034,no
νέκυας,grc,3,0.034,no
νεκύεσσι,grc,3,0.034,no
νέκυσσιν,grc,3,0.034,no
νεμεσήσῃ,grc,3,0.034,no
νέμεσις,grc,3,0.034,no
νεμεσσῶμαι,grc,3,0.034,no
νέος,grc,3,0.034,no
νέστορ,grc,3,0.034,no
νέστορι,grc,3,0.034,no
νεστορίδη,grc,3,0.034,no
νευστάζων,grc,3,0.034,no
νέφεα,grc,3,0.034,no
νεώτεροι,grc,3,0.034,no
νεώτερον,grc,3,0.034,no
νῆʼ,grc,3,0.034,no
νηϊάδες,grc,3,0.034,no
νηλείτιδές,grc,3,0.034,no
νηλεὺς,grc,3,0.034,no
νηληϊάδη,grc,3,0.034,no
νήματʼ,grc,3,0.034,no
νημερτής,grc,3,0.034,no
νήπιός,grc,3,0.034,no
νήσων,grc,3,0.034,no
νηυσίν,grc,3,0.034,no
νοέοντι,grc,3,0.034,no
νοήματα,grc,3,0.034,no
νοήμονες,grc,3,0.034,no
νοῆσαι,grc,3,0.034,no
νομῆας,grc,3,0.034,no
νομῆες,grc,3,0.034,no
νόοιο,grc,3,0.034,no
νοστήσαντι,grc,3,0.034,no
νοστήσειε,grc,3,0.034,no
νόστιμός,grc,3,0.034,no
νοσφισσαμένη,grc,3,0.034,no
νοῦσος,grc,3,0.034,no
νυκτὸς,grc,3,0.034,no
νώμησεν,grc,3,0.034,no
ξεινήιον,grc,3,0.034,no
ξείνιον,grc,3,0.034,no
ξεῖνοί,grc,3,0.034,no
ξείνοισιν,grc,3,0.034,no
ξεῖνός,grc,3,0.034,no
ξενίη,grc,3,0.034,no
ξεστοῖσι,grc,3,0.034,no
ξυμβλήμενος,grc,3,0.034,no
ὄβριμον,grc,3,0.034,no
ὁδίτης,grc,3,0.034,no
ὁδόν,grc,3,0.034,no
ὀδύρεται,grc,3,0.034,no
ὀδυρομένην,grc,3,0.034,no
ὀδυρόμενοι,grc,3,0.034,no
ὀϊζύν,grc,3,0.034,no
ὀιζυρὸν,grc,3,0.034,no
οἴην,grc,3,0.034,no
οἰκίʼ,grc,3,0.034,no
οἴκοιο,grc,3,0.034,no
οἴκους,grc,3,0.034,no
οἰκτίστῳ,grc,3,0.034,no
οἰνοβαρείων,grc,3,0.034,no
οἰνοχόος,grc,3,0.034,no
οἶοι,grc,3,0.034,no
ὄις,grc,3,0.034,no
ὄϊς,grc,3,0.034,no
ὀισάμενος,grc,3,0.034,no
οἶσε,grc,3,0.034,no
οἰσέμεναι,grc,3,0.034,no
οἷσί,grc,3,0.034,no
οἷσίν,grc,3,0.034,no
ὀϊστόν,grc,3,0.034,no
ὀίων,grc,3,0.034,no
οἰωνοὶ,grc,3,0.034,no
ὀκτωκαιδεκάτῃ,grc,3,0.034,no
ὄλεθρος,grc,3,0.034,no
ὀλέσαντες,grc,3,0.034,no
ὀλοοῖς,grc,3,0.034,no
ὀλοόφρονος,grc,3,0.034,no
ὀλοφώια,grc,3,0.034,no
ὀλύμπια,grc,3,0.034,no
ὀλυμπίου,grc,3,0.034,no
ὁμηγερέες,grc,3,0.034,no
ὁμηλικίη,grc,3,0.034,no
ὁμιλήσειεν,grc,3,0.034,no
ὁμόκλεον,grc,3,0.034,no
ὄμοσάν,grc,3,0.034,no
ὀμόσσαι,grc,3,0.034,no
ὀνείδεα,grc,3,0.034,no
ὀνομαστήν,grc,3,0.034,no
ὀνομήνω,grc,3,0.034,no
ὀξέα,grc,3,0.034,no
ὄπʼ,grc,3,0.034,no
ὀπὶ,grc,3,0.034,no
ὀπίσω,grc,3,0.034,no
ὅππη,grc,3,0.034,no
ὁρᾷ,grc,3,0.034,no
ὁράασθαι,grc,3,0.034,no
ὄρεα,grc,3,0.034,no
ὄρηται,grc,3,0.034,no
ὀρθὸν,grc,3,0.034,no
ὄρινε,grc,3,0.034,no
ὅρκια,grc,3,0.034,no
ὅρκῳ,grc,3,0.034,no
ὁρμαίνοντες,grc,3,0.034,no
ὅρμον,grc,3,0.034,no
ὄρνιθες,grc,3,0.034,no
ὁρόων,grc,3,0.034,no
ὁρόωντες,grc,3,0.034,no
ὄρσας,grc,3,0.034,no
ὀρτιλόχοιο,grc,3,0.034,no
ὄρχατον,grc,3,0.034,no
ὁρώμενος,grc,3,0.034,no
ὄσσαν,grc,3,0.034,no
ὀστέʼ,grc,3,0.034,no
ὀτρύνει,grc,3,0.034,no
οὐδέν,grc,3,0.034,no
οὐλήν,grc,3,0.034,no
οὐλοχύτας,grc,3,0.034,no
οὐρανίωνες,grc,3,0.034,no
οὐρανοῦ,grc,3,0.034,no
οὔρῳ,grc,3,0.034,no
οὕς,grc,3,0.034,no
οὐτιδανὸς,grc,3,0.034,no
οὖτις,grc,3,0.034,no
ὀφθαλμοῦ,grc,3,0.034,no
ὀφθαλμῷ,grc,3,0.034,no
ὀφθαλμῶν,grc,3,0.034,no
ὄψα,grc,3,0.034,no
ὄψεται,grc,3,0.034,no
παλαιά,grc,3,0.034,no
παλαιοῦ,grc,3,0.034,no
παλάμῃσι,grc,3,0.034,no
παναχαιοί,grc,3,0.034,no
πανημέριοι,grc,3,0.034,no
πάνθʼ,grc,3,0.034,no
παννύχιος,grc,3,0.034,no
πάντῃ,grc,3,0.034,no
παντὶ,grc,3,0.034,no
πάντοθεν,grc,3,0.034,no
παράκοιτις,grc,3,0.034,no
παρασταδὸν,grc,3,0.034,no
παρεῖναι,grc,3,0.034,no
παρὲκ,grc,3,0.034,no
παρθέμενοι,grc,3,0.034,no
παρθένος,grc,3,0.034,no
πᾶσα,grc,3,0.034,no
πάσαντο,grc,3,0.034,no
πατέρων,grc,3,0.034,no
πατρὶς,grc,3,0.034,no
πατροφονῆα,grc,3,0.034,no
παῦσαν,grc,3,0.034,no
πειθώμεθα,grc,3,0.034,no
πείραιον,grc,3,0.034,no
πείραιος,grc,3,0.034,no
πείρων,grc,3,0.034,no
πεισηνορίδαο,grc,3,0.034,no
πεῖσμα,grc,3,0.034,no
πελέκεων,grc,3,0.034,no
πέλεκυν,grc,3,0.034,no
πέλεται,grc,3,0.034,no
πελώριον,grc,3,0.034,no
πέμψαι,grc,3,0.034,no
πέμψει,grc,3,0.034,no
πεπληγυῖα,grc,3,0.034,no
πεπνυμένον,grc,3,0.034,no
πέπον,grc,3,0.034,no
περικλυτόν,grc,3,0.034,no
περικλυτὸς,grc,3,0.034,no
περίμετρον,grc,3,0.034,no
περόωσι,grc,3,0.034,no
περσεφονείης,grc,3,0.034,no
πετέσθην,grc,3,0.034,no
πέτρῃσι,grc,3,0.034,no
πευθοίαθʼ,grc,3,0.034,no
πέφραδε,grc,3,0.034,no
πεφύκει,grc,3,0.034,no
πεφυρμένη,grc,3,0.034,no
πῆ,grc,3,0.034,no
πηδάλιον,grc,3,0.034,no
πηλῆος,grc,3,0.034,no
πήματʼ,grc,3,0.034,no
πηνελοπείης,grc,3,0.034,no
πήχεε,grc,3,0.034,no
πιέμεν,grc,3,0.034,no
πίθοντο,grc,3,0.034,no
πικρόγαμοί,grc,3,0.034,no
πικρὸν,grc,3,0.034,no
πίνακας,grc,3,0.034,no
πῖνέ,grc,3,0.034,no
πίνειν,grc,3,0.034,no
πινέμεν,grc,3,0.034,no
πινυτή,grc,3,0.034,no
πλέον,grc,3,0.034,no
πνοιῇς,grc,3,0.034,no
πόδα,grc,3,0.034,no
ποδὶ,grc,3,0.034,no
ποθέοντες,grc,3,0.034,no
ποθὴ,grc,3,0.034,no
πόθος,grc,3,0.034,no
ποίει,grc,3,0.034,no
ποιήεντα,grc,3,0.034,no
ποίης,grc,3,0.034,no
ποίησʼ,grc,3,0.034,no
ποιῆσαι,grc,3,0.034,no
ποίησαν,grc,3,0.034,no
ποικίλʼ,grc,3,0.034,no
ποῖον,grc,3,0.034,no
πολέας,grc,3,0.034,no
πολέες,grc,3,0.034,no
πολεμίζομεν,grc,3,0.034,no
πόλεμόν,grc,3,0.034,no
πολέος,grc,3,0.034,no
πολιόν,grc,3,0.034,no
πολλὴ,grc,3,0.034,no
πολυδακρύτοιο,grc,3,0.034,no
πολυδένδρεον,grc,3,0.034,no
πολυδέσμου,grc,3,0.034,no
πολυκλύστῳ,grc,3,0.034,no
πολυτρήτοισι,grc,3,0.034,no
πολύφημος,grc,3,0.034,no
πονέοντο,grc,3,0.034,no
πονησάμενος,grc,3,0.034,no
πόνον,grc,3,0.034,no
πόνος,grc,3,0.034,no
πόνου,grc,3,0.034,no
ποντόνοος,grc,3,0.034,no
πόρῃσιν,grc,3,0.034,no
πόρφυρε,grc,3,0.034,no
πόσει,grc,3,0.034,no
ποσείδαον,grc,3,0.034,no
ποσειδάωνος,grc,3,0.034,no
πότνα,grc,3,0.034,no
ποτοῖο,grc,3,0.034,no
ποτὸν,grc,3,0.034,no
πρῆξις,grc,3,0.034,no
προβλῆτες,grc,3,0.034,no
προΐει,grc,3,0.034,no
προΐειν,grc,3,0.034,no
προλιπὼν,grc,3,0.034,no
προπάροιθεν,grc,3,0.034,no
προσαΐξας,grc,3,0.034,no
προσέφην,grc,3,0.034,no
προσπτύξομαι,grc,3,0.034,no
προτέρη,grc,3,0.034,no
πρυμνῇ,grc,3,0.034,no
πρώτιστον,grc,3,0.034,no
πρώτοισιν,grc,3,0.034,no
πτολέμους,grc,3,0.034,no
πτολίπορθος,grc,3,0.034,no
πτωχὸν,grc,3,0.034,no
πτωχῶν,grc,3,0.034,no
πυθμένʼ,grc,3,0.034,no
πυθόμην,grc,3,0.034,no
πυκινὰ,grc,3,0.034,no
πυκιναὶ,grc,3,0.034,no
πυκινοῖσιν,grc,3,0.034,no
πὺξ,grc,3,0.034,no
πυρὸν,grc,3,0.034,no
ῥάβδον,grc,3,0.034,no
ῥέε,grc,3,0.034,no
ῥέξαι,grc,3,0.034,no
ῥῖνάς,grc,3,0.034,no
ῥινὸν,grc,3,0.034,no
ῥόπαλον,grc,3,0.034,no
ῥυπόωντα,grc,3,0.034,no
ῥυτῆρα,grc,3,0.034,no
ῥωγαλέην,grc,3,0.034,no
σά,grc,3,0.034,no
σάμοιό,grc,3,0.034,no
σανίδες,grc,3,0.034,no
σάω,grc,3,0.034,no
σέο,grc,3,0.034,no
σεῦ,grc,3,0.034,no
σήμερον,grc,3,0.034,no
σιδήρεον,grc,3,0.034,no
σκόπελον,grc,3,0.034,no
σκύλλης,grc,3,0.034,no
σοι,grc,3,0.034,no
σόν,grc,3,0.034,no
σπείρου,grc,3,0.034,no
σπεῦσε,grc,3,0.034,no
σπῆι,grc,3,0.034,no
σταθμοῖσι,grc,3,0.034,no
στεῖραν,grc,3,0.034,no
στενάχοντες,grc,3,0.034,no
στῆσα,grc,3,0.034,no
στησάμενοι,grc,3,0.034,no
στῆσαν,grc,3,0.034,no
στῆσε,grc,3,0.034,no
στιβαρῇσι,grc,3,0.034,no
στοναχῆς,grc,3,0.034,no
στρόφος,grc,3,0.034,no
στυγερὴν,grc,3,0.034,no
στυγερὸς,grc,3,0.034,no
συβώτῃ,grc,3,0.034,no
σύν,grc,3,0.034,no
συναντόμενος,grc,3,0.034,no
συφορβός,grc,3,0.034,no
σφῷ,grc,3,0.034,no
σχερίην,grc,3,0.034,no
σχέτλια,grc,3,0.034,no
σχέτλιος,grc,3,0.034,no
σχὼν,grc,3,0.034,no
ταλαπείριον,grc,3,0.034,no
τἆλλα,grc,3,0.034,no
ταμίην,grc,3,0.034,no
ταμὼν,grc,3,0.034,no
τανύπεπλος,grc,3,0.034,no
τανύσσαι,grc,3,0.034,no
τανύφυλλος,grc,3,0.034,no
τάρφθη,grc,3,0.034,no
ταῦθʼ,grc,3,0.034,no
ταύτην,grc,3,0.034,no
τάφος,grc,3,0.034,no
ταχὺς,grc,3,0.034,no
τεθαλυῖά,grc,3,0.034,no
τεθνάμεν,grc,3,0.034,no
τεῖχος,grc,3,0.034,no
τέκεσσιν,grc,3,0.034,no
τέκτων,grc,3,0.034,no
τελείεται,grc,3,0.034,no
τέλεσʼ,grc,3,0.034,no
τελέσειε,grc,3,0.034,no
τελεύτησάν,grc,3,0.034,no
τέμενος,grc,3,0.034,no
τεοῖσι,grc,3,0.034,no
τέρπειν,grc,3,0.034,no
τέρπεο,grc,3,0.034,no
τέρπομαι,grc,3,0.034,no
τερπόμενοι,grc,3,0.034,no
τερπώμεθα,grc,3,0.034,no
τέταρτον,grc,3,0.034,no
τετεύχαται,grc,3,0.034,no
τετύκοντό,grc,3,0.034,no
τεῦ,grc,3,0.034,no
τεύξουσι,grc,3,0.034,no
τεῦχε,grc,3,0.034,no
τεύχεσιν,grc,3,0.034,no
τέχνην,grc,3,0.034,no
τέων,grc,3,0.034,no
τῇδε,grc,3,0.034,no
τήκετο,grc,3,0.034,no
τηλόθʼ,grc,3,0.034,no
τήνδʼ,grc,3,0.034,no
τῇσιν,grc,3,0.034,no
τίει,grc,3,0.034,no
τινὰ,grc,3,0.034,no
τίσις,grc,3,0.034,no
τιτυσκόμενος,grc,3,0.034,no
τοιαῦτά,grc,3,0.034,no
τοιόσδʼ,grc,3,0.034,no
τοιόσδε,grc,3,0.034,no
τοιοῦτος,grc,3,0.034,no
τοῖχοι,grc,3,0.034,no
τοῖχον,grc,3,0.034,no
τόσσοι,grc,3,0.034,no
τούς,grc,3,0.034,no
τούσδε,grc,3,0.034,no
τράπεζα,grc,3,0.034,no
τραπέζῃ,grc,3,0.034,no
τρόπιος,grc,3,0.034,no
τροχὸν,grc,3,0.034,no
τρύχουσι,grc,3,0.034,no
τυρῶν,grc,3,0.034,no
τῳ,grc,3,0.034,no
τῶνδε,grc,3,0.034,no
ὕας,grc,3,0.034,no
ὑβρισταί,grc,3,0.034,no
ὑγρὴν,grc,3,0.034,no
ὕεσσιν,grc,3,0.034,no
υἷα,grc,3,0.034,no
υἱέι,grc,3,0.034,no
υἱεῖς,grc,3,0.034,no
υἷι,grc,3,0.034,no
υἷος,grc,3,0.034,no
ὕλη,grc,3,0.034,no
ὑμετέρῃ,grc,3,0.034,no
ὑμέων,grc,3,0.034,no
ὕμιν,grc,3,0.034,no
ὑός,grc,3,0.034,no
ὕπατε,grc,3,0.034,no
ὑπεὶρ,grc,3,0.034,no
ὑπεκφύγοι,grc,3,0.034,no
ὑπελείπετο,grc,3,0.034,no
ὑπένερθε,grc,3,0.034,no
ὕπερ,grc,3,0.034,no
ὕπερθε,grc,3,0.034,no
ὑπερίονι,grc,3,0.034,no
ὑπερίονος,grc,3,0.034,no
ὑπέρτερα,grc,3,0.034,no
ὑπερφίαλοι,grc,3,0.034,no
ὑπέσχετο,grc,3,0.034,no
ὑποθήσομαι,grc,3,0.034,no
ὑπολείψομαι,grc,3,0.034,no
ὑψαγόρη,grc,3,0.034,no
ὑψηλάων,grc,3,0.034,no
ὑψηλοῖσι,grc,3,0.034,no
ὑψηλῶν,grc,3,0.034,no
ὑψικόμοιο,grc,3,0.034,no
ὑψοῦ,grc,3,0.034,no
φάεα,grc,3,0.034,no
φαεινὰς,grc,3,0.034,no
φαιήκεσσιν,grc,3,0.034,no
φαινομένηφι,grc,3,0.034,no
φάμεν,grc,3,0.034,no
φάνεσκε,grc,3,0.034,no
φανῆναι,grc,3,0.034,no
φάσʼ,grc,3,0.034,no
φέρειν,grc,3,0.034,no
φέρουσιν,grc,3,0.034,no
φησι,grc,3,0.034,no
φησὶ,grc,3,0.034,no
φθέγγοντο,grc,3,0.034,no
φθινόντων,grc,3,0.034,no
φθίνουσιν,grc,3,0.034,no
φθινύθουσι,grc,3,0.034,no
φθινύθουσιν,grc,3,0.034,no
φθονέω,grc,3,0.034,no
φιλέει,grc,3,0.034,no
φιλέεσκε,grc,3,0.034,no
φίλει,grc,3,0.034,no
φίλῃ,grc,3,0.034,no
φιληρέτμοισιν,grc,3,0.034,no
φίλοις,grc,3,0.034,no
φιλότητά,grc,3,0.034,no
φορέουσι,grc,3,0.034,no
φόρκυνος,grc,3,0.034,no
φορμίζων,grc,3,0.034,no
φόως,grc,3,0.034,no
φράζεο,grc,3,0.034,no
φράζευ,grc,3,0.034,no
φραζώμεθʼ,grc,3,0.034,no
φράσαι,grc,3,0.034,no
φρονέοντες,grc,3,0.034,no
φρονέω,grc,3,0.034,no
φρονίοιο,grc,3,0.034,no
φύγοι,grc,3,0.034,no
φύγομεν,grc,3,0.034,no
φύγον,grc,3,0.034,no
φῦλʼ,grc,3,0.034,no
φυλάσσειν,grc,3,0.034,no
φύλλοισι,grc,3,0.034,no
φῦλον,grc,3,0.034,no
φύντες,grc,3,0.034,no
φωνή,grc,3,0.034,no
φωνήν,grc,3,0.034,no
φῶτας,grc,3,0.034,no
χαλεπαίνοι,grc,3,0.034,no
χαλεποῖσιν,grc,3,0.034,no
χαλεπόν,grc,3,0.034,no
χαλεπός,grc,3,0.034,no
χαλκήρεας,grc,3,0.034,no
χαλκήρεϊ,grc,3,0.034,no
χαλκὸν,grc,3,0.034,no
χαλκοῦ,grc,3,0.034,no
χαριζόμενος,grc,3,0.034,no
χείλεσι,grc,3,0.034,no
χεούσῃ,grc,3,0.034,no
χεῦʼ,grc,3,0.034,no
χεῦε,grc,3,0.034,no
χέων,grc,3,0.034,no
χηλὸν,grc,3,0.034,no
χιὼν,grc,3,0.034,no
χροΐ,grc,3,0.034,no
χρυσείην,grc,3,0.034,no
χρύσειον,grc,3,0.034,no
χρυσόθρονον,grc,3,0.034,no
χρυσοῖο,grc,3,0.034,no
ψαμάθοισι,grc,3,0.034,no
ψυχαὶ,grc,3,0.034,no
ὤιξε,grc,3,0.034,no
ὠκεανὸς,grc,3,0.034,no
ὠκύαλος,grc,3,0.034,no
ὠκύμοροί,grc,3,0.034,no
ὤλεσαν,grc,3,0.034,no
ὤμοισι,grc,3,0.034,no
ὤμων,grc,3,0.034,no
ὦπα,grc,3,0.034,no
ὦπος,grc,3,0.034,no
ὤπτησαν,grc,3,0.034,no
ὠρίνετο,grc,3,0.034,no
ὠρίωνα,grc,3,0.034,no
ὥρμισαν,grc,3,0.034,no
ὦρσεν,grc,3,0.034,no
ὤτρυνε,grc,3,0.034,no
ὤτρυνεν,grc,3,0.034,no
ᾤχεο,grc,3,0.034,no
ᾤχοντʼ,grc,3,0.034,no
ἀάσθη,grc,2,0.023,no
ἀβληχρὸς,grc,2,0.023,no
ἀγάγοι,grc,2,0.023,no
ἄγαγον,grc,2,0.023,no
ἀγαγοῦσα,grc,2,0.023,no
ἀγαθὰ,grc,2,0.023,no
ἀγαθήν,grc,2,0.023,no
ἀγαθῇσιν,grc,2,0.023,no
ἀγαθοῖσι,grc,2,0.023,no
ἀγανὸς,grc,2,0.023,no
ἀγαπαζόμενοι,grc,2,0.023,no
ἀγαπητὸν,grc,2,0.023,no
ἀγάσαντο,grc,2,0.023,no
ἀγάσασθαι,grc,2,0.023,no
ἄγγεα,grc,2,0.023,no
ἀγγείλειε,grc,2,0.023,no
ἀγγελιάων,grc,2,0.023,no
ἀγγελίη,grc,2,0.023,no
ἀγγέλλων,grc,2,0.023,no
ἄγγελον,grc,2,0.023,no
ἄγγεσιν,grc,2,0.023,no
ἄγεις,grc,2,0.023,no
ἀγέλαε,grc,2,0.023,no
ἀγέλαι,grc,2,0.023,no
ἀγελαίην,grc,2,0.023,no
ἀγέλεως,grc,2,0.023,no
ἀγέρθη,grc,2,0.023,no
ἄγη,grc,2,0.023,no
ἀγηγέραθʼ,grc,2,0.023,no
ἀγήρως,grc,2,0.023,no
ἄγκεα,grc,2,0.023,no
ἀγκίστροισιν,grc,2,0.023,no
ἀγλαΐην,grc,2,0.023,no
ἀγλαόκαρποι,grc,2,0.023,no
ἁγνή,grc,2,0.023,no
ἄγοντα,grc,2,0.023,no
ἀγορὰς,grc,2,0.023,no
ἀγόρευʼ,grc,2,0.023,no
ἀγορεῦσαι,grc,2,0.023,no
ἀγορὴ,grc,2,0.023,no
ἀγραύλοιο,grc,2,0.023,no
ἄγριος,grc,2,0.023,no
ἀγρόθεν,grc,2,0.023,no
ἀγροιῶται,grc,2,0.023,no
ἀγρομένοισι,grc,2,0.023,no
ἀγρομένων,grc,2,0.023,no
ἀγρόνδε,grc,2,0.023,no
ἀγροτέρας,grc,2,0.023,no
ἀγρῶν,grc,2,0.023,no
ἀγχιάλοιο,grc,2,0.023,no
ἀγχίθεοι,grc,2,0.023,no
ἄγχιστα,grc,2,0.023,no
ἀγχόθι,grc,2,0.023,no
ἀγῶνα,grc,2,0.023,no
ἀδελφεὸν,grc,2,0.023,no
ἀδευκέα,grc,2,0.023,no
ἁδινὸν,grc,2,0.023,no
ἀδμής,grc,2,0.023,no
ἅδοι,grc,2,0.023,no
ἀέθλοις,grc,2,0.023,no
ἀείδει,grc,2,0.023,no
ἄειδεν,grc,2,0.023,no
ἀείδων,grc,2,0.023,no
ἀεικέλιος,grc,2,0.023,no
ἀεικὲς,grc,2,0.023,no
ἀεικὴς,grc,2,0.023,no
ἀέκοντε,grc,2,0.023,no
ἀέκοντος,grc,2,0.023,no
ἀέλλας,grc,2,0.023,no
ἀέντων,grc,2,0.023,no
ἀέξεται,grc,2,0.023,no
ἀέξῃ,grc,2,0.023,no
ἄεσαν,grc,2,0.023,no
ἄη,grc,2,0.023,no
ἀῆναι,grc,2,0.023,no
ἀθανάτῃς,grc,2,0.023,no
ἀθανάτῃσι,grc,2,0.023,no
ἀθανάτοις,grc,2,0.023,no
ἀθάνατός,grc,2,0.023,no
ἀθανάτους,grc,2,0.023,no
ἄθαπτον,grc,2,0.023,no
ἀθερίζω,grc,2,0.023,no
ἀθέσφατοι,grc,2,0.023,no
ἀθηνάων,grc,2,0.023,no
ἀθήνης,grc,2,0.023,no
ἀθηρηλοιγὸν,grc,2,0.023,no
ἀθρῆσαι,grc,2,0.023,no
ἁθρόα,grc,2,0.023,no
ἁθρόαι,grc,2,0.023,no
ἀθύρματα,grc,2,0.023,no
αἰαίης,grc,2,0.023,no
αἰακίδαο,grc,2,0.023,no
αἶαν,grc,2,0.023,no
αἴαντός,grc,2,0.023,no
αἰγανέῃσιν,grc,2,0.023,no
αἴγειροι,grc,2,0.023,no
αἴγειρός,grc,2,0.023,no
αἰγείρων,grc,2,0.023,no
αἰγίβοτος,grc,2,0.023,no
αἰγίσθου,grc,2,0.023,no
αἰγυπιοὶ,grc,2,0.023,no
αἰγύπτιος,grc,2,0.023,no
αἰγυπτίους,grc,2,0.023,no
αἰγυπτίων,grc,2,0.023,no
αἰγύπτοιο,grc,2,0.023,no
αἴγυπτον,grc,2,0.023,no
αἴγυπτόνδʼ,grc,2,0.023,no
αἴδεο,grc,2,0.023,no
ἀΐδηλον,grc,2,0.023,no
αἰδοίῃ,grc,2,0.023,no
αἰδοῖος,grc,2,0.023,no
αἰδομένη,grc,2,0.023,no
αἰδόμενος,grc,2,0.023,no
ἀιδρείῃσιν,grc,2,0.023,no
αἰδὼς,grc,2,0.023,no
αἰειγενετάων,grc,2,0.023,no
αἰήταο,grc,2,0.023,no
αἴθε,grc,2,0.023,no
αἰθέρος,grc,2,0.023,no
αἰθίοπας,grc,2,0.023,no
αἴθρη,grc,2,0.023,no
αἰθυίῃ,grc,2,0.023,no
αἰνὰ,grc,2,0.023,no
αἰνομόροισιν,grc,2,0.023,no
αἰνὸν,grc,2,0.023,no
αἰνότατον,grc,2,0.023,no
αἰολίην,grc,2,0.023,no
αἴολος,grc,2,0.023,no
αἰόλου,grc,2,0.023,no
ἀίοντες,grc,2,0.023,no
αἰπόλια,grc,2,0.023,no
αἰπολίοισι,grc,2,0.023,no
αἰπόλον,grc,2,0.023,no
αἰπὺς,grc,2,0.023,no
αἶσαν,grc,2,0.023,no
αἴσιμον,grc,2,0.023,no
αἴσυλα,grc,2,0.023,no
αἴσχεα,grc,2,0.023,no
αἶσχος,grc,2,0.023,no
αἰτίζειν,grc,2,0.023,no
αἰχμητάων,grc,2,0.023,no
ἀκάματον,grc,2,0.023,no
ἀκάχημαι,grc,2,0.023,no
ἀκήριοι,grc,2,0.023,no
ἄκικυς,grc,2,0.023,no
ἀκλειῶς,grc,2,0.023,no
ἀκοίτην,grc,2,0.023,no
ἀκούειν,grc,2,0.023,no
ἀκούεις,grc,2,0.023,no
ἄκουεν,grc,2,0.023,no
ἀκουήν,grc,2,0.023,no
ἀκούοντες,grc,2,0.023,no
ἄκουσʼ,grc,2,0.023,no
ἄκουσαν,grc,2,0.023,no
ἀκραέϊ,grc,2,0.023,no
ἄκρης,grc,2,0.023,no
ἄκρητον,grc,2,0.023,no
ἄκριτον,grc,2,0.023,no
ἀκρόπολιν,grc,2,0.023,no
ἀκτή,grc,2,0.023,no
ἀκτῇ,grc,2,0.023,no
ἀκτὴν,grc,2,0.023,no
ἀκτῖσιν,grc,2,0.023,no
ἀκωκή,grc,2,0.023,no
ἀλάλησθε,grc,2,0.023,no
ἀλαοῦ,grc,2,0.023,no
ἀλάπαξε,grc,2,0.023,no
ἀλάωσεν,grc,2,0.023,no
ἀλέεινε,grc,2,0.023,no
ἀλεείνω,grc,2,0.023,no
ἅλεσσι,grc,2,0.023,no
ἀλεύατο,grc,2,0.023,no
ἀλεύεται,grc,2,0.023,no
ἄλη,grc,2,0.023,no
ἀληθείς,grc,2,0.023,no
ἄλης,grc,2,0.023,no
ἀλήτῃ,grc,2,0.023,no
ἁλίη,grc,2,0.023,no
ἁλιῶσαι,grc,2,0.023,no
ἀλκή,grc,2,0.023,no
ἀλκίνοʼ,grc,2,0.023,no
ἀλκτῆρα,grc,2,0.023,no
ἀλλάων,grc,2,0.023,no
ἀλλήλοις,grc,2,0.023,no
ἀλλοδαπούς,grc,2,0.023,no
ἀλλοδαπῷ,grc,2,0.023,no
ἄλλοισι,grc,2,0.023,no
ἄλλοσε,grc,2,0.023,no
ἀλλότριον,grc,2,0.023,no
ἀλλότριος,grc,2,0.023,no
ἀλλοτρίῳ,grc,2,0.023,no
ἀλλοτρίων,grc,2,0.023,no
ἀλλύεσκεν,grc,2,0.023,no
ἀλλύουσαν,grc,2,0.023,no
ἅλμῃ,grc,2,0.023,no
ἀλοιφή,grc,2,0.023,no
ἀλοιφῇ,grc,2,0.023,no
ἄλοχοι,grc,2,0.023,no
ἀλόχοισιν,grc,2,0.023,no
ἀλόωνται,grc,2,0.023,no
ἀλύεις,grc,2,0.023,no
ἀλύξει,grc,2,0.023,no
ἀλύξῃς,grc,2,0.023,no
ἀλύσκων,grc,2,0.023,no
ἀλφειὸς,grc,2,0.023,no
ἀλφίτου,grc,2,0.023,no
ἁλώῃ,grc,2,0.023,no
ἁλῶναι,grc,2,0.023,no
ἄμαξαι,grc,2,0.023,no
ἀμαυρόν,grc,2,0.023,no
ἀμβρόσια,grc,2,0.023,no
ἀμβροσίης,grc,2,0.023,no
ἀμέγαρτε,grc,2,0.023,no
ἀμέγαρτον,grc,2,0.023,no
ἀμειβόμενοι,grc,2,0.023,no
ἀμείνω,grc,2,0.023,no
ἁμῆς,grc,2,0.023,no
ἄμμιν,grc,2,0.023,no
ἄμοτον,grc,2,0.023,no
ἄμπελοι,grc,2,0.023,no
ἀμπεπαλὼν,grc,2,0.023,no
ἄμπνυτο,grc,2,0.023,no
ἀμύμονες,grc,2,0.023,no
ἀμῦναι,grc,2,0.023,no
ἀμυναίμην,grc,2,0.023,no
ἀμυνέμεν,grc,2,0.023,no
ἀμύνεσθαι,grc,2,0.023,no
ἀμύντορα,grc,2,0.023,no
ἀμφαφάασθαι,grc,2,0.023,no
ἀμφεκάλυψε,grc,2,0.023,no
ἀμφεπένοντο,grc,2,0.023,no
ἄμφηκες,grc,2,0.023,no
ἀμφιγύοισι,grc,2,0.023,no
ἀμφιέσασα,grc,2,0.023,no
ἀμφικαλύψαι,grc,2,0.023,no
ἀμφικαλύψειν,grc,2,0.023,no
ἀμφιμέδοντα,grc,2,0.023,no
ἀμφιμέδων,grc,2,0.023,no
ἀμφιπολεύειν,grc,2,0.023,no
ἀμφιπολεύοι,grc,2,0.023,no
ἀμφιπόλων,grc,2,0.023,no
ἀμφιτρίτη,grc,2,0.023,no
ἀμφιτρίτης,grc,2,0.023,no
ἀμφιτρύωνος,grc,2,0.023,no
ἀμφιφορεῦσι,grc,2,0.023,no
ἀμφοτέρας,grc,2,0.023,no
ἀμφότερον,grc,2,0.023,no
ἄνα,grc,2,0.023,no
ἀναγκαῖοι,grc,2,0.023,no
ἀναγκαίῳ,grc,2,0.023,no
ἀναγνούσῃ,grc,2,0.023,no
ἀναδέδρομε,grc,2,0.023,no
ἀναθήματα,grc,2,0.023,no
ἀναιδής,grc,2,0.023,no
ἀναιμωτί,grc,2,0.023,no
ἀναΐξαντες,grc,2,0.023,no
ἀναιρήσεσθαι,grc,2,0.023,no
ἀναίτιον,grc,2,0.023,no
ἀνακλινθεῖσα,grc,2,0.023,no
ἀνάλκιδες,grc,2,0.023,no
ἀνάλκιδος,grc,2,0.023,no
ἄνασσʼ,grc,2,0.023,no
ἀνάσσεις,grc,2,0.023,no
ἄνασσες,grc,2,0.023,no
ἀνάσσοι,grc,2,0.023,no
ἀνάσσων,grc,2,0.023,no
ἀναστάς,grc,2,0.023,no
ἀναστὰς,grc,2,0.023,no
ἀνασχόμενος,grc,2,0.023,no
ἀναφανδὰ,grc,2,0.023,no
ἀναχασσάμενος,grc,2,0.023,no
ἀνάψαι,grc,2,0.023,no
ἀνδρί,grc,2,0.023,no
ἀνδρόμεα,grc,2,0.023,no
ἀνέβαινʼ,grc,2,0.023,no
ἀνεβάλλετο,grc,2,0.023,no
ἀνέγνω,grc,2,0.023,no
ἀνειρόμενος,grc,2,0.023,no
ἀνέλκων,grc,2,0.023,no
ἀνέμοισι,grc,2,0.023,no
ἄνεμον,grc,2,0.023,no
ἀνέμους,grc,2,0.023,no
ἀνεμώλια,grc,2,0.023,no
ἀνερροίβδησε,grc,2,0.023,no
ἀνέσταν,grc,2,0.023,no
ἀνήϊξαν,grc,2,0.023,no
ἀνήνορα,grc,2,0.023,no
ἀνήφθω,grc,2,0.023,no
ἄνθεα,grc,2,0.023,no
ἄνθει,grc,2,0.023,no
ἀνθεμόεντα,grc,2,0.023,no
ἄνθος,grc,2,0.023,no
ἀνίη,grc,2,0.023,no
ἀνιηθεὶς,grc,2,0.023,no
ἀνίην,grc,2,0.023,no
ἀνιήσεις,grc,2,0.023,no
ἀνίησιν,grc,2,0.023,no
ἀνιόντα,grc,2,0.023,no
ἀνιόντι,grc,2,0.023,no
ἀνίστατο,grc,2,0.023,no
ἀνόρουσαν,grc,2,0.023,no
ἀνστὰς,grc,2,0.023,no
ἄντʼ,grc,2,0.023,no
ἀντεβόλησας,grc,2,0.023,no
ἀντεβόλησεν,grc,2,0.023,no
ἀντία,grc,2,0.023,no
ἀντιάσαντι,grc,2,0.023,no
ἀντιάσειεν,grc,2,0.023,no
ἀντιβίοις,grc,2,0.023,no
ἀντιβολήσαις,grc,2,0.023,no
ἀντιβολήσας,grc,2,0.023,no
ἀντιθέην,grc,2,0.023,no
ἀντινόῳ,grc,2,0.023,no
ἀντιόωσα,grc,2,0.023,no
ἄντιτα,grc,2,0.023,no
ἀντιφάταο,grc,2,0.023,no
ἄντιφος,grc,2,0.023,no
ἀνωγέμεν,grc,2,0.023,no
ἄξεσθαι,grc,2,0.023,no
ἄξομαι,grc,2,0.023,no
ἀοιδή,grc,2,0.023,no
ἀοιδοὶ,grc,2,0.023,no
ἀολλέα,grc,2,0.023,no
ἀοσσητῆρες,grc,2,0.023,no
ἀπαμειβόμενον,grc,2,0.023,no
ἀπαμύνασθαι,grc,2,0.023,no
ἅπαξ,grc,2,0.023,no
ἀπαρχόμενος,grc,2,0.023,no
ἅπας,grc,2,0.023,no
ἅπασαι,grc,2,0.023,no
ἁπάσας,grc,2,0.023,no
ἄπαστος,grc,2,0.023,no
ἀπατήσω,grc,2,0.023,no
ἀπειλήσας,grc,2,0.023,no
ἀπεκαίνυτο,grc,2,0.023,no
ἀπέκοψα,grc,2,0.023,no
ἀπέκτανον,grc,2,0.023,no
ἀπελήλυθε,grc,2,0.023,no
ἀπένεικαν,grc,2,0.023,no
ἀπέπεμπον,grc,2,0.023,no
ἀπεπλάγχθης,grc,2,0.023,no
ἀπέσσεται,grc,2,0.023,no
ἀπεσσύμεθʼ,grc,2,0.023,no
ἀπέτισεν,grc,2,0.023,no
ἀπεχθόμενος,grc,2,0.023,no
ἀπῆμεν,grc,2,0.023,no
ἀπήμονας,grc,2,0.023,no
ἀπήμονές,grc,2,0.023,no
ἀπῆν,grc,2,0.023,no
ἀπήνῃ,grc,2,0.023,no
ἀπήνην,grc,2,0.023,no
ἀπίης,grc,2,0.023,no
ἀπίθησε,grc,2,0.023,no
ἀπινύσσειν,grc,2,0.023,no
ἀποαίνυτο,grc,2,0.023,no
ἀποβάντες,grc,2,0.023,no
ἀποβρίξαντες,grc,2,0.023,no
ἀπομόρξατο,grc,2,0.023,no
ἀπονοστήσειν,grc,2,0.023,no
ἀπόπεμπε,grc,2,0.023,no
ἀποπεμπέμεν,grc,2,0.023,no
ἀποπροέηκε,grc,2,0.023,no
ἀπορρώξ,grc,2,0.023,no
ἀποσταδὰ,grc,2,0.023,no
ἀποστείχειν,grc,2,0.023,no
ἀποστρέψαντε,grc,2,0.023,no
ἀποτίνειν,grc,2,0.023,no
ἀποτῖσαι,grc,2,0.023,no
ἀποτίσεαι,grc,2,0.023,no
ἅπτεσθαι,grc,2,0.023,no
ἀπώλεσε,grc,2,0.023,no
ἀπώμνυον,grc,2,0.023,no
ἄραξε,grc,2,0.023,no
ἀραρυῖα,grc,2,0.023,no
ἀράχνια,grc,2,0.023,no
ἀργαλέην,grc,2,0.023,no
ἀργαλέων,grc,2,0.023,no
ἄργεϊ,grc,2,0.023,no
ἀργεϊφόντην,grc,2,0.023,no
ἀργιόδοντες,grc,2,0.023,no
ἀργυρέας,grc,2,0.023,no
ἀργυρέῃ,grc,2,0.023,no
ἀργύρεοι,grc,2,0.023,no
ἀργύρεος,grc,2,0.023,no
ἀργύφεον,grc,2,0.023,no
ἀρείους,grc,2,0.023,no
ἀρέσθαι,grc,2,0.023,no
ἀρετῇσι,grc,2,0.023,no
ἄρηϊ,grc,2,0.023,no
ἀρήιος,grc,2,0.023,no
ἀρημένος,grc,2,0.023,no
ἀρὴν,grc,2,0.023,no
ἀρητιάδαο,grc,2,0.023,no
ἀρίγνωτʼ,grc,2,0.023,no
ἀριθμόν,grc,2,0.023,no
ἀριπρεπές,grc,2,0.023,no
ἀριστῆες,grc,2,0.023,no
ἀριστῆος,grc,2,0.023,no
ἀριφραδὲς,grc,2,0.023,no
ἅρμασι,grc,2,0.023,no
ἅρματʼ,grc,2,0.023,no
ἄρμενον,grc,2,0.023,no
ἁρμονίῃσιν,grc,2,0.023,no
ἀρνειὸς,grc,2,0.023,no
ἀρνεῖται,grc,2,0.023,no
ἀρνήσασθαι,grc,2,0.023,no
ἀρούρας,grc,2,0.023,no
ἁρπαλέως,grc,2,0.023,no
ἄρσον,grc,2,0.023,no
ἄρτια,grc,2,0.023,no
ἀρτυνέουσιν,grc,2,0.023,no
ἀρχήν,grc,2,0.023,no
ἀρχόμενος,grc,2,0.023,no
ἀρχὸν,grc,2,0.023,no
ἀσάμινθον,grc,2,0.023,no
ἀσινέας,grc,2,0.023,no
ἀσκελὲς,grc,2,0.023,no
ἀσκήσας,grc,2,0.023,no
ἀσκῷ,grc,2,0.023,no
ἀσπαστὸς,grc,2,0.023,no
ἄσπετος,grc,2,0.023,no
ἅσσʼ,grc,2,0.023,no
ἅσσα,grc,2,0.023,no
ἀσσοτέρω,grc,2,0.023,no
ἀστεμφέως,grc,2,0.023,no
ἀστὴρ,grc,2,0.023,no
ἄστρα,grc,2,0.023,no
ἀστραγάλων,grc,2,0.023,no
ἄστυδε,grc,2,0.023,no
ἀτάλαντος,grc,2,0.023,no
ἀτάρ,grc,2,0.023,no
ἀτασθαλίῃσι,grc,2,0.023,no
ἀτέμβειν,grc,2,0.023,no
ἀτεμβόμενος,grc,2,0.023,no
ἀτερπέα,grc,2,0.023,no
ἀτίταλλε,grc,2,0.023,no
ἀτιτάλλω,grc,2,0.023,no
ἄτλαντος,grc,2,0.023,no
ἀτρεΐδεω,grc,2,0.023,no
ἀτρεΐδῃσι,grc,2,0.023,no
ἀτρέμας,grc,2,0.023,no
ἀτρυτώνη,grc,2,0.023,no
αὖα,grc,2,0.023,no
αὐδήσαντος,grc,2,0.023,no
αὐλείῃσι,grc,2,0.023,no
αὐλιζομενάων,grc,2,0.023,no
ἀΰπνους,grc,2,0.023,no
αὐτὰς,grc,2,0.023,no
αὕτη,grc,2,0.023,no
ἀϋτή,grc,2,0.023,no
αὐτῇσι,grc,2,0.023,no
αὐτίχʼ,grc,2,0.023,no
ἀυτμήν,grc,2,0.023,no
αὐτόθεν,grc,2,0.023,no
αὐτοῖο,grc,2,0.023,no
αὐτοῖσι,grc,2,0.023,no
αὐτόλυκός,grc,2,0.023,no
αὐχὴν,grc,2,0.023,no
ἀφείλετο,grc,2,0.023,no
ἀφεσταίη,grc,2,0.023,no
ἀφίκηαι,grc,2,0.023,no
ἀφικοίμεθα,grc,2,0.023,no
ἀφίκοιο,grc,2,0.023,no
ἀφίκοντο,grc,2,0.023,no
ἀφίξεαι,grc,2,0.023,no
ἀφορμηθέντος,grc,2,0.023,no
ἀφραδίῃς,grc,2,0.023,no
ἄφρονα,grc,2,0.023,no
ἀφροσυνάων,grc,2,0.023,no
ἄφρων,grc,2,0.023,no
ἀφυσσάμεθʼ,grc,2,0.023,no
ἀχαιαί,grc,2,0.023,no
ἀχιλλεύς,grc,2,0.023,no
ἀχλύς,grc,2,0.023,no
ἀχνυμένη,grc,2,0.023,no
ἀχνύμενοί,grc,2,0.023,no
ἀχνυμένῳ,grc,2,0.023,no
ἄχομαι,grc,2,0.023,no
ἁψαμένη,grc,2,0.023,no
ἅψεα,grc,2,0.023,no
βάζει,grc,2,0.023,no
βαθυρρόου,grc,2,0.023,no
βαῖνʼ,grc,2,0.023,no
βάλλε,grc,2,0.023,no
βάλλομεν,grc,2,0.023,no
βάλλουσι,grc,2,0.023,no
βαλόντε,grc,2,0.023,no
βαλόντες,grc,2,0.023,no
βαλών,grc,2,0.023,no
βάντα,grc,2,0.023,no
βαρὺ,grc,2,0.023,no
βὰς,grc,2,0.023,no
βασιλῆας,grc,2,0.023,no
βεβλήκει,grc,2,0.023,no
βεβλημένος,grc,2,0.023,no
βένθεα,grc,2,0.023,no
βένθοσδε,grc,2,0.023,no
βῆσαν,grc,2,0.023,no
βήσσῃσι,grc,2,0.023,no
βιαίως,grc,2,0.023,no
βιόν,grc,2,0.023,no
βιὸς,grc,2,0.023,no
βίοτος,grc,2,0.023,no
βοείην,grc,2,0.023,no
βοηθοΐδης,grc,2,0.023,no
βορέην,grc,2,0.023,no
βόσκειν,grc,2,0.023,no
βόσκοι,grc,2,0.023,no
βοσκομένη,grc,2,0.023,no
βόσκοντʼ,grc,2,0.023,no
βούλεαι,grc,2,0.023,no
βούλεται,grc,2,0.023,no
βουλεύειν,grc,2,0.023,no
βούλευον,grc,2,0.023,no
βουλὴ,grc,2,0.023,no
βουληφόροι,grc,2,0.023,no
βούλομʼ,grc,2,0.023,no
βούλοντο,grc,2,0.023,no
βραδὺς,grc,2,0.023,no
βρόντησε,grc,2,0.023,no
βροτῷ,grc,2,0.023,no
βρώμης,grc,2,0.023,no
βρῶσίς,grc,2,0.023,no
βυσσοδόμευον,grc,2,0.023,no
βωμόν,grc,2,0.023,no
βώτορες,grc,2,0.023,no
γαῖάν,grc,2,0.023,no
γάλα,grc,2,0.023,no
γαλαθηνοὺς,grc,2,0.023,no
γάλακτος,grc,2,0.023,no
γαλήνην,grc,2,0.023,no
γαμέεσθαι,grc,2,0.023,no
γαμψώνυχες,grc,2,0.023,no
γαστέρι,grc,2,0.023,no
γαστὴρ,grc,2,0.023,no
γεγαῶτʼ,grc,2,0.023,no
γεγώνευν,grc,2,0.023,no
γέλασσαν,grc,2,0.023,no
γελόωντες,grc,2,0.023,no
γενεὴ,grc,2,0.023,no
γενεήν,grc,2,0.023,no
γενέθλης,grc,2,0.023,no
γενειήσαντα,grc,2,0.023,no
γενέσθην,grc,2,0.023,no
γενοίμην,grc,2,0.023,no
γένοιτό,grc,2,0.023,no
γενόμην,grc,2,0.023,no
γερόντων,grc,2,0.023,no
γεύσεσθαι,grc,2,0.023,no
γῆ,grc,2,0.023,no
γήθησέν,grc,2,0.023,no
γῆμαι,grc,2,0.023,no
γήμαιθʼ,grc,2,0.023,no
γῆμεν,grc,2,0.023,no
γῆράς,grc,2,0.023,no
γίγνετʼ,grc,2,0.023,no
γίγνετο,grc,2,0.023,no
γίγνοντʼ,grc,2,0.023,no
γλαυκώπιδι,grc,2,0.023,no
γλαυκώπιδος,grc,2,0.023,no
γλαφυρῇσι,grc,2,0.023,no
γλαφυροῖο,grc,2,0.023,no
γλυκεραὶ,grc,2,0.023,no
γλώσσας,grc,2,0.023,no
γναμπτοῖς,grc,2,0.023,no
γνώω,grc,2,0.023,no
γοόωσαν,grc,2,0.023,no
γουνάζομαι,grc,2,0.023,no
γόῳ,grc,2,0.023,no
γρηῒ,grc,2,0.023,no
γρηῦ,grc,2,0.023,no
γρηῦς,grc,2,0.023,no
γρῆυς,grc,2,0.023,no
γυίων,grc,2,0.023,no
γυμνός,grc,2,0.023,no
γυναίων,grc,2,0.023,no
δαήμεναι,grc,2,0.023,no
δαήσεαι,grc,2,0.023,no
δαιδαλέου,grc,2,0.023,no
δαΐδων,grc,2,0.023,no
δαίεται,grc,2,0.023,no
δαιμόνιοι,grc,2,0.023,no
δαίμονος,grc,2,0.023,no
δαινύῃ,grc,2,0.023,no
δαίνυσθαι,grc,2,0.023,no
δαίνυσθε,grc,2,0.023,no
δαιομένων,grc,2,0.023,no
δαίς,grc,2,0.023,no
δαισάμενοι,grc,2,0.023,no
δαιτυμόνες,grc,2,0.023,no
δαιτυμόνεσσι,grc,2,0.023,no
δαιτῶν,grc,2,0.023,no
δαΐφρων,grc,2,0.023,no
δακρυόφι,grc,2,0.023,no
δάκρυσʼ,grc,2,0.023,no
δάμαρτα,grc,2,0.023,no
δαμάσσῃ,grc,2,0.023,no
δαμείη,grc,2,0.023,no
δαμεὶς,grc,2,0.023,no
δαναοὶ,grc,2,0.023,no
δαναοῖσιν,grc,2,0.023,no
δαρδάπτουσιν,grc,2,0.023,no
δάσασθαι,grc,2,0.023,no
δασσάμεθʼ,grc,2,0.023,no
δέδαε,grc,2,0.023,no
δέδαεν,grc,2,0.023,no
δεδάκρυνται,grc,2,0.023,no
δέδεντο,grc,2,0.023,no
δέδετο,grc,2,0.023,no
δειδίμεν,grc,2,0.023,no
δειδίσκετο,grc,2,0.023,no
δείδοικα,grc,2,0.023,no
δεικανόωντʼ,grc,2,0.023,no
δείλʼ,grc,2,0.023,no
δειλὲ,grc,2,0.023,no
δειλοί,grc,2,0.023,no
δειλῶν,grc,2,0.023,no
δεινός,grc,2,0.023,no
δειπνήσας,grc,2,0.023,no
δείπνησε,grc,2,0.023,no
δειπνίσσας,grc,2,0.023,no
δείπνου,grc,2,0.023,no
δείπνῳ,grc,2,0.023,no
δείραντας,grc,2,0.023,no
δεκάτην,grc,2,0.023,no
δεξαμένη,grc,2,0.023,no
δεξάμενοι,grc,2,0.023,no
δεξάμενος,grc,2,0.023,no
δέξατο,grc,2,0.023,no
δεξιτερῇ,grc,2,0.023,no
δεξιτερὴν,grc,2,0.023,no
δεξιτερῆφι,grc,2,0.023,no
δέον,grc,2,0.023,no
δεπάεσσι,grc,2,0.023,no
δερκέσκετο,grc,2,0.023,no
δέρματʼ,grc,2,0.023,no
δέρον,grc,2,0.023,no
δεσμοὶ,grc,2,0.023,no
δεσμοῖο,grc,2,0.023,no
δέσποιναν,grc,2,0.023,no
δευήσεαι,grc,2,0.023,no
δεῦτε,grc,2,0.023,no
δήθʼ,grc,2,0.023,no
δηιοτῆτι,grc,2,0.023,no
δηλήσεται,grc,2,0.023,no
δημιοεργοὶ,grc,2,0.023,no
δημόδοκος,grc,2,0.023,no
δημῷ,grc,2,0.023,no
δήν,grc,2,0.023,no
δήνεα,grc,2,0.023,no
δήομεν,grc,2,0.023,no
δησάμενοι,grc,2,0.023,no
διά,grc,2,0.023,yes
διακρινέεσθαι,grc,2,0.023,no
διακτόρου,grc,2,0.023,no
διαπρὸ,grc,2,0.023,no
διαρραίσουσι,grc,2,0.023,no
διδοῖ,grc,2,0.023,no
διδόντες,grc,2,0.023,no
διδοῦσι,grc,2,0.023,no
διδοῦσιν,grc,2,0.023,no
δίδωμι,grc,2,0.023,no
δίδωσιν,grc,2,0.023,no
διεπέφραδε,grc,2,0.023,no
διί,grc,2,0.023,no
δίκαιον,grc,2,0.023,no
δικλίδες,grc,2,0.023,no
δῖοι,grc,2,0.023,no
διοϊστεύσειν,grc,2,0.023,no
διοϊστεύσῃ,grc,2,0.023,no
διοκλῆος,grc,2,0.023,no
δίπτυχα,grc,2,0.023,no
δίσκοισιν,grc,2,0.023,no
δίφρου,grc,2,0.023,no
δίφρῳ,grc,2,0.023,no
δμωαὶ,grc,2,0.023,no
δμῶάς,grc,2,0.023,no
δμῶε,grc,2,0.023,no
δμώεσσι,grc,2,0.023,no
δοιὰ,grc,2,0.023,no
δοῖμεν,grc,2,0.023,no
δοιὼ,grc,2,0.023,no
δόκησε,grc,2,0.023,no
δολίου,grc,2,0.023,no
δολιχηρέτμοιο,grc,2,0.023,no
δολιχὸν,grc,2,0.023,no
δολόεσσα,grc,2,0.023,no
δόλους,grc,2,0.023,no
δολοφρονέων,grc,2,0.023,no
δόντες,grc,2,0.023,no
δόσιν,grc,2,0.023,no
δόσις,grc,2,0.023,no
δόσκον,grc,2,0.023,no
δότʼ,grc,2,0.023,no
δούλιον,grc,2,0.023,no
δουλίχιον,grc,2,0.023,no
δοῦναι,grc,2,0.023,no
δούπησεν,grc,2,0.023,no
δούρατʼ,grc,2,0.023,no
δουρικλειτὸς,grc,2,0.023,no
δουρικλυτὸς,grc,2,0.023,no
δρήστειραι,grc,2,0.023,no
δρυμὰ,grc,2,0.023,no
δρυός,grc,2,0.023,no
δύῃ,grc,2,0.023,no
δυναμένοιο,grc,2,0.023,no
δύναμίς,grc,2,0.023,no
δῦνε,grc,2,0.023,no
δυσμενέεσσιν,grc,2,0.023,no
δυσμενέοντες,grc,2,0.023,no
δύσμορος,grc,2,0.023,no
δυωδεκάτη,grc,2,0.023,no
δωδώνην,grc,2,0.023,no
δῶκʼ,grc,2,0.023,no
δῶμʼ,grc,2,0.023,no
δῶμεν,grc,2,0.023,no
δῶρʼ,grc,2,0.023,no
δῷσι,grc,2,0.023,no
δωτίνην,grc,2,0.023,no
δῶχʼ,grc,2,0.023,no
ἓ,grc,2,0.023,no
ἐάγη,grc,2,0.023,no
ἔαξεν,grc,2,0.023,no
ἐάσατε,grc,2,0.023,no
ἔασε,grc,2,0.023,no
ἐάσει,grc,2,0.023,no
ἑάων,grc,2,0.023,no
ἔβαλες,grc,2,0.023,no
ἑβδομάτῃ,grc,2,0.023,no
ἕβδομον,grc,2,0.023,no
ἔβησαν,grc,2,0.023,no
ἐβόησας,grc,2,0.023,no
ἐβόησε,grc,2,0.023,no
ἐβούλευσας,grc,2,0.023,no
ἔγειρε,grc,2,0.023,no
ἐγείρει,grc,2,0.023,no
ἔγειρεν,grc,2,0.023,no
ἔγημε,grc,2,0.023,no
ἔγημεν,grc,2,0.023,no
ἐγίγνετο,grc,2,0.023,no
ἐγκάτθετο,grc,2,0.023,no
ἐγκονέουσαι,grc,2,0.023,no
ἔγνων,grc,2,0.023,no
ἔγνως,grc,2,0.023,no
ἔγρεο,grc,2,0.023,no
ἔγρετο,grc,2,0.023,no
ἔγχεʼ,grc,2,0.023,no
ἔγχει,grc,2,0.023,no
ἐγχείῃσιν,grc,2,0.023,no
ἐδέγμην,grc,2,0.023,no
ἔδεισαν,grc,2,0.023,no
ἐδεύετο,grc,2,0.023,no
ἐδεύησεν,grc,2,0.023,no
ἔδησε,grc,2,0.023,no
ἐδίδαξε,grc,2,0.023,no
ἔδονται,grc,2,0.023,no
ἔδοντας,grc,2,0.023,no
ἔδουσι,grc,2,0.023,no
ἕδραι,grc,2,0.023,no
ἕδρας,grc,2,0.023,no
ἑδριόωντο,grc,2,0.023,no
ἐδωδῇ,grc,2,0.023,no
ἐδωδὴν,grc,2,0.023,no
ἐδωδῆς,grc,2,0.023,no
ἔδωκα,grc,2,0.023,no
ἔδωκαν,grc,2,0.023,no
ἔδωκας,grc,2,0.023,no
ἔδων,grc,2,0.023,no
ἐέδνοισιν,grc,2,0.023,no
ἐείκοσιν,grc,2,0.023,no
ἐέρση,grc,2,0.023,no
ἑζέσθην,grc,2,0.023,no
ἑζομένη,grc,2,0.023,no
ἔῃ,grc,2,0.023,no
ἑῆος,grc,2,0.023,no
ἑῆς,grc,2,0.023,no
ἔησθα,grc,2,0.023,no
ἔθʼ,grc,2,0.023,no
ἔθεεν,grc,2,0.023,no
ἔθελʼ,grc,2,0.023,no
ἐθέλῃς,grc,2,0.023,no
ἐθέλοιεν,grc,2,0.023,no
ἐθελούσῃ,grc,2,0.023,no
ἐθέλουσι,grc,2,0.023,no
ἐθέλουσιν,grc,2,0.023,no
ἐθέλωσι,grc,2,0.023,no
ἕθεν,grc,2,0.023,no
ἔθετʼ,grc,2,0.023,no
ἐθηήσαντο,grc,2,0.023,no
ἔθηκα,grc,2,0.023,no
ἔθρεψε,grc,2,0.023,no
εἰαρινῇ,grc,2,0.023,no
εἴασε,grc,2,0.023,no
εἶβε,grc,2,0.023,no
εἴβων,grc,2,0.023,no
εἶδε,grc,2,0.023,no
εἴδεϊ,grc,2,0.023,no
εἴδομεν,grc,2,0.023,no
εἰδότα,grc,2,0.023,no
εἴδωλα,grc,2,0.023,no
εἴθʼ,grc,2,0.023,no
εἰκέλη,grc,2,0.023,no
εἴκελον,grc,2,0.023,no
εἰλαπινάζουσιν,grc,2,0.023,no
εἰλάτινον,grc,2,0.023,no
εἷλε,grc,2,0.023,no
εἴλει,grc,2,0.023,no
εἰλήλουθε,grc,2,0.023,no
εἰλήλουθεν,grc,2,0.023,no
εἰληλουθώς,grc,2,0.023,no
εἱλόμεθʼ,grc,2,0.023,no
εἷλον,grc,2,0.023,no
εἴμʼ,grc,2,0.023,no
εἷμαι,grc,2,0.023,no
εἵμαρτο,grc,2,0.023,no
εἰμέν,grc,2,0.023,no
εἰνοσίφυλλον,grc,2,0.023,no
εἴξαντες,grc,2,0.023,no
εἴξειε,grc,2,0.023,no
εἰπέμεναι,grc,2,0.023,no
εἴπῃς,grc,2,0.023,no
εἴπῃσθα,grc,2,0.023,no
εἴπῃσιν,grc,2,0.023,no
εἰπόντα,grc,2,0.023,no
εἰπόντι,grc,2,0.023,no
εἰποῦσα,grc,2,0.023,no
εἰπών,grc,2,0.023,no
εἴρεσθαι,grc,2,0.023,no
εἰρεσίης,grc,2,0.023,no
εἰρομένῳ,grc,2,0.023,no
εἶρος,grc,2,0.023,no
εἰρύαται,grc,2,0.023,no
εἴρυτο,grc,2,0.023,no
εἴσʼ,grc,2,0.023,no
εἶσʼ,grc,2,0.023,no
ἐῖσαι,grc,2,0.023,no
εἷσαν,grc,2,0.023,no
εἰσαναβᾶσα,grc,2,0.023,no
ἐΐσας,grc,2,0.023,no
εἰσαφίκανεν,grc,2,0.023,no
εἰσαφικέσθαι,grc,2,0.023,no
εἰσεῖδον,grc,2,0.023,no
εἰσενόησα,grc,2,0.023,no
εἰσῆγον,grc,2,0.023,no
εἰσήλυθεν,grc,2,0.023,no
εἰσί,grc,2,0.023,no
εἴσιδον,grc,2,0.023,no
εἶσιν,grc,2,0.023,no
ἐΐσκεις,grc,2,0.023,no
ἐίσκομεν,grc,2,0.023,no
ἐίσκω,grc,2,0.023,no
εἰσορόωσι,grc,2,0.023,no
εἰσορόωσιν,grc,2,0.023,no
εἴφʼ,grc,2,0.023,no
ἔκαιον,grc,2,0.023,no
ἐκάλυψαν,grc,2,0.023,no
ἔκαμον,grc,2,0.023,no
ἑκάστης,grc,2,0.023,no
ἑκατόμβης,grc,2,0.023,no
ἔκβαλον,grc,2,0.023,no
ἐκβάντες,grc,2,0.023,no
ἐκγελάσας,grc,2,0.023,no
ἔκγονος,grc,2,0.023,no
ἐκδὺς,grc,2,0.023,no
ἐκέασσε,grc,2,0.023,no
ἐκείνου,grc,2,0.023,no
ἔκειρον,grc,2,0.023,no
ἐκέλευε,grc,2,0.023,no
ἔκλυες,grc,2,0.023,no
ἐκλύσθη,grc,2,0.023,no
ἔκπαγλον,grc,2,0.023,no
ἐκπερόωσιν,grc,2,0.023,no
ἔκπιεν,grc,2,0.023,no
ἔκπιον,grc,2,0.023,no
ἔκταμεν,grc,2,0.023,no
ἔκτανεν,grc,2,0.023,no
ἔκτανον,grc,2,0.023,no
ἔκτεινε,grc,2,0.023,no
ἔκτεινον,grc,2,0.023,no
ἐκτετέλεσται,grc,2,0.023,no
ἔκτοσθε,grc,2,0.023,no
ἐκφάσθαι,grc,2,0.023,no
ἐκχεύατʼ,grc,2,0.023,no
ἐκώκυον,grc,2,0.023,no
ἑκών,grc,2,0.023,no
ἔλαβεν,grc,2,0.023,no
ἐλαῖαι,grc,2,0.023,no
ἐλάινον,grc,2,0.023,no
ἐλάνθανε,grc,2,0.023,no
ἐλατρεύς,grc,2,0.023,no
ἐλαυνέμεν,grc,2,0.023,no
ἐλαύνετε,grc,2,0.023,no
ἐλαύνομεν,grc,2,0.023,no
ἐλαυνομένην,grc,2,0.023,no
ἔλαφον,grc,2,0.023,no
ἔλαφος,grc,2,0.023,no
ἔλαχον,grc,2,0.023,no
ἐλέγχεα,grc,2,0.023,no
ἐλεεινὸν,grc,2,0.023,no
ἐλέησεν,grc,2,0.023,no
ἐλέησον,grc,2,0.023,no
ἔλειπε,grc,2,0.023,no
ἔλειπες,grc,2,0.023,no
ἐλελίχθη,grc,2,0.023,no
ἑλένην,grc,2,0.023,no
ἕλετο,grc,2,0.023,no
ἐλεύσομαι,grc,2,0.023,no
ἐλεύσσομεν,grc,2,0.023,no
ἔληθε,grc,2,0.023,no
ἔλθῃσι,grc,2,0.023,no
ἔλθωμεν,grc,2,0.023,no
ἔλθωσι,grc,2,0.023,no
ἐλίποντο,grc,2,0.023,no
ἑλίσσετο,grc,2,0.023,no
ἐλλισάμην,grc,2,0.023,no
ἕλοι,grc,2,0.023,no
ἑλοίμεθα,grc,2,0.023,no
ἕλοιτο,grc,2,0.023,no
ἕλον,grc,2,0.023,no
ἔλπει,grc,2,0.023,no
ἔλσας,grc,2,0.023,no
ἐμὰς,grc,2,0.023,no
ἐμάχοντο,grc,2,0.023,no
ἔμεινα,grc,2,0.023,no
ἔμελλʼ,grc,2,0.023,no
ἐμέλπετο,grc,2,0.023,no
ἔμενʼ,grc,2,0.023,no
ἐμῇσι,grc,2,0.023,no
ἐμίγη,grc,2,0.023,no
ἐμισγόμεθʼ,grc,2,0.023,no
ἐμμενὲς,grc,2,0.023,no
ἔμμορε,grc,2,0.023,no
ἐμόγησε,grc,2,0.023,no
ἐμπάζεο,grc,2,0.023,no
ἔμπεδόν,grc,2,0.023,no
ἔμπεσεν,grc,2,0.023,no
ἐμπλησέμεν,grc,2,0.023,no
ἔμπορος,grc,2,0.023,no
ἐμφορέοντο,grc,2,0.023,no
ἕν,grc,2,0.023,no
ἓν,grc,2,0.023,no
ἐναίσιμα,grc,2,0.023,no
ἐναίσιμον,grc,2,0.023,no
ἐναίσιμος,grc,2,0.023,no
ἐναντίαι,grc,2,0.023,no
ἐναντίβιον,grc,2,0.023,no
ἐναντίη,grc,2,0.023,no
ἐναργεῖς,grc,2,0.023,no
ἐνέην,grc,2,0.023,no
ἔνεικεν,grc,2,0.023,no
ἐνείκω,grc,2,0.023,no
ἕνεκεν,grc,2,0.023,no
ἐνέποντα,grc,2,0.023,no
ἔνεσαν,grc,2,0.023,no
ἐνήσομεν,grc,2,0.023,no
ἐνθέμεναι,grc,2,0.023,no
ἐνίκησας,grc,2,0.023,no
ἐνιπῆος,grc,2,0.023,no
ἐνιπλησθῆναι,grc,2,0.023,no
ἐνισπεῖν,grc,2,0.023,no
ἐννοσίγαιον,grc,2,0.023,no
ἕννυτο,grc,2,0.023,no
ἐνόησαν,grc,2,0.023,no
ἑνὸς,grc,2,0.023,no
ἐνταυθοῖ,grc,2,0.023,no
ἔντεα,grc,2,0.023,no
ἐντυνόμενοι,grc,2,0.023,no
ἐντύνοντο,grc,2,0.023,no
ἐνώμων,grc,2,0.023,no
ἐνώπια,grc,2,0.023,no
ἒξ,grc,2,0.023,no
ἐξαγαγόντες,grc,2,0.023,no
ἐξαίσιον,grc,2,0.023,no
ἐξαλάωσας,grc,2,0.023,no
ἕξει,grc,2,0.023,no
ἐξείλετο,grc,2,0.023,no
ἔξελε,grc,2,0.023,no
ἐξελθών,grc,2,0.023,no
ἐξελθὼν,grc,2,0.023,no
ἔξελον,grc,2,0.023,no
ἐξερέεινεν,grc,2,0.023,no
ἐξερέεινον,grc,2,0.023,no
ἐξερέῃσι,grc,2,0.023,no
ἐξερέοιτο,grc,2,0.023,no
ἐξέρυσαν,grc,2,0.023,no
ἐξετελεῦντο,grc,2,0.023,no
ἐξέφθιτο,grc,2,0.023,no
ἐξῆγε,grc,2,0.023,no
ἐξήρατʼ,grc,2,0.023,no
ἐξικόμην,grc,2,0.023,no
ἐξοπίσω,grc,2,0.023,no
ἔοι,grc,2,0.023,no
ἔοικα,grc,2,0.023,no
ἑοῖς,grc,2,0.023,no
ἐόντι,grc,2,0.023,no
ἑὸς,grc,2,0.023,no
ἐοῦσα,grc,2,0.023,no
ἔπαθον,grc,2,0.023,no
ἐπαινῇ,grc,2,0.023,no
ἐπαινῆς,grc,2,0.023,no
ἐπακούει,grc,2,0.023,no
ἐπακούσαι,grc,2,0.023,no
ἐπακοῦσαι,grc,2,0.023,no
ἐπάλαισεν,grc,2,0.023,no
ἐπαληθεὶς,grc,2,0.023,no
ἐπαρξάμενοι,grc,2,0.023,no
ἐπαρξάσθω,grc,2,0.023,no
ἐπαρτέας,grc,2,0.023,no
ἐπασσάμεθʼ,grc,2,0.023,no
ἐπέβαλλεν,grc,2,0.023,no
ἐπέβησαν,grc,2,0.023,no
ἐπέθηκα,grc,2,0.023,no
ἔπειγε,grc,2,0.023,no
ἐπειγομένην,grc,2,0.023,no
ἐπειγόμενος,grc,2,0.023,no
ἐπειγόμενός,grc,2,0.023,no
ἐπειδὴ,grc,2,0.023,no
ἐπείθετο,grc,2,0.023,no
ἔπειθον,grc,2,0.023,no
ἐπέκλωσαν,grc,2,0.023,no
ἐπεκλώσαντο,grc,2,0.023,no
ἐπέλασσεν,grc,2,0.023,no
ἐπελήθετο,grc,2,0.023,no
ἐπέλθῃ,grc,2,0.023,no
ἐπεμαίετο,grc,2,0.023,no
ἐπεμάσσατʼ,grc,2,0.023,no
ἔπεμπε,grc,2,0.023,no
ἔπεμπον,grc,2,0.023,no
ἔπεμψαν,grc,2,0.023,no
ἕπεο,grc,2,0.023,no
ἐπέοικεν,grc,2,0.023,no
ἐπέοιχʼ,grc,2,0.023,no
ἐπέπλεον,grc,2,0.023,no
ἐπέπτατο,grc,2,0.023,no
ἐπερχόμενον,grc,2,0.023,no
ἐπέσπεν,grc,2,0.023,no
ἔπεσσί,grc,2,0.023,no
ἐπεσσύμενον,grc,2,0.023,no
ἐπεσσύμενος,grc,2,0.023,no
ἐπέσσυτο,grc,2,0.023,no
ἕπετʼ,grc,2,0.023,no
ἐπέτελλε,grc,2,0.023,no
ἐπέτελλεν,grc,2,0.023,no
ἐπέτοντο,grc,2,0.023,no
ἐπεύθετο,grc,2,0.023,no
ἐπεύξασθαι,grc,2,0.023,no
ἐπεύξατο,grc,2,0.023,no
ἐπεύχετο,grc,2,0.023,no
ἔπεφνε,grc,2,0.023,no
ἐπέφραδε,grc,2,0.023,no
ἐπέφραδεν,grc,2,0.023,no
ἐπεφράσατʼ,grc,2,0.023,no
ἐπεχεύατο,grc,2,0.023,no
ἐπέων,grc,2,0.023,no
ἐπήρατον,grc,2,0.023,no
ἐπιβαινέμεν,grc,2,0.023,no
ἐπιβὰς,grc,2,0.023,no
ἐπιβῆναι,grc,2,0.023,no
ἐπιβήτορα,grc,2,0.023,no
ἐπιβώσομαι,grc,2,0.023,no
ἐπιγουνίδα,grc,2,0.023,no
ἐπιδέδρομεν,grc,2,0.023,no
ἐπιδίφρια,grc,2,0.023,no
ἐπιείκελος,grc,2,0.023,no
ἐπιειμένον,grc,2,0.023,no
ἐπίκευθε,grc,2,0.023,no
ἐπίκλοπος,grc,2,0.023,no
ἐπικρατέωσιν,grc,2,0.023,no
ἐπίκριον,grc,2,0.023,no
ἐπιμαίεο,grc,2,0.023,no
ἐπιμίμνω,grc,2,0.023,no
ἐπιμίσγεται,grc,2,0.023,no
ἐπιμνησθεὶς,grc,2,0.023,no
ἔπινον,grc,2,0.023,no
ἐπίουρος,grc,2,0.023,no
ἐπιπλεῖν,grc,2,0.023,no
ἐπιπλόμενον,grc,2,0.023,no
ἐπισμυγερῶς,grc,2,0.023,no
ἐπίσπαστον,grc,2,0.023,no
ἐπισπόμενος,grc,2,0.023,no
ἐπιστάμενος,grc,2,0.023,no
ἐπισταμένῳ,grc,2,0.023,no
ἐπίστασθαι,grc,2,0.023,no
ἐπιστροφάδην,grc,2,0.023,no
ἐπιτέλλω,grc,2,0.023,no
ἐπιτρέψαι,grc,2,0.023,no
ἐπίφρονα,grc,2,0.023,no
ἐπιχθονίοισιν,grc,2,0.023,no
ἐποίει,grc,2,0.023,no
ἐποιχόμενον,grc,2,0.023,no
ἐποιχόμενος,grc,2,0.023,no
ἕπον,grc,2,0.023,no
ἕποντʼ,grc,2,0.023,no
ἔπτατʼ,grc,2,0.023,no
ἕπωμαι,grc,2,0.023,no
ἐπώνυμον,grc,2,0.023,no
ἐπῶρσʼ,grc,2,0.023,no
ἐπῶρσε,grc,2,0.023,no
ἐρέεινον,grc,2,0.023,no
ἐρέεσθαι,grc,2,0.023,no
ἐρεθιζέμεν,grc,2,0.023,no
ἐρείσας,grc,2,0.023,no
ἔρεξεν,grc,2,0.023,no
ἐρέοντα,grc,2,0.023,no
ἐρέοντο,grc,2,0.023,no
ἐρέουσα,grc,2,0.023,no
ἐρέτας,grc,2,0.023,no
ἐρετάων,grc,2,0.023,no
ἐρέχθων,grc,2,0.023,no
ἐρέων,grc,2,0.023,no
ἐρήτυον,grc,2,0.023,no
ἔριδα,grc,2,0.023,no
ἐριδαίνομεν,grc,2,0.023,no
ἔριδος,grc,2,0.023,no
ἐρινύες,grc,2,0.023,no
ἐρίσσειε,grc,2,0.023,no
ἐριστάφυλον,grc,2,0.023,no
ἕρκεα,grc,2,0.023,no
ἕρκεά,grc,2,0.023,no
ἕρκεσι,grc,2,0.023,no
ἑρμείαο,grc,2,0.023,no
ἑρμῆς,grc,2,0.023,no
ἔρξαν,grc,2,0.023,no
ἔρξω,grc,2,0.023,no
ἔροιτο,grc,2,0.023,no
ἐρρώσαντο,grc,2,0.023,no
ἐρύξει,grc,2,0.023,no
ἐρύσαι,grc,2,0.023,no
ἐρύσσαμεν,grc,2,0.023,no
ἐρύσσατο,grc,2,0.023,no
ἔρχατο,grc,2,0.023,no
ἔρχομαι,grc,2,0.023,no
ἐρχομένην,grc,2,0.023,no
ἐρχομένοισι,grc,2,0.023,no
ἐρχομένῳ,grc,2,0.023,no
ἕσασθαι,grc,2,0.023,no
ἐσάωσε,grc,2,0.023,no
ἐσάωσεν,grc,2,0.023,no
ἐσέδρακεν,grc,2,0.023,no
ἐσελεύσομαι,grc,2,0.023,no
ἔσεσθον,grc,2,0.023,no
ἔσεταί,grc,2,0.023,no
ἔσθιε,grc,2,0.023,no
ἐσθιέμεν,grc,2,0.023,no
ἐσθλοῦ,grc,2,0.023,no
ἔσθων,grc,2,0.023,no
ἕσπερος,grc,2,0.023,no
ἑσποίμην,grc,2,0.023,no
ἔσσʼ,grc,2,0.023,no
ἕσσαι,grc,2,0.023,no
ἕσσαν,grc,2,0.023,no
ἕσσαντο,grc,2,0.023,no
ἕσσει,grc,2,0.023,no
ἔσσεσθαι,grc,2,0.023,no
ἐσσεύοντο,grc,2,0.023,no
ἔσσονται,grc,2,0.023,no
ἔσσυτʼ,grc,2,0.023,no
ἑσταότʼ,grc,2,0.023,no
ἑσταότες,grc,2,0.023,no
ἐστε,grc,2,0.023,no
ἐστέ,grc,2,0.023,no
ἕστηκεν,grc,2,0.023,no
ἐστόρεσεν,grc,2,0.023,no
ἐσφαγμένα,grc,2,0.023,no
ἔσφαζον,grc,2,0.023,no
ἐσφόρεον,grc,2,0.023,no
ἐσχατιήν,grc,2,0.023,no
ἔσχατοι,grc,2,0.023,no
ἔται,grc,2,0.023,no
ἑταίρου,grc,2,0.023,no
ἑταίρῳ,grc,2,0.023,no
ἐτάραξε,grc,2,0.023,no
ἔτειρε,grc,2,0.023,no
ἐτέλεσσα,grc,2,0.023,no
ἔτεος,grc,2,0.023,no
ἕτερος,grc,2,0.023,no
ἑτέρωθι,grc,2,0.023,no
ἔτετμεν,grc,2,0.023,no
ἐτεωνεύς,grc,2,0.023,no
ἐτήτυμος,grc,2,0.023,no
ἐτίθεντο,grc,2,0.023,no
ἔτλην,grc,2,0.023,no
ἐτράπετʼ,grc,2,0.023,no
ἔτρεφεν,grc,2,0.023,no
ἔτρεφες,grc,2,0.023,no
ἔτρεφον,grc,2,0.023,no
εὐαγγέλιον,grc,2,0.023,no
ἐυδείελον,grc,2,0.023,no
εὐεργὸς,grc,2,0.023,no
εὐερκέος,grc,2,0.023,no
ἐϋκτιμένῃ,grc,2,0.023,no
ἐύκυκλον,grc,2,0.023,no
εὔμηλος,grc,2,0.023,no
εὐναί,grc,2,0.023,no
εὐναὶ,grc,2,0.023,no
εὐνὴ,grc,2,0.023,no
εὔνησε,grc,2,0.023,no
εὐνῆφι,grc,2,0.023,no
εὐξάμενος,grc,2,0.023,no
εὔξαντο,grc,2,0.023,no
ἐϋξέστῃς,grc,2,0.023,no
ἐΰξεστοι,grc,2,0.023,no
ἐϋξέστου,grc,2,0.023,no
ἐύορμος,grc,2,0.023,no
εὐπείθης,grc,2,0.023,no
ἐυπλοκάμῳ,grc,2,0.023,no
ἐυπλυνὲς,grc,2,0.023,no
ἐϋπλυνὲς,grc,2,0.023,no
ἐύπωλον,grc,2,0.023,no
εὐρέας,grc,2,0.023,no
εὐρέες,grc,2,0.023,no
εὐρειάων,grc,2,0.023,no
εὕρομεν,grc,2,0.023,no
εὖρός,grc,2,0.023,no
ἐϋρραφέεσσι,grc,2,0.023,no
εὐρυάγυια,grc,2,0.023,no
εὐρυάγυιαν,grc,2,0.023,no
εὐρύλοχʼ,grc,2,0.023,no
εὐρύλοχός,grc,2,0.023,no
εὐρυμέτωποι,grc,2,0.023,no
εὐρυπόροιο,grc,2,0.023,no
εὔρυτος,grc,2,0.023,no
εὐρυχόρῳ,grc,2,0.023,no
ἐϋσσέλμου,grc,2,0.023,no
ἐυσσέλμους,grc,2,0.023,no
εὔχεαι,grc,2,0.023,no
εὐχετοῴμην,grc,2,0.023,no
εὐχετόωνται,grc,2,0.023,no
ἐυώπιδα,grc,2,0.023,no
ἐφαίνετο,grc,2,0.023,no
ἔφαινον,grc,2,0.023,no
ἐφάνη,grc,2,0.023,no
ἔφαντο,grc,2,0.023,no
ἔφασκεν,grc,2,0.023,no
ἐφέλκεται,grc,2,0.023,no
ἔφερεν,grc,2,0.023,no
ἐφέστιος,grc,2,0.023,no
ἐφῆκεν,grc,2,0.023,no
ἔφησθα,grc,2,0.023,no
ἐφῖζε,grc,2,0.023,no
ἐφορμᾶται,grc,2,0.023,no
ἐφράσατο,grc,2,0.023,no
ἐφράσθης,grc,2,0.023,no
ἔφυν,grc,2,0.023,no
ἐχάρη,grc,2,0.023,no
ἔχεαι,grc,2,0.023,no
ἐχένηος,grc,2,0.023,no
ἔχευε,grc,2,0.023,no
ἐχθαίρουσʼ,grc,2,0.023,no
ἔχοι,grc,2,0.023,no
ἔχοις,grc,2,0.023,no
ἐχολώσατο,grc,2,0.023,no
ἔχομαι,grc,2,0.023,no
ἔχομεν,grc,2,0.023,no
ἔχοντά,grc,2,0.023,no
ἔχουσαν,grc,2,0.023,no
ἔχραε,grc,2,0.023,no
ἔχυντο,grc,2,0.023,no
ἕψομαι,grc,2,0.023,no
ἐώργει,grc,2,0.023,no
ἕως,grc,2,0.023,no
ἔωσιν,grc,2,0.023,no
ζατρεφέων,grc,2,0.023,no
ζηνός,grc,2,0.023,no
ζωοῖσι,grc,2,0.023,no
ζωόντων,grc,2,0.023,no
ζωούς,grc,2,0.023,no
ζώουσι,grc,2,0.023,no
ᾖα,grc,2,0.023,no
ἠβαιαί,grc,2,0.023,no
ἡβώοιμι,grc,2,0.023,no
ἤγαγεν,grc,2,0.023,no
ἤγαγες,grc,2,0.023,no
ἠγαγόμην,grc,2,0.023,no
ἠγαθέῃ,grc,2,0.023,no
ἡγεμονεύσω,grc,2,0.023,no
ἡγήσαιτο,grc,2,0.023,no
ἡγήσασθαι,grc,2,0.023,no
ᾔδεʼ,grc,2,0.023,no
ἡδέι,grc,2,0.023,no
ἦδος,grc,2,0.023,no
ἤειδε,grc,2,0.023,no
ἠέλιόν,grc,2,0.023,no
ἠέρι,grc,2,0.023,no
ἠεροειδέϊ,grc,2,0.023,no
ἤιε,grc,2,0.023,no
ἤϊον,grc,2,0.023,no
ἦκʼ,grc,2,0.023,no
ἦκα,grc,2,0.023,no
ἤλδανε,grc,2,0.023,no
ἠλέκτροισιν,grc,2,0.023,no
ἠλώμην,grc,2,0.023,no
ἠμαθόεντι,grc,2,0.023,no
ἧμαι,grc,2,0.023,no
ἤματʼ,grc,2,0.023,no
ἤμβροτον,grc,2,0.023,no
ἡμείων,grc,2,0.023,no
ἤμελγε,grc,2,0.023,no
ἤμελγεν,grc,2,0.023,no
ἡμετέρην,grc,2,0.023,no
ἡμέτερόνδʼ,grc,2,0.023,no
ἡμετέρου,grc,2,0.023,no
ἥμην,grc,2,0.023,no
ἡμίονοι,grc,2,0.023,no
ἡμιόνων,grc,2,0.023,no
ἡμίσεες,grc,2,0.023,no
ἤνασσε,grc,2,0.023,no
ἤνεικεν,grc,2,0.023,no
ᾔνεον,grc,2,0.023,no
ἡνία,grc,2,0.023,no
ἠνίπαπε,grc,2,0.023,no
ἤνυσεν,grc,2,0.023,no
ἤνωγον,grc,2,0.023,no
ᾔομεν,grc,2,0.023,no
ἧπαρ,grc,2,0.023,no
ἤπειρον,grc,2,0.023,no
ἠπείρῳ,grc,2,0.023,no
ἠπύει,grc,2,0.023,no
ἡρακλῆα,grc,2,0.023,no
ἤραρε,grc,2,0.023,no
ἤρατʼ,grc,2,0.023,no
ἦρι,grc,2,0.023,no
ἠριγενείης,grc,2,0.023,no
ἤρτυε,grc,2,0.023,no
ἠρτύναντο,grc,2,0.023,no
ἦρχον,grc,2,0.023,no
ἥρωας,grc,2,0.023,no
ἥρωϊ,grc,2,0.023,no
ἥρωος,grc,2,0.023,no
ἤσθιον,grc,2,0.023,no
ἧσο,grc,2,0.023,no
ἠσπάζοντο,grc,2,0.023,no
ᾔτεε,grc,2,0.023,no
ἠυκόμοιο,grc,2,0.023,no
ἥφαιστον,grc,2,0.023,no
ἠχῇ,grc,2,0.023,no
ἤχθετο,grc,2,0.023,no
ἤχλυσε,grc,2,0.023,no
ἠῶθέν,grc,2,0.023,no
ἠῶθι,grc,2,0.023,no
θαλαμηπόλος,grc,2,0.023,no
θάλαμόν,grc,2,0.023,no
θάλαμόνδε,grc,2,0.023,no
θαλάμων,grc,2,0.023,no
θαλείῃ,grc,2,0.023,no
θάλποντες,grc,2,0.023,no
θαμβήσασα,grc,2,0.023,no
θανάτου,grc,2,0.023,no
θανόντων,grc,2,0.023,no
θαρσαλέος,grc,2,0.023,no
θαρσήσας,grc,2,0.023,no
θαρσύνων,grc,2,0.023,no
θαύμαζε,grc,2,0.023,no
θεαὶ,grc,2,0.023,no
θεείου,grc,2,0.023,no
θέλγε,grc,2,0.023,no
θέλγουσιν,grc,2,0.023,no
θέμιστες,grc,2,0.023,no
θέμωσε,grc,2,0.023,no
θεοειδέα,grc,2,0.023,no
θεοείκελος,grc,2,0.023,no
θεόν,grc,2,0.023,no
θεοπροπίης,grc,2,0.023,no
θέουσα,grc,2,0.023,no
θεόφιν,grc,2,0.023,no
θεράποντε,grc,2,0.023,no
θερμὸν,grc,2,0.023,no
θέρος,grc,2,0.023,no
θέσθαι,grc,2,0.023,no
θέσκελα,grc,2,0.023,no
θεσπεσίη,grc,2,0.023,no
θέσφατόν,grc,2,0.023,no
θηεῦντο,grc,2,0.023,no
θήῃ,grc,2,0.023,no
θῆκʼ,grc,2,0.023,no
θῆλύν,grc,2,0.023,no
θῆλυς,grc,2,0.023,no
θηλυτεράων,grc,2,0.023,no
θην,grc,2,0.023,no
θήρεσσιν,grc,2,0.023,no
θήρην,grc,2,0.023,no
θηρίον,grc,2,0.023,no
θήσω,grc,2,0.023,no
θητευέμεν,grc,2,0.023,no
θοῇσι,grc,2,0.023,no
θοῇσιν,grc,2,0.023,no
θόλου,grc,2,0.023,no
θρέψε,grc,2,0.023,no
θρινακίην,grc,2,0.023,no
θρόνων,grc,2,0.023,no
θυγατέρʼ,grc,2,0.023,no
θυγατέρες,grc,2,0.023,no
θύγατρας,grc,2,0.023,no
θυγατρὸς,grc,2,0.023,no
θῦεν,grc,2,0.023,no
θυμαλγέος,grc,2,0.023,no
θυμαλγὲς,grc,2,0.023,no
θυμοφθόρον,grc,2,0.023,no
θυρέων,grc,2,0.023,no
θυώδεα,grc,2,0.023,no
ἰαίνετο,grc,2,0.023,no
ἴαχε,grc,2,0.023,no
ἰδʼ,grc,2,0.023,no
ἰδεῖν,grc,2,0.023,no
ἴδῃ,grc,2,0.023,no
ἴδιον,grc,2,0.023,no
ἴδοι,grc,2,0.023,no
ἰδοίατο,grc,2,0.023,no
ἴδοιμι,grc,2,0.023,no
ἴδοις,grc,2,0.023,no
ἴδοιτο,grc,2,0.023,no
ἰδόντας,grc,2,0.023,no
ἴδοντο,grc,2,0.023,no
ἴδρις,grc,2,0.023,no
ἰδυῖαν,grc,2,0.023,no
ἰδυίῃ,grc,2,0.023,no
ἴδω,grc,2,0.023,no
ἴδωμεν,grc,2,0.023,no
ἱέντες,grc,2,0.023,no
ἱέρευον,grc,2,0.023,no
ἱερεύοντες,grc,2,0.023,no
ἱερεύσαντες,grc,2,0.023,no
ἱερευσέμεν,grc,2,0.023,no
ἱέρευσεν,grc,2,0.023,no
ἱερήϊα,grc,2,0.023,no
ἱερῆς,grc,2,0.023,no
ἴῃ,grc,2,0.023,no
ἰήσεται,grc,2,0.023,no
ἵησι,grc,2,0.023,no
ἰθακήσιος,grc,2,0.023,no
ἰθύν,grc,2,0.023,no
ἴθυνε,grc,2,0.023,no
ἰθύνετο,grc,2,0.023,no
ἴθυνον,grc,2,0.023,no
ἱκανέμεν,grc,2,0.023,no
ἱκάνοι,grc,2,0.023,no
ἱκάνομαι,grc,2,0.023,no
ἰκέλη,grc,2,0.023,no
ἴκελοι,grc,2,0.023,no
ἴκελος,grc,2,0.023,no
ἱκέσθην,grc,2,0.023,no
ἱκετάων,grc,2,0.023,no
ἱκέτευσα,grc,2,0.023,no
ἱκέτην,grc,2,0.023,no
ἱκέτῃσιν,grc,2,0.023,no
ἱκοίμην,grc,2,0.023,no
ἵκωμαι,grc,2,0.023,no
ἱμάντι,grc,2,0.023,no
ἵμασεν,grc,2,0.023,no
ἱμείρεται,grc,2,0.023,no
ἱμερόεντα,grc,2,0.023,no
ἱμερόεσσαν,grc,2,0.023,no
ἵμερος,grc,2,0.023,no
ἰνδάλλεται,grc,2,0.023,no
ἷξε,grc,2,0.023,no
ἵξεσθαι,grc,2,0.023,no
ἰξυῖ,grc,2,0.023,no
ἰοδνεφὲς,grc,2,0.023,no
ἰοί,grc,2,0.023,no
ἰὸν,grc,2,0.023,no
ἰόντʼ,grc,2,0.023,no
ἰόντας,grc,2,0.023,no
ἱππηλάτα,grc,2,0.023,no
ἱππόβοτον,grc,2,0.023,no
ἱπποδάμοιο,grc,2,0.023,no
ἱπποδασείας,grc,2,0.023,no
ἱππόθεν,grc,2,0.023,no
ἵπποισι,grc,2,0.023,no
ἵππῳ,grc,2,0.023,no
ἵρευον,grc,2,0.023,no
ἴρου,grc,2,0.023,no
ἴρῳ,grc,2,0.023,no
ἱρῶν,grc,2,0.023,no
ἴσην,grc,2,0.023,no
ἴσης,grc,2,0.023,no
ἰσόθεος,grc,2,0.023,no
ἱσταμένη,grc,2,0.023,no
ἵσταντʼ,grc,2,0.023,no
ἵσταντο,grc,2,0.023,no
ἴστε,grc,2,0.023,no
ἱστοὶ,grc,2,0.023,no
ἴσχεσθαι,grc,2,0.023,no
ἴτην,grc,2,0.023,no
ἴτω,grc,2,0.023,no
ἰφθίμη,grc,2,0.023,no
ἰφθίμοισιν,grc,2,0.023,no
ἴφιτος,grc,2,0.023,no
ἰχθύες,grc,2,0.023,no
ἰχθύσι,grc,2,0.023,no
ἰῶν,grc,2,0.023,no
καγχαλόωσα,grc,2,0.023,no
κὰδʼ,grc,2,0.023,no
καθεζομένη,grc,2,0.023,no
καθεζόμενος,grc,2,0.023,no
καθέξει,grc,2,0.023,no
καθήμενον,grc,2,0.023,no
κακὰς,grc,2,0.023,no
κακῇ,grc,2,0.023,no
κακῆς,grc,2,0.023,no
κακῇσι,grc,2,0.023,no
κάκιον,grc,2,0.023,no
κάκιστος,grc,2,0.023,no
κακοῖς,grc,2,0.023,no
κακώτερον,grc,2,0.023,no
κακώτερος,grc,2,0.023,no
καλαί,grc,2,0.023,no
κάλεον,grc,2,0.023,no
καλέσασα,grc,2,0.023,no
καλέσσαι,grc,2,0.023,no
κάλεσσον,grc,2,0.023,no
καλέων,grc,2,0.023,no
καλή,grc,2,0.023,no
καλήν,grc,2,0.023,no
καλῆς,grc,2,0.023,no
κάλλεϊ,grc,2,0.023,no
κάλλιμον,grc,2,0.023,no
κάλλιόν,grc,2,0.023,no
καλλιπάρῃος,grc,2,0.023,no
κάλλιπεν,grc,2,0.023,no
καλλιπλοκάμοιο,grc,2,0.023,no
καλλιρέεθρον,grc,2,0.023,no
κάλλιστος,grc,2,0.023,no
καλλίτριχα,grc,2,0.023,no
καλός,grc,2,0.023,no
καλὸς,grc,2,0.023,no
καλοῦ,grc,2,0.023,no
καλύπτρην,grc,2,0.023,no
καλυψάμενος,grc,2,0.023,no
κάλυψεν,grc,2,0.023,no
καλῷ,grc,2,0.023,no
καμάτοιο,grc,2,0.023,no
κάματον,grc,2,0.023,no
καμόντων,grc,2,0.023,no
κανέῳ,grc,2,0.023,no
καπνόν,grc,2,0.023,no
καπνὸς,grc,2,0.023,no
κάπρον,grc,2,0.023,no
καρήνων,grc,2,0.023,no
κάρητος,grc,2,0.023,no
κάρτεϊ,grc,2,0.023,no
κασίγνητοι,grc,2,0.023,no
κασίγνητοί,grc,2,0.023,no
κασιγνήτοις,grc,2,0.023,no
κασιγνήτῳ,grc,2,0.023,no
κασιγνήτων,grc,2,0.023,no
κατά,grc,2,0.023,yes
καταβῆναι,grc,2,0.023,no
κατάγοντο,grc,2,0.023,no
κατάγων,grc,2,0.023,no
καταειμένον,grc,2,0.023,no
καταισχύνητέ,grc,2,0.023,no
κατακείετε,grc,2,0.023,no
κατακῆαι,grc,2,0.023,no
καταλέγμενος,grc,2,0.023,no
κατάνεται,grc,2,0.023,no
καταντικρὺ,grc,2,0.023,no
καταπαυέμεν,grc,2,0.023,no
κατέβαινʼ,grc,2,0.023,no
κατέδησαν,grc,2,0.023,no
κατέδουσι,grc,2,0.023,no
κατέθηκʼ,grc,2,0.023,no
κατειρύσθαι,grc,2,0.023,no
κατέκτανε,grc,2,0.023,no
κατέκτανον,grc,2,0.023,no
κατελείπομεν,grc,2,0.023,no
κατένευσε,grc,2,0.023,no
κατέπεφνον,grc,2,0.023,no
κατέρεξεν,grc,2,0.023,no
κατερύκει,grc,2,0.023,no
κατερχομένης,grc,2,0.023,no
κατευνηθέντα,grc,2,0.023,no
κατέχευεν,grc,2,0.023,no
κατήγαγεν,grc,2,0.023,no
κατῄκισται,grc,2,0.023,no
κατήλθομεν,grc,2,0.023,no
κεδνῇ,grc,2,0.023,no
κεῖνο,grc,2,0.023,no
κεῖνόν,grc,2,0.023,no
κείνους,grc,2,0.023,no
κείρετʼ,grc,2,0.023,no
κεῖσέ,grc,2,0.023,no
κεκαδήσει,grc,2,0.023,no
κεκαλυμμένοι,grc,2,0.023,no
κεκασμένον,grc,2,0.023,no
κέκλετο,grc,2,0.023,no
κέκλυθι,grc,2,0.023,no
κεκμηῶτα,grc,2,0.023,no
κεκράανται,grc,2,0.023,no
κεκριμένοι,grc,2,0.023,no
κελεύοι,grc,2,0.023,no
κέλευσεν,grc,2,0.023,no
κέονται,grc,2,0.023,no
κέρα,grc,2,0.023,no
κερασσάμενος,grc,2,0.023,no
κεράσσατο,grc,2,0.023,no
κεράων,grc,2,0.023,no
κερδαλέον,grc,2,0.023,no
κέρδεʼ,grc,2,0.023,no
κέρδος,grc,2,0.023,no
κερτομίοισι,grc,2,0.023,no
κευθμῶνας,grc,2,0.023,no
κεύσω,grc,2,0.023,no
κεφαλή,grc,2,0.023,no
κεχάροιτο,grc,2,0.023,no
κεχάροντο,grc,2,0.023,no
κεχολώατο,grc,2,0.023,no
κεχολώσεται,grc,2,0.023,no
κεχρημένον,grc,2,0.023,no
κήαντες,grc,2,0.023,no
κήδεά,grc,2,0.023,no
κήδεσθαι,grc,2,0.023,no
κήδεσιν,grc,2,0.023,no
κηδόμενόν,grc,2,0.023,no
κηλέῳ,grc,2,0.023,no
κηληθμῷ,grc,2,0.023,no
κὴρ,grc,2,0.023,no
κῆρʼ,grc,2,0.023,no
κηρὸν,grc,2,0.023,no
κηρύκεσσι,grc,2,0.023,no
κηρύκων,grc,2,0.023,no
κήρυχʼ,grc,2,0.023,no
κῆτος,grc,2,0.023,no
κίθαρις,grc,2,0.023,no
κικλήσκουσι,grc,2,0.023,no
κίκονες,grc,2,0.023,no
κικόνεσσι,grc,2,0.023,no
κικόνων,grc,2,0.023,no
κίοι,grc,2,0.023,no
κίονʼ,grc,2,0.023,no
κιούσῃ,grc,2,0.023,no
κίρκῃ,grc,2,0.023,no
κίρκος,grc,2,0.023,no
κίρνη,grc,2,0.023,no
κισσυβίῳ,grc,2,0.023,no
κιχάνω,grc,2,0.023,no
κιχήσατο,grc,2,0.023,no
κιχήσεαι,grc,2,0.023,no
κιών,grc,2,0.023,no
κλαγγὴ,grc,2,0.023,no
κλαίοντας,grc,2,0.023,no
κλαιούσης,grc,2,0.023,no
κλαίων,grc,2,0.023,no
κλαυθμοῦ,grc,2,0.023,no
κλεηδόνι,grc,2,0.023,no
κλήθρη,grc,2,0.023,no
κληῗδʼ,grc,2,0.023,no
κληῗσι,grc,2,0.023,no
κληῗσιν,grc,2,0.023,no
κλήρους,grc,2,0.023,no
κλιθῆναι,grc,2,0.023,no
κλίνας,grc,2,0.023,no
κλισίηνδʼ,grc,2,0.023,no
κλισίης,grc,2,0.023,no
κλισμῷ,grc,2,0.023,no
κλῦτε,grc,2,0.023,no
κλῦτέ,grc,2,0.023,no
κλυτόνηος,grc,2,0.023,no
κνημοὺς,grc,2,0.023,no
κνίσῃ,grc,2,0.023,no
κοίλοιο,grc,2,0.023,no
κοιμήσασα,grc,2,0.023,no
κοίμησε,grc,2,0.023,no
κοιρανέουσι,grc,2,0.023,no
κολλητῇσιν,grc,2,0.023,no
κόμας,grc,2,0.023,no
κομέειν,grc,2,0.023,no
κομέεσκεν,grc,2,0.023,no
κόμην,grc,2,0.023,no
κομιδῆς,grc,2,0.023,no
κόμιζε,grc,2,0.023,no
κομιζέμεν,grc,2,0.023,no
κομίζῃ,grc,2,0.023,no
κόμισσε,grc,2,0.023,no
κορυφὴν,grc,2,0.023,no
κορώνῃσιν,grc,2,0.023,no
κορωνίσιν,grc,2,0.023,no
κότον,grc,2,0.023,no
κοτύλην,grc,2,0.023,no
κούρας,grc,2,0.023,no
κούρῃσιν,grc,2,0.023,no
κουριδίοιο,grc,2,0.023,no
κούρων,grc,2,0.023,no
κραδίῃ,grc,2,0.023,no
κραίνουσι,grc,2,0.023,no
κρατερῆφι,grc,2,0.023,no
κρατερόφρονος,grc,2,0.023,no
κρατερώνυχας,grc,2,0.023,no
κρατερῶς,grc,2,0.023,no
κρατὺς,grc,2,0.023,no
κράτων,grc,2,0.023,no
κρέμασεν,grc,2,0.023,no
κρηήνατʼ,grc,2,0.023,no
κρῆναι,grc,2,0.023,no
κρήνη,grc,2,0.023,no
κρήνῃ,grc,2,0.023,no
κρητάων,grc,2,0.023,no
κρήτην,grc,2,0.023,no
κρινάμενος,grc,2,0.023,no
κρονίδῃ,grc,2,0.023,no
κρονίδης,grc,2,0.023,no
κρονίωνα,grc,2,0.023,no
κροτάφοις,grc,2,0.023,no
κρύβδην,grc,2,0.023,no
κρυεροῖο,grc,2,0.023,no
κρυφηδόν,grc,2,0.023,no
κτάμεναι,grc,2,0.023,no
κταμένοισι,grc,2,0.023,no
κτεάτεσσι,grc,2,0.023,no
κτείναιμι,grc,2,0.023,no
κτείνει,grc,2,0.023,no
κτείνειν,grc,2,0.023,no
κτείνῃς,grc,2,0.023,no
κτεινομένων,grc,2,0.023,no
κτήμαθʼ,grc,2,0.023,no
κτήμασιν,grc,2,0.023,no
κτήσατο,grc,2,0.023,no
κτήσιος,grc,2,0.023,no
κτήσιππον,grc,2,0.023,no
κτήσιππος,grc,2,0.023,no
κτύπος,grc,2,0.023,no
κτύπου,grc,2,0.023,no
κυανέη,grc,2,0.023,no
κυανέην,grc,2,0.023,no
κυβερνῆταί,grc,2,0.023,no
κυβερνήτης,grc,2,0.023,no
κυδαλίμοισιν,grc,2,0.023,no
κύδιστε,grc,2,0.023,no
κυδρὴν,grc,2,0.023,no
κύδωνες,grc,2,0.023,no
κυκεῶ,grc,2,0.023,no
κυκωμένη,grc,2,0.023,no
κυλίνδετο,grc,2,0.023,no
κύμαθʼ,grc,2,0.023,no
κύμασι,grc,2,0.023,no
κύματι,grc,2,0.023,no
κυνέας,grc,2,0.023,no
κυνώπιδος,grc,2,0.023,no
κύον,grc,2,0.023,no
κυσὶν,grc,2,0.023,no
κώεσιν,grc,2,0.023,no
κώπη,grc,2,0.023,no
κώπῃς,grc,2,0.023,no
κωρύκῳ,grc,2,0.023,no
λαβόντες,grc,2,0.023,no
λαβών,grc,2,0.023,no
λάγχανον,grc,2,0.023,no
λάζετο,grc,2,0.023,no
λάθεν,grc,2,0.023,no
λάθρῃ,grc,2,0.023,no
λαιστρυγονίην,grc,2,0.023,no
λαιστρυγόνος,grc,2,0.023,no
λακτίζων,grc,2,0.023,no
λαμπετίη,grc,2,0.023,no
λαμπομενάων,grc,2,0.023,no
λὰξ,grc,2,0.023,no
λαοδάμα,grc,2,0.023,no
λαός,grc,2,0.023,no
λαοσσόον,grc,2,0.023,no
λαοὺς,grc,2,0.023,no
λαρὸν,grc,2,0.023,no
λάχεια,grc,2,0.023,no
λαχὼν,grc,2,0.023,no
λέβητας,grc,2,0.023,no
λέβητι,grc,2,0.023,no
λεγώμεθα,grc,2,0.023,no
λειμών,grc,2,0.023,no
λειμῶνες,grc,2,0.023,no
λειμῶνι,grc,2,0.023,no
λεῖος,grc,2,0.023,no
λεῖπε,grc,2,0.023,no
λειώδης,grc,2,0.023,no
λέκτροιο,grc,2,0.023,no
λέκτρῳ,grc,2,0.023,no
λελασμένος,grc,2,0.023,no
λέλειπτο,grc,2,0.023,no
λέλοιπεν,grc,2,0.023,no
λέλυνται,grc,2,0.023,no
λεξαίμην,grc,2,0.023,no
λέοντος,grc,2,0.023,no
λεπτά,grc,2,0.023,no
λευκὴ,grc,2,0.023,no
λευκὸν,grc,2,0.023,no
λέχεσσι,grc,2,0.023,no
λεχέων,grc,2,0.023,no
ληΐδα,grc,2,0.023,no
ληίδος,grc,2,0.023,no
ληΐδος,grc,2,0.023,no
ληιστῆρες,grc,2,0.023,no
ληκύθῳ,grc,2,0.023,no
λῆμνον,grc,2,0.023,no
λήσει,grc,2,0.023,no
λητώ,grc,2,0.023,no
λιαρόν,grc,2,0.023,no
λιβύην,grc,2,0.023,no
λίγʼ,grc,2,0.023,no
λιγὺς,grc,2,0.023,no
λίθοιο,grc,2,0.023,no
λίθοισι,grc,2,0.023,no
λιλαίεο,grc,2,0.023,no
λιλαίεται,grc,2,0.023,no
λιλαιόμενοι,grc,2,0.023,no
λιμένι,grc,2,0.023,no
λιμήν,grc,2,0.023,no
λιμός,grc,2,0.023,no
λιμῷ,grc,2,0.023,no
λίνῳ,grc,2,0.023,no
λιπαρῷ,grc,2,0.023,no
λιπέσθαι,grc,2,0.023,no
λίποι,grc,2,0.023,no
λίσσεαι,grc,2,0.023,no
λίσσοιτο,grc,2,0.023,no
λίσσομʼ,grc,2,0.023,no
λοεσσάμενός,grc,2,0.023,no
λόφος,grc,2,0.023,no
λοχόωντες,grc,2,0.023,no
λύγρʼ,grc,2,0.023,no
λυγρῆς,grc,2,0.023,no
λύει,grc,2,0.023,no
λυκάβαντος,grc,2,0.023,no
λύκοι,grc,2,0.023,no
λῦσαν,grc,2,0.023,no
λῦσεν,grc,2,0.023,no
λῦσον,grc,2,0.023,no
λύων,grc,2,0.023,no
λώβη,grc,2,0.023,no
λώβης,grc,2,0.023,no
λώϊον,grc,2,0.023,no
λωίτερον,grc,2,0.023,no
λωτοφάγων,grc,2,0.023,no
μαζῷ,grc,2,0.023,no
μακάρτατος,grc,2,0.023,no
μακρὴν,grc,2,0.023,no
μακρῷ,grc,2,0.023,no
μαλακῆς,grc,2,0.023,no
μαλακοῖσι,grc,2,0.023,no
μαλακοῖσιν,grc,2,0.023,no
μαλακῶς,grc,2,0.023,no
μαλειάων,grc,2,0.023,no
μᾶλλόν,grc,2,0.023,no
μὰν,grc,2,0.023,no
μαντεύεσθαι,grc,2,0.023,no
μάντηος,grc,2,0.023,no
μάντιν,grc,2,0.023,no
μαρναμένοισι,grc,2,0.023,no
μάρτυροι,grc,2,0.023,no
μάστακα,grc,2,0.023,no
μαστορίδης,grc,2,0.023,no
μαχοίμην,grc,2,0.023,no
μεγαίρω,grc,2,0.023,no
μεγάλα,grc,2,0.023,no
μεγάλῃσι,grc,2,0.023,no
μέγαρόν,grc,2,0.023,no
μέγεθος,grc,2,0.023,no
μέγιστος,grc,2,0.023,no
μέδηαι,grc,2,0.023,no
μέδηται,grc,2,0.023,no
μεθήσει,grc,2,0.023,no
μεῖζόν,grc,2,0.023,no
μείζονά,grc,2,0.023,no
μειλίσσεο,grc,2,0.023,no
μέλαθρον,grc,2,0.023,no
μελαινάων,grc,2,0.023,no
μελανθὼ,grc,2,0.023,no
μέλας,grc,2,0.023,no
μέλεʼ,grc,2,0.023,no
μέλει,grc,2,0.023,no
μελεϊστὶ,grc,2,0.023,no
μέλεσσιν,grc,2,0.023,no
μελίη,grc,2,0.023,no
μελικρήτῳ,grc,2,0.023,no
μέλιτι,grc,2,0.023,no
μέλλεις,grc,2,0.023,no
μεμάασι,grc,2,0.023,no
μεμαυῖα,grc,2,0.023,no
μεμαυῖαν,grc,2,0.023,no
μεμαώς,grc,2,0.023,no
μέμηλεν,grc,2,0.023,no
μεμνήσεσθαι,grc,2,0.023,no
μεμνῆσθαι,grc,2,0.023,no
μέμονέν,grc,2,0.023,no
μένε,grc,2,0.023,no
μενέαινεν,grc,2,0.023,no
μενέμεν,grc,2,0.023,no
μενέω,grc,2,0.023,no
μενοεικέʼ,grc,2,0.023,no
μενοίνα,grc,2,0.023,no
μένομεν,grc,2,0.023,no
μένοντε,grc,2,0.023,no
μέντης,grc,2,0.023,no
μέντορα,grc,2,0.023,no
μένων,grc,2,0.023,no
μερμήριζε,grc,2,0.023,no
μερμηρίξας,grc,2,0.023,no
μερόπων,grc,2,0.023,no
μεσαύλιος,grc,2,0.023,no
μεσόδμαι,grc,2,0.023,no
μεσόδμης,grc,2,0.023,no
μέτα,grc,2,0.023,no
μεταΐξας,grc,2,0.023,no
μεταλλᾷ,grc,2,0.023,no
μετάλλα,grc,2,0.023,no
μεταλλῶσιν,grc,2,0.023,no
μεταπρέπει,grc,2,0.023,no
μετείην,grc,2,0.023,no
μετελθών,grc,2,0.023,no
μετηύδων,grc,2,0.023,no
μετόπισθεν,grc,2,0.023,no
μετῴχετο,grc,2,0.023,no
μήδεʼ,grc,2,0.023,no
μήδεά,grc,2,0.023,no
μήκιστα,grc,2,0.023,no
μῆκος,grc,2,0.023,no
μηλέαι,grc,2,0.023,no
μῆνές,grc,2,0.023,no
μηνός,grc,2,0.023,no
μηρούς,grc,2,0.023,no
μήστωρ,grc,2,0.023,no
μητιόωσα,grc,2,0.023,no
μητρός,grc,2,0.023,no
μηχανάασθαι,grc,2,0.023,no
μηχανόωντο,grc,2,0.023,no
μῆχος,grc,2,0.023,no
μίʼ,grc,2,0.023,no
μιγείη,grc,2,0.023,no
μίγη,grc,2,0.023,no
μιγῆναι,grc,2,0.023,no
μινύθει,grc,2,0.023,no
μίνωος,grc,2,0.023,no
μίξεσθαι,grc,2,0.023,no
μνάσθω,grc,2,0.023,no
μνᾶται,grc,2,0.023,no
μνήμων,grc,2,0.023,no
μνησαμένῳ,grc,2,0.023,no
μνήσασθαι,grc,2,0.023,no
μνήσατο,grc,2,0.023,no
μνήσῃ,grc,2,0.023,no
μνηστύν,grc,2,0.023,no
μνώμενοι,grc,2,0.023,no
μόγησαν,grc,2,0.023,no
μόγις,grc,2,0.023,no
μοίρῃ,grc,2,0.023,no
μόρσιμος,grc,2,0.023,no
μουνὰξ,grc,2,0.023,no
μοῦσα,grc,2,0.023,no
μυελὸν,grc,2,0.023,no
μυθησαίμην,grc,2,0.023,no
μυθήσαιτο,grc,2,0.023,no
μυθήσεαι,grc,2,0.023,no
μύθοις,grc,2,0.023,no
μυκήνης,grc,2,0.023,no
μυρομένοισιν,grc,2,0.023,no
ναίειν,grc,2,0.023,no
ναυσίθοον,grc,2,0.023,no
ναυσίθοος,grc,2,0.023,no
ναυσικάαν,grc,2,0.023,no
νέαι,grc,2,0.023,no
νεβροὺς,grc,2,0.023,no
νεηγενέας,grc,2,0.023,no
νεῖαι,grc,2,0.023,no
νείκεα,grc,2,0.023,no
νείκεσσεν,grc,2,0.023,no
νεῖμον,grc,2,0.023,no
νεῖται,grc,2,0.023,no
νειῷ,grc,2,0.023,no
νέκταρ,grc,2,0.023,no
νεκύεσσιν,grc,2,0.023,no
νέμε,grc,2,0.023,no
νεμέσησαν,grc,2,0.023,no
νεμεσήσεαι,grc,2,0.023,no
νεμέσσα,grc,2,0.023,no
νεμεσσᾶται,grc,2,0.023,no
νεμεσσητὸν,grc,2,0.023,no
νεμεσσῶμαί,grc,2,0.023,no
νεόμην,grc,2,0.023,no
νέστορʼ,grc,2,0.023,no
νέστορα,grc,2,0.023,no
νεστορίδην,grc,2,0.023,no
νεφέλη,grc,2,0.023,no
νεφέλῃ,grc,2,0.023,no
νεφέλην,grc,2,0.023,no
νέφος,grc,2,0.023,no
νεῶν,grc,2,0.023,no
νεώτερός,grc,2,0.023,no
νεωτέρῳ,grc,2,0.023,no
νηλεὲς,grc,2,0.023,no
νηλῆα,grc,2,0.023,no
νηλῆος,grc,2,0.023,no
νημερτέως,grc,2,0.023,no
νημερτὴς,grc,2,0.023,no
νηνεμίη,grc,2,0.023,no
νήποινοί,grc,2,0.023,no
νῆχε,grc,2,0.023,no
νηχόμενος,grc,2,0.023,no
νικήσῃ,grc,2,0.023,no
νισόμενον,grc,2,0.023,no
νίσου,grc,2,0.023,no
νιψάμενος,grc,2,0.023,no
νοήμων,grc,2,0.023,no
νομεύων,grc,2,0.023,no
νόου,grc,2,0.023,no
νοστήσει,grc,2,0.023,no
νοστήσειν,grc,2,0.023,no
νοτίῳ,grc,2,0.023,no
νότου,grc,2,0.023,no
νυκτός,grc,2,0.023,no
νύμφῃ,grc,2,0.023,no
νύμφην,grc,2,0.023,no
νύμφῃσι,grc,2,0.023,no
νωλεμὲς,grc,2,0.023,no
νώμησαν,grc,2,0.023,no
νωμῶν,grc,2,0.023,no
νώροπα,grc,2,0.023,no
ξανθὰς,grc,2,0.023,no
ξανθὸν,grc,2,0.023,no
ξεινοδόκῳ,grc,2,0.023,no
ξείνου,grc,2,0.023,no
ξενίῃ,grc,2,0.023,no
ξενίων,grc,2,0.023,no
ξέσσεν,grc,2,0.023,no
ξεστοῖσιν,grc,2,0.023,no
ξεστοῦ,grc,2,0.023,no
ξυλόχῳ,grc,2,0.023,no
ξύμπαντα,grc,2,0.023,no
ξυναγείρατʼ,grc,2,0.023,no
ὀβριμοπάτρης,grc,2,0.023,no
ὀγδοάτῳ,grc,2,0.023,no
ὄγχναι,grc,2,0.023,no
ὄγχνη,grc,2,0.023,no
ὁδαίων,grc,2,0.023,no
ὀδμὴ,grc,2,0.023,no
ὀδμήν,grc,2,0.023,no
ὀδόντας,grc,2,0.023,no
ὀδύνας,grc,2,0.023,no
ὀδυνάων,grc,2,0.023,no
ὀδύνῃσι,grc,2,0.023,no
ὀδύρετο,grc,2,0.023,no
ὀδυρομένοισιν,grc,2,0.023,no
ὀδώδει,grc,2,0.023,no
οἵδʼ,grc,2,0.023,no
ὀίεαι,grc,2,0.023,no
ὄιες,grc,2,0.023,no
ὀΐεται,grc,2,0.023,no
ὀιζύν,grc,2,0.023,no
ὀιζὺν,grc,2,0.023,no
ὀϊζυραὶ,grc,2,0.023,no
οἰήιον,grc,2,0.023,no
οἵην,grc,2,0.023,no
οἰκήων,grc,2,0.023,no
οἴκοθι,grc,2,0.023,no
οἶκόνδʼ,grc,2,0.023,no
οἴκτιστον,grc,2,0.023,no
οἶκτος,grc,2,0.023,no
οἴμας,grc,2,0.023,no
οἰνοπέδοιο,grc,2,0.023,no
οἰνοχοῆσαι,grc,2,0.023,no
οἰνωθέντες,grc,2,0.023,no
οἷοί,grc,2,0.023,no
οἴοισιν,grc,2,0.023,no
οἴοιτο,grc,2,0.023,no
ὀϊόμεθʼ,grc,2,0.023,no
οἴους,grc,2,0.023,no
ὀίσατο,grc,2,0.023,no
ὀιστεύσας,grc,2,0.023,no
ὀϊστοὺς,grc,2,0.023,no
ὀϊστῶν,grc,2,0.023,no
οἴσω,grc,2,0.023,no
οἴσων,grc,2,0.023,no
οἴχετʼ,grc,2,0.023,no
οἴχοιτο,grc,2,0.023,no
οἰχόμενοι,grc,2,0.023,no
οἴω,grc,2,0.023,no
οἵῳ,grc,2,0.023,no
ὀΐων,grc,2,0.023,no
οἰωνοῖσιν,grc,2,0.023,no
οἰωνὸν,grc,2,0.023,no
οἰωνῶν,grc,2,0.023,no
ὀκτὼ,grc,2,0.023,no
ὄλβιε,grc,2,0.023,no
ὄλβιοι,grc,2,0.023,no
ὄλβος,grc,2,0.023,no
ὀλέθρου,grc,2,0.023,no
ὀλέσαι,grc,2,0.023,no
ὄλεσαν,grc,2,0.023,no
ὀλίγη,grc,2,0.023,no
ὀλοὴν,grc,2,0.023,no
ὄλοισθε,grc,2,0.023,no
ὀλοφύρατο,grc,2,0.023,no
ὀλοφυρόμεναι,grc,2,0.023,no
ὄμβρῳ,grc,2,0.023,no
ὁμηλικίην,grc,2,0.023,no
ὁμὴν,grc,2,0.023,no
ὅμιλος,grc,2,0.023,no
ὁμοῖα,grc,2,0.023,no
ὁμοίας,grc,2,0.023,no
ὁμοιΐου,grc,2,0.023,no
ὁμοῖοι,grc,2,0.023,no
ὁμοῖον,grc,2,0.023,no
ὄμοσέν,grc,2,0.023,no
ὀμόσσατε,grc,2,0.023,no
ὀμφῇ,grc,2,0.023,no
ὄναρ,grc,2,0.023,no
ὄνειαρ,grc,2,0.023,no
ὀνείατα,grc,2,0.023,no
ὄνειρος,grc,2,0.023,no
ὀνείρων,grc,2,0.023,no
ὀνύχεσσι,grc,2,0.023,no
ὀξύ,grc,2,0.023,no
ὀπάζει,grc,2,0.023,no
ὀπάζειν,grc,2,0.023,no
ὀπάσειαν,grc,2,0.023,no
ὀπάσσαι,grc,2,0.023,no
ὀπάσσας,grc,2,0.023,no
ὄπασσεν,grc,2,0.023,no
ὀπάσσω,grc,2,0.023,no
ὅπη,grc,2,0.023,no
ὄπιδα,grc,2,0.023,no
ὅπλʼ,grc,2,0.023,no
ὁπλισάμεσθʼ,grc,2,0.023,no
ὁπλοτάτη,grc,2,0.023,no
ὁπλοτάτην,grc,2,0.023,no
ὅπλων,grc,2,0.023,no
ὁποῖος,grc,2,0.023,no
ὅπου,grc,2,0.023,no
ὁπποίης,grc,2,0.023,no
ὀπτῆρας,grc,2,0.023,no
ὀπυίοι,grc,2,0.023,no
ὄπωπα,grc,2,0.023,no
ὄπωπας,grc,2,0.023,no
ὀπώπει,grc,2,0.023,no
ὁρᾶν,grc,2,0.023,no
ὄργυιαν,grc,2,0.023,no
ὀρέγων,grc,2,0.023,no
ὀρεσίτροφος,grc,2,0.023,no
ὄρεσσιν,grc,2,0.023,no
ὀρθὸς,grc,2,0.023,no
ὄρινας,grc,2,0.023,no
ὄρνιθας,grc,2,0.023,no
ὄρσο,grc,2,0.023,no
ὀρσοθύρην,grc,2,0.023,no
ὀρχήσασθαι,grc,2,0.023,no
ὀρχηστυῖ,grc,2,0.023,no
ὀρχηστύν,grc,2,0.023,no
ὀρχομενῷ,grc,2,0.023,no
ὁρώμενοι,grc,2,0.023,no
ὀρώρεται,grc,2,0.023,no
ὅση,grc,2,0.023,no
ὁσίη,grc,2,0.023,no
ὅσσας,grc,2,0.023,no
ὄσσετο,grc,2,0.023,no
ὀστεόφιν,grc,2,0.023,no
ὅτευ,grc,2,0.023,no
ὅτινα,grc,2,0.023,no
ὀτρηρὸς,grc,2,0.023,no
ὀτρῦναι,grc,2,0.023,no
ὀτρύνομεν,grc,2,0.023,no
ὄτρυνον,grc,2,0.023,no
ὀτρύνοντος,grc,2,0.023,no
ὅττεό,grc,2,0.023,no
οὐδῷ,grc,2,0.023,no
οὐλύμποιο,grc,2,0.023,no
οὕνεχʼ,grc,2,0.023,no
οὔνομα,grc,2,0.023,no
οὖτα,grc,2,0.023,no
οὐτάμεναι,grc,2,0.023,no
οὖτιν,grc,2,0.023,no
οὗτοι,grc,2,0.023,no
οὗτός,grc,2,0.023,no
ὀφθαλμοῖιν,grc,2,0.023,no
ὀφθαλμοῖς,grc,2,0.023,no
ὀφθαλμοὺς,grc,2,0.023,no
ὀχῆας,grc,2,0.023,no
ὄψει,grc,2,0.023,no
ὄψεσθʼ,grc,2,0.023,no
ὄψεσθαι,grc,2,0.023,no
ὀψιγόνων,grc,2,0.023,no
πάγοι,grc,2,0.023,no
παγχάλκεον,grc,2,0.023,no
πάθεν,grc,2,0.023,no
πάθες,grc,2,0.023,no
πάθοι,grc,2,0.023,no
παθόντα,grc,2,0.023,no
παθόντες,grc,2,0.023,no
πάθω,grc,2,0.023,no
παῖδε,grc,2,0.023,no
παίδεσσι,grc,2,0.023,no
παιδί,grc,2,0.023,no
παιδνὸς,grc,2,0.023,no
παλαιαί,grc,2,0.023,no
παλαιοί,grc,2,0.023,no
παλαίφατα,grc,2,0.023,no
παλάμῃ,grc,2,0.023,no
παλίντιτα,grc,2,0.023,no
παλίντονον,grc,2,0.023,no
παλιρρόθιον,grc,2,0.023,no
παλλάδʼ,grc,2,0.023,no
παμμέλανʼ,grc,2,0.023,no
πανάργυρον,grc,2,0.023,no
πανδαρέου,grc,2,0.023,no
παντοῖαι,grc,2,0.023,no
παντοίῃς,grc,2,0.023,no
παντοίοισι,grc,2,0.023,no
πάντως,grc,2,0.023,no
παπταίνων,grc,2,0.023,no
πάπτηνεν,grc,2,0.023,no
πάρ,grc,2,0.023,no
παρά,grc,2,0.023,no
παραθείμην,grc,2,0.023,no
παραθεῖτο,grc,2,0.023,no
παραπλῆγας,grc,2,0.023,no
παραύδα,grc,2,0.023,no
παρεζόμενος,grc,2,0.023,no
παρειαί,grc,2,0.023,no
παρειάς,grc,2,0.023,no
παρειὰς,grc,2,0.023,no
παρείη,grc,2,0.023,no
παρέξ,grc,2,0.023,no
παρεξελθεῖν,grc,2,0.023,no
παρέξω,grc,2,0.023,no
παρέπλαγξεν,grc,2,0.023,no
παρεστάμεναι,grc,2,0.023,no
πάρεστι,grc,2,0.023,no
πάρεστιν,grc,2,0.023,no
παρήμενοι,grc,2,0.023,no
παρήμενον,grc,2,0.023,no
παριστάμενος,grc,2,0.023,no
παρίσταται,grc,2,0.023,no
παρφάσθαι,grc,2,0.023,no
πᾶς,grc,2,0.023,no
πᾶσʼ,grc,2,0.023,no
πασσαλόφι,grc,2,0.023,no
πάσχεις,grc,2,0.023,no
πάσχῃ,grc,2,0.023,no
πάσχομεν,grc,2,0.023,no
πατροκλῆος,grc,2,0.023,no
πατρώια,grc,2,0.023,no
πατρωΐῃ,grc,2,0.023,no
πατρώιός,grc,2,0.023,no
πατρῶν,grc,2,0.023,no
παῦσαι,grc,2,0.023,no
παύσαντο,grc,2,0.023,no
παύσειε,grc,2,0.023,no
παῦσεν,grc,2,0.023,no
παύσεσθαι,grc,2,0.023,no
παχέος,grc,2,0.023,no
πεδάᾳ,grc,2,0.023,no
πέδησε,grc,2,0.023,no
πεδίοιο,grc,2,0.023,no
πεζῶν,grc,2,0.023,no
πειράζειν,grc,2,0.023,no
πείρατα,grc,2,0.023,no
πειρήναντε,grc,2,0.023,no
πείρησαι,grc,2,0.023,no
πειρήσαιτο,grc,2,0.023,no
πειρήσαντο,grc,2,0.023,no
πειρήσεσθαι,grc,2,0.023,no
πειρήσεται,grc,2,0.023,no
πειρήτιζεν,grc,2,0.023,no
πειριθόοιο,grc,2,0.023,no
πειρώμεσθα,grc,2,0.023,no
πείσεσθαι,grc,2,0.023,no
πείσματα,grc,2,0.023,no
πέλας,grc,2,0.023,no
πέλασαν,grc,2,0.023,no
πέλασσε,grc,2,0.023,no
πέλειαι,grc,2,0.023,no
πέλειαν,grc,2,0.023,no
πελέκεας,grc,2,0.023,no
πέλοντο,grc,2,0.023,no
πέλωρ,grc,2,0.023,no
πέλωρον,grc,2,0.023,no
πελώρου,grc,2,0.023,no
πέμπʼ,grc,2,0.023,no
πέμπειν,grc,2,0.023,no
πεμπέμεν,grc,2,0.023,no
πεμπέμεναι,grc,2,0.023,no
πέμπουσιν,grc,2,0.023,no
πέμπωμεν,grc,2,0.023,no
πέμψον,grc,2,0.023,no
πέμψουσι,grc,2,0.023,no
πέμψουσιν,grc,2,0.023,no
πενθήμεναι,grc,2,0.023,no
πενταέτηρον,grc,2,0.023,no
πέντε,grc,2,0.023,no
πεπαλαγμένον,grc,2,0.023,no
πέπλοι,grc,2,0.023,no
πέπλον,grc,2,0.023,no
πέποιθα,grc,2,0.023,no
πέποιθε,grc,2,0.023,no
πεποίθεα,grc,2,0.023,no
πεποιθότες,grc,2,0.023,no
πέποσθε,grc,2,0.023,no
πέπυσται,grc,2,0.023,no
περάασκε,grc,2,0.023,no
περιγιγνόμεθʼ,grc,2,0.023,no
περικήδετο,grc,2,0.023,no
περίκηλα,grc,2,0.023,no
περικλυτοῦ,grc,2,0.023,no
περιμήδης,grc,2,0.023,no
περιμήκεα,grc,2,0.023,no
περιμήκεες,grc,2,0.023,no
περιμήκεϊ,grc,2,0.023,no
περιναιετάουσι,grc,2,0.023,no
περιναιετάουσιν,grc,2,0.023,no
περιτελλομένου,grc,2,0.023,no
περιφραδέως,grc,2,0.023,no
περίχευεν,grc,2,0.023,no
περιχεύεται,grc,2,0.023,no
πέρσαντες,grc,2,0.023,no
περσεφονείῃ,grc,2,0.023,no
πέσῃσιν,grc,2,0.023,no
πεσόντα,grc,2,0.023,no
πεσών,grc,2,0.023,no
πέτασσαν,grc,2,0.023,no
πέτραι,grc,2,0.023,no
πεύθεσθαι,grc,2,0.023,no
πευσόμενον,grc,2,0.023,no
πέφνε,grc,2,0.023,no
πέφνῃ,grc,2,0.023,no
πεφύασιν,grc,2,0.023,no
πη,grc,2,0.023,no
πηγῷ,grc,2,0.023,no
πηδῷ,grc,2,0.023,no
πηλεΐωνα,grc,2,0.023,no
πηληϊάδεω,grc,2,0.023,no
πῆμʼ,grc,2,0.023,no
πιέειν,grc,2,0.023,no
πιέζειν,grc,2,0.023,no
πίεζον,grc,2,0.023,no
πιεῖν,grc,2,0.023,no
πίειραν,grc,2,0.023,no
πίμπλαντο,grc,2,0.023,no
πίνετε,grc,2,0.023,no
πίνοντας,grc,2,0.023,no
πίνουσί,grc,2,0.023,no
πῖπτε,grc,2,0.023,no
πίπτει,grc,2,0.023,no
πιστὰ,grc,2,0.023,no
πιφαυσκόμενος,grc,2,0.023,no
πιφαύσκων,grc,2,0.023,no
πλαγκτὰς,grc,2,0.023,no
πλάζετʼ,grc,2,0.023,no
πλαζομένου,grc,2,0.023,no
πλατέʼ,grc,2,0.023,no
πλείη,grc,2,0.023,no
πλεῖθʼ,grc,2,0.023,no
πλεῖον,grc,2,0.023,no
πλεκτὴν,grc,2,0.023,no
πλέονας,grc,2,0.023,no
πλέων,grc,2,0.023,no
πληγεῖσα,grc,2,0.023,no
πληγῇσιν,grc,2,0.023,no
πληθυῖ,grc,2,0.023,no
πλήξας,grc,2,0.023,no
πλησάμενος,grc,2,0.023,no
πλῆσθεν,grc,2,0.023,no
πλησίαι,grc,2,0.023,no
πλησίστιον,grc,2,0.023,no
πνείοντες,grc,2,0.023,no
πνοιὴ,grc,2,0.023,no
ποδάνιπτρα,grc,2,0.023,no
ποδοῖϊν,grc,2,0.023,no
ποδώκεος,grc,2,0.023,no
ποθέουσα,grc,2,0.023,no
ποθέσαι,grc,2,0.023,no
ποίῃ,grc,2,0.023,no
ποιήσαντες,grc,2,0.023,no
ποιήσασθαι,grc,2,0.023,no
ποιήσατʼ,grc,2,0.023,no
ποιμὴν,grc,2,0.023,no
πολέεσσι,grc,2,0.023,no
πολέεσσιν,grc,2,0.023,no
πόλεμόνδε,grc,2,0.023,no
πολέσιν,grc,2,0.023,no
πολιοῖο,grc,2,0.023,no
πολῖται,grc,2,0.023,no
πολλὰς,grc,2,0.023,no
πολλήν,grc,2,0.023,no
πολλὸς,grc,2,0.023,no
πολυάρητος,grc,2,0.023,no
πολύβοιο,grc,2,0.023,no
πολυδαίδαλον,grc,2,0.023,no
πολυήρατον,grc,2,0.023,no
πολυμνήστην,grc,2,0.023,no
πολύπυρον,grc,2,0.023,no
πολύφημον,grc,2,0.023,no
πολυφλοίσβοιο,grc,2,0.023,no
πολύφρονος,grc,2,0.023,no
πομπῇ,grc,2,0.023,no
πομποὶ,grc,2,0.023,no
πονησάμενοι,grc,2,0.023,no
πόντοιο,grc,2,0.023,no
πόντονδε,grc,2,0.023,no
ποντόνοε,grc,2,0.023,no
ποντοπορεύων,grc,2,0.023,no
ποντοπόροιο,grc,2,0.023,no
πόρθεον,grc,2,0.023,no
πορθμῷ,grc,2,0.023,no
πόρσυνε,grc,2,0.023,no
πορφύρεʼ,grc,2,0.023,no
ποσειδάωνʼ,grc,2,0.023,no
ποταμοὶ,grc,2,0.023,no
ποτιδέγμενος,grc,2,0.023,no
ποτιδόρπιον,grc,2,0.023,no
πουλυβοτείρῃ,grc,2,0.023,no
πουλὺν,grc,2,0.023,no
πραπίδεσσι,grc,2,0.023,no
πρῆξαι,grc,2,0.023,no
πρῆξιν,grc,2,0.023,no
πρήσσωμεν,grc,2,0.023,no
πριάμου,grc,2,0.023,no
πριστοῦ,grc,2,0.023,no
πρό,grc,2,0.023,no
προβλώσκειν,grc,2,0.023,no
προερέσσαμεν,grc,2,0.023,no
πρόθυρον,grc,2,0.023,no
προθύρου,grc,2,0.023,no
προΐαλλε,grc,2,0.023,no
προϊεῖσα,grc,2,0.023,no
προικὸς,grc,2,0.023,no
προπάροιθʼ,grc,2,0.023,no
προπεσόντες,grc,2,0.023,no
προσεβήσετο,grc,2,0.023,no
προσέκλινε,grc,2,0.023,no
πρόσω,grc,2,0.023,no
προτέρῃ,grc,2,0.023,no
προτέροισι,grc,2,0.023,no
πρότερός,grc,2,0.023,no
προτιόσσεο,grc,2,0.023,no
προτόνοισιν,grc,2,0.023,no
πρόφρασσʼ,grc,2,0.023,no
προχοῇς,grc,2,0.023,no
πρύμνῃ,grc,2,0.023,no
πρώτη,grc,2,0.023,no
πρώτῃσι,grc,2,0.023,no
πρώτισθʼ,grc,2,0.023,no
πρώτιστος,grc,2,0.023,no
πρῶτόν,grc,2,0.023,no
πτολέμου,grc,2,0.023,no
πτολιπόρθιον,grc,2,0.023,no
πτολίπορθον,grc,2,0.023,no
πτύξασα,grc,2,0.023,no
πτωχοί,grc,2,0.023,no
πτωχοὶ,grc,2,0.023,no
πυγούσιον,grc,2,0.023,no
πύθηαι,grc,2,0.023,no
πύθηται,grc,2,0.023,no
πυθοίμην,grc,2,0.023,no
πυκνά,grc,2,0.023,no
πυκνῇσιν,grc,2,0.023,no
πυκνοὶ,grc,2,0.023,no
πυλίων,grc,2,0.023,no
πύλονδʼ,grc,2,0.023,no
πύματα,grc,2,0.023,no
πύματον,grc,2,0.023,no
πύργος,grc,2,0.023,no
πυρήν,grc,2,0.023,no
πύρνον,grc,2,0.023,no
πωλεύμενοι,grc,2,0.023,no
πῶμα,grc,2,0.023,no
ῥαισέμεναι,grc,2,0.023,no
ῥάκεα,grc,2,0.023,no
ῥάκεσιν,grc,2,0.023,no
ῥακέων,grc,2,0.023,no
ῥέζειν,grc,2,0.023,no
ῥέζεσκον,grc,2,0.023,no
ῥέζετε,grc,2,0.023,no
ῥεῖʼ,grc,2,0.023,no
ῥέξειε,grc,2,0.023,no
ῥέξομεν,grc,2,0.023,no
ῥέξω,grc,2,0.023,no
ῥηθέντι,grc,2,0.023,no
ῥηιδίως,grc,2,0.023,no
ῥηΐτατʼ,grc,2,0.023,no
ῥηξήνορος,grc,2,0.023,no
ῥίγησεν,grc,2,0.023,no
ῥίγιον,grc,2,0.023,no
ῥίζαι,grc,2,0.023,no
ῥῖνα,grc,2,0.023,no
ῥῖνας,grc,2,0.023,no
ῥινοὶ,grc,2,0.023,no
ῥίπτασκε,grc,2,0.023,no
ῥοὰς,grc,2,0.023,no
ῥοάων,grc,2,0.023,no
ῥοιαὶ,grc,2,0.023,no
ῥυπόω,grc,2,0.023,no
ῥυστάζοντας,grc,2,0.023,no
ῥυτοῖσιν,grc,2,0.023,no
ῥωγαλέα,grc,2,0.023,no
ῥῶπας,grc,2,0.023,no
σάκεʼ,grc,2,0.023,no
σανίδεσσιν,grc,2,0.023,no
σάρκας,grc,2,0.023,no
σαώσαι,grc,2,0.023,no
σάωσε,grc,2,0.023,no
σεῖον,grc,2,0.023,no
σειρὴν,grc,2,0.023,no
σειρήνοιιν,grc,2,0.023,no
σελήνης,grc,2,0.023,no
σηκοὶ,grc,2,0.023,no
σήματα,grc,2,0.023,no
σθένος,grc,2,0.023,no
σιγαλόεντι,grc,2,0.023,no
σιδήρεα,grc,2,0.023,no
σιδονίων,grc,2,0.023,no
σικελὴ,grc,2,0.023,no
σίνηαι,grc,2,0.023,no
σίτοιό,grc,2,0.023,no
σῖτος,grc,2,0.023,no
σκέδασιν,grc,2,0.023,no
σκέπαρνον,grc,2,0.023,no
σκηπτόμενον,grc,2,0.023,no
σκηπτοῦχοι,grc,2,0.023,no
σκηπτοῦχος,grc,2,0.023,no
σκοπέλῳ,grc,2,0.023,no
σκοπιὰς,grc,2,0.023,no
σκοπός,grc,2,0.023,no
σκοποῦ,grc,2,0.023,no
σμερδαλέος,grc,2,0.023,no
σοῖο,grc,2,0.023,no
σοῖς,grc,2,0.023,no
σός,grc,2,0.023,no
σοῦ,grc,2,0.023,no
σπάρτηθεν,grc,2,0.023,no
σπασσάμενος,grc,2,0.023,no
σπεῖρα,grc,2,0.023,no
σπείσας,grc,2,0.023,no
σπείσομεν,grc,2,0.023,no
σπέσθαι,grc,2,0.023,no
σπλάγχνων,grc,2,0.023,no
σταθμοῖσιν,grc,2,0.023,no
σταθμοὺς,grc,2,0.023,no
σταθμῶν,grc,2,0.023,no
στέατος,grc,2,0.023,no
στεναχίζων,grc,2,0.023,no
στενάχοντο,grc,2,0.023,no
στενάχοντος,grc,2,0.023,no
στενάχων,grc,2,0.023,no
στέρνοιο,grc,2,0.023,no
στεροπῆς,grc,2,0.023,no
στῆθʼ,grc,2,0.023,no
στῆναι,grc,2,0.023,no
στησαμένη,grc,2,0.023,no
στήσαντες,grc,2,0.023,no
στήσας,grc,2,0.023,no
στῆσεν,grc,2,0.023,no
στιβαροῖς,grc,2,0.023,no
στίβη,grc,2,0.023,no
στοναχῇ,grc,2,0.023,no
στοναχῇσι,grc,2,0.023,no
στονόεντα,grc,2,0.023,no
στονόεντες,grc,2,0.023,no
στονόεσσα,grc,2,0.023,no
στόνος,grc,2,0.023,no
στορέσαι,grc,2,0.023,no
στόρεσον,grc,2,0.023,no
στρατίος,grc,2,0.023,no
στρατοῦ,grc,2,0.023,no
στρεφθεὶς,grc,2,0.023,no
στρωφῶσʼ,grc,2,0.023,no
στυγερὴ,grc,2,0.023,no
στυγερῇ,grc,2,0.023,no
στυγεροῖσιν,grc,2,0.023,no
στυγερῶς,grc,2,0.023,no
στυγὸς,grc,2,0.023,no
στυφελίζετε,grc,2,0.023,no
στυφελιζομένους,grc,2,0.023,no
συβώτεω,grc,2,0.023,no
σύεσσι,grc,2,0.023,no
συκέαι,grc,2,0.023,no
συμφράσσατο,grc,2,0.023,no
σῦν,grc,2,0.023,no
συνέεργον,grc,2,0.023,no
συνήντετο,grc,2,0.023,no
σύνθετο,grc,2,0.023,no
σφάζουσι,grc,2,0.023,no
σφαῖραν,grc,2,0.023,no
σφαίρῃ,grc,2,0.023,no
σφαραγεῦντο,grc,2,0.023,no
σφε,grc,2,0.023,no
σφέων,grc,2,0.023,no
σφίσι,grc,2,0.023,no
σφωιν,grc,2,0.023,no
σχέθε,grc,2,0.023,no
σχέθεν,grc,2,0.023,no
σχεθέτω,grc,2,0.023,no
σχήσει,grc,2,0.023,no
σῶν,grc,2,0.023,no
ταί,grc,2,0.023,no
τάλαν,grc,2,0.023,no
τάμνον,grc,2,0.023,no
ταμόντες,grc,2,0.023,no
τανύηκες,grc,2,0.023,no
τάνυσεν,grc,2,0.023,no
τανυσίπτεροι,grc,2,0.023,no
ταρβεῖς,grc,2,0.023,no
ταρπώμεθα,grc,2,0.023,no
ταῦρόν,grc,2,0.023,no
ταύρων,grc,2,0.023,no
ταφήϊον,grc,2,0.023,no
ταφίοισι,grc,2,0.023,no
ταφίων,grc,2,0.023,no
τάφον,grc,2,0.023,no
τάφου,grc,2,0.023,no
ταχέας,grc,2,0.023,no
ταχέες,grc,2,0.023,no
τάχιστά,grc,2,0.023,no
τεῆς,grc,2,0.023,no
τεθνηῶτος,grc,2,0.023,no
τειρεσίῃ,grc,2,0.023,no
τειρόμενον,grc,2,0.023,no
τειχίον,grc,2,0.023,no
τεκέεσσιν,grc,2,0.023,no
τεκέσθαι,grc,2,0.023,no
τεκμαίρομʼ,grc,2,0.023,no
τέκμωρ,grc,2,0.023,no
τεκόμεσθα,grc,2,0.023,no
τελέει,grc,2,0.023,no
τελέθουσι,grc,2,0.023,no
τελείει,grc,2,0.023,no
τελέσσαι,grc,2,0.023,no
τελέσσῃ,grc,2,0.023,no
τελεύτα,grc,2,0.023,no
τελευτὴν,grc,2,0.023,no
τελευτῆσαι,grc,2,0.023,no
τελευτήσας,grc,2,0.023,no
τελεύτησέν,grc,2,0.023,no
τελευτήσεσθαι,grc,2,0.023,no
τελέω,grc,2,0.023,no
τεοῖσιν,grc,2,0.023,no
τεός,grc,2,0.023,no
τερπέσθην,grc,2,0.023,no
τέρπεται,grc,2,0.023,no
τερπικέραυνος,grc,2,0.023,no
τέρπομʼ,grc,2,0.023,no
τερπομένοισι,grc,2,0.023,no
τέρποντʼ,grc,2,0.023,no
τερψιμβρότου,grc,2,0.023,no
τέσσαρα,grc,2,0.023,no
τετάνυστο,grc,2,0.023,no
τετέλεσται,grc,2,0.023,no
τετέλεστο,grc,2,0.023,no
τετλάμεν,grc,2,0.023,no
τετυκεῖν,grc,2,0.023,no
τετυκοίμεθα,grc,2,0.023,no
τετύκοντο,grc,2,0.023,no
τετύχθω,grc,2,0.023,no
τεῦξε,grc,2,0.023,no
τεύξειεν,grc,2,0.023,no
τέχνης,grc,2,0.023,no
τεῳ,grc,2,0.023,no
τέως,grc,2,0.023,no
τηλεθόωντα,grc,2,0.023,no
τηλεθόωσαι,grc,2,0.023,no
τηλέπυλον,grc,2,0.023,no
τηλόθι,grc,2,0.023,no
τῇς,grc,2,0.023,no
τηϋσίην,grc,2,0.023,no
τιέμεν,grc,2,0.023,no
τίεν,grc,2,0.023,no
τίεσκον,grc,2,0.023,no
τιθέμεσθα,grc,2,0.023,no
τίθενται,grc,2,0.023,no
τίθεσαν,grc,2,0.023,no
τίθησθα,grc,2,0.023,no
τιμηέστατόν,grc,2,0.023,no
τιμήσαντο,grc,2,0.023,no
τίνα,grc,2,0.023,no
τινάξῃ,grc,2,0.023,no
τίσαιτο,grc,2,0.023,no
τίσασθαι,grc,2,0.023,no
τίσεται,grc,2,0.023,no
τισόμεθʼ,grc,2,0.023,no
τίσω,grc,2,0.023,no
τιτυὸν,grc,2,0.023,no
τίφθʼ,grc,2,0.023,no
τλαίην,grc,2,0.023,no
τλήσομαι,grc,2,0.023,no
τοίην,grc,2,0.023,no
τοῖοι,grc,2,0.023,no
τοιόνδε,grc,2,0.023,no
τοίου,grc,2,0.023,no
τοιοῦδʼ,grc,2,0.023,no
τοίσδεσι,grc,2,0.023,no
τοῖσίν,grc,2,0.023,no
τοίχους,grc,2,0.023,no
τοίῳ,grc,2,0.023,no
τοκεῦσιν,grc,2,0.023,no
τολύπευσεν,grc,2,0.023,no
τοξάσσαιτο,grc,2,0.023,no
τόξῳ,grc,2,0.023,no
τόξων,grc,2,0.023,no
τόσʼ,grc,2,0.023,no
τόσους,grc,2,0.023,no
τόσσην,grc,2,0.023,no
τοσσόνδε,grc,2,0.023,no
τοτὲ,grc,2,0.023,no
τοὔνεκά,grc,2,0.023,no
τούτοισι,grc,2,0.023,no
τόφρʼ,grc,2,0.023,no
τράπεζαι,grc,2,0.023,no
τραπέζης,grc,2,0.023,no
τραπέσθαι,grc,2,0.023,no
τράφεν,grc,2,0.023,no
τρέπε,grc,2,0.023,no
τρέφε,grc,2,0.023,no
τρεψάμενοι,grc,2,0.023,no
τρητοῖς,grc,2,0.023,no
τρητοῖσι,grc,2,0.023,no
τρηχεῖαν,grc,2,0.023,no
τρηχείης,grc,2,0.023,no
τρίαιναν,grc,2,0.023,no
τρίζουσαι,grc,2,0.023,no
τρίποδα,grc,2,0.023,no
τρίποδας,grc,2,0.023,no
τρίποδος,grc,2,0.023,no
τρίτατον,grc,2,0.023,no
τρίτος,grc,2,0.023,no
τρίχες,grc,2,0.023,no
τρόμος,grc,2,0.023,no
τροποῖς,grc,2,0.023,no
τρυχόμενός,grc,2,0.023,no
τρῶες,grc,2,0.023,no
τρῶές,grc,2,0.023,no
τρώεσσιν,grc,2,0.023,no
τρώσητε,grc,2,0.023,no
τυκτῷ,grc,2,0.023,no
τύμβῳ,grc,2,0.023,no
τυνδαρέου,grc,2,0.023,no
τυπτομένων,grc,2,0.023,no
τυτθὰ,grc,2,0.023,no
τυτθόν,grc,2,0.023,no
τύχησε,grc,2,0.023,no
τυχὼν,grc,2,0.023,no
τῷδε,grc,2,0.023,no
τῶνδʼ,grc,2,0.023,no
τὼς,grc,2,0.023,no
ὑακινθίνῳ,grc,2,0.023,no
ὕβρει,grc,2,0.023,no
ὕβρις,grc,2,0.023,no
ὑδρεύοντο,grc,2,0.023,no
ὕεσσι,grc,2,0.023,no
ὑλακόμωροι,grc,2,0.023,no
ὑλάκτει,grc,2,0.023,no
ὕλῃ,grc,2,0.023,no
ὑμὰ,grc,2,0.023,no
ὑμετέροισι,grc,2,0.023,no
ὑμέτερος,grc,2,0.023,no
ὑμετέρων,grc,2,0.023,no
ὑπάλυξεν,grc,2,0.023,no
ὕπαρ,grc,2,0.023,no
ὑπεκπροφύγοιμι,grc,2,0.023,no
ὑπέκφυγον,grc,2,0.023,no
ὑπερβασίην,grc,2,0.023,no
ὑπερμενέων,grc,2,0.023,no
ὑπέρπτατο,grc,2,0.023,no
ὑπερώϊον,grc,2,0.023,no
ὑπέστης,grc,2,0.023,no
ὑπίσχεται,grc,2,0.023,no
ὑπνώοντας,grc,2,0.023,no
ὑποδάμνασαι,grc,2,0.023,no
ὑποδέγμενος,grc,2,0.023,no
ὑποδείσας,grc,2,0.023,no
ὑποδέξομαι,grc,2,0.023,no
ὑποδήματα,grc,2,0.023,no
ὑποστὰς,grc,2,0.023,no
ὑποσχόμενος,grc,2,0.023,no
ὑπότροπον,grc,2,0.023,no
ὕπτιος,grc,2,0.023,no
ὕστατον,grc,2,0.023,no
ὕστατος,grc,2,0.023,no
ὕφαινε,grc,2,0.023,no
ὑφαίνεσκεν,grc,2,0.023,no
ὕφαινον,grc,2,0.023,no
ὑφαντήν,grc,2,0.023,no
ὑψηλὴ,grc,2,0.023,no
ὑψηλόν,grc,2,0.023,no
ὑψιβρεμέτης,grc,2,0.023,no
φάγοι,grc,2,0.023,no
φάγον,grc,2,0.023,no
φαεινῇ,grc,2,0.023,no
φαεινήν,grc,2,0.023,no
φαεινόν,grc,2,0.023,no
φαεινοῦ,grc,2,0.023,no
φαιδίμῳ,grc,2,0.023,no
φαίη,grc,2,0.023,no
φαῖνε,grc,2,0.023,no
φαίνονται,grc,2,0.023,no
φάν,grc,2,0.023,no
φανήῃ,grc,2,0.023,no
φάο,grc,2,0.023,no
φάρεʼ,grc,2,0.023,no
φαρέτρη,grc,2,0.023,no
φᾶρός,grc,2,0.023,no
φάρυγος,grc,2,0.023,no
φασγάνῳ,grc,2,0.023,no
φασὶν,grc,2,0.023,no
φάτις,grc,2,0.023,no
φάτνῃ,grc,2,0.023,no
φείδεο,grc,2,0.023,no
φειδώ,grc,2,0.023,no
φείδων,grc,2,0.023,no
φέρῃσιν,grc,2,0.023,no
φέριστε,grc,2,0.023,no
φέρουσαι,grc,2,0.023,no
φέρτερόν,grc,2,0.023,no
φέρτερος,grc,2,0.023,no
φεύγετε,grc,2,0.023,no
φεύγω,grc,2,0.023,no
φήῃ,grc,2,0.023,no
φήμην,grc,2,0.023,no
φημὶ,grc,2,0.023,no
φήμιος,grc,2,0.023,no
φῆναι,grc,2,0.023,no
φηρὰς,grc,2,0.023,no
φῆς,grc,2,0.023,no
φθίνοντος,grc,2,0.023,no
φθῖσαι,grc,2,0.023,no
φθίσθαι,grc,2,0.023,no
φθονέοιμι,grc,2,0.023,no
φίλαι,grc,2,0.023,no
φίλας,grc,2,0.023,no
φιλέεσκεν,grc,2,0.023,no
φιλέων,grc,2,0.023,no
φιλήσεαι,grc,2,0.023,no
φίλῃσιν,grc,2,0.023,no
φιλίων,grc,2,0.023,no
φιλομηλεΐδῃ,grc,2,0.023,no
φιλότητα,grc,2,0.023,no
φοῖβος,grc,2,0.023,no
φοίνικες,grc,2,0.023,no
φοινίκην,grc,2,0.023,no
φοινικόεσσαν,grc,2,0.023,no
φοινικοπαρῄους,grc,2,0.023,no
φοίτων,grc,2,0.023,no
φόνοιο,grc,2,0.023,no
φορέειν,grc,2,0.023,no
φόρεον,grc,2,0.023,no
φόρμιγγος,grc,2,0.023,no
φορτίδος,grc,2,0.023,no
φραζώμεθα,grc,2,0.023,no
φράσσαντό,grc,2,0.023,no
φράσσεται,grc,2,0.023,no
φράσσομαι,grc,2,0.023,no
φρένʼ,grc,2,0.023,no
φρονέῃσʼ,grc,2,0.023,no
φρόνιν,grc,2,0.023,no
φύγε,grc,2,0.023,no
φυγέειν,grc,2,0.023,no
φυγὼν,grc,2,0.023,no
φύζαν,grc,2,0.023,no
φυὴν,grc,2,0.023,no
φυκτὰ,grc,2,0.023,no
φυλάκης,grc,2,0.023,no
φυλάσσει,grc,2,0.023,no
φυλασσέμεναι,grc,2,0.023,no
φυλὼ,grc,2,0.023,no
φύτευεν,grc,2,0.023,no
φυτεύων,grc,2,0.023,no
φυτόν,grc,2,0.023,no
φυτὸν,grc,2,0.023,no
φῶκαι,grc,2,0.023,no
φώκας,grc,2,0.023,no
φωκάων,grc,2,0.023,no
φωνῇ,grc,2,0.023,no
φωνήσασα,grc,2,0.023,no
φῶτʼ,grc,2,0.023,no
φῶτες,grc,2,0.023,no
φωτός,grc,2,0.023,no
χαῖρʼ,grc,2,0.023,no
χαῖρέ,grc,2,0.023,no
χαῖρεν,grc,2,0.023,no
χαίρετον,grc,2,0.023,no
χαίρουσιν,grc,2,0.023,no
χαίρω,grc,2,0.023,no
χαίτας,grc,2,0.023,no
χαλεπὴ,grc,2,0.023,no
χαλεποί,grc,2,0.023,no
χαλεπὸς,grc,2,0.023,no
χαλίφρων,grc,2,0.023,no
χαλκεὺς,grc,2,0.023,no
χαλκήρεσιν,grc,2,0.023,no
χαλκοβάρεια,grc,2,0.023,no
χαλκοβατὲς,grc,2,0.023,no
χαλκοχιτώνων,grc,2,0.023,no
χαμαιευνάδες,grc,2,0.023,no
χαρίεν,grc,2,0.023,no
χαρίεσσαν,grc,2,0.023,no
χαρίζεο,grc,2,0.023,no
χαρίσασθαι,grc,2,0.023,no
χαρίτων,grc,2,0.023,no
χάρυβδις,grc,2,0.023,no
χατέουσιν,grc,2,0.023,no
χέε,grc,2,0.023,no
χεῖμα,grc,2,0.023,no
χειμὼν,grc,2,0.023,no
χείρεσσʼ,grc,2,0.023,no
χελιδόνι,grc,2,0.023,no
χέοντα,grc,2,0.023,no
χέρειον,grc,2,0.023,no
χερείων,grc,2,0.023,no
χέρηα,grc,2,0.023,no
χεῦαι,grc,2,0.023,no
χῆνας,grc,2,0.023,no
χθαμαλὴ,grc,2,0.023,no
χίοιο,grc,2,0.023,no
χοὴν,grc,2,0.023,no
χολωσάμενος,grc,2,0.023,no
χολώσατο,grc,2,0.023,no
χολωτοῖσιν,grc,2,0.023,no
χοροί,grc,2,0.023,no
χρέος,grc,2,0.023,no
χρησόμενος,grc,2,0.023,no
χρησομένους,grc,2,0.023,no
χρῖσεν,grc,2,0.023,no
χρόνιον,grc,2,0.023,no
χρύσειαι,grc,2,0.023,no
χρύσειοι,grc,2,0.023,no
χρυσόρραπις,grc,2,0.023,no
χρυσός,grc,2,0.023,no
χρυσὸς,grc,2,0.023,no
χρώς,grc,2,0.023,no
χρὼς,grc,2,0.023,no
χρῶτʼ,grc,2,0.023,no
χύσις,grc,2,0.023,no
χώεο,grc,2,0.023,no
χώρῃ,grc,2,0.023,no
χῶρος,grc,2,0.023,no
χώρου,grc,2,0.023,no
ψαμάθῳ,grc,2,0.023,no
ψεύδεα,grc,2,0.023,no
ψεῦδος,grc,2,0.023,no
ψυχή,grc,2,0.023,no
ὤιξεν,grc,2,0.023,no
ὠκεανοῦ,grc,2,0.023,no
ὠκεανῷ,grc,2,0.023,no
ὠκέας,grc,2,0.023,no
ὤκιστα,grc,2,0.023,no
ὠκὺ,grc,2,0.023,no
ὠκύν,grc,2,0.023,no
ὤλετʼ,grc,2,0.023,no
ὠμὰ,grc,2,0.023,no
ὠμοθέτησαν,grc,2,0.023,no
ὤμοιιν,grc,2,0.023,no
ὤμοιϊν,grc,2,0.023,no
ὤπασαν,grc,2,0.023,no
ὤπτησάν,grc,2,0.023,no
ὤπτων,grc,2,0.023,no
ὥρμαινʼ,grc,2,0.023,no
ὤρνυντο,grc,2,0.023,no
ὤρορε,grc,2,0.023,no
ὤρορεν,grc,2,0.023,no
ὥστʼ,grc,2,0.023,no
ὤτρυνʼ,grc,2,0.023,no
ὤτρυνα,grc,2,0.023,no
ὤφελλʼ,grc,2,0.023,no
ᾤχεθʼ,grc,2,0.023,no
ἀάατον,grc,1,0.011,no
ἀάατος,grc,1,0.011,no
ἀαγές,grc,1,0.011,no
ἄασʼ,grc,1,0.011,no
ἄασάν,grc,1,0.011,no
ἄασεν,grc,1,0.011,no
ἀασθεὶς,grc,1,0.011,no
ἀβάκησαν,grc,1,0.011,no
ἀγάασθαι,grc,1,0.011,no
ἀγάασθε,grc,1,0.011,no
ἀγάγῃ,grc,1,0.011,no
ἀγάγηται,grc,1,0.011,no
ἀγαγόντες,grc,1,0.011,no
ἀγαγὼν,grc,1,0.011,no
ἀγαθαὶ,grc,1,0.011,no
ἀγαθῇ,grc,1,0.011,no
ἀγαθὴν,grc,1,0.011,no
ἀγαθῇσι,grc,1,0.011,no
ἀγαθοῖο,grc,1,0.011,no
ἀγαθοῖσιν,grc,1,0.011,no
ἀγαθοῦ,grc,1,0.011,no
ἀγαιομένου,grc,1,0.011,no
ἀγακλειτὰς,grc,1,0.011,no
ἀγαλλόμεναι,grc,1,0.011,no
ἀγαλλόμενοι,grc,1,0.011,no
ἄγαλμʼ,grc,1,0.011,no
ἀγάλματʼ,grc,1,0.011,no
ἀγάλματα,grc,1,0.011,no
ἄγαμαι,grc,1,0.011,no
ἄγαμαί,grc,1,0.011,no
ἀγαμέμνονα,grc,1,0.011,no
ἀγαμεμνονέην,grc,1,0.011,no
ἀγαμεμνονίδης,grc,1,0.011,no
ἀγανῇσι,grc,1,0.011,no
ἀγανοῖσι,grc,1,0.011,no
ἀγανοφροσύνη,grc,1,0.011,no
ἀγαπάζῃ,grc,1,0.011,no
ἀγαπαζόμεναι,grc,1,0.011,no
ἀγαπαξόμεναι,grc,1,0.011,no
ἀγαπᾷς,grc,1,0.011,no
ἀγαπήνορα,grc,1,0.011,no
ἀγάπησα,grc,1,0.011,no
ἀγαπητός,grc,1,0.011,no
ἀγαπητὸς,grc,1,0.011,no
ἄγασθε,grc,1,0.011,no
ἀγασσάμεθʼ,grc,1,0.011,no
ἀγασσάμενοι,grc,1,0.011,no
ἀγασσάμενος,grc,1,0.011,no
ἀγάσσατο,grc,1,0.011,no
ἀγάσσεσθαι,grc,1,0.011,no
ἀγάστονος,grc,1,0.011,no
ἀγαυότατον,grc,1,0.011,no
ἀγγείλαιμι,grc,1,0.011,no
ἀγγείλας,grc,1,0.011,no
ἀγγείλωσι,grc,1,0.011,no
ἀγγελίῃ,grc,1,0.011,no
ἄγγελός,grc,1,0.011,no
ἄγειρα,grc,1,0.011,no
ἄγειραν,grc,1,0.011,no
ἀγείρας,grc,1,0.011,no
ἀγείρετο,grc,1,0.011,no
ἀγείροι,grc,1,0.011,no
ἀγείρομεν,grc,1,0.011,no
ἀγείρων,grc,1,0.011,no
ἀγελαῖαι,grc,1,0.011,no
ἀγελαίας,grc,1,0.011,no
ἀγελείη,grc,1,0.011,no
ἀγελείης,grc,1,0.011,no
ἀγέλην,grc,1,0.011,no
ἀγέμεν,grc,1,0.011,no
ἄγεν,grc,1,0.011,no
ἀγέρεσθαι,grc,1,0.011,no
ἀγέρωχον,grc,1,0.011,no
ἄγεσθαι,grc,1,0.011,no
ἄγεται,grc,1,0.011,no
ἀγέτην,grc,1,0.011,no
ἀγέτω,grc,1,0.011,no
ἀγήνορα,grc,1,0.011,no
ἄγησι,grc,1,0.011,no
ἄγῃσι,grc,1,0.011,no
ἀγητόν,grc,1,0.011,no
ἀγινεῖ,grc,1,0.011,no
ἀγινεῖς,grc,1,0.011,no
ἀγινέμεναί,grc,1,0.011,no
ἀγίνεσκον,grc,1,0.011,no
ἀγκὰς,grc,1,0.011,no
ἀγκλίνας,grc,1,0.011,no
ἀγκοίνῃσι,grc,1,0.011,no
ἀγκοίνῃσιν,grc,1,0.011,no
ἀγκρεμάσασα,grc,1,0.011,no
ἀγκύλα,grc,1,0.011,no
ἀγκυλομήτεω,grc,1,0.011,no
ἀγκυλοχεῖλαι,grc,1,0.011,no
ἀγκυλοχείλης,grc,1,0.011,no
ἀγκῶνι,grc,1,0.011,no
ἀγκῶνος,grc,1,0.011,no
ἀγλαΐας,grc,1,0.011,no
ἀγλαΐη,grc,1,0.011,no
ἀγλαΐης,grc,1,0.011,no
ἀγνοιήσασʼ,grc,1,0.011,no
ἀγνοιῇσι,grc,1,0.011,no
ἀγνυμενάων,grc,1,0.011,no
ἀγνώσασκε,grc,1,0.011,no
ἀγνῶτες,grc,1,0.011,no
ἄγοιεν,grc,1,0.011,no
ἄγοιμʼ,grc,1,0.011,no
ἄγοιμι,grc,1,0.011,no
ἀγοραί,grc,1,0.011,no
ἀγοραὶ,grc,1,0.011,no
ἀγοράων,grc,1,0.011,no
ἀγορευέμεναι,grc,1,0.011,no
ἀγόρευες,grc,1,0.011,no
ἀγορεύοι,grc,1,0.011,no
ἀγορεύοις,grc,1,0.011,no
ἀγορεύοντες,grc,1,0.011,no
ἀγορεύοντος,grc,1,0.011,no
ἀγορεύων,grc,1,0.011,no
ἀγορῆθεν,grc,1,0.011,no
ἀγορήνδʼ,grc,1,0.011,no
ἀγορῆς,grc,1,0.011,no
ἀγορητήν,grc,1,0.011,no
ἀγορητύν,grc,1,0.011,no
ἄγουσι,grc,1,0.011,no
ἄγραυλοι,grc,1,0.011,no
ἄγρει,grc,1,0.011,no
ἀγρεῖθʼ,grc,1,0.011,no
ἄγρῃ,grc,1,0.011,no
ἄγρην,grc,1,0.011,no
ἄγρια,grc,1,0.011,no
ἄγριαι,grc,1,0.011,no
ἀγρίου,grc,1,0.011,no
ἀγριοφώνους,grc,1,0.011,no
ἀγροῖο,grc,1,0.011,no
ἀγρόμεναι,grc,1,0.011,no
ἀγρομένοισιν,grc,1,0.011,no
ἀγρόνδʼ,grc,1,0.011,no
ἀγρονόμοι,grc,1,0.011,no
ἀγρόται,grc,1,0.011,no
ἀγρότεροί,grc,1,0.011,no
ἀγρούς,grc,1,0.011,no
ἀγρῷ,grc,1,0.011,no
ἀγρώσσων,grc,1,0.011,no
ἄγρωστιν,grc,1,0.011,no
ἀγυιῇ,grc,1,0.011,no
ἄγυρίν,grc,1,0.011,no
ἀγυρτάζειν,grc,1,0.011,no
ἀγχίαλος,grc,1,0.011,no
ἀγχιβαθὴς,grc,1,0.011,no
ἀγχίνοος,grc,1,0.011,no
ἄγχιστον,grc,1,0.011,no
ἄγωμαι,grc,1,0.011,no
ἀγῶνας,grc,1,0.011,no
ἄγωνται,grc,1,0.011,no
ἄγωσι,grc,1,0.011,no
ἀδαήμονές,grc,1,0.011,no
ἀδαημονίη,grc,1,0.011,no
ἀδαήμων,grc,1,0.011,no
ἀδάκρυτόν,grc,1,0.011,no
ἀδακρύτω,grc,1,0.011,no
ἅδε,grc,1,0.011,no
ἀδεές,grc,1,0.011,no
ἀδελφεός,grc,1,0.011,no
ἀδελφεὸς,grc,1,0.011,no
ἀδευκέι,grc,1,0.011,no
ἀδέψητον,grc,1,0.011,no
ἀδεψήτῳ,grc,1,0.011,no
ἁδηκότας,grc,1,0.011,no
ἅδην,grc,1,0.011,no
ἁδήσειεν,grc,1,0.011,no
ἁδινάων,grc,1,0.011,no
ἀδινὸν,grc,1,0.011,no
ἀδινώτερον,grc,1,0.011,no
ἀδμῆτες,grc,1,0.011,no
ἀδμήτην,grc,1,0.011,no
ἀδρήστη,grc,1,0.011,no
ἄεθλος,grc,1,0.011,no
ἀέθλῳ,grc,1,0.011,no
ἀεὶ,grc,1,0.011,no
ἀείδεις,grc,1,0.011,no
ἀειδέμεναι,grc,1,0.011,no
ἀείδῃ,grc,1,0.011,no
ἀείδῃσιν,grc,1,0.011,no
ἀειδούσης,grc,1,0.011,no
ἀείδω,grc,1,0.011,no
ἀεικείας,grc,1,0.011,no
ἀεικελίην,grc,1,0.011,no
ἀεικελίης,grc,1,0.011,no
ἀεικελίῃσι,grc,1,0.011,no
ἀεικελίῳ,grc,1,0.011,no
ἀεικής,grc,1,0.011,no
ἀεικισθήμεναι,grc,1,0.011,no
ἀειραμένη,grc,1,0.011,no
ἀείρετο,grc,1,0.011,no
ἀειρόμενοι,grc,1,0.011,no
ἀειρομένων,grc,1,0.011,no
ἀείροντο,grc,1,0.011,no
ἀείρων,grc,1,0.011,no
ἀεῖσαι,grc,1,0.011,no
ἄεισε,grc,1,0.011,no
ἀεισόμενος,grc,1,0.011,no
ἄεισον,grc,1,0.011,no
ἀεκαζομένην,grc,1,0.011,no
ἀεκαζόμενος,grc,1,0.011,no
ἀεκαζομένους,grc,1,0.011,no
ἀέκοντες,grc,1,0.011,no
ἀελπέα,grc,1,0.011,no
ἀενάοντα,grc,1,0.011,no
ἄεξε,grc,1,0.011,no
ἀέξουσιν,grc,1,0.011,no
ἀέξων,grc,1,0.011,no
ἀεργίης,grc,1,0.011,no
ἀεργὸν,grc,1,0.011,no
ἀερθείς,grc,1,0.011,no
ἀερθεὶς,grc,1,0.011,no
ἀέρθη,grc,1,0.011,no
ἄεσα,grc,1,0.011,no
ἀέσαι,grc,1,0.011,no
ἀέσαμεν,grc,1,0.011,no
ἀεσίφρονι,grc,1,0.011,no
ἀεσιφροσύνῃσι,grc,1,0.011,no
ἀζαλέης,grc,1,0.011,no
ἅζεο,grc,1,0.011,no
ἅζευ,grc,1,0.011,no
ἄζῃ,grc,1,0.011,no
ἀζηχὲς,grc,1,0.011,no
ἁζόμενοι,grc,1,0.011,no
ἀηδών,grc,1,0.011,no
ἀήμεναι,grc,1,0.011,no
ἀήμενος,grc,1,0.011,no
ἀήρ,grc,1,0.011,no
ἀὴρ,grc,1,0.011,no
ἀῆται,grc,1,0.011,no
ἀήτας,grc,1,0.011,no
ἀθανάτη,grc,1,0.011,no
ἀθανάτην,grc,1,0.011,no
ἀθάνατοί,grc,1,0.011,no
ἀθεεὶ,grc,1,0.011,no
ἀθεμίστιος,grc,1,0.011,no
ἀθέμιστοι,grc,1,0.011,no
ἀθεμίστων,grc,1,0.011,no
ἀθέσφατον,grc,1,0.011,no
ἀθηναίῃ,grc,1,0.011,no
ἀθηνέων,grc,1,0.011,no
ἀθλητῆρι,grc,1,0.011,no
ἄθλων,grc,1,0.011,no
ἁθρόʼ,grc,1,0.011,no
ἀθρόα,grc,1,0.011,no
ἄθυμοι,grc,1,0.011,no
αἶα,grc,1,0.011,no
αἰαίη,grc,1,0.011,no
αἴανθʼ,grc,1,0.011,no
αἴαντος,grc,1,0.011,no
αἰγανέας,grc,1,0.011,no
αἰγάς,grc,1,0.011,no
αἰγείην,grc,1,0.011,no
αἰγείροιο,grc,1,0.011,no
αἰγείῳ,grc,1,0.011,no
αἴγεον,grc,1,0.011,no
αἰγιαλὸν,grc,1,0.011,no
αἰγίδʼ,grc,1,0.011,no
αἰγίοχος,grc,1,0.011,no
αἰγιόχου,grc,1,0.011,no
αἰγλήεντος,grc,1,0.011,no
αἰγός,grc,1,0.011,no
αἰγὸς,grc,1,0.011,no
αἰγυπτίη,grc,1,0.011,no
αἰγυπτίῃς,grc,1,0.011,no
αἴγυπτόνδε,grc,1,0.011,no
αἰγύπτου,grc,1,0.011,no
αἵδʼ,grc,1,0.011,no
αἰδεῖο,grc,1,0.011,no
αἰδεῖται,grc,1,0.011,no
αἰδέσθητε,grc,1,0.011,no
αἰδέσσομαι,grc,1,0.011,no
ἀΐδεω,grc,1,0.011,no
ἀίδῃ,grc,1,0.011,no
ἀΐδῃ,grc,1,0.011,no
ἀίδηλον,grc,1,0.011,no
ἀΐδηλος,grc,1,0.011,no
αἰδοίῃς,grc,1,0.011,no
αἰδοίοιο,grc,1,0.011,no
αἰδοῖόν,grc,1,0.011,no
αἰδοιότερος,grc,1,0.011,no
αἰδοίους,grc,1,0.011,no
αἰδοίως,grc,1,0.011,no
ἀιδρείῃ,grc,1,0.011,no
ἀιδρείῃσι,grc,1,0.011,no
ἄιδρις,grc,1,0.011,no
αἰδῶ,grc,1,0.011,no
αἰειγενέτῃσι,grc,1,0.011,no
αἰειγενέτῃσιν,grc,1,0.011,no
ἀίεις,grc,1,0.011,no
ἀΐεις,grc,1,0.011,no
αἰέν,grc,1,0.011,no
αἰετὼ,grc,1,0.011,no
αἰζήιος,grc,1,0.011,no
αἰζηῶν,grc,1,0.011,no
αἰθαλόεντος,grc,1,0.011,no
αἰθαλόεσσαν,grc,1,0.011,no
αἰθέρα,grc,1,0.011,no
αἰθέρι,grc,1,0.011,no
αἰθίοπάς,grc,1,0.011,no
αἰθιόπεσσιν,grc,1,0.011,no
αἰθιόπων,grc,1,0.011,no
αἰθομένοις,grc,1,0.011,no
αἰθομένοισιν,grc,1,0.011,no
αἴθοπι,grc,1,0.011,no
αἴθουσαί,grc,1,0.011,no
αἰθρηγενέτης,grc,1,0.011,no
αἴθρῳ,grc,1,0.011,no
αἴθων,grc,1,0.011,no
αἴθωνα,grc,1,0.011,no
αἴθωνες,grc,1,0.011,no
αἷμά,grc,1,0.011,no
αἱμασιάς,grc,1,0.011,no
αἱμασιὰς,grc,1,0.011,no
αἵματί,grc,1,0.011,no
αἱματόεντα,grc,1,0.011,no
αἵματός,grc,1,0.011,no
αἱμοφόρυκτα,grc,1,0.011,no
αἱμυλίοισι,grc,1,0.011,no
αἴνʼ,grc,1,0.011,no
αἰνεῖτον,grc,1,0.011,no
αἰνὴν,grc,1,0.011,no
αἰνῆς,grc,1,0.011,no
αἰνήσουσιν,grc,1,0.011,no
αἰνήσωσι,grc,1,0.011,no
αἰνίζομʼ,grc,1,0.011,no
αἰνόν,grc,1,0.011,no
αἰνοπαθῆ,grc,1,0.011,no
αἰνὸς,grc,1,0.011,no
αἶνος,grc,1,0.011,no
αἰνότατος,grc,1,0.011,no
αἰνότερον,grc,1,0.011,no
αἴνου,grc,1,0.011,no
αἰνύμεναι,grc,1,0.011,no
αἰνύμενοι,grc,1,0.011,no
αἰνύμενος,grc,1,0.011,no
αἰνυμένους,grc,1,0.011,no
αἰνυμένῳ,grc,1,0.011,no
αἴνυται,grc,1,0.011,no
αἴνυτο,grc,1,0.011,no
ἀίξαντε,grc,1,0.011,no
ἀίξασα,grc,1,0.011,no
ἀΐξασα,grc,1,0.011,no
αἰολίδαο,grc,1,0.011,no
αἰόλλῃ,grc,1,0.011,no
αἴολον,grc,1,0.011,no
αἰόλος,grc,1,0.011,no
ἀΐουσα,grc,1,0.011,no
αἰπεῖά,grc,1,0.011,no
αἰπεινὰ,grc,1,0.011,no
αἰπολίοισιν,grc,1,0.011,no
αἰπύ,grc,1,0.011,no
αἱρήσομαι,grc,1,0.011,no
ἄϊρος,grc,1,0.011,no
αἴσῃ,grc,1,0.011,no
αἰσίμη,grc,1,0.011,no
αἴσονά,grc,1,0.011,no
ἀίσσοντα,grc,1,0.011,no
ἀίσσουσιν,grc,1,0.011,no
ἄιστον,grc,1,0.011,no
ἄιστος,grc,1,0.011,no
ἀιστώθησαν,grc,1,0.011,no
ἀϊστώσειαν,grc,1,0.011,no
αἰσυμνῆται,grc,1,0.011,no
αἰσχρῶς,grc,1,0.011,no
αἰσχύνομαι,grc,1,0.011,no
αἰσχυνόμενοι,grc,1,0.011,no
αἰσχυνόμενός,grc,1,0.011,no
αἰσχύνων,grc,1,0.011,no
αἰτήσασα,grc,1,0.011,no
αἰτήσοντα,grc,1,0.011,no
αἰτήσουσα,grc,1,0.011,no
αἰτήσων,grc,1,0.011,no
αἰτίζεις,grc,1,0.011,no
αἰτίζῃ,grc,1,0.011,no
αἴτιοι,grc,1,0.011,no
αἴτιοί,grc,1,0.011,no
αἰτιόωνται,grc,1,0.011,no
αἰτιόῳο,grc,1,0.011,no
αἰτωλὸς,grc,1,0.011,no
αἰχμητὴν,grc,1,0.011,no
αἰχμητής,grc,1,0.011,no
αἰψηρήν,grc,1,0.011,no
αἰψηρὸς,grc,1,0.011,no
αἰῶνα,grc,1,0.011,no
αἰῶνός,grc,1,0.011,no
ἀκάκητα,grc,1,0.011,no
ἀκαλαρρείταο,grc,1,0.011,no
ἀκάνθας,grc,1,0.011,no
ἀκάστῳ,grc,1,0.011,no
ἀκάχησθαι,grc,1,0.011,no
ἀκάχηται,grc,1,0.011,no
ἀκαχίζεις,grc,1,0.011,no
ἀκαχίζευ,grc,1,0.011,no
ἀκαχοίμην,grc,1,0.011,no
ἀκάχοντο,grc,1,0.011,no
ἀκειόμενον,grc,1,0.011,no
ἀκέοντʼ,grc,1,0.011,no
ἀκέοντα,grc,1,0.011,no
ἀκέουσʼ,grc,1,0.011,no
ἀκέσασθε,grc,1,0.011,no
ἀκηδέες,grc,1,0.011,no
ἀκηδής,grc,1,0.011,no
ἀκήλητος,grc,1,0.011,no
ἀκηράσιον,grc,1,0.011,no
ἀκήρατα,grc,1,0.011,no
ἀκιδνοτέρη,grc,1,0.011,no
ἀκιδνότερον,grc,1,0.011,no
ἀκιδνότερος,grc,1,0.011,no
ἀκλέα,grc,1,0.011,no
ἀκλήρῳ,grc,1,0.011,no
ἀκμηνὸς,grc,1,0.011,no
ἀκμοθέτῳ,grc,1,0.011,no
ἄκμονα,grc,1,0.011,no
ἄκμονά,grc,1,0.011,no
ἄκνηστιν,grc,1,0.011,no
ἀκοίτις,grc,1,0.011,no
ἄκοιτις,grc,1,0.011,no
ἀκόλους,grc,1,0.011,no
ἀκομιστίη,grc,1,0.011,no
ἄκοντε,grc,1,0.011,no
ἄκοντες,grc,1,0.011,no
ἀκοντίζω,grc,1,0.011,no
ἀκοντίσαι,grc,1,0.011,no
ἀκοντίσατʼ,grc,1,0.011,no
ἀκοντιστὰς,grc,1,0.011,no
ἄκος,grc,1,0.011,no
ἀκουάζεσθε,grc,1,0.011,no
ἀκουάζωνται,grc,1,0.011,no
ἀκούει,grc,1,0.011,no
ἀκουέμεναι,grc,1,0.011,no
ἀκουέμεναί,grc,1,0.011,no
ἀκούομεν,grc,1,0.011,no
ἀκουόντεσσι,grc,1,0.011,no
ἀκούοντος,grc,1,0.011,no
ἀκούουσʼ,grc,1,0.011,no
ἀκουούσης,grc,1,0.011,no
ἄκουρον,grc,1,0.011,no
ἀκούσαμεν,grc,1,0.011,no
ἀκουσάτω,grc,1,0.011,no
ἀκούω,grc,1,0.011,no
ἀκράαντα,grc,1,0.011,no
ἀκράαντον,grc,1,0.011,no
ἀκραῆ,grc,1,0.011,no
ἄκρῃ,grc,1,0.011,no
ἀκρήτῳ,grc,1,0.011,no
ἄκριτα,grc,1,0.011,no
ἀκριτόμυθοι,grc,1,0.011,no
ἄκροισι,grc,1,0.011,no
ἀκρόνεώς,grc,1,0.011,no
ἀκροπόλοισιν,grc,1,0.011,no
ἀκροπόρους,grc,1,0.011,no
ἀκροτάτη,grc,1,0.011,no
ἀκρότατον,grc,1,0.011,no
ἀκροτάτῳ,grc,1,0.011,no
ἄκρῳ,grc,1,0.011,no
ἀκτὴ,grc,1,0.011,no
ἀκτήν,grc,1,0.011,no
ἀκτίνεσσιν,grc,1,0.011,no
ἀκτορίς,grc,1,0.011,no
ἄκυλον,grc,1,0.011,no
ἅλαδʼ,grc,1,0.011,no
ἅλαδε,grc,1,0.011,no
ἀλάλημαι,grc,1,0.011,no
ἀλάλησαι,grc,1,0.011,no
ἀλάλησο,grc,1,0.011,no
ἀλάληται,grc,1,0.011,no
ἀλαλητῷ,grc,1,0.011,no
ἀλαλκέμεν,grc,1,0.011,no
ἀλάλκῃσιν,grc,1,0.011,no
ἀλάλκοιεν,grc,1,0.011,no
ἀλάλκοις,grc,1,0.011,no
ἀλαός,grc,1,0.011,no
ἀλαοσκοπιὴν,grc,1,0.011,no
ἀλαπαδνόν,grc,1,0.011,no
ἀλαωτύν,grc,1,0.011,no
ἄλγεά,grc,1,0.011,no
ἄλγεσιν,grc,1,0.011,no
ἀλγήσετε,grc,1,0.011,no
ἀλέαιτο,grc,1,0.011,no
ἀλέασθε,grc,1,0.011,no
ἀλέγει,grc,1,0.011,no
ἀλεγεινῇ,grc,1,0.011,no
ἀλεγούσας,grc,1,0.011,no
ἀλέγουσι,grc,1,0.011,no
ἀλεγύνειν,grc,1,0.011,no
ἀλέγυνον,grc,1,0.011,no
ἀλέγω,grc,1,0.011,no
ἀλέεινεν,grc,1,0.011,no
ἀλέη,grc,1,0.011,no
ἀλέηται,grc,1,0.011,no
ἀλείατα,grc,1,0.011,no
ἀλεὶς,grc,1,0.011,no
ἄλεισα,grc,1,0.011,no
ἀλείτας,grc,1,0.011,no
ἀλείφατος,grc,1,0.011,no
ἄλειψʼ,grc,1,0.011,no
ἄλειψα,grc,1,0.011,no
ἀλεῖψαι,grc,1,0.011,no
ἄλειψεν,grc,1,0.011,no
ἀλέκτορος,grc,1,0.011,no
ἀλεξάνεμον,grc,1,0.011,no
ἀλέξασθαι,grc,1,0.011,no
ἀλεξήσειε,grc,1,0.011,no
ἀλεξόμενοι,grc,1,0.011,no
ἄλεσσαν,grc,1,0.011,no
ἀλετρεύουσι,grc,1,0.011,no
ἀλετρὶς,grc,1,0.011,no
ἀλευάμενοι,grc,1,0.011,no
ἀλευάμενος,grc,1,0.011,no
ἀλεύαντο,grc,1,0.011,no
ἀλεύατʼ,grc,1,0.011,no
ἀληθὲς,grc,1,0.011,no
ἀλήθην,grc,1,0.011,no
ἀλήθης,grc,1,0.011,no
ἀλήμονες,grc,1,0.011,no
ἀλήμονές,grc,1,0.011,no
ἀλῆται,grc,1,0.011,no
ἀλητεύει,grc,1,0.011,no
ἀλητεύειν,grc,1,0.011,no
ἀλητεύοντες,grc,1,0.011,no
ἀλητεύοντι,grc,1,0.011,no
ἀλητεύων,grc,1,0.011,no
ἁλιαέες,grc,1,0.011,no
ἀλίγκιος,grc,1,0.011,no
ἁλιεὺς,grc,1,0.011,no
ἁλιεῦσι,grc,1,0.011,no
ἁλιῆας,grc,1,0.011,no
ἁλιῆες,grc,1,0.011,no
ἁλιμυρήεντα,grc,1,0.011,no
ἅλιον,grc,1,0.011,no
ἅλιός,grc,1,0.011,no
ἁλιοτρεφέων,grc,1,0.011,no
ἀλιτέσθαι,grc,1,0.011,no
ἀλιτήμενός,grc,1,0.011,no
ἀλίτοντο,grc,1,0.011,no
ἀλιτρός,grc,1,0.011,no
ἀλκάνδρη,grc,1,0.011,no
ἀλκὴ,grc,1,0.011,no
ἀλκῇ,grc,1,0.011,no
ἀλκὶ,grc,1,0.011,no
ἄλκιμα,grc,1,0.011,no
ἀλκιμίδης,grc,1,0.011,no
ἀλκίνοόν,grc,1,0.011,no
ἀλκίππη,grc,1,0.011,no
ἀλκμαίων,grc,1,0.011,no
ἀλκμήνη,grc,1,0.011,no
ἀλκμήνην,grc,1,0.011,no
ἄλληκτος,grc,1,0.011,no
ἀλλήλας,grc,1,0.011,no
ἄλλῃσιν,grc,1,0.011,no
ἀλλογνώτῳ,grc,1,0.011,no
ἀλλοδαπῇ,grc,1,0.011,no
ἀλλοειδέα,grc,1,0.011,no
ἀλλοθρόων,grc,1,0.011,no
ἀλλοῖον,grc,1,0.011,no
ἀλλοῖός,grc,1,0.011,no
ἀλλοτρίῃσι,grc,1,0.011,no
ἀλλοτρίοισι,grc,1,0.011,no
ἀλλοτρίοισιν,grc,1,0.011,no
ἀλλοφρονέων,grc,1,0.011,no
ἀλλύεσκον,grc,1,0.011,no
ἅλμασιν,grc,1,0.011,no
ἅλματι,grc,1,0.011,no
ἅλμη,grc,1,0.011,no
ἀλοιφήν,grc,1,0.011,no
ἁλοσύδνης,grc,1,0.011,no
ἄλοχός,grc,1,0.011,no
ἀλόχων,grc,1,0.011,no
ἀλόω,grc,1,0.011,no
ἄλσεα,grc,1,0.011,no
ἄλσεϊ,grc,1,0.011,no
ἀλσέων,grc,1,0.011,no
ἀλύβαντος,grc,1,0.011,no
ἀλύξαιμεν,grc,1,0.011,no
ἄλυξαν,grc,1,0.011,no
ἄλυξεν,grc,1,0.011,no
ἀλύξῃ,grc,1,0.011,no
ἀλυσκάζων,grc,1,0.011,no
ἀλύσκανε,grc,1,0.011,no
ἀλύτους,grc,1,0.011,no
ἀλύων,grc,1,0.011,no
ἀλφηστὰς,grc,1,0.011,no
ἀλφηστάων,grc,1,0.011,no
ἀλφηστῇσιν,grc,1,0.011,no
ἀλωή,grc,1,0.011,no
ἀλωὴ,grc,1,0.011,no
ἀλωῇ,grc,1,0.011,no
ἀλωὴν,grc,1,0.011,no
ἀλωῆος,grc,1,0.011,no
ἀλώμενοι,grc,1,0.011,no
ἀλώμενον,grc,1,0.011,no
ἁλώω,grc,1,0.011,no
ἀμαιμάκετον,grc,1,0.011,no
ἀμαλῇσι,grc,1,0.011,no
ἅμαρτε,grc,1,0.011,no
ἁμαρτεῖν,grc,1,0.011,no
ἁμαρτῆ,grc,1,0.011,no
ἁμάρτῃ,grc,1,0.011,no
ἁμαρτήσεσθαι,grc,1,0.011,no
ἀμβαίη,grc,1,0.011,no
ἀμβαίνωμεν,grc,1,0.011,no
ἀμβατὸς,grc,1,0.011,no
ἀμβροσίῳ,grc,1,0.011,no
ἄμβροτος,grc,1,0.011,no
ἀμβρότῳ,grc,1,0.011,no
ἀμείβεο,grc,1,0.011,no
ἀμειβόμεθʼ,grc,1,0.011,no
ἀμειβόμεναι,grc,1,0.011,no
ἀμείνονα,grc,1,0.011,no
ἀμειψάμενος,grc,1,0.011,no
ἀμείψεται,grc,1,0.011,no
ἀμενηνῶν,grc,1,0.011,no
ἀμέρδεαι,grc,1,0.011,no
ἀμέρδει,grc,1,0.011,no
ἄμερσε,grc,1,0.011,no
ἀμέτρητον,grc,1,0.011,no
ἀμέτρητος,grc,1,0.011,no
ἀμησάμενος,grc,1,0.011,no
ἀμήσαντες,grc,1,0.011,no
ἀμηχανίη,grc,1,0.011,no
ἀμήχανοι,grc,1,0.011,no
ἀμήχανος,grc,1,0.011,no
ἀμμορίην,grc,1,0.011,no
ἄμμορός,grc,1,0.011,no
ἀμνίον,grc,1,0.011,no
ἀμνισῷ,grc,1,0.011,no
ἁμόθεν,grc,1,0.011,no
ἀμοιβάς,grc,1,0.011,no
ἀμοιβηδὶς,grc,1,0.011,no
ἀμοιβήν,grc,1,0.011,no
ἀμοιβὴν,grc,1,0.011,no
ἀμοιβῆς,grc,1,0.011,no
ἀμολγῷ,grc,1,0.011,no
ἄμπελος,grc,1,0.011,no
ἀμπερὲς,grc,1,0.011,no
ἄμπεχεν,grc,1,0.011,no
ἀμυθάονά,grc,1,0.011,no
ἀμύμονι,grc,1,0.011,no
ἀμύνειν,grc,1,0.011,no
ἀμυνέμεναι,grc,1,0.011,no
ἀμύνοι,grc,1,0.011,no
ἀμύνοιτʼ,grc,1,0.011,no
ἄμυνον,grc,1,0.011,no
ἀμύντορας,grc,1,0.011,no
ἀμφαγάπαζον,grc,1,0.011,no
ἀμφαδὰ,grc,1,0.011,no
ἀμφαδίην,grc,1,0.011,no
ἀμφάδιον,grc,1,0.011,no
ἀμφαδόν,grc,1,0.011,no
ἀμφασίη,grc,1,0.011,no
ἀμφαφόων,grc,1,0.011,no
ἀμφαφόωντας,grc,1,0.011,no
ἀμφαφόωντο,grc,1,0.011,no
ἀμφαφόωσα,grc,1,0.011,no
ἀμφέθετο,grc,1,0.011,no
ἀμφεκάλυψεν,grc,1,0.011,no
ἀμφελάχαινε,grc,1,0.011,no
ἀμφέξεσα,grc,1,0.011,no
ἄμφεπε,grc,1,0.011,no
ἀμφεπονεῖτο,grc,1,0.011,no
ἀμφεχέοντο,grc,1,0.011,no
ἀμφεχύθη,grc,1,0.011,no
ἀμφήλυθε,grc,1,0.011,no
ἀμφήλυθεν,grc,1,0.011,no
ἀμφίαλος,grc,1,0.011,no
ἀμφίαλός,grc,1,0.011,no
ἀμφιάραον,grc,1,0.011,no
ἀμφιάραος,grc,1,0.011,no
ἀμφιβαλέσθαι,grc,1,0.011,no
ἀμφιβαλεῦμαι,grc,1,0.011,no
ἀμφιβαλόντι,grc,1,0.011,no
ἀμφιβαλὼν,grc,1,0.011,no
ἀμφιβέβηκε,grc,1,0.011,no
ἀμφιβεβήκει,grc,1,0.011,no
ἀμφιβέβηκεν,grc,1,0.011,no
ἀμφιβεβήκῃ,grc,1,0.011,no
ἀμφιδεδίνηται,grc,1,0.011,no
ἀμφίδυμοι,grc,1,0.011,no
ἀμφιέποντες,grc,1,0.011,no
ἀμφιέσαιμι,grc,1,0.011,no
ἀμφιέσαντο,grc,1,0.011,no
ἀμφιέσασθε,grc,1,0.011,no
ἀμφιέσω,grc,1,0.011,no
ἀμφιθέη,grc,1,0.011,no
ἀμφιθέουσι,grc,1,0.011,no
ἀμφικεάσσας,grc,1,0.011,no
ἀμφικύπελλα,grc,1,0.011,no
ἀμφίλοχός,grc,1,0.011,no
ἀμφιμάσασθε,grc,1,0.011,no
ἀμφίμεδον,grc,1,0.011,no
ἀμφιμέδοντος,grc,1,0.011,no
ἀμφιμέλαιναι,grc,1,0.011,no
ἀμφιμέμυκεν,grc,1,0.011,no
ἀμφινέμονται,grc,1,0.011,no
ἀμφίνομʼ,grc,1,0.011,no
ἀμφινόμοιο,grc,1,0.011,no
ἀμφινόμου,grc,1,0.011,no
ἀμφινόμῳ,grc,1,0.011,no
ἀμφίονά,grc,1,0.011,no
ἀμφίονος,grc,1,0.011,no
ἀμφιπέληται,grc,1,0.011,no
ἀμφιπεριστέφεται,grc,1,0.011,no
ἀμφιπεσοῦσα,grc,1,0.011,no
ἀμφιπολεύεις,grc,1,0.011,no
ἀμφίπολοί,grc,1,0.011,no
ἀμφιπόλου,grc,1,0.011,no
ἀμφιπόλους,grc,1,0.011,no
ἀμφιπόλῳ,grc,1,0.011,no
ἀμφίς,grc,1,0.011,no
ἀμφιτρομέω,grc,1,0.011,no
ἀμφιφορῆα,grc,1,0.011,no
ἀμφιφορῆες,grc,1,0.011,no
ἀμφιχυθεὶς,grc,1,0.011,no
ἀμφοτέροιϊν,grc,1,0.011,no
ἀμφοτέροις,grc,1,0.011,no
ἀμφοτέρων,grc,1,0.011,no
ἀμφουδὶς,grc,1,0.011,no
ἀμφράσσαιτο,grc,1,0.011,no
ἄμφωτον,grc,1,0.011,no
ἀμῷεν,grc,1,0.011,no
ἀναβαίη,grc,1,0.011,no
ἀνάβαινε,grc,1,0.011,no
ἀναβαίνει,grc,1,0.011,no
ἀναβαινέμεν,grc,1,0.011,no
ἀνάβαλλε,grc,1,0.011,no
ἀναβάς,grc,1,0.011,no
ἀναβὰς,grc,1,0.011,no
ἀναβᾶσʼ,grc,1,0.011,no
ἀναβῇ,grc,1,0.011,no
ἀναβήμεναι,grc,1,0.011,no
ἀναβησάμενοι,grc,1,0.011,no
ἀναβησίνεώς,grc,1,0.011,no
ἀναβρόξειε,grc,1,0.011,no
ἀναβροχέν,grc,1,0.011,no
ἀναγκαίη,grc,1,0.011,no
ἀνάγκη,grc,1,0.011,no
ἀναγνοίη,grc,1,0.011,no
ἀναγνόντος,grc,1,0.011,no
ἀνάγοντο,grc,1,0.011,no
ἀναδύη,grc,1,0.011,no
ἀναεῖραι,grc,1,0.011,no
ἀναιδείης,grc,1,0.011,no
ἀναίνεαι,grc,1,0.011,no
ἀναίνετο,grc,1,0.011,no
ἀναίνομαι,grc,1,0.011,no
ἀναΐξαντʼ,grc,1,0.011,no
ἀναΐξαντε,grc,1,0.011,no
ἀναΐξασα,grc,1,0.011,no
ἀνακλῖναι,grc,1,0.011,no
ἀνακλίνας,grc,1,0.011,no
ἀνακλινθεὶς,grc,1,0.011,no
ἀνακλινθέντες,grc,1,0.011,no
ἄνακτʼ,grc,1,0.011,no
ἀνάκτεσιν,grc,1,0.011,no
ἀνακτορίῃσιν,grc,1,0.011,no
ἄναλκιν,grc,1,0.011,no
ἀναμάξεις,grc,1,0.011,no
ἀναμετρήσαιμι,grc,1,0.011,no
ἀναμορμύρεσκε,grc,1,0.011,no
ἀνάξασθαι,grc,1,0.011,no
ἀνάξομεν,grc,1,0.011,no
ἀναπλῆσαι,grc,1,0.011,no
ἀναπλήσειν,grc,1,0.011,no
ἀναπρήσας,grc,1,0.011,no
ἀνάπυστα,grc,1,0.011,no
ἀναροιβδεῖ,grc,1,0.011,no
ἀναρπάξασαι,grc,1,0.011,no
ἀναρρίπτειν,grc,1,0.011,no
ἀναρροιβδεῖ,grc,1,0.011,no
ἄνασσα,grc,1,0.011,no
ἀνάσσειν,grc,1,0.011,no
ἀνάσσοις,grc,1,0.011,no
ἀνάσσοντʼ,grc,1,0.011,no
ἀνάσσονται,grc,1,0.011,no
ἀναστάντες,grc,1,0.011,no
ἀναστῇ,grc,1,0.011,no
ἀναστρέφομαι,grc,1,0.011,no
ἀναστρωφῶν,grc,1,0.011,no
ἀνασχέσθαι,grc,1,0.011,no
ἀνασχοίμην,grc,1,0.011,no
ἀνασχόμενοι,grc,1,0.011,no
ἀνασχομένω,grc,1,0.011,no
ἀνασχὼν,grc,1,0.011,no
ἄναυδος,grc,1,0.011,no
ἀναύδῳ,grc,1,0.011,no
ἀναφαίνειν,grc,1,0.011,no
ἀναφανδά,grc,1,0.011,no
ἀναφῆναι,grc,1,0.011,no
ἄναχθʼ,grc,1,0.011,no
ἀναχωρήσας,grc,1,0.011,no
ἀναχωρήσειν,grc,1,0.011,no
ἀναψύχειν,grc,1,0.011,no
ἁνδάνει,grc,1,0.011,no
ἀνδραίμονος,grc,1,0.011,no
ἀνδρακάς,grc,1,0.011,no
ἀνδραχθέσι,grc,1,0.011,no
ἄνδρεσσιν,grc,1,0.011,no
ἀνδροκτασίαι,grc,1,0.011,no
ἀνδρόμεοι,grc,1,0.011,no
ἀνδρομέοιο,grc,1,0.011,no
ἀνδροφάγοιο,grc,1,0.011,no
ἀνδροφόνον,grc,1,0.011,no
ἀνεβήσετο,grc,1,0.011,no
ἀνέβραχεν,grc,1,0.011,no
ἀνέγειρα,grc,1,0.011,no
ἀνεγεῖραι,grc,1,0.011,no
ἀνεγείρεις,grc,1,0.011,no
ἀνέγειρεν,grc,1,0.011,no
ἀνέγναμψαν,grc,1,0.011,no
ἀνέγνων,grc,1,0.011,no
ἀνεδέγμεθʼ,grc,1,0.011,no
ἀνέδυ,grc,1,0.011,no
ἀνεδύσετο,grc,1,0.011,no
ἀνείμονος,grc,1,0.011,no
ἀνείρετο,grc,1,0.011,no
ἀνείρηται,grc,1,0.011,no
ἀνέκαιον,grc,1,0.011,no
ἀνέκοπτεν,grc,1,0.011,no
ἀνέκραγον,grc,1,0.011,no
ἀνεκτὰ,grc,1,0.011,no
ἀνεκτὸν,grc,1,0.011,no
ἀνεκτῶς,grc,1,0.011,no
ἀνελέσθαι,grc,1,0.011,no
ἀνελθὼν,grc,1,0.011,no
ἀνελκόμενον,grc,1,0.011,no
ἀνελοίμην,grc,1,0.011,no
ἀνέλοιο,grc,1,0.011,no
ἀνελόντα,grc,1,0.011,no
ἀνελόντες,grc,1,0.011,no
ἀνέλοντο,grc,1,0.011,no
ἀνέλυσαν,grc,1,0.011,no
ἀνέμεινα,grc,1,0.011,no
ἀνέμισγε,grc,1,0.011,no
ἀνέμνησας,grc,1,0.011,no
ἄνεμόν,grc,1,0.011,no
ἀνέμου,grc,1,0.011,no
ἀνένεικα,grc,1,0.011,no
ἀνένευε,grc,1,0.011,no
ἀνέξομαι,grc,1,0.011,no
ἀνεπλέομεν,grc,1,0.011,no
ἀνερρίπτουν,grc,1,0.011,no
ἀνέρριψαν,grc,1,0.011,no
ἀνερχόμενον,grc,1,0.011,no
ἀνερχομένῳ,grc,1,0.011,no
ἀνέσει,grc,1,0.011,no
ἀνεσχέθομεν,grc,1,0.011,no
ἀνέσχεν,grc,1,0.011,no
ἀνέσχετο,grc,1,0.011,no
ἀνέσχον,grc,1,0.011,no
ἀνέτλη,grc,1,0.011,no
ἀνέτλημεν,grc,1,0.011,no
ἀνέτλης,grc,1,0.011,no
ἄνευθεν,grc,1,0.011,no
ἀνεφαίνετο,grc,1,0.011,no
ἀνέφαινον,grc,1,0.011,no
ἀνέφελος,grc,1,0.011,no
ἀνέχῃσι,grc,1,0.011,no
ἀνεχοίμην,grc,1,0.011,no
ἀνέχονται,grc,1,0.011,no
ἀνεχώρησαν,grc,1,0.011,no
ἄνεω,grc,1,0.011,no
ἀνέῳξε,grc,1,0.011,no
ἀνήγαγε,grc,1,0.011,no
ἀνήγαγεν,grc,1,0.011,no
ἀνήγαγον,grc,1,0.011,no
ἀνήλυθεν,grc,1,0.011,no
ἀνήμελκτοι,grc,1,0.011,no
ἀνήνατο,grc,1,0.011,no
ἀνήνοθεν,grc,1,0.011,no
ἀνηνύστῳ,grc,1,0.011,no
ἀνῆπτον,grc,1,0.011,no
ἀνήροτα,grc,1,0.011,no
ἀνήροτος,grc,1,0.011,no
ἀνήρπαξαν,grc,1,0.011,no
ἀνηρώτων,grc,1,0.011,no
ἀνῆψεν,grc,1,0.011,no
ἀνθεμόεντι,grc,1,0.011,no
ἀνθῆσαι,grc,1,0.011,no
ἄνθινον,grc,1,0.011,no
ἀνθρώποιο,grc,1,0.011,no
ἄνθρωπον,grc,1,0.011,no
ἀνίαζʼ,grc,1,0.011,no
ἀνιάζῃ,grc,1,0.011,no
ἀνιάζουσιν,grc,1,0.011,no
ἀνιάζων,grc,1,0.011,no
ἀνιᾶται,grc,1,0.011,no
ἀνίει,grc,1,0.011,no
ἀνιείης,grc,1,0.011,no
ἀνιεμένους,grc,1,0.011,no
ἀνιηρέστερον,grc,1,0.011,no
ἀνιηροί,grc,1,0.011,no
ἀνιηρόν,grc,1,0.011,no
ἀνίης,grc,1,0.011,no
ἀνιήσει,grc,1,0.011,no
ἀνιόντος,grc,1,0.011,no
ἀνιστάμενοι,grc,1,0.011,no
ἀνιὼν,grc,1,0.011,no
ἀννεῖται,grc,1,0.011,no
ἀνόπαια,grc,1,0.011,no
ἀνόστιμον,grc,1,0.011,no
ἀνόστους,grc,1,0.011,no
ἄνουσοι,grc,1,0.011,no
ἀνστᾶσα,grc,1,0.011,no
ἀνσχεθέειν,grc,1,0.011,no
ἀνσχετὰ,grc,1,0.011,no
ἀντεβόλησε,grc,1,0.011,no
ἀντήσομεν,grc,1,0.011,no
ἄντηστιν,grc,1,0.011,no
ἀντιάσειας,grc,1,0.011,no
ἀντιάσειε,grc,1,0.011,no
ἀντιάσεις,grc,1,0.011,no
ἀντιβολήσει,grc,1,0.011,no
ἀντιβολήσεις,grc,1,0.011,no
ἀντίη,grc,1,0.011,no
ἀντίθεοι,grc,1,0.011,no
ἀντιθέοισι,grc,1,0.011,no
ἀντιθέους,grc,1,0.011,no
ἀντιθέων,grc,1,0.011,no
ἀντίθυρον,grc,1,0.011,no
ἀντίκλεια,grc,1,0.011,no
ἄντικλος,grc,1,0.011,no
ἀντίλοχον,grc,1,0.011,no
ἀντίλοχος,grc,1,0.011,no
ἀντίνοός,grc,1,0.011,no
ἀντινόου,grc,1,0.011,no
ἀντιόπην,grc,1,0.011,no
ἀντιόων,grc,1,0.011,no
ἀντίσχεσθε,grc,1,0.011,no
ἀντιφατῆα,grc,1,0.011,no
ἀντιφάτην,grc,1,0.011,no
ἀντιφάτης,grc,1,0.011,no
ἀντιφέρεσθαι,grc,1,0.011,no
ἄντλον,grc,1,0.011,no
ἄντλῳ,grc,1,0.011,no
ἀντολαὶ,grc,1,0.011,no
ἀνύσειε,grc,1,0.011,no
ἄνυσίν,grc,1,0.011,no
ἀνύσσεσθαι,grc,1,0.011,no
ἄνω,grc,1,0.011,no
ἀνώγετε,grc,1,0.011,no
ἀνωγέτω,grc,1,0.011,no
ἀνώγῃ,grc,1,0.011,no
ἀνώγοιτʼ,grc,1,0.011,no
ἀνωιστί,grc,1,0.011,no
ἀνώνυμός,grc,1,0.011,no
ἀνῶξαι,grc,1,0.011,no
ἀνώξω,grc,1,0.011,no
ἀνώσαντες,grc,1,0.011,no
ἄνωχθε,grc,1,0.011,no
ἄξεθʼ,grc,1,0.011,no
ἄξειν,grc,1,0.011,no
ἄξεις,grc,1,0.011,no
ἀξέμεναι,grc,1,0.011,no
ἄξοντʼ,grc,1,0.011,no
ἄξω,grc,1,0.011,no
ἀοιδὴ,grc,1,0.011,no
ἀοιδιάει,grc,1,0.011,no
ἀοιδιάουσʼ,grc,1,0.011,no
ἀοιδοί,grc,1,0.011,no
ἀοιδῶν,grc,1,0.011,no
ἀολλέσιν,grc,1,0.011,no
ἄορας,grc,1,0.011,no
ἀορτὴρ,grc,1,0.011,no
ἀπαγγεῖλαι,grc,1,0.011,no
ἀπαγγεῖλαί,grc,1,0.011,no
ἀπαγγείλας,grc,1,0.011,no
ἀπαγγείλειε,grc,1,0.011,no
ἀπαγγείλῃσι,grc,1,0.011,no
ἀπαγγέλλεσκε,grc,1,0.011,no
ἀπαγγέλλων,grc,1,0.011,no
ἀπάγουσι,grc,1,0.011,no
ἀπάγχων,grc,1,0.011,no
ἀπαιτίζοντες,grc,1,0.011,no
ἀπάλαλκε,grc,1,0.011,no
ἁπαλάς,grc,1,0.011,no
ἀπαλεξήσειν,grc,1,0.011,no
ἁπαλοῖο,grc,1,0.011,no
ἁπαλὸν,grc,1,0.011,no
ἀπαμειβόμενοι,grc,1,0.011,no
ἀπαμύνετο,grc,1,0.011,no
ἀπανήνασθαι,grc,1,0.011,no
ἁπάντῃ,grc,1,0.011,no
ἀπάξειν,grc,1,0.011,no
ἅπασαν,grc,1,0.011,no
ἁπασέων,grc,1,0.011,no
ἁπάσης,grc,1,0.011,no
ἀπατάων,grc,1,0.011,no
ἀπαφίσκει,grc,1,0.011,no
ἀπάφοιτο,grc,1,0.011,no
ἀπεβήσετο,grc,1,0.011,no
ἀπεδειροτόμησα,grc,1,0.011,no
ἀπέδρυφθεν,grc,1,0.011,no
ἀπέδυνε,grc,1,0.011,no
ἀπέειπε,grc,1,0.011,no
ἀπέῃσιν,grc,1,0.011,no
ἀπεθαύμασʼ,grc,1,0.011,no
ἀπειλάων,grc,1,0.011,no
ἀπείλησας,grc,1,0.011,no
ἀπειλήτην,grc,1,0.011,no
ἄπειμι,grc,1,0.011,no
ἀπειπέμεν,grc,1,0.011,no
ἀπειραίη,grc,1,0.011,no
ἀπειρέσιαι,grc,1,0.011,no
ἀπειρεσίην,grc,1,0.011,no
ἀπειρέσιοι,grc,1,0.011,no
ἀπείρηθεν,grc,1,0.011,no
ἀπείρητος,grc,1,0.011,no
ἀπείριτος,grc,1,0.011,no
ἀπείρονες,grc,1,0.011,no
ἀπεκλελάθεσθε,grc,1,0.011,no
ἀπεκόσμεον,grc,1,0.011,no
ἀπέκοψε,grc,1,0.011,no
ἀπέκταμεν,grc,1,0.011,no
ἀπέλαμπεν,grc,1,0.011,no
ἀπελάμπετο,grc,1,0.011,no
ἀπέλεθρον,grc,1,0.011,no
ἀπέλειπεν,grc,1,0.011,no
ἀπέλυσε,grc,1,0.011,no
ἀπενάσσατο,grc,1,0.011,no
ἀπέπαυσας,grc,1,0.011,no
ἀπέπεμπε,grc,1,0.011,no
ἀπεπέμπομεν,grc,1,0.011,no
ἀπέπεμψα,grc,1,0.011,no
ἀπέπλειον,grc,1,0.011,no
ἀπέπλω,grc,1,0.011,no
ἀπερείσια,grc,1,0.011,no
ἀπερρίγασι,grc,1,0.011,no
ἀπερύκει,grc,1,0.011,no
ἀπερύκων,grc,1,0.011,no
ἀπερχομένη,grc,1,0.011,no
ἀπεσκέδασʼ,grc,1,0.011,no
ἀπεσσεῖται,grc,1,0.011,no
ἀπέσσεσθαι,grc,1,0.011,no
ἀπέσσομαι,grc,1,0.011,no
ἀπέσσονται,grc,1,0.011,no
ἀπέστιχε,grc,1,0.011,no
ἀπέστιχον,grc,1,0.011,no
ἀπετίσατο,grc,1,0.011,no
ἀπευθέα,grc,1,0.011,no
ἀπευθής,grc,1,0.011,no
ἀπέχειν,grc,1,0.011,no
ἀπεχθαίρει,grc,1,0.011,no
ἀπεχθάνεαι,grc,1,0.011,no
ἀπέχθηται,grc,1,0.011,no
ἀπεχθομένοισί,grc,1,0.011,no
ἀπέχοντο,grc,1,0.011,no
ἀπεχώμεθα,grc,1,0.011,no
ἀπέωσε,grc,1,0.011,no
ἀπήγαγε,grc,1,0.011,no
ἀπήγαγεν,grc,1,0.011,no
ἀπήγαγον,grc,1,0.011,no
ἀπηλεγέως,grc,1,0.011,no
ἀπήμαντον,grc,1,0.011,no
ἀπήμονα,grc,1,0.011,no
ἀπήμονες,grc,1,0.011,no
ἀπηνής,grc,1,0.011,no
ἀπηνὴς,grc,1,0.011,no
ἀπήνυσαν,grc,1,0.011,no
ἀπηύρων,grc,1,0.011,no
ἀπήωροι,grc,1,0.011,no
ἄπιθʼ,grc,1,0.011,no
ἀπίθησαν,grc,1,0.011,no
ἀπίθησεν,grc,1,0.011,no
ἀπιόντες,grc,1,0.011,no
ἀπίστεον,grc,1,0.011,no
ἄπισχε,grc,1,0.011,no
ἁπλοΐδας,grc,1,0.011,no
ἄπνευστος,grc,1,0.011,no
ἀπό,grc,1,0.011,no
ἀποαίνυται,grc,1,0.011,no
ἀποβῆναι,grc,1,0.011,no
ἀπογυμνωθέντα,grc,1,0.011,no
ἀποδοῖτε,grc,1,0.011,no
ἀποδοχμώσας,grc,1,0.011,no
ἀποδράς,grc,1,0.011,no
ἀποδρὰς,grc,1,0.011,no
ἀποδρύψωσι,grc,1,0.011,no
ἀποδὺς,grc,1,0.011,no
ἀποδῷσιν,grc,1,0.011,no
ἀποδώσομεν,grc,1,0.011,no
ἀποείπω,grc,1,0.011,no
ἀποέργαθεν,grc,1,0.011,no
ἀποέργει,grc,1,0.011,no
ἀπόθεστος,grc,1,0.011,no
ἀποθνήσκων,grc,1,0.011,no
ἀποθνῄσκων,grc,1,0.011,no
ἀποθρῴσκοντα,grc,1,0.011,no
ἀποίχεται,grc,1,0.011,no
ἀποιχομένου,grc,1,0.011,no
ἀποκινήσωσι,grc,1,0.011,no
ἀποκλίναντʼ,grc,1,0.011,no
ἀποκρύψαι,grc,1,0.011,no
ἀποκτάνῃ,grc,1,0.011,no
ἀποκτεῖναι,grc,1,0.011,no
ἀποκτείνεις,grc,1,0.011,no
ἀποκτείνω,grc,1,0.011,no
ἀπολείβεται,grc,1,0.011,no
ἀπολείπει,grc,1,0.011,no
ἀπολέσκετʼ,grc,1,0.011,no
ἀπόληται,grc,1,0.011,no
ἀπολλήξειαν,grc,1,0.011,no
ἀπολλήξεις,grc,1,0.011,no
ἀπολλήξωσι,grc,1,0.011,no
ἀπόλλυται,grc,1,0.011,no
ἀπόλλωνι,grc,1,0.011,no
ἀπόλλωνός,grc,1,0.011,no
ἀπολοίατο,grc,1,0.011,no
ἀπολοίμην,grc,1,0.011,no
ἀπόλοιτο,grc,1,0.011,no
ἀπολούσομαι,grc,1,0.011,no
ἀπολυμαντῆρα,grc,1,0.011,no
ἀπολυμαντῆρες,grc,1,0.011,no
ἀπολυσάμενος,grc,1,0.011,no
ἀπόλωλεν,grc,1,0.011,no
ἀπομηνίσει,grc,1,0.011,no
ἀπονέωνται,grc,1,0.011,no
ἀπονήμενος,grc,1,0.011,no
ἀπονίζουσα,grc,1,0.011,no
ἀπονίπτεσθαι,grc,1,0.011,no
ἀπονιψαμένη,grc,1,0.011,no
ἀπονιψάμενοι,grc,1,0.011,no
ἀπονίψαντες,grc,1,0.011,no
ἀπονίψατε,grc,1,0.011,no
ἀποξῦναι,grc,1,0.011,no
ἀποξύνουσιν,grc,1,0.011,no
ἀποπαύεʼ,grc,1,0.011,no
ἀποπαύσει,grc,1,0.011,no
ἀποπέμπει,grc,1,0.011,no
ἀποπέμπειν,grc,1,0.011,no
ἀποπέμπετε,grc,1,0.011,no
ἀποπέμπω,grc,1,0.011,no
ἀποπέμψῃ,grc,1,0.011,no
ἀπόπεμψον,grc,1,0.011,no
ἀποπέσῃσιν,grc,1,0.011,no
ἀποπλαγχθέντας,grc,1,0.011,no
ἀποπλαγχθέντες,grc,1,0.011,no
ἀποπλείειν,grc,1,0.011,no
ἀποπλήξας,grc,1,0.011,no
ἀποπλύνεσκε,grc,1,0.011,no
ἀποπνείουσαι,grc,1,0.011,no
ἀποπροελὼν,grc,1,0.011,no
ἀποπροίει,grc,1,0.011,no
ἀποπροταμών,grc,1,0.011,no
ἀποπταμένη,grc,1,0.011,no
ἀπόρουσε,grc,1,0.011,no
ἀπορραῖσαι,grc,1,0.011,no
ἀπορραίσει,grc,1,0.011,no
ἀπορρήξας,grc,1,0.011,no
ἀπορρῶγες,grc,1,0.011,no
ἀποστίλβοντες,grc,1,0.011,no
ἀποστρέψαντες,grc,1,0.011,no
ἀποστρέψασκε,grc,1,0.011,no
ἀποσφήλωσιν,grc,1,0.011,no
ἀποσχέσθαι,grc,1,0.011,no
ἀποσχήσει,grc,1,0.011,no
ἀποτέθνασαν,grc,1,0.011,no
ἀποτηλοῦ,grc,1,0.011,no
ἀποτινύμενοι,grc,1,0.011,no
ἀποτίσῃ,grc,1,0.011,no
ἀποτίσομαι,grc,1,0.011,no
ἄποτμος,grc,1,0.011,no
ἀποτμότατος,grc,1,0.011,no
ἀποτρίψουσι,grc,1,0.011,no
ἀπότροπος,grc,1,0.011,no
ἀποτρωπᾶσθε,grc,1,0.011,no
ἀποτρωπῶσι,grc,1,0.011,no
ἀπούρας,grc,1,0.011,no
ἀποφθιμένη,grc,1,0.011,no
ἀποφθιμένου,grc,1,0.011,no
ἀποφθίμην,grc,1,0.011,no
ἀποφώλια,grc,1,0.011,no
ἀποφώλιοι,grc,1,0.011,no
ἀποφώλιος,grc,1,0.011,no
ἀποφώλιός,grc,1,0.011,no
ἀποχάζεο,grc,1,0.011,no
ἀποψύχοντα,grc,1,0.011,no
ἀππέμψει,grc,1,0.011,no
ἄπρηκτον,grc,1,0.011,no
ἀπρήκτους,grc,1,0.011,no
ἀπριάτην,grc,1,0.011,no
ἅπτεαι,grc,1,0.011,no
ἅπτεσθον,grc,1,0.011,no
ἅπτηται,grc,1,0.011,no
ἁπτόμενος,grc,1,0.011,no
ἀπύργωτόν,grc,1,0.011,no
ἀπῴκισε,grc,1,0.011,no
ἀπώλεο,grc,1,0.011,no
ἀπώμνυ,grc,1,0.011,no
ἀπώμνυεν,grc,1,0.011,no
ἀπώμοσα,grc,1,0.011,no
ἀπῶσαι,grc,1,0.011,no
ἀπώσασθαι,grc,1,0.011,no
ἀπώσατο,grc,1,0.011,no
ἀπώσεαι,grc,1,0.011,no
ἀπώσομεν,grc,1,0.011,no
ἀπώσω,grc,1,0.011,no
ἀρʼ,grc,1,0.011,no
ἀράβησε,grc,1,0.011,no
ἀραιὴ,grc,1,0.011,no
ἄραξʼ,grc,1,0.011,no
ἀράρισκε,grc,1,0.011,no
ἀραρόντε,grc,1,0.011,no
ἀραρὼν,grc,1,0.011,no
ἄρασσεν,grc,1,0.011,no
ἀρᾶται,grc,1,0.011,no
ἀράχθη,grc,1,0.011,no
ἀργαλέας,grc,1,0.011,no
ἀργαλέης,grc,1,0.011,no
ἀργαλέοι,grc,1,0.011,no
ἀργαλέοιο,grc,1,0.011,no
ἀργαλέος,grc,1,0.011,no
ἀργαλέους,grc,1,0.011,no
ἀργαλεώτερον,grc,1,0.011,no
ἄργει,grc,1,0.011,no
ἀργείην,grc,1,0.011,no
ἀργείοις,grc,1,0.011,no
ἀργείοισι,grc,1,0.011,no
ἀργείους,grc,1,0.011,no
ἀργεϊφόντῃ,grc,1,0.011,no
ἀργεννῇς,grc,1,0.011,no
ἀργὴν,grc,1,0.011,no
ἀργιόδοντας,grc,1,0.011,no
ἀργιοδόντων,grc,1,0.011,no
ἄργματα,grc,1,0.011,no
ἄργον,grc,1,0.011,no
ἀργυρέη,grc,1,0.011,no
ἀργυρέῳ,grc,1,0.011,no
ἄργυρον,grc,1,0.011,no
ἀργυρόπεζα,grc,1,0.011,no
ἄργυρος,grc,1,0.011,no
ἀργύρου,grc,1,0.011,no
ἄργυφα,grc,1,0.011,no
ἀργὼ,grc,1,0.011,no
ἀρδμοὶ,grc,1,0.011,no
ἀρεθούσῃ,grc,1,0.011,no
ἄρει,grc,1,0.011,no
ἀρείονʼ,grc,1,0.011,no
ἀρείω,grc,1,0.011,no
ἀρείων,grc,1,0.011,no
ἄρεος,grc,1,0.011,no
ἀρεσσάμενοι,grc,1,0.011,no
ἀρεσσάμενος,grc,1,0.011,no
ἀρεσσάσθω,grc,1,0.011,no
ἀρέσσομαι,grc,1,0.011,no
ἀρετᾷ,grc,1,0.011,no
ἀρετή,grc,1,0.011,no
ἀρετήν,grc,1,0.011,no
ἀρετῶσι,grc,1,0.011,no
ἀρήϊοι,grc,1,0.011,no
ἀρηίφατοι,grc,1,0.011,no
ἀρηΐφιλος,grc,1,0.011,no
ἀρήμεναι,grc,1,0.011,no
ἀρήν,grc,1,0.011,no
ἄρηος,grc,1,0.011,no
ἀρήρει,grc,1,0.011,no
ἀρήρῃ,grc,1,0.011,no
ἀρηρότα,grc,1,0.011,no
ἀρηρότες,grc,1,0.011,no
ἀρηρώς,grc,1,0.011,no
ἀρῆς,grc,1,0.011,no
ἀρησαίατʼ,grc,1,0.011,no
ἀρήσετʼ,grc,1,0.011,no
ἀρῇσιν,grc,1,0.011,no
ἀρήτῃ,grc,1,0.011,no
ἀρήτης,grc,1,0.011,no
ἄρητος,grc,1,0.011,no
ἄρητός,grc,1,0.011,no
ἀρθείς,grc,1,0.011,no
ἄρθμιοι,grc,1,0.011,no
ἀριάδνην,grc,1,0.011,no
ἀρίγνωτε,grc,1,0.011,no
ἀριγνώτη,grc,1,0.011,no
ἀρίγνωτος,grc,1,0.011,no
ἀριδείκετον,grc,1,0.011,no
ἀριζήλως,grc,1,0.011,no
ἀριθμήσας,grc,1,0.011,no
ἀριθμήσει,grc,1,0.011,no
ἀριθμήσω,grc,1,0.011,no
ἀριθμῷ,grc,1,0.011,no
ἀριπρεπέʼ,grc,1,0.011,no
ἀριπρεπέες,grc,1,0.011,no
ἄρισται,grc,1,0.011,no
ἀριστέρʼ,grc,1,0.011,no
ἀριστερὰ,grc,1,0.011,no
ἀριστερὸς,grc,1,0.011,no
ἀριστεύουσι,grc,1,0.011,no
ἀριστήεσσιν,grc,1,0.011,no
ἀρίστην,grc,1,0.011,no
ἀριστήων,grc,1,0.011,no
ἀρισφαλέʼ,grc,1,0.011,no
ἀριφραδέα,grc,1,0.011,no
ἀρκεισιάδαο,grc,1,0.011,no
ἀρκεισιάδη,grc,1,0.011,no
ἀρκεισιάδην,grc,1,0.011,no
ἀρκείσιος,grc,1,0.011,no
ἀρκεισίου,grc,1,0.011,no
ἀρκέσει,grc,1,0.011,no
ἄρκιος,grc,1,0.011,no
ἄρκτοι,grc,1,0.011,no
ἄρκτον,grc,1,0.011,no
ἅρμασιν,grc,1,0.011,no
ἁρμόζεο,grc,1,0.011,no
ἀρναῖος,grc,1,0.011,no
ἄρνας,grc,1,0.011,no
ἀρνειοῦ,grc,1,0.011,no
ἀρνειούς,grc,1,0.011,no
ἀρνείσθω,grc,1,0.011,no
ἀρνειῶν,grc,1,0.011,no
ἄρνες,grc,1,0.011,no
ἀρνευτῆρι,grc,1,0.011,no
ἀρνύμενος,grc,1,0.011,no
ἀρξάμενοι,grc,1,0.011,no
ἄρξει,grc,1,0.011,no
ἄρξειεν,grc,1,0.011,no
ἄροιτο,grc,1,0.011,no
ἄροσις,grc,1,0.011,no
ἀρότοισιν,grc,1,0.011,no
ἄροτρον,grc,1,0.011,no
ἀρότρῳ,grc,1,0.011,no
ἀρούρης,grc,1,0.011,no
ἀρόωσιν,grc,1,0.011,no
ἁρπαλέων,grc,1,0.011,no
ἁρπάξαν,grc,1,0.011,no
ἁρπάξασα,grc,1,0.011,no
ἄρρηκτον,grc,1,0.011,no
ἀρρήκτους,grc,1,0.011,no
ἄρρητον,grc,1,0.011,no
ἄρσας,grc,1,0.011,no
ἄρσε,grc,1,0.011,no
ἀρτακίην,grc,1,0.011,no
ἀρτεμέεσσι,grc,1,0.011,no
ἄρτεμι,grc,1,0.011,no
ἀρτέμιδί,grc,1,0.011,no
ἀρτίπος,grc,1,0.011,no
ἀρτίφρων,grc,1,0.011,no
ἄρτον,grc,1,0.011,no
ἄρτους,grc,1,0.011,no
ἀρτύει,grc,1,0.011,no
ἀρτύναντε,grc,1,0.011,no
ἀρτύναντες,grc,1,0.011,no
ἀρτύνοντας,grc,1,0.011,no
ἀρύβαντος,grc,1,0.011,no
ἄρχε,grc,1,0.011,no
ἄρχετε,grc,1,0.011,no
ἀρχὴ,grc,1,0.011,no
ἀρχὴν,grc,1,0.011,no
ἄρχοιτο,grc,1,0.011,no
ἄρχον,grc,1,0.011,no
ἀρχὸς,grc,1,0.011,no
ἀρωγοί,grc,1,0.011,no
ἀρώμενος,grc,1,0.011,no
ἅς,grc,1,0.011,no
ἄσαμεν,grc,1,0.011,no
ἀσαμίνθων,grc,1,0.011,no
ἄσβεστος,grc,1,0.011,no
ἆσέ,grc,1,0.011,no
ἄσιτος,grc,1,0.011,no
ἀσκελέες,grc,1,0.011,no
ἀσκηθέες,grc,1,0.011,no
ἀσκηθής,grc,1,0.011,no
ἀσκήσασα,grc,1,0.011,no
ἀσκητοῖο,grc,1,0.011,no
ἀσκητῷ,grc,1,0.011,no
ἀσπαίροντες,grc,1,0.011,no
ἄσπαρτα,grc,1,0.011,no
ἄσπαρτος,grc,1,0.011,no
ἀσπάσιον,grc,1,0.011,no
ἀσπερχὲς,grc,1,0.011,no
ἀσπίδα,grc,1,0.011,no
ἀσπίδας,grc,1,0.011,no
ἀσπὶς,grc,1,0.011,no
ἄσσα,grc,1,0.011,no
ἄστεϊ,grc,1,0.011,no
ἀστερίς,grc,1,0.011,no
ἀστερόεντος,grc,1,0.011,no
ἀστοί,grc,1,0.011,no
ἀσφαλὲς,grc,1,0.011,no
ἀσφαλίων,grc,1,0.011,no
ἀσχαλάᾳ,grc,1,0.011,no
ἀσχάλλῃς,grc,1,0.011,no
ἀσχαλόων,grc,1,0.011,no
ἀσχαλόωσι,grc,1,0.011,no
ἄσχετοι,grc,1,0.011,no
ἄσχετος,grc,1,0.011,no
ἀσωποῖο,grc,1,0.011,no
ἆτʼ,grc,1,0.011,no
ἀταλαὶ,grc,1,0.011,no
ἀταρπιτοῦ,grc,1,0.011,no
ἀταρπὸν,grc,1,0.011,no
ἀταρτηρέ,grc,1,0.011,no
ἀτάσθαλʼ,grc,1,0.011,no
ἀτασθαλίαι,grc,1,0.011,no
ἀτασθαλίας,grc,1,0.011,no
ἀτασθάλλουσʼ,grc,1,0.011,no
ἀτασθάλλων,grc,1,0.011,no
ἀτάσθαλοι,grc,1,0.011,no
ἀτασθάλῳ,grc,1,0.011,no
ἀτειρέα,grc,1,0.011,no
ἀτειρής,grc,1,0.011,no
ἀτέλεστʼ,grc,1,0.011,no
ἀτέλεστα,grc,1,0.011,no
ἀτέλεστον,grc,1,0.011,no
ἀτέλεστος,grc,1,0.011,no
ἀτελὴς,grc,1,0.011,no
ἀτέμβει,grc,1,0.011,no
ἀτέραμνον,grc,1,0.011,no
ἀτερπέι,grc,1,0.011,no
ἄτης,grc,1,0.011,no
ἀτιμᾷ,grc,1,0.011,no
ἀτίμα,grc,1,0.011,no
ἀτιμάζοντας,grc,1,0.011,no
ἀτιμάζουσιν,grc,1,0.011,no
ἀτιμῆσαι,grc,1,0.011,no
ἀτιμήσασʼ,grc,1,0.011,no
ἀτιμήσουσι,grc,1,0.011,no
ἀτιμίῃσιν,grc,1,0.011,no
ἄτιμον,grc,1,0.011,no
ἀτίμων,grc,1,0.011,no
ἀτιταλλέμεναί,grc,1,0.011,no
ἀτιταλλομένην,grc,1,0.011,no
ἀτραπιτοί,grc,1,0.011,no
ἀτρείδαο,grc,1,0.011,no
ἀτρείδης,grc,1,0.011,no
ἀτρείδῃσιν,grc,1,0.011,no
ἀτρεΐδῃσιν,grc,1,0.011,no
ἀτρεκὲς,grc,1,0.011,no
ἀτρίπτους,grc,1,0.011,no
ἄττʼ,grc,1,0.011,no
ἀτυζόμεναι,grc,1,0.011,no
ἀτυζομένων,grc,1,0.011,no
αὐανθέν,grc,1,0.011,no
αὐγὴ,grc,1,0.011,no
αὔδα,grc,1,0.011,no
αὐδῇ,grc,1,0.011,no
αὐδηέντων,grc,1,0.011,no
αὐδησάσης,grc,1,0.011,no
αὐλείου,grc,1,0.011,no
αὖλιν,grc,1,0.011,no
αὐλοῖσιν,grc,1,0.011,no
αὐλὸς,grc,1,0.011,no
αὔοι,grc,1,0.011,no
ἄυπνος,grc,1,0.011,no
ἀύπνους,grc,1,0.011,no
αὔρη,grc,1,0.011,no
ἀῦσαι,grc,1,0.011,no
ἄυσαν,grc,1,0.011,no
ἀϋσταλέος,grc,1,0.011,no
αὐτάγρετα,grc,1,0.011,no
αὐταὶ,grc,1,0.011,no
αὖτέ,grc,1,0.011,no
ἀυτή,grc,1,0.011,no
αὐτῆμαρ,grc,1,0.011,no
ἀυτήν,grc,1,0.011,no
αὐτῇσιν,grc,1,0.011,no
ἀυτμένα,grc,1,0.011,no
ἀυτμή,grc,1,0.011,no
ἀυτμὴ,grc,1,0.011,no
αὐτοδίδακτος,grc,1,0.011,no
αὐτόδιον,grc,1,0.011,no
αὐτόετες,grc,1,0.011,no
αὐτοῖσί,grc,1,0.011,no
αὐτοῖσιν,grc,1,0.011,no
αὐτοκασιγνήτη,grc,1,0.011,no
αὐτόλυκʼ,grc,1,0.011,no
αὐτόλυκον,grc,1,0.011,no
αὐτόλυκόν,grc,1,0.011,no
αὐτονόην,grc,1,0.011,no
αὐτοσχεδίην,grc,1,0.011,no
αὐτοσχεδὸν,grc,1,0.011,no
αὐτώ,grc,1,0.011,no
αὐχένʼ,grc,1,0.011,no
αὐχένας,grc,1,0.011,no
αὐχενίους,grc,1,0.011,no
αὐχένος,grc,1,0.011,no
αὐχμεῖς,grc,1,0.011,no
ἀφαιρεῖται,grc,1,0.011,no
ἀφανδάνει,grc,1,0.011,no
ἀφαυροτάτη,grc,1,0.011,no
ἀφείδαντος,grc,1,0.011,no
ἀφεῖλε,grc,1,0.011,no
ἀφελώμεθα,grc,1,0.011,no
ἀφελὼν,grc,1,0.011,no
ἄφενος,grc,1,0.011,no
ἀφέξομαι,grc,1,0.011,no
ἀφέξω,grc,1,0.011,no
ἀφεστήκει,grc,1,0.011,no
ἄφθιτοι,grc,1,0.011,no
ἀφίει,grc,1,0.011,no
ἀφιεῖσαι,grc,1,0.011,no
ἀφίετο,grc,1,0.011,no
ἀφικάνεις,grc,1,0.011,no
ἀφίκανεν,grc,1,0.011,no
ἀφικέσθαι,grc,1,0.011,no
ἀφίκεσθε,grc,1,0.011,no
ἀφικοίμην,grc,1,0.011,no
ἀφίκωμαι,grc,1,0.011,no
ἀφικώμεθα,grc,1,0.011,no
ἀφῖχθαι,grc,1,0.011,no
ἀφνειόν,grc,1,0.011,no
ἀφνειότεροι,grc,1,0.011,no
ἀφνειοῦ,grc,1,0.011,no
ἀφραδέες,grc,1,0.011,no
ἀφραδέουσιν,grc,1,0.011,no
ἀφραδέων,grc,1,0.011,no
ἀφραδίας,grc,1,0.011,no
ἀφραίνει,grc,1,0.011,no
ἀφυσσάμενοι,grc,1,0.011,no
ἀφύσσας,grc,1,0.011,no
ἄφυσσεν,grc,1,0.011,no
ἄφυσσον,grc,1,0.011,no
ἀφύσσων,grc,1,0.011,no
ἀχαιιάδων,grc,1,0.011,no
ἀχαιΐδα,grc,1,0.011,no
ἀχαιΐδες,grc,1,0.011,no
ἀχαιικοῦ,grc,1,0.011,no
ἀχαιοῖσιν,grc,1,0.011,no
ἀχάριστα,grc,1,0.011,no
ἀχαρίστερον,grc,1,0.011,no
ἀχέεσσί,grc,1,0.011,no
ἄχεος,grc,1,0.011,no
ἀχέουσά,grc,1,0.011,no
ἀχέρδῳ,grc,1,0.011,no
ἀχέροντα,grc,1,0.011,no
ἀχέων,grc,1,0.011,no
ἀχιλεῦ,grc,1,0.011,no
ἀχλὺν,grc,1,0.011,no
ἄχνη,grc,1,0.011,no
ἄχνῃ,grc,1,0.011,no
ἀχνύμεθα,grc,1,0.011,no
ἀχνύμεναι,grc,1,0.011,no
ἀχνύμενον,grc,1,0.011,no
ἄχνυνται,grc,1,0.011,no
ἄχνυται,grc,1,0.011,no
ἄχολόν,grc,1,0.011,no
ἀχρεῖον,grc,1,0.011,no
ἀχρημοσύνη,grc,1,0.011,no
ἄχρι,grc,1,0.011,no
ἄψ,grc,1,0.011,no
ἁψάμενοι,grc,1,0.011,no
ἅψας,grc,1,0.011,no
ἅψεσθαι,grc,1,0.011,no
ἅψεται,grc,1,0.011,no
ἀψορρόου,grc,1,0.011,no
ἄωροι,grc,1,0.011,no
ἀωτεῖτε,grc,1,0.011,no
ἀώτου,grc,1,0.011,no
ἀώτῳ,grc,1,0.011,no
βάζουσι,grc,1,0.011,no
βαθεῖʼ,grc,1,0.011,no
βαθεῖαν,grc,1,0.011,no
βαθείῃ,grc,1,0.011,no
βαθὺ,grc,1,0.011,no
βαθυδίνῃ,grc,1,0.011,no
βαθυζώνους,grc,1,0.011,no
βαίνομεν,grc,1,0.011,no
βαῖνον,grc,1,0.011,no
βαίνοντʼ,grc,1,0.011,no
βάλανον,grc,1,0.011,no
βάλανόν,grc,1,0.011,no
βαλέει,grc,1,0.011,no
βαλέοντι,grc,1,0.011,no
βάλῃσθα,grc,1,0.011,no
βάληται,grc,1,0.011,no
βάλλʼ,grc,1,0.011,no
βάλλειν,grc,1,0.011,no
βάλλεν,grc,1,0.011,no
βάλλετʼ,grc,1,0.011,no
βάλλετε,grc,1,0.011,no
βάλλευ,grc,1,0.011,no
βαλλομένοιο,grc,1,0.011,no
βαλλόμενος,grc,1,0.011,no
βάλλουσιν,grc,1,0.011,no
βάλλωσι,grc,1,0.011,no
βάλοιμι,grc,1,0.011,no
βαλόμην,grc,1,0.011,no
βαλὸν,grc,1,0.011,no
βαλόντας,grc,1,0.011,no
βαλοῦσʼ,grc,1,0.011,no
βαλοῦσαι,grc,1,0.011,no
βάνθʼ,grc,1,0.011,no
βάντε,grc,1,0.011,no
βάπτῃ,grc,1,0.011,no
βαρεῖαι,grc,1,0.011,no
βαρείῃ,grc,1,0.011,no
βαρείης,grc,1,0.011,no
βαρὺν,grc,1,0.011,no
βασίλειαν,grc,1,0.011,no
βασιλευέμεν,grc,1,0.011,no
βασίλευεν,grc,1,0.011,no
βασιλευέτω,grc,1,0.011,no
βασιλεύοι,grc,1,0.011,no
βασιλεύσει,grc,1,0.011,no
βασιλεῦσιν,grc,1,0.011,no
βασιλεύτερον,grc,1,0.011,no
βασιλῆά,grc,1,0.011,no
βασιλήϊόν,grc,1,0.011,no
βαστάζοντα,grc,1,0.011,no
βάτην,grc,1,0.011,no
βάτων,grc,1,0.011,no
βέβακται,grc,1,0.011,no
βεβαρηότα,grc,1,0.011,no
βεβαρηότες,grc,1,0.011,no
βεβαῶτα,grc,1,0.011,no
βεβλήαται,grc,1,0.011,no
βεβλήατο,grc,1,0.011,no
βεβλήκειν,grc,1,0.011,no
βέβλητο,grc,1,0.011,no
βεβολημένος,grc,1,0.011,no
βεβρίθασιν,grc,1,0.011,no
βεβρίθει,grc,1,0.011,no
βεβροτωμένα,grc,1,0.011,no
βέβρυχεν,grc,1,0.011,no
βεβρωκὼς,grc,1,0.011,no
βεβρώσεται,grc,1,0.011,no
βεβυσμένον,grc,1,0.011,no
βεβῶσα,grc,1,0.011,no
βέλεα,grc,1,0.011,no
βέλεσι,grc,1,0.011,no
βέλτερον,grc,1,0.011,no
βέλτερόν,grc,1,0.011,no
βένθεσιν,grc,1,0.011,no
βερέθρου,grc,1,0.011,no
βήσετο,grc,1,0.011,no
βῆσσαν,grc,1,0.011,no
βήσσας,grc,1,0.011,no
βητάρμονας,grc,1,0.011,no
βητάρμονες,grc,1,0.011,no
βιάζεται,grc,1,0.011,no
βιάζετε,grc,1,0.011,no
βίαια,grc,1,0.011,no
βιβάς,grc,1,0.011,no
βιβᾶσα,grc,1,0.011,no
βιήσατο,grc,1,0.011,no
βιήσεται,grc,1,0.011,no
βιοῖο,grc,1,0.011,no
βιοτὴ,grc,1,0.011,no
βίοτόν,grc,1,0.011,no
βιότου,grc,1,0.011,no
βιοῦ,grc,1,0.011,no
βιόωνται,grc,1,0.011,no
βιόωντό,grc,1,0.011,no
βιῶναι,grc,1,0.011,no
βλάβεται,grc,1,0.011,no
βλάπτει,grc,1,0.011,no
βλάπτοι,grc,1,0.011,no
βλάπτουσι,grc,1,0.011,no
βλάψε,grc,1,0.011,no
βλεφάροιϊν,grc,1,0.011,no
βλήεται,grc,1,0.011,no
βλῆσθαι,grc,1,0.011,no
βληχήν,grc,1,0.011,no
βλωθρὴν,grc,1,0.011,no
βοάγρια,grc,1,0.011,no
βόε,grc,1,0.011,no
βοέῃ,grc,1,0.011,no
βοέην,grc,1,0.011,no
βοείας,grc,1,0.011,no
βόειον,grc,1,0.011,no
βόεσσιν,grc,1,0.011,no
βοεῦσι,grc,1,0.011,no
βοεῦσιν,grc,1,0.011,no
βοηθοΐδη,grc,1,0.011,no
βοητὺς,grc,1,0.011,no
βόθροισι,grc,1,0.011,no
βόθρου,grc,1,0.011,no
βολαὶ,grc,1,0.011,no
βολάων,grc,1,0.011,no
βόλεσθε,grc,1,0.011,no
βολῇσιν,grc,1,0.011,no
βόμβησαν,grc,1,0.011,no
βόμβησε,grc,1,0.011,no
βόμβησεν,grc,1,0.011,no
βορέω,grc,1,0.011,no
βοσκέσκονθʼ,grc,1,0.011,no
βοσκήσεις,grc,1,0.011,no
βοσκομένας,grc,1,0.011,no
βοσκόμενος,grc,1,0.011,no
βόσκουσι,grc,1,0.011,no
βοτάνης,grc,1,0.011,no
βοτῆρας,grc,1,0.011,no
βούβοτος,grc,1,0.011,no
βουγάϊε,grc,1,0.011,no
βουκόλʼ,grc,1,0.011,no
βουκόλε,grc,1,0.011,no
βουκολέων,grc,1,0.011,no
βουκόλοι,grc,1,0.011,no
βουκόλῳ,grc,1,0.011,no
βούλετο,grc,1,0.011,no
βούλευε,grc,1,0.011,no
βουλευέμεν,grc,1,0.011,no
βουλεύουσιν,grc,1,0.011,no
βούλευσα,grc,1,0.011,no
βουλεύσαντε,grc,1,0.011,no
βουλεύσας,grc,1,0.011,no
βουλεύσωμεν,grc,1,0.011,no
βουλῆς,grc,1,0.011,no
βούλομαι,grc,1,0.011,no
βουλυτόνδε,grc,1,0.011,no
βουσὶ,grc,1,0.011,no
βοώτην,grc,1,0.011,no
βραχίονες,grc,1,0.011,no
βρίθῃσι,grc,1,0.011,no
βρῖθον,grc,1,0.011,no
βριθὺ,grc,1,0.011,no
βρίσας,grc,1,0.011,no
βροντῇ,grc,1,0.011,no
βροτέῃ,grc,1,0.011,no
βροτοί,grc,1,0.011,no
βροτολοιγῷ,grc,1,0.011,no
βρότον,grc,1,0.011,no
βρόχοι,grc,1,0.011,no
βρόχον,grc,1,0.011,no
βρῶσιν,grc,1,0.011,no
βρωτὺν,grc,1,0.011,no
βύβλινον,grc,1,0.011,no
βυκτάων,grc,1,0.011,no
βῶλος,grc,1,0.011,no
βωμοῖς,grc,1,0.011,no
βωμὸν,grc,1,0.011,no
βωμός,grc,1,0.011,no
βωμὸς,grc,1,0.011,no
βωμῷ,grc,1,0.011,no
βωμῶν,grc,1,0.011,no
βῶσιν,grc,1,0.011,no
βωστρεῖν,grc,1,0.011,no
γαῖʼ,grc,1,0.011,no
γαιήιον,grc,1,0.011,no
γάλακτι,grc,1,0.011,no
γαμβροῖσιν,grc,1,0.011,no
γαμέειν,grc,1,0.011,no
γαμέοντί,grc,1,0.011,no
γάμῳ,grc,1,0.011,no
γανόωσαι,grc,1,0.011,no
γάνυνται,grc,1,0.011,no
γαστέρες,grc,1,0.011,no
γαστέρος,grc,1,0.011,no
γάστρην,grc,1,0.011,no
γαστρὸς,grc,1,0.011,no
γαυλοί,grc,1,0.011,no
γεγάασι,grc,1,0.011,no
γεγαῶτα,grc,1,0.011,no
γέγηθε,grc,1,0.011,no
γέγωνέ,grc,1,0.011,no
γείνασθαι,grc,1,0.011,no
γείνατʼ,grc,1,0.011,no
γείνεαι,grc,1,0.011,no
γεινομένῳ,grc,1,0.011,no
γελάσαι,grc,1,0.011,no
γελάσας,grc,1,0.011,no
γέλασσε,grc,1,0.011,no
γελαστὰ,grc,1,0.011,no
γελοίων,grc,1,0.011,no
γελοίωντες,grc,1,0.011,no
γελόω,grc,1,0.011,no
γέλῳ,grc,1,0.011,no
γελώοντες,grc,1,0.011,no
γένεʼ,grc,1,0.011,no
γενεή,grc,1,0.011,no
γενειάδες,grc,1,0.011,no
γένειον,grc,1,0.011,no
γενείου,grc,1,0.011,no
γενείῳ,grc,1,0.011,no
γενέσκετο,grc,1,0.011,no
γενετῆς,grc,1,0.011,no
γένηαι,grc,1,0.011,no
γένοιθʼ,grc,1,0.011,no
γένοιτʼ,grc,1,0.011,no
γένυς,grc,1,0.011,no
γέρα,grc,1,0.011,no
γεραιός,grc,1,0.011,no
γεραίρεις,grc,1,0.011,no
γέραιρεν,grc,1,0.011,no
γεραιστὸν,grc,1,0.011,no
γεραίτερον,grc,1,0.011,no
γεραίτερος,grc,1,0.011,no
γέροντʼ,grc,1,0.011,no
γέροντας,grc,1,0.011,no
γερούσιον,grc,1,0.011,no
γεύσασθαι,grc,1,0.011,no
γήθησαν,grc,1,0.011,no
γηθήσειεν,grc,1,0.011,no
γηθοσύνη,grc,1,0.011,no
γηθόσυνος,grc,1,0.011,no
γῆμʼ,grc,1,0.011,no
γημαμένη,grc,1,0.011,no
γῆν,grc,1,0.011,no
γήρα,grc,1,0.011,no
γήραι,grc,1,0.011,no
γηράσκει,grc,1,0.011,no
γηρασκέμεν,grc,1,0.011,no
γηράσκωσι,grc,1,0.011,no
γιγάντεσσιν,grc,1,0.011,no
γιγάντων,grc,1,0.011,no
γίγασιν,grc,1,0.011,no
γίγνομαι,grc,1,0.011,no
γιγνόμενος,grc,1,0.011,no
γιγνομένῳ,grc,1,0.011,no
γίγνωσκε,grc,1,0.011,no
γιγνώσκειν,grc,1,0.011,no
γιγνώσκουσα,grc,1,0.011,no
γιγνώσκων,grc,1,0.011,no
γλαυκῶπι,grc,1,0.011,no
γλαυκῶπιν,grc,1,0.011,no
γλαφυράς,grc,1,0.011,no
γλαφυρὴ,grc,1,0.011,no
γλαφυρήν,grc,1,0.011,no
γλαφυρῇσιν,grc,1,0.011,no
γλαφυροῖσιν,grc,1,0.011,no
γλαφυρὸν,grc,1,0.011,no
γλήνης,grc,1,0.011,no
γλυκερῆς,grc,1,0.011,no
γλυκερός,grc,1,0.011,no
γλυκερὸς,grc,1,0.011,no
γλυκερώτερον,grc,1,0.011,no
γλύκιον,grc,1,0.011,no
γλυκύς,grc,1,0.011,no
γλυφίδας,grc,1,0.011,no
γλῶσσα,grc,1,0.011,no
γναθμοὶ,grc,1,0.011,no
γναθμοῖσι,grc,1,0.011,no
γναθμῶν,grc,1,0.011,no
γνήσιοι,grc,1,0.011,no
γνῶ,grc,1,0.011,no
γνώῃ,grc,1,0.011,no
γνώμεναι,grc,1,0.011,no
γνώομεν,grc,1,0.011,no
γνώριμος,grc,1,0.011,no
γνῷς,grc,1,0.011,no
γνώσεαι,grc,1,0.011,no
γνωσόμεθʼ,grc,1,0.011,no
γνώτην,grc,1,0.011,no
γνωτὸν,grc,1,0.011,no
γνῶτον,grc,1,0.011,no
γοάασκεν,grc,1,0.011,no
γοάοιεν,grc,1,0.011,no
γόμφοισιν,grc,1,0.011,no
γονὴν,grc,1,0.011,no
γόος,grc,1,0.011,no
γόου,grc,1,0.011,no
γόους,grc,1,0.011,no
γοόωντά,grc,1,0.011,no
γοόωντας,grc,1,0.011,no
γοόωντες,grc,1,0.011,no
γοργείην,grc,1,0.011,no
γόρτυνος,grc,1,0.011,no
γούνασιν,grc,1,0.011,no
γουνὸς,grc,1,0.011,no
γουνούμενος,grc,1,0.011,no
γουνούμην,grc,1,0.011,no
γουνοῦσθαι,grc,1,0.011,no
γόων,grc,1,0.011,no
γοῶντες,grc,1,0.011,no
γραίης,grc,1,0.011,no
γραπτῦς,grc,1,0.011,no
γρηὶ,grc,1,0.011,no
γρηΰ,grc,1,0.011,no
γρηῢ,grc,1,0.011,no
γυμνὸν,grc,1,0.011,no
γυμνοῦσθαι,grc,1,0.011,no
γυμνωθέντα,grc,1,0.011,no
γυμνώθη,grc,1,0.011,no
γυναῖκά,grc,1,0.011,no
γυναικείας,grc,1,0.011,no
γυναικὸς,grc,1,0.011,no
γῦπε,grc,1,0.011,no
γῦπες,grc,1,0.011,no
γυραίην,grc,1,0.011,no
γυρῇσίν,grc,1,0.011,no
γυρὸς,grc,1,0.011,no
γωρυτῷ,grc,1,0.011,no
δαείω,grc,1,0.011,no
δαήμονε,grc,1,0.011,no
δαήμονες,grc,1,0.011,no
δαήμονι,grc,1,0.011,no
δαῆναι,grc,1,0.011,no
δαιδαλέοισι,grc,1,0.011,no
δαιδάλεον,grc,1,0.011,no
δαιδάλλων,grc,1,0.011,no
δαίδαλον,grc,1,0.011,no
δαίδων,grc,1,0.011,no
δαῖε,grc,1,0.011,no
δαίετο,grc,1,0.011,no
δαΐζων,grc,1,0.011,no
δαιμόνιε,grc,1,0.011,no
δαίνυ,grc,1,0.011,no
δαινύατʼ,grc,1,0.011,no
δαινυμένοισι,grc,1,0.011,no
δαινύμενον,grc,1,0.011,no
δαινυμένω,grc,1,0.011,no
δαίνυνθʼ,grc,1,0.011,no
δαινύντα,grc,1,0.011,no
δαίνυνται,grc,1,0.011,no
δαίνυνταί,grc,1,0.011,no
δαίνυντο,grc,1,0.011,no
δαίνυσαι,grc,1,0.011,no
δαίνυσθαί,grc,1,0.011,no
δαινύσθω,grc,1,0.011,no
δαίνυται,grc,1,0.011,no
δαιόμενος,grc,1,0.011,no
δαῖον,grc,1,0.011,no
δαῖτες,grc,1,0.011,no
δαίτηθεν,grc,1,0.011,no
δαίτην,grc,1,0.011,no
δαίτης,grc,1,0.011,no
δαιτρεῦσαί,grc,1,0.011,no
δαιτρεύσων,grc,1,0.011,no
δαιτροσυνάων,grc,1,0.011,no
δαιτυμόνας,grc,1,0.011,no
δάκρυʼ,grc,1,0.011,no
δάκρυά,grc,1,0.011,no
δακρυόεντες,grc,1,0.011,no
δακρύοισι,grc,1,0.011,no
δακρυπλώειν,grc,1,0.011,no
δακρύσας,grc,1,0.011,no
δαλὸν,grc,1,0.011,no
δαλῷ,grc,1,0.011,no
δάμαρ,grc,1,0.011,no
δάμασʼ,grc,1,0.011,no
δαμασαίατο,grc,1,0.011,no
δαμασαίμην,grc,1,0.011,no
δαμάσαντες,grc,1,0.011,no
δάμασον,grc,1,0.011,no
δαμασσάμενος,grc,1,0.011,no
δάμασσαν,grc,1,0.011,no
δαμάσσας,grc,1,0.011,no
δαμαστορίδην,grc,1,0.011,no
δαμείω,grc,1,0.011,no
δάμεν,grc,1,0.011,no
δαμέντων,grc,1,0.011,no
δαμνᾷ,grc,1,0.011,no
δάμναται,grc,1,0.011,no
δάμνησι,grc,1,0.011,no
δανὰ,grc,1,0.011,no
δαναοῖσι,grc,1,0.011,no
δασαίμεθα,grc,1,0.011,no
δασείας,grc,1,0.011,no
δάσκιον,grc,1,0.011,no
δάσονται,grc,1,0.011,no
δασπλῆτις,grc,1,0.011,no
δάσσαντό,grc,1,0.011,no
δάσσασθαι,grc,1,0.011,no
δασύ,grc,1,0.011,no
δασύμαλλοι,grc,1,0.011,no
δάσωνται,grc,1,0.011,no
δατεῦντο,grc,1,0.011,no
δάφνῃσι,grc,1,0.011,no
δέατʼ,grc,1,0.011,no
δέγμενος,grc,1,0.011,no
δεδάασθαι,grc,1,0.011,no
δεδάηκας,grc,1,0.011,no
δεδάηκε,grc,1,0.011,no
δεδαηκότες,grc,1,0.011,no
δεδαίαται,grc,1,0.011,no
δεδαϊγμένον,grc,1,0.011,no
δέδασται,grc,1,0.011,no
δεδαὼς,grc,1,0.011,no
δεδειπνήκειν,grc,1,0.011,no
δέδηε,grc,1,0.011,no
δεδισκόμενος,grc,1,0.011,no
δεδμημένοι,grc,1,0.011,no
δεδμημένος,grc,1,0.011,no
δεδμήμην,grc,1,0.011,no
δεδορκώς,grc,1,0.011,no
δέδυκεν,grc,1,0.011,no
δειδέχαται,grc,1,0.011,no
δείδιας,grc,1,0.011,no
δείδιε,grc,1,0.011,no
δείδιθʼ,grc,1,0.011,no
δείδιθι,grc,1,0.011,no
δείδιμεν,grc,1,0.011,no
δειδιότα,grc,1,0.011,no
δειδιότων,grc,1,0.011,no
δειδισκόμενος,grc,1,0.011,no
δειελιήσας,grc,1,0.011,no
δείελον,grc,1,0.011,no
δεικνύμενος,grc,1,0.011,no
δειλαί,grc,1,0.011,no
δείλετό,grc,1,0.011,no
δειλῇ,grc,1,0.011,no
δειλός,grc,1,0.011,no
δειλώ,grc,1,0.011,no
δειλῷ,grc,1,0.011,no
δείμαθʼ,grc,1,0.011,no
δεινὰ,grc,1,0.011,no
δεινὸς,grc,1,0.011,no
δεινότατός,grc,1,0.011,no
δεινοῦ,grc,1,0.011,no
δεινοὺς,grc,1,0.011,no
δεῖξʼ,grc,1,0.011,no
δεῖξε,grc,1,0.011,no
δείξειε,grc,1,0.011,no
δεῖξον,grc,1,0.011,no
δειπνήσαντας,grc,1,0.011,no
δείπνηστος,grc,1,0.011,no
δείπνοιο,grc,1,0.011,no
δεῖπνόν,grc,1,0.011,no
δειραὶ,grc,1,0.011,no
δειρὰς,grc,1,0.011,no
δειρῇ,grc,1,0.011,no
δειρῆς,grc,1,0.011,no
δειρῇσι,grc,1,0.011,no
δειροτομῆσαι,grc,1,0.011,no
δείσασʼ,grc,1,0.011,no
δέκʼ,grc,1,0.011,no
δεκὰς,grc,1,0.011,no
δεκάτη,grc,1,0.011,no
δέκτῃ,grc,1,0.011,no
δελφῖνάς,grc,1,0.011,no
δέμον,grc,1,0.011,no
δένδρεʼ,grc,1,0.011,no
δένδρεον,grc,1,0.011,no
δενδρέων,grc,1,0.011,no
δενδρήεντι,grc,1,0.011,no
δενδρήεσσα,grc,1,0.011,no
δέξασθʼ,grc,1,0.011,no
δεξιοί,grc,1,0.011,no
δεξιτερήν,grc,1,0.011,no
δεξιὼ,grc,1,0.011,no
δέοιμι,grc,1,0.011,no
δέπαι,grc,1,0.011,no
δερκομένοιο,grc,1,0.011,no
δέρμασιν,grc,1,0.011,no
δερματίνοισι,grc,1,0.011,no
δερματίνοισιν,grc,1,0.011,no
δέρτρον,grc,1,0.011,no
δέσματʼ,grc,1,0.011,no
δέσματα,grc,1,0.011,no
δεσμοί,grc,1,0.011,no
δεσμοῖς,grc,1,0.011,no
δεσμὸς,grc,1,0.011,no
δεσμοὺς,grc,1,0.011,no
δεσμῶν,grc,1,0.011,no
δεσποίνῃ,grc,1,0.011,no
δεῦε,grc,1,0.011,no
δεύεσκον,grc,1,0.011,no
δεύῃ,grc,1,0.011,no
δευήσεσθαι,grc,1,0.011,no
δεῦθʼ,grc,1,0.011,no
δευκαλίων,grc,1,0.011,no
δευκαλίωνος,grc,1,0.011,no
δευόμενον,grc,1,0.011,no
δεῦτʼ,grc,1,0.011,no
δεύτατον,grc,1,0.011,no
δεύτατος,grc,1,0.011,no
δέχεσθαι,grc,1,0.011,no
δεχοίμην,grc,1,0.011,no
δεχώμεθα,grc,1,0.011,no
δεψήσας,grc,1,0.011,no
δηθύνειν,grc,1,0.011,no
δηθύνῃσθα,grc,1,0.011,no
δηιοτῆτα,grc,1,0.011,no
δηϊοτῆτι,grc,1,0.011,no
δηιόῳεν,grc,1,0.011,no
δηιφόβοιο,grc,1,0.011,no
δηΐφοβος,grc,1,0.011,no
δηλήματα,grc,1,0.011,no
δηλήσαιτο,grc,1,0.011,no
δηλήσατο,grc,1,0.011,no
δῆλον,grc,1,0.011,no
δήλῳ,grc,1,0.011,no
δημήτηρ,grc,1,0.011,no
δήμιοι,grc,1,0.011,no
δήμιος,grc,1,0.011,no
δήμιός,grc,1,0.011,no
δημόδοκʼ,grc,1,0.011,no
δημοδόκου,grc,1,0.011,no
δημόθεν,grc,1,0.011,no
δημόν,grc,1,0.011,no
δημοπτόλεμον,grc,1,0.011,no
δημοπτόλεμός,grc,1,0.011,no
δῆμός,grc,1,0.011,no
δῆριν,grc,1,0.011,no
δηριόωντο,grc,1,0.011,no
δηρίσαντο,grc,1,0.011,no
δηρόν,grc,1,0.011,no
δῆσα,grc,1,0.011,no
δησάμενος,grc,1,0.011,no
δῆσαν,grc,1,0.011,no
δησάντων,grc,1,0.011,no
δήσας,grc,1,0.011,no
δήσατʼ,grc,1,0.011,no
δῃωθέντες,grc,1,0.011,no
δὶα,grc,1,0.011,no
διαβήμεναι,grc,1,0.011,no
διαγλάψασʼ,grc,1,0.011,no
διαδράμοι,grc,1,0.011,no
διάει,grc,1,0.011,no
διαειπέμεν,grc,1,0.011,no
διάη,grc,1,0.011,no
διακεκριμέναι,grc,1,0.011,no
διακρίνειε,grc,1,0.011,no
διακρινθῆτε,grc,1,0.011,no
διάκτορε,grc,1,0.011,no
διάκτορον,grc,1,0.011,no
διαπλῆξαι,grc,1,0.011,no
διαπρήξαιμι,grc,1,0.011,no
διαπρήσσουσα,grc,1,0.011,no
διαπρήσσωσι,grc,1,0.011,no
διαρραίουσι,grc,1,0.011,no
διαρραίσει,grc,1,0.011,no
διαρρίπτασκεν,grc,1,0.011,no
διασκεδάσειεν,grc,1,0.011,no
διατρίβῃσιν,grc,1,0.011,no
διατρίβουσιν,grc,1,0.011,no
διατρίβω,grc,1,0.011,no
διατρίβωμεν,grc,1,0.011,no
διατρύγιος,grc,1,0.011,no
διαφυσσόμενον,grc,1,0.011,no
διδάξαμεν,grc,1,0.011,no
διδάσκουσιν,grc,1,0.011,no
διδέντων,grc,1,0.011,no
διδοῖεν,grc,1,0.011,no
διδοῖτε,grc,1,0.011,no
δίδομεν,grc,1,0.011,no
διδόντος,grc,1,0.011,no
διδύμοισι,grc,1,0.011,no
δίδωθι,grc,1,0.011,no
διδώσειν,grc,1,0.011,no
δίδωσι,grc,1,0.011,no
διδώσομεν,grc,1,0.011,no
δίε,grc,1,0.011,no
δῖε,grc,1,0.011,no
διεδηλήσαντο,grc,1,0.011,no
διέδραμον,grc,1,0.011,no
διεθείωσεν,grc,1,0.011,no
διείπομεν,grc,1,0.011,no
διεκοσμήσαντο,grc,1,0.011,no
διέκρινεν,grc,1,0.011,no
διελθέμεν,grc,1,0.011,no
διεμοιρᾶτο,grc,1,0.011,no
διέπερσε,grc,1,0.011,no
διεπράθετο,grc,1,0.011,no
διέπραθον,grc,1,0.011,no
διέπτατο,grc,1,0.011,no
διεπτοίησε,grc,1,0.011,no
διερὸς,grc,1,0.011,no
διερῷ,grc,1,0.011,no
διέσθαι,grc,1,0.011,no
δίεσθαι,grc,1,0.011,no
διέσσυτο,grc,1,0.011,no
διέσχισεν,grc,1,0.011,no
διέτμαγεν,grc,1,0.011,no
διέτμαγον,grc,1,0.011,no
διεφαίνετο,grc,1,0.011,no
δίζηαι,grc,1,0.011,no
διζησόμεθʼ,grc,1,0.011,no
δίῃ,grc,1,0.011,no
διήγαγον,grc,1,0.011,no
διῆλθε,grc,1,0.011,no
διηνεκέα,grc,1,0.011,no
διηνεκέες,grc,1,0.011,no
διηνεκέεσσι,grc,1,0.011,no
διήνυσεν,grc,1,0.011,no
διήρεσα,grc,1,0.011,no
διήρεσσʼ,grc,1,0.011,no
διήφυσε,grc,1,0.011,no
δικαζόμενος,grc,1,0.011,no
δικαζομένων,grc,1,0.011,no
δικαίως,grc,1,0.011,no
δίκασαν,grc,1,0.011,no
δικασπόλον,grc,1,0.011,no
δίκην,grc,1,0.011,no
δικτύῳ,grc,1,0.011,no
δινέομεν,grc,1,0.011,no
δίνεον,grc,1,0.011,no
δινεύων,grc,1,0.011,no
δίνῃ,grc,1,0.011,no
δινήεντα,grc,1,0.011,no
δινήεντος,grc,1,0.011,no
δινηθῆναι,grc,1,0.011,no
δινωτὴν,grc,1,0.011,no
διογενές,grc,1,0.011,no
διογενῆς,grc,1,0.011,no
δῖοί,grc,1,0.011,no
διοϊστεῦσαί,grc,1,0.011,no
διοϊστεύσειας,grc,1,0.011,no
διοϊστεύσω,grc,1,0.011,no
δίοιτο,grc,1,0.011,no
διόλωλε,grc,1,0.011,no
διομήδεος,grc,1,0.011,no
διονύσου,grc,1,0.011,no
διοτρεφέας,grc,1,0.011,no
διοτρεφέες,grc,1,0.011,no
διοτρεφέεσσι,grc,1,0.011,no
διοτρεφέος,grc,1,0.011,no
διοτρεφέων,grc,1,0.011,no
δίου,grc,1,0.011,no
δίπλακα,grc,1,0.011,no
διπλῆν,grc,1,0.011,no
δίπτυχον,grc,1,0.011,no
δὶς,grc,1,0.011,no
δισθανέες,grc,1,0.011,no
δίσκον,grc,1,0.011,no
δίσκῳ,grc,1,0.011,no
δίφροιο,grc,1,0.011,no
δίφρος,grc,1,0.011,no
δίχʼ,grc,1,0.011,no
διχθὰ,grc,1,0.011,no
διψάων,grc,1,0.011,no
δίῳ,grc,1,0.011,no
διώκειν,grc,1,0.011,no
διωκέμεναι,grc,1,0.011,no
διώκετο,grc,1,0.011,no
διωκομένη,grc,1,0.011,no
διώκοντες,grc,1,0.011,no
διώκω,grc,1,0.011,no
δίωμαι,grc,1,0.011,no
διωνύσοιο,grc,1,0.011,no
δμήτορι,grc,1,0.011,no
δμῶʼ,grc,1,0.011,no
δμωαί,grc,1,0.011,no
δμῶας,grc,1,0.011,no
δμῶές,grc,1,0.011,no
δμὼς,grc,1,0.011,no
δμωσὶν,grc,1,0.011,no
δμῳῶν,grc,1,0.011,no
δνοπαλίξεις,grc,1,0.011,no
δνοφερὴ,grc,1,0.011,no
δνοφερὴν,grc,1,0.011,no
δοθείη,grc,1,0.011,no
δοιά,grc,1,0.011,no
δοιαὶ,grc,1,0.011,no
δοκέουσι,grc,1,0.011,no
δοκεύει,grc,1,0.011,no
δοκοί,grc,1,0.011,no
δοκοῖσι,grc,1,0.011,no
δοκοῖσιν,grc,1,0.011,no
δολίην,grc,1,0.011,no
δολίης,grc,1,0.011,no
δολίοις,grc,1,0.011,no
δόλιον,grc,1,0.011,no
δολιχαύλους,grc,1,0.011,no
δολιχὴ,grc,1,0.011,no
δολιχηρέτμοισι,grc,1,0.011,no
δολόεντα,grc,1,0.011,no
δόλοισιν,grc,1,0.011,no
δόλος,grc,1,0.011,no
δολοφρονέουσα,grc,1,0.011,no
δόλων,grc,1,0.011,no
δόμεν,grc,1,0.011,no
δόμεναί,grc,1,0.011,no
δόνακας,grc,1,0.011,no
δόξης,grc,1,0.011,no
δοροῖσι,grc,1,0.011,no
δοροῖσιν,grc,1,0.011,no
δορπείτην,grc,1,0.011,no
δορπέομέν,grc,1,0.011,no
δορπῆσαι,grc,1,0.011,no
δόρπῳ,grc,1,0.011,no
δότω,grc,1,0.011,no
δούλειον,grc,1,0.011,no
δούλης,grc,1,0.011,no
δουλιχιεύς,grc,1,0.011,no
δουλιχιῆα,grc,1,0.011,no
δουλιχιῆος,grc,1,0.011,no
δουλιχίοιο,grc,1,0.011,no
δουλίχιόν,grc,1,0.011,no
δουλίχιόνδʼ,grc,1,0.011,no
δουλιχίου,grc,1,0.011,no
δουλοσύνην,grc,1,0.011,no
δουράτεον,grc,1,0.011,no
δουρατέου,grc,1,0.011,no
δούρατι,grc,1,0.011,no
δούρεσσι,grc,1,0.011,no
δουρικλειτὸν,grc,1,0.011,no
δουροδόκης,grc,1,0.011,no
δουρὸς,grc,1,0.011,no
δούρων,grc,1,0.011,no
δοῦσα,grc,1,0.011,no
δράκων,grc,1,0.011,no
δράμεν,grc,1,0.011,no
δρέπανον,grc,1,0.011,no
δρεψάμενοι,grc,1,0.011,no
δρηστοσύνῃ,grc,1,0.011,no
δριμὺ,grc,1,0.011,no
δρίος,grc,1,0.011,no
δρόμοι,grc,1,0.011,no
δρόμος,grc,1,0.011,no
δρύϊνον,grc,1,0.011,no
δρυμά,grc,1,0.011,no
δρυόχους,grc,1,0.011,no
δρυσὶν,grc,1,0.011,no
δρύφθη,grc,1,0.011,no
δρυψαμένω,grc,1,0.011,no
δρώοιμι,grc,1,0.011,no
δυέσθην,grc,1,0.011,no
δύης,grc,1,0.011,no
δύμαντος,grc,1,0.011,no
δῦναι,grc,1,0.011,no
δυναίμην,grc,1,0.011,no
δύναιο,grc,1,0.011,no
δύναιτό,grc,1,0.011,no
δυνάμην,grc,1,0.011,no
δύναμιν,grc,1,0.011,no
δύνασαί,grc,1,0.011,no
δύνατʼ,grc,1,0.011,no
δῦνεν,grc,1,0.011,no
δυνήσατο,grc,1,0.011,no
δυνησόμεθʼ,grc,1,0.011,no
δύνοντες,grc,1,0.011,no
δύντε,grc,1,0.011,no
δυοκαίδεκʼ,grc,1,0.011,no
δύοντα,grc,1,0.011,no
δύοντο,grc,1,0.011,no
δυόωσι,grc,1,0.011,no
δυσαέος,grc,1,0.011,no
δυσαὴς,grc,1,0.011,no
δυσαήων,grc,1,0.011,no
δύσεο,grc,1,0.011,no
δύσεσθαι,grc,1,0.011,no
δύσετʼ,grc,1,0.011,no
δύσετο,grc,1,0.011,no
δύσζηλοι,grc,1,0.011,no
δυσηλεγέα,grc,1,0.011,no
δυσκηδέα,grc,1,0.011,no
δύσμητερ,grc,1,0.011,no
δύσμορον,grc,1,0.011,no
δύσομαι,grc,1,0.011,no
δυσομένου,grc,1,0.011,no
δυσπονέος,grc,1,0.011,no
δυστήνοιο,grc,1,0.011,no
δυσώνυμος,grc,1,0.011,no
δώδεκʼ,grc,1,0.011,no
δωδεκάτην,grc,1,0.011,no
δῶκαν,grc,1,0.011,no
δώματά,grc,1,0.011,no
δώομεν,grc,1,0.011,no
δωριέες,grc,1,0.011,no
δώροισι,grc,1,0.011,no
δώροισιν,grc,1,0.011,no
δῶρόν,grc,1,0.011,no
δώρῳ,grc,1,0.011,no
δώσειν,grc,1,0.011,no
δώσεις,grc,1,0.011,no
δωσέμεναι,grc,1,0.011,no
δώσουσʼ,grc,1,0.011,no
δώσουσιν,grc,1,0.011,no
δωτῆρες,grc,1,0.011,no
δῶτορ,grc,1,0.011,no
ἕ,grc,1,0.011,no
ἐᾷ,grc,1,0.011,no
ἐάαν,grc,1,0.011,no
ἐάας,grc,1,0.011,no
ἑαδότα,grc,1,0.011,no
ἐᾶν,grc,1,0.011,no
ἔαξαν,grc,1,0.011,no
ἔαρος,grc,1,0.011,no
ἐᾷς,grc,1,0.011,no
ἔασʼ,grc,1,0.011,no
ἔασας,grc,1,0.011,no
ἐάσειε,grc,1,0.011,no
ἔασον,grc,1,0.011,no
ἐάσουσιν,grc,1,0.011,no
ἔβαζε,grc,1,0.011,no
ἐβάζομεν,grc,1,0.011,no
ἔβαινε,grc,1,0.011,no
ἔβαινεν,grc,1,0.011,no
ἔβαλεν,grc,1,0.011,no
ἔβαλλε,grc,1,0.011,no
ἐβάλοντο,grc,1,0.011,no
ἐβάρυνε,grc,1,0.011,no
ἐβάστασε,grc,1,0.011,no
ἐβεβρύχει,grc,1,0.011,no
ἔβημεν,grc,1,0.011,no
ἔβην,grc,1,0.011,no
ἐβήσαμεν,grc,1,0.011,no
ἐβιώσαο,grc,1,0.011,no
ἔβλαψαν,grc,1,0.011,no
ἐβόησα,grc,1,0.011,no
ἐβόλοντο,grc,1,0.011,no
ἐβούλετο,grc,1,0.011,no
ἔβραχε,grc,1,0.011,no
ἐβρόντησας,grc,1,0.011,no
ἐβρόντησεν,grc,1,0.011,no
ἐγγεγάασιν,grc,1,0.011,no
ἐγγυάασθαι,grc,1,0.011,no
ἐγγύαι,grc,1,0.011,no
ἐγγυάλιξα,grc,1,0.011,no
ἐγγυαλίξῃ,grc,1,0.011,no
ἐγγυαλίξω,grc,1,0.011,no
ἐγεγώνει,grc,1,0.011,no
ἐγεγώνευν,grc,1,0.011,no
ἐγειρομένων,grc,1,0.011,no
ἐγέλασσαν,grc,1,0.011,no
ἐγέλασσε,grc,1,0.011,no
ἐγέλασσεν,grc,1,0.011,no
ἐγενέσθην,grc,1,0.011,no
ἐγένοντʼ,grc,1,0.011,no
ἐγήθεις,grc,1,0.011,no
ἐγήρα,grc,1,0.011,no
ἔγκατα,grc,1,0.011,no
ἔγκατά,grc,1,0.011,no
ἐγκατέπηξʼ,grc,1,0.011,no
ἐγκέφαλος,grc,1,0.011,no
ἐγκέφαλός,grc,1,0.011,no
ἐγκεφάλῳ,grc,1,0.011,no
ἐγκοσμεῖτε,grc,1,0.011,no
ἔγνωσαν,grc,1,0.011,no
ἔγρεσθαι,grc,1,0.011,no
ἐγρηγορόων,grc,1,0.011,no
ἐγρήσσεις,grc,1,0.011,no
ἐγρήσσοντα,grc,1,0.011,no
ἔγροιτο,grc,1,0.011,no
ἐγρόμενος,grc,1,0.011,no
ἔγχεά,grc,1,0.011,no
ἐγχείῃ,grc,1,0.011,no
ἐγχεσιμώρους,grc,1,0.011,no
ἐδάην,grc,1,0.011,no
ἐδαμάσθην,grc,1,0.011,no
ἐδαμάσσατο,grc,1,0.011,no
ἐδάσαντο,grc,1,0.011,no
ἐδάσσατʼ,grc,1,0.011,no
ἔδαφος,grc,1,0.011,no
ἐδείματο,grc,1,0.011,no
ἔδειξε,grc,1,0.011,no
ἐδείπνεε,grc,1,0.011,no
ἔδειραν,grc,1,0.011,no
ἔδεις,grc,1,0.011,no
ἔδεισεν,grc,1,0.011,no
ἔδεκτο,grc,1,0.011,no
ἔδευεν,grc,1,0.011,no
ἐδήδοται,grc,1,0.011,no
ἐδίδου,grc,1,0.011,no
ἐδίδους,grc,1,0.011,no
ἐδινεόμεσθα,grc,1,0.011,no
ἐδίνευον,grc,1,0.011,no
ἐδίσκεον,grc,1,0.011,no
ἔδοιεν,grc,1,0.011,no
ἔδομαι,grc,1,0.011,no
ἔδομεν,grc,1,0.011,no
ἔδον,grc,1,0.011,no
ἐδόνησεν,grc,1,0.011,no
ἐδόρπεον,grc,1,0.011,no
ἔδοσάν,grc,1,0.011,no
ἔδραθʼ,grc,1,0.011,no
ἔδρακον,grc,1,0.011,no
ἑδρέων,grc,1,0.011,no
ἕδρην,grc,1,0.011,no
ἕδρης,grc,1,0.011,no
ἑδριάασθαι,grc,1,0.011,no
ἐδύνασθε,grc,1,0.011,no
ἐδυνάσθη,grc,1,0.011,no
ἔδυνον,grc,1,0.011,no
ἔδυσαν,grc,1,0.011,no
ἔδυτε,grc,1,0.011,no
ἐδωδὴ,grc,1,0.011,no
ἐδωδήν,grc,1,0.011,no
ἔδωκʼ,grc,1,0.011,no
ἔδωμεν,grc,1,0.011,no
ἔδωχʼ,grc,1,0.011,no
ἐέδνοισι,grc,1,0.011,no
ἐεδνώσαιτο,grc,1,0.011,no
ἐεικοσάβοια,grc,1,0.011,no
ἐεικοσάβοιον,grc,1,0.011,no
ἐεικοσόροιο,grc,1,0.011,no
ἐεικοστὸν,grc,1,0.011,no
ἐεισαμένη,grc,1,0.011,no
ἐέλδεαι,grc,1,0.011,no
ἐέλδετο,grc,1,0.011,no
ἐέλδομαι,grc,1,0.011,no
ἐελδομένοισι,grc,1,0.011,no
ἐελδομένοισιν,grc,1,0.011,no
ἐελδόμενος,grc,1,0.011,no
ἐελδόμενός,grc,1,0.011,no
ἐελδομένῳ,grc,1,0.011,no
ἐέλπετο,grc,1,0.011,no
ἔεργε,grc,1,0.011,no
ἐέργνυ,grc,1,0.011,no
ἔεργον,grc,1,0.011,no
ἐέργουσίν,grc,1,0.011,no
ἐερμένον,grc,1,0.011,no
ἔερτο,grc,1,0.011,no
ἐέρχατο,grc,1,0.011,no
ἑέσσατʼ,grc,1,0.011,no
ἐέσσατο,grc,1,0.011,no
ἕζεαι,grc,1,0.011,no
ἕζεθʼ,grc,1,0.011,no
ἕζεσθε,grc,1,0.011,no
ἔζευξαν,grc,1,0.011,no
ἑζόμεθʼ,grc,1,0.011,no
ἔζωον,grc,1,0.011,no
ἑῇ,grc,1,0.011,no
ἑήνδανε,grc,1,0.011,no
ἑῇσιν,grc,1,0.011,no
ἔθανʼ,grc,1,0.011,no
ἔθανεν,grc,1,0.011,no
ἔθει,grc,1,0.011,no
ἔθελγε,grc,1,0.011,no
ἐθέλῃσʼ,grc,1,0.011,no
ἐθέλησα,grc,1,0.011,no
ἐθελήσει,grc,1,0.011,no
ἐθελήσεις,grc,1,0.011,no
ἐθελήσετον,grc,1,0.011,no
ἐθελήσω,grc,1,0.011,no
ἔθελξε,grc,1,0.011,no
ἐθέλοιτέ,grc,1,0.011,no
ἔθελόν,grc,1,0.011,no
ἐθέλοντά,grc,1,0.011,no
ἐθέλοντες,grc,1,0.011,no
ἐθελοντῆρας,grc,1,0.011,no
ἐθέλουσα,grc,1,0.011,no
ἐθέλουσά,grc,1,0.011,no
ἐθέλουσαν,grc,1,0.011,no
ἔθελχθεν,grc,1,0.011,no
ἐθέλχθης,grc,1,0.011,no
ἐθέλωμι,grc,1,0.011,no
ἐθέλωσιν,grc,1,0.011,no
ἔθεμεν,grc,1,0.011,no
ἐθηεύμεσθα,grc,1,0.011,no
ἔθηκας,grc,1,0.011,no
ἔθλασεν,grc,1,0.011,no
ἔθνεʼ,grc,1,0.011,no
ἔθορε,grc,1,0.011,no
ἐθόωσα,grc,1,0.011,no
ἐθρίγκωσεν,grc,1,0.011,no
ἐθύσαμεν,grc,1,0.011,no
ἐθωρήσσοντο,grc,1,0.011,no
εἴας,grc,1,0.011,no
εἴασʼ,grc,1,0.011,no
εἴασκεν,grc,1,0.011,no
εἵατʼ,grc,1,0.011,no
εἶβεν,grc,1,0.011,no
εἴβοι,grc,1,0.011,no
εἶβον,grc,1,0.011,no
εἰδαλίμας,grc,1,0.011,no
εἰδείης,grc,1,0.011,no
εἶδες,grc,1,0.011,no
εἴδετʼ,grc,1,0.011,no
εἴδεται,grc,1,0.011,no
εἰδέω,grc,1,0.011,no
εἰδήσεις,grc,1,0.011,no
εἰδησέμεν,grc,1,0.011,no
εἰδοθέη,grc,1,0.011,no
εἰδότʼ,grc,1,0.011,no
εἰδώλων,grc,1,0.011,no
εἰδῶσι,grc,1,0.011,no
εἴθε,grc,1,0.011,no
εἶκε,grc,1,0.011,no
εἴκελος,grc,1,0.011,no
εἰκέλω,grc,1,0.011,no
εἴκοι,grc,1,0.011,no
ἐίκτην,grc,1,0.011,no
ἔικτον,grc,1,0.011,no
εἰκυῖα,grc,1,0.011,no
εἰλαπινάζων,grc,1,0.011,no
εἰλαπίνη,grc,1,0.011,no
εἰλαπίνῃ,grc,1,0.011,no
εἶλαρ,grc,1,0.011,no
εἰλάτιναί,grc,1,0.011,no
εἰλειθυίης,grc,1,0.011,no
εἴλεον,grc,1,0.011,no
εἰλεῦντα,grc,1,0.011,no
εἰλήλουθμεν,grc,1,0.011,no
εἵλοντο,grc,1,0.011,no
εἰλύαται,grc,1,0.011,no
εἴλυμα,grc,1,0.011,no
εἰλυμένα,grc,1,0.011,no
εἰλυμένοι,grc,1,0.011,no
εἴλυτο,grc,1,0.011,no
εἵματι,grc,1,0.011,no
εἱμένοι,grc,1,0.011,no
εἱμένος,grc,1,0.011,no
εἰνάκις,grc,1,0.011,no
εἰνάλιαι,grc,1,0.011,no
εἰναλίη,grc,1,0.011,no
εἰναλίῳ,grc,1,0.011,no
εἶξαν,grc,1,0.011,no
εἴξασα,grc,1,0.011,no
εἴξασκε,grc,1,0.011,no
εἷο,grc,1,0.011,no
εἴπαθʼ,grc,1,0.011,no
εἶπας,grc,1,0.011,no
εἴπατε,grc,1,0.011,no
εἵπετʼ,grc,1,0.011,no
εἵπετο,grc,1,0.011,no
εἴποιμʼ,grc,1,0.011,no
εἴπομεν,grc,1,0.011,no
εἰπὸν,grc,1,0.011,no
εἶπον,grc,1,0.011,no
εἰπόντʼ,grc,1,0.011,no
εἰπόντος,grc,1,0.011,no
εἴπωμι,grc,1,0.011,no
εἰργάζετο,grc,1,0.011,no
εἴρεαι,grc,1,0.011,no
εἴρεο,grc,1,0.011,no
εἴρερον,grc,1,0.011,no
εἴρεσθʼ,grc,1,0.011,no
εἰρέσθω,grc,1,0.011,no
εἰρεσίῃ,grc,1,0.011,no
εἴρηαι,grc,1,0.011,no
εἴρηθʼ,grc,1,0.011,no
εἰρημένα,grc,1,0.011,no
εἰρήνη,grc,1,0.011,no
εἰρήσεται,grc,1,0.011,no
εἰρησόμεθʼ,grc,1,0.011,no
εἴρηται,grc,1,0.011,no
εἴρητο,grc,1,0.011,no
εἴρια,grc,1,0.011,no
εἴριά,grc,1,0.011,no
εἰρομένῃ,grc,1,0.011,no
εἰροπόκων,grc,1,0.011,no
εἷρπον,grc,1,0.011,no
εἰρυσάμην,grc,1,0.011,no
εἴρυσε,grc,1,0.011,no
εἰρύσσαιτο,grc,1,0.011,no
εἰρύσσατο,grc,1,0.011,no
εἴρυσσε,grc,1,0.011,no
εἴρωμαι,grc,1,0.011,no
εἰρώμεθα,grc,1,0.011,no
εἰρώτα,grc,1,0.011,no
εἰσʼ,grc,1,0.011,no
εἷσʼ,grc,1,0.011,no
εἰσάγαγον,grc,1,0.011,no
εἰσαγαγών,grc,1,0.011,no
εἰσάμενος,grc,1,0.011,no
εἰσαναβᾶσʼ,grc,1,0.011,no
εἰσανάγουσι,grc,1,0.011,no
εἰσάντα,grc,1,0.011,no
εἴσατʼ,grc,1,0.011,no
εἷσέ,grc,1,0.011,no
εἴσειμι,grc,1,0.011,no
εἰσέλασαν,grc,1,0.011,no
εἰσελάων,grc,1,0.011,no
εἴσελθε,grc,1,0.011,no
εἰσερύσαντες,grc,1,0.011,no
εἴσεται,grc,1,0.011,no
εἴσῃ,grc,1,0.011,no
εἰσήγαγʼ,grc,1,0.011,no
εἰσῆλθεν,grc,1,0.011,no
εἰσῆλθον,grc,1,0.011,no
ἐίσῃς,grc,1,0.011,no
εἶσθα,grc,1,0.011,no
εἴσιδʼ,grc,1,0.011,no
εἰσιδέτην,grc,1,0.011,no
εἰσίδομεν,grc,1,0.011,no
εἰσίθμη,grc,1,0.011,no
ἐΐσκει,grc,1,0.011,no
ἐίσκεις,grc,1,0.011,no
εἴσοδός,grc,1,0.011,no
εἰσοιχνεῦσαν,grc,1,0.011,no
εἰσοιχνεῦσι,grc,1,0.011,no
εἴσομʼ,grc,1,0.011,no
εἴσομαι,grc,1,0.011,no
εἷσον,grc,1,0.011,no
εἰσορόωντι,grc,1,0.011,no
εἰσορόωσα,grc,1,0.011,no
εἰσορόωσαν,grc,1,0.011,no
εἰσοροώσῃ,grc,1,0.011,no
εἰσορόῳτε,grc,1,0.011,no
εἶτʼ,grc,1,0.011,no
εἷται,grc,1,0.011,no
εἴτε,grc,1,0.011,no
εἶχεν,grc,1,0.011,no
εἴωθε,grc,1,0.011,no
εἰῶμεν,grc,1,0.011,no
ἑκάεργος,grc,1,0.011,no
ἕκαθεν,grc,1,0.011,no
ἐκαίνυτο,grc,1,0.011,no
ἐκακώσατε,grc,1,0.011,no
ἐκάλει,grc,1,0.011,no
ἐκάλεσσας,grc,1,0.011,no
ἐκάλυψε,grc,1,0.011,no
ἐκάλυψεν,grc,1,0.011,no
ἐκάμοντο,grc,1,0.011,no
ἔκαμψε,grc,1,0.011,no
ἕκασται,grc,1,0.011,no
ἑκαστέρω,grc,1,0.011,no
ἑκάστοθι,grc,1,0.011,no
ἑκάτερθεν,grc,1,0.011,no
ἑκατηβόλʼ,grc,1,0.011,no
ἑκατηβόλου,grc,1,0.011,no
ἑκατόμβην,grc,1,0.011,no
ἔκβαλλε,grc,1,0.011,no
ἐκβὰς,grc,1,0.011,no
ἔκβασις,grc,1,0.011,no
ἐκβήσαντες,grc,1,0.011,no
ἔκβητʼ,grc,1,0.011,no
ἐκγεγάτην,grc,1,0.011,no
ἔκγονός,grc,1,0.011,no
ἐκδείρας,grc,1,0.011,no
ἐκδῆσαι,grc,1,0.011,no
ἔκδυνε,grc,1,0.011,no
ἐκεῖθι,grc,1,0.011,no
ἐκείμεθα,grc,1,0.011,no
ἐκείμην,grc,1,0.011,no
ἐκεῖνα,grc,1,0.011,no
ἐκείνη,grc,1,0.011,no
ἐκείρετε,grc,1,0.011,no
ἐκεκεύθει,grc,1,0.011,no
ἐκέλευες,grc,1,0.011,no
ἐκέλευσʼ,grc,1,0.011,no
ἐκερτόμεον,grc,1,0.011,no
ἔκευθεν,grc,1,0.011,no
ἐκέχυντο,grc,1,0.011,no
ἔκηʼ,grc,1,0.011,no
ἔκηαν,grc,1,0.011,no
ἕκηλον,grc,1,0.011,no
ἐκήρυσσον,grc,1,0.011,no
ἔκθανον,grc,1,0.011,no
ἐκθεῖσαι,grc,1,0.011,no
ἔκιε,grc,1,0.011,no
ἐκίχανʼ,grc,1,0.011,no
ἐκίχανεν,grc,1,0.011,no
ἐκίχανον,grc,1,0.011,no
ἐκίχεις,grc,1,0.011,no
ἔκιχεν,grc,1,0.011,no
ἐκίχημεν,grc,1,0.011,no
ἐκκαλέσαντες,grc,1,0.011,no
ἐκλάθετο,grc,1,0.011,no
ἔκλαιον,grc,1,0.011,no
ἐκλελάθοιτο,grc,1,0.011,no
ἐκλελάθωντʼ,grc,1,0.011,no
ἐκλήϊσεν,grc,1,0.011,no
ἔκλησιν,grc,1,0.011,no
ἐκλίθη,grc,1,0.011,no
ἔκλινʼ,grc,1,0.011,no
ἔκλιναν,grc,1,0.011,no
ἐκλίνθη,grc,1,0.011,no
ἐκλύσομαι,grc,1,0.011,no
ἐκόμει,grc,1,0.011,no
ἐκόμιζε,grc,1,0.011,no
ἐκομίσσατο,grc,1,0.011,no
ἐκορέσθην,grc,1,0.011,no
ἐκόσμει,grc,1,0.011,no
ἔκοψα,grc,1,0.011,no
ἐκπάγλοις,grc,1,0.011,no
ἔκπαγλος,grc,1,0.011,no
ἔκπεμψάν,grc,1,0.011,no
ἐκπέμψασθε,grc,1,0.011,no
ἐκπέμψῃσι,grc,1,0.011,no
ἐκπεπαταγμένος,grc,1,0.011,no
ἐκπέποται,grc,1,0.011,no
ἐκπεράᾳ,grc,1,0.011,no
ἐκπροκαλεσσαμένη,grc,1,0.011,no
ἐκπρολιπόντες,grc,1,0.011,no
ἔκριναν,grc,1,0.011,no
ἐκρίνατʼ,grc,1,0.011,no
ἔκρυψαν,grc,1,0.011,no
ἔκταθεν,grc,1,0.011,no
ἔκταν,grc,1,0.011,no
ἔκτανʼ,grc,1,0.011,no
ἔκτειναν,grc,1,0.011,no
ἔκτεινεν,grc,1,0.011,no
ἐκτελέειν,grc,1,0.011,no
ἐκτελέουσιν,grc,1,0.011,no
ἐκτελέσαντες,grc,1,0.011,no
ἐκτελέσας,grc,1,0.011,no
ἐκτελέσειεν,grc,1,0.011,no
ἐκτήσατο,grc,1,0.011,no
ἐκτήσω,grc,1,0.011,no
ἔκτισαν,grc,1,0.011,no
ἕκτος,grc,1,0.011,no
ἔκτοσε,grc,1,0.011,no
ἔκτυπε,grc,1,0.011,no
ἐκύκα,grc,1,0.011,no
ἔκυσʼ,grc,1,0.011,no
ἔκυσσε,grc,1,0.011,no
ἔκφερεν,grc,1,0.011,no
ἐκφόρεον,grc,1,0.011,no
ἐκφύγομεν,grc,1,0.011,no
ἐκχύμενοι,grc,1,0.011,no
ἔκχυτο,grc,1,0.011,no
ἐλάγχανον,grc,1,0.011,no
ἐλαΐνεον,grc,1,0.011,no
ἐλαϊνέῳ,grc,1,0.011,no
ἐλάινος,grc,1,0.011,no
ἐλάσαι,grc,1,0.011,no
ἐλάσαιο,grc,1,0.011,no
ἐλάσας,grc,1,0.011,no
ἐλάσειʼ,grc,1,0.011,no
ἐλασσάμενος,grc,1,0.011,no
ἐλάσωσιν,grc,1,0.011,no
ἐλάτη,grc,1,0.011,no
ἐλάτῃσιν,grc,1,0.011,no
ἔλατον,grc,1,0.011,no
ἐλαύνει,grc,1,0.011,no
ἐλαυνόντων,grc,1,0.011,no
ἐλαύνων,grc,1,0.011,no
ἐλάφοιο,grc,1,0.011,no
ἐλάφοισι,grc,1,0.011,no
ἐλάφους,grc,1,0.011,no
ἐλαφρότατοι,grc,1,0.011,no
ἐλαφρότατος,grc,1,0.011,no
ἐλαφρότεροι,grc,1,0.011,no
ἐλαφρῶς,grc,1,0.011,no
ἔλδεαι,grc,1,0.011,no
ἐλεαίρει,grc,1,0.011,no
ἐλεαίρεις,grc,1,0.011,no
ἐλέαιρεν,grc,1,0.011,no
ἐλέαιρον,grc,1,0.011,no
ἐλεαίροντες,grc,1,0.011,no
ἔλεγʼ,grc,1,0.011,no
ἐλέγμην,grc,1,0.011,no
ἐλέγχει,grc,1,0.011,no
ἐλεγχείη,grc,1,0.011,no
ἐλεγχείην,grc,1,0.011,no
ἐλέγχιστε,grc,1,0.011,no
ἐλεεινόν,grc,1,0.011,no
ἐλεεινός,grc,1,0.011,no
ἐλεεινοτάτῳ,grc,1,0.011,no
ἐλεήμων,grc,1,0.011,no
ἐλεήσας,grc,1,0.011,no
ἐλεήσῃ,grc,1,0.011,no
ἐλεητύν,grc,1,0.011,no
ἐλεητὺς,grc,1,0.011,no
ἕλεθʼ,grc,1,0.011,no
ἔλειπεν,grc,1,0.011,no
ἐλείπετε,grc,1,0.011,no
ἔλειπον,grc,1,0.011,no
ἔλεκτο,grc,1,0.011,no
ἐλέλειπτο,grc,1,0.011,no
ἐλέλιξε,grc,1,0.011,no
ἕλεν,grc,1,0.011,no
ἐλέξατο,grc,1,0.011,no
ἔλεξεν,grc,1,0.011,no
ἐλεοῖσιν,grc,1,0.011,no
ἑλέσθω,grc,1,0.011,no
ἕλεσκε,grc,1,0.011,no
ἕλεσκον,grc,1,0.011,no
ἕλετʼ,grc,1,0.011,no
ἑλέτην,grc,1,0.011,no
ἑλέτω,grc,1,0.011,no
ἐλεύσονται,grc,1,0.011,no
ἐλεφαίρονται,grc,1,0.011,no
ἕλῃ,grc,1,0.011,no
ἐλήθομεν,grc,1,0.011,no
ἔληθον,grc,1,0.011,no
ἐλήλαται,grc,1,0.011,no
ἐληλέδατʼ,grc,1,0.011,no
ἕλῃσι,grc,1,0.011,no
ἕλῃσί,grc,1,0.011,no
ἕλῃσιν,grc,1,0.011,no
ἕληται,grc,1,0.011,no
ἐλθὲ,grc,1,0.011,no
ἔλθετʼ,grc,1,0.011,no
ἔλθοιμι,grc,1,0.011,no
ἐλθόνθʼ,grc,1,0.011,no
ἐλθοῦσʼ,grc,1,0.011,no
ἐλθοῦσα,grc,1,0.011,no
ἐλθούσας,grc,1,0.011,no
ἐλθοῦσιν,grc,1,0.011,no
ἕλικες,grc,1,0.011,no
ἑλίκων,grc,1,0.011,no
ἔλιπε,grc,1,0.011,no
ἕλκε,grc,1,0.011,no
ἑλκέμεναι,grc,1,0.011,no
ἕλκεν,grc,1,0.011,no
ἕλκετο,grc,1,0.011,no
ἕλκῃ,grc,1,0.011,no
ἕλκησε,grc,1,0.011,no
ἕλκητον,grc,1,0.011,no
ἕλκομεν,grc,1,0.011,no
ἕλκωσι,grc,1,0.011,no
ἔλλαβεν,grc,1,0.011,no
ἐλλάβετʼ,grc,1,0.011,no
ἑλλησπόντῳ,grc,1,0.011,no
ἐλλίσσετο,grc,1,0.011,no
ἐλλιτάνευσα,grc,1,0.011,no
ἐλλόν,grc,1,0.011,no
ἑλοίατο,grc,1,0.011,no
ἕλοιο,grc,1,0.011,no
ἕλοις,grc,1,0.011,no
ἕλος,grc,1,0.011,no
ἑλοῦσαι,grc,1,0.011,no
ἐλόωσι,grc,1,0.011,no
ἔλπεαι,grc,1,0.011,no
ἔλπετʼ,grc,1,0.011,no
ἔλπετο,grc,1,0.011,no
ἔλπῃ,grc,1,0.011,no
ἐλπῆνορ,grc,1,0.011,no
ἐλπήνορα,grc,1,0.011,no
ἐλπήνορος,grc,1,0.011,no
ἐλπήνωρ,grc,1,0.011,no
ἐλπίδος,grc,1,0.011,no
ἔλποιο,grc,1,0.011,no
ἔλποιτό,grc,1,0.011,no
ἐλπομένῳ,grc,1,0.011,no
ἔλυον,grc,1,0.011,no
ἔλυσα,grc,1,0.011,no
ἐλυσθεὶς,grc,1,0.011,no
ἔλων,grc,1,0.011,no
ἐμά,grc,1,0.011,no
ἐμαὶ,grc,1,0.011,no
ἐμαρνάμεθʼ,grc,1,0.011,no
ἐμάρναο,grc,1,0.011,no
ἔμαρπτε,grc,1,0.011,no
ἔμαρψεν,grc,1,0.011,no
ἐμβαίνων,grc,1,0.011,no
ἐμβάλετʼ,grc,1,0.011,no
ἐμβάλλετε,grc,1,0.011,no
ἐμβασίλευε,grc,1,0.011,no
ἔμβη,grc,1,0.011,no
ἔμεινε,grc,1,0.011,no
ἔμελέν,grc,1,0.011,no
ἐμήσατʼ,grc,1,0.011,no
ἐμητίσαντο,grc,1,0.011,no
ἔμικτο,grc,1,0.011,no
ἔμιμνεν,grc,1,0.011,no
ἐμίμνομεν,grc,1,0.011,no
ἔμιμνον,grc,1,0.011,no
ἔμιξαν,grc,1,0.011,no
ἐμισγέσκοντο,grc,1,0.011,no
ἐμίσγετο,grc,1,0.011,no
ἔμισγον,grc,1,0.011,no
ἐμίχθη,grc,1,0.011,no
ἔμμαθεν,grc,1,0.011,no
ἔμμαθες,grc,1,0.011,no
ἐμμαπέως,grc,1,0.011,no
ἐμμεμαῶτες,grc,1,0.011,no
ἔμμοροί,grc,1,0.011,no
ἔμνησας,grc,1,0.011,no
ἐμόγησα,grc,1,0.011,no
ἐμόγησαν,grc,1,0.011,no
ἐμπάζεαι,grc,1,0.011,no
ἐμπάζομαι,grc,1,0.011,no
ἐμπαζόμεθʼ,grc,1,0.011,no
ἔμπαιον,grc,1,0.011,no
ἔμπαιος,grc,1,0.011,no
ἐμπάξομαι,grc,1,0.011,no
ἔμπεδοι,grc,1,0.011,no
ἔμπεδοί,grc,1,0.011,no
ἐμπλήγδην,grc,1,0.011,no
ἔμπληντο,grc,1,0.011,no
ἐμπλήσαντες,grc,1,0.011,no
ἐμπλήσατο,grc,1,0.011,no
ἔμπλησον,grc,1,0.011,no
ἔμπνευσε,grc,1,0.011,no
ἐμπολόωντο,grc,1,0.011,no
ἔμφυλον,grc,1,0.011,no
ἕνʼ,grc,1,0.011,no
ἔναιʼ,grc,1,0.011,no
ἔναιεν,grc,1,0.011,no
ἐναίρεο,grc,1,0.011,no
ἐναλίγκια,grc,1,0.011,no
ἐναλίγκιοι,grc,1,0.011,no
ἐνάμελγεν,grc,1,0.011,no
ἐναντίοι,grc,1,0.011,no
ἐναντίος,grc,1,0.011,no
ἔναξε,grc,1,0.011,no
ἐναργὲς,grc,1,0.011,no
ἐναργὴς,grc,1,0.011,no
ἐναρηρός,grc,1,0.011,no
ἐναρίθμιον,grc,1,0.011,no
ἕνδεκα,grc,1,0.011,no
ἑνδεκάτῳ,grc,1,0.011,no
ἐνδέξια,grc,1,0.011,no
ἔνδιος,grc,1,0.011,no
ἐνδούπησα,grc,1,0.011,no
ἐνδούπησε,grc,1,0.011,no
ἐνέδησεν,grc,1,0.011,no
ἐνέηκε,grc,1,0.011,no
ἐνείκαι,grc,1,0.011,no
ἐνεῖκαι,grc,1,0.011,no
ἐνείκαμεν,grc,1,0.011,no
ἐνείκατε,grc,1,0.011,no
ἐνείκῃ,grc,1,0.011,no
ἔνειμαν,grc,1,0.011,no
ἔνειμε,grc,1,0.011,no
ἐνεῖσα,grc,1,0.011,no
ἐνέκρυψε,grc,1,0.011,no
ἔνεμον,grc,1,0.011,no
ἐνέπλησάν,grc,1,0.011,no
ἐνέπνευσε,grc,1,0.011,no
ἐνέπνευσεν,grc,1,0.011,no
ἐνέποιμι,grc,1,0.011,no
ἐνέποντε,grc,1,0.011,no
ἐνέπουσα,grc,1,0.011,no
ἐνέρεισαν,grc,1,0.011,no
ἔνερθε,grc,1,0.011,no
ἔνερθεν,grc,1,0.011,no
ἐνέστακται,grc,1,0.011,no
ἔνεστιν,grc,1,0.011,no
ἐνεύδειν,grc,1,0.011,no
ἐνεῦδεν,grc,1,0.011,no
ἔνευεν,grc,1,0.011,no
ἐνεύναιον,grc,1,0.011,no
ἐνευναίων,grc,1,0.011,no
ἐνέφυσεν,grc,1,0.011,no
ἐνεχεύατο,grc,1,0.011,no
ἐνηέα,grc,1,0.011,no
ἐνήκαμεν,grc,1,0.011,no
ἐνήμεθα,grc,1,0.011,no
ἐνήρατο,grc,1,0.011,no
ἐνήσει,grc,1,0.011,no
ἐνθένδε,grc,1,0.011,no
ἔνθεο,grc,1,0.011,no
ἐνθήσω,grc,1,0.011,no
ἔνθορεν,grc,1,0.011,no
ἐνθύμιος,grc,1,0.011,no
ἑνὶ,grc,1,0.011,no
ἐνίαυε,grc,1,0.011,no
ἐνίαυεν,grc,1,0.011,no
ἐνιαύσιον,grc,1,0.011,no
ἐνιαυτὸς,grc,1,0.011,no
ἐνιαυτοῦ,grc,1,0.011,no
ἐνιαυτῶν,grc,1,0.011,no
ἐνίησι,grc,1,0.011,no
ἐνίκα,grc,1,0.011,no
ἐνιπάς,grc,1,0.011,no
ἐνιπήν,grc,1,0.011,no
ἐνιπῆς,grc,1,0.011,no
ἐνίπλειος,grc,1,0.011,no
ἐνιπλήξωσι,grc,1,0.011,no
ἐνιπλήσῃς,grc,1,0.011,no
ἐνιπλήσωσιν,grc,1,0.011,no
ἔνισπε,grc,1,0.011,no
ἐνισπήσω,grc,1,0.011,no
ἐνίσποις,grc,1,0.011,no
ἐνίσπω,grc,1,0.011,no
ἐνίσσομεν,grc,1,0.011,no
ἐνισσόμενος,grc,1,0.011,no
ἐνίψει,grc,1,0.011,no
ἐνίψω,grc,1,0.011,no
ἐννεαπήχεες,grc,1,0.011,no
ἐννεόργυιοι,grc,1,0.011,no
ἔννεπε,grc,1,0.011,no
ἐννέωροι,grc,1,0.011,no
ἐννεώροιο,grc,1,0.011,no
ἐννεώροισιν,grc,1,0.011,no
ἐννέωρος,grc,1,0.011,no
ἐννήκοντα,grc,1,0.011,no
ἐννοσίγαιʼ,grc,1,0.011,no
ἕννυτʼ,grc,1,0.011,no
ἐννύχιαι,grc,1,0.011,no
ἐνόησʼ,grc,1,0.011,no
ἐνόησας,grc,1,0.011,no
ἐνόμευε,grc,1,0.011,no
ἐνοπήν,grc,1,0.011,no
ἑνός,grc,1,0.011,no
ἐνοσίχθονι,grc,1,0.011,no
ἐντανύειν,grc,1,0.011,no
ἐντανύεσθαι,grc,1,0.011,no
ἐντανύουσιν,grc,1,0.011,no
ἐντανύσασθαι,grc,1,0.011,no
ἐντάνυσε,grc,1,0.011,no
ἐντανύσειεν,grc,1,0.011,no
ἐντανύσειν,grc,1,0.011,no
ἐντανύσῃς,grc,1,0.011,no
ἐντανύσω,grc,1,0.011,no
ἔντεʼ,grc,1,0.011,no
ἔντερον,grc,1,0.011,no
ἐντεῦθεν,grc,1,0.011,no
ἐντιθέμεσθα,grc,1,0.011,no
ἔντοσθʼ,grc,1,0.011,no
ἐντρέπεται,grc,1,0.011,no
ἐντυναμένη,grc,1,0.011,no
ἐντύνεαι,grc,1,0.011,no
ἔντυνον,grc,1,0.011,no
ἐντυνώμεθα,grc,1,0.011,no
ἔντυον,grc,1,0.011,no
ἐνύπνιον,grc,1,0.011,no
ἐνώμας,grc,1,0.011,no
ἐνωπαδίως,grc,1,0.011,no
ἐνῶρτο,grc,1,0.011,no
ἔξ,grc,1,0.011,no
ἐξάγαγʼ,grc,1,0.011,no
ἔξαγεν,grc,1,0.011,no
ἐξαγόρευεν,grc,1,0.011,no
ἑξάετες,grc,1,0.011,no
ἐξαίνυτο,grc,1,0.011,no
ἐξαίρετοι,grc,1,0.011,no
ἐξαιρεύμην,grc,1,0.011,no
ἐξακέσαιτο,grc,1,0.011,no
ἐξαλαπάξαι,grc,1,0.011,no
ἐξαλάπαξαν,grc,1,0.011,no
ἐξαλαπάξας,grc,1,0.011,no
ἐξαλαῶσαι,grc,1,0.011,no
ἐξαλάωσε,grc,1,0.011,no
ἐξαναδύς,grc,1,0.011,no
ἐξαναδῦσαι,grc,1,0.011,no
ἐξαναφανδόν,grc,1,0.011,no
ἐξαπατῆσαι,grc,1,0.011,no
ἐξαπάτησεν,grc,1,0.011,no
ἐξαπάφω,grc,1,0.011,no
ἐξαπέβησαν,grc,1,0.011,no
ἐξαπέδυνε,grc,1,0.011,no
ἐξαπένιζεν,grc,1,0.011,no
ἐξαπόλωλε,grc,1,0.011,no
ἐξαρπάξασα,grc,1,0.011,no
ἐξάρχοντος,grc,1,0.011,no
ἐξαφέλησθε,grc,1,0.011,no
ἐξαφύοντες,grc,1,0.011,no
ἐξάψας,grc,1,0.011,no
ἐξείλοντο,grc,1,0.011,no
ἔξειμι,grc,1,0.011,no
ἕξειν,grc,1,0.011,no
ἐξείπῃ,grc,1,0.011,no
ἐξείρετο,grc,1,0.011,no
ἔξεισθα,grc,1,0.011,no
ἐξεκαλεῖτο,grc,1,0.011,no
ἐξεκέχυντο,grc,1,0.011,no
ἐξελάαν,grc,1,0.011,no
ἐξελάσαι,grc,1,0.011,no
ἐξελάσαιμι,grc,1,0.011,no
ἐξελάσαντας,grc,1,0.011,no
ἐξελάσωσι,grc,1,0.011,no
ἐξελάων,grc,1,0.011,no
ἔξελθε,grc,1,0.011,no
ἐξελθέμεναι,grc,1,0.011,no
ἐξελθόντε,grc,1,0.011,no
ἐξελθόντες,grc,1,0.011,no
ἐξέλθωμεν,grc,1,0.011,no
ἐξελκομένοιο,grc,1,0.011,no
ἐξέμεναι,grc,1,0.011,no
ἐξεμέσειε,grc,1,0.011,no
ἐξεμέσειεν,grc,1,0.011,no
ἐξεναρίξαι,grc,1,0.011,no
ἐξεναρίξας,grc,1,0.011,no
ἔξεον,grc,1,0.011,no
ἐξεπέρησε,grc,1,0.011,no
ἐξέπτυσεν,grc,1,0.011,no
ἐξερέεινε,grc,1,0.011,no
ἐξερεείνοι,grc,1,0.011,no
ἐξερεείνων,grc,1,0.011,no
ἐξερέηται,grc,1,0.011,no
ἐξερέοιθʼ,grc,1,0.011,no
ἐξερέοις,grc,1,0.011,no
ἐξερέοντες,grc,1,0.011,no
ἐξερέουσα,grc,1,0.011,no
ἐξερέουσιν,grc,1,0.011,no
ἐξέρυσʼ,grc,1,0.011,no
ἐξερύσας,grc,1,0.011,no
ἐξεσάωσε,grc,1,0.011,no
ἐξεσίην,grc,1,0.011,no
ἐξέταμον,grc,1,0.011,no
ἐξετέλειον,grc,1,0.011,no
ἐξετέλεσσα,grc,1,0.011,no
ἐξετέλεσσαν,grc,1,0.011,no
ἐξεφαάνθη,grc,1,0.011,no
ἐξεφάνη,grc,1,0.011,no
ἐξέφερεν,grc,1,0.011,no
ἐξέφυγον,grc,1,0.011,no
ἐξέχυθʼ,grc,1,0.011,no
ἑξήκοντα,grc,1,0.011,no
ἐξήλασε,grc,1,0.011,no
ἐξῆλθε,grc,1,0.011,no
ἐξημοιβὰ,grc,1,0.011,no
ἐξήπαφε,grc,1,0.011,no
ἐξήρατο,grc,1,0.011,no
ἐξήρχετο,grc,1,0.011,no
ἐξιέναι,grc,1,0.011,no
ἐξίκετο,grc,1,0.011,no
ἐξίσχει,grc,1,0.011,no
ἔξιτέ,grc,1,0.011,no
ἐξολέσειε,grc,1,0.011,no
ἐξονομακλήδην,grc,1,0.011,no
ἐξονομῆναι,grc,1,0.011,no
ἐξορμήσασα,grc,1,0.011,no
ἔξοχοι,grc,1,0.011,no
ἔξοχος,grc,1,0.011,no
ἕξω,grc,1,0.011,no
ἐξώφελλεν,grc,1,0.011,no
ἑο,grc,1,0.011,no
ἑοὶ,grc,1,0.011,no
ἑοῖ,grc,1,0.011,no
ἐοικότας,grc,1,0.011,no
ἐοικότι,grc,1,0.011,no
ἐοικὼς,grc,1,0.011,no
ἑοῖο,grc,1,0.011,no
ἑοῖσι,grc,1,0.011,no
ἔολπε,grc,1,0.011,no
ἑόν,grc,1,0.011,no
ἐοργὼς,grc,1,0.011,no
ἑορτή,grc,1,0.011,no
ἑορτὴ,grc,1,0.011,no
ἑοῦ,grc,1,0.011,no
ἐούσῃ,grc,1,0.011,no
ἐοῦσι,grc,1,0.011,no
ἐπάγοντες,grc,1,0.011,no
ἔπαθόν,grc,1,0.011,no
ἐπαιγίζοντα,grc,1,0.011,no
ἔπαιζον,grc,1,0.011,no
ἐπαῖξαι,grc,1,0.011,no
ἐπαΐξανθʼ,grc,1,0.011,no
ἐπακούσῃ,grc,1,0.011,no
ἐπακτῆρες,grc,1,0.011,no
ἐπαλαστήσασα,grc,1,0.011,no
ἐπαληθείς,grc,1,0.011,no
ἐπαληθῇ,grc,1,0.011,no
ἐπάλμενοι,grc,1,0.011,no
ἐπάλμενος,grc,1,0.011,no
ἐπαμήσατο,grc,1,0.011,no
ἐπαμοιβαδίς,grc,1,0.011,no
ἐπαμύντορε,grc,1,0.011,no
ἐπαοιδῇ,grc,1,0.011,no
ἐπαρήγοις,grc,1,0.011,no
ἐπαρξάμενος,grc,1,0.011,no
ἐπάρουρος,grc,1,0.011,no
ἐπαρτέες,grc,1,0.011,no
ἐπαρωγὸς,grc,1,0.011,no
ἐπασσύτεροι,grc,1,0.011,no
ἐπαύετο,grc,1,0.011,no
ἐπαύλους,grc,1,0.011,no
ἐπαυρέμεν,grc,1,0.011,no
ἐπαύρῃ,grc,1,0.011,no
ἔπαυσας,grc,1,0.011,no
ἐπέβαν,grc,1,0.011,no
ἐπέβημεν,grc,1,0.011,no
ἐπεβήσετʼ,grc,1,0.011,no
ἐπεβήσετο,grc,1,0.011,no
ἐπέγειρε,grc,1,0.011,no
ἐπέγραψεν,grc,1,0.011,no
ἐπέγρετο,grc,1,0.011,no
ἐπέδησʼ,grc,1,0.011,no
ἐπέδραμον,grc,1,0.011,no
ἐπέθηχʼ,grc,1,0.011,no
ἕπει,grc,1,0.011,no
ἐπείγει,grc,1,0.011,no
ἐπείγετε,grc,1,0.011,no
ἐπείγετο,grc,1,0.011,no
ἐπειγομένη,grc,1,0.011,no
ἐπειγομένους,grc,1,0.011,no
ἔπειγον,grc,1,0.011,no
ἔπειμι,grc,1,0.011,no
ἐπειός,grc,1,0.011,no
ἐπειὸς,grc,1,0.011,no
ἔπειρεν,grc,1,0.011,no
ἐπειρήσαντʼ,grc,1,0.011,no
ἐπειρήσαντο,grc,1,0.011,no
ἔπειρον,grc,1,0.011,no
ἐπειρῶντʼ,grc,1,0.011,no
ἔπεισιν,grc,1,0.011,no
ἐπεῖχε,grc,1,0.011,no
ἐπέκειντο,grc,1,0.011,no
ἐπέκελσεν,grc,1,0.011,no
ἐπέκλυεν,grc,1,0.011,no
ἐπέκλωσεν,grc,1,0.011,no
ἐπέλασσα,grc,1,0.011,no
ἐπέλασσαν,grc,1,0.011,no
ἐπέλειβον,grc,1,0.011,no
ἐπελεύσεσθαι,grc,1,0.011,no
ἐπελήκεον,grc,1,0.011,no
ἐπελήλυθα,grc,1,0.011,no
ἐπέλησεν,grc,1,0.011,no
ἐπελθόντες,grc,1,0.011,no
ἐπέλθω,grc,1,0.011,no
ἐπελθών,grc,1,0.011,no
ἐπέλθωσιν,grc,1,0.011,no
ἐπελώβευον,grc,1,0.011,no
ἐπεμήδετο,grc,1,0.011,no
ἔπεμψε,grc,1,0.011,no
ἔπεμψεν,grc,1,0.011,no
ἐπένειμε,grc,1,0.011,no
ἐπενήνοθεν,grc,1,0.011,no
ἐπεντανύσας,grc,1,0.011,no
ἐπεντύνονται,grc,1,0.011,no
ἐπέοικε,grc,1,0.011,no
ἐπέπλως,grc,1,0.011,no
ἐπεπόνθει,grc,1,0.011,no
ἐπέπταρε,grc,1,0.011,no
ἐπέρασσαν,grc,1,0.011,no
ἐπέρεισε,grc,1,0.011,no
ἐπέρησα,grc,1,0.011,no
ἐπέρριψαν,grc,1,0.011,no
ἐπερρώοντο,grc,1,0.011,no
ἔπερσεν,grc,1,0.011,no
ἐπέρυσσε,grc,1,0.011,no
ἐπέρχεαι,grc,1,0.011,no
ἐπερχόμεναι,grc,1,0.011,no
ἐπερχομένη,grc,1,0.011,no
ἔπεσαν,grc,1,0.011,no
ἐπεσβολίας,grc,1,0.011,no
ἔπεσε,grc,1,0.011,no
ἑπέσθω,grc,1,0.011,no
ἔπεσι,grc,1,0.011,no
ἔπεσιν,grc,1,0.011,no
ἔπεσίν,grc,1,0.011,no
ἐπέσσεται,grc,1,0.011,no
ἐπεσσεύοντο,grc,1,0.011,no
ἐπεσσύμεθʼ,grc,1,0.011,no
ἐπεσσύμενοι,grc,1,0.011,no
ἐπέσχε,grc,1,0.011,no
ἕπεται,grc,1,0.011,no
ἐπετείλατο,grc,1,0.011,no
ἐπετέλλετʼ,grc,1,0.011,no
ἐπετήσιος,grc,1,0.011,no
ἐπετόλμησε,grc,1,0.011,no
ἐπετράπετο,grc,1,0.011,no
ἐπέτρεπεν,grc,1,0.011,no
ἐπευξάμενος,grc,1,0.011,no
ἐπεύχεο,grc,1,0.011,no
ἐπευχόμενος,grc,1,0.011,no
ἔπεφνες,grc,1,0.011,no
ἐπεφράσθης,grc,1,0.011,no
ἐπεχείρεον,grc,1,0.011,no
ἐπέχεις,grc,1,0.011,no
ἔπεχεν,grc,1,0.011,no
ἐπέχραον,grc,1,0.011,no
ἐπεῴκει,grc,1,0.011,no
ἐπήβολος,grc,1,0.011,no
ἐπήγαγον,grc,1,0.011,no
ἐπηγκενίδεσσι,grc,1,0.011,no
ἐπῆεν,grc,1,0.011,no
ἐπηετανοί,grc,1,0.011,no
ἐπηετανοὶ,grc,1,0.011,no
ἐπηετανός,grc,1,0.011,no
ἐπήιξα,grc,1,0.011,no
ἐπήϊξαν,grc,1,0.011,no
ἐπήισαν,grc,1,0.011,no
ἐπήϊσσον,grc,1,0.011,no
ἐπῆλθον,grc,1,0.011,no
ἐπήλυθεν,grc,1,0.011,no
ἐπημοιβοί,grc,1,0.011,no
ἐπηπείλησε,grc,1,0.011,no
ἐπήρατα,grc,1,0.011,no
ἐπήρατος,grc,1,0.011,no
ἐπηρεφέας,grc,1,0.011,no
ἐπηρεφέες,grc,1,0.011,no
ἐπήριτος,grc,1,0.011,no
ἐπήρκεσεν,grc,1,0.011,no
ἐπήρτυε,grc,1,0.011,no
ἐπῇσαν,grc,1,0.011,no
ἐπήσκηται,grc,1,0.011,no
ἕπηται,grc,1,0.011,no
ἐπητῇ,grc,1,0.011,no
ἐπητής,grc,1,0.011,no
ἐπητύος,grc,1,0.011,no
ἐπήφυσεν,grc,1,0.011,no
ἐπιάλμενος,grc,1,0.011,no
ἐπίβαθρον,grc,1,0.011,no
ἐπιβαίη,grc,1,0.011,no
ἐπιβαίην,grc,1,0.011,no
ἐπιβᾶσαν,grc,1,0.011,no
ἐπιβείομεν,grc,1,0.011,no
ἐπιβήομεν,grc,1,0.011,no
ἐπιβήσετε,grc,1,0.011,no
ἐπιβῆτον,grc,1,0.011,no
ἐπιβήτορας,grc,1,0.011,no
ἐπιβρίσειαν,grc,1,0.011,no
ἐπιβώτορι,grc,1,0.011,no
ἐπιγνώῃ,grc,1,0.011,no
ἐπιγνώωσι,grc,1,0.011,no
ἐπιδέξια,grc,1,0.011,no
ἐπιδευὴς,grc,1,0.011,no
ἐπιδεύομαι,grc,1,0.011,no
ἐπιδημεύεις,grc,1,0.011,no
ἐπιδήμιον,grc,1,0.011,no
ἐπιδήμιος,grc,1,0.011,no
ἐπιδινεῖται,grc,1,0.011,no
ἐπιδινηθέντε,grc,1,0.011,no
ἐπιδινήσας,grc,1,0.011,no
ἐπιεικέʼ,grc,1,0.011,no
ἐπιείκελʼ,grc,1,0.011,no
ἐπιείκελον,grc,1,0.011,no
ἐπιεικές,grc,1,0.011,no
ἐπιεικὲς,grc,1,0.011,no
ἐπιεικτὰ,grc,1,0.011,no
ἐπιεικτόν,grc,1,0.011,no
ἐπιείσομαι,grc,1,0.011,no
ἐπιελπόμενος,grc,1,0.011,no
ἔπιεν,grc,1,0.011,no
ἐπιέσσαμεν,grc,1,0.011,no
ἐπιζαφελῶς,grc,1,0.011,no
ἐπίηλεν,grc,1,0.011,no
ἐπιὴνδανε,grc,1,0.011,no
ἐπιήρανα,grc,1,0.011,no
ἐπιθείη,grc,1,0.011,no
ἐπιθεῖναι,grc,1,0.011,no
ἐπιθεῖτε,grc,1,0.011,no
ἐπιθέντε,grc,1,0.011,no
ἐπίθες,grc,1,0.011,no
ἐπιθήσομεν,grc,1,0.011,no
ἐπιθύσαντες,grc,1,0.011,no
ἐπιίστορα,grc,1,0.011,no
ἐπικάρσιαι,grc,1,0.011,no
ἐπικάστην,grc,1,0.011,no
ἐπικέλσαι,grc,1,0.011,no
ἐπικέλσαντας,grc,1,0.011,no
ἐπικερτομέων,grc,1,0.011,no
ἐπικεύσῃς,grc,1,0.011,no
ἐπικλείουσʼ,grc,1,0.011,no
ἐπίκλησιν,grc,1,0.011,no
ἐπίκλοπον,grc,1,0.011,no
ἐπικλώσῃ,grc,1,0.011,no
ἐπικλώσωνται,grc,1,0.011,no
ἐπικόψων,grc,1,0.011,no
ἐπικρῆσαι,grc,1,0.011,no
ἐπίληθον,grc,1,0.011,no
ἐπιλήσεται,grc,1,0.011,no
ἐπιλλίζουσιν,grc,1,0.011,no
ἐπιμασσαμένη,grc,1,0.011,no
ἐπίμαστον,grc,1,0.011,no
ἐπιμειδήσας,grc,1,0.011,no
ἐπιμεῖναι,grc,1,0.011,no
ἐπιμέμφεαι,grc,1,0.011,no
ἐπιμέμφομαι,grc,1,0.011,no
ἐπιμὶξ,grc,1,0.011,no
ἐπιμνησαίμεθα,grc,1,0.011,no
ἔπινεν,grc,1,0.011,no
ἐπιόντι,grc,1,0.011,no
ἐπιόψομαι,grc,1,0.011,no
ἐπιπίλναται,grc,1,0.011,no
ἐπιπλαγχθείς,grc,1,0.011,no
ἐπιπλώων,grc,1,0.011,no
ἐπιπνείῃσιν,grc,1,0.011,no
ἐπιπνεύσωσιν,grc,1,0.011,no
ἐπιποιμένες,grc,1,0.011,no
ἐπιπρέπει,grc,1,0.011,no
ἐπιπροέηκε,grc,1,0.011,no
ἔπιπτε,grc,1,0.011,no
ἐπιρρέζεσκον,grc,1,0.011,no
ἐπίσκοπος,grc,1,0.011,no
ἐπισκύσσαιτο,grc,1,0.011,no
ἐπισπέρχουσι,grc,1,0.011,no
ἐπισπέρχων,grc,1,0.011,no
ἐπίσπῃ,grc,1,0.011,no
ἐπίσποι,grc,1,0.011,no
ἐπισσεύας,grc,1,0.011,no
ἐπισσεύῃ,grc,1,0.011,no
ἐπισταδὸν,grc,1,0.011,no
ἐπίσταιτο,grc,1,0.011,no
ἐπίσταμαι,grc,1,0.011,no
ἐπιστάμεναι,grc,1,0.011,no
ἐπιστάμενοι,grc,1,0.011,no
ἐπισταμένου,grc,1,0.011,no
ἐπιστάτῃ,grc,1,0.011,no
ἐπιστεφέας,grc,1,0.011,no
ἐπιστήμων,grc,1,0.011,no
ἐπίστιόν,grc,1,0.011,no
ἐπίστροφος,grc,1,0.011,no
ἐπιστρωφῶσι,grc,1,0.011,no
ἐπισχεσίην,grc,1,0.011,no
ἐπίσχεσις,grc,1,0.011,no
ἐπίσχετε,grc,1,0.011,no
ἐπισχόμενος,grc,1,0.011,no
ἐπιτάρροθος,grc,1,0.011,no
ἐπιτειλαμένῳ,grc,1,0.011,no
ἐπιτέρπεται,grc,1,0.011,no
ἐπιτηδὲς,grc,1,0.011,no
ἐπιτιμήτωρ,grc,1,0.011,no
ἐπιτολμάτω,grc,1,0.011,no
ἐπίτονος,grc,1,0.011,no
ἐπιτρέψειας,grc,1,0.011,no
ἐπιτρέψειεν,grc,1,0.011,no
ἐπίτρεψον,grc,1,0.011,no
ἐπιτροχάδην,grc,1,0.011,no
ἐπιφθονέῃς,grc,1,0.011,no
ἐπιφρασσαίατʼ,grc,1,0.011,no
ἐπιφράσσετʼ,grc,1,0.011,no
ἐπίφρονά,grc,1,0.011,no
ἐπιφρονέουσʼ,grc,1,0.011,no
ἐπίφρονι,grc,1,0.011,no
ἐπιφροσύνας,grc,1,0.011,no
ἐπιφροσύνην,grc,1,0.011,no
ἐπιχειρήσειν,grc,1,0.011,no
ἐπιχρίεσθαι,grc,1,0.011,no
ἐπιχρίοντες,grc,1,0.011,no
ἐπιχρίσασα,grc,1,0.011,no
ἐπιψαύῃ,grc,1,0.011,no
ἐπιωγαί,grc,1,0.011,no
ἐπλέομεν,grc,1,0.011,no
ἔπλεον,grc,1,0.011,no
ἔπλετʼ,grc,1,0.011,no
ἑποίατο,grc,1,0.011,no
ἕποιεν,grc,1,0.011,no
ἐποίησεν,grc,1,0.011,no
ἕποιο,grc,1,0.011,no
ἐποίπνυον,grc,1,0.011,no
ἐποίσει,grc,1,0.011,no
ἐποιχομένης,grc,1,0.011,no
ἐπονεῖτο,grc,1,0.011,no
ἐποπίζεο,grc,1,0.011,no
ἐποπτεύεσκε,grc,1,0.011,no
ἔπορʼ,grc,1,0.011,no
ἔπορον,grc,1,0.011,no
ἐπόρουσε,grc,1,0.011,no
ἐποτρῦναι,grc,1,0.011,no
ἐποτρύνειε,grc,1,0.011,no
ἐποτρύνειεν,grc,1,0.011,no
ἐποτρύνῃ,grc,1,0.011,no
ἐποτρύνῃς,grc,1,0.011,no
ἐποτρύνῃσιν,grc,1,0.011,no
ἐπότρυνον,grc,1,0.011,no
ἐποτρύνουσα,grc,1,0.011,no
ἐποτρύνω,grc,1,0.011,no
ἐποτρυνώμεθα,grc,1,0.011,no
ἐποτρύνωσι,grc,1,0.011,no
ἐπουράνιος,grc,1,0.011,no
ἐπόψεαι,grc,1,0.011,no
ἐποψόμενον,grc,1,0.011,no
ἔπραθον,grc,1,0.011,no
ἔπρεπε,grc,1,0.011,no
ἔπρησεν,grc,1,0.011,no
ἑπταπύλοιο,grc,1,0.011,no
ἔπταρεν,grc,1,0.011,no
ἕπταχα,grc,1,0.011,no
ἔπτηξαν,grc,1,0.011,no
ἐπτοίηθεν,grc,1,0.011,no
ἐπυράκτεον,grc,1,0.011,no
ἐπώμνυον,grc,1,0.011,no
ἐπώπτων,grc,1,0.011,no
ἐπώτρυνας,grc,1,0.011,no
ἐραννήν,grc,1,0.011,no
ἔρανος,grc,1,0.011,no
ἐράνῳ,grc,1,0.011,no
ἐράπτομεν,grc,1,0.011,no
ἐρατεινῆς,grc,1,0.011,no
ἐρατεινὸς,grc,1,0.011,no
ἐργάζοντο,grc,1,0.011,no
ἔργοιο,grc,1,0.011,no
ἔργοις,grc,1,0.011,no
ἔργοισι,grc,1,0.011,no
ἔργοισιν,grc,1,0.011,no
ἔργου,grc,1,0.011,no
ἔρδεσκες,grc,1,0.011,no
ἔρδοι,grc,1,0.011,no
ἔρδουσα,grc,1,0.011,no
ἔρδωμεν,grc,1,0.011,no
ἐρέβευς,grc,1,0.011,no
ἔρεβόσδε,grc,1,0.011,no
ἐρέειν,grc,1,0.011,no
ἐρέεινεν,grc,1,0.011,no
ἐρεείνετο,grc,1,0.011,no
ἔρεζον,grc,1,0.011,no
ἐρέθιζον,grc,1,0.011,no
ἐρεθίζω,grc,1,0.011,no
ἐρέθουσι,grc,1,0.011,no
ἐρέθουσιν,grc,1,0.011,no
ἐρειδόμενος,grc,1,0.011,no
ἐρείδουσαι,grc,1,0.011,no
ἐρεῖσαι,grc,1,0.011,no
ἐρεισθεὶς,grc,1,0.011,no
ἐρεμβοὺς,grc,1,0.011,no
ἐρεμνῇ,grc,1,0.011,no
ἐρεμνὴν,grc,1,0.011,no
ἐρέξαμεν,grc,1,0.011,no
ἔρεξαν,grc,1,0.011,no
ἔρεξας,grc,1,0.011,no
ἐρέοιμεν,grc,1,0.011,no
ἐρέοιμι,grc,1,0.011,no
ἐρέοντε,grc,1,0.011,no
ἐρέουσʼ,grc,1,0.011,no
ἐρέουσιν,grc,1,0.011,no
ἐρεπτόμενοι,grc,1,0.011,no
ἐρεπτομένους,grc,1,0.011,no
ἐρέτῃσιν,grc,1,0.011,no
ἐρετμεύς,grc,1,0.011,no
ἐρεύγεται,grc,1,0.011,no
ἐρεύγετο,grc,1,0.011,no
ἐρευγόμενον,grc,1,0.011,no
ἐρεύνα,grc,1,0.011,no
ἐρευνῶντες,grc,1,0.011,no
ἐρεχθῆος,grc,1,0.011,no
ἔρεψα,grc,1,0.011,no
ἐρέωμαι,grc,1,0.011,no
ἐρήμῃ,grc,1,0.011,no
ἐρήμην,grc,1,0.011,no
ἐρηρέδατʼ,grc,1,0.011,no
ἐρήτυε,grc,1,0.011,no
ἐρητύοντο,grc,1,0.011,no
ἐριβώλακος,grc,1,0.011,no
ἐρίβωλον,grc,1,0.011,no
ἐρίδαινε,grc,1,0.011,no
ἐριδαινέμεν,grc,1,0.011,no
ἐριδούπων,grc,1,0.011,no
ἐρίζειν,grc,1,0.011,no
ἐριζέμεν,grc,1,0.011,no
ἔριζεν,grc,1,0.011,no
ἐρίζεσκον,grc,1,0.011,no
ἐρίζετον,grc,1,0.011,no
ἐρίζοι,grc,1,0.011,no
ἐρικυδέος,grc,1,0.011,no
ἐριμύκους,grc,1,0.011,no
ἐρινεὸν,grc,1,0.011,no
ἐρινεὸς,grc,1,0.011,no
ἐρινύς,grc,1,0.011,no
ἐρινῦς,grc,1,0.011,no
ἐρινύσιν,grc,1,0.011,no
ἐρίοιο,grc,1,0.011,no
ἐριούνης,grc,1,0.011,no
ἐρίσειε,grc,1,0.011,no
ἐρισθενέος,grc,1,0.011,no
ἐρίσσεται,grc,1,0.011,no
ἐρίσωσιν,grc,1,0.011,no
ἐρίφοισι,grc,1,0.011,no
ἐρίφους,grc,1,0.011,no
ἐριφύλην,grc,1,0.011,no
ἕρκει,grc,1,0.011,no
ἑρκείου,grc,1,0.011,no
ἑρκίον,grc,1,0.011,no
ἕρμα,grc,1,0.011,no
ἕρμαιος,grc,1,0.011,no
ἕρματα,grc,1,0.011,no
ἑρμῇ,grc,1,0.011,no
ἑρμῆν,grc,1,0.011,no
ἑρμῖνʼ,grc,1,0.011,no
ἑρμιόνην,grc,1,0.011,no
ἑρμῖσιν,grc,1,0.011,no
ἔρνεϊ,grc,1,0.011,no
ἔρνος,grc,1,0.011,no
ἔρξʼ,grc,1,0.011,no
ἔρξαι,grc,1,0.011,no
ἔρξαιμι,grc,1,0.011,no
ἔρξανθʼ,grc,1,0.011,no
ἔρξασʼ,grc,1,0.011,no
ἔρξασα,grc,1,0.011,no
ἔρξε,grc,1,0.011,no
ἐρξέμεν,grc,1,0.011,no
ἔρξῃς,grc,1,0.011,no
ἕρπει,grc,1,0.011,no
ἑρπετὰ,grc,1,0.011,no
ἑρπύζοντʼ,grc,1,0.011,no
ἑρπύζων,grc,1,0.011,no
ἕρπων,grc,1,0.011,no
ἔρρʼ,grc,1,0.011,no
ἐρράδαται,grc,1,0.011,no
ἔρραιε,grc,1,0.011,no
ἔρρε,grc,1,0.011,no
ἔρρεεν,grc,1,0.011,no
ἔρρεον,grc,1,0.011,no
ἐρρέτω,grc,1,0.011,no
ἔρρηξʼ,grc,1,0.011,no
ἐρρίγει,grc,1,0.011,no
ἐρρίζωσεν,grc,1,0.011,no
ἐρρίζωται,grc,1,0.011,no
ἔρριψεν,grc,1,0.011,no
ἔρροντι,grc,1,0.011,no
ἐρρύσατο,grc,1,0.011,no
ἕρσαι,grc,1,0.011,no
ἐρυθρὸν,grc,1,0.011,no
ἐρυθρός,grc,1,0.011,no
ἐρύκακε,grc,1,0.011,no
ἐρύκανε,grc,1,0.011,no
ἐρυκανόωσʼ,grc,1,0.011,no
ἐρύκεαι,grc,1,0.011,no
ἐρύκεις,grc,1,0.011,no
ἔρυκεν,grc,1,0.011,no
ἐρύκεσθαι,grc,1,0.011,no
ἐρύκομαι,grc,1,0.011,no
ἐρύμανθον,grc,1,0.011,no
ἔρυξα,grc,1,0.011,no
ἐρύξας,grc,1,0.011,no
ἔρυξον,grc,1,0.011,no
ἐρύξω,grc,1,0.011,no
ἔρυσαν,grc,1,0.011,no
ἔρυσάν,grc,1,0.011,no
ἐρύσαντας,grc,1,0.011,no
ἐρύσαντό,grc,1,0.011,no
ἐρύσας,grc,1,0.011,no
ἐρύσατο,grc,1,0.011,no
ἐρύσσας,grc,1,0.011,no
ἐρύσσατε,grc,1,0.011,no
ἐρύσσεσθαι,grc,1,0.011,no
ἐρύσσωσʼ,grc,1,0.011,no
ἔρυτο,grc,1,0.011,no
ἔρχαται,grc,1,0.011,no
ἐρχατόωντο,grc,1,0.011,no
ἔρχεό,grc,1,0.011,no
ἔρχησθον,grc,1,0.011,no
ἐρχόμεθʼ,grc,1,0.011,no
ἐρχόμενοι,grc,1,0.011,no
ἐρχόμενος,grc,1,0.011,no
ἐρχομένω,grc,1,0.011,no
ἔρῳ,grc,1,0.011,no
ἐρωεῖ,grc,1,0.011,no
ἐρωήσει,grc,1,0.011,no
ἐρώμεθα,grc,1,0.011,no
ἐσαγείρατο,grc,1,0.011,no
ἕσας,grc,1,0.011,no
ἕσασα,grc,1,0.011,no
ἐσάωθεν,grc,1,0.011,no
ἐσάωσα,grc,1,0.011,no
ἔσβη,grc,1,0.011,no
ἔσελθε,grc,1,0.011,no
ἐσέλθετε,grc,1,0.011,no
ἐσέρχεται,grc,1,0.011,no
ἐσέρχονται,grc,1,0.011,no
ἔσῃ,grc,1,0.011,no
ἔσηνε,grc,1,0.011,no
ἐσθʼ,grc,1,0.011,no
ἔσθειν,grc,1,0.011,no
ἐσθής,grc,1,0.011,no
ἐσθῆτι,grc,1,0.011,no
ἐσθῆτός,grc,1,0.011,no
ἔσθιʼ,grc,1,0.011,no
ἐσθίεταί,grc,1,0.011,no
ἔσθλʼ,grc,1,0.011,no
ἐσθλαί,grc,1,0.011,no
ἐσθλαὶ,grc,1,0.011,no
ἐσθλάς,grc,1,0.011,no
ἐσθλὰς,grc,1,0.011,no
ἐσθλή,grc,1,0.011,no
ἐσθλήν,grc,1,0.011,no
ἐσθλῆς,grc,1,0.011,no
ἐσθλοῖς,grc,1,0.011,no
ἐσθλοὺς,grc,1,0.011,no
ἐσθλώ,grc,1,0.011,no
ἔσθουσαι,grc,1,0.011,no
ἔσιδε,grc,1,0.011,no
ἐσιδέσθην,grc,1,0.011,no
ἐσίδεσκεν,grc,1,0.011,no
ἐσιέμεναι,grc,1,0.011,no
ἐσκαταβαίνων,grc,1,0.011,no
ἐσκίδναντο,grc,1,0.011,no
ἐσκοπίαζον,grc,1,0.011,no
ἔσμηχεν,grc,1,0.011,no
ἔσομʼ,grc,1,0.011,no
ἐσόμεσθα,grc,1,0.011,no
ἐσορᾶν,grc,1,0.011,no
ἐσορῶντι,grc,1,0.011,no
ἐσορῶσʼ,grc,1,0.011,no
ἔσπεισαν,grc,1,0.011,no
ἕσπερα,grc,1,0.011,no
ἑσπέριοι,grc,1,0.011,no
ἑσπερίους,grc,1,0.011,no
ἑσπερίων,grc,1,0.011,no
ἕσπετʼ,grc,1,0.011,no
ἕσπωνται,grc,1,0.011,no
ἐσσʼ,grc,1,0.011,no
ἕσσʼ,grc,1,0.011,no
ἕσσα,grc,1,0.011,no
ἕσσαθʼ,grc,1,0.011,no
ἕσσας,grc,1,0.011,no
ἕσσε,grc,1,0.011,no
ἔσσετʼ,grc,1,0.011,no
ἕσσο,grc,1,0.011,no
ἐσσόμεθʼ,grc,1,0.011,no
ἐσσομένῃσιν,grc,1,0.011,no
ἐσσομένοισιν,grc,1,0.011,no
ἐσσύμενον,grc,1,0.011,no
ἐσσύμενόν,grc,1,0.011,no
ἐσσύμενός,grc,1,0.011,no
ἔσσυο,grc,1,0.011,no
ἔσσυται,grc,1,0.011,no
ἐστʼ,grc,1,0.011,no
ἕσταθʼ,grc,1,0.011,no
ἐστάθη,grc,1,0.011,no
ἑστάμεν,grc,1,0.011,no
ἕσταμεν,grc,1,0.011,no
ἑστάμεναι,grc,1,0.011,no
ἑσταόθʼ,grc,1,0.011,no
ἑσταότων,grc,1,0.011,no
ἐστὲ,grc,1,0.011,no
ἔστε,grc,1,0.011,no
ἔστειχε,grc,1,0.011,no
ἔστενε,grc,1,0.011,no
ἐστεφάνωται,grc,1,0.011,no
ἑστεῶτʼ,grc,1,0.011,no
ἑστεῶτες,grc,1,0.011,no
ἕστηκε,grc,1,0.011,no
ἑστήκειν,grc,1,0.011,no
ἑστήκῃ,grc,1,0.011,no
ἔστησεν,grc,1,0.011,no
ἐστον,grc,1,0.011,no
ἔστυγον,grc,1,0.011,no
ἐστυφέλιξεν,grc,1,0.011,no
ἔστων,grc,1,0.011,no
ἔσφαξαν,grc,1,0.011,no
ἔσφαξάν,grc,1,0.011,no
ἔσφερον,grc,1,0.011,no
ἔσχʼ,grc,1,0.011,no
ἔσχατον,grc,1,0.011,no
ἔσχε,grc,1,0.011,no
ἔσχεθε,grc,1,0.011,no
ἔσχεθον,grc,1,0.011,no
ἔσχεν,grc,1,0.011,no
ἔσχες,grc,1,0.011,no
ἔσχισεν,grc,1,0.011,no
ἑταίρην,grc,1,0.011,no
ἔταμνεν,grc,1,0.011,no
ἐτάνυσσα,grc,1,0.011,no
ἐτάνυσσεν,grc,1,0.011,no
ἕταροί,grc,1,0.011,no
ἑτάροιο,grc,1,0.011,no
ἕταρον,grc,1,0.011,no
ἐταρπήτην,grc,1,0.011,no
ἑτάρω,grc,1,0.011,no
ἐτέθαπτο,grc,1,0.011,no
ἐτεθήπεα,grc,1,0.011,no
ἔτει,grc,1,0.011,no
ἐτελείετο,grc,1,0.011,no
ἐτέλεσσαν,grc,1,0.011,no
ἐτελεύτα,grc,1,0.011,no
ἔτελλεν,grc,1,0.011,no
ἐτεόκρητες,grc,1,0.011,no
ἕτερʼ,grc,1,0.011,no
ἕτεραι,grc,1,0.011,no
ἑτεραλκέα,grc,1,0.011,no
ἑτέρας,grc,1,0.011,no
ἑτέρη,grc,1,0.011,no
ἑτερήμεροι,grc,1,0.011,no
ἑτέρην,grc,1,0.011,no
ἑτέρου,grc,1,0.011,no
ἑτέρους,grc,1,0.011,no
ἐτέρπετʼ,grc,1,0.011,no
ἐτέρπετο,grc,1,0.011,no
ἔτερπον,grc,1,0.011,no
ἐτέρφθησαν,grc,1,0.011,no
ἐτέρφθητε,grc,1,0.011,no
ἑτέρω,grc,1,0.011,no
ἑτέρων,grc,1,0.011,no
ἑτέρως,grc,1,0.011,no
ἑτέρωσʼ,grc,1,0.011,no
ἔτετμε,grc,1,0.011,no
ἔτευξα,grc,1,0.011,no
ἔτευξαν,grc,1,0.011,no
ἔτευξεν,grc,1,0.011,no
ἔτευχε,grc,1,0.011,no
ἔτεχʼ,grc,1,0.011,no
ἐτεωνεῦ,grc,1,0.011,no
ἔτῃσιν,grc,1,0.011,no
ἔτικτεν,grc,1,0.011,no
ἐτιμήσασθʼ,grc,1,0.011,no
ἐτίνασσε,grc,1,0.011,no
ἐτίομεν,grc,1,0.011,no
ἔτιον,grc,1,0.011,no
ἔτισʼ,grc,1,0.011,no
ἔτισαν,grc,1,0.011,no
ἐτίταινε,grc,1,0.011,no
ἑτοιμάσσαντο,grc,1,0.011,no
ἐτόλμα,grc,1,0.011,no
ἐτόλμας,grc,1,0.011,no
ἔτραπεν,grc,1,0.011,no
ἐτράπετο,grc,1,0.011,no
ἔτραπον,grc,1,0.011,no
ἔτραφεν,grc,1,0.011,no
ἐτρεφόμην,grc,1,0.011,no
ἔτυμα,grc,1,0.011,no
ἐτύμοισιν,grc,1,0.011,no
ἔτυμον,grc,1,0.011,no
ἔτυμόν,grc,1,0.011,no
εὔαδε,grc,1,0.011,no
ἐυανθέι,grc,1,0.011,no
εὐάνθεος,grc,1,0.011,no
εὔβοιαν,grc,1,0.011,no
εὐβοίης,grc,1,0.011,no
εὔβοτος,grc,1,0.011,no
εὔγματα,grc,1,0.011,no
ἐϋγνάμπτοις,grc,1,0.011,no
εὕδει,grc,1,0.011,no
εὐδείελος,grc,1,0.011,no
εὐδειέλου,grc,1,0.011,no
εὕδεις,grc,1,0.011,no
εὑδέμεναι,grc,1,0.011,no
εὑδέτω,grc,1,0.011,no
εὕδῃ,grc,1,0.011,no
εὕδῃσθα,grc,1,0.011,no
εὐδικίας,grc,1,0.011,no
εὔδμητον,grc,1,0.011,no
ἐϋδμήτους,grc,1,0.011,no
ἐϋδμήτῳ,grc,1,0.011,no
ἐυδμήτων,grc,1,0.011,no
εὕδοι,grc,1,0.011,no
εὕδοιμι,grc,1,0.011,no
εὕδοντες,grc,1,0.011,no
εὕδουσʼ,grc,1,0.011,no
εὕδουσιν,grc,1,0.011,no
εὕδων,grc,1,0.011,no
εὐεργέος,grc,1,0.011,no
ἐυεργέος,grc,1,0.011,no
εὐεργεσίας,grc,1,0.011,no
εὐεργεσίη,grc,1,0.011,no
εὐεργέων,grc,1,0.011,no
ἐυεργέων,grc,1,0.011,no
εὐεργής,grc,1,0.011,no
ἐυεργὴς,grc,1,0.011,no
ἐυεργὸς,grc,1,0.011,no
εὐερκέες,grc,1,0.011,no
ἐΰζυγοι,grc,1,0.011,no
ἐϋζύγου,grc,1,0.011,no
εὐηγεσίης,grc,1,0.011,no
εὐήνορα,grc,1,0.011,no
ἐυήνορα,grc,1,0.011,no
εὐηνορίδην,grc,1,0.011,no
εὐηνορίδης,grc,1,0.011,no
εὐήρεʼ,grc,1,0.011,no
ἐυήρεʼ,grc,1,0.011,no
εὐῆρες,grc,1,0.011,no
ἐύθρονος,grc,1,0.011,no
ἐΰθρονος,grc,1,0.011,no
εὔθυμος,grc,1,0.011,no
εὐκαμπέα,grc,1,0.011,no
εὐκαμπὲς,grc,1,0.011,no
εὐκεάτοιο,grc,1,0.011,no
εὔκηλοι,grc,1,0.011,no
εὔκηλος,grc,1,0.011,no
ἐϋκλεῖας,grc,1,0.011,no
ἐϋκλείη,grc,1,0.011,no
εὐκόσμως,grc,1,0.011,no
ἐυκτιμένῃ,grc,1,0.011,no
ἐυκτιμένην,grc,1,0.011,no
ἐϋκτιμένην,grc,1,0.011,no
ἐϋκτιμένης,grc,1,0.011,no
ἐυλείμων,grc,1,0.011,no
εὐμενέτῃσι,grc,1,0.011,no
ἐυμμελίην,grc,1,0.011,no
ἐΰν,grc,1,0.011,no
εὐνάζεσθαι,grc,1,0.011,no
εὐνάζετο,grc,1,0.011,no
εὐνάσω,grc,1,0.011,no
εὐνή,grc,1,0.011,no
εὐνῆθεν,grc,1,0.011,no
εὐνηθέντες,grc,1,0.011,no
εὐνῆφιν,grc,1,0.011,no
εὖνιν,grc,1,0.011,no
ἐύννητοι,grc,1,0.011,no
εὐνομίην,grc,1,0.011,no
εὐξαίμην,grc,1,0.011,no
εὐξαμένῃ,grc,1,0.011,no
εὐξάμενοι,grc,1,0.011,no
εὐξάμενός,grc,1,0.011,no
εὐξαμένου,grc,1,0.011,no
εὔξεαι,grc,1,0.011,no
ἐυξέστας,grc,1,0.011,no
ἐϋξέστας,grc,1,0.011,no
ἐϋξέστῃ,grc,1,0.011,no
ἐΰξεστον,grc,1,0.011,no
ἐυξέστῳ,grc,1,0.011,no
ἐυξόου,grc,1,0.011,no
εὕοντας,grc,1,0.011,no
εὐπατέρειαν,grc,1,0.011,no
εὐπατερείῃ,grc,1,0.011,no
εὐπείθεα,grc,1,0.011,no
εὐπείθει,grc,1,0.011,no
ἐύπεπλον,grc,1,0.011,no
εὐπέπλων,grc,1,0.011,no
εὐπηγής,grc,1,0.011,no
εὐπήκτων,grc,1,0.011,no
ἐϋπλείην,grc,1,0.011,no
ἐυπλοκαμῖδες,grc,1,0.011,no
ἐϋπλοκαμῖδες,grc,1,0.011,no
ἐυπλόκαμοι,grc,1,0.011,no
ἐυπλοκάμοισιν,grc,1,0.011,no
εὐπλόκαμος,grc,1,0.011,no
ἐϋπλόκαμος,grc,1,0.011,no
εὐποίητα,grc,1,0.011,no
εὐποιήτοισι,grc,1,0.011,no
ἐυποίητόν,grc,1,0.011,no
εὔπωλον,grc,1,0.011,no
εὗρʼ,grc,1,0.011,no
εὐρεῖα,grc,1,0.011,no
εὕρεο,grc,1,0.011,no
εὐρέος,grc,1,0.011,no
εὕρετο,grc,1,0.011,no
εὕρῃ,grc,1,0.011,no
εὕρητε,grc,1,0.011,no
εὑρίσκω,grc,1,0.011,no
εὕροι,grc,1,0.011,no
εὑροίμην,grc,1,0.011,no
εὕροιμι,grc,1,0.011,no
ἐϋρρείτην,grc,1,0.011,no
εὐρυάδην,grc,1,0.011,no
εὐρυβάτης,grc,1,0.011,no
εὐρυδάμαντα,grc,1,0.011,no
εὐρυδάμαντι,grc,1,0.011,no
εὐρυδίκη,grc,1,0.011,no
εὐρυλόχοιο,grc,1,0.011,no
εὐρυμάχου,grc,1,0.011,no
εὐρυμέδοντος,grc,1,0.011,no
εὐρυμέδουσα,grc,1,0.011,no
εὐρυμέτωπον,grc,1,0.011,no
εὐρυμετώπους,grc,1,0.011,no
εὐρυμετώπων,grc,1,0.011,no
εὐρυμίδης,grc,1,0.011,no
εὐρύν,grc,1,0.011,no
εὔρυναν,grc,1,0.011,no
εὐρυνόμην,grc,1,0.011,no
εὐρύνομος,grc,1,0.011,no
εὐρύνομός,grc,1,0.011,no
εὐρυπυλὲς,grc,1,0.011,no
εὐρύπυλον,grc,1,0.011,no
εὐρὺς,grc,1,0.011,no
εὐρυσθενές,grc,1,0.011,no
εὐρυτίδην,grc,1,0.011,no
εὐρυτίδης,grc,1,0.011,no
εὐρυτίωνα,grc,1,0.011,no
εὐρύτῳ,grc,1,0.011,no
εὐρυφυὲς,grc,1,0.011,no
εὐρυχόροιο,grc,1,0.011,no
εὕρωμεν,grc,1,0.011,no
εὗσαν,grc,1,0.011,no
εὗσέ,grc,1,0.011,no
εὗσεν,grc,1,0.011,no
ἐύσκοπον,grc,1,0.011,no
ἐύσκοπος,grc,1,0.011,no
ἐυσκόπῳ,grc,1,0.011,no
ἐΰσσελμοι,grc,1,0.011,no
ἐϋσσέλμοιο,grc,1,0.011,no
ἐυσσέλμοισιν,grc,1,0.011,no
ἐυσσέλμου,grc,1,0.011,no
ἐυσσέλμῳ,grc,1,0.011,no
ἐϋσσέλμῳ,grc,1,0.011,no
ἐυσσέλμων,grc,1,0.011,no
ἐϋσσέλμων,grc,1,0.011,no
ἐυστέφανός,grc,1,0.011,no
ἐϋστέφανος,grc,1,0.011,no
εὐστεφάνου,grc,1,0.011,no
ἐυστεφάνου,grc,1,0.011,no
ἐυστρέπτοισι,grc,1,0.011,no
ἐϋστρέπτοισι,grc,1,0.011,no
ἐυστρεφέεσσι,grc,1,0.011,no
ἐϋστρεφέϊ,grc,1,0.011,no
ἐυστρεφὲς,grc,1,0.011,no
ἐϋστρεφὲς,grc,1,0.011,no
εὖτε,grc,1,0.011,no
ἐυτρεφέες,grc,1,0.011,no
ἐϋτρεφέος,grc,1,0.011,no
ἐύτροχον,grc,1,0.011,no
εὐφραδέως,grc,1,0.011,no
εὐφραίνεσθαι,grc,1,0.011,no
ἐϋφραίνοιμι,grc,1,0.011,no
ἐϋφραίνοιτε,grc,1,0.011,no
εὐφροσύνῃ,grc,1,0.011,no
ἐυφροσύνη,grc,1,0.011,no
εὐφροσύνην,grc,1,0.011,no
ἐϋφροσύνης,grc,1,0.011,no
ἐυφροσύνῃσιν,grc,1,0.011,no
ἐΰφρων,grc,1,0.011,no
εὐχάλκων,grc,1,0.011,no
εὔχεʼ,grc,1,0.011,no
εὔχεσθαι,grc,1,0.011,no
εὐχετάασθαι,grc,1,0.011,no
εὐχῇσι,grc,1,0.011,no
εὐχομένοισι,grc,1,0.011,no
εὐχόμενόν,grc,1,0.011,no
εὔχοντο,grc,1,0.011,no
ἐϋχροές,grc,1,0.011,no
εὐχωλῇς,grc,1,0.011,no
εὐχωλῇσι,grc,1,0.011,no
ἐυῶδες,grc,1,0.011,no
εὐώδης,grc,1,0.011,no
ἔφαγε,grc,1,0.011,no
ἔφαγόν,grc,1,0.011,no
ἔφαμεν,grc,1,0.011,no
ἔφαντʼ,grc,1,0.011,no
ἐφάσκεθʼ,grc,1,0.011,no
ἔφασκον,grc,1,0.011,no
ἐφάψεαι,grc,1,0.011,no
ἐφέβοντο,grc,1,0.011,no
ἐφέζεσθαι,grc,1,0.011,no
ἐφέζετο,grc,1,0.011,no
ἐφεζόμενος,grc,1,0.011,no
ἐφέηκε,grc,1,0.011,no
ἐφέηκεν,grc,1,0.011,no
ἐφείη,grc,1,0.011,no
ἐφέπεσκον,grc,1,0.011,no
ἐφέποντες,grc,1,0.011,no
ἔφερον,grc,1,0.011,no
ἐφέροντʼ,grc,1,0.011,no
ἐφέροντο,grc,1,0.011,no
ἐφέσσαι,grc,1,0.011,no
ἔφεσσαι,grc,1,0.011,no
ἐφεσσάμενος,grc,1,0.011,no
ἐφεστάμεν,grc,1,0.011,no
ἐφεστάμεναι,grc,1,0.011,no
ἐφέστασαν,grc,1,0.011,no
ἐφέστιον,grc,1,0.011,no
ἐφετμέων,grc,1,0.011,no
ἐφεύροι,grc,1,0.011,no
ἐφεύρω,grc,1,0.011,no
ἐφέψειν,grc,1,0.011,no
ἐφεψιόωνται,grc,1,0.011,no
ἐφεψιόωντο,grc,1,0.011,no
ἐφῆκε,grc,1,0.011,no
ἐφήμενοι,grc,1,0.011,no
ἐφήμενος,grc,1,0.011,no
ἐφημέρια,grc,1,0.011,no
ἐφημέριός,grc,1,0.011,no
ἐφημοσύνην,grc,1,0.011,no
ἐφημοσύνης,grc,1,0.011,no
ἔφηνε,grc,1,0.011,no
ἐφῆπται,grc,1,0.011,no
ἐφῆπτο,grc,1,0.011,no
ἐφήσεις,grc,1,0.011,no
ἔφθης,grc,1,0.011,no
ἔφθιθεν,grc,1,0.011,no
ἔφθιται,grc,1,0.011,no
ἐφιάλτην,grc,1,0.011,no
ἐφίει,grc,1,0.011,no
ἐφιέμενος,grc,1,0.011,no
ἐφίετε,grc,1,0.011,no
ἐφίζεσκε,grc,1,0.011,no
ἐφίλησε,grc,1,0.011,no
ἐφόλκαιον,grc,1,0.011,no
ἐφοπλίσαι,grc,1,0.011,no
ἐφοπλίσσαι,grc,1,0.011,no
ἐφοπλίσσαντες,grc,1,0.011,no
ἐφοπλίσσειας,grc,1,0.011,no
ἐφοπλίσσουσιν,grc,1,0.011,no
ἐφοπλίσσωσι,grc,1,0.011,no
ἐφόρεον,grc,1,0.011,no
ἐφορμή,grc,1,0.011,no
ἐφορμηθεὶς,grc,1,0.011,no
ἐφορμηθεῖσα,grc,1,0.011,no
ἐφορμήσας,grc,1,0.011,no
ἐφορῶντες,grc,1,0.011,no
ἐφράσαθʼ,grc,1,0.011,no
ἐφρασάμην,grc,1,0.011,no
ἐφράσσαντο,grc,1,0.011,no
ἐφράσσατο,grc,1,0.011,no
ἔφυ,grc,1,0.011,no
ἔφυδρος,grc,1,0.011,no
ἐφύλασσε,grc,1,0.011,no
ἐφύπερθέ,grc,1,0.011,no
ἐφύπερθεν,grc,1,0.011,no
ἐφύρην,grc,1,0.011,no
ἐφύρης,grc,1,0.011,no
ἔφυσε,grc,1,0.011,no
ἐφωρμήθη,grc,1,0.011,no
ἐφωρμήθην,grc,1,0.011,no
ἔχʼ,grc,1,0.011,no
ἐχάνδανον,grc,1,0.011,no
ἐχάρημεν,grc,1,0.011,no
ἔχεαν,grc,1,0.011,no
ἐχέθυμος,grc,1,0.011,no
ἔχες,grc,1,0.011,no
ἔχεσθαι,grc,1,0.011,no
ἔχεσκον,grc,1,0.011,no
ἔχετʼ,grc,1,0.011,no
ἔχετο,grc,1,0.011,no
ἐχέφρονα,grc,1,0.011,no
ἔχῃς,grc,1,0.011,no
ἔχῃσι,grc,1,0.011,no
ἔχητον,grc,1,0.011,no
ἐχθαίρῃσι,grc,1,0.011,no
ἐχθαίρῃσιν,grc,1,0.011,no
ἔχθεσθʼ,grc,1,0.011,no
ἐχθόμενός,grc,1,0.011,no
ἔχθος,grc,1,0.011,no
ἐχθραὶ,grc,1,0.011,no
ἐχθροὶ,grc,1,0.011,no
ἐχθρὸν,grc,1,0.011,no
ἐχθρὸς,grc,1,0.011,no
ἔχοιεν,grc,1,0.011,no
ἔχοιμι,grc,1,0.011,no
ἐχολώσατε,grc,1,0.011,no
ἔχοντʼ,grc,1,0.011,no
ἔχοντας,grc,1,0.011,no
ἔχοντε,grc,1,0.011,no
ἔχοντι,grc,1,0.011,no
ἔχοντί,grc,1,0.011,no
ἐχόντων,grc,1,0.011,no
ἐχούσῃ,grc,1,0.011,no
ἐχράετʼ,grc,1,0.011,no
ἔχυτʼ,grc,1,0.011,no
ἐχώσατο,grc,1,0.011,no
ἕψεσθαι,grc,1,0.011,no
ἕψεται,grc,1,0.011,no
ἑψιάασθαι,grc,1,0.011,no
ἑψιαάσθων,grc,1,0.011,no
ἑψόμεθʼ,grc,1,0.011,no
ἐῷ,grc,1,0.011,no
ἔω,grc,1,0.011,no
ἐῶμεν,grc,1,0.011,no
ἐῷμι,grc,1,0.011,no
ἐῳνοχόει,grc,1,0.011,no
ἐῶσι,grc,1,0.011,no
ζαῆν,grc,1,0.011,no
ζαὴς,grc,1,0.011,no
ζάκυνθος,grc,1,0.011,no
ζακύνθου,grc,1,0.011,no
ζατρεφέας,grc,1,0.011,no
ζειαί,grc,1,0.011,no
ζειάς,grc,1,0.011,no
ζέσσεν,grc,1,0.011,no
ζεύγνυσθʼ,grc,1,0.011,no
ζεύξαθʼ,grc,1,0.011,no
ζεῦξάν,grc,1,0.011,no
ζεύξασʼ,grc,1,0.011,no
ζεῦξεν,grc,1,0.011,no
ζεῦξον,grc,1,0.011,no
ζεφυρίη,grc,1,0.011,no
ζέφυρον,grc,1,0.011,no
ζέφυρός,grc,1,0.011,no
ζεφύρου,grc,1,0.011,no
ζεφύρῳ,grc,1,0.011,no
ζήθοιο,grc,1,0.011,no
ζῆθόν,grc,1,0.011,no
ζηλήμονες,grc,1,0.011,no
ζῆνʼ,grc,1,0.011,no
ζῆνα,grc,1,0.011,no
ζόφος,grc,1,0.011,no
ζυγά,grc,1,0.011,no
ζυγὰ,grc,1,0.011,no
ζυγοῦ,grc,1,0.011,no
ζωάγριʼ,grc,1,0.011,no
ζώεις,grc,1,0.011,no
ζωέμεν,grc,1,0.011,no
ζωέμεναι,grc,1,0.011,no
ζωή,grc,1,0.011,no
ζῶμα,grc,1,0.011,no
ζώννυνταί,grc,1,0.011,no
ζωοῖσιν,grc,1,0.011,no
ζωὸν,grc,1,0.011,no
ζώοντας,grc,1,0.011,no
ζώοντός,grc,1,0.011,no
ζωοὺς,grc,1,0.011,no
ζώουσʼ,grc,1,0.011,no
ζώουσιν,grc,1,0.011,no
ζῶσαι,grc,1,0.011,no
ζώσαντες,grc,1,0.011,no
ζώσατο,grc,1,0.011,no
ζωστῆρι,grc,1,0.011,no
ζῶστρά,grc,1,0.011,no
ζωῷ,grc,1,0.011,no
ζώω,grc,1,0.011,no
ἧ,grc,1,0.011,no
ἠβαιόν,grc,1,0.011,no
ἠβαιὸν,grc,1,0.011,no
ἥβη,grc,1,0.011,no
ἥβῃ,grc,1,0.011,no
ἡβήσας,grc,1,0.011,no
ἡβήσῃ,grc,1,0.011,no
ἡβῶν,grc,1,0.011,no
ἡβώοντες,grc,1,0.011,no
ἡβώωσα,grc,1,0.011,no
ἠγάασθε,grc,1,0.011,no
ἠγάγετο,grc,1,0.011,no
ἤγγειλε,grc,1,0.011,no
ἡγεῖθʼ,grc,1,0.011,no
ἤγειρα,grc,1,0.011,no
ἤγειρε,grc,1,0.011,no
ἠγείροντο,grc,1,0.011,no
ἡγεῖσθαι,grc,1,0.011,no
ἡγείσθην,grc,1,0.011,no
ἡγείσθω,grc,1,0.011,no
ἡγεῖτο,grc,1,0.011,no
ἡγεμόνʼ,grc,1,0.011,no
ἡγεμονεύσει,grc,1,0.011,no
ἡγεμόνος,grc,1,0.011,no
ἤγετʼ,grc,1,0.011,no
ἤγετο,grc,1,0.011,no
ἡγηλάζει,grc,1,0.011,no
ἡγηλάζεις,grc,1,0.011,no
ἡγήσαιο,grc,1,0.011,no
ἡγήσομαι,grc,1,0.011,no
ἡγήτορας,grc,1,0.011,no
ἡγήτορι,grc,1,0.011,no
ἠγνοίησεν,grc,1,0.011,no
ἤγομεν,grc,1,0.011,no
ᾔδεεν,grc,1,0.011,no
ἡδέϊ,grc,1,0.011,no
ἡδεῖα,grc,1,0.011,no
ἡδεῖαν,grc,1,0.011,no
ᾐδέσατʼ,grc,1,0.011,no
ᾔδησθʼ,grc,1,0.011,no
ἥδιστος,grc,1,0.011,no
ἡδύν,grc,1,0.011,no
ἡδὺς,grc,1,0.011,no
ᾖε,grc,1,0.011,no
ᾔει,grc,1,0.011,no
ἤειδεν,grc,1,0.011,no
ἠείδη,grc,1,0.011,no
ἠέλιʼ,grc,1,0.011,no
ἠέρʼ,grc,1,0.011,no
ἠέριοι,grc,1,0.011,no
ἤθεα,grc,1,0.011,no
ἠθεῖον,grc,1,0.011,no
ἤιʼ,grc,1,0.011,no
ἤιεν,grc,1,0.011,no
ἠίθεοι,grc,1,0.011,no
ἠίθεοί,grc,1,0.011,no
ἠίθεος,grc,1,0.011,no
ἤικτο,grc,1,0.011,no
ἤιξαν,grc,1,0.011,no
ἤϊξαν,grc,1,0.011,no
ἤϊξε,grc,1,0.011,no
ἤιομεν,grc,1,0.011,no
ἠιόνεσσι,grc,1,0.011,no
ἤισκε,grc,1,0.011,no
ἠΐων,grc,1,0.011,no
ἧκʼ,grc,1,0.011,no
ἧκα,grc,1,0.011,no
ἧκαν,grc,1,0.011,no
ἤκαχʼ,grc,1,0.011,no
ἤκαχε,grc,1,0.011,no
ἥκειν,grc,1,0.011,no
ἠκούομεν,grc,1,0.011,no
ἤκουσʼ,grc,1,0.011,no
ἠλακάτη,grc,1,0.011,no
ἤλασʼ,grc,1,0.011,no
ἤλασα,grc,1,0.011,no
ἤλασεν,grc,1,0.011,no
ἠλασκάζει,grc,1,0.011,no
ἠλᾶτο,grc,1,0.011,no
ἠλεέ,grc,1,0.011,no
ἤλειψεν,grc,1,0.011,no
ἠλέκτρου,grc,1,0.011,no
ἠλεός,grc,1,0.011,no
ἤλθεθʼ,grc,1,0.011,no
ἠλίβατοι,grc,1,0.011,no
ἠλίβατον,grc,1,0.011,no
ἠλίβατος,grc,1,0.011,no
ἤλιδʼ,grc,1,0.011,no
ἤλιδος,grc,1,0.011,no
ἥλικες,grc,1,0.011,no
ἥλιος,grc,1,0.011,no
ἤλπετʼ,grc,1,0.011,no
ἤλυξα,grc,1,0.011,no
ἤλυξαν,grc,1,0.011,no
ἠλύσιον,grc,1,0.011,no
ἥλω,grc,1,0.011,no
ἡμάρτανε,grc,1,0.011,no
ἧμας,grc,1,0.011,no
ἤματί,grc,1,0.011,no
ἤματός,grc,1,0.011,no
ἤμβροτε,grc,1,0.011,no
ἤμβροτεν,grc,1,0.011,no
ἦμεν,grc,1,0.011,no
ἡμένη,grc,1,0.011,no
ἡμέρη,grc,1,0.011,no
ἡμερὶς,grc,1,0.011,no
ἥμερον,grc,1,0.011,no
ἡμέτερʼ,grc,1,0.011,no
ἡμετεράων,grc,1,0.011,no
ἡμετέρῃσι,grc,1,0.011,no
ἡμέτεροι,grc,1,0.011,no
ἡμετέροις,grc,1,0.011,no
ἡμέτερόν,grc,1,0.011,no
ἡμέτερόνδε,grc,1,0.011,no
ἡμιονείην,grc,1,0.011,no
ἡμίσεων,grc,1,0.011,no
ἥνδανεν,grc,1,0.011,no
ἤνεικαν,grc,1,0.011,no
ἠνεμόεντα,grc,1,0.011,no
ἡνίκʼ,grc,1,0.011,no
ἦνιν,grc,1,0.011,no
ἡνιόχευεν,grc,1,0.011,no
ἦνον,grc,1,0.011,no
ἤνοπι,grc,1,0.011,no
ἠνορέῃ,grc,1,0.011,no
ἤντησʼ,grc,1,0.011,no
ἠντήσατε,grc,1,0.011,no
ἤνυτο,grc,1,0.011,no
ἠνώγειν,grc,1,0.011,no
ἦξε,grc,1,0.011,no
ἠοίην,grc,1,0.011,no
ἠοίων,grc,1,0.011,no
ἥπατι,grc,1,0.011,no
ἤπαφε,grc,1,0.011,no
ἠπεδανὸς,grc,1,0.011,no
ἠπεροπεύει,grc,1,0.011,no
ἠπεροπεύειν,grc,1,0.011,no
ἠπερόπευον,grc,1,0.011,no
ἠπεροπεύσῃς,grc,1,0.011,no
ἠπεροπῆά,grc,1,0.011,no
ἠπίη,grc,1,0.011,no
ἠπίου,grc,1,0.011,no
ἤπυεν,grc,1,0.011,no
ἤραʼ,grc,1,0.011,no
ἡρακληείην,grc,1,0.011,no
ἡρακλῆι,grc,1,0.011,no
ἤραρεν,grc,1,0.011,no
ἠράσσατʼ,grc,1,0.011,no
ἤρατο,grc,1,0.011,no
ᾕρεε,grc,1,0.011,no
ᾑρεῖτʼ,grc,1,0.011,no
ᾕρεον,grc,1,0.011,no
ἠρήσατο,grc,1,0.011,no
ἠριγένειαν,grc,1,0.011,no
ἠρίθμει,grc,1,0.011,no
ἠρίθμεον,grc,1,0.011,no
ἤριπε,grc,1,0.011,no
ἤρκεσε,grc,1,0.011,no
ἥρμοσεν,grc,1,0.011,no
ἠρνεῖτο,grc,1,0.011,no
ἦρξα,grc,1,0.011,no
ἤρξατο,grc,1,0.011,no
ἥρπαξʼ,grc,1,0.011,no
ἥρπασεν,grc,1,0.011,no
ἤρτυεν,grc,1,0.011,no
ἤρτυον,grc,1,0.011,no
ἠρῶ,grc,1,0.011,no
ἥρῳ,grc,1,0.011,no
ἥρωʼ,grc,1,0.011,no
ἥρωα,grc,1,0.011,no
ἥρωες,grc,1,0.011,no
ἥρωι,grc,1,0.011,no
ἠρώμην,grc,1,0.011,no
ἧσʼ,grc,1,0.011,no
ἥσατο,grc,1,0.011,no
ἥσειν,grc,1,0.011,no
ἦσθʼ,grc,1,0.011,no
ἧσθʼ,grc,1,0.011,no
ἥσθην,grc,1,0.011,no
ἤσθιεν,grc,1,0.011,no
ᾖσι,grc,1,0.011,no
ᾖσιν,grc,1,0.011,no
ἠσπάζοντʼ,grc,1,0.011,no
ἤσπαιρε,grc,1,0.011,no
ἤσπαιρον,grc,1,0.011,no
ἧσσον,grc,1,0.011,no
ἡσυχίη,grc,1,0.011,no
ᾔσχυνε,grc,1,0.011,no
ᾐτέομεν,grc,1,0.011,no
ᾔτεον,grc,1,0.011,no
ᾔτεόν,grc,1,0.011,no
ἠύ,grc,1,0.011,no
ἠυγένειος,grc,1,0.011,no
ἠύκομος,grc,1,0.011,no
ἠύς,grc,1,0.011,no
ἤϋσεν,grc,1,0.011,no
ἥφαιστʼ,grc,1,0.011,no
ἧφι,grc,1,0.011,no
ἠφύσαμεν,grc,1,0.011,no
ἠφυσάμην,grc,1,0.011,no
ἠφύσσετο,grc,1,0.011,no
ἠχήεντα,grc,1,0.011,no
ἤχθεθʼ,grc,1,0.011,no
θαασσέμεν,grc,1,0.011,no
θαλάμης,grc,1,0.011,no
θάλαμόνδʼ,grc,1,0.011,no
θαλαμόνδε,grc,1,0.011,no
θάλαμος,grc,1,0.011,no
θαλάμους,grc,1,0.011,no
θαλάμῳ,grc,1,0.011,no
θαλάσσῃ,grc,1,0.011,no
θαλάσσια,grc,1,0.011,no
θαλέθοντες,grc,1,0.011,no
θαλέθων,grc,1,0.011,no
θάλειαν,grc,1,0.011,no
θαλεροῖο,grc,1,0.011,no
θαλίῃς,grc,1,0.011,no
θαλλόν,grc,1,0.011,no
θάλος,grc,1,0.011,no
θαλπιόων,grc,1,0.011,no
θάλπων,grc,1,0.011,no
θαλπωρή,grc,1,0.011,no
θάμβευς,grc,1,0.011,no
θάμβησαν,grc,1,0.011,no
θαμβήσαντʼ,grc,1,0.011,no
θάμβησε,grc,1,0.011,no
θάμβησεν,grc,1,0.011,no
θάμβος,grc,1,0.011,no
θαμέας,grc,1,0.011,no
θαμέες,grc,1,0.011,no
θαμέσι,grc,1,0.011,no
θαμίζεις,grc,1,0.011,no
θάμιζεν,grc,1,0.011,no
θαμίζων,grc,1,0.011,no
θάμνοις,grc,1,0.011,no
θάμνοισι,grc,1,0.011,no
θάμνος,grc,1,0.011,no
θάμνους,grc,1,0.011,no
θάμνῳ,grc,1,0.011,no
θάμνων,grc,1,0.011,no
θάνατοι,grc,1,0.011,no
θανέεσθαι,grc,1,0.011,no
θάνεν,grc,1,0.011,no
θάνες,grc,1,0.011,no
θάνῃσι,grc,1,0.011,no
θάνῃσιν,grc,1,0.011,no
θάνοι,grc,1,0.011,no
θάνοιεν,grc,1,0.011,no
θανόντα,grc,1,0.011,no
θάνωμεν,grc,1,0.011,no
θανών,grc,1,0.011,no
θάπτοι,grc,1,0.011,no
θάπτομεν,grc,1,0.011,no
θάπτον,grc,1,0.011,no
θαρσαλέη,grc,1,0.011,no
θάρσυνάς,grc,1,0.011,no
θάρσυνον,grc,1,0.011,no
θαρσύνω,grc,1,0.011,no
θαῦμʼ,grc,1,0.011,no
θαῦμά,grc,1,0.011,no
θαυμάζειν,grc,1,0.011,no
θαυμάζεσκον,grc,1,0.011,no
θαυμάζοντες,grc,1,0.011,no
θαυμάζω,grc,1,0.011,no
θαυμάζωσιν,grc,1,0.011,no
θαυμανέοντες,grc,1,0.011,no
θέαιναι,grc,1,0.011,no
θεαῖς,grc,1,0.011,no
θέε,grc,1,0.011,no
θέειον,grc,1,0.011,no
θεειοῦται,grc,1,0.011,no
θεειώσω,grc,1,0.011,no
θέεν,grc,1,0.011,no
θεῇσι,grc,1,0.011,no
θείῃ,grc,1,0.011,no
θειλόπεδον,grc,1,0.011,no
θείμεν,grc,1,0.011,no
θεῖμεν,grc,1,0.011,no
θεῖναι,grc,1,0.011,no
θεινέμεναι,grc,1,0.011,no
θείνῃ,grc,1,0.011,no
θεινομένου,grc,1,0.011,no
θεῖός,grc,1,0.011,no
θεῖσα,grc,1,0.011,no
θεῖτο,grc,1,0.011,no
θείων,grc,1,0.011,no
θέλγεσκʼ,grc,1,0.011,no
θέλγοιτό,grc,1,0.011,no
θελκτήρια,grc,1,0.011,no
θελκτήριον,grc,1,0.011,no
θέλξαι,grc,1,0.011,no
θέλξει,grc,1,0.011,no
θεμένη,grc,1,0.011,no
θέμιστας,grc,1,0.011,no
θεμιστεύει,grc,1,0.011,no
θεμιστεύοντα,grc,1,0.011,no
θέμιστος,grc,1,0.011,no
θέντες,grc,1,0.011,no
θέντων,grc,1,0.011,no
θέο,grc,1,0.011,no
θεοείκελον,grc,1,0.011,no
θεόθεν,grc,1,0.011,no
θεοῖό,grc,1,0.011,no
θεοῖσίν,grc,1,0.011,no
θεοκλύμενον,grc,1,0.011,no
θέομεν,grc,1,0.011,no
θεοπροπέων,grc,1,0.011,no
θεοπρόπον,grc,1,0.011,no
θεουδέα,grc,1,0.011,no
θεουδὴς,grc,1,0.011,no
θεούς,grc,1,0.011,no
θεούσης,grc,1,0.011,no
θεράπευον,grc,1,0.011,no
θεράποντας,grc,1,0.011,no
θέρει,grc,1,0.011,no
θέρεσθαι,grc,1,0.011,no
θέρευς,grc,1,0.011,no
θερέω,grc,1,0.011,no
θέρμʼ,grc,1,0.011,no
θερμά,grc,1,0.011,no
θερμαίνοιτο,grc,1,0.011,no
θέρμετε,grc,1,0.011,no
θέρμετο,grc,1,0.011,no
θερσόμενος,grc,1,0.011,no
θὲς,grc,1,0.011,no
θέσθε,grc,1,0.011,no
θεσμὸν,grc,1,0.011,no
θεσπεσιάων,grc,1,0.011,no
θεσπεσίοισι,grc,1,0.011,no
θεσπιδαὲς,grc,1,0.011,no
θεσπρωτούς,grc,1,0.011,no
θέσφατʼ,grc,1,0.011,no
θέσφατα,grc,1,0.011,no
θέσφατος,grc,1,0.011,no
θέτις,grc,1,0.011,no
θέωμεν,grc,1,0.011,no
θεώτεραι,grc,1,0.011,no
θῆαι,grc,1,0.011,no
θήβῃ,grc,1,0.011,no
θήβην,grc,1,0.011,no
θήβης,grc,1,0.011,no
θήβῃς,grc,1,0.011,no
θήβῃσι,grc,1,0.011,no
θήῃς,grc,1,0.011,no
θηήσαιο,grc,1,0.011,no
θηήσαιτο,grc,1,0.011,no
θηήσαντʼ,grc,1,0.011,no
θηήσαο,grc,1,0.011,no
θηητὴρ,grc,1,0.011,no
θήϊον,grc,1,0.011,no
θήλεον,grc,1,0.011,no
θηλύτεραι,grc,1,0.011,no
θημῶνα,grc,1,0.011,no
θήν,grc,1,0.011,no
θῆρας,grc,1,0.011,no
θηρεύοντʼ,grc,1,0.011,no
θηρσὶ,grc,1,0.011,no
θησαίατʼ,grc,1,0.011,no
θησέα,grc,1,0.011,no
θήσει,grc,1,0.011,no
θησέμεναι,grc,1,0.011,no
θήσεσθαι,grc,1,0.011,no
θησεὺς,grc,1,0.011,no
θῆσθαι,grc,1,0.011,no
θῇσιν,grc,1,0.011,no
θῆτές,grc,1,0.011,no
θῆχʼ,grc,1,0.011,no
θὶς,grc,1,0.011,no
θλίψεται,grc,1,0.011,no
θνήσκοντα,grc,1,0.011,no
θνῄσκουσʼ,grc,1,0.011,no
θνητὰς,grc,1,0.011,no
θνητή,grc,1,0.011,no
θνητήν,grc,1,0.011,no
θνητοί,grc,1,0.011,no
θνητοῖσιν,grc,1,0.011,no
θνητὸν,grc,1,0.011,no
θνητός,grc,1,0.011,no
θνητὸς,grc,1,0.011,no
θοὰς,grc,1,0.011,no
θόας,grc,1,0.011,no
θοή,grc,1,0.011,no
θοήν,grc,1,0.011,no
θοινηθῆναι,grc,1,0.011,no
θόλοιο,grc,1,0.011,no
θοὸν,grc,1,0.011,no
θοροῦσα,grc,1,0.011,no
θόρωσι,grc,1,0.011,no
θούριδος,grc,1,0.011,no
θόωκοι,grc,1,0.011,no
θόωκος,grc,1,0.011,no
θόων,grc,1,0.011,no
θόωσα,grc,1,0.011,no
θρασειάων,grc,1,0.011,no
θρασυμέμνονα,grc,1,0.011,no
θρασυμήδεϊ,grc,1,0.011,no
θρασὺν,grc,1,0.011,no
θρασὺς,grc,1,0.011,no
θρέψαιό,grc,1,0.011,no
θρέψαν,grc,1,0.011,no
θρέψας,grc,1,0.011,no
θρέψασα,grc,1,0.011,no
θρέψεν,grc,1,0.011,no
θρῄκηνδε,grc,1,0.011,no
θρήνεον,grc,1,0.011,no
θρήνυι,grc,1,0.011,no
θριγκοῖσι,grc,1,0.011,no
θριγκὸς,grc,1,0.011,no
θρινακίῃ,grc,1,0.011,no
θρινακίης,grc,1,0.011,no
θρόνοι,grc,1,0.011,no
θρόνοισι,grc,1,0.011,no
θρόνοισιν,grc,1,0.011,no
θρόνος,grc,1,0.011,no
θρόνῳ,grc,1,0.011,no
θυγατέρας,grc,1,0.011,no
θυγατέρος,grc,1,0.011,no
θύγατρες,grc,1,0.011,no
θυγατρός,grc,1,0.011,no
θυγατρῶν,grc,1,0.011,no
θυέλλῃ,grc,1,0.011,no
θυέστης,grc,1,0.011,no
θυεστιάδης,grc,1,0.011,no
θυέων,grc,1,0.011,no
θυήεις,grc,1,0.011,no
θυμαλγέι,grc,1,0.011,no
θυμαλγέϊ,grc,1,0.011,no
θυμαρέα,grc,1,0.011,no
θυμαρὲς,grc,1,0.011,no
θυμηγερέων,grc,1,0.011,no
θυμηδέʼ,grc,1,0.011,no
θυμῆρες,grc,1,0.011,no
θυμοδακὴς,grc,1,0.011,no
θυμοφθόρα,grc,1,0.011,no
θυμοφθόρος,grc,1,0.011,no
θῦνε,grc,1,0.011,no
θύοντα,grc,1,0.011,no
θύου,grc,1,0.011,no
θύρηθʼ,grc,1,0.011,no
θύρηφι,grc,1,0.011,no
θύρηφιν,grc,1,0.011,no
θῦσε,grc,1,0.011,no
θυώδεος,grc,1,0.011,no
θωὴν,grc,1,0.011,no
θῶκον,grc,1,0.011,no
θῶκόνδε,grc,1,0.011,no
θώκῳ,grc,1,0.011,no
θῶνος,grc,1,0.011,no
θωρήσσεσθαι,grc,1,0.011,no
θωρηχθῆναι,grc,1,0.011,no
ἰαίνει,grc,1,0.011,no
ἰαίνεται,grc,1,0.011,no
ἰαίνομαι,grc,1,0.011,no
ἴαλλε,grc,1,0.011,no
ἰάλλειν,grc,1,0.011,no
ἴαλλεν,grc,1,0.011,no
ἰάλλοντα,grc,1,0.011,no
ἴαν,grc,1,0.011,no
ἰανθῇ,grc,1,0.011,no
ἰάνθης,grc,1,0.011,no
ἰάπτῃ,grc,1,0.011,no
ἰάπτῃς,grc,1,0.011,no
ἰαρδάνου,grc,1,0.011,no
ἰασίδαο,grc,1,0.011,no
ἰασίδῃ,grc,1,0.011,no
ἰασίωνι,grc,1,0.011,no
ἴασον,grc,1,0.011,no
ἰαύεσκεν,grc,1,0.011,no
ἰαύεσκον,grc,1,0.011,no
ἰαῦσαι,grc,1,0.011,no
ἰαχῇ,grc,1,0.011,no
ἰάχοντα,grc,1,0.011,no
ἰάχοντες,grc,1,0.011,no
ἰάχουσα,grc,1,0.011,no
ἰάχων,grc,1,0.011,no
ἰαωλκῷ,grc,1,0.011,no
ἴδες,grc,1,0.011,no
ἰδέτην,grc,1,0.011,no
ἴδετο,grc,1,0.011,no
ἴδηθʼ,grc,1,0.011,no
ἴδῃς,grc,1,0.011,no
ἰδίη,grc,1,0.011,no
ἰδνωθείς,grc,1,0.011,no
ἰδνωθεὶς,grc,1,0.011,no
ἴδοιεν,grc,1,0.011,no
ἴδοιτʼ,grc,1,0.011,no
ἴδομεν,grc,1,0.011,no
ἰδομενεὺς,grc,1,0.011,no
ἰδομενῆϊ,grc,1,0.011,no
ἰδομενῆος,grc,1,0.011,no
ἰδόντʼ,grc,1,0.011,no
ἰδόντα,grc,1,0.011,no
ἰδόντι,grc,1,0.011,no
ἰδοῦσά,grc,1,0.011,no
ἰδοῦσαι,grc,1,0.011,no
ἴδριες,grc,1,0.011,no
ἱδρύσασα,grc,1,0.011,no
ἵδρυσεν,grc,1,0.011,no
ἱδρώοντας,grc,1,0.011,no
ἱδρὼς,grc,1,0.011,no
ἰδυίας,grc,1,0.011,no
ἰδυίῃσι,grc,1,0.011,no
ἰδώμεθα,grc,1,0.011,no
ἴε,grc,1,0.011,no
ἱεῖσαι,grc,1,0.011,no
ἱεμένην,grc,1,0.011,no
ἱέμενόν,grc,1,0.011,no
ἱεμένους,grc,1,0.011,no
ἱεμένω,grc,1,0.011,no
ἱεμένων,grc,1,0.011,no
ἵενται,grc,1,0.011,no
ἱερά,grc,1,0.011,no
ἱερᾶς,grc,1,0.011,no
ἱεράων,grc,1,0.011,no
ἱέρευσʼ,grc,1,0.011,no
ἱέρευσαν,grc,1,0.011,no
ἱερεύσατε,grc,1,0.011,no
ἱερεύσομεν,grc,1,0.011,no
ἱερεύσω,grc,1,0.011,no
ἱερήια,grc,1,0.011,no
ἱερήϊον,grc,1,0.011,no
ἱερὴν,grc,1,0.011,no
ἱεροῖσιν,grc,1,0.011,no
ἱερὸς,grc,1,0.011,no
ἱερῶν,grc,1,0.011,no
ἱέσθην,grc,1,0.011,no
ἵετʼ,grc,1,0.011,no
ἵεται,grc,1,0.011,no
ἵζʼ,grc,1,0.011,no
ἵζανον,grc,1,0.011,no
ἵζει,grc,1,0.011,no
ἵζεσκεν,grc,1,0.011,no
ἵζοιτο,grc,1,0.011,no
ἷζον,grc,1,0.011,no
ἰῆλαι,grc,1,0.011,no
ἴηλεν,grc,1,0.011,no
ἴηλον,grc,1,0.011,no
ἰήλω,grc,1,0.011,no
ἰήνατε,grc,1,0.011,no
ἰησάμενοι,grc,1,0.011,no
ἵησιν,grc,1,0.011,no
ἰήσων,grc,1,0.011,no
ἰητῆρα,grc,1,0.011,no
ἰητρὸς,grc,1,0.011,no
ἰθαιγενέεσσιν,grc,1,0.011,no
ἰθάκη,grc,1,0.011,no
ἰθάκηνδʼ,grc,1,0.011,no
ἴθακος,grc,1,0.011,no
ἰθὺν,grc,1,0.011,no
ἴθυνα,grc,1,0.011,no
ἰθύνετε,grc,1,0.011,no
ἰθύνοι,grc,1,0.011,no
ἰθύσειʼ,grc,1,0.011,no
ἴθυσέν,grc,1,0.011,no
ἱκάνομεν,grc,1,0.011,no
ἰκαρίῳ,grc,1,0.011,no
ἴκελον,grc,1,0.011,no
ἵκεο,grc,1,0.011,no
ἱκέσθω,grc,1,0.011,no
ἱκέται,grc,1,0.011,no
ἱκέτας,grc,1,0.011,no
ἱκέτευεν,grc,1,0.011,no
ἱκέτευσʼ,grc,1,0.011,no
ἱκέτευσας,grc,1,0.011,no
ἱκετήσιος,grc,1,0.011,no
ἵκευ,grc,1,0.011,no
ἰκμάλιος,grc,1,0.011,no
ἱκνεύμεναι,grc,1,0.011,no
ἱκνεύμεσθα,grc,1,0.011,no
ἵκοι,grc,1,0.011,no
ἱκοίατο,grc,1,0.011,no
ἱκοίμεθα,grc,1,0.011,no
ἵκω,grc,1,0.011,no
ἱκώμεθα,grc,1,0.011,no
ἵκωνται,grc,1,0.011,no
ἱλάσσομʼ,grc,1,0.011,no
ἵληθʼ,grc,1,0.011,no
ἵληθι,grc,1,0.011,no
ἱλήκῃσι,grc,1,0.011,no
ἰλιόθεν,grc,1,0.011,no
ἰλιόθι,grc,1,0.011,no
ἰλίου,grc,1,0.011,no
ἴλου,grc,1,0.011,no
ἱμάντων,grc,1,0.011,no
ἱμάσθλην,grc,1,0.011,no
ἱμάσθλης,grc,1,0.011,no
ἱμείρετε,grc,1,0.011,no
ἱμειρόμενός,grc,1,0.011,no
ἱμείρων,grc,1,0.011,no
ἱμερόεις,grc,1,0.011,no
ἶνʼ,grc,1,0.011,no
ἶνες,grc,1,0.011,no
ἰνώ,grc,1,0.011,no
ἰνὼ,grc,1,0.011,no
ἵξετʼ,grc,1,0.011,no
ἵξεται,grc,1,0.011,no
ἰοδόκον,grc,1,0.011,no
ἰοδόκος,grc,1,0.011,no
ἰοειδέα,grc,1,0.011,no
ἰοειδέος,grc,1,0.011,no
ἰοὶ,grc,1,0.011,no
ἰονθάδος,grc,1,0.011,no
ἰὸς,grc,1,0.011,no
ἴου,grc,1,0.011,no
ἰούλους,grc,1,0.011,no
ἰοὺς,grc,1,0.011,no
ἰοῦσʼ,grc,1,0.011,no
ἰοῦσαι,grc,1,0.011,no
ἰούσῃ,grc,1,0.011,no
ἰούσης,grc,1,0.011,no
ἶπες,grc,1,0.011,no
ἱππείῃσι,grc,1,0.011,no
ἱππῆές,grc,1,0.011,no
ἱππήλατος,grc,1,0.011,no
ἱππήλατός,grc,1,0.011,no
ἱππιοχάρμην,grc,1,0.011,no
ἱπποβότῳ,grc,1,0.011,no
ἱπποδάμειαν,grc,1,0.011,no
ἱππόδαμον,grc,1,0.011,no
ἵπποιϊν,grc,1,0.011,no
ἵπποισιν,grc,1,0.011,no
ἱπποσυνάων,grc,1,0.011,no
ἱπποτάδαο,grc,1,0.011,no
ἱπποτάδης,grc,1,0.011,no
ἵππου,grc,1,0.011,no
ἵππουριν,grc,1,0.011,no
ἵππω,grc,1,0.011,no
ἱρεύεσκον,grc,1,0.011,no
ἱρεύουσʼ,grc,1,0.011,no
ἱρεὺς,grc,1,0.011,no
ἱρεύσασθαι,grc,1,0.011,no
ἴρηκές,grc,1,0.011,no
ἱρήν,grc,1,0.011,no
ἱρὴν,grc,1,0.011,no
ἴρηξ,grc,1,0.011,no
ἴς,grc,1,0.011,no
ἴσθʼ,grc,1,0.011,no
ἴσθι,grc,1,0.011,no
ἴσθμιον,grc,1,0.011,no
ἴσκε,grc,1,0.011,no
ἴσκεν,grc,1,0.011,no
ἴσκουσʼ,grc,1,0.011,no
ἴσμαρον,grc,1,0.011,no
ἰσμάρῳ,grc,1,0.011,no
ἶσόν,grc,1,0.011,no
ἰσοφόροι,grc,1,0.011,no
ἱστάμενοι,grc,1,0.011,no
ἱσταμένῳ,grc,1,0.011,no
ἵστασθαι,grc,1,0.011,no
ἵστασο,grc,1,0.011,no
ἵστασχʼ,grc,1,0.011,no
ἱστίον,grc,1,0.011,no
ἱστὸς,grc,1,0.011,no
ἱστοῦ,grc,1,0.011,no
ἱστῶν,grc,1,0.011,no
ἰσχαλέοιο,grc,1,0.011,no
ἰσχανάᾳς,grc,1,0.011,no
ἴσχανε,grc,1,0.011,no
ἰσχανόων,grc,1,0.011,no
ἰσχανόωνται,grc,1,0.011,no
ἰσχέμεναί,grc,1,0.011,no
ἴσχεσθʼ,grc,1,0.011,no
ἴσχεσθε,grc,1,0.011,no
ἰσχίῳ,grc,1,0.011,no
ἴσχουσʼ,grc,1,0.011,no
ἴσχων,grc,1,0.011,no
ἴσω,grc,1,0.011,no
ἰσωσαίμην,grc,1,0.011,no
ἰτέαι,grc,1,0.011,no
ἴτυλον,grc,1,0.011,no
ἰΰζοντες,grc,1,0.011,no
ἰφθίμην,grc,1,0.011,no
ἴφθιμοι,grc,1,0.011,no
ἰφθίμοισι,grc,1,0.011,no
ἴφθιμον,grc,1,0.011,no
ἰφθίμου,grc,1,0.011,no
ἰφθίμους,grc,1,0.011,no
ἰφθίμων,grc,1,0.011,no
ἰφικληείη,grc,1,0.011,no
ἰφικληείης,grc,1,0.011,no
ἰφιμέδειαν,grc,1,0.011,no
ἴφιτον,grc,1,0.011,no
ἰχθυάᾳ,grc,1,0.011,no
ἰχθυάασκον,grc,1,0.011,no
ἰχθύας,grc,1,0.011,no
ἰχθυόεντι,grc,1,0.011,no
ἴχνεσι,grc,1,0.011,no
ἴχνιʼ,grc,1,0.011,no
ἰῷ,grc,1,0.011,no
ἰωγῇ,grc,1,0.011,no
ἰωὴ,grc,1,0.011,no
κάββαλε,grc,1,0.011,no
κάββαλεν,grc,1,0.011,no
κάγκανα,grc,1,0.011,no
καδδραθέτην,grc,1,0.011,no
καδμείων,grc,1,0.011,no
κάδμου,grc,1,0.011,no
καθαίρειν,grc,1,0.011,no
κάθαιρον,grc,1,0.011,no
καθάπαξ,grc,1,0.011,no
καθαπτόμενοι,grc,1,0.011,no
καθαρῷ,grc,1,0.011,no
καθεζομένω,grc,1,0.011,no
καθεζώμεσθα,grc,1,0.011,no
καθείλομεν,grc,1,0.011,no
καθεῖσεν,grc,1,0.011,no
καθελοῦσα,grc,1,0.011,no
κάθεμεν,grc,1,0.011,no
καθεύδειν,grc,1,0.011,no
καθεύδετον,grc,1,0.011,no
καθεψιόωνται,grc,1,0.011,no
καθημένω,grc,1,0.011,no
καθῆραι,grc,1,0.011,no
κάθηράν,grc,1,0.011,no
καθήραντες,grc,1,0.011,no
καθήρατε,grc,1,0.011,no
κάθηρεν,grc,1,0.011,no
καθῆστο,grc,1,0.011,no
καθίδρυε,grc,1,0.011,no
καθίζανον,grc,1,0.011,no
καθῖζε,grc,1,0.011,no
καθίζει,grc,1,0.011,no
καθῖζεν,grc,1,0.011,no
καθίζων,grc,1,0.011,no
καθίκετο,grc,1,0.011,no
κάθισαν,grc,1,0.011,no
καθίσασα,grc,1,0.011,no
καθύπερθʼ,grc,1,0.011,no
καῖε,grc,1,0.011,no
καῖεν,grc,1,0.011,no
καίεο,grc,1,0.011,no
καίετο,grc,1,0.011,no
καιομένης,grc,1,0.011,no
καιομένοιο,grc,1,0.011,no
καιρουσσέων,grc,1,0.011,no
κακή,grc,1,0.011,no
κακῇσιν,grc,1,0.011,no
κακίους,grc,1,0.011,no
κάκιστον,grc,1,0.011,no
κακίων,grc,1,0.011,no
κακκῆαι,grc,1,0.011,no
κακοείμονας,grc,1,0.011,no
κακοεργίης,grc,1,0.011,no
κακοεργός,grc,1,0.011,no
κακοῖο,grc,1,0.011,no
κακοῖσι,grc,1,0.011,no
κακομήχανε,grc,1,0.011,no
κακοξεινώτερος,grc,1,0.011,no
κακορραφίῃ,grc,1,0.011,no
κακορραφίῃσι,grc,1,0.011,no
κακοῦ,grc,1,0.011,no
κάκου,grc,1,0.011,no
κακῶσαι,grc,1,0.011,no
καλάμην,grc,1,0.011,no
καλέει,grc,1,0.011,no
καλέεσθαι,grc,1,0.011,no
καλεῖ,grc,1,0.011,no
καλέοι,grc,1,0.011,no
καλέουσα,grc,1,0.011,no
καλέουσιν,grc,1,0.011,no
καλέσαντα,grc,1,0.011,no
καλέσαντες,grc,1,0.011,no
καλέσασθε,grc,1,0.011,no
καλέσειε,grc,1,0.011,no
κάλεσον,grc,1,0.011,no
καλεσσαμένω,grc,1,0.011,no
κάλεσσε,grc,1,0.011,no
κάλεσσεν,grc,1,0.011,no
καλέσσω,grc,1,0.011,no
καλέω,grc,1,0.011,no
καλλείψω,grc,1,0.011,no
κάλλεος,grc,1,0.011,no
καλλιγύναικα,grc,1,0.011,no
καλλιζώνων,grc,1,0.011,no
καλλικόμοιο,grc,1,0.011,no
καλλικρήδεμνοι,grc,1,0.011,no
κάλλιμος,grc,1,0.011,no
καλλίονες,grc,1,0.011,no
καλλιπέειν,grc,1,0.011,no
κάλλιπον,grc,1,0.011,no
καλλιρόοιο,grc,1,0.011,no
καλλίροον,grc,1,0.011,no
καλλίστους,grc,1,0.011,no
καλλίσφυρον,grc,1,0.011,no
καλλίσφυρος,grc,1,0.011,no
καλλιχόρου,grc,1,0.011,no
καλοί,grc,1,0.011,no
καλοὶ,grc,1,0.011,no
καλοῖς,grc,1,0.011,no
καλούς,grc,1,0.011,no
κάλους,grc,1,0.011,no
κάλπιν,grc,1,0.011,no
καλυφθείς,grc,1,0.011,no
καλυψάμενοι,grc,1,0.011,no
καλύψας,grc,1,0.011,no
καλύψατο,grc,1,0.011,no
καλῶς,grc,1,0.011,no
κὰμ,grc,1,0.011,no
κάμʼ,grc,1,0.011,no
κάμε,grc,1,0.011,no
κάμεν,grc,1,0.011,no
κάμῃσι,grc,1,0.011,no
καμινοῖ,grc,1,0.011,no
κάμμορον,grc,1,0.011,no
κάμνεις,grc,1,0.011,no
κάμοιεν,grc,1,0.011,no
κάμον,grc,1,0.011,no
καναχὴ,grc,1,0.011,no
κανάχησε,grc,1,0.011,no
κάνεια,grc,1,0.011,no
κάνεον,grc,1,0.011,no
κανέου,grc,1,0.011,no
καννεύσας,grc,1,0.011,no
κάπῃσι,grc,1,0.011,no
καπνῷ,grc,1,0.011,no
κάππεσʼ,grc,1,0.011,no
κάππεσε,grc,1,0.011,no
κάππεσεν,grc,1,0.011,no
κάπροισι,grc,1,0.011,no
καρπὸς,grc,1,0.011,no
καρτερόθυμον,grc,1,0.011,no
καρτεροὶ,grc,1,0.011,no
κάρτιστον,grc,1,0.011,no
καρφαλέων,grc,1,0.011,no
κάρψεν,grc,1,0.011,no
κάρψω,grc,1,0.011,no
κασιγνήτη,grc,1,0.011,no
κασιγνήτοιο,grc,1,0.011,no
κασιγνήτοισι,grc,1,0.011,no
κασιγνήτου,grc,1,0.011,no
κασιγνήτω,grc,1,0.011,no
κασσάνδρης,grc,1,0.011,no
κάστορά,grc,1,0.011,no
καστορνῦσα,grc,1,0.011,no
κάστωρ,grc,1,0.011,no
καταβάς,grc,1,0.011,no
καταβὰς,grc,1,0.011,no
καταβᾶσα,grc,1,0.011,no
κατάβηθι,grc,1,0.011,no
καταβήμεναι,grc,1,0.011,no
καταβλώσκοντα,grc,1,0.011,no
καταβρόξειεν,grc,1,0.011,no
καταγηράσκουσιν,grc,1,0.011,no
καταγίνεον,grc,1,0.011,no
καταδάπτετʼ,grc,1,0.011,no
καταδέρκεται,grc,1,0.011,no
καταδήσῃ,grc,1,0.011,no
καταδράθω,grc,1,0.011,no
καταδῦναι,grc,1,0.011,no
καταδύντι,grc,1,0.011,no
καταδὺς,grc,1,0.011,no
καταδυσόμεθʼ,grc,1,0.011,no
καταζήνασκε,grc,1,0.011,no
καταθεῖναι,grc,1,0.011,no
καταθείομαι,grc,1,0.011,no
καταθείομεν,grc,1,0.011,no
καταθεὶς,grc,1,0.011,no
καταθέσθαι,grc,1,0.011,no
καταθήσει,grc,1,0.011,no
καταθήσω,grc,1,0.011,no
καταθύμιόν,grc,1,0.011,no
καταιβαταὶ,grc,1,0.011,no
καταΐσχεται,grc,1,0.011,no
καταισχύνειν,grc,1,0.011,no
καταισχύνοντα,grc,1,0.011,no
κατακείομεν,grc,1,0.011,no
κατακείρετε,grc,1,0.011,no
κατάκειτʼ,grc,1,0.011,no
κατακλίνας,grc,1,0.011,no
κατακοσμήσησθε,grc,1,0.011,no
κατακρύπτουσιν,grc,1,0.011,no
κατακρύπτων,grc,1,0.011,no
κατακρύψας,grc,1,0.011,no
κατακρύψασʼ,grc,1,0.011,no
κατακρύψασα,grc,1,0.011,no
κατακτάμεν,grc,1,0.011,no
κατακτάμενος,grc,1,0.011,no
κατάκτανε,grc,1,0.011,no
κατακτάς,grc,1,0.011,no
κατακτὰς,grc,1,0.011,no
κατακτεῖναι,grc,1,0.011,no
κατακτείνας,grc,1,0.011,no
κατακτείνει,grc,1,0.011,no
κατακτείνειε,grc,1,0.011,no
κατακτείνειν,grc,1,0.011,no
κατακτείνῃ,grc,1,0.011,no
κατακτείνωσι,grc,1,0.011,no
καταλείπειν,grc,1,0.011,no
καταλέξαι,grc,1,0.011,no
κατάλεξαι,grc,1,0.011,no
καταλέξεται,grc,1,0.011,no
καταλέξῃ,grc,1,0.011,no
καταλέξῃς,grc,1,0.011,no
καταλέξομεν,grc,1,0.011,no
καταλέχθαι,grc,1,0.011,no
καταλοφάδεια,grc,1,0.011,no
καταλύσομεν,grc,1,0.011,no
κατανεύων,grc,1,0.011,no
καταπαύετε,grc,1,0.011,no
καταπαύσομεν,grc,1,0.011,no
καταπρηνεῖ,grc,1,0.011,no
καταπρηνέσσʼ,grc,1,0.011,no
καταπρηνέσσι,grc,1,0.011,no
καταριγηλὰ,grc,1,0.011,no
καταρῶνται,grc,1,0.011,no
καταστῆσαι,grc,1,0.011,no
κατάστησον,grc,1,0.011,no
κατάσχῃ,grc,1,0.011,no
κατατεθναίη,grc,1,0.011,no
κατατεθνηῶτας,grc,1,0.011,no
κατατήκετʼ,grc,1,0.011,no
κατατήκομαι,grc,1,0.011,no
κατατρύχῃ,grc,1,0.011,no
κατατρύχω,grc,1,0.011,no
καταφθιμένοιο,grc,1,0.011,no
καταφθιμένοισιν,grc,1,0.011,no
καταφθίσει,grc,1,0.011,no
καταφθίσθαι,grc,1,0.011,no
καταχεύῃ,grc,1,0.011,no
κατέαξε,grc,1,0.011,no
κατεβαίνομεν,grc,1,0.011,no
κατέβαν,grc,1,0.011,no
κατέβην,grc,1,0.011,no
κατεγήρα,grc,1,0.011,no
κατέδαψαν,grc,1,0.011,no
κατέδει,grc,1,0.011,no
κατέδονται,grc,1,0.011,no
κατεδόντων,grc,1,0.011,no
κατέθελξεν,grc,1,0.011,no
κατέθηκα,grc,1,0.011,no
κατέθηχʼ,grc,1,0.011,no
κατείβετο,grc,1,0.011,no
κατείβετον,grc,1,0.011,no
κατειβόμενον,grc,1,0.011,no
κάτειμι,grc,1,0.011,no
κατείρυσεν,grc,1,0.011,no
κατείρυσται,grc,1,0.011,no
κατείχετο,grc,1,0.011,no
κατέκειραν,grc,1,0.011,no
κατεκείρετε,grc,1,0.011,no
κατέκειτʼ,grc,1,0.011,no
κατέκειτο,grc,1,0.011,no
κατέκταθεν,grc,1,0.011,no
κατέκτανεν,grc,1,0.011,no
κατέκτανες,grc,1,0.011,no
κατεκτάνομεν,grc,1,0.011,no
κατέλεκτʼ,grc,1,0.011,no
κατέλεκτο,grc,1,0.011,no
κατελέξατο,grc,1,0.011,no
κατέλεξε,grc,1,0.011,no
κατελεύσομαι,grc,1,0.011,no
κατελθέμεν,grc,1,0.011,no
κατένευσας,grc,1,0.011,no
κατένευσεν,grc,1,0.011,no
κατενήρατο,grc,1,0.011,no
κατέπαυσα,grc,1,0.011,no
κατεπλέομεν,grc,1,0.011,no
κατέρεξε,grc,1,0.011,no
κατερήτυε,grc,1,0.011,no
κατερήτυεν,grc,1,0.011,no
κατερύκομαι,grc,1,0.011,no
κατέρχεται,grc,1,0.011,no
κατεσκίαον,grc,1,0.011,no
κατέσχεν,grc,1,0.011,no
κατέσχετʼ,grc,1,0.011,no
κατέσχετο,grc,1,0.011,no
κατέτηξεν,grc,1,0.011,no
κατέφθιτο,grc,1,0.011,no
κάτεχʼ,grc,1,0.011,no
κατέχει,grc,1,0.011,no
κατέχευας,grc,1,0.011,no
κατέχυνθʼ,grc,1,0.011,no
κατέχων,grc,1,0.011,no
κατηγαγόμεσθα,grc,1,0.011,no
κατήγετο,grc,1,0.011,no
κατήιεν,grc,1,0.011,no
κατῆλθε,grc,1,0.011,no
κατῆλθεν,grc,1,0.011,no
κατήρχετο,grc,1,0.011,no
κατήσθιε,grc,1,0.011,no
κατηφέες,grc,1,0.011,no
κατήφησάν,grc,1,0.011,no
κατθέμεθα,grc,1,0.011,no
κατθέμεν,grc,1,0.011,no
κάτθεμεν,grc,1,0.011,no
κατθέμενοι,grc,1,0.011,no
κατθέσθην,grc,1,0.011,no
κάτθετʼ,grc,1,0.011,no
κάτθετε,grc,1,0.011,no
κατιόντα,grc,1,0.011,no
κατιοῦσαν,grc,1,0.011,no
κατισχέμεναι,grc,1,0.011,no
κατόπισθεν,grc,1,0.011,no
κάτω,grc,1,0.011,no
κατωρυχέεσσʼ,grc,1,0.011,no
κατωρυχέεσσι,grc,1,0.011,no
καύκωνας,grc,1,0.011,no
καὐτή,grc,1,0.011,no
καὐτὸς,grc,1,0.011,no
κεάσαιμι,grc,1,0.011,no
κέασαν,grc,1,0.011,no
κέασε,grc,1,0.011,no
κεάσσαι,grc,1,0.011,no
κέατʼ,grc,1,0.011,no
κεδνὴν,grc,1,0.011,no
κεδνοῖο,grc,1,0.011,no
κεδνότατός,grc,1,0.011,no
κέδρου,grc,1,0.011,no
κείατʼ,grc,1,0.011,no
κείατο,grc,1,0.011,no
κειέμεν,grc,1,0.011,no
κεῖθʼ,grc,1,0.011,no
κεῖμαι,grc,1,0.011,no
κείμεθα,grc,1,0.011,no
κείμενʼ,grc,1,0.011,no
κείμενα,grc,1,0.011,no
κείμενος,grc,1,0.011,no
κειμήλιά,grc,1,0.011,no
κείνῃ,grc,1,0.011,no
κείνης,grc,1,0.011,no
κεῖνοι,grc,1,0.011,no
κείνοις,grc,1,0.011,no
κείνοισι,grc,1,0.011,no
κείνω,grc,1,0.011,no
κείοντες,grc,1,0.011,no
κείουσα,grc,1,0.011,no
κείρασθαί,grc,1,0.011,no
κείροντας,grc,1,0.011,no
κείροντες,grc,1,0.011,no
κείροντό,grc,1,0.011,no
κείσθω,grc,1,0.011,no
κεῖσο,grc,1,0.011,no
κείσομαι,grc,1,0.011,no
κείω,grc,1,0.011,no
κεκακωμένον,grc,1,0.011,no
κεκακωμένος,grc,1,0.011,no
κεκαλυμμέναι,grc,1,0.011,no
κεκαλυμμένος,grc,1,0.011,no
κεκάσμεθα,grc,1,0.011,no
κέκασσαι,grc,1,0.011,no
κέκαστο,grc,1,0.011,no
κεκαφηότα,grc,1,0.011,no
κεκεασμένα,grc,1,0.011,no
κέκευθε,grc,1,0.011,no
κεκλήγοντες,grc,1,0.011,no
κεκληγὼς,grc,1,0.011,no
κεκληγῶτας,grc,1,0.011,no
κεκλημένος,grc,1,0.011,no
κεκλίαται,grc,1,0.011,no
κεκλιμένων,grc,1,0.011,no
κεκοπὼς,grc,1,0.011,no
κεκορήμεθʼ,grc,1,0.011,no
κεκορήμεθα,grc,1,0.011,no
κεκορημένοι,grc,1,0.011,no
κεκορηότε,grc,1,0.011,no
κεκορυθμένα,grc,1,0.011,no
κεκορυθμένος,grc,1,0.011,no
κεκράαντο,grc,1,0.011,no
κεκριμένους,grc,1,0.011,no
κεκρυμμένα,grc,1,0.011,no
κεκρυμμένον,grc,1,0.011,no
κεκύθωσι,grc,1,0.011,no
κέλαδον,grc,1,0.011,no
κελάδοντʼ,grc,1,0.011,no
κελαινεφέι,grc,1,0.011,no
κελαινεφέϊ,grc,1,0.011,no
κελάρυζεν,grc,1,0.011,no
κέλεσθαί,grc,1,0.011,no
κέλεσθε,grc,1,0.011,no
κελέσθω,grc,1,0.011,no
κέλεταί,grc,1,0.011,no
κέλετο,grc,1,0.011,no
κέλευέ,grc,1,0.011,no
κελεύετε,grc,1,0.011,no
κελεύῃς,grc,1,0.011,no
κέλευθοι,grc,1,0.011,no
κελεύθους,grc,1,0.011,no
κέλευσαν,grc,1,0.011,no
κέλευσας,grc,1,0.011,no
κέλευσέ,grc,1,0.011,no
κελευσέμεναι,grc,1,0.011,no
κέλευσον,grc,1,0.011,no
κέληθʼ,grc,1,0.011,no
κελήσεται,grc,1,0.011,no
κελοίμην,grc,1,0.011,no
κέλσαι,grc,1,0.011,no
κελσάσῃσι,grc,1,0.011,no
κενὰ,grc,1,0.011,no
κενεὰς,grc,1,0.011,no
κενεόν,grc,1,0.011,no
κενεῶνα,grc,1,0.011,no
κενταύροισι,grc,1,0.011,no
κένταυρον,grc,1,0.011,no
κεράασθε,grc,1,0.011,no
κεράεσσι,grc,1,0.011,no
κεραϊζέμεν,grc,1,0.011,no
κεραοὶ,grc,1,0.011,no
κέρας,grc,1,0.011,no
κεράσασα,grc,1,0.011,no
κέρασσε,grc,1,0.011,no
κέρασσεν,grc,1,0.011,no
κερδαλέοισιν,grc,1,0.011,no
κερδαλέος,grc,1,0.011,no
κέρδεά,grc,1,0.011,no
κέρδεσιν,grc,1,0.011,no
κερδέων,grc,1,0.011,no
κερδοσύνη,grc,1,0.011,no
κερδοσύνῃ,grc,1,0.011,no
κερκίδʼ,grc,1,0.011,no
κερόωντο,grc,1,0.011,no
κερόωντό,grc,1,0.011,no
κερτομέοι,grc,1,0.011,no
κερτομέοντες,grc,1,0.011,no
κερτομέουσαν,grc,1,0.011,no
κερτομέων,grc,1,0.011,no
κερτομέωσιν,grc,1,0.011,no
κερτομίας,grc,1,0.011,no
κερτομίοις,grc,1,0.011,no
κερῶντάς,grc,1,0.011,no
κερῶντό,grc,1,0.011,no
κέσκετʼ,grc,1,0.011,no
κεῦθε,grc,1,0.011,no
κεύθει,grc,1,0.011,no
κεῦθεν,grc,1,0.011,no
κεύθεσι,grc,1,0.011,no
κεύθετε,grc,1,0.011,no
κεύθω,grc,1,0.011,no
κεφαλαί,grc,1,0.011,no
κεφαλάς,grc,1,0.011,no
κεφαλῇσι,grc,1,0.011,no
κεφαλῆφι,grc,1,0.011,no
κεφαλλήνεσσιν,grc,1,0.011,no
κεχανδότα,grc,1,0.011,no
κεχαρήσεται,grc,1,0.011,no
κεχαρισμένε,grc,1,0.011,no
κεχαρισμένος,grc,1,0.011,no
κεχάριστο,grc,1,0.011,no
κεχολωμένη,grc,1,0.011,no
κεχολωμένον,grc,1,0.011,no
κεχόλωται,grc,1,0.011,no
κεχρημένοι,grc,1,0.011,no
κεχρημένῳ,grc,1,0.011,no
κέχυνται,grc,1,0.011,no
κέχυντο,grc,1,0.011,no
κέχυτʼ,grc,1,0.011,no
κέχυτο,grc,1,0.011,no
κέων,grc,1,0.011,no
κῆαι,grc,1,0.011,no
κηάμενος,grc,1,0.011,no
κηαμένω,grc,1,0.011,no
κήδεαι,grc,1,0.011,no
κηδέσκετο,grc,1,0.011,no
κήδεσκον,grc,1,0.011,no
κήδιστοι,grc,1,0.011,no
κήδιστος,grc,1,0.011,no
κήδοι,grc,1,0.011,no
κήδοιτό,grc,1,0.011,no
κηδομένη,grc,1,0.011,no
κηδόμενοί,grc,1,0.011,no
κῆδος,grc,1,0.011,no
κήκιε,grc,1,0.011,no
κήξ,grc,1,0.011,no
κῆον,grc,1,0.011,no
κῆρες,grc,1,0.011,no
κηροῖο,grc,1,0.011,no
κηρός,grc,1,0.011,no
κήρυκά,grc,1,0.011,no
κήρυκι,grc,1,0.011,no
κηρύσσειν,grc,1,0.011,no
κήτεϊ,grc,1,0.011,no
κήτειοι,grc,1,0.011,no
κήτεος,grc,1,0.011,no
κήτεσιν,grc,1,0.011,no
κητώεσσαν,grc,1,0.011,no
κηώεντα,grc,1,0.011,no
κίʼ,grc,1,0.011,no
κίῃς,grc,1,0.011,no
κίθαριν,grc,1,0.011,no
κικλήσκει,grc,1,0.011,no
κικλήσκεται,grc,1,0.011,no
κίκλησκον,grc,1,0.011,no
κίκονας,grc,1,0.011,no
κῖκυς,grc,1,0.011,no
κιμμερίων,grc,1,0.011,no
κινῆσαι,grc,1,0.011,no
κινυμένων,grc,1,0.011,no
κίοιτε,grc,1,0.011,no
κιοίτην,grc,1,0.011,no
κίονας,grc,1,0.011,no
κίονες,grc,1,0.011,no
κίονι,grc,1,0.011,no
κίονος,grc,1,0.011,no
κιόντας,grc,1,0.011,no
κιόντε,grc,1,0.011,no
κίρκην,grc,1,0.011,no
κιρνὰς,grc,1,0.011,no
κισσύβιον,grc,1,0.011,no
κίστῃ,grc,1,0.011,no
κιχάνει,grc,1,0.011,no
κιχανόμενοι,grc,1,0.011,no
κιχείη,grc,1,0.011,no
κιχῆναι,grc,1,0.011,no
κιχήσεσθαι,grc,1,0.011,no
κίχῃσι,grc,1,0.011,no
κιχήσομαι,grc,1,0.011,no
κίχλαι,grc,1,0.011,no
κιχὼν,grc,1,0.011,no
κίων,grc,1,0.011,no
κλαῖʼ,grc,1,0.011,no
κλαίεις,grc,1,0.011,no
κλαίετον,grc,1,0.011,no
κλαίῃ,grc,1,0.011,no
κλαίῃσι,grc,1,0.011,no
κλαίομεν,grc,1,0.011,no
κλαιόντεσσι,grc,1,0.011,no
κλαίουσʼ,grc,1,0.011,no
κλάσε,grc,1,0.011,no
κλαυθμὸν,grc,1,0.011,no
κλαῦσε,grc,1,0.011,no
κλαῦσεν,grc,1,0.011,no
κλέα,grc,1,0.011,no
κλείουσιν,grc,1,0.011,no
κλεῖτον,grc,1,0.011,no
κλεῖτόν,grc,1,0.011,no
κλειτοὺς,grc,1,0.011,no
κλείω,grc,1,0.011,no
κλέομαι,grc,1,0.011,no
κλεπτοσύνῃ,grc,1,0.011,no
κληηδόνα,grc,1,0.011,no
κληῖδʼ,grc,1,0.011,no
κληῖδα,grc,1,0.011,no
κληίδεσσιν,grc,1,0.011,no
κληΐδι,grc,1,0.011,no
κληῗδι,grc,1,0.011,no
κληῖδος,grc,1,0.011,no
κληῖσιν,grc,1,0.011,no
κληισταὶ,grc,1,0.011,no
κλῆρόν,grc,1,0.011,no
κλῆρος,grc,1,0.011,no
κλήρῳ,grc,1,0.011,no
κλητοί,grc,1,0.011,no
κλινάμενος,grc,1,0.011,no
κλῖναν,grc,1,0.011,no
κλιντῆρι,grc,1,0.011,no
κλισίας,grc,1,0.011,no
κλισίῃσι,grc,1,0.011,no
κλίσιον,grc,1,0.011,no
κλισμοῖσι,grc,1,0.011,no
κλισμὸν,grc,1,0.011,no
κλιτὺν,grc,1,0.011,no
κλοπίων,grc,1,0.011,no
κλύδων,grc,1,0.011,no
κλυμένην,grc,1,0.011,no
κλυμένοιο,grc,1,0.011,no
κλυτά,grc,1,0.011,no
κλυτίδη,grc,1,0.011,no
κλυτίοιο,grc,1,0.011,no
κλυτοεργὸν,grc,1,0.011,no
κλυτόν,grc,1,0.011,no
κλυτοτέχνην,grc,1,0.011,no
κλυτότοξος,grc,1,0.011,no
κλυτοτόξῳ,grc,1,0.011,no
κλῶθές,grc,1,0.011,no
κνέφαος,grc,1,0.011,no
κνήμας,grc,1,0.011,no
κνήμη,grc,1,0.011,no
κνήμῃσι,grc,1,0.011,no
κνημῖδας,grc,1,0.011,no
κνίση,grc,1,0.011,no
κνισῆεν,grc,1,0.011,no
κνυζηθμῷ,grc,1,0.011,no
κνύζωσεν,grc,1,0.011,no
κνυζώσω,grc,1,0.011,no
κνώδαλον,grc,1,0.011,no
κνωσός,grc,1,0.011,no
κνώσσουσʼ,grc,1,0.011,no
κοίλας,grc,1,0.011,no
κοίλη,grc,1,0.011,no
κοιμᾶθʼ,grc,1,0.011,no
κοιμᾶτʼ,grc,1,0.011,no
κοιμᾶται,grc,1,0.011,no
κοιμηθείη,grc,1,0.011,no
κοιμηθέντε,grc,1,0.011,no
κοιμηθέντες,grc,1,0.011,no
κοιμηθέντι,grc,1,0.011,no
κοιμήσατε,grc,1,0.011,no
κοιμήσατο,grc,1,0.011,no
κοίρανος,grc,1,0.011,no
κοίτῃ,grc,1,0.011,no
κοῖτον,grc,1,0.011,no
κολεὸν,grc,1,0.011,no
κολεῷ,grc,1,0.011,no
κολλητὰς,grc,1,0.011,no
κολλητοῖσιν,grc,1,0.011,no
κόλλοπι,grc,1,0.011,no
κολούει,grc,1,0.011,no
κολούετε,grc,1,0.011,no
κόλπον,grc,1,0.011,no
κόλπους,grc,1,0.011,no
κόλπῳ,grc,1,0.011,no
κομέουσι,grc,1,0.011,no
κομέουσιν,grc,1,0.011,no
κομιδή,grc,1,0.011,no
κομίζει,grc,1,0.011,no
κομίζειν,grc,1,0.011,no
κομιζόμενός,grc,1,0.011,no
κομίσσατο,grc,1,0.011,no
κομίσσῃ,grc,1,0.011,no
κόμισσον,grc,1,0.011,no
κομιῶ,grc,1,0.011,no
κομόωντες,grc,1,0.011,no
κόμπος,grc,1,0.011,no
κονάβησε,grc,1,0.011,no
κονάβιζε,grc,1,0.011,no
κόναβος,grc,1,0.011,no
κόνι,grc,1,0.011,no
κονίη,grc,1,0.011,no
κονίης,grc,1,0.011,no
κόνιν,grc,1,0.011,no
κονίοντες,grc,1,0.011,no
κοντὸν,grc,1,0.011,no
κοπρήσοντες,grc,1,0.011,no
κόπρον,grc,1,0.011,no
κόπτʼ,grc,1,0.011,no
κόπτε,grc,1,0.011,no
κόπτον,grc,1,0.011,no
κόπτοντες,grc,1,0.011,no
κόπτων,grc,1,0.011,no
κόρακος,grc,1,0.011,no
κορεσαίατο,grc,1,0.011,no
κορέσθην,grc,1,0.011,no
κορεσσάμενος,grc,1,0.011,no
κορέσσατο,grc,1,0.011,no
κορέσωνται,grc,1,0.011,no
κορήσατε,grc,1,0.011,no
κορμὸν,grc,1,0.011,no
κόρος,grc,1,0.011,no
κόρυθάς,grc,1,0.011,no
κόρυθος,grc,1,0.011,no
κορυσσόμενος,grc,1,0.011,no
κορυφὰς,grc,1,0.011,no
κορυφῇ,grc,1,0.011,no
κορυφήν,grc,1,0.011,no
κορυφῆς,grc,1,0.011,no
κορῶναι,grc,1,0.011,no
κορώνη,grc,1,0.011,no
κορώνης,grc,1,0.011,no
κοσμηθέντες,grc,1,0.011,no
κοσμηταὶ,grc,1,0.011,no
κοσμήτορι,grc,1,0.011,no
κόσμῳ,grc,1,0.011,no
κοτεσσαμένη,grc,1,0.011,no
κοτεσσάμενος,grc,1,0.011,no
κοτέσσεται,grc,1,0.011,no
κοτυληδονόφιν,grc,1,0.011,no
κουλεῷ,grc,1,0.011,no
κουράων,grc,1,0.011,no
κούρῃς,grc,1,0.011,no
κουριδίας,grc,1,0.011,no
κουριδίῃ,grc,1,0.011,no
κουριδίης,grc,1,0.011,no
κουριδίου,grc,1,0.011,no
κουριδίῳ,grc,1,0.011,no
κουρίζων,grc,1,0.011,no
κουρίξ,grc,1,0.011,no
κούροισιν,grc,1,0.011,no
κοῦρον,grc,1,0.011,no
κουροτέροισιν,grc,1,0.011,no
κουροτρόφος,grc,1,0.011,no
κουφότερον,grc,1,0.011,no
κόψε,grc,1,0.011,no
κράατι,grc,1,0.011,no
κραδάων,grc,1,0.011,no
κραιπνὰ,grc,1,0.011,no
κραιπναί,grc,1,0.011,no
κραιπνοῖσι,grc,1,0.011,no
κραιπνὸν,grc,1,0.011,no
κραιπνῶς,grc,1,0.011,no
κρανείης,grc,1,0.011,no
κρᾶτα,grc,1,0.011,no
κράταιιν,grc,1,0.011,no
κραταιίς,grc,1,0.011,no
κραταιός,grc,1,0.011,no
κραταίπεδον,grc,1,0.011,no
κραταιώ,grc,1,0.011,no
κρατέεις,grc,1,0.011,no
κρατέουσι,grc,1,0.011,no
κρατερὴ,grc,1,0.011,no
κρατερῇ,grc,1,0.011,no
κρατερῆς,grc,1,0.011,no
κρατερῇσι,grc,1,0.011,no
κρατεροῖσι,grc,1,0.011,no
κρατεροῦ,grc,1,0.011,no
κρατερόφρονε,grc,1,0.011,no
κρατερώ,grc,1,0.011,no
κρατερὼ,grc,1,0.011,no
κρατερώνυχες,grc,1,0.011,no
κρατερώτερον,grc,1,0.011,no
κρατός,grc,1,0.011,no
κρείοντος,grc,1,0.011,no
κρεῖσσον,grc,1,0.011,no
κρείσσονες,grc,1,0.011,no
κρεῶν,grc,1,0.011,no
κρῆθεν,grc,1,0.011,no
κρηθῆι,grc,1,0.011,no
κρηθῆος,grc,1,0.011,no
κρῆναί,grc,1,0.011,no
κρηναῖαι,grc,1,0.011,no
κρηνέων,grc,1,0.011,no
κρήνηνδε,grc,1,0.011,no
κρήνης,grc,1,0.011,no
κρῆνον,grc,1,0.011,no
κρήτη,grc,1,0.011,no
κρήτηνδε,grc,1,0.011,no
κρητῆρές,grc,1,0.011,no
κρητῆρσι,grc,1,0.011,no
κρητῆρσιν,grc,1,0.011,no
κριὲ,grc,1,0.011,no
κριθαὶ,grc,1,0.011,no
κριθάς,grc,1,0.011,no
κρίνασθαι,grc,1,0.011,no
κρινάσθων,grc,1,0.011,no
κρίνηται,grc,1,0.011,no
κρινθέντε,grc,1,0.011,no
κρίνοιμι,grc,1,0.011,no
κρίνονται,grc,1,0.011,no
κρίνων,grc,1,0.011,no
κριὸν,grc,1,0.011,no
κριτοὶ,grc,1,0.011,no
κρομύοιο,grc,1,0.011,no
κρονίονος,grc,1,0.011,no
κρονίωνος,grc,1,0.011,no
κρόνου,grc,1,0.011,no
κροτάφοισιν,grc,1,0.011,no
κρουνοὺς,grc,1,0.011,no
κρύσταλλος,grc,1,0.011,no
κρύψεν,grc,1,0.011,no
κταμένοισιν,grc,1,0.011,no
κτάνε,grc,1,0.011,no
κτεάτισσεν,grc,1,0.011,no
κτεῖναί,grc,1,0.011,no
κτείναντες,grc,1,0.011,no
κτείνασα,grc,1,0.011,no
κτεῖνεν,grc,1,0.011,no
κτεινόμενος,grc,1,0.011,no
κτεινομένους,grc,1,0.011,no
κτεῖνον,grc,1,0.011,no
κτείνωμι,grc,1,0.011,no
κτενέω,grc,1,0.011,no
κτερεΐξαι,grc,1,0.011,no
κτερεΐξω,grc,1,0.011,no
κτερέων,grc,1,0.011,no
κτερίσειεν,grc,1,0.011,no
κτέωμεν,grc,1,0.011,no
κτῆμα,grc,1,0.011,no
κτήμασι,grc,1,0.011,no
κτήσιππʼ,grc,1,0.011,no
κτιμένῃ,grc,1,0.011,no
κυάνεαι,grc,1,0.011,no
κυάνοιο,grc,1,0.011,no
κυανοπρῳρείους,grc,1,0.011,no
κυανοχαῖτα,grc,1,0.011,no
κυανοχαίτῃ,grc,1,0.011,no
κυανοχαίτης,grc,1,0.011,no
κυανώπιδος,grc,1,0.011,no
κυβερνῆθʼ,grc,1,0.011,no
κυβερνῆσαι,grc,1,0.011,no
κυβερνήτεω,grc,1,0.011,no
κυβερνήτην,grc,1,0.011,no
κυβερνητῆρες,grc,1,0.011,no
κυβιστητῆρε,grc,1,0.011,no
κύδαινε,grc,1,0.011,no
κυδαλίμοισι,grc,1,0.011,no
κυδάλιμον,grc,1,0.011,no
κυδῆναι,grc,1,0.011,no
κυδίστη,grc,1,0.011,no
κῦδός,grc,1,0.011,no
κύθε,grc,1,0.011,no
κυθέρεια,grc,1,0.011,no
κυθερείης,grc,1,0.011,no
κυθήρων,grc,1,0.011,no
κύκλον,grc,1,0.011,no
κυκλοτερές,grc,1,0.011,no
κύκλῳ,grc,1,0.011,no
κύκλωπας,grc,1,0.011,no
κύκλωπες,grc,1,0.011,no
κύκλωπές,grc,1,0.011,no
κυκλώπεσσιν,grc,1,0.011,no
κύκλωπός,grc,1,0.011,no
κυλίνδει,grc,1,0.011,no
κυλίνδεται,grc,1,0.011,no
κυλινδόμενα,grc,1,0.011,no
κυλινδόμενος,grc,1,0.011,no
κυλινδόμενός,grc,1,0.011,no
κυλίνδον,grc,1,0.011,no
κυλίνδων,grc,1,0.011,no
κυλλήνιος,grc,1,0.011,no
κῦμά,grc,1,0.011,no
κύματά,grc,1,0.011,no
κύνʼ,grc,1,0.011,no
κυνέη,grc,1,0.011,no
κυνέῃ,grc,1,0.011,no
κύνει,grc,1,0.011,no
κυνηγέται,grc,1,0.011,no
κυνοραιστέων,grc,1,0.011,no
κυνῶπις,grc,1,0.011,no
κυπαρισσίνῳ,grc,1,0.011,no
κυπάρισσος,grc,1,0.011,no
κύπειρον,grc,1,0.011,no
κύπρου,grc,1,0.011,no
κυρτωθέν,grc,1,0.011,no
κύσα,grc,1,0.011,no
κύσειε,grc,1,0.011,no
κύσεν,grc,1,0.011,no
κύσσʼ,grc,1,0.011,no
κύσσαι,grc,1,0.011,no
κυφὸς,grc,1,0.011,no
κύψειʼ,grc,1,0.011,no
κωκύει,grc,1,0.011,no
κώκυσʼ,grc,1,0.011,no
κώκυσεν,grc,1,0.011,no
κώκυτός,grc,1,0.011,no
κῶμʼ,grc,1,0.011,no
κώπην,grc,1,0.011,no
κώπῃσιν,grc,1,0.011,no
λᾶας,grc,1,0.011,no
λάβεν,grc,1,0.011,no
λαβέτω,grc,1,0.011,no
λάβῃσιν,grc,1,0.011,no
λάβητε,grc,1,0.011,no
λάβοι,grc,1,0.011,no
λάβον,grc,1,0.011,no
λαβόντι,grc,1,0.011,no
λάβρον,grc,1,0.011,no
λαγωούς,grc,1,0.011,no
λάε,grc,1,0.011,no
λαέρκεα,grc,1,0.011,no
λαερτιάδης,grc,1,0.011,no
λαθέσθαι,grc,1,0.011,no
λαθέτην,grc,1,0.011,no
λάθῃσι,grc,1,0.011,no
λάθηται,grc,1,0.011,no
λάθοι,grc,1,0.011,no
λαθοίατο,grc,1,0.011,no
λαθοίμην,grc,1,0.011,no
λάθον,grc,1,0.011,no
λαθὼν,grc,1,0.011,no
λάιγγας,grc,1,0.011,no
λάιγγες,grc,1,0.011,no
λαιμὸν,grc,1,0.011,no
λάϊνοι,grc,1,0.011,no
λάινον,grc,1,0.011,no
λαιστρυγόνες,grc,1,0.011,no
λαίφεʼ,grc,1,0.011,no
λαῖφος,grc,1,0.011,no
λακεδαίμονι,grc,1,0.011,no
λάμου,grc,1,0.011,no
λαμπετόωντι,grc,1,0.011,no
λάμπον,grc,1,0.011,no
λαμπρὸς,grc,1,0.011,no
λαμπτῆρας,grc,1,0.011,no
λαμπτῆρσι,grc,1,0.011,no
λαμπτήρων,grc,1,0.011,no
λανθανόμην,grc,1,0.011,no
λαοδάμαντος,grc,1,0.011,no
λαοῖσιν,grc,1,0.011,no
λαὸς,grc,1,0.011,no
λᾶος,grc,1,0.011,no
λαούς,grc,1,0.011,no
λαπίθας,grc,1,0.011,no
λάρῳ,grc,1,0.011,no
λαρώτατος,grc,1,0.011,no
λασίην,grc,1,0.011,no
λαύρην,grc,1,0.011,no
λαύρης,grc,1,0.011,no
λάχνῃ,grc,1,0.011,no
λάχνῳ,grc,1,0.011,no
λάων,grc,1,0.011,no
λέβηθʼ,grc,1,0.011,no
λέβης,grc,1,0.011,no
λέβητα,grc,1,0.011,no
λεβήτων,grc,1,0.011,no
λέγομεν,grc,1,0.011,no
λεῖβε,grc,1,0.011,no
λεῖβον,grc,1,0.011,no
λείη,grc,1,0.011,no
λείην,grc,1,0.011,no
λείηναν,grc,1,0.011,no
λειμῶνʼ,grc,1,0.011,no
λείποι,grc,1,0.011,no
λείπονται,grc,1,0.011,no
λεῖψαι,grc,1,0.011,no
λείψαντε,grc,1,0.011,no
λείψω,grc,1,0.011,no
λειῶδες,grc,1,0.011,no
λειώκριτον,grc,1,0.011,no
λειώκριτος,grc,1,0.011,no
λέκτρονδʼ,grc,1,0.011,no
λέκτρονδε,grc,1,0.011,no
λελαβέσθαι,grc,1,0.011,no
λελακυῖα,grc,1,0.011,no
λελειμμένος,grc,1,0.011,no
λελόγχασιν,grc,1,0.011,no
λέλυντο,grc,1,0.011,no
λελῦτο,grc,1,0.011,no
λέξαιτο,grc,1,0.011,no
λέξεαι,grc,1,0.011,no
λέξεο,grc,1,0.011,no
λέξεται,grc,1,0.011,no
λέξο,grc,1,0.011,no
λέξοντες,grc,1,0.011,no
λέοντα,grc,1,0.011,no
λέοντας,grc,1,0.011,no
λέπτʼ,grc,1,0.011,no
λεπτὴ,grc,1,0.011,no
λεπτοὶ,grc,1,0.011,no
λέσχην,grc,1,0.011,no
λευγαλέοι,grc,1,0.011,no
λευγαλέοισι,grc,1,0.011,no
λευγαλέοισιν,grc,1,0.011,no
λευκάδα,grc,1,0.011,no
λεύκαινον,grc,1,0.011,no
λευκοθέη,grc,1,0.011,no
λευκοί,grc,1,0.011,no
λευκοῖο,grc,1,0.011,no
λευκόν,grc,1,0.011,no
λευκοτέρην,grc,1,0.011,no
λευκώ,grc,1,0.011,no
λευκώλενον,grc,1,0.011,no
λευκωλένῳ,grc,1,0.011,no
λευρῷ,grc,1,0.011,no
λεῦσσʼ,grc,1,0.011,no
λεῦσσε,grc,1,0.011,no
λευσσόντων,grc,1,0.011,no
λεύσσουσιν,grc,1,0.011,no
λέχει,grc,1,0.011,no
λέχοσδε,grc,1,0.011,no
λήδην,grc,1,0.011,no
ληθάνει,grc,1,0.011,no
λήθει,grc,1,0.011,no
λήθεις,grc,1,0.011,no
λῆθεν,grc,1,0.011,no
ληϊβοτείρης,grc,1,0.011,no
ληίδʼ,grc,1,0.011,no
λήιον,grc,1,0.011,no
ληίσσατο,grc,1,0.011,no
ληΐσσομαι,grc,1,0.011,no
ληϊστῆρσι,grc,1,0.011,no
ληϊστῆρσιν,grc,1,0.011,no
ληΐστορες,grc,1,0.011,no
λήμνου,grc,1,0.011,no
λήξαιμι,grc,1,0.011,no
λήξειεν,grc,1,0.011,no
λήξειν,grc,1,0.011,no
λήσειν,grc,1,0.011,no
λήσεις,grc,1,0.011,no
λήσεσθαι,grc,1,0.011,no
λήσομαι,grc,1,0.011,no
λητὼ,grc,1,0.011,no
λιαρῷ,grc,1,0.011,no
λιασθεὶς,grc,1,0.011,no
λιάσθη,grc,1,0.011,no
λίγα,grc,1,0.011,no
λίγδην,grc,1,0.011,no
λίγεια,grc,1,0.011,no
λιγέων,grc,1,0.011,no
λιγὺ,grc,1,0.011,no
λιγύν,grc,1,0.011,no
λιγυρῇ,grc,1,0.011,no
λιγυρὴν,grc,1,0.011,no
λιγυφθόγγοισι,grc,1,0.011,no
λῖθʼ,grc,1,0.011,no
λιθάδεσσι,grc,1,0.011,no
λιθάδεσσιν,grc,1,0.011,no
λίθακι,grc,1,0.011,no
λίθεοι,grc,1,0.011,no
λίθοισιν,grc,1,0.011,no
λικριφὶς,grc,1,0.011,no
λιλαίομαι,grc,1,0.011,no
λιλαιόμενόν,grc,1,0.011,no
λιμένʼ,grc,1,0.011,no
λιμέσιν,grc,1,0.011,no
λίμνῃ,grc,1,0.011,no
λίμνην,grc,1,0.011,no
λίμνης,grc,1,0.011,no
λιμὸν,grc,1,0.011,no
λίνον,grc,1,0.011,no
λιπαροὶ,grc,1,0.011,no
λιπαροῖσι,grc,1,0.011,no
λιπαρὸν,grc,1,0.011,no
λιπαροὺς,grc,1,0.011,no
λιπαρῶς,grc,1,0.011,no
λίπεθʼ,grc,1,0.011,no
λιπέτην,grc,1,0.011,no
λιπέτω,grc,1,0.011,no
λίπῃ,grc,1,0.011,no
λίπηται,grc,1,0.011,no
λιποίμην,grc,1,0.011,no
λίπομεν,grc,1,0.011,no
λιπόντα,grc,1,0.011,no
λιπόντε,grc,1,0.011,no
λίποντο,grc,1,0.011,no
λιποῦσα,grc,1,0.011,no
λιποῦσαν,grc,1,0.011,no
λίπωνται,grc,1,0.011,no
λίς,grc,1,0.011,no
λὶς,grc,1,0.011,no
λίσῃ,grc,1,0.011,no
λίσσεται,grc,1,0.011,no
λίσσετο,grc,1,0.011,no
λίσσηαι,grc,1,0.011,no
λίσσοιτʼ,grc,1,0.011,no
λίσσοντʼ,grc,1,0.011,no
λίσσωμαι,grc,1,0.011,no
λιστρεύοντα,grc,1,0.011,no
λίστροισιν,grc,1,0.011,no
λῖτα,grc,1,0.011,no
λιτάνευεν,grc,1,0.011,no
λιτῇσί,grc,1,0.011,no
λιτοίμην,grc,1,0.011,no
λόʼ,grc,1,0.011,no
λόγοισιν,grc,1,0.011,no
λόεον,grc,1,0.011,no
λοέσσαι,grc,1,0.011,no
λοεσσάμεναι,grc,1,0.011,no
λοέσσατο,grc,1,0.011,no
λοέσσομαι,grc,1,0.011,no
λοέτρʼ,grc,1,0.011,no
λοετρά,grc,1,0.011,no
λοετροχόον,grc,1,0.011,no
λοετροχόῳ,grc,1,0.011,no
λοετρῶν,grc,1,0.011,no
λοιβὴν,grc,1,0.011,no
λοπὸν,grc,1,0.011,no
λοῦσʼ,grc,1,0.011,no
λούσαιτο,grc,1,0.011,no
λούσασα,grc,1,0.011,no
λούσασθαι,grc,1,0.011,no
λούσασθε,grc,1,0.011,no
λούσατέ,grc,1,0.011,no
λοῦσθαι,grc,1,0.011,no
λοφιήν,grc,1,0.011,no
λόφον,grc,1,0.011,no
λοχήσας,grc,1,0.011,no
λοχήσομαι,grc,1,0.011,no
λόχμῃ,grc,1,0.011,no
λόχοι,grc,1,0.011,no
λόχονδε,grc,1,0.011,no
λόχος,grc,1,0.011,no
λόχου,grc,1,0.011,no
λοχόωσι,grc,1,0.011,no
λοχόωσιν,grc,1,0.011,no
λοχῶσιν,grc,1,0.011,no
λύʼ,grc,1,0.011,no
λύγοισιν,grc,1,0.011,no
λύγους,grc,1,0.011,no
λυγρήν,grc,1,0.011,no
λυγροῖς,grc,1,0.011,no
λυγρόν,grc,1,0.011,no
λυγρὸς,grc,1,0.011,no
λύθρῳ,grc,1,0.011,no
λύκους,grc,1,0.011,no
λύομεν,grc,1,0.011,no
λυόμην,grc,1,0.011,no
λύον,grc,1,0.011,no
λυπρή,grc,1,0.011,no
λύσασθʼ,grc,1,0.011,no
λύσειεν,grc,1,0.011,no
λύσῃ,grc,1,0.011,no
λυσιμελής,grc,1,0.011,no
λυσιμελὴς,grc,1,0.011,no
λύσιν,grc,1,0.011,no
λυσόμενος,grc,1,0.011,no
λύχνον,grc,1,0.011,no
λωβεύεις,grc,1,0.011,no
λωβεύω,grc,1,0.011,no
λώιόν,grc,1,0.011,no
λώπην,grc,1,0.011,no
λωτὸν,grc,1,0.011,no
λωτὸς,grc,1,0.011,no
λωτοφάγοι,grc,1,0.011,no
λωτοφάγοισι,grc,1,0.011,no
λωτοφάγοισιν,grc,1,0.011,no
λωφήσειε,grc,1,0.011,no
μὰ,grc,1,0.011,no
μαζόν,grc,1,0.011,no
μαιάδος,grc,1,0.011,no
μαίεσθαι,grc,1,0.011,no
μαίνεαι,grc,1,0.011,no
μαίνεσθε,grc,1,0.011,no
μαίνεται,grc,1,0.011,no
μαινόμενος,grc,1,0.011,no
μαιομένη,grc,1,0.011,no
μαῖράν,grc,1,0.011,no
μακάρεσσιν,grc,1,0.011,no
μάκαρός,grc,1,0.011,no
μακεδνῆς,grc,1,0.011,no
μάκρʼ,grc,1,0.011,no
μακραί,grc,1,0.011,no
μακράς,grc,1,0.011,no
μακρή,grc,1,0.011,no
μακρῇσι,grc,1,0.011,no
μακρῇσιν,grc,1,0.011,no
μακρῇσίν,grc,1,0.011,no
μακροί,grc,1,0.011,no
μακροτέρην,grc,1,0.011,no
μακρότερον,grc,1,0.011,no
μαλʼ,grc,1,0.011,no
μὰλα,grc,1,0.011,no
μαλακῇ,grc,1,0.011,no
μαλακοί,grc,1,0.011,no
μαλακοὶ,grc,1,0.011,no
μαλακός,grc,1,0.011,no
μαλακοῦ,grc,1,0.011,no
μαλακῷ,grc,1,0.011,no
μάλειαν,grc,1,0.011,no
μαλειῶν,grc,1,0.011,no
μάλιστά,grc,1,0.011,no
μαντεύεο,grc,1,0.011,no
μαντεύετο,grc,1,0.011,no
μαντεύομαι,grc,1,0.011,no
μαντευόμενος,grc,1,0.011,no
μαντεύσατο,grc,1,0.011,no
μαντήια,grc,1,0.011,no
μάντιον,grc,1,0.011,no
μάντιος,grc,1,0.011,no
μαντοσύνῃ,grc,1,0.011,no
μαραθῶνα,grc,1,0.011,no
μάργε,grc,1,0.011,no
μάργῃ,grc,1,0.011,no
μάργην,grc,1,0.011,no
μαρμαρυγὰς,grc,1,0.011,no
μαρμάρῳ,grc,1,0.011,no
μαρναίμεθα,grc,1,0.011,no
μαρνάμεθʼ,grc,1,0.011,no
μαρνάμενοι,grc,1,0.011,no
μαρνάμενον,grc,1,0.011,no
μαρναμένους,grc,1,0.011,no
μαρναμένων,grc,1,0.011,no
μάρνασθαι,grc,1,0.011,no
μαρτυρίῃσιν,grc,1,0.011,no
μάρτυρος,grc,1,0.011,no
μάρων,grc,1,0.011,no
μάσασθαι,grc,1,0.011,no
μᾶσσον,grc,1,0.011,no
μάστιγα,grc,1,0.011,no
μάστιγι,grc,1,0.011,no
μάστιν,grc,1,0.011,no
ματίῃ,grc,1,0.011,no
μάχαι,grc,1,0.011,no
μαχειόμενος,grc,1,0.011,no
μαχεούμενοι,grc,1,0.011,no
μαχεούμενον,grc,1,0.011,no
μαχέσσασθαι,grc,1,0.011,no
μάχῃ,grc,1,0.011,no
μάχην,grc,1,0.011,no
μαχήσασθαι,grc,1,0.011,no
μαχήσεται,grc,1,0.011,no
μαχητὰς,grc,1,0.011,no
μαχητήν,grc,1,0.011,no
μαχητής,grc,1,0.011,no
μαχητόν,grc,1,0.011,no
μάχοιο,grc,1,0.011,no
μάχοντο,grc,1,0.011,no
μάψ,grc,1,0.011,no
μὰψ,grc,1,0.011,no
μέ,grc,1,0.011,no
μεγάθυμοι,grc,1,0.011,no
μεγαθύμους,grc,1,0.011,no
μεγαθύμων,grc,1,0.011,no
μεγακήτεα,grc,1,0.011,no
μεγάλας,grc,1,0.011,no
μεγαλήτορες,grc,1,0.011,no
μεγαλίζομαι,grc,1,0.011,no
μεγάλων,grc,1,0.011,no
μεγάλως,grc,1,0.011,no
μεγαλωστί,grc,1,0.011,no
μεγαπένθεʼ,grc,1,0.011,no
μεγάρην,grc,1,0.011,no
μεγάροιό,grc,1,0.011,no
μεγάρου,grc,1,0.011,no
μεγήρῃς,grc,1,0.011,no
μέδοντα,grc,1,0.011,no
μέδοντας,grc,1,0.011,no
μέδοντος,grc,1,0.011,no
μεδώμεθα,grc,1,0.011,no
μεθείη,grc,1,0.011,no
μεθέλεσκε,grc,1,0.011,no
μεθέπεις,grc,1,0.011,no
μεθῆκε,grc,1,0.011,no
μεθῆκεν,grc,1,0.011,no
μεθήμενος,grc,1,0.011,no
μεθήμονα,grc,1,0.011,no
μεθησέμεναί,grc,1,0.011,no
μεθίεις,grc,1,0.011,no
μέθιεν,grc,1,0.011,no
μεθορμηθεὶς,grc,1,0.011,no
μεθύοντι,grc,1,0.011,no
μείδησε,grc,1,0.011,no
μείζονες,grc,1,0.011,no
μειλίγματα,grc,1,0.011,no
μειλιχίῃ,grc,1,0.011,no
μειλιχίοισιν,grc,1,0.011,no
μειλίχιον,grc,1,0.011,no
μείλιχον,grc,1,0.011,no
μεῖνα,grc,1,0.011,no
μεῖναί,grc,1,0.011,no
μεῖνε,grc,1,0.011,no
μελαγχροιὴς,grc,1,0.011,no
μελάθρου,grc,1,0.011,no
μελαθρόφιν,grc,1,0.011,no
μελάθρῳ,grc,1,0.011,no
μελάμποδος,grc,1,0.011,no
μέλανα,grc,1,0.011,no
μελανῆος,grc,1,0.011,no
μελανθεῦ,grc,1,0.011,no
μελανθεὺς,grc,1,0.011,no
μελάνθιε,grc,1,0.011,no
μελανόχροος,grc,1,0.011,no
μελάνυδρον,grc,1,0.011,no
μέλε,grc,1,0.011,no
μελεδῶνες,grc,1,0.011,no
μελέεσσι,grc,1,0.011,no
μελέη,grc,1,0.011,no
μελέμεν,grc,1,0.011,no
μελέσθω,grc,1,0.011,no
μέλι,grc,1,0.011,no
μελίγηρυν,grc,1,0.011,no
μελιηδέος,grc,1,0.011,no
μελιηδής,grc,1,0.011,no
μελιηδὴς,grc,1,0.011,no
μελίῃσιν,grc,1,0.011,no
μελίνου,grc,1,0.011,no
μέλισσαι,grc,1,0.011,no
μελίφρονος,grc,1,0.011,no
μέλλετʼ,grc,1,0.011,no
μέλλοι,grc,1,0.011,no
μέλλουσι,grc,1,0.011,no
μέλλουσιν,grc,1,0.011,no
μέλλω,grc,1,0.011,no
μέλουσα,grc,1,0.011,no
μέλω,grc,1,0.011,no
μέμασαν,grc,1,0.011,no
μεμαὼς,grc,1,0.011,no
μεμαῶτας,grc,1,0.011,no
μέμβλετο,grc,1,0.011,no
μέμβλωκε,grc,1,0.011,no
μέμηκον,grc,1,0.011,no
μέμηλε,grc,1,0.011,no
μεμήλει,grc,1,0.011,no
μεμιγμένα,grc,1,0.011,no
μεμιγμένη,grc,1,0.011,no
μέμνῃ,grc,1,0.011,no
μέμνημαι,grc,1,0.011,no
μεμνημένη,grc,1,0.011,no
μεμνημένοι,grc,1,0.011,no
μέμνητʼ,grc,1,0.011,no
μέμνονα,grc,1,0.011,no
μεμνώμεθα,grc,1,0.011,no
μεμορυγμένα,grc,1,0.011,no
μεμύκει,grc,1,0.011,no
μένεʼ,grc,1,0.011,no
μενέαινε,grc,1,0.011,no
μενεαίνεις,grc,1,0.011,no
μενεαίνετε,grc,1,0.011,no
μενεαίνω,grc,1,0.011,no
μενέεις,grc,1,0.011,no
μενεήναμεν,grc,1,0.011,no
μένεν,grc,1,0.011,no
μένεος,grc,1,0.011,no
μενεπτόλεμος,grc,1,0.011,no
μένετʼ,grc,1,0.011,no
μένῃ,grc,1,0.011,no
μενοεικές,grc,1,0.011,no
μένοιεν,grc,1,0.011,no
μενοινήσειʼ,grc,1,0.011,no
μενοίνησεν,grc,1,0.011,no
μένοις,grc,1,0.011,no
μενοιτιάδαο,grc,1,0.011,no
μένομέν,grc,1,0.011,no
μένοντα,grc,1,0.011,no
μένουσʼ,grc,1,0.011,no
μένουσι,grc,1,0.011,no
μέντῃ,grc,1,0.011,no
μένω,grc,1,0.011,no
μερμερίδαο,grc,1,0.011,no
μερμήριζεν,grc,1,0.011,no
μερμηρίζω,grc,1,0.011,no
μερμηρίξαι,grc,1,0.011,no
μερμηρίξω,grc,1,0.011,no
μέρμιθι,grc,1,0.011,no
μέσα,grc,1,0.011,no
μέσῃ,grc,1,0.011,no
μέσῃσι,grc,1,0.011,no
μέσσαυλον,grc,1,0.011,no
μέσση,grc,1,0.011,no
μέσσην,grc,1,0.011,no
μεσσήνῃ,grc,1,0.011,no
μεσσήνιοι,grc,1,0.011,no
μέσσῃσι,grc,1,0.011,no
μέσσοισι,grc,1,0.011,no
μέσσοισιν,grc,1,0.011,no
μέσσους,grc,1,0.011,no
μετά,grc,1,0.011,yes
μετάβηθι,grc,1,0.011,no
μεταδαίσεται,grc,1,0.011,no
μεταδήμιον,grc,1,0.011,no
μεταδήμιος,grc,1,0.011,no
μεταδόρπιος,grc,1,0.011,no
μεταΐζειν,grc,1,0.011,no
μεταλλῆσαί,grc,1,0.011,no
μεταμίξομεν,grc,1,0.011,no
μετασπὼν,grc,1,0.011,no
μέτασσαι,grc,1,0.011,no
μεταστήσω,grc,1,0.011,no
μεταστρέψωσιν,grc,1,0.011,no
μετάφρενον,grc,1,0.011,no
μετεβούλευσαν,grc,1,0.011,no
μετέειπον,grc,1,0.011,no
μετέθηκε,grc,1,0.011,no
μετείη,grc,1,0.011,no
μετεκίαθε,grc,1,0.011,no
μετέλθοι,grc,1,0.011,no
μετέμισγον,grc,1,0.011,no
μετενίσσετο,grc,1,0.011,no
μετέπρεπε,grc,1,0.011,no
μετέπρεπον,grc,1,0.011,no
μετέρεπον,grc,1,0.011,no
μετέρχεται,grc,1,0.011,no
μετέρχομαι,grc,1,0.011,no
μετερχόμενος,grc,1,0.011,no
μετέσσομαι,grc,1,0.011,no
μετέστενον,grc,1,0.011,no
μετεφώνεε,grc,1,0.011,no
μετεφώνεεν,grc,1,0.011,no
μετεφώνει,grc,1,0.011,no
μετεφώνεον,grc,1,0.011,no
μετοιχομένη,grc,1,0.011,no
μετοχλίσσειεν,grc,1,0.011,no
μετρήσαντες,grc,1,0.011,no
μέτωπα,grc,1,0.011,no
μήδεαι,grc,1,0.011,no
μήδετʼ,grc,1,0.011,no
μηδοίμην,grc,1,0.011,no
μήδονθʼ,grc,1,0.011,no
μηκίστους,grc,1,0.011,no
μῆκός,grc,1,0.011,no
μηλέας,grc,1,0.011,no
μήλοπα,grc,1,0.011,no
μήλῳ,grc,1,0.011,no
μῆνας,grc,1,0.011,no
μηνὶ,grc,1,0.011,no
μηνίει,grc,1,0.011,no
μήνιμα,grc,1,0.011,no
μήνιος,grc,1,0.011,no
μήποτε,grc,1,0.011,no
μῆρα,grc,1,0.011,no
μηροὺς,grc,1,0.011,no
μηρύσαντο,grc,1,0.011,no
μηρὼ,grc,1,0.011,no
μήσατʼ,grc,1,0.011,no
μήσεαι,grc,1,0.011,no
μητέρας,grc,1,0.011,no
μήτι,grc,1,0.011,no
μητιόεντα,grc,1,0.011,no
μητιόωντες,grc,1,0.011,no
μητισαίμην,grc,1,0.011,no
μητίσασθαι,grc,1,0.011,no
μητρί,grc,1,0.011,no
μητρώϊον,grc,1,0.011,no
μηχανάασθε,grc,1,0.011,no
μηχανόωντας,grc,1,0.011,no
μηχανόῳτο,grc,1,0.011,no
μιγαζομένους,grc,1,0.011,no
μίγδα,grc,1,0.011,no
μιγείην,grc,1,0.011,no
μίγεν,grc,1,0.011,no
μιγέντα,grc,1,0.011,no
μιγέντε,grc,1,0.011,no
μιγήῃς,grc,1,0.011,no
μίγησαν,grc,1,0.011,no
μικρὸς,grc,1,0.011,no
μιλτοπάρῃοι,grc,1,0.011,no
μίμαντα,grc,1,0.011,no
μίμνει,grc,1,0.011,no
μίμνεις,grc,1,0.011,no
μίμνετε,grc,1,0.011,no
μίμνῃ,grc,1,0.011,no
μίμνησκʼ,grc,1,0.011,no
μιμνήσκεο,grc,1,0.011,no
μιμνήσκεσθαι,grc,1,0.011,no
μιμνήσκεται,grc,1,0.011,no
μιμνήσκοιτο,grc,1,0.011,no
μίμνοι,grc,1,0.011,no
μίμνομεν,grc,1,0.011,no
μίμνον,grc,1,0.011,no
μίμνω,grc,1,0.011,no
μινυείῳ,grc,1,0.011,no
μινύθεσκον,grc,1,0.011,no
μινύθουσι,grc,1,0.011,no
μίνυνθα,grc,1,0.011,no
μινυνθάδιοι,grc,1,0.011,no
μινυνθαδίω,grc,1,0.011,no
μινύριζον,grc,1,0.011,no
μίνωα,grc,1,0.011,no
μίνως,grc,1,0.011,no
μισγέμεναι,grc,1,0.011,no
μίσγεσθαι,grc,1,0.011,no
μισγέσκετο,grc,1,0.011,no
μίσγεται,grc,1,0.011,no
μίσγηται,grc,1,0.011,no
μισγομένων,grc,1,0.011,no
μίσγοντό,grc,1,0.011,no
μισθὸν,grc,1,0.011,no
μισθὸς,grc,1,0.011,no
μισθούς,grc,1,0.011,no
μίστυλλέν,grc,1,0.011,no
μνάᾳ,grc,1,0.011,no
μνάασθαι,grc,1,0.011,no
μνᾶσθαι,grc,1,0.011,no
μνάσκετʼ,grc,1,0.011,no
μνῆμʼ,grc,1,0.011,no
μνῆμα,grc,1,0.011,no
μνησαίατο,grc,1,0.011,no
μνήσαιτο,grc,1,0.011,no
μνησαμένη,grc,1,0.011,no
μνησάμενοι,grc,1,0.011,no
μνησαμένοις,grc,1,0.011,no
μνήσαντο,grc,1,0.011,no
μνήσει,grc,1,0.011,no
μνήσεσθαι,grc,1,0.011,no
μνησθῆναι,grc,1,0.011,no
μνησόμεθʼ,grc,1,0.011,no
μνησόμεθα,grc,1,0.011,no
μνηστεύειν,grc,1,0.011,no
μνηστεύσαντες,grc,1,0.011,no
μνηστήν,grc,1,0.011,no
μνηστῆρσʼ,grc,1,0.011,no
μνηστῆς,grc,1,0.011,no
μνῆστις,grc,1,0.011,no
μνηστύος,grc,1,0.011,no
μνώμεθʼ,grc,1,0.011,no
μνωομένω,grc,1,0.011,no
μνωομένῳ,grc,1,0.011,no
μνώοντο,grc,1,0.011,no
μογέοντες,grc,1,0.011,no
μογήσῃ,grc,1,0.011,no
μοῖράν,grc,1,0.011,no
μοιχάγριʼ,grc,1,0.011,no
μολοβρὸν,grc,1,0.011,no
μολοβρὸς,grc,1,0.011,no
μολόντες,grc,1,0.011,no
μολπή,grc,1,0.011,no
μολπῇ,grc,1,0.011,no
μολών,grc,1,0.011,no
μορόεντα,grc,1,0.011,no
μόρσιμον,grc,1,0.011,no
μορφὴ,grc,1,0.011,no
μορφὴν,grc,1,0.011,no
μούλιος,grc,1,0.011,no
μούνη,grc,1,0.011,no
μοῦνοι,grc,1,0.011,no
μούνω,grc,1,0.011,no
μουνωθέντα,grc,1,0.011,no
μούνωσε,grc,1,0.011,no
μοῦσαι,grc,1,0.011,no
μοχλοῖσιν,grc,1,0.011,no
μοχλὸς,grc,1,0.011,no
μοχλῷ,grc,1,0.011,no
μυελόεντα,grc,1,0.011,no
μυθέαι,grc,1,0.011,no
μυθεῖαι,grc,1,0.011,no
μυθείσθην,grc,1,0.011,no
μυθεόμην,grc,1,0.011,no
μῦθοι,grc,1,0.011,no
μῦθοί,grc,1,0.011,no
μυθολογεύειν,grc,1,0.011,no
μυθολογεύω,grc,1,0.011,no
μύθου,grc,1,0.011,no
μύθους,grc,1,0.011,no
μυκηθμοῦ,grc,1,0.011,no
μυκήνη,grc,1,0.011,no
μυκώμεναι,grc,1,0.011,no
μύλαι,grc,1,0.011,no
μύλην,grc,1,0.011,no
μύλῃς,grc,1,0.011,no
μυληφάτου,grc,1,0.011,no
μύνῃσι,grc,1,0.011,no
μυρίαι,grc,1,0.011,no
μυρίον,grc,1,0.011,no
μυρμιδόνας,grc,1,0.011,no
μυρμιδόνεσσιν,grc,1,0.011,no
μυρμιδόνων,grc,1,0.011,no
μυρόμενόν,grc,1,0.011,no
μυχμῷ,grc,1,0.011,no
μυχοίτατος,grc,1,0.011,no
μυχόνδε,grc,1,0.011,no
μῶλος,grc,1,0.011,no
μῶλυ,grc,1,0.011,no
μωμεύῃ,grc,1,0.011,no
μῶμον,grc,1,0.011,no
μώνυχας,grc,1,0.011,no
νάει,grc,1,0.011,no
ναίεις,grc,1,0.011,no
ναιέμεν,grc,1,0.011,no
ναιέμεναι,grc,1,0.011,no
ναιετάασκε,grc,1,0.011,no
ναιετάοντα,grc,1,0.011,no
ναιετάουσι,grc,1,0.011,no
ναιετάουσιν,grc,1,0.011,no
ναιετάω,grc,1,0.011,no
ναιετοώσας,grc,1,0.011,no
ναιετοώσης,grc,1,0.011,no
ναιομένην,grc,1,0.011,no
ναῖον,grc,1,0.011,no
ναίοντες,grc,1,0.011,no
ναίω,grc,1,0.011,no
νάκην,grc,1,0.011,no
νάσσα,grc,1,0.011,no
ναυβολίδης,grc,1,0.011,no
ναύλοχοι,grc,1,0.011,no
ναύλοχον,grc,1,0.011,no
ναυσιθόου,grc,1,0.011,no
ναυσικάᾳ,grc,1,0.011,no
ναυσικλειτοῖο,grc,1,0.011,no
ναυσικλυτοὶ,grc,1,0.011,no
ναυτάων,grc,1,0.011,no
ναυτεύς,grc,1,0.011,no
ναυτέων,grc,1,0.011,no
ναυτιλίῃ,grc,1,0.011,no
ναυτίλλεσθαι,grc,1,0.011,no
ναυτίλλεται,grc,1,0.011,no
ναῦφιν,grc,1,0.011,no
νέα,grc,1,0.011,no
νέαιρα,grc,1,0.011,no
νεβρὸν,grc,1,0.011,no
νέεσσιν,grc,1,0.011,no
νέην,grc,1,0.011,no
νεηνίαι,grc,1,0.011,no
νεήνιδι,grc,1,0.011,no
νεηνίῃ,grc,1,0.011,no
νείατον,grc,1,0.011,no
νείατος,grc,1,0.011,no
νείκεε,grc,1,0.011,no
νεικείῃ,grc,1,0.011,no
νείκειον,grc,1,0.011,no
νεικείων,grc,1,0.011,no
νεικέοι,grc,1,0.011,no
νείκεον,grc,1,0.011,no
νείκεσʼ,grc,1,0.011,no
νείκεσέ,grc,1,0.011,no
νείκεσεν,grc,1,0.011,no
νείκεσσε,grc,1,0.011,no
νεῖμε,grc,1,0.011,no
νεῖμεν,grc,1,0.011,no
νειὸν,grc,1,0.011,no
νεῖσθαι,grc,1,0.011,no
νεῖτʼ,grc,1,0.011,no
νεκροὶ,grc,1,0.011,no
νεκρόν,grc,1,0.011,no
νεκρός,grc,1,0.011,no
νεκροῦ,grc,1,0.011,no
νέκταρός,grc,1,0.011,no
νέκυάς,grc,1,0.011,no
νέκυς,grc,1,0.011,no
νέμεαι,grc,1,0.011,no
νέμει,grc,1,0.011,no
νεμεσήσεται,grc,1,0.011,no
νέμεσθαι,grc,1,0.011,no
νεμεσίζεται,grc,1,0.011,no
νεμεσίζετο,grc,1,0.011,no
νεμεσίζομαι,grc,1,0.011,no
νέμεσιν,grc,1,0.011,no
νεμεσσήθη,grc,1,0.011,no
νεμεσσήθητε,grc,1,0.011,no
νεμεσσήσαιτό,grc,1,0.011,no
νεμεσῶ,grc,1,0.011,no
νέμεται,grc,1,0.011,no
νέμηαι,grc,1,0.011,no
νεμόμεσθʼ,grc,1,0.011,no
νέμονται,grc,1,0.011,no
νέμων,grc,1,0.011,no
νεογιλῆς,grc,1,0.011,no
νεόδαρτα,grc,1,0.011,no
νεόδαρτον,grc,1,0.011,no
νεοίμεθα,grc,1,0.011,no
νέομαι,grc,1,0.011,no
νέονται,grc,1,0.011,no
νεοπενθέα,grc,1,0.011,no
νεόπλυτα,grc,1,0.011,no
νεοπρίστου,grc,1,0.011,no
νεοπτολέμοιο,grc,1,0.011,no
νεός,grc,1,0.011,no
νέποδες,grc,1,0.011,no
νέρθε,grc,1,0.011,no
νέρθεν,grc,1,0.011,no
νέστορά,grc,1,0.011,no
νεύοιεν,grc,1,0.011,no
νεῦον,grc,1,0.011,no
νευρήν,grc,1,0.011,no
νευρῆς,grc,1,0.011,no
νευρῆφιν,grc,1,0.011,no
νεῦσʼ,grc,1,0.011,no
νεῦσε,grc,1,0.011,no
νεῦσεν,grc,1,0.011,no
νεύσω,grc,1,0.011,no
νεφέεσσιν,grc,1,0.011,no
νεφέλας,grc,1,0.011,no
νεφέων,grc,1,0.011,no
νεωτάτη,grc,1,0.011,no
νεώτατος,grc,1,0.011,no
νῆά,grc,1,0.011,no
νῆάδʼ,grc,1,0.011,no
νήγρετον,grc,1,0.011,no
νήγρετος,grc,1,0.011,no
νηδὺν,grc,1,0.011,no
νήεσσʼ,grc,1,0.011,no
νήεσσιν,grc,1,0.011,no
νηῆσαι,grc,1,0.011,no
νήησαν,grc,1,0.011,no
νηΐ,grc,1,0.011,no
νήια,grc,1,0.011,no
νήιον,grc,1,0.011,no
νῆις,grc,1,0.011,no
νηίῳ,grc,1,0.011,no
νηκερδὲς,grc,1,0.011,no
νηλέα,grc,1,0.011,no
νηληϊάδαο,grc,1,0.011,no
νηλήιον,grc,1,0.011,no
νήματος,grc,1,0.011,no
νημερτέʼ,grc,1,0.011,no
νημερτές,grc,1,0.011,no
νήξομʼ,grc,1,0.011,no
νηὸν,grc,1,0.011,no
νηοὺς,grc,1,0.011,no
νηπενθές,grc,1,0.011,no
νηπιάας,grc,1,0.011,no
νηπιέῃσι,grc,1,0.011,no
νήπιον,grc,1,0.011,no
νήρικον,grc,1,0.011,no
νήριτον,grc,1,0.011,no
νήριτόν,grc,1,0.011,no
νήριτος,grc,1,0.011,no
νήσαντο,grc,1,0.011,no
νῆσοι,grc,1,0.011,no
νήσοισι,grc,1,0.011,no
νῆσόν,grc,1,0.011,no
νῆσός,grc,1,0.011,no
νήστιες,grc,1,0.011,no
νητὸς,grc,1,0.011,no
νηυσί,grc,1,0.011,no
νηχέμεναι,grc,1,0.011,no
νηχόμενοι,grc,1,0.011,no
νηχομένοισι,grc,1,0.011,no
νῆχον,grc,1,0.011,no
νίζε,grc,1,0.011,no
νίζειν,grc,1,0.011,no
νίζετο,grc,1,0.011,no
νίζον,grc,1,0.011,no
νικᾷ,grc,1,0.011,no
νίκα,grc,1,0.011,no
νικᾶν,grc,1,0.011,no
νικάσκομεν,grc,1,0.011,no
νίκην,grc,1,0.011,no
νίκης,grc,1,0.011,no
νίκησα,grc,1,0.011,no
νικῆσαι,grc,1,0.011,no
νίκησεν,grc,1,0.011,no
νικήσουσι,grc,1,0.011,no
νῖσον,grc,1,0.011,no
νισσόμεθα,grc,1,0.011,no
νιφετός,grc,1,0.011,no
νιφόεντα,grc,1,0.011,no
νιψάμενοι,grc,1,0.011,no
νίψει,grc,1,0.011,no
νίψεν,grc,1,0.011,no
νίψον,grc,1,0.011,no
νίψω,grc,1,0.011,no
νοέεις,grc,1,0.011,no
νόει,grc,1,0.011,no
νοήμασι,grc,1,0.011,no
νοήμασιν,grc,1,0.011,no
νοήματος,grc,1,0.011,no
νοήμονα,grc,1,0.011,no
νόησα,grc,1,0.011,no
νοῆσαί,grc,1,0.011,no
νοήσεις,grc,1,0.011,no
νομεὺς,grc,1,0.011,no
νομὸν,grc,1,0.011,no
νομόνδʼ,grc,1,0.011,no
νομοῦ,grc,1,0.011,no
νοός,grc,1,0.011,no
νόστησʼ,grc,1,0.011,no
νοστήσαντά,grc,1,0.011,no
νόστησας,grc,1,0.011,no
νοστήσειʼ,grc,1,0.011,no
νοστήσεις,grc,1,0.011,no
νοστήσῃ,grc,1,0.011,no
νοσφίζεαι,grc,1,0.011,no
νοσφισάμην,grc,1,0.011,no
νοσφίσατʼ,grc,1,0.011,no
νοσφισθείς,grc,1,0.011,no
νοσφισσαμένην,grc,1,0.011,no
νοῦς,grc,1,0.011,no
νοῦσον,grc,1,0.011,no
νούσῳ,grc,1,0.011,no
νυκτερίδες,grc,1,0.011,no
νυκτερίς,grc,1,0.011,no
νυκτῶν,grc,1,0.011,no
νύμφα,grc,1,0.011,no
νυμφέων,grc,1,0.011,no
νύμφῃς,grc,1,0.011,no
νυμφίον,grc,1,0.011,no
νύξας,grc,1,0.011,no
νυοί,grc,1,0.011,no
νύσσης,grc,1,0.011,no
νὼ,grc,1,0.011,no
νῶιν,grc,1,0.011,no
νωιτέρην,grc,1,0.011,no
νωμᾷ,grc,1,0.011,no
νωμᾷς,grc,1,0.011,no
νώνυμνον,grc,1,0.011,no
νώνυμον,grc,1,0.011,no
νώνυμός,grc,1,0.011,no
νώτοισιν,grc,1,0.011,no
νῶτον,grc,1,0.011,no
νώτου,grc,1,0.011,no
ξαίνειν,grc,1,0.011,no
ξεῖνέ,grc,1,0.011,no
ξεινήια,grc,1,0.011,no
ξεινήϊα,grc,1,0.011,no
ξεινήϊον,grc,1,0.011,no
ξεινίζειν,grc,1,0.011,no
ξείνιος,grc,1,0.011,no
ξεινίου,grc,1,0.011,no
ξεινίσαι,grc,1,0.011,no
ξείνισας,grc,1,0.011,no
ξείνισσας,grc,1,0.011,no
ξεινίσσομεν,grc,1,0.011,no
ξεινοδόκοι,grc,1,0.011,no
ξεινοδόκος,grc,1,0.011,no
ξεινοδόκου,grc,1,0.011,no
ξείνοις,grc,1,0.011,no
ξείνοισι,grc,1,0.011,no
ξεινοσύνης,grc,1,0.011,no
ξείνω,grc,1,0.011,no
ξένιον,grc,1,0.011,no
ξερὸν,grc,1,0.011,no
ξέσσε,grc,1,0.011,no
ξεστῇς,grc,1,0.011,no
ξεστὸν,grc,1,0.011,no
ξεστῷ,grc,1,0.011,no
ξεστῶν,grc,1,0.011,no
ξίφεος,grc,1,0.011,no
ξίφεός,grc,1,0.011,no
ξίφεσιν,grc,1,0.011,no
ξίφεσίν,grc,1,0.011,no
ξυλόχοιο,grc,1,0.011,no
ξύμβληντο,grc,1,0.011,no
ξύμβληται,grc,1,0.011,no
ξυμβλήτην,grc,1,0.011,no
ξύμβλητο,grc,1,0.011,no
ξυνέαξαν,grc,1,0.011,no
ξυνεείκοσι,grc,1,0.011,no
ξυνέηχʼ,grc,1,0.011,no
ξυνελάσσομεν,grc,1,0.011,no
ξυνέσεσθαι,grc,1,0.011,no
ξύνεσίς,grc,1,0.011,no
ξύνετο,grc,1,0.011,no
ξῦον,grc,1,0.011,no
ὀαριστής,grc,1,0.011,no
ὀβελοῖσι,grc,1,0.011,no
ὀβελοὺς,grc,1,0.011,no
ὀβριμοπάτρη,grc,1,0.011,no
ὅγʼ,grc,1,0.011,no
ὀγδόατόν,grc,1,0.011,no
ὄγδοόν,grc,1,0.011,no
ὄγκιον,grc,1,0.011,no
ὄγχνας,grc,1,0.011,no
ὄγχνῃ,grc,1,0.011,no
ὄγχνην,grc,1,0.011,no
ὁδʼ,grc,1,0.011,no
ὁδῖται,grc,1,0.011,no
ὁδιτάων,grc,1,0.011,no
ὀδμή,grc,1,0.011,no
ὁδοιπόριον,grc,1,0.011,no
ὀδόντες,grc,1,0.011,no
ὁδός,grc,1,0.011,no
ὁδοῦ,grc,1,0.011,no
ὀδύνῃσιν,grc,1,0.011,no
ὀδύρεαι,grc,1,0.011,no
ὀδύρεο,grc,1,0.011,no
ὀδυρομένῃ,grc,1,0.011,no
ὀδυρομένοισι,grc,1,0.011,no
ὀδυρόμενον,grc,1,0.011,no
ὀδυρομένῳ,grc,1,0.011,no
ὀδύρονταί,grc,1,0.011,no
ὀδύσαντο,grc,1,0.011,no
ὀδυσεῖ,grc,1,0.011,no
ὀδυσεῦς,grc,1,0.011,no
ὀδυσῆ,grc,1,0.011,no
ὀδυσῆΐ,grc,1,0.011,no
ὀδυσήϊον,grc,1,0.011,no
ὀδυσσάμενος,grc,1,0.011,no
ὀδυσσέα,grc,1,0.011,no
ὀδυσσῆʼ,grc,1,0.011,no
ὁδῷ,grc,1,0.011,no
ὀδώδυσται,grc,1,0.011,no
ὄεσσι,grc,1,0.011,no
ὄζοι,grc,1,0.011,no
ὀθονέων,grc,1,0.011,no
οἶαι,grc,1,0.011,no
οἶδας,grc,1,0.011,no
οἶδέ,grc,1,0.011,no
οἰδιπόδαο,grc,1,0.011,no
ὄιές,grc,1,0.011,no
οἴεσιν,grc,1,0.011,no
ὀίεσσιν,grc,1,0.011,no
ὀΐεσσιν,grc,1,0.011,no
ὀιζυῖ,grc,1,0.011,no
ὀϊζὺν,grc,1,0.011,no
ὀϊζύος,grc,1,0.011,no
ὀιζυραὶ,grc,1,0.011,no
ὀιζυροῖο,grc,1,0.011,no
ὀιζυροῖσι,grc,1,0.011,no
ὀϊζυρὸς,grc,1,0.011,no
ὀιζυρώτατον,grc,1,0.011,no
ὀιζύσας,grc,1,0.011,no
ὀϊζύσας,grc,1,0.011,no
οἴῃ,grc,1,0.011,no
οἰήια,grc,1,0.011,no
οἰκέομεν,grc,1,0.011,no
οἰκῆες,grc,1,0.011,no
οἰκῆι,grc,1,0.011,no
οἰκῆϊ,grc,1,0.011,no
ὀϊκλείης,grc,1,0.011,no
ὀϊκλῆα,grc,1,0.011,no
οἴκοθʼ,grc,1,0.011,no
οἶκόν,grc,1,0.011,no
οἴκτιστα,grc,1,0.011,no
οἰκτροτάτην,grc,1,0.011,no
οἰκτρότερʼ,grc,1,0.011,no
οἴκων,grc,1,0.011,no
οἰκωφελίη,grc,1,0.011,no
οἴμης,grc,1,0.011,no
οἴμησεν,grc,1,0.011,no
οἰμωγὴ,grc,1,0.011,no
οἴνοιό,grc,1,0.011,no
οἴνοπε,grc,1,0.011,no
οἰνοπληθής,grc,1,0.011,no
οἴνοπος,grc,1,0.011,no
οἰνοποτάζει,grc,1,0.011,no
οἰνοποτάζων,grc,1,0.011,no
οἰνοποτῆρας,grc,1,0.011,no
οἶνός,grc,1,0.011,no
οἰνοχόει,grc,1,0.011,no
οἰνοχοεύει,grc,1,0.011,no
οἰνοχοεῦντες,grc,1,0.011,no
οἰνοχοεύων,grc,1,0.011,no
οἰνοχόον,grc,1,0.011,no
οἴοισι,grc,1,0.011,no
οἵοισιν,grc,1,0.011,no
οἴομαι,grc,1,0.011,no
ὀιομένη,grc,1,0.011,no
ὀϊομένοισι,grc,1,0.011,no
ὀϊόμενον,grc,1,0.011,no
ὀϊόμενος,grc,1,0.011,no
ὀϊόμενός,grc,1,0.011,no
οἰοπόλοισιν,grc,1,0.011,no
οἰός,grc,1,0.011,no
οἰὸς,grc,1,0.011,no
οἶός,grc,1,0.011,no
ὄϊος,grc,1,0.011,no
οἰοχίτωνʼ,grc,1,0.011,no
ὀϊσάμενος,grc,1,0.011,no
ὀΐσατο,grc,1,0.011,no
οἴσει,grc,1,0.011,no
οἰσέμεν,grc,1,0.011,no
οἴσετε,grc,1,0.011,no
οἰσέτω,grc,1,0.011,no
οἶσθʼ,grc,1,0.011,no
οἰσομένη,grc,1,0.011,no
οἴσουσι,grc,1,0.011,no
ὀϊστεύοντα,grc,1,0.011,no
ὀιστόν,grc,1,0.011,no
ὀϊστὸν,grc,1,0.011,no
ὀϊστοῦ,grc,1,0.011,no
οἶστρος,grc,1,0.011,no
ὀιστῷ,grc,1,0.011,no
οἰσυΐνῃσι,grc,1,0.011,no
οιχαλιῆι,grc,1,0.011,no
οἴχεθʼ,grc,1,0.011,no
οἴχεσθαι,grc,1,0.011,no
οἴχηται,grc,1,0.011,no
οἰχνεῦσιν,grc,1,0.011,no
οἰχομένη,grc,1,0.011,no
οἰχόμενον,grc,1,0.011,no
οἰχομένῳ,grc,1,0.011,no
οἴχωνται,grc,1,0.011,no
οἰωνοί,grc,1,0.011,no
ὀκριόεντι,grc,1,0.011,no
ὀκριόωντο,grc,1,0.011,no
ὄλβιον,grc,1,0.011,no
ὀλβίου,grc,1,0.011,no
ὄλβῳ,grc,1,0.011,no
ὄλεθʼ,grc,1,0.011,no
ὀλεῖται,grc,1,0.011,no
ὄλεκον,grc,1,0.011,no
ὀλέκουσιν,grc,1,0.011,no
ὀλέσαντʼ,grc,1,0.011,no
ὀλέσασα,grc,1,0.011,no
ὄλεσε,grc,1,0.011,no
ὀλέσειε,grc,1,0.011,no
ὄλεσεν,grc,1,0.011,no
ὀλέσσαι,grc,1,0.011,no
ὄλεσσε,grc,1,0.011,no
ὀλέσσει,grc,1,0.011,no
ὄλεσσεν,grc,1,0.011,no
ὀλέσσῃ,grc,1,0.011,no
ὀλέσσῃς,grc,1,0.011,no
ὀλέσω,grc,1,0.011,no
ὄλετʼ,grc,1,0.011,no
ὀλίγῃ,grc,1,0.011,no
ὀλίγην,grc,1,0.011,no
ὀλιγηπελέουσά,grc,1,0.011,no
ὀλιγηπελέων,grc,1,0.011,no
ὀλιγηπελίης,grc,1,0.011,no
ὀλίγοισι,grc,1,0.011,no
ὀλίγος,grc,1,0.011,no
ὀλίγου,grc,1,0.011,no
ὀλλυμένων,grc,1,0.011,no
ὀλοὰς,grc,1,0.011,no
ὀλοή,grc,1,0.011,no
ὀλοῆς,grc,1,0.011,no
ὀλόλυζε,grc,1,0.011,no
ὀλολύξαι,grc,1,0.011,no
ὀλόλυξαν,grc,1,0.011,no
ὀλόλυξε,grc,1,0.011,no
ὀλόμην,grc,1,0.011,no
ὀλοοῖο,grc,1,0.011,no
ὀλοφυδνὸν,grc,1,0.011,no
ὀλοφύραο,grc,1,0.011,no
ὀλοφύρεαι,grc,1,0.011,no
ὀλοφυρομένην,grc,1,0.011,no
ὀλοφυρόμενοι,grc,1,0.011,no
ὀλοφυρομένους,grc,1,0.011,no
ὀλοφώϊα,grc,1,0.011,no
ὀλοῷ,grc,1,0.011,no
ὀλοώτατος,grc,1,0.011,no
ὀλοώτερος,grc,1,0.011,no
ὀλύμπιε,grc,1,0.011,no
ὀλύμπου,grc,1,0.011,no
ὀλύμπῳ,grc,1,0.011,no
ὄλωλε,grc,1,0.011,no
ὄλωλεν,grc,1,0.011,no
ὄλωμαι,grc,1,0.011,no
ὅμαδον,grc,1,0.011,no
ὁμαλὸν,grc,1,0.011,no
ὁμαρτήσαντες,grc,1,0.011,no
ὁμαρτήσειεν,grc,1,0.011,no
ὁμηγυρίσασθαι,grc,1,0.011,no
ὁμήλικα,grc,1,0.011,no
ὁμήλικας,grc,1,0.011,no
ὁμήλικες,grc,1,0.011,no
ὁμήλικές,grc,1,0.011,no
ὁμιλεῖν,grc,1,0.011,no
ὁμιλεῖς,grc,1,0.011,no
ὁμιλέομεν,grc,1,0.011,no
ὁμίλεον,grc,1,0.011,no
ὁμιλήσαντες,grc,1,0.011,no
ὄμμασι,grc,1,0.011,no
ὁμόθεν,grc,1,0.011,no
ὁμοίη,grc,1,0.011,no
ὁμοίιον,grc,1,0.011,no
ὁμοιωθήμεναι,grc,1,0.011,no
ὁμοκλαί,grc,1,0.011,no
ὁμοκλέομεν,grc,1,0.011,no
ὁμόκλησαν,grc,1,0.011,no
ὁμοκλήσας,grc,1,0.011,no
ὀμορξάμενον,grc,1,0.011,no
ὀμορξάμενος,grc,1,0.011,no
ὀμόσας,grc,1,0.011,no
ὄμοσον,grc,1,0.011,no
ὀμοῦμαι,grc,1,0.011,no
ὁμοφρονέοις,grc,1,0.011,no
ὁμοφρονέοντε,grc,1,0.011,no
ὁμοφροσύνην,grc,1,0.011,no
ὁμοφροσύνῃσιν,grc,1,0.011,no
ὄμφακές,grc,1,0.011,no
ὀμφαλοέσσας,grc,1,0.011,no
ὀμφαλός,grc,1,0.011,no
ὅμως,grc,1,0.011,no
ὀνειδείοις,grc,1,0.011,no
ὀνειδίζων,grc,1,0.011,no
ὀνείρατʼ,grc,1,0.011,no
ὀνειρείῃσι,grc,1,0.011,no
ὄνειροι,grc,1,0.011,no
ὀνήμενος,grc,1,0.011,no
ὀνήσει,grc,1,0.011,no
ὀνήσιος,grc,1,0.011,no
ὄνησο,grc,1,0.011,no
ὀνησόμεθʼ,grc,1,0.011,no
ὀνητορίδην,grc,1,0.011,no
ὄνοιτο,grc,1,0.011,no
ὀνομάζειν,grc,1,0.011,no
ὀνόμαζες,grc,1,0.011,no
ὀνομακλήδην,grc,1,0.011,no
ὀνόμηνας,grc,1,0.011,no
ὀνομήνῃς,grc,1,0.011,no
ὄνονται,grc,1,0.011,no
ὄνοσαι,grc,1,0.011,no
ὀνόσσεσθαι,grc,1,0.011,no
ὄντας,grc,1,0.011,no
ὀξέες,grc,1,0.011,no
ὀξεῖαι,grc,1,0.011,no
ὀξείῃ,grc,1,0.011,no
ὀξυόεντα,grc,1,0.011,no
ὀξυόεντι,grc,1,0.011,no
ὅου,grc,1,0.011,no
ὄπ,grc,1,0.011,no
ὄπαζε,grc,1,0.011,no
ὀπάζων,grc,1,0.011,no
ὄπασσα,grc,1,0.011,no
ὀπασσάμενος,grc,1,0.011,no
ὄπασσε,grc,1,0.011,no
ὀπάσσει,grc,1,0.011,no
ὄπασσον,grc,1,0.011,no
ὀπήδει,grc,1,0.011,no
ὀπί,grc,1,0.011,no
ὄπιδος,grc,1,0.011,no
ὀπίζομαι,grc,1,0.011,no
ὄπιν,grc,1,0.011,no
ὀπιπεύσεις,grc,1,0.011,no
ὁπλίζονται,grc,1,0.011,no
ὁπλιζώμεθα,grc,1,0.011,no
ὅπλισθεν,grc,1,0.011,no
ὁπλισόμεσθα,grc,1,0.011,no
ὅπλισσόν,grc,1,0.011,no
ὅπλον,grc,1,0.011,no
ὁπλότερος,grc,1,0.011,no
ὁπλότερός,grc,1,0.011,no
ὅπλῳ,grc,1,0.011,no
ὁπόσσα,grc,1,0.011,no
ὁππόθʼ,grc,1,0.011,no
ὁπποῖʼ,grc,1,0.011,no
ὁππόσʼ,grc,1,0.011,no
ὁππόσα,grc,1,0.011,no
ὁπποτέρη,grc,1,0.011,no
ὁππότερος,grc,1,0.011,no
ὄπτʼ,grc,1,0.011,no
ὀπτὰ,grc,1,0.011,no
ὀπταλέα,grc,1,0.011,no
ὀπταλέων,grc,1,0.011,no
ὀπτηθῆναι,grc,1,0.011,no
ὀπτῆσαι,grc,1,0.011,no
ὀπτῆσαί,grc,1,0.011,no
ὀπτήσαντες,grc,1,0.011,no
ὀπτήσας,grc,1,0.011,no
ὀπτὸν,grc,1,0.011,no
ὄπυιε,grc,1,0.011,no
ὀπυιέμεν,grc,1,0.011,no
ὀπυίῃ,grc,1,0.011,no
ὀπυίοντες,grc,1,0.011,no
ὀπώρη,grc,1,0.011,no
ὀπώρῃ,grc,1,0.011,no
ὀπώρην,grc,1,0.011,no
ὀπωρινὸς,grc,1,0.011,no
ὅρα,grc,1,0.011,no
ὁράᾳς,grc,1,0.011,no
ὁρᾶσθαι,grc,1,0.011,no
ὀρέγοντας,grc,1,0.011,no
ὀρέξαι,grc,1,0.011,no
ὀρεξαμένη,grc,1,0.011,no
ὀρέξασθαι,grc,1,0.011,no
ὀρέξειαν,grc,1,0.011,no
ὀρέξῃ,grc,1,0.011,no
ὀρεσκῴους,grc,1,0.011,no
ὄρεσσι,grc,1,0.011,no
ὀρέσταο,grc,1,0.011,no
ὀρέστεροι,grc,1,0.011,no
ὅρηαι,grc,1,0.011,no
ὀρθοκραιράων,grc,1,0.011,no
ὀρθῶν,grc,1,0.011,no
ὄρινα,grc,1,0.011,no
ὀρίνετον,grc,1,0.011,no
ὀρινθέντες,grc,1,0.011,no
ὀρινομένῳ,grc,1,0.011,no
ὀρίνων,grc,1,0.011,no
ὅρκος,grc,1,0.011,no
ὁρμαθοῦ,grc,1,0.011,no
ὁρμαίνοντα,grc,1,0.011,no
ὁρμαίνοντας,grc,1,0.011,no
ὁρμαίνουσʼ,grc,1,0.011,no
ὁρμαίνουσαν,grc,1,0.011,no
ὁρμαίνων,grc,1,0.011,no
ὀρμενίδης,grc,1,0.011,no
ὁρμή,grc,1,0.011,no
ὁρμηθεὶς,grc,1,0.011,no
ὁρμηθέντε,grc,1,0.011,no
ὁρμηθέντες,grc,1,0.011,no
ὁρμηθέντος,grc,1,0.011,no
ὁρμηθῆναι,grc,1,0.011,no
ὁρμήν,grc,1,0.011,no
ὁρμῆς,grc,1,0.011,no
ὁρμήσειε,grc,1,0.011,no
ὅρμου,grc,1,0.011,no
ὄρνιθάς,grc,1,0.011,no
ὀρνίθεσσι,grc,1,0.011,no
ὄρνιθι,grc,1,0.011,no
ὄρνυθι,grc,1,0.011,no
ὀρνύμεν,grc,1,0.011,no
ὀρνυμένη,grc,1,0.011,no
ὄρνυσθʼ,grc,1,0.011,no
ὄρνυται,grc,1,0.011,no
ὄρνυτε,grc,1,0.011,no
ὀροθύνει,grc,1,0.011,no
ὀρόθυνεν,grc,1,0.011,no
ὄροιτο,grc,1,0.011,no
ὀρὸν,grc,1,0.011,no
ὄρονται,grc,1,0.011,no
ὄροντο,grc,1,0.011,no
ὄρουσαν,grc,1,0.011,no
ὀροφῆς,grc,1,0.011,no
ὁρόωσα,grc,1,0.011,no
ὄρσεο,grc,1,0.011,no
ὀρσίλοχον,grc,1,0.011,no
ὀρσοθύρη,grc,1,0.011,no
ὀρτυγίῃ,grc,1,0.011,no
ὀρτυγίης,grc,1,0.011,no
ὀρυμαγδὸν,grc,1,0.011,no
ὀρυμαγδὸς,grc,1,0.011,no
ὀρυμαγδῷ,grc,1,0.011,no
ὄρυξʼ,grc,1,0.011,no
ὀρύξαι,grc,1,0.011,no
ὀρύξας,grc,1,0.011,no
ὀρύσσειν,grc,1,0.011,no
ὀρφαναὶ,grc,1,0.011,no
ὀρφναίην,grc,1,0.011,no
ὄρχαμον,grc,1,0.011,no
ὄρχατος,grc,1,0.011,no
ὀρχάτου,grc,1,0.011,no
ὀρχηστύς,grc,1,0.011,no
ὄρχον,grc,1,0.011,no
ὄρχους,grc,1,0.011,no
ὀρῷ,grc,1,0.011,no
ὁρῶμαι,grc,1,0.011,no
ὁρῶμεν,grc,1,0.011,no
ὁρῶντο,grc,1,0.011,no
ὀρώρῃ,grc,1,0.011,no
ὁρῶσα,grc,1,0.011,no
ὁρῷτο,grc,1,0.011,no
ὅσαι,grc,1,0.011,no
ὅσην,grc,1,0.011,no
ὄσσα,grc,1,0.011,no
ὁσσάκι,grc,1,0.011,no
ὄσσῃ,grc,1,0.011,no
ὀσσομένη,grc,1,0.011,no
ὀσσόμενος,grc,1,0.011,no
ὄσσοντο,grc,1,0.011,no
ὅσσος,grc,1,0.011,no
ὀστέον,grc,1,0.011,no
ὀστεόφι,grc,1,0.011,no
ὅστις,grc,1,0.011,no
ὅτεῴ,grc,1,0.011,no
ὅτεών,grc,1,0.011,no
ὀτραλέως,grc,1,0.011,no
ὀτρηροὶ,grc,1,0.011,no
ὀτρηροὺς,grc,1,0.011,no
ὀτρηρῶς,grc,1,0.011,no
ὄτρυνε,grc,1,0.011,no
ὀτρυνέει,grc,1,0.011,no
ὀτρύνειαν,grc,1,0.011,no
ὀτρύνειε,grc,1,0.011,no
ὀτρυνέμεν,grc,1,0.011,no
ὀτρύνεσθαι,grc,1,0.011,no
ὀτρύνεσθε,grc,1,0.011,no
ὀτρύνετε,grc,1,0.011,no
ὀτρυνέων,grc,1,0.011,no
ὀτρύνῃσιν,grc,1,0.011,no
ὀτρύνοιτε,grc,1,0.011,no
ὀτρύνοντες,grc,1,0.011,no
ὀτρύνουσα,grc,1,0.011,no
ὀτρύνουσι,grc,1,0.011,no
ὀτρύνω,grc,1,0.011,no
ὀτρύνωμεν,grc,1,0.011,no
ὀτρύνων,grc,1,0.011,no
ὅττευ,grc,1,0.011,no
ὀύ,grc,1,0.011,no
οὔατʼ,grc,1,0.011,no
οὔατος,grc,1,0.011,no
οὖδάσδε,grc,1,0.011,no
οὔδεϊ,grc,1,0.011,no
οὐδενὶ,grc,1,0.011,no
οὔδεος,grc,1,0.011,no
οὐδοῖο,grc,1,0.011,no
οὐδὸς,grc,1,0.011,no
οὗθʼ,grc,1,0.011,no
οὔθατα,grc,1,0.011,no
οὔκ,grc,1,0.011,no
οὐκέθʼ,grc,1,0.011,no
οὐλὰς,grc,1,0.011,no
οὖλέ,grc,1,0.011,no
οὔλην,grc,1,0.011,no
οὐλῆς,grc,1,0.011,no
οὐλοκάρηνος,grc,1,0.011,no
οὐλόμενʼ,grc,1,0.011,no
οὐλομένῃ,grc,1,0.011,no
οὐλομένην,grc,1,0.011,no
οὐλόμενον,grc,1,0.011,no
οὐλομένων,grc,1,0.011,no
οὖλον,grc,1,0.011,no
οὔλυμπόνδʼ,grc,1,0.011,no
οὐλύμπῳ,grc,1,0.011,no
οὔλῳ,grc,1,0.011,no
οὔπω,grc,1,0.011,no
οὐρανομήκης,grc,1,0.011,no
οὐρανόν,grc,1,0.011,no
οὔρεα,grc,1,0.011,no
οὔρεϊ,grc,1,0.011,no
οὐρῇ,grc,1,0.011,no
οὐρῇσιν,grc,1,0.011,no
οὖροι,grc,1,0.011,no
οὔσης,grc,1,0.011,no
οὔταε,grc,1,0.011,no
οὐτάμενοι,grc,1,0.011,no
οὐτασμένος,grc,1,0.011,no
οὔτησε,grc,1,0.011,no
οὖτίς,grc,1,0.011,no
ὄφελες,grc,1,0.011,no
ὄφελλε,grc,1,0.011,no
ὀφέλλει,grc,1,0.011,no
ὀφέλλειεν,grc,1,0.011,no
ὀφέλλειν,grc,1,0.011,no
ὀφέλλεις,grc,1,0.011,no
ὀφέλλεται,grc,1,0.011,no
ὀφέλλετο,grc,1,0.011,no
ὄφελλον,grc,1,0.011,no
ὀφθαλμοί,grc,1,0.011,no
ὀφθαλμοὶ,grc,1,0.011,no
ὀφθαλμοῖο,grc,1,0.011,no
ὀφθαλμόν,grc,1,0.011,no
ὀφθαλμὸν,grc,1,0.011,no
ὀφθαλμὸς,grc,1,0.011,no
ὀφρύας,grc,1,0.011,no
ὀχέειν,grc,1,0.011,no
ὀχέεσκον,grc,1,0.011,no
ὀχέοντας,grc,1,0.011,no
ὄχεσφιν,grc,1,0.011,no
ὀχέων,grc,1,0.011,no
ὀχήσατο,grc,1,0.011,no
ὄχθας,grc,1,0.011,no
ὄχθῃσιν,grc,1,0.011,no
ὀχλίσσειαν,grc,1,0.011,no
ὄχοι,grc,1,0.011,no
ὄψʼ,grc,1,0.011,no
ὀψέ,grc,1,0.011,no
ὄψεαι,grc,1,0.011,no
ὀψόμενος,grc,1,0.011,no
πάγχαλκον,grc,1,0.011,no
πάγχαλκος,grc,1,0.011,no
πάθʼ,grc,1,0.011,no
παθέειν,grc,1,0.011,no
πάθετʼ,grc,1,0.011,no
πάθῃ,grc,1,0.011,no
πάθῃς,grc,1,0.011,no
πάθῃσι,grc,1,0.011,no
πάθῃσιν,grc,1,0.011,no
πάθοιμεν,grc,1,0.011,no
πάθομεν,grc,1,0.011,no
παθόντʼ,grc,1,0.011,no
πάθωμεν,grc,1,0.011,no
παθών,grc,1,0.011,no
παῖ,grc,1,0.011,no
πάϊ,grc,1,0.011,no
παῖδας,grc,1,0.011,no
παῖδάς,grc,1,0.011,no
παίδεσσιν,grc,1,0.011,no
παιδός,grc,1,0.011,no
παιζόντων,grc,1,0.011,no
παιζούσας,grc,1,0.011,no
παίζουσι,grc,1,0.011,no
παιήονός,grc,1,0.011,no
παίσατε,grc,1,0.011,no
παισί,grc,1,0.011,no
παισὶ,grc,1,0.011,no
παισὶν,grc,1,0.011,no
παλαιγενές,grc,1,0.011,no
παλαιή,grc,1,0.011,no
παλαιμοσύνῃ,grc,1,0.011,no
παλαιμοσύνης,grc,1,0.011,no
παλαισταί,grc,1,0.011,no
παλαιφάτου,grc,1,0.011,no
παλαιῶν,grc,1,0.011,no
παλαμάων,grc,1,0.011,no
παλάμηφιν,grc,1,0.011,no
παλαξέμεν,grc,1,0.011,no
πάλῃ,grc,1,0.011,no
παλιμπετὲς,grc,1,0.011,no
παλιμπλαγχθέντα,grc,1,0.011,no
παλλακίς,grc,1,0.011,no
πάλλομεν,grc,1,0.011,no
παλύνας,grc,1,0.011,no
παλύνειν,grc,1,0.011,no
πάλυνεν,grc,1,0.011,no
πάλυνον,grc,1,0.011,no
παμμέλανας,grc,1,0.011,no
παμποίκιλοι,grc,1,0.011,no
παναπάλῳ,grc,1,0.011,no
πανδαμάτωρ,grc,1,0.011,no
πανδήμιος,grc,1,0.011,no
πανῆμαρ,grc,1,0.011,no
πανημερίη,grc,1,0.011,no
πανημερίης,grc,1,0.011,no
πανθυμαδὸν,grc,1,0.011,no
παννυχίη,grc,1,0.011,no
πάννυχον,grc,1,0.011,no
πάννυχος,grc,1,0.011,no
πανοπῆος,grc,1,0.011,no
πάνορμοι,grc,1,0.011,no
παντοίας,grc,1,0.011,no
παντοίη,grc,1,0.011,no
παντοῖοι,grc,1,0.011,no
παντοίοις,grc,1,0.011,no
πάντοσʼ,grc,1,0.011,no
πανυπερτάτη,grc,1,0.011,no
πανύστατος,grc,1,0.011,no
πάππα,grc,1,0.011,no
παπταίνοντε,grc,1,0.011,no
παπταίνοντες,grc,1,0.011,no
παπταίνοντι,grc,1,0.011,no
παπτήνας,grc,1,0.011,no
παπτήνασα,grc,1,0.011,no
πάρʼ,grc,1,0.011,no
πὰρʼ,grc,1,0.011,no
παραδρώωσι,grc,1,0.011,no
παραείδειν,grc,1,0.011,no
παραιπεπίθῃσιν,grc,1,0.011,no
παράκειται,grc,1,0.011,no
παρακλιδόν,grc,1,0.011,no
παρακλιδὸν,grc,1,0.011,no
παρακλίνας,grc,1,0.011,no
παρακοίτι,grc,1,0.011,no
παραμειψάμενος,grc,1,0.011,no
παραμίμνων,grc,1,0.011,no
παρανήξομαι,grc,1,0.011,no
παραπλάγξασα,grc,1,0.011,no
παραπνεύσῃ,grc,1,0.011,no
παρασταῖεν,grc,1,0.011,no
παρασταίης,grc,1,0.011,no
παραστήσεσθαι,grc,1,0.011,no
παρασχεῖν,grc,1,0.011,no
παράσχῃ,grc,1,0.011,no
παρατεκτήναιο,grc,1,0.011,no
παρατροπέων,grc,1,0.011,no
παραυδήσας,grc,1,0.011,no
παραυδῶν,grc,1,0.011,no
πάρδαλις,grc,1,0.011,no
παρέασι,grc,1,0.011,no
παρεγίγνετο,grc,1,0.011,no
παρέδραθεν,grc,1,0.011,no
παρέθηκʼ,grc,1,0.011,no
παρέθηχʼ,grc,1,0.011,no
παρεῖχον,grc,1,0.011,no
παρέκειτο,grc,1,0.011,no
παρεκέσκετʼ,grc,1,0.011,no
παρελέξατο,grc,1,0.011,no
παρέλθῃ,grc,1,0.011,no
παρέλθοι,grc,1,0.011,no
παρέλκετε,grc,1,0.011,no
παρέλκετο,grc,1,0.011,no
παρέμιμνεν,grc,1,0.011,no
παρέμμεναι,grc,1,0.011,no
παρενήνεεν,grc,1,0.011,no
παρενήνεον,grc,1,0.011,no
παρεξελάαν,grc,1,0.011,no
παρεξελθοῦσα,grc,1,0.011,no
παρεόντʼ,grc,1,0.011,no
παρεόντα,grc,1,0.011,no
παρεόντι,grc,1,0.011,no
παρέπεμψεν,grc,1,0.011,no
παρέπλω,grc,1,0.011,no
παρέρχεται,grc,1,0.011,no
παρερχομένην,grc,1,0.011,no
παρέσσομαι,grc,1,0.011,no
παρευνάζεσθε,grc,1,0.011,no
παρέχει,grc,1,0.011,no
παρέχῃ,grc,1,0.011,no
παρέχοιμι,grc,1,0.011,no
παρέχουσαι,grc,1,0.011,no
παρέχουσιν,grc,1,0.011,no
παρέχωσι,grc,1,0.011,no
παρεὼν,grc,1,0.011,no
παρῆεν,grc,1,0.011,no
παρήϊα,grc,1,0.011,no
παρήϊά,grc,1,0.011,no
παρήλασαν,grc,1,0.011,no
παρήλασε,grc,1,0.011,no
παρῆλθε,grc,1,0.011,no
παρημένω,grc,1,0.011,no
παρῆσθα,grc,1,0.011,no
παρθενίην,grc,1,0.011,no
παρθενικαί,grc,1,0.011,no
παρθενικῇ,grc,1,0.011,no
πάρθεσαν,grc,1,0.011,no
παρῖζεν,grc,1,0.011,no
παρίσταμαι,grc,1,0.011,no
παριστάμεναι,grc,1,0.011,no
παριστάμενοι,grc,1,0.011,no
παρίστασαι,grc,1,0.011,no
παριών,grc,1,0.011,no
παριὼν,grc,1,0.011,no
παρνησοῦ,grc,1,0.011,no
παρνησῷ,grc,1,0.011,no
πάροιθʼ,grc,1,0.011,no
παρπεπιθόντες,grc,1,0.011,no
παρπεπιθὼν,grc,1,0.011,no
παρστᾶσα,grc,1,0.011,no
παρστήετον,grc,1,0.011,no
παρτιθεῖ,grc,1,0.011,no
παρφάμενος,grc,1,0.011,no
παρφυγέειν,grc,1,0.011,no
πᾶσαί,grc,1,0.011,no
πάσαις,grc,1,0.011,no
πάσασθαι,grc,1,0.011,no
πασάων,grc,1,0.011,no
πασσάλου,grc,1,0.011,no
πασσάλῳ,grc,1,0.011,no
πασσάμενος,grc,1,0.011,no
πασσαμένω,grc,1,0.011,no
πάσσασθαι,grc,1,0.011,no
πάσχει,grc,1,0.011,no
πάσχοντος,grc,1,0.011,no
πάσχουσιν,grc,1,0.011,no
πάσχω,grc,1,0.011,no
πάσχωσιν,grc,1,0.011,no
πατέρ,grc,1,0.011,no
πάτερʼ,grc,1,0.011,no
πατέρι,grc,1,0.011,no
πατέρος,grc,1,0.011,no
πάτος,grc,1,0.011,no
πατροκασίγνητον,grc,1,0.011,no
πατροκασιγνήτῳ,grc,1,0.011,no
πατρόκλοιο,grc,1,0.011,no
πάτροκλόν,grc,1,0.011,no
πάτροκλος,grc,1,0.011,no
πατρώιοι,grc,1,0.011,no
πατρώιοί,grc,1,0.011,no
πατρώϊοι,grc,1,0.011,no
πατρώιόν,grc,1,0.011,no
πατρώιος,grc,1,0.011,no
πατρώϊος,grc,1,0.011,no
παῦε,grc,1,0.011,no
παυέμεναι,grc,1,0.011,no
παύεσθαι,grc,1,0.011,no
παύεσθον,grc,1,0.011,no
παυέσθων,grc,1,0.011,no
παύεσκον,grc,1,0.011,no
παύετʼ,grc,1,0.011,no
παύομαι,grc,1,0.011,no
παυομένῳ,grc,1,0.011,no
παῦρα,grc,1,0.011,no
παύροισι,grc,1,0.011,no
παυρότεροι,grc,1,0.011,no
παύρους,grc,1,0.011,no
παυσάμεθα,grc,1,0.011,no
παύσαμεν,grc,1,0.011,no
παύσασθε,grc,1,0.011,no
παύσατʼ,grc,1,0.011,no
παύσεσθʼ,grc,1,0.011,no
παύσῃ,grc,1,0.011,no
πάφον,grc,1,0.011,no
πάχετον,grc,1,0.011,no
πάχετος,grc,1,0.011,no
πάχνη,grc,1,0.011,no
πάχος,grc,1,0.011,no
παχὺν,grc,1,0.011,no
παχὺς,grc,1,0.011,no
πεδάασκον,grc,1,0.011,no
πέδιλʼ,grc,1,0.011,no
πεδίονδʼ,grc,1,0.011,no
πεδίονδε,grc,1,0.011,no
πεδίου,grc,1,0.011,no
πεδόθεν,grc,1,0.011,no
πέδονδε,grc,1,0.011,no
πεζοί,grc,1,0.011,no
πεζοὶ,grc,1,0.011,no
πεζός,grc,1,0.011,no
πεζὸς,grc,1,0.011,no
πεῖθʼ,grc,1,0.011,no
πείθεθʼ,grc,1,0.011,no
πείθεις,grc,1,0.011,no
πείθεσθʼ,grc,1,0.011,no
πείθεσθαι,grc,1,0.011,no
πείθεσθαί,grc,1,0.011,no
πείθῃ,grc,1,0.011,no
πείθομαι,grc,1,0.011,no
πεῖθον,grc,1,0.011,no
πείθοντʼ,grc,1,0.011,no
πείθοντο,grc,1,0.011,no
πείθοντό,grc,1,0.011,no
πείθω,grc,1,0.011,no
πείκετε,grc,1,0.011,no
πείνη,grc,1,0.011,no
πεινήμεναι,grc,1,0.011,no
πείρα,grc,1,0.011,no
πειράζων,grc,1,0.011,no
πείραθʼ,grc,1,0.011,no
πείραιʼ,grc,1,0.011,no
πείραιε,grc,1,0.011,no
πεῖράν,grc,1,0.011,no
πεῖραρ,grc,1,0.011,no
πείρασι,grc,1,0.011,no
πεῖρε,grc,1,0.011,no
πειρηθεῖμεν,grc,1,0.011,no
πειρηθήμεναι,grc,1,0.011,no
πειρηθῆναι,grc,1,0.011,no
πειρηθήτω,grc,1,0.011,no
πειρηθῶμεν,grc,1,0.011,no
πειρησαίμεθα,grc,1,0.011,no
πειρησαίμην,grc,1,0.011,no
πειρήσασθε,grc,1,0.011,no
πειρήσατο,grc,1,0.011,no
πειρήσεαι,grc,1,0.011,no
πειρήσομʼ,grc,1,0.011,no
πειρήσοντα,grc,1,0.011,no
πειρήσω,grc,1,0.011,no
πειρήτιζε,grc,1,0.011,no
πειρίθοόν,grc,1,0.011,no
πείρινθα,grc,1,0.011,no
πείροντες,grc,1,0.011,no
πειρωμένη,grc,1,0.011,no
πειρώμενος,grc,1,0.011,no
πεισάνδροιο,grc,1,0.011,no
πείσανδρον,grc,1,0.011,no
πείσανδρός,grc,1,0.011,no
πείσειε,grc,1,0.011,no
πείσεις,grc,1,0.011,no
πείσεται,grc,1,0.011,no
πείσῃ,grc,1,0.011,no
πεισήνωρ,grc,1,0.011,no
πεισίστρατε,grc,1,0.011,no
πεισίστρατον,grc,1,0.011,no
πείσματʼ,grc,1,0.011,no
πείσματός,grc,1,0.011,no
πείσομʼ,grc,1,0.011,no
πείσομαι,grc,1,0.011,no
πείσονται,grc,1,0.011,no
πελάγει,grc,1,0.011,no
πελάγεσσι,grc,1,0.011,no
πελάσαι,grc,1,0.011,no
πέλασάν,grc,1,0.011,no
πελασγοί,grc,1,0.011,no
πέλασεν,grc,1,0.011,no
πελάσῃ,grc,1,0.011,no
πελάσῃς,grc,1,0.011,no
πελάσσαι,grc,1,0.011,no
πελάσσατε,grc,1,0.011,no
πέλασσεν,grc,1,0.011,no
πελάσσομεν,grc,1,0.011,no
πέλεθρα,grc,1,0.011,no
πελέκεάς,grc,1,0.011,no
πελέκκησεν,grc,1,0.011,no
πέλεκυς,grc,1,0.011,no
πελέμιξεν,grc,1,0.011,no
πελίην,grc,1,0.011,no
πελίης,grc,1,0.011,no
πέλοιτο,grc,1,0.011,no
πέλωρα,grc,1,0.011,no
πελώρια,grc,1,0.011,no
πελώριος,grc,1,0.011,no
πεμπάσσεται,grc,1,0.011,no
πέμπεν,grc,1,0.011,no
πέμπετέ,grc,1,0.011,no
πέμπον,grc,1,0.011,no
πεμπταῖοι,grc,1,0.011,no
πέμπτον,grc,1,0.011,no
πέμπτος,grc,1,0.011,no
πέμπτῳ,grc,1,0.011,no
πεμπώβολα,grc,1,0.011,no
πέμπωσι,grc,1,0.011,no
πέμψαιμι,grc,1,0.011,no
πέμψαν,grc,1,0.011,no
πέμψαντες,grc,1,0.011,no
πέμψειας,grc,1,0.011,no
πέμψειεν,grc,1,0.011,no
πεμψέμεναι,grc,1,0.011,no
πέμψομεν,grc,1,0.011,no
πέμψωμεν,grc,1,0.011,no
πένθεϊ,grc,1,0.011,no
πενθερός,grc,1,0.011,no
πενίῃ,grc,1,0.011,no
πενιχροῦ,grc,1,0.011,no
πεντάετές,grc,1,0.011,no
πεντακόσιοι,grc,1,0.011,no
πεντήκοντά,grc,1,0.011,no
πενώμεθα,grc,1,0.011,no
πεπαθυίῃ,grc,1,0.011,no
πεπάλακτο,grc,1,0.011,no
πεπαλάσθαι,grc,1,0.011,no
πεπείρανται,grc,1,0.011,no
πεπείρημαι,grc,1,0.011,no
πεπλήγετο,grc,1,0.011,no
πέπληγον,grc,1,0.011,no
πεπλημένος,grc,1,0.011,no
πέπλους,grc,1,0.011,no
πεπνυμένω,grc,1,0.011,no
πεπνυμένῳ,grc,1,0.011,no
πεπνῦσθαι,grc,1,0.011,no
πέπνυσο,grc,1,0.011,no
πεποίηται,grc,1,0.011,no
πεποίθῃς,grc,1,0.011,no
πεποίθομεν,grc,1,0.011,no
πεποίθω,grc,1,0.011,no
πεποιθώς,grc,1,0.011,no
πεποιθὼς,grc,1,0.011,no
πέπονθα,grc,1,0.011,no
πέπονθας,grc,1,0.011,no
πεπότηται,grc,1,0.011,no
πέπταται,grc,1,0.011,no
πεπτεῶτας,grc,1,0.011,no
πεπτηώς,grc,1,0.011,no
πεπτηὼς,grc,1,0.011,no
πεπτηῶτες,grc,1,0.011,no
πεπυκασμένος,grc,1,0.011,no
πέπυσμαι,grc,1,0.011,no
πέπυσσαι,grc,1,0.011,no
περάαν,grc,1,0.011,no
περαιωθέντες,grc,1,0.011,no
πέρασαν,grc,1,0.011,no
περάσειε,grc,1,0.011,no
περάσητε,grc,1,0.011,no
περάτῃ,grc,1,0.011,no
περῆσαι,grc,1,0.011,no
περήσαμεν,grc,1,0.011,no
περήσῃς,grc,1,0.011,no
περίβαλλε,grc,1,0.011,no
περιβάλλει,grc,1,0.011,no
περιβαλλομένους,grc,1,0.011,no
περίβοια,grc,1,0.011,no
περιγνάμπτοντα,grc,1,0.011,no
περίδρομος,grc,1,0.011,no
περιδώσομαι,grc,1,0.011,no
περίειμι,grc,1,0.011,no
περίεσσι,grc,1,0.011,no
περιῄδη,grc,1,0.011,no
περιθεῖεν,grc,1,0.011,no
περικαλλές,grc,1,0.011,no
περίκειτο,grc,1,0.011,no
περικλύμενόν,grc,1,0.011,no
περικτίονας,grc,1,0.011,no
περικτίται,grc,1,0.011,no
περιμαιμώωσα,grc,1,0.011,no
περίμηκες,grc,1,0.011,no
περιμήκετον,grc,1,0.011,no
περιμηχανόωνται,grc,1,0.011,no
περιμηχανόωντο,grc,1,0.011,no
περιξεστῇ,grc,1,0.011,no
περιπλεχθεὶς,grc,1,0.011,no
περιπλέχθη,grc,1,0.011,no
περιπληθὴς,grc,1,0.011,no
περιπλομένου,grc,1,0.011,no
περιπλομένων,grc,1,0.011,no
περίρρεε,grc,1,0.011,no
περιρρηδὴς,grc,1,0.011,no
περίρρυτος,grc,1,0.011,no
περισθενέων,grc,1,0.011,no
περίσσαινον,grc,1,0.011,no
περισσαίνοντες,grc,1,0.011,no
περισσαίνουσι,grc,1,0.011,no
περιστάθη,grc,1,0.011,no
περισταῖεν,grc,1,0.011,no
περιστείλασα,grc,1,0.011,no
περίστειξας,grc,1,0.011,no
περιστεναχίζεται,grc,1,0.011,no
περιστεναχίζετο,grc,1,0.011,no
περιστέφει,grc,1,0.011,no
περίστησάν,grc,1,0.011,no
περιστρέψας,grc,1,0.011,no
περισχόμεθʼ,grc,1,0.011,no
περιταμνόμενον,grc,1,0.011,no
περιταμνομένους,grc,1,0.011,no
περιτρέφετο,grc,1,0.011,no
περιτρομέοντο,grc,1,0.011,no
περιτροπέοντες,grc,1,0.011,no
περιφαινομένῳ,grc,1,0.011,no
περιφραζώμεθα,grc,1,0.011,no
περιφῦναι,grc,1,0.011,no
περιφύς,grc,1,0.011,no
περιφὺς,grc,1,0.011,no
περιφῦσʼ,grc,1,0.011,no
περιχεύας,grc,1,0.011,no
περίχευε,grc,1,0.011,no
περιχεύῃ,grc,1,0.011,no
περιωπήν,grc,1,0.011,no
περιώσιον,grc,1,0.011,no
περόναι,grc,1,0.011,no
περόνη,grc,1,0.011,no
περόνην,grc,1,0.011,no
περόωσιν,grc,1,0.011,no
περσεύς,grc,1,0.011,no
περσεὺς,grc,1,0.011,no
πέρσης,grc,1,0.011,no
πεσόντος,grc,1,0.011,no
πεσοῦσʼ,grc,1,0.011,no
πεσοῦσα,grc,1,0.011,no
πέσσει,grc,1,0.011,no
πεσσοῖσι,grc,1,0.011,no
πεσὼν,grc,1,0.011,no
πετάλοισι,grc,1,0.011,no
πέτασʼ,grc,1,0.011,no
πέτασαν,grc,1,0.011,no
πετάσειε,grc,1,0.011,no
πετάσθησαν,grc,1,0.011,no
πετεηνὰ,grc,1,0.011,no
πετεηνῶν,grc,1,0.011,no
πέτεσθαι,grc,1,0.011,no
πέτετο,grc,1,0.011,no
πετραίην,grc,1,0.011,no
πετρήεσσα,grc,1,0.011,no
πέτρῃς,grc,1,0.011,no
πέτρῃσιν,grc,1,0.011,no
πευθέσθω,grc,1,0.011,no
πεύθετο,grc,1,0.011,no
πεύθομαι,grc,1,0.011,no
πευθόμεθʼ,grc,1,0.011,no
πευθόμενος,grc,1,0.011,no
πεύσεται,grc,1,0.011,no
πεύσομαι,grc,1,0.011,no
πέφαται,grc,1,0.011,no
πεφευγότες,grc,1,0.011,no
πεφήσεαι,grc,1,0.011,no
πεφιδοίμην,grc,1,0.011,no
πέφνῃς,grc,1,0.011,no
πέφνον,grc,1,0.011,no
πεφραδέειν,grc,1,0.011,no
πεφραδέμεν,grc,1,0.011,no
πεφυγμένον,grc,1,0.011,no
πεφυγμένος,grc,1,0.011,no
πεφύκασι,grc,1,0.011,no
πεφυρμένον,grc,1,0.011,no
πεφυῶτας,grc,1,0.011,no
πηγὰς,grc,1,0.011,no
πηγυλίς,grc,1,0.011,no
πηδάλιʼ,grc,1,0.011,no
πηδαλίῳ,grc,1,0.011,no
πηκτὸν,grc,1,0.011,no
πηλεΐδαο,grc,1,0.011,no
πηλεΐδεω,grc,1,0.011,no
πηλεΐωνι,grc,1,0.011,no
πηλεΐωνος,grc,1,0.011,no
πηλέος,grc,1,0.011,no
πηληϊάδαο,grc,1,0.011,no
πήληκα,grc,1,0.011,no
πήλιον,grc,1,0.011,no
πημάνθη,grc,1,0.011,no
πημανθῆναι,grc,1,0.011,no
πήματος,grc,1,0.011,no
πῆξαι,grc,1,0.011,no
πῆξαί,grc,1,0.011,no
πήξαμεν,grc,1,0.011,no
πήξαντʼ,grc,1,0.011,no
πήξας,grc,1,0.011,no
πῆξε,grc,1,0.011,no
πηὸς,grc,1,0.011,no
πηούς,grc,1,0.011,no
πήρης,grc,1,0.011,no
πηρὼ,grc,1,0.011,no
πήχει,grc,1,0.011,no
πηῷ,grc,1,0.011,no
πῖαρ,grc,1,0.011,no
πίε,grc,1,0.011,no
πίεζεν,grc,1,0.011,no
πίειρα,grc,1,0.011,no
πιερίην,grc,1,0.011,no
πιεσθεὶς,grc,1,0.011,no
πίῃ,grc,1,0.011,no
πιθέσθαι,grc,1,0.011,no
πίθεσθε,grc,1,0.011,no
πίθεσθέ,grc,1,0.011,no
πίθηαι,grc,1,0.011,no
πιθήσας,grc,1,0.011,no
πιθήσεις,grc,1,0.011,no
πίθοι,grc,1,0.011,no
πίθοιο,grc,1,0.011,no
πίθοιό,grc,1,0.011,no
πιθόμην,grc,1,0.011,no
πίθων,grc,1,0.011,no
πικρήν,grc,1,0.011,no
πικρὴν,grc,1,0.011,no
πίμπλαντʼ,grc,1,0.011,no
πίνακάς,grc,1,0.011,no
πίνετʼ,grc,1,0.011,no
πίνετο,grc,1,0.011,no
πίνῃ,grc,1,0.011,no
πίνοιεν,grc,1,0.011,no
πινομένοιο,grc,1,0.011,no
πίνοντά,grc,1,0.011,no
πίνοντέ,grc,1,0.011,no
πίνοντες,grc,1,0.011,no
πινόντων,grc,1,0.011,no
πίνουσαι,grc,1,0.011,no
πινυτὴ,grc,1,0.011,no
πινυτῇ,grc,1,0.011,no
πινυτήν,grc,1,0.011,no
πινυτός,grc,1,0.011,no
πινυτούς,grc,1,0.011,no
πίοι,grc,1,0.011,no
πίοιμι,grc,1,0.011,no
πιόμενος,grc,1,0.011,no
πίον,grc,1,0.011,no
πῖπτεν,grc,1,0.011,no
πίσεα,grc,1,0.011,no
πιστὸν,grc,1,0.011,no
πιστωθῆναι,grc,1,0.011,no
πιστωθῆτόν,grc,1,0.011,no
πίσυνος,grc,1,0.011,no
πίσυρας,grc,1,0.011,no
πίσυρες,grc,1,0.011,no
πίσυρές,grc,1,0.011,no
πιτνὰς,grc,1,0.011,no
πίτυσσιν,grc,1,0.011,no
πιφαυσκέμεν,grc,1,0.011,no
πιφαύσκεται,grc,1,0.011,no
πίφαυσκον,grc,1,0.011,no
πίω,grc,1,0.011,no
πιὼν,grc,1,0.011,no
πλαγκτέ,grc,1,0.011,no
πλαγκτοσύνης,grc,1,0.011,no
πλάγξʼ,grc,1,0.011,no
πλάγξομαι,grc,1,0.011,no
πλαγχθέντα,grc,1,0.011,no
πλαγχθέντες,grc,1,0.011,no
πλάγχθη,grc,1,0.011,no
πλάζε,grc,1,0.011,no
πλάζει,grc,1,0.011,no
πλάζεσθαι,grc,1,0.011,no
πλάζετο,grc,1,0.011,no
πλάζομαι,grc,1,0.011,no
πλαζόμενοι,grc,1,0.011,no
πλαζόμενος,grc,1,0.011,no
πλατεῖ,grc,1,0.011,no
πλέεν,grc,1,0.011,no
πλείειν,grc,1,0.011,no
πλεῖοι,grc,1,0.011,no
πλείονα,grc,1,0.011,no
πλείοντες,grc,1,0.011,no
πλεῖος,grc,1,0.011,no
πλείοσί,grc,1,0.011,no
πλείοσιν,grc,1,0.011,no
πλειοτέρῃ,grc,1,0.011,no
πλείους,grc,1,0.011,no
πλεῖστοι,grc,1,0.011,no
πλεῖστον,grc,1,0.011,no
πλεκτοῖς,grc,1,0.011,no
πλεξάμενος,grc,1,0.011,no
πλέονάς,grc,1,0.011,no
πλέονές,grc,1,0.011,no
πλεόνεσσιν,grc,1,0.011,no
πλέουσα,grc,1,0.011,no
πλευραὶ,grc,1,0.011,no
πλεύσεσθʼ,grc,1,0.011,no
πληγέντα,grc,1,0.011,no
πληγέων,grc,1,0.011,no
πληγῇσι,grc,1,0.011,no
πληθούσας,grc,1,0.011,no
πλήθουσι,grc,1,0.011,no
πλήθωσι,grc,1,0.011,no
πληιάδας,grc,1,0.011,no
πλημυρὶς,grc,1,0.011,no
πλήν,grc,1,0.011,no
πλῆντο,grc,1,0.011,no
πλῆξα,grc,1,0.011,no
πλῆξε,grc,1,0.011,no
πλῆξεν,grc,1,0.011,no
πλήξῃ,grc,1,0.011,no
πλησαίατο,grc,1,0.011,no
πλησάμενοι,grc,1,0.011,no
πλῆσαν,grc,1,0.011,no
πλήσασα,grc,1,0.011,no
πλησίω,grc,1,0.011,no
πλήσσουσι,grc,1,0.011,no
πλίσσοντο,grc,1,0.011,no
πλόον,grc,1,0.011,no
πλοῦτος,grc,1,0.011,no
πλούτῳ,grc,1,0.011,no
πλῦνάν,grc,1,0.011,no
πλύνασʼ,grc,1,0.011,no
πλυνέουσα,grc,1,0.011,no
πλυνέουσαι,grc,1,0.011,no
πλυνοί,grc,1,0.011,no
πλυνοὶ,grc,1,0.011,no
πλυνούσῃ,grc,1,0.011,no
πλώοιεν,grc,1,0.011,no
πλωτῇ,grc,1,0.011,no
πνέει,grc,1,0.011,no
πνείει,grc,1,0.011,no
πνείοντος,grc,1,0.011,no
πνείουσα,grc,1,0.011,no
πνείουσαν,grc,1,0.011,no
πνοιὰς,grc,1,0.011,no
πνοιῇ,grc,1,0.011,no
πνοιὴν,grc,1,0.011,no
ποδός,grc,1,0.011,no
ποθέεις,grc,1,0.011,no
πόθει,grc,1,0.011,no
ποθὲν,grc,1,0.011,no
ποθέω,grc,1,0.011,no
ποθέων,grc,1,0.011,no
ποθή,grc,1,0.011,no
ποθήμεναι,grc,1,0.011,no
ποθὴν,grc,1,0.011,no
ποθί,grc,1,0.011,no
ποιάντιον,grc,1,0.011,no
ποιεῖτʼ,grc,1,0.011,no
ποίη,grc,1,0.011,no
ποιήεντος,grc,1,0.011,no
ποιήσας,grc,1,0.011,no
ποιήσατο,grc,1,0.011,no
ποιήσειαν,grc,1,0.011,no
ποιήσειεν,grc,1,0.011,no
ποιησέμεν,grc,1,0.011,no
ποιήσετʼ,grc,1,0.011,no
ποιήσεται,grc,1,0.011,no
ποιησόμεθʼ,grc,1,0.011,no
ποιητοῖσι,grc,1,0.011,no
ποικίλμασιν,grc,1,0.011,no
ποικιλομῆτα,grc,1,0.011,no
ποιμαίνεσκεν,grc,1,0.011,no
ποίμνῃσιν,grc,1,0.011,no
ποινὴν,grc,1,0.011,no
ποῖοί,grc,1,0.011,no
ποιπνύσασαι,grc,1,0.011,no
πολεμήια,grc,1,0.011,no
πολέμιζον,grc,1,0.011,no
πολεμισταί,grc,1,0.011,no
πόλεμοι,grc,1,0.011,no
πολέμου,grc,1,0.011,no
πολέσι,grc,1,0.011,no
πολεύειν,grc,1,0.011,no
πόληας,grc,1,0.011,no
πόληες,grc,1,0.011,no
πόλιας,grc,1,0.011,no
πόλιάς,grc,1,0.011,no
πόλιες,grc,1,0.011,no
πολίεσσι,grc,1,0.011,no
πολίεσσιν,grc,1,0.011,no
πολιοί,grc,1,0.011,no
πολίτης,grc,1,0.011,no
πολίων,grc,1,0.011,no
πολλʼ,grc,1,0.011,no
πολλαί,grc,1,0.011,no
πολλάκις,grc,1,0.011,no
πολλάς,grc,1,0.011,no
πολλέων,grc,1,0.011,no
πολλῆς,grc,1,0.011,no
πολλῇς,grc,1,0.011,no
πολλοῖς,grc,1,0.011,no
πολλοῖσίν,grc,1,0.011,no
πολλόν,grc,1,0.011,no
πολυάικος,grc,1,0.011,no
πολύαινʼ,grc,1,0.011,no
πολυανθέος,grc,1,0.011,no
πόλυβον,grc,1,0.011,no
πόλυβος,grc,1,0.011,no
πόλυβός,grc,1,0.011,no
πολύβουλος,grc,1,0.011,no
πολυδαίδαλος,grc,1,0.011,no
πολύδαμνα,grc,1,0.011,no
πολυδεύκεα,grc,1,0.011,no
πολύδωρος,grc,1,0.011,no
πολυηράτου,grc,1,0.011,no
πολυηράτῳ,grc,1,0.011,no
πολυηχέα,grc,1,0.011,no
πολυθαρσὲς,grc,1,0.011,no
πολυθερσεΐδη,grc,1,0.011,no
πολυϊδρείῃσι,grc,1,0.011,no
πολυϊδρείῃσιν,grc,1,0.011,no
πολύϊδριν,grc,1,0.011,no
πολύϊδρις,grc,1,0.011,no
πολύκαρπος,grc,1,0.011,no
πολυκάρπου,grc,1,0.011,no
πολυκάστη,grc,1,0.011,no
πολυκερδέα,grc,1,0.011,no
πολυκερδείῃσιν,grc,1,0.011,no
πολυκηδέʼ,grc,1,0.011,no
πολυκηδέα,grc,1,0.011,no
πολυκληῗδι,grc,1,0.011,no
πολυκλήιδι,grc,1,0.011,no
πολυκλήϊδι,grc,1,0.011,no
πολυκλήϊσι,grc,1,0.011,no
πολυκλήρων,grc,1,0.011,no
πολύκμητόν,grc,1,0.011,no
πολύκμητός,grc,1,0.011,no
πολυκμήτου,grc,1,0.011,no
πολυκτορίδαο,grc,1,0.011,no
πολυκτορίδης,grc,1,0.011,no
πολύκτωρ,grc,1,0.011,no
πολύλλιστον,grc,1,0.011,no
πολυμήτις,grc,1,0.011,no
πολυμηχανίην,grc,1,0.011,no
πολυμήχανός,grc,1,0.011,no
πολυμνήστη,grc,1,0.011,no
πολύμυθον,grc,1,0.011,no
πολυνήου,grc,1,0.011,no
πολυπαίπαλοι,grc,1,0.011,no
πολυπενθέα,grc,1,0.011,no
πολυπενθές,grc,1,0.011,no
πολυπημονίδαο,grc,1,0.011,no
πολύπικρα,grc,1,0.011,no
πολυπλάγκτοισιν,grc,1,0.011,no
πολυπλάγκτους,grc,1,0.011,no
πολυπλάγκτῳ,grc,1,0.011,no
πολύπυρος,grc,1,0.011,no
πολυπύρου,grc,1,0.011,no
πολύρρηνος,grc,1,0.011,no
πολύς,grc,1,0.011,no
πολυσπερέας,grc,1,0.011,no
πολύστονος,grc,1,0.011,no
πολυτλήμων,grc,1,0.011,no
πολύτλητοί,grc,1,0.011,no
πολύτροπον,grc,1,0.011,no
πολύτροπος,grc,1,0.011,no
πολυφαρμάκου,grc,1,0.011,no
πολυφείδεα,grc,1,0.011,no
πολυφείδεά,grc,1,0.011,no
πολύφημʼ,grc,1,0.011,no
πολύφρονά,grc,1,0.011,no
πολύχαλκον,grc,1,0.011,no
πολυχάλκου,grc,1,0.011,no
πολυχρύσοιο,grc,1,0.011,no
πολυωπῷ,grc,1,0.011,no
πόμπευον,grc,1,0.011,no
πομπή,grc,1,0.011,no
πομπῆας,grc,1,0.011,no
πομπὸν,grc,1,0.011,no
πομπὸς,grc,1,0.011,no
πονεῖτο,grc,1,0.011,no
πονήσομαι,grc,1,0.011,no
πόνοις,grc,1,0.011,no
πόνοισι,grc,1,0.011,no
ποντεύς,grc,1,0.011,no
ποντοπορευέμεναι,grc,1,0.011,no
ποντοπορούσης,grc,1,0.011,no
ποντόφιν,grc,1,0.011,no
πόνων,grc,1,0.011,no
πόρῃ,grc,1,0.011,no
πορθμῆες,grc,1,0.011,no
πόριες,grc,1,0.011,no
πόροις,grc,1,0.011,no
πορόντες,grc,1,0.011,no
πόρους,grc,1,0.011,no
πορφύρεα,grc,1,0.011,no
πορφυρέους,grc,1,0.011,no
πορὼν,grc,1,0.011,no
πόσʼ,grc,1,0.011,no
πόσε,grc,1,0.011,no
ποσειδάωνα,grc,1,0.011,no
ποσιδήιον,grc,1,0.011,no
πόσιός,grc,1,0.011,no
ποσσίν,grc,1,0.011,no
πόστον,grc,1,0.011,no
πότʼ,grc,1,0.011,no
ποταμόν,grc,1,0.011,no
ποταμόνδε,grc,1,0.011,no
ποτέονται,grc,1,0.011,no
ποτῇ,grc,1,0.011,no
ποτητὰ,grc,1,0.011,no
ποτῆτα,grc,1,0.011,no
ποτιδεγμένω,grc,1,0.011,no
ποτιδέρκεται,grc,1,0.011,no
ποτικέκλιται,grc,1,0.011,no
ποτιπεπτηυῖαι,grc,1,0.011,no
ποτιπτυσσοίμεθα,grc,1,0.011,no
ποτιφωνήεις,grc,1,0.011,no
πότνιʼ,grc,1,0.011,no
ποτόν,grc,1,0.011,no
πουλὺ,grc,1,0.011,no
πουλυβότειραν,grc,1,0.011,no
πουλύποδος,grc,1,0.011,no
πουλὺς,grc,1,0.011,no
πραμνείῳ,grc,1,0.011,no
πρασιαὶ,grc,1,0.011,no
πρασιή,grc,1,0.011,no
πρέπει,grc,1,0.011,no
πρέσβα,grc,1,0.011,no
πρεσβύτατον,grc,1,0.011,no
πρηκτῆρες,grc,1,0.011,no
πρηνής,grc,1,0.011,no
πρηνὴς,grc,1,0.011,no
πρήξαντα,grc,1,0.011,no
πρήξει,grc,1,0.011,no
πρήσσεσκον,grc,1,0.011,no
πρήσσῃσιν,grc,1,0.011,no
πρήσσοντες,grc,1,0.011,no
πρήσσουσι,grc,1,0.011,no
προβάλεσκε,grc,1,0.011,no
προβάλοντο,grc,1,0.011,no
πρόβασίν,grc,1,0.011,no
προβιβάντα,grc,1,0.011,no
προβιβάς,grc,1,0.011,no
προβλωσκέμεν,grc,1,0.011,no
προβόλῳ,grc,1,0.011,no
προγενέστεροι,grc,1,0.011,no
προγενέστεροί,grc,1,0.011,no
πρόγονοι,grc,1,0.011,no
προδαεὶς,grc,1,0.011,no
προέμεν,grc,1,0.011,no
προέρυσσαν,grc,1,0.011,no
πρόεχʼ,grc,1,0.011,no
προήκεα,grc,1,0.011,no
προθέεσκε,grc,1,0.011,no
προθύροις,grc,1,0.011,no
πρόθυρόν,grc,1,0.011,no
προϊδών,grc,1,0.011,no
προϊδὼν,grc,1,0.011,no
προΐδωνται,grc,1,0.011,no
προΐεις,grc,1,0.011,no
προΐησι,grc,1,0.011,no
προΐκτῃ,grc,1,0.011,no
προΐκτης,grc,1,0.011,no
προκάλεσσαι,grc,1,0.011,no
προκαλίζεο,grc,1,0.011,no
προκαλίζετο,grc,1,0.011,no
πρόκας,grc,1,0.011,no
πρόκριν,grc,1,0.011,no
προλέλοιπεν,grc,1,0.011,no
προλιπεῖν,grc,1,0.011,no
προμάχοις,grc,1,0.011,no
προμάχοισι,grc,1,0.011,no
προμνηστῖναι,grc,1,0.011,no
προμνηστῖνοι,grc,1,0.011,no
πρόμολον,grc,1,0.011,no
προμολοῦσα,grc,1,0.011,no
προμολὼν,grc,1,0.011,no
πρόμος,grc,1,0.011,no
προνοῆσαι,grc,1,0.011,no
προπρηνέα,grc,1,0.011,no
προπροκυλινδόμενος,grc,1,0.011,no
προρέοντα,grc,1,0.011,no
προρέουσι,grc,1,0.011,no
πρός,grc,1,0.011,yes
προσάλειφεν,grc,1,0.011,no
προσαυδάτω,grc,1,0.011,no
προσέβαλλεν,grc,1,0.011,no
προσέβαν,grc,1,0.011,no
προσέβη,grc,1,0.011,no
προσεδέρκετο,grc,1,0.011,no
προσέθη,grc,1,0.011,no
προσέθηκεν,grc,1,0.011,no
προσέλεκτο,grc,1,0.011,no
προσεπίλνατο,grc,1,0.011,no
προσέπλαζε,grc,1,0.011,no
προσέστιχε,grc,1,0.011,no
προσεφώνεον,grc,1,0.011,no
προσήγαγε,grc,1,0.011,no
προσιόντα,grc,1,0.011,no
προσκηδέος,grc,1,0.011,no
προσπελάσας,grc,1,0.011,no
προσπτύξατο,grc,1,0.011,no
προσπτύξεται,grc,1,0.011,no
πρόσσω,grc,1,0.011,no
προσφάσθαι,grc,1,0.011,no
προσφυέʼ,grc,1,0.011,no
προσφὺς,grc,1,0.011,no
πρόσωπά,grc,1,0.011,no
προσώπατα,grc,1,0.011,no
προταμοίμην,grc,1,0.011,no
προταμὼν,grc,1,0.011,no
πρότερʼ,grc,1,0.011,no
προτέρην,grc,1,0.011,no
πρότεροι,grc,1,0.011,no
προτέροισιν,grc,1,0.011,no
προτέρους,grc,1,0.011,no
προτέρῳ,grc,1,0.011,no
προτέρων,grc,1,0.011,no
πρότιθεν,grc,1,0.011,no
προτιμυθήσασθαι,grc,1,0.011,no
προτιόσσετʼ,grc,1,0.011,no
προτιόσσετο,grc,1,0.011,no
προτόνους,grc,1,0.011,no
προτράπηται,grc,1,0.011,no
προτραποίμην,grc,1,0.011,no
προὔπεμψʼ,grc,1,0.011,no
προὔπεμψα,grc,1,0.011,no
προὔπεμψε,grc,1,0.011,no
προὔτυψε,grc,1,0.011,no
προύφαινε,grc,1,0.011,no
προυφαίνετʼ,grc,1,0.011,no
προὐφαίνετο,grc,1,0.011,no
προύφαινον,grc,1,0.011,no
προὔχοντι,grc,1,0.011,no
προύχοντο,grc,1,0.011,no
προὐχούσας,grc,1,0.011,no
προὐχούσῃ,grc,1,0.011,no
προύχουσιν,grc,1,0.011,no
προφανέντʼ,grc,1,0.011,no
προφερέστατος,grc,1,0.011,no
προφερέστεροί,grc,1,0.011,no
προφερέστερον,grc,1,0.011,no
προφέρηται,grc,1,0.011,no
προφέρουσα,grc,1,0.011,no
προφέρουσαι,grc,1,0.011,no
πρόφρασσα,grc,1,0.011,no
πρόφρονι,grc,1,0.011,no
προφύγοισθα,grc,1,0.011,no
προφυγὼν,grc,1,0.011,no
πρόχνυ,grc,1,0.011,no
προχοάς,grc,1,0.011,no
πρόχοος,grc,1,0.011,no
πρυμνεύς,grc,1,0.011,no
πρύμνη,grc,1,0.011,no
πρυμνῆς,grc,1,0.011,no
πρυμνὸν,grc,1,0.011,no
πρυμνότατον,grc,1,0.011,no
πρῶθʼ,grc,1,0.011,no
πρωθῆβαι,grc,1,0.011,no
πρωθήβην,grc,1,0.011,no
πρῶϊ,grc,1,0.011,no
πρωρεύς,grc,1,0.011,no
πρῴρης,grc,1,0.011,no
πρωτέος,grc,1,0.011,no
πρωτεὺς,grc,1,0.011,no
πρώτῃ,grc,1,0.011,no
πρώτης,grc,1,0.011,no
πρῶτοι,grc,1,0.011,no
πρωτόπλοον,grc,1,0.011,no
πρῶτός,grc,1,0.011,no
πρώτους,grc,1,0.011,no
πρώτῳ,grc,1,0.011,no
πτερὸν,grc,1,0.011,no
πτερύγεσσιν,grc,1,0.011,no
πτολιπόρθῳ,grc,1,0.011,no
πτόλις,grc,1,0.011,no
πτόρθον,grc,1,0.011,no
πτύξασʼ,grc,1,0.011,no
πτύξασά,grc,1,0.011,no
πτύχας,grc,1,0.011,no
πτώσσειν,grc,1,0.011,no
πτώσσουσαι,grc,1,0.011,no
πτώσσων,grc,1,0.011,no
πτωχεύειν,grc,1,0.011,no
πτωχεύεσκʼ,grc,1,0.011,no
πτωχεύῃ,grc,1,0.011,no
πτωχεύσων,grc,1,0.011,no
πτωχεύω,grc,1,0.011,no
πτωχοὺς,grc,1,0.011,no
πυγμάχοι,grc,1,0.011,no
πύελον,grc,1,0.011,no
πύθεται,grc,1,0.011,no
πύθησθε,grc,1,0.011,no
πυθοῖ,grc,1,0.011,no
πύθοιτο,grc,1,0.011,no
πυθομένων,grc,1,0.011,no
πυθώδʼ,grc,1,0.011,no
πυκάζοιεν,grc,1,0.011,no
πυκάσαι,grc,1,0.011,no
πυκιμηδέος,grc,1,0.011,no
πυκινῇ,grc,1,0.011,no
πυκινὴν,grc,1,0.011,no
πυκινῆς,grc,1,0.011,no
πυκινοῖσι,grc,1,0.011,no
πυκινόν,grc,1,0.011,no
πυκινοῦ,grc,1,0.011,no
πυκινοὺς,grc,1,0.011,no
πυκνὴ,grc,1,0.011,no
πυκνήν,grc,1,0.011,no
πυκνὴν,grc,1,0.011,no
πυκνοὺς,grc,1,0.011,no
πύλαι,grc,1,0.011,no
πυλάρταο,grc,1,0.011,no
πύλας,grc,1,0.011,no
πύλῃσι,grc,1,0.011,no
πύλῃσιν,grc,1,0.011,no
πυλίοισι,grc,1,0.011,no
πυλίοισιν,grc,1,0.011,no
πυλόθεν,grc,1,0.011,no
πύματόν,grc,1,0.011,no
πυμάτῳ,grc,1,0.011,no
πυνθάνομαι,grc,1,0.011,no
πυνθανόμην,grc,1,0.011,no
πύξ,grc,1,0.011,no
πυράγρην,grc,1,0.011,no
πύργωσάν,grc,1,0.011,no
πυρὴν,grc,1,0.011,no
πυρηφόρον,grc,1,0.011,no
πυριήκεα,grc,1,0.011,no
πυριφλεγέθων,grc,1,0.011,no
πύρνα,grc,1,0.011,no
πυροί,grc,1,0.011,no
πυροὶ,grc,1,0.011,no
πυροὺς,grc,1,0.011,no
πυρπολέοντας,grc,1,0.011,no
πώεσι,grc,1,0.011,no
πωλέʼ,grc,1,0.011,no
πωλεῖτʼ,grc,1,0.011,no
πωλεῖταί,grc,1,0.011,no
πωλέσκετο,grc,1,0.011,no
πωλεύμην,grc,1,0.011,no
πῶλοι,grc,1,0.011,no
πῶμʼ,grc,1,0.011,no
πώμασιν,grc,1,0.011,no
πῶυ,grc,1,0.011,no
ῤʼ,grc,1,0.011,no
ῥαδάμανθυν,grc,1,0.011,no
ῥαδάμανθυς,grc,1,0.011,no
ῥαίῃσι,grc,1,0.011,no
ῥαίοιτο,grc,1,0.011,no
ῥαιομένου,grc,1,0.011,no
ῥαῖσαι,grc,1,0.011,no
ῥαίσῃ,grc,1,0.011,no
ῥακέεσσι,grc,1,0.011,no
ῥαπτὰς,grc,1,0.011,no
ῥάπτειν,grc,1,0.011,no
ῥάπτεις,grc,1,0.011,no
ῥάπτομεν,grc,1,0.011,no
ῥαπτὸν,grc,1,0.011,no
ῥάσσατέ,grc,1,0.011,no
ῥαφαὶ,grc,1,0.011,no
ῥέει,grc,1,0.011,no
ῥέεν,grc,1,0.011,no
ῥέζει,grc,1,0.011,no
ῥέζον,grc,1,0.011,no
ῥέζουσι,grc,1,0.011,no
ῥέζω,grc,1,0.011,no
ῥέζων,grc,1,0.011,no
ῥεῖά,grc,1,0.011,no
ῥείθρῳ,grc,1,0.011,no
ῥέξαντα,grc,1,0.011,no
ῥέξῃ,grc,1,0.011,no
ῥέξῃς,grc,1,0.011,no
ῥέξωσι,grc,1,0.011,no
ῥέον,grc,1,0.011,no
ῥέοντες,grc,1,0.011,no
ῥέουσιν,grc,1,0.011,no
ῥερυπωμένα,grc,1,0.011,no
ῥήγεϊ,grc,1,0.011,no
ῥήγεσσι,grc,1,0.011,no
ῥηγμῖνα,grc,1,0.011,no
ῥῆγός,grc,1,0.011,no
ῥηΐδιον,grc,1,0.011,no
ῥηΐδιόν,grc,1,0.011,no
ῥηίστη,grc,1,0.011,no
ῥηξήνορά,grc,1,0.011,no
ῥηξηνορίην,grc,1,0.011,no
ῥήσιος,grc,1,0.011,no
ῥήτρην,grc,1,0.011,no
ῥῖγος,grc,1,0.011,no
ῥιγωσέμεν,grc,1,0.011,no
ῥίζῃ,grc,1,0.011,no
ῥίζης,grc,1,0.011,no
ῥινοί,grc,1,0.011,no
ῥινοῖο,grc,1,0.011,no
ῥινοῖσι,grc,1,0.011,no
ῥινοὺς,grc,1,0.011,no
ῥίον,grc,1,0.011,no
ῥίπεσσι,grc,1,0.011,no
ῥιπῆς,grc,1,0.011,no
ῥίῳ,grc,1,0.011,no
ῥοῇσιν,grc,1,0.011,no
ῥόθιον,grc,1,0.011,no
ῥοιβδήσειεν,grc,1,0.011,no
ῥοίζῳ,grc,1,0.011,no
ῥόοιο,grc,1,0.011,no
ῥόος,grc,1,0.011,no
ῥοπάλῳ,grc,1,0.011,no
ῥοχθεῖ,grc,1,0.011,no
ῥόχθει,grc,1,0.011,no
ῥύατʼ,grc,1,0.011,no
ῥυδὸν,grc,1,0.011,no
ῥύεταί,grc,1,0.011,no
ῥύη,grc,1,0.011,no
ῥύομαί,grc,1,0.011,no
ῥύπα,grc,1,0.011,no
ῥύσαιτο,grc,1,0.011,no
ῥύσαιτό,grc,1,0.011,no
ῥύσατʼ,grc,1,0.011,no
ῥυστακτύος,grc,1,0.011,no
ῥυτῆρας,grc,1,0.011,no
ῥῶγας,grc,1,0.011,no
ῥῶπάς,grc,1,0.011,no
ῥωπήϊα,grc,1,0.011,no
σαῖνον,grc,1,0.011,no
σαίνοντάς,grc,1,0.011,no
σαίνωσʼ,grc,1,0.011,no
σακέεσσι,grc,1,0.011,no
σάκεσιν,grc,1,0.011,no
σάκεσσι,grc,1,0.011,no
σαλμωνῆος,grc,1,0.011,no
σάμη,grc,1,0.011,no
σάμηνδʼ,grc,1,0.011,no
σάμης,grc,1,0.011,no
σανίδας,grc,1,0.011,no
σανίδος,grc,1,0.011,no
σαοφροσύνης,grc,1,0.011,no
σαοφροσύνῃσι,grc,1,0.011,no
σαόφρων,grc,1,0.011,no
σαρδάνιον,grc,1,0.011,no
σάρκες,grc,1,0.011,no
σαρκὸς,grc,1,0.011,no
σαωθῆναι,grc,1,0.011,no
σαώσεαι,grc,1,0.011,no
σαώσομεν,grc,1,0.011,no
σάωσον,grc,1,0.011,no
σαώσω,grc,1,0.011,no
σειρῆνας,grc,1,0.011,no
σειρῆνες,grc,1,0.011,no
σέλᾳ,grc,1,0.011,no
σέλας,grc,1,0.011,no
σελήνη,grc,1,0.011,no
σελήνῃ,grc,1,0.011,no
σελίνου,grc,1,0.011,no
σεῦαν,grc,1,0.011,no
σεύατʼ,grc,1,0.011,no
σεῦεν,grc,1,0.011,no
σή,grc,1,0.011,no
σηκοκόρον,grc,1,0.011,no
σηκούς,grc,1,0.011,no
σηκῷ,grc,1,0.011,no
σηκῶν,grc,1,0.011,no
σήμαθʼ,grc,1,0.011,no
σήμαινε,grc,1,0.011,no
σημαίνειν,grc,1,0.011,no
σημανέω,grc,1,0.011,no
σημάντορές,grc,1,0.011,no
σημάντορι,grc,1,0.011,no
σθένεος,grc,1,0.011,no
σθένεός,grc,1,0.011,no
σιάλοισιν,grc,1,0.011,no
σιάλων,grc,1,0.011,no
σιδηρέη,grc,1,0.011,no
σιδήρεος,grc,1,0.011,no
σιδονίην,grc,1,0.011,no
σιδονίους,grc,1,0.011,no
σιδῶνος,grc,1,0.011,no
σίζʼ,grc,1,0.011,no
σικανίης,grc,1,0.011,no
σικελή,grc,1,0.011,no
σικελοὺς,grc,1,0.011,no
σινέσκοντο,grc,1,0.011,no
σίνοιτό,grc,1,0.011,no
σίντιας,grc,1,0.011,no
σίσυφον,grc,1,0.011,no
σιτέσκοντο,grc,1,0.011,no
σίτοιο,grc,1,0.011,no
σῖτόν,grc,1,0.011,no
σῖτός,grc,1,0.011,no
σιτοφάγῳ,grc,1,0.011,no
σιωπήσειαν,grc,1,0.011,no
σκαιὸν,grc,1,0.011,no
σκαίρουσιν,grc,1,0.011,no
σκαφίδες,grc,1,0.011,no
σκέδασʼ,grc,1,0.011,no
σκέδασον,grc,1,0.011,no
σκεπόωσι,grc,1,0.011,no
σκεψάμενος,grc,1,0.011,no
σκηπτόμενος,grc,1,0.011,no
σκηπτούχων,grc,1,0.011,no
σκηρίπτεσθʼ,grc,1,0.011,no
σκηριπτόμενος,grc,1,0.011,no
σκιαὶ,grc,1,0.011,no
σκίδνασθʼ,grc,1,0.011,no
σκίδνασθαι,grc,1,0.011,no
σκίδναται,grc,1,0.011,no
σκιερὸν,grc,1,0.011,no
σκιῇ,grc,1,0.011,no
σκολόπεσσιν,grc,1,0.011,no
σκόπελοι,grc,1,0.011,no
σκοπέλοισιν,grc,1,0.011,no
σκοπέλου,grc,1,0.011,no
σκοπιῆς,grc,1,0.011,no
σκοποὶ,grc,1,0.011,no
σκοπὸν,grc,1,0.011,no
σκοπὸς,grc,1,0.011,no
σκοτομήνιος,grc,1,0.011,no
σκότον,grc,1,0.011,no
σκύζευ,grc,1,0.011,no
σκύλακας,grc,1,0.011,no
σκυλάκεσσι,grc,1,0.011,no
σκύλακος,grc,1,0.011,no
σκύρου,grc,1,0.011,no
σκῦτος,grc,1,0.011,no
σκύφον,grc,1,0.011,no
σκῶπές,grc,1,0.011,no
σμερδαλέα,grc,1,0.011,no
σμερδαλέη,grc,1,0.011,no
σόα,grc,1,0.011,no
σολύμων,grc,1,0.011,no
σόοι,grc,1,0.011,no
σόος,grc,1,0.011,no
σούνιον,grc,1,0.011,no
σπάρτῃ,grc,1,0.011,no
σπάρτηνδε,grc,1,0.011,no
σπασάμην,grc,1,0.011,no
σπάσατʼ,grc,1,0.011,no
σπάσσασθε,grc,1,0.011,no
σπεῖος,grc,1,0.011,no
σπεῖρον,grc,1,0.011,no
σπείρων,grc,1,0.011,no
σπεῖσαι,grc,1,0.011,no
σπείσασκε,grc,1,0.011,no
σπείσῃς,grc,1,0.011,no
σπένδεσκον,grc,1,0.011,no
σπένδῃ,grc,1,0.011,no
σπένδῃσθα,grc,1,0.011,no
σπένδοντʼ,grc,1,0.011,no
σπένδοντας,grc,1,0.011,no
σπένδοντες,grc,1,0.011,no
σπέρμα,grc,1,0.011,no
σπερχοίατʼ,grc,1,0.011,no
σπέρχοιεν,grc,1,0.011,no
σπερχομένη,grc,1,0.011,no
σπερχόμενός,grc,1,0.011,no
σπερχομένους,grc,1,0.011,no
σπευδέμεν,grc,1,0.011,no
σπεύδουσιν,grc,1,0.011,no
σπιλάδες,grc,1,0.011,no
σπιλάδεσσι,grc,1,0.011,no
σπιλάδεσσιν,grc,1,0.011,no
σποδιῇ,grc,1,0.011,no
σποδοῦ,grc,1,0.011,no
σπουδῆς,grc,1,0.011,no
σταθμοὶ,grc,1,0.011,no
σταθμοῖιν,grc,1,0.011,no
σταθμόν,grc,1,0.011,no
σταθμόνδε,grc,1,0.011,no
σταίη,grc,1,0.011,no
σταμίνεσσι,grc,1,0.011,no
στάς,grc,1,0.011,no
σταυροὺς,grc,1,0.011,no
σταφυλαὶ,grc,1,0.011,no
σταφυλή,grc,1,0.011,no
σταφυλῇ,grc,1,0.011,no
σταφυλῇσι,grc,1,0.011,no
στεῖβον,grc,1,0.011,no
στεῖλα,grc,1,0.011,no
στεῖλαν,grc,1,0.011,no
στείλαντα,grc,1,0.011,no
στειλειῆς,grc,1,0.011,no
στειλειὸν,grc,1,0.011,no
στείνει,grc,1,0.011,no
στείνοιτο,grc,1,0.011,no
στεινόμενος,grc,1,0.011,no
στείνοντο,grc,1,0.011,no
στεινωπὸν,grc,1,0.011,no
στείρῃ,grc,1,0.011,no
στείχῃσʼ,grc,1,0.011,no
στείχῃσι,grc,1,0.011,no
στείχοντα,grc,1,0.011,no
στείχοντες,grc,1,0.011,no
στείχων,grc,1,0.011,no
στελέω,grc,1,0.011,no
στέλλοντας,grc,1,0.011,no
στεναχίζετο,grc,1,0.011,no
στερεὴ,grc,1,0.011,no
στερέσαι,grc,1,0.011,no
στερεῶς,grc,1,0.011,no
στερεωτέρη,grc,1,0.011,no
στέρνοισι,grc,1,0.011,no
στεροπὴν,grc,1,0.011,no
στεῦται,grc,1,0.011,no
στεῦτο,grc,1,0.011,no
στέφει,grc,1,0.011,no
στήθεά,grc,1,0.011,no
στήθεσφιν,grc,1,0.011,no
στῆθι,grc,1,0.011,no
στῆθός,grc,1,0.011,no
στήλην,grc,1,0.011,no
στήμεναι,grc,1,0.011,no
στηρίξαι,grc,1,0.011,no
στῆσαι,grc,1,0.011,no
στήσαμεν,grc,1,0.011,no
στησαμένῃ,grc,1,0.011,no
στήσαντο,grc,1,0.011,no
στήσασα,grc,1,0.011,no
στήσειν,grc,1,0.011,no
στῆτέ,grc,1,0.011,no
στήτην,grc,1,0.011,no
στιβαράς,grc,1,0.011,no
στιβαρῆς,grc,1,0.011,no
στιβαρῇσιν,grc,1,0.011,no
στιβαροί,grc,1,0.011,no
στιβαρόν,grc,1,0.011,no
στιβαρὸν,grc,1,0.011,no
στιβαρώτερον,grc,1,0.011,no
στίλβων,grc,1,0.011,no
στίχας,grc,1,0.011,no
στόμʼ,grc,1,0.011,no
στόματι,grc,1,0.011,no
στόματος,grc,1,0.011,no
στομάτων,grc,1,0.011,no
στοναχάς,grc,1,0.011,no
στονόεσσαν,grc,1,0.011,no
στόνον,grc,1,0.011,no
στόρεσʼ,grc,1,0.011,no
στορέσας,grc,1,0.011,no
στρατὸν,grc,1,0.011,no
στρατὸς,grc,1,0.011,no
στρατῷ,grc,1,0.011,no
στρεύγεσθαι,grc,1,0.011,no
στρέφεται,grc,1,0.011,no
στρέψʼ,grc,1,0.011,no
στρέψαν,grc,1,0.011,no
στρέψας,grc,1,0.011,no
στροφάλιγγι,grc,1,0.011,no
στροφαλίζετε,grc,1,0.011,no
στρωφῶσα,grc,1,0.011,no
στρωφῶσιν,grc,1,0.011,no
στυγέῃσιν,grc,1,0.011,no
στυγερὰς,grc,1,0.011,no
στυγερήν,grc,1,0.011,no
στυγερῆς,grc,1,0.011,no
στυγερῇσιν,grc,1,0.011,no
στυγεροὶ,grc,1,0.011,no
στυγεροῖο,grc,1,0.011,no
στυγερῷ,grc,1,0.011,no
στύξαιμι,grc,1,0.011,no
συβόσια,grc,1,0.011,no
συβώτῃς,grc,1,0.011,no
συγχεῦαι,grc,1,0.011,no
σύεσσιν,grc,1,0.011,no
συκέας,grc,1,0.011,no
συκέη,grc,1,0.011,no
σῦκον,grc,1,0.011,no
σύκῳ,grc,1,0.011,no
συλλέξομαι,grc,1,0.011,no
συμβλήμενος,grc,1,0.011,no
σύμπαντες,grc,1,0.011,no
σύμπασιν,grc,1,0.011,no
συναγείρων,grc,1,0.011,no
σύναγεν,grc,1,0.011,no
συναντήτην,grc,1,0.011,no
συνέδησα,grc,1,0.011,no
συνέεργε,grc,1,0.011,no
συνελὼν,grc,1,0.011,no
συνέριθος,grc,1,0.011,no
συνέρρηκται,grc,1,0.011,no
συνεχὲς,grc,1,0.011,no
συνήορός,grc,1,0.011,no
συνθεύσεται,grc,1,0.011,no
σύντρεις,grc,1,0.011,no
συὸς,grc,1,0.011,no
συρίη,grc,1,0.011,no
συσίν,grc,1,0.011,no
συφειοῦ,grc,1,0.011,no
συφεοῖσιν,grc,1,0.011,no
συφεόνδε,grc,1,0.011,no
συφεούς,grc,1,0.011,no
συφεοὺς,grc,1,0.011,no
συφορβέ,grc,1,0.011,no
συφορβόν,grc,1,0.011,no
συφορβὸς,grc,1,0.011,no
συφορβῶν,grc,1,0.011,no
σφαζομένων,grc,1,0.011,no
σφάξεν,grc,1,0.011,no
σφὰς,grc,1,0.011,no
σφέλα,grc,1,0.011,no
σφέλας,grc,1,0.011,no
σφέτερʼ,grc,1,0.011,no
σφέτερα,grc,1,0.011,no
σφετέρῃσιν,grc,1,0.011,no
σφεων,grc,1,0.011,no
σφῆλεν,grc,1,0.011,no
σφῇσιν,grc,1,0.011,no
σφοδρῶς,grc,1,0.011,no
σφόν,grc,1,0.011,no
σφῦραν,grc,1,0.011,no
σφωε,grc,1,0.011,no
σφῶϊ,grc,1,0.011,no
σφωϊν,grc,1,0.011,no
σφῷν,grc,1,0.011,no
σχεδίῃ,grc,1,0.011,no
σχέθον,grc,1,0.011,no
σχερίῃ,grc,1,0.011,no
σχέσθαι,grc,1,0.011,no
σχέσθε,grc,1,0.011,no
σχέτλιʼ,grc,1,0.011,no
σχέτλιαι,grc,1,0.011,no
σχετλίη,grc,1,0.011,no
σχέτλιοι,grc,1,0.011,no
σχέτλιοί,grc,1,0.011,no
σχέτλιός,grc,1,0.011,no
σχήσεις,grc,1,0.011,no
σχήσομεν,grc,1,0.011,no
σχίζῃ,grc,1,0.011,no
σχίζῃς,grc,1,0.011,no
σχοίνῳ,grc,1,0.011,no
σχῶνται,grc,1,0.011,no
σώζων,grc,1,0.011,no
σῶμα,grc,1,0.011,no
σώματʼ,grc,1,0.011,no
σώματα,grc,1,0.011,no
σώοντες,grc,1,0.011,no
ταθεὶς,grc,1,0.011,no
ταλαεργοί,grc,1,0.011,no
ταλαεργοὶ,grc,1,0.011,no
τάλαντον,grc,1,0.011,no
ταλαπείριοι,grc,1,0.011,no
ταλαπείριος,grc,1,0.011,no
ταλαπενθέα,grc,1,0.011,no
ταλάροισιν,grc,1,0.011,no
τάλαρον,grc,1,0.011,no
τάλαρόν,grc,1,0.011,no
ταλασίφρονός,grc,1,0.011,no
τάμῃσι,grc,1,0.011,no
τάμῃσιν,grc,1,0.011,no
τάμνετε,grc,1,0.011,no
τάμνετο,grc,1,0.011,no
ταμνομένους,grc,1,0.011,no
τάμνων,grc,1,0.011,no
τάμοι,grc,1,0.011,no
ταναήκεϊ,grc,1,0.011,no
ταναύποδα,grc,1,0.011,no
τάνταλον,grc,1,0.011,no
τανύγλωσσοί,grc,1,0.011,no
τανυήκεσιν,grc,1,0.011,no
τανύοντο,grc,1,0.011,no
τανύουσι,grc,1,0.011,no
τανυπέπλῳ,grc,1,0.011,no
τάνυσθεν,grc,1,0.011,no
τανυσσάμενος,grc,1,0.011,no
τανύσσειέν,grc,1,0.011,no
τάνυσσεν,grc,1,0.011,no
τανυστύος,grc,1,0.011,no
τανυφύλλου,grc,1,0.011,no
τανύω,grc,1,0.011,no
τανύων,grc,1,0.011,no
τάπησι,grc,1,0.011,no
τάπητα,grc,1,0.011,no
τάρβει,grc,1,0.011,no
ταρβήσας,grc,1,0.011,no
ταρβοσύνῃ,grc,1,0.011,no
ταρπήμεναι,grc,1,0.011,no
ταρπῆναι,grc,1,0.011,no
ταρσοὶ,grc,1,0.011,no
ταρφέʼ,grc,1,0.011,no
ταρφέες,grc,1,0.011,no
τάρφθεν,grc,1,0.011,no
τάσδε,grc,1,0.011,no
ταῦρος,grc,1,0.011,no
ταύτης,grc,1,0.011,no
ταφήιον,grc,1,0.011,no
τάφιοι,grc,1,0.011,no
ταφίοισιν,grc,1,0.011,no
τάφρον,grc,1,0.011,no
τάφῳ,grc,1,0.011,no
ταφὼν,grc,1,0.011,no
ταχέεσσι,grc,1,0.011,no
ταχείης,grc,1,0.011,no
τάχισθʼ,grc,1,0.011,no
ταχὺν,grc,1,0.011,no
ταχυτῆτα,grc,1,0.011,no
τεῇ,grc,1,0.011,no
τεὴν,grc,1,0.011,no
τεθαλυῖαν,grc,1,0.011,no
τεθαλυίῃ,grc,1,0.011,no
τεθήλει,grc,1,0.011,no
τεθηλώς,grc,1,0.011,no
τέθηπά,grc,1,0.011,no
τέθηπεν,grc,1,0.011,no
τεθηπότες,grc,1,0.011,no
τεθνᾶσι,grc,1,0.011,no
τεθνᾶσιν,grc,1,0.011,no
τεθνεῶτί,grc,1,0.011,no
τεθνηκότος,grc,1,0.011,no
τεθνηκυῖαν,grc,1,0.011,no
τεθνηότας,grc,1,0.011,no
τεθνηότος,grc,1,0.011,no
τεθνηῶτα,grc,1,0.011,no
τεθνηῶτι,grc,1,0.011,no
τεῖρε,grc,1,0.011,no
τείρει,grc,1,0.011,no
τείρεσθʼ,grc,1,0.011,no
τειρεσίη,grc,1,0.011,no
τείρετο,grc,1,0.011,no
τειρόμενος,grc,1,0.011,no
τειρόμενός,grc,1,0.011,no
τείχεα,grc,1,0.011,no
τέκʼ,grc,1,0.011,no
τέκεϊ,grc,1,0.011,no
τέκετο,grc,1,0.011,no
τέκῃ,grc,1,0.011,no
τεκμαίρομαι,grc,1,0.011,no
τεκμήρατο,grc,1,0.011,no
τέκοιεν,grc,1,0.011,no
τέκον,grc,1,0.011,no
τεκοῦσά,grc,1,0.011,no
τέκτονα,grc,1,0.011,no
τέκτονες,grc,1,0.011,no
τεκτονίδαο,grc,1,0.011,no
τεκτοσυνάων,grc,1,0.011,no
τεκὼν,grc,1,0.011,no
τέκωσι,grc,1,0.011,no
τελαμών,grc,1,0.011,no
τελαμῶνα,grc,1,0.011,no
τελαμωνιάδαο,grc,1,0.011,no
τελαμῶνος,grc,1,0.011,no
τελέθει,grc,1,0.011,no
τελέθοντες,grc,1,0.011,no
τελέθουσιν,grc,1,0.011,no
τελεῖσθαι,grc,1,0.011,no
τελέοιεν,grc,1,0.011,no
τελέοντες,grc,1,0.011,no
τελέουσι,grc,1,0.011,no
τελέουσιν,grc,1,0.011,no
τελέσειας,grc,1,0.011,no
τελέσθη,grc,1,0.011,no
τέλεσόν,grc,1,0.011,no
τέλεσσαν,grc,1,0.011,no
τελέσω,grc,1,0.011,no
τελέσωσι,grc,1,0.011,no
τελευτηθῆναι,grc,1,0.011,no
τελευτήσει,grc,1,0.011,no
τελευτήσειας,grc,1,0.011,no
τελευτήσειεν,grc,1,0.011,no
τελευτήσειν,grc,1,0.011,no
τελευτήσῃς,grc,1,0.011,no
τελευτήσουσιν,grc,1,0.011,no
τελευτήσω,grc,1,0.011,no
τελέωμεν,grc,1,0.011,no
τεμένεα,grc,1,0.011,no
τεμέσην,grc,1,0.011,no
τέμνειν,grc,1,0.011,no
τένεδον,grc,1,0.011,no
τένοντας,grc,1,0.011,no
τέξεις,grc,1,0.011,no
τεο,grc,1,0.011,no
τέο,grc,1,0.011,no
τέραα,grc,1,0.011,no
τέρεν,grc,1,0.011,no
τέρενʼ,grc,1,0.011,no
τέρενα,grc,1,0.011,no
τέρετρα,grc,1,0.011,no
τερέτρῳ,grc,1,0.011,no
τέρματʼ,grc,1,0.011,no
τερμιόεντα,grc,1,0.011,no
τέρπεαι,grc,1,0.011,no
τέρπεσθε,grc,1,0.011,no
τέρπετʼ,grc,1,0.011,no
τέρπετε,grc,1,0.011,no
τέρπῃσιν,grc,1,0.011,no
τέρπηται,grc,1,0.011,no
τερπιάδης,grc,1,0.011,no
τερπικέραυνον,grc,1,0.011,no
τερπόμεθʼ,grc,1,0.011,no
τερπομένη,grc,1,0.011,no
τερπομένοισιν,grc,1,0.011,no
τερπόμενόν,grc,1,0.011,no
τερπόμενος,grc,1,0.011,no
τερπομένω,grc,1,0.011,no
τέρπονται,grc,1,0.011,no
τερπωλὴν,grc,1,0.011,no
τέρσεται,grc,1,0.011,no
τερσήμεναι,grc,1,0.011,no
τέρσοντο,grc,1,0.011,no
τερφθείη,grc,1,0.011,no
τερψάμενος,grc,1,0.011,no
τέρψομαι,grc,1,0.011,no
τεσσαράκοντʼ,grc,1,0.011,no
τέσσαρας,grc,1,0.011,no
τέταθʼ,grc,1,0.011,no
τέταλτο,grc,1,0.011,no
τετάνυσται,grc,1,0.011,no
τεταρπόμενος,grc,1,0.011,no
τεταρπόμενός,grc,1,0.011,no
τεταρπώμεσθα,grc,1,0.011,no
τετάρτη,grc,1,0.011,no
τέταται,grc,1,0.011,no
τέτατο,grc,1,0.011,no
τετευχῆσθαι,grc,1,0.011,no
τετευχώς,grc,1,0.011,no
τετιημένη,grc,1,0.011,no
τετιμένον,grc,1,0.011,no
τετιμένος,grc,1,0.011,no
τετίμηταί,grc,1,0.011,no
τέτλαθι,grc,1,0.011,no
τέτλαμεν,grc,1,0.011,no
τετλάμεναι,grc,1,0.011,no
τετλάτω,grc,1,0.011,no
τέτληκε,grc,1,0.011,no
τετληυῖα,grc,1,0.011,no
τέτμεν,grc,1,0.011,no
τετμημένον,grc,1,0.011,no
τέτμῃς,grc,1,0.011,no
τετράγυον,grc,1,0.011,no
τετράγυος,grc,1,0.011,no
τετραθέλυμνον,grc,1,0.011,no
τετράκις,grc,1,0.011,no
τετράκυκλοι,grc,1,0.011,no
τετραμμέναι,grc,1,0.011,no
τετραμμένον,grc,1,0.011,no
τετράοροι,grc,1,0.011,no
τέτραπτο,grc,1,0.011,no
τετραχθὰ,grc,1,0.011,no
τέτρηνα,grc,1,0.011,no
τέτρηνεν,grc,1,0.011,no
τετριγυῖαι,grc,1,0.011,no
τέτροφεν,grc,1,0.011,no
τετυγμένος,grc,1,0.011,no
τετύγμην,grc,1,0.011,no
τετυκέσθαι,grc,1,0.011,no
τετύχηκε,grc,1,0.011,no
τετύχθαι,grc,1,0.011,no
τεῦξαν,grc,1,0.011,no
τεύξας,grc,1,0.011,no
τεύξασα,grc,1,0.011,no
τεύξει,grc,1,0.011,no
τεύξειε,grc,1,0.011,no
τεύξειν,grc,1,0.011,no
τεύξεις,grc,1,0.011,no
τεύξῃ,grc,1,0.011,no
τεύξομεν,grc,1,0.011,no
τεύξω,grc,1,0.011,no
τεύχεσι,grc,1,0.011,no
τεύχεσσι,grc,1,0.011,no
τευχέων,grc,1,0.011,no
τεύχοντʼ,grc,1,0.011,no
τεύχουσαι,grc,1,0.011,no
τευχούσῃ,grc,1,0.011,no
τέχνας,grc,1,0.011,no
τέχνῃ,grc,1,0.011,no
τεχνήεντες,grc,1,0.011,no
τεχνηέντως,grc,1,0.011,no
τεχνήσαιτο,grc,1,0.011,no
τεχνησάμενος,grc,1,0.011,no
τεχνήσατο,grc,1,0.011,no
τέχνῃσι,grc,1,0.011,no
τεχνῆσσαι,grc,1,0.011,no
τῇδʼ,grc,1,0.011,no
τῆκε,grc,1,0.011,no
τηκεδόνι,grc,1,0.011,no
τηκομένης,grc,1,0.011,no
τηκόμενος,grc,1,0.011,no
τηλεδαπός,grc,1,0.011,no
τηλεδαπῷ,grc,1,0.011,no
τηλεθόωσα,grc,1,0.011,no
τηλεκλειτοῖο,grc,1,0.011,no
τηλεκλειτόν,grc,1,0.011,no
τηλεκλυτὸς,grc,1,0.011,no
τηλέμαχόν,grc,1,0.011,no
τήλεμος,grc,1,0.011,no
τηλεφανὴς,grc,1,0.011,no
τηλεφίδην,grc,1,0.011,no
τηλόσε,grc,1,0.011,no
τηλοτάτω,grc,1,0.011,no
τηλύγετον,grc,1,0.011,no
τηλύγετος,grc,1,0.011,no
τῆός,grc,1,0.011,no
τῇσίν,grc,1,0.011,no
τηΰγετον,grc,1,0.011,no
τῖες,grc,1,0.011,no
τίεται,grc,1,0.011,no
τίετο,grc,1,0.011,no
τιθαιβώσσουσι,grc,1,0.011,no
τιθεῖσι,grc,1,0.011,no
τιθέντες,grc,1,0.011,no
τίθεσθʼ,grc,1,0.011,no
τίθεσθε,grc,1,0.011,no
τίθησι,grc,1,0.011,no
τιθωνοῖο,grc,1,0.011,no
τίκτε,grc,1,0.011,no
τίκτει,grc,1,0.011,no
τίκτῃ,grc,1,0.011,no
τίλλε,grc,1,0.011,no
τίλλοντό,grc,1,0.011,no
τιμήεις,grc,1,0.011,no
τιμῆεν,grc,1,0.011,no
τιμήεντα,grc,1,0.011,no
τιμήεντος,grc,1,0.011,no
τιμήεσσα,grc,1,0.011,no
τιμηέστερος,grc,1,0.011,no
τιμήσουσιν,grc,1,0.011,no
τίμιός,grc,1,0.011,no
τιναξάσθην,grc,1,0.011,no
τινάσσεται,grc,1,0.011,no
τινάσσοντας,grc,1,0.011,no
τινε,grc,1,0.011,no
τινι,grc,1,0.011,no
τινύμενος,grc,1,0.011,no
τίνυται,grc,1,0.011,no
τίνων,grc,1,0.011,no
τίουσαι,grc,1,0.011,no
τίουσι,grc,1,0.011,no
τίουσιν,grc,1,0.011,no
τῖσαι,grc,1,0.011,no
τισαίατο,grc,1,0.011,no
τισαίμην,grc,1,0.011,no
τίσατο,grc,1,0.011,no
τίσειν,grc,1,0.011,no
τίσεις,grc,1,0.011,no
τίσεσθαι,grc,1,0.011,no
τίσουσι,grc,1,0.011,no
τιταίνοιτʼ,grc,1,0.011,no
τιταινόμενος,grc,1,0.011,no
τιταινομένω,grc,1,0.011,no
τιτυσκόμεναι,grc,1,0.011,no
τιτυσκομένη,grc,1,0.011,no
τιτυσκόμενοι,grc,1,0.011,no
τλαίη,grc,1,0.011,no
τλήτω,grc,1,0.011,no
τόθι,grc,1,0.011,no
τοῖʼ,grc,1,0.011,no
τοῖα,grc,1,0.011,no
τοιάδε,grc,1,0.011,no
τοιαίδε,grc,1,0.011,no
τοιαύτη,grc,1,0.011,no
τοίη,grc,1,0.011,no
τοιήδε,grc,1,0.011,no
τοῖϊν,grc,1,0.011,no
τοιοίδʼ,grc,1,0.011,no
τοιοίδε,grc,1,0.011,no
τοιούσδε,grc,1,0.011,no
τοιοῦτοι,grc,1,0.011,no
τοιούτου,grc,1,0.011,no
τοιούτῳ,grc,1,0.011,no
τοίσδεσσι,grc,1,0.011,no
τοῖσδεσσι,grc,1,0.011,no
τοίσδεσσιν,grc,1,0.011,no
τοῖσί,grc,1,0.011,no
τοίχου,grc,1,0.011,no
τοιῷδʼ,grc,1,0.011,no
τοκάδες,grc,1,0.011,no
τοκῆας,grc,1,0.011,no
τοκῆε,grc,1,0.011,no
τόκος,grc,1,0.011,no
τολμήεις,grc,1,0.011,no
τολμήσαντα,grc,1,0.011,no
τολμήσειεν,grc,1,0.011,no
τόλμησεν,grc,1,0.011,no
τολύπευσα,grc,1,0.011,no
τολύπευσε,grc,1,0.011,no
τολυπεύω,grc,1,0.011,no
τοξάζεαι,grc,1,0.011,no
τοξάζεσθαι,grc,1,0.011,no
τοξαζοίατο,grc,1,0.011,no
τοξαζοίμεθʼ,grc,1,0.011,no
τοξάσσεται,grc,1,0.011,no
τορνώσεται,grc,1,0.011,no
τοσαῦτα,grc,1,0.011,no
τόσος,grc,1,0.011,no
τόσσʼ,grc,1,0.011,no
τόσσας,grc,1,0.011,no
τοσσάχʼ,grc,1,0.011,no
τόσση,grc,1,0.011,no
τοσσήνδε,grc,1,0.011,no
τόσσῃσιν,grc,1,0.011,no
τόσσους,grc,1,0.011,no
τοσσῶνδʼ,grc,1,0.011,no
τοτʼ,grc,1,0.011,no
τοῦδε,grc,1,0.011,no
τοῦδέ,grc,1,0.011,no
τούτοισιν,grc,1,0.011,no
τοῦτόν,grc,1,0.011,no
τούτω,grc,1,0.011,no
τράγους,grc,1,0.011,no
τραπεζῆες,grc,1,0.011,no
τράπεθʼ,grc,1,0.011,no
τραπείομεν,grc,1,0.011,no
τραπέουσι,grc,1,0.011,no
τράπετʼ,grc,1,0.011,no
τραφέμεν,grc,1,0.011,no
τραφερήν,grc,1,0.011,no
τραφθῆναι,grc,1,0.011,no
τρέμον,grc,1,0.011,no
τρέπεται,grc,1,0.011,no
τρέσσαν,grc,1,0.011,no
τρέφεν,grc,1,0.011,no
τρέχει,grc,1,0.011,no
τρήρωνα,grc,1,0.011,no
τρήρωνες,grc,1,0.011,no
τρητοῖο,grc,1,0.011,no
τρηχεῖʼ,grc,1,0.011,no
τρηχεῖα,grc,1,0.011,no
τρίʼ,grc,1,0.011,no
τρία,grc,1,0.011,no
τρίγληνα,grc,1,0.011,no
τριηκόσιʼ,grc,1,0.011,no
τριηκόσιοί,grc,1,0.011,no
τριηκοσίοισιν,grc,1,0.011,no
τρίποδʼ,grc,1,0.011,no
τρίποδι,grc,1,0.011,no
τριπόδων,grc,1,0.011,no
τριπόλῳ,grc,1,0.011,no
τρισκαίδεκα,grc,1,0.011,no
τρισκαιδεκάτῃ,grc,1,0.011,no
τρισκαιδέκατος,grc,1,0.011,no
τρίστοιχοι,grc,1,0.011,no
τριτάτην,grc,1,0.011,no
τρίτη,grc,1,0.011,no
τριτογένεια,grc,1,0.011,no
τριχάϊκες,grc,1,0.011,no
τριχθά,grc,1,0.011,no
τρῖψαι,grc,1,0.011,no
τρομέεις,grc,1,0.011,no
τρομέεσθαι,grc,1,0.011,no
τρομέουσι,grc,1,0.011,no
τροπαὶ,grc,1,0.011,no
τροφέοντο,grc,1,0.011,no
τροφοῦ,grc,1,0.011,no
τροχόωντα,grc,1,0.011,no
τρυγόωσιν,grc,1,0.011,no
τρύξοντα,grc,1,0.011,no
τρυπάνῳ,grc,1,0.011,no
τρυπῷ,grc,1,0.011,no
τρυφάλειαν,grc,1,0.011,no
τρύφος,grc,1,0.011,no
τρυχώμεθα,grc,1,0.011,no
τρῳαὶ,grc,1,0.011,no
τρῶάς,grc,1,0.011,no
τρώγειν,grc,1,0.011,no
τρώει,grc,1,0.011,no
τρώεσσʼ,grc,1,0.011,no
τρωϊάδος,grc,1,0.011,no
τρῶκται,grc,1,0.011,no
τρώκτης,grc,1,0.011,no
τρωπῶντο,grc,1,0.011,no
τρωπῶσα,grc,1,0.011,no
τρωσί,grc,1,0.011,no
τρωσὶν,grc,1,0.011,no
τρώχων,grc,1,0.011,no
τύγχανε,grc,1,0.011,no
τυδεΐδεω,grc,1,0.011,no
τυδεΐδης,grc,1,0.011,no
τυδέος,grc,1,0.011,no
τυκτὴν,grc,1,0.011,no
τυνδαρέῳ,grc,1,0.011,no
τύπτε,grc,1,0.011,no
τύπτετε,grc,1,0.011,no
τυρόν,grc,1,0.011,no
τυροῦ,grc,1,0.011,no
τυρώ,grc,1,0.011,no
τυρὼ,grc,1,0.011,no
τυρῷ,grc,1,0.011,no
τυτθὸς,grc,1,0.011,no
τύχῃς,grc,1,0.011,no
τυχήσας,grc,1,0.011,no
τύχοις,grc,1,0.011,no
τύχωμι,grc,1,0.011,no
τύψας,grc,1,0.011,no
τώδε,grc,1,0.011,no
ὑβρίζων,grc,1,0.011,no
ὑβρίξεις,grc,1,0.011,no
ὑβρισταὶ,grc,1,0.011,no
ὑγρήν,grc,1,0.011,no
ὕδατʼ,grc,1,0.011,no
ὕδατί,grc,1,0.011,no
ὕδατός,grc,1,0.011,no
ὑδατοτρεφέων,grc,1,0.011,no
ὑδρευούσῃ,grc,1,0.011,no
ὑδρηλοὶ,grc,1,0.011,no
ὗε,grc,1,0.011,no
ὕες,grc,1,0.011,no
υἷε,grc,1,0.011,no
υἱέας,grc,1,0.011,no
υἱεῖ,grc,1,0.011,no
υἱοῖσιν,grc,1,0.011,no
υἱοῦ,grc,1,0.011,no
υἱῶν,grc,1,0.011,no
υἱωνός,grc,1,0.011,no
ὑλάει,grc,1,0.011,no
ὑλακίδης,grc,1,0.011,no
ὕλαον,grc,1,0.011,no
ὑλάοντο,grc,1,0.011,no
ὑλάουσιν,grc,1,0.011,no
ὑλήεντα,grc,1,0.011,no
ὑλήεσσʼ,grc,1,0.011,no
ὑλήεσσα,grc,1,0.011,no
ὑλήεσσαν,grc,1,0.011,no
ὑμείων,grc,1,0.011,no
ὑμετέρης,grc,1,0.011,no
ὑμετέροισιν,grc,1,0.011,no
ὑμέτερον,grc,1,0.011,no
ὑμετέρου,grc,1,0.011,no
ὑμετέρους,grc,1,0.011,no
ὑμῆς,grc,1,0.011,no
ὔμμες,grc,1,0.011,no
ὔμμι,grc,1,0.011,no
ὕμνον,grc,1,0.011,no
ὗν,grc,1,0.011,no
ὑόμενος,grc,1,0.011,no
ὕπαγον,grc,1,0.011,no
ὑπακούει,grc,1,0.011,no
ὑπακοῦσαι,grc,1,0.011,no
ὑπάκουσε,grc,1,0.011,no
ὑπαλευάμενος,grc,1,0.011,no
ὑπαλύξας,grc,1,0.011,no
ὑπάλυξε,grc,1,0.011,no
ὑπάλυξιν,grc,1,0.011,no
ὑπάρξῃ,grc,1,0.011,no
ὕπατος,grc,1,0.011,no
ὑπέβαλλεν,grc,1,0.011,no
ὑπεδέξατο,grc,1,0.011,no
ὑπέδεξο,grc,1,0.011,no
ὑπέδραμε,grc,1,0.011,no
ὑπέδυ,grc,1,0.011,no
ὑπεδύσετο,grc,1,0.011,no
ὑπείξεαι,grc,1,0.011,no
ὑπεκλίνθη,grc,1,0.011,no
ὑπεκπροέλυσαν,grc,1,0.011,no
ὑπεκπροθέων,grc,1,0.011,no
ὑπεκπρόρεεν,grc,1,0.011,no
ὑπέκφερον,grc,1,0.011,no
ὑπέκφυγε,grc,1,0.011,no
ὑπεκφυγέειν,grc,1,0.011,no
ὑπέλειπον,grc,1,0.011,no
ὑπέλθῃ,grc,1,0.011,no
ὑπέλυσα,grc,1,0.011,no
ὑπέμεινα,grc,1,0.011,no
ὑπέμεινε,grc,1,0.011,no
ὑπέμεινεν,grc,1,0.011,no
ὑπεμνάασθε,grc,1,0.011,no
ὑπέμνησέν,grc,1,0.011,no
ὑπὲξ,grc,1,0.011,no
ὑπεξαγάγοι,grc,1,0.011,no
ὑπεξέφυγον,grc,1,0.011,no
ὑπέρας,grc,1,0.011,no
ὑπερβαλέειν,grc,1,0.011,no
ὑπερβασίας,grc,1,0.011,no
ὑπερβασίης,grc,1,0.011,no
ὑπέρβιος,grc,1,0.011,no
ὑπερείῃ,grc,1,0.011,no
ὑπερέσχε,grc,1,0.011,no
ὑπερηνορέοντας,grc,1,0.011,no
ὑπερηνορέοντες,grc,1,0.011,no
ὑπερήσει,grc,1,0.011,no
ὑπερησίηνδʼ,grc,1,0.011,no
ὑπερθύμοιο,grc,1,0.011,no
ὑπερθύμοισι,grc,1,0.011,no
ὑπέρθυμον,grc,1,0.011,no
ὑπέρθυμος,grc,1,0.011,no
ὑπερθύριον,grc,1,0.011,no
ὑπερικταίνοντο,grc,1,0.011,no
ὑπεριονίδαο,grc,1,0.011,no
ὑπερμενέοντες,grc,1,0.011,no
ὑπεροπλίσσαιτο,grc,1,0.011,no
ὑπέρσχῃ,grc,1,0.011,no
ὑπερτερίῃ,grc,1,0.011,no
ὑπερφίαλον,grc,1,0.011,no
ὑπερφιάλων,grc,1,0.011,no
ὑπερωιόθεν,grc,1,0.011,no
ὑπερωίῳ,grc,1,0.011,no
ὑπερωΐῳ,grc,1,0.011,no
ὑπέσχεο,grc,1,0.011,no
ὑπέφηνε,grc,1,0.011,no
ὑπέχευε,grc,1,0.011,no
ὑπήλθετε,grc,1,0.011,no
ὑπήλυθε,grc,1,0.011,no
ὑπηνήτῃ,grc,1,0.011,no
ὑπηοίη,grc,1,0.011,no
ὑπηοῖον,grc,1,0.011,no
ὑπίσχομαι,grc,1,0.011,no
ὑπισχόμεναι,grc,1,0.011,no
ὑπό,grc,1,0.011,no
ὑπόβρυχα,grc,1,0.011,no
ὑποδείδιʼ,grc,1,0.011,no
ὑποδείσασα,grc,1,0.011,no
ὑποδείσατε,grc,1,0.011,no
ὑποδμώς,grc,1,0.011,no
ὑποδρηστῆρες,grc,1,0.011,no
ὑποδρώωσιν,grc,1,0.011,no
ὑποδῦσα,grc,1,0.011,no
ὑποδύσεαι,grc,1,0.011,no
ὑπόειξεν,grc,1,0.011,no
ὑποζεύξω,grc,1,0.011,no
ὑπόθευ,grc,1,0.011,no
ὑποθημοσύνῃσιν,grc,1,0.011,no
ὑποθήσεαι,grc,1,0.011,no
ὑποθήσεται,grc,1,0.011,no
ὑποκλοπέοιτο,grc,1,0.011,no
ὑπόκριναι,grc,1,0.011,no
ὑποκρίναιτο,grc,1,0.011,no
ὑποκρίνασθαι,grc,1,0.011,no
ὑποκρίνονται,grc,1,0.011,no
ὑπόκυκλον,grc,1,0.011,no
ὑποκυσαμένη,grc,1,0.011,no
ὑπομνήσουσα,grc,1,0.011,no
ὑπονηίου,grc,1,0.011,no
ὑποπερκάζουσιν,grc,1,0.011,no
ὑποσσείουσιν,grc,1,0.011,no
ὑποσταχύοιτο,grc,1,0.011,no
ὑποστορέσαι,grc,1,0.011,no
ὑποστρέψας,grc,1,0.011,no
ὑποστρέψεσθαι,grc,1,0.011,no
ὑπόσχεσιν,grc,1,0.011,no
ὑπότροπος,grc,1,0.011,no
ὑπουράνιον,grc,1,0.011,no
ὑποφθαμένη,grc,1,0.011,no
ὑποφθάμενος,grc,1,0.011,no
ὑποχείριος,grc,1,0.011,no
ὑπώρορε,grc,1,0.011,no
ὑσμῖναί,grc,1,0.011,no
ὑσμίνῃ,grc,1,0.011,no
ὑστάτιον,grc,1,0.011,no
ὕστερα,grc,1,0.011,no
ὕστερος,grc,1,0.011,no
ὑφαίνει,grc,1,0.011,no
ὑφαίνειν,grc,1,0.011,no
ὕφαινεν,grc,1,0.011,no
ὑφαίνεσκον,grc,1,0.011,no
ὑφαίνῃσιν,grc,1,0.011,no
ὑφαίνουσιν,grc,1,0.011,no
ὑφαντά,grc,1,0.011,no
ὑφάσματά,grc,1,0.011,no
ὑφήνας,grc,1,0.011,no
ὑφήνασα,grc,1,0.011,no
ὕφηνον,grc,1,0.011,no
ὑφήνω,grc,1,0.011,no
ὑφορβοί,grc,1,0.011,no
ὑφορβὸν,grc,1,0.011,no
ὑφόωσι,grc,1,0.011,no
ὑψαγόρην,grc,1,0.011,no
ὑψερεφέα,grc,1,0.011,no
ὑψερεφές,grc,1,0.011,no
ὑψηλά,grc,1,0.011,no
ὑψηλῆς,grc,1,0.011,no
ὑψηλός,grc,1,0.011,no
ὑψηλὸς,grc,1,0.011,no
ὑψηλοῦ,grc,1,0.011,no
ὕψι,grc,1,0.011,no
ὑψίκερων,grc,1,0.011,no
ὑψικόμοισιν,grc,1,0.011,no
ὑψιπετήεις,grc,1,0.011,no
ὑψιπέτηλα,grc,1,0.011,no
ὑψιπέτηλον,grc,1,0.011,no
ὑψιπέτης,grc,1,0.011,no
ὑψορόφοιο,grc,1,0.011,no
ὑψόσε,grc,1,0.011,no
φαάντατος,grc,1,0.011,no
φαγέειν,grc,1,0.011,no
φάγες,grc,1,0.011,no
φάγῃσιν,grc,1,0.011,no
φάγοιτε,grc,1,0.011,no
φάγομεν,grc,1,0.011,no
φαγόντε,grc,1,0.011,no
φαγὼν,grc,1,0.011,no
φάγωσι,grc,1,0.011,no
φάγωσιν,grc,1,0.011,no
φάε,grc,1,0.011,no
φαέθονθʼ,grc,1,0.011,no
φαέθουσά,grc,1,0.011,no
φάει,grc,1,0.011,no
φαειναί,grc,1,0.011,no
φαεινάς,grc,1,0.011,no
φάεινε,grc,1,0.011,no
φαεινὴν,grc,1,0.011,no
φαεινῆς,grc,1,0.011,no
φαείνοι,grc,1,0.011,no
φαείνοιεν,grc,1,0.011,no
φαεινὸν,grc,1,0.011,no
φαεινός,grc,1,0.011,no
φαεινῷ,grc,1,0.011,no
φαείνω,grc,1,0.011,no
φαείνων,grc,1,0.011,no
φαεσίμβροτος,grc,1,0.011,no
φαεσιμβρότου,grc,1,0.011,no
φαίδρην,grc,1,0.011,no
φαίηκές,grc,1,0.011,no
φαιήκεσσʼ,grc,1,0.011,no
φαίην,grc,1,0.011,no
φαίηξιν,grc,1,0.011,no
φαίης,grc,1,0.011,no
φαίνεθʼ,grc,1,0.011,no
φαίνει,grc,1,0.011,no
φαίνεις,grc,1,0.011,no
φαινέμεν,grc,1,0.011,no
φαινέσκετο,grc,1,0.011,no
φαινέτω,grc,1,0.011,no
φαίνηται,grc,1,0.011,no
φαίνονθʼ,grc,1,0.011,no
φαίνοντʼ,grc,1,0.011,no
φαίνοντες,grc,1,0.011,no
φαίνων,grc,1,0.011,no
φαιστόν,grc,1,0.011,no
φάμενοι,grc,1,0.011,no
φὰν,grc,1,0.011,no
φανείη,grc,1,0.011,no
φανεὶς,grc,1,0.011,no
φανεῖσα,grc,1,0.011,no
φανεῖσθαι,grc,1,0.011,no
φάνεν,grc,1,0.011,no
φανήῃς,grc,1,0.011,no
φάνημεν,grc,1,0.011,no
φάνης,grc,1,0.011,no
φανήτω,grc,1,0.011,no
φάντο,grc,1,0.011,no
φάρεα,grc,1,0.011,no
φάρει,grc,1,0.011,no
φαρέτρῃ,grc,1,0.011,no
φαρέτρης,grc,1,0.011,no
φαρμάσσων,grc,1,0.011,no
φάρον,grc,1,0.011,no
φάσγανα,grc,1,0.011,no
φάσγανά,grc,1,0.011,no
φάσθʼ,grc,1,0.011,no
φάσθε,grc,1,0.011,no
φάσθω,grc,1,0.011,no
φάσκʼ,grc,1,0.011,no
φάσκε,grc,1,0.011,no
φάσκεν,grc,1,0.011,no
φάσχʼ,grc,1,0.011,no
φατʼ,grc,1,0.011,no
φατε,grc,1,0.011,no
φάτιν,grc,1,0.011,no
φεὰς,grc,1,0.011,no
φέρεις,grc,1,0.011,no
φέρεσκε,grc,1,0.011,no
φέρεσκον,grc,1,0.011,no
φέρῃ,grc,1,0.011,no
φερῇς,grc,1,0.011,no
φέρῃσι,grc,1,0.011,no
φέρητʼ,grc,1,0.011,no
φέρηται,grc,1,0.011,no
φέροιεν,grc,1,0.011,no
φέροντας,grc,1,0.011,no
φέροντο,grc,1,0.011,no
φέρτατʼ,grc,1,0.011,no
φέρτατοι,grc,1,0.011,no
φέρτατος,grc,1,0.011,no
φέρτεροι,grc,1,0.011,no
φέρτερός,grc,1,0.011,no
φέρω,grc,1,0.011,no
φερώμεθα,grc,1,0.011,no
φέρωμεν,grc,1,0.011,no
φεῦγε,grc,1,0.011,no
φεύγει,grc,1,0.011,no
φεύγειν,grc,1,0.011,no
φευγέμεν,grc,1,0.011,no
φεῦγον,grc,1,0.011,no
φεύγοντι,grc,1,0.011,no
φεύγωμεν,grc,1,0.011,no
φεύξεσθαι,grc,1,0.011,no
φῇ,grc,1,0.011,no
φήμῃ,grc,1,0.011,no
φήμιε,grc,1,0.011,no
φῆμις,grc,1,0.011,no
φημίῳ,grc,1,0.011,no
φῆν,grc,1,0.011,no
φήνειε,grc,1,0.011,no
φήνῃ,grc,1,0.011,no
φήνωσι,grc,1,0.011,no
φῂς,grc,1,0.011,no
φησʼ,grc,1,0.011,no
φῇσθα,grc,1,0.011,no
φησί,grc,1,0.011,no
φῇσιν,grc,1,0.011,no
φθάμενος,grc,1,0.011,no
φθεγγομένου,grc,1,0.011,no
φθεγγώμεθα,grc,1,0.011,no
φθεγξάμενος,grc,1,0.011,no
φθεγξάμενός,grc,1,0.011,no
φθεγξαμένου,grc,1,0.011,no
φθείρουσι,grc,1,0.011,no
φθέωμεν,grc,1,0.011,no
φθέωσι,grc,1,0.011,no
φθῆ,grc,1,0.011,no
φθίην,grc,1,0.011,no
φθίῃς,grc,1,0.011,no
φθιμένοιο,grc,1,0.011,no
φθιμένοισι,grc,1,0.011,no
φθινέτω,grc,1,0.011,no
φθινύθει,grc,1,0.011,no
φθινύθω,grc,1,0.011,no
φθῖσαν,grc,1,0.011,no
φθίσεσθαι,grc,1,0.011,no
φθισίμβροτον,grc,1,0.011,no
φθίσωμεν,grc,1,0.011,no
φθῖτʼ,grc,1,0.011,no
φθογγὴν,grc,1,0.011,no
φθογγῆς,grc,1,0.011,no
φθόγγῳ,grc,1,0.011,no
φθονέειν,grc,1,0.011,no
φθονέεις,grc,1,0.011,no
φιλέῃσιν,grc,1,0.011,no
φιλεῖν,grc,1,0.011,no
φιλέοι,grc,1,0.011,no
φίλεόν,grc,1,0.011,no
φιλέοντε,grc,1,0.011,no
φιλέοντέ,grc,1,0.011,no
φιλέοντες,grc,1,0.011,no
φιλέοντι,grc,1,0.011,no
φιλεόντων,grc,1,0.011,no
φιλέουσʼ,grc,1,0.011,no
φιλέουσιν,grc,1,0.011,no
φιλεῦντας,grc,1,0.011,no
φιλέωμεν,grc,1,0.011,no
φιλῆσαι,grc,1,0.011,no
φίλησε,grc,1,0.011,no
φιλησέμεν,grc,1,0.011,no
φιλήσῃ,grc,1,0.011,no
φιλήσω,grc,1,0.011,no
φιλοίη,grc,1,0.011,no
φιλοίτιε,grc,1,0.011,no
φιλοκέρτομε,grc,1,0.011,no
φιλοκτήτην,grc,1,0.011,no
φιλοκτήτης,grc,1,0.011,no
φιλομμειδὴς,grc,1,0.011,no
φιλοπαίγμονος,grc,1,0.011,no
φιλοτήσια,grc,1,0.011,no
φιλότητʼ,grc,1,0.011,no
φίλταθʼ,grc,1,0.011,no
φιλτάτη,grc,1,0.011,no
φίλτατός,grc,1,0.011,no
φίλτερος,grc,1,0.011,no
φιτροὺς,grc,1,0.011,no
φλιῇσι,grc,1,0.011,no
φλὸξ,grc,1,0.011,no
φόβηθεν,grc,1,0.011,no
φόβου,grc,1,0.011,no
φοίβου,grc,1,0.011,no
φοίνικας,grc,1,0.011,no
φοίνικι,grc,1,0.011,no
φοίνικος,grc,1,0.011,no
φοινίκων,grc,1,0.011,no
φοῖνιξ,grc,1,0.011,no
φοίνιον,grc,1,0.011,no
φοίνισσʼ,grc,1,0.011,no
φοίτα,grc,1,0.011,no
φοιτῶσʼ,grc,1,0.011,no
φονῆας,grc,1,0.011,no
φόνοι,grc,1,0.011,no
φόνῳ,grc,1,0.011,no
φορέεις,grc,1,0.011,no
φορέεσκε,grc,1,0.011,no
φορέῃσι,grc,1,0.011,no
φορέῃσιν,grc,1,0.011,no
φόρει,grc,1,0.011,no
φορῆναι,grc,1,0.011,no
φόρμιγγι,grc,1,0.011,no
φόρμιγγός,grc,1,0.011,no
φόρμιγξ,grc,1,0.011,no
φοροίη,grc,1,0.011,no
φόρτον,grc,1,0.011,no
φόρτου,grc,1,0.011,no
φορύνετο,grc,1,0.011,no
φορύξας,grc,1,0.011,no
φόωσδε,grc,1,0.011,no
φραζέσθην,grc,1,0.011,no
φράζετο,grc,1,0.011,no
φραζοίμεθα,grc,1,0.011,no
φραζόμεθʼ,grc,1,0.011,no
φραζομένη,grc,1,0.011,no
φράζονται,grc,1,0.011,no
φραζώμεσθʼ,grc,1,0.011,no
φράξε,grc,1,0.011,no
φρασάμην,grc,1,0.011,no
φράσε,grc,1,0.011,no
φράσεται,grc,1,0.011,no
φράσομαι,grc,1,0.011,no
φράσσαντʼ,grc,1,0.011,no
φρασσόμεθʼ,grc,1,0.011,no
φράσσονται,grc,1,0.011,no
φρενὶ,grc,1,0.011,no
φρικὶ,grc,1,0.011,no
φρίξας,grc,1,0.011,no
φρονέεις,grc,1,0.011,no
φρονέῃσι,grc,1,0.011,no
φρονέουσι,grc,1,0.011,no
φρονέουσιν,grc,1,0.011,no
φρόντιν,grc,1,0.011,no
φύγεσκε,grc,1,0.011,no
φυγή,grc,1,0.011,no
φυγῇ,grc,1,0.011,no
φύγῃ,grc,1,0.011,no
φύγοιμι,grc,1,0.011,no
φυγόντα,grc,1,0.011,no
φυγόντες,grc,1,0.011,no
φυγόντι,grc,1,0.011,no
φυγοπτόλεμος,grc,1,0.011,no
φύει,grc,1,0.011,no
φῦλα,grc,1,0.011,no
φυλάκοιο,grc,1,0.011,no
φυλάξεις,grc,1,0.011,no
φυλάξω,grc,1,0.011,no
φυλάξων,grc,1,0.011,no
φύλασσε,grc,1,0.011,no
φυλάσσεις,grc,1,0.011,no
φυλάσσοιμεν,grc,1,0.011,no
φυλάσσοις,grc,1,0.011,no
φυλίης,grc,1,0.011,no
φυλόπιδα,grc,1,0.011,no
φυλόπιδος,grc,1,0.011,no
φύλοπιν,grc,1,0.011,no
φύξιμον,grc,1,0.011,no
φύονται,grc,1,0.011,no
φύοντο,grc,1,0.011,no
φύρσω,grc,1,0.011,no
φυσίζοος,grc,1,0.011,no
φύσιν,grc,1,0.011,no
φυτεύουσιν,grc,1,0.011,no
φυτεύσω,grc,1,0.011,no
φῶθʼ,grc,1,0.011,no
φώκῃσι,grc,1,0.011,no
φωνὴ,grc,1,0.011,no
φωνὴν,grc,1,0.011,no
φωνήσαντε,grc,1,0.011,no
φωνησάσης,grc,1,0.011,no
φωριαμοῖσιν,grc,1,0.011,no
φωτὸς,grc,1,0.011,no
χαίρεσκον,grc,1,0.011,no
χαίρετʼ,grc,1,0.011,no
χαίρετε,grc,1,0.011,no
χαίρῃς,grc,1,0.011,no
χαῖρον,grc,1,0.011,no
χαίροντʼ,grc,1,0.011,no
χαίροντα,grc,1,0.011,no
χαίροντι,grc,1,0.011,no
χαίρουσι,grc,1,0.011,no
χαὶρων,grc,1,0.011,no
χαῖται,grc,1,0.011,no
χαλέπʼ,grc,1,0.011,no
χαλεπὰ,grc,1,0.011,no
χαλεπαὶ,grc,1,0.011,no
χαλεπαίνει,grc,1,0.011,no
χαλεπαίνειν,grc,1,0.011,no
χαλεπὴν,grc,1,0.011,no
χαλεπῆς,grc,1,0.011,no
χαλεποὶ,grc,1,0.011,no
χαλεποῖο,grc,1,0.011,no
χαλεποῖσι,grc,1,0.011,no
χαλεποὺς,grc,1,0.011,no
χαλέπτει,grc,1,0.011,no
χαλεπῶν,grc,1,0.011,no
χαλιφρονέοντα,grc,1,0.011,no
χαλιφροσύναι,grc,1,0.011,no
χαλκείην,grc,1,0.011,no
χάλκειον,grc,1,0.011,no
χάλκεοι,grc,1,0.011,no
χαλκέῳ,grc,1,0.011,no
χαλκεῶνα,grc,1,0.011,no
χαλκήια,grc,1,0.011,no
χαλκήϊον,grc,1,0.011,no
χαλκήρεα,grc,1,0.011,no
χαλκίδα,grc,1,0.011,no
χαλκοβαρές,grc,1,0.011,no
χαλκοβαρής,grc,1,0.011,no
χαλκοπαρῄου,grc,1,0.011,no
χαλκὸς,grc,1,0.011,no
χανδὸν,grc,1,0.011,no
χανὼν,grc,1,0.011,no
χαριεστάτη,grc,1,0.011,no
χαριέστερον,grc,1,0.011,no
χαρίζετο,grc,1,0.011,no
χάρισι,grc,1,0.011,no
χάριτες,grc,1,0.011,no
χάρμα,grc,1,0.011,no
χάρματα,grc,1,0.011,no
χάρμης,grc,1,0.011,no
χαροποί,grc,1,0.011,no
χαρύβδιος,grc,1,0.011,no
χατέουσʼ,grc,1,0.011,no
χατέουσα,grc,1,0.011,no
χέει,grc,1,0.011,no
χείματος,grc,1,0.011,no
χειμερίῃ,grc,1,0.011,no
χείρʼ,grc,1,0.011,no
χεῖρές,grc,1,0.011,no
χείρεσσίν,grc,1,0.011,no
χειρῖδάς,grc,1,0.011,no
χεῖρον,grc,1,0.011,no
χείρονα,grc,1,0.011,no
χείρονες,grc,1,0.011,no
χείρονι,grc,1,0.011,no
χείρονος,grc,1,0.011,no
χείσεται,grc,1,0.011,no
χεῖσθαι,grc,1,0.011,no
χεόμην,grc,1,0.011,no
χέον,grc,1,0.011,no
χέοντʼ,grc,1,0.011,no
χέοντας,grc,1,0.011,no
χέουσαι,grc,1,0.011,no
χεούσης,grc,1,0.011,no
χέρεια,grc,1,0.011,no
χερείονα,grc,1,0.011,no
χερείονι,grc,1,0.011,no
χέρηες,grc,1,0.011,no
χερμαδίοισι,grc,1,0.011,no
χερμαδίοισιν,grc,1,0.011,no
χέρνιβά,grc,1,0.011,no
χέρσʼ,grc,1,0.011,no
χεύαμεν,grc,1,0.011,no
χεῦαν,grc,1,0.011,no
χεύαντες,grc,1,0.011,no
χευάντων,grc,1,0.011,no
χεύατο,grc,1,0.011,no
χεῦον,grc,1,0.011,no
χεύω,grc,1,0.011,no
χηλοὶ,grc,1,0.011,no
χηλοῖσιν,grc,1,0.011,no
χηλῷ,grc,1,0.011,no
χῆνʼ,grc,1,0.011,no
χῆνα,grc,1,0.011,no
χῆνες,grc,1,0.011,no
χῆνές,grc,1,0.011,no
χηρεύει,grc,1,0.011,no
χήτει,grc,1,0.011,no
χθαμαλαὶ,grc,1,0.011,no
χθαμαλώτερον,grc,1,0.011,no
χθιζὸν,grc,1,0.011,no
χθών,grc,1,0.011,no
χιτῶνʼ,grc,1,0.011,no
χιτῶνες,grc,1,0.011,no
χλωρὰς,grc,1,0.011,no
χλωρηῒς,grc,1,0.011,no
χλῶριν,grc,1,0.011,no
χλωρός,grc,1,0.011,no
χνόον,grc,1,0.011,no
χοίνικος,grc,1,0.011,no
χοίρεʼ,grc,1,0.011,no
χοίρων,grc,1,0.011,no
χόλοιο,grc,1,0.011,no
χόλος,grc,1,0.011,no
χόλου,grc,1,0.011,no
χολωθείς,grc,1,0.011,no
χολώσαιτο,grc,1,0.011,no
χολωσάμενός,grc,1,0.011,no
χολώσῃς,grc,1,0.011,no
χορδήν,grc,1,0.011,no
χοροὶ,grc,1,0.011,no
χορόν,grc,1,0.011,no
χρεῖός,grc,1,0.011,no
χρειώ,grc,1,0.011,no
χρείων,grc,1,0.011,no
χρεώ,grc,1,0.011,no
χρηΐζεις,grc,1,0.011,no
χρηίζοντι,grc,1,0.011,no
χρηΐζων,grc,1,0.011,no
χρήμασι,grc,1,0.011,no
χρήματά,grc,1,0.011,no
χρησόμενον,grc,1,0.011,no
χρίεσθαι,grc,1,0.011,no
χρίεται,grc,1,0.011,no
χριμφθεὶς,grc,1,0.011,no
χρῖον,grc,1,0.011,no
χρῖσαί,grc,1,0.011,no
χρισάμεναι,grc,1,0.011,no
χρίσομαι,grc,1,0.011,no
χροός,grc,1,0.011,no
χρύσεα,grc,1,0.011,no
χρυσέη,grc,1,0.011,no
χρυσέην,grc,1,0.011,no
χρυσέης,grc,1,0.011,no
χρυσείῳ,grc,1,0.011,no
χρύσεοι,grc,1,0.011,no
χρυσέοις,grc,1,0.011,no
χρύσεος,grc,1,0.011,no
χρυσηλακάτῳ,grc,1,0.011,no
χρυσήνιος,grc,1,0.011,no
χρυσοῖό,grc,1,0.011,no
χρυσοπεδίλου,grc,1,0.011,no
χρυσόρραπι,grc,1,0.011,no
χρυσοχόον,grc,1,0.011,no
χυθείη,grc,1,0.011,no
χυμένη,grc,1,0.011,no
χύσιν,grc,1,0.011,no
χυτὴν,grc,1,0.011,no
χυτλώσαιτο,grc,1,0.011,no
χύτο,grc,1,0.011,no
χωλὸν,grc,1,0.011,no
χωλὸς,grc,1,0.011,no
χώρας,grc,1,0.011,no
χώρης,grc,1,0.011,no
ψαμάθοις,grc,1,0.011,no
ψάμμῳ,grc,1,0.011,no
ψεύδεά,grc,1,0.011,no
ψεύδεσθαι,grc,1,0.011,no
ψεύδεσσι,grc,1,0.011,no
ψεύδοντʼ,grc,1,0.011,no
ψεύσομαι,grc,1,0.011,no
ψηλαφόων,grc,1,0.011,no
ψιλὴν,grc,1,0.011,no
ψιλόν,grc,1,0.011,no
ψολόεντα,grc,1,0.011,no
ψολόεντι,grc,1,0.011,no
ψυρίης,grc,1,0.011,no
ψυχαί,grc,1,0.011,no
ψύχεος,grc,1,0.011,no
ψυχέων,grc,1,0.011,no
ψυχρή,grc,1,0.011,no
ψυχρὴ,grc,1,0.011,no
ψυχρόν,grc,1,0.011,no
ψυχρὸν,grc,1,0.011,no
ψυχρῷ,grc,1,0.011,no
ψωμοί,grc,1,0.011,no
ὥ,grc,1,0.011,no
ὣ,grc,1,0.011,no
ὠγυγίη,grc,1,0.011,no
ὠγυγίης,grc,1,0.011,no
ᾤδεε,grc,1,0.011,no
ὠδίνων,grc,1,0.011,no
ὠδύσαο,grc,1,0.011,no
ὠδύσατʼ,grc,1,0.011,no
ὠθεῖ,grc,1,0.011,no
ὤθεσκε,grc,1,0.011,no
ὠίετο,grc,1,0.011,no
ὠΐετο,grc,1,0.011,no
ὤϊξαν,grc,1,0.011,no
ὤϊξάν,grc,1,0.011,no
ὤϊξεν,grc,1,0.011,no
ὠΐσθη,grc,1,0.011,no
ὠΐσθην,grc,1,0.011,no
ὦκʼ,grc,1,0.011,no
ὠκέα,grc,1,0.011,no
ὠκεανὸν,grc,1,0.011,no
ὠκέες,grc,1,0.011,no
ᾤκει,grc,1,0.011,no
ὠκεῖαι,grc,1,0.011,no
ὠκειάων,grc,1,0.011,no
ὠκείῃς,grc,1,0.011,no
ὠκείῃσι,grc,1,0.011,no
ᾤκεον,grc,1,0.011,no
ὠκύ,grc,1,0.011,no
ὠκυμόρων,grc,1,0.011,no
ὠκὺν,grc,1,0.011,no
ὠκύποδας,grc,1,0.011,no
ὠκυπόδων,grc,1,0.011,no
ὠκύποροι,grc,1,0.011,no
ὠκυπόροισι,grc,1,0.011,no
ὠκυπόρων,grc,1,0.011,no
ὠκύς,grc,1,0.011,no
ὠκύτατόν,grc,1,0.011,no
ὤλεθʼ,grc,1,0.011,no
ὤλεσʼ,grc,1,0.011,no
ὤλεσα,grc,1,0.011,no
ὤλεσας,grc,1,0.011,no
ὠλεσίκαρποι,grc,1,0.011,no
ὦλκα,grc,1,0.011,no
ὤλονθʼ,grc,1,0.011,no
ὠμά,grc,1,0.011,no
ὡμήρησε,grc,1,0.011,no
ὤμνυε,grc,1,0.011,no
ὠμοθετεῖτο,grc,1,0.011,no
ὦμοι,grc,1,0.011,no
ὠμόργνυντο,grc,1,0.011,no
ὤμοσα,grc,1,0.011,no
ὤμοσε,grc,1,0.011,no
ὤμου,grc,1,0.011,no
ὠμῷ,grc,1,0.011,no
ᾤμωξεν,grc,1,0.011,no
ᾤμωξέν,grc,1,0.011,no
ὤνησεν,grc,1,0.011,no
ὠνητὴ,grc,1,0.011,no
ὠνόμασας,grc,1,0.011,no
ὤπαζον,grc,1,0.011,no
ὤπασε,grc,1,0.011,no
ὠπίζετο,grc,1,0.011,no
ὥπλεον,grc,1,0.011,no
ὡπλίζετο,grc,1,0.011,no
ὡπλίζοντο,grc,1,0.011,no
ὥρας,grc,1,0.011,no
ὥρην,grc,1,0.011,no
ὥρια,grc,1,0.011,no
ὤρινάς,grc,1,0.011,no
ὤρινεν,grc,1,0.011,no
ὤριστος,grc,1,0.011,no
ὠρίωνʼ,grc,1,0.011,no
ὡρμήθησαν,grc,1,0.011,no
ὥρμηναν,grc,1,0.011,no
ὡρμίσαμεν,grc,1,0.011,no
ὤρνυε,grc,1,0.011,no
ὤρνυθʼ,grc,1,0.011,no
ὦρσαν,grc,1,0.011,no
ὦρτʼ,grc,1,0.011,no
ὠρχείσθην,grc,1,0.011,no
ὧς,grc,1,0.011,no
ὦσα,grc,1,0.011,no
ὤσασκε,grc,1,0.011,no
ὦσε,grc,1,0.011,no
ὦσι,grc,1,0.011,no
ὠσὶν,grc,1,0.011,no
ὥστε,grc,1,0.011,no
ὠτειλέων,grc,1,0.011,no
ὠτειλὴν,grc,1,0.011,no
ὠτειλῆς,grc,1,0.011,no
ὦτόν,grc,1,0.011,no
ὠτρύνοντʼ,grc,1,0.011,no
ὤφελες,grc,1,0.011,no
ὤφελλε,grc,1,0.011,no
ὤφελλες,grc,1,0.011,no
ᾠχόμεθʼ,grc,1,0.011,no
ὠχρήσαντα,grc,1,0.011,no
