form,lang,count,per_thousand,stopword
et,la,4054,33.202,yes
in,la,3194,26.158,yes
ad,la,1549,12.686,yes
ut,la,1125,9.214,yes
est,la,1118,9.156,yes
non,la,1061,8.689,yes
cum,la,982,8.042,yes
ac,la,888,7.273,yes
de,la,870,7.125,yes
qui,la,841,6.888,yes
a,la,772,6.323,yes
ex,la,725,5.938,yes
quod,la,615,5.037,yes
quae,la,560,4.586,yes
sunt,la,481,3.939,yes
p,la,459,3.759,no
quam,la,445,3.644,no
se,la,429,3.513,no
per,la,424,3.473,yes
hoc,la,421,3.448,yes
sed,la,416,3.407,yes
ab,la,364,2.981,yes
si,la,360,2.948,yes
quo,la,347,2.842,no
enim,la,344,2.817,yes
etiam,la,311,2.547,yes
vel,la,311,2.547,yes
omnes,la,297,2.432,no
fuit,la,260,2.129,no
vero,la,259,2.121,no
autem,la,257,2.105,yes
esse,la,255,2.088,yes
iam,la,252,2.064,yes
pro,la,252,2.064,yes
nos,la,244,1.998,no
omnibus,la,243,1.99,no
anno,la,239,1.957,no
quibus,la,238,1.949,no
pater,la,237,1.941,no
quia,la,233,1.908,no
tamen,la,222,1.818,yes
vt,la,213,1.744,no
ubi,la,207,1.695,no
annos,la,206,1.687,no
nec,la,205,1.679,yes
haec,la,203,1.663,yes
post,la,203,1.663,no
dei,la,200,1.638,no
societatis,la,191,1.564,no
aut,la,185,1.515,yes
eo,la,185,1.515,no
ita,la,184,1.507,no
frater,la,183,1.499,no
eos,la,181,1.482,no
qua,la,179,1.466,no
erat,la,177,1.45,yes
ne,la,177,1.45,no
sit,la,177,1.45,no
ue,la,175,1.433,no
eius,la,174,1.425,no
nobis,la,172,1.409,no
patres,la,172,1.409,no
inter,la,166,1.36,no
hac,la,160,1.31,no
ea,la,158,1.294,yes
me,la,158,1.294,no
tum,la,158,1.294,no
quos,la,157,1.286,no
omnia,la,152,1.245,no
provincia,la,152,1.245,no
atque,la,149,1.22,yes
nostris,la,146,1.196,no
tam,la,146,1.196,no
habet,la,144,1.179,no
domini,la,143,1.171,no
aliis,la,141,1.155,no
eorum,la,140,1.147,no
hic,la,139,1.138,yes
his,la,139,1.138,no
s,la,138,1.13,no
fr,la,137,1.122,no
sic,la,135,1.106,no
die,la,134,1.097,no
nam,la,134,1.097,no
um,la,133,1.089,no
ipse,la,132,1.081,no
sibi,la,132,1.081,no
regno,la,130,1.065,no
suis,la,125,1.024,no
ergo,la,123,1.007,no
christi,la,122,0.999,no
esset,la,122,0.999,no
illi,la,122,0.999,no
millia,la,122,0.999,no
illis,la,121,0.991,no
provinciae,la,121,0.991,no
modo,la,119,0.975,no
nunc,la,118,0.966,no
quidem,la,118,0.966,no
cui,la,117,0.958,no
tantum,la,117,0.958,no
eum,la,115,0.942,no
hanc,la,114,0.934,no
tempore,la,114,0.934,no
huius,la,113,0.925,no
nisi,la,112,0.917,no
eam,la,111,0.909,no
sine,la,111,0.909,no
nostri,la,110,0.901,no
suo,la,110,0.901,no
quatuor,la,109,0.893,no
e,la,108,0.885,yes
id,la,108,0.885,yes
duo,la,107,0.876,no
ob,la,107,0.876,no
tartari,la,102,0.835,no
deo,la,101,0.827,no
sua,la,101,0.827,no
apud,la,99,0.811,no
ibi,la,98,0.803,no
neque,la,96,0.786,no
cuius,la,95,0.778,no
omnium,la,95,0.778,no
sub,la,95,0.778,no
christiani,la,94,0.77,no
contra,la,94,0.77,no
n,la,94,0.77,no
societate,la,94,0.77,no
propter,la,93,0.762,no
usque,la,93,0.762,no
d,la,92,0.753,no
ego,la,92,0.753,no
mihi,la,92,0.753,no
alii,la,91,0.745,no
franciscus,la,91,0.745,no
parte,la,90,0.737,no
supra,la,89,0.729,no
tunc,la,89,0.729,no
alia,la,88,0.721,no
erant,la,88,0.721,no
licet,la,88,0.721,no
quas,la,87,0.713,no
quid,la,87,0.713,no
suum,la,87,0.713,no
deus,la,86,0.704,no
potest,la,86,0.704,no
quem,la,86,0.704,no
regnum,la,86,0.704,no
sint,la,86,0.704,no
ante,la,85,0.696,no
domino,la,85,0.696,no
itaque,la,85,0.696,no
nihil,la,85,0.696,no
solum,la,85,0.696,no
unde,la,85,0.696,no
quoque,la,84,0.688,no
antonius,la,83,0.68,no
christianorum,la,83,0.68,no
deinde,la,82,0.672,no
ei,la,82,0.672,no
magna,la,82,0.672,no
quorum,la,82,0.672,no
tartaris,la,82,0.672,no
nomine,la,80,0.655,no
nostra,la,80,0.655,no
nostrae,la,80,0.655,no
regni,la,80,0.655,no
hominum,la,79,0.647,no
omni,la,79,0.647,no
r,la,79,0.647,no
semper,la,78,0.639,no
fere,la,77,0.631,no
urbem,la,77,0.631,no
tartarorum,la,76,0.622,no
suam,la,75,0.614,no
christo,es,74,0.606,no
eis,la,74,0.606,no
omnino,la,74,0.606,no
ecclesiae,la,73,0.598,no
eodem,la,73,0.598,no
illa,la,73,0.598,yes
sui,la,73,0.598,no
collegium,la,72,0.59,no
iesu,la,72,0.59,no
japponiae,la,72,0.59,no
totius,la,72,0.59,no
collegio,la,71,0.581,no
facile,la,71,0.581,no
fidem,la,71,0.581,no
loco,la,71,0.581,no
rebus,la,71,0.581,no
res,la,71,0.581,no
an,la,70,0.573,no
homines,la,70,0.573,no
tres,la,70,0.573,no
annum,la,69,0.565,no
dum,la,69,0.565,no
ille,la,69,0.565,yes
inde,la,69,0.565,no
rerum,la,69,0.565,no
christianis,la,68,0.557,no
illius,la,68,0.557,no
item,la,68,0.557,no
vitae,la,68,0.557,no
sinarum,la,67,0.549,no
fratres,la,66,0.541,no
mortem,la,66,0.541,no
rex,la,66,0.541,no
verum,la,66,0.541,no
adhuc,la,65,0.532,no
causa,la,65,0.532,no
ipsi,la,65,0.532,no
christianos,la,64,0.524,no
civitate,la,64,0.524,no
dominus,la,64,0.524,no
ecclesia,la,64,0.524,no
magis,la,64,0.524,no
re,la,64,0.524,no
primo,la,63,0.516,no
quando,la,63,0.516,no
hi,la,62,0.508,no
milites,la,62,0.508,no
patribus,la,62,0.508,no
anni,la,61,0.5,no
intra,la,61,0.5,no
mille,la,61,0.5,no
primum,la,61,0.5,no
quinque,la,61,0.5,no
rem,la,61,0.5,no
imperium,la,60,0.491,no
locum,la,59,0.483,no
provinciam,la,59,0.483,no
bene,la,58,0.475,no
litteras,la,58,0.475,no
animo,la,57,0.467,no
at,la,57,0.467,no
igitur,la,57,0.467,no
ipsa,la,57,0.467,no
secundum,la,57,0.467,no
am,la,56,0.459,no
animi,la,56,0.459,no
domus,la,56,0.459,no
illud,la,56,0.459,yes
imperatoris,la,56,0.459,no
litteris,la,56,0.459,no
nostrorum,la,56,0.459,no
nulla,la,56,0.459,no
provincialis,la,56,0.459,no
suos,la,56,0.459,no
una,la,56,0.459,no
deum,la,55,0.45,no
dies,la,55,0.45,no
habent,la,55,0.45,no
nomen,la,55,0.45,no
regis,la,55,0.45,no
vix,la,55,0.45,no
alios,la,54,0.442,no
collegii,la,54,0.442,no
ipsum,la,54,0.442,no
partim,la,54,0.442,no
tota,la,54,0.442,no
unum,la,54,0.442,no
domo,la,53,0.434,no
ecclesiam,la,53,0.434,no
hactenus,la,53,0.434,no
ideo,la,53,0.434,no
sinico,la,53,0.434,no
sinis,la,53,0.434,no
suorum,la,53,0.434,no
fide,la,52,0.426,no
fidei,la,52,0.426,no
hunc,la,52,0.426,no
idem,la,52,0.426,no
lusitanus,la,52,0.426,no
partem,la,52,0.426,no
posset,la,52,0.426,no
quoniam,la,52,0.426,no
satis,la,52,0.426,no
sinas,la,52,0.426,no
suae,la,52,0.426,no
sumus,la,52,0.426,no
tandem,la,52,0.426,no
altera,la,51,0.418,no
demum,la,51,0.418,no
india,la,51,0.418,no
iterum,la,51,0.418,no
missionis,la,51,0.418,no
quamvis,la,51,0.418,no
tartaros,la,51,0.418,no
fuerit,la,50,0.409,no
imperio,la,50,0.409,no
joannes,la,50,0.409,no
posse,la,50,0.409,no
urbe,la,50,0.409,no
decem,la,49,0.401,no
en,la,49,0.401,no
imperator,la,49,0.401,no
unus,la,49,0.401,no
c,la,48,0.393,no
habere,la,48,0.393,no
imperii,la,48,0.393,no
quare,la,48,0.393,no
septem,la,48,0.393,no
summa,la,48,0.393,no
terram,la,48,0.393,no
vitam,la,48,0.393,no
legem,la,47,0.385,no
opus,la,47,0.385,no
postea,la,47,0.385,no
scilicet,la,47,0.385,no
tempus,la,47,0.385,no
vita,la,47,0.385,no
aliud,la,46,0.377,no
annis,la,46,0.377,no
augustini,la,46,0.377,no
dictus,la,46,0.377,no
donec,la,46,0.377,no
iis,la,46,0.377,no
militum,la,46,0.377,no
multa,la,46,0.377,no
sex,la,46,0.377,no
animarum,la,45,0.369,no
bonis,la,45,0.369,no
essent,la,45,0.369,no
f,la,45,0.369,no
illam,la,45,0.369,no
magno,la,45,0.369,no
menses,la,45,0.369,no
nostro,la,45,0.369,no
octo,la,45,0.369,no
omnem,la,45,0.369,no
salutem,la,45,0.369,no
sicut,la,45,0.369,no
sum,la,45,0.369,yes
te,la,45,0.369,no
bona,la,44,0.36,no
huic,la,44,0.36,no
maxime,la,44,0.36,no
pag,la,44,0.36,no
ratione,la,44,0.36,no
christianae,la,43,0.352,no
dicitur,la,43,0.352,no
fratribus,la,43,0.352,no
illum,la,43,0.352,no
legis,la,43,0.352,no
nostram,la,43,0.352,no
possit,la,43,0.352,no
tot,la,43,0.352,no
facere,la,42,0.344,no
modum,la,42,0.344,no
multis,la,42,0.344,no
numerus,la,42,0.344,no
potius,la,42,0.344,no
tamquam,la,42,0.344,no
à,la,41,0.336,no
aliquot,la,41,0.336,no
denique,la,41,0.336,no
eadem,la,41,0.336,no
imo,la,41,0.336,no
imperatorem,la,41,0.336,no
redditus,la,41,0.336,no
tanta,la,41,0.336,no
curam,la,40,0.328,no
fuerat,la,40,0.328,no
morte,la,40,0.328,no
noster,la,40,0.328,no
nostrum,la,40,0.328,no
nunquam,la,40,0.328,no
peking,la,40,0.328,no
petrus,la,40,0.328,no
praeter,la,40,0.328,no
quidam,la,40,0.328,no
tibi,la,40,0.328,no
adeo,la,39,0.319,no
alias,la,39,0.319,no
aliquid,la,39,0.319,no
dixit,la,39,0.319,no
hos,la,39,0.319,no
nondum,la,39,0.319,no
partes,la,39,0.319,no
plus,la,39,0.319,no
quasi,la,39,0.319,no
sinae,la,39,0.319,no
sinicum,la,39,0.319,no
bellum,la,38,0.311,no
caput,la,38,0.311,no
em,pt,38,0.311,no
filius,la,38,0.311,no
hujus,la,38,0.311,no
viam,la,38,0.311,no
eiusdem,la,37,0.303,no
manu,la,37,0.303,no
manus,la,37,0.303,no
multo,la,37,0.303,no
parum,la,37,0.303,no
patrem,la,37,0.303,no
que,la,37,0.303,no
rege,la,37,0.303,no
respondit,la,37,0.303,no
suas,la,37,0.303,no
t,la,37,0.303,no
centum,la,36,0.295,no
exercitus,la,36,0.295,no
hinc,la,36,0.295,no
militibus,la,36,0.295,no
opera,la,36,0.295,no
ordinis,la,36,0.295,no
postquam,la,36,0.295,no
regem,la,36,0.295,no
theologiae,la,36,0.295,no
toto,la,36,0.295,no
venit,la,36,0.295,no
vim,la,36,0.295,no
vires,la,36,0.295,no
alter,la,35,0.287,no
christianam,la,35,0.287,no
extra,la,35,0.287,no
factum,la,35,0.287,no
gloriam,la,35,0.287,no
illo,la,35,0.287,no
mense,la,35,0.287,no
mortis,la,35,0.287,no
numero,la,35,0.287,no
on,la,35,0.287,no
pars,la,35,0.287,no
plures,la,35,0.287,no
plurimum,la,35,0.287,no
possint,la,35,0.287,no
provincias,la,35,0.287,no
sacerdotes,la,35,0.287,no
statu,la,35,0.287,no
valde,la,35,0.287,no
aliqua,la,34,0.278,no
circa,la,34,0.278,no
dedit,la,34,0.278,no
dominum,la,34,0.278,no
habebat,la,34,0.278,no
maxima,la,34,0.278,no
nostros,la,34,0.278,no
partibus,la,34,0.278,no
paulo,la,34,0.278,no
pe,la,34,0.278,no
possunt,la,34,0.278,no
procurator,la,34,0.278,no
rei,la,34,0.278,no
temporis,la,34,0.278,no
tribus,la,34,0.278,no
vi,la,34,0.278,no
aliqui,la,33,0.27,no
eas,la,33,0.27,no
fit,la,33,0.27,no
francisco,la,33,0.27,no
fuisse,la,33,0.27,no
locis,la,33,0.27,no
nempe,la,33,0.27,no
numerum,la,33,0.27,no
patrum,la,33,0.27,no
prius,la,33,0.27,no
quantum,la,33,0.27,no
reliqui,la,33,0.27,no
sive,la,33,0.27,no
titulus,la,33,0.27,no
totum,la,33,0.27,no
votorum,la,33,0.27,no
coram,la,32,0.262,no
facta,la,32,0.262,no
forte,la,32,0.262,no
gratiam,la,32,0.262,no
habuit,la,32,0.262,no
ipso,la,32,0.262,no
longe,la,32,0.262,no
magister,la,32,0.262,no
mox,la,32,0.262,no
necessaria,la,32,0.262,no
nullum,la,32,0.262,no
possent,la,32,0.262,no
regnis,la,32,0.262,no
sedem,la,32,0.262,no
simul,la,32,0.262,no
tanquam,la,32,0.262,no
triginta,la,32,0.262,no
vos,la,32,0.262,no
admodum,la,31,0.254,no
aliae,la,31,0.254,no
alium,la,31,0.254,no
animus,la,31,0.254,no
apostolicus,la,31,0.254,no
christiana,la,31,0.254,no
civitatem,la,31,0.254,no
dicunt,la,31,0.254,no
diebus,la,31,0.254,no
domum,la,31,0.254,no
epistolam,la,31,0.254,no
francisci,la,31,0.254,no
fuerunt,la,31,0.254,no
has,la,31,0.254,no
illorum,la,31,0.254,no
interim,la,31,0.254,no
misit,la,31,0.254,no
potuit,la,31,0.254,no
regia,la,31,0.254,no
viribus,la,31,0.254,no
vobis,la,31,0.254,no
ater,la,30,0.246,no
augustinus,la,30,0.246,no
bonum,la,30,0.246,no
fecit,la,30,0.246,no
hominibus,la,30,0.246,no
insuper,la,30,0.246,no
ioannes,la,30,0.246,no
italus,la,30,0.246,no
iuramentum,la,30,0.246,no
japonia,la,30,0.246,no
japponia,la,30,0.246,no
lege,la,30,0.246,no
minus,la,30,0.246,no
nullo,la,30,0.246,no
patri,la,30,0.246,no
patris,la,30,0.246,no
regionibus,la,30,0.246,no
valetudinis,la,30,0.246,no
amplius,la,29,0.238,no
aula,la,29,0.238,no
ciuitates,la,29,0.238,no
civitatis,la,29,0.238,no
daifusama,la,29,0.238,no
dd,la,29,0.238,no
duos,la,29,0.238,no
ecclesias,la,29,0.238,no
erit,la,29,0.238,no
magnum,la,29,0.238,no
maria,la,29,0.238,no
multi,la,29,0.238,no
numquam,la,29,0.238,no
philosophiae,la,29,0.238,no
prima,la,29,0.238,no
prope,la,29,0.238,no
residentiis,la,29,0.238,no
status,la,29,0.238,no
studuit,la,29,0.238,no
super,la,29,0.238,no
tua,la,29,0.238,no
videtur,la,29,0.238,no
voluit,la,29,0.238,no
alio,la,28,0.229,no
belli,la,28,0.229,no
dicta,la,28,0.229,no
diuinae,la,28,0.229,no
duodecim,la,28,0.229,no
fratrum,la,28,0.229,no
ignatius,la,28,0.229,no
magnam,la,28,0.229,no
michael,la,28,0.229,no
missione,la,28,0.229,no
mundo,la,28,0.229,no
nemo,la,28,0.229,no
nimirum,la,28,0.229,no
nova,la,28,0.229,no
olim,la,28,0.229,no
quomodo,la,28,0.229,no
regio,la,28,0.229,no
saepe,la,28,0.229,no
secum,la,28,0.229,no
terra,la,28,0.229,no
totam,la,28,0.229,no
urbs,la,28,0.229,no
viginti,la,28,0.229,no
virtute,la,28,0.229,no
actum,la,27,0.221,no
aliquando,la,27,0.221,no
armis,la,27,0.221,no
aureorum,la,27,0.221,no
certe,la,27,0.221,no
congregationis,la,27,0.221,no
corpus,la,27,0.221,no
cura,la,27,0.221,no
data,la,27,0.221,no
divinae,la,27,0.221,no
duobus,la,27,0.221,no
familia,la,27,0.221,no
fokien,la,27,0.221,no
fore,la,27,0.221,no
generalis,la,27,0.221,no
idcirco,la,27,0.221,no
interea,la,27,0.221,no
ipsis,la,27,0.221,no
ipsos,la,27,0.221,no
iter,la,27,0.221,no
iustitiae,la,27,0.221,no
iuxta,la,27,0.221,no
jam,la,27,0.221,no
mundi,la,27,0.221,no
officio,la,27,0.221,no
praefecti,la,27,0.221,no
quinquaginta,la,27,0.221,no
regiam,la,27,0.221,no
semedo,la,27,0.221,no
similiter,la,27,0.221,no
singulis,la,27,0.221,no
urbis,la,27,0.221,no
uti,la,27,0.221,no
absque,la,26,0.213,no
aliam,la,26,0.213,no
aliisque,la,26,0.213,no
consilio,la,26,0.213,no
denuo,la,26,0.213,no
dictum,la,26,0.213,no
episcopo,la,26,0.213,no
gloria,la,26,0.213,no
gratia,la,26,0.213,no
horum,la,26,0.213,no
illos,la,26,0.213,no
ipsius,la,26,0.213,no
iuramento,la,26,0.213,no
mea,la,26,0.213,no
more,la,26,0.213,no
multum,la,26,0.213,no
naturae,la,26,0.213,no
nullus,la,26,0.213,no
praeterea,la,26,0.213,no
quaedam,la,26,0.213,no
quis,la,26,0.213,no
ratio,la,26,0.213,no
sanctorum,la,26,0.213,no
sociis,la,26,0.213,no
summo,la,26,0.213,no
divina,la,25,0.205,no
dux,la,25,0.205,no
filium,la,25,0.205,no
fuerint,la,25,0.205,no
huc,la,25,0.205,no
insula,la,25,0.205,no
iussit,la,25,0.205,no
magni,la,25,0.205,no
manibus,la,25,0.205,no
multos,la,25,0.205,no
nanking,la,25,0.205,no
professus,la,25,0.205,no
prorsus,la,25,0.205,no
provinciarum,la,25,0.205,no
quadraginta,la,25,0.205,no
regna,la,25,0.205,no
socius,la,25,0.205,no
superior,la,25,0.205,no
trium,la,25,0.205,no
v,la,25,0.205,no
causam,la,24,0.197,no
christum,la,24,0.197,no
corporis,la,24,0.197,no
daifusamae,la,24,0.197,no
dicam,la,24,0.197,no
dicti,la,24,0.197,no
duces,la,24,0.197,no
illic,la,24,0.197,no
imperatore,la,24,0.197,no
ipsam,la,24,0.197,no
istis,la,24,0.197,no
librum,la,24,0.197,no
maiorem,la,24,0.197,no
mare,la,24,0.197,no
missio,la,24,0.197,no
plane,la,24,0.197,no
r.p,la,24,0.197,no
spes,la,24,0.197,no
statim,la,24,0.197,no
taicosamae,la,24,0.197,no
uero,la,24,0.197,no
ultra,la,24,0.197,no
uno,la,24,0.197,no
verbis,la,24,0.197,no
alterius,la,23,0.188,no
apostolica,la,23,0.188,no
bonae,la,23,0.188,no
brevi,la,23,0.188,no
cumque,la,23,0.188,no
debet,la,23,0.188,no
deinceps,la,23,0.188,no
dictis,la,23,0.188,no
edidit,la,23,0.188,no
episcopus,la,23,0.188,no
fieri,la,23,0.188,no
fuisset,la,23,0.188,no
goae,la,23,0.188,no
m,la,23,0.188,no
mandatum,la,23,0.188,no
mei,la,23,0.188,no
missionibus,la,23,0.188,no
nangasachum,la,23,0.188,no
omnis,la,23,0.188,no
operam,la,23,0.188,no
paulus,la,23,0.188,no
pervenit,la,23,0.188,no
potestatem,la,23,0.188,no
praecipue,la,23,0.188,no
praefectus,la,23,0.188,no
quadam,la,23,0.188,no
quarum,la,23,0.188,no
quin,la,23,0.188,no
rationes,la,23,0.188,no
residentiae,la,23,0.188,no
saltem,la,23,0.188,no
solus,la,23,0.188,no
studio,la,23,0.188,no
templum,la,23,0.188,no
un,la,23,0.188,no
variis,la,23,0.188,no
vir,la,23,0.188,no
administrationem,la,22,0.18,no
aliorum,la,22,0.18,no
alterum,la,22,0.18,no
arma,la,22,0.18,no
constat,la,22,0.18,no
decretum,la,22,0.18,no
diximus,la,22,0.18,no
duas,la,22,0.18,no
exercitum,la,22,0.18,no
gentiles,la,22,0.18,no
honorem,la,22,0.18,no
iaponiae,la,22,0.18,no
indiae,la,22,0.18,no
ingentem,la,22,0.18,no
ingenti,la,22,0.18,no
iure,la,22,0.18,no
leaotung,la,22,0.18,no
pauci,la,22,0.18,no
pecunia,la,22,0.18,no
plura,la,22,0.18,no
poterat,la,22,0.18,no
praefectos,la,22,0.18,no
regi,la,22,0.18,no
reliquis,la,22,0.18,no
romae,la,22,0.18,no
seu,la,22,0.18,no
sinica,la,22,0.18,no
siquidem,la,22,0.18,no
terrae,la,22,0.18,no
terras,la,22,0.18,no
visitator,la,22,0.18,no
xensi,la,22,0.18,no
y,es,22,0.18,yes
aliquem,la,21,0.172,no
capite,la,21,0.172,no
christus,la,21,0.172,no
civitates,la,21,0.172,no
dicto,la,21,0.172,no
diu,la,21,0.172,no
docuit,la,21,0.172,no
exemplo,la,21,0.172,no
gloriae,la,21,0.172,no
gratias,la,21,0.172,no
huiusmodi,la,21,0.172,no
indiam,la,21,0.172,no
japoniae,la,21,0.172,no
medio,la,21,0.172,no
melius,la,21,0.172,no
minister,la,21,0.172,no
ministri,la,21,0.172,no
necesse,la,21,0.172,no
occasione,la,21,0.172,no
omne,la,21,0.172,no
paucis,la,21,0.172,no
possumus,la,21,0.172,no
quanta,la,21,0.172,no
quȩ,la,21,0.172,no
reverentia,la,21,0.172,no
sacramenta,la,21,0.172,no
sacris,la,21,0.172,no
sese,la,21,0.172,no
socii,la,21,0.172,no
suffragia,la,21,0.172,no
summam,la,21,0.172,no
tartarus,la,21,0.172,no
unius,la,21,0.172,no
vicario,la,21,0.172,no
vocant,la,21,0.172,no
aliquam,la,20,0.164,no
amore,la,20,0.164,no
animos,la,20,0.164,no
caeteris,la,20,0.164,no
doctrina,la,20,0.164,no
domicilia,la,20,0.164,no
exemplum,la,20,0.164,no
fructum,la,20,0.164,no
gaspar,la,20,0.164,no
haberet,la,20,0.164,no
illuc,la,20,0.164,no
is,la,20,0.164,yes
itinere,la,20,0.164,no
la,es,20,0.164,yes
meis,la,20,0.164,no
meum,la,20,0.164,no
millibus,la,20,0.164,no
moenia,la,20,0.164,no
patre,la,20,0.164,no
patria,la,20,0.164,no
periculo,la,20,0.164,no
pluribus,la,20,0.164,no
plusquam,la,20,0.164,no
propugnaculum,la,20,0.164,no
prouincia,la,20,0.164,no
provicarius,la,20,0.164,no
rationem,la,20,0.164,no
relictis,la,20,0.164,no
religionis,la,20,0.164,no
scriptis,la,20,0.164,no
sedes,la,20,0.164,no
semel,la,20,0.164,no
siue,la,20,0.164,no
solo,la,20,0.164,no
suchuen,la,20,0.164,no
tantam,la,20,0.164,no
ualde,la,20,0.164,no
undique,la,20,0.164,no
urbes,la,20,0.164,no
altero,la,19,0.156,no
annorum,la,19,0.156,no
antequam,la,19,0.156,no
apostolico,la,19,0.156,no
auxilium,la,19,0.156,no
bello,la,19,0.156,no
bonorum,la,19,0.156,no
congregatione,la,19,0.156,no
corpora,la,19,0.156,no
dixi,la,19,0.156,no
domibus,la,19,0.156,no
epistola,la,19,0.156,no
exercitu,la,19,0.156,no
facultate,la,19,0.156,no
facultatem,la,19,0.156,no
gaudio,la,19,0.156,no
gubernatoribus,la,19,0.156,no
ista,la,19,0.156,no
iudicij,la,19,0.156,no
le,la,19,0.156,no
leges,la,19,0.156,no
locus,la,19,0.156,no
lusitani,la,19,0.156,no
meo,la,19,0.156,no
metropoli,la,19,0.156,no
metropolim,la,19,0.156,no
millium,la,19,0.156,no
minime,la,19,0.156,no
munus,la,19,0.156,no
naves,la,19,0.156,no
novem,la,19,0.156,no
pace,la,19,0.156,no
porro,la,19,0.156,no
possum,la,19,0.156,no
prae,la,19,0.156,no
probationis,la,19,0.156,no
quibusdam,la,19,0.156,no
residentia,la,19,0.156,no
residentias,la,19,0.156,no
sancti,la,19,0.156,no
spiritus,la,19,0.156,no
terrarum,la,19,0.156,no
videlicet,la,19,0.156,no
visum,la,19,0.156,no
accepit,la,18,0.147,no
aliquibus,la,18,0.147,no
aliquo,la,18,0.147,no
argenteos,la,18,0.147,no
capita,la,18,0.147,no
coepit,la,18,0.147,no
corpore,la,18,0.147,no
doctrinam,la,18,0.147,no
dominis,la,18,0.147,no
eiusque,la,18,0.147,no
ejus,la,18,0.147,no
europa,la,18,0.147,no
filii,la,18,0.147,no
finem,la,18,0.147,no
fructus,la,18,0.147,no
fuerant,la,18,0.147,no
gubernatores,la,18,0.147,no
ianuarii,la,18,0.147,no
illmus,la,18,0.147,no
imperatori,la,18,0.147,no
ingens,la,18,0.147,no
ingressus,la,18,0.147,no
ire,la,18,0.147,no
linguam,la,18,0.147,no
litterarum,la,18,0.147,no
loca,la,18,0.147,no
macao,la,18,0.147,no
maris,la,18,0.147,no
martii,la,18,0.147,no
missionarii,la,18,0.147,no
missus,la,18,0.147,no
multas,la,18,0.147,no
necessarium,la,18,0.147,no
nihilominus,la,18,0.147,no
nullam,la,18,0.147,no
officium,la,18,0.147,no
ordine,la,18,0.147,no
paulatim,la,18,0.147,no
praeceptum,la,18,0.147,no
primis,la,18,0.147,no
primus,la,18,0.147,no
princeps,la,18,0.147,no
professi,la,18,0.147,no
propterea,la,18,0.147,no
provinciis,la,18,0.147,no
pueros,la,18,0.147,no
quangtung,la,18,0.147,no
quindecim,la,18,0.147,no
quotidie,la,18,0.147,no
regnorum,la,18,0.147,no
salutis,la,18,0.147,no
sane,la,18,0.147,no
sexaginta,la,18,0.147,no
sina,la,18,0.147,no
sinici,la,18,0.147,no
tertia,la,18,0.147,no
thomas,la,18,0.147,no
tria,la,18,0.147,no
ulyssipone,la,18,0.147,no
velut,la,18,0.147,no
via,la,18,0.147,no
victoriam,la,18,0.147,no
agere,la,17,0.139,no
attinet,la,17,0.139,no
ciuitas,la,17,0.139,no
consilium,la,17,0.139,no
datum,la,17,0.139,no
decreto,la,17,0.139,no
degunt,la,17,0.139,no
diem,la,17,0.139,no
diversis,la,17,0.139,no
divinam,la,17,0.139,no
facto,la,17,0.139,no
genere,la,17,0.139,no
habemus,la,17,0.139,no
habens,la,17,0.139,no
haud,la,17,0.139,no
homo,la,17,0.139,no
honore,la,17,0.139,no
humanioribus,la,17,0.139,no
iaponia,la,17,0.139,no
infra,la,17,0.139,no
ingredi,la,17,0.139,no
itineris,la,17,0.139,no
iubet,la,17,0.139,no
iuramenti,la,17,0.139,no
ius,la,17,0.139,no
lex,la,17,0.139,no
literas,la,17,0.139,no
maximam,la,17,0.139,no
maximum,la,17,0.139,no
meaco,la,17,0.139,no
meam,la,17,0.139,no
novo,la,17,0.139,no
nulli,la,17,0.139,no
obedientiae,la,17,0.139,no
potestate,la,17,0.139,no
praecepto,la,17,0.139,no
propria,la,17,0.139,no
prout,la,17,0.139,no
quodam,la,17,0.139,no
quoq,la,17,0.139,no
r.v,la,17,0.139,no
regione,la,17,0.139,no
scandalum,la,17,0.139,no
sedis,la,17,0.139,no
servus,la,17,0.139,no
sinensi,la,17,0.139,no
sinensis,la,17,0.139,no
spem,la,17,0.139,no
statum,la,17,0.139,no
tanto,es,17,0.139,no
unam,la,17,0.139,no
viros,la,17,0.139,no
vocatur,la,17,0.139,no
xantung,la,17,0.139,no
alius,la,16,0.131,no
amacai,la,16,0.131,no
animae,la,16,0.131,no
blanc,la,16,0.131,no
ciuitatem,la,16,0.131,no
congregatio,la,16,0.131,no
dare,la,16,0.131,no
debita,la,16,0.131,no
decreti,la,16,0.131,no
dico,la,16,0.131,no
diuina,la,16,0.131,no
emmanuel,la,16,0.131,no
erga,la,16,0.131,no
etc,la,16,0.131,no
etsi,la,16,0.131,no
faciunt,la,16,0.131,no
factus,la,16,0.131,no
filio,la,16,0.131,no
gentis,la,16,0.131,no
gentium,la,16,0.131,no
gomes,la,16,0.131,no
gratiae,la,16,0.131,no
habeat,la,16,0.131,no
humanae,la,16,0.131,no
humaniores,la,16,0.131,no
laboribus,la,16,0.131,no
lusitanis,la,16,0.131,no
mandato,la,16,0.131,no
missionem,la,16,0.131,no
natura,la,16,0.131,no
negotia,la,16,0.131,no
negotio,la,16,0.131,no
nicolaus,la,16,0.131,no
oculis,la,16,0.131,no
opibus,la,16,0.131,no
passim,la,16,0.131,no
peccatis,la,16,0.131,no
periculum,la,16,0.131,no
plurimi,la,16,0.131,no
provinciali,la,16,0.131,no
qu,la,16,0.131,no
quippe,la,16,0.131,no
regulus,la,16,0.131,no
reliqua,la,16,0.131,no
remedium,la,16,0.131,no
responsum,la,16,0.131,no
sanguine,la,16,0.131,no
scripsit,la,16,0.131,no
sinenses,la,16,0.131,no
superiori,la,16,0.131,no
ubique,la,16,0.131,no
uiros,la,16,0.131,no
vere,la,16,0.131,no
vestra,la,16,0.131,no
viceprovinciae,la,16,0.131,no
admittere,la,15,0.123,no
aliquis,la,15,0.123,no
animis,la,15,0.123,no
antea,la,15,0.123,no
baptista,la,15,0.123,no
boni,la,15,0.123,no
canton,la,15,0.123,no
carolus,la,15,0.123,no
commissarius,la,15,0.123,no
copias,la,15,0.123,no
cur,la,15,0.123,no
decembris,la,15,0.123,no
domi,la,15,0.123,no
ejusdem,la,15,0.123,no
episcopi,la,15,0.123,no
foin,la,15,0.123,no
fuere,la,15,0.123,no
fui,la,15,0.123,no
gentilis,la,15,0.123,no
genus,la,15,0.123,no
gubernatorum,la,15,0.123,no
habentes,la,15,0.123,no
iaponiam,la,15,0.123,no
illmo,la,15,0.123,no
iohannes,la,15,0.123,no
japonica,la,15,0.123,no
male,la,15,0.123,no
martinus,la,15,0.123,no
mirum,la,15,0.123,no
mittere,la,15,0.123,no
mores,la,15,0.123,no
negotium,la,15,0.123,no
nostras,la,15,0.123,no
novam,la,15,0.123,no
pacem,la,15,0.123,no
patriae,la,15,0.123,no
pertinent,la,15,0.123,no
populi,la,15,0.123,no
portu,la,15,0.123,no
praefectis,la,15,0.123,no
precibus,la,15,0.123,no
publice,la,15,0.123,no
quàm,la,15,0.123,no
quandoquidem,la,15,0.123,no
quoad,la,15,0.123,no
rationis,la,15,0.123,no
religione,la,15,0.123,no
reliquit,la,15,0.123,no
sacra,la,15,0.123,no
scripsi,la,15,0.123,no
societatem,la,15,0.123,no
soli,la,15,0.123,no
taicosama,la,15,0.123,no
tu,la,15,0.123,no
versus,la,15,0.123,no
alibi,la,14,0.115,no
aliquos,la,14,0.115,no
alteri,la,14,0.115,no
amen,la,14,0.115,no
antonio,la,14,0.115,no
aperuit,la,14,0.115,no
audire,la,14,0.115,no
audivit,la,14,0.115,no
augustino,la,14,0.115,no
augustinum,la,14,0.115,no
aureos,la,14,0.115,no
auxilio,la,14,0.115,no
casu,la,14,0.115,no
certo,la,14,0.115,no
coadiutor,la,14,0.115,no
collegia,la,14,0.115,no
concedere,la,14,0.115,no
corporibus,la,14,0.115,no
cuidam,la,14,0.115,no
didacus,la,14,0.115,no
discrimen,la,14,0.115,no
dominos,la,14,0.115,no
è,la,14,0.115,no
ecclesiis,la,14,0.115,no
fama,la,14,0.115,no
fluvium,la,14,0.115,no
fuissent,la,14,0.115,no
harum,la,14,0.115,no
hominis,la,14,0.115,no
ignatio,la,14,0.115,no
insulam,la,14,0.115,no
insulas,la,14,0.115,no
insulis,la,14,0.115,no
iudicio,la,14,0.115,no
iurare,la,14,0.115,no
kiangsi,la,14,0.115,no
luce,la,14,0.115,no
magistri,la,14,0.115,no
magnis,la,14,0.115,no
maiori,la,14,0.115,no
meacum,la,14,0.115,no
motus,la,14,0.115,no
necessitas,la,14,0.115,no
necnon,la,14,0.115,no
nobiles,la,14,0.115,no
novum,la,14,0.115,no
num,la,14,0.115,no
oculos,la,14,0.115,no
opere,la,14,0.115,no
pacto,la,14,0.115,no
persecutione,la,14,0.115,no
portum,la,14,0.115,no
praedictae,la,14,0.115,no
procuratoris,la,14,0.115,no
quòd,la,14,0.115,no
quot,la,14,0.115,no
rationi,la,14,0.115,no
religiosi,la,14,0.115,no
reliquos,la,14,0.115,no
salute,la,14,0.115,no
sancta,la,14,0.115,no
scribere,la,14,0.115,no
sinicis,la,14,0.115,no
sita,la,14,0.115,no
societas,la,14,0.115,no
societati,la,14,0.115,no
summum,la,14,0.115,no
tale,la,14,0.115,no
terris,la,14,0.115,no
totidem,la,14,0.115,no
tuae,la,14,0.115,no
varia,la,14,0.115,no
venerunt,la,14,0.115,no
verbum,la,14,0.115,no
viceprovincia,la,14,0.115,no
victoria,la,14,0.115,no
vv,la,14,0.115,no
admissi,la,13,0.106,no
aiunt,la,13,0.106,no
amicitiam,la,13,0.106,no
andreas,la,13,0.106,no
baptismi,la,13,0.106,no
beatae,la,13,0.106,no
bonam,la,13,0.106,no
breve,la,13,0.106,no
caeterum,la,13,0.106,no
casus,la,13,0.106,no
chekiang,la,13,0.106,no
christianum,la,13,0.106,no
coactus,la,13,0.106,no
cognita,la,13,0.106,no
confessiones,la,13,0.106,no
contentus,la,13,0.106,no
continuo,la,13,0.106,no
crucem,la,13,0.106,no
declaravit,la,13,0.106,no
dias,es,13,0.106,no
ditione,la,13,0.106,no
diuinitus,la,13,0.106,no
duae,la,13,0.106,no
duce,la,13,0.106,no
ecclesiȩ,la,13,0.106,no
erunt,la,13,0.106,no
everendus,la,13,0.106,no
forma,la,13,0.106,no
franciscani,la,13,0.106,no
fratre,la,13,0.106,no
futurum,la,13,0.106,no
generali,la,13,0.106,no
haberent,la,13,0.106,no
hominem,la,13,0.106,no
hostes,la,13,0.106,no
humana,la,13,0.106,no
ipsemet,la,13,0.106,no
ira,la,13,0.106,no
japoniam,la,13,0.106,no
japponiam,la,13,0.106,no
latronis,la,13,0.106,no
lingua,la,13,0.106,no
magnus,la,13,0.106,no
mala,la,13,0.106,no
media,la,13,0.106,no
melchior,la,13,0.106,no
necessitate,la,13,0.106,no
neq,la,13,0.106,no
nescio,la,13,0.106,no
nobiscum,la,13,0.106,no
noluit,la,13,0.106,no
nullis,la,13,0.106,no
numerantur,la,13,0.106,no
orbis,la,13,0.106,no
pacis,la,13,0.106,no
palatium,la,13,0.106,no
pariter,la,13,0.106,no
pax,la,13,0.106,no
periculis,la,13,0.106,no
perinde,la,13,0.106,no
philibertus,la,13,0.106,no
poena,la,13,0.106,no
praecipua,la,13,0.106,no
primam,la,13,0.106,no
profecto,la,13,0.106,no
provinciȩ,la,13,0.106,no
pueri,la,13,0.106,no
quamobrem,la,13,0.106,no
quemadmodum,la,13,0.106,no
quisque,la,13,0.106,no
religionem,la,13,0.106,no
romam,la,13,0.106,no
sanctae,la,13,0.106,no
sebastianus,la,13,0.106,no
sententia,la,13,0.106,no
septembris,la,13,0.106,no
sinicae,la,13,0.106,no
sola,la,13,0.106,no
solent,la,13,0.106,no
spatio,la,13,0.106,no
spe,la,13,0.106,no
spiritu,la,13,0.106,no
subditis,la,13,0.106,no
temporibus,la,13,0.106,no
ulla,la,13,0.106,no
uocatur,la,13,0.106,no
varias,la,13,0.106,no
venire,la,13,0.106,no
verba,la,13,0.106,no
vice,la,13,0.106,no
videretur,la,13,0.106,no
voluntatem,la,13,0.106,no
accedit,la,12,0.098,no
accidit,la,12,0.098,no
adeò,la,12,0.098,no
aliquod,la,12,0.098,no
alteram,la,12,0.098,no
animam,la,12,0.098,no
animum,la,12,0.098,no
apostolicis,la,12,0.098,no
apostolicos,la,12,0.098,no
aquis,la,12,0.098,no
atre,la,12,0.098,no
aurei,la,12,0.098,no
baptismum,la,12,0.098,no
caelo,la,12,0.098,no
certum,la,12,0.098,no
christianus,la,12,0.098,no
circiter,la,12,0.098,no
civitas,la,12,0.098,no
commissario,la,12,0.098,no
communi,la,12,0.098,no
conscientiae,la,12,0.098,no
constituta,la,12,0.098,no
continet,la,12,0.098,no
cuiusdam,la,12,0.098,no
curia,la,12,0.098,no
daifusamam,la,12,0.098,no
damna,la,12,0.098,no
dicuntur,la,12,0.098,no
dignitatem,la,12,0.098,no
dominorum,la,12,0.098,no
domos,la,12,0.098,no
eamdem,la,12,0.098,no
earum,la,12,0.098,no
eidem,la,12,0.098,no
facilius,la,12,0.098,no
februarii,la,12,0.098,no
fine,la,12,0.098,no
finis,la,12,0.098,no
fortasse,la,12,0.098,no
fortiter,la,12,0.098,no
franciscum,la,12,0.098,no
gentes,la,12,0.098,no
gentilium,la,12,0.098,no
h,la,12,0.098,no
habeant,la,12,0.098,no
habuerunt,la,12,0.098,no
homini,la,12,0.098,no
i,la,12,0.098,no
iesus,la,12,0.098,no
ignatii,la,12,0.098,no
ii,la,12,0.098,no
ilico,la,12,0.098,no
imagines,la,12,0.098,no
incommoda,la,12,0.098,no
ingentes,la,12,0.098,no
ingressum,la,12,0.098,no
iniuria,la,12,0.098,no
intelligere,la,12,0.098,no
inuenies,la,12,0.098,no
latrones,la,12,0.098,no
loci,la,12,0.098,no
ludovicus,la,12,0.098,no
lusitanorum,la,12,0.098,no
mari,la,12,0.098,no
mens,la,12,0.098,no
mentem,la,12,0.098,no
minimum,la,12,0.098,no
minorum,la,12,0.098,no
missa,la,12,0.098,no
montes,la,12,0.098,no
mortuus,la,12,0.098,no
multorum,la,12,0.098,no
neophyti,la,12,0.098,no
nequaquam,la,12,0.098,no
nominis,la,12,0.098,no
obsequium,la,12,0.098,no
octoginta,la,12,0.098,no
optima,la,12,0.098,no
ostendit,la,12,0.098,no
par,la,12,0.098,no
parva,la,12,0.098,no
passi,la,12,0.098,no
paternitas,la,12,0.098,no
pontificis,la,12,0.098,no
possessionem,la,12,0.098,no
praecepta,la,12,0.098,no
praesidio,la,12,0.098,no
principem,la,12,0.098,no
principes,la,12,0.098,no
prof,la,12,0.098,no
providentia,la,12,0.098,no
prudentia,la,12,0.098,no
quapropter,la,12,0.098,no
religiosis,la,12,0.098,no
relinquere,la,12,0.098,no
repente,la,12,0.098,no
responsione,la,12,0.098,no
sanctis,la,12,0.098,no
sede,la,12,0.098,no
sententiam,la,12,0.098,no
simulque,la,12,0.098,no
sinam,la,12,0.098,no
sinicam,la,12,0.098,no
spatium,la,12,0.098,no
summi,la,12,0.098,no
summus,la,12,0.098,no
sumptus,la,12,0.098,no
taiminga,la,12,0.098,no
tertium,la,12,0.098,no
theol,la,12,0.098,no
ultima,la,12,0.098,no
vellet,la,12,0.098,no
vestris,la,12,0.098,no
videatur,la,12,0.098,no
virtutem,la,12,0.098,no
virtutis,la,12,0.098,no
visitatoris,la,12,0.098,no
vnde,la,12,0.098,no
vota,la,12,0.098,no
abundans,la,11,0.09,no
accepta,la,11,0.09,no
antonium,la,11,0.09,no
artibus,la,11,0.09,no
augusti,la,11,0.09,no
auxilia,la,11,0.09,no
balthasar,la,11,0.09,no
breviter,la,11,0.09,no
cainocamus,la,11,0.09,no
causas,la,11,0.09,no
charitate,la,11,0.09,no
chinae,la,11,0.09,no
cito,la,11,0.09,no
classes,la,11,0.09,no
commode,la,11,0.09,no
consilia,la,11,0.09,no
contulit,la,11,0.09,no
copia,la,11,0.09,no
cor,la,11,0.09,no
deorum,la,11,0.09,no
dicere,la,11,0.09,no
divino,la,11,0.09,no
domiciliis,la,11,0.09,no
dominicani,la,11,0.09,no
domorum,la,11,0.09,no
duorum,la,11,0.09,no
ecclesiarum,la,11,0.09,no
electionem,la,11,0.09,no
equites,la,11,0.09,no
exempla,la,11,0.09,no
expedire,la,11,0.09,no
expensas,la,11,0.09,no
facultatibus,la,11,0.09,no
fortes,la,11,0.09,no
fortitudine,la,11,0.09,no
fortuna,la,11,0.09,no
fratri,la,11,0.09,no
fuimus,la,11,0.09,no
gens,la,11,0.09,no
gibunoscius,la,11,0.09,no
gubernator,la,11,0.09,no
habeo,la,11,0.09,no
habitant,la,11,0.09,no
hae,la,11,0.09,no
hisce,la,11,0.09,no
idolorum,la,11,0.09,no
igne,la,11,0.09,no
illas,la,11,0.09,no
incredibili,la,11,0.09,no
ingressi,la,11,0.09,no
insulae,la,11,0.09,no
iulii,la,11,0.09,no
iustitia,la,11,0.09,no
kiangus,la,11,0.09,no
labore,la,11,0.09,no
labores,la,11,0.09,no
literis,la,11,0.09,no
lusitania,la,11,0.09,no
magistro,la,11,0.09,no
maigrot,la,11,0.09,no
maior,la,11,0.09,no
maiores,la,11,0.09,no
maioribus,la,11,0.09,no
manilae,la,11,0.09,no
mansionum,la,11,0.09,no
mensium,la,11,0.09,no
ministerio,la,11,0.09,no
ministris,la,11,0.09,no
missae,la,11,0.09,no
missi,la,11,0.09,no
missionariis,la,11,0.09,no
missiones,la,11,0.09,no
mora,la,11,0.09,no
mortuorum,la,11,0.09,no
muros,la,11,0.09,no
natus,la,11,0.09,no
negotiis,la,11,0.09,no
notitiam,la,11,0.09,no
obsidione,la,11,0.09,no
occasionem,la,11,0.09,no
odio,la,11,0.09,no
officii,la,11,0.09,no
ordinem,la,11,0.09,no
orientalem,la,11,0.09,no
orientis,la,11,0.09,no
passus,la,11,0.09,no
paucos,la,11,0.09,no
peccatorum,la,11,0.09,no
persecutionis,la,11,0.09,no
personarum,la,11,0.09,no
petit,la,11,0.09,no
poterant,la,11,0.09,no
poterit,la,11,0.09,no
potuerunt,la,11,0.09,no
praelati,la,11,0.09,no
praesertim,la,11,0.09,no
praestare,la,11,0.09,no
profectum,la,11,0.09,no
professionem,la,11,0.09,no
prohibemur,la,11,0.09,no
propaganda,la,11,0.09,no
propriis,la,11,0.09,no
provicario,la,11,0.09,no
provincialem,la,11,0.09,no
quamplurimi,la,11,0.09,no
quotannis,la,11,0.09,no
quotquot,la,11,0.09,no
rationibus,la,11,0.09,no
recta,la,11,0.09,no
rector,la,11,0.09,no
redire,la,11,0.09,no
reges,la,11,0.09,no
religiosos,la,11,0.09,no
reliquae,la,11,0.09,no
sacramentorum,la,11,0.09,no
saepius,la,11,0.09,no
sanctum,la,11,0.09,no
scrutinio,la,11,0.09,no
secunda,la,11,0.09,no
seminarium,la,11,0.09,no
sequenti,la,11,0.09,no
sequitur,la,11,0.09,no
singulos,la,11,0.09,no
solet,la,11,0.09,no
speciem,la,11,0.09,no
spiritualibus,la,11,0.09,no
subditos,la,11,0.09,no
subinde,la,11,0.09,no
superioribus,la,11,0.09,no
templa,la,11,0.09,no
us,la,11,0.09,no
utrimque,la,11,0.09,no
vehementer,la,11,0.09,no
victor,la,11,0.09,no
videns,la,11,0.09,no
videntes,la,11,0.09,no
videri,la,11,0.09,no
viri,la,11,0.09,no
virtutes,la,11,0.09,no
visitatore,la,11,0.09,no
voluntas,la,11,0.09,no
accedunt,la,10,0.082,no
administratione,la,10,0.082,no
adventu,la,10,0.082,no
aliaque,la,10,0.082,no
aluntur,la,10,0.082,no
amorem,la,10,0.082,no
angelorum,la,10,0.082,no
anima,la,10,0.082,no
apostolicam,la,10,0.082,no
arimensi,la,10,0.082,no
atq,la,10,0.082,no
atrem,la,10,0.082,no
atris,la,10,0.082,no
aulam,la,10,0.082,no
benevolentia,la,10,0.082,no
bonus,la,10,0.082,no
caelum,la,10,0.082,no
caetera,la,10,0.082,no
causis,la,10,0.082,no
cives,la,10,0.082,no
coadiutores,la,10,0.082,no
communis,la,10,0.082,no
concessa,la,10,0.082,no
concessit,la,10,0.082,no
conventu,la,10,0.082,no
copiis,la,10,0.082,no
coreae,la,10,0.082,no
credo,la,10,0.082,no
crucis,la,10,0.082,no
cùm,la,10,0.082,no
d.v,la,10,0.082,no
debeat,la,10,0.082,no
debere,la,10,0.082,no
deditionem,la,10,0.082,no
desiderio,la,10,0.082,no
diligentia,la,10,0.082,no
dispersi,la,10,0.082,no
diuinam,la,10,0.082,no
do,la,10,0.082,no
dubium,la,10,0.082,no
ducem,la,10,0.082,no
dumtaxat,la,10,0.082,no
eandem,la,10,0.082,no
ecce,la,10,0.082,no
electus,la,10,0.082,no
episcopum,la,10,0.082,no
eram,la,10,0.082,no
evasit,la,10,0.082,no
exinde,la,10,0.082,no
expensis,la,10,0.082,no
facit,la,10,0.082,no
factam,la,10,0.082,no
factis,la,10,0.082,no
fas,la,10,0.082,no
feci,la,10,0.082,no
fundatione,la,10,0.082,no
gentem,la,10,0.082,no
gentilibus,la,10,0.082,no
habita,la,10,0.082,no
hostis,la,10,0.082,no
ibidem,la,10,0.082,no
ijs,la,10,0.082,no
impensis,la,10,0.082,no
impressit,la,10,0.082,no
inferorum,la,10,0.082,no
inquit,la,10,0.082,no
instrumenta,la,10,0.082,no
ioannem,la,10,0.082,no
ipsorum,la,10,0.082,no
itidem,la,10,0.082,no
latro,la,10,0.082,no
legi,la,10,0.082,no
libenter,la,10,0.082,no
liber,la,10,0.082,no
libere,la,10,0.082,no
libros,la,10,0.082,no
licentiam,la,10,0.082,no
litterae,la,10,0.082,no
maiora,la,10,0.082,no
malis,la,10,0.082,no
martyrum,la,10,0.082,no
mediocriter,la,10,0.082,no
mensibus,la,10,0.082,no
mentis,la,10,0.082,no
metu,la,10,0.082,no
ministeria,la,10,0.082,no
ministro,la,10,0.082,no
ministrorum,la,10,0.082,no
ministros,la,10,0.082,no
missioni,la,10,0.082,no
mittit,la,10,0.082,no
montibus,la,10,0.082,no
mulieres,la,10,0.082,no
munera,la,10,0.082,no
natione,la,10,0.082,no
necessario,la,10,0.082,no
necessitatem,la,10,0.082,no
neophytos,la,10,0.082,no
nobilissima,la,10,0.082,no
notum,la,10,0.082,no
obedientia,la,10,0.082,no
obedientiam,la,10,0.082,no
obedire,la,10,0.082,no
obtinuit,la,10,0.082,no
odium,la,10,0.082,no
ortum,la,10,0.082,no
pecuniae,la,10,0.082,no
pene,la,10,0.082,no
pericula,la,10,0.082,no
pervenerunt,la,10,0.082,no
philippinas,es,10,0.082,no
populo,la,10,0.082,no
populum,la,10,0.082,no
portugaliae,la,10,0.082,no
posterum,la,10,0.082,no
praecipui,la,10,0.082,no
praedicta,la,10,0.082,no
praefecto,la,10,0.082,no
praemium,la,10,0.082,no
praesenti,la,10,0.082,no
primariis,la,10,0.082,no
principium,la,10,0.082,no
probe,la,10,0.082,no
procul,la,10,0.082,no
procuratorem,la,10,0.082,no
publicum,la,10,0.082,no
puto,la,10,0.082,no
recipere,la,10,0.082,no
regionem,la,10,0.082,no
reliquas,la,10,0.082,no
reuerentia,la,10,0.082,no
ritus,la,10,0.082,no
robustus,la,10,0.082,no
rodericus,la,10,0.082,no
sacro,la,10,0.082,no
sanctos,la,10,0.082,no
sanctus,la,10,0.082,no
scelerum,la,10,0.082,no
scio,la,10,0.082,no
secundo,la,10,0.082,no
sedi,la,10,0.082,no
septuaginta,la,10,0.082,no
speramus,la,10,0.082,no
supplicium,la,10,0.082,no
tertio,la,10,0.082,no
testimonium,la,10,0.082,no
titulo,la,10,0.082,no
tradere,la,10,0.082,no
tradidit,la,10,0.082,no
tyranni,la,10,0.082,no
ultimum,la,10,0.082,no
ultro,la,10,0.082,no
urbibus,la,10,0.082,no
utuntur,la,10,0.082,no
veritas,la,10,0.082,no
veritatem,la,10,0.082,no
vicarios,la,10,0.082,no
vicarius,la,10,0.082,no
vinea,la,10,0.082,no
voce,la,10,0.082,no
volebant,la,10,0.082,no
volunt,la,10,0.082,no
xing,trans,10,0.082,no
aequitatis,la,9,0.074,no
aetate,la,9,0.074,no
affectu,la,9,0.074,no
aliarum,la,9,0.074,no
aliquas,la,9,0.074,no
annuos,la,9,0.074,no
apostolicae,la,9,0.074,no
argenti,la,9,0.074,no
auctoritatis,la,9,0.074,no
ausus,la,9,0.074,no
barbari,la,9,0.074,no
bis,la,9,0.074,no
bonos,la,9,0.074,no
bullam,la,9,0.074,no
canzuiedonus,la,9,0.074,no
capax,la,9,0.074,no
casibus,la,9,0.074,no
certiores,la,9,0.074,no
ceteris,la,9,0.074,no
china,la,9,0.074,no
christiano,la,9,0.074,no
confidimus,la,9,0.074,no
consolatione,la,9,0.074,no
cultu,la,9,0.074,no
da,la,9,0.074,no
debemus,la,9,0.074,no
dictam,la,9,0.074,no
difficile,la,9,0.074,no
diligenter,la,9,0.074,no
docere,la,9,0.074,no
dolore,la,9,0.074,no
dominicus,la,9,0.074,no
ducibus,la,9,0.074,no
ee,la,9,0.074,no
effectum,la,9,0.074,no
equos,la,9,0.074,no
etenim,la,9,0.074,no
eunuchi,la,9,0.074,no
faceret,la,9,0.074,no
famulos,la,9,0.074,no
favorem,la,9,0.074,no
fiat,la,9,0.074,no
figueredo,la,9,0.074,no
fluminis,la,9,0.074,no
frequenter,la,9,0.074,no
fructibus,la,9,0.074,no
frustra,la,9,0.074,no
gallia,la,9,0.074,no
georgius,la,9,0.074,no
goam,la,9,0.074,no
habebant,la,9,0.074,no
horas,la,9,0.074,no
hostium,la,9,0.074,no
ieiaso,la,9,0.074,no
infinita,la,9,0.074,no
ingenio,la,9,0.074,no
institutum,la,9,0.074,no
inuenitur,la,9,0.074,no
invenit,la,9,0.074,no
isthic,la,9,0.074,no
isti,la,9,0.074,no
iudex,la,9,0.074,no
japonicae,la,9,0.074,no
laborant,la,9,0.074,no
legibus,la,9,0.074,no
leucis,la,9,0.074,no
licungzus,la,9,0.074,no
linguae,la,9,0.074,no
longius,la,9,0.074,no
lucem,la,9,0.074,no
lusitanos,la,9,0.074,no
macaensi,la,9,0.074,no
macai,la,9,0.074,no
magnopere,la,9,0.074,no
malo,la,9,0.074,no
maritus,la,9,0.074,no
maximas,la,9,0.074,no
maximo,la,9,0.074,no
mecum,la,9,0.074,no
meritis,la,9,0.074,no
merito,la,9,0.074,no
meus,la,9,0.074,no
mitto,la,9,0.074,no
momenti,la,9,0.074,no
momento,la,9,0.074,no
multitudinem,la,9,0.074,no
navi,la,9,0.074,no
nobilis,la,9,0.074,no
nocte,la,9,0.074,no
nostrarum,la,9,0.074,no
novis,la,9,0.074,no
nunes,la,9,0.074,no
obtinet,la,9,0.074,no
occidentalem,la,9,0.074,no
occupavit,la,9,0.074,no
omnesque,la,9,0.074,no
ope,la,9,0.074,no
operibus,la,9,0.074,no
oppido,la,9,0.074,no
oratione,la,9,0.074,no
orationibus,la,9,0.074,no
ore,la,9,0.074,no
ornata,la,9,0.074,no
papa,la,9,0.074,no
paternitati,la,9,0.074,no
patriam,la,9,0.074,no
peccatum,la,9,0.074,no
perpetuo,la,9,0.074,no
petens,la,9,0.074,no
petere,la,9,0.074,no
placuit,la,9,0.074,no
poenam,la,9,0.074,no
poenis,la,9,0.074,no
possimus,la,9,0.074,no
praefectorum,la,9,0.074,no
principio,la,9,0.074,no
proinde,la,9,0.074,no
proprium,la,9,0.074,no
propugnaculi,la,9,0.074,no
propugnaculo,la,9,0.074,no
prouinciae,la,9,0.074,no
quadriennio,la,9,0.074,no
quamplurimis,la,9,0.074,no
quamplurimos,la,9,0.074,no
quidquid,la,9,0.074,no
quosdam,la,9,0.074,no
reguli,la,9,0.074,no
regulum,la,9,0.074,no
residentiam,la,9,0.074,no
roma,la,9,0.074,no
romana,la,9,0.074,no
sacramentis,la,9,0.074,no
sacramento,la,9,0.074,no
sacramentum,la,9,0.074,no
secus,la,9,0.074,no
similem,la,9,0.074,no
singulari,la,9,0.074,no
socium,la,9,0.074,no
spiritualem,la,9,0.074,no
sponte,la,9,0.074,no
sufficiens,la,9,0.074,no
suscipere,la,9,0.074,no
tales,la,9,0.074,no
tantis,la,9,0.074,no
tergo,la,9,0.074,no
tertius,la,9,0.074,no
tuis,la,9,0.074,no
tunkinica,la,9,0.074,no
tur,la,9,0.074,no
velle,la,9,0.074,no
veluti,la,9,0.074,no
veneratione,la,9,0.074,no
vera,la,9,0.074,no
verbo,la,9,0.074,no
veritatis,la,9,0.074,no
vestes,la,9,0.074,no
viceprovincialis,la,9,0.074,no
vices,la,9,0.074,no
victorias,la,9,0.074,no
videbatur,la,9,0.074,no
videntur,la,9,0.074,no
videre,la,9,0.074,no
vidi,la,9,0.074,no
villa,la,9,0.074,no
vincula,la,9,0.074,no
virtus,la,9,0.074,no
vivunt,la,9,0.074,no
vno,la,9,0.074,no
xansi,la,9,0.074,no
zelo,la,9,0.074,no
abundat,la,8,0.066,no
accipiunt,la,8,0.066,no
actione,la,8,0.066,no
admirabili,la,8,0.066,no
adversus,la,8,0.066,no
aequitati,la,8,0.066,no
affectus,la,8,0.066,no
agendi,la,8,0.066,no
alexandria,la,8,0.066,no
alijs,la,8,0.066,no
aliter,la,8,0.066,no
amicis,la,8,0.066,no
aperte,la,8,0.066,no
appellamus,la,8,0.066,no
aqua,la,8,0.066,no
arce,la,8,0.066,no
arte,la,8,0.066,no
assumpsit,la,8,0.066,no
australium,la,8,0.066,no
b,la,8,0.066,no
bella,la,8,0.066,no
benedictus,la,8,0.066,no
beneficio,la,8,0.066,no
bonitas,la,8,0.066,no
bono,la,8,0.066,no
catholicae,la,8,0.066,no
cedere,la,8,0.066,no
ceterum,la,8,0.066,no
charitatis,la,8,0.066,no
coadjutores,la,8,0.066,no
coelo,la,8,0.066,no
cognitione,la,8,0.066,no
conatus,la,8,0.066,no
conceptione,la,8,0.066,no
conditione,la,8,0.066,no
confestim,la,8,0.066,no
conscientia,la,8,0.066,no
consequitur,la,8,0.066,no
constet,la,8,0.066,no
constituit,la,8,0.066,no
constitutus,la,8,0.066,no
convenire,la,8,0.066,no
conversionem,la,8,0.066,no
corde,la,8,0.066,no
corpori,la,8,0.066,no
crimen,la,8,0.066,no
crudelissime,la,8,0.066,no
cujus,la,8,0.066,no
cultum,la,8,0.066,no
curiam,la,8,0.066,no
datas,la,8,0.066,no
deos,la,8,0.066,no
detrimentum,la,8,0.066,no
dierum,la,8,0.066,no
dignitate,la,8,0.066,no
discipulis,la,8,0.066,no
distat,la,8,0.066,no
diues,la,8,0.066,no
diuinis,la,8,0.066,no
divinum,la,8,0.066,no
docent,la,8,0.066,no
doctrinae,la,8,0.066,no
dominicanos,la,8,0.066,no
dubio,la,8,0.066,no
ducatorum,la,8,0.066,no
easdem,la,8,0.066,no
egit,la,8,0.066,no
egregie,la,8,0.066,no
emi,la,8,0.066,no
equis,la,8,0.066,no
essem,la,8,0.066,no
essemus,la,8,0.066,no
evangelium,la,8,0.066,no
eximia,la,8,0.066,no
existimatione,la,8,0.066,no
expensae,la,8,0.066,no
experientia,la,8,0.066,no
experiri,la,8,0.066,no
expers,la,8,0.066,no
fame,la,8,0.066,no
familiae,la,8,0.066,no
februario,la,8,0.066,no
fecerunt,la,8,0.066,no
feliciter,la,8,0.066,no
ferreira,la,8,0.066,no
fidelibus,la,8,0.066,no
fides,la,8,0.066,no
fieret,la,8,0.066,no
flagitio,la,8,0.066,no
flumen,la,8,0.066,no
foemina,la,8,0.066,no
foras,la,8,0.066,no
formam,la,8,0.066,no
fortunae,la,8,0.066,no
fuga,la,8,0.066,no
fugientes,la,8,0.066,no
futura,la,8,0.066,no
genera,la,8,0.066,no
gregorii,la,8,0.066,no
hec,la,8,0.066,no
hȩc,la,8,0.066,no
heliopolitanus,la,8,0.066,no
hoste,la,8,0.066,no
hucusque,la,8,0.066,no
ianuam,la,8,0.066,no
iaponios,la,8,0.066,no
idque,la,8,0.066,no
illae,la,8,0.066,no
illico,la,8,0.066,no
immo,la,8,0.066,no
impetravit,la,8,0.066,no
impetu,la,8,0.066,no
incolis,la,8,0.066,no
infidelibus,la,8,0.066,no
infidelium,la,8,0.066,no
ingrediuntur,la,8,0.066,no
initium,la,8,0.066,no
instar,la,8,0.066,no
intimationem,la,8,0.066,no
invenerunt,la,8,0.066,no
iunglieo,la,8,0.066,no
jappones,la,8,0.066,no
japponica,la,8,0.066,no
kiang,trans,8,0.066,no
king,trans,8,0.066,no
kinus,la,8,0.066,no
laborum,la,8,0.066,no
laetitia,la,8,0.066,no
latrone,la,8,0.066,no
legatum,la,8,0.066,no
leucas,la,8,0.066,no
liberos,la,8,0.066,no
libertatem,la,8,0.066,no
libri,la,8,0.066,no
locorum,la,8,0.066,no
longum,la,8,0.066,no
macaënse,la,8,0.066,no
mali,la,8,0.066,no
mandatis,la,8,0.066,no
mensem,la,8,0.066,no
mensis,la,8,0.066,no
meritorum,la,8,0.066,no
metropolitana,la,8,0.066,no
mi,la,8,0.066,no
milia,la,8,0.066,no
minima,la,8,0.066,no
ministrare,la,8,0.066,no
missis,la,8,0.066,no
morales,la,8,0.066,no
morantur,la,8,0.066,no
mori,la,8,0.066,no
morindoni,la,8,0.066,no
multae,la,8,0.066,no
multitudine,la,8,0.066,no
mundum,la,8,0.066,no
muneribus,la,8,0.066,no
navis,la,8,0.066,no
niuche,la,8,0.066,no
nomina,la,8,0.066,no
nonaginta,la,8,0.066,no
nonnulli,la,8,0.066,no
notarius,la,8,0.066,no
notitia,la,8,0.066,no
novi,la,8,0.066,no
nullos,la,8,0.066,no
nuper,la,8,0.066,no
occulte,la,8,0.066,no
ordines,la,8,0.066,no
paschali,la,8,0.066,no
patet,la,8,0.066,no
pati,la,8,0.066,no
pedes,la,8,0.066,no
persarum,la,8,0.066,no
personas,la,8,0.066,no
pervenerat,la,8,0.066,no
petro,la,8,0.066,no
pietate,la,8,0.066,no
pietatis,la,8,0.066,no
plena,la,8,0.066,no
poenas,la,8,0.066,no
poenitentiae,la,8,0.066,no
por,es,8,0.066,yes
poterunt,la,8,0.066,no
potissimum,la,8,0.066,no
potuissent,la,8,0.066,no
potuisset,la,8,0.066,no
praeceptis,la,8,0.066,no
praedictus,la,8,0.066,no
praedium,la,8,0.066,no
praemia,la,8,0.066,no
praescriptum,la,8,0.066,no
praesidiis,la,8,0.066,no
principibus,la,8,0.066,no
proprio,la,8,0.066,no
proximorum,la,8,0.066,no
pulchritudinem,la,8,0.066,no
quadros,la,8,0.066,no
quambioiendoni,la,8,0.066,no
quamplurima,la,8,0.066,no
quartum,la,8,0.066,no
quę,la,8,0.066,no
quinimo,la,8,0.066,no
quoddam,la,8,0.066,no
raro,la,8,0.066,no
redditibus,la,8,0.066,no
reditum,la,8,0.066,no
reditus,la,8,0.066,no
regiones,la,8,0.066,no
relicta,la,8,0.066,no
relicto,la,8,0.066,no
residentiarum,la,8,0.066,no
reversus,la,8,0.066,no
rursus,la,8,0.066,no
sacerdos,la,8,0.066,no
sacrificiis,la,8,0.066,no
sacrificium,la,8,0.066,no
scriptum,la,8,0.066,no
secundus,la,8,0.066,no
secuti,la,8,0.066,no
sequuntur,la,8,0.066,no
serenissimo,la,8,0.066,no
seruatoris,la,8,0.066,no
sigillum,la,8,0.066,no
signa,la,8,0.066,no
sim,la,8,0.066,no
simon,la,8,0.066,no
sinȩ,la,8,0.066,no
sinensium,la,8,0.066,no
solis,la,8,0.066,no
species,la,8,0.066,no
spectaculum,la,8,0.066,no
spoliis,la,8,0.066,no
subditi,la,8,0.066,no
superiorem,la,8,0.066,no
tantae,la,8,0.066,no
tartariam,la,8,0.066,no
tartarico,la,8,0.066,no
temporalis,la,8,0.066,no
ter,la,8,0.066,no
thartarorum,la,8,0.066,no
thien,trans,8,0.066,no
tormentis,la,8,0.066,no
totus,la,8,0.066,no
typis,la,8,0.066,no
uestem,la,8,0.066,no
uidetur,la,8,0.066,no
universa,la,8,0.066,no
usangueius,la,8,0.066,no
usum,la,8,0.066,no
utraque,la,8,0.066,no
uxor,la,8,0.066,no
vbi,la,8,0.066,no
veniam,la,8,0.066,no
veniant,la,8,0.066,no
veniret,la,8,0.066,no
veram,la,8,0.066,no
vicarium,la,8,0.066,no
viceprovinciali,la,8,0.066,no
victores,la,8,0.066,no
videmus,la,8,0.066,no
video,la,8,0.066,no
viris,la,8,0.066,no
virtutibus,la,8,0.066,no
voluntatis,la,8,0.066,no
vult,la,8,0.066,no
xe,trans,8,0.066,no
addidit,la,7,0.057,no
adiunxit,la,7,0.057,no
admittit,la,7,0.057,no
adsunt,la,7,0.057,no
advenisse,la,7,0.057,no
adventum,la,7,0.057,no
aedes,la,7,0.057,no
aetatis,la,7,0.057,no
aeternae,la,7,0.057,no
agmen,la,7,0.057,no
ait,la,7,0.057,no
alij,la,7,0.057,no
alioquin,la,7,0.057,no
amacaensis,la,7,0.057,no
angustias,la,7,0.057,no
aperta,la,7,0.057,no
apostoli,la,7,0.057,no
apostolicum,la,7,0.057,no
argento,la,7,0.057,no
ascendit,la,7,0.057,no
auctoritate,la,7,0.057,no
auctoritatem,la,7,0.057,no
audita,la,7,0.057,no
auferre,la,7,0.057,no
aulae,la,7,0.057,no
aureis,la,7,0.057,no
ausi,la,7,0.057,no
autoritate,la,7,0.057,no
bunguensi,la,7,0.057,no
calamitates,la,7,0.057,no
capillos,la,7,0.057,no
carcere,la,7,0.057,no
catholica,la,7,0.057,no
cepit,la,7,0.057,no
chinensium,la,7,0.057,no
colere,la,7,0.057,no
collegiorum,la,7,0.057,no
conati,la,7,0.057,no
concionibus,la,7,0.057,no
confessionem,la,7,0.057,no
congregationem,la,7,0.057,no
consensu,la,7,0.057,no
consolationem,la,7,0.057,no
constitutiones,la,7,0.057,no
conversio,la,7,0.057,no
correa,la,7,0.057,no
credimus,la,7,0.057,no
culpae,la,7,0.057,no
cupiditas,la,7,0.057,no
curae,la,7,0.057,no
debito,la,7,0.057,no
deniq,la,7,0.057,no
desiderium,la,7,0.057,no
dicenda,la,7,0.057,no
ditionem,la,7,0.057,no
diuini,la,7,0.057,no
divini,la,7,0.057,no
divinis,la,7,0.057,no
divitias,la,7,0.057,no
divitiis,la,7,0.057,no
dolorem,la,7,0.057,no
domestica,la,7,0.057,no
dubitare,la,7,0.057,no
eamque,la,7,0.057,no
eaque,la,7,0.057,no
effecit,la,7,0.057,no
effectus,la,7,0.057,no
efficere,la,7,0.057,no
emanuel,la,7,0.057,no
eò,la,7,0.057,no
eoque,la,7,0.057,no
eramus,la,7,0.057,no
es,la,7,0.057,yes
estque,la,7,0.057,no
ethnicorum,la,7,0.057,no
etiamque,la,7,0.057,no
etiamsi,la,7,0.057,no
evangelii,la,7,0.057,no
excepit,la,7,0.057,no
exceptis,la,7,0.057,no
expellere,la,7,0.057,no
extremo,la,7,0.057,no
facio,la,7,0.057,no
facti,la,7,0.057,no
felicitate,la,7,0.057,no
filios,la,7,0.057,no
firando,la,7,0.057,no
firma,la,7,0.057,no
florez,la,7,0.057,no
fokiensis,la,7,0.057,no
foret,la,7,0.057,no
formatus,la,7,0.057,no
fratrem,la,7,0.057,no
gradus,la,7,0.057,no
grammaticam,la,7,0.057,no
gubernandi,la,7,0.057,no
habitare,la,7,0.057,no
hieronymus,la,7,0.057,no
hodie,la,7,0.057,no
honan,la,7,0.057,no
hospites,la,7,0.057,no
humani,la,7,0.057,no
iapone,la,7,0.057,no
iisque,la,7,0.057,no
impedimenta,la,7,0.057,no
imperatorum,la,7,0.057,no
incipit,la,7,0.057,no
indignus,la,7,0.057,no
iniuriam,la,7,0.057,no
insignis,la,7,0.057,no
instituit,la,7,0.057,no
inutilis,la,7,0.057,no
invicem,la,7,0.057,no
iram,la,7,0.057,no
iret,la,7,0.057,no
istam,la,7,0.057,no
istud,la,7,0.057,no
lector,es,7,0.057,no
legere,la,7,0.057,no
legitime,la,7,0.057,no
leria,la,7,0.057,no
licentia,la,7,0.057,no
lu,la,7,0.057,no
magnitudine,la,7,0.057,no
maioris,la,7,0.057,no
maius,la,7,0.057,no
majores,la,7,0.057,no
mandata,la,7,0.057,no
mane,la,7,0.057,no
materia,la,7,0.057,no
maximè,la,7,0.057,no
meaci,la,7,0.057,no
medietate,la,7,0.057,no
merces,la,7,0.057,no
michi,la,7,0.057,no
mirabiliter,la,7,0.057,no
modis,la,7,0.057,no
montem,la,7,0.057,no
morem,la,7,0.057,no
morindonus,la,7,0.057,no
moris,la,7,0.057,no
mos,la,7,0.057,no
multitudo,la,7,0.057,no
muneris,la,7,0.057,no
murum,la,7,0.057,no
mysteria,la,7,0.057,no
nefas,la,7,0.057,no
negare,la,7,0.057,no
neophytis,la,7,0.057,no
noluerunt,la,7,0.057,no
nostrȩ,la,7,0.057,no
novembris,la,7,0.057,no
novos,la,7,0.057,no
nullatenus,la,7,0.057,no
nusquam,la,7,0.057,no
obitum,la,7,0.057,no
obtinere,la,7,0.057,no
obtinuerunt,la,7,0.057,no
octobris,la,7,0.057,no
onus,la,7,0.057,no
opem,la,7,0.057,no
oportet,la,7,0.057,no
oriri,la,7,0.057,no
ozacam,la,7,0.057,no
pago,la,7,0.057,no
palam,la,7,0.057,no
pape,la,7,0.057,no
parentibus,la,7,0.057,no
partis,la,7,0.057,no
paulum,la,7,0.057,no
persecutionem,la,7,0.057,no
pervenire,la,7,0.057,no
pervenissent,la,7,0.057,no
petiit,la,7,0.057,no
petitioni,la,7,0.057,no
pia,la,7,0.057,no
plerique,la,7,0.057,no
plurimas,la,7,0.057,no
porta,la,7,0.057,no
portugalliae,la,7,0.057,no
possem,la,7,0.057,no
possemus,la,7,0.057,no
potentia,la,7,0.057,no
potentiam,la,7,0.057,no
potestas,la,7,0.057,no
pp,la,7,0.057,no
praepositum,la,7,0.057,no
praepositus,la,7,0.057,no
praesentibus,la,7,0.057,no
primarios,la,7,0.057,no
principum,la,7,0.057,no
profecti,la,7,0.057,no
profectus,la,7,0.057,no
professis,la,7,0.057,no
progressus,la,7,0.057,no
prouincias,la,7,0.057,no
provicarium,la,7,0.057,no
proximum,la,7,0.057,no
publica,la,7,0.057,no
quamplurimas,la,7,0.057,no
quangsi,la,7,0.057,no
quatuordecim,la,7,0.057,no
quemdam,la,7,0.057,no
quicquam,la,7,0.057,no
quingentos,la,7,0.057,no
quocirca,la,7,0.057,no
reddidit,la,7,0.057,no
rediit,la,7,0.057,no
regimen,la,7,0.057,no
regionis,la,7,0.057,no
regium,la,7,0.057,no
regulis,la,7,0.057,no
regum,la,7,0.057,no
reliquum,la,7,0.057,no
responsionem,la,7,0.057,no
rocha,la,7,0.057,no
romanorum,la,7,0.057,no
sacerdotibus,la,7,0.057,no
sacrum,la,7,0.057,no
saluti,la,7,0.057,no
sanctam,la,7,0.057,no
sanctissimae,la,7,0.057,no
sancto,la,7,0.057,no
sanguinem,la,7,0.057,no
sanus,la,7,0.057,no
scit,la,7,0.057,no
scuta,la,7,0.057,no
seminarii,la,7,0.057,no
seminario,la,7,0.057,no
sempiternam,la,7,0.057,no
sensibus,la,7,0.057,no
sensu,la,7,0.057,no
sinicè,la,7,0.057,no
solvit,la,7,0.057,no
sonat,la,7,0.057,no
spectare,la,7,0.057,no
spero,la,7,0.057,no
splendore,la,7,0.057,no
stabat,la,7,0.057,no
studia,la,7,0.057,no
subjectis,la,7,0.057,no
sufficeret,la,7,0.057,no
talem,la,7,0.057,no
tametsi,la,7,0.057,no
tanti,la,7,0.057,no
tartaria,la,7,0.057,no
tartarum,la,7,0.057,no
tenuit,la,7,0.057,no
timore,la,7,0.057,no
tono,la,7,0.057,no
tormenta,la,7,0.057,no
tormentorum,la,7,0.057,no
tribunalis,la,7,0.057,no
tulit,la,7,0.057,no
tyranno,la,7,0.057,no
tyrannus,la,7,0.057,no
unquam,la,7,0.057,no
utroque,la,7,0.057,no
utrum,la,7,0.057,no
uxorem,la,7,0.057,no
venerat,la,7,0.057,no
vestrae,la,7,0.057,no
vestram,la,7,0.057,no
vestras,la,7,0.057,no
vicarii,la,7,0.057,no
vicina,la,7,0.057,no
videantur,la,7,0.057,no
videbitur,la,7,0.057,no
vident,la,7,0.057,no
vidit,la,7,0.057,no
virorum,la,7,0.057,no
virtuti,la,7,0.057,no
vis,la,7,0.057,no
visa,la,7,0.057,no
vivis,la,7,0.057,no
vniuersalis,la,7,0.057,no
vnum,la,7,0.057,no
voluerit,la,7,0.057,no
voluerunt,la,7,0.057,no
voluntate,la,7,0.057,no
voluptatem,la,7,0.057,no
vsus,la,7,0.057,no
xavier,la,7,0.057,no
zungchinius,la,7,0.057,no
abundare,la,6,0.049,no
abunde,la,6,0.049,no
adesse,la,6,0.049,no
adest,la,6,0.049,no
adfuit,la,6,0.049,no
adiacet,la,6,0.049,no
aditum,la,6,0.049,no
adm,la,6,0.049,no
admiratione,la,6,0.049,no
admonitus,la,6,0.049,no
afferre,la,6,0.049,no
agit,la,6,0.049,no
agro,la,6,0.049,no
alicuius,la,6,0.049,no
aliena,la,6,0.049,no
alienum,la,6,0.049,no
amaral,la,6,0.049,no
amavangus,la,6,0.049,no
ambo,la,6,0.049,no
ampla,la,6,0.049,no
annonam,la,6,0.049,no
annuis,la,6,0.049,no
apostolicȩ,la,6,0.049,no
apostolici,la,6,0.049,no
aprilis,la,6,0.049,no
arcis,la,6,0.049,no
attulit,la,6,0.049,no
augmentum,la,6,0.049,no
aulicis,la,6,0.049,no
aures,la,6,0.049,no
authoritatem,la,6,0.049,no
baptizati,la,6,0.049,no
beati,la,6,0.049,no
bellis,la,6,0.049,no
benedictionem,la,6,0.049,no
beneficia,la,6,0.049,no
benigne,la,6,0.049,no
bonaventura,la,6,0.049,no
bonzi,la,6,0.049,no
bonziorum,la,6,0.049,no
brevissimo,la,6,0.049,no
bulla,la,6,0.049,no
bungi,la,6,0.049,no
bungo,la,6,0.049,no
cainocami,la,6,0.049,no
calderón,la,6,0.049,no
cancheu,la,6,0.049,no
capti,la,6,0.049,no
captus,la,6,0.049,no
cardinales,la,6,0.049,no
ccc,la,6,0.049,no
certam,la,6,0.049,no
certos,la,6,0.049,no
citius,la,6,0.049,no
civibus,la,6,0.049,no
civitatibus,la,6,0.049,no
clade,la,6,0.049,no
coadiutorem,la,6,0.049,no
coelum,la,6,0.049,no
cogitare,la,6,0.049,no
colunt,la,6,0.049,no
commercium,la,6,0.049,no
commisit,la,6,0.049,no
complures,la,6,0.049,no
con,es,6,0.049,yes
conditionibus,la,6,0.049,no
confessione,la,6,0.049,no
congregationi,la,6,0.049,no
congregatis,la,6,0.049,no
consentaneum,la,6,0.049,no
conspectu,la,6,0.049,no
constitutionibus,la,6,0.049,no
constructa,la,6,0.049,no
consulere,la,6,0.049,no
conversionis,la,6,0.049,no
conversus,la,6,0.049,no
copiae,la,6,0.049,no
cordis,la,6,0.049,no
corona,la,6,0.049,no
credunt,la,6,0.049,no
crudeliter,la,6,0.049,no
cu,trans,6,0.049,no
cuique,la,6,0.049,no
cupiditate,la,6,0.049,no
currus,la,6,0.049,no
cursum,la,6,0.049,no
daifus,la,6,0.049,no
damno,la,6,0.049,no
dant,la,6,0.049,no
datam,la,6,0.049,no
debeant,la,6,0.049,no
debent,la,6,0.049,no
debitam,la,6,0.049,no
debitum,la,6,0.049,no
decreta,la,6,0.049,no
decreverunt,la,6,0.049,no
degebant,la,6,0.049,no
degebat,la,6,0.049,no
degentes,la,6,0.049,no
degentium,la,6,0.049,no
deserere,la,6,0.049,no
dicebat,la,6,0.049,no
dicemus,la,6,0.049,no
dicens,la,6,0.049,no
dicentes,la,6,0.049,no
dicit,la,6,0.049,no
didici,la,6,0.049,no
digni,la,6,0.049,no
dignum,la,6,0.049,no
dimissi,la,6,0.049,no
discalceatorum,la,6,0.049,no
discessum,la,6,0.049,no
ditissima,la,6,0.049,no
diuites,la,6,0.049,no
diversa,la,6,0.049,no
dnus,la,6,0.049,no
dogicis,la,6,0.049,no
duabus,la,6,0.049,no
dudum,la,6,0.049,no
edicto,la,6,0.049,no
elementa,la,6,0.049,no
emissione,la,6,0.049,no
erecta,la,6,0.049,no
eumdem,la,6,0.049,no
eundem,la,6,0.049,no
europaeis,la,6,0.049,no
evangelica,la,6,0.049,no
eventu,la,6,0.049,no
exercere,la,6,0.049,no
exercitibus,la,6,0.049,no
exilio,la,6,0.049,no
exitus,la,6,0.049,no
exponere,la,6,0.049,no
externis,la,6,0.049,no
extrema,la,6,0.049,no
extremum,la,6,0.049,no
faciebat,la,6,0.049,no
faciendum,la,6,0.049,no
faciens,la,6,0.049,no
factione,la,6,0.049,no
facturum,la,6,0.049,no
favente,la,6,0.049,no
favore,la,6,0.049,no
fecissent,la,6,0.049,no
felicitas,la,6,0.049,no
felicitatis,la,6,0.049,no
fidelium,la,6,0.049,no
filiorum,la,6,0.049,no
formulam,la,6,0.049,no
fortis,la,6,0.049,no
fossam,la,6,0.049,no
fratris,la,6,0.049,no
fraude,la,6,0.049,no
functiones,la,6,0.049,no
garcés,la,6,0.049,no
generis,la,6,0.049,no
gente,la,6,0.049,no
gentibus,la,6,0.049,no
germanus,la,6,0.049,no
gesta,la,6,0.049,no
gladio,la,6,0.049,no
goa,la,6,0.049,no
graviter,la,6,0.049,no
gregem,la,6,0.049,no
habes,la,6,0.049,no
habitatio,la,6,0.049,no
habui,la,6,0.049,no
habuissent,la,6,0.049,no
hasce,la,6,0.049,no
hii,la,6,0.049,no
honoris,la,6,0.049,no
horis,la,6,0.049,no
hostem,la,6,0.049,no
hous,la,6,0.049,no
iamque,la,6,0.049,no
idiomate,la,6,0.049,no
idoneum,la,6,0.049,no
ieiasus,la,6,0.049,no
ignatium,la,6,0.049,no
ignis,la,6,0.049,no
ihs,la,6,0.049,no
ij,la,6,0.049,no
illarum,la,6,0.049,no
illmi,la,6,0.049,no
imaginibus,la,6,0.049,no
immediate,la,6,0.049,no
impedimento,la,6,0.049,no
impossibile,la,6,0.049,no
indiarum,la,6,0.049,no
industria,la,6,0.049,no
infirmae,la,6,0.049,no
ingrediantur,la,6,0.049,no
ingressu,la,6,0.049,no
inimici,la,6,0.049,no
inimicis,la,6,0.049,no
initio,la,6,0.049,no
intelligat,la,6,0.049,no
intentionem,la,6,0.049,no
interdum,la,6,0.049,no
interiora,la,6,0.049,no
interrogavit,la,6,0.049,no
intervallo,la,6,0.049,no
istius,la,6,0.049,no
isto,la,6,0.049,no
iudicium,la,6,0.049,no
iuris,la,6,0.049,no
japonico,la,6,0.049,no
japoniorum,la,6,0.049,no
kiao,trans,6,0.049,no
lacrymis,la,6,0.049,no
laqueo,la,6,0.049,no
lata,la,6,0.049,no
latere,la,6,0.049,no
latronum,la,6,0.049,no
legit,la,6,0.049,no
libris,la,6,0.049,no
littore,la,6,0.049,no
magnas,la,6,0.049,no
malitia,la,6,0.049,no
maluit,la,6,0.049,no
mandavit,la,6,0.049,no
mansit,la,6,0.049,no
maovenlungus,la,6,0.049,no
mariae,la,6,0.049,no
marito,la,6,0.049,no
martyres,la,6,0.049,no
martyrii,la,6,0.049,no
mathematicae,la,6,0.049,no
matrimonii,la,6,0.049,no
matris,la,6,0.049,no
maximus,la,6,0.049,no
mediocres,la,6,0.049,no
messiam,la,6,0.049,no
metropolis,la,6,0.049,no
metum,la,6,0.049,no
ministrum,la,6,0.049,no
missionarius,la,6,0.049,no
moenibus,la,6,0.049,no
molestia,la,6,0.049,no
montium,la,6,0.049,no
moribus,la,6,0.049,no
morol,la,6,0.049,no
mors,la,6,0.049,no
morti,la,6,0.049,no
mortui,la,6,0.049,no
movit,la,6,0.049,no
munere,la,6,0.049,no
namque,la,6,0.049,no
nangasacho,la,6,0.049,no
naturali,la,6,0.049,no
navim,la,6,0.049,no
nemini,la,6,0.049,no
neophytorum,la,6,0.049,no
nihilo,la,6,0.049,no
nobiliores,la,6,0.049,no
nobilissimam,la,6,0.049,no
nominibus,la,6,0.049,no
nonnullos,la,6,0.049,no
nouum,la,6,0.049,no
obligatione,la,6,0.049,no
occiderunt,la,6,0.049,no
occuparint,la,6,0.049,no
occupata,la,6,0.049,no
occupato,la,6,0.049,no
offerunt,la,6,0.049,no
om,la,6,0.049,no
operarii,la,6,0.049,no
optime,la,6,0.049,no
orbem,la,6,0.049,no
ordo,la,6,0.049,no
oriente,la,6,0.049,no
orta,la,6,0.049,no
ostiarius,la,6,0.049,no
ozaca,la,6,0.049,no
paene,la,6,0.049,no
palatio,la,6,0.049,no
panem,la,6,0.049,no
parcat,la,6,0.049,no
parentes,la,6,0.049,no
paternitatem,la,6,0.049,no
peccati,la,6,0.049,no
peccato,la,6,0.049,no
pedem,la,6,0.049,no
penitus,la,6,0.049,no
peritus,la,6,0.049,no
perniciem,la,6,0.049,no
persecutio,la,6,0.049,no
perspecta,la,6,0.049,no
philippinis,la,6,0.049,no
pietatem,la,6,0.049,no
plurimis,la,6,0.049,no
pontifice,la,6,0.049,no
populus,la,6,0.049,no
portas,la,6,0.049,no
possessione,la,6,0.049,no
possidens,la,6,0.049,no
possidet,la,6,0.049,no
potentes,la,6,0.049,no
potui,la,6,0.049,no
praedia,la,6,0.049,no
praedictis,la,6,0.049,no
praedictum,la,6,0.049,no
praelatorum,la,6,0.049,no
praeposito,la,6,0.049,no
praesens,la,6,0.049,no
praesidia,la,6,0.049,no
praesidium,la,6,0.049,no
praesto,la,6,0.049,no
praeterito,la,6,0.049,no
prȩterito,la,6,0.049,no
principis,la,6,0.049,no
processit,la,6,0.049,no
proposito,la,6,0.049,no
proxime,la,6,0.049,no
quaeque,la,6,0.049,no
quamprimum,la,6,0.049,no
quandam,la,6,0.049,no
quanquam,la,6,0.049,no
quanto,la,6,0.049,no
quattuor,la,6,0.049,no
quicquid,la,6,0.049,no
quimura,la,6,0.049,no
quingenta,la,6,0.049,no
quinta,la,6,0.049,no
quintus,la,6,0.049,no
quorundam,la,6,0.049,no
rarum,la,6,0.049,no
recepit,la,6,0.049,no
recte,la,6,0.049,no
reddituum,la,6,0.049,no
refectorii,la,6,0.049,no
regina,la,6,0.049,no
regionum,la,6,0.049,no
reipsa,la,6,0.049,no
religioni,la,6,0.049,no
religioso,la,6,0.049,no
responso,la,6,0.049,no
reverendissimus,la,6,0.049,no
reverendo,la,6,0.049,no
revocatus,la,6,0.049,no
ritu,la,6,0.049,no
rmo,la,6,0.049,no
rodrigez,la,6,0.049,no
rodulphus,la,6,0.049,no
rudes,la,6,0.049,no
sacram,la,6,0.049,no
sagittis,la,6,0.049,no
sancte,la,6,0.049,no
sanctissimam,la,6,0.049,no
scribo,la,6,0.049,no
scribunt,la,6,0.049,no
secreta,la,6,0.049,no
secretarius,la,6,0.049,no
securam,la,6,0.049,no
securus,la,6,0.049,no
secuta,la,6,0.049,no
septembri,la,6,0.049,no
sexto,la,6,0.049,no
sigilli,la,6,0.049,no
signis,la,6,0.049,no
similia,la,6,0.049,no
singulas,la,6,0.049,no
solvuntur,la,6,0.049,no
spirituales,la,6,0.049,no
stipendia,la,6,0.049,no
strenue,la,6,0.049,no
studiis,la,6,0.049,no
suarum,la,6,0.049,no
subjectae,la,6,0.049,no
successus,la,6,0.049,no
summos,la,6,0.049,no
superest,la,6,0.049,no
superiore,la,6,0.049,no
superioris,la,6,0.049,no
sustentationem,la,6,0.049,no
talia,la,6,0.049,no
talis,la,6,0.049,no
tantus,la,6,0.049,no
tartariae,la,6,0.049,no
tartarica,la,6,0.049,no
tartaricum,la,6,0.049,no
tenebris,la,6,0.049,no
terminum,la,6,0.049,no
torres,la,6,0.049,no
tribunalia,la,6,0.049,no
tunkinensi,la,6,0.049,no
turcotti,la,6,0.049,no
ubicumque,la,6,0.049,no
uinum,la,6,0.049,no
uitam,la,6,0.049,no
undecim,la,6,0.049,no
unicum,la,6,0.049,no
universae,la,6,0.049,no
urbi,la,6,0.049,no
usi,la,6,0.049,no
utriusque,la,6,0.049,no
vasallis,la,6,0.049,no
velint,la,6,0.049,no
vellent,la,6,0.049,no
velocissime,la,6,0.049,no
veniunt,la,6,0.049,no
ventrem,la,6,0.049,no
ventum,la,6,0.049,no
versantur,la,6,0.049,no
vestium,la,6,0.049,no
vestrum,la,6,0.049,no
veteri,la,6,0.049,no
viceprovincialem,la,6,0.049,no
viderent,la,6,0.049,no
virum,la,6,0.049,no
vivendi,la,6,0.049,no
vllo,la,6,0.049,no
vnquam,la,6,0.049,no
vocat,la,6,0.049,no
volebat,la,6,0.049,no
voluntati,la,6,0.049,no
votis,la,6,0.049,no
vultis,la,6,0.049,no
xerafinorum,la,6,0.049,no
yuenus,la,6,0.049,no
abstinere,la,5,0.041,no
abundant,la,5,0.041,no
accendit,la,5,0.041,no
accepi,la,5,0.041,no
accepimus,la,5,0.041,no
acciderunt,la,5,0.041,no
accipere,la,5,0.041,no
accipiat,la,5,0.041,no
accipiens,la,5,0.041,no
adamus,la,5,0.041,no
addicti,la,5,0.041,no
adhibere,la,5,0.041,no
admisit,la,5,0.041,no
aedificationem,la,5,0.041,no
aegre,la,5,0.041,no
aeque,la,5,0.041,no
aequitate,la,5,0.041,no
aequum,la,5,0.041,no
aere,la,5,0.041,no
afficere,la,5,0.041,no
agendum,la,5,0.041,no
agens,la,5,0.041,no
agmine,la,5,0.041,no
ali,la,5,0.041,no
alioqui,la,5,0.041,no
aliosque,la,5,0.041,no
alphonsus,la,5,0.041,no
amacusa,la,5,0.041,no
amalech,la,5,0.041,no
amicum,la,5,0.041,no
angelis,la,5,0.041,no
animalium,la,5,0.041,no
animorum,la,5,0.041,no
annuam,la,5,0.041,no
annui,la,5,0.041,no
antiquis,la,5,0.041,no
antonii,la,5,0.041,no
apostolicas,la,5,0.041,no
appulimus,la,5,0.041,no
aquae,la,5,0.041,no
aranius,la,5,0.041,no
arcem,la,5,0.041,no
argentum,la,5,0.041,no
arima,la,5,0.041,no
attingit,la,5,0.041,no
audiendam,la,5,0.041,no
auditis,la,5,0.041,no
australem,la,5,0.041,no
auxiliis,la,5,0.041,no
baptismo,la,5,0.041,no
barbarorum,la,5,0.041,no
bati,la,5,0.041,no
bellica,la,5,0.041,no
benevolentiae,la,5,0.041,no
boream,la,5,0.041,no
caelestem,la,5,0.041,no
caeli,la,5,0.041,no
caeteri,la,5,0.041,no
caeterisque,la,5,0.041,no
caeteros,la,5,0.041,no
cambaliech,la,5,0.041,no
cantu,la,5,0.041,no
cap,la,5,0.041,no
capere,la,5,0.041,no
capillis,la,5,0.041,no
capitum,la,5,0.041,no
carceres,la,5,0.041,no
cardim,la,5,0.041,no
careant,la,5,0.041,no
carvalho,la,5,0.041,no
castra,la,5,0.041,no
catalogo,la,5,0.041,no
cathay,la,5,0.041,no
catholicam,la,5,0.041,no
celeritate,la,5,0.041,no
censet,la,5,0.041,no
certiorem,la,5,0.041,no
chaam,la,5,0.041,no
chan,la,5,0.041,no
chanis,la,5,0.041,no
chinensi,la,5,0.041,no
chu,trans,5,0.041,no
citra,la,5,0.041,no
cladem,la,5,0.041,no
clam,la,5,0.041,no
clarius,la,5,0.041,no
coacti,la,5,0.041,no
cocincina,la,5,0.041,no
cogere,la,5,0.041,no
cogitabat,la,5,0.041,no
cognovimus,la,5,0.041,no
cognovit,la,5,0.041,no
cogor,la,5,0.041,no
comissarius,la,5,0.041,no
comitate,la,5,0.041,no
commissas,la,5,0.041,no
commorandi,la,5,0.041,no
commorantur,la,5,0.041,no
communem,la,5,0.041,no
communicare,la,5,0.041,no
compertum,la,5,0.041,no
concessum,la,5,0.041,no
confectis,la,5,0.041,no
confessus,la,5,0.041,no
congressu,la,5,0.041,no
coniugi,la,5,0.041,no
coniugum,la,5,0.041,no
consolatur,la,5,0.041,no
constitutum,la,5,0.041,no
consueta,la,5,0.041,no
contendit,la,5,0.041,no
contrarium,la,5,0.041,no
contuli,la,5,0.041,no
convenirent,la,5,0.041,no
coraiano,la,5,0.041,no
crescente,la,5,0.041,no
croceum,la,5,0.041,no
cruces,la,5,0.041,no
cruciatus,la,5,0.041,no
crudelitatis,la,5,0.041,no
crux,la,5,0.041,no
culpa,la,5,0.041,no
cultus,la,5,0.041,no
cursu,la,5,0.041,no
custodiam,la,5,0.041,no
custos,la,5,0.041,no
damnum,la,5,0.041,no
decalogi,la,5,0.041,no
decretis,la,5,0.041,no
decrevit,la,5,0.041,no
defensionem,la,5,0.041,no
deficiunt,la,5,0.041,no
degentibus,la,5,0.041,no
del,es,5,0.041,yes
describam,la,5,0.041,no
desiderata,la,5,0.041,no
destinati,la,5,0.041,no
destructionem,la,5,0.041,no
devenerunt,la,5,0.041,no
deveni,la,5,0.041,no
di,la,5,0.041,no
diaboli,la,5,0.041,no
dicamus,la,5,0.041,no
dici,la,5,0.041,no
dictae,la,5,0.041,no
dictos,la,5,0.041,no
dietas,la,5,0.041,no
difficilis,la,5,0.041,no
difficultate,la,5,0.041,no
dignitatis,la,5,0.041,no
dimidio,la,5,0.041,no
discipulorum,la,5,0.041,no
diuinum,la,5,0.041,no
diutius,la,5,0.041,no
diuturna,la,5,0.041,no
divisi,la,5,0.041,no
docet,la,5,0.041,no
doctor,la,5,0.041,no
doctores,la,5,0.041,no
dominica,la,5,0.041,no
dominicanis,la,5,0.041,no
dominicanus,la,5,0.041,no
domui,la,5,0.041,no
donum,la,5,0.041,no
ducis,la,5,0.041,no
duntaxat,la,5,0.041,no
dynastas,la,5,0.041,no
edificatores,la,5,0.041,no
egressus,la,5,0.041,no
eisdem,la,5,0.041,no
elapso,la,5,0.041,no
electio,la,5,0.041,no
eleemosynis,la,5,0.041,no
elegerunt,la,5,0.041,no
eligere,la,5,0.041,no
eminens,la,5,0.041,no
emisit,la,5,0.041,no
emisso,la,5,0.041,no
emittat,la,5,0.041,no
emittere,la,5,0.041,no
emittit,la,5,0.041,no
eosdem,la,5,0.041,no
errores,la,5,0.041,no
erroribus,la,5,0.041,no
ethiopiam,la,5,0.041,no
etiamnum,la,5,0.041,no
europam,la,5,0.041,no
examen,la,5,0.041,no
exemplar,la,5,0.041,no
exeunt,la,5,0.041,no
expertes,la,5,0.041,no
explicat,la,5,0.041,no
expressa,la,5,0.041,no
extincta,la,5,0.041,no
extremam,la,5,0.041,no
extructae,la,5,0.041,no
fabrica,la,5,0.041,no
facerent,la,5,0.041,no
faciam,la,5,0.041,no
faciat,la,5,0.041,no
facienda,la,5,0.041,no
facientes,la,5,0.041,no
factae,la,5,0.041,no
facultates,la,5,0.041,no
familiam,la,5,0.041,no
felicitatem,la,5,0.041,no
ferrum,la,5,0.041,no
ferunt,la,5,0.041,no
filiam,la,5,0.041,no
finibus,la,5,0.041,no
firandensi,la,5,0.041,no
firmae,la,5,0.041,no
flamma,la,5,0.041,no
fluvio,la,5,0.041,no
fluvius,la,5,0.041,no
foeminae,la,5,0.041,no
fonte,la,5,0.041,no
fructu,la,5,0.041,no
fugam,la,5,0.041,no
fugere,la,5,0.041,no
functi,la,5,0.041,no
fundata,la,5,0.041,no
fundationem,la,5,0.041,no
furor,la,5,0.041,no
furore,la,5,0.041,no
garcía,la,5,0.041,no
gaspare,la,5,0.041,no
gasparis,la,5,0.041,no
genibus,la,5,0.041,no
gloriosos,la,5,0.041,no
goana,la,5,0.041,no
gouae,la,5,0.041,no
gratiarum,la,5,0.041,no
gregorius,la,5,0.041,no
gubernationis,la,5,0.041,no
haberemus,la,5,0.041,no
habitationem,la,5,0.041,no
habiti,la,5,0.041,no
habitu,la,5,0.041,no
habuerat,la,5,0.041,no
hangcheu,la,5,0.041,no
hio,trans,5,0.041,no
hispaniae,la,5,0.041,no
hispaniam,la,5,0.041,no
honoribus,la,5,0.041,no
honorifice,la,5,0.041,no
hora,la,5,0.041,no
hostibus,la,5,0.041,no
humanam,la,5,0.041,no
humaniter,la,5,0.041,no
humiliter,la,5,0.041,no
huquang,la,5,0.041,no
iacet,la,5,0.041,no
iaponem,la,5,0.041,no
iaponici,la,5,0.041,no
ibique,la,5,0.041,no
idola,la,5,0.041,no
idonei,la,5,0.041,no
idus,la,5,0.041,no
ieiasum,la,5,0.041,no
iesum,la,5,0.041,no
ignem,la,5,0.041,no
illata,la,5,0.041,no
illmas,la,5,0.041,no
imaginem,la,5,0.041,no
immortalem,la,5,0.041,no
immortalis,la,5,0.041,no
improbi,la,5,0.041,no
incendio,la,5,0.041,no
inchoata,la,5,0.041,no
incipiunt,la,5,0.041,no
incolas,la,5,0.041,no
infantes,la,5,0.041,no
inferiori,la,5,0.041,no
inferioris,la,5,0.041,no
ingenia,la,5,0.041,no
ingrediendi,la,5,0.041,no
inibi,la,5,0.041,no
iniurias,la,5,0.041,no
innumeris,la,5,0.041,no
inopiam,la,5,0.041,no
inquisitionis,la,5,0.041,no
insigni,la,5,0.041,no
institutis,la,5,0.041,no
instrumentum,la,5,0.041,no
integro,la,5,0.041,no
intelligatur,la,5,0.041,no
intelliget,la,5,0.041,no
intelligitur,la,5,0.041,no
intentione,la,5,0.041,no
invadit,la,5,0.041,no
ioanni,la,5,0.041,no
iosephus,la,5,0.041,no
ipsamet,la,5,0.041,no
istos,la,5,0.041,no
iubentur,la,5,0.041,no
iudaeos,la,5,0.041,no
iudicem,la,5,0.041,no
iudicis,la,5,0.041,no
iumentis,la,5,0.041,no
iura,la,5,0.041,no
japonicam,la,5,0.041,no
japonici,la,5,0.041,no
japonicis,la,5,0.041,no
japonii,la,5,0.041,no
jesu,es,5,0.041,no
joanne,la,5,0.041,no
joseph,la,5,0.041,no
juxta,la,5,0.041,no
las,la,5,0.041,no
lateque,la,5,0.041,no
latronem,la,5,0.041,no
latronibus,la,5,0.041,no
latum,la,5,0.041,no
legatus,la,5,0.041,no
legitima,la,5,0.041,no
legitimam,la,5,0.041,no
li,trans,5,0.041,no
libertate,la,5,0.041,no
liberum,la,5,0.041,no
libro,la,5,0.041,no
licteris,la,5,0.041,no
licungzo,la,5,0.041,no
liquido,la,5,0.041,no
literarum,la,5,0.041,no
locutus,la,5,0.041,no
lópez,la,5,0.041,no
los,es,5,0.041,yes
lusitaniae,la,5,0.041,no
macaënsi,la,5,0.041,no
magistratus,la,5,0.041,no
magnae,la,5,0.041,no
magnifice,la,5,0.041,no
maiestatem,la,5,0.041,no
maii,la,5,0.041,no
maiore,la,5,0.041,no
mandarinis,la,5,0.041,no
manum,la,5,0.041,no
marinus,la,5,0.041,no
marte,la,5,0.041,no
mater,la,5,0.041,no
matrimonium,la,5,0.041,no
mattheus,la,5,0.041,no
maximi,la,5,0.041,no
mediterranea,la,5,0.041,no
medorum,la,5,0.041,no
meliori,la,5,0.041,no
memoria,la,5,0.041,no
mercatores,la,5,0.041,no
mercibus,la,5,0.041,no
mercium,la,5,0.041,no
militaris,la,5,0.041,no
milite,la,5,0.041,no
militia,la,5,0.041,no
minimè,la,5,0.041,no
minor,la,5,0.041,no
minores,la,5,0.041,no
minori,la,5,0.041,no
miseri,la,5,0.041,no
miserunt,la,5,0.041,no
missionarios,la,5,0.041,no
missurus,la,5,0.041,no
mo,trans,5,0.041,no
modus,la,5,0.041,no
monte,la,5,0.041,no
moram,la,5,0.041,no
morejón,la,5,0.041,no
morum,la,5,0.041,no
navigatio,la,5,0.041,no
navium,la,5,0.041,no
necessarios,la,5,0.041,no
negotii,la,5,0.041,no
neophytus,la,5,0.041,no
nepos,la,5,0.041,no
ni,la,5,0.041,no
no,la,5,0.041,no
nobilem,la,5,0.041,no
noctu,la,5,0.041,no
nona,la,5,0.041,no
noverat,la,5,0.041,no
novus,la,5,0.041,no
nuestro,es,5,0.041,no
numerabantur,la,5,0.041,no
nunciis,la,5,0.041,no
obiit,la,5,0.041,no
occasio,la,5,0.041,no
occidentem,la,5,0.041,no
occidentis,la,5,0.041,no
occidere,la,5,0.041,no
occisis,la,5,0.041,no
occuparent,la,5,0.041,no
occuparunt,la,5,0.041,no
odia,la,5,0.041,no
operum,la,5,0.041,no
opinio,la,5,0.041,no
opinione,la,5,0.041,no
optimo,la,5,0.041,no
optimum,la,5,0.041,no
ora,la,5,0.041,no
orientali,la,5,0.041,no
originali,la,5,0.041,no
ornamento,la,5,0.041,no
ornati,la,5,0.041,no
ostendere,la,5,0.041,no
paceco,la,5,0.041,no
pagos,la,5,0.041,no
palatii,la,5,0.041,no
paradisi,la,5,0.041,no
paratos,la,5,0.041,no
paratus,la,5,0.041,no
pari,la,5,0.041,no
parvum,la,5,0.041,no
pastoralis,la,5,0.041,no
patefacta,la,5,0.041,no
pateretur,la,5,0.041,no
paternitate,la,5,0.041,no
pauli,la,5,0.041,no
peccandi,la,5,0.041,no
peccata,la,5,0.041,no
peracta,la,5,0.041,no
peractis,la,5,0.041,no
perduelles,la,5,0.041,no
perfecta,la,5,0.041,no
perfidia,la,5,0.041,no
perfidiam,la,5,0.041,no
periculi,la,5,0.041,no
periti,la,5,0.041,no
persecutionibus,la,5,0.041,no
persuadere,la,5,0.041,no
petebant,la,5,0.041,no
philosophiam,la,5,0.041,no
pie,trans,5,0.041,no
plenus,la,5,0.041,no
plerumque,la,5,0.041,no
plurimos,la,5,0.041,no
plurium,la,5,0.041,no
poenarum,la,5,0.041,no
polonus,la,5,0.041,no
pontifex,la,5,0.041,no
populos,la,5,0.041,no
posita,la,5,0.041,no
positam,la,5,0.041,no
positum,la,5,0.041,no
possim,la,5,0.041,no
postmodum,la,5,0.041,no
potentiae,la,5,0.041,no
potentissimo,la,5,0.041,no
potero,la,5,0.041,no
potestis,la,5,0.041,no
potuerit,la,5,0.041,no
potuisse,la,5,0.041,no
praecipuum,la,5,0.041,no
praeclara,la,5,0.041,no
praedam,la,5,0.041,no
praedio,la,5,0.041,no
praefecturam,la,5,0.041,no
praefecturas,la,5,0.041,no
praelato,la,5,0.041,no
praelatus,la,5,0.041,no
praescripto,la,5,0.041,no
praestat,la,5,0.041,no
precationibus,la,5,0.041,no
preces,la,5,0.041,no
prioris,la,5,0.041,no
pristinum,la,5,0.041,no
procuratore,la,5,0.041,no
progredi,la,5,0.041,no
prohibita,la,5,0.041,no
promissis,la,5,0.041,no
promittit,la,5,0.041,no
propensionem,la,5,0.041,no
propriae,la,5,0.041,no
prosequitur,la,5,0.041,no
protestari,la,5,0.041,no
protestor,la,5,0.041,no
prouinciis,la,5,0.041,no
proximi,la,5,0.041,no
proximo,la,5,0.041,no
publico,la,5,0.041,no
puer,la,5,0.041,no
pueris,la,5,0.041,no
puerum,la,5,0.041,no
pugnae,la,5,0.041,no
pugnatum,la,5,0.041,no
quales,la,5,0.041,no
qualia,la,5,0.041,no
qualis,la,5,0.041,no
quambioiendono,la,5,0.041,no
quamdam,la,5,0.041,no
quamquam,la,5,0.041,no
quibusque,la,5,0.041,no
quidquam,la,5,0.041,no
quintum,la,5,0.041,no
quodque,la,5,0.041,no
quolibet,la,5,0.041,no
rebelles,la,5,0.041,no
recipit,la,5,0.041,no
rectae,la,5,0.041,no
reddi,la,5,0.041,no
regiae,la,5,0.041,no
regibus,la,5,0.041,no
regredi,la,5,0.041,no
regulares,la,5,0.041,no
relatus,la,5,0.041,no
reliquarum,la,5,0.041,no
reliquo,la,5,0.041,no
remanserunt,la,5,0.041,no
residebat,la,5,0.041,no
respondi,la,5,0.041,no
responsio,la,5,0.041,no
restat,la,5,0.041,no
retulit,la,5,0.041,no
rev,la,5,0.041,no
reverende,la,5,0.041,no
rite,la,5,0.041,no
rivas,la,5,0.041,no
rogatus,la,5,0.041,no
romanam,la,5,0.041,no
romanus,la,5,0.041,no
ruinam,la,5,0.041,no
rursum,la,5,0.041,no
sacrae,la,5,0.041,no
sacros,la,5,0.041,no
sagitta,la,5,0.041,no
saltim,la,5,0.041,no
sapientia,la,5,0.041,no
scholares,la,5,0.041,no
scholastici,la,5,0.041,no
sciat,la,5,0.041,no
scientes,la,5,0.041,no
scire,la,5,0.041,no
sciret,la,5,0.041,no
sciunt,la,5,0.041,no
secutus,la,5,0.041,no
seminariis,la,5,0.041,no
sensuum,la,5,0.041,no
sententiae,la,5,0.041,no
septimum,la,5,0.041,no
sequebantur,la,5,0.041,no
sequi,la,5,0.041,no
serio,la,5,0.041,no
sermonem,la,5,0.041,no
servati,la,5,0.041,no
servire,la,5,0.041,no
servos,la,5,0.041,no
siam,la,5,0.041,no
sigan,la,5,0.041,no
sigillo,la,5,0.041,no
silentium,la,5,0.041,no
similes,la,5,0.041,no
simili,la,5,0.041,no
simus,la,5,0.041,no
sinensem,la,5,0.041,no
sinensibus,la,5,0.041,no
singula,la,5,0.041,no
singuli,la,5,0.041,no
sinicas,la,5,0.041,no
socio,la,5,0.041,no
sociorum,la,5,0.041,no
socios,la,5,0.041,no
solam,la,5,0.041,no
sortem,la,5,0.041,no
sotietatis,la,5,0.041,no
sperantes,la,5,0.041,no
spiritum,la,5,0.041,no
stare,la,5,0.041,no
studium,la,5,0.041,no
stylo,la,5,0.041,no
su,es,5,0.041,yes
subiecta,la,5,0.041,no
subito,la,5,0.041,no
subminister,la,5,0.041,no
subsidium,la,5,0.041,no
sufficere,la,5,0.041,no
summis,la,5,0.041,no
sumptu,la,5,0.041,no
supplicio,la,5,0.041,no
suspicio,la,5,0.041,no
sustentatur,la,5,0.041,no
symba,la,5,0.041,no
symbam,la,5,0.041,no
synarum,la,5,0.041,no
syriae,la,5,0.041,no
taicosamam,la,5,0.041,no
taimingae,la,5,0.041,no
tali,la,5,0.041,no
tamque,la,5,0.041,no
tarazauandonus,la,5,0.041,no
tartaricis,la,5,0.041,no
tartaro,la,5,0.041,no
tempestate,la,5,0.041,no
tempora,la,5,0.041,no
testibus,la,5,0.041,no
theologia,es,5,0.041,no
theologiam,la,5,0.041,no
thesaurum,la,5,0.041,no
titulum,la,5,0.041,no
toni,la,5,0.041,no
toti,la,5,0.041,no
tradita,la,5,0.041,no
transierunt,la,5,0.041,no
transire,la,5,0.041,no
trecenta,la,5,0.041,no
trigautius,la,5,0.041,no
tuam,la,5,0.041,no
tuo,la,5,0.041,no
tutelam,la,5,0.041,no
tyrannum,la,5,0.041,no
ullo,la,5,0.041,no
usq,la,5,0.041,no
utanum,la,5,0.041,no
utilia,la,5,0.041,no
v.c,es,5,0.041,no
vanlieus,la,5,0.041,no
velit,la,5,0.041,no
velocitate,la,5,0.041,no
ver,la,5,0.041,no
verbi,la,5,0.041,no
veritate,la,5,0.041,no
versabatur,la,5,0.041,no
vertit,la,5,0.041,no
vexillum,la,5,0.041,no
vias,la,5,0.041,no
vicariorum,la,5,0.041,no
viceadministrator,la,5,0.041,no
vicinam,la,5,0.041,no
victoriae,la,5,0.041,no
viderentur,la,5,0.041,no
viderunt,la,5,0.041,no
villam,la,5,0.041,no
vinculo,la,5,0.041,no
violentia,la,5,0.041,no
virginis,la,5,0.041,no
visendi,la,5,0.041,no
vite,la,5,0.041,no
vivum,la,5,0.041,no
vivus,la,5,0.041,no
vna,la,5,0.041,no
vnus,la,5,0.041,no
vocis,la,5,0.041,no
vomurensi,la,5,0.041,no
vulnera,la,5,0.041,no
vulneribus,la,5,0.041,no
vxor,la,5,0.041,no
xiii,la,5,0.041,no
absente,la,4,0.033,no
absentia,la,4,0.033,no
acceperat,la,4,0.033,no
acceptam,la,4,0.033,no
acceptis,la,4,0.033,no
accessit,la,4,0.033,no
acciperet,la,4,0.033,no
accommodata,la,4,0.033,no
accurate,la,4,0.033,no
acquievit,la,4,0.033,no
acta,la,4,0.033,no
actiones,la,4,0.033,no
adamo,la,4,0.033,no
adduxit,la,4,0.033,no
adeoque,la,4,0.033,no
adesset,la,4,0.033,no
aditus,la,4,0.033,no
adiutus,la,4,0.033,no
adjumento,la,4,0.033,no
adjuvat,la,4,0.033,no
administrent,la,4,0.033,no
admittat,la,4,0.033,no
adorant,la,4,0.033,no
advenit,la,4,0.033,no
aedibus,la,4,0.033,no
aedituus,la,4,0.033,no
aequales,la,4,0.033,no
aestimatione,la,4,0.033,no
aeternam,la,4,0.033,no
agebant,la,4,0.033,no
agi,la,4,0.033,no
agitur,la,4,0.033,no
agnes,la,4,0.033,no
agnoscere,la,4,0.033,no
aleni,la,4,0.033,no
alere,la,4,0.033,no
alexandro,la,4,0.033,no
alexius,la,4,0.033,no
alienam,la,4,0.033,no
alieno,la,4,0.033,no
aliorumque,la,4,0.033,no
alit,la,4,0.033,no
aliunde,la,4,0.033,no
aloysius,la,4,0.033,no
alvarus,la,4,0.033,no
amabat,la,4,0.033,no
amacaense,la,4,0.033,no
amacaensi,la,4,0.033,no
amacusam,la,4,0.033,no
ambitione,la,4,0.033,no
ambrosius,la,4,0.033,no
amicitia,la,4,0.033,no
amicos,la,4,0.033,no
amicus,la,4,0.033,no
amissis,la,4,0.033,no
amoris,la,4,0.033,no
amplitudine,la,4,0.033,no
ampliùs,la,4,0.033,no
animarumque,la,4,0.033,no
annuerunt,la,4,0.033,no
annuit,la,4,0.033,no
antiquas,la,4,0.033,no
antiqui,la,4,0.033,no
antiquorum,la,4,0.033,no
aperto,la,4,0.033,no
apostolicorum,la,4,0.033,no
apostolorum,la,4,0.033,no
appellant,la,4,0.033,no
appellatur,la,4,0.033,no
approbationem,la,4,0.033,no
aptus,la,4,0.033,no
ardor,la,4,0.033,no
area,la,4,0.033,no
argenteis,la,4,0.033,no
armorum,la,4,0.033,no
aromatibus,la,4,0.033,no
artes,la,4,0.033,no
aspirante,la,4,0.033,no
assequi,la,4,0.033,no
assignavit,la,4,0.033,no
atres,la,4,0.033,no
attributa,la,4,0.033,no
auctor,la,4,0.033,no
auctores,la,4,0.033,no
auctoritas,la,4,0.033,no
auditores,la,4,0.033,no
auditum,la,4,0.033,no
augetur,la,4,0.033,no
aulici,la,4,0.033,no
auri,la,4,0.033,no
auro,la,4,0.033,no
australi,la,4,0.033,no
austrum,la,4,0.033,no
authenticum,la,4,0.033,no
autoritatem,la,4,0.033,no
auxit,la,4,0.033,no
avaritia,la,4,0.033,no
baptizatos,la,4,0.033,no
barbara,la,4,0.033,no
battizavi,la,4,0.033,no
beatis,la,4,0.033,no
beatitudo,la,4,0.033,no
beatum,la,4,0.033,no
bellorum,la,4,0.033,no
benedictione,la,4,0.033,no
benevolentiam,la,4,0.033,no
benignitate,la,4,0.033,no
bernus,la,4,0.033,no
berytus,la,4,0.033,no
binas,la,4,0.033,no
binos,la,4,0.033,no
bonitati,la,4,0.033,no
bonzii,la,4,0.033,no
bonzos,la,4,0.033,no
boreales,la,4,0.033,no
boym,la,4,0.033,no
breviarium,la,4,0.033,no
bugensi,la,4,0.033,no
bungense,la,4,0.033,no
caecitate,la,4,0.033,no
caede,la,4,0.033,no
caelesti,la,4,0.033,no
caepit,la,4,0.033,no
caesarea,la,4,0.033,no
calamitate,la,4,0.033,no
caligine,la,4,0.033,no
camera,la,4,0.033,no
cantonensis,la,4,0.033,no
cantoni,la,4,0.033,no
canzuiedoni,la,4,0.033,no
canzuiendono,la,4,0.033,no
capiti,la,4,0.033,no
capitur,la,4,0.033,no
capta,la,4,0.033,no
carcerem,la,4,0.033,no
caritatis,la,4,0.033,no
carnero,la,4,0.033,no
catalogus,la,4,0.033,no
cathalogus,la,4,0.033,no
causae,la,4,0.033,no
cautela,la,4,0.033,no
cederet,la,4,0.033,no
censetur,la,4,0.033,no
certa,la,4,0.033,no
certior,la,4,0.033,no
cetera,la,4,0.033,no
cȩteris,la,4,0.033,no
chì,la,4,0.033,no
chinensibus,la,4,0.033,no
chinensis,la,4,0.033,no
ching,trans,4,0.033,no
chingtu,la,4,0.033,no
chù,trans,4,0.033,no
cicugen,la,4,0.033,no
circenses,la,4,0.033,no
cittadelli,la,4,0.033,no
ciuitate,la,4,0.033,no
ciuitati,la,4,0.033,no
civitatum,la,4,0.033,no
classe,la,4,0.033,no
clavis,la,4,0.033,no
clementia,la,4,0.033,no
coacta,la,4,0.033,no
cocincinicae,la,4,0.033,no
coeli,la,4,0.033,no
coeperunt,la,4,0.033,no
cognito,la,4,0.033,no
colaso,la,4,0.033,no
colaus,la,4,0.033,no
collata,la,4,0.033,no
collectaria,la,4,0.033,no
collectis,la,4,0.033,no
colligitur,la,4,0.033,no
colore,la,4,0.033,no
comertium,la,4,0.033,no
comitatus,la,4,0.033,no
comites,la,4,0.033,no
commissa,la,4,0.033,no
commoda,la,4,0.033,no
commoditatem,la,4,0.033,no
commodius,la,4,0.033,no
commodum,la,4,0.033,no
commune,la,4,0.033,no
communes,la,4,0.033,no
complectitur,la,4,0.033,no
completum,la,4,0.033,no
concedit,la,4,0.033,no
concilii,la,4,0.033,no
concio,la,4,0.033,no
concionator,la,4,0.033,no
concurrentibus,la,4,0.033,no
conditio,la,4,0.033,no
conferre,la,4,0.033,no
confessionibus,la,4,0.033,no
confessionis,la,4,0.033,no
confidamus,la,4,0.033,no
confirmare,la,4,0.033,no
confiterentur,la,4,0.033,no
conflictu,la,4,0.033,no
confugerant,la,4,0.033,no
coniugii,la,4,0.033,no
consequenter,la,4,0.033,no
consequi,la,4,0.033,no
consiliorum,la,4,0.033,no
constans,la,4,0.033,no
constanter,la,4,0.033,no
constantiam,la,4,0.033,no
constantinus,la,4,0.033,no
constare,la,4,0.033,no
constituti,la,4,0.033,no
contenti,la,4,0.033,no
contentione,la,4,0.033,no
continentur,la,4,0.033,no
continuis,la,4,0.033,no
contractum,la,4,0.033,no
contraria,la,4,0.033,no
contulerunt,la,4,0.033,no
conuenire,la,4,0.033,no
conveniens,la,4,0.033,no
conventibus,la,4,0.033,no
conventus,la,4,0.033,no
conversioni,la,4,0.033,no
convertit,la,4,0.033,no
convocatis,la,4,0.033,no
copiam,la,4,0.033,no
copiarum,la,4,0.033,no
coquus,la,4,0.033,no
corda,la,4,0.033,no
cordibus,la,4,0.033,no
coreanis,la,4,0.033,no
corporum,la,4,0.033,no
cosmus,la,4,0.033,no
costa,la,4,0.033,no
creatus,la,4,0.033,no
credentes,la,4,0.033,no
creditur,la,4,0.033,no
crevit,la,4,0.033,no
crines,la,4,0.033,no
cruciatibus,la,4,0.033,no
crudelitatem,la,4,0.033,no
curavi,la,4,0.033,no
custodes,la,4,0.033,no
custodia,la,4,0.033,no
dam,la,4,0.033,no
damnatorum,la,4,0.033,no
damni,la,4,0.033,no
daret,la,4,0.033,no
daretur,la,4,0.033,no
dari,la,4,0.033,no
dat,la,4,0.033,no
datis,la,4,0.033,no
debebant,la,4,0.033,no
dedecus,la,4,0.033,no
dederint,la,4,0.033,no
dederunt,la,4,0.033,no
deducti,la,4,0.033,no
deessent,la,4,0.033,no
degens,la,4,0.033,no
degenti,la,4,0.033,no
dem,la,4,0.033,no
deputati,la,4,0.033,no
deque,la,4,0.033,no
descendit,la,4,0.033,no
desideria,la,4,0.033,no
destinato,la,4,0.033,no
destituti,la,4,0.033,no
destructae,la,4,0.033,no
destruere,la,4,0.033,no
desunt,la,4,0.033,no
devenit,la,4,0.033,no
dicebatur,la,4,0.033,no
dicimus,la,4,0.033,no
dictas,la,4,0.033,no
digna,la,4,0.033,no
dignitas,la,4,0.033,no
diis,la,4,0.033,no
dilecto,la,4,0.033,no
dimittere,la,4,0.033,no
diripiunt,la,4,0.033,no
discedere,la,4,0.033,no
discere,la,4,0.033,no
discrimina,la,4,0.033,no
diserte,la,4,0.033,no
dispendio,la,4,0.033,no
dissidia,la,4,0.033,no
distantiam,la,4,0.033,no
distribuit,la,4,0.033,no
diuinorum,la,4,0.033,no
dives,la,4,0.033,no
dividitur,la,4,0.033,no
dixerunt,la,4,0.033,no
dno,la,4,0.033,no
docti,la,4,0.033,no
doctiores,la,4,0.033,no
doctorum,la,4,0.033,no
domesticis,la,4,0.033,no
domina,la,4,0.033,no
dominam,la,4,0.033,no
dominio,la,4,0.033,no
donis,la,4,0.033,no
dono,la,4,0.033,no
dotes,la,4,0.033,no
dubia,la,4,0.033,no
dubito,la,4,0.033,no
ducenta,la,4,0.033,no
duci,la,4,0.033,no
dummodo,la,4,0.033,no
duxit,la,4,0.033,no
dynastae,la,4,0.033,no
eclesiae,la,4,0.033,no
edificationem,la,4,0.033,no
editis,la,4,0.033,no
effector,la,4,0.033,no
egregiam,la,4,0.033,no
egregium,la,4,0.033,no
eique,la,4,0.033,no
el,es,4,0.033,yes
electi,la,4,0.033,no
electum,la,4,0.033,no
eleemosinis,la,4,0.033,no
eligi,la,4,0.033,no
eminentes,la,4,0.033,no
emolumentum,la,4,0.033,no
eoq,la,4,0.033,no
eorumque,la,4,0.033,no
eousque,la,4,0.033,no
epistolae,la,4,0.033,no
epistolas,la,4,0.033,no
equitibus,la,4,0.033,no
equitum,la,4,0.033,no
equorum,la,4,0.033,no
erigere,la,4,0.033,no
errorum,la,4,0.033,no
ethnici,la,4,0.033,no
etyopes,la,4,0.033,no
eumque,la,4,0.033,no
eunuchis,la,4,0.033,no
eunucho,la,4,0.033,no
eunuchus,la,4,0.033,no
evangelicae,la,4,0.033,no
evaserunt,la,4,0.033,no
evenit,la,4,0.033,no
excedere,la,4,0.033,no
excepti,la,4,0.033,no
excipit,la,4,0.033,no
execranda,la,4,0.033,no
executioni,la,4,0.033,no
exercet,la,4,0.033,no
exhibito,la,4,0.033,no
exhibuit,la,4,0.033,no
exigui,la,4,0.033,no
exire,la,4,0.033,no
existendi,la,4,0.033,no
existimabat,la,4,0.033,no
existimavi,la,4,0.033,no
expectant,la,4,0.033,no
experti,la,4,0.033,no
explicationem,la,4,0.033,no
exploratores,la,4,0.033,no
extiterit,la,4,0.033,no
extremi,la,4,0.033,no
faciendam,la,4,0.033,no
facilè,la,4,0.033,no
facili,la,4,0.033,no
facinus,la,4,0.033,no
factiones,la,4,0.033,no
facultatum,la,4,0.033,no
falsa,la,4,0.033,no
falso,la,4,0.033,no
falsum,la,4,0.033,no
famulis,la,4,0.033,no
faxit,la,4,0.033,no
fecerat,la,4,0.033,no
fecisset,la,4,0.033,no
felici,la,4,0.033,no
felicis,la,4,0.033,no
ferdinandus,la,4,0.033,no
ferre,la,4,0.033,no
fertur,la,4,0.033,no
fervore,la,4,0.033,no
fili,la,4,0.033,no
filia,la,4,0.033,no
fines,la,4,0.033,no
fingo,la,4,0.033,no
firandi,la,4,0.033,no
fiunt,la,4,0.033,no
fixit,la,4,0.033,no
flammis,la,4,0.033,no
flexis,la,4,0.033,no
flumine,la,4,0.033,no
foeditate,la,4,0.033,no
fokiensi,la,4,0.033,no
fons,la,4,0.033,no
formidine,la,4,0.033,no
formositatem,la,4,0.033,no
fortissimo,la,4,0.033,no
fortitudinem,la,4,0.033,no
fortunam,la,4,0.033,no
fortunis,la,4,0.033,no
franciscanum,la,4,0.033,no
franciscanus,la,4,0.033,no
fugitivi,la,4,0.033,no
fuissem,la,4,0.033,no
fundatorem,la,4,0.033,no
funditus,la,4,0.033,no
furoris,la,4,0.033,no
gallus,la,4,0.033,no
garzia,la,4,0.033,no
gaudium,la,4,0.033,no
generalem,la,4,0.033,no
generales,es,4,0.033,no
gentili,la,4,0.033,no
gerunt,la,4,0.033,no
giannus,la,4,0.033,no
gibonoscio,la,4,0.033,no
gibunoscio,la,4,0.033,no
gloriosum,la,4,0.033,no
gomezius,la,4,0.033,no
gouam,la,4,0.033,no
gouvea,la,4,0.033,no
gradibus,la,4,0.033,no
gratum,la,4,0.033,no
gravissimis,la,4,0.033,no
gravitate,la,4,0.033,no
gregi,la,4,0.033,no
gubernatione,la,4,0.033,no
gubernatore,la,4,0.033,no
gubernatorem,la,4,0.033,no
gubernatori,la,4,0.033,no
habebatur,la,4,0.033,no
habitabat,la,4,0.033,no
habitandum,la,4,0.033,no
habitantes,la,4,0.033,no
habitatione,la,4,0.033,no
habitationes,la,4,0.033,no
habito,la,4,0.033,no
habitus,la,4,0.033,no
habuimus,la,4,0.033,no
habuisse,la,4,0.033,no
haereticis,la,4,0.033,no
haynanica,la,4,0.033,no
heliopolitano,la,4,0.033,no
homine,la,4,0.033,no
honor,la,4,0.033,no
horam,la,4,0.033,no
hosce,la,4,0.033,no
humanitatem,la,4,0.033,no
humanitatis,la,4,0.033,no
humanum,la,4,0.033,no
humiles,la,4,0.033,no
humillimus,la,4,0.033,no
iacobus,la,4,0.033,no
iaponensi,la,4,0.033,no
ideoque,la,4,0.033,no
idolis,la,4,0.033,no
idolum,la,4,0.033,no
ieiasi,la,4,0.033,no
illmae,la,4,0.033,no
immensa,la,4,0.033,no
immortali,la,4,0.033,no
impedire,la,4,0.033,no
imperare,la,4,0.033,no
imperat,la,4,0.033,no
imperavit,la,4,0.033,no
imperialem,la,4,0.033,no
impetrare,la,4,0.033,no
impressum,la,4,0.033,no
incidisset,la,4,0.033,no
incidit,la,4,0.033,no
incolae,la,4,0.033,no
incolumem,la,4,0.033,no
incolunt,la,4,0.033,no
incommodum,la,4,0.033,no
incredibile,la,4,0.033,no
incredibilia,la,4,0.033,no
incremento,la,4,0.033,no
indicavit,la,4,0.033,no
indicia,la,4,0.033,no
indie,la,4,0.033,no
indiget,la,4,0.033,no
indis,la,4,0.033,no
inferior,la,4,0.033,no
inferos,la,4,0.033,no
infideles,la,4,0.033,no
infirmarii,la,4,0.033,no
ingrederentur,la,4,0.033,no
ingrediendum,la,4,0.033,no
ingreditur,la,4,0.033,no
inhiabat,la,4,0.033,no
initia,la,4,0.033,no
initiatus,la,4,0.033,no
innumerabilium,la,4,0.033,no
inopia,la,4,0.033,no
inscribitur,la,4,0.033,no
insignem,la,4,0.033,no
instituimus,la,4,0.033,no
insularum,la,4,0.033,no
integra,la,4,0.033,no
integritas,la,4,0.033,no
intelligatis,la,4,0.033,no
intelligentia,la,4,0.033,no
intelligentiae,la,4,0.033,no
intentio,la,4,0.033,no
interclusum,la,4,0.033,no
interdictum,la,4,0.033,no
interfectus,la,4,0.033,no
interiori,la,4,0.033,no
inuenire,la,4,0.033,no
invaderent,la,4,0.033,no
invadunt,la,4,0.033,no
invasit,la,4,0.033,no
invenire,la,4,0.033,no
io,la,4,0.033,no
ioanne,la,4,0.033,no
iosephi,la,4,0.033,no
ipseque,la,4,0.033,no
ipsomet,la,4,0.033,no
iquon,la,4,0.033,no
irae,la,4,0.033,no
iri,la,4,0.033,no
istas,la,4,0.033,no
italia,la,4,0.033,no
itaq,la,4,0.033,no
iubebat,la,4,0.033,no
iudices,la,4,0.033,no
iudicia,la,4,0.033,no
iuenes,la,4,0.033,no
iurisdictionem,la,4,0.033,no
iussu,la,4,0.033,no
iusta,la,4,0.033,no
iustam,la,4,0.033,no
iustitiam,la,4,0.033,no
japon,la,4,0.033,no
japponicis,la,4,0.033,no
jussit,la,4,0.033,no
kalendas,la,4,0.033,no
kathay,la,4,0.033,no
kiai,trans,4,0.033,no
kuangtung,la,4,0.033,no
laborem,la,4,0.033,no
laodicia,la,4,0.033,no
laorum,la,4,0.033,no
lapide,la,4,0.033,no
lapidem,la,4,0.033,no
lapidibus,la,4,0.033,no
latinis,la,4,0.033,no
latinum,la,4,0.033,no
latroni,la,4,0.033,no
laudem,la,4,0.033,no
leaoyang,la,4,0.033,no
legum,la,4,0.033,no
leucarum,la,4,0.033,no
liberaliter,la,4,0.033,no
liberatione,la,4,0.033,no
liberis,la,4,0.033,no
libra,la,4,0.033,no
liceat,la,4,0.033,no
lictera,la,4,0.033,no
ligna,la,4,0.033,no
linguas,la,4,0.033,no
lite,la,4,0.033,no
litigium,la,4,0.033,no
littera,la,4,0.033,no
locandis,la,4,0.033,no
longo,la,4,0.033,no
loyola,la,4,0.033,no
lucro,la,4,0.033,no
lucrum,la,4,0.033,no
madriti,la,4,0.033,no
magistrum,la,4,0.033,no
magnaque,la,4,0.033,no
magnitudinem,la,4,0.033,no
maiestate,la,4,0.033,no
maiestati,la,4,0.033,no
malacam,la,4,0.033,no
malitiam,la,4,0.033,no
malum,la,4,0.033,no
mancipia,la,4,0.033,no
mandat,la,4,0.033,no
manere,la,4,0.033,no
maneret,la,4,0.033,no
manifesto,la,4,0.033,no
manila,la,4,0.033,no
manilȩ,la,4,0.033,no
mansilla,la,4,0.033,no
manuele,la,4,0.033,no
marcus,la,4,0.033,no
marinum,la,4,0.033,no
matribus,la,4,0.033,no
mayorica,la,4,0.033,no
meae,la,4,0.033,no
meas,la,4,0.033,no
mediam,la,4,0.033,no
medios,la,4,0.033,no
medium,la,4,0.033,no
mee,la,4,0.033,no
meliorem,la,4,0.033,no
memor,la,4,0.033,no
memoratus,la,4,0.033,no
mendacium,la,4,0.033,no
mente,la,4,0.033,no
mentibus,la,4,0.033,no
mentionem,la,4,0.033,no
metellus,la,4,0.033,no
michaelem,la,4,0.033,no
miles,la,4,0.033,no
millesimo,la,4,0.033,no
ministerium,la,4,0.033,no
minoanum,la,4,0.033,no
minoris,la,4,0.033,no
mira,la,4,0.033,no
mirifice,la,4,0.033,no
miro,la,4,0.033,no
misere,la,4,0.033,no
misericordiae,la,4,0.033,no
misi,la,4,0.033,no
missum,la,4,0.033,no
mittantur,la,4,0.033,no
mittatur,la,4,0.033,no
mittendum,la,4,0.033,no
mitterent,la,4,0.033,no
mitteret,la,4,0.033,no
mittitur,la,4,0.033,no
mittuntur,la,4,0.033,no
moderatur,la,4,0.033,no
modò,la,4,0.033,no
molestias,la,4,0.033,no
morali,la,4,0.033,no
mortalibus,la,4,0.033,no
mortuo,la,4,0.033,no
mulier,la,4,0.033,no
mutata,la,4,0.033,no
mutatione,la,4,0.033,no
mutavit,la,4,0.033,no
mutio,la,4,0.033,no
mutuam,la,4,0.033,no
nati,la,4,0.033,no
nationes,la,4,0.033,no
naturam,la,4,0.033,no
navigationis,la,4,0.033,no
necem,la,4,0.033,no
necessariis,la,4,0.033,no
neminem,la,4,0.033,no
nequeat,la,4,0.033,no
nestorianorum,la,4,0.033,no
nil,la,4,0.033,no
nimia,la,4,0.033,no
nobilissimum,la,4,0.033,no
nocivum,la,4,0.033,no
noctem,la,4,0.033,no
nonis,la,4,0.033,no
normam,la,4,0.033,no
novae,la,4,0.033,no
novas,la,4,0.033,no
novitii,la,4,0.033,no
novorum,la,4,0.033,no
nutu,la,4,0.033,no
obiectum,la,4,0.033,no
obscura,la,4,0.033,no
observantiam,la,4,0.033,no
obsidionem,la,4,0.033,no
obsidionis,la,4,0.033,no
obtemperare,la,4,0.033,no
obtenta,la,4,0.033,no
obviam,la,4,0.033,no
occasu,la,4,0.033,no
occasum,la,4,0.033,no
occide,la,4,0.033,no
occidit,la,4,0.033,no
occisi,la,4,0.033,no
occisus,la,4,0.033,no
occupant,la,4,0.033,no
occupasset,la,4,0.033,no
occurrit,la,4,0.033,no
occurrunt,la,4,0.033,no
offerens,la,4,0.033,no
offert,la,4,0.033,no
officiis,la,4,0.033,no
oleum,la,4,0.033,no
omnipotentis,la,4,0.033,no
omnique,la,4,0.033,no
omurae,la,4,0.033,no
omuram,la,4,0.033,no
omurandonus,la,4,0.033,no
onere,la,4,0.033,no
onerosa,la,4,0.033,no
operae,la,4,0.033,no
operariorum,la,4,0.033,no
opinionem,la,4,0.033,no
opportunitatem,la,4,0.033,no
optabat,la,4,0.033,no
optimi,la,4,0.033,no
optimos,la,4,0.033,no
optimus,la,4,0.033,no
oraculo,la,4,0.033,no
orationem,la,4,0.033,no
orationi,la,4,0.033,no
orbe,la,4,0.033,no
orbi,la,4,0.033,no
oria,la,4,0.033,no
ornatu,la,4,0.033,no
ostenderet,la,4,0.033,no
otium,la,4,0.033,no
oves,la,4,0.033,no
pacecus,la,4,0.033,no
padre,la,4,0.033,no
pagis,la,4,0.033,no
pagum,la,4,0.033,no
palatinae,la,4,0.033,no
palmos,la,4,0.033,no
para,es,4,0.033,yes
parati,la,4,0.033,no
paratum,la,4,0.033,no
parem,la,4,0.033,no
parere,la,4,0.033,no
pares,la,4,0.033,no
parùm,la,4,0.033,no
parvi,la,4,0.033,no
passionis,la,4,0.033,no
paterna,la,4,0.033,no
patiuntur,la,4,0.033,no
patrie,la,4,0.033,no
pauperes,la,4,0.033,no
paupertate,la,4,0.033,no
peculiarem,la,4,0.033,no
pecunias,la,4,0.033,no
pellis,la,4,0.033,no
pendet,la,4,0.033,no
pensionem,la,4,0.033,no
pequini,la,4,0.033,no
perdidit,la,4,0.033,no
pereira,la,4,0.033,no
perez,la,4,0.033,no
perfecte,la,4,0.033,no
perfusi,la,4,0.033,no
permisit,la,4,0.033,no
permissa,la,4,0.033,no
permittere,la,4,0.033,no
permittit,la,4,0.033,no
perpetuam,la,4,0.033,no
persis,la,4,0.033,no
personae,la,4,0.033,no
pertinet,la,4,0.033,no
pervenerit,la,4,0.033,no
pervenisse,la,4,0.033,no
petitum,la,4,0.033,no
petrum,la,4,0.033,no
petunt,la,4,0.033,no
philippus,la,4,0.033,no
pien,trans,4,0.033,no
pietas,la,4,0.033,no
plene,la,4,0.033,no
pleni,la,4,0.033,no
plurimorum,la,4,0.033,no
pompa,la,4,0.033,no
populis,la,4,0.033,no
populorum,la,4,0.033,no
portam,la,4,0.033,no
positae,la,4,0.033,no
possis,la,4,0.033,no
postulans,la,4,0.033,no
postulare,la,4,0.033,no
postulatis,la,4,0.033,no
posuit,la,4,0.033,no
poteramus,la,4,0.033,no
potitus,la,4,0.033,no
potuerint,la,4,0.033,no
potuimus,la,4,0.033,no
praecipit,la,4,0.033,no
praecipuam,la,4,0.033,no
praecipuo,la,4,0.033,no
praedicationem,la,4,0.033,no
praelatum,la,4,0.033,no
praemio,la,4,0.033,no
praepositi,la,4,0.033,no
praestant,la,4,0.033,no
praeteritis,la,4,0.033,no
prȩcepta,la,4,0.033,no
precipue,la,4,0.033,no
predicare,la,4,0.033,no
predicti,la,4,0.033,no
prelato,la,4,0.033,no
pretio,la,4,0.033,no
pridem,la,4,0.033,no
primarii,la,4,0.033,no
privilegia,la,4,0.033,no
privilegium,la,4,0.033,no
probat,la,4,0.033,no
processiones,la,4,0.033,no
promittunt,la,4,0.033,no
promptu,la,4,0.033,no
promptus,la,4,0.033,no
prono,la,4,0.033,no
propugnaculis,la,4,0.033,no
prosequi,la,4,0.033,no
protestatione,la,4,0.033,no
protinus,la,4,0.033,no
prouidentia,la,4,0.033,no
prouinciam,la,4,0.033,no
providentiae,la,4,0.033,no
providere,la,4,0.033,no
provideret,la,4,0.033,no
provincijs,la,4,0.033,no
publicam,la,4,0.033,no
publicavit,la,4,0.033,no
puerorum,la,4,0.033,no
pugnantibus,la,4,0.033,no
puluere,la,4,0.033,no
quamdiu,la,4,0.033,no
quangcheu,la,4,0.033,no
quantam,la,4,0.033,no
quarta,la,4,0.033,no
quarto,la,4,0.033,no
quedam,la,4,0.033,no
quemquam,la,4,0.033,no
quendam,la,4,0.033,no
querelis,la,4,0.033,no
quicumque,la,4,0.033,no
quiete,la,4,0.033,no
quingenti,la,4,0.033,no
quingentis,la,4,0.033,no
quique,la,4,0.033,no
quivis,la,4,0.033,no
quocumque,la,4,0.033,no
quotanis,la,4,0.033,no
rati,la,4,0.033,no
rebellione,la,4,0.033,no
recedere,la,4,0.033,no
receperunt,la,4,0.033,no
reciperet,la,4,0.033,no
recipiantur,la,4,0.033,no
recordari,la,4,0.033,no
rectę,la,4,0.033,no
rectius,la,4,0.033,no
rectori,la,4,0.033,no
redemptor,es,4,0.033,no
reducere,la,4,0.033,no
refert,la,4,0.033,no
regiis,la,4,0.033,no
reginae,la,4,0.033,no
regitur,la,4,0.033,no
regius,la,4,0.033,no
relatio,la,4,0.033,no
relatum,la,4,0.033,no
religio,la,4,0.033,no
religiosus,la,4,0.033,no
reliquorum,la,4,0.033,no
remota,la,4,0.033,no
remotis,la,4,0.033,no
remotissimis,la,4,0.033,no
repetivere,la,4,0.033,no
residet,la,4,0.033,no
respondendum,la,4,0.033,no
respondetur,la,4,0.033,no
restituere,la,4,0.033,no
resurrectionis,la,4,0.033,no
retro,la,4,0.033,no
reverentiae,la,4,0.033,no
revertit,la,4,0.033,no
rigore,la,4,0.033,no
robur,la,4,0.033,no
rogerio,la,4,0.033,no
rogo,la,4,0.033,no
romano,la,4,0.033,no
rubino,la,4,0.033,no
rusticis,la,4,0.033,no
sacerdotis,la,4,0.033,no
sacerdotum,la,4,0.033,no
sacrificio,la,4,0.033,no
saepenumero,la,4,0.033,no
salus,la,4,0.033,no
salvatoris,la,4,0.033,no
sanctitatem,la,4,0.033,no
sanguinis,la,4,0.033,no
sapientiam,la,4,0.033,no
saraceni,la,4,0.033,no
saracenorum,la,4,0.033,no
saracenos,la,4,0.033,no
satisfactione,la,4,0.033,no
satisfactum,la,4,0.033,no
scelere,la,4,0.033,no
scientia,la,4,0.033,no
scientiam,la,4,0.033,no
scribam,la,4,0.033,no
scripta,la,4,0.033,no
scriptam,la,4,0.033,no
secura,la,4,0.033,no
secure,la,4,0.033,no
securior,la,4,0.033,no
semen,la,4,0.033,no
senex,la,4,0.033,no
sensus,la,4,0.033,no
separati,la,4,0.033,no
separatur,la,4,0.033,no
seque,la,4,0.033,no
sequentibus,la,4,0.033,no
seraphici,la,4,0.033,no
sermones,la,4,0.033,no
sermonibus,la,4,0.033,no
seruator,la,4,0.033,no
servare,la,4,0.033,no
servi,la,4,0.033,no
servis,la,4,0.033,no
servitium,la,4,0.033,no
sextum,la,4,0.033,no
sigillatim,la,4,0.033,no
significationem,la,4,0.033,no
significavit,la,4,0.033,no
signum,la,4,0.033,no
simile,la,4,0.033,no
similis,la,4,0.033,no
sin,es,4,0.033,no
sinicos,la,4,0.033,no
solatio,la,4,0.033,no
solitis,la,4,0.033,no
solium,la,4,0.033,no
soluta,la,4,0.033,no
solverentur,la,4,0.033,no
solvitur,la,4,0.033,no
sparsi,la,4,0.033,no
sperare,la,4,0.033,no
spiritualium,la,4,0.033,no
splendida,la,4,0.033,no
splendorem,la,4,0.033,no
spoliati,la,4,0.033,no
stabilia,la,4,0.033,no
statuerat,la,4,0.033,no
strage,la,4,0.033,no
studiorum,la,4,0.033,no
subiectis,la,4,0.033,no
sublata,la,4,0.033,no
subscribere,la,4,0.033,no
subvenire,la,4,0.033,no
sufficientes,la,4,0.033,no
summae,la,4,0.033,no
suosque,la,4,0.033,no
superare,la,4,0.033,no
superata,la,4,0.033,no
superius,la,4,0.033,no
suppeditat,la,4,0.033,no
supradicto,la,4,0.033,no
suscepit,la,4,0.033,no
suscipiunt,la,4,0.033,no
suspendit,la,4,0.033,no
suspensi,la,4,0.033,no
suspensione,la,4,0.033,no
sustentandam,la,4,0.033,no
ta,la,4,0.033,no
tactus,la,4,0.033,no
taici,la,4,0.033,no
tantopere,la,4,0.033,no
tanyu,la,4,0.033,no
tela,la,4,0.033,no
tem,la,4,0.033,no
temere,la,4,0.033,no
templis,la,4,0.033,no
templo,la,4,0.033,no
temporalia,la,4,0.033,no
temporum,la,4,0.033,no
tenebat,la,4,0.033,no
tenet,la,4,0.033,no
tentavit,la,4,0.033,no
tenzae,la,4,0.033,no
terre,la,4,0.033,no
thartaros,la,4,0.033,no
thienkius,la,4,0.033,no
ti,trans,4,0.033,no
timendum,la,4,0.033,no
tollere,la,4,0.033,no
toscirondonus,la,4,0.033,no
totiusque,la,4,0.033,no
tractat,la,4,0.033,no
tractus,la,4,0.033,no
tradiderunt,la,4,0.033,no
tranquillitate,la,4,0.033,no
transeunt,la,4,0.033,no
transitu,la,4,0.033,no
transitum,la,4,0.033,no
transmitterent,la,4,0.033,no
tredecim,la,4,0.033,no
tribuere,la,4,0.033,no
tribunal,la,4,0.033,no
tributa,la,4,0.033,no
tueri,la,4,0.033,no
tumulis,la,4,0.033,no
tumultus,la,4,0.033,no
tunkim,la,4,0.033,no
turbavit,la,4,0.033,no
turpiter,la,4,0.033,no
tyrus,la,4,0.033,no
uberrimos,la,4,0.033,no
ullus,la,4,0.033,no
ultimam,la,4,0.033,no
ulysipponensis,la,4,0.033,no
uni,la,4,0.033,no
universum,la,4,0.033,no
urgente,la,4,0.033,no
usu,la,4,0.033,no
usus,la,4,0.033,no
utani,la,4,0.033,no
uterque,la,4,0.033,no
utilis,la,4,0.033,no
utique,la,4,0.033,no
utitur,la,4,0.033,no
utpote,la,4,0.033,no
utrinque,la,4,0.033,no
v.d,la,4,0.033,no
valeant,la,4,0.033,no
valetudine,la,4,0.033,no
van,la,4,0.033,no
vane,la,4,0.033,no
vbique,la,4,0.033,no
velim,la,4,0.033,no
venerit,la,4,0.033,no
venetus,la,4,0.033,no
veni,la,4,0.033,no
veniamus,la,4,0.033,no
veniat,la,4,0.033,no
venirent,la,4,0.033,no
versatur,la,4,0.033,no
veste,la,4,0.033,no
vestibus,la,4,0.033,no
vestigia,la,4,0.033,no
vestrarum,la,4,0.033,no
vetitum,la,4,0.033,no
vexillo,la,4,0.033,no
vicaria,la,4,0.033,no
vicariatus,la,4,0.033,no
vicariis,la,4,0.033,no
victoriis,la,4,0.033,no
victus,la,4,0.033,no
videamus,la,4,0.033,no
videbuntur,la,4,0.033,no
viderant,la,4,0.033,no
videret,la,4,0.033,no
videt,la,4,0.033,no
vigorem,la,4,0.033,no
vineam,la,4,0.033,no
virium,la,4,0.033,no
viro,la,4,0.033,no
vitę,la,4,0.033,no
vitia,la,4,0.033,no
vitio,la,4,0.033,no
viuerent,la,4,0.033,no
vivere,la,4,0.033,no
vivit,la,4,0.033,no
vlla,la,4,0.033,no
vndequaque,la,4,0.033,no
vni,la,4,0.033,no
vniuersorum,la,4,0.033,no
vocare,la,4,0.033,no
vocavit,la,4,0.033,no
volens,la,4,0.033,no
vulgo,la,4,0.033,no
vultum,la,4,0.033,no
vxorem,la,4,0.033,no
vxoribus,la,4,0.033,no
xerafinos,la,4,0.033,no
xi,la,4,0.033,no
xx,la,4,0.033,no
ybañes,la,4,0.033,no
yndia,la,4,0.033,no
zayton,la,4,0.033,no
zungchinii,la,4,0.033,no
一,la,4,0.033,no
4a,la,3,0.025,no
aberant,la,3,0.025,no
abest,la,3,0.025,no
abhorrere,la,3,0.025,no
abscondite,la,3,0.025,no
absit,la,3,0.025,no
absoluta,la,3,0.025,no
absolutionem,la,3,0.025,no
abstulit,la,3,0.025,no
abundè,la,3,0.025,no
accedere,la,3,0.025,no
acceperunt,la,3,0.025,no
accepto,la,3,0.025,no
accesserunt,la,3,0.025,no
acerbissimos,la,3,0.025,no
acosta,la,3,0.025,no
actio,la,3,0.025,no
actu,la,3,0.025,no
addiscere,la,3,0.025,no
addiscunt,la,3,0.025,no
addo,la,3,0.025,no
adducerent,la,3,0.025,no
adducti,la,3,0.025,no
adductum,la,3,0.025,no
aderant,la,3,0.025,no
aderat,la,3,0.025,no
aderit,la,3,0.025,no
adhibitis,la,3,0.025,no
adhibito,la,3,0.025,no
adiecta,la,3,0.025,no
adire,la,3,0.025,no
adiuncti,la,3,0.025,no
adiuvante,la,3,0.025,no
administrandi,la,3,0.025,no
administrator,la,3,0.025,no
administratorem,la,3,0.025,no
admirabilem,la,3,0.025,no
admirabilis,la,3,0.025,no
admirationem,la,3,0.025,no
admissus,la,3,0.025,no
admoniti,la,3,0.025,no
adolescenti,la,3,0.025,no
adoret,la,3,0.025,no
advenerant,la,3,0.025,no
advenientibus,la,3,0.025,no
adverso,la,3,0.025,no
aedificium,la,3,0.025,no
aemulatione,la,3,0.025,no
aequatae,la,3,0.025,no
aequitatem,la,3,0.025,no
aequo,la,3,0.025,no
aerumnis,la,3,0.025,no
aes,la,3,0.025,no
aeternitatem,la,3,0.025,no
affecit,la,3,0.025,no
affecta,la,3,0.025,no
affici,la,3,0.025,no
afflictiones,la,3,0.025,no
afflictis,la,3,0.025,no
africae,la,3,0.025,no
agat,la,3,0.025,no
agebat,la,3,0.025,no
agerent,la,3,0.025,no
ageret,la,3,0.025,no
agite,la,3,0.025,no
agnitus,la,3,0.025,no
agnoscerent,la,3,0.025,no
agresti,la,3,0.025,no
aiebat,la,3,0.025,no
al,la,3,0.025,no
alendos,la,3,0.025,no
alexander,la,3,0.025,no
alexandriae,la,3,0.025,no
alfonso,la,3,0.025,no
alicui,la,3,0.025,no
aliiq,la,3,0.025,no
aliique,la,3,0.025,no
aliquae,la,3,0.025,no
aliquoties,la,3,0.025,no
almeida,la,3,0.025,no
alta,la,3,0.025,no
altissimi,la,3,0.025,no
altitudinem,la,3,0.025,no
altius,la,3,0.025,no
alunt,la,3,0.025,no
amacusae,la,3,0.025,no
amacusana,la,3,0.025,no
amacusanae,la,3,0.025,no
amandatus,la,3,0.025,no
amavangi,la,3,0.025,no
ambobus,la,3,0.025,no
amico,la,3,0.025,no
amor,la,3,0.025,no
ampliorem,la,3,0.025,no
amplissima,la,3,0.025,no
angustiis,la,3,0.025,no
animadvertit,la,3,0.025,no
animalia,la,3,0.025,no
annexis,la,3,0.025,no
annona,la,3,0.025,no
annua,la,3,0.025,no
annuae,la,3,0.025,no
annuas,la,3,0.025,no
antiquum,la,3,0.025,no
antoninus,la,3,0.025,no
apertam,la,3,0.025,no
apostolus,la,3,0.025,no
apparet,la,3,0.025,no
apparuit,la,3,0.025,no
appetit,la,3,0.025,no
appetunt,la,3,0.025,no
applausu,la,3,0.025,no
appulsi,la,3,0.025,no
apti,la,3,0.025,no
aquarum,la,3,0.025,no
aquas,la,3,0.025,no
aquavivam,la,3,0.025,no
arbitrio,la,3,0.025,no
archiepiscopus,la,3,0.025,no
arcu,la,3,0.025,no
arcus,la,3,0.025,no
argumentis,la,3,0.025,no
argumento,la,3,0.025,no
arimam,la,3,0.025,no
arimense,la,3,0.025,no
arimensis,la,3,0.025,no
arimondonus,la,3,0.025,no
armatus,la,3,0.025,no
artificio,la,3,0.025,no
artium,la,3,0.025,no
ascendens,la,3,0.025,no
ascendere,la,3,0.025,no
asciscere,la,3,0.025,no
aspera,la,3,0.025,no
assequantur,la,3,0.025,no
assidua,la,3,0.025,no
assidue,la,3,0.025,no
assignata,la,3,0.025,no
asylum,la,3,0.025,no
atri,la,3,0.025,no
atrocia,la,3,0.025,no
attulerunt,la,3,0.025,no
au,la,3,0.025,no
aucti,la,3,0.025,no
aucto,la,3,0.025,no
auctum,la,3,0.025,no
auctus,la,3,0.025,no
audacter,la,3,0.025,no
audeant,la,3,0.025,no
audiendas,la,3,0.025,no
audiendis,la,3,0.025,no
audientes,la,3,0.025,no
audierat,la,3,0.025,no
audiunt,la,3,0.025,no
augerentur,la,3,0.025,no
august,la,3,0.025,no
aulico,la,3,0.025,no
autor,la,3,0.025,no
baptisma,la,3,0.025,no
baptistam,la,3,0.025,no
baptizari,la,3,0.025,no
barbaros,la,3,0.025,no
bartholomeus,la,3,0.025,no
basilitano,la,3,0.025,no
bavariae,la,3,0.025,no
beata,la,3,0.025,no
beatam,la,3,0.025,no
beatitudinem,la,3,0.025,no
beatitudinis,la,3,0.025,no
belga,la,3,0.025,no
bellicis,la,3,0.025,no
beneplacitum,la,3,0.025,no
bera,la,3,0.025,no
blasio,la,3,0.025,no
bonellus,la,3,0.025,no
bonique,la,3,0.025,no
borges,la,3,0.025,no
brando,la,3,0.025,no
bungensi,la,3,0.025,no
bungensis,la,3,0.025,no
bus,la,3,0.025,no
cabral,la,3,0.025,no
cadaver,la,3,0.025,no
caedes,la,3,0.025,no
caedibus,la,3,0.025,no
caeleste,la,3,0.025,no
caesa,la,3,0.025,no
caesi,la,3,0.025,no
caetero,la,3,0.025,no
calumniam,la,3,0.025,no
cambogensis,la,3,0.025,no
camboja,la,3,0.025,no
camerae,la,3,0.025,no
camios,la,3,0.025,no
camorini,la,3,0.025,no
camos,la,3,0.025,no
campanas,la,3,0.025,no
caneveri,la,3,0.025,no
canis,la,3,0.025,no
canonem,la,3,0.025,no
cantonensi,la,3,0.025,no
capiat,la,3,0.025,no
capitaneo,la,3,0.025,no
capitis,la,3,0.025,no
captivis,la,3,0.025,no
cardinalium,la,3,0.025,no
careat,la,3,0.025,no
caritate,la,3,0.025,no
caro,la,3,0.025,no
casum,la,3,0.025,no
catalogis,la,3,0.025,no
catechismi,la,3,0.025,no
catechismum,la,3,0.025,no
censerentur,la,3,0.025,no
censura,la,3,0.025,no
census,la,3,0.025,no
cernimus,la,3,0.025,no
certamen,la,3,0.025,no
certius,la,3,0.025,no
certus,la,3,0.025,no
ceteras,la,3,0.025,no
ceteri,la,3,0.025,no
ceteros,la,3,0.025,no
ceu,la,3,0.025,no
chami,la,3,0.025,no
characteribus,la,3,0.025,no
charissime,la,3,0.025,no
chinam,la,3,0.025,no
chiquam,la,3,0.025,no
chorum,la,3,0.025,no
christianitates,la,3,0.025,no
christianorumque,la,3,0.025,no
cicugense,la,3,0.025,no
cinerum,la,3,0.025,no
circensium,la,3,0.025,no
ciuitatibus,la,3,0.025,no
ciunangodonus,la,3,0.025,no
civium,la,3,0.025,no
clades,la,3,0.025,no
clamant,la,3,0.025,no
clare,la,3,0.025,no
classis,la,3,0.025,no
claudium,la,3,0.025,no
clerici,la,3,0.025,no
cochino,la,3,0.025,no
cochinum,la,3,0.025,no
coelesti,la,3,0.025,no
coelho,la,3,0.025,no
coellius,la,3,0.025,no
coempta,la,3,0.025,no
cogente,la,3,0.025,no
cogeret,la,3,0.025,no
cogitaret,la,3,0.025,no
cogitari,la,3,0.025,no
cogitavi,la,3,0.025,no
cognatos,la,3,0.025,no
cognitio,la,3,0.025,no
cognitionem,la,3,0.025,no
cognoscendi,la,3,0.025,no
cognoscerent,la,3,0.025,no
cognosci,la,3,0.025,no
colendus,la,3,0.025,no
coli,la,3,0.025,no
collegiis,la,3,0.025,no
collegit,la,3,0.025,no
colligere,la,3,0.025,no
colligit,la,3,0.025,no
combusta,la,3,0.025,no
comissario,la,3,0.025,no
commercio,la,3,0.025,no
commilitones,la,3,0.025,no
commiseratione,la,3,0.025,no
commissarii,la,3,0.025,no
commissarium,la,3,0.025,no
commissi,la,3,0.025,no
commissione,la,3,0.025,no
commissum,la,3,0.025,no
commodiorem,la,3,0.025,no
commoratus,la,3,0.025,no
communibus,la,3,0.025,no
communicata,la,3,0.025,no
communiter,la,3,0.025,no
compendio,la,3,0.025,no
conatu,la,3,0.025,no
conatum,la,3,0.025,no
concedatur,la,3,0.025,no
concederet,la,3,0.025,no
conceditur,la,3,0.025,no
concessere,la,3,0.025,no
concessio,la,3,0.025,no
concessionem,la,3,0.025,no
concessis,la,3,0.025,no
concilio,la,3,0.025,no
concilium,la,3,0.025,no
concursu,la,3,0.025,no
condidit,la,3,0.025,no
conditionem,la,3,0.025,no
conditiones,la,3,0.025,no
conducere,la,3,0.025,no
conferret,la,3,0.025,no
conferunt,la,3,0.025,no
confirmant,la,3,0.025,no
confirmatio,la,3,0.025,no
congregati,la,3,0.025,no
congregavit,la,3,0.025,no
coniicere,la,3,0.025,no
coniuge,la,3,0.025,no
coniuges,la,3,0.025,no
coniunctionem,la,3,0.025,no
consanguinei,la,3,0.025,no
conscientiam,la,3,0.025,no
conscientias,la,3,0.025,no
consentanea,la,3,0.025,no
conservare,la,3,0.025,no
conservationem,la,3,0.025,no
considerantes,la,3,0.025,no
consideratione,la,3,0.025,no
consiliis,la,3,0.025,no
consolari,la,3,0.025,no
consolatio,la,3,0.025,no
consonum,la,3,0.025,no
conspectum,la,3,0.025,no
constabit,la,3,0.025,no
constanti,la,3,0.025,no
constantia,la,3,0.025,no
constitui,la,3,0.025,no
constituimus,la,3,0.025,no
constituitur,la,3,0.025,no
constringi,la,3,0.025,no
constructum,la,3,0.025,no
consuetudine,la,3,0.025,no
consulat,la,3,0.025,no
contemptum,la,3,0.025,no
contendebant,la,3,0.025,no
contentam,la,3,0.025,no
contentis,la,3,0.025,no
contigit,la,3,0.025,no
continebat,la,3,0.025,no
continens,la,3,0.025,no
continere,la,3,0.025,no
continerent,la,3,0.025,no
conuicti,la,3,0.025,no
convenerunt,la,3,0.025,no
conveniat,la,3,0.025,no
convenientem,la,3,0.025,no
convenienter,la,3,0.025,no
convenit,la,3,0.025,no
conversa,la,3,0.025,no
conversiones,la,3,0.025,no
conversos,la,3,0.025,no
converterat,la,3,0.025,no
convivia,la,3,0.025,no
convivio,la,3,0.025,no
copiosa,la,3,0.025,no
cordi,la,3,0.025,no
coronam,la,3,0.025,no
corporalibus,la,3,0.025,no
corruit,la,3,0.025,no
cosmas,la,3,0.025,no
cosmo,la,3,0.025,no
cosmum,la,3,0.025,no
cothay,la,3,0.025,no
cotidie,la,3,0.025,no
creator,la,3,0.025,no
credentium,la,3,0.025,no
credere,la,3,0.025,no
crederent,la,3,0.025,no
credi,la,3,0.025,no
crescat,la,3,0.025,no
crescit,la,3,0.025,no
creverunt,la,3,0.025,no
criminum,la,3,0.025,no
cuicumque,la,3,0.025,no
cuiuscumque,la,3,0.025,no
curulium,la,3,0.025,no
d’abreu,la,3,0.025,no
d’amaya,la,3,0.025,no
dabo,la,3,0.025,no
daemonum,la,3,0.025,no
daifum,la,3,0.025,no
damnati,la,3,0.025,no
dato,la,3,0.025,no
debeatur,la,3,0.025,no
debentur,la,3,0.025,no
deberemus,la,3,0.025,no
deberet,la,3,0.025,no
debiles,la,3,0.025,no
debilis,la,3,0.025,no
debitas,la,3,0.025,no
debitis,la,3,0.025,no
debuit,la,3,0.025,no
decimo,la,3,0.025,no
decimum,la,3,0.025,no
declarationem,la,3,0.025,no
decrevisse,la,3,0.025,no
decus,la,3,0.025,no
dedisset,la,3,0.025,no
deductis,la,3,0.025,no
deductus,la,3,0.025,no
deerat,la,3,0.025,no
deest,la,3,0.025,no
defecisse,la,3,0.025,no
defecit,la,3,0.025,no
defectum,la,3,0.025,no
defectus,la,3,0.025,no
defendebat,la,3,0.025,no
defuncti,la,3,0.025,no
defuncto,la,3,0.025,no
dein,la,3,0.025,no
delatus,la,3,0.025,no
delectus,la,3,0.025,no
deletae,la,3,0.025,no
deleti,la,3,0.025,no
delevit,la,3,0.025,no
deliciis,la,3,0.025,no
della,la,3,0.025,no
demonstravit,la,3,0.025,no
demus,la,3,0.025,no
deperdita,la,3,0.025,no
deperditum,la,3,0.025,no
depositis,la,3,0.025,no
deposito,la,3,0.025,no
describere,la,3,0.025,no
deseruit,la,3,0.025,no
desiderari,la,3,0.025,no
desiderati,la,3,0.025,no
desideratis,la,3,0.025,no
desidero,la,3,0.025,no
destinare,la,3,0.025,no
destinatus,la,3,0.025,no
destinavit,la,3,0.025,no
destitutae,la,3,0.025,no
destructa,la,3,0.025,no
detrimento,la,3,0.025,no
devenire,la,3,0.025,no
devotione,la,3,0.025,no
diaz,la,3,0.025,no
dicant,la,3,0.025,no
dicendi,la,3,0.025,no
dicerent,la,3,0.025,no
didacum,la,3,0.025,no
difficillime,la,3,0.025,no
difficultatem,la,3,0.025,no
difficultates,la,3,0.025,no
dignatus,la,3,0.025,no
dignetur,la,3,0.025,no
dignus,la,3,0.025,no
digressus,la,3,0.025,no
dilatata,la,3,0.025,no
dimidiam,la,3,0.025,no
dimidium,la,3,0.025,no
diminutus,la,3,0.025,no
diploma,la,3,0.025,no
dirutae,la,3,0.025,no
discesit,la,3,0.025,no
discessit,la,3,0.025,no
discrimine,la,3,0.025,no
dispersas,la,3,0.025,no
dispositio,la,3,0.025,no
dispositione,la,3,0.025,no
dispositionem,la,3,0.025,no
disposuit,la,3,0.025,no
dissimularet,la,3,0.025,no
distans,la,3,0.025,no
distinctum,la,3,0.025,no
ditioni,la,3,0.025,no
ditionis,la,3,0.025,no
diù,la,3,0.025,no
diuersis,la,3,0.025,no
diuinitatem,la,3,0.025,no
diversarum,la,3,0.025,no
diversas,la,3,0.025,no
divinitus,la,3,0.025,no
divitem,la,3,0.025,no
divites,la,3,0.025,no
divitiae,la,3,0.025,no
divitiarum,la,3,0.025,no
docendi,la,3,0.025,no
docerent,la,3,0.025,no
doctos,la,3,0.025,no
dogmatum,la,3,0.025,no
doloris,la,3,0.025,no
domiciliorum,la,3,0.025,no
dominae,la,3,0.025,no
dominationes,la,3,0.025,no
domine,la,3,0.025,no
dominia,la,3,0.025,no
dominicam,la,3,0.025,no
dominicum,la,3,0.025,no
dominii,la,3,0.025,no
donatus,la,3,0.025,no
donus,la,3,0.025,no
dotibus,la,3,0.025,no
dubitatio,la,3,0.025,no
ducat,la,3,0.025,no
ducens,la,3,0.025,no
ducentarum,la,3,0.025,no
ducentos,la,3,0.025,no
ductus,la,3,0.025,no
dynasta,la,3,0.025,no
ebdomadas,la,3,0.025,no
econtra,la,3,0.025,no
edere,la,3,0.025,no
edictis,la,3,0.025,no
edictum,la,3,0.025,no
efficax,la,3,0.025,no
effici,la,3,0.025,no
eft,la,3,0.025,no
egidius,la,3,0.025,no
egregia,la,3,0.025,no
egressi,la,3,0.025,no
eiecti,la,3,0.025,no
eiq,la,3,0.025,no
eisque,la,3,0.025,no
eiusmodi,la,3,0.025,no
ejusque,la,3,0.025,no
elapsis,la,3,0.025,no
electione,la,3,0.025,no
eleemosyna,la,3,0.025,no
elegit,la,3,0.025,no
eligendum,la,3,0.025,no
eluxit,la,3,0.025,no
eminentias,la,3,0.025,no
eminet,la,3,0.025,no
emittens,la,3,0.025,no
emptis,la,3,0.025,no
enimvero,la,3,0.025,no
enixe,la,3,0.025,no
eorundem,la,3,0.025,no
epicheiae,la,3,0.025,no
episcopos,la,3,0.025,no
equi,la,3,0.025,no
erectae,la,3,0.025,no
erecto,la,3,0.025,no
erectum,la,3,0.025,no
erepta,la,3,0.025,no
errorem,la,3,0.025,no
erupit,la,3,0.025,no
èt,la,3,0.025,no
ethnicis,la,3,0.025,no
ethnicos,la,3,0.025,no
eunuchos,la,3,0.025,no
europaei,la,3,0.025,no
evangelici,la,3,0.025,no
evangelio,la,3,0.025,no
evidenter,la,3,0.025,no
exactis,la,3,0.025,no
exaedificatum,la,3,0.025,no
excederet,la,3,0.025,no
excellentes,la,3,0.025,no
exceptus,la,3,0.025,no
excitare,la,3,0.025,no
excitari,la,3,0.025,no
excitatae,la,3,0.025,no
excitatis,la,3,0.025,no
excitavit,la,3,0.025,no
excitentur,la,3,0.025,no
excolit,la,3,0.025,no
excusavit,la,3,0.025,no
exercitui,la,3,0.025,no
exercituum,la,3,0.025,no
exhibita,la,3,0.025,no
exigit,la,3,0.025,no
exigua,la,3,0.025,no
exilium,la,3,0.025,no
eximiam,la,3,0.025,no
exit,la,3,0.025,no
exitu,la,3,0.025,no
expectans,la,3,0.025,no
expectare,la,3,0.025,no
expedita,la,3,0.025,no
expeditionem,la,3,0.025,no
expertus,la,3,0.025,no
explicantur,la,3,0.025,no
explicari,la,3,0.025,no
exponi,la,3,0.025,no
exposuit,la,3,0.025,no
expulit,la,3,0.025,no
expulsis,la,3,0.025,no
extendere,la,3,0.025,no
exterorum,la,3,0.025,no
extinxit,la,3,0.025,no
extructa,la,3,0.025,no
extruere,la,3,0.025,no
faciamus,la,3,0.025,no
faciei,la,3,0.025,no
faciem,la,3,0.025,no
facilis,la,3,0.025,no
facilitate,la,3,0.025,no
facillime,la,3,0.025,no
factas,la,3,0.025,no
factio,la,3,0.025,no
factos,la,3,0.025,no
facturi,la,3,0.025,no
facultas,la,3,0.025,no
falsam,la,3,0.025,no
familiariter,la,3,0.025,no
famulus,la,3,0.025,no
fautores,la,3,0.025,no
favet,la,3,0.025,no
fecimus,la,3,0.025,no
fecisse,la,3,0.025,no
felix,la,3,0.025,no
ferens,la,3,0.025,no
ferme,la,3,0.025,no
ferrent,la,3,0.025,no
ferret,la,3,0.025,no
ferri,la,3,0.025,no
ferro,la,3,0.025,no
ferroque,la,3,0.025,no
festum,la,3,0.025,no
fidelem,la,3,0.025,no
fideles,la,3,0.025,no
fidis,la,3,0.025,no
fierent,la,3,0.025,no
fiet,la,3,0.025,no
figere,la,3,0.025,no
figerent,la,3,0.025,no
fingi,la,3,0.025,no
finxit,la,3,0.025,no
firandum,la,3,0.025,no
fixerant,la,3,0.025,no
flagellis,la,3,0.025,no
flagitium,la,3,0.025,no
fluctibus,la,3,0.025,no
fluuius,la,3,0.025,no
foederatos,la,3,0.025,no
fontem,la,3,0.025,no
formae,la,3,0.025,no
formati,la,3,0.025,no
formosa,la,3,0.025,no
formula,la,3,0.025,no
fortissime,la,3,0.025,no
fortitudo,la,3,0.025,no
fotochi,la,3,0.025,no
fotoquios,la,3,0.025,no
franciscanos,la,3,0.025,no
fraudes,la,3,0.025,no
fremens,la,3,0.025,no
frementes,la,3,0.025,no
freti,la,3,0.025,no
frigore,la,3,0.025,no
frugifera,la,3,0.025,no
fugae,la,3,0.025,no
functionibus,la,3,0.025,no
functus,la,3,0.025,no
fundamenta,la,3,0.025,no
fundamentis,la,3,0.025,no
fundatum,la,3,0.025,no
fundaverat,la,3,0.025,no
fungi,la,3,0.025,no
futuri,la,3,0.025,no
futurus,la,3,0.025,no
g,la,3,0.025,no
ganhai,la,3,0.025,no
gaudij,la,3,0.025,no
gavisus,la,3,0.025,no
generalibus,la,3,0.025,no
generat,la,3,0.025,no
gentilem,la,3,0.025,no
georgio,la,3,0.025,no
gerebat,la,3,0.025,no
gerere,la,3,0.025,no
geritur,la,3,0.025,no
gessit,la,3,0.025,no
gestis,la,3,0.025,no
gibonoscius,la,3,0.025,no
gibunoscii,la,3,0.025,no
gibunoscium,la,3,0.025,no
gladium,la,3,0.025,no
gloriosa,la,3,0.025,no
gloriosi,la,3,0.025,no
gouensis,la,3,0.025,no
gradum,la,3,0.025,no
graecorum,la,3,0.025,no
gregorio,la,3,0.025,no
gregorium,la,3,0.025,no
gubernacula,la,3,0.025,no
gubernationem,la,3,0.025,no
habeatur,la,3,0.025,no
haberi,la,3,0.025,no
habitat,la,3,0.025,no
habitationi,la,3,0.025,no
habitis,la,3,0.025,no
habuere,la,3,0.025,no
haeres,la,3,0.025,no
hainam,la,3,0.025,no
haver,es,3,0.025,no
hęc,la,3,0.025,no
hieronymi,la,3,0.025,no
hilariter,la,3,0.025,no
hing,trans,3,0.025,no
hispania,la,3,0.025,no
hispanica,la,3,0.025,no
hispanis,la,3,0.025,no
hispano,la,3,0.025,no
hispanus,la,3,0.025,no
historia,la,3,0.025,no
historias,la,3,0.025,no
hollandis,la,3,0.025,no
honorare,la,3,0.025,no
honores,la,3,0.025,no
hortatus,la,3,0.025,no
hospitati,la,3,0.025,no
huma,la,3,0.025,no
humanis,la,3,0.025,no
humeris,la,3,0.025,no
iacata,la,3,0.025,no
iacobi,la,3,0.025,no
iactura,la,3,0.025,no
iannes,la,3,0.025,no
iaponensium,la,3,0.025,no
idibus,la,3,0.025,no
idolatriae,la,3,0.025,no
iesv,la,3,0.025,no
iesvs,la,3,0.025,no
ignari,la,3,0.025,no
ignarus,la,3,0.025,no
ignes,la,3,0.025,no
ignominiose,la,3,0.025,no
ignorabant,la,3,0.025,no
ignorans,la,3,0.025,no
ignoro,la,3,0.025,no
ignotum,la,3,0.025,no
iii,la,3,0.025,no
iisdem,la,3,0.025,no
illmȩ,la,3,0.025,no
illustrem,la,3,0.025,no
illustri,la,3,0.025,no
im,la,3,0.025,no
imago,la,3,0.025,no
imbuti,la,3,0.025,no
impedimentum,la,3,0.025,no
impeditos,la,3,0.025,no
impediunt,la,3,0.025,no
impendere,la,3,0.025,no
impense,la,3,0.025,no
imperatoribus,la,3,0.025,no
imperia,la,3,0.025,no
imperiali,la,3,0.025,no
imperialis,la,3,0.025,no
impetum,la,3,0.025,no
impii,la,3,0.025,no
imponere,la,3,0.025,no
imposita,la,3,0.025,no
impositum,la,3,0.025,no
imposuit,la,3,0.025,no
inaudiit,la,3,0.025,no
incerta,la,3,0.025,no
inciderit,la,3,0.025,no
incolarum,la,3,0.025,no
incolumitatem,la,3,0.025,no
incredibilem,la,3,0.025,no
incrementum,la,3,0.025,no
indecorum,la,3,0.025,no
indicio,la,3,0.025,no
indigenis,la,3,0.025,no
indigent,la,3,0.025,no
indignatione,la,3,0.025,no
indignum,la,3,0.025,no
indole,la,3,0.025,no
indos,la,3,0.025,no
inducere,la,3,0.025,no
induti,la,3,0.025,no
inesse,la,3,0.025,no
infecta,la,3,0.025,no
infimam,la,3,0.025,no
infirmitate,la,3,0.025,no
infirmorum,la,3,0.025,no
infirmos,la,3,0.025,no
informatio,la,3,0.025,no
informationem,la,3,0.025,no
ingentibus,la,3,0.025,no
ingrederetur,la,3,0.025,no
initiis,la,3,0.025,no
iniunctum,la,3,0.025,no
iniustitiae,la,3,0.025,no
injuriam,la,3,0.025,no
insciis,la,3,0.025,no
insidiis,la,3,0.025,no
insignes,la,3,0.025,no
insignia,la,3,0.025,no
instituendo,la,3,0.025,no
institutam,la,3,0.025,no
instituti,la,3,0.025,no
instructi,la,3,0.025,no
instructos,la,3,0.025,no
instructus,la,3,0.025,no
insunt,la,3,0.025,no
integris,la,3,0.025,no
intellecta,la,3,0.025,no
intelleximus,la,3,0.025,no
intelligant,la,3,0.025,no
intelligeret,la,3,0.025,no
intelligi,la,3,0.025,no
intendunt,la,3,0.025,no
intentum,la,3,0.025,no
intercepta,la,3,0.025,no
interdicitur,la,3,0.025,no
interiorem,la,3,0.025,no
interiores,la,3,0.025,no
interitus,la,3,0.025,no
internecione,la,3,0.025,no
interposita,la,3,0.025,no
intolerabile,la,3,0.025,no
intraverunt,la,3,0.025,no
intrinsecus,la,3,0.025,no
introduxit,la,3,0.025,no
intulerunt,la,3,0.025,no
intulit,la,3,0.025,no
invenimus,la,3,0.025,no
invidia,la,3,0.025,no
iohannem,la,3,0.025,no
ipsas,la,3,0.025,no
ipsimet,la,3,0.025,no
ipsumque,la,3,0.025,no
itali,la,3,0.025,no
itinera,la,3,0.025,no
iturus,la,3,0.025,no
iubent,la,3,0.025,no
iudicare,la,3,0.025,no
iudicibus,la,3,0.025,no
iulio,la,3,0.025,no
iulius,la,3,0.025,no
iunglieum,la,3,0.025,no
iurantes,la,3,0.025,no
iurisdictione,la,3,0.025,no
iusit,la,3,0.025,no
iustis,la,3,0.025,no
iustorum,la,3,0.025,no
iustum,la,3,0.025,no
iuvenis,la,3,0.025,no
jacobus,la,3,0.025,no
japone,la,3,0.025,no
japponicae,la,3,0.025,no
julii,la,3,0.025,no
juniorum,la,3,0.025,no
jurisdictione,la,3,0.025,no
ki,trans,3,0.025,no
kinhoa,la,3,0.025,no
kino,la,3,0.025,no
kinum,la,3,0.025,no
labe,la,3,0.025,no
laborandum,la,3,0.025,no
laborare,la,3,0.025,no
labori,la,3,0.025,no
lacrymas,la,3,0.025,no
laetitiam,la,3,0.025,no
laici,la,3,0.025,no
lancea,la,3,0.025,no
lancilotus,la,3,0.025,no
laos,la,3,0.025,no
lardum,la,3,0.025,no
latina,la,3,0.025,no
latinam,la,3,0.025,no
latini,la,3,0.025,no
latino,la,3,0.025,no
latinorum,la,3,0.025,no
latuit,la,3,0.025,no
laudabiliter,la,3,0.025,no
laude,la,3,0.025,no
laudo,la,3,0.025,no
lauream,la,3,0.025,no
lavacro,la,3,0.025,no
lecta,la,3,0.025,no
ledesma,la,3,0.025,no
legatione,la,3,0.025,no
legato,la,3,0.025,no
leo,la,3,0.025,no
libellum,la,3,0.025,no
liberalissime,la,3,0.025,no
liberalitate,la,3,0.025,no
liberare,la,3,0.025,no
liberarent,la,3,0.025,no
liberaret,la,3,0.025,no
liberi,la,3,0.025,no
libidinis,la,3,0.025,no
librorum,la,3,0.025,no
licitum,la,3,0.025,no
licteras,la,3,0.025,no
licuit,la,3,0.025,no
lio,trans,3,0.025,no
literatus,la,3,0.025,no
litteratorum,la,3,0.025,no
litterȩ,la,3,0.025,no
littus,la,3,0.025,no
lo,es,3,0.025,yes
locatione,la,3,0.025,no
longa,la,3,0.025,no
longè,la,3,0.025,no
longissime,la,3,0.025,no
lopez,la,3,0.025,no
loquuntur,la,3,0.025,no
lubelli,la,3,0.025,no
lucas,la,3,0.025,no
lucri,la,3,0.025,no
ludibrio,la,3,0.025,no
lumen,la,3,0.025,no
lusitaniam,la,3,0.025,no
lusitano,la,3,0.025,no
macaense,la,3,0.025,no
macäense,la,3,0.025,no
macaensem,la,3,0.025,no
macaum,la,3,0.025,no
machao,la,3,0.025,no
magisque,la,3,0.025,no
magnatum,la,3,0.025,no
magus,la,3,0.025,no
mahometani,la,3,0.025,no
maiestatis,la,3,0.025,no
major,la,3,0.025,no
majorem,la,3,0.025,no
majori,la,3,0.025,no
malabarica,la,3,0.025,no
malaca,la,3,0.025,no
malacae,la,3,0.025,no
mandare,la,3,0.025,no
manebant,la,3,0.025,no
manet,la,3,0.025,no
manilam,la,3,0.025,no
manilensi,la,3,0.025,no
manserunt,la,3,0.025,no
mansimus,la,3,0.025,no
maovenlungi,la,3,0.025,no
marisque,la,3,0.025,no
màrquez,la,3,0.025,no
martinum,la,3,0.025,no
martyrio,la,3,0.025,no
matrem,la,3,0.025,no
matrimonio,la,3,0.025,no
matthias,la,3,0.025,no
mattos,la,3,0.025,no
mauris,la,3,0.025,no
meacensi,la,3,0.025,no
meacoensi,la,3,0.025,no
medici,la,3,0.025,no
mediis,la,3,0.025,no
mediocris,la,3,0.025,no
melior,la,3,0.025,no
meliora,la,3,0.025,no
melle,la,3,0.025,no
memorata,la,3,0.025,no
memoriae,la,3,0.025,no
memoriam,la,3,0.025,no
mentes,la,3,0.025,no
mentio,la,3,0.025,no
meorum,la,3,0.025,no
meque,la,3,0.025,no
mercator,la,3,0.025,no
mercatore,la,3,0.025,no
meritum,la,3,0.025,no
messem,la,3,0.025,no
messiae,la,3,0.025,no
metus,la,3,0.025,no
miacensis,la,3,0.025,no
michaël,la,3,0.025,no
michaelis,la,3,0.025,no
militaribus,la,3,0.025,no
millesimum,la,3,0.025,no
mimazaca,la,3,0.025,no
minimo,la,3,0.025,no
ministeriis,la,3,0.025,no
minorem,la,3,0.025,no
mirabile,la,3,0.025,no
miranda,la,3,0.025,no
mirantur,la,3,0.025,no
mis,la,3,0.025,no
misericordiam,la,3,0.025,no
misericordiarum,la,3,0.025,no
missam,la,3,0.025,no
mission,es,3,0.025,no
missionariorum,la,3,0.025,no
missos,la,3,0.025,no
mittendȩ,la,3,0.025,no
mitteretur,la,3,0.025,no
mittunt,la,3,0.025,no
modica,la,3,0.025,no
molestiam,la,3,0.025,no
molestiis,la,3,0.025,no
montefuscolus,la,3,0.025,no
monuit,la,3,0.025,no
moras,la,3,0.025,no
moritur,la,3,0.025,no
moriuntur,la,3,0.025,no
mortales,la,3,0.025,no
mortalium,la,3,0.025,no
mortuis,la,3,0.025,no
motibus,la,3,0.025,no
motu,la,3,0.025,no
mulierum,la,3,0.025,no
multaque,la,3,0.025,no
multarum,la,3,0.025,no
multoque,la,3,0.025,no
muneri,la,3,0.025,no
munerum,la,3,0.025,no
munia,la,3,0.025,no
musium,la,3,0.025,no
mutare,la,3,0.025,no
mutatio,la,3,0.025,no
mutationem,la,3,0.025,no
mutationes,la,3,0.025,no
mutuas,la,3,0.025,no
nacti,la,3,0.025,no
nagasaquense,la,3,0.025,no
nangasachana,la,3,0.025,no
nangasaci,la,3,0.025,no
nankino,la,3,0.025,no
narrare,la,3,0.025,no
nascentis,la,3,0.025,no
nato,la,3,0.025,no
natu,la,3,0.025,no
nauium,la,3,0.025,no
navarunt,la,3,0.025,no
navibus,la,3,0.025,no
navigatione,la,3,0.025,no
navigationem,la,3,0.025,no
navigio,la,3,0.025,no
neapoli,la,3,0.025,no
neapolitano,la,3,0.025,no
neapolitanus,la,3,0.025,no
necant,la,3,0.025,no
necari,la,3,0.025,no
necessarii,la,3,0.025,no
necessitates,la,3,0.025,no
negari,la,3,0.025,no
negocio,la,3,0.025,no
negotiatione,la,3,0.025,no
negotiatur,la,3,0.025,no
nemine,la,3,0.025,no
neophitorum,la,3,0.025,no
nepotes,la,3,0.025,no
nequicquam,la,3,0.025,no
nervus,la,3,0.025,no
nimiam,la,3,0.025,no
nimis,la,3,0.025,no
nobilissimae,la,3,0.025,no
nobilitate,la,3,0.025,no
noctuque,la,3,0.025,no
nollent,la,3,0.025,no
nolunt,la,3,0.025,no
nominant,la,3,0.025,no
nominatos,la,3,0.025,no
nominatur,la,3,0.025,no
nonnihil,la,3,0.025,no
nonnulla,la,3,0.025,no
nonnunquam,la,3,0.025,no
nonum,la,3,0.025,no
nosse,la,3,0.025,no
nostrosque,la,3,0.025,no
nota,la,3,0.025,no
notas,la,3,0.025,no
notifico,la,3,0.025,no
nouam,la,3,0.025,no
novembri,la,3,0.025,no
novitiorum,la,3,0.025,no
noxam,la,3,0.025,no
nullas,la,3,0.025,no
nullibi,la,3,0.025,no
numerarentur,la,3,0.025,no
numerat,la,3,0.025,no
numerentur,la,3,0.025,no
numeris,la,3,0.025,no
nuncios,la,3,0.025,no
nuntius,la,3,0.025,no
nuptias,la,3,0.025,no
oblata,la,3,0.025,no
oblatum,la,3,0.025,no
obliti,la,3,0.025,no
oblitus,la,3,0.025,no
obsequio,la,3,0.025,no
obseruari,la,3,0.025,no
observantia,la,3,0.025,no
observari,la,3,0.025,no
obsessis,la,3,0.025,no
obsident,la,3,0.025,no
obsidio,la,3,0.025,no
obstacula,la,3,0.025,no
obtineant,la,3,0.025,no
obtinebat,la,3,0.025,no
occidentales,la,3,0.025,no
occidentalis,la,3,0.025,no
occiduntur,la,3,0.025,no
occupabant,la,3,0.025,no
occupare,la,3,0.025,no
occupassent,la,3,0.025,no
occupat,la,3,0.025,no
occupati,la,3,0.025,no
occupaverat,la,3,0.025,no
oculorum,la,3,0.025,no
offensionis,la,3,0.025,no
offerret,la,3,0.025,no
officia,la,3,0.025,no
officinis,la,3,0.025,no
oleo,la,3,0.025,no
omini,la,3,0.025,no
ominum,la,3,0.025,no
omniaque,la,3,0.025,no
omnibusque,la,3,0.025,no
omniumque,la,3,0.025,no
oneri,la,3,0.025,no
oneris,la,3,0.025,no
operarios,la,3,0.025,no
operarius,la,3,0.025,no
operi,la,3,0.025,no
operis,la,3,0.025,no
opes,la,3,0.025,no
oportebat,la,3,0.025,no
oppida,la,3,0.025,no
opponi,la,3,0.025,no
opportunam,la,3,0.025,no
opportune,la,3,0.025,no
optare,la,3,0.025,no
optimam,la,3,0.025,no
oras,la,3,0.025,no
oratorio,la,3,0.025,no
oratorium,la,3,0.025,no
ordinario,la,3,0.025,no
ordinum,la,3,0.025,no
organtinus,la,3,0.025,no
orientale,la,3,0.025,no
orientales,la,3,0.025,no
origo,la,3,0.025,no
oriretur,la,3,0.025,no
oriundus,la,3,0.025,no
oriza,la,3,0.025,no
oro,la,3,0.025,no
os,la,3,0.025,no
ostendebat,la,3,0.025,no
ostenderunt,la,3,0.025,no
ostium,la,3,0.025,no
pacifice,la,3,0.025,no
pagani,la,3,0.025,no
panno,la,3,0.025,no
papam,la,3,0.025,no
parentum,la,3,0.025,no
parietibus,la,3,0.025,no
partium,la,3,0.025,no
partu,la,3,0.025,no
parvam,la,3,0.025,no
parvis,la,3,0.025,no
parvo,la,3,0.025,no
pascha,la,3,0.025,no
pascua,la,3,0.025,no
pasqual,es,3,0.025,no
patentes,es,3,0.025,no
patiantur,la,3,0.025,no
patiebatur,la,3,0.025,no
patienter,la,3,0.025,no
patrio,la,3,0.025,no
patrocinio,la,3,0.025,no
patruum,la,3,0.025,no
pauang,la,3,0.025,no
pauca,la,3,0.025,no
paucas,la,3,0.025,no
paupertatem,la,3,0.025,no
paupertatis,la,3,0.025,no
pectus,la,3,0.025,no
peculiaris,la,3,0.025,no
pecuniis,la,3,0.025,no
pedibus,la,3,0.025,no
pelles,la,3,0.025,no
penetravit,la,3,0.025,no
perbelle,la,3,0.025,no
percipere,la,3,0.025,no
perduellis,la,3,0.025,no
peregrinationem,la,3,0.025,no
peregrino,la,3,0.025,no
perfectam,la,3,0.025,no
perfecto,la,3,0.025,no
perfectum,la,3,0.025,no
perferre,la,3,0.025,no
perficere,la,3,0.025,no
periere,la,3,0.025,no
perierunt,la,3,0.025,no
permanet,la,3,0.025,no
permissu,la,3,0.025,no
perperam,la,3,0.025,no
perpessa,la,3,0.025,no
perpessi,la,3,0.025,no
perpessos,la,3,0.025,no
perpetua,la,3,0.025,no
perpetuum,la,3,0.025,no
perseveravit,la,3,0.025,no
persona,la,3,0.025,no
personam,la,3,0.025,no
persuasi,la,3,0.025,no
perturbatione,la,3,0.025,no
perusio,la,3,0.025,no
pervenerant,la,3,0.025,no
perveniat,la,3,0.025,no
perveniens,la,3,0.025,no
perventus,la,3,0.025,no
pestem,la,3,0.025,no
petebat,la,3,0.025,no
petendo,la,3,0.025,no
petentes,la,3,0.025,no
petii,la,3,0.025,no
petimus,la,3,0.025,no
petitio,la,3,0.025,no
peto,la,3,0.025,no
philiberto,la,3,0.025,no
philippinarum,la,3,0.025,no
philosophi,la,3,0.025,no
philosophia,la,3,0.025,no
philosophorum,la,3,0.025,no
philosophus,la,3,0.025,no
piae,la,3,0.025,no
pictorum,la,3,0.025,no
piscium,la,3,0.025,no
placare,la,3,0.025,no
placatus,la,3,0.025,no
placuerit,la,3,0.025,no
planum,la,3,0.025,no
plenam,la,3,0.025,no
plenissima,la,3,0.025,no
plenissime,la,3,0.025,no
plurima,la,3,0.025,no
plurimam,la,3,0.025,no
pluris,la,3,0.025,no
po,it,3,0.025,no
polanco,la,3,0.025,no
pollens,la,3,0.025,no
pondere,la,3,0.025,no
ponere,la,3,0.025,no
pontus,la,3,0.025,no
populares,la,3,0.025,no
populoque,la,3,0.025,no
pos,la,3,0.025,no
postremo,la,3,0.025,no
postridie,la,3,0.025,no
postulet,la,3,0.025,no
posui,la,3,0.025,no
potentissimi,la,3,0.025,no
potiri,la,3,0.025,no
pr,la,3,0.025,no
praebere,la,3,0.025,no
praebuit,la,3,0.025,no
praecepit,la,3,0.025,no
praeceptorum,la,3,0.025,no
praecipuis,la,3,0.025,no
praedicatione,la,3,0.025,no
praedicatorum,la,3,0.025,no
praeest,la,3,0.025,no
praefato,la,3,0.025,no
praefectura,la,3,0.025,no
praeludia,la,3,0.025,no
praemiis,la,3,0.025,no
praemissis,la,3,0.025,no
praesentavit,la,3,0.025,no
praesente,la,3,0.025,no
praesentem,la,3,0.025,no
praeside,la,3,0.025,no
praesidiarii,la,3,0.025,no
praesunt,la,3,0.025,no
praeterita,la,3,0.025,no
praetermisimus,la,3,0.025,no
praetextu,la,3,0.025,no
prȩcepit,la,3,0.025,no
precipua,la,3,0.025,no
precium,la,3,0.025,no
precum,la,3,0.025,no
predicatores,la,3,0.025,no
preposito,la,3,0.025,no
presbiter,la,3,0.025,no
presbyter,la,3,0.025,no
preter,la,3,0.025,no
prȩter,la,3,0.025,no
prȩteritis,la,3,0.025,no
prim,la,3,0.025,no
primos,la,3,0.025,no
primùm,la,3,0.025,no
principalia,la,3,0.025,no
principe,la,3,0.025,no
priorem,la,3,0.025,no
priores,la,3,0.025,no
pristina,la,3,0.025,no
priusquam,la,3,0.025,no
privata,la,3,0.025,no
privatim,la,3,0.025,no
probabat,la,3,0.025,no
probus,la,3,0.025,no
procedere,la,3,0.025,no
proceres,la,3,0.025,no
processurum,la,3,0.025,no
procurabant,la,3,0.025,no
procurare,la,3,0.025,no
procuratori,la,3,0.025,no
prodesse,la,3,0.025,no
proditionis,la,3,0.025,no
profecerunt,la,3,0.025,no
professorum,la,3,0.025,no
proficisci,la,3,0.025,no
profuit,la,3,0.025,no
progressa,la,3,0.025,no
progressibus,la,3,0.025,no
progressum,la,3,0.025,no
prohibens,la,3,0.025,no
prohibentur,la,3,0.025,no
promissum,la,3,0.025,no
promittebat,la,3,0.025,no
promoti,la,3,0.025,no
pronas,la,3,0.025,no
propagandam,la,3,0.025,no
propemodum,la,3,0.025,no
prophetarum,la,3,0.025,no
propositum,la,3,0.025,no
proposuit,la,3,0.025,no
propriam,la,3,0.025,no
prorege,la,3,0.025,no
proregi,la,3,0.025,no
prorex,la,3,0.025,no
prosecutus,la,3,0.025,no
prosequerentur,la,3,0.025,no
prospere,la,3,0.025,no
providentiam,la,3,0.025,no
proximos,la,3,0.025,no
prudentes,la,3,0.025,no
prudentiae,la,3,0.025,no
prudentiam,la,3,0.025,no
publicae,la,3,0.025,no
publicas,la,3,0.025,no
publicis,la,3,0.025,no
pugna,la,3,0.025,no
pugnam,la,3,0.025,no
pugnando,la,3,0.025,no
pugnavit,la,3,0.025,no
pulchre,la,3,0.025,no
puncto,la,3,0.025,no
putabant,la,3,0.025,no
q,la,3,0.025,no
quâ,la,3,0.025,no
quacumque,la,3,0.025,no
quaecumque,la,3,0.025,no
quaelibet,la,3,0.025,no
quaestionem,la,3,0.025,no
quale,la,3,0.025,no
qualesque,la,3,0.025,no
qualibet,la,3,0.025,no
quambioiendonus,la,3,0.025,no
quamplurime,la,3,0.025,no
quandiu,la,3,0.025,no
quantumcumque,la,3,0.025,no
quartus,la,3,0.025,no
quasdam,la,3,0.025,no
queant,la,3,0.025,no
queat,la,3,0.025,no
quemener,la,3,0.025,no
quemque,la,3,0.025,no
quenquam,la,3,0.025,no
quȩrendum,la,3,0.025,no
quibuscunque,la,3,0.025,no
quies,la,3,0.025,no
quietem,la,3,0.025,no
quilibet,la,3,0.025,no
quinto,la,3,0.025,no
quispiam,la,3,0.025,no
quisquam,la,3,0.025,no
quò,la,3,0.025,no
quoadusque,la,3,0.025,no
quondam,la,3,0.025,no
quosque,la,3,0.025,no
quovis,la,3,0.025,no
r.d,la,3,0.025,no
rabiem,la,3,0.025,no
raciolum,la,3,0.025,no
rationum,la,3,0.025,no
raymundus,la,3,0.025,no
rebellionem,la,3,0.025,no
recens,la,3,0.025,no
recepi,la,3,0.025,no
recipiendum,la,3,0.025,no
recipimus,la,3,0.025,no
recordationis,la,3,0.025,no
rectores,la,3,0.025,no
recuperandi,la,3,0.025,no
recuperarent,la,3,0.025,no
redacta,la,3,0.025,no
redacti,la,3,0.025,no
reddat,la,3,0.025,no
redderet,la,3,0.025,no
reddiderunt,la,3,0.025,no
reddit,la,3,0.025,no
reddunt,la,3,0.025,no
redeat,la,3,0.025,no
redegerunt,la,3,0.025,no
rediret,la,3,0.025,no
redivit,la,3,0.025,no
refutat,la,3,0.025,no
regendum,la,3,0.025,no
regeret,la,3,0.025,no
regimine,la,3,0.025,no
regnandi,la,3,0.025,no
regnare,la,3,0.025,no
regressi,la,3,0.025,no
regulo,la,3,0.025,no
regulos,la,3,0.025,no
relatae,la,3,0.025,no
relati,la,3,0.025,no
relato,la,3,0.025,no
relictum,la,3,0.025,no
religiosorum,la,3,0.025,no
relinquitur,la,3,0.025,no
reliquerit,la,3,0.025,no
reliquias,la,3,0.025,no
remanserat,la,3,0.025,no
remedia,la,3,0.025,no
remediis,la,3,0.025,no
remisit,la,3,0.025,no
remissionem,la,3,0.025,no
remunerationem,la,3,0.025,no
reparato,la,3,0.025,no
reperiantur,la,3,0.025,no
requisitis,la,3,0.025,no
residebant,la,3,0.025,no
resident,la,3,0.025,no
resistere,la,3,0.025,no
respectu,la,3,0.025,no
respondeam,la,3,0.025,no
responderunt,la,3,0.025,no
responsionis,la,3,0.025,no
resurrectione,la,3,0.025,no
resurrectionem,la,3,0.025,no
reverendis,la,3,0.025,no
reverendissimo,la,3,0.025,no
reverendum,la,3,0.025,no
reverentiam,la,3,0.025,no
reverti,la,3,0.025,no
ribeiro,la,3,0.025,no
robore,la,3,0.025,no
rogare,la,3,0.025,no
rogat,la,3,0.025,no
román,la,3,0.025,no
romanae,la,3,0.025,no
rr,la,3,0.025,no
rubinus,la,3,0.025,no
rum,la,3,0.025,no
saccanus,la,3,0.025,no
sacella,la,3,0.025,no
sacello,la,3,0.025,no
sacramenti,la,3,0.025,no
sacrarum,la,3,0.025,no
sacrificulus,la,3,0.025,no
sacrosanctis,la,3,0.025,no
saecula,la,3,0.025,no
salsetano,la,3,0.025,no
salsetanos,la,3,0.025,no
salutari,la,3,0.025,no
salutaribus,la,3,0.025,no
salvus,la,3,0.025,no
sanctissima,la,3,0.025,no
sanctissime,la,3,0.025,no
sanctissimis,la,3,0.025,no
sanctissimum,la,3,0.025,no
sanctitas,la,3,0.025,no
sanctitate,la,3,0.025,no
sanguis,la,3,0.025,no
sapientiae,la,3,0.025,no
sapientissimus,la,3,0.025,no
saracenis,la,3,0.025,no
sassumanus,la,3,0.025,no
satanae,la,3,0.025,no
scandala,la,3,0.025,no
scandalo,la,3,0.025,no
sceleris,la,3,0.025,no
scelus,la,3,0.025,no
schall,la,3,0.025,no
scientiae,la,3,0.025,no
scimandoni,la,3,0.025,no
scimandonum,la,3,0.025,no
scimandonus,la,3,0.025,no
scimo,la,3,0.025,no
scribendi,la,3,0.025,no
scriberet,la,3,0.025,no
scripserunt,la,3,0.025,no
scriptas,la,3,0.025,no
scripto,la,3,0.025,no
scutorum,la,3,0.025,no
sebastiano,la,3,0.025,no
secretarium,la,3,0.025,no
secreto,la,3,0.025,no
secretum,la,3,0.025,no
secula,la,3,0.025,no
secundam,la,3,0.025,no
securos,la,3,0.025,no
securum,la,3,0.025,no
sedens,la,3,0.025,no
sedentem,la,3,0.025,no
sedet,la,3,0.025,no
seditionem,la,3,0.025,no
sedulo,la,3,0.025,no
seipsis,la,3,0.025,no
seipsos,la,3,0.025,no
seipsum,la,3,0.025,no
seminaria,la,3,0.025,no
sempiternae,la,3,0.025,no
sempiternis,la,3,0.025,no
senes,la,3,0.025,no
sententiis,la,3,0.025,no
separata,la,3,0.025,no
septa,la,3,0.025,no
sequebatur,la,3,0.025,no
sequenda,la,3,0.025,no
sequentes,la,3,0.025,no
sequentia,la,3,0.025,no
sequeretur,la,3,0.025,no
sericarum,la,3,0.025,no
servat,la,3,0.025,no
servata,la,3,0.025,no
servatur,la,3,0.025,no
servitio,la,3,0.025,no
servo,la,3,0.025,no
servum,la,3,0.025,no
sexcentesimo,la,3,0.025,no
sexcentos,la,3,0.025,no
sexdecim,la,3,0.025,no
sexennem,la,3,0.025,no
siamensi,la,3,0.025,no
sien,la,3,0.025,no
significant,la,3,0.025,no
significat,la,3,0.025,no
similibus,la,3,0.025,no
simulatione,la,3,0.025,no
simulatque,la,3,0.025,no
sinerent,la,3,0.025,no
singulorum,la,3,0.025,no
sinicȩ,la,3,0.025,no
siqueira,la,3,0.025,no
situm,la,3,0.025,no
sixtus,la,3,0.025,no
smo,la,3,0.025,no
sol,la,3,0.025,no
solas,la,3,0.025,no
solebat,la,3,0.025,no
solemne,la,3,0.025,no
solenni,la,3,0.025,no
solita,la,3,0.025,no
soliti,la,3,0.025,no
solito,la,3,0.025,no
solliciti,la,3,0.025,no
solos,la,3,0.025,no
solvebantur,la,3,0.025,no
solvendos,la,3,0.025,no
sordes,la,3,0.025,no
sordibus,la,3,0.025,no
specie,la,3,0.025,no
speciosas,la,3,0.025,no
spectantes,la,3,0.025,no
sperabat,la,3,0.025,no
sperant,la,3,0.025,no
spiritalibus,la,3,0.025,no
spiritualis,la,3,0.025,no
splendidas,la,3,0.025,no
stabant,la,3,0.025,no
stabile,la,3,0.025,no
stabilitis,la,3,0.025,no
stanislaus,la,3,0.025,no
statuam,la,3,0.025,no
statuit,la,3,0.025,no
statutis,la,3,0.025,no
statuum,la,3,0.025,no
statuunt,la,3,0.025,no
stetit,la,3,0.025,no
stirpem,la,3,0.025,no
stragem,la,3,0.025,no
stupendis,la,3,0.025,no
stupentibus,la,3,0.025,no
suamque,la,3,0.025,no
subditorum,la,3,0.025,no
subditus,la,3,0.025,no
subiectum,la,3,0.025,no
subigeret,la,3,0.025,no
subire,la,3,0.025,no
subjecta,la,3,0.025,no
sublatis,la,3,0.025,no
sublato,la,3,0.025,no
subsecuta,la,3,0.025,no
subsidio,la,3,0.025,no
substitutus,la,3,0.025,no
succedit,la,3,0.025,no
successorem,la,3,0.025,no
successu,la,3,0.025,no
suffragiis,la,3,0.025,no
suffragium,la,3,0.025,no
summas,la,3,0.025,no
sun,la,3,0.025,no
suor,la,3,0.025,no
superant,la,3,0.025,no
superarent,la,3,0.025,no
superat,la,3,0.025,no
superato,la,3,0.025,no
superesse,la,3,0.025,no
superiores,la,3,0.025,no
superstitionibus,la,3,0.025,no
supplicatio,la,3,0.025,no
supplicii,la,3,0.025,no
suppliciis,la,3,0.025,no
supplicij,la,3,0.025,no
supposita,la,3,0.025,no
susceperint,la,3,0.025,no
susceptione,la,3,0.025,no
susceptum,la,3,0.025,no
susciperet,la,3,0.025,no
suscipiendo,la,3,0.025,no
suscipiendum,la,3,0.025,no
suspendere,la,3,0.025,no
suspensus,la,3,0.025,no
sustentandum,la,3,0.025,no
sustentat,la,3,0.025,no
sustinere,la,3,0.025,no
sustulit,la,3,0.025,no
syra,la,3,0.025,no
tabellam,la,3,0.025,no
tabulatum,la,3,0.025,no
taitung,la,3,0.025,no
taliter,la,3,0.025,no
tamaxe,la,3,0.025,no
tantas,la,3,0.025,no
tantisper,la,3,0.025,no
tantò,la,3,0.025,no
taveira,la,3,0.025,no
tempestas,la,3,0.025,no
temporales,la,3,0.025,no
temporalibus,la,3,0.025,no
tendit,la,3,0.025,no
tenentur,la,3,0.025,no
teneret,la,3,0.025,no
tenetur,la,3,0.025,no
tentarunt,la,3,0.025,no
tercia,la,3,0.025,no
tertiam,la,3,0.025,no
tertii,la,3,0.025,no
testem,la,3,0.025,no
testes,la,3,0.025,no
testimonio,la,3,0.025,no
thesauri,la,3,0.025,no
thiencin,la,3,0.025,no
thomae,la,3,0.025,no
timuit,la,3,0.025,no
tis,la,3,0.025,no
to,trans,3,0.025,no
tolerare,la,3,0.025,no
torrente,la,3,0.025,no
toties,la,3,0.025,no
totis,la,3,0.025,no
totos,la,3,0.025,no
traderent,la,3,0.025,no
tranquillus,la,3,0.025,no
transacto,la,3,0.025,no
transcriptum,la,3,0.025,no
transferendo,la,3,0.025,no
transferre,la,3,0.025,no
transferri,la,3,0.025,no
transiit,la,3,0.025,no
transirent,la,3,0.025,no
transitus,la,3,0.025,no
translata,la,3,0.025,no
translatum,la,3,0.025,no
transmissione,la,3,0.025,no
trecentis,la,3,0.025,no
tribueretur,la,3,0.025,no
tribuitur,la,3,0.025,no
tribulationes,la,3,0.025,no
tribuunt,la,3,0.025,no
tridentini,la,3,0.025,no
tridentino,la,3,0.025,no
triennium,la,3,0.025,no
trigesimo,la,3,0.025,no
trigesimum,la,3,0.025,no
trucidari,la,3,0.025,no
trucidat,la,3,0.025,no
tui,la,3,0.025,no
tumultibus,la,3,0.025,no
tumultu,la,3,0.025,no
tunkinensis,la,3,0.025,no
tuos,la,3,0.025,no
turbas,la,3,0.025,no
turkyam,la,3,0.025,no
tuum,la,3,0.025,no
tuus,la,3,0.025,no
tyrannorum,la,3,0.025,no
u,la,3,0.025,no
uarias,la,3,0.025,no
uiginti,la,3,0.025,no
uirorum,la,3,0.025,no
uirtutem,la,3,0.025,no
uiuentes,la,3,0.025,no
ullum,la,3,0.025,no
ulterius,la,3,0.025,no
ultimo,la,3,0.025,no
universali,la,3,0.025,no
universam,la,3,0.025,no
universi,la,3,0.025,no
universo,la,3,0.025,no
unusquisque,la,3,0.025,no
uocantur,la,3,0.025,no
uolueris,la,3,0.025,no
urbium,la,3,0.025,no
urganth,la,3,0.025,no
urgebat,la,3,0.025,no
usangueium,la,3,0.025,no
utaris,la,3,0.025,no
utcumque,la,3,0.025,no
uteretur,la,3,0.025,no
utiles,la,3,0.025,no
utilitas,la,3,0.025,no
utilitatem,la,3,0.025,no
utinam,la,3,0.025,no
uto,la,3,0.025,no
utramque,la,3,0.025,no
utrique,la,3,0.025,no
utrumque,la,3,0.025,no
uxoris,la,3,0.025,no
vacuam,la,3,0.025,no
vacuos,la,3,0.025,no
valeat,la,3,0.025,no
valerius,la,3,0.025,no
valet,la,3,0.025,no
valida,la,3,0.025,no
valide,la,3,0.025,no
valignani,la,3,0.025,no
vangus,la,3,0.025,no
variarum,la,3,0.025,no
varietate,la,3,0.025,no
vario,la,3,0.025,no
vaz,la,3,0.025,no
velimus,la,3,0.025,no
ven,la,3,0.025,no
vencheu,la,3,0.025,no
veneno,la,3,0.025,no
venerant,la,3,0.025,no
venerantur,la,3,0.025,no
venerari,la,3,0.025,no
venerint,la,3,0.025,no
venisse,la,3,0.025,no
venturus,la,3,0.025,no
verae,la,3,0.025,no
verbiest,la,3,0.025,no
veri,la,3,0.025,no
verò,la,3,0.025,no
versabantur,la,3,0.025,no
versari,la,3,0.025,no
versatus,la,3,0.025,no
verus,la,3,0.025,no
vestrȩ,la,3,0.025,no
veterem,la,3,0.025,no
vetuit,la,3,0.025,no
vexilla,la,3,0.025,no
vicem,la,3,0.025,no
viceprovinciam,la,3,0.025,no
vicinum,la,3,0.025,no
victorem,la,3,0.025,no
victoriarum,la,3,0.025,no
videbantur,la,3,0.025,no
videbit,la,3,0.025,no
viderem,la,3,0.025,no
vidimus,la,3,0.025,no
villae,la,3,0.025,no
vinculis,la,3,0.025,no
vineae,la,3,0.025,no
vineȩ,la,3,0.025,no
violentiam,la,3,0.025,no
viscera,la,3,0.025,no
visitatorem,la,3,0.025,no
vitiis,la,3,0.025,no
viuit,la,3,0.025,no
viuorum,la,3,0.025,no
viva,la,3,0.025,no
vive,la,3,0.025,no
vivente,la,3,0.025,no
vixerint,la,3,0.025,no
vixisset,la,3,0.025,no
vixque,la,3,0.025,no
vniuersa,la,3,0.025,no
vniuscuiusque,la,3,0.025,no
voarani,la,3,0.025,no
vocabant,la,3,0.025,no
vocabula,la,3,0.025,no
vocarunt,la,3,0.025,no
vocatam,la,3,0.025,no
vocati,la,3,0.025,no
vocatis,la,3,0.025,no
voces,la,3,0.025,no
volo,la,3,0.025,no
volumina,la,3,0.025,no
voluntaria,la,3,0.025,no
voluptate,la,3,0.025,no
voluptatibus,la,3,0.025,no
vomi,la,3,0.025,no
vomurensis,la,3,0.025,no
voto,la,3,0.025,no
vulgus,la,3,0.025,no
vultus,la,3,0.025,no
xaverii,la,3,0.025,no
ximo,la,3,0.025,no
xún,la,3,0.025,no
xunchii,la,3,0.025,no
xxx,la,3,0.025,no
yàm,la,3,0.025,no
yama,la,3,0.025,no
yen,trans,3,0.025,no
yèn,trans,3,0.025,no
yndie,la,3,0.025,no
yo,la,3,0.025,no
yù,trans,3,0.025,no
zelus,la,3,0.025,no
zungteus,la,3,0.025,no
1a,la,2,0.016,no
2a,la,2,0.016,no
3a,la,2,0.016,no
4or,la,2,0.016,no
5a,la,2,0.016,no
6a,la,2,0.016,no
7a,la,2,0.016,no
aberat,la,2,0.016,no
abeundi,la,2,0.016,no
abhinc,la,2,0.016,no
abhorrent,la,2,0.016,no
abiisse,la,2,0.016,no
abiit,la,2,0.016,no
ablegaret,la,2,0.016,no
ablegatus,la,2,0.016,no
abluti,la,2,0.016,no
abluuntur,la,2,0.016,no
abrupit,la,2,0.016,no
abscondita,la,2,0.016,no
absentibus,la,2,0.016,no
absimiles,la,2,0.016,no
absint,la,2,0.016,no
absolvendi,la,2,0.016,no
abundantes,la,2,0.016,no
abundantia,la,2,0.016,no
abundantiam,la,2,0.016,no
acascicamon,la,2,0.016,no
acascicamonem,la,2,0.016,no
accedat,la,2,0.016,no
accedebat,la,2,0.016,no
accessio,la,2,0.016,no
accidat,la,2,0.016,no
accidere,la,2,0.016,no
acciperent,la,2,0.016,no
accipientes,la,2,0.016,no
accipit,la,2,0.016,no
accommodatus,la,2,0.016,no
accusationes,la,2,0.016,no
accusatoris,la,2,0.016,no
achon,la,2,0.016,no
aciam,la,2,0.016,no
acquiescere,la,2,0.016,no
actuatis,la,2,0.016,no
actus,la,2,0.016,no
adamum,la,2,0.016,no
addebat,la,2,0.016,no
addiscendam,la,2,0.016,no
addiscendis,la,2,0.016,no
addita,la,2,0.016,no
additus,la,2,0.016,no
adducat,la,2,0.016,no
adduceret,la,2,0.016,no
ademit,la,2,0.016,no
adeptus,la,2,0.016,no
adferre,la,2,0.016,no
adhaec,la,2,0.016,no
adhibeant,la,2,0.016,no
adhibent,la,2,0.016,no
adiecit,la,2,0.016,no
adit,la,2,0.016,no
aditu,la,2,0.016,no
adiumento,la,2,0.016,no
adiungebant,la,2,0.016,no
adiungere,la,2,0.016,no
adiungitur,la,2,0.016,no
adiuti,la,2,0.016,no
adiuvent,la,2,0.016,no
adjuvant,la,2,0.016,no
administrabamus,la,2,0.016,no
administranda,la,2,0.016,no
administrat,la,2,0.016,no
administratio,la,2,0.016,no
administratores,la,2,0.016,no
administratoris,la,2,0.016,no
administri,la,2,0.016,no
admiserint,la,2,0.016,no
admiserunt,la,2,0.016,no
admissa,la,2,0.016,no
admissurum,la,2,0.016,no
admittebantur,la,2,0.016,no
admittendum,la,2,0.016,no
admonebat,la,2,0.016,no
admonendum,la,2,0.016,no
admonens,la,2,0.016,no
admoneretur,la,2,0.016,no
admonetur,la,2,0.016,no
admonitione,la,2,0.016,no
adolescens,la,2,0.016,no
adolescentes,la,2,0.016,no
adolescentis,la,2,0.016,no
adoptionem,la,2,0.016,no
adorandus,la,2,0.016,no
adrianus,la,2,0.016,no
adscribi,la,2,0.016,no
aduentu,la,2,0.016,no
aduersarum,la,2,0.016,no
adulteria,la,2,0.016,no
adulteriis,la,2,0.016,no
adulterium,la,2,0.016,no
adulti,la,2,0.016,no
advenerat,la,2,0.016,no
advenientes,la,2,0.016,no
advenirent,la,2,0.016,no
advenis,la,2,0.016,no
advenissent,la,2,0.016,no
adversa,la,2,0.016,no
adversarii,la,2,0.016,no
advocarunt,la,2,0.016,no
aedificat,la,2,0.016,no
aedificiis,la,2,0.016,no
aedificio,la,2,0.016,no
aegrotorum,la,2,0.016,no
aegypti,la,2,0.016,no
aegyptiorum,la,2,0.016,no
aemulatio,la,2,0.016,no
aemuli,la,2,0.016,no
aequali,la,2,0.016,no
aequi,la,2,0.016,no
aequinoctiali,la,2,0.016,no
aequissima,la,2,0.016,no
aequitas,la,2,0.016,no
aeramen,la,2,0.016,no
aerarii,la,2,0.016,no
aerarium,la,2,0.016,no
aeres,la,2,0.016,no
aestimant,la,2,0.016,no
aestu,la,2,0.016,no
aetas,la,2,0.016,no
aeternitate,la,2,0.016,no
aeterno,la,2,0.016,no
aeuo,la,2,0.016,no
aevo,la,2,0.016,no
affecisset,la,2,0.016,no
affecti,la,2,0.016,no
affectibus,la,2,0.016,no
afficiebatur,la,2,0.016,no
afficientur,la,2,0.016,no
afficietur,la,2,0.016,no
afficitur,la,2,0.016,no
afficiuntur,la,2,0.016,no
affine,la,2,0.016,no
affines,la,2,0.016,no
affirmabat,la,2,0.016,no
affirmare,la,2,0.016,no
affirmarunt,la,2,0.016,no
affirmemus,la,2,0.016,no
affirment,la,2,0.016,no
affixerunt,la,2,0.016,no
afflictione,la,2,0.016,no
affuturum,la,2,0.016,no
agebantur,la,2,0.016,no
agenda,la,2,0.016,no
agerentur,la,2,0.016,no
ageretur,la,2,0.016,no
agetur,la,2,0.016,no
aggere,la,2,0.016,no
aggeres,la,2,0.016,no
aggredi,la,2,0.016,no
aggregati,la,2,0.016,no
aggressus,la,2,0.016,no
agnito,la,2,0.016,no
agnoscit,la,2,0.016,no
agnovit,la,2,0.016,no
aguntur,la,2,0.016,no
alacritate,la,2,0.016,no
alacriter,la,2,0.016,no
alafa,la,2,0.016,no
albertus,la,2,0.016,no
alexandri,la,2,0.016,no
alfonssus,la,2,0.016,no
aliáque,la,2,0.016,no
aliȩ,la,2,0.016,no
alijque,la,2,0.016,no
alimenta,la,2,0.016,no
aliquantulum,la,2,0.016,no
aliquotiens,la,2,0.016,no
alisoldani,la,2,0.016,no
allatum,la,2,0.016,no
allectusque,la,2,0.016,no
allicerent,la,2,0.016,no
allocutus,la,2,0.016,no
alloqui,la,2,0.016,no
altari,la,2,0.016,no
alterae,la,2,0.016,no
alteriusque,la,2,0.016,no
alternatim,la,2,0.016,no
altiora,la,2,0.016,no
altiores,la,2,0.016,no
altissimam,la,2,0.016,no
alto,la,2,0.016,no
altum,la,2,0.016,no
alumni,la,2,0.016,no
alumnorum,la,2,0.016,no
alumnos,la,2,0.016,no
amacusanas,la,2,0.016,no
amacusanis,la,2,0.016,no
amagutii,la,2,0.016,no
amant,la,2,0.016,no
amantes,la,2,0.016,no
amantissimi,la,2,0.016,no
amator,la,2,0.016,no
amaya,la,2,0.016,no
ambiguitate,la,2,0.016,no
amicam,la,2,0.016,no
amici,la,2,0.016,no
amida,la,2,0.016,no
amiserunt,la,2,0.016,no
amissum,la,2,0.016,no
amittendi,la,2,0.016,no
amittuntur,la,2,0.016,no
amplectendam,la,2,0.016,no
amplecti,la,2,0.016,no
amplexati,la,2,0.016,no
amplificans,la,2,0.016,no
amplissimo,la,2,0.016,no
amplissimum,la,2,0.016,no
ancipites,la,2,0.016,no
ancocugus,la,2,0.016,no
angeli,la,2,0.016,no
angelum,la,2,0.016,no
angelus,la,2,0.016,no
animâ,la,2,0.016,no
animadvertens,la,2,0.016,no
animadvertere,la,2,0.016,no
animadverteret,la,2,0.016,no
animantibus,la,2,0.016,no
animas,la,2,0.016,no
animosus,la,2,0.016,no
annexae,la,2,0.016,no
annuatim,la,2,0.016,no
annuerit,la,2,0.016,no
annus,la,2,0.016,no
annuum,la,2,0.016,no
antecellit,la,2,0.016,no
antesignanum,la,2,0.016,no
antiochiae,la,2,0.016,no
antiqua,la,2,0.016,no
antiquae,la,2,0.016,no
antiquam,la,2,0.016,no
antiquissimam,la,2,0.016,no
antiquo,la,2,0.016,no
antiquus,la,2,0.016,no
aperiendam,la,2,0.016,no
aperire,la,2,0.016,no
apertas,la,2,0.016,no
apertum,la,2,0.016,no
apicem,la,2,0.016,no
apostolicarum,la,2,0.016,no
apostolice,la,2,0.016,no
apostolo,la,2,0.016,no
apostolos,la,2,0.016,no
apparent,la,2,0.016,no
apparerent,la,2,0.016,no
apparitionum,la,2,0.016,no
apparuerunt,la,2,0.016,no
appellantur,la,2,0.016,no
appellationem,la,2,0.016,no
appetant,la,2,0.016,no
appetens,la,2,0.016,no
appetitionem,la,2,0.016,no
applicare,la,2,0.016,no
applicata,la,2,0.016,no
applicuimus,la,2,0.016,no
approbati,la,2,0.016,no
approbatione,la,2,0.016,no
appulit,la,2,0.016,no
aptum,la,2,0.016,no
aquam,la,2,0.016,no
aquaviva,la,2,0.016,no
aquilonari,la,2,0.016,no
arbitrabatur,la,2,0.016,no
arbitramur,la,2,0.016,no
arbitror,la,2,0.016,no
arbores,la,2,0.016,no
archiepiscopo,la,2,0.016,no
arctissimo,la,2,0.016,no
ardens,la,2,0.016,no
ardore,la,2,0.016,no
ardorem,la,2,0.016,no
aream,la,2,0.016,no
argentei,la,2,0.016,no
argolicensi,la,2,0.016,no
argolisensem,la,2,0.016,no
argumenta,la,2,0.016,no
arimano,la,2,0.016,no
arithmeticam,la,2,0.016,no
armata,la,2,0.016,no
armati,la,2,0.016,no
armatorum,la,2,0.016,no
armento,la,2,0.016,no
articulo,la,2,0.016,no
artificibus,la,2,0.016,no
artis,la,2,0.016,no
aruspices,la,2,0.016,no
as,pt,2,0.016,no
ascalon,la,2,0.016,no
ascendant,la,2,0.016,no
ascendentes,la,2,0.016,no
asia,la,2,0.016,no
asiae,la,2,0.016,no
asonodangio,la,2,0.016,no
asonodangius,la,2,0.016,no
aspectantium,la,2,0.016,no
aspectu,la,2,0.016,no
aspectum,la,2,0.016,no
aspernati,la,2,0.016,no
aspirare,la,2,0.016,no
assensum,la,2,0.016,no
asserimus,la,2,0.016,no
asseverant,la,2,0.016,no
assignare,la,2,0.016,no
assistentibus,la,2,0.016,no
assistit,la,2,0.016,no
assultibus,la,2,0.016,no
astrinxerunt,la,2,0.016,no
athenas,la,2,0.016,no
atribus,la,2,0.016,no
atrium,la,2,0.016,no
atrocibus,la,2,0.016,no
attamen,la,2,0.016,no
attoniti,la,2,0.016,no
attribuit,la,2,0.016,no
attributam,la,2,0.016,no
audeo,la,2,0.016,no
audet,la,2,0.016,no
audiat,la,2,0.016,no
audiendi,la,2,0.016,no
audiens,la,2,0.016,no
audient,la,2,0.016,no
audientibus,la,2,0.016,no
audierunt,la,2,0.016,no
audit,la,2,0.016,no
audivi,la,2,0.016,no
auferendo,la,2,0.016,no
aufugerunt,la,2,0.016,no
aufugit,la,2,0.016,no
aufugiunt,la,2,0.016,no
augeat,la,2,0.016,no
augebat,la,2,0.016,no
augere,la,2,0.016,no
augustin,la,2,0.016,no
augusto,la,2,0.016,no
australes,la,2,0.016,no
australiores,la,2,0.016,no
austri,la,2,0.016,no
authentica,la,2,0.016,no
authographum,la,2,0.016,no
authoritate,la,2,0.016,no
autorem,la,2,0.016,no
avaritiam,la,2,0.016,no
avunculus,la,2,0.016,no
aytonius,la,2,0.016,no
bachalaureo,la,2,0.016,no
baldakino,la,2,0.016,no
balthassar,la,2,0.016,no
balthazar,la,2,0.016,no
baptizarat,la,2,0.016,no
baptizare,la,2,0.016,no
baptizatus,la,2,0.016,no
baptizavit,la,2,0.016,no
barbam,la,2,0.016,no
barbaras,la,2,0.016,no
barbarie,la,2,0.016,no
barbarum,la,2,0.016,no
barnabas,la,2,0.016,no
barretus,la,2,0.016,no
barros,la,2,0.016,no
bartholomaeo,la,2,0.016,no
bartholomaeus,la,2,0.016,no
basilicam,la,2,0.016,no
batizavi,la,2,0.016,no
beatę,la,2,0.016,no
beatorum,la,2,0.016,no
beatus,la,2,0.016,no
belchior,la,2,0.016,no
bell,la,2,0.016,no
bellico,la,2,0.016,no
belligerum,la,2,0.016,no
beneficiis,la,2,0.016,no
beneplacito,la,2,0.016,no
beneuolentiam,la,2,0.016,no
benignum,la,2,0.016,no
benignus,la,2,0.016,no
bernardus,la,2,0.016,no
biduo,la,2,0.016,no
biennio,la,2,0.016,no
bigensis,la,2,0.016,no
bioiendoni,la,2,0.016,no
biretum,la,2,0.016,no
bithyniam,la,2,0.016,no
blasphemiis,la,2,0.016,no
bombaim,la,2,0.016,no
bone,la,2,0.016,no
bonitatem,la,2,0.016,no
bonziis,la,2,0.016,no
bonzis,la,2,0.016,no
bonzorum,la,2,0.016,no
borealem,la,2,0.016,no
borealibus,la,2,0.016,no
borealium,la,2,0.016,no
brevem,la,2,0.016,no
brevibus,la,2,0.016,no
brevis,la,2,0.016,no
brevitate,la,2,0.016,no
bruttium,la,2,0.016,no
bugen,la,2,0.016,no
bugensium,la,2,0.016,no
buglio,la,2,0.016,no
buguensis,la,2,0.016,no
bungensem,la,2,0.016,no
buzomi,la,2,0.016,no
byblus,la,2,0.016,no
c'ienthang,la,2,0.016,no
c’ienthang,la,2,0.016,no
ca,la,2,0.016,no
cacodaemonum,la,2,0.016,no
caderet,la,2,0.016,no
cadet,la,2,0.016,no
cae,la,2,0.016,no
caeci,la,2,0.016,no
caeperunt,la,2,0.016,no
caepi,la,2,0.016,no
caesaream,la,2,0.016,no
caesus,la,2,0.016,no
caeterae,la,2,0.016,no
caeteraque,la,2,0.016,no
caeterorum,la,2,0.016,no
cainocamidonus,la,2,0.016,no
cainocamo,la,2,0.016,no
calamitas,la,2,0.016,no
calamitatem,la,2,0.016,no
calamo,la,2,0.016,no
calendas,la,2,0.016,no
cám,la,2,0.016,no
cambium,la,2,0.016,no
cambogensi,la,2,0.016,no
camelorum,la,2,0.016,no
camelos,la,2,0.016,no
campi,la,2,0.016,no
campos,la,2,0.016,no
campum,la,2,0.016,no
camum,la,2,0.016,no
canes,la,2,0.016,no
canguetasum,la,2,0.016,no
canitiem,la,2,0.016,no
cantamus,la,2,0.016,no
cantoniensi,la,2,0.016,no
cantoniensis,la,2,0.016,no
capacitate,la,2,0.016,no
capacitatem,la,2,0.016,no
capiebant,la,2,0.016,no
capiendas,la,2,0.016,no
capillorum,la,2,0.016,no
capio,la,2,0.016,no
capit,la,2,0.016,no
capitalibus,la,2,0.016,no
capitibus,la,2,0.016,no
capiunt,la,2,0.016,no
cappadocia,la,2,0.016,no
captivos,la,2,0.016,no
captivus,la,2,0.016,no
captos,la,2,0.016,no
capud,la,2,0.016,no
carcavelli,la,2,0.016,no
carcer,la,2,0.016,no
cardinalis,la,2,0.016,no
cardosus,la,2,0.016,no
carebunt,la,2,0.016,no
carent,la,2,0.016,no
caritas,la,2,0.016,no
carne,la,2,0.016,no
carnifex,la,2,0.016,no
carnifici,la,2,0.016,no
carnificis,la,2,0.016,no
carolo,la,2,0.016,no
caruisset,la,2,0.016,no
carvalio,la,2,0.016,no
carvallius,la,2,0.016,no
casanova,la,2,0.016,no
caseum,la,2,0.016,no
caso,es,2,0.016,no
caste,la,2,0.016,no
castello,la,2,0.016,no
castimoniam,la,2,0.016,no
castitatis,la,2,0.016,no
castorum,la,2,0.016,no
castro,la,2,0.016,no
cat,la,2,0.016,no
catalogum,la,2,0.016,no
catastrophen,la,2,0.016,no
catechesin,la,2,0.016,no
catenis,la,2,0.016,no
catharina,la,2,0.016,no
cathedralem,la,2,0.016,no
cathedram,la,2,0.016,no
catholice,la,2,0.016,no
catholicum,la,2,0.016,no
cautione,la,2,0.016,no
cayton,la,2,0.016,no
cecidisse,la,2,0.016,no
cedet,la,2,0.016,no
celebranda,la,2,0.016,no
celebres,la,2,0.016,no
celebrior,la,2,0.016,no
celebritas,la,2,0.016,no
celeri,la,2,0.016,no
celeriter,la,2,0.016,no
celerrime,la,2,0.016,no
cena,la,2,0.016,no
cene,la,2,0.016,no
censa,la,2,0.016,no
censentur,la,2,0.016,no
censu,la,2,0.016,no
censuerunt,la,2,0.016,no
censuit,la,2,0.016,no
censum,la,2,0.016,no
centena,la,2,0.016,no
centenario,la,2,0.016,no
centesimum,la,2,0.016,no
ceperunt,la,2,0.016,no
ceremonias,la,2,0.016,no
cernerentur,la,2,0.016,no
certae,la,2,0.016,no
certamine,la,2,0.016,no
certi,la,2,0.016,no
certis,la,2,0.016,no
certissime,la,2,0.016,no
certissimi,la,2,0.016,no
cervice,la,2,0.016,no
cervicem,la,2,0.016,no
cessantia,la,2,0.016,no
cessare,la,2,0.016,no
cessisse,la,2,0.016,no
cessit,la,2,0.016,no
cęteris,la,2,0.016,no
chaldaeorum,la,2,0.016,no
chanem,la,2,0.016,no
changcheu,la,2,0.016,no
chaos,la,2,0.016,no
charissimi,la,2,0.016,no
charissimo,la,2,0.016,no
charissimus,la,2,0.016,no
charitas,la,2,0.016,no
chi,la,2,0.016,no
chicugoquensi,la,2,0.016,no
chiñ,trans,2,0.016,no
chinchilungus,la,2,0.016,no
chiuencheu,la,2,0.016,no
cho,trans,2,0.016,no
chriminalis,la,2,0.016,no
christianismus,la,2,0.016,no
christianitatem,la,2,0.016,no
christianitatis,la,2,0.016,no
christophorus,la,2,0.016,no
cibos,la,2,0.016,no
cibus,la,2,0.016,no
cinere,la,2,0.016,no
cineres,la,2,0.016,no
cingit,la,2,0.016,no
cingulo,la,2,0.016,no
circularem,la,2,0.016,no
circumscripta,la,2,0.016,no
circumstantiis,la,2,0.016,no
citò,la,2,0.016,no
ciuitatis,la,2,0.016,no
ciunangodoni,la,2,0.016,no
ciunangondonus,la,2,0.016,no
civilibus,la,2,0.016,no
cladi,la,2,0.016,no
cladibus,la,2,0.016,no
clamante,la,2,0.016,no
clamantes,la,2,0.016,no
clamoribus,la,2,0.016,no
clara,la,2,0.016,no
clarissime,la,2,0.016,no
claritas,la,2,0.016,no
clarus,la,2,0.016,no
classem,la,2,0.016,no
claudio,la,2,0.016,no
clauditur,la,2,0.016,no
clausi,la,2,0.016,no
clausit,la,2,0.016,no
clausula,la,2,0.016,no
clavum,la,2,0.016,no
clementem,la,2,0.016,no
clementiam,la,2,0.016,no
coccicinenses,la,2,0.016,no
cochim,la,2,0.016,no
cochini,la,2,0.016,no
cocicinae,la,2,0.016,no
cocicinica,la,2,0.016,no
cocincinensis,la,2,0.016,no
cocincinica,la,2,0.016,no
cocini,la,2,0.016,no
coculini,la,2,0.016,no
coculinum,la,2,0.016,no
codicem,la,2,0.016,no
coelorum,la,2,0.016,no
coemptae,la,2,0.016,no
coeptum,la,2,0.016,no
coeterum,la,2,0.016,no
coffler,la,2,0.016,no
cogamur,la,2,0.016,no
cogantur,la,2,0.016,no
cogat,la,2,0.016,no
cogerentur,la,2,0.016,no
cogimur,la,2,0.016,no
cogitabant,la,2,0.016,no
cogitabundi,la,2,0.016,no
cogitatione,la,2,0.016,no
cogitationes,la,2,0.016,no
cogitavit,la,2,0.016,no
cogitent,la,2,0.016,no
cogitur,la,2,0.016,no
cognitas,la,2,0.016,no
cognomine,la,2,0.016,no
cognoscentes,la,2,0.016,no
cohortari,la,2,0.016,no
coire,la,2,0.016,no
coitu,la,2,0.016,no
colamus,la,2,0.016,no
colant,la,2,0.016,no
colantur,la,2,0.016,no
colendam,la,2,0.016,no
colende,la,2,0.016,no
colentes,la,2,0.016,no
coleretur,la,2,0.016,no
collaterales,la,2,0.016,no
collatum,la,2,0.016,no
collegerunt,la,2,0.016,no
collegisset,la,2,0.016,no
colligendam,la,2,0.016,no
collocare,la,2,0.016,no
colloquebatur,la,2,0.016,no
colloqui,la,2,0.016,no
colloquiis,la,2,0.016,no
colloquio,la,2,0.016,no
colloquium,la,2,0.016,no
collum,la,2,0.016,no
coloribus,la,2,0.016,no
columnae,la,2,0.016,no
columnis,la,2,0.016,no
com,la,2,0.016,no
comaniam,la,2,0.016,no
comanie,la,2,0.016,no
combentu,la,2,0.016,no
comendatum,la,2,0.016,no
comercium,la,2,0.016,no
comis,la,2,0.016,no
comissarii,la,2,0.016,no
comitarentur,la,2,0.016,no
comitatu,la,2,0.016,no
comitibus,la,2,0.016,no
commeatu,la,2,0.016,no
commemorabo,la,2,0.016,no
commemoratis,la,2,0.016,no
commendamus,la,2,0.016,no
commendavit,la,2,0.016,no
commendo,la,2,0.016,no
commercia,la,2,0.016,no
commissis,la,2,0.016,no
committamus,la,2,0.016,no
committere,la,2,0.016,no
committeremus,la,2,0.016,no
committerent,la,2,0.016,no
committeret,la,2,0.016,no
commodabat,la,2,0.016,no
commorabantur,la,2,0.016,no
commorantes,la,2,0.016,no
commorantibus,la,2,0.016,no
commoti,la,2,0.016,no
communionem,la,2,0.016,no
communioribus,la,2,0.016,no
comodius,la,2,0.016,no
comoediis,la,2,0.016,no
compactum,la,2,0.016,no
compagnia,la,2,0.016,no
comparari,la,2,0.016,no
comparatio,la,2,0.016,no
comparatione,la,2,0.016,no
comparatur,la,2,0.016,no
compendium,la,2,0.016,no
comperta,la,2,0.016,no
complecti,la,2,0.016,no
completis,la,2,0.016,no
complexu,la,2,0.016,no
complexus,la,2,0.016,no
complura,la,2,0.016,no
composuit,la,2,0.016,no
comprobetur,la,2,0.016,no
compulsi,la,2,0.016,no
compulsus,la,2,0.016,no
conabatur,la,2,0.016,no
conantur,la,2,0.016,no
conatibus,la,2,0.016,no
conatur,la,2,0.016,no
concedat,la,2,0.016,no
concedendum,la,2,0.016,no
concedimus,la,2,0.016,no
conception,es,2,0.016,no
concessae,la,2,0.016,no
concessam,la,2,0.016,no
concesserat,la,2,0.016,no
concesserit,la,2,0.016,no
concessione,la,2,0.016,no
concessiones,la,2,0.016,no
concessionibus,la,2,0.016,no
concessisset,la,2,0.016,no
concesso,la,2,0.016,no
conciliavit,la,2,0.016,no
concilient,la,2,0.016,no
concionatores,la,2,0.016,no
concionatus,la,2,0.016,no
conciones,la,2,0.016,no
concipio,la,2,0.016,no
concluderet,la,2,0.016,no
concordat,la,2,0.016,no
concordia,la,2,0.016,no
concrematae,la,2,0.016,no
concretum,la,2,0.016,no
concubinae,la,2,0.016,no
concubitus,la,2,0.016,no
concurrere,la,2,0.016,no
concursum,la,2,0.016,no
concursus,la,2,0.016,no
condemnati,la,2,0.016,no
condemnatur,la,2,0.016,no
condicta,la,2,0.016,no
condita,la,2,0.016,no
conditionis,la,2,0.016,no
condonavit,la,2,0.016,no
conductis,la,2,0.016,no
conduxit,la,2,0.016,no
confecto,la,2,0.016,no
confectus,la,2,0.016,no
conferant,la,2,0.016,no
conferendi,la,2,0.016,no
confert,la,2,0.016,no
confertum,la,2,0.016,no
confessarii,la,2,0.016,no
confessarius,la,2,0.016,no
confessi,la,2,0.016,no
confessores,la,2,0.016,no
conficiunt,la,2,0.016,no
confidit,la,2,0.016,no
confinis,la,2,0.016,no
confirmaret,la,2,0.016,no
confirmata,la,2,0.016,no
confirmationem,la,2,0.016,no
confirmatum,la,2,0.016,no
confirmauit,la,2,0.016,no
confitendi,la,2,0.016,no
confitentur,la,2,0.016,no
conflagravit,la,2,0.016,no
confugerat,la,2,0.016,no
confusione,la,2,0.016,no
congregandi,la,2,0.016,no
congregantur,la,2,0.016,no
congregare,la,2,0.016,no
congregationes,la,2,0.016,no
congruenti,la,2,0.016,no
congruentia,la,2,0.016,no
congruere,la,2,0.016,no
coniectus,la,2,0.016,no
coniiciens,la,2,0.016,no
conimbricam,la,2,0.016,no
coniugem,la,2,0.016,no
coniunctae,la,2,0.016,no
coniunctione,la,2,0.016,no
coniunctis,la,2,0.016,no
coniunctus,la,2,0.016,no
coniungere,la,2,0.016,no
coniungi,la,2,0.016,no
coniux,la,2,0.016,no
conjunctam,la,2,0.016,no
conjunctum,la,2,0.016,no
conquestus,la,2,0.016,no
conquisiti,la,2,0.016,no
conscendant,la,2,0.016,no
conscendit,la,2,0.016,no
conscribere,la,2,0.016,no
conscripserunt,la,2,0.016,no
consecuta,la,2,0.016,no
consecuti,la,2,0.016,no
consecuturum,la,2,0.016,no
consensione,la,2,0.016,no
consentaneam,la,2,0.016,no
consentiant,la,2,0.016,no
consequetur,la,2,0.016,no
conseruant,la,2,0.016,no
conseruata,la,2,0.016,no
conservandas,la,2,0.016,no
conservaret,la,2,0.016,no
considerata,la,2,0.016,no
consideres,la,2,0.016,no
consimili,la,2,0.016,no
consolationes,la,2,0.016,no
consolatus,la,2,0.016,no
constabat,la,2,0.016,no
constant,la,2,0.016,no
constantinopolim,la,2,0.016,no
constantinopolis,la,2,0.016,no
constitit,la,2,0.016,no
constituant,la,2,0.016,no
constituatur,la,2,0.016,no
constituendo,la,2,0.016,no
constituendum,la,2,0.016,no
constituere,la,2,0.016,no
constituerunt,la,2,0.016,no
constitutae,la,2,0.016,no
constitutionum,la,2,0.016,no
constitutis,la,2,0.016,no
constituunt,la,2,0.016,no
construere,la,2,0.016,no
consuetudines,la,2,0.016,no
consulatur,la,2,0.016,no
consuleretur,la,2,0.016,no
consultoribus,la,2,0.016,no
consultum,la,2,0.016,no
consumpta,la,2,0.016,no
contegunt,la,2,0.016,no
contemplatus,la,2,0.016,no
contendere,la,2,0.016,no
contendunt,la,2,0.016,no
contentio,la,2,0.016,no
contineant,la,2,0.016,no
continentem,la,2,0.016,no
continenti,la,2,0.016,no
contineret,la,2,0.016,no
contingat,la,2,0.016,no
contingere,la,2,0.016,no
continua,la,2,0.016,no
continuam,la,2,0.016,no
continuoque,la,2,0.016,no
continuos,la,2,0.016,no
contrahere,la,2,0.016,no
contrarios,la,2,0.016,no
contravero,la,2,0.016,no
contraxit,la,2,0.016,no
contritionem,la,2,0.016,no
contumelias,la,2,0.016,no
conuenientem,la,2,0.016,no
conveniant,la,2,0.016,no
convenientissimum,la,2,0.016,no
convenisse,la,2,0.016,no
conversationem,la,2,0.016,no
conversione,la,2,0.016,no
converso,la,2,0.016,no
conversorum,la,2,0.016,no
convertendae,la,2,0.016,no
convertendis,la,2,0.016,no
convertere,la,2,0.016,no
converterentur,la,2,0.016,no
converteret,la,2,0.016,no
converti,la,2,0.016,no
conviviis,la,2,0.016,no
convivium,la,2,0.016,no
convocat,la,2,0.016,no
cooperatores,la,2,0.016,no
copiosam,la,2,0.016,no
copiose,la,2,0.016,no
copuletur,la,2,0.016,no
coraianae,la,2,0.016,no
coreano,la,2,0.016,no
corinthum,la,2,0.016,no
corporisque,la,2,0.016,no
corrumpi,la,2,0.016,no
corrupti,la,2,0.016,no
corruptus,la,2,0.016,no
corumensium,la,2,0.016,no
corvino,la,2,0.016,no
cottinius,la,2,0.016,no
coulani,la,2,0.016,no
creamus,la,2,0.016,no
crearet,la,2,0.016,no
creatae,la,2,0.016,no
creatis,la,2,0.016,no
creatori,la,2,0.016,no
creaturis,la,2,0.016,no
credam,la,2,0.016,no
credat,la,2,0.016,no
credendum,la,2,0.016,no
crederem,la,2,0.016,no
credidit,la,2,0.016,no
creta,la,2,0.016,no
crimina,la,2,0.016,no
criminalis,la,2,0.016,no
criminibus,la,2,0.016,no
cruce,la,2,0.016,no
cruciatuum,la,2,0.016,no
crudelissimam,la,2,0.016,no
crudelitate,la,2,0.016,no
cubiculis,la,2,0.016,no
cuiquam,la,2,0.016,no
cúmque,la,2,0.016,no
cumulati,la,2,0.016,no
cunctas,la,2,0.016,no
cunctatione,la,2,0.016,no
cuniculos,la,2,0.016,no
cunque,la,2,0.016,no
cupidissime,la,2,0.016,no
cupiditatem,la,2,0.016,no
cupiditatis,la,2,0.016,no
cupiens,la,2,0.016,no
curabat,la,2,0.016,no
curandae,la,2,0.016,no
curandi,la,2,0.016,no
curant,la,2,0.016,no
curare,la,2,0.016,no
curarent,la,2,0.016,no
curaret,la,2,0.016,no
curribus,la,2,0.016,no
cursorem,la,2,0.016,no
custodiae,la,2,0.016,no
custodienda,la,2,0.016,no
cymba,la,2,0.016,no
cyngis,la,2,0.016,no
dabat,la,2,0.016,no
daemone,la,2,0.016,no
damnandi,la,2,0.016,no
damnationis,la,2,0.016,no
damnis,la,2,0.016,no
darent,la,2,0.016,no
datae,la,2,0.016,no
datur,la,2,0.016,no
datus,la,2,0.016,no
debebat,la,2,0.016,no
debellandi,la,2,0.016,no
debellassent,la,2,0.016,no
debeo,la,2,0.016,no
deberent,la,2,0.016,no
debetis,la,2,0.016,no
debetur,la,2,0.016,no
debitae,la,2,0.016,no
debuerim,la,2,0.016,no
deceat,la,2,0.016,no
decembri,la,2,0.016,no
decentissime,la,2,0.016,no
deceptos,la,2,0.016,no
decies,la,2,0.016,no
declaramus,la,2,0.016,no
declaranda,la,2,0.016,no
declarant,la,2,0.016,no
declarari,la,2,0.016,no
declarata,la,2,0.016,no
declaratus,la,2,0.016,no
decoratus,la,2,0.016,no
decreuerat,la,2,0.016,no
decrevisset,la,2,0.016,no
decursu,la,2,0.016,no
dedecoris,la,2,0.016,no
dedere,la,2,0.016,no
dederit,la,2,0.016,no
dedi,la,2,0.016,no
dediderunt,la,2,0.016,no
dedisse,la,2,0.016,no
deducerent,la,2,0.016,no
deerant,la,2,0.016,no
defecerunt,la,2,0.016,no
defectibus,la,2,0.016,no
defectiones,la,2,0.016,no
defectu,la,2,0.016,no
defendendi,la,2,0.016,no
defenderent,la,2,0.016,no
defenderunt,la,2,0.016,no
defendit,la,2,0.016,no
deferretur,la,2,0.016,no
deficere,la,2,0.016,no
deficit,la,2,0.016,no
definitionem,la,2,0.016,no
defixi,la,2,0.016,no
defuere,la,2,0.016,no
defunctus,la,2,0.016,no
degentem,la,2,0.016,no
degit,la,2,0.016,no
deiecit,la,2,0.016,no
deiecti,la,2,0.016,no
deiectus,la,2,0.016,no
delata,la,2,0.016,no
delatis,la,2,0.016,no
delatum,la,2,0.016,no
delebat,la,2,0.016,no
delectabilibus,la,2,0.016,no
delectu,la,2,0.016,no
delectum,la,2,0.016,no
delent,la,2,0.016,no
delere,la,2,0.016,no
deleta,la,2,0.016,no
deliberationem,la,2,0.016,no
delinquunt,la,2,0.016,no
demandata,la,2,0.016,no
demerebatur,la,2,0.016,no
demissione,la,2,0.016,no
demoratus,la,2,0.016,no
denuntio,la,2,0.016,no
deponantur,la,2,0.016,no
deponendum,la,2,0.016,no
depositum,la,2,0.016,no
deprecatus,la,2,0.016,no
derepente,la,2,0.016,no
descendens,la,2,0.016,no
descripsimus,la,2,0.016,no
deserit,la,2,0.016,no
deserta,la,2,0.016,no
desertis,la,2,0.016,no
deserto,la,2,0.016,no
desertum,la,2,0.016,no
deserturos,la,2,0.016,no
desiderarent,la,2,0.016,no
desint,la,2,0.016,no
deste,pt,2,0.016,no
destinatum,la,2,0.016,no
destitutos,la,2,0.016,no
destitutus,la,2,0.016,no
destruatur,la,2,0.016,no
destructum,la,2,0.016,no
desuper,la,2,0.016,no
detecto,la,2,0.016,no
deterior,la,2,0.016,no
deteriora,la,2,0.016,no
determinationem,la,2,0.016,no
detestati,la,2,0.016,no
detrectare,la,2,0.016,no
detulit,la,2,0.016,no
devenerit,la,2,0.016,no
deveniant,la,2,0.016,no
dextera,la,2,0.016,no
dexteram,la,2,0.016,no
dexteritate,la,2,0.016,no
dextris,la,2,0.016,no
diabolica,la,2,0.016,no
diabolus,la,2,0.016,no
díaz,la,2,0.016,no
dicat,la,2,0.016,no
dicendis,la,2,0.016,no
dicendum,la,2,0.016,no
diceret,la,2,0.016,no
dictamen,la,2,0.016,no
dictȩ,la,2,0.016,no
dictitabant,la,2,0.016,no
dictorum,la,2,0.016,no
didicerant,la,2,0.016,no
diei,la,2,0.016,no
diesque,la,2,0.016,no
dietis,la,2,0.016,no
differebant,la,2,0.016,no
differunt,la,2,0.016,no
difficultas,la,2,0.016,no
difficultatibus,la,2,0.016,no
difficultatis,la,2,0.016,no
diffiteri,la,2,0.016,no
dificilius,la,2,0.016,no
digitorum,la,2,0.016,no
dignentur,la,2,0.016,no
dignitates,la,2,0.016,no
dignitati,la,2,0.016,no
dignos,la,2,0.016,no
dilectissimi,la,2,0.016,no
diligebat,la,2,0.016,no
diligentissime,la,2,0.016,no
diluculo,la,2,0.016,no
dimicare,la,2,0.016,no
dimidiati,la,2,0.016,no
dimissus,la,2,0.016,no
dira,la,2,0.016,no
directo,la,2,0.016,no
dirigat,la,2,0.016,no
diriperent,la,2,0.016,no
dirissima,la,2,0.016,no
discedendum,la,2,0.016,no
discernere,la,2,0.016,no
disciplina,la,2,0.016,no
discipuli,la,2,0.016,no
discipulus,la,2,0.016,no
discribi,la,2,0.016,no
discunt,la,2,0.016,no
disertis,la,2,0.016,no
dispensarius,la,2,0.016,no
dispersa,la,2,0.016,no
dispersis,la,2,0.016,no
dispersos,la,2,0.016,no
disponendum,la,2,0.016,no
disponente,la,2,0.016,no
disponere,la,2,0.016,no
disponeret,la,2,0.016,no
disposita,la,2,0.016,no
disputationis,la,2,0.016,no
dissensiones,la,2,0.016,no
dissoluta,la,2,0.016,no
distant,la,2,0.016,no
distantem,la,2,0.016,no
distantes,la,2,0.016,no
distentique,la,2,0.016,no
distulit,la,2,0.016,no
ditissimam,la,2,0.016,no
ditissimi,la,2,0.016,no
diuinitatis,la,2,0.016,no
diuinus,la,2,0.016,no
diuitum,la,2,0.016,no
diutina,la,2,0.016,no
diversos,la,2,0.016,no
divertere,la,2,0.016,no
divi,la,2,0.016,no
divinȩ,la,2,0.016,no
divinissimum,la,2,0.016,no
divitibus,la,2,0.016,no
divos,la,2,0.016,no
dixeris,la,2,0.016,no
dixisse,la,2,0.016,no
dni,la,2,0.016,no
doceat,la,2,0.016,no
docendas,la,2,0.016,no
docentur,la,2,0.016,no
doceri,la,2,0.016,no
doctoribus,la,2,0.016,no
doctrinis,la,2,0.016,no
doctum,la,2,0.016,no
dogici,la,2,0.016,no
dogicos,la,2,0.016,no
dogmata,la,2,0.016,no
doleret,la,2,0.016,no
doli,la,2,0.016,no
dolor,la,2,0.016,no
dolores,la,2,0.016,no
doloribus,la,2,0.016,no
domesticas,la,2,0.016,no
domicilium,la,2,0.016,no
domin,la,2,0.016,no
dominatio,la,2,0.016,no
dominationi,la,2,0.016,no
dominatu,la,2,0.016,no
dominatum,la,2,0.016,no
dominatur,la,2,0.016,no
dominium,la,2,0.016,no
dona,la,2,0.016,no
donabat,la,2,0.016,no
donare,la,2,0.016,no
donavit,la,2,0.016,no
dos,la,2,0.016,no
dubiam,la,2,0.016,no
dubitabant,la,2,0.016,no
ducentas,la,2,0.016,no
ducenti,la,2,0.016,no
ducere,la,2,0.016,no
ducerent,la,2,0.016,no
duceretur,la,2,0.016,no
ducit,la,2,0.016,no
ducti,la,2,0.016,no
ductor,la,2,0.016,no
ductu,la,2,0.016,no
ducuntur,la,2,0.016,no
duodeviginti,la,2,0.016,no
duplex,la,2,0.016,no
duplici,la,2,0.016,no
duravit,la,2,0.016,no
duxi,la,2,0.016,no
dynastarum,la,2,0.016,no
eaq,la,2,0.016,no
eborensis,la,2,0.016,no
ecclesiastici,la,2,0.016,no
ecclesise,la,2,0.016,no
eciam,la,2,0.016,no
edessa,la,2,0.016,no
edificatione,la,2,0.016,no
edificavi,la,2,0.016,no
editi,la,2,0.016,no
edixerunt,la,2,0.016,no
edixit,la,2,0.016,no
edocent,la,2,0.016,no
edocti,la,2,0.016,no
edoctus,la,2,0.016,no
edunt,la,2,0.016,no
eduxit,la,2,0.016,no
ee.dd,la,2,0.016,no
effecerunt,la,2,0.016,no
effectu,la,2,0.016,no
effecturum,la,2,0.016,no
efferens,la,2,0.016,no
efficacia,la,2,0.016,no
efficiet,la,2,0.016,no
efficit,la,2,0.016,no
effugiis,la,2,0.016,no
effugit,la,2,0.016,no
effugium,la,2,0.016,no
effusio,la,2,0.016,no
egent,la,2,0.016,no
egredi,la,2,0.016,no
egregius,la,2,0.016,no
eicit,la,2,0.016,no
eiicere,la,2,0.016,no
eiiceret,la,2,0.016,no
eisdemque,la,2,0.016,no
elanguit,la,2,0.016,no
elapsum,la,2,0.016,no
elata,la,2,0.016,no
electioni,la,2,0.016,no
electo,la,2,0.016,no
eleemosynae,la,2,0.016,no
eleemosynam,la,2,0.016,no
eleemosynas,la,2,0.016,no
elegantissimo,la,2,0.016,no
elegerant,la,2,0.016,no
elegerat,la,2,0.016,no
elementorum,la,2,0.016,no
elemosinas,la,2,0.016,no
emeret,la,2,0.016,no
emergentia,la,2,0.016,no
eminenter,la,2,0.016,no
eminentiarum,la,2,0.016,no
eminentissimi,la,2,0.016,no
eminentium,la,2,0.016,no
eminus,la,2,0.016,no
emiserunt,la,2,0.016,no
emissum,la,2,0.016,no
emit,la,2,0.016,no
emittant,la,2,0.016,no
emittendi,la,2,0.016,no
emittendo,la,2,0.016,no
emittunt,la,2,0.016,no
emmanuele,la,2,0.016,no
emmanuelis,la,2,0.016,no
emolumento,la,2,0.016,no
emorum,la,2,0.016,no
emptione,la,2,0.016,no
eodemque,la,2,0.016,no
eor,la,2,0.016,no
epi,la,2,0.016,no
epikeiam,la,2,0.016,no
epirus,la,2,0.016,no
epistolis,la,2,0.016,no
eques,la,2,0.016,no
equidem,la,2,0.016,no
equo,la,2,0.016,no
er,la,2,0.016,no
erectis,la,2,0.016,no
erexit,la,2,0.016,no
erratis,la,2,0.016,no
eruditos,la,2,0.016,no
esta,es,2,0.016,yes
estis,la,2,0.016,no
estne,la,2,0.016,no
esto,la,2,0.016,no
etatis,la,2,0.016,no
ethnicus,la,2,0.016,no
euenit,la,2,0.016,no
eundi,la,2,0.016,no
euntes,la,2,0.016,no
eunuchorum,la,2,0.016,no
eunuchum,la,2,0.016,no
europaeorum,la,2,0.016,no
europaeos,la,2,0.016,no
evaderent,la,2,0.016,no
evangelico,la,2,0.016,no
evangelij,la,2,0.016,no
evangelizandum,la,2,0.016,no
evangelizare,la,2,0.016,no
evasisse,la,2,0.016,no
evasisset,la,2,0.016,no
evectus,la,2,0.016,no
eveniunt,la,2,0.016,no
eventuum,la,2,0.016,no
everendo,la,2,0.016,no
everendum,la,2,0.016,no
eversae,la,2,0.016,no
evidens,la,2,0.016,no
evitare,la,2,0.016,no
evulgavit,la,2,0.016,no
exacte,la,2,0.016,no
exaequat,la,2,0.016,no
exagitari,la,2,0.016,no
examina,la,2,0.016,no
examinata,la,2,0.016,no
examinati,la,2,0.016,no
examine,la,2,0.016,no
exasperavit,la,2,0.016,no
excedens,la,2,0.016,no
excedit,la,2,0.016,no
excedunt,la,2,0.016,no
excepto,la,2,0.016,no
excesserat,la,2,0.016,no
excessisse,la,2,0.016,no
excessit,la,2,0.016,no
excidio,la,2,0.016,no
excipiendos,la,2,0.016,no
excipiuntur,la,2,0.016,no
excitasset,la,2,0.016,no
excitata,la,2,0.016,no
excludi,la,2,0.016,no
excolendis,la,2,0.016,no
excolere,la,2,0.016,no
excreverant,la,2,0.016,no
excruciati,la,2,0.016,no
excusationem,la,2,0.016,no
excutere,la,2,0.016,no
executione,la,2,0.016,no
exemit,la,2,0.016,no
exempli,la,2,0.016,no
exempta,la,2,0.016,no
exercendam,la,2,0.016,no
exercent,la,2,0.016,no
exercitia,la,2,0.016,no
exercitium,la,2,0.016,no
exercuisset,la,2,0.016,no
exercuit,la,2,0.016,no
exeundi,la,2,0.016,no
exeunte,la,2,0.016,no
exeuntes,la,2,0.016,no
exhibitis,la,2,0.016,no
exiens,la,2,0.016,no
exigatur,la,2,0.016,no
exigi,la,2,0.016,no
exigitur,la,2,0.016,no
exiguos,la,2,0.016,no
exiguum,la,2,0.016,no
exilii,la,2,0.016,no
eximi,la,2,0.016,no
eximijs,la,2,0.016,no
existens,la,2,0.016,no
existentes,la,2,0.016,no
existimant,la,2,0.016,no
existimarent,la,2,0.016,no
existimatio,la,2,0.016,no
existimo,la,2,0.016,no
exitium,la,2,0.016,no
exitum,la,2,0.016,no
exivi,la,2,0.016,no
exomologesin,la,2,0.016,no
exordio,la,2,0.016,no
exorti,la,2,0.016,no
expectabamus,la,2,0.016,no
expectabat,la,2,0.016,no
expectantes,la,2,0.016,no
expectari,la,2,0.016,no
expectat,la,2,0.016,no
expectatione,la,2,0.016,no
expectationis,la,2,0.016,no
expecto,la,2,0.016,no
expediat,la,2,0.016,no
expedienda,la,2,0.016,no
expediri,la,2,0.016,no
expeditum,la,2,0.016,no
expeditus,la,2,0.016,no
expelleret,la,2,0.016,no
expendit,la,2,0.016,no
expenditur,la,2,0.016,no
experiar,la,2,0.016,no
experimento,la,2,0.016,no
expleatur,la,2,0.016,no
expleri,la,2,0.016,no
expleto,la,2,0.016,no
explicare,la,2,0.016,no
exploraret,la,2,0.016,no
explorata,la,2,0.016,no
explorator,la,2,0.016,no
exploratum,la,2,0.016,no
exponeret,la,2,0.016,no
exposita,la,2,0.016,no
exposui,la,2,0.016,no
exposuimus,la,2,0.016,no
expresso,la,2,0.016,no
expulsi,la,2,0.016,no
exquisitis,la,2,0.016,no
exspectare,la,2,0.016,no
extaret,la,2,0.016,no
extendendi,la,2,0.016,no
exteris,la,2,0.016,no
exterius,la,2,0.016,no
externa,la,2,0.016,no
externos,la,2,0.016,no
exteros,la,2,0.016,no
extinctis,la,2,0.016,no
extinctum,la,2,0.016,no
extinctus,la,2,0.016,no
extinguere,la,2,0.016,no
extinguitur,la,2,0.016,no
extirparet,la,2,0.016,no
extiterint,la,2,0.016,no
extiterunt,la,2,0.016,no
extitit,la,2,0.016,no
extolleremur,la,2,0.016,no
extraneorum,la,2,0.016,no
extraordinariam,la,2,0.016,no
extrinsecus,la,2,0.016,no
extructurum,la,2,0.016,no
extrui,la,2,0.016,no
extruxerat,la,2,0.016,no
extruxit,la,2,0.016,no
extulit,la,2,0.016,no
exturbati,la,2,0.016,no
exueretur,la,2,0.016,no
exulare,la,2,0.016,no
exularent,la,2,0.016,no
exules,la,2,0.016,no
fa,la,2,0.016,no
fabianus,la,2,0.016,no
fabulas,la,2,0.016,no
facata,la,2,0.016,no
facatensi,la,2,0.016,no
facerem,la,2,0.016,no
facie,la,2,0.016,no
faciebant,la,2,0.016,no
faciles,la,2,0.016,no
facilior,la,2,0.016,no
facillimo,la,2,0.016,no
facimus,la,2,0.016,no
facinora,la,2,0.016,no
factionem,la,2,0.016,no
factioni,la,2,0.016,no
facturos,la,2,0.016,no
facturus,la,2,0.016,no
faemina,la,2,0.016,no
faeminis,la,2,0.016,no
fallere,la,2,0.016,no
falsae,la,2,0.016,no
falsitatis,la,2,0.016,no
falsos,la,2,0.016,no
famam,la,2,0.016,no
famę,la,2,0.016,no
famis,la,2,0.016,no
famulatum,la,2,0.016,no
famuli,la,2,0.016,no
famulo,la,2,0.016,no
famulorum,la,2,0.016,no
fatentur,la,2,0.016,no
fateri,la,2,0.016,no
fauces,la,2,0.016,no
fautorem,la,2,0.016,no
faveat,la,2,0.016,no
faveret,la,2,0.016,no
fecere,la,2,0.016,no
fecerint,la,2,0.016,no
fecerit,la,2,0.016,no
fefellit,la,2,0.016,no
felicem,la,2,0.016,no
felicianus,la,2,0.016,no
felicissime,la,2,0.016,no
ferè,la,2,0.016,no
ferebatur,la,2,0.016,no
feretrum,la,2,0.016,no
feria,la,2,0.016,no
fervor,la,2,0.016,no
festis,la,2,0.016,no
festo,la,2,0.016,no
festos,la,2,0.016,no
fid,la,2,0.016,no
fideli,la,2,0.016,no
fidelis,la,2,0.016,no
fidelissimo,la,2,0.016,no
fidelissimus,la,2,0.016,no
fidelitas,la,2,0.016,no
fidelitate,la,2,0.016,no
fidelitatem,la,2,0.016,no
fidelitatis,la,2,0.016,no
fidens,la,2,0.016,no
fidus,la,2,0.016,no
fiebant,la,2,0.016,no
figant,la,2,0.016,no
figen,la,2,0.016,no
figheredo,la,2,0.016,no
figueira,la,2,0.016,no
filiabus,la,2,0.016,no
filiae,la,2,0.016,no
filioli,la,2,0.016,no
fingani,la,2,0.016,no
fingensis,la,2,0.016,no
fingere,la,2,0.016,no
finito,la,2,0.016,no
firandensem,la,2,0.016,no
firandenses,la,2,0.016,no
firandensis,la,2,0.016,no
firmam,la,2,0.016,no
firmata,la,2,0.016,no
firmavit,la,2,0.016,no
firmissima,la,2,0.016,no
firmitas,la,2,0.016,no
firmum,la,2,0.016,no
firoscima,la,2,0.016,no
firoscimae,la,2,0.016,no
firoscimam,la,2,0.016,no
firoximano,la,2,0.016,no
fixerunt,la,2,0.016,no
flagell,la,2,0.016,no
flagitia,la,2,0.016,no
flagitiorum,la,2,0.016,no
flagitiose,la,2,0.016,no
flammae,la,2,0.016,no
fluens,la,2,0.016,no
fluit,la,2,0.016,no
fluminibus,la,2,0.016,no
fluuium,la,2,0.016,no
focheu,la,2,0.016,no
foedera,la,2,0.016,no
foederatus,la,2,0.016,no
foedere,la,2,0.016,no
foederibus,la,2,0.016,no
foedissime,la,2,0.016,no
foedo,la,2,0.016,no
foeminis,la,2,0.016,no
fontes,la,2,0.016,no
foris,la,2,0.016,no
formidabant,la,2,0.016,no
formidabat,la,2,0.016,no
formidantes,la,2,0.016,no
formidinem,la,2,0.016,no
formido,la,2,0.016,no
forsitan,la,2,0.016,no
fortassis,la,2,0.016,no
fortissima,la,2,0.016,no
fortitudinis,la,2,0.016,no
fortunarumque,la,2,0.016,no
fossae,la,2,0.016,no
fotoque,la,2,0.016,no
fovere,la,2,0.016,no
fr.antonius,la,2,0.016,no
franciscanis,la,2,0.016,no
fratresque,la,2,0.016,no
fraudatur,la,2,0.016,no
fraudibus,la,2,0.016,no
frequentissime,la,2,0.016,no
fretum,la,2,0.016,no
frigora,la,2,0.016,no
fronte,la,2,0.016,no
frontem,la,2,0.016,no
frui,la,2,0.016,no
fruitur,la,2,0.016,no
frumento,la,2,0.016,no
frumentum,la,2,0.016,no
fucuscimadoni,la,2,0.016,no
fucuscimadonus,la,2,0.016,no
fuerim,la,2,0.016,no
fuerimus,la,2,0.016,no
fugerunt,la,2,0.016,no
fundamento,la,2,0.016,no
fundare,la,2,0.016,no
fundationi,la,2,0.016,no
fundatorum,la,2,0.016,no
funera,la,2,0.016,no
furiae,la,2,0.016,no
furiose,la,2,0.016,no
furta,la,2,0.016,no
furtado,la,2,0.016,no
fusa,la,2,0.016,no
fusè,la,2,0.016,no
fusum,la,2,0.016,no
futurae,la,2,0.016,no
futuram,la,2,0.016,no
futuros,la,2,0.016,no
gabriel,la,2,0.016,no
galatas,la,2,0.016,no
galatia,la,2,0.016,no
galli,la,2,0.016,no
garcia,la,2,0.016,no
gaza,la,2,0.016,no
ge,trans,2,0.016,no
generibus,la,2,0.016,no
genio,la,2,0.016,no
genti,la,2,0.016,no
gentilico,la,2,0.016,no
genua,la,2,0.016,no
georgii,la,2,0.016,no
gerant,la,2,0.016,no
gerardinus,la,2,0.016,no
gerentibus,la,2,0.016,no
gererent,la,2,0.016,no
germani,la,2,0.016,no
gesit,la,2,0.016,no
gessi,la,2,0.016,no
gibonoscii,la,2,0.016,no
gin,trans,2,0.016,no
gladiis,la,2,0.016,no
globo,la,2,0.016,no
gloriosae,la,2,0.016,no
gloriose,la,2,0.016,no
gloriosissima,la,2,0.016,no
glorioso,la,2,0.016,no
gnari,la,2,0.016,no
goano,la,2,0.016,no
góes,la,2,0.016,no
gonzales,la,2,0.016,no
gonzalez,la,2,0.016,no
gouense,la,2,0.016,no
govea,la,2,0.016,no
grande,la,2,0.016,no
grassante,la,2,0.016,no
gratiis,la,2,0.016,no
gratis,la,2,0.016,no
graui,la,2,0.016,no
gravata,la,2,0.016,no
grave,la,2,0.016,no
graves,la,2,0.016,no
gravi,la,2,0.016,no
gravis,la,2,0.016,no
gravissimas,la,2,0.016,no
grege,la,2,0.016,no
greges,la,2,0.016,no
guardiano,la,2,0.016,no
gubernabatur,la,2,0.016,no
gubernat,la,2,0.016,no
guei,trans,2,0.016,no
guerram,la,2,0.016,no
guey,la,2,0.016,no
guifuanum,la,2,0.016,no
gymnasium,la,2,0.016,no
gypones,la,2,0.016,no
habeas,la,2,0.016,no
habebam,la,2,0.016,no
habebamus,la,2,0.016,no
habendis,la,2,0.016,no
habetur,la,2,0.016,no
habitet,la,2,0.016,no
haereditario,la,2,0.016,no
haerere,la,2,0.016,no
haimuen,la,2,0.016,no
haynan,la,2,0.016,no
hebdomade,la,2,0.016,no
heliopolis,la,2,0.016,no
heliopolitani,la,2,0.016,no
herede,la,2,0.016,no
hermano,es,2,0.016,no
herode,la,2,0.016,no
herodem,la,2,0.016,no
herodes,la,2,0.016,no
herodis,la,2,0.016,no
hì,la,2,0.016,no
hiemem,la,2,0.016,no
hieronimus,la,2,0.016,no
hieronymum,la,2,0.016,no
hierusalem,la,2,0.016,no
hispaniarum,la,2,0.016,no
hispanorum,la,2,0.016,no
historiam,la,2,0.016,no
historicus,la,2,0.016,no
hoan,trans,2,0.016,no
honestatis,la,2,0.016,no
honeste,la,2,0.016,no
hoo,la,2,0.016,no
horribili,la,2,0.016,no
horrida,la,2,0.016,no
hortationibus,la,2,0.016,no
hospitari,la,2,0.016,no
hospitem,la,2,0.016,no
hospitio,la,2,0.016,no
hostiles,la,2,0.016,no
hostilibus,la,2,0.016,no
hujuscemodi,la,2,0.016,no
hujusmodi,la,2,0.016,no
hukuang,la,2,0.016,no
humo,la,2,0.016,no
hungquango,la,2,0.016,no
hungquangum,la,2,0.016,no
hyeronimus,la,2,0.016,no
hymno,la,2,0.016,no
iactum,la,2,0.016,no
iacturam,la,2,0.016,no
ianuas,la,2,0.016,no
ianuis,la,2,0.016,no
iaponensem,la,2,0.016,no
iaponenses,la,2,0.016,no
iaponensis,la,2,0.016,no
iapones,la,2,0.016,no
iaponi,la,2,0.016,no
iaponibus,la,2,0.016,no
iaponicae,la,2,0.016,no
iaponicarum,la,2,0.016,no
iaponicas,la,2,0.016,no
iaponicis,la,2,0.016,no
iaponis,la,2,0.016,no
iaponum,la,2,0.016,no
iapponensibus,la,2,0.016,no
ibant,la,2,0.016,no
idalcani,la,2,0.016,no
idemque,la,2,0.016,no
idolo,la,2,0.016,no
idololatria,la,2,0.016,no
idoneos,la,2,0.016,no
idoneus,la,2,0.016,no
ieiunio,la,2,0.016,no
ignea,la,2,0.016,no
ignobiles,la,2,0.016,no
ignominia,la,2,0.016,no
ignorabat,la,2,0.016,no
ignorantiae,la,2,0.016,no
ignoraret,la,2,0.016,no
ignorata,la,2,0.016,no
ignoratione,la,2,0.016,no
ignoratur,la,2,0.016,no
ignota,la,2,0.016,no
ignotam,la,2,0.016,no
ihesu,la,2,0.016,no
iidem,la,2,0.016,no
iiii,la,2,0.016,no
illinc,la,2,0.016,no
illiusque,la,2,0.016,no
illm,la,2,0.016,no
illma,la,2,0.016,no
illmis,la,2,0.016,no
illmos,la,2,0.016,no
illomet,la,2,0.016,no
illuminet,la,2,0.016,no
illustres,la,2,0.016,no
illustrissimos,la,2,0.016,no
illustrissimum,la,2,0.016,no
illustrium,la,2,0.016,no
illustrius,la,2,0.016,no
imaginum,la,2,0.016,no
imbecillitatem,la,2,0.016,no
imbutae,la,2,0.016,no
imitabitur,la,2,0.016,no
immani,la,2,0.016,no
immania,la,2,0.016,no
immanitate,la,2,0.016,no
immaniter,la,2,0.016,no
immensi,la,2,0.016,no
immensis,la,2,0.016,no
immortales,la,2,0.016,no
immunes,la,2,0.016,no
impar,la,2,0.016,no
impediendum,la,2,0.016,no
impedita,la,2,0.016,no
impediti,la,2,0.016,no
impendant,la,2,0.016,no
impendi,la,2,0.016,no
impensos,la,2,0.016,no
imperasset,la,2,0.016,no
imperatores,la,2,0.016,no
imperiale,la,2,0.016,no
imperij,la,2,0.016,no
imperiti,la,2,0.016,no
imperitum,la,2,0.016,no
impetraret,la,2,0.016,no
impetratis,la,2,0.016,no
impetus,la,2,0.016,no
impia,la,2,0.016,no
impie,la,2,0.016,no
impliciti,la,2,0.016,no
imponatur,la,2,0.016,no
imponerent,la,2,0.016,no
imponitur,la,2,0.016,no
importunitate,la,2,0.016,no
imposito,la,2,0.016,no
impossitum,la,2,0.016,no
impostorem,la,2,0.016,no
impraesentiarum,la,2,0.016,no
impresentiarum,la,2,0.016,no
impressionem,la,2,0.016,no
improviso,la,2,0.016,no
impure,la,2,0.016,no
imus,la,2,0.016,no
inaudii,la,2,0.016,no
inauditam,la,2,0.016,no
inaudito,la,2,0.016,no
inaurata,la,2,0.016,no
incapaces,la,2,0.016,no
incarnatione,la,2,0.016,no
incarnationis,la,2,0.016,no
incassum,la,2,0.016,no
incedentes,la,2,0.016,no
incedunt,la,2,0.016,no
incendit,la,2,0.016,no
incensi,la,2,0.016,no
incensus,la,2,0.016,no
inceptum,la,2,0.016,no
inch,la,2,0.016,no
inciderunt,la,2,0.016,no
incipere,la,2,0.016,no
inciperet,la,2,0.016,no
incipiens,la,2,0.016,no
inclinare,la,2,0.016,no
inclusive,la,2,0.016,no
incolit,la,2,0.016,no
incolumis,la,2,0.016,no
incommodis,la,2,0.016,no
inconstantis,la,2,0.016,no
inconsulto,la,2,0.016,no
inconvenientia,la,2,0.016,no
incumbere,la,2,0.016,no
incurrere,la,2,0.016,no
incurreret,la,2,0.016,no
incurrerunt,la,2,0.016,no
indica,la,2,0.016,no
indicaret,la,2,0.016,no
indicatum,la,2,0.016,no
indicis,la,2,0.016,no
indicta,la,2,0.016,no
indies,la,2,0.016,no
indiff,la,2,0.016,no
indigebant,la,2,0.016,no
indigeo,la,2,0.016,no
indignati,la,2,0.016,no
indignatio,la,2,0.016,no
inditam,la,2,0.016,no
indorum,la,2,0.016,no
inducti,la,2,0.016,no
induit,la,2,0.016,no
indulgentiam,la,2,0.016,no
indulgere,la,2,0.016,no
indulsit,la,2,0.016,no
indutos,la,2,0.016,no
indutus,la,2,0.016,no
inedia,la,2,0.016,no
ineptum,la,2,0.016,no
inest,la,2,0.016,no
infamationes,la,2,0.016,no
infelicissimus,la,2,0.016,no
infeliciter,la,2,0.016,no
infelix,la,2,0.016,no
infensus,la,2,0.016,no
inferius,la,2,0.016,no
inferre,la,2,0.016,no
infertur,la,2,0.016,no
inferuntur,la,2,0.016,no
infestis,la,2,0.016,no
infesto,la,2,0.016,no
infestos,la,2,0.016,no
infestus,la,2,0.016,no
infideli,la,2,0.016,no
infimae,la,2,0.016,no
infinitae,la,2,0.016,no
infinitas,la,2,0.016,no
infinitum,la,2,0.016,no
infirmis,la,2,0.016,no
informarent,la,2,0.016,no
informaret,la,2,0.016,no
informavit,la,2,0.016,no
infrascriptus,la,2,0.016,no
ingenii,la,2,0.016,no
ingenium,la,2,0.016,no
ingerunt,la,2,0.016,no
ingressos,la,2,0.016,no
inimicitiae,la,2,0.016,no
inimicorum,la,2,0.016,no
iniqua,la,2,0.016,no
iniquitas,la,2,0.016,no
initiati,la,2,0.016,no
iniuncti,la,2,0.016,no
iniunxit,la,2,0.016,no
innocentia,la,2,0.016,no
innocentiae,la,2,0.016,no
innocentiam,la,2,0.016,no
innotescat,la,2,0.016,no
innotuerat,la,2,0.016,no
innotuit,la,2,0.016,no
innovare,la,2,0.016,no
innumera,la,2,0.016,no
inopem,la,2,0.016,no
inopinato,la,2,0.016,no
inprimis,la,2,0.016,no
inquam,la,2,0.016,no
inquirendum,la,2,0.016,no
inquisitio,la,2,0.016,no
inscriptio,la,2,0.016,no
inscriptum,la,2,0.016,no
insecuti,la,2,0.016,no
insequentibus,la,2,0.016,no
insidiari,la,2,0.016,no
insignium,la,2,0.016,no
insistunt,la,2,0.016,no
insita,la,2,0.016,no
insitam,la,2,0.016,no
insolens,la,2,0.016,no
insolentiis,la,2,0.016,no
instabilis,la,2,0.016,no
instanter,la,2,0.016,no
instanti,la,2,0.016,no
instituens,la,2,0.016,no
instituta,la,2,0.016,no
institutione,la,2,0.016,no
instituto,la,2,0.016,no
instructione,la,2,0.016,no
instruendi,la,2,0.016,no
instruere,la,2,0.016,no
instrumenti,la,2,0.016,no
instrumentis,la,2,0.016,no
insumit,la,2,0.016,no
insurrexerunt,la,2,0.016,no
integer,la,2,0.016,no
integram,la,2,0.016,no
integras,la,2,0.016,no
integros,la,2,0.016,no
integrum,la,2,0.016,no
intellectus,la,2,0.016,no
intellexit,la,2,0.016,no
intelligantur,la,2,0.016,no
intelligenda,la,2,0.016,no
intelligerent,la,2,0.016,no
intelligimus,la,2,0.016,no
intelligit,la,2,0.016,no
intendit,la,2,0.016,no
intentionis,la,2,0.016,no
intento,la,2,0.016,no
intentos,la,2,0.016,no
interclusam,la,2,0.016,no
interdicta,la,2,0.016,no
interdictus,la,2,0.016,no
interdixit,la,2,0.016,no
interesse,la,2,0.016,no
interfici,la,2,0.016,no
interitum,la,2,0.016,no
interiturae,la,2,0.016,no
interius,la,2,0.016,no
interpres,la,2,0.016,no
interpretatus,la,2,0.016,no
interprete,la,2,0.016,no
interpretes,la,2,0.016,no
interque,la,2,0.016,no
interrogans,la,2,0.016,no
interrogavi,la,2,0.016,no
intersunt,la,2,0.016,no
interueniente,la,2,0.016,no
intervallum,la,2,0.016,no
intimis,la,2,0.016,no
intimo,la,2,0.016,no
intrandi,la,2,0.016,no
intrant,la,2,0.016,no
introitus,la,2,0.016,no
intromittit,la,2,0.016,no
intueri,la,2,0.016,no
intulisse,la,2,0.016,no
inuidia,la,2,0.016,no
inuidiae,la,2,0.016,no
inus,la,2,0.016,no
inusitatam,la,2,0.016,no
inusitato,la,2,0.016,no
invadere,la,2,0.016,no
invehi,la,2,0.016,no
inveni,la,2,0.016,no
inveniri,la,2,0.016,no
inveniuntur,la,2,0.016,no
invisit,la,2,0.016,no
invitabat,la,2,0.016,no
invitat,la,2,0.016,no
invitatus,la,2,0.016,no
invitavit,la,2,0.016,no
inviti,la,2,0.016,no
ioannis,la,2,0.016,no
ipsae,la,2,0.016,no
ipsarum,la,2,0.016,no
ipsique,la,2,0.016,no
irent,la,2,0.016,no
irruentes,la,2,0.016,no
irruit,la,2,0.016,no
irrumpunt,la,2,0.016,no
irrupit,la,2,0.016,no
iste,la,2,0.016,no
istum,la,2,0.016,no
itemque,la,2,0.016,no
iterato,la,2,0.016,no
itineribus,la,2,0.016,no
iu,la,2,0.016,no
iube,la,2,0.016,no
iubeat,la,2,0.016,no
iubendum,la,2,0.016,no
iubetur,la,2,0.016,no
iucunditatis,la,2,0.016,no
iudaei,la,2,0.016,no
iudaeis,la,2,0.016,no
iudaeorum,la,2,0.016,no
iudęi,la,2,0.016,no
iudęis,la,2,0.016,no
iudęorum,la,2,0.016,no
iudicabis,la,2,0.016,no
iudicabuntur,la,2,0.016,no
iudicarent,la,2,0.016,no
iudicaret,la,2,0.016,no
iudicari,la,2,0.016,no
iudicatum,la,2,0.016,no
iudicaturus,la,2,0.016,no
iudice,la,2,0.016,no
iudicii,la,2,0.016,no
iudicum,la,2,0.016,no
iugo,la,2,0.016,no
iugum,la,2,0.016,no
iumenta,la,2,0.016,no
iun,trans,2,0.016,no
iungliei,la,2,0.016,no
iunioris,la,2,0.016,no
iurati,la,2,0.016,no
iuremus,la,2,0.016,no
iuridictione,la,2,0.016,no
iusserat,la,2,0.016,no
iusserit,la,2,0.016,no
iusserunt,la,2,0.016,no
iussi,la,2,0.016,no
iuste,la,2,0.016,no
iusto,la,2,0.016,no
iuvante,la,2,0.016,no
iuvare,la,2,0.016,no
iuvari,la,2,0.016,no
iuvenes,la,2,0.016,no
iuvenibus,la,2,0.016,no
ivit,la,2,0.016,no
januarii,la,2,0.016,no
japonicas,la,2,0.016,no
japonice,la,2,0.016,no
japonicos,la,2,0.016,no
japonios,la,2,0.016,no
japonis,la,2,0.016,no
japponiorum,la,2,0.016,no
jo,la,2,0.016,no
joannem,la,2,0.016,no
judicium,la,2,0.016,no
julius,la,2,0.016,no
jussu,la,2,0.016,no
kangitarum,la,2,0.016,no
ke,trans,2,0.016,no
kengo,la,2,0.016,no
kiango,la,2,0.016,no
kienning,la,2,0.016,no
kueicheu,la,2,0.016,no
l,la,2,0.016,no
labentem,la,2,0.016,no
labor,la,2,0.016,no
laborabant,la,2,0.016,no
laboratum,la,2,0.016,no
laboravit,la,2,0.016,no
laboris,la,2,0.016,no
lacrymarum,la,2,0.016,no
lacte,la,2,0.016,no
lacus,la,2,0.016,no
laedi,la,2,0.016,no
laeti,la,2,0.016,no
laetitiae,la,2,0.016,no
laico,la,2,0.016,no
lambert,la,2,0.016,no
laminis,la,2,0.016,no
lancilottus,la,2,0.016,no
lapsus,la,2,0.016,no
largitate,la,2,0.016,no
latam,la,2,0.016,no
latas,la,2,0.016,no
lateat,la,2,0.016,no
latinae,la,2,0.016,no
latine,la,2,0.016,no
latissime,la,2,0.016,no
latitabant,la,2,0.016,no
latitantes,la,2,0.016,no
latitudine,la,2,0.016,no
latitudinem,la,2,0.016,no
latitudo,la,2,0.016,no
latrocinia,la,2,0.016,no
latuerunt,la,2,0.016,no
latus,la,2,0.016,no
laudabat,la,2,0.016,no
laudes,la,2,0.016,no
laudetur,la,2,0.016,no
laurentius,la,2,0.016,no
lavacrum,la,2,0.016,no
lectione,la,2,0.016,no
lectionem,la,2,0.016,no
lectionibus,la,2,0.016,no
lectis,la,2,0.016,no
legationem,la,2,0.016,no
legavit,la,2,0.016,no
legendum,la,2,0.016,no
legerat,la,2,0.016,no
legislator,la,2,0.016,no
legitimus,la,2,0.016,no
leporinam,la,2,0.016,no
lethifera,la,2,0.016,no
levamentum,la,2,0.016,no
libano,la,2,0.016,no
libello,la,2,0.016,no
libenti,la,2,0.016,no
libera,la,2,0.016,no
liberari,la,2,0.016,no
liberati,la,2,0.016,no
liberatis,la,2,0.016,no
libertas,la,2,0.016,no
libitum,la,2,0.016,no
licencia,es,2,0.016,no
licencias,es,2,0.016,no
licentiati,la,2,0.016,no
liceret,la,2,0.016,no
licteram,la,2,0.016,no
licuisset,la,2,0.016,no
licungzi,la,2,0.016,no
lignea,la,2,0.016,no
lignum,la,2,0.016,no
lihuzi,la,2,0.016,no
lihuzus,la,2,0.016,no
linea,la,2,0.016,no
ling,trans,2,0.016,no
linguarum,la,2,0.016,no
linguis,la,2,0.016,no
linteamen,la,2,0.016,no
linus,la,2,0.016,no
lis,la,2,0.016,no
lit,la,2,0.016,no
litanias,la,2,0.016,no
literae,la,2,0.016,no
litigantium,la,2,0.016,no
litteram,la,2,0.016,no
littere,la,2,0.016,no
littora,la,2,0.016,no
liturgiae,la,2,0.016,no
locabiles,la,2,0.016,no
locationi,la,2,0.016,no
longeque,la,2,0.016,no
longinqua,la,2,0.016,no
longis,la,2,0.016,no
longissimo,la,2,0.016,no
longitudinem,la,2,0.016,no
longobardus,la,2,0.016,no
loquar,la,2,0.016,no
loquebatur,la,2,0.016,no
loqui,la,2,0.016,no
loquor,la,2,0.016,no
lucis,la,2,0.016,no
lucitanorum,la,2,0.016,no
lucra,la,2,0.016,no
lucul,la,2,0.016,no
ludebat,la,2,0.016,no
luis,la,2,0.016,no
lumine,la,2,0.016,no
luna,la,2,0.016,no
lunguuo,la,2,0.016,no
luporum,la,2,0.016,no
lusitanum,la,2,0.016,no
lustrali,la,2,0.016,no
lux,la,2,0.016,no
m.dc.l,la,2,0.016,no
m.dc.li,la,2,0.016,no
m.dc.xliv,la,2,0.016,no
m.dc.xlix,la,2,0.016,no
m.dc.xlv,la,2,0.016,no
m.dc.xx,la,2,0.016,no
macaensis,la,2,0.016,no
macasarìca,la,2,0.016,no
macazarica,la,2,0.016,no
macedoniam,la,2,0.016,no
machaoensi,la,2,0.016,no
machinationes,la,2,0.016,no
machometi,la,2,0.016,no
mactarunt,la,2,0.016,no
mactaverat,la,2,0.016,no
macula,la,2,0.016,no
magistra,la,2,0.016,no
magistratibus,la,2,0.016,no
magistratuum,la,2,0.016,no
magnatibus,la,2,0.016,no
magnifica,la,2,0.016,no
magnitudo,la,2,0.016,no
magnos,la,2,0.016,no
maiórica,la,2,0.016,no
malacensi,la,2,0.016,no
malae,la,2,0.016,no
malè,la,2,0.016,no
malle,la,2,0.016,no
malorum,la,2,0.016,no
malos,la,2,0.016,no
maluerunt,la,2,0.016,no
mandaciis,la,2,0.016,no
mandans,la,2,0.016,no
mandarat,la,2,0.016,no
mandarini,la,2,0.016,no
mandarinos,la,2,0.016,no
manducare,la,2,0.016,no
maneat,la,2,0.016,no
manent,la,2,0.016,no
manentibus,la,2,0.016,no
manerent,la,2,0.016,no
manes,la,2,0.016,no
manifeste,la,2,0.016,no
manifestos,la,2,0.016,no
manilensem,la,2,0.016,no
manilensis,la,2,0.016,no
manillae,la,2,0.016,no
mansitque,la,2,0.016,no
manzu,la,2,0.016,no
marchio,la,2,0.016,no
marchius,la,2,0.016,no
mares,la,2,0.016,no
marinis,la,2,0.016,no
maritis,la,2,0.016,no
márquez,la,2,0.016,no
marti,la,2,0.016,no
martino,la,2,0.016,no
martyrium,la,2,0.016,no
mata,la,2,0.016,no
matçuda,la,2,0.016,no
matre,la,2,0.016,no
matthaeo,la,2,0.016,no
matthaeus,la,2,0.016,no
mature,la,2,0.016,no
maturitatem,la,2,0.016,no
matzuda,la,2,0.016,no
mauretaniam,la,2,0.016,no
maximeque,la,2,0.016,no
maximis,la,2,0.016,no
meac,la,2,0.016,no
mediante,la,2,0.016,no
medicus,la,2,0.016,no
mediocre,la,2,0.016,no
mediolanensis,la,2,0.016,no
melchiori,la,2,0.016,no
membra,la,2,0.016,no
membrorum,la,2,0.016,no
memorant,la,2,0.016,no
memoriale,la,2,0.016,no
mendacia,la,2,0.016,no
meos,la,2,0.016,no
mera,la,2,0.016,no
mercatorum,la,2,0.016,no
mercimonium,la,2,0.016,no
meri,la,2,0.016,no
meridiem,la,2,0.016,no
meridionalium,la,2,0.016,no
meriti,la,2,0.016,no
meritus,la,2,0.016,no
mesopotamia,la,2,0.016,no
mesquita,la,2,0.016,no
messia,la,2,0.016,no
messis,la,2,0.016,no
metuentem,la,2,0.016,no
miaco,la,2,0.016,no
migraverunt,la,2,0.016,no
migravit,la,2,0.016,no
milibus,la,2,0.016,no
militabat,la,2,0.016,no
militare,la,2,0.016,no
militem,la,2,0.016,no
militiae,la,2,0.016,no
milium,la,2,0.016,no
millena,la,2,0.016,no
milliarii,la,2,0.016,no
millies,la,2,0.016,no
mimazacae,la,2,0.016,no
mini,la,2,0.016,no
minimam,la,2,0.016,no
minimi,la,2,0.016,no
mino,la,2,0.016,no
minoano,la,2,0.016,no
minore,la,2,0.016,no
minùs,la,2,0.016,no
mirabilem,la,2,0.016,no
miraculis,la,2,0.016,no
mirari,la,2,0.016,no
mire,la,2,0.016,no
miris,la,2,0.016,no
miscere,la,2,0.016,no
miser,la,2,0.016,no
miseram,la,2,0.016,no
miseratus,la,2,0.016,no
misêre,la,2,0.016,no
miseria,la,2,0.016,no
misericordia,la,2,0.016,no
miserit,la,2,0.016,no
misimus,la,2,0.016,no
missarum,la,2,0.016,no
missas,la,2,0.016,no
missȩ,la,2,0.016,no
missionum,la,2,0.016,no
misso,la,2,0.016,no
mitius,la,2,0.016,no
mittam,la,2,0.016,no
mittemus,la,2,0.016,no
mittendo,la,2,0.016,no
mittentes,la,2,0.016,no
mitterentur,la,2,0.016,no
moderationi,la,2,0.016,no
moderno,la,2,0.016,no
modestia,la,2,0.016,no
modicum,la,2,0.016,no
moerorem,la,2,0.016,no
mogore,la,2,0.016,no
molem,la,2,0.016,no
moleste,la,2,0.016,no
molesti,la,2,0.016,no
moliremur,la,2,0.016,no
molto,la,2,0.016,no
monarcha,la,2,0.016,no
monarchae,la,2,0.016,no
monarchiam,la,2,0.016,no
monebo,la,2,0.016,no
monetae,la,2,0.016,no
monteiro,la,2,0.016,no
monterius,la,2,0.016,no
montuosa,la,2,0.016,no
monumentis,la,2,0.016,no
morabantur,la,2,0.016,no
morati,la,2,0.016,no
morbi,la,2,0.016,no
morbo,la,2,0.016,no
moriantur,la,2,0.016,no
moridonus,la,2,0.016,no
moriendum,la,2,0.016,no
moriens,la,2,0.016,no
morindono,la,2,0.016,no
morindonum,la,2,0.016,no
mort,la,2,0.016,no
mortalem,la,2,0.016,no
mortali,la,2,0.016,no
mortificatione,la,2,0.016,no
mortisque,la,2,0.016,no
mortuos,la,2,0.016,no
moveant,la,2,0.016,no
moveas,la,2,0.016,no
movere,la,2,0.016,no
mu,trans,2,0.016,no
mulieribus,la,2,0.016,no
multam,la,2,0.016,no
multipliciter,la,2,0.016,no
multosque,la,2,0.016,no
multùm,la,2,0.016,no
mum,la,2,0.016,no
mundano,la,2,0.016,no
mundus,la,2,0.016,no
munitam,la,2,0.016,no
munusculis,la,2,0.016,no
muro,la,2,0.016,no
musicis,la,2,0.016,no
mutanda,la,2,0.016,no
mutationibus,la,2,0.016,no
mutato,la,2,0.016,no
mutuis,la,2,0.016,no
mutuo,la,2,0.016,no
mysteriis,la,2,0.016,no
mysterium,la,2,0.016,no
nabescima,la,2,0.016,no
nanchang,la,2,0.016,no
nangasaquensi,la,2,0.016,no
nanguaçaquensi,la,2,0.016,no
nanguasaquensis,la,2,0.016,no
nankinensi,la,2,0.016,no
não,pt,2,0.016,no
narrat,la,2,0.016,no
narratio,la,2,0.016,no
natalis,la,2,0.016,no
nativitatis,la,2,0.016,no
naturale,la,2,0.016,no
naturalem,la,2,0.016,no
naturę,la,2,0.016,no
navem,la,2,0.016,no
navicula,la,2,0.016,no
naviculam,la,2,0.016,no
navigarunt,la,2,0.016,no
navigationibus,la,2,0.016,no
navigaturi,la,2,0.016,no
navigaturus,la,2,0.016,no
navigavit,la,2,0.016,no
neapolis,la,2,0.016,no
nebus,la,2,0.016,no
necabat,la,2,0.016,no
necdum,la,2,0.016,no
necessariae,la,2,0.016,no
necessariam,la,2,0.016,no
necessarias,la,2,0.016,no
necessitati,la,2,0.016,no
necessitatibus,la,2,0.016,no
necne,la,2,0.016,no
nedum,la,2,0.016,no
negantes,la,2,0.016,no
negat,la,2,0.016,no
negligentia,la,2,0.016,no
negocia,la,2,0.016,no
negocii,la,2,0.016,no
nem,la,2,0.016,no
neophiti,la,2,0.016,no
neophitis,la,2,0.016,no
nepote,la,2,0.016,no
nepotis,la,2,0.016,no
neptem,la,2,0.016,no
nequeant,la,2,0.016,no
nequeo,la,2,0.016,no
nequeunt,la,2,0.016,no
nequid,la,2,0.016,no
nes,la,2,0.016,no
nescimus,la,2,0.016,no
nescit,la,2,0.016,no
nesciunt,la,2,0.016,no
nestoriani,la,2,0.016,no
neutri,la,2,0.016,no
nicholaus,la,2,0.016,no
nien,trans,2,0.016,no
nigri,la,2,0.016,no
nigrum,la,2,0.016,no
nihilomin,la,2,0.016,no
nihilum,la,2,0.016,no
nilus,la,2,0.016,no
ningyuen,la,2,0.016,no
nis,la,2,0.016,no
niulhan,la,2,0.016,no
nobilissimo,la,2,0.016,no
nobilium,la,2,0.016,no
nobisque,la,2,0.016,no
noctes,la,2,0.016,no
noctis,la,2,0.016,no
nocturnis,la,2,0.016,no
nolit,la,2,0.016,no
nolo,la,2,0.016,no
nolumus,la,2,0.016,no
nominantur,la,2,0.016,no
nominare,la,2,0.016,no
nominatam,la,2,0.016,no
nominati,la,2,0.016,no
nominatus,la,2,0.016,no
nongentos,la,2,0.016,no
nonnullis,la,2,0.016,no
nono,la,2,0.016,no
norma,la,2,0.016,no
nostraq,la,2,0.016,no
nostror,la,2,0.016,no
notam,la,2,0.016,no
notanda,la,2,0.016,no
notandum,la,2,0.016,no
notatum,la,2,0.016,no
notificavi,la,2,0.016,no
notos,la,2,0.016,no
notus,la,2,0.016,no
noui,la,2,0.016,no
novarum,la,2,0.016,no
noverit,la,2,0.016,no
novit,la,2,0.016,no
noxios,la,2,0.016,no
nube,la,2,0.016,no
nugnez,la,2,0.016,no
nullae,la,2,0.016,no
nullius,la,2,0.016,no
numen,la,2,0.016,no
numerata,la,2,0.016,no
numeratae,la,2,0.016,no
numinis,la,2,0.016,no
nuncii,la,2,0.016,no
nuncium,la,2,0.016,no
nuncius,la,2,0.016,no
núnez,la,2,0.016,no
nuntiavit,la,2,0.016,no
nuntios,la,2,0.016,no
nuntium,la,2,0.016,no
nuperrime,la,2,0.016,no
o,la,2,0.016,no
oata,la,2,0.016,no
obediendum,la,2,0.016,no
obedientissimus,la,2,0.016,no
obedierunt,la,2,0.016,no
obediunt,la,2,0.016,no
obicem,la,2,0.016,no
oblectamentis,la,2,0.016,no
obligantur,la,2,0.016,no
obligare,la,2,0.016,no
obligationem,la,2,0.016,no
obscurare,la,2,0.016,no
obsedit,la,2,0.016,no
obsequia,la,2,0.016,no
obseruanda,la,2,0.016,no
observandum,la,2,0.016,no
observant,la,2,0.016,no
observantes,la,2,0.016,no
observare,la,2,0.016,no
observatum,la,2,0.016,no
observo,la,2,0.016,no
obsessos,la,2,0.016,no
obstante,la,2,0.016,no
obstinatio,la,2,0.016,no
obstricti,la,2,0.016,no
obstupescerent,la,2,0.016,no
obtigit,la,2,0.016,no
obtinendam,la,2,0.016,no
obtinendi,la,2,0.016,no
obtineri,la,2,0.016,no
obtinuisset,la,2,0.016,no
obtulerunt,la,2,0.016,no
obtulit,la,2,0.016,no
obvia,la,2,0.016,no
obvios,la,2,0.016,no
occidente,la,2,0.016,no
occiderentur,la,2,0.016,no
occidi,la,2,0.016,no
occidite,la,2,0.016,no
occisione,la,2,0.016,no
occisos,la,2,0.016,no
occulta,la,2,0.016,no
occumbere,la,2,0.016,no
occupanda,la,2,0.016,no
occupandum,la,2,0.016,no
occupantur,la,2,0.016,no
occupari,la,2,0.016,no
occupatae,la,2,0.016,no
occupatam,la,2,0.016,no
occupatas,la,2,0.016,no
occupatione,la,2,0.016,no
occupationes,la,2,0.016,no
occupatis,la,2,0.016,no
occupatum,la,2,0.016,no
occupatur,la,2,0.016,no
occupatus,la,2,0.016,no
occurrendum,la,2,0.016,no
oceani,la,2,0.016,no
ocreas,la,2,0.016,no
octauum,la,2,0.016,no
octobri,la,2,0.016,no
octogesimi,la,2,0.016,no
oculi,la,2,0.016,no
odorem,la,2,0.016,no
offensionem,la,2,0.016,no
offensus,la,2,0.016,no
offeratur,la,2,0.016,no
offerebant,la,2,0.016,no
offerentes,la,2,0.016,no
offerre,la,2,0.016,no
officialibus,la,2,0.016,no
officina,la,2,0.016,no
officinas,la,2,0.016,no
officiorum,la,2,0.016,no
olandensium,la,2,0.016,no
omurano,la,2,0.016,no
onufrius,la,2,0.016,no
onusti,la,2,0.016,no
operandum,la,2,0.016,no
operariis,la,2,0.016,no
operarij,la,2,0.016,no
operas,la,2,0.016,no
operata,la,2,0.016,no
opima,la,2,0.016,no
opinionum,la,2,0.016,no
oporteat,la,2,0.016,no
oportebit,la,2,0.016,no
oportere,la,2,0.016,no
oporteret,la,2,0.016,no
oppidi,la,2,0.016,no
opportunitas,la,2,0.016,no
opportunitate,la,2,0.016,no
opportunum,la,2,0.016,no
opprimere,la,2,0.016,no
opprimeret,la,2,0.016,no
optatae,la,2,0.016,no
optimis,la,2,0.016,no
opulentissima,la,2,0.016,no
opulentissimae,la,2,0.016,no
oraculis,la,2,0.016,no
orandum,la,2,0.016,no
orationes,la,2,0.016,no
orationis,la,2,0.016,no
orcum,la,2,0.016,no
orda,la,2,0.016,no
orden,es,2,0.016,no
ordinandum,la,2,0.016,no
ordinaret,la,2,0.016,no
ordinariae,la,2,0.016,no
ordinariis,la,2,0.016,no
ordinationibus,la,2,0.016,no
organtinum,la,2,0.016,no
orientalium,la,2,0.016,no
origine,la,2,0.016,no
originem,la,2,0.016,no
orirentur,la,2,0.016,no
oritura,la,2,0.016,no
oriturum,la,2,0.016,no
oriundi,la,2,0.016,no
orizae,la,2,0.016,no
ornamentum,la,2,0.016,no
ornatos,la,2,0.016,no
ornatus,la,2,0.016,no
orphanorum,la,2,0.016,no
ostenderetur,la,2,0.016,no
ostenditur,la,2,0.016,no
ostentatione,la,2,0.016,no
ostia,la,2,0.016,no
otio,la,2,0.016,no
ovibus,la,2,0.016,no
ovile,la,2,0.016,no
oytem,la,2,0.016,no
ozacana,la,2,0.016,no
p.v,la,2,0.016,no
pacatum,la,2,0.016,no
paceci,la,2,0.016,no
pacificans,la,2,0.016,no
paenitus,la,2,0.016,no
paganorum,la,2,0.016,no
pakino,la,2,0.016,no
palati,la,2,0.016,no
palatia,la,2,0.016,no
palatinis,la,2,0.016,no
palestinae,la,2,0.016,no
palmulam,la,2,0.016,no
paludes,la,2,0.016,no
pane,la,2,0.016,no
pannonia,la,2,0.016,no
pantoia,la,2,0.016,no
papae,la,2,0.016,no
paphlagonia,la,2,0.016,no
paradisum,la,2,0.016,no
paradisus,la,2,0.016,no
parantur,la,2,0.016,no
parari,la,2,0.016,no
parata,la,2,0.016,no
paratam,la,2,0.016,no
paratis,la,2,0.016,no
parato,la,2,0.016,no
pareant,la,2,0.016,no
parebat,la,2,0.016,no
parens,la,2,0.016,no
parentem,la,2,0.016,no
parentis,la,2,0.016,no
pareret,la,2,0.016,no
parietes,la,2,0.016,no
parochi,la,2,0.016,no
partam,la,2,0.016,no
parti,la,2,0.016,no
particeps,la,2,0.016,no
participes,la,2,0.016,no
particulares,es,2,0.016,no
particularibus,la,2,0.016,no
partiendi,la,2,0.016,no
parvos,la,2,0.016,no
parvulos,la,2,0.016,no
pascual,la,2,0.016,no
pasquali,la,2,0.016,no
pasqualis,la,2,0.016,no
passa,la,2,0.016,no
passuum,la,2,0.016,no
pastor,la,2,0.016,no
pastoribus,la,2,0.016,no
patacas,la,2,0.016,no
patebat,la,2,0.016,no
patefactis,la,2,0.016,no
patenti,la,2,0.016,no
paterent,la,2,0.016,no
pateret,la,2,0.016,no
patiatur,la,2,0.016,no
patientiam,la,2,0.016,no
patitur,la,2,0.016,no
patrisque,la,2,0.016,no
patrium,la,2,0.016,no
patrocinari,la,2,0.016,no
patronum,la,2,0.016,no
patrui,la,2,0.016,no
pauperibus,la,2,0.016,no
paventes,la,2,0.016,no
pavore,la,2,0.016,no
pecora,la,2,0.016,no
pectore,la,2,0.016,no
peculiariter,la,2,0.016,no
pecuniam,la,2,0.016,no
pede,la,2,0.016,no
pellem,la,2,0.016,no
pendent,la,2,0.016,no
penes,la,2,0.016,no
penetrant,la,2,0.016,no
penitentiam,la,2,0.016,no
pensione,la,2,0.016,no
penuriam,la,2,0.016,no
pepercit,la,2,0.016,no
peperit,la,2,0.016,no
peragendo,la,2,0.016,no
peragitur,la,2,0.016,no
percurrens,la,2,0.016,no
perdendi,la,2,0.016,no
perderet,la,2,0.016,no
perditos,la,2,0.016,no
perdituri,la,2,0.016,no
perduellibus,la,2,0.016,no
perduellionis,la,2,0.016,no
pereant,la,2,0.016,no
peregrinationis,la,2,0.016,no
peregrini,la,2,0.016,no
perfectionem,la,2,0.016,no
perfectionis,la,2,0.016,no
perficiat,la,2,0.016,no
perfidi,la,2,0.016,no
perfidorum,la,2,0.016,no
perfruendi,la,2,0.016,no
perfugium,la,2,0.016,no
pergens,la,2,0.016,no
pergeret,la,2,0.016,no
pergit,la,2,0.016,no
pericul,la,2,0.016,no
periculorum,la,2,0.016,no
periculose,la,2,0.016,no
periculosissima,la,2,0.016,no
periisse,la,2,0.016,no
periit,la,2,0.016,no
peritia,la,2,0.016,no
perlatum,la,2,0.016,no
permiserunt,la,2,0.016,no
permissum,la,2,0.016,no
permitteret,la,2,0.016,no
permitti,la,2,0.016,no
permittuntur,la,2,0.016,no
permultis,la,2,0.016,no
permutatis,la,2,0.016,no
pernecessaria,la,2,0.016,no
perpendit,la,2,0.016,no
persae,la,2,0.016,no
persas,la,2,0.016,no
persecutiones,la,2,0.016,no
perseveret,la,2,0.016,no
persistere,la,2,0.016,no
persistit,la,2,0.016,no
perspici,la,2,0.016,no
perspicitur,la,2,0.016,no
persuadeo,la,2,0.016,no
persuaderent,la,2,0.016,no
persuaserunt,la,2,0.016,no
persuasione,la,2,0.016,no
persuasum,la,2,0.016,no
pertinentem,la,2,0.016,no
pertinentes,la,2,0.016,no
pertinere,la,2,0.016,no
pertulit,la,2,0.016,no
perturbatio,la,2,0.016,no
pervenere,la,2,0.016,no
perveni,la,2,0.016,no
perveniet,la,2,0.016,no
pervenimus,la,2,0.016,no
pervenirent,la,2,0.016,no
perveniret,la,2,0.016,no
pervenisset,la,2,0.016,no
perventum,la,2,0.016,no
pes,la,2,0.016,no
pessum,la,2,0.016,no
pestana,la,2,0.016,no
pestis,la,2,0.016,no
petant,la,2,0.016,no
petendum,la,2,0.016,no
peteret,la,2,0.016,no
petitam,la,2,0.016,no
petri,la,2,0.016,no
petulanter,la,2,0.016,no
philippo,la,2,0.016,no
pictor,la,2,0.016,no
piè,la,2,0.016,no
pigri,la,2,0.016,no
pii,la,2,0.016,no
pilas,la,2,0.016,no
pileolum,la,2,0.016,no
pingsi,la,2,0.016,no
pios,la,2,0.016,no
pipere,la,2,0.016,no
pius,la,2,0.016,no
placere,la,2,0.016,no
plagarum,la,2,0.016,no
plagas,la,2,0.016,no
planitie,la,2,0.016,no
plano,la,2,0.016,no
plateas,la,2,0.016,no
plateis,la,2,0.016,no
plebe,la,2,0.016,no
plebem,la,2,0.016,no
plebis,la,2,0.016,no
plecti,la,2,0.016,no
plenas,la,2,0.016,no
plenis,la,2,0.016,no
plerisque,la,2,0.016,no
plerosque,la,2,0.016,no
plerunque,la,2,0.016,no
pluries,la,2,0.016,no
plurimarum,la,2,0.016,no
plurime,la,2,0.016,no
poenae,la,2,0.016,no
poenituit,la,2,0.016,no
pollent,la,2,0.016,no
polliceri,la,2,0.016,no
pollicitus,la,2,0.016,no
pone,la,2,0.016,no
ponit,la,2,0.016,no
pono,la,2,0.016,no
pontes,la,2,0.016,no
pontificatus,la,2,0.016,no
pontificem,la,2,0.016,no
pontifices,la,2,0.016,no
pontifici,la,2,0.016,no
pontificia,la,2,0.016,no
pontificibus,la,2,0.016,no
ponunt,la,2,0.016,no
ponuntur,la,2,0.016,no
populari,la,2,0.016,no
populatam,la,2,0.016,no
portabant,la,2,0.016,no
portat,la,2,0.016,no
portavit,la,2,0.016,no
portugalia,la,2,0.016,no
poscit,la,2,0.016,no
positi,la,2,0.016,no
positos,la,2,0.016,no
positus,la,2,0.016,no
possedimus,la,2,0.016,no
possessiones,la,2,0.016,no
possibile,la,2,0.016,no
possid,la,2,0.016,no
possitis,la,2,0.016,no
posthabito,la,2,0.016,no
postulat,la,2,0.016,no
postulata,la,2,0.016,no
posuerunt,la,2,0.016,no
potentibus,la,2,0.016,no
potentior,la,2,0.016,no
potentissimum,la,2,0.016,no
potestati,la,2,0.016,no
potestatis,la,2,0.016,no
potissime,la,2,0.016,no
potissimus,la,2,0.016,no
potiundam,la,2,0.016,no
potiùs,la,2,0.016,no
potuerant,la,2,0.016,no
potuere,la,2,0.016,no
praebent,la,2,0.016,no
praeberet,la,2,0.016,no
praebet,la,2,0.016,no
praecedebant,la,2,0.016,no
praecedenti,la,2,0.016,no
praecipere,la,2,0.016,no
praecipitis,la,2,0.016,no
praecipuas,la,2,0.016,no
praecipuos,la,2,0.016,no
praeclaram,la,2,0.016,no
praeclare,la,2,0.016,no
praedae,la,2,0.016,no
praedas,la,2,0.016,no
praedicandum,la,2,0.016,no
praedicare,la,2,0.016,no
praedicatio,la,2,0.016,no
praedicationi,la,2,0.016,no
praedicationis,la,2,0.016,no
praedicator,la,2,0.016,no
praedicavi,la,2,0.016,no
praedicto,la,2,0.016,no
praedita,la,2,0.016,no
praediti,la,2,0.016,no
praeditum,la,2,0.016,no
praeditus,la,2,0.016,no
praediximus,la,2,0.016,no
praeeunte,la,2,0.016,no
praefatus,la,2,0.016,no
praeficere,la,2,0.016,no
praelatis,la,2,0.016,no
praelio,la,2,0.016,no
praemisit,la,2,0.016,no
praenestinus,la,2,0.016,no
praeparatione,la,2,0.016,no
praescribitur,la,2,0.016,no
praesentationem,la,2,0.016,no
praesentatis,la,2,0.016,no
praesentes,la,2,0.016,no
praesentiam,la,2,0.016,no
praesentis,la,2,0.016,no
praesidiariis,la,2,0.016,no
praesidiariorum,la,2,0.016,no
praestandum,la,2,0.016,no
praestans,la,2,0.016,no
praestent,la,2,0.016,no
praestet,la,2,0.016,no
praestit,la,2,0.016,no
praestitit,la,2,0.016,no
praetendebat,la,2,0.016,no
praetendens,la,2,0.016,no
praetendit,la,2,0.016,no
praetera,la,2,0.016,no
praua,la,2,0.016,no
prava,la,2,0.016,no
pravorum,la,2,0.016,no
pre,la,2,0.016,no
pręcepta,la,2,0.016,no
prȩceptum,la,2,0.016,no
prȩdicandi,la,2,0.016,no
predicandum,la,2,0.016,no
prȩdicandum,la,2,0.016,no
prȩdicare,la,2,0.016,no
predicatione,la,2,0.016,no
predicatorum,la,2,0.016,no
prȩfecturam,la,2,0.016,no
prehensionem,la,2,0.016,no
premitur,la,2,0.016,no
prepositi,la,2,0.016,no
presbitero,la,2,0.016,no
presbiterum,la,2,0.016,no
presens,la,2,0.016,no
presenti,la,2,0.016,no
preterea,la,2,0.016,no
prȩtio,la,2,0.016,no
pretiosae,la,2,0.016,no
pretiosis,la,2,0.016,no
pretiosum,la,2,0.016,no
pretium,la,2,0.016,no
primaria,la,2,0.016,no
primarium,la,2,0.016,no
primarius,la,2,0.016,no
primas,la,2,0.016,no
primi,la,2,0.016,no
principi,la,2,0.016,no
principia,la,2,0.016,no
priori,la,2,0.016,no
pristinam,la,2,0.016,no
priuata,la,2,0.016,no
privari,la,2,0.016,no
privato,la,2,0.016,no
probant,la,2,0.016,no
probarunt,la,2,0.016,no
probationem,la,2,0.016,no
probitate,la,2,0.016,no
proborum,la,2,0.016,no
probum,la,2,0.016,no
procuranda,la,2,0.016,no
procuraret,la,2,0.016,no
procuravi,la,2,0.016,no
prodigus,la,2,0.016,no
proditione,la,2,0.016,no
proditiones,la,2,0.016,no
profectionem,la,2,0.016,no
professores,la,2,0.016,no
professum,la,2,0.016,no
progrediar,la,2,0.016,no
progressi,la,2,0.016,no
prohibebat,la,2,0.016,no
prohibendum,la,2,0.016,no
prohibentium,la,2,0.016,no
prohibere,la,2,0.016,no
prohibet,la,2,0.016,no
prohibitionem,la,2,0.016,no
prohibitum,la,2,0.016,no
prohibiturus,la,2,0.016,no
prohibuit,la,2,0.016,no
prolixius,la,2,0.016,no
promisit,la,2,0.016,no
promissa,la,2,0.016,no
promitteret,la,2,0.016,no
promovenda,la,2,0.016,no
promovere,la,2,0.016,no
prompti,la,2,0.016,no
promptissime,la,2,0.016,no
promptissimi,la,2,0.016,no
promptius,la,2,0.016,no
promulgatione,la,2,0.016,no
pronunciata,la,2,0.016,no
prop,la,2,0.016,no
propagatio,la,2,0.016,no
propagatores,la,2,0.016,no
propensum,la,2,0.016,no
propinquantes,la,2,0.016,no
propitius,la,2,0.016,no
propius,la,2,0.016,no
proponant,la,2,0.016,no
proponere,la,2,0.016,no
proponit,la,2,0.016,no
proposita,la,2,0.016,no
proposui,la,2,0.016,no
proprie,la,2,0.016,no
proprijs,la,2,0.016,no
proregis,la,2,0.016,no
prosecuti,la,2,0.016,no
prosequatur,la,2,0.016,no
prosequebatur,la,2,0.016,no
prosequendo,la,2,0.016,no
prosequuntur,la,2,0.016,no
prosper,la,2,0.016,no
prospera,la,2,0.016,no
prosperis,la,2,0.016,no
prospero,la,2,0.016,no
prosperum,la,2,0.016,no
protectorem,la,2,0.016,no
prouidentiam,la,2,0.016,no
proventus,la,2,0.016,no
provideant,la,2,0.016,no
providendi,la,2,0.016,no
provincial,es,2,0.016,no
provincie,la,2,0.016,no
provisionem,la,2,0.016,no
provocarat,la,2,0.016,no
provolutus,la,2,0.016,no
proxima,la,2,0.016,no
proximus,la,2,0.016,no
prudens,la,2,0.016,no
prudentie,la,2,0.016,no
prudentiores,la,2,0.016,no
prudentissime,la,2,0.016,no
psalteria,la,2,0.016,no
pueritia,la,2,0.016,no
puero,la,2,0.016,no
pugnandum,la,2,0.016,no
pugnant,la,2,0.016,no
pugnare,la,2,0.016,no
pugnaret,la,2,0.016,no
pulcherrima,la,2,0.016,no
pulcherrimam,la,2,0.016,no
pulcherrimas,la,2,0.016,no
pulchra,la,2,0.016,no
pulchritudo,la,2,0.016,no
pulchrius,la,2,0.016,no
pulcram,la,2,0.016,no
pulsum,la,2,0.016,no
punctum,la,2,0.016,no
punit,la,2,0.016,no
purpuram,la,2,0.016,no
pus,la,2,0.016,no
puta,la,2,0.016,no
putavit,la,2,0.016,no
pyrata,la,2,0.016,no
pyratarum,la,2,0.016,no
pyratis,la,2,0.016,no
quadragesimo,la,2,0.016,no
quadratis,la,2,0.016,no
quadrato,la,2,0.016,no
quadringenta,la,2,0.016,no
quaesiit,la,2,0.016,no
quaestione,la,2,0.016,no
quaestum,la,2,0.016,no
qualitate,la,2,0.016,no
qualitatem,la,2,0.016,no
quambioiendonum,la,2,0.016,no
quamlibet,la,2,0.016,no
quan,la,2,0.016,no
quandoque,la,2,0.016,no
quantas,la,2,0.016,no
quantitate,la,2,0.016,no
quantò,la,2,0.016,no
quantumlibet,la,2,0.016,no
quantumuis,la,2,0.016,no
quanuis,la,2,0.016,no
quanvis,la,2,0.016,no
quascumque,la,2,0.016,no
quater,la,2,0.016,no
quemadmod,la,2,0.016,no
quempiam,la,2,0.016,no
quend,la,2,0.016,no
quȩrunt,la,2,0.016,no
quȩsita,la,2,0.016,no
quibusvis,la,2,0.016,no
quiescere,la,2,0.016,no
quiescerent,la,2,0.016,no
quieta,la,2,0.016,no
quietis,la,2,0.016,no
quietos,la,2,0.016,no
quietus,la,2,0.016,no
quievit,la,2,0.016,no
quinetiam,la,2,0.016,no
quingentesimo,la,2,0.016,no
quinquagesimum,la,2,0.016,no
quintam,la,2,0.016,no
quoquam,la,2,0.016,no
quor,la,2,0.016,no
quorsum,la,2,0.016,no
quorumdam,la,2,0.016,no
quoscumque,la,2,0.016,no
quoties,la,2,0.016,no
r.t,la,2,0.016,no
rabbini,la,2,0.016,no
rabie,la,2,0.016,no
raderent,la,2,0.016,no
radices,la,2,0.016,no
radicitus,la,2,0.016,no
rangelus,la,2,0.016,no
rapina,la,2,0.016,no
rapinis,la,2,0.016,no
rapuerunt,la,2,0.016,no
raros,la,2,0.016,no
rasum,la,2,0.016,no
rationabili,la,2,0.016,no
rationemque,la,2,0.016,no
rationesque,la,2,0.016,no
ratum,la,2,0.016,no
ratus,la,2,0.016,no
raymundo,la,2,0.016,no
reaedificatae,la,2,0.016,no
rebusq,la,2,0.016,no
rebusque,la,2,0.016,no
recedant,la,2,0.016,no
recensendos,la,2,0.016,no
recepere,la,2,0.016,no
recepisset,la,2,0.016,no
receptus,la,2,0.016,no
recessus,la,2,0.016,no
reciperem,la,2,0.016,no
reciperent,la,2,0.016,no
recipiuntur,la,2,0.016,no
recolentes,la,2,0.016,no
recreationem,la,2,0.016,no
rectissima,la,2,0.016,no
rectoralibus,la,2,0.016,no
rectore,la,2,0.016,no
rectorem,la,2,0.016,no
rectoris,la,2,0.016,no
recuperassent,la,2,0.016,no
recurri,la,2,0.016,no
recusasset,la,2,0.016,no
redactam,la,2,0.016,no
redactus,la,2,0.016,no
reddam,la,2,0.016,no
reddere,la,2,0.016,no
redderent,la,2,0.016,no
reddita,la,2,0.016,no
redditi,la,2,0.016,no
redegisset,la,2,0.016,no
redemptas,la,2,0.016,no
redeundi,la,2,0.016,no
rediens,la,2,0.016,no
redierunt,la,2,0.016,no
rediisse,la,2,0.016,no
reditu,la,2,0.016,no
rediturum,la,2,0.016,no
reducantur,la,2,0.016,no
reducatur,la,2,0.016,no
reducerent,la,2,0.016,no
redundat,la,2,0.016,no
reduxit,la,2,0.016,no
referam,la,2,0.016,no
referebant,la,2,0.016,no
referebantur,la,2,0.016,no
referendae,la,2,0.016,no
referentes,la,2,0.016,no
referunt,la,2,0.016,no
reficiendos,la,2,0.016,no
reformandum,la,2,0.016,no
reformidant,la,2,0.016,no
regalem,la,2,0.016,no
regalis,la,2,0.016,no
regat,la,2,0.016,no
regebat,la,2,0.016,no
regendas,la,2,0.016,no
regendi,la,2,0.016,no
regentium,la,2,0.016,no
regere,la,2,0.016,no
regerentur,la,2,0.016,no
regij,la,2,0.016,no
regiminis,la,2,0.016,no
registro,la,2,0.016,no
regit,la,2,0.016,no
regn,la,2,0.016,no
regnat,la,2,0.016,no
regrediuntur,la,2,0.016,no
regressum,la,2,0.016,no
regressus,la,2,0.016,no
reguntur,la,2,0.016,no
relata,la,2,0.016,no
relatione,la,2,0.016,no
relationem,la,2,0.016,no
relatis,la,2,0.016,no
religiosa,la,2,0.016,no
religiose,la,2,0.016,no
religiosum,la,2,0.016,no
relinquerent,la,2,0.016,no
relinquunt,la,2,0.016,no
relique,la,2,0.016,no
reliquerant,la,2,0.016,no
reliquiarum,la,2,0.016,no
remanent,la,2,0.016,no
remanente,la,2,0.016,no
remanerent,la,2,0.016,no
remanet,la,2,0.016,no
remedii,la,2,0.016,no
remittant,la,2,0.016,no
remittat,la,2,0.016,no
remittere,la,2,0.016,no
remotum,la,2,0.016,no
remotus,la,2,0.016,no
rempublicam,la,2,0.016,no
renasci,la,2,0.016,no
repagula,la,2,0.016,no
reparare,la,2,0.016,no
reparatis,la,2,0.016,no
repellendam,la,2,0.016,no
repellendum,la,2,0.016,no
repellentibus,la,2,0.016,no
repentinam,la,2,0.016,no
repererunt,la,2,0.016,no
reperiebantur,la,2,0.016,no
reperisset,la,2,0.016,no
repetendum,la,2,0.016,no
reprehendit,la,2,0.016,no
repressi,la,2,0.016,no
republica,la,2,0.016,no
repugnabat,la,2,0.016,no
repulsam,la,2,0.016,no
requirit,la,2,0.016,no
rer,la,2,0.016,no
rescidit,la,2,0.016,no
rescivit,la,2,0.016,no
reservatis,la,2,0.016,no
residenti,la,2,0.016,no
resistat,la,2,0.016,no
resistentibus,la,2,0.016,no
respondemus,la,2,0.016,no
respondens,la,2,0.016,no
respondere,la,2,0.016,no
responsa,la,2,0.016,no
restauratione,la,2,0.016,no
restitit,la,2,0.016,no
restituit,la,2,0.016,no
restituta,la,2,0.016,no
restitutione,la,2,0.016,no
restitutos,la,2,0.016,no
rete,la,2,0.016,no
retento,la,2,0.016,no
retinere,la,2,0.016,no
retroactis,la,2,0.016,no
reuerentur,la,2,0.016,no
reuocatis,la,2,0.016,no
revelata,la,2,0.016,no
revera,la,2,0.016,no
reverendissimi,la,2,0.016,no
reverenter,la,2,0.016,no
reverentiȩ,la,2,0.016,no
reverentiis,la,2,0.016,no
reversi,la,2,0.016,no
reversum,la,2,0.016,no
revertar,la,2,0.016,no
revocant,la,2,0.016,no
revocarentur,la,2,0.016,no
revocari,la,2,0.016,no
revocent,la,2,0.016,no
rho,la,2,0.016,no
rhodes,la,2,0.016,no
riccio,la,2,0.016,no
riccius,la,2,0.016,no
rigat,la,2,0.016,no
rigidissimam,la,2,0.016,no
rigorem,la,2,0.016,no
ripam,la,2,0.016,no
ritum,la,2,0.016,no
rixae,la,2,0.016,no
rmus,la,2,0.016,no
rodríguez,la,2,0.016,no
rodulphi,la,2,0.016,no
rogantes,la,2,0.016,no
rogatu,la,2,0.016,no
rogaverunt,la,2,0.016,no
rogavit,la,2,0.016,no
romanis,la,2,0.016,no
romanum,la,2,0.016,no
rome,la,2,0.016,no
rosarium,la,2,0.016,no
rudi,la,2,0.016,no
rudimenta,la,2,0.016,no
rudis,la,2,0.016,no
ruenti,la,2,0.016,no
ruina,la,2,0.016,no
rumore,la,2,0.016,no
rumores,la,2,0.016,no
sa,la,2,0.016,no
saccum,la,2,0.016,no
sacellum,la,2,0.016,no
sacerdotem,la,2,0.016,no
sacerdoti,la,2,0.016,no
sacras,la,2,0.016,no
sacri,la,2,0.016,no
sacrosanto,la,2,0.016,no
saeculares,la,2,0.016,no
saepissime,la,2,0.016,no
saeuitia,la,2,0.016,no
saeviente,la,2,0.016,no
sagittae,la,2,0.016,no
salsetanae,la,2,0.016,no
salsetanam,la,2,0.016,no
salseti,la,2,0.016,no
saltèm,la,2,0.016,no
salutarem,la,2,0.016,no
salutationem,la,2,0.016,no
salutiferum,la,2,0.016,no
salvam,la,2,0.016,no
salvi,la,2,0.016,no
salvis,la,2,0.016,no
salvos,la,2,0.016,no
samitis,la,2,0.016,no
sanae,la,2,0.016,no
sancitum,la,2,0.016,no
sanctionum,la,2,0.016,no
sanctior,la,2,0.016,no
sanctissimus,la,2,0.016,no
sanctitati,la,2,0.016,no
sanga,la,2,0.016,no
santimonia,la,2,0.016,no
saray,la,2,0.016,no
sarepta,la,2,0.016,no
sarracenis,la,2,0.016,no
sassumam,la,2,0.016,no
sassumano,la,2,0.016,no
satiari,la,2,0.016,no
satisfacere,la,2,0.016,no
satisfecit,la,2,0.016,no
satius,la,2,0.016,no
sauli,la,2,0.016,no
scandali,la,2,0.016,no
scandalizati,la,2,0.016,no
scelera,la,2,0.016,no
sceleribus,la,2,0.016,no
sceptrum,la,2,0.016,no
schedulam,la,2,0.016,no
scholasticos,la,2,0.016,no
scholasticum,la,2,0.016,no
sci,la,2,0.016,no
sciam,la,2,0.016,no
scias,la,2,0.016,no
scichum,la,2,0.016,no
sciebant,la,2,0.016,no
sciebat,la,2,0.016,no
sciemus,la,2,0.016,no
sciendum,la,2,0.016,no
scienti,la,2,0.016,no
scientias,la,2,0.016,no
scimus,la,2,0.016,no
scirent,la,2,0.016,no
scivit,la,2,0.016,no
sclopetariorum,la,2,0.016,no
scopum,la,2,0.016,no
scribenda,la,2,0.016,no
scribendis,la,2,0.016,no
scribent,la,2,0.016,no
scriberent,la,2,0.016,no
scribis,la,2,0.016,no
scribit,la,2,0.016,no
scripsimus,la,2,0.016,no
scripturis,la,2,0.016,no
scrupulum,la,2,0.016,no
scutatorum,la,2,0.016,no
scythopolis,la,2,0.016,no
sebastiani,la,2,0.016,no
sebastianum,la,2,0.016,no
secat,la,2,0.016,no
secretiora,la,2,0.016,no
sectariis,la,2,0.016,no
sectione,la,2,0.016,no
sectis,la,2,0.016,no
seculi,la,2,0.016,no
seculis,la,2,0.016,no
secumque,la,2,0.016,no
secundi,la,2,0.016,no
securi,la,2,0.016,no
securitas,la,2,0.016,no
securitatem,la,2,0.016,no
securitatis,la,2,0.016,no
sedata,la,2,0.016,no
sedibus,la,2,0.016,no
seditione,la,2,0.016,no
segnor,es,2,0.016,no
seminariorum,la,2,0.016,no
seminarunt,la,2,0.016,no
sempiternum,la,2,0.016,no
seng,trans,2,0.016,no
sensim,la,2,0.016,no
sensum,la,2,0.016,no
sententias,la,2,0.016,no
sentiam,la,2,0.016,no
sentiebat,la,2,0.016,no
sentiret,la,2,0.016,no
seorsum,la,2,0.016,no
separatim,la,2,0.016,no
separatum,la,2,0.016,no
sepe,la,2,0.016,no
sepenumero,la,2,0.016,no
sept,la,2,0.016,no
septendecim,la,2,0.016,no
septentrionales,la,2,0.016,no
septingentesimum,la,2,0.016,no
septingentos,la,2,0.016,no
septus,la,2,0.016,no
sepulchra,la,2,0.016,no
sepulchro,la,2,0.016,no
sepulti,la,2,0.016,no
sepulto,la,2,0.016,no
seq,la,2,0.016,no
sequacibus,la,2,0.016,no
sequens,la,2,0.016,no
sequentem,la,2,0.016,no
seraphica,la,2,0.016,no
seraphicae,la,2,0.016,no
seraphicȩ,la,2,0.016,no
serenissimi,la,2,0.016,no
sericorum,la,2,0.016,no
sericum,la,2,0.016,no
sermo,la,2,0.016,no
sero,la,2,0.016,no
seruiant,la,2,0.016,no
seruitute,la,2,0.016,no
seruos,la,2,0.016,no
servanda,la,2,0.016,no
servando,la,2,0.016,no
servator,la,2,0.016,no
serviebant,la,2,0.016,no
severe,la,2,0.016,no
sexcenta,la,2,0.016,no
sexcentesimi,la,2,0.016,no
sexcentis,la,2,0.016,no
sibique,la,2,0.016,no
sicilia,la,2,0.016,no
sicq,la,2,0.016,no
siculus,la,2,0.016,no
sicuti,la,2,0.016,no
sido,es,2,0.016,no
significari,la,2,0.016,no
significatione,la,2,0.016,no
signo,la,2,0.016,no
silva,la,2,0.016,no
similitudinem,la,2,0.016,no
simion,la,2,0.016,no
simõis,la,2,0.016,no
simone,la,2,0.016,no
simpliciter,la,2,0.016,no
simultates,la,2,0.016,no
singularem,la,2,0.016,no
sinicus,la,2,0.016,no
sinistram,la,2,0.016,no
sinistris,la,2,0.016,no
sinit,la,2,0.016,no
sinu,la,2,0.016,no
sis,la,2,0.016,no
sistunt,la,2,0.016,no
sitis,la,2,0.016,no
situ,la,2,0.016,no
sitūs,la,2,0.016,no
soares,la,2,0.016,no
solarentur,la,2,0.016,no
solatium,la,2,0.016,no
soleant,la,2,0.016,no
soleat,la,2,0.016,no
solebant,la,2,0.016,no
solertia,la,2,0.016,no
solidum,la,2,0.016,no
solitam,la,2,0.016,no
solitus,la,2,0.016,no
sollemni,la,2,0.016,no
sollicite,la,2,0.016,no
sollicitus,la,2,0.016,no
solummodo,la,2,0.016,no
solutam,la,2,0.016,no
solutione,la,2,0.016,no
solvat,la,2,0.016,no
solvendam,la,2,0.016,no
sorte,la,2,0.016,no
sos,la,2,0.016,no
sotietas,la,2,0.016,no
spacio,la,2,0.016,no
speciale,la,2,0.016,no
specialiter,la,2,0.016,no
speciatim,la,2,0.016,no
spectabant,la,2,0.016,no
spectabat,la,2,0.016,no
spectant,la,2,0.016,no
spectante,la,2,0.016,no
spectantibus,la,2,0.016,no
spectatur,la,2,0.016,no
spectemus,la,2,0.016,no
spectes,la,2,0.016,no
speculatores,la,2,0.016,no
speramusque,la,2,0.016,no
sperandum,la,2,0.016,no
sperans,la,2,0.016,no
sperarent,la,2,0.016,no
sperari,la,2,0.016,no
sperat,la,2,0.016,no
spinas,la,2,0.016,no
spira,la,2,0.016,no
spiri,la,2,0.016,no
spirituali,la,2,0.016,no
splendidam,la,2,0.016,no
splendidis,la,2,0.016,no
splendidum,la,2,0.016,no
splendor,la,2,0.016,no
spoliarunt,la,2,0.016,no
sponsa,la,2,0.016,no
sponsae,la,2,0.016,no
sponsione,la,2,0.016,no
ss,la,2,0.016,no
sta,la,2,0.016,no
stabiliri,la,2,0.016,no
stabilita,la,2,0.016,no
stantibus,la,2,0.016,no
starent,la,2,0.016,no
stat,la,2,0.016,no
statibus,la,2,0.016,no
statione,la,2,0.016,no
statueret,la,2,0.016,no
statui,la,2,0.016,no
statuimus,la,2,0.016,no
statuisse,la,2,0.016,no
statutumque,la,2,0.016,no
stephanus,la,2,0.016,no
sterilitate,la,2,0.016,no
stilo,la,2,0.016,no
stipante,la,2,0.016,no
stipati,la,2,0.016,no
stratagema,la,2,0.016,no
stratagemate,la,2,0.016,no
strepitu,la,2,0.016,no
stricto,la,2,0.016,no
stringunt,la,2,0.016,no
strophiola,la,2,0.016,no
structura,la,2,0.016,no
studeant,la,2,0.016,no
studet,la,2,0.016,no
studiose,la,2,0.016,no
studiosos,la,2,0.016,no
studui,la,2,0.016,no
stupore,la,2,0.016,no
suâ,la,2,0.016,no
suadebant,la,2,0.016,no
suadente,la,2,0.016,no
suadet,la,2,0.016,no
suares,la,2,0.016,no
suasu,la,2,0.016,no
suavi,la,2,0.016,no
subditas,la,2,0.016,no
subeant,la,2,0.016,no
subeat,la,2,0.016,no
subesse,la,2,0.016,no
subiectos,la,2,0.016,no
subiiciam,la,2,0.016,no
subitaneo,la,2,0.016,no
subministrante,la,2,0.016,no
submiserunt,la,2,0.016,no
submisit,la,2,0.016,no
submissione,la,2,0.016,no
submittant,la,2,0.016,no
submittendo,la,2,0.016,no
submittere,la,2,0.016,no
subrogatusve,la,2,0.016,no
subscripsi,la,2,0.016,no
subscripsit,la,2,0.016,no
subsequuntur,la,2,0.016,no
substantia,la,2,0.016,no
substituendo,la,2,0.016,no
substituti,la,2,0.016,no
suburbio,la,2,0.016,no
succedat,la,2,0.016,no
succensere,la,2,0.016,no
successit,la,2,0.016,no
successive,la,2,0.016,no
successoribus,la,2,0.016,no
successum,la,2,0.016,no
succurrere,la,2,0.016,no
suȩ,la,2,0.016,no
suę,la,2,0.016,no
suferre,la,2,0.016,no
sufficerent,la,2,0.016,no
sufficiente,la,2,0.016,no
sufficientem,la,2,0.016,no
suggessit,la,2,0.016,no
suisque,la,2,0.016,no
sumere,la,2,0.016,no
summopere,la,2,0.016,no
sumpsit,la,2,0.016,no
sumunt,la,2,0.016,no
superabat,la,2,0.016,no
superante,la,2,0.016,no
superassent,la,2,0.016,no
superavit,la,2,0.016,no
superbia,la,2,0.016,no
superflua,la,2,0.016,no
supersint,la,2,0.016,no
superstes,la,2,0.016,no
superstitiosa,la,2,0.016,no
superstitiosas,la,2,0.016,no
supersunt,la,2,0.016,no
suposita,la,2,0.016,no
suppetias,la,2,0.016,no
suppetunt,la,2,0.016,no
supplendi,la,2,0.016,no
supplicavimus,la,2,0.016,no
supplicavit,la,2,0.016,no
supplices,la,2,0.016,no
supplicia,la,2,0.016,no
supplico,la,2,0.016,no
supposito,la,2,0.016,no
supradicta,la,2,0.016,no
supradictam,la,2,0.016,no
supradicte,la,2,0.016,no
supradictis,la,2,0.016,no
supradictus,la,2,0.016,no
suprema,la,2,0.016,no
supremi,la,2,0.016,no
susceperat,la,2,0.016,no
susceperit,la,2,0.016,no
suscepi,la,2,0.016,no
suscepisse,la,2,0.016,no
susceptam,la,2,0.016,no
suscepti,la,2,0.016,no
suscepto,la,2,0.016,no
suscepturum,la,2,0.016,no
susciperemus,la,2,0.016,no
susciperent,la,2,0.016,no
suscipiendam,la,2,0.016,no
suscipit,la,2,0.016,no
suspectum,la,2,0.016,no
suspendenda,la,2,0.016,no
suspensam,la,2,0.016,no
suspensos,la,2,0.016,no
suspicabantur,la,2,0.016,no
suspicarentur,la,2,0.016,no
suspicari,la,2,0.016,no
suspicione,la,2,0.016,no
suspicionem,la,2,0.016,no
sustentatio,la,2,0.016,no
sustentatione,la,2,0.016,no
sylva,la,2,0.016,no
synis,la,2,0.016,no
tabulam,la,2,0.016,no
taceo,la,2,0.016,no
taimingam,la,2,0.016,no
talibus,la,2,0.016,no
tamdiu,la,2,0.016,no
tamora,la,2,0.016,no
tantaque,la,2,0.016,no
tantoperè,la,2,0.016,no
tantorum,la,2,0.016,no
tantùm,la,2,0.016,no
tantumodo,la,2,0.016,no
tar,la,2,0.016,no
tarazauandono,la,2,0.016,no
tarazauandonum,la,2,0.016,no
tardissime,la,2,0.016,no
tarin,la,2,0.016,no
tartara,la,2,0.016,no
tartaricam,la,2,0.016,no
tçunocami,la,2,0.016,no
tçuzu,la,2,0.016,no
tectis,la,2,0.016,no
temperare,la,2,0.016,no
temperatos,la,2,0.016,no
tempestatem,la,2,0.016,no
tempo,it,2,0.016,no
temporalium,la,2,0.016,no
tendebant,la,2,0.016,no
teneat,la,2,0.016,no
tenebras,la,2,0.016,no
tenemur,la,2,0.016,no
teneo,la,2,0.016,no
tenere,la,2,0.016,no
teneri,la,2,0.016,no
tentari,la,2,0.016,no
tentassent,la,2,0.016,no
tentorio,la,2,0.016,no
tenus,la,2,0.016,no
terga,la,2,0.016,no
terminis,la,2,0.016,no
termino,la,2,0.016,no
ternis,la,2,0.016,no
territorio,la,2,0.016,no
terrore,la,2,0.016,no
terrorem,la,2,0.016,no
terroribus,la,2,0.016,no
tes,la,2,0.016,no
testatus,la,2,0.016,no
testis,la,2,0.016,no
thadeus,la,2,0.016,no
thartaris,la,2,0.016,no
thaurisio,la,2,0.016,no
theatro,la,2,0.016,no
theatrum,la,2,0.016,no
thebaidis,la,2,0.016,no
theologis,la,2,0.016,no
theologus,la,2,0.016,no
thesauris,la,2,0.016,no
thieñ,trans,2,0.016,no
thienkio,la,2,0.016,no
thienus,la,2,0.016,no
thomam,la,2,0.016,no
thracia,la,2,0.016,no
thraciae,la,2,0.016,no
tiae,la,2,0.016,no
timens,la,2,0.016,no
timentes,la,2,0.016,no
timor,la,2,0.016,no
tionem,la,2,0.016,no
tiranidem,la,2,0.016,no
tolleretur,la,2,0.016,no
tolli,la,2,0.016,no
tollitur,la,2,0.016,no
tomi,la,2,0.016,no
tomis,la,2,0.016,no
tomus,la,2,0.016,no
tonus,la,2,0.016,no
torquebuntur,la,2,0.016,no
torqueri,la,2,0.016,no
totaliter,la,2,0.016,no
totamque,la,2,0.016,no
totidemque,la,2,0.016,no
tractandum,la,2,0.016,no
tractata,la,2,0.016,no
tradenda,la,2,0.016,no
traderet,la,2,0.016,no
tradi,la,2,0.016,no
tradit,la,2,0.016,no
traditae,la,2,0.016,no
tragoediam,la,2,0.016,no
traiiciunt,la,2,0.016,no
tramitem,la,2,0.016,no
tranquille,la,2,0.016,no
tranquilliorem,la,2,0.016,no
trans,la,2,0.016,no
transacta,la,2,0.016,no
transactis,la,2,0.016,no
transcribo,la,2,0.016,no
transcripto,la,2,0.016,no
transeo,la,2,0.016,no
transeundum,la,2,0.016,no
transfixus,la,2,0.016,no
transiens,la,2,0.016,no
transigere,la,2,0.016,no
transigunt,la,2,0.016,no
transivi,la,2,0.016,no
translato,la,2,0.016,no
transmittitur,la,2,0.016,no
transtuli,la,2,0.016,no
transtulit,la,2,0.016,no
transumpta,la,2,0.016,no
tremore,la,2,0.016,no
tribui,la,2,0.016,no
tribunali,la,2,0.016,no
tribunalibus,la,2,0.016,no
tribunalium,la,2,0.016,no
tributo,la,2,0.016,no
tricenorum,la,2,0.016,no
tridentinum,la,2,0.016,no
triduum,la,2,0.016,no
triennio,la,2,0.016,no
trinitatis,la,2,0.016,no
tristitia,la,2,0.016,no
triumphos,la,2,0.016,no
triumphum,la,2,0.016,no
trophaea,la,2,0.016,no
trucidare,la,2,0.016,no
tuarum,la,2,0.016,no
tue,la,2,0.016,no
tulerit,la,2,0.016,no
tumultum,la,2,0.016,no
tunicis,la,2,0.016,no
tunquinenses,la,2,0.016,no
tuorum,la,2,0.016,no
turba,la,2,0.016,no
turbam,la,2,0.016,no
turbaturam,la,2,0.016,no
turpitudinem,la,2,0.016,no
turris,la,2,0.016,no
tuscia,la,2,0.016,no
tuta,la,2,0.016,no
tutela,la,2,0.016,no
tutiorem,la,2,0.016,no
tuto,la,2,0.016,no
tutor,la,2,0.016,no
tutorem,la,2,0.016,no
tutum,la,2,0.016,no
tutus,la,2,0.016,no
tyrannidem,la,2,0.016,no
tyronibus,la,2,0.016,no
uaria,la,2,0.016,no
uariam,la,2,0.016,no
uel,la,2,0.016,no
ueluti,la,2,0.016,no
ueniunt,la,2,0.016,no
uentura,la,2,0.016,no
uestis,la,2,0.016,no
uidentur,la,2,0.016,no
uina,la,2,0.016,no
uino,la,2,0.016,no
uirgines,la,2,0.016,no
uirtute,la,2,0.016,no
uis,la,2,0.016,no
uita,la,2,0.016,no
ullam,la,2,0.016,no
ulteriorem,la,2,0.016,no
ulti,la,2,0.016,no
ultimis,la,2,0.016,no
ultionem,la,2,0.016,no
ulturus,la,2,0.016,no
umquam,la,2,0.016,no
unaquaque,la,2,0.016,no
undecima,la,2,0.016,no
undequaque,la,2,0.016,no
undetriginta,la,2,0.016,no
undeviginti,la,2,0.016,no
unguem,la,2,0.016,no
unica,la,2,0.016,no
unico,la,2,0.016,no
unicus,la,2,0.016,no
unitis,la,2,0.016,no
universalis,la,2,0.016,no
uolo,la,2,0.016,no
uoluerunt,la,2,0.016,no
uoluit,la,2,0.016,no
urgeat,la,2,0.016,no
urgens,la,2,0.016,no
urgere,la,2,0.016,no
urget,la,2,0.016,no
usa,la,2,0.016,no
usangueio,la,2,0.016,no
usquequo,la,2,0.016,no
usuqui,la,2,0.016,no
usurpare,la,2,0.016,no
usurpato,la,2,0.016,no
utar,la,2,0.016,no
utebantur,la,2,0.016,no
utile,la,2,0.016,no
utut,la,2,0.016,no
uxoribus,la,2,0.016,no
v.r,la,2,0.016,no
va,la,2,0.016,no
vacent,la,2,0.016,no
vacuas,la,2,0.016,no
vadam,la,2,0.016,no
vagnoni,la,2,0.016,no
vale,la,2,0.016,no
valeamus,la,2,0.016,no
valedicere,la,2,0.016,no
valentino,la,2,0.016,no
valentinus,la,2,0.016,no
valete,la,2,0.016,no
valetudo,la,2,0.016,no
valguarneira,la,2,0.016,no
valguarnera,la,2,0.016,no
validam,la,2,0.016,no
valignano,pt,2,0.016,no
valoris,la,2,0.016,no
valta,la,2,0.016,no
vanliei,la,2,0.016,no
vanus,la,2,0.016,no
varios,la,2,0.016,no
vas,la,2,0.016,no
vasallorum,la,2,0.016,no
vastant,la,2,0.016,no
vastarunt,la,2,0.016,no
vastitate,la,2,0.016,no
vastitatem,la,2,0.016,no
ve,la,2,0.016,no
velis,la,2,0.016,no
vellem,la,2,0.016,no
velo,la,2,0.016,no
venditae,la,2,0.016,no
vendunt,la,2,0.016,no
venerabilis,la,2,0.016,no
venerande,la,2,0.016,no
veneratus,la,2,0.016,no
venerentur,la,2,0.016,no
venientes,la,2,0.016,no
venientibus,la,2,0.016,no
venimus,la,2,0.016,no
venio,la,2,0.016,no
venissent,la,2,0.016,no
venter,la,2,0.016,no
ventris,la,2,0.016,no
venturi,la,2,0.016,no
venturo,la,2,0.016,no
venturos,la,2,0.016,no
venxui,la,2,0.016,no
verberibus,la,2,0.016,no
verborum,la,2,0.016,no
verè,la,2,0.016,no
verecundia,la,2,0.016,no
vereremur,la,2,0.016,no
vergilii,la,2,0.016,no
veris,la,2,0.016,no
veritati,la,2,0.016,no
veritus,la,2,0.016,no
versaretur,la,2,0.016,no
versentur,la,2,0.016,no
verùm,la,2,0.016,no
verumetiam,la,2,0.016,no
vescuntur,la,2,0.016,no
vespasianus,la,2,0.016,no
vespertinis,la,2,0.016,no
vestitum,la,2,0.016,no
vestro,la,2,0.016,no
vestros,la,2,0.016,no
vetamur,la,2,0.016,no
veteres,la,2,0.016,no
veteribus,la,2,0.016,no
veteris,la,2,0.016,no
vexillis,la,2,0.016,no
viae,la,2,0.016,no
vicariatu,la,2,0.016,no
viceadministratorem,la,2,0.016,no
vicena,la,2,0.016,no
viceprovincial,pt,2,0.016,no
vicerector,la,2,0.016,no
vicibus,la,2,0.016,no
vicinas,la,2,0.016,no
vicinitatem,la,2,0.016,no
vicissitudine,la,2,0.016,no
vicos,la,2,0.016,no
victi,la,2,0.016,no
victu,la,2,0.016,no
victum,la,2,0.016,no
vid,la,2,0.016,no
videant,la,2,0.016,no
videat,la,2,0.016,no
videbant,la,2,0.016,no
videbimus,la,2,0.016,no
videndi,la,2,0.016,no
viderint,la,2,0.016,no
vigiliis,la,2,0.016,no
vilissimus,la,2,0.016,no
villela,la,2,0.016,no
vincentio,la,2,0.016,no
vincentius,la,2,0.016,no
vinci,la,2,0.016,no
vinctos,la,2,0.016,no
vindicata,la,2,0.016,no
vindictae,la,2,0.016,no
vindictam,la,2,0.016,no
vinum,la,2,0.016,no
violentas,la,2,0.016,no
violenter,la,2,0.016,no
virgarum,la,2,0.016,no
viridem,la,2,0.016,no
visendum,la,2,0.016,no
visi,la,2,0.016,no
visis,la,2,0.016,no
visitatio,la,2,0.016,no
visitationibus,la,2,0.016,no
visitato,la,2,0.016,no
viso,la,2,0.016,no
vitiorum,la,2,0.016,no
viuendi,la,2,0.016,no
vivae,la,2,0.016,no
vivantne,la,2,0.016,no
vivebant,la,2,0.016,no
vivebat,la,2,0.016,no
viventis,la,2,0.016,no
vivo,la,2,0.016,no
vixerat,la,2,0.016,no
vixerunt,la,2,0.016,no
vixit,la,2,0.016,no
vndique,la,2,0.016,no
vniversalis,la,2,0.016,no
voaranos,la,2,0.016,no
vocantur,la,2,0.016,no
vocaret,la,2,0.016,no
vocata,la,2,0.016,no
vocatum,la,2,0.016,no
vocatus,la,2,0.016,no
vocem,la,2,0.016,no
volebam,la,2,0.016,no
volenti,la,2,0.016,no
volga,la,2,0.016,no
volumus,la,2,0.016,no
voluntariam,la,2,0.016,no
votum,la,2,0.016,no
vozaca,la,2,0.016,no
vsi,la,2,0.016,no
vsque,la,2,0.016,no
vsu,la,2,0.016,no
vtero,la,2,0.016,no
vti,la,2,0.016,no
vtpote,la,2,0.016,no
vtque,la,2,0.016,no
vtriusque,la,2,0.016,no
vulgò,la,2,0.016,no
vulnere,la,2,0.016,no
vulnus,la,2,0.016,no
vultu,la,2,0.016,no
vxores,la,2,0.016,no
xabierius,la,2,0.016,no
xaoking,la,2,0.016,no
xaqua,la,2,0.016,no
xaquae,la,2,0.016,no
xauchensis,la,2,0.016,no
xaverius,la,2,0.016,no
xerafinus,la,2,0.016,no
xii,la,2,0.016,no
xin,la,2,0.016,no
xiqui,la,2,0.016,no
xl,la,2,0.016,no
xviii,la,2,0.016,no
yamagutiana,la,2,0.016,no
yamagutiano,la,2,0.016,no
yao,la,2,0.016,no
ydolatris,la,2,0.016,no
yechudonus,la,2,0.016,no
yquiccuqui,la,2,0.016,no
yuenum,la,2,0.016,no
yupi,la,2,0.016,no
zungchinium,la,2,0.016,no
1am,la,1,0.008,no
283v,la,1,0.008,no
4f,la,1,0.008,no
50a,la,1,0.008,no
aaron,la,1,0.008,no
abatur,la,1,0.008,no
abdere,la,1,0.008,no
abdiderunt,la,1,0.008,no
abdidit,la,1,0.008,no
abditos,la,1,0.008,no
abducat,la,1,0.008,no
abducere,la,1,0.008,no
abducti,la,1,0.008,no
abduxerant,la,1,0.008,no
abduxerat,la,1,0.008,no
abecedarii,la,1,0.008,no
abegerit,la,1,0.008,no
aberrabat,la,1,0.008,no
aberrent,la,1,0.008,no
aberunt,la,1,0.008,no
abesse,la,1,0.008,no
abessent,la,1,0.008,no
abesset,la,1,0.008,no
abeunti,la,1,0.008,no
abeuntis,la,1,0.008,no
abfuerunt,la,1,0.008,no
abhorrens,la,1,0.008,no
abhorrentibus,la,1,0.008,no
abhorret,la,1,0.008,no
abiecisse,la,1,0.008,no
abiecissent,la,1,0.008,no
abiectioribus,la,1,0.008,no
abiectis,la,1,0.008,no
abiectissima,la,1,0.008,no
abiectissimis,la,1,0.008,no
abiecto,la,1,0.008,no
abiectum,la,1,0.008,no
abierunt,la,1,0.008,no
abiiciantur,la,1,0.008,no
abire,la,1,0.008,no
abituri,la,1,0.008,no
abivit,la,1,0.008,no
ablata,la,1,0.008,no
ablatis,la,1,0.008,no
ablatum,la,1,0.008,no
ablegabat,la,1,0.008,no
ablegarentur,la,1,0.008,no
ablegarunt,la,1,0.008,no
ablegati,la,1,0.008,no
abluentes,la,1,0.008,no
abluerint,la,1,0.008,no
ablui,la,1,0.008,no
ablutione,la,1,0.008,no
ablutionem,la,1,0.008,no
ablutis,la,1,0.008,no
ablutos,la,1,0.008,no
abnavigavit,la,1,0.008,no
abnegandum,la,1,0.008,no
abnegata,la,1,0.008,no
abnegemus,la,1,0.008,no
abnuisset,la,1,0.008,no
abolendam,la,1,0.008,no
aboletum,la,1,0.008,no
abolitionem,la,1,0.008,no
abominari,la,1,0.008,no
abque,la,1,0.008,no
abradebant,la,1,0.008,no
abraderent,la,1,0.008,no
abrenuntiantes,la,1,0.008,no
abrepta,la,1,0.008,no
abreptos,la,1,0.008,no
abreptus,la,1,0.008,no
abreu,la,1,0.008,no
abrogaretur,la,1,0.008,no
abroges,la,1,0.008,no
abs,la,1,0.008,no
abscedere,la,1,0.008,no
abscidet,la,1,0.008,no
abscinde,la,1,0.008,no
abscindere,la,1,0.008,no
absens,la,1,0.008,no
absolutae,la,1,0.008,no
absolutam,la,1,0.008,no
absolutione,la,1,0.008,no
absolutionis,la,1,0.008,no
absolutis,la,1,0.008,no
absolutissima,la,1,0.008,no
absolutissimi,la,1,0.008,no
absoluto,la,1,0.008,no
absolverant,la,1,0.008,no
absolvimus,la,1,0.008,no
absolvit,la,1,0.008,no
absolvunt,la,1,0.008,no
absonum,la,1,0.008,no
absorpta,la,1,0.008,no
absorpti,la,1,0.008,no
absterrebuntur,la,1,0.008,no
absterreri,la,1,0.008,no
abstinebant,la,1,0.008,no
abstinendum,la,1,0.008,no
abstinens,la,1,0.008,no
abstinerent,la,1,0.008,no
abstinetis,la,1,0.008,no
abstinuisse,la,1,0.008,no
abstinuit,la,1,0.008,no
abstractis,la,1,0.008,no
abstractus,la,1,0.008,no
abstrahi,la,1,0.008,no
abstulerim,la,1,0.008,no
abstulerunt,la,1,0.008,no
absumpsisse,la,1,0.008,no
absumptis,la,1,0.008,no
absynthya,la,1,0.008,no
absyntium,la,1,0.008,no
abundantem,la,1,0.008,no
abundanter,la,1,0.008,no
abundanti,la,1,0.008,no
abundantissima,la,1,0.008,no
abundent,la,1,0.008,no
abusu,la,1,0.008,no
abusus,la,1,0.008,no
abutantur,la,1,0.008,no
abutens,la,1,0.008,no
abyssus,la,1,0.008,no
academiae,la,1,0.008,no
academias,la,1,0.008,no
acascicamone,la,1,0.008,no
acaxi,la,1,0.008,no
accedebant,la,1,0.008,no
accedens,la,1,0.008,no
accedente,la,1,0.008,no
accedentibus,la,1,0.008,no
accederet,la,1,0.008,no
accederunt,la,1,0.008,no
accedet,la,1,0.008,no
accendantur,la,1,0.008,no
accenderet,la,1,0.008,no
accensę,la,1,0.008,no
accenseas,la,1,0.008,no
accensendi,la,1,0.008,no
accensione,la,1,0.008,no
accensis,la,1,0.008,no
accensus,la,1,0.008,no
acceperant,la,1,0.008,no
acceperit,la,1,0.008,no
accepissent,la,1,0.008,no
accepisset,la,1,0.008,no
acceptandam,la,1,0.008,no
acceptandi,la,1,0.008,no
acceptarem,la,1,0.008,no
acceptas,la,1,0.008,no
acceptavi,la,1,0.008,no
acceptavit,la,1,0.008,no
acceptet,la,1,0.008,no
acceptetur,la,1,0.008,no
accepti,la,1,0.008,no
acceptionis,la,1,0.008,no
acceptoque,la,1,0.008,no
acceptum,la,1,0.008,no
accepturos,la,1,0.008,no
acceptusque,la,1,0.008,no
accerrime,la,1,0.008,no
accersit,la,1,0.008,no
accesione,la,1,0.008,no
accesserant,la,1,0.008,no
accessi,la,1,0.008,no
accessione,la,1,0.008,no
accessionem,la,1,0.008,no
accessus,la,1,0.008,no
accesurum,la,1,0.008,no
acciderant,la,1,0.008,no
acciderat,la,1,0.008,no
accideret,la,1,0.008,no
acciderint,la,1,0.008,no
acciderit,la,1,0.008,no
accidisse,la,1,0.008,no
accipe,la,1,0.008,no
accipietis,la,1,0.008,no
accipimus,la,1,0.008,no
accipiúntque,la,1,0.008,no
accisa,la,1,0.008,no
accitae,la,1,0.008,no
accivit,la,1,0.008,no
accivitis,la,1,0.008,no
acco,la,1,0.008,no
accom,la,1,0.008,no
accommoda,la,1,0.008,no
accommodaretur,la,1,0.008,no
accommodatas,la,1,0.008,no
accomodata,la,1,0.008,no
accomodatas,la,1,0.008,no
accurata,la,1,0.008,no
accuratione,la,1,0.008,no
accuratius,la,1,0.008,no
accurrente,la,1,0.008,no
accurrentium,la,1,0.008,no
accurrerent,la,1,0.008,no
accurrerunt,la,1,0.008,no
accurrit,la,1,0.008,no
accusabat,la,1,0.008,no
accusant,la,1,0.008,no
accusare,la,1,0.008,no
accusarent,la,1,0.008,no
accusatae,la,1,0.008,no
accusati,la,1,0.008,no
accusatione,la,1,0.008,no
accusationum,la,1,0.008,no
accusatori,la,1,0.008,no
accusatus,la,1,0.008,no
accusaverunt,la,1,0.008,no
accusent,la,1,0.008,no
accuses,la,1,0.008,no
acerbiore,la,1,0.008,no
acerbis,la,1,0.008,no
acerbissimae,la,1,0.008,no
acerbissimam,la,1,0.008,no
acerbitatem,la,1,0.008,no
acerrime,la,1,0.008,no
acerrimis,la,1,0.008,no
acerrimos,la,1,0.008,no
achaiae,la,1,0.008,no
achaiam,la,1,0.008,no
achilleus,la,1,0.008,no
acie,la,1,0.008,no
aciem,la,1,0.008,no
acies,la,1,0.008,no
acinace,la,1,0.008,no
acinacem,la,1,0.008,no
acinaces,la,1,0.008,no
acommodaret,la,1,0.008,no
acomodaremus,la,1,0.008,no
acomodatum,la,1,0.008,no
acquireret,la,1,0.008,no
acquisivissent,la,1,0.008,no
acre,la,1,0.008,no
acrem,la,1,0.008,no
acri,la,1,0.008,no
acria,la,1,0.008,no
acriores,la,1,0.008,no
acriq,la,1,0.008,no
acriter,la,1,0.008,no
actae,la,1,0.008,no
actam,la,1,0.008,no
actibus,la,1,0.008,no
actionem,la,1,0.008,no
actionibus,la,1,0.008,no
actionum,la,1,0.008,no
actis,la,1,0.008,no
actisque,la,1,0.008,no
actuari,la,1,0.008,no
actuata,la,1,0.008,no
acturi,la,1,0.008,no
acturum,la,1,0.008,no
actuum,la,1,0.008,no
acumen,la,1,0.008,no
acusavit,la,1,0.008,no
acutissimae,la,1,0.008,no
acutos,la,1,0.008,no
adactis,la,1,0.008,no
adamantinum,la,1,0.008,no
adami,la,1,0.008,no
adaugerent,la,1,0.008,no
adaugeret,la,1,0.008,no
adblandiri,la,1,0.008,no
adcurate,la,1,0.008,no
addebamus,la,1,0.008,no
addebatur,la,1,0.008,no
addenda,la,1,0.008,no
addendum,la,1,0.008,no
addere,la,1,0.008,no
adderemus,la,1,0.008,no
adderet,la,1,0.008,no
addicant,la,1,0.008,no
addicta,la,1,0.008,no
addictissimus,la,1,0.008,no
addictos,la,1,0.008,no
addictum,la,1,0.008,no
addictus,la,1,0.008,no
addiscant,la,1,0.008,no
addiscentes,la,1,0.008,no
addiscerint,la,1,0.008,no
addit,la,1,0.008,no
additis,la,1,0.008,no
addito,la,1,0.008,no
additu,la,1,0.008,no
additum,la,1,0.008,no
addituram,la,1,0.008,no
adducar,la,1,0.008,no
adducebat,la,1,0.008,no
adducens,la,1,0.008,no
adducentes,la,1,0.008,no
adduci,la,1,0.008,no
adducimus,la,1,0.008,no
adducta,la,1,0.008,no
adductis,la,1,0.008,no
adducto,la,1,0.008,no
adductos,la,1,0.008,no
adducturi,la,1,0.008,no
adducturum,la,1,0.008,no
adducturus,la,1,0.008,no
adducuntur,la,1,0.008,no
adduntur,la,1,0.008,no
adduxerant,la,1,0.008,no
adduxerat,la,1,0.008,no
adduxere,la,1,0.008,no
adduxerunt,la,1,0.008,no
adduxissent,la,1,0.008,no
ade,la,1,0.008,no
adeat,la,1,0.008,no
ademptaque,la,1,0.008,no
adepti,la,1,0.008,no
adeptione,la,1,0.008,no
adeptionem,la,1,0.008,no
adeptis,la,1,0.008,no
adepturi,la,1,0.008,no
aderamus,la,1,0.008,no
aderis,la,1,0.008,no
adessent,la,1,0.008,no
adeund,la,1,0.008,no
adeundam,la,1,0.008,no
adeundo,la,1,0.008,no
adeunt,la,1,0.008,no
adferat,la,1,0.008,no
adferebant,la,1,0.008,no
adferrent,la,1,0.008,no
adfuere,la,1,0.008,no
adfuturum,la,1,0.008,no
adhaerebant,la,1,0.008,no
adhaerendum,la,1,0.008,no
adhaesisset,la,1,0.008,no
adhȩrebat,la,1,0.008,no
adherentibus,la,1,0.008,no
adhesid,la,1,0.008,no
adhibeatur,la,1,0.008,no
adhibebitur,la,1,0.008,no
adhibens,la,1,0.008,no
adhiberent,la,1,0.008,no
adhiberentur,la,1,0.008,no
adhibita,la,1,0.008,no
adhibuere,la,1,0.008,no
adhibuisse,la,1,0.008,no
adhibuit,la,1,0.008,no
adhortati,la,1,0.008,no
adhortatus,la,1,0.008,no
adhunc,la,1,0.008,no
adi,la,1,0.008,no
adiacentem,la,1,0.008,no
adiacentibus,la,1,0.008,no
adieci,la,1,0.008,no
adiecto,la,1,0.008,no
adierunt,la,1,0.008,no
adigere,la,1,0.008,no
adiiciam,la,1,0.008,no
adiimus,la,1,0.008,no
adiisset,la,1,0.008,no
adiit,la,1,0.008,no
adijcimus,la,1,0.008,no
adim,la,1,0.008,no
adimamus,la,1,0.008,no
adimente,la,1,0.008,no
adimere,la,1,0.008,no
adimplebit,la,1,0.008,no
adimpleta,la,1,0.008,no
adirent,la,1,0.008,no
adiri,la,1,0.008,no
adiscere,la,1,0.008,no
adisgnaturum,la,1,0.008,no
adiudicanda,la,1,0.008,no
adiudicandum,la,1,0.008,no
adiuit,la,1,0.008,no
adiumentum,la,1,0.008,no
adiuncta,la,1,0.008,no
adiunctis,la,1,0.008,no
adiuncto,la,1,0.008,no
adiunctus,la,1,0.008,no
adiungamus,la,1,0.008,no
adiungant,la,1,0.008,no
adiungeret,la,1,0.008,no
adiunxerat,la,1,0.008,no
adiunxere,la,1,0.008,no
adiunxerunt,la,1,0.008,no
adiunximus,la,1,0.008,no
adiunxisset,la,1,0.008,no
adiurabant,la,1,0.008,no
adiutis,la,1,0.008,no
adiutoribus,la,1,0.008,no
adiuuantem,la,1,0.008,no
adiuuit,la,1,0.008,no
adiuvant,la,1,0.008,no
adiuvare,la,1,0.008,no
adiuvarem,la,1,0.008,no
adjectis,la,1,0.008,no
adjicitur,la,1,0.008,no
adjudicatae,la,1,0.008,no
adjumenti,la,1,0.008,no
adjumentum,la,1,0.008,no
adjunctus,la,1,0.008,no
adjungam,la,1,0.008,no
adjungas,la,1,0.008,no
adjungendi,la,1,0.008,no
adjungeretur,la,1,0.008,no
adjutorem,la,1,0.008,no
adjuvantur,la,1,0.008,no
adjuvent,la,1,0.008,no
adjuvetur,la,1,0.008,no
admictunt,la,1,0.008,no
adminiculo,la,1,0.008,no
administra,la,1,0.008,no
administramus,la,1,0.008,no
administrandis,la,1,0.008,no
administrans,la,1,0.008,no
administrant,la,1,0.008,no
administrare,la,1,0.008,no
administrarem,la,1,0.008,no
administrasset,la,1,0.008,no
administrationis,la,1,0.008,no
administratore,la,1,0.008,no
administratorum,la,1,0.008,no
administraverat,la,1,0.008,no
administravi,la,1,0.008,no
administro,la,1,0.008,no
admir,la,1,0.008,no
admirabi,la,1,0.008,no
admirabile,la,1,0.008,no
admirabilemque,la,1,0.008,no
admirabiles,la,1,0.008,no
admirabilibus,la,1,0.008,no
admirabilium,la,1,0.008,no
admirabuntur,la,1,0.008,no
admirantur,la,1,0.008,no
admiratio,la,1,0.008,no
admiratus,la,1,0.008,no
admiremur,la,1,0.008,no
admiser,la,1,0.008,no
admiserant,la,1,0.008,no
admiserat,la,1,0.008,no
admisissent,la,1,0.008,no
admissas,la,1,0.008,no
admissione,la,1,0.008,no
admissis,la,1,0.008,no
admissit,la,1,0.008,no
admit,la,1,0.008,no
admitere,la,1,0.008,no
admittamus,la,1,0.008,no
admittant,la,1,0.008,no
admittantur,la,1,0.008,no
admittatur,la,1,0.008,no
admittebatur,la,1,0.008,no
admittendas,la,1,0.008,no
admittendi,la,1,0.008,no
admittendis,la,1,0.008,no
admitterent,la,1,0.008,no
admitterentur,la,1,0.008,no
admitteret,la,1,0.008,no
admitteretur,la,1,0.008,no
admitti,la,1,0.008,no
admittirut,la,1,0.008,no
admittunt,la,1,0.008,no
admitunt,la,1,0.008,no
admo,la,1,0.008,no
admoneat,la,1,0.008,no
admonere,la,1,0.008,no
admonet,la,1,0.008,no
admunerando,la,1,0.008,no
adnavigavimus,la,1,0.008,no
adnumeres,la,1,0.008,no
adnumero,la,1,0.008,no
adnutum,la,1,0.008,no
adolescentem,la,1,0.008,no
adolescentia,la,1,0.008,no
adolescentulus,la,1,0.008,no
adoptabuntur,la,1,0.008,no
adoptatam,la,1,0.008,no
adoptivus,la,1,0.008,no
adorandam,la,1,0.008,no
adorando,la,1,0.008,no
adorandum,la,1,0.008,no
adorantur,la,1,0.008,no
adorare,la,1,0.008,no
adorarent,la,1,0.008,no
adoraret,la,1,0.008,no
adoraretur,la,1,0.008,no
adorari,la,1,0.008,no
adorarunt,la,1,0.008,no
adoratio,la,1,0.008,no
adoratione,la,1,0.008,no
adoratores,la,1,0.008,no
adoratur,la,1,0.008,no
adorentur,la,1,0.008,no
adoriri,la,1,0.008,no
adoritur,la,1,0.008,no
adornandis,la,1,0.008,no
adornata,la,1,0.008,no
adornato,la,1,0.008,no
adprecandum,la,1,0.008,no
adpropinquantibus,la,1,0.008,no
adriaticum,la,1,0.008,no
adsciscere,la,1,0.008,no
adsciscerent,la,1,0.008,no
adscivit,la,1,0.008,no
adscripti,la,1,0.008,no
adscriptos,la,1,0.008,no
adsident,la,1,0.008,no
adsignaturum,la,1,0.008,no
adsignavimus,la,1,0.008,no
adspectum,la,1,0.008,no
adstabant,la,1,0.008,no
adstantes,la,1,0.008,no
adstantibus,la,1,0.008,no
adstatum,la,1,0.008,no
adstringerem,la,1,0.008,no
adtrahere,la,1,0.008,no
aduc,la,1,0.008,no
adueniet,la,1,0.008,no
aduentus,la,1,0.008,no
aduersarii,la,1,0.008,no
aduersarius,la,1,0.008,no
aduersatur,la,1,0.008,no
aduersus,la,1,0.008,no
aduertendum,la,1,0.008,no
aduertere,la,1,0.008,no
adulabantur,la,1,0.008,no
adulatione,la,1,0.008,no
adultera,la,1,0.008,no
adultis,la,1,0.008,no
adumbratum,la,1,0.008,no
aduocati,la,1,0.008,no
adv,la,1,0.008,no
advectas,la,1,0.008,no
advehebantur,la,1,0.008,no
advenarum,la,1,0.008,no
advener,la,1,0.008,no
advenere,la,1,0.008,no
adveniat,la,1,0.008,no
adveniente,la,1,0.008,no
advenienti,la,1,0.008,no
advenimus,la,1,0.008,no
advenire,la,1,0.008,no
adveniret,la,1,0.008,no
advenisset,la,1,0.008,no
adventare,la,1,0.008,no
adventuras,la,1,0.008,no
adventus,la,1,0.008,no
adversabantur,la,1,0.008,no
adversari,la,1,0.008,no
adversariis,la,1,0.008,no
adversarijs,la,1,0.008,no
adversario,la,1,0.008,no
adversarios,la,1,0.008,no
adversarius,la,1,0.008,no
adversas,la,1,0.008,no
adversentur,la,1,0.008,no
adversetur,la,1,0.008,no
adversis,la,1,0.008,no
adversitates,la,1,0.008,no
adversitatibus,la,1,0.008,no
advertisset,la,1,0.008,no
adverto,la,1,0.008,no
advigilarent,la,1,0.008,no
advocant,la,1,0.008,no
advocare,la,1,0.008,no
advocatur,la,1,0.008,no
advolant,la,1,0.008,no
advolaret,la,1,0.008,no
advolarint,la,1,0.008,no
advolaturas,la,1,0.008,no
aedesque,la,1,0.008,no
aedificabant,la,1,0.008,no
aedificandi,la,1,0.008,no
aedificantur,la,1,0.008,no
aedificarent,la,1,0.008,no
aedificari,la,1,0.008,no
aedificata,la,1,0.008,no
aedificatae,la,1,0.008,no
aedificatarum,la,1,0.008,no
aedificatione,la,1,0.008,no
aedificationi,la,1,0.008,no
aedificatoribus,la,1,0.008,no
aedificatum,la,1,0.008,no
aedificaverit,la,1,0.008,no
aedificent,la,1,0.008,no
aedificiorum,la,1,0.008,no
aeditimi,la,1,0.008,no
aedium,la,1,0.008,no
aegidius,la,1,0.008,no
aegritudine,la,1,0.008,no
aegritudinem,la,1,0.008,no
aegritudines,la,1,0.008,no
aegritudo,la,1,0.008,no
aegrotant,la,1,0.008,no
aegrotare,la,1,0.008,no
aegrotis,la,1,0.008,no
aegrotos,la,1,0.008,no
aegrotum,la,1,0.008,no
aegyptii,la,1,0.008,no
aegyptium,la,1,0.008,no
aegyptius,la,1,0.008,no
aegypto,la,1,0.008,no
aegyptum,la,1,0.008,no
aegyptus,la,1,0.008,no
aemulationi,la,1,0.008,no
aemulis,la,1,0.008,no
aemulo,la,1,0.008,no
aemulum,la,1,0.008,no
aequabant,la,1,0.008,no
aequale,la,1,0.008,no
aequalem,la,1,0.008,no
aequalitatem,la,1,0.008,no
aequalitatis,la,1,0.008,no
aequaliter,la,1,0.008,no
aequanda,la,1,0.008,no
aequaret,la,1,0.008,no
aequasset,la,1,0.008,no
aequata,la,1,0.008,no
aequatas,la,1,0.008,no
aequato,la,1,0.008,no
aequiore,la,1,0.008,no
aequiparari,la,1,0.008,no
aequissimam,la,1,0.008,no
aequissimo,la,1,0.008,no
aequissimus,la,1,0.008,no
aequitasque,la,1,0.008,no
aequius,la,1,0.008,no
aeramento,la,1,0.008,no
aeramentum,la,1,0.008,no
aeris,la,1,0.008,no
aëris,la,1,0.008,no
aerumna,la,1,0.008,no
aerumnae,la,1,0.008,no
aerumnarum,la,1,0.008,no
aerumnijs,la,1,0.008,no
aerumnosa,la,1,0.008,no
aerumnoso,la,1,0.008,no
aesculapius,la,1,0.008,no
aestas,la,1,0.008,no
aestatis,la,1,0.008,no
aestimabantur,la,1,0.008,no
aestimanda,la,1,0.008,no
aestimat,la,1,0.008,no
aestimata,la,1,0.008,no
aestimatam,la,1,0.008,no
aestimatio,la,1,0.008,no
aestimationem,la,1,0.008,no
aestimatum,la,1,0.008,no
aestuantes,la,1,0.008,no
aestuare,la,1,0.008,no
aetatem,la,1,0.008,no
aeternamque,la,1,0.008,no
aeterni,la,1,0.008,no
aeterniis,la,1,0.008,no
aeternorum,la,1,0.008,no
aethiopiae,la,1,0.008,no
aethiopum,la,1,0.008,no
aetna,la,1,0.008,no
aetolia,la,1,0.008,no
aeviternum,la,1,0.008,no
aferetur,la,1,0.008,no
affantur,la,1,0.008,no
affatur,la,1,0.008,no
affecerat,la,1,0.008,no
affecerit,la,1,0.008,no
affect,la,1,0.008,no
affectos,la,1,0.008,no
affecturos,la,1,0.008,no
afferebantur,la,1,0.008,no
afferentibus,la,1,0.008,no
affererent,la,1,0.008,no
afferrem,la,1,0.008,no
afferret,la,1,0.008,no
affert,la,1,0.008,no
affertor,la,1,0.008,no
afficeremur,la,1,0.008,no
afficeret,la,1,0.008,no
afficeretur,la,1,0.008,no
afficiant,la,1,0.008,no
afficiat,la,1,0.008,no
afficiebantur,la,1,0.008,no
afficiebat,la,1,0.008,no
afficientes,la,1,0.008,no
afficiet,la,1,0.008,no
afficit,la,1,0.008,no
afficiunt,la,1,0.008,no
affigere,la,1,0.008,no
affingunt,la,1,0.008,no
affinitatem,la,1,0.008,no
affirmans,la,1,0.008,no
affirmantibus,la,1,0.008,no
affirmarent,la,1,0.008,no
affirmatis,la,1,0.008,no
affirmauit,la,1,0.008,no
affirmavit,la,1,0.008,no
affixa,la,1,0.008,no
affixis,la,1,0.008,no
afflictam,la,1,0.008,no
afflictati,la,1,0.008,no
afflictationibusque,la,1,0.008,no
afflicti,la,1,0.008,no
afflictionem,la,1,0.008,no
afflictioni,la,1,0.008,no
afflictionibus,la,1,0.008,no
affligant,la,1,0.008,no
affligeremur,la,1,0.008,no
affligit,la,1,0.008,no
afflixit,la,1,0.008,no
affluentem,la,1,0.008,no
affluentes,la,1,0.008,no
affluentia,la,1,0.008,no
affluere,la,1,0.008,no
affuisse,la,1,0.008,no
affulgeat,la,1,0.008,no
affulget,la,1,0.008,no
affulserit,la,1,0.008,no
afirmat,la,1,0.008,no
afonodangii,la,1,0.008,no
africâ,la,1,0.008,no
africanus,la,1,0.008,no
agam,la,1,0.008,no
agamus,la,1,0.008,no
agant,la,1,0.008,no
agarenis,la,1,0.008,no
agatha,la,1,0.008,no
agatur,la,1,0.008,no
agend,la,1,0.008,no
agendas,la,1,0.008,no
agendis,la,1,0.008,no
agendo,la,1,0.008,no
agente,la,1,0.008,no
agentes,la,1,0.008,no
agenti,la,1,0.008,no
agentibus,la,1,0.008,no
aget,la,1,0.008,no
aggerem,la,1,0.008,no
aggeribus,la,1,0.008,no
aggeris,la,1,0.008,no
aggravantur,la,1,0.008,no
aggrediatur,la,1,0.008,no
aggredior,la,1,0.008,no
aggreditur,la,1,0.008,no
aggregabantur,la,1,0.008,no
aggregarant,la,1,0.008,no
aggregarunt,la,1,0.008,no
aggregata,la,1,0.008,no
aggressi,la,1,0.008,no
aggressum,la,1,0.008,no
aggressuri,la,1,0.008,no
agilis,la,1,0.008,no
agilitate,la,1,0.008,no
agilitatem,la,1,0.008,no
agimus,la,1,0.008,no
agitantes,la,1,0.008,no
agitati,la,1,0.008,no
agitatione,la,1,0.008,no
agitatores,la,1,0.008,no
agminibus,la,1,0.008,no
agni,la,1,0.008,no
agnis,la,1,0.008,no
agnitam,la,1,0.008,no
agnitione,la,1,0.008,no
agnitum,la,1,0.008,no
agnomen,la,1,0.008,no
agnorum,la,1,0.008,no
agnos,la,1,0.008,no
agnoscas,la,1,0.008,no
agnoscat,la,1,0.008,no
agnoscatur,la,1,0.008,no
agnoscebatur,la,1,0.008,no
agnoscens,la,1,0.008,no
agnosceremus,la,1,0.008,no
agnosceret,la,1,0.008,no
agnoscimus,la,1,0.008,no
agnoscunt,la,1,0.008,no
agostino,es,1,0.008,no
agricolae,la,1,0.008,no
agricolarum,la,1,0.008,no
agriculturae,la,1,0.008,no
agrippa,la,1,0.008,no
agris,la,1,0.008,no
agros,la,1,0.008,no
agrum,la,1,0.008,no
agunt,la,1,0.008,no
agustinus,la,1,0.008,no
ah,la,1,0.008,no
aiebant,la,1,0.008,no
ainomo,la,1,0.008,no
aiquid,la,1,0.008,no
ais,la,1,0.008,no
aït,la,1,0.008,no
ajudão,pt,1,0.008,no
alacrem,la,1,0.008,no
alacres,la,1,0.008,no
alacriores,la,1,0.008,no
alacritasque,la,1,0.008,no
alacrius,la,1,0.008,no
alamannus,la,1,0.008,no
alani,la,1,0.008,no
alanos,la,1,0.008,no
alapam,la,1,0.008,no
alapha,la,1,0.008,no
alatur,la,1,0.008,no
albis,la,1,0.008,no
albo,la,1,0.008,no
album,la,1,0.008,no
albus,la,1,0.008,no
alcorano,la,1,0.008,no
alcuius,la,1,0.008,no
aleam,la,1,0.008,no
alendae,la,1,0.008,no
alentes,la,1,0.008,no
aletio,la,1,0.008,no
alex,la,1,0.008,no
alexandrum,la,1,0.008,no
alfonsus,la,1,0.008,no
alga,la,1,0.008,no
algere,la,1,0.008,no
alguno,es,1,0.008,no
alguns,pt,1,0.008,no
aliarumque,la,1,0.008,no
aliasq,la,1,0.008,no
aliasque,la,1,0.008,no
aliave,la,1,0.008,no
aliàve,la,1,0.008,no
alicam,la,1,0.008,no
alicubi,la,1,0.008,no
alie,la,1,0.008,no
alienas,la,1,0.008,no
alienati,la,1,0.008,no
alienavit,la,1,0.008,no
alieni,la,1,0.008,no
alienos,la,1,0.008,no
aligari,la,1,0.008,no
aliisq,la,1,0.008,no
alijsque,la,1,0.008,no
alimentis,la,1,0.008,no
alioq,la,1,0.008,no
alioquim,la,1,0.008,no
aliove,la,1,0.008,no
aliquamdiu,la,1,0.008,no
aliquandiu,la,1,0.008,no
aliquanta,la,1,0.008,no
aliquantam,la,1,0.008,no
aliquantisper,la,1,0.008,no
aliquȩ,la,1,0.008,no
aliquorum,la,1,0.008,no
aliquousque,la,1,0.008,no
alithinam,la,1,0.008,no
alituros,la,1,0.008,no
allata,la,1,0.008,no
allatae,la,1,0.008,no
allatam,la,1,0.008,no
allatis,la,1,0.008,no
allaturam,la,1,0.008,no
allaturas,la,1,0.008,no
allaturus,la,1,0.008,no
allatus,la,1,0.008,no
allegaret,la,1,0.008,no
allegari,la,1,0.008,no
allicerentur,la,1,0.008,no
allicitur,la,1,0.008,no
alligabat,la,1,0.008,no
alligati,la,1,0.008,no
allocutione,la,1,0.008,no
alloquendi,la,1,0.008,no
alloquitur,la,1,0.008,no
alluit,la,1,0.008,no
alluitur,la,1,0.008,no
almam,la,1,0.008,no
alphabeticus,la,1,0.008,no
altare,la,1,0.008,no
altaria,la,1,0.008,no
altaris,la,1,0.008,no
altarium,la,1,0.008,no
alteras,la,1,0.008,no
altercatio,la,1,0.008,no
alteris,la,1,0.008,no
alterumve,la,1,0.008,no
alterutram,la,1,0.008,no
altissima,la,1,0.008,no
altissimum,la,1,0.008,no
altos,la,1,0.008,no
alumnis,la,1,0.008,no
alumnorun,la,1,0.008,no
alun,la,1,0.008,no
álvarez,la,1,0.008,no
alvari,la,1,0.008,no
alvaro,la,1,0.008,no
alvarum,la,1,0.008,no
amabantur,la,1,0.008,no
amacacesi,la,1,0.008,no
amacaum,la,1,0.008,no
amacusadonum,la,1,0.008,no
amacusaensi,la,1,0.008,no
amacusano,la,1,0.008,no
amacusensis,la,1,0.008,no
amaguti,la,1,0.008,no
amahan,la,1,0.008,no
amandando,la,1,0.008,no
amandaret,la,1,0.008,no
amandavimus,la,1,0.008,no
amandavit,la,1,0.008,no
amangutio,la,1,0.008,no
amanter,la,1,0.008,no
amantibus,la,1,0.008,no
amantissima,la,1,0.008,no
amarentur,la,1,0.008,no
amaret,la,1,0.008,no
amari,la,1,0.008,no
amariores,la,1,0.008,no
amaritudo,la,1,0.008,no
amas,la,1,0.008,no
amat,la,1,0.008,no
amavang,la,1,0.008,no
amavango,la,1,0.008,no
amavangum,la,1,0.008,no
amazon,la,1,0.008,no
amazonem,la,1,0.008,no
ambabusq,la,1,0.008,no
ambages,la,1,0.008,no
ambigeret,la,1,0.008,no
ambit,la,1,0.008,no
ambitio,la,1,0.008,no
ambitiosa,la,1,0.008,no
ambitu,la,1,0.008,no
ambitum,la,1,0.008,no
ambitus,la,1,0.008,no
amboino,la,1,0.008,no
amborum,la,1,0.008,no
ambos,la,1,0.008,no
ambulabunt,la,1,0.008,no
ambulantem,la,1,0.008,no
amens,la,1,0.008,no
ament,la,1,0.008,no
amentur,la,1,0.008,no
americae,la,1,0.008,no
amic,la,1,0.008,no
amicisque,la,1,0.008,no
amicissimi,la,1,0.008,no
amicissimus,la,1,0.008,no
amicitiâ,la,1,0.008,no
amicitiae,la,1,0.008,no
amicorum,la,1,0.008,no
amidae,la,1,0.008,no
amiori,la,1,0.008,no
amiseramus,la,1,0.008,no
amiserat,la,1,0.008,no
amiserimus,la,1,0.008,no
amisisset,la,1,0.008,no
amisit,la,1,0.008,no
amissa,la,1,0.008,no
amissionis,la,1,0.008,no
amisso,la,1,0.008,no
amissorum,la,1,0.008,no
amittat,la,1,0.008,no
amittenda,la,1,0.008,no
ammirabiles,la,1,0.008,no
ammonitiones,la,1,0.008,no
amoenae,la,1,0.008,no
amoenissimam,la,1,0.008,no
amoenus,la,1,0.008,no
amoreq,la,1,0.008,no
amori,la,1,0.008,no
amorisque,la,1,0.008,no
amoveam,la,1,0.008,no
amoveant,la,1,0.008,no
amovere,la,1,0.008,no
amoveret,la,1,0.008,no
amphitheatri,la,1,0.008,no
amplam,la,1,0.008,no
amplas,la,1,0.008,no
amplectebantur,la,1,0.008,no
amplectebatur,la,1,0.008,no
amplectendas,la,1,0.008,no
amplectentibus,la,1,0.008,no
amplectentur,la,1,0.008,no
amplectuntur,la,1,0.008,no
amplexantes,la,1,0.008,no
amplexus,la,1,0.008,no
amplexux,la,1,0.008,no
ampliavit,la,1,0.008,no
amplior,la,1,0.008,no
ampliores,la,1,0.008,no
ampliori,la,1,0.008,no
amplioris,la,1,0.008,no
amplissimae,la,1,0.008,no
amplissimam,la,1,0.008,no
amplissimas,la,1,0.008,no
amplissime,la,1,0.008,no
amplissimis,la,1,0.008,no
amploque,la,1,0.008,no
amputandum,la,1,0.008,no
amputato,la,1,0.008,no
amyda,la,1,0.008,no
ancillis,la,1,0.008,no
ancipitique,la,1,0.008,no
ancocugo,la,1,0.008,no
ancocugum,la,1,0.008,no
ancroi,la,1,0.008,no
ancta,la,1,0.008,no
anctae,la,1,0.008,no
ancti,la,1,0.008,no
ancyra,la,1,0.008,no
andrea,la,1,0.008,no
andreae,la,1,0.008,no
andrés,la,1,0.008,no
andriam,la,1,0.008,no
andrutius,la,1,0.008,no
angebat,la,1,0.008,no
angelica,la,1,0.008,no
angelicam,la,1,0.008,no
angelisque,la,1,0.008,no
angelo,la,1,0.008,no
angelos,la,1,0.008,no
angitur,la,1,0.008,no
angliam,la,1,0.008,no
anglicana,la,1,0.008,no
anglicanam,la,1,0.008,no
angor,la,1,0.008,no
angore,la,1,0.008,no
angoribus,la,1,0.008,no
angustum,la,1,0.008,no
angustus,la,1,0.008,no
anhelarent,la,1,0.008,no
anhelat,la,1,0.008,no
anian,la,1,0.008,no
animabus,la,1,0.008,no
animadversum,la,1,0.008,no
animadversus,la,1,0.008,no
animadvertas,la,1,0.008,no
animadverteremus,la,1,0.008,no
animadverterent,la,1,0.008,no
animadvertetur,la,1,0.008,no
animadvertunt,la,1,0.008,no
animal,la,1,0.008,no
animandas,la,1,0.008,no
animaram,la,1,0.008,no
anime,la,1,0.008,no
animȩ,la,1,0.008,no
animor,la,1,0.008,no
animose,la,1,0.008,no
animosi,la,1,0.008,no
animulas,la,1,0.008,no
animumque,la,1,0.008,no
animuus,la,1,0.008,no
anmidesiderio,la,1,0.008,no
ann,la,1,0.008,no
annales,la,1,0.008,no
annalesque,la,1,0.008,no
annalibus,la,1,0.008,no
annamica,la,1,0.008,no
annexarum,la,1,0.008,no
annexas,la,1,0.008,no
annexo,la,1,0.008,no
annexu,la,1,0.008,no
annisque,la,1,0.008,no
anniversarium,la,1,0.008,no
annonae,la,1,0.008,no
annu,la,1,0.008,no
annuaeque,la,1,0.008,no
annual,es,1,0.008,no
annuales,la,1,0.008,no
annuarum,la,1,0.008,no
annuente,la,1,0.008,no
annuentem,la,1,0.008,no
annuentibus,la,1,0.008,no
annuere,la,1,0.008,no
annuisse,la,1,0.008,no
annulavit,la,1,0.008,no
annulo,la,1,0.008,no
annunciandi,la,1,0.008,no
annuntiabant,la,1,0.008,no
annuntiant,la,1,0.008,no
annuo,la,1,0.008,no
annux,la,1,0.008,no
años,es,1,0.008,no
anstituit,la,1,0.008,no
antae,la,1,0.008,no
antam,la,1,0.008,no
antè,la,1,0.008,no
anteactę,la,1,0.008,no
antecedenter,la,1,0.008,no
antecedit,la,1,0.008,no
antecellere,la,1,0.008,no
antecellunt,la,1,0.008,no
antefactis,la,1,0.008,no
antegressa,la,1,0.008,no
antem,la,1,0.008,no
anteriora,la,1,0.008,no
anterius,la,1,0.008,no
antes,es,1,0.008,no
antesignanis,la,1,0.008,no
antesignano,la,1,0.008,no
antiano,la,1,0.008,no
antianorum,la,1,0.008,no
antidota,la,1,0.008,no
antidotum,la,1,0.008,no
antiochia,la,1,0.008,no
antiochiam,la,1,0.008,no
antiphonario,la,1,0.008,no
antipoli,la,1,0.008,no
antiquissima,la,1,0.008,no
antiquissimorum,la,1,0.008,no
antiquos,la,1,0.008,no
antistes,la,1,0.008,no
antistite,la,1,0.008,no
antoninum,la,1,0.008,no
antr,la,1,0.008,no
anuli,la,1,0.008,no
anullaverunt,la,1,0.008,no
anunciabat,la,1,0.008,no
anxio,la,1,0.008,no
anxium,la,1,0.008,no
apeccati,la,1,0.008,no
apellant,la,1,0.008,no
apellatio,la,1,0.008,no
apellationem,la,1,0.008,no
apellationis,la,1,0.008,no
apellavisse,la,1,0.008,no
aperias,la,1,0.008,no
aperiebat,la,1,0.008,no
aperienda,la,1,0.008,no
aperiendae,la,1,0.008,no
aperiendi,la,1,0.008,no
aperiendum,la,1,0.008,no
aperiendumque,la,1,0.008,no
aperient,la,1,0.008,no
aperientibus,la,1,0.008,no
aperiunt,la,1,0.008,no
apertado,pt,1,0.008,no
apertissime,la,1,0.008,no
apertos,la,1,0.008,no
apertumque,la,1,0.008,no
aperuere,la,1,0.008,no
aperuisset,la,1,0.008,no
apices,la,1,0.008,no
apollinem,la,1,0.008,no
apollinis,la,1,0.008,no
apollonii,la,1,0.008,no
apollonius,la,1,0.008,no
apologijs,la,1,0.008,no
apostasia,la,1,0.008,no
apostasiae,la,1,0.008,no
apostasiam,la,1,0.008,no
apostatae,la,1,0.008,no
apostolis,la,1,0.008,no
apostolum,la,1,0.008,no
apparatu,la,1,0.008,no
apparebat,la,1,0.008,no
apparebit,la,1,0.008,no
apparere,la,1,0.008,no
appareret,la,1,0.008,no
apparuerit,la,1,0.008,no
appel,la,1,0.008,no
appellabatur,la,1,0.008,no
appellanda,la,1,0.008,no
appellare,la,1,0.008,no
appellarent,la,1,0.008,no
appellari,la,1,0.008,no
appellarunt,la,1,0.008,no
appellata,la,1,0.008,no
appellati,la,1,0.008,no
appellatione,la,1,0.008,no
appellationi,la,1,0.008,no
appellationis,la,1,0.008,no
appellatis,la,1,0.008,no
appellatus,la,1,0.008,no
appellavit,la,1,0.008,no
appellendi,la,1,0.008,no
appellit,la,1,0.008,no
appello,la,1,0.008,no
appendicem,la,1,0.008,no
appetamus,la,1,0.008,no
appetat,la,1,0.008,no
appetere,la,1,0.008,no
appetierat,la,1,0.008,no
appetiisse,la,1,0.008,no
appetitione,la,1,0.008,no
appetitiones,la,1,0.008,no
appetitionibus,la,1,0.008,no
appingimus,la,1,0.008,no
applaudentibus,la,1,0.008,no
applicandis,la,1,0.008,no
applicatae,la,1,0.008,no
applicatus,la,1,0.008,no
applicaverunt,la,1,0.008,no
applicavit,la,1,0.008,no
applicet,la,1,0.008,no
applicui,la,1,0.008,no
apponam,la,1,0.008,no
appono,la,1,0.008,no
apposita,la,1,0.008,no
apposite,la,1,0.008,no
appostolicȩ,la,1,0.008,no
apposuerunt,la,1,0.008,no
apprime,la,1,0.008,no
apprimè,la,1,0.008,no
approbandam,la,1,0.008,no
approbas,la,1,0.008,no
approbatos,la,1,0.008,no
appropinquassent,la,1,0.008,no
appulerant,la,1,0.008,no
appuleron,la,1,0.008,no
appulissemus,la,1,0.008,no
appulsus,la,1,0.008,no
apricum,la,1,0.008,no
aprili,la,1,0.008,no
apta,la,1,0.008,no
aptam,la,1,0.008,no
aptasset,la,1,0.008,no
aptatis,la,1,0.008,no
aptiores,la,1,0.008,no
aptiori,la,1,0.008,no
aptissimae,la,1,0.008,no
aptissimum,la,1,0.008,no
aptius,la,1,0.008,no
aquavivae,la,1,0.008,no
aquileia,la,1,0.008,no
aquilensis,la,1,0.008,no
aquilonarium,la,1,0.008,no
arabiam,la,1,0.008,no
aram,la,1,0.008,no
aras,la,1,0.008,no
aratro,la,1,0.008,no
arbitrarentur,la,1,0.008,no
arbitret,la,1,0.008,no
arbitrium,la,1,0.008,no
arbor,la,1,0.008,no
arbore,la,1,0.008,no
arborum,la,1,0.008,no
arca,la,1,0.008,no
arcana,la,1,0.008,no
arcanis,la,1,0.008,no
arcano,la,1,0.008,no
arceamini,la,1,0.008,no
arcerent,la,1,0.008,no
arcerentur,la,1,0.008,no
arceret,la,1,0.008,no
arceretur,la,1,0.008,no
archiepiscopi,la,1,0.008,no
archiepiscopum,la,1,0.008,no
architecti,la,1,0.008,no
architecto,la,1,0.008,no
architectura,la,1,0.008,no
archivio,la,1,0.008,no
arcta,la,1,0.008,no
arctâ,la,1,0.008,no
arctare,la,1,0.008,no
arcticum,la,1,0.008,no
arctissima,la,1,0.008,no
arctissimam,la,1,0.008,no
arcto,la,1,0.008,no
arcubus,la,1,0.008,no
arcum,la,1,0.008,no
ardenter,la,1,0.008,no
ardentia,la,1,0.008,no
ardentissimus,la,1,0.008,no
ardere,la,1,0.008,no
ardet,la,1,0.008,no
ardores,la,1,0.008,no
ardoris,la,1,0.008,no
areaeque,la,1,0.008,no
arelatum,la,1,0.008,no
arenam,la,1,0.008,no
argenta,la,1,0.008,no
argentariorum,la,1,0.008,no
argentoque,la,1,0.008,no
argilla,la,1,0.008,no
argolicensis,la,1,0.008,no
argolisense,la,1,0.008,no
argolisensis,la,1,0.008,no
arguant,la,1,0.008,no
arguebat,la,1,0.008,no
argueret,la,1,0.008,no
argui,la,1,0.008,no
arguimus,la,1,0.008,no
arguit,la,1,0.008,no
arguitionem,la,1,0.008,no
argumentationi,la,1,0.008,no
argumentum,la,1,0.008,no
argutiores,la,1,0.008,no
ari,la,1,0.008,no
ariditate,la,1,0.008,no
ariensem,la,1,0.008,no
ariensi,la,1,0.008,no
ariensis,la,1,0.008,no
arimae,la,1,0.008,no
arimandono,la,1,0.008,no
arimandonus,la,1,0.008,no
arimani,la,1,0.008,no
arimensem,la,1,0.008,no
arimensibus,la,1,0.008,no
arimondonum,la,1,0.008,no
ariolationes,la,1,0.008,no
ariolis,la,1,0.008,no
aristobuli,la,1,0.008,no
ariye,la,1,0.008,no
armarunt,la,1,0.008,no
armatis,la,1,0.008,no
armatum,la,1,0.008,no
armena,la,1,0.008,no
armeni,la,1,0.008,no
armenia,la,1,0.008,no
armenie,la,1,0.008,no
armenis,la,1,0.008,no
armugam,la,1,0.008,no
arnoldus,la,1,0.008,no
aromata,la,1,0.008,no
arrepta,la,1,0.008,no
arrepto,la,1,0.008,no
arreptum,la,1,0.008,no
arrident,la,1,0.008,no
arripere,la,1,0.008,no
arripienda,la,1,0.008,no
arrogantem,la,1,0.008,no
arrogantia,la,1,0.008,no
artem,la,1,0.008,no
articulorum,la,1,0.008,no
artificialibus,la,1,0.008,no
artificiis,la,1,0.008,no
artificiosissima,la,1,0.008,no
artificiosissimis,la,1,0.008,no
artificiosissimo,la,1,0.008,no
artificis,la,1,0.008,no
artubus,la,1,0.008,no
arx,la,1,0.008,no
aryes,la,1,0.008,no
ascanius,la,1,0.008,no
ascendat,la,1,0.008,no
ascendebant,la,1,0.008,no
ascendebat,la,1,0.008,no
ascendebatur,la,1,0.008,no
ascendentem,la,1,0.008,no
ascendentis,la,1,0.008,no
ascenderant,la,1,0.008,no
ascenderent,la,1,0.008,no
ascenderet,la,1,0.008,no
ascendet,la,1,0.008,no
ascendimus,la,1,0.008,no
ascendunt,la,1,0.008,no
ascensu,la,1,0.008,no
ascensus,la,1,0.008,no
ascensuum,la,1,0.008,no
ascicamoni,la,1,0.008,no
asciverunt,la,1,0.008,no
ascribendi,la,1,0.008,no
ascriberetur,la,1,0.008,no
ascribi,la,1,0.008,no
ascripserint,la,1,0.008,no
asentire,la,1,0.008,no
aserta,la,1,0.008,no
asiam,la,1,0.008,no
asignatis,la,1,0.008,no
asisio,la,1,0.008,no
asistentibus,la,1,0.008,no
asonodangium,la,1,0.008,no
asonodongiani,la,1,0.008,no
aspectuque,la,1,0.008,no
aspectus,la,1,0.008,no
aspergatur,la,1,0.008,no
asperiora,la,1,0.008,no
asperitates,la,1,0.008,no
aspero,la,1,0.008,no
asperrimos,la,1,0.008,no
asperrimum,la,1,0.008,no
aspi,la,1,0.008,no
aspice,la,1,0.008,no
aspiciat,la,1,0.008,no
aspiciendam,la,1,0.008,no
aspiciendum,la,1,0.008,no
aspicientes,la,1,0.008,no
aspirans,la,1,0.008,no
aspirant,la,1,0.008,no
aspirantes,la,1,0.008,no
aspirarent,la,1,0.008,no
aspirat,la,1,0.008,no
aspiret,la,1,0.008,no
asseclis,la,1,0.008,no
assecuti,la,1,0.008,no
assensu,la,1,0.008,no
assentientibus,la,1,0.008,no
assentiunt,la,1,0.008,no
assequatur,la,1,0.008,no
assequentur,la,1,0.008,no
assequetur,la,1,0.008,no
assequutus,la,1,0.008,no
asserem,la,1,0.008,no
asserens,la,1,0.008,no
asserentes,la,1,0.008,no
asserere,la,1,0.008,no
asserit,la,1,0.008,no
assertio,la,1,0.008,no
assertiones,la,1,0.008,no
assertive,la,1,0.008,no
assertum,la,1,0.008,no
asserum,la,1,0.008,no
asserunt,la,1,0.008,no
asservo,la,1,0.008,no
asseveravit,la,1,0.008,no
assiduae,la,1,0.008,no
assiduam,la,1,0.008,no
assiduis,la,1,0.008,no
assiduitate,la,1,0.008,no
assiduo,la,1,0.008,no
assiduos,la,1,0.008,no
assiduus,la,1,0.008,no
assignabo,la,1,0.008,no
assignabunt,la,1,0.008,no
assignando,la,1,0.008,no
assignarent,la,1,0.008,no
assignari,la,1,0.008,no
assignatis,la,1,0.008,no
assignatos,la,1,0.008,no
assignatum,la,1,0.008,no
assisii,la,1,0.008,no
assistentes,la,1,0.008,no
assistentia,la,1,0.008,no
assisterent,la,1,0.008,no
associantes,la,1,0.008,no
assolona,la,1,0.008,no
assuens,la,1,0.008,no
assuetum,la,1,0.008,no
assueverint,la,1,0.008,no
assumat,la,1,0.008,no
assumebat,la,1,0.008,no
assumens,la,1,0.008,no
assumpserunt,la,1,0.008,no
assumpti,la,1,0.008,no
assumptis,la,1,0.008,no
assumpto,la,1,0.008,no
assumptum,la,1,0.008,no
assurgendi,la,1,0.008,no
astipulemur,la,1,0.008,no
astrictum,la,1,0.008,no
astringunt,la,1,0.008,no
astrologiae,la,1,0.008,no
astutia,la,1,0.008,no
astutiam,la,1,0.008,no
astutissimo,la,1,0.008,no
atalaya,la,1,0.008,no
atamen,la,1,0.008,no
ate,la,1,0.008,no
até,pt,1,0.008,no
atendamus,la,1,0.008,no
athanasij,la,1,0.008,no
athletas,la,1,0.008,no
atqui,la,1,0.008,no
atriensis,la,1,0.008,no
atroci,la,1,0.008,no
atrociore,la,1,0.008,no
atrocitatem,la,1,0.008,no
atrociter,la,1,0.008,no
atrox,la,1,0.008,no
attenderent,la,1,0.008,no
attentandum,la,1,0.008,no
attentatum,la,1,0.008,no
attentaverit,la,1,0.008,no
attentione,la,1,0.008,no
attentique,la,1,0.008,no
attestat,la,1,0.008,no
attestatione,la,1,0.008,no
atticum,la,1,0.008,no
attigerat,la,1,0.008,no
attigerit,la,1,0.008,no
attigi,la,1,0.008,no
attigimus,la,1,0.008,no
attigit,la,1,0.008,no
attinent,la,1,0.008,no
attinere,la,1,0.008,no
attingere,la,1,0.008,no
attingimus,la,1,0.008,no
attingunt,la,1,0.008,no
attollens,la,1,0.008,no
attolli,la,1,0.008,no
attonitae,la,1,0.008,no
attonitis,la,1,0.008,no
attonitos,la,1,0.008,no
attrahendo,la,1,0.008,no
attrahere,la,1,0.008,no
attraxerunt,la,1,0.008,no
attribuendum,la,1,0.008,no
attribuere,la,1,0.008,no
attribueretur,la,1,0.008,no
attributur,la,1,0.008,no
attriverunt,la,1,0.008,no
attulerant,la,1,0.008,no
attulerit,la,1,0.008,no
aucta,la,1,0.008,no
auctis,la,1,0.008,no
auctore,la,1,0.008,no
auctorem,la,1,0.008,no
auctoresq,la,1,0.008,no
auctoribus,la,1,0.008,no
auctoris,la,1,0.008,no
auctoritatemque,la,1,0.008,no
auctoritatisque,la,1,0.008,no
auctorum,la,1,0.008,no
auctos,la,1,0.008,no
aucupio,la,1,0.008,no
audacia,la,1,0.008,no
audaciam,la,1,0.008,no
audaciaque,la,1,0.008,no
audax,la,1,0.008,no
audebant,la,1,0.008,no
audemus,la,1,0.008,no
audens,la,1,0.008,no
audent,la,1,0.008,no
audenter,la,1,0.008,no
audere,la,1,0.008,no
auderet,la,1,0.008,no
audiebant,la,1,0.008,no
audiebantur,la,1,0.008,no
audiebat,la,1,0.008,no
audiebatur,la,1,0.008,no
audiendae,la,1,0.008,no
audiendum,la,1,0.008,no
audiendus,la,1,0.008,no
audientiam,la,1,0.008,no
audientiis,la,1,0.008,no
audientium,la,1,0.008,no
audierit,la,1,0.008,no
audieritis,la,1,0.008,no
audietis,la,1,0.008,no
audiit,la,1,0.008,no
audimus,la,1,0.008,no
audio,la,1,0.008,no
audirent,la,1,0.008,no
audiret,la,1,0.008,no
audiretur,la,1,0.008,no
audiri,la,1,0.008,no
audisse,la,1,0.008,no
audissent,la,1,0.008,no
audito,la,1,0.008,no
auditorem,la,1,0.008,no
auditoria,la,1,0.008,no
auditorum,la,1,0.008,no
auditu,la,1,0.008,no
auditus,la,1,0.008,no
audiuntur,la,1,0.008,no
audivere,la,1,0.008,no
audivimus,la,1,0.008,no
audivisse,la,1,0.008,no
audivissemus,la,1,0.008,no
auersi,la,1,0.008,no
auersos,la,1,0.008,no
auerterat,la,1,0.008,no
auferat,la,1,0.008,no
auferetur,la,1,0.008,no
auferret,la,1,0.008,no
auffertur,la,1,0.008,no
aufugerent,la,1,0.008,no
aufugiens,la,1,0.008,no
aufugientes,la,1,0.008,no
augeatur,la,1,0.008,no
augebamus,la,1,0.008,no
augebatur,la,1,0.008,no
augendum,la,1,0.008,no
augeri,la,1,0.008,no
augesceret,la,1,0.008,no
augmentetur,la,1,0.008,no
augumentare,la,1,0.008,no
auguria,la,1,0.008,no
augustinianos,la,1,0.008,no
augustinos,la,1,0.008,no
auidis,la,1,0.008,no
auidos,la,1,0.008,no
aulâ,la,1,0.008,no
aulaeque,la,1,0.008,no
aulas,la,1,0.008,no
aulicos,la,1,0.008,no
aulicum,la,1,0.008,no
auocauit,la,1,0.008,no
aurae,la,1,0.008,no
aure,la,1,0.008,no
auream,la,1,0.008,no
aurem,la,1,0.008,no
aureo,la,1,0.008,no
aureum,la,1,0.008,no
auribus,la,1,0.008,no
auriga,la,1,0.008,no
auritus,la,1,0.008,no
aurum,la,1,0.008,no
auspiciis,la,1,0.008,no
austeritatis,la,1,0.008,no
australiori,la,1,0.008,no
austriacum,la,1,0.008,no
austriacus,la,1,0.008,no
austro,la,1,0.008,no
ausurus,la,1,0.008,no
autenticatis,la,1,0.008,no
autentici,la,1,0.008,no
autentico,la,1,0.008,no
authenticae,la,1,0.008,no
authenticam,la,1,0.008,no
authenticas,la,1,0.008,no
authentico,la,1,0.008,no
authografum,la,1,0.008,no
authographi,la,1,0.008,no
author,la,1,0.008,no
authore,la,1,0.008,no
authoritatis,la,1,0.008,no
autillam,la,1,0.008,no
autore,la,1,0.008,no
autoresque,la,1,0.008,no
autoribus,la,1,0.008,no
autoris,la,1,0.008,no
autoritateque,la,1,0.008,no
autoritatibus,la,1,0.008,no
autoritatis,la,1,0.008,no
autritate,la,1,0.008,no
autumni,la,1,0.008,no
auxerat,la,1,0.008,no
auxerit,la,1,0.008,no
auxerunt,la,1,0.008,no
auxiliante,la,1,0.008,no
auxiliaque,la,1,0.008,no
auxiliares,la,1,0.008,no
auxilioque,la,1,0.008,no
avaros,la,1,0.008,no
avarum,la,1,0.008,no
aversi,la,1,0.008,no
aversum,la,1,0.008,no
avertant,la,1,0.008,no
avertat,la,1,0.008,no
avertendam,la,1,0.008,no
avertit,la,1,0.008,no
avide,la,1,0.008,no
avidi,la,1,0.008,no
avidissime,la,1,0.008,no
avidius,la,1,0.008,no
avinionem,la,1,0.008,no
avo,la,1,0.008,no
avocandos,la,1,0.008,no
avorum,la,1,0.008,no
avum,la,1,0.008,no
avunculo,la,1,0.008,no
avunculos,la,1,0.008,no
ayan,es,1,0.008,no
azeuedius,la,1,0.008,no
azevedo,la,1,0.008,no
ba,la,1,0.008,no
babylonem,la,1,0.008,no
babylonicarum,la,1,0.008,no
babylonie,la,1,0.008,no
bacalaureus,la,1,0.008,no
baçaynensis,la,1,0.008,no
baçayni,la,1,0.008,no
baccalaurei,la,1,0.008,no
baccalaureus,la,1,0.008,no
bachalaurius,la,1,0.008,no
baiuli,la,1,0.008,no
baiulos,la,1,0.008,no
balech,la,1,0.008,no
baltazar,la,1,0.008,no
balthasarem,la,1,0.008,no
balthazarem,la,1,0.008,no
bam,la,1,0.008,no
bannis,la,1,0.008,no
banthra,la,1,0.008,no
baptiçari,la,1,0.008,no
baptism,la,1,0.008,no
baptismatis,la,1,0.008,no
baptismus,la,1,0.008,no
baptizabant,la,1,0.008,no
baptizandique,la,1,0.008,no
baptizandos,la,1,0.008,no
baptizandum,la,1,0.008,no
baptizantur,la,1,0.008,no
baptizatorum,la,1,0.008,no
baptizatur,la,1,0.008,no
barbaram,la,1,0.008,no
barbaricis,la,1,0.008,no
barbaris,la,1,0.008,no
barbaro,la,1,0.008,no
barbarus,la,1,0.008,no
barbosa,la,1,0.008,no
barcellos,la,1,0.008,no
barettus,la,1,0.008,no
barrapeliotaeem,la,1,0.008,no
bartholameus,la,1,0.008,no
bartolomeus,la,1,0.008,no
barul,la,1,0.008,no
basain,la,1,0.008,no
basainense,la,1,0.008,no
bascardos,la,1,0.008,no
basilitanus,la,1,0.008,no
basilium,la,1,0.008,no
basilius,la,1,0.008,no
batavia,la,1,0.008,no
battizando,la,1,0.008,no
battizassem,la,1,0.008,no
battizati,la,1,0.008,no
battizatus,la,1,0.008,no
battizavit,la,1,0.008,no
battizzantur,la,1,0.008,no
bazaim,la,1,0.008,no
bazainense,la,1,0.008,no
beatas,la,1,0.008,no
beatioremq,la,1,0.008,no
beatissimae,la,1,0.008,no
beatitudinibus,la,1,0.008,no
beato,la,1,0.008,no
beatos,la,1,0.008,no
belgio,la,1,0.008,no
bellam,la,1,0.008,no
bellamque,la,1,0.008,no
bellantes,la,1,0.008,no
bellatoribus,la,1,0.008,no
bellatum,la,1,0.008,no
bellicam,la,1,0.008,no
bellicar,la,1,0.008,no
bellicorum,la,1,0.008,no
bellicosi,la,1,0.008,no
belliger,la,1,0.008,no
bellua,la,1,0.008,no
belluae,la,1,0.008,no
benedicti,la,1,0.008,no
benedictionibus,la,1,0.008,no
benedictos,la,1,0.008,no
benedictum,la,1,0.008,no
benefacere,la,1,0.008,no
benefactoribus,la,1,0.008,no
benefici,la,1,0.008,no
beneficiarius,la,1,0.008,no
beneficiatorum,la,1,0.008,no
beneficii,la,1,0.008,no
beneficium,la,1,0.008,no
benefitia,la,1,0.008,no
benemeritam,la,1,0.008,no
benemeritis,la,1,0.008,no
benèque,la,1,0.008,no
benevolentie,la,1,0.008,no
benevolentissimi,la,1,0.008,no
benevolo,la,1,0.008,no
benevolum,la,1,0.008,no
benevolus,la,1,0.008,no
benignissime,la,1,0.008,no
benignissimo,la,1,0.008,no
benignissimus,la,1,0.008,no
benignitas,la,1,0.008,no
benignitatem,la,1,0.008,no
benignitatis,la,1,0.008,no
beratus,la,1,0.008,no
beritensis,la,1,0.008,no
bernant,la,1,0.008,no
bernardi,la,1,0.008,no
bernardum,la,1,0.008,no
bernum,la,1,0.008,no
berosus,la,1,0.008,no
bestialibus,la,1,0.008,no
bestijs,la,1,0.008,no
bias,la,1,0.008,no
bibere,la,1,0.008,no
biblia,la,1,0.008,no
biennii,la,1,0.008,no
biennium,la,1,0.008,no
bigense,la,1,0.008,no
bigensi,la,1,0.008,no
bilancem,la,1,0.008,no
bileque,la,1,0.008,no
binae,la,1,0.008,no
bingensi,la,1,0.008,no
bini,la,1,0.008,no
binis,la,1,0.008,no
bireti,la,1,0.008,no
birrum,la,1,0.008,no
bisque,la,1,0.008,no
bitaret,la,1,0.008,no
blande,la,1,0.008,no
blandene,la,1,0.008,no
blanditias,la,1,0.008,no
blas,la,1,0.008,no
blasphemiae,la,1,0.008,no
bo,la,1,0.008,no
bocarro,la,1,0.008,no
bochium,la,1,0.008,no
bolum,la,1,0.008,no
bonas,la,1,0.008,no
bonaventuram,la,1,0.008,no
bonìs,la,1,0.008,no
bonitate,la,1,0.008,no
bonitatis,la,1,0.008,no
bonoque,la,1,0.008,no
bonorumque,la,1,0.008,no
bonzum,la,1,0.008,no
bonzus,la,1,0.008,no
bor,la,1,0.008,no
boreali,la,1,0.008,no
borealia,la,1,0.008,no
borealiores,la,1,0.008,no
borealis,la,1,0.008,no
borealissima,la,1,0.008,no
borralho,la,1,0.008,no
bosphori,la,1,0.008,no
bostra,la,1,0.008,no
boves,la,1,0.008,no
braccarensis,la,1,0.008,no
brachia,la,1,0.008,no
brachiis,la,1,0.008,no
brachmanas,la,1,0.008,no
brachmanes,la,1,0.008,no
brachmanibus,la,1,0.008,no
bracteatae,la,1,0.008,no
brancati,la,1,0.008,no
brancato,la,1,0.008,no
branco,la,1,0.008,no
brasiliae,la,1,0.008,no
brasiliam,la,1,0.008,no
brasilinam,la,1,0.008,no
brasilios,la,1,0.008,no
braxmani,la,1,0.008,no
breui,la,1,0.008,no
breuis,la,1,0.008,no
breuitate,la,1,0.008,no
breuiter,la,1,0.008,no
breviaria,la,1,0.008,no
brevior,la,1,0.008,no
brevique,la,1,0.008,no
brevissime,la,1,0.008,no
brevissimis,la,1,0.008,no
brevitatis,la,1,0.008,no
brevius,la,1,0.008,no
britannia,la,1,0.008,no
bruti,la,1,0.008,no
bubulum,la,1,0.008,no
bug,la,1,0.008,no
bugeni,la,1,0.008,no
bugense,la,1,0.008,no
bugensis,la,1,0.008,no
bullae,la,1,0.008,no
bullaque,la,1,0.008,no
bullas,la,1,0.008,no
bulle,la,1,0.008,no
bullientes,la,1,0.008,no
bullio,la,1,0.008,no
bungenses,la,1,0.008,no
bunguensis,la,1,0.008,no
bunguensium,la,1,0.008,no
bungum,la,1,0.008,no
burgundia,la,1,0.008,no
byleros,la,1,0.008,no
byrsa,la,1,0.008,no
byssi,la,1,0.008,no
byssinum,la,1,0.008,no
byssus,la,1,0.008,no
byzantium,la,1,0.008,no
c'aifung,la,1,0.008,no
cabrai,la,1,0.008,no
cacerem,la,1,0.008,no
cachinnis,la,1,0.008,no
cacodaemonis,la,1,0.008,no
cacumina,la,1,0.008,no
cadavera,la,1,0.008,no
cadaveris,la,1,0.008,no
cadebat,la,1,0.008,no
cadere,la,1,0.008,no
cadini,la,1,0.008,no
caeca,la,1,0.008,no
caecis,la,1,0.008,no
caecitates,la,1,0.008,no
caecitatis,la,1,0.008,no
caecutit,la,1,0.008,no
caedem,la,1,0.008,no
caelatum,la,1,0.008,no
caelaveramus,la,1,0.008,no
caelestibus,la,1,0.008,no
caelestis,la,1,0.008,no
caelorum,la,1,0.008,no
caenae,la,1,0.008,no
caenam,la,1,0.008,no
caenulas,la,1,0.008,no
caeperamus,la,1,0.008,no
caeperit,la,1,0.008,no
caepimus,la,1,0.008,no
caepitque,la,1,0.008,no
caeptum,la,1,0.008,no
caeremonias,la,1,0.008,no
caerimoniis,la,1,0.008,no
caesar,la,1,0.008,no
caesarem,la,1,0.008,no
caesaris,la,1,0.008,no
caet,la,1,0.008,no
caetanus,la,1,0.008,no
caeteraeque,la,1,0.008,no
caeteras,la,1,0.008,no
caeterasque,la,1,0.008,no
caeterique,la,1,0.008,no
caeterorumque,la,1,0.008,no
caetu,la,1,0.008,no
caetui,la,1,0.008,no
caetum,la,1,0.008,no
cainocamum,la,1,0.008,no
caiyuen,la,1,0.008,no
cal,la,1,0.008,no
calabria,la,1,0.008,no
calamitatib,la,1,0.008,no
calamitatibus,la,1,0.008,no
calamitatis,la,1,0.008,no
calamitatum,la,1,0.008,no
calamitoso,la,1,0.008,no
calamus,la,1,0.008,no
calcaribus,la,1,0.008,no
calceis,la,1,0.008,no
calceos,la,1,0.008,no
calciamentis,la,1,0.008,no
calculis,la,1,0.008,no
caldeira,la,1,0.008,no
caldeyra,la,1,0.008,no
caldissima,la,1,0.008,no
calendis,la,1,0.008,no
calida,la,1,0.008,no
caliditatem,la,1,0.008,no
caligas,la,1,0.008,no
caliginosas,la,1,0.008,no
caliginosum,la,1,0.008,no
callebat,la,1,0.008,no
calles,la,1,0.008,no
callide,la,1,0.008,no
callidior,la,1,0.008,no
calopectas,la,1,0.008,no
calorem,la,1,0.008,no
calumniae,la,1,0.008,no
calumniante,la,1,0.008,no
calumniari,la,1,0.008,no
calumnias,la,1,0.008,no
calumniati,la,1,0.008,no
calumniatus,la,1,0.008,no
calumniis,la,1,0.008,no
calumniose,la,1,0.008,no
cam,la,1,0.008,no
camanicam,la,1,0.008,no
camarini,la,1,0.008,no
camarinis,la,1,0.008,no
camarinorum,la,1,0.008,no
cambaliensem,la,1,0.008,no
cambaliensis,la,1,0.008,no
cambalieth,la,1,0.008,no
cambio,la,1,0.008,no
cambogenis,la,1,0.008,no
cambos,la,1,0.008,no
camboya,la,1,0.008,no
camboyae,la,1,0.008,no
cameris,la,1,0.008,no
cami,la,1,0.008,no
camiis,la,1,0.008,no
camorim,la,1,0.008,no
camorum,la,1,0.008,no
campanae,la,1,0.008,no
campania,la,1,0.008,no
campanile,la,1,0.008,no
campis,la,1,0.008,no
campo,la,1,0.008,no
campus,la,1,0.008,no
camus,la,1,0.008,no
canalem,la,1,0.008,no
canales,la,1,0.008,no
canali,la,1,0.008,no
cancellatum,la,1,0.008,no
cancro,la,1,0.008,no
candelam,la,1,0.008,no
candelas,la,1,0.008,no
candelis,la,1,0.008,no
candia,la,1,0.008,no
candidas,la,1,0.008,no
candidis,la,1,0.008,no
candore,la,1,0.008,no
canevari,la,1,0.008,no
cangueraso,la,1,0.008,no
canguetasi,la,1,0.008,no
canguetaso,la,1,0.008,no
caninum,la,1,0.008,no
canon,la,1,0.008,no
canonica,la,1,0.008,no
canonicam,la,1,0.008,no
canonice,la,1,0.008,no
canonici,la,1,0.008,no
canonicum,la,1,0.008,no
canonis,la,1,0.008,no
canstantinopolis,la,1,0.008,no
cantam,la,1,0.008,no
cantanda,la,1,0.008,no
cantandi,la,1,0.008,no
cantaretur,la,1,0.008,no
cantate,la,1,0.008,no
cantes,la,1,0.008,no
canticis,la,1,0.008,no
canticum,la,1,0.008,no
cantillare,la,1,0.008,no
cantone,la,1,0.008,no
cantonem,la,1,0.008,no
cantonense,la,1,0.008,no
cantoniam,la,1,0.008,no
cantores,la,1,0.008,no
cantus,la,1,0.008,no
canus,la,1,0.008,no
canzui,la,1,0.008,no
canzuidonus,la,1,0.008,no
canzuiedono,la,1,0.008,no
canzuiedonum,la,1,0.008,no
canzuiodono,la,1,0.008,no
canzusaensem,la,1,0.008,no
canzusaensi,la,1,0.008,no
caociang,la,1,0.008,no
capaces,la,1,0.008,no
capacioris,la,1,0.008,no
capacique,la,1,0.008,no
capacitas,la,1,0.008,no
caperet,la,1,0.008,no
caperetur,la,1,0.008,no
capessendam,la,1,0.008,no
capessendi,la,1,0.008,no
capessendum,la,1,0.008,no
capi,la,1,0.008,no
capiant,la,1,0.008,no
capiendam,la,1,0.008,no
capiendi,la,1,0.008,no
capillitium,la,1,0.008,no
capitale,la,1,0.008,no
capitali,la,1,0.008,no
capitalis,la,1,0.008,no
capitanei,la,1,0.008,no
capitulum,la,1,0.008,no
cappadoces,la,1,0.008,no
cappadociis,la,1,0.008,no
cappellanus,la,1,0.008,no
capsula,la,1,0.008,no
captivi,la,1,0.008,no
captivum,la,1,0.008,no
captu,la,1,0.008,no
captum,la,1,0.008,no
carasanum,la,1,0.008,no
caravana,la,1,0.008,no
carbunculus,la,1,0.008,no
carcavellos,la,1,0.008,no
carceri,la,1,0.008,no
carceribus,la,1,0.008,no
carceris,la,1,0.008,no
carcerum,la,1,0.008,no
cardinalibus,la,1,0.008,no
cardinius,la,1,0.008,no
carebamus,la,1,0.008,no
carebat,la,1,0.008,no
carebit,la,1,0.008,no
carentes,la,1,0.008,no
carentibus,la,1,0.008,no
caria,la,1,0.008,no
carissime,la,1,0.008,no
carissimi,la,1,0.008,no
carissimoque,la,1,0.008,no
caritatem,la,1,0.008,no
carlos,la,1,0.008,no
carnalem,la,1,0.008,no
carnalibus,la,1,0.008,no
carnibus,la,1,0.008,no
carnificina,la,1,0.008,no
carnificinam,la,1,0.008,no
carnificum,la,1,0.008,no
carnium,la,1,0.008,no
caroli,la,1,0.008,no
carolum,la,1,0.008,no
carpini,la,1,0.008,no
carracam,la,1,0.008,no
carreón,la,1,0.008,no
carris,la,1,0.008,no
carta,la,1,0.008,no
cartam,la,1,0.008,no
cartilia,la,1,0.008,no
caruerit,la,1,0.008,no
caruisse,la,1,0.008,no
carvaglius,la,1,0.008,no
carvalhal,la,1,0.008,no
casas,pt,1,0.008,no
cascaës,la,1,0.008,no
cascar,la,1,0.008,no
caspium,la,1,0.008,no
cassas,la,1,0.008,no
castabala,la,1,0.008,no
castellȩ,la,1,0.008,no
castellis,la,1,0.008,no
castiganda,la,1,0.008,no
castiges,la,1,0.008,no
castis,la,1,0.008,no
castoris,la,1,0.008,no
castris,la,1,0.008,no
casua,la,1,0.008,no
casulâ,la,1,0.008,no
casurum,la,1,0.008,no
casuum,la,1,0.008,no
catanam,la,1,0.008,no
cataphractos,la,1,0.008,no
catastrophe,la,1,0.008,no
catayum,la,1,0.008,no
catechesi,la,1,0.008,no
catechismo,la,1,0.008,no
catechismò,la,1,0.008,no
catechismus,la,1,0.008,no
catechistae,la,1,0.008,no
catechizandi,la,1,0.008,no
catechizandos,la,1,0.008,no
cathalogis,la,1,0.008,no
catharinae,la,1,0.008,no
cathechizandis,la,1,0.008,no
cathecumenos,la,1,0.008,no
cathedrali,la,1,0.008,no
cathequistam,la,1,0.008,no
catholicaeque,la,1,0.008,no
catholici,la,1,0.008,no
catholicis,la,1,0.008,no
catholicus,la,1,0.008,no
catonem,la,1,0.008,no
catores,la,1,0.008,no
cattanaeus,la,1,0.008,no
cattaneus,la,1,0.008,no
caucasus,la,1,0.008,no
caudam,la,1,0.008,no
caupones,la,1,0.008,no
causamque,la,1,0.008,no
causantes,la,1,0.008,no
causarum,la,1,0.008,no
causasque,la,1,0.008,no
causȩ,la,1,0.008,no
caussa,la,1,0.008,no
caut,la,1,0.008,no
cautica,la,1,0.008,no
cautio,la,1,0.008,no
cautum,la,1,0.008,no
cavachinourensem,la,1,0.008,no
caveis,la,1,0.008,no
cavellos,la,1,0.008,no
caveremus,la,1,0.008,no
caverent,la,1,0.008,no
caveret,la,1,0.008,no
cavet,la,1,0.008,no
cavitensi,la,1,0.008,no
caytonensis,la,1,0.008,no
cazzucensis,la,1,0.008,no
cc,la,1,0.008,no
cccc,la,1,0.008,no
cchan,la,1,0.008,no
ccingiva,la,1,0.008,no
ccucumi,la,1,0.008,no
çe,trans,1,0.008,no
ceciderat,la,1,0.008,no
cecidit,la,1,0.008,no
cecinit,la,1,0.008,no
cęcis,la,1,0.008,no
cedat,la,1,0.008,no
cedendum,la,1,0.008,no
cędere,la,1,0.008,no
cederent,la,1,0.008,no
cedit,la,1,0.008,no
cedunt,la,1,0.008,no
ceilano,la,1,0.008,no
celatum,la,1,0.008,no
celebrab,la,1,0.008,no
celebrabamus,la,1,0.008,no
celebrabatur,la,1,0.008,no
celebrandam,la,1,0.008,no
celebrandi,la,1,0.008,no
celebrandis,la,1,0.008,no
celebranti,la,1,0.008,no
celebrantibus,la,1,0.008,no
celebrare,la,1,0.008,no
celebraremus,la,1,0.008,no
celebraret,la,1,0.008,no
celebraretur,la,1,0.008,no
cȩlebrata,la,1,0.008,no
celebrati,la,1,0.008,no
celebrationem,la,1,0.008,no
celebraverunt,la,1,0.008,no
celebrem,la,1,0.008,no
celebris,la,1,0.008,no
celebro,la,1,0.008,no
celerius,la,1,0.008,no
cęlestem,la,1,0.008,no
cęlesti,la,1,0.008,no
cęlestis,la,1,0.008,no
celi,la,1,0.008,no
cella,la,1,0.008,no
cellarium,la,1,0.008,no
cellas,la,1,0.008,no
celo,la,1,0.008,no
cȩlo,la,1,0.008,no
celssus,la,1,0.008,no
cȩlum,la,1,0.008,no
cęlum,la,1,0.008,no
cȩnam,la,1,0.008,no
cȩnȩ,la,1,0.008,no
cens,la,1,0.008,no
censeantur,la,1,0.008,no
censebam,la,1,0.008,no
censebant,la,1,0.008,no
censenda,la,1,0.008,no
censendum,la,1,0.008,no
censeo,la,1,0.008,no
censere,la,1,0.008,no
censeremus,la,1,0.008,no
censeres,la,1,0.008,no
censibus,la,1,0.008,no
censurarum,la,1,0.008,no
censuras,la,1,0.008,no
censuris,la,1,0.008,no
centa,la,1,0.008,no
centies,la,1,0.008,no
ceperam,la,1,0.008,no
cȩperant,la,1,0.008,no
cephalonia,la,1,0.008,no
cepta,la,1,0.008,no
cera,la,1,0.008,no
cerae,la,1,0.008,no
cerciorem,la,1,0.008,no
cerebro,la,1,0.008,no
ceremonia,la,1,0.008,no
ceremoniis,la,1,0.008,no
cerimonia,la,1,0.008,no
cernebant,la,1,0.008,no
cernentibus,la,1,0.008,no
cerneret,la,1,0.008,no
cernuntur,la,1,0.008,no
certamini,la,1,0.008,no
certatim,la,1,0.008,no
certificati,la,1,0.008,no
certificatus,la,1,0.008,no
certioresq,la,1,0.008,no
certissima,la,1,0.008,no
certissimam,la,1,0.008,no
certissimas,la,1,0.008,no
certissimum,la,1,0.008,no
certoque,la,1,0.008,no
cespedes,la,1,0.008,no
céspedes,la,1,0.008,no
cessa,la,1,0.008,no
cessabant,la,1,0.008,no
cessam,la,1,0.008,no
cessant,la,1,0.008,no
cessante,la,1,0.008,no
cessaret,la,1,0.008,no
cessariam,la,1,0.008,no
cessarunt,la,1,0.008,no
cessaverat,la,1,0.008,no
cessavimus,la,1,0.008,no
cesseris,la,1,0.008,no
cesserit,la,1,0.008,no
cessuras,la,1,0.008,no
cessuros,la,1,0.008,no
cessurus,la,1,0.008,no
cȩtera,la,1,0.008,no
cęteras,la,1,0.008,no
cęterasque,la,1,0.008,no
ceteręque,la,1,0.008,no
cȩteri,la,1,0.008,no
ceterique,la,1,0.008,no
ceterisque,la,1,0.008,no
cȩterisque,la,1,0.008,no
cęterisque,la,1,0.008,no
cetero,la,1,0.008,no
chãi,trans,1,0.008,no
chaldeis,la,1,0.008,no
chaldeos,la,1,0.008,no
cham,la,1,0.008,no
chambaliech,la,1,0.008,no
chamorum,la,1,0.008,no
chancellatas,la,1,0.008,no
changhienchung,la,1,0.008,no
changhienchungum,la,1,0.008,no
changhienchungus,la,1,0.008,no
changus,la,1,0.008,no
chaoking,la,1,0.008,no
chapada,la,1,0.008,no
character,la,1,0.008,no
charactere,la,1,0.008,no
characterem,la,1,0.008,no
characteres,la,1,0.008,no
charam,la,1,0.008,no
charissimis,la,1,0.008,no
charissimum,la,1,0.008,no
charitatem,la,1,0.008,no
charos,la,1,0.008,no
chartas,la,1,0.008,no
charus,la,1,0.008,no
chatking,la,1,0.008,no
chatolici,la,1,0.008,no
chatolico,la,1,0.008,no
chauking,la,1,0.008,no
chauli,la,1,0.008,no
chegar,pt,1,0.008,no
chẽu,trans,1,0.008,no
cheuxan,la,1,0.008,no
chicugensi,la,1,0.008,no
chigivaensis,la,1,0.008,no
chinan,la,1,0.008,no
chinarum,la,1,0.008,no
chinas,la,1,0.008,no
chincheo,la,1,0.008,no
chinenses,la,1,0.008,no
chingivaensi,la,1,0.008,no
chinyivaensem,la,1,0.008,no
chiquan,la,1,0.008,no
choneum,la,1,0.008,no
chorani,la,1,0.008,no
choraulas,la,1,0.008,no
chorda,la,1,0.008,no
choro,la,1,0.008,no
choros,la,1,0.008,no
chris,la,1,0.008,no
chrisianorum,la,1,0.008,no
chrismatis,la,1,0.008,no
chriso,la,1,0.008,no
christãos,pt,1,0.008,no
christianamque,la,1,0.008,no
christianarum,la,1,0.008,no
christianas,la,1,0.008,no
christiane,la,1,0.008,no
christianitas,la,1,0.008,no
christianitate,la,1,0.008,no
christianosq,la,1,0.008,no
christianumque,la,1,0.008,no
christoforus,la,1,0.008,no
christvm,la,1,0.008,no
christvs,la,1,0.008,no
chronologia,la,1,0.008,no
chū,trans,1,0.008,no
chum,la,1,0.008,no
chung,trans,1,0.008,no
ci,la,1,0.008,no
ciam,la,1,0.008,no
ciampa,la,1,0.008,no
ciaremus,la,1,0.008,no
cibi,la,1,0.008,no
cibis,la,1,0.008,no
cibo,la,1,0.008,no
ciborum,la,1,0.008,no
cicungani,la,1,0.008,no
cicungano,la,1,0.008,no
cicungo,la,1,0.008,no
cie,trans,1,0.008,no
ciente,la,1,0.008,no
ciliare,la,1,0.008,no
cilicia,la,1,0.008,no
ciliciae,la,1,0.008,no
cim,la,1,0.008,no
cimex,la,1,0.008,no
cinceo,la,1,0.008,no
cincta,la,1,0.008,no
cingentes,la,1,0.008,no
cingerent,la,1,0.008,no
cingunt,la,1,0.008,no
cinobitarum,la,1,0.008,no
cinobite,la,1,0.008,no
cinxissent,la,1,0.008,no
cinxit,la,1,0.008,no
ciprianum,la,1,0.008,no
circ,la,1,0.008,no
circensibus,la,1,0.008,no
circuitu,la,1,0.008,no
circuitum,la,1,0.008,no
circumdant,la,1,0.008,no
circumdatus,la,1,0.008,no
circumferebantur,la,1,0.008,no
circumfert,la,1,0.008,no
circumfluent,la,1,0.008,no
circumfluentes,la,1,0.008,no
circumfluit,la,1,0.008,no
circumiacentem,la,1,0.008,no
circummunivit,la,1,0.008,no
circumquaque,la,1,0.008,no
circumraptant,la,1,0.008,no
circumscribere,la,1,0.008,no
circumtenere,la,1,0.008,no
circumueniuntur,la,1,0.008,no
circumvallatum,la,1,0.008,no
circumvenire,la,1,0.008,no
circumvesinos,la,1,0.008,no
circumvezinis,la,1,0.008,no
circumvicinae,la,1,0.008,no
circumvicinas,la,1,0.008,no
circunferat,la,1,0.008,no
circunfluentes,la,1,0.008,no
circunfluere,la,1,0.008,no
circunfluet,la,1,0.008,no
circunfundetur,la,1,0.008,no
circunfusus,la,1,0.008,no
circunscribatur,la,1,0.008,no
circunscriptus,la,1,0.008,no
circunstans,la,1,0.008,no
circunstant,la,1,0.008,no
circunuenti,la,1,0.008,no
cis,la,1,0.008,no
cit,la,1,0.008,no
citadellius,la,1,0.008,no
citata,la,1,0.008,no
citissime,la,1,0.008,no
citiùs,la,1,0.008,no
citroque,la,1,0.008,no
citròque,la,1,0.008,no
ciudad,es,1,0.008,no
ciuen,la,1,0.008,no
ciuèn,trans,1,0.008,no
ciuitatesque,la,1,0.008,no
ciuium,la,1,0.008,no
ciunagondoni,la,1,0.008,no
ciunt,la,1,0.008,no
cius,la,1,0.008,no
civem,la,1,0.008,no
civen,trans,1,0.008,no
civile,la,1,0.008,no
civiles,la,1,0.008,no
civis,la,1,0.008,no
civitati,la,1,0.008,no
civitatique,la,1,0.008,no
clad,la,1,0.008,no
clamabat,la,1,0.008,no
clamabatut,la,1,0.008,no
clamabunt,la,1,0.008,no
clamat,la,1,0.008,no
clamitant,la,1,0.008,no
clamor,la,1,0.008,no
clamore,la,1,0.008,no
clanculum,la,1,0.008,no
clandestina,la,1,0.008,no
clangentium,la,1,0.008,no
clangorem,la,1,0.008,no
clarâ,la,1,0.008,no
clarè,la,1,0.008,no
clarificetur,la,1,0.008,no
clarissima,la,1,0.008,no
clarissimae,la,1,0.008,no
clarissimam,la,1,0.008,no
claritatis,la,1,0.008,no
claros,la,1,0.008,no
classibus,la,1,0.008,no
classium,la,1,0.008,no
claudantur,la,1,0.008,no
claudens,la,1,0.008,no
clauderentur,la,1,0.008,no
claudicet,la,1,0.008,no
claudunt,la,1,0.008,no
clauduntur,la,1,0.008,no
claudus,la,1,0.008,no
clausa,la,1,0.008,no
clausid,la,1,0.008,no
clauso,la,1,0.008,no
claves,la,1,0.008,no
clavicordio,la,1,0.008,no
clavicordium,la,1,0.008,no
clem,la,1,0.008,no
clemens,la,1,0.008,no
clemente,la,1,0.008,no
clementiae,la,1,0.008,no
clementiaq,la,1,0.008,no
clementina,la,1,0.008,no
clementinam,la,1,0.008,no
clementissime,la,1,0.008,no
clericorum,la,1,0.008,no
clientulis,la,1,0.008,no
co,trans,1,0.008,no
coacte,la,1,0.008,no
coactis,la,1,0.008,no
coacto,la,1,0.008,no
coadiutoribusque,la,1,0.008,no
coadiutorum,la,1,0.008,no
coadjutor,la,1,0.008,no
coadjutorem,la,1,0.008,no
coagmentatio,la,1,0.008,no
coaluerant,la,1,0.008,no
coaluisset,la,1,0.008,no
coam,la,1,0.008,no
coangusta,la,1,0.008,no
coangustabuntur,la,1,0.008,no
coarctare,la,1,0.008,no
coarctemur,la,1,0.008,no
coccangue,la,1,0.008,no
coccinozu,la,1,0.008,no
cocicinensis,la,1,0.008,no
cocinchina,la,1,0.008,no
cocincinae,la,1,0.008,no
cocincinensi,la,1,0.008,no
cocinensis,la,1,0.008,no
coctae,la,1,0.008,no
codarzo,la,1,0.008,no
coegeret,la,1,0.008,no
coegerunt,la,1,0.008,no
coëgerunt,la,1,0.008,no
coegisse,la,1,0.008,no
coegissent,la,1,0.008,no
coegit,la,1,0.008,no
coelam,la,1,0.008,no
coeleste,la,1,0.008,no
coelestem,la,1,0.008,no
coelestium,la,1,0.008,no
coelis,la,1,0.008,no
coemerat,la,1,0.008,no
coemiterio,la,1,0.008,no
coempti,la,1,0.008,no
coemptis,la,1,0.008,no
coene,la,1,0.008,no
coeperat,la,1,0.008,no
coeperit,la,1,0.008,no
coepimus,la,1,0.008,no
coepiscopo,la,1,0.008,no
coepissent,la,1,0.008,no
coepisset,la,1,0.008,no
coepta,la,1,0.008,no
coeptae,la,1,0.008,no
coepto,la,1,0.008,no
coerceat,la,1,0.008,no
coercebit,la,1,0.008,no
coërcentur,la,1,0.008,no
coeterarumque,la,1,0.008,no
coetus,la,1,0.008,no
coeuntes,la,1,0.008,no
coëuntibus,la,1,0.008,no
cogant,la,1,0.008,no
cogar,la,1,0.008,no
cogebant,la,1,0.008,no
cogebantur,la,1,0.008,no
cogebat,la,1,0.008,no
cogemur,la,1,0.008,no
cogeretur,la,1,0.008,no
cogit,la,1,0.008,no
cogita,la,1,0.008,no
cogitabam,la,1,0.008,no
cogitabit,la,1,0.008,no
cogitarit,la,1,0.008,no
cogitat,la,1,0.008,no
cogitationibus,la,1,0.008,no
cogitatis,la,1,0.008,no
cogitauit,la,1,0.008,no
cogitet,la,1,0.008,no
cogito,la,1,0.008,no
cognati,la,1,0.008,no
cognationis,la,1,0.008,no
cognatis,la,1,0.008,no
cognato,la,1,0.008,no
cognatus,la,1,0.008,no
cogni,la,1,0.008,no
cognitae,la,1,0.008,no
cogniti,la,1,0.008,no
cognitis,la,1,0.008,no
cognitum,la,1,0.008,no
cogniturus,la,1,0.008,no
cognocere,la,1,0.008,no
cognomen,la,1,0.008,no
cognorat,la,1,0.008,no
cognoscamus,la,1,0.008,no
cognoscant,la,1,0.008,no
cognoscat,la,1,0.008,no
cognoscatur,la,1,0.008,no
cognoscebant,la,1,0.008,no
cognoscebis,la,1,0.008,no
cognoscendae,la,1,0.008,no
cognoscere,la,1,0.008,no
cognosceremus,la,1,0.008,no
cognosceret,la,1,0.008,no
cognoscet,la,1,0.008,no
cognoscit,la,1,0.008,no
cognosco,la,1,0.008,no
cognoscunt,la,1,0.008,no
cognovissent,la,1,0.008,no
coguntur,la,1,0.008,no
cohibere,la,1,0.008,no
cohibitus,la,1,0.008,no
cohorruit,la,1,0.008,no
cohors,la,1,0.008,no
cohortatione,la,1,0.008,no
coibit,la,1,0.008,no
coinungi,la,1,0.008,no
coivisset,la,1,0.008,no
colano,la,1,0.008,no
colat,la,1,0.008,no
colaum,la,1,0.008,no
colebat,la,1,0.008,no
colegii,la,1,0.008,no
colegio,la,1,0.008,no
colendissimus,la,1,0.008,no
colendum,la,1,0.008,no
coleremus,la,1,0.008,no
colerent,la,1,0.008,no
coleret,la,1,0.008,no
colerunt,la,1,0.008,no
coligere,la,1,0.008,no
colimus,la,1,0.008,no
collapsa,la,1,0.008,no
collari,la,1,0.008,no
collatam,la,1,0.008,no
collatę,la,1,0.008,no
collato,la,1,0.008,no
collatos,la,1,0.008,no
collaudabat,la,1,0.008,no
collecta,la,1,0.008,no
collecti,la,1,0.008,no
collecto,la,1,0.008,no
collectos,la,1,0.008,no
collectum,la,1,0.008,no
collegerant,la,1,0.008,no
collegerat,la,1,0.008,no
collegere,la,1,0.008,no
colles,la,1,0.008,no
collibuerit,la,1,0.008,no
colligas,la,1,0.008,no
colligati,la,1,0.008,no
colligatos,la,1,0.008,no
colligebamus,la,1,0.008,no
colligebat,la,1,0.008,no
colligerent,la,1,0.008,no
colligii,la,1,0.008,no
colligunt,la,1,0.008,no
colliguntur,la,1,0.008,no
collium,la,1,0.008,no
collo,la,1,0.008,no
collocanda,la,1,0.008,no
collocari,la,1,0.008,no
collocarunt,la,1,0.008,no
collocat,la,1,0.008,no
collocato,la,1,0.008,no
collocatum,la,1,0.008,no
collocavere,la,1,0.008,no
collocavi,la,1,0.008,no
collocavimus,la,1,0.008,no
collocentur,la,1,0.008,no
colloquantur,la,1,0.008,no
colloquendum,la,1,0.008,no
colloquerentur,la,1,0.008,no
colloquia,la,1,0.008,no
colloquioq,la,1,0.008,no
collucens,la,1,0.008,no
coloni,la,1,0.008,no
coloniam,la,1,0.008,no
colonie,la,1,0.008,no
colossum,la,1,0.008,no
coluerunt,la,1,0.008,no
coluit,la,1,0.008,no
columna,la,1,0.008,no
coluntur,la,1,0.008,no
comania,la,1,0.008,no
comburantur,la,1,0.008,no
comburendum,la,1,0.008,no
comburere,la,1,0.008,no
comburunt,la,1,0.008,no
combusserunt,la,1,0.008,no
combussisse,la,1,0.008,no
combussit,la,1,0.008,no
combustas,la,1,0.008,no
combusti,la,1,0.008,no
combustiones,la,1,0.008,no
comedendo,la,1,0.008,no
comedere,la,1,0.008,no
comem,la,1,0.008,no
comendamus,la,1,0.008,no
comendari,la,1,0.008,no
comendatis,la,1,0.008,no
comestionem,la,1,0.008,no
comilitium,la,1,0.008,no
comisserunt,la,1,0.008,no
comisso,la,1,0.008,no
comissum,la,1,0.008,no
comit,la,1,0.008,no
comitabantur,la,1,0.008,no
comitantes,la,1,0.008,no
comitari,la,1,0.008,no
comitata,la,1,0.008,no
comitatem,la,1,0.008,no
comitati,la,1,0.008,no
comitatis,la,1,0.008,no
comitatum,la,1,0.008,no
comite,la,1,0.008,no
comitem,la,1,0.008,no
comiter,la,1,0.008,no
comittendum,la,1,0.008,no
comittere,la,1,0.008,no
commeatum,la,1,0.008,no
commēendavit,la,1,0.008,no
commemorabit,la,1,0.008,no
commemoranda,la,1,0.008,no
commemorandis,la,1,0.008,no
commemorari,la,1,0.008,no
commemorat,la,1,0.008,no
commemorata,la,1,0.008,no
commemoratas,la,1,0.008,no
commemoratus,la,1,0.008,no
commendabant,la,1,0.008,no
commendando,la,1,0.008,no
commendarat,la,1,0.008,no
commendare,la,1,0.008,no
commendarent,la,1,0.008,no
commendata,la,1,0.008,no
commendatam,la,1,0.008,no
commendatio,la,1,0.008,no
commendatione,la,1,0.008,no
commendatitiae,la,1,0.008,no
commendatos,la,1,0.008,no
commendaui,la,1,0.008,no
commendauit,la,1,0.008,no
commendemus,la,1,0.008,no
commento,la,1,0.008,no
commentus,la,1,0.008,no
commigrar,la,1,0.008,no
commigraret,la,1,0.008,no
commigrarit,la,1,0.008,no
comminati,la,1,0.008,no
comminatione,la,1,0.008,no
commisario,la,1,0.008,no
commiscerentur,la,1,0.008,no
commisceri,la,1,0.008,no
commiserant,la,1,0.008,no
commisisse,la,1,0.008,no
commissam,la,1,0.008,no
commissionis,la,1,0.008,no
commisso,la,1,0.008,no
commissorum,la,1,0.008,no
commissos,la,1,0.008,no
commissus,la,1,0.008,no
commitatur,la,1,0.008,no
commitebat,la,1,0.008,no
committat,la,1,0.008,no
committatur,la,1,0.008,no
committebant,la,1,0.008,no
committens,la,1,0.008,no
committi,la,1,0.008,no
committit,la,1,0.008,no
committitur,la,1,0.008,no
commodamque,la,1,0.008,no
commodas,la,1,0.008,no
commodę,la,1,0.008,no
commodi,la,1,0.008,no
commodis,la,1,0.008,no
commodissimum,la,1,0.008,no
commoditas,la,1,0.008,no
commoditate,la,1,0.008,no
commoditates,la,1,0.008,no
commoditatibus,la,1,0.008,no
commodo,la,1,0.008,no
commodorum,la,1,0.008,no
commodumq,la,1,0.008,no
commonefaceret,la,1,0.008,no
commonefacti,la,1,0.008,no
commonefactus,la,1,0.008,no
commonefecissemus,la,1,0.008,no
commonefecit,la,1,0.008,no
commorabatur,la,1,0.008,no
commorantem,la,1,0.008,no
commorantium,la,1,0.008,no
commorarentur,la,1,0.008,no
commorati,la,1,0.008,no
commoratio,la,1,0.008,no
commoratione,la,1,0.008,no
commoratur,la,1,0.008,no
commoraturus,la,1,0.008,no
commota,la,1,0.008,no
commoverentur,la,1,0.008,no
commoveri,la,1,0.008,no
commovit,la,1,0.008,no
communia,la,1,0.008,no
communicamus,la,1,0.008,no
communicant,la,1,0.008,no
communicarent,la,1,0.008,no
communicaret,la,1,0.008,no
communicari,la,1,0.008,no
communicat,la,1,0.008,no
communicatae,la,1,0.008,no
communicavit,la,1,0.008,no
communicet,la,1,0.008,no
communierunt,la,1,0.008,no
communion,la,1,0.008,no
communione,la,1,0.008,no
communionis,la,1,0.008,no
communique,la,1,0.008,no
communitas,la,1,0.008,no
communiterque,la,1,0.008,no
communito,la,1,0.008,no
communivit,la,1,0.008,no
commurini,la,1,0.008,no
commutare,la,1,0.008,no
commutaretur,la,1,0.008,no
commutaturum,la,1,0.008,no
commutavit,la,1,0.008,no
como,es,1,0.008,no
comodam,la,1,0.008,no
comodum,la,1,0.008,no
comoedia,la,1,0.008,no
comoediam,la,1,0.008,no
compacta,la,1,0.008,no
compactarum,la,1,0.008,no
compacti,la,1,0.008,no
compago,la,1,0.008,no
comparare,la,1,0.008,no
compararent,la,1,0.008,no
compararunt,la,1,0.008,no
comparassent,la,1,0.008,no
comparasset,la,1,0.008,no
comparationibus,la,1,0.008,no
comparatis,la,1,0.008,no
comparaverat,la,1,0.008,no
comparaverunt,la,1,0.008,no
comparuerunt,la,1,0.008,no
comparuisse,la,1,0.008,no
comparuissent,la,1,0.008,no
compatiamur,la,1,0.008,no
compatiatur,la,1,0.008,no
compegit,la,1,0.008,no
compelit,la,1,0.008,no
compellabant,la,1,0.008,no
compellaret,la,1,0.008,no
compellat,la,1,0.008,no
compellere,la,1,0.008,no
compellerent,la,1,0.008,no
compellitur,la,1,0.008,no
compellunt,la,1,0.008,no
compendii,la,1,0.008,no
compensant,la,1,0.008,no
compensari,la,1,0.008,no
compensatio,la,1,0.008,no
compensaturam,la,1,0.008,no
compensavere,la,1,0.008,no
compensavit,la,1,0.008,no
comperiemus,la,1,0.008,no
comperisem,la,1,0.008,no
compertam,la,1,0.008,no
comperti,la,1,0.008,no
compescat,la,1,0.008,no
competente,la,1,0.008,no
competentem,la,1,0.008,no
competenter,la,1,0.008,no
competenti,la,1,0.008,no
competentibus,la,1,0.008,no
competunt,la,1,0.008,no
compilat,la,1,0.008,no
compleamus,la,1,0.008,no
compleat,la,1,0.008,no
complebatur,la,1,0.008,no
complect,la,1,0.008,no
complectar,la,1,0.008,no
complectendam,la,1,0.008,no
complectuntur,la,1,0.008,no
complendas,la,1,0.008,no
complerem,la,1,0.008,no
compleri,la,1,0.008,no
completur,la,1,0.008,no
completus,la,1,0.008,no
complevi,la,1,0.008,no
complevit,la,1,0.008,no
complexi,la,1,0.008,no
complexione,la,1,0.008,no
complexionem,la,1,0.008,no
componendi,la,1,0.008,no
componere,la,1,0.008,no
componeret,la,1,0.008,no
componunt,la,1,0.008,no
composita,la,1,0.008,no
compositae,la,1,0.008,no
compositione,la,1,0.008,no
compositionem,la,1,0.008,no
compositionibusq,la,1,0.008,no
compositiòque,la,1,0.008,no
composito,la,1,0.008,no
compositosque,la,1,0.008,no
composituros,la,1,0.008,no
compositus,la,1,0.008,no
composuerunt,la,1,0.008,no
compotes,la,1,0.008,no
comprehendens,la,1,0.008,no
comprehendi,la,1,0.008,no
comprehendit,la,1,0.008,no
comprehenduntur,la,1,0.008,no
comprehensa,la,1,0.008,no
comprehensas,la,1,0.008,no
comprehensi,la,1,0.008,no
compressi,la,1,0.008,no
compressis,la,1,0.008,no
compressit,la,1,0.008,no
comprimendam,la,1,0.008,no
comprimit,la,1,0.008,no
comprobare,la,1,0.008,no
comprobaret,la,1,0.008,no
comprobari,la,1,0.008,no
comprobarunt,la,1,0.008,no
comprobatunt,la,1,0.008,no
compromiserant,la,1,0.008,no
compulisset,la,1,0.008,no
compustellam,la,1,0.008,no
computandum,la,1,0.008,no
computemus,la,1,0.008,no
computu,la,1,0.008,no
comueniunt,la,1,0.008,no
comunem,la,1,0.008,no
comunicandi,la,1,0.008,no
conabantur,la,1,0.008,no
conamur,la,1,0.008,no
conantes,la,1,0.008,no
conaremur,la,1,0.008,no
conari,la,1,0.008,no
conata,la,1,0.008,no
conatusque,la,1,0.008,no
concedantur,la,1,0.008,no
concedenda,la,1,0.008,no
concedendo,la,1,0.008,no
concedentes,la,1,0.008,no
concedentibus,la,1,0.008,no
concederetur,la,1,0.008,no
concedet,la,1,0.008,no
concedibilis,la,1,0.008,no
concediere,es,1,0.008,no
concedis,la,1,0.008,no
concedo,es,1,0.008,no
conceduntur,la,1,0.008,no
concepcion,la,1,0.008,no
conceperant,la,1,0.008,no
concepit,la,1,0.008,no
concepta,la,1,0.008,no
conceptam,la,1,0.008,no
concepto,la,1,0.008,no
conceptu,la,1,0.008,no
conceptum,la,1,0.008,no
conceptus,la,1,0.008,no
concernentia,la,1,0.008,no
concesserunt,la,1,0.008,no
concessuram,la,1,0.008,no
concessuros,la,1,0.008,no
concessurum,la,1,0.008,no
concessurus,la,1,0.008,no
concessus,la,1,0.008,no
concha,la,1,0.008,no
conchensis,la,1,0.008,no
concidat,la,1,0.008,no
conciderunt,la,1,0.008,no
concidi,la,1,0.008,no
concidit,la,1,0.008,no
concientiae,la,1,0.008,no
conciliare,la,1,0.008,no
conciliarent,la,1,0.008,no
conciliaret,la,1,0.008,no
conciliata,la,1,0.008,no
conciliatâ,la,1,0.008,no
conciliatur,la,1,0.008,no
concilietur,la,1,0.008,no
concinnandum,la,1,0.008,no
concionandi,la,1,0.008,no
concionandum,la,1,0.008,no
concionantur,la,1,0.008,no
concionari,la,1,0.008,no
concionatoria,la,1,0.008,no
concionatoris,la,1,0.008,no
concionatur,la,1,0.008,no
concionem,la,1,0.008,no
concioni,la,1,0.008,no
concipientes,la,1,0.008,no
concisae,la,1,0.008,no
concitat,la,1,0.008,no
concitata,la,1,0.008,no
concitatio,la,1,0.008,no
concitatus,la,1,0.008,no
conciues,la,1,0.008,no
conclamant,la,1,0.008,no
conclamatum,la,1,0.008,no
conclave,la,1,0.008,no
concludes,la,1,0.008,no
concludi,la,1,0.008,no
concluditur,la,1,0.008,no
concluduntur,la,1,0.008,no
conclusa,la,1,0.008,no
conclusi,la,1,0.008,no
conclusione,la,1,0.008,no
conclusionibus,la,1,0.008,no
conclusiva,la,1,0.008,no
conclusum,la,1,0.008,no
concoquere,la,1,0.008,no
concordantes,la,1,0.008,no
concordaverunt,la,1,0.008,no
concordiis,la,1,0.008,no
concreditae,la,1,0.008,no
concubitum,la,1,0.008,no
concuerda,la,1,0.008,no
conculcaretur,la,1,0.008,no
concupiscamus,la,1,0.008,no
concupiscat,la,1,0.008,no
concupisco,la,1,0.008,no
concurrant,la,1,0.008,no
concurrat,la,1,0.008,no
concurrerent,la,1,0.008,no
concurrerunt,la,1,0.008,no
concurrimus,la,1,0.008,no
concurrit,la,1,0.008,no
concussae,la,1,0.008,no
concusserint,la,1,0.008,no
concussit,la,1,0.008,no
concutitur,la,1,0.008,no
condant,la,1,0.008,no
condecoratus,la,1,0.008,no
condemnans,la,1,0.008,no
condemnaret,la,1,0.008,no
condemnata,la,1,0.008,no
condenda,la,1,0.008,no
condendis,la,1,0.008,no
condere,la,1,0.008,no
condicione,la,1,0.008,no
condicto,la,1,0.008,no
condiderit,la,1,0.008,no
condidisse,la,1,0.008,no
conditae,la,1,0.008,no
conditas,la,1,0.008,no
conditionesqne,la,1,0.008,no
conditionum,la,1,0.008,no
conditisi,la,1,0.008,no
conditoris,la,1,0.008,no
condixerunt,la,1,0.008,no
condolere,la,1,0.008,no
condoluere,la,1,0.008,no
condonanda,la,1,0.008,no
condonantur,la,1,0.008,no
condonaret,la,1,0.008,no
condonarit,la,1,0.008,no
condonata,la,1,0.008,no
condonate,la,1,0.008,no
condonationem,la,1,0.008,no
condonatum,la,1,0.008,no
condonatur,la,1,0.008,no
condonetur,la,1,0.008,no
condormiunt,la,1,0.008,no
conduc,la,1,0.008,no
conducit,la,1,0.008,no
conductisque,la,1,0.008,no
conductum,la,1,0.008,no
conduetudinem,la,1,0.008,no
conduxerunt,la,1,0.008,no
cone,la,1,0.008,no
conentur.ob,la,1,0.008,no
confaederatum,la,1,0.008,no
confaederatus,la,1,0.008,no
confalonerus,la,1,0.008,no
confecta,la,1,0.008,no
confectae,la,1,0.008,no
confederati,la,1,0.008,no
conferantur,la,1,0.008,no
conferatur,la,1,0.008,no
conferendo,la,1,0.008,no
conferens,la,1,0.008,no
conferentiarum,la,1,0.008,no
conferrem,la,1,0.008,no
conferrent,la,1,0.008,no
conferturque,la,1,0.008,no
confessar,es,1,0.008,no
confessario,la,1,0.008,no
confessarium,la,1,0.008,no
confessarli,la,1,0.008,no
confession,es,1,0.008,no
confesso,la,1,0.008,no
confessoribus,la,1,0.008,no
conficere,la,1,0.008,no
conficeretur,la,1,0.008,no
confici,la,1,0.008,no
conficiamur,la,1,0.008,no
conficiebant,la,1,0.008,no
conficiendi,la,1,0.008,no
conficiendum,la,1,0.008,no
conficit,la,1,0.008,no
conficitur,la,1,0.008,no
confidebant,la,1,0.008,no
confidens,la,1,0.008,no
confidentes,la,1,0.008,no
confidunt,la,1,0.008,no
confines,la,1,0.008,no
confini,la,1,0.008,no
confinia,la,1,0.008,no
confinibus,la,1,0.008,no
confiniis,la,1,0.008,no
confirmandam,la,1,0.008,no
confirmando,la,1,0.008,no
confirmarentur,la,1,0.008,no
confirmarit,la,1,0.008,no
confirmarunt,la,1,0.008,no
confirmati,la,1,0.008,no
confirmationis,la,1,0.008,no
confirmaturum,la,1,0.008,no
confisi,la,1,0.008,no
confitenda,la,1,0.008,no
confiteri,la,1,0.008,no
confixerint,la,1,0.008,no
conflagrationem,la,1,0.008,no
conflarunt,la,1,0.008,no
conflatur,la,1,0.008,no
conflavitque,la,1,0.008,no
confli,la,1,0.008,no
conflictari,la,1,0.008,no
conflictus,la,1,0.008,no
confligit,la,1,0.008,no
conflu,la,1,0.008,no
confluentium,la,1,0.008,no
confluerent,la,1,0.008,no
confluet,la,1,0.008,no
confoederati,la,1,0.008,no
confoederationis,la,1,0.008,no
confoederatis,la,1,0.008,no
confor,la,1,0.008,no
conformamus,la,1,0.008,no
conformari,la,1,0.008,no
conformi,la,1,0.008,no
conformia,la,1,0.008,no
conformis,la,1,0.008,no
conformitatem,la,1,0.008,no
confortante,la,1,0.008,no
confortat,la,1,0.008,no
confortavit,la,1,0.008,no
confossus,la,1,0.008,no
confucii,la,1,0.008,no
confugere,la,1,0.008,no
confugiebant,la,1,0.008,no
confugientes,la,1,0.008,no
confugientibus,la,1,0.008,no
confugisse,la,1,0.008,no
confundantur,la,1,0.008,no
confundatur,la,1,0.008,no
confundendo,la,1,0.008,no
confundendum,la,1,0.008,no
confunderetur,la,1,0.008,no
confusa,la,1,0.008,no
confusam,la,1,0.008,no
confusas,la,1,0.008,no
confusio,la,1,0.008,no
confusionem,la,1,0.008,no
confusionis,la,1,0.008,no
confusos,la,1,0.008,no
confutantur,la,1,0.008,no
confutatio,la,1,0.008,no
congensi,la,1,0.008,no
congensium,la,1,0.008,no
congr,la,1,0.008,no
congratulantium,la,1,0.008,no
congregan,la,1,0.008,no
congregandorum,la,1,0.008,no
congregant,la,1,0.008,no
congregante,la,1,0.008,no
congregantes,la,1,0.008,no
congregarentur,la,1,0.008,no
congregaret,la,1,0.008,no
congregarunt,la,1,0.008,no
congregata,la,1,0.008,no
congregatae,la,1,0.008,no
congregatorum,la,1,0.008,no
congregaverunt,la,1,0.008,no
congregetur,la,1,0.008,no
congruebat,la,1,0.008,no
congruens,la,1,0.008,no
congruentem,la,1,0.008,no
congruentes,la,1,0.008,no
congruentibus,la,1,0.008,no
congruentior,la,1,0.008,no
conguensem,la,1,0.008,no
conguensis,la,1,0.008,no
coniecisse,la,1,0.008,no
coniect,la,1,0.008,no
coniectabunt,la,1,0.008,no
coniecti,la,1,0.008,no
coniecturaliter,la,1,0.008,no
coniecturam,la,1,0.008,no
coniecturos,la,1,0.008,no
coniicerent,la,1,0.008,no
coniiceret,la,1,0.008,no
coniici,la,1,0.008,no
coniiciebamus,la,1,0.008,no
coniiciet,la,1,0.008,no
coniiciunt,la,1,0.008,no
conijcere,la,1,0.008,no
conimbricensis,la,1,0.008,no
coninctione,la,1,0.008,no
coniugale,la,1,0.008,no
coniugali,la,1,0.008,no
coniugata,la,1,0.008,no
coniugia,la,1,0.008,no
coniugiorum,la,1,0.008,no
coniugis,la,1,0.008,no
coniugium,la,1,0.008,no
coniunc,la,1,0.008,no
coniuncta,la,1,0.008,no
coniunctam,la,1,0.008,no
coniuncte,la,1,0.008,no
coniunctiores,la,1,0.008,no
coniunctissimus,la,1,0.008,no
coniungerentur,la,1,0.008,no
coniungeret,la,1,0.008,no
coniungitur,la,1,0.008,no
coniuractione,la,1,0.008,no
coniurant,la,1,0.008,no
coniuratio,la,1,0.008,no
conjici,la,1,0.008,no
conjuncta,la,1,0.008,no
conjuncto,la,1,0.008,no
conjungere,la,1,0.008,no
conjurati,la,1,0.008,no
connotulit,la,1,0.008,no
connurensem,la,1,0.008,no
conourensi,la,1,0.008,no
conourensis,la,1,0.008,no
conpulerunt,la,1,0.008,no
conqueri,la,1,0.008,no
conquesti,la,1,0.008,no
conquierunt,la,1,0.008,no
conquievisset,la,1,0.008,no
conquiri,la,1,0.008,no
conquisitos,la,1,0.008,no
conquisitus,la,1,0.008,no
conrado,la,1,0.008,no
consalutavit,la,1,0.008,no
consalvus,la,1,0.008,no
consanguineus,la,1,0.008,no
consceleratis,la,1,0.008,no
conscendat,la,1,0.008,no
conscendendam,la,1,0.008,no
conscenderant,la,1,0.008,no
conscenderent,la,1,0.008,no
conscendunt,la,1,0.008,no
conscensa,la,1,0.008,no
conscidisse,la,1,0.008,no
conscientie,la,1,0.008,no
conscientiis,la,1,0.008,no
conscii,la,1,0.008,no
consciis,la,1,0.008,no
conscius,la,1,0.008,no
conscribentium,la,1,0.008,no
conscriberem,la,1,0.008,no
conscriberetur,la,1,0.008,no
conscribunt,la,1,0.008,no
consecrati,la,1,0.008,no
consecratio,la,1,0.008,no
consecrationis,la,1,0.008,no
consecrato,la,1,0.008,no
consecrent,la,1,0.008,no
consectatur,la,1,0.008,no
consecutae,la,1,0.008,no
consecutum,la,1,0.008,no
consecuturae,la,1,0.008,no
consecuturam,la,1,0.008,no
consecuturis,la,1,0.008,no
consecutus,la,1,0.008,no
consederunt,la,1,0.008,no
consensit,la,1,0.008,no
consensiunt,la,1,0.008,no
consensum,la,1,0.008,no
consentaneus,la,1,0.008,no
consentiente,la,1,0.008,no
consequantur,la,1,0.008,no
consequatur,la,1,0.008,no
consequendum,la,1,0.008,no
consequentes,la,1,0.008,no
consequeretur,la,1,0.008,no
consequuntur,la,1,0.008,no
conseruamur,la,1,0.008,no
conseruarent,la,1,0.008,no
conseruatae,la,1,0.008,no
conseruet,la,1,0.008,no
conservandam,la,1,0.008,no
conservandis,la,1,0.008,no
conservando,pt,1,0.008,no
conservandum,la,1,0.008,no
conservarunt,la,1,0.008,no
conservat,la,1,0.008,no
conservata,la,1,0.008,no
conservatio,la,1,0.008,no
conservatione,la,1,0.008,no
conservet,la,1,0.008,no
conservos,la,1,0.008,no
consessit,la,1,0.008,no
conside,la,1,0.008,no
considera,la,1,0.008,no
considerabant,la,1,0.008,no
considerabilis,la,1,0.008,no
considerant,la,1,0.008,no
consideraret,la,1,0.008,no
considerate,la,1,0.008,no
consideratio,la,1,0.008,no
considerauerint,la,1,0.008,no
consideravimus,la,1,0.008,no
considero,la,1,0.008,no
considet,la,1,0.008,no
consignata,la,1,0.008,no
consiliariisq,la,1,0.008,no
consilioque,la,1,0.008,no
consistens,la,1,0.008,no
consistentem,la,1,0.008,no
consistere,la,1,0.008,no
consistunt,la,1,0.008,no
consobrinum,la,1,0.008,no
consobrinus,la,1,0.008,no
consolandam,la,1,0.008,no
consolati,la,1,0.008,no
consolationi,la,1,0.008,no
consolationis,la,1,0.008,no
consolatorem,la,1,0.008,no
consolentur,la,1,0.008,no
consona,la,1,0.008,no
consonantem,la,1,0.008,no
conspectus,la,1,0.008,no
conspexere,la,1,0.008,no
conspexi,la,1,0.008,no
conspiciebant,la,1,0.008,no
conspiciebat,la,1,0.008,no
conspicietur,la,1,0.008,no
conspicitur,la,1,0.008,no
conspicua,la,1,0.008,no
conspiratio,la,1,0.008,no
conspirationem,la,1,0.008,no
constabant,la,1,0.008,no
constandome,es,1,0.008,no
constantiae,la,1,0.008,no
constantibus,la,1,0.008,no
constantino,la,1,0.008,no
constantinum,la,1,0.008,no
constantis,la,1,0.008,no
constantissime,la,1,0.008,no
constantissimi,la,1,0.008,no
constarent,la,1,0.008,no
constaret,la,1,0.008,no
constent,la,1,0.008,no
consternatos,la,1,0.008,no
constipati,la,1,0.008,no
constiterit,la,1,0.008,no
constituendam,la,1,0.008,no
constituendus,la,1,0.008,no
constituentes,la,1,0.008,no
constituerent,la,1,0.008,no
constitueretur,la,1,0.008,no
constituerint,la,1,0.008,no
constituissent,la,1,0.008,no
constitutione,la,1,0.008,no
constitutionem,la,1,0.008,no
constitutiuculas,la,1,0.008,no
constituto,la,1,0.008,no
constricta,la,1,0.008,no
construenda,la,1,0.008,no
construendam,la,1,0.008,no
construetis,la,1,0.008,no
construi,la,1,0.008,no
construunt,la,1,0.008,no
construxit,la,1,0.008,no
constutuit,la,1,0.008,no
consuerat,la,1,0.008,no
consuetis,la,1,0.008,no
consuetudinem,la,1,0.008,no
consuetudinesque,la,1,0.008,no
consuetudini,la,1,0.008,no
consuetudo,la,1,0.008,no
consueuerat,la,1,0.008,no
consueuit,la,1,0.008,no
consueverat,la,1,0.008,no
consueverunt,la,1,0.008,no
consule,la,1,0.008,no
consulentibus,la,1,0.008,no
consuleret,la,1,0.008,no
consult,la,1,0.008,no
consulta,la,1,0.008,no
consultationi,la,1,0.008,no
consultavimus,la,1,0.008,no
consultius,la,1,0.008,no
consultiva,la,1,0.008,no
consuluisset,la,1,0.008,no
consumamus,la,1,0.008,no
consumatus,la,1,0.008,no
consumenda,la,1,0.008,no
consumere,la,1,0.008,no
consumeret,la,1,0.008,no
consummandum,la,1,0.008,no
consummatio,la,1,0.008,no
consummationem,la,1,0.008,no
consumpserunt,la,1,0.008,no
consumpsimus,la,1,0.008,no
consumptis,la,1,0.008,no
consurensis,la,1,0.008,no
contabescunt,la,1,0.008,no
contactu,la,1,0.008,no
contactus,la,1,0.008,no
contaminat,la,1,0.008,no
contectos,la,1,0.008,no
contemnenda,la,1,0.008,no
contemnendae,la,1,0.008,no
contemnendis,la,1,0.008,no
contemnentes,la,1,0.008,no
contemneremus,la,1,0.008,no
contemneret,la,1,0.008,no
contemni,la,1,0.008,no
contemplari,la,1,0.008,no
contemplationis,la,1,0.008,no
contemptibilia,la,1,0.008,no
contemptim,la,1,0.008,no
contemptos,la,1,0.008,no
contemptui,la,1,0.008,no
contendant,la,1,0.008,no
contendendum,la,1,0.008,no
contenderat,la,1,0.008,no
contenderent,la,1,0.008,no
contendisse,la,1,0.008,no
contendo,la,1,0.008,no
contenta,la,1,0.008,no
contentas,la,1,0.008,no
contentiones,la,1,0.008,no
contentionibus,la,1,0.008,no
contentiose,la,1,0.008,no
contentissima,la,1,0.008,no
contentum,la,1,0.008,no
conterruit,la,1,0.008,no
contexere,la,1,0.008,no
contextis,la,1,0.008,no
contexunt,la,1,0.008,no
contigerunt,la,1,0.008,no
contigisset,la,1,0.008,no
contineatur,la,1,0.008,no
continebant,la,1,0.008,no
continebantur,la,1,0.008,no
continendis,la,1,0.008,no
continent,la,1,0.008,no
continente,la,1,0.008,no
continenter,la,1,0.008,no
continentia,la,1,0.008,no
continentiae,la,1,0.008,no
contineo,la,1,0.008,no
contineretur,la,1,0.008,no
contineri,la,1,0.008,no
continetur,la,1,0.008,no
contingeret,la,1,0.008,no
continget,la,1,0.008,no
continuandae,la,1,0.008,no
continuare,la,1,0.008,no
continuata,la,1,0.008,no
continuati,la,1,0.008,no
continuatione,la,1,0.008,no
continue,la,1,0.008,no
continuò,la,1,0.008,no
continuum,la,1,0.008,no
contracta,la,1,0.008,no
contractant,la,1,0.008,no
contractibus,la,1,0.008,no
contractus,la,1,0.008,no
contrada,la,1,0.008,no
contradicendum,la,1,0.008,no
contradicente,la,1,0.008,no
contradicere,la,1,0.008,no
contradixerunt,la,1,0.008,no
contraham,la,1,0.008,no
contrahentibus,la,1,0.008,no
contraire,la,1,0.008,no
contrariis,la,1,0.008,no
contrario,la,1,0.008,no
contrauero,la,1,0.008,no
contraxerat,la,1,0.008,no
contraxerim,la,1,0.008,no
contraximus,la,1,0.008,no
contraxisse,la,1,0.008,no
contrectari,la,1,0.008,no
contritione,la,1,0.008,no
contritionis,la,1,0.008,no
controversia,la,1,0.008,no
controversiae,la,1,0.008,no
controversiam,la,1,0.008,no
controversias,la,1,0.008,no
contrucidandos,la,1,0.008,no
contrucidarunt,la,1,0.008,no
contrucidatis,la,1,0.008,no
contulere,la,1,0.008,no
contulisset,la,1,0.008,no
contumeliam,la,1,0.008,no
contumelijs,la,1,0.008,no
contumeliose,la,1,0.008,no
conuenentem,la,1,0.008,no
conuenentia,la,1,0.008,no
conueniens,la,1,0.008,no
conuentu,la,1,0.008,no
conuersi,la,1,0.008,no
conuertat,la,1,0.008,no
conuertatur,la,1,0.008,no
conuestiret,la,1,0.008,no
conuictu,la,1,0.008,no
convalueram,la,1,0.008,no
convehenda,la,1,0.008,no
convenerant,la,1,0.008,no
convenere,la,1,0.008,no
convenerit,la,1,0.008,no
conveni,la,1,0.008,no
convenientes,la,1,0.008,no
conveniet,la,1,0.008,no
convenimus,la,1,0.008,no
convento,es,1,0.008,no
conversae,la,1,0.008,no
conversatione,la,1,0.008,no
conversatus,la,1,0.008,no
conversis,la,1,0.008,no
convertantur,la,1,0.008,no
convertatur,la,1,0.008,no
convertendam,la,1,0.008,no
convertendi,la,1,0.008,no
converterent,la,1,0.008,no
converteretur,la,1,0.008,no
convertitur,la,1,0.008,no
convertunt,la,1,0.008,no
convicta,la,1,0.008,no
convicti,la,1,0.008,no
convictis,la,1,0.008,no
convictus,la,1,0.008,no
convivantes,la,1,0.008,no
convocarant,la,1,0.008,no
conzuraensi,la,1,0.008,no
cooperatoribus,la,1,0.008,no
cooperientes,la,1,0.008,no
coopertorio,la,1,0.008,no
coopertus,la,1,0.008,no
cooptat,la,1,0.008,no
copiasque,la,1,0.008,no
copiosi,la,1,0.008,no
copiosiore,la,1,0.008,no
copiosos,la,1,0.008,no
copiosum,la,1,0.008,no
copulabitur,la,1,0.008,no
copulati,la,1,0.008,no
copulatione,la,1,0.008,no
copulationem,la,1,0.008,no
copulatis,la,1,0.008,no
copulatur,la,1,0.008,no
copulatus,la,1,0.008,no
coraeam,la,1,0.008,no
corai,la,1,0.008,no
coraiana,la,1,0.008,no
coraiani,la,1,0.008,no
coraianum,la,1,0.008,no
cordati,la,1,0.008,no
cordatum,la,1,0.008,no
cordatus,la,1,0.008,no
cordium,la,1,0.008,no
cordonum,la,1,0.008,no
coream,la,1,0.008,no
coreani,la,1,0.008,no
coreanos,la,1,0.008,no
corensis,la,1,0.008,no
corenzam,la,1,0.008,no
corii,la,1,0.008,no
corina,la,1,0.008,no
corio,la,1,0.008,no
corium,la,1,0.008,no
cornu,la,1,0.008,no
coronado,la,1,0.008,no
coronae,la,1,0.008,no
coronarum,la,1,0.008,no
coronarunt,la,1,0.008,no
coronatam,la,1,0.008,no
coronati,la,1,0.008,no
coronatum,la,1,0.008,no
corporae,la,1,0.008,no
corpoream,la,1,0.008,no
corporeis,la,1,0.008,no
corpusque,la,1,0.008,no
corrasit,la,1,0.008,no
correcta,la,1,0.008,no
correcti,la,1,0.008,no
correctos,la,1,0.008,no
corrigat,la,1,0.008,no
corrigatur,la,1,0.008,no
corrigendos,la,1,0.008,no
corripere,la,1,0.008,no
corripiendi,la,1,0.008,no
corripuerit,la,1,0.008,no
corroborati,la,1,0.008,no
corroboratum,la,1,0.008,no
corruat,la,1,0.008,no
corruere,la,1,0.008,no
corrueret,la,1,0.008,no
corruet,la,1,0.008,no
corrumpit,la,1,0.008,no
corrupit,la,1,0.008,no
corruptela,la,1,0.008,no
corruptelae,la,1,0.008,no
corruptionis,la,1,0.008,no
corruptis,la,1,0.008,no
corruptissimo,la,1,0.008,no
corrupto,la,1,0.008,no
corruptos,la,1,0.008,no
corruptum,la,1,0.008,no
cortalinum,la,1,0.008,no
cortesius,la,1,0.008,no
cortice,la,1,0.008,no
corumi,la,1,0.008,no
coruscantem,la,1,0.008,no
coruscantes,la,1,0.008,no
cosmiannes,la,1,0.008,no
cospectum,la,1,0.008,no
cossora,la,1,0.008,no
costantes,la,1,0.008,no
costantiâ,la,1,0.008,no
costantini,la,1,0.008,no
costrorum,la,1,0.008,no
cotidianum,la,1,0.008,no
coulão,la,1,0.008,no
coviglian,la,1,0.008,no
coymbrae,la,1,0.008,no
cozurensem,la,1,0.008,no
cramentorum,la,1,0.008,no
cramentum,la,1,0.008,no
crassis,la,1,0.008,no
crassum,la,1,0.008,no
crassus,la,1,0.008,no
crastino,la,1,0.008,no
crati,la,1,0.008,no
creabatur,la,1,0.008,no
creatarum,la,1,0.008,no
creatas,la,1,0.008,no
creaturae,la,1,0.008,no
creaturȩ,la,1,0.008,no
creauit,la,1,0.008,no
creavit,la,1,0.008,no
creberrime,la,1,0.008,no
crebra,la,1,0.008,no
crebrae,la,1,0.008,no
crebriores,la,1,0.008,no
crebris,la,1,0.008,no
crebrisque,la,1,0.008,no
crebrius,la,1,0.008,no
crebrò,la,1,0.008,no
credant,la,1,0.008,no
credas,la,1,0.008,no
credebant,la,1,0.008,no
credebatur,la,1,0.008,no
credenti,la,1,0.008,no
crederentur,la,1,0.008,no
crederes,la,1,0.008,no
crederet,la,1,0.008,no
crederetur,la,1,0.008,no
credet,la,1,0.008,no
credetes,la,1,0.008,no
credibile,la,1,0.008,no
credibilitatis,la,1,0.008,no
credideritis,la,1,0.008,no
crediderunt,la,1,0.008,no
credit,la,1,0.008,no
creditis,la,1,0.008,no
creditoribus,la,1,0.008,no
credituque,la,1,0.008,no
cremarunt,la,1,0.008,no
crescebat,la,1,0.008,no
creverit,la,1,0.008,no
criminalem,la,1,0.008,no
criminali,la,1,0.008,no
criminationes,la,1,0.008,no
criminis,la,1,0.008,no
critana,la,1,0.008,no
crocei,la,1,0.008,no
croceo,la,1,0.008,no
crocino,la,1,0.008,no
cruc,la,1,0.008,no
cruci,la,1,0.008,no
cruciantur,la,1,0.008,no
cruciarentur,la,1,0.008,no
cruciatu,la,1,0.008,no
cruciatum,la,1,0.008,no
crucifixus,la,1,0.008,no
crucior,la,1,0.008,no
crude,la,1,0.008,no
crudelem,la,1,0.008,no
crudeles,la,1,0.008,no
crudelior,la,1,0.008,no
crudelis,la,1,0.008,no
crudelissima,la,1,0.008,no
crudelissimi,la,1,0.008,no
crudelissimus,la,1,0.008,no
crudelitas,la,1,0.008,no
crudelitati,la,1,0.008,no
cruentam,la,1,0.008,no
crusta,la,1,0.008,no
ct,la,1,0.008,no
ctare,la,1,0.008,no
cti,la,1,0.008,no
cto,la,1,0.008,no
ctor,la,1,0.008,no
ctoriae,la,1,0.008,no
ctum,la,1,0.008,no
ctus,la,1,0.008,no
çu,trans,1,0.008,no
cubernator,la,1,0.008,no
cubiculorum,la,1,0.008,no
cubiculum,la,1,0.008,no
cubile,la,1,0.008,no
cubili,la,1,0.008,no
çuchuen,la,1,0.008,no
cuhna,la,1,0.008,no
çui,trans,1,0.008,no
cuiqu,la,1,0.008,no
cuiu,la,1,0.008,no
cuiuch,la,1,0.008,no
cuiusmodi,la,1,0.008,no
cuiusq,la,1,0.008,no
cuiusque,la,1,0.008,no
cuiusvis,la,1,0.008,no
culis,la,1,0.008,no
culmina,la,1,0.008,no
culo,la,1,0.008,no
culpam,la,1,0.008,no
culpas,la,1,0.008,no
cult,la,1,0.008,no
culta,la,1,0.008,no
cultellus,la,1,0.008,no
cultibus,la,1,0.008,no
cultissimis,la,1,0.008,no
cultorem,la,1,0.008,no
culturum,la,1,0.008,no
cumulabat,la,1,0.008,no
cumulate,la,1,0.008,no
cumulatiora,la,1,0.008,no
cumulatiore,la,1,0.008,no
cumulatiorem,la,1,0.008,no
cumulatissime,la,1,0.008,no
cumulato,la,1,0.008,no
cumulatur,la,1,0.008,no
cumuletur,la,1,0.008,no
cumulos,la,1,0.008,no
cumulum,la,1,0.008,no
cumunem,la,1,0.008,no
cun,la,1,0.008,no
cunabulis,la,1,0.008,no
cuncta,la,1,0.008,no
cunctatus,la,1,0.008,no
cunctis,la,1,0.008,no
cuncto,la,1,0.008,no
cuneorum,la,1,0.008,no
cung,trans,1,0.008,no
çung,trans,1,0.008,no
cunha,la,1,0.008,no
cuniculis,la,1,0.008,no
cuniculo,la,1,0.008,no
cupando,la,1,0.008,no
cupiamus,la,1,0.008,no
cupidinis,la,1,0.008,no
cupidis,la,1,0.008,no
cupidus,la,1,0.008,no
cupientium,la,1,0.008,no
cupiêre,la,1,0.008,no
cupimus,la,1,0.008,no
cupio,la,1,0.008,no
cupit,la,1,0.008,no
cupiunt,la,1,0.008,no
cupressos,la,1,0.008,no
curabis,la,1,0.008,no
curabit,la,1,0.008,no
curabitis,la,1,0.008,no
curabitur,la,1,0.008,no
curandis,la,1,0.008,no
curando,la,1,0.008,no
curantes,la,1,0.008,no
curari,la,1,0.008,no
curarint,la,1,0.008,no
curarunt,la,1,0.008,no
curasse,la,1,0.008,no
curat,la,1,0.008,no
curate,la,1,0.008,no
curationem,la,1,0.008,no
curato,la,1,0.008,no
curatos,la,1,0.008,no
curatum,la,1,0.008,no
curatumque,la,1,0.008,no
curatur,la,1,0.008,no
curatus,la,1,0.008,no
curaverat,la,1,0.008,no
curavimus,la,1,0.008,no
curavit,la,1,0.008,no
curę,la,1,0.008,no
curensem,la,1,0.008,no
curensi,la,1,0.008,no
curent,la,1,0.008,no
curentur,la,1,0.008,no
curetis,la,1,0.008,no
curiae,la,1,0.008,no
curiosa,la,1,0.008,no
curiose,la,1,0.008,no
curis,la,1,0.008,no
currendum,la,1,0.008,no
currum,la,1,0.008,no
cursor,la,1,0.008,no
cursui,la,1,0.008,no
custdiam,la,1,0.008,no
custodi,la,1,0.008,no
custodias,la,1,0.008,no
custodiat,la,1,0.008,no
custodibus,la,1,0.008,no
custodie,la,1,0.008,no
custodiebant,la,1,0.008,no
custodiebat,la,1,0.008,no
custodiendas,la,1,0.008,no
custodiens,la,1,0.008,no
custodientes,la,1,0.008,no
custodiretur,la,1,0.008,no
custoditos,la,1,0.008,no
custodiunt,la,1,0.008,no
cuy,la,1,0.008,no
cvm,la,1,0.008,no
cycladas,la,1,0.008,no
cycladum,la,1,0.008,no
cynocephales,la,1,0.008,no
cypri,la,1,0.008,no
cyprum,la,1,0.008,no
cyrcassos,la,1,0.008,no
cyrenem,la,1,0.008,no
cyrurgicus,la,1,0.008,no
cythera,la,1,0.008,no
cyzicum,la,1,0.008,no
d.domina,la,1,0.008,no
d.petrum,la,1,0.008,no
d’acosta,la,1,0.008,no
d’amaral,la,1,0.008,no
d'amaya,la,1,0.008,no
d’azevedo,la,1,0.008,no
dabant,la,1,0.008,no
dabimus,la,1,0.008,no
dabit,la,1,0.008,no
dabitur,la,1,0.008,no
daciam,la,1,0.008,no
dada,es,1,0.008,no
dae,la,1,0.008,no
daemon,la,1,0.008,no
daemonem,la,1,0.008,no
daemoniacis,la,1,0.008,no
daemoniis,la,1,0.008,no
daemonijs,la,1,0.008,no
daemonis,la,1,0.008,no
daifu,la,1,0.008,no
daifusame,la,1,0.008,no
dalla,la,1,0.008,no
dalmatenum,la,1,0.008,no
dalmatia,la,1,0.008,no
damani,la,1,0.008,no
damascenam,la,1,0.008,no
damascus,la,1,0.008,no
damianus,la,1,0.008,no
damnant,la,1,0.008,no
damnarunt,la,1,0.008,no
damnat,la,1,0.008,no
damnata,la,1,0.008,no
damnatio,la,1,0.008,no
damnatis,la,1,0.008,no
damnatos,la,1,0.008,no
damnauerat,la,1,0.008,no
damnavit,la,1,0.008,no
damnent,la,1,0.008,no
damnorum,la,1,0.008,no
damnosam,la,1,0.008,no
danda,la,1,0.008,no
dandis,la,1,0.008,no
dando,la,1,0.008,no
danielis,la,1,0.008,no
dante,la,1,0.008,no
danuuium,la,1,0.008,no
dar,la,1,0.008,no
dardania,la,1,0.008,no
dardanicum,la,1,0.008,no
darem,la,1,0.008,no
dareque,la,1,0.008,no
datarum,la,1,0.008,no
dati,la,1,0.008,no
datisque,la,1,0.008,no
daturam,la,1,0.008,no
daturos,la,1,0.008,no
daturum,la,1,0.008,no
davidis,la,1,0.008,no
deae,la,1,0.008,no
debeamus,la,1,0.008,no
debeas,la,1,0.008,no
debebantur,la,1,0.008,no
debellare,la,1,0.008,no
debilibus,la,1,0.008,no
debilitati,la,1,0.008,no
debilitato,la,1,0.008,no
debitus,la,1,0.008,no
debui,la,1,0.008,no
debuisset,la,1,0.008,no
decalogo,la,1,0.008,no
decantabant,la,1,0.008,no
decantatum,la,1,0.008,no
decebant,la,1,0.008,no
decebat,la,1,0.008,no
decenni,la,1,0.008,no
decentius,la,1,0.008,no
decept,la,1,0.008,no
deceptiones,la,1,0.008,no
deceptionibus,la,1,0.008,no
deceptor,la,1,0.008,no
deceptus,la,1,0.008,no
deceptusq,la,1,0.008,no
decernatur,la,1,0.008,no
decernente,la,1,0.008,no
decernere,la,1,0.008,no
decerneret,la,1,0.008,no
decernet,la,1,0.008,no
decertabant,la,1,0.008,no
decertassent,la,1,0.008,no
decertatum,la,1,0.008,no
decesserat,la,1,0.008,no
decesserint,la,1,0.008,no
decesserunt,la,1,0.008,no
decessoribus,la,1,0.008,no
decessorum,la,1,0.008,no
decessum,la,1,0.008,no
decetero,la,1,0.008,no
decidendas,la,1,0.008,no
decidendi,la,1,0.008,no
deciderent,la,1,0.008,no
decim,la,1,0.008,no
decimam,la,1,0.008,no
decimus,la,1,0.008,no
decimustertius,la,1,0.008,no
deciperent,la,1,0.008,no
decipi,la,1,0.008,no
decipiens,la,1,0.008,no
decisio,la,1,0.008,no
declarar,la,1,0.008,no
declarare,la,1,0.008,no
declararet,la,1,0.008,no
declararint,la,1,0.008,no
declarasset,la,1,0.008,no
declarat,la,1,0.008,no
declarati,la,1,0.008,no
declaratione,la,1,0.008,no
declaratoriam,la,1,0.008,no
declaratum,la,1,0.008,no
declaravi,la,1,0.008,no
declaravimus,la,1,0.008,no
declaremus,la,1,0.008,no
declinandis,la,1,0.008,no
declinantes,la,1,0.008,no
declinari,la,1,0.008,no
declinatis,la,1,0.008,no
declinemus,la,1,0.008,no
decorata,la,1,0.008,no
decoratum,la,1,0.008,no
decoratur,la,1,0.008,no
decretae,la,1,0.008,no
decreuerant,la,1,0.008,no
decreuerit,la,1,0.008,no
decreuerunt,la,1,0.008,no
decreverant,la,1,0.008,no
decreverit,la,1,0.008,no
decursas,la,1,0.008,no
decursum,la,1,0.008,no
dedebant,la,1,0.008,no
dedecere,la,1,0.008,no
dedecore,la,1,0.008,no
dedecori,la,1,0.008,no
dederant,la,1,0.008,no
dederat,la,1,0.008,no
dedêre,la,1,0.008,no
dederent,la,1,0.008,no
dedicatarum,la,1,0.008,no
dedicati,la,1,0.008,no
dedidit,la,1,0.008,no
dedignantes,la,1,0.008,no
dedignentur,la,1,0.008,no
dedimus,la,1,0.008,no
dediscentes,la,1,0.008,no
dedissent,la,1,0.008,no
dedisti,la,1,0.008,no
dediti,la,1,0.008,no
deditio,la,1,0.008,no
deditione,la,1,0.008,no
deditionis,la,1,0.008,no
deditissimos,la,1,0.008,no
deducam,la,1,0.008,no
deducebatur,la,1,0.008,no
deducendo,la,1,0.008,no
deducentur,la,1,0.008,no
deduci,la,1,0.008,no
deducta,la,1,0.008,no
deductae,la,1,0.008,no
deducunt,la,1,0.008,no
deducuntur,la,1,0.008,no
dedunt,la,1,0.008,no
deduxit,la,1,0.008,no
deeebat,la,1,0.008,no
deerunt,la,1,0.008,no
deesse,la,1,0.008,no
deesset,la,1,0.008,no
defatigationis,la,1,0.008,no
defatigatus,la,1,0.008,no
defecerant,la,1,0.008,no
defecerat,la,1,0.008,no
defecere,la,1,0.008,no
defecerit,la,1,0.008,no
defectione,la,1,0.008,no
defecturam,la,1,0.008,no
defectuum,la,1,0.008,no
defendebant,la,1,0.008,no
defendendis,la,1,0.008,no
defendendum,la,1,0.008,no
defendente,la,1,0.008,no
defendere,la,1,0.008,no
defendi,la,1,0.008,no
defendissent,la,1,0.008,no
defensa,la,1,0.008,no
defensi,la,1,0.008,no
defensio,la,1,0.008,no
defensione,la,1,0.008,no
defensionemq,la,1,0.008,no
defensioni,la,1,0.008,no
defensionis,la,1,0.008,no
deferamus,la,1,0.008,no
deferat,la,1,0.008,no
deferebantur,la,1,0.008,no
deferens,la,1,0.008,no
deferre,la,1,0.008,no
deferret,la,1,0.008,no
defertur,la,1,0.008,no
deficeret,la,1,0.008,no
deficientes,la,1,0.008,no
defigeretur,la,1,0.008,no
defigetis,la,1,0.008,no
definiant,la,1,0.008,no
definire,la,1,0.008,no
definita,la,1,0.008,no
definiti,la,1,0.008,no
definito,la,1,0.008,no
definiuit,la,1,0.008,no
defixa,la,1,0.008,no
defixos,la,1,0.008,no
deflere,la,1,0.008,no
defluxit,la,1,0.008,no
deformantes,la,1,0.008,no
deformarunt,la,1,0.008,no
deformia,la,1,0.008,no
deformitatis,la,1,0.008,no
defraudatus,la,1,0.008,no
defuerit,la,1,0.008,no
defuerunt,la,1,0.008,no
defuisset,la,1,0.008,no
defuit,la,1,0.008,no
defunctis,la,1,0.008,no
defungi,la,1,0.008,no
defutur,la,1,0.008,no
defuturam,la,1,0.008,no
degamus,la,1,0.008,no
degeb,la,1,0.008,no
degenerans,la,1,0.008,no
degeneres,la,1,0.008,no
degente,la,1,0.008,no
degentis,la,1,0.008,no
degere,la,1,0.008,no
degerent,la,1,0.008,no
degeret,la,1,0.008,no
degeretq,la,1,0.008,no
degustarant,la,1,0.008,no
deiecerat,la,1,0.008,no
deiecissent,la,1,0.008,no
deiectique,la,1,0.008,no
deiectum,la,1,0.008,no
deiicimur,la,1,0.008,no
dejecerit,la,1,0.008,no
delapsi,la,1,0.008,no
delatae,la,1,0.008,no
delato,la,1,0.008,no
delaturum,la,1,0.008,no
delctatione,la,1,0.008,no
delecta,la,1,0.008,no
delectabile,la,1,0.008,no
delectabilia,la,1,0.008,no
delectabo,la,1,0.008,no
delectantes,la,1,0.008,no
delectantur,la,1,0.008,no
delectationem,la,1,0.008,no
delectatur,la,1,0.008,no
delectatus,la,1,0.008,no
delegati,la,1,0.008,no
delegationis,la,1,0.008,no
delegatum,la,1,0.008,no
delegatus,la,1,0.008,no
delegit,la,1,0.008,no
delendis,la,1,0.008,no
deleret,la,1,0.008,no
deleretur,la,1,0.008,no
deleri,la,1,0.008,no
deleverunt,la,1,0.008,no
delevimus,la,1,0.008,no
deliberando,la,1,0.008,no
deliberatione,la,1,0.008,no
deliciosa,la,1,0.008,no
deliciosior,la,1,0.008,no
delicti,la,1,0.008,no
delictorum,la,1,0.008,no
delictum,la,1,0.008,no
deligendi,la,1,0.008,no
deligerent,la,1,0.008,no
deligerentur,la,1,0.008,no
deligi,la,1,0.008,no
delineret,la,1,0.008,no
deliniri,la,1,0.008,no
delinquerint,la,1,0.008,no
delitescentes,la,1,0.008,no
delitescere,la,1,0.008,no
delitijs,la,1,0.008,no
delubra,la,1,0.008,no
delubri,la,1,0.008,no
delubro,la,1,0.008,no
delubrum,la,1,0.008,no
delum,la,1,0.008,no
delusi,la,1,0.008,no
delusis,la,1,0.008,no
demandasset,la,1,0.008,no
demandavit,la,1,0.008,no
demandetur,la,1,0.008,no
dementabat,la,1,0.008,no
dementandos,la,1,0.008,no
dementarat,la,1,0.008,no
dementator,la,1,0.008,no
demersa,la,1,0.008,no
demigrarunt,la,1,0.008,no
demissae,la,1,0.008,no
demissi,la,1,0.008,no
demissionem,la,1,0.008,no
demisso,la,1,0.008,no
demissorum,la,1,0.008,no
demittebat,la,1,0.008,no
demittunt,la,1,0.008,no
demoliti,la,1,0.008,no
demolitur,la,1,0.008,no
demon,la,1,0.008,no
demonibus,la,1,0.008,no
demonii,la,1,0.008,no
demonstrabat,la,1,0.008,no
demonstrant,la,1,0.008,no
demonstrare,la,1,0.008,no
demonstrari,la,1,0.008,no
demonstrat,la,1,0.008,no
demonstraturus,la,1,0.008,no
demonstrauimus,la,1,0.008,no
demonum,la,1,0.008,no
dęmonum,la,1,0.008,no
demorante,la,1,0.008,no
demorari,la,1,0.008,no
demorati,la,1,0.008,no
demoravimus,la,1,0.008,no
demortui,la,1,0.008,no
demortuis,la,1,0.008,no
demortuo,la,1,0.008,no
demortuus,la,1,0.008,no
demulceret,la,1,0.008,no
demulcet,la,1,0.008,no
den,la,1,0.008,no
denegamus,la,1,0.008,no
denegante,la,1,0.008,no
denegantes,la,1,0.008,no
denegari,la,1,0.008,no
denegationem,la,1,0.008,no
denegaturum,la,1,0.008,no
denegaverimus,la,1,0.008,no
denegavimus,la,1,0.008,no
denegetur,la,1,0.008,no
deniquae,la,1,0.008,no
densissimas,la,1,0.008,no
densissimis,la,1,0.008,no
dent,la,1,0.008,no
dentur,la,1,0.008,no
denudaverat,la,1,0.008,no
denunciatum,la,1,0.008,no
denuntiant,la,1,0.008,no
deor,la,1,0.008,no
deorsum,la,1,0.008,no
deosculanda,la,1,0.008,no
deosculantur,la,1,0.008,no
dependeat,la,1,0.008,no
dependente,la,1,0.008,no
deperdito,la,1,0.008,no
depicta,la,1,0.008,no
depicto,la,1,0.008,no
depingere,la,1,0.008,no
deplorandam,la,1,0.008,no
deplorandis,la,1,0.008,no
depois,pt,1,0.008,no
deponam,la,1,0.008,no
deponentes,la,1,0.008,no
deponerent,la,1,0.008,no
deponunt,la,1,0.008,no
depopulantur,la,1,0.008,no
depor,la,1,0.008,no
deport,la,1,0.008,no
deportabat,la,1,0.008,no
deportaret,la,1,0.008,no
deposcat,la,1,0.008,no
depositurum,la,1,0.008,no
deposuerat,la,1,0.008,no
deposuerunt,la,1,0.008,no
deposuissent,la,1,0.008,no
depraedatio,la,1,0.008,no
deprauata,la,1,0.008,no
deprauatas,la,1,0.008,no
deprauato,la,1,0.008,no
deprauatus,la,1,0.008,no
depre,la,1,0.008,no
deprecantes,la,1,0.008,no
deprecari,la,1,0.008,no
deprecatores,la,1,0.008,no
deprehendatur,la,1,0.008,no
deprehendebat,la,1,0.008,no
deprehenderentque,la,1,0.008,no
deprehendetis,la,1,0.008,no
deprehendi,la,1,0.008,no
deprehensos,la,1,0.008,no
depressum,la,1,0.008,no
depugnans,la,1,0.008,no
deputantur,la,1,0.008,no
derelictis,la,1,0.008,no
derelictum,la,1,0.008,no
derelictus,la,1,0.008,no
derentur,la,1,0.008,no
derepentè,la,1,0.008,no
derisum,la,1,0.008,no
derivandi,la,1,0.008,no
derivaremus,la,1,0.008,no
derogabat,la,1,0.008,no
derogatione,la,1,0.008,no
derunt,la,1,0.008,no
desaevire,la,1,0.008,no
desaeviret,la,1,0.008,no
descalzos,es,1,0.008,no
descendebat,la,1,0.008,no
descenderat,la,1,0.008,no
descendere,la,1,0.008,no
descendisse,la,1,0.008,no
descendunt,la,1,0.008,no
describenda,la,1,0.008,no
describetur,la,1,0.008,no
describi,la,1,0.008,no
describuntur,la,1,0.008,no
descripsi,la,1,0.008,no
descripsit,la,1,0.008,no
descriptio,la,1,0.008,no
descriptione,la,1,0.008,no
descriptionem,la,1,0.008,no
descriptus,la,1,0.008,no
deserant,la,1,0.008,no
deserbuisset,la,1,0.008,no
deserenda,la,1,0.008,no
deserendi,la,1,0.008,no
desererent,la,1,0.008,no
deserti,la,1,0.008,no
desertus,la,1,0.008,no
deserverant,la,1,0.008,no
deshonorem,la,1,0.008,no
desideramus,la,1,0.008,no
desiderans,la,1,0.008,no
desiderant,la,1,0.008,no
desiderantesque,la,1,0.008,no
desiderantis,la,1,0.008,no
desiderarentur,la,1,0.008,no
desiderarunt,la,1,0.008,no
desiderat,la,1,0.008,no
desideratae,la,1,0.008,no
desideret,la,1,0.008,no
desiderii,la,1,0.008,no
desideriis,la,1,0.008,no
desiderioque,la,1,0.008,no
designabit,la,1,0.008,no
designamus,la,1,0.008,no
designarat,la,1,0.008,no
designaret,la,1,0.008,no
designasset,la,1,0.008,no
designatis,la,1,0.008,no
designato,la,1,0.008,no
designatum,la,1,0.008,no
designavit,la,1,0.008,no
desinam,la,1,0.008,no
desinens,la,1,0.008,no
desinere,la,1,0.008,no
desineret,la,1,0.008,no
desinunt,la,1,0.008,no
desiturum,la,1,0.008,no
despachos,es,1,0.008,no
despectis,la,1,0.008,no
despectum,la,1,0.008,no
despedidos,pt,1,0.008,no
desperamus,la,1,0.008,no
desperarent,la,1,0.008,no
desperarit,la,1,0.008,no
desperassent,la,1,0.008,no
desperata,la,1,0.008,no
desperatio,la,1,0.008,no
desperatis,la,1,0.008,no
desperent,la,1,0.008,no
despicitis,la,1,0.008,no
desponderi,la,1,0.008,no
desponsavit,la,1,0.008,no
dessiderant,la,1,0.008,no
dessiderat,la,1,0.008,no
dessignatos,la,1,0.008,no
destinantur,la,1,0.008,no
destinarant,la,1,0.008,no
destinaret,la,1,0.008,no
destinari,la,1,0.008,no
destinasse,la,1,0.008,no
destinatis,la,1,0.008,no
destinatos,la,1,0.008,no
destinauit,la,1,0.008,no
destinentur,la,1,0.008,no
destinet,la,1,0.008,no
destituantur,la,1,0.008,no
destituit,la,1,0.008,no
destitutam,la,1,0.008,no
destitutis,la,1,0.008,no
destitutum,la,1,0.008,no
destrahere,la,1,0.008,no
destruat,la,1,0.008,no
destruclio,la,1,0.008,no
destructione,la,1,0.008,no
destructores,la,1,0.008,no
destruenda,la,1,0.008,no
destrueretur,la,1,0.008,no
destruuere,la,1,0.008,no
destruxerunt,la,1,0.008,no
destruximus,la,1,0.008,no
destruxit,la,1,0.008,no
desuetudo,la,1,0.008,no
desumpsi,la,1,0.008,no
detecta,la,1,0.008,no
detectis,la,1,0.008,no
detegenda,la,1,0.008,no
detegendo,la,1,0.008,no
detegere,la,1,0.008,no
detegeret,la,1,0.008,no
detegit,la,1,0.008,no
detenta,la,1,0.008,no
detenti,la,1,0.008,no
detentus,la,1,0.008,no
deteriores,la,1,0.008,no
deterius,la,1,0.008,no
determinaitonibus,la,1,0.008,no
determinandas,la,1,0.008,no
determinata,la,1,0.008,no
determinatione,la,1,0.008,no
deterreren,la,1,0.008,no
deterreret,la,1,0.008,no
deterriti,la,1,0.008,no
detersa,la,1,0.008,no
detestandum,la,1,0.008,no
detestantes,la,1,0.008,no
detestare,la,1,0.008,no
detestatio,la,1,0.008,no
detestatur,la,1,0.008,no
detineant,la,1,0.008,no
detineat,la,1,0.008,no
detinent,la,1,0.008,no
detineret,la,1,0.008,no
detinet,la,1,0.008,no
detinetur,la,1,0.008,no
detinuêre,la,1,0.008,no
detinuit,la,1,0.008,no
detis,la,1,0.008,no
detracta,la,1,0.008,no
detrahas,la,1,0.008,no
detrahere,la,1,0.008,no
detrahi,la,1,0.008,no
detrahitur,la,1,0.008,no
detrectandi,la,1,0.008,no
detrectantibus,la,1,0.008,no
detrectat,la,1,0.008,no
detrectavit,la,1,0.008,no
detrimenti,la,1,0.008,no
detrimentis,la,1,0.008,no
detruderet,la,1,0.008,no
detrusa,la,1,0.008,no
detrusi,la,1,0.008,no
detrusit,la,1,0.008,no
detulerant,la,1,0.008,no
detulisset,la,1,0.008,no
detur,la,1,0.008,no
deturbari,la,1,0.008,no
deturbatus,la,1,0.008,no
deturpabantur,la,1,0.008,no
deturpatur,la,1,0.008,no
deuenerint,la,1,0.008,no
deuinxerat,la,1,0.008,no
deuitarentur,la,1,0.008,no
deuitemus,la,1,0.008,no
deuitet,la,1,0.008,no
deuolarunt,la,1,0.008,no
deuorabit,la,1,0.008,no
deuoratis,la,1,0.008,no
devastans,la,1,0.008,no
devastatrices,la,1,0.008,no
devastavit,la,1,0.008,no
devenerat,la,1,0.008,no
devenisse,la,1,0.008,no
deventuram,la,1,0.008,no
deviantes,la,1,0.008,no
devictos,la,1,0.008,no
devinctos,la,1,0.008,no
devinxit,la,1,0.008,no
devolvantur,la,1,0.008,no
devorarat,la,1,0.008,no
devorari,la,1,0.008,no
devotio,la,1,0.008,no
devotionem,la,1,0.008,no
devotionum,la,1,0.008,no
devotis,la,1,0.008,no
devotus,la,1,0.008,no
dextrè,la,1,0.008,no
dextrum,la,1,0.008,no
diabolicas,la,1,0.008,no
diabolicis,la,1,0.008,no
diabolo,la,1,0.008,no
diaecesis,la,1,0.008,no
dialogum,la,1,0.008,no
dialogus,la,1,0.008,no
diametro,la,1,0.008,no
dianam,la,1,0.008,no
dicare,la,1,0.008,no
dicati,la,1,0.008,no
dicatur,la,1,0.008,no
dicebam,la,1,0.008,no
dicebamus,la,1,0.008,no
dicebant,la,1,0.008,no
dicent,la,1,0.008,no
dicentibus,la,1,0.008,no
dicentis,la,1,0.008,no
diceretque,la,1,0.008,no
diceretur,la,1,0.008,no
dicha,es,1,0.008,no
dictabat,la,1,0.008,no
dictante,la,1,0.008,no
dictat,la,1,0.008,no
dictione,la,1,0.008,no
dictiones,la,1,0.008,no
dictioni,la,1,0.008,no
dictitantes,la,1,0.008,no
dictitarunt,la,1,0.008,no
dictoque,la,1,0.008,no
dictor,la,1,0.008,no
dictu,la,1,0.008,no
dicturus,la,1,0.008,no
dicum,la,1,0.008,no
didecus,la,1,0.008,no
didicerat,la,1,0.008,no
didicerit,la,1,0.008,no
didicimus,la,1,0.008,no
didicit,la,1,0.008,no
dido,la,1,0.008,no
dierit,la,1,0.008,no
differatis,la,1,0.008,no
differens,la,1,0.008,no
differentes,la,1,0.008,no
differentur,la,1,0.008,no
differere,la,1,0.008,no
differre,la,1,0.008,no
difficilem,la,1,0.008,no
difficilia,la,1,0.008,no
difficiliora,la,1,0.008,no
difficiliorem,la,1,0.008,no
difficiliores,la,1,0.008,no
difficilioribus,la,1,0.008,no
difficilius,la,1,0.008,no
difficultant,la,1,0.008,no
difficultatésque,la,1,0.008,no
difficultatum,la,1,0.008,no
diffinienda,la,1,0.008,no
difflueret,la,1,0.008,no
diffugiant,la,1,0.008,no
diffundatur,la,1,0.008,no
diffundentium,la,1,0.008,no
diffunditur,la,1,0.008,no
diffusa,la,1,0.008,no
diffusi,la,1,0.008,no
dificultates,la,1,0.008,no
difuse,la,1,0.008,no
digito,la,1,0.008,no
dignae,la,1,0.008,no
dignam,la,1,0.008,no
dignaretur,la,1,0.008,no
dignas,la,1,0.008,no
dignati,la,1,0.008,no
dignatum,la,1,0.008,no
dignior,la,1,0.008,no
digniori,la,1,0.008,no
dignis,la,1,0.008,no
dignissima,la,1,0.008,no
dignissimam,la,1,0.008,no
dignissimis,la,1,0.008,no
dignissimum,la,1,0.008,no
dignitatum,la,1,0.008,no
dignitatumque,la,1,0.008,no
dignitissim,la,1,0.008,no
digno,la,1,0.008,no
dignoscendi,la,1,0.008,no
dignosceret,la,1,0.008,no
dignumq,la,1,0.008,no
digressos,la,1,0.008,no
digressurus,la,1,0.008,no
dii,la,1,0.008,no
dilabendum,la,1,0.008,no
dilabuntur,la,1,0.008,no
dilaceratae,la,1,0.008,no
dilaceratum,la,1,0.008,no
dilata,la,1,0.008,no
dilatum,la,1,0.008,no
dilecte,la,1,0.008,no
dilecti,la,1,0.008,no
dilectis,la,1,0.008,no
dilectissimis,la,1,0.008,no
dilectos,la,1,0.008,no
dilectus,la,1,0.008,no
diligamus,la,1,0.008,no
diligant,la,1,0.008,no
diligendum,la,1,0.008,no
diligendus,la,1,0.008,no
diligens,la,1,0.008,no
diligenti,la,1,0.008,no
diligentiaque,la,1,0.008,no
diligentias,la,1,0.008,no
diligentibus,la,1,0.008,no
diligentissimus,la,1,0.008,no
diligentius,la,1,0.008,no
diligentiùs,la,1,0.008,no
diligimus,la,1,0.008,no
dilucescat,la,1,0.008,no
dilucesceret,la,1,0.008,no
diluvio,la,1,0.008,no
dimanant,la,1,0.008,no
dimanavit,la,1,0.008,no
dimicans,la,1,0.008,no
dimicassent,la,1,0.008,no
dimicaturos,la,1,0.008,no
dimidia,la,1,0.008,no
dimidietas,la,1,0.008,no
dimidii,la,1,0.008,no
diminuta,la,1,0.008,no
diminutionem,la,1,0.008,no
dimiratur,la,1,0.008,no
dimiratus,la,1,0.008,no
dimiserunt,la,1,0.008,no
dimissa,la,1,0.008,no
dimissio,la,1,0.008,no
dimissis,la,1,0.008,no
dimittat,la,1,0.008,no
dimittebant,la,1,0.008,no
dimittebat,la,1,0.008,no
dimittentes,la,1,0.008,no
dimitterent,la,1,0.008,no
dimitteret,la,1,0.008,no
dimoveri,la,1,0.008,no
dio,la,1,0.008,no
dioecesis,la,1,0.008,no
diplomatibus,la,1,0.008,no
diq,la,1,0.008,no
dirae,la,1,0.008,no
diram,la,1,0.008,no
directae,la,1,0.008,no
directe,la,1,0.008,no
directionemque,la,1,0.008,no
directus,la,1,0.008,no
direptas,la,1,0.008,no
direxerant,la,1,0.008,no
direxit,la,1,0.008,no
dirigente,la,1,0.008,no
dirigerent,la,1,0.008,no
dirigimur,la,1,0.008,no
dirigunt,la,1,0.008,no
dirimendi,la,1,0.008,no
dirimitur,la,1,0.008,no
dirioraq,la,1,0.008,no
diripiat,la,1,0.008,no
diripiebat,la,1,0.008,no
diripuerunt,la,1,0.008,no
diris,la,1,0.008,no
dirisque,la,1,0.008,no
dirissimus,la,1,0.008,no
dirius,la,1,0.008,no
diro,la,1,0.008,no
diruendis,la,1,0.008,no
diruerentur,la,1,0.008,no
dirum,la,1,0.008,no
dirus,la,1,0.008,no
diruta,la,1,0.008,no
dirutis,la,1,0.008,no
disaph,la,1,0.008,no
discant,la,1,0.008,no
discedat,la,1,0.008,no
discedebant,la,1,0.008,no
discedebat,la,1,0.008,no
discedent,la,1,0.008,no
discedentibus,la,1,0.008,no
discederemus,la,1,0.008,no
discederet,la,1,0.008,no
discederunt,la,1,0.008,no
discedet,la,1,0.008,no
discenda,la,1,0.008,no
discendendi,la,1,0.008,no
disceptatione,la,1,0.008,no
disceptationi,la,1,0.008,no
discernerent,la,1,0.008,no
disces,la,1,0.008,no
discesimus,la,1,0.008,no
discesser,la,1,0.008,no
discesserat,la,1,0.008,no
discessere,la,1,0.008,no
discesserunt,la,1,0.008,no
discessi,la,1,0.008,no
discessimus,la,1,0.008,no
discessisse,la,1,0.008,no
discessu,la,1,0.008,no
discessurus,la,1,0.008,no
discessus,la,1,0.008,no
discinderentur,la,1,0.008,no
disciplinae,la,1,0.008,no
disciplinam,la,1,0.008,no
discipulo,la,1,0.008,no
discipulos,la,1,0.008,no
disclusas,la,1,0.008,no
discordes,la,1,0.008,no
discordia,la,1,0.008,no
discordiis,la,1,0.008,no
discrepante,la,1,0.008,no
discrete,la,1,0.008,no
discretionis,la,1,0.008,no
discurrimus,la,1,0.008,no
discurro,la,1,0.008,no
discurrunt,la,1,0.008,no
discussione,la,1,0.008,no
discussis,la,1,0.008,no
discussit,la,1,0.008,no
discutiat,la,1,0.008,no
discutiendae,la,1,0.008,no
disensio,la,1,0.008,no
disiecta,la,1,0.008,no
disiiciendis,la,1,0.008,no
disiicientes,la,1,0.008,no
disimulationem,la,1,0.008,no
disiuncta,la,1,0.008,no
disiunctam,la,1,0.008,no
disiunctum,la,1,0.008,no
disjuncti,la,1,0.008,no
dispar,la,1,0.008,no
disparitatem,la,1,0.008,no
dispensandi,la,1,0.008,no
dispensantur,la,1,0.008,no
dispensare,la,1,0.008,no
dispensaret,la,1,0.008,no
dispensaretis,la,1,0.008,no
dispensatione,la,1,0.008,no
dispensationem,la,1,0.008,no
dispensationi,la,1,0.008,no
dispensatores,la,1,0.008,no
dispersae,la,1,0.008,no
disperse,la,1,0.008,no
dispersione,la,1,0.008,no
dispersum,la,1,0.008,no
dispertiam,la,1,0.008,no
displicere,la,1,0.008,no
displiceret,la,1,0.008,no
displicet,la,1,0.008,no
dispones,la,1,0.008,no
disponet,la,1,0.008,no
disponit,la,1,0.008,no
disponsuit,la,1,0.008,no
dispositi,la,1,0.008,no
dispositiones,la,1,0.008,no
dispositioni,la,1,0.008,no
dispositionibus,la,1,0.008,no
disposuerunt,la,1,0.008,no
disputatio,la,1,0.008,no
disputatione,la,1,0.008,no
disputationem,la,1,0.008,no
disputationibus,la,1,0.008,no
disputauimus,la,1,0.008,no
disputavi,la,1,0.008,no
disputo,la,1,0.008,no
dissecta,la,1,0.008,no
dissecuerunt,la,1,0.008,no
dissecuisse,la,1,0.008,no
dissecuit,la,1,0.008,no
disseminandi,la,1,0.008,no
disseminavit,la,1,0.008,no
dissensio,la,1,0.008,no
dissensionis,la,1,0.008,no
dissentire,la,1,0.008,no
disserendum,la,1,0.008,no
disserens,la,1,0.008,no
disseruerint,la,1,0.008,no
disseruimus,la,1,0.008,no
dissideb,la,1,0.008,no
dissidenti,la,1,0.008,no
dissiderent,la,1,0.008,no
dissidet,la,1,0.008,no
dissimulabant,la,1,0.008,no
dissimulata,la,1,0.008,no
dissimulatione,la,1,0.008,no
dissimulato,la,1,0.008,no
dissipatum,la,1,0.008,no
dissoluetur,la,1,0.008,no
dissolui,la,1,0.008,no
dissoluunt,la,1,0.008,no
dissolvendi,la,1,0.008,no
dissolveret,la,1,0.008,no
dissolveretur,la,1,0.008,no
distabant,la,1,0.008,no
distabat,la,1,0.008,no
distare,la,1,0.008,no
distaret,la,1,0.008,no
distenti,la,1,0.008,no
distincta,la,1,0.008,no
distinctionibus,la,1,0.008,no
distinctis,la,1,0.008,no
distinctus,la,1,0.008,no
distinguant,la,1,0.008,no
distingui,la,1,0.008,no
distintis,la,1,0.008,no
distractas,la,1,0.008,no
distribuam,la,1,0.008,no
distribuebat,la,1,0.008,no
distribuendam,la,1,0.008,no
distribuerat,la,1,0.008,no
distribui,la,1,0.008,no
distributae,la,1,0.008,no
distributis,la,1,0.008,no
distributos,la,1,0.008,no
distributum,la,1,0.008,no
distribuunt,la,1,0.008,no
districtam,la,1,0.008,no
districte,la,1,0.008,no
districtis,la,1,0.008,no
distringere,la,1,0.008,no
disturbata,la,1,0.008,no
disturbatas,la,1,0.008,no
ditas,la,1,0.008,no
ditatos,la,1,0.008,no
ditio,la,1,0.008,no
dition,la,1,0.008,no
ditior,la,1,0.008,no
ditissimas,la,1,0.008,no
ditissimis,la,1,0.008,no
ditissimos,la,1,0.008,no
ditissimus,la,1,0.008,no
diua,la,1,0.008,no
diuelli,la,1,0.008,no
diuersitate,la,1,0.008,no
diuinaram,la,1,0.008,no
diuinarum,la,1,0.008,no
diuinę,la,1,0.008,no
diuinissimam,la,1,0.008,no
diuinitas,la,1,0.008,no
diuino,la,1,0.008,no
diuitem,la,1,0.008,no
diuitia,la,1,0.008,no
diuitiarum,la,1,0.008,no
diuitias,la,1,0.008,no
diuitiis,la,1,0.008,no
diuq,la,1,0.008,no
diurnisque,la,1,0.008,no
diuturnam,la,1,0.008,no
diuturnis,la,1,0.008,no
diuturno,la,1,0.008,no
diuulsi,la,1,0.008,no
divell,la,1,0.008,no
divellendus,la,1,0.008,no
divenditis,la,1,0.008,no
diverberandis,la,1,0.008,no
diverberarit,la,1,0.008,no
diverberatione,la,1,0.008,no
diverberationem,la,1,0.008,no
diversabantur,la,1,0.008,no
diversaretur,la,1,0.008,no
diversimoda,la,1,0.008,no
diversorium,la,1,0.008,no
diversus,la,1,0.008,no
diverterant,la,1,0.008,no
divexaret,la,1,0.008,no
divexebat,la,1,0.008,no
dividendos,la,1,0.008,no
dividendum,la,1,0.008,no
dividet,la,1,0.008,no
dividit,la,1,0.008,no
divinaeque,la,1,0.008,no
divinaque,la,1,0.008,no
divinarum,la,1,0.008,no
divinas,la,1,0.008,no
divinior,la,1,0.008,no
divinorum,la,1,0.008,no
divis,la,1,0.008,no
divisam,la,1,0.008,no
diviserunt,la,1,0.008,no
divisionem,la,1,0.008,no
diviso,la,1,0.008,no
divisus,la,1,0.008,no
divit,la,1,0.008,no
divitas,la,1,0.008,no
divortio,la,1,0.008,no
divortium,la,1,0.008,no
divulgabatur,la,1,0.008,no
divulgata,la,1,0.008,no
divulgatum,la,1,0.008,no
divulti,la,1,0.008,no
divum,la,1,0.008,no
dixere,la,1,0.008,no
dixeruntque,la,1,0.008,no
doceamur,la,1,0.008,no
docebat,la,1,0.008,no
docemur,la,1,0.008,no
docemus,la,1,0.008,no
docente,la,1,0.008,no
docentes,la,1,0.008,no
docerem,la,1,0.008,no
docerentur,la,1,0.008,no
doceret,la,1,0.008,no
doces,la,1,0.008,no
docetis,la,1,0.008,no
docte,la,1,0.008,no
doctè,la,1,0.008,no
doctioribus,la,1,0.008,no
doctis,la,1,0.008,no
doctissimamque,la,1,0.008,no
doctissimas,la,1,0.008,no
doctissimorum,la,1,0.008,no
doctoris,la,1,0.008,no
doctrinâ,la,1,0.008,no
doctrinarum,la,1,0.008,no
doctrine,la,1,0.008,no
doctrinę,la,1,0.008,no
doctus,la,1,0.008,no
docui,la,1,0.008,no
documentis,la,1,0.008,no
dogicus,pt,1,0.008,no
dogmate,la,1,0.008,no
dojicos,la,1,0.008,no
dojicus,la,1,0.008,no
dolente,la,1,0.008,no
dolenter,la,1,0.008,no
dolentibus,la,1,0.008,no
dolere,la,1,0.008,no
dolerent,la,1,0.008,no
dolio,la,1,0.008,no
dolo,la,1,0.008,no
doloreque,la,1,0.008,no
dolos,la,1,0.008,no
dolosi,la,1,0.008,no
doluerunt,la,1,0.008,no
dolum,la,1,0.008,no
dolus,la,1,0.008,no
dom,la,1,0.008,no
domare,la,1,0.008,no
domari,la,1,0.008,no
domesticae,la,1,0.008,no
domestici,la,1,0.008,no
domestico,la,1,0.008,no
domesticorum,la,1,0.008,no
domesticos,la,1,0.008,no
domicilio,la,1,0.008,no
dominabatur,la,1,0.008,no
dominantium,la,1,0.008,no
dominantur,la,1,0.008,no
dominaretur,la,1,0.008,no
dominationem,la,1,0.008,no
dominationis,la,1,0.008,no
dominatus,la,1,0.008,no
dominibus,la,1,0.008,no
dominicae,la,1,0.008,no
dominicanae,la,1,0.008,no
dominicarium,la,1,0.008,no
dominicarius,la,1,0.008,no
dominice,la,1,0.008,no
dominici,la,1,0.008,no
dominicis,la,1,0.008,no
dominico,la,1,0.008,no
dominiis,la,1,0.008,no
dominiorum,la,1,0.008,no
dominosque,la,1,0.008,no
domisilium,la,1,0.008,no
domisticis,la,1,0.008,no
domumq,la,1,0.008,no
domunquem,la,1,0.008,no
domusq,la,1,0.008,no
don,la,1,0.008,no
donando,la,1,0.008,no
donandum,la,1,0.008,no
donarentur,la,1,0.008,no
donari,la,1,0.008,no
donarint,la,1,0.008,no
donatam,la,1,0.008,no
donati,la,1,0.008,no
donauit,la,1,0.008,no
donaverat,la,1,0.008,no
donde,es,1,0.008,no
dongo,la,1,0.008,no
donorum,la,1,0.008,no
dormitionem,la,1,0.008,no
dorso,la,1,0.008,no
dotari,la,1,0.008,no
dote,la,1,0.008,no
draconem,la,1,0.008,no
draconi,la,1,0.008,no
du,la,1,0.008,no
duabusque,la,1,0.008,no
duabúsque,la,1,0.008,no
duarte,la,1,0.008,no
duarum,la,1,0.008,no
dubiae,la,1,0.008,no
dubiáque,la,1,0.008,no
dubie,la,1,0.008,no
dubij,la,1,0.008,no
dubijs,la,1,0.008,no
dubitabatur,la,1,0.008,no
dubitamus,la,1,0.008,no
dubitan,la,1,0.008,no
dubitandi,la,1,0.008,no
dubitaremus,la,1,0.008,no
dubitari,la,1,0.008,no
dubitarint,la,1,0.008,no
dubitarit,la,1,0.008,no
dubitarunt,la,1,0.008,no
dubitationem,la,1,0.008,no
dubitationes,la,1,0.008,no
dubitavit,la,1,0.008,no
dubitem,la,1,0.008,no
dubitemus,la,1,0.008,no
dubiusq,la,1,0.008,no
duc,la,1,0.008,no
ducant,la,1,0.008,no
ducantur,la,1,0.008,no
ducata,la,1,0.008,no
ducatos,la,1,0.008,no
ducatur,la,1,0.008,no
ducendam,la,1,0.008,no
ducente,la,1,0.008,no
ducenties,la,1,0.008,no
ducentis,la,1,0.008,no
ducentorum,la,1,0.008,no
ducentum,la,1,0.008,no
ducentur,la,1,0.008,no
duceret,la,1,0.008,no
ducesque,la,1,0.008,no
ducimur,la,1,0.008,no
ducimus,la,1,0.008,no
ducitis,la,1,0.008,no
duco,la,1,0.008,no
ductabat,la,1,0.008,no
ductas,la,1,0.008,no
ductoribus,la,1,0.008,no
due,la,1,0.008,no
duȩ,la,1,0.008,no
dulci,la,1,0.008,no
dulcissimo,la,1,0.008,no
dumq,la,1,0.008,no
dumtaxas,la,1,0.008,no
duode,la,1,0.008,no
duodecimo,la,1,0.008,no
duodecimus,la,1,0.008,no
duodennem,la,1,0.008,no
duodennis,la,1,0.008,no
duodetriginta,la,1,0.008,no
duoq,la,1,0.008,no
duplicatam,la,1,0.008,no
duplicatȩ,la,1,0.008,no
duplicem,la,1,0.008,no
dura,la,1,0.008,no
durante,la,1,0.008,no
durantis,la,1,0.008,no
durare,la,1,0.008,no
durarunt,la,1,0.008,no
duraturam,la,1,0.008,no
duraturo,la,1,0.008,no
duriores,la,1,0.008,no
durities,la,1,0.008,no
duro,la,1,0.008,no
durum,la,1,0.008,no
duximus,la,1,0.008,no
dynastias,la,1,0.008,no
dynastis,la,1,0.008,no
dyrrachium,la,1,0.008,no
é,la,1,0.008,no
eâ,la,1,0.008,no
eâdem,la,1,0.008,no
eādem,la,1,0.008,no
eae,la,1,0.008,no
eandemque,la,1,0.008,no
eant,la,1,0.008,no
earumdem,la,1,0.008,no
earumque,la,1,0.008,no
earundem,la,1,0.008,no
eatenus,la,1,0.008,no
eborae,la,1,0.008,no
eccles,la,1,0.008,no
ecclesiastica,la,1,0.008,no
ecclesiastico,la,1,0.008,no
ecclesie,la,1,0.008,no
eclesia,la,1,0.008,no
eclesiastica,la,1,0.008,no
ed,la,1,0.008,no
edent,la,1,0.008,no
edes,la,1,0.008,no
edi,la,1,0.008,no
edicatque,la,1,0.008,no
edicta,la,1,0.008,no
ediderat,la,1,0.008,no
edidere,la,1,0.008,no
edidis,la,1,0.008,no
edifficationem,la,1,0.008,no
edificali,la,1,0.008,no
edificandi,la,1,0.008,no
edificant,la,1,0.008,no
edificarunt,la,1,0.008,no
edificati,la,1,0.008,no
edificationemque,la,1,0.008,no
edificii,la,1,0.008,no
edificio,la,1,0.008,no
ediscunt,la,1,0.008,no
edisseram,la,1,0.008,no
edita,la,1,0.008,no
edito,la,1,0.008,no
edocentes,la,1,0.008,no
edocere,la,1,0.008,no
edocerentur,la,1,0.008,no
edoceri,la,1,0.008,no
edoctos,la,1,0.008,no
educamur,la,1,0.008,no
educantur,la,1,0.008,no
educarunt,la,1,0.008,no
educassent,la,1,0.008,no
educatione,la,1,0.008,no
educationem,la,1,0.008,no
educebantur,la,1,0.008,no
educebat,la,1,0.008,no
educebatur,la,1,0.008,no
educentur,la,1,0.008,no
eeiicitur,la,1,0.008,no
effaeta,la,1,0.008,no
effectam,la,1,0.008,no
effecti,la,1,0.008,no
effective,la,1,0.008,no
efferat,la,1,0.008,no
efferre,la,1,0.008,no
efferrentur,la,1,0.008,no
efficaces,la,1,0.008,no
efficacis,la,1,0.008,no
efficacissimum,la,1,0.008,no
efficactori,la,1,0.008,no
efficerent,la,1,0.008,no
efficiebant,la,1,0.008,no
efficient,la,1,0.008,no
efficientem,la,1,0.008,no
efficientia,la,1,0.008,no
efficies,la,1,0.008,no
efficimur,la,1,0.008,no
efficitur,la,1,0.008,no
effigiem,la,1,0.008,no
effigies,la,1,0.008,no
effinxisse,la,1,0.008,no
efflagitat,la,1,0.008,no
efflagitemus,la,1,0.008,no
efflante,la,1,0.008,no
efflarunt,la,1,0.008,no
effluxerint,la,1,0.008,no
effluxisse,la,1,0.008,no
efformare,la,1,0.008,no
efformari,la,1,0.008,no
efformatis,la,1,0.008,no
effraenis,la,1,0.008,no
effręnatis,la,1,0.008,no
effudisset,la,1,0.008,no
effugere,la,1,0.008,no
effugeret,la,1,0.008,no
effugisse,la,1,0.008,no
effulgentem,la,1,0.008,no
effusa,la,1,0.008,no
effuse,la,1,0.008,no
eflata,la,1,0.008,no
egeat,la,1,0.008,no
egentes,la,1,0.008,no
egentibus,la,1,0.008,no
egenum,la,1,0.008,no
egeret,la,1,0.008,no
egerunt,la,1,0.008,no
egestatem,la,1,0.008,no
egimus,la,1,0.008,no
egisse,la,1,0.008,no
egissent,la,1,0.008,no
egisset,la,1,0.008,no
eglogas,la,1,0.008,no
egre,la,1,0.008,no
egreditur,la,1,0.008,no
egregias,la,1,0.008,no
egressum,la,1,0.008,no
ȩgrotabantur,la,1,0.008,no
ȩgrotantibus,la,1,0.008,no
eie,la,1,0.008,no
eiecerunt,la,1,0.008,no
eiecit,la,1,0.008,no
eiectione,la,1,0.008,no
eiicerentur,la,1,0.008,no
eiiciendis,la,1,0.008,no
eijciat,la,1,0.008,no
eiulatu,la,1,0.008,no
eiurandam,la,1,0.008,no
eiurare,la,1,0.008,no
eiurarent,la,1,0.008,no
eiusd,la,1,0.008,no
eiusdemque,la,1,0.008,no
eiúsque,la,1,0.008,no
ejecit,la,1,0.008,no
ejecti,la,1,0.008,no
ejicerentur,la,1,0.008,no
elabi,la,1,0.008,no
elaborabimus,la,1,0.008,no
elaborare,la,1,0.008,no
elaboratum,la,1,0.008,no
elapsa,la,1,0.008,no
elapsi,la,1,0.008,no
elargiti,la,1,0.008,no
elargitur,la,1,0.008,no
elati,la,1,0.008,no
elatis,la,1,0.008,no
electis,la,1,0.008,no
electores,la,1,0.008,no
eleemosina,la,1,0.008,no
eleemosinae,la,1,0.008,no
eleemosynarum,la,1,0.008,no
elegans,la,1,0.008,no
elegantem,la,1,0.008,no
eleganter,la,1,0.008,no
eleganti,la,1,0.008,no
elegantia,la,1,0.008,no
elegantissimi,la,1,0.008,no
elegerint,la,1,0.008,no
elegi,la,1,0.008,no
elegiis,la,1,0.008,no
elemento,la,1,0.008,no
elemosina,la,1,0.008,no
elemosinis,la,1,0.008,no
elephantorum,la,1,0.008,no
eleutheropolis,la,1,0.008,no
elevari,la,1,0.008,no
elevetur,la,1,0.008,no
eliciendam,la,1,0.008,no
elicuit,la,1,0.008,no
eligendi,la,1,0.008,no
eligendorum,la,1,0.008,no
eligerent,la,1,0.008,no
eligerentur,la,1,0.008,no
eligeret,la,1,0.008,no
eligitur,la,1,0.008,no
elimosinas,la,1,0.008,no
eliodorum,la,1,0.008,no
eliopolitano,la,1,0.008,no
elocutione,la,1,0.008,no
elogiorum,la,1,0.008,no
eloquentissimus,la,1,0.008,no
eluceat,la,1,0.008,no
elucet,la,1,0.008,no
eluctaretur,la,1,0.008,no
eludere,la,1,0.008,no
eluderet,la,1,0.008,no
eluisset,la,1,0.008,no
eluserunt,la,1,0.008,no
elusit,la,1,0.008,no
elutos,la,1,0.008,no
elymosina,la,1,0.008,no
emanassent,la,1,0.008,no
emanatam,la,1,0.008,no
emanatas,la,1,0.008,no
emanatio,la,1,0.008,no
emanatum,la,1,0.008,no
emanoel,la,1,0.008,no
emanuelis,la,1,0.008,no
emebat,la,1,0.008,no
emendandae,la,1,0.008,no
emendationeque,la,1,0.008,no
emenso,la,1,0.008,no
ementes,la,1,0.008,no
emer,la,1,0.008,no
emere,la,1,0.008,no
emergente,la,1,0.008,no
emerunt,la,1,0.008,no
emineat,la,1,0.008,no
eminentissimam,la,1,0.008,no
eminentissimis,la,1,0.008,no
eminentissimorum,la,1,0.008,no
eminentissimum,la,1,0.008,no
emis,la,1,0.008,no
emiserant,la,1,0.008,no
emiserat,la,1,0.008,no
emisere,la,1,0.008,no
emiserint,la,1,0.008,no
emissarius,la,1,0.008,no
emisse,la,1,0.008,no
emisserunt,la,1,0.008,no
emissi,la,1,0.008,no
emissio,la,1,0.008,no
emissionem,la,1,0.008,no
emissionis,la,1,0.008,no
emississes,la,1,0.008,no
emissistis,la,1,0.008,no
emissit,la,1,0.008,no
emissos,la,1,0.008,no
emittebant,la,1,0.008,no
emittenda,la,1,0.008,no
emitterem,la,1,0.008,no
emmanuelem,la,1,0.008,no
emollitum,la,1,0.008,no
emollivit,la,1,0.008,no
emolumenti,la,1,0.008,no
emori,la,1,0.008,no
emotae,la,1,0.008,no
emphiteuticis,la,1,0.008,no
emphiteuticum,la,1,0.008,no
emporio,la,1,0.008,no
emptionem,la,1,0.008,no
emptionibus,la,1,0.008,no
empto,la,1,0.008,no
emptor,la,1,0.008,no
empyreum,la,1,0.008,no
emulorum,la,1,0.008,no
enarrare,la,1,0.008,no
enarratas,la,1,0.008,no
enarratis,la,1,0.008,no
enarravi,la,1,0.008,no
encarnacion,la,1,0.008,no
endas,la,1,0.008,no
enecat,la,1,0.008,no
energumenis,la,1,0.008,no
energumenos,la,1,0.008,no
enixa,la,1,0.008,no
enorme,la,1,0.008,no
enriquez,la,1,0.008,no
enumeravimus,la,1,0.008,no
enumerem,la,1,0.008,no
enunciabant,la,1,0.008,no
enunciarent,la,1,0.008,no
enunciatę,la,1,0.008,no
eorumdem,la,1,0.008,no
eorummet,la,1,0.008,no
eorumq,la,1,0.008,no
eosque,la,1,0.008,no
eousq,la,1,0.008,no
ephebos,la,1,0.008,no
ephesum,la,1,0.008,no
ephippia,la,1,0.008,no
ephippium,la,1,0.008,no
epiri,la,1,0.008,no
episc,la,1,0.008,no
episcopali,la,1,0.008,no
episcopatus,la,1,0.008,no
episcopis,la,1,0.008,no
episcoporum,la,1,0.008,no
epistolȩ,la,1,0.008,no
epistoliúmque,la,1,0.008,no
epistula,la,1,0.008,no
epitome,la,1,0.008,no
epulabatur,la,1,0.008,no
epulo,la,1,0.008,no
equari,la,1,0.008,no
equinae,la,1,0.008,no
equino,la,1,0.008,no
ęquissimis,la,1,0.008,no
equitandi,la,1,0.008,no
equitando,la,1,0.008,no
equitant,la,1,0.008,no
ęquitate,la,1,0.008,no
equitaturis,la,1,0.008,no
equitatus,la,1,0.008,no
equitem,la,1,0.008,no
equitesque,la,1,0.008,no
equum,la,1,0.008,no
eradicant,la,1,0.008,no
erasmi,la,1,0.008,no
eratque,la,1,0.008,no
erátque,la,1,0.008,no
ere,la,1,0.008,no
erebo,la,1,0.008,no
erectus,la,1,0.008,no
eremitis,la,1,0.008,no
erens,la,1,0.008,no
erepti,la,1,0.008,no
erexerat,la,1,0.008,no
erexitque,la,1,0.008,no
ergò,la,1,0.008,no
eri,la,1,0.008,no
erigendis,la,1,0.008,no
erigerendo,la,1,0.008,no
erigerent,la,1,0.008,no
erigi,la,1,0.008,no
erigunt,la,1,0.008,no
eripere,la,1,0.008,no
eripiant,la,1,0.008,no
eripiat,la,1,0.008,no
eripiendum,la,1,0.008,no
eripuit,la,1,0.008,no
ero,la,1,0.008,no
erogans,la,1,0.008,no
errantes,la,1,0.008,no
erraremus,la,1,0.008,no
errata,la,1,0.008,no
erratorum,la,1,0.008,no
erravi,la,1,0.008,no
erroneo,la,1,0.008,no
error,la,1,0.008,no
errore,la,1,0.008,no
erudiantur,la,1,0.008,no
erudiatur,la,1,0.008,no
erudiendi,la,1,0.008,no
erudiendis,la,1,0.008,no
erudierint.quorum,la,1,0.008,no
erudiri,la,1,0.008,no
erudit,la,1,0.008,no
erudite,la,1,0.008,no
eruditè,la,1,0.008,no
eruditione,la,1,0.008,no
eruditionis,la,1,0.008,no
eruditis,la,1,0.008,no
erudiunt,la,1,0.008,no
erugo,la,1,0.008,no
erumnis,la,1,0.008,no
erumpens,la,1,0.008,no
erumpunt,la,1,0.008,no
eruperunt,la,1,0.008,no
esca,la,1,0.008,no
escam,la,1,0.008,no
escis,la,1,0.008,no
escreveo,pt,1,0.008,no
esculenta,la,1,0.008,no
espuo,la,1,0.008,no
essens,la,1,0.008,no
essentialem,la,1,0.008,no
esseque,la,1,0.008,no
esses,la,1,0.008,no
estas,la,1,0.008,no
estate,la,1,0.008,no
este,es,1,0.008,yes
esterna,la,1,0.008,no
estes,es,1,0.008,no
estevan,la,1,0.008,no
esteve,la,1,0.008,no
estimati,la,1,0.008,no
estos,es,1,0.008,no
estris,la,1,0.008,no
estructa,la,1,0.008,no
eta,la,1,0.008,no
etate,la,1,0.008,no
ęternę,la,1,0.008,no
ȩternis,la,1,0.008,no
ethil,la,1,0.008,no
ethiopia,la,1,0.008,no
ethnico,la,1,0.008,no
ethnicorumque,la,1,0.008,no
ethnicu,la,1,0.008,no
ethnicum,la,1,0.008,no
ethymologia,la,1,0.008,no
ethyopia,la,1,0.008,no
eti,la,1,0.008,no
etiamest,la,1,0.008,no
etyopem,la,1,0.008,no
etyopibus,la,1,0.008,no
euadere,la,1,0.008,no
euangelicae,la,1,0.008,no
euboeam,la,1,0.008,no
eucharestiae,la,1,0.008,no
eucharistia,la,1,0.008,no
eucharistiae,la,1,0.008,no
euenturum,la,1,0.008,no
euertit,la,1,0.008,no
euibrant,la,1,0.008,no
euidentiae,la,1,0.008,no
euigilare,la,1,0.008,no
euigilarent,la,1,0.008,no
euiltarum,la,1,0.008,no
eumndi,la,1,0.008,no
eundo,la,1,0.008,no
euocent,la,1,0.008,no
euolare,la,1,0.008,no
euolet,la,1,0.008,no
euoluantur,la,1,0.008,no
euomens,la,1,0.008,no
europae,la,1,0.008,no
europaeas,la,1,0.008,no
europȩ,la,1,0.008,no
europeae,la,1,0.008,no
europei,la,1,0.008,no
europȩos,la,1,0.008,no
euulgarent,la,1,0.008,no
euulgarunt,la,1,0.008,no
evadendum,la,1,0.008,no
evadere,la,1,0.008,no
evaderet,la,1,0.008,no
evadit,la,1,0.008,no
evan,la,1,0.008,no
evangelia,la,1,0.008,no
evangelicam,la,1,0.008,no
evangelicȩ,la,1,0.008,no
evangelicos,la,1,0.008,no
evangelicus,la,1,0.008,no
evangelistarum,la,1,0.008,no
evangeliste,la,1,0.008,no
evangelizanitibus,la,1,0.008,no
evangelizant,la,1,0.008,no
evanuerunt,la,1,0.008,no
evanuit,la,1,0.008,no
evaserant,la,1,0.008,no
evasid,la,1,0.008,no
evasimus,la,1,0.008,no
evasissent,la,1,0.008,no
evasuri,la,1,0.008,no
evecti,la,1,0.008,no
evectis,la,1,0.008,no
evecto,la,1,0.008,no
eveniant,la,1,0.008,no
evenisset,la,1,0.008,no
eventa,la,1,0.008,no
eventum,la,1,0.008,no
eventus,la,1,0.008,no
everendi,la,1,0.008,no
everendis,la,1,0.008,no
eversa,la,1,0.008,no
eversionem,la,1,0.008,no
evertenda,la,1,0.008,no
evertendam,la,1,0.008,no
evertere,la,1,0.008,no
everteret,la,1,0.008,no
evertit,la,1,0.008,no
evexerat,la,1,0.008,no
evidentem,la,1,0.008,no
evidentes,la,1,0.008,no
evidenti,la,1,0.008,no
evidentibus,la,1,0.008,no
evitanda,la,1,0.008,no
evitando,la,1,0.008,no
evitant,la,1,0.008,no
evitarem,la,1,0.008,no
evitem,la,1,0.008,no
evitemus,la,1,0.008,no
evocaram,la,1,0.008,no
evocare,la,1,0.008,no
evocarent,la,1,0.008,no
evocati,la,1,0.008,no
evocatis,la,1,0.008,no
evocato,la,1,0.008,no
evocatoque,la,1,0.008,no
evocavit,la,1,0.008,no
evolaturi,la,1,0.008,no
evolvendis,la,1,0.008,no
evolvet,la,1,0.008,no
evomuit,la,1,0.008,no
evulgatum,la,1,0.008,no
exacerbaret,la,1,0.008,no
exacerbatos,la,1,0.008,no
exactam,la,1,0.008,no
exactissimam,la,1,0.008,no
exactissime,la,1,0.008,no
exactissimi,la,1,0.008,no
exactius,la,1,0.008,no
exactor,la,1,0.008,no
exactos,la,1,0.008,no
exacuerunt,la,1,0.008,no
exaedificantur,la,1,0.008,no
exaedificare,la,1,0.008,no
exaequabit,la,1,0.008,no
exaequanti,la,1,0.008,no
exaggerata,la,1,0.008,no
exagitabunt,la,1,0.008,no
exagitarunt,la,1,0.008,no
exagitati,la,1,0.008,no
examinandi,la,1,0.008,no
examinandum,la,1,0.008,no
examinatis,la,1,0.008,no
examinavi,la,1,0.008,no
examinis,la,1,0.008,no
exangaus,la,1,0.008,no
exanimes,la,1,0.008,no
exarandae,la,1,0.008,no
exarare,la,1,0.008,no
exaratae,la,1,0.008,no
exaratam,la,1,0.008,no
exaraverim,la,1,0.008,no
exardescat,la,1,0.008,no
exaro,la,1,0.008,no
exarserunt,la,1,0.008,no
exarsit,la,1,0.008,no
exauthoraretur,la,1,0.008,no
exautorato,la,1,0.008,no
excaecata,la,1,0.008,no
excaecatus,la,1,0.008,no
excaecavit,la,1,0.008,no
excarnificabuntur,la,1,0.008,no
excarnificatur,la,1,0.008,no
excedat,la,1,0.008,no
excedebat,la,1,0.008,no
exceder,es,1,0.008,no
excederent,la,1,0.008,no
excellat,la,1,0.008,no
excellebant,la,1,0.008,no
excellens,la,1,0.008,no
excellentem,la,1,0.008,no
excellentia,la,1,0.008,no
excellentie,la,1,0.008,no
excellentior,la,1,0.008,no
excellit,la,1,0.008,no
excelsi,la,1,0.008,no
exceperit,la,1,0.008,no
exceperunt,la,1,0.008,no
excepimus,la,1,0.008,no
except,la,1,0.008,no
exceptos,la,1,0.008,no
exceptuatum,la,1,0.008,no
exceptum,la,1,0.008,no
excercens,la,1,0.008,no
excesserim,la,1,0.008,no
excesserit,la,1,0.008,no
excessum,la,1,0.008,no
excessus,la,1,0.008,no
excetto,la,1,0.008,no
excider,la,1,0.008,no
excideret,la,1,0.008,no
exciderit,la,1,0.008,no
excidissent,la,1,0.008,no
excidium,la,1,0.008,no
excipere,la,1,0.008,no
exciperentur,la,1,0.008,no
exciperet,la,1,0.008,no
excipiantur,la,1,0.008,no
excipiatur,la,1,0.008,no
excipiebantur,la,1,0.008,no
excipiendo,la,1,0.008,no
excipiens,la,1,0.008,no
excipientibus,la,1,0.008,no
excipio,la,1,0.008,no
excipiunt,la,1,0.008,no
excitandam,la,1,0.008,no
excitandi,la,1,0.008,no
excitandorum,la,1,0.008,no
excitandum,la,1,0.008,no
excitaret,la,1,0.008,no
excitaretur,la,1,0.008,no
excitarunt,la,1,0.008,no
excitat,la,1,0.008,no
excitatas,la,1,0.008,no
excitati,la,1,0.008,no
excitato,la,1,0.008,no
excitatur,la,1,0.008,no
excitatus,la,1,0.008,no
excitavimus,la,1,0.008,no
excitent,la,1,0.008,no
exclamabat,la,1,0.008,no
excludas,la,1,0.008,no
excludebatur,la,1,0.008,no
excludere,la,1,0.008,no
exclusa,la,1,0.008,no
excluserant,la,1,0.008,no
exclusi,la,1,0.008,no
exclusive,la,1,0.008,no
excluso,la,1,0.008,no
excogitare,la,1,0.008,no
excogitari,la,1,0.008,no
excogitata,la,1,0.008,no
excogitatis,la,1,0.008,no
excogitauit,la,1,0.008,no
excolantur,la,1,0.008,no
excolenda,la,1,0.008,no
excolendos,la,1,0.008,no
excolunt,la,1,0.008,no
excommunicationem,la,1,0.008,no
excommunicationis,la,1,0.008,no
excrescens,la,1,0.008,no
excrescere,la,1,0.008,no
excrescit,la,1,0.008,no
excrevi,la,1,0.008,no
excrevit,la,1,0.008,no
excruciat,la,1,0.008,no
excubabant,la,1,0.008,no
excubabat,la,1,0.008,no
excubiae,la,1,0.008,no
excudebat,la,1,0.008,no
exculta,la,1,0.008,no
excurrant,la,1,0.008,no
excursionibus,la,1,0.008,no
excusare,la,1,0.008,no
excusationis,la,1,0.008,no
excusatum,la,1,0.008,no
excusi,la,1,0.008,no
excuterem,la,1,0.008,no
exe1mpla,la,1,0.008,no
execrando,la,1,0.008,no
execrati,la,1,0.008,no
execrationibus,la,1,0.008,no
executionem,la,1,0.008,no
executionis,la,1,0.008,no
executor,la,1,0.008,no
executus,la,1,0.008,no
exedunt,la,1,0.008,no
exegerat,la,1,0.008,no
exegit,la,1,0.008,no
exempl,la,1,0.008,no
exemplari,la,1,0.008,no
exemplaris,la,1,0.008,no
exemploq,la,1,0.008,no
exequendis,la,1,0.008,no
exequendo,la,1,0.008,no
exequendum,la,1,0.008,no
exequentes,la,1,0.008,no
exequutio,la,1,0.008,no
exequutioni,la,1,0.008,no
exerceant,la,1,0.008,no
exerceat,la,1,0.008,no
exercendas,la,1,0.008,no
exercendi,la,1,0.008,no
exercens,la,1,0.008,no
exercerent,la,1,0.008,no
exerceret,la,1,0.008,no
exercitado,es,1,0.008,no
exercitara,es,1,0.008,no
exercitata,la,1,0.008,no
exercitationésque,la,1,0.008,no
exercitatus,la,1,0.008,no
exercitiis,la,1,0.008,no
exercitio,la,1,0.008,no
exercuerunt,la,1,0.008,no
exerto,la,1,0.008,no
exeundum,la,1,0.008,no
exhalaverit,la,1,0.008,no
exhausit,la,1,0.008,no
exhibeant,la,1,0.008,no
exhibeatis,la,1,0.008,no
exhibebo,la,1,0.008,no
exhibebunt,la,1,0.008,no
exhibere,la,1,0.008,no
exhiberent,la,1,0.008,no
exhiberet,la,1,0.008,no
exhibitione,la,1,0.008,no
exhibitos,la,1,0.008,no
exhibuerat,la,1,0.008,no
exhibui,la,1,0.008,no
exhinc,la,1,0.008,no
exhinde,la,1,0.008,no
exhortamur,la,1,0.008,no
exhortationibus,la,1,0.008,no
exi,la,1,0.008,no
exierunt,la,1,0.008,no
exigat,la,1,0.008,no
exigentibus,la,1,0.008,no
exigere,la,1,0.008,no
exiguâ,la,1,0.008,no
exiguae,la,1,0.008,no
exiguam,la,1,0.008,no
exiguas,la,1,0.008,no
exigunt,la,1,0.008,no
exiguo,la,1,0.008,no
exiguor,la,1,0.008,no
exiliiq,la,1,0.008,no
exiliique,la,1,0.008,no
exiliit,la,1,0.008,no
exiliumve,la,1,0.008,no
eximeremus,la,1,0.008,no
eximias,la,1,0.008,no
eximii,la,1,0.008,no
eximio,la,1,0.008,no
eximium,la,1,0.008,no
exindeque,la,1,0.008,no
exirent,la,1,0.008,no
existat,la,1,0.008,no
existenti,la,1,0.008,no
existentibus,la,1,0.008,no
existet,la,1,0.008,no
existimabantur,la,1,0.008,no
existimandum,la,1,0.008,no
existimans,la,1,0.008,no
existimaretur,la,1,0.008,no
existimationem,la,1,0.008,no
ęxistimationi,la,1,0.008,no
existimationis,la,1,0.008,no
existimaverint,la,1,0.008,no
existimaveris,la,1,0.008,no
existiment,la,1,0.008,no
existimetur,la,1,0.008,no
exitialia,la,1,0.008,no
exitio,la,1,0.008,no
exitioso,la,1,0.008,no
exivisse,la,1,0.008,no
exleges,la,1,0.008,no
exol,la,1,0.008,no
exolescet,la,1,0.008,no
exolvere,la,1,0.008,no
exomia,la,1,0.008,no
exoneres,la,1,0.008,no
exoptantes,la,1,0.008,no
exoptare,la,1,0.008,no
exoptasse,la,1,0.008,no
exoptavêre,la,1,0.008,no
exorbitent,la,1,0.008,no
exorcismos,la,1,0.008,no
exordiar,la,1,0.008,no
exorquebat,la,1,0.008,no
exorta,la,1,0.008,no
exortantur,la,1,0.008,no
exorto,la,1,0.008,no
exortum,la,1,0.008,no
exosculandum,la,1,0.008,no
exotici,la,1,0.008,no
expavescerent,la,1,0.008,no
expe,la,1,0.008,no
expectabant,la,1,0.008,no
expectabatur,la,1,0.008,no
expectabis,la,1,0.008,no
expectamus,la,1,0.008,no
expectando,la,1,0.008,no
expectandum,la,1,0.008,no
expectante,la,1,0.008,no
expectantibus,la,1,0.008,no
expectarent,la,1,0.008,no
expectasset,la,1,0.008,no
expectatur,la,1,0.008,no
expediam,la,1,0.008,no
expedierit,la,1,0.008,no
expedit,la,1,0.008,no
expeditione,la,1,0.008,no
expeditioni,la,1,0.008,no
expeditionis,la,1,0.008,no
expeditiores,la,1,0.008,no
expedito,la,1,0.008,no
expellat,la,1,0.008,no
expellendo,la,1,0.008,no
expellendos,la,1,0.008,no
expelli,la,1,0.008,no
expen,la,1,0.008,no
expendatis,la,1,0.008,no
expendebant,la,1,0.008,no
expendebat,la,1,0.008,no
expendere,la,1,0.008,no
expenderet,la,1,0.008,no
expenderunt,la,1,0.008,no
expendet,la,1,0.008,no
expendi,la,1,0.008,no
expensarum,la,1,0.008,no
expensasque,la,1,0.008,no
expense,la,1,0.008,no
expensum,la,1,0.008,no
experiamur,la,1,0.008,no
experiantur,la,1,0.008,no
experiencia,la,1,0.008,no
experientiam,la,1,0.008,no
experimur,la,1,0.008,no
experitur,la,1,0.008,no
experiuntur,la,1,0.008,no
experta,la,1,0.008,no
expertae,la,1,0.008,no
experte,la,1,0.008,no
expertia,la,1,0.008,no
expetamus,la,1,0.008,no
expetat,la,1,0.008,no
expetentem,la,1,0.008,no
expetere,la,1,0.008,no
expeterent,la,1,0.008,no
expeti,la,1,0.008,no
expetijt,la,1,0.008,no
expetit,la,1,0.008,no
expetiti,la,1,0.008,no
expetitum,la,1,0.008,no
expeto,la,1,0.008,no
expetunt,la,1,0.008,no
expiantur,la,1,0.008,no
expiare,la,1,0.008,no
expiarent,la,1,0.008,no
expiasset,la,1,0.008,no
expiati,la,1,0.008,no
expiatione,la,1,0.008,no
expiatoriis,la,1,0.008,no
expilatur,la,1,0.008,no
expilaverant,la,1,0.008,no
expirantibus,la,1,0.008,no
expleant,la,1,0.008,no
explebunt,la,1,0.008,no
explenda,la,1,0.008,no
explendam,la,1,0.008,no
explendo,la,1,0.008,no
explere,la,1,0.008,no
expleverint,la,1,0.008,no
explicabuntur,la,1,0.008,no
explicandae,la,1,0.008,no
explicandis,la,1,0.008,no
explicando,la,1,0.008,no
explicant,la,1,0.008,no
explicantes,la,1,0.008,no
explicata,la,1,0.008,no
explicatio,la,1,0.008,no
explicationi,la,1,0.008,no
explicatum,la,1,0.008,no
explicatur,la,1,0.008,no
explicit,la,1,0.008,no
explodebantur,la,1,0.008,no
explodentes,la,1,0.008,no
explorandum,la,1,0.008,no
explorarent,la,1,0.008,no
explorate,la,1,0.008,no
explorati,la,1,0.008,no
exploratumque,la,1,0.008,no
explosis,la,1,0.008,no
exponam,la,1,0.008,no
exponamus,la,1,0.008,no
exponant,la,1,0.008,no
exponebantur,la,1,0.008,no
exponerent,la,1,0.008,no
exponerentur,la,1,0.008,no
exponis,la,1,0.008,no
exponit,la,1,0.008,no
exponitur,la,1,0.008,no
expoposcimus,la,1,0.008,no
exporrigat,la,1,0.008,no
exportantes,la,1,0.008,no
exportarent,la,1,0.008,no
exposcimus,la,1,0.008,no
expositae,la,1,0.008,no
expositam,la,1,0.008,no
expositio,la,1,0.008,no
expostulamus,la,1,0.008,no
expostulare,la,1,0.008,no
expostularet,la,1,0.008,no
expostulatque,la,1,0.008,no
exposuerit,la,1,0.008,no
expraefectorum,la,1,0.008,no
expraefectos,la,1,0.008,no
expresse,la,1,0.008,no
expressum,la,1,0.008,no
exprimebant,la,1,0.008,no
exprimerent,la,1,0.008,no
expugna,la,1,0.008,no
expugnata,la,1,0.008,no
expugnatio,la,1,0.008,no
expugnationem,la,1,0.008,no
expulerunt,la,1,0.008,no
expulsione,la,1,0.008,no
expulsionem,la,1,0.008,no
expulso,la,1,0.008,no
expurgabit,la,1,0.008,no
expurgaret,la,1,0.008,no
exquisitae,la,1,0.008,no
exquisitas,la,1,0.008,no
exquisitissima,la,1,0.008,no
exquisitissimae,la,1,0.008,no
exscenderunt,la,1,0.008,no
exscensionem,la,1,0.008,no
exscindendam,la,1,0.008,no
exscindere,la,1,0.008,no
exspectabo,la,1,0.008,no
exspectant,la,1,0.008,no
exspectasse,la,1,0.008,no
exspectet,la,1,0.008,no
exspecto,la,1,0.008,no
exspirasse,la,1,0.008,no
exspoliationem,la,1,0.008,no
exstant,la,1,0.008,no
exstirpavit,la,1,0.008,no
exstitit,la,1,0.008,no
exstructa,la,1,0.008,no
exstructae,la,1,0.008,no
exstructo,la,1,0.008,no
extabant,la,1,0.008,no
extante,la,1,0.008,no
extemplo,la,1,0.008,no
extendam,la,1,0.008,no
extenderem,la,1,0.008,no
extenderet,la,1,0.008,no
extenditur,la,1,0.008,no
extensam,la,1,0.008,no
extensum,la,1,0.008,no
extenuantes,la,1,0.008,no
exteri,la,1,0.008,no
exterior,la,1,0.008,no
exteriora,la,1,0.008,no
exteriores,la,1,0.008,no
exteriori,la,1,0.008,no
exterminaret,la,1,0.008,no
exterminatae,la,1,0.008,no
externam,la,1,0.008,no
externi,la,1,0.008,no
externorum,la,1,0.008,no
externum,la,1,0.008,no
exterquerent,la,1,0.008,no
extimationem,la,1,0.008,no
extimescere,la,1,0.008,no
extimesco,la,1,0.008,no
extimos,la,1,0.008,no
extimularunt,la,1,0.008,no
extimulatum,la,1,0.008,no
extinctae,la,1,0.008,no
extincti,la,1,0.008,no
extinctionem,la,1,0.008,no
extincto,la,1,0.008,no
extinguendam,la,1,0.008,no
extirpandos,la,1,0.008,no
extirpantur,la,1,0.008,no
extirpare,la,1,0.008,no
extirparint,la,1,0.008,no
extirpatum,la,1,0.008,no
extitisse,la,1,0.008,no
extollebant,la,1,0.008,no
extollebat,la,1,0.008,no
extollere,la,1,0.008,no
extollet,la,1,0.008,no
extollunt,la,1,0.008,no
extorquere,la,1,0.008,no
extorquet,la,1,0.008,no
extorserit,la,1,0.008,no
extorsisset,la,1,0.008,no
extorta,la,1,0.008,no
extractum,la,1,0.008,no
extraham,la,1,0.008,no
extrahatur,la,1,0.008,no
extrahentem,la,1,0.008,no
extrahentes,la,1,0.008,no
extrahere,la,1,0.008,no
extrahunt,la,1,0.008,no
extraiudicialia,la,1,0.008,no
extraneis,la,1,0.008,no
extraordinariis,la,1,0.008,no
extraordinarijs,la,1,0.008,no
extraxerint,la,1,0.008,no
extraxerunt,la,1,0.008,no
extraxit,la,1,0.008,no
extremae,la,1,0.008,no
extructo,la,1,0.008,no
extructum,la,1,0.008,no
extrudi,la,1,0.008,no
extruendis,la,1,0.008,no
extulerat,la,1,0.008,no
extulere,la,1,0.008,no
exturbantur,la,1,0.008,no
exturbare,la,1,0.008,no
exturbentur,la,1,0.008,no
exu,la,1,0.008,no
exuendus,la,1,0.008,no
exul,la,1,0.008,no
exulabunt,la,1,0.008,no
exularant,la,1,0.008,no
exularat,la,1,0.008,no
exulatus,la,1,0.008,no
exulceratum,la,1,0.008,no
exulere,la,1,0.008,no
exultans,la,1,0.008,no
exultare,la,1,0.008,no
exultarent,la,1,0.008,no
exulum,la,1,0.008,no
exundantium,la,1,0.008,no
exuretur,la,1,0.008,no
exurgere,la,1,0.008,no
exuri,la,1,0.008,no
exustis,la,1,0.008,no
exuti,la,1,0.008,no
exveretur,la,1,0.008,no
faber,la,1,0.008,no
fabiannus,la,1,0.008,no
fabri,la,1,0.008,no
fabricae,la,1,0.008,no
fabricarunt,la,1,0.008,no
fabricatum,la,1,0.008,no
facatam,la,1,0.008,no
facem,la,1,0.008,no
facerentque,la,1,0.008,no
facessere,la,1,0.008,no
facessunt,la,1,0.008,no
fachiraoense,la,1,0.008,no
fachiroensi,la,1,0.008,no
fachyroesi,la,1,0.008,no
faciant,la,1,0.008,no
facibus,la,1,0.008,no
faciebam,la,1,0.008,no
faciendae,la,1,0.008,no
facies,la,1,0.008,no
faciet,la,1,0.008,no
facilem,la,1,0.008,no
facilitateque,la,1,0.008,no
facilitatis,la,1,0.008,no
facimam,la,1,0.008,no
facinore,la,1,0.008,no
facinoribus,la,1,0.008,no
facinorosorum,la,1,0.008,no
facis,la,1,0.008,no
fact,la,1,0.008,no
facte,la,1,0.008,no
factionis,la,1,0.008,no
factorum,la,1,0.008,no
factu,la,1,0.008,no
facturam,la,1,0.008,no
facultati,la,1,0.008,no
facultatis,la,1,0.008,no
facultatumque,la,1,0.008,no
faecem,la,1,0.008,no
faecibus,la,1,0.008,no
faedere,la,1,0.008,no
faelicissimo,la,1,0.008,no
faeminas,la,1,0.008,no
faeta,la,1,0.008,no
falce,la,1,0.008,no
fallacias,la,1,0.008,no
fallar,la,1,0.008,no
fallendi,la,1,0.008,no
fallentem,la,1,0.008,no
fallentibus,la,1,0.008,no
falli,la,1,0.008,no
fallor,la,1,0.008,no
falor,la,1,0.008,no
falsas,la,1,0.008,no
falsę,la,1,0.008,no
falsi,la,1,0.008,no
falsis,la,1,0.008,no
falsitates,la,1,0.008,no
falsitatibus,la,1,0.008,no
falsò,la,1,0.008,no
falsorumque,la,1,0.008,no
famae,la,1,0.008,no
familiâ,la,1,0.008,no
familiare,la,1,0.008,no
familiarem,la,1,0.008,no
familiares,la,1,0.008,no
familiari,la,1,0.008,no
familiaritate,la,1,0.008,no
familiaritatem,la,1,0.008,no
familiaritatis,la,1,0.008,no
familiarius,la,1,0.008,no
familias,la,1,0.008,no
familie,la,1,0.008,no
familiȩ,la,1,0.008,no
famosi,la,1,0.008,no
famosissimus,la,1,0.008,no
famosum,la,1,0.008,no
famulato,la,1,0.008,no
famulatu,la,1,0.008,no
fancan,la,1,0.008,no
fanum,la,1,0.008,no
farimae,la,1,0.008,no
fascia,la,1,0.008,no
fasciam,la,1,0.008,no
fassi,la,1,0.008,no
fastideret,la,1,0.008,no
fastidium,la,1,0.008,no
fastu,la,1,0.008,no
fatalis,la,1,0.008,no
fateatur,la,1,0.008,no
fateor,la,1,0.008,no
fatetur,la,1,0.008,no
fatigata,la,1,0.008,no
fatigatur,la,1,0.008,no
fatigetur,la,1,0.008,no
fatis,la,1,0.008,no
fatiscente,la,1,0.008,no
fato,la,1,0.008,no
fatoque,la,1,0.008,no
fatu,la,1,0.008,no
fatum,la,1,0.008,no
faturum,la,1,0.008,no
faucibus,la,1,0.008,no
fautoribus,la,1,0.008,no
fautorq,la,1,0.008,no
faveant,la,1,0.008,no
favens,la,1,0.008,no
favoremque,la,1,0.008,no
favores,la,1,0.008,no
favoribus,la,1,0.008,no
feb,la,1,0.008,no
febrero,es,1,0.008,no
febrim,la,1,0.008,no
februar,la,1,0.008,no
februarias,la,1,0.008,no
februarium,la,1,0.008,no
fecêre,la,1,0.008,no
fecerim,la,1,0.008,no
fecissemus,la,1,0.008,no
fecisti,la,1,0.008,no
fecunditate,la,1,0.008,no
fedem,la,1,0.008,no
feito,pt,1,0.008,no
felices,la,1,0.008,no
felicissima,la,1,0.008,no
felicissimam,la,1,0.008,no
felicissimi,la,1,0.008,no
felicissimis,la,1,0.008,no
felicissimo,la,1,0.008,no
felicissimus,la,1,0.008,no
felicita,la,1,0.008,no
felicitantis,la,1,0.008,no
felicitati,la,1,0.008,no
feminas,la,1,0.008,no
femore,la,1,0.008,no
femur,la,1,0.008,no
fer,la,1,0.008,no
ferali,la,1,0.008,no
feram,la,1,0.008,no
ferantur,la,1,0.008,no
ferarum,la,1,0.008,no
feras,la,1,0.008,no
ferat,la,1,0.008,no
ferdinando,la,1,0.008,no
ferebant,la,1,0.008,no
ferebantur,la,1,0.008,no
fereira,la,1,0.008,no
ferenda,la,1,0.008,no
ferendam,la,1,0.008,no
ferentem,la,1,0.008,no
ferentium,la,1,0.008,no
feriam,la,1,0.008,no
feriendis,la,1,0.008,no
ferina,la,1,0.008,no
ferit,la,1,0.008,no
feritatem,la,1,0.008,no
feritati,la,1,0.008,no
feriunt,la,1,0.008,no
fermè,la,1,0.008,no
fernandez,la,1,0.008,no
fernández,la,1,0.008,no
fernàndez,la,1,0.008,no
ferocem,la,1,0.008,no
ferocia,la,1,0.008,no
ferocire,la,1,0.008,no
ferocitas,la,1,0.008,no
ferocitate,la,1,0.008,no
ferrara,la,1,0.008,no
ferrari,la,1,0.008,no
ferraris,la,1,0.008,no
ferreyra,la,1,0.008,no
fert,la,1,0.008,no
fertiles,la,1,0.008,no
fertilis,la,1,0.008,no
feruenter,la,1,0.008,no
feruentes,la,1,0.008,no
feruenti,la,1,0.008,no
fervebat,la,1,0.008,no
ferventer,la,1,0.008,no
ferventi,la,1,0.008,no
fessionibus,la,1,0.008,no
fesso,la,1,0.008,no
fessos,la,1,0.008,no
festa,la,1,0.008,no
festi,la,1,0.008,no
festinantem,la,1,0.008,no
festinaret,la,1,0.008,no
festinasse,la,1,0.008,no
festinatio,la,1,0.008,no
festinationem,la,1,0.008,no
festinationeque,la,1,0.008,no
festivo,la,1,0.008,no
fetuo,la,1,0.008,no
fiant,la,1,0.008,no
fibras,la,1,0.008,no
fictis,la,1,0.008,no
fictum,la,1,0.008,no
fictus,la,1,0.008,no
fidele,la,1,0.008,no
fideliores,la,1,0.008,no
fidelissimam,la,1,0.008,no
fidelitati,la,1,0.008,no
fideliter,la,1,0.008,no
fidenter,la,1,0.008,no
fidenterque,la,1,0.008,no
fidentes,la,1,0.008,no
fidere,la,1,0.008,no
fìdes,la,1,0.008,no
fidi,la,1,0.008,no
fidioribus,la,1,0.008,no
fidissimis,la,1,0.008,no
fidissimo,la,1,0.008,no
fidissimum,la,1,0.008,no
fidissimus,la,1,0.008,no
fidit,la,1,0.008,no
fido,la,1,0.008,no
fiduciam,la,1,0.008,no
fidunt,la,1,0.008,no
figat,la,1,0.008,no
figem,la,1,0.008,no
figendi,la,1,0.008,no
figensis,la,1,0.008,no
figmentis,la,1,0.008,no
figoensis,la,1,0.008,no
figurae,la,1,0.008,no
figuram,la,1,0.008,no
figuras,la,1,0.008,no
figuratae,la,1,0.008,no
figurato,la,1,0.008,no
filialem,la,1,0.008,no
filias,la,1,0.008,no
filiis,la,1,0.008,no
filij,la,1,0.008,no
filijs,la,1,0.008,no
filioque,la,1,0.008,no
filipinarum,la,1,0.008,no
filo,la,1,0.008,no
filum,la,1,0.008,no
fimbrias,la,1,0.008,no
fìnalem,la,1,0.008,no
findecanus,la,1,0.008,no
findenarus,la,1,0.008,no
findetur,la,1,0.008,no
fingana,la,1,0.008,no
finganis,la,1,0.008,no
fingans,la,1,0.008,no
fingensi,la,1,0.008,no
fingensium,la,1,0.008,no
fingent,la,1,0.008,no
fingum,la,1,0.008,no
finiantur,la,1,0.008,no
finienda,la,1,0.008,no
finierunt,la,1,0.008,no
finire,la,1,0.008,no
finitae,la,1,0.008,no
finitima,la,1,0.008,no
finitimam,la,1,0.008,no
finitimi,la,1,0.008,no
finitimis,la,1,0.008,no
finitimo,la,1,0.008,no
finivit,la,1,0.008,no
fint,la,1,0.008,no
firadenses,la,1,0.008,no
firandensibus,la,1,0.008,no
firmandis,la,1,0.008,no
firmare,la,1,0.008,no
firmareque,la,1,0.008,no
firmate,la,1,0.008,no
firmatum,la,1,0.008,no
firmetur,la,1,0.008,no
firmi,la,1,0.008,no
firmiores,la,1,0.008,no
firmioribus,la,1,0.008,no
firmissimae,la,1,0.008,no
firmissimo,la,1,0.008,no
firmitatem,la,1,0.008,no
firmus,la,1,0.008,no
firoscimani,la,1,0.008,no
fiscale,la,1,0.008,no
fiscales,la,1,0.008,no
fistula,la,1,0.008,no
fiungani,la,1,0.008,no
fixae,la,1,0.008,no
fixerat,la,1,0.008,no
fl,la,1,0.008,no
flagellant,la,1,0.008,no
flagellavi,la,1,0.008,no
flagellorum,la,1,0.008,no
flagitemus,la,1,0.008,no
flagitiis,la,1,0.008,no
flagitijs,la,1,0.008,no
flagitiosae,la,1,0.008,no
flagitiosam,la,1,0.008,no
flagitiosi,la,1,0.008,no
flagrabat,la,1,0.008,no
flagrans,la,1,0.008,no
flagrante,la,1,0.008,no
flammarum,la,1,0.008,no
flammas,la,1,0.008,no
flante,la,1,0.008,no
fleri,la,1,0.008,no
flictionem,la,1,0.008,no
flore,la,1,0.008,no
florenorum,la,1,0.008,no
florentes,la,1,0.008,no
florentia,la,1,0.008,no
florentibus,la,1,0.008,no
florentior,la,1,0.008,no
floreret,la,1,0.008,no
floruerant,la,1,0.008,no
floruit,la,1,0.008,no
fluctuantem,la,1,0.008,no
fluctuare,la,1,0.008,no
fluctuum,la,1,0.008,no
fluentibus,la,1,0.008,no
fluentium,la,1,0.008,no
flumina,la,1,0.008,no
fluminale,la,1,0.008,no
fluuii,la,1,0.008,no
fluuio,la,1,0.008,no
fluvii,la,1,0.008,no
fluvim,la,1,0.008,no
fluvios,la,1,0.008,no
fminis,la,1,0.008,no
fo,trans,1,0.008,no
focamensis,la,1,0.008,no
fodinae,la,1,0.008,no
foecundata,la,1,0.008,no
foecundo,la,1,0.008,no
foedabat,la,1,0.008,no
foedavit,la,1,0.008,no
foederis,la,1,0.008,no
foedissimi,la,1,0.008,no
foedissimo,la,1,0.008,no
foeditati,la,1,0.008,no
foelicem,la,1,0.008,no
foelicissimo,la,1,0.008,no
foelicitatem,la,1,0.008,no
foeliciter,la,1,0.008,no
foelix,la,1,0.008,no
foeminarum,la,1,0.008,no
foeminę,la,1,0.008,no
foes,la,1,0.008,no
foetida,la,1,0.008,no
foetorem,la,1,0.008,no
foetum,la,1,0.008,no
fogan,la,1,0.008,no
fokiense,es,1,0.008,no
fonben,la,1,0.008,no
fontanarosa,la,1,0.008,no
for,la,1,0.008,no
forent,la,1,0.008,no
formandum,la,1,0.008,no
formarent,la,1,0.008,no
formata,la,1,0.008,no
formatum,la,1,0.008,no
formidabile,la,1,0.008,no
formidabiles,la,1,0.008,no
formidabilis,la,1,0.008,no
formidandum,la,1,0.008,no
formidarent,la,1,0.008,no
formidarunt,la,1,0.008,no
formidet,la,1,0.008,no
formidolosis,la,1,0.008,no
formosae,la,1,0.008,no
formositate,la,1,0.008,no
formositatis,la,1,0.008,no
fornaletus,la,1,0.008,no
foro,la,1,0.008,no
fortè,la,1,0.008,no
fortem,la,1,0.008,no
forti,la,1,0.008,no
fortia,la,1,0.008,no
fortificati,la,1,0.008,no
fortior,la,1,0.008,no
fortiores,la,1,0.008,no
fortioribus,la,1,0.008,no
fortique,la,1,0.008,no
fortissimam,la,1,0.008,no
fortissimi,la,1,0.008,no
fortissimiq,la,1,0.008,no
fortissimum,la,1,0.008,no
fortissimus,la,1,0.008,no
fortitudines,la,1,0.008,no
fortius,la,1,0.008,no
fortun,la,1,0.008,no
fortunarum,la,1,0.008,no
fortunarumq,la,1,0.008,no
fortunisque,la,1,0.008,no
forum,la,1,0.008,no
fossa,la,1,0.008,no
fossarum,la,1,0.008,no
fosso,la,1,0.008,no
fotoquiis,la,1,0.008,no
fovebat,la,1,0.008,no
fovend,la,1,0.008,no
fovendis,la,1,0.008,no
fovent,la,1,0.008,no
fovet,la,1,0.008,no
fracti,la,1,0.008,no
fractio,la,1,0.008,no
fractura,la,1,0.008,no
fragile,la,1,0.008,no
fragilitati,la,1,0.008,no
fragrantiae,la,1,0.008,no
franccisci,la,1,0.008,no
franciscana,la,1,0.008,no
franciscanȩ,la,1,0.008,no
frangatur,la,1,0.008,no
frangendam,la,1,0.008,no
frangeremur,la,1,0.008,no
fraternitate,la,1,0.008,no
fraterque,la,1,0.008,no
frati,la,1,0.008,no
fratibus,la,1,0.008,no
fratribusque,la,1,0.008,no
fraudaretur,la,1,0.008,no
fraudulenter,la,1,0.008,no
fremente,la,1,0.008,no
frementibus,la,1,0.008,no
freno,la,1,0.008,no
frequens,la,1,0.008,no
frequentando,la,1,0.008,no
frequentârunt,la,1,0.008,no
frequentat,la,1,0.008,no
frequentata,la,1,0.008,no
frequentatae,la,1,0.008,no
frequentem,la,1,0.008,no
frequentes,la,1,0.008,no
frequentia,la,1,0.008,no
frequentiores,la,1,0.008,no
frequentissima,la,1,0.008,no
frequentissimi,la,1,0.008,no
frequentissimos,la,1,0.008,no
frequentius,la,1,0.008,no
fretus,la,1,0.008,no
frigefiat,la,1,0.008,no
frigidi,la,1,0.008,no
frigidiores,la,1,0.008,no
frigoris,la,1,0.008,no
frigorum,la,1,0.008,no
froes,la,1,0.008,no
fróes,la,1,0.008,no
frondibus,la,1,0.008,no
fruamur,la,1,0.008,no
fructant,la,1,0.008,no
fructiferae,la,1,0.008,no
fructuosam,la,1,0.008,no
fructuose,la,1,0.008,no
fructuum,la,1,0.008,no
fruebatur,la,1,0.008,no
frugum,la,1,0.008,no
fruimini,la,1,0.008,no
fruitione,la,1,0.008,no
fruitionem,la,1,0.008,no
frumenta,la,1,0.008,no
frumenti,la,1,0.008,no
frumentifera,la,1,0.008,no
frusta,la,1,0.008,no
frustranea,la,1,0.008,no
frustratus,la,1,0.008,no
fruuntur,la,1,0.008,no
fu,la,1,0.008,no
fucuscimandonum,la,1,0.008,no
fucuscimandonus,la,1,0.008,no
fuderunt,la,1,0.008,no
fudit,la,1,0.008,no
fueram,la,1,0.008,no
fuêre,la,1,0.008,no
fuero,la,1,0.008,no
fugamque,la,1,0.008,no
fugan,la,1,0.008,no
fugat,la,1,0.008,no
fugatus,la,1,0.008,no
fuggeren,la,1,0.008,no
fugienda,la,1,0.008,no
fugiendi,la,1,0.008,no
fugiens,la,1,0.008,no
fugientem,la,1,0.008,no
fugienti,la,1,0.008,no
fugientibus,la,1,0.008,no
fugisset,la,1,0.008,no
fugit,la,1,0.008,no
fuisti,la,1,0.008,no
fuistis,la,1,0.008,no
fulciatur,la,1,0.008,no
fulgebunt,la,1,0.008,no
fulgentem,la,1,0.008,no
fulgor,la,1,0.008,no
fulgorem,la,1,0.008,no
fulmina,la,1,0.008,no
fulminatur,la,1,0.008,no
fultas,la,1,0.008,no
fumo,la,1,0.008,no
fumus,la,1,0.008,no
funacense,la,1,0.008,no
funay,la,1,0.008,no
functione,la,1,0.008,no
functionem,la,1,0.008,no
functionesq,la,1,0.008,no
functionum,la,1,0.008,no
funda,la,1,0.008,no
fundando,la,1,0.008,no
fundatas,la,1,0.008,no
fundati,la,1,0.008,no
fundatio,la,1,0.008,no
fundationes,la,1,0.008,no
fundationis,la,1,0.008,no
fundatoribus,la,1,0.008,no
fundendus,la,1,0.008,no
funderet,la,1,0.008,no
funditur,la,1,0.008,no
fundunt,la,1,0.008,no
fundus,la,1,0.008,no
funem,la,1,0.008,no
funerati,la,1,0.008,no
funeris,la,1,0.008,no
funestissimas,la,1,0.008,no
funesto,la,1,0.008,no
funestum,la,1,0.008,no
fungantur,la,1,0.008,no
fungar,la,1,0.008,no
fungebantur,la,1,0.008,no
fungebatur,la,1,0.008,no
fungerentur,la,1,0.008,no
fungetur,la,1,0.008,no
funguntur,la,1,0.008,no
funiculis,la,1,0.008,no
funium,la,1,0.008,no
funt,la,1,0.008,no
furemur,la,1,0.008,no
furenter,la,1,0.008,no
furentius,la,1,0.008,no
furia,la,1,0.008,no
furibunda,la,1,0.008,no
furioso,la,1,0.008,no
furores,la,1,0.008,no
furtadum,la,1,0.008,no
furtum,la,1,0.008,no
fuscim,la,1,0.008,no
fuscimana,la,1,0.008,no
fuscimano,la,1,0.008,no
fuscimo,la,1,0.008,no
fuscimum,la,1,0.008,no
fuse,la,1,0.008,no
fusissimé,la,1,0.008,no
fusiùs,la,1,0.008,no
fuso,la,1,0.008,no
fusus,la,1,0.008,no
futilem,la,1,0.008,no
futilesque,la,1,0.008,no
futili,la,1,0.008,no
futri,la,1,0.008,no
futurarum,la,1,0.008,no
futuras,la,1,0.008,no
futurorum,la,1,0.008,no
futurumque,la,1,0.008,no
fuximensem,la,1,0.008,no
ga,la,1,0.008,no
gabantur,la,1,0.008,no
gabriele,la,1,0.008,no
gago,la,1,0.008,no
gai,la,1,0.008,no
gaiocae,la,1,0.008,no
galatis,la,1,0.008,no
galea,la,1,0.008,no
galileae,la,1,0.008,no
gallie,la,1,0.008,no
gallinarum,la,1,0.008,no
gallorum,la,1,0.008,no
gandie,la,1,0.008,no
gangem,la,1,0.008,no
ganxai,la,1,0.008,no
gasacho,la,1,0.008,no
gasachum,la,1,0.008,no
gasparem,la,1,0.008,no
gaspari,la,1,0.008,no
gasparo,la,1,0.008,no
gasto,pt,1,0.008,no
gaudeat,la,1,0.008,no
gaudemus,la,1,0.008,no
gaudens,la,1,0.008,no
gaudent,la,1,0.008,no
gaudentibus,la,1,0.008,no
gaudere,la,1,0.008,no
gauderent,la,1,0.008,no
gaudii,la,1,0.008,no
gavisi,la,1,0.008,no
gazam,la,1,0.008,no
gazariam,la,1,0.008,no
gazaros,la,1,0.008,no
gazzariam,la,1,0.008,no
gazzarie,la,1,0.008,no
gehennam,la,1,0.008,no
gelio,la,1,0.008,no
gemitu,la,1,0.008,no
gemituque,la,1,0.008,no
generaliter,la,1,0.008,no
generantur,la,1,0.008,no
generaret,la,1,0.008,no
generari,la,1,0.008,no
generassent,la,1,0.008,no
generationis,la,1,0.008,no
generisque,la,1,0.008,no
generofus,la,1,0.008,no
generose,la,1,0.008,no
generosus,la,1,0.008,no
genesis,la,1,0.008,no
geniti,la,1,0.008,no
genitoris,la,1,0.008,no
genitos,la,1,0.008,no
genitum,la,1,0.008,no
gensis,la,1,0.008,no
gentile,la,1,0.008,no
gentilia,la,1,0.008,no
gentilitatis,la,1,0.008,no
gentilitiae,la,1,0.008,no
gentilitios,la,1,0.008,no
gentos,la,1,0.008,no
genuensis,la,1,0.008,no
genuerunt,la,1,0.008,no
genuflexi,la,1,0.008,no
genuisti,la,1,0.008,no
georgiani,la,1,0.008,no
georgianis,la,1,0.008,no
georgianos,la,1,0.008,no
georgium,la,1,0.008,no
gerardo,la,1,0.008,no
gerardus,la,1,0.008,no
gerebant,la,1,0.008,no
gerendis,la,1,0.008,no
gerentes,la,1,0.008,no
gererentur,la,1,0.008,no
germania,la,1,0.008,no
germaniae,la,1,0.008,no
germanica,la,1,0.008,no
germanicum,la,1,0.008,no
germano,la,1,0.008,no
gero,la,1,0.008,no
gesserint,la,1,0.008,no
gesserunt,la,1,0.008,no
gestabat,la,1,0.008,no
gestabunt,la,1,0.008,no
gestae,la,1,0.008,no
gestamen,la,1,0.008,no
gestans,la,1,0.008,no
gestum,la,1,0.008,no
gianangauandono,la,1,0.008,no
giateuscirani,la,1,0.008,no
giateusciranos,la,1,0.008,no
giateusciranum,la,1,0.008,no
giavani,la,1,0.008,no
gibonoscium,la,1,0.008,no
gignuntur,la,1,0.008,no
ging,trans,1,0.008,no
ginsem,la,1,0.008,no
giorgi,la,1,0.008,no
giorgius,la,1,0.008,no
giram,la,1,0.008,no
girantem,la,1,0.008,no
girum,la,1,0.008,no
gistri,la,1,0.008,no
git,la,1,0.008,no
giusq,la,1,0.008,no
glaciales,la,1,0.008,no
gladiolis,la,1,0.008,no
gladios,la,1,0.008,no
glemona,la,1,0.008,no
globi,la,1,0.008,no
glorietur,la,1,0.008,no
glorificari,la,1,0.008,no
gloriorissima,la,1,0.008,no
gloriosissimi,la,1,0.008,no
gloriosissimum,la,1,0.008,no
gloriosus,la,1,0.008,no
glos,la,1,0.008,no
glosa,la,1,0.008,no
gnarusque,la,1,0.008,no
goȩ,la,1,0.008,no
goę,la,1,0.008,no
goënse,la,1,0.008,no
goënsis,la,1,0.008,no
gomez,la,1,0.008,no
gonçalum,la,1,0.008,no
gonçalus,la,1,0.008,no
gonçálvez,la,1,0.008,no
gondisalus,la,1,0.008,no
gonsalvo,la,1,0.008,no
gonsalvum,la,1,0.008,no
gonuae,la,1,0.008,no
gonzález,la,1,0.008,no
goris,la,1,0.008,no
gortynam,la,1,0.008,no
gothorum,la,1,0.008,no
gothos,la,1,0.008,no
goue,la,1,0.008,no
gouea,la,1,0.008,no
gra,la,1,0.008,no
grabamina,la,1,0.008,no
gracia,es,1,0.008,no
gradati,la,1,0.008,no
gradatim,la,1,0.008,no
gradu,la,1,0.008,no
graduali,la,1,0.008,no
graeca,la,1,0.008,no
graeciae,la,1,0.008,no
graeciam,la,1,0.008,no
graecis,la,1,0.008,no
grammati,la,1,0.008,no
grammaticae,la,1,0.008,no
grammatici,la,1,0.008,no
grammaticos,la,1,0.008,no
gran,es,1,0.008,no
granario,la,1,0.008,no
grandem,la,1,0.008,no
grandi,la,1,0.008,no
granum,la,1,0.008,no
grasetti,la,1,0.008,no
grassanti,la,1,0.008,no
grassari,la,1,0.008,no
grassatores,la,1,0.008,no
grassetti,la,1,0.008,no
grat,la,1,0.008,no
grata,la,1,0.008,no
gratiamque,la,1,0.008,no
gratibus,la,1,0.008,no
gratiorem,la,1,0.008,no
gratiose,la,1,0.008,no
gratissima,la,1,0.008,no
gratos,la,1,0.008,no
gratulatione,la,1,0.008,no
gratulatus,la,1,0.008,no
gratus,la,1,0.008,no
grauate,la,1,0.008,no
graue,la,1,0.008,no
grauem,la,1,0.008,no
grauior,la,1,0.008,no
grauioribus,la,1,0.008,no
grauissime,la,1,0.008,no
grauitate,la,1,0.008,no
gravamen,es,1,0.008,no
gravatur,la,1,0.008,no
gravetur,la,1,0.008,no
gravia,la,1,0.008,no
gravibus,la,1,0.008,no
gravina,la,1,0.008,no
gravior,la,1,0.008,no
graviori,la,1,0.008,no
gravioribus,la,1,0.008,no
gravissima,la,1,0.008,no
gravissimo,la,1,0.008,no
gravissimum,la,1,0.008,no
gravitatem,la,1,0.008,no
gravium,la,1,0.008,no
greco,la,1,0.008,no
grecorum,la,1,0.008,no
gregarius,la,1,0.008,no
gregis,la,1,0.008,no
gregorij,la,1,0.008,no
gremium,la,1,0.008,no
grimaldi,la,1,0.008,no
gu,la,1,0.008,no
guadent,la,1,0.008,no
guardando,es,1,0.008,no
guardiane,la,1,0.008,no
guber,la,1,0.008,no
gubern,la,1,0.008,no
gubernabat,la,1,0.008,no
gubernaculis,la,1,0.008,no
gubernant,la,1,0.008,no
gubernantis,la,1,0.008,no
gubernaretur,la,1,0.008,no
gubernarunt,la,1,0.008,no
gubernatorumque,la,1,0.008,no
gubernatur,la,1,0.008,no
gubonoscio,la,1,0.008,no
gueio,la,1,0.008,no
guerras,la,1,0.008,no
guglielmus,la,1,0.008,no
guifu,la,1,0.008,no
guiliermus,la,1,0.008,no
guo,la,1,0.008,no
gus,la,1,0.008,no
gynnasiis,la,1,0.008,no
gypone,la,1,0.008,no
gyponem,la,1,0.008,no
gyponicis,la,1,0.008,no
gyponico,la,1,0.008,no
gyponum,la,1,0.008,no
ha,es,1,0.008,no
habe,la,1,0.008,no
habeam,la,1,0.008,no
habeamus,la,1,0.008,no
habeant.tertia,la,1,0.008,no
habebit,la,1,0.008,no
haben,la,1,0.008,no
habenda,la,1,0.008,no
habendae,la,1,0.008,no
habendo,la,1,0.008,no
habendus,la,1,0.008,no
habentem,la,1,0.008,no
habentque,la,1,0.008,no
habentur,la,1,0.008,no
haberem,la,1,0.008,no
habetque,la,1,0.008,no
habiles,la,1,0.008,no
habitaculum,la,1,0.008,no
habitae,la,1,0.008,no
habitantibus,la,1,0.008,no
habitantium,la,1,0.008,no
habitaretur,la,1,0.008,no
habitasse,la,1,0.008,no
habitatores,la,1,0.008,no
habitatoribus,la,1,0.008,no
habitaverat,la,1,0.008,no
habitent,la,1,0.008,no
habitibus,la,1,0.008,no
habitum,la,1,0.008,no
habituris,la,1,0.008,no
habuerant,la,1,0.008,no
habuerint,la,1,0.008,no
habuerit,la,1,0.008,no
habuero,la,1,0.008,no
habuissem,la,1,0.008,no
habuisset,la,1,0.008,no
hácque,la,1,0.008,no
hactenvs,la,1,0.008,no
haebreis,la,1,0.008,no
haereamus,la,1,0.008,no
haereat,la,1,0.008,no
haeredem,la,1,0.008,no
haeredes,la,1,0.008,no
haeredis,la,1,0.008,no
haereditas,la,1,0.008,no
haerentem,la,1,0.008,no
haerentes,la,1,0.008,no
haereremus,la,1,0.008,no
haesimus,la,1,0.008,no
haesitatio,la,1,0.008,no
haesitatione,la,1,0.008,no
hai,la,1,0.008,no
hainan,la,1,0.008,no
halitum,la,1,0.008,no
hallucinaberis,la,1,0.008,no
hallucinantur,la,1,0.008,no
hallucinentur,la,1,0.008,no
halucinati,la,1,0.008,no
hamo,la,1,0.008,no
han,la,1,0.008,no
hanchung,la,1,0.008,no
haruspicia,la,1,0.008,no
haruspiciam,la,1,0.008,no
haurit,la,1,0.008,no
hauserunt,la,1,0.008,no
haustis,la,1,0.008,no
haustus,la,1,0.008,no
haverse,es,1,0.008,no
hę,la,1,0.008,no
hebdomadae,la,1,0.008,no
hebdomadibus,la,1,0.008,no
hebdomeda,la,1,0.008,no
hebes,la,1,0.008,no
hebręorum,la,1,0.008,no
hector,la,1,0.008,no
hedificatione,la,1,0.008,no
hęe,la,1,0.008,no
heliopolitanum,la,1,0.008,no
hellespontum,la,1,0.008,no
hellespontus,la,1,0.008,no
helliopolitani,la,1,0.008,no
helvetius,la,1,0.008,no
henrríquez,la,1,0.008,no
heraclea,la,1,0.008,no
heracleam,la,1,0.008,no
herbis,la,1,0.008,no
hereditaria,la,1,0.008,no
hereditate,la,1,0.008,no
hęreditatis,la,1,0.008,no
heres,la,1,0.008,no
hermitoriis,la,1,0.008,no
hermitorio,la,1,0.008,no
herodiani,la,1,0.008,no
herodotus,la,1,0.008,no
heroicis,la,1,0.008,no
heroico,la,1,0.008,no
hí,la,1,0.008,no
hiatibus,la,1,0.008,no
hìc,la,1,0.008,no
hîc,la,1,0.008,no
hicque,la,1,0.008,no
hiemale,la,1,0.008,no
hiematuram,la,1,0.008,no
hiemaverim,la,1,0.008,no
hieme,la,1,0.008,no
hiememus,la,1,0.008,no
hienkien,la,1,0.008,no
hieronimi,la,1,0.008,no
hieronymo,la,1,0.008,no
hignatio,la,1,0.008,no
hiis,la,1,0.008,no
hilarem,la,1,0.008,no
hilarius,la,1,0.008,no
hin,la,1,0.008,no
hindia,la,1,0.008,no
hindie,la,1,0.008,no
hìng,la,1,0.008,no
hino,la,1,0.008,no
hispanice,la,1,0.008,no
hispanìcorum,la,1,0.008,no
hispanicos,la,1,0.008,no
hispaniȩ,la,1,0.008,no
hispanos,la,1,0.008,no
histis,la,1,0.008,no
historiae,la,1,0.008,no
historiantur,la,1,0.008,no
historiarum,la,1,0.008,no
historica,la,1,0.008,no
historicorum,la,1,0.008,no
hoang,la,1,0.008,no
hoangchoango,la,1,0.008,no
hoangchoangus,la,1,0.008,no
hocce,la,1,0.008,no
hocque,la,1,0.008,no
hodieq,la,1,0.008,no
hoei,la,1,0.008,no
hoeigan,la,1,0.008,no
hoen,trans,1,0.008,no
hoi,la,1,0.008,no
hoigan,la,1,0.008,no
hoii,la,1,0.008,no
hollandorum,la,1,0.008,no
homeri,la,1,0.008,no
homerus,la,1,0.008,no
homicida,la,1,0.008,no
homicidiis,la,1,0.008,no
homin,la,1,0.008,no
homonibus,la,1,0.008,no
homuncio,la,1,0.008,no
homunculis,la,1,0.008,no
honerosa,la,1,0.008,no
honesta,la,1,0.008,no
honestam,la,1,0.008,no
honestas,la,1,0.008,no
honestioribus,la,1,0.008,no
honestis,la,1,0.008,no
honesto,la,1,0.008,no
honnan,la,1,0.008,no
honorabit,la,1,0.008,no
honorant,la,1,0.008,no
honoraret,la,1,0.008,no
honorari,la,1,0.008,no
honorarii,la,1,0.008,no
honorariis,la,1,0.008,no
honorario,la,1,0.008,no
honorarium,la,1,0.008,no
honorarius,la,1,0.008,no
honorat,la,1,0.008,no
honorati,la,1,0.008,no
honorationes,la,1,0.008,no
honoratiores,la,1,0.008,no
honoratioribus,la,1,0.008,no
honorato,la,1,0.008,no
honoratur,la,1,0.008,no
honoratus,la,1,0.008,no
honoremque,la,1,0.008,no
honorent,la,1,0.008,no
honoreq,la,1,0.008,no
honori,la,1,0.008,no
honorifico,la,1,0.008,no
honorificum,la,1,0.008,no
horarum,la,1,0.008,no
hordas,la,1,0.008,no
hordeum,la,1,0.008,no
horrenda,la,1,0.008,no
horrendae,la,1,0.008,no
horrendis,la,1,0.008,no
horrendosque,la,1,0.008,no
horrent,la,1,0.008,no
horresco,la,1,0.008,no
horribilibus,la,1,0.008,no
horridique,la,1,0.008,no
horrificam,la,1,0.008,no
horrore,la,1,0.008,no
hortabatur,la,1,0.008,no
hortantur,la,1,0.008,no
hortatio,la,1,0.008,no
horti,la,1,0.008,no
hortis,la,1,0.008,no
hortum,la,1,0.008,no
hospes,la,1,0.008,no
hospitalia,la,1,0.008,no
hospitalium,la,1,0.008,no
hospitare,la,1,0.008,no
hospitatus,la,1,0.008,no
hospitavit,la,1,0.008,no
hospite,la,1,0.008,no
hospitia,la,1,0.008,no
hospitum,la,1,0.008,no
hosti,la,1,0.008,no
hostiam,la,1,0.008,no
hostili,la,1,0.008,no
hostilis,la,1,0.008,no
hostilium,la,1,0.008,no
hostio,la,1,0.008,no
houm,la,1,0.008,no
huiusce,la,1,0.008,no
huiuscemodi,la,1,0.008,no
hum,la,1,0.008,no
humanarum,la,1,0.008,no
humanas,la,1,0.008,no
humandis,la,1,0.008,no
humanior,la,1,0.008,no
humaniora,la,1,0.008,no
humanioriribus,la,1,0.008,no
humanissimam,la,1,0.008,no
humanitat,la,1,0.008,no
humanitate,la,1,0.008,no
humanitati,la,1,0.008,no
humano,la,1,0.008,no
humanos,la,1,0.008,no
humanus,la,1,0.008,no
humarent,la,1,0.008,no
humatum,la,1,0.008,no
humero,la,1,0.008,no
humeros,la,1,0.008,no
humerum,la,1,0.008,no
humi,la,1,0.008,no
humile,la,1,0.008,no
humili,la,1,0.008,no
humiliassemus,la,1,0.008,no
humiliora,la,1,0.008,no
humilioribus,la,1,0.008,no
humilis,la,1,0.008,no
humilitatis,la,1,0.008,no
humillime,la,1,0.008,no
humorum,la,1,0.008,no
hungaricis,la,1,0.008,no
hungiius,la,1,0.008,no
hungquangus,la,1,0.008,no
hydrae,la,1,0.008,no
hyemps,la,1,0.008,no
hyeronimo,la,1,0.008,no
hypocritae,la,1,0.008,no
hypothecae,la,1,0.008,no
iacentesque,la,1,0.008,no
iacere,la,1,0.008,no
iacinti,la,1,0.008,no
iaciunt,la,1,0.008,no
iacob,la,1,0.008,no
iacobo,la,1,0.008,no
iacobum,la,1,0.008,no
iacta,la,1,0.008,no
iactarentur,la,1,0.008,no
iactata,la,1,0.008,no
iacturae,la,1,0.008,no
iaculis,la,1,0.008,no
iamba,la,1,0.008,no
iamdudum,la,1,0.008,no
iampridem,la,1,0.008,no
iamq,la,1,0.008,no
iankynt,la,1,0.008,no
ianne,la,1,0.008,no
iannem,la,1,0.008,no
ianua,la,1,0.008,no
ianuensis,la,1,0.008,no
ianuensium,la,1,0.008,no
iaponiâ,la,1,0.008,no
iaponica,la,1,0.008,no
iaponico,la,1,0.008,no
iaponicorum,la,1,0.008,no
iaponicum,la,1,0.008,no
iaponii,la,1,0.008,no
iaponiis,la,1,0.008,no
iaponio,la,1,0.008,no
iaponiorum,la,1,0.008,no
iaponius,la,1,0.008,no
iapponensium,la,1,0.008,no
iarach,la,1,0.008,no
iatenscico,la,1,0.008,no
iateusciranos,la,1,0.008,no
iateusciro,la,1,0.008,no
iatusciranum,la,1,0.008,no
ibam,la,1,0.008,no
ibañez,la,1,0.008,no
ibat,la,1,0.008,no
ibiq,la,1,0.008,no
ibo,la,1,0.008,no
ichinocamus,la,1,0.008,no
icta,la,1,0.008,no
ictu,la,1,0.008,no
ictui,la,1,0.008,no
ictum,la,1,0.008,no
ictus,la,1,0.008,no
ide,la,1,0.008,no
identidemque,la,1,0.008,no
idioma,la,1,0.008,no
idiomata,la,1,0.008,no
idiomatis,la,1,0.008,no
idiota,la,1,0.008,no
idolaque,la,1,0.008,no
idolatrae,la,1,0.008,no
idolatria,la,1,0.008,no
idolatriam,la,1,0.008,no
idololatram,la,1,0.008,no
idololatrare,la,1,0.008,no
idololatriam,la,1,0.008,no
idololatrias,la,1,0.008,no
idololatriis,la,1,0.008,no
idonea,la,1,0.008,no
idoneis,la,1,0.008,no
idoneo,la,1,0.008,no
idq,la,1,0.008,no
idumaeus,la,1,0.008,no
iecias,la,1,0.008,no
ieiunijs,la,1,0.008,no
ieiunium,la,1,0.008,no
iericho,la,1,0.008,no
ierosolymitanae,la,1,0.008,no
ierusalem,la,1,0.008,no
ies,la,1,0.008,no
iesuitis,la,1,0.008,no
iesvm,la,1,0.008,no
ignaris,la,1,0.008,no
ignaui,la,1,0.008,no
ignauia,la,1,0.008,no
ignav,la,1,0.008,no
ignemve,la,1,0.008,no
igni,la,1,0.008,no
ignibus,la,1,0.008,no
ignobiliumque,la,1,0.008,no
ignominiae,la,1,0.008,no
ignominiam,la,1,0.008,no
ignominiosae,la,1,0.008,no
ignorant,la,1,0.008,no
ignorantem,la,1,0.008,no
ignorantia,la,1,0.008,no
ignorantiorem,la,1,0.008,no
ignorarent,la,1,0.008,no
ignorari,la,1,0.008,no
ignorat,la,1,0.008,no
ignorationem,la,1,0.008,no
ignoratne,la,1,0.008,no
ignorem,la,1,0.008,no
ignorentur,la,1,0.008,no
ignotae,la,1,0.008,no
ignovit,la,1,0.008,no
iibere,la,1,0.008,no
iiceretur,la,1,0.008,no
iidemque,la,1,0.008,no
iilmus,la,1,0.008,no
iique,la,1,0.008,no
ijsdem,la,1,0.008,no
ijsque,la,1,0.008,no
ilium,la,1,0.008,no
ill,la,1,0.008,no
illac,la,1,0.008,no
illaesa,la,1,0.008,no
illatae,la,1,0.008,no
illatam,la,1,0.008,no
illatas,la,1,0.008,no
illato,la,1,0.008,no
illatum,la,1,0.008,no
illaturi,la,1,0.008,no
illecebris,la,1,0.008,no
illecti,la,1,0.008,no
illesus,la,1,0.008,no
illibatam,la,1,0.008,no
illicita,la,1,0.008,no
illicitae,la,1,0.008,no
illicitis,la,1,0.008,no
illigatis,la,1,0.008,no
illisque,la,1,0.008,no
illmorum,la,1,0.008,no
illoque,la,1,0.008,no
illor,la,1,0.008,no
illucescat,la,1,0.008,no
illucque,la,1,0.008,no
illudendi,la,1,0.008,no
illudunt,la,1,0.008,no
illue,la,1,0.008,no
illuminante,la,1,0.008,no
illuminatus,la,1,0.008,no
illuminavit,la,1,0.008,no
illustrat,la,1,0.008,no
illustraturi,la,1,0.008,no
illustre,la,1,0.008,no
illustrior,la,1,0.008,no
illustriorem,la,1,0.008,no
illustrioris,la,1,0.008,no
illustris,la,1,0.008,no
illustrissima,la,1,0.008,no
illustrissime,la,1,0.008,no
illustrissimi,la,1,0.008,no
illustrissimo,la,1,0.008,no
illustrissimus,la,1,0.008,no
illustriumque,la,1,0.008,no
ima,la,1,0.008,no
imaginantur,la,1,0.008,no
imagine,la,1,0.008,no
imbecilitatem,la,1,0.008,no
imbecilla,la,1,0.008,no
imbecilli,la,1,0.008,no
imbecilliores,la,1,0.008,no
imbecillitate,la,1,0.008,no
imbecillitati,la,1,0.008,no
imbrum,la,1,0.008,no
imbrus,la,1,0.008,no
imbuatur,la,1,0.008,no
imbuendae,la,1,0.008,no
imbutas,la,1,0.008,no
imi,la,1,0.008,no
imitantes,la,1,0.008,no
imitatione,la,1,0.008,no
imitationem,la,1,0.008,no
imm,la,1,0.008,no
immane,la,1,0.008,no
immanes,la,1,0.008,no
immanior,la,1,0.008,no
immanis,la,1,0.008,no
immanissime,la,1,0.008,no
immanissimi,la,1,0.008,no
immanissimis,la,1,0.008,no
immanitatem,la,1,0.008,no
immanitates,la,1,0.008,no
immanitati,la,1,0.008,no
imme,la,1,0.008,no
immediatam,la,1,0.008,no
immediatus,la,1,0.008,no
immemor,la,1,0.008,no
immensam,la,1,0.008,no
immensas,la,1,0.008,no
immensasque,la,1,0.008,no
immensitatem,la,1,0.008,no
immenso,la,1,0.008,no
immensos,la,1,0.008,no
immensum,la,1,0.008,no
immerguntur,la,1,0.008,no
immeritam,la,1,0.008,no
immeritò,la,1,0.008,no
immigravit,la,1,0.008,no
imminenti,la,1,0.008,no
imminere,la,1,0.008,no
imminuimus,la,1,0.008,no
imminuta,la,1,0.008,no
imminutae,la,1,0.008,no
imminuto,la,1,0.008,no
imminutus,la,1,0.008,no
immisceamus,la,1,0.008,no
immiscere,la,1,0.008,no
immiscet,la,1,0.008,no
immiserit,la,1,0.008,no
immisisse,la,1,0.008,no
immissa,la,1,0.008,no
immissae,la,1,0.008,no
immittebat,la,1,0.008,no
immoderationem,la,1,0.008,no
immolant,la,1,0.008,no
immolaret,la,1,0.008,no
immolavit,la,1,0.008,no
immoraretur,la,1,0.008,no
immortalitate,la,1,0.008,no
immunis,la,1,0.008,no
immutasse,la,1,0.008,no
imò,la,1,0.008,no
imparem,la,1,0.008,no
impares,la,1,0.008,no
impassibilitas,la,1,0.008,no
impatiens,la,1,0.008,no
impatientiae,la,1,0.008,no
impe,la,1,0.008,no
impediantur,la,1,0.008,no
impediatur,la,1,0.008,no
impedientibus,la,1,0.008,no
impedierunt,la,1,0.008,no
impedimentis,la,1,0.008,no
impediret,la,1,0.008,no
impediri,la,1,0.008,no
impedisset,la,1,0.008,no
impeditione,la,1,0.008,no
impeditus,la,1,0.008,no
impediuntur,la,1,0.008,no
impedivissent,la,1,0.008,no
impedivisset,la,1,0.008,no
impedivit,la,1,0.008,no
impellere,la,1,0.008,no
impendamus,la,1,0.008,no
impendatur,la,1,0.008,no
impendeat,la,1,0.008,no
impendentem,la,1,0.008,no
impendentia,la,1,0.008,no
impenderat,la,1,0.008,no
impendisset,la,1,0.008,no
impendit,la,1,0.008,no
impenditur,la,1,0.008,no
impensa,la,1,0.008,no
impensarum,la,1,0.008,no
impensius,la,1,0.008,no
impenso,la,1,0.008,no
imperabat,la,1,0.008,no
imperabit,la,1,0.008,no
imperandi,la,1,0.008,no
imperans,la,1,0.008,no
imperant,la,1,0.008,no
imperante,la,1,0.008,no
imperaret,la,1,0.008,no
imperarit,la,1,0.008,no
imperato,la,1,0.008,no
imperatum,la,1,0.008,no
imperet,la,1,0.008,no
imperfectum,la,1,0.008,no
imperi,la,1,0.008,no
imperiorum,la,1,0.008,no
imperit,la,1,0.008,no
imperitae,la,1,0.008,no
imperitia,la,1,0.008,no
imperterritos,la,1,0.008,no
imperterritus,la,1,0.008,no
impertirent,la,1,0.008,no
impertiret,la,1,0.008,no
impertiri,la,1,0.008,no
impertita,la,1,0.008,no
impertitus,la,1,0.008,no
impertiunt,la,1,0.008,no
impertiverit,la,1,0.008,no
impertivit,la,1,0.008,no
impetrandum,la,1,0.008,no
impetrarent,la,1,0.008,no
impetrarunt,la,1,0.008,no
impetrasse,la,1,0.008,no
impetrato,la,1,0.008,no
impetraturus,la,1,0.008,no
impetravimus,la,1,0.008,no
impetrent,la,1,0.008,no
impiam,la,1,0.008,no
impiasque,la,1,0.008,no
impietate,la,1,0.008,no
impietates,la,1,0.008,no
impietatis,la,1,0.008,no
impinguendam,la,1,0.008,no
impio,la,1,0.008,no
impiorum,la,1,0.008,no
implens,la,1,0.008,no
implentur,la,1,0.008,no
implere,la,1,0.008,no
impletas,la,1,0.008,no
implevit,la,1,0.008,no
implicati,la,1,0.008,no
implici,la,1,0.008,no
implicita,la,1,0.008,no
implicuit,la,1,0.008,no
implorandam,la,1,0.008,no
implorantes,la,1,0.008,no
imponendo,la,1,0.008,no
imponendum,la,1,0.008,no
imponens,la,1,0.008,no
imponentes,la,1,0.008,no
imponeres,la,1,0.008,no
imponeretur,la,1,0.008,no
imponetis,la,1,0.008,no
imponunt,la,1,0.008,no
importunos,la,1,0.008,no
impositam,la,1,0.008,no
impositi,la,1,0.008,no
impositoque,la,1,0.008,no
impositus,la,1,0.008,no
impossibilia,la,1,0.008,no
impossibilitati,la,1,0.008,no
impossibilitatis,la,1,0.008,no
impossible,la,1,0.008,no
impostura,la,1,0.008,no
imposui,la,1,0.008,no
impotenti,la,1,0.008,no
impressa,la,1,0.008,no
impressae,la,1,0.008,no
impressi,la,1,0.008,no
impression,la,1,0.008,no
impressione,la,1,0.008,no
impressis,la,1,0.008,no
impresso,la,1,0.008,no
impressus,la,1,0.008,no
imprevenido,es,1,0.008,no
imprimere,la,1,0.008,no
imprimis,la,1,0.008,no
imprimuntur,la,1,0.008,no
improbe,la,1,0.008,no
improbis,la,1,0.008,no
improbitas,la,1,0.008,no
improbitate,la,1,0.008,no
improborum,la,1,0.008,no
improbos,la,1,0.008,no
improbus,la,1,0.008,no
improvide,la,1,0.008,no
improvisa,la,1,0.008,no
imprudentibus,la,1,0.008,no
impse,la,1,0.008,no
impu,la,1,0.008,no
impudenter,la,1,0.008,no
impudica,la,1,0.008,no
impulerunt,la,1,0.008,no
impulsus,la,1,0.008,no
impune,la,1,0.008,no
impunitatem,la,1,0.008,no
impunitum,la,1,0.008,no
impuram,la,1,0.008,no
impuri,la,1,0.008,no
impurissimum,la,1,0.008,no
imunem,la,1,0.008,no
inabilem,la,1,0.008,no
inabiles,la,1,0.008,no
inaccessam,la,1,0.008,no
inaequali,la,1,0.008,no
inanes,la,1,0.008,no
inani,la,1,0.008,no
inania:plane,la,1,0.008,no
inanis,la,1,0.008,no
inanitem,la,1,0.008,no
inaudîsset,la,1,0.008,no
inaudit,la,1,0.008,no
inauditum,la,1,0.008,no
inauguratis,la,1,0.008,no
incaepit,la,1,0.008,no
incapacitas,la,1,0.008,no
incarceratione,la,1,0.008,no
incarceratorum,la,1,0.008,no
incarnationem,la,1,0.008,no
incedebant,la,1,0.008,no
incederent,la,1,0.008,no
incederet,la,1,0.008,no
incenatus,la,1,0.008,no
incendiis,la,1,0.008,no
incenditur,la,1,0.008,no
incenso,la,1,0.008,no
incepi,la,1,0.008,no
incepit,la,1,0.008,no
incepta,la,1,0.008,no
incepturi,la,1,0.008,no
incertam,la,1,0.008,no
incerti,la,1,0.008,no
incertis,la,1,0.008,no
incertitudines,la,1,0.008,no
incertum,la,1,0.008,no
incessu,la,1,0.008,no
inchoandam,la,1,0.008,no
inchoatae,la,1,0.008,no
inchoatam,la,1,0.008,no
inchoatum,la,1,0.008,no
incid,la,1,0.008,no
incidebat,la,1,0.008,no
incidens,la,1,0.008,no
incidentur,la,1,0.008,no
incideret,la,1,0.008,no
incidi,la,1,0.008,no
incidisse,la,1,0.008,no
incidissent,la,1,0.008,no
incidunt,la,1,0.008,no
inciperemus,la,1,0.008,no
incipiam,la,1,0.008,no
incipiamus,la,1,0.008,no
incipiebant,la,1,0.008,no
incipientes,la,1,0.008,no
incipiuntur,la,1,0.008,no
incitamentum,la,1,0.008,no
incitanda,la,1,0.008,no
inclamat,la,1,0.008,no
inclinat,la,1,0.008,no
inclinationem,la,1,0.008,no
inclita,la,1,0.008,no
includantur,la,1,0.008,no
includeretur,la,1,0.008,no
includerunt,la,1,0.008,no
includi,la,1,0.008,no
includo,la,1,0.008,no
inclusa,la,1,0.008,no
inclusam,la,1,0.008,no
inclytum,la,1,0.008,no
incoepta,la,1,0.008,no
incoeptum,la,1,0.008,no
incolebam,la,1,0.008,no
incolebant,la,1,0.008,no
incolebat,la,1,0.008,no
incolendis,la,1,0.008,no
incolentes,la,1,0.008,no
incolere,la,1,0.008,no
incoleret,la,1,0.008,no
incolitur,la,1,0.008,no
incoluerat,la,1,0.008,no
incoluit,la,1,0.008,no
incolumes,la,1,0.008,no
incolumesque,la,1,0.008,no
incolumi,la,1,0.008,no
incommodae,la,1,0.008,no
incommodi,la,1,0.008,no
incommoditate,la,1,0.008,no
incommoditatem,la,1,0.008,no
incommoditates,la,1,0.008,no
incommodo,la,1,0.008,no
incommodorumque,la,1,0.008,no
incommodus,la,1,0.008,no
incomoda,la,1,0.008,no
incomposito,la,1,0.008,no
incomprehensibilis,la,1,0.008,no
inconcinnum,la,1,0.008,no
inconstan,la,1,0.008,no
inconstantiae,la,1,0.008,no
inconsulta,la,1,0.008,no
inconsulte,la,1,0.008,no
inconveniens,la,1,0.008,no
inconvenientibus,la,1,0.008,no
incredibilibus,la,1,0.008,no
incredibilis,la,1,0.008,no
incrementa,la,1,0.008,no
increpabat,la,1,0.008,no
increpatur,la,1,0.008,no
increpuit,la,1,0.008,no
incruenta,la,1,0.008,no
incubuerunt,la,1,0.008,no
inculcabant,la,1,0.008,no
inculcant,la,1,0.008,no
inculcarent,la,1,0.008,no
inculpata,la,1,0.008,no
inculpate,la,1,0.008,no
inculpateque,la,1,0.008,no
incultam,la,1,0.008,no
incumbebat,la,1,0.008,no
incumbens,la,1,0.008,no
incumbentes,la,1,0.008,no
incumbentium,la,1,0.008,no
incumbet,la,1,0.008,no
incumbit,la,1,0.008,no
incuria,la,1,0.008,no
incurrant,la,1,0.008,no
incurrat,la,1,0.008,no
incurrerint,la,1,0.008,no
incurrimus,la,1,0.008,no
incursione,la,1,0.008,no
incussit,la,1,0.008,no
incuteret,la,1,0.008,no
incutiendam,la,1,0.008,no
incutient,la,1,0.008,no
ind,la,1,0.008,no
indagare,la,1,0.008,no
indefessa,la,1,0.008,no
indemnitate,la,1,0.008,no
indeq,la,1,0.008,no
indeque,la,1,0.008,no
indevotos,la,1,0.008,no
index,la,1,0.008,no
indi,la,1,0.008,no
indianorum,la,1,0.008,no
indias,la,1,0.008,no
indicabitis,la,1,0.008,no
indicam,la,1,0.008,no
indicaretur,la,1,0.008,no
indicarum,la,1,0.008,no
indicas,la,1,0.008,no
indicavimus,la,1,0.008,no
indicens,la,1,0.008,no
indici,la,1,0.008,no
indiciis,la,1,0.008,no
indicit,la,1,0.008,no
indicium,la,1,0.008,no
indico,la,1,0.008,no
indictam,la,1,0.008,no
indictum,la,1,0.008,no
indictus,la,1,0.008,no
indiensi,la,1,0.008,no
indieque,la,1,0.008,no
indifferens,la,1,0.008,no
indigebamus,la,1,0.008,no
indigemus,la,1,0.008,no
indigenae,la,1,0.008,no
indigens,la,1,0.008,no
indigente,la,1,0.008,no
indigentiae,la,1,0.008,no
indigentiam,la,1,0.008,no
indigere,la,1,0.008,no
indigeres,la,1,0.008,no
indigeret,la,1,0.008,no
indigestamque,la,1,0.008,no
indigna,la,1,0.008,no
indignabantur,la,1,0.008,no
indignantes,la,1,0.008,no
indignationem,la,1,0.008,no
indignationis,la,1,0.008,no
indignatus,la,1,0.008,no
indignissimus,la,1,0.008,no
indignitate,la,1,0.008,no
indigno,la,1,0.008,no
indiis,la,1,0.008,no
indiscretorum,la,1,0.008,no
indiscretus,la,1,0.008,no
indispositi,la,1,0.008,no
indiuiduam,la,1,0.008,no
indiuidui,la,1,0.008,no
individuo,la,1,0.008,no
indoles,la,1,0.008,no
indolis,la,1,0.008,no
indolorum,la,1,0.008,no
indubitanter,la,1,0.008,no
indubitato,la,1,0.008,no
inducens,la,1,0.008,no
inducentem,la,1,0.008,no
inducerem,la,1,0.008,no
inducerent,la,1,0.008,no
induceret,la,1,0.008,no
induces,la,1,0.008,no
inducitur,la,1,0.008,no
inducta,la,1,0.008,no
induere,la,1,0.008,no
induerent,la,1,0.008,no
induerunt,la,1,0.008,no
indulgeatur,la,1,0.008,no
indulgemus,la,1,0.008,no
indulgentia,la,1,0.008,no
indulserant,la,1,0.008,no
indulta,la,1,0.008,no
indum,la,1,0.008,no
indurant,la,1,0.008,no
indurata,la,1,0.008,no
industriam,la,1,0.008,no
industriamque,la,1,0.008,no
industrios,la,1,0.008,no
industrium,la,1,0.008,no
induta,la,1,0.008,no
indutum,la,1,0.008,no
induxi,la,1,0.008,no
inedias,la,1,0.008,no
ineluctabili,la,1,0.008,no
inerat,la,1,0.008,no
inermes,la,1,0.008,no
ineruditos,la,1,0.008,no
ineruditus,la,1,0.008,no
inerunt,la,1,0.008,no
ineunda,la,1,0.008,no
ineundis,la,1,0.008,no
ineunte,la,1,0.008,no
inevitabilitate,la,1,0.008,no
inexhaustae,la,1,0.008,no
inexhaustos,la,1,0.008,no
inexpertos,la,1,0.008,no
inexplicabilem,la,1,0.008,no
inexspectato,la,1,0.008,no
infallibiliter,la,1,0.008,no
infame,la,1,0.008,no
infami,la,1,0.008,no
infamia,la,1,0.008,no
infanda,la,1,0.008,no
infans,la,1,0.008,no
infantem,la,1,0.008,no
infantibus,la,1,0.008,no
infantis,la,1,0.008,no
infantium,la,1,0.008,no
infantulis,la,1,0.008,no
infantulosque,la,1,0.008,no
infausta,la,1,0.008,no
infausto,la,1,0.008,no
infecit,la,1,0.008,no
infectantur,la,1,0.008,no
infectus,la,1,0.008,no
infelice,la,1,0.008,no
infelicem,la,1,0.008,no
infeliciorem,la,1,0.008,no
infelicissimum,la,1,0.008,no
infelicius,la,1,0.008,no
inferant,la,1,0.008,no
inferatur,la,1,0.008,no
inferebant,la,1,0.008,no
inferebat,la,1,0.008,no
inferendi,la,1,0.008,no
inferendum,la,1,0.008,no
inferente,la,1,0.008,no
inferentes,la,1,0.008,no
inferet,la,1,0.008,no
inferiorem,la,1,0.008,no
inferiores,la,1,0.008,no
inferiorum,la,1,0.008,no
inferis,la,1,0.008,no
infernales,la,1,0.008,no
infernalis,la,1,0.008,no
inferni,la,1,0.008,no
infernorum,la,1,0.008,no
infernumque,la,1,0.008,no
infert,la,1,0.008,no
inferunt,la,1,0.008,no
infestabant,la,1,0.008,no
infestam,la,1,0.008,no
infestant,la,1,0.008,no
infestas,la,1,0.008,no
infestavit,la,1,0.008,no
infestent,la,1,0.008,no
inficiari,la,1,0.008,no
inficiatione,la,1,0.008,no
inficit,la,1,0.008,no
infidelis,la,1,0.008,no
infidelitatem,la,1,0.008,no
infidelitatis,la,1,0.008,no
infidi,la,1,0.008,no
infidus,la,1,0.008,no
infimi,la,1,0.008,no
infimis,la,1,0.008,no
infimisque,la,1,0.008,no
infimorumque,la,1,0.008,no
infimos,la,1,0.008,no
infinitam,la,1,0.008,no
infinite,la,1,0.008,no
infinitis,la,1,0.008,no
infinitorum,la,1,0.008,no
infinitus,la,1,0.008,no
infirmavit,la,1,0.008,no
infirmissima,la,1,0.008,no
infirmitas,la,1,0.008,no
infirmitatibus,la,1,0.008,no
infirmum,la,1,0.008,no
infirmus,la,1,0.008,no
inflammat,la,1,0.008,no
inflammata,la,1,0.008,no
inflammatur,la,1,0.008,no
inflammatus,la,1,0.008,no
inflati,la,1,0.008,no
inflatur,la,1,0.008,no
inflicta,la,1,0.008,no
infligit,la,1,0.008,no
infnita,la,1,0.008,no
informantis,la,1,0.008,no
informantur,la,1,0.008,no
informaretur,la,1,0.008,no
informatae,la,1,0.008,no
informati,la,1,0.008,no
informatione,la,1,0.008,no
informationes,la,1,0.008,no
informavi,la,1,0.008,no
informavimus,la,1,0.008,no
informetur,la,1,0.008,no
infortunio,la,1,0.008,no
infractum,la,1,0.008,no
infrequentia,la,1,0.008,no
infringunt,la,1,0.008,no
infundere,la,1,0.008,no
ing,la,1,0.008,no
ingeminarent,la,1,0.008,no
ingenerarent,la,1,0.008,no
ingeniis,la,1,0.008,no
ingenioque,la,1,0.008,no
ingentis,la,1,0.008,no
ingenuae,la,1,0.008,no
ingenuus,la,1,0.008,no
ingeramus,la,1,0.008,no
ingerendo,la,1,0.008,no
ingnari,la,1,0.008,no
ingrata,la,1,0.008,no
ingrati,la,1,0.008,no
ingratum,la,1,0.008,no
ingre,la,1,0.008,no
ingrediamur,la,1,0.008,no
ingrediaris,la,1,0.008,no
ingrediatur,la,1,0.008,no
ingrediebantur,la,1,0.008,no
ingrediendam,la,1,0.008,no
ingrediens,la,1,0.008,no
ingredientur,la,1,0.008,no
ingredirer,la,1,0.008,no
ingressae,la,1,0.008,no
ingressurus,la,1,0.008,no
ingressusque,la,1,0.008,no
inhabilis,la,1,0.008,no
inhabitandam,la,1,0.008,no
inhabitant,la,1,0.008,no
inhabitare,la,1,0.008,no
inhabitat,la,1,0.008,no
inhaereat,la,1,0.008,no
inhaerentes,la,1,0.008,no
inhaeserint,la,1,0.008,no
inhiare,la,1,0.008,no
inhiarunt,la,1,0.008,no
inhibebat,la,1,0.008,no
inhibendum,la,1,0.008,no
inhibetur,la,1,0.008,no
inhibuit,la,1,0.008,no
inhumana,la,1,0.008,no
inhumanitatem,la,1,0.008,no
inibique,la,1,0.008,no
inicit,la,1,0.008,no
iniecerunt,la,1,0.008,no
iniecta,la,1,0.008,no
iniectus,la,1,0.008,no
inierant,la,1,0.008,no
iniiciunt,la,1,0.008,no
iniit,la,1,0.008,no
inimica,la,1,0.008,no
inimicam,la,1,0.008,no
inimicitia,la,1,0.008,no
inimicitias,la,1,0.008,no
inimicitiis,la,1,0.008,no
inimico,la,1,0.008,no
inimicus,la,1,0.008,no
inique,la,1,0.008,no
iniquissimas,la,1,0.008,no
iniquissime,la,1,0.008,no
iniquissimis,la,1,0.008,no
iniquissimum,la,1,0.008,no
iniquo,la,1,0.008,no
iniquum,la,1,0.008,no
inire,la,1,0.008,no
iniret,la,1,0.008,no
inita,la,1,0.008,no
initae,la,1,0.008,no
initi,la,1,0.008,no
initiaretur,la,1,0.008,no
initiari,la,1,0.008,no
initientur,la,1,0.008,no
initijs,la,1,0.008,no
iniungat,la,1,0.008,no
iniungi,la,1,0.008,no
iniungimus,la,1,0.008,no
iniunia,la,1,0.008,no
iniuriae,la,1,0.008,no
iniuriatus,la,1,0.008,no
iniurię,la,1,0.008,no
iniuriis,la,1,0.008,no
iniuriosum,la,1,0.008,no
iniuriuam,la,1,0.008,no
iniusta,la,1,0.008,no
iniustae,la,1,0.008,no
iniustam,la,1,0.008,no
iniustis,la,1,0.008,no
iniustissimis,la,1,0.008,no
iniustitia,la,1,0.008,no
iniustus,la,1,0.008,no
inivimus,la,1,0.008,no
injuncta,la,1,0.008,no
injunxerat,la,1,0.008,no
injuria,la,1,0.008,no
injuriae,la,1,0.008,no
injuriis,la,1,0.008,no
inlibata,la,1,0.008,no
inmensum,la,1,0.008,no
inmortalem,la,1,0.008,no
inmortalitate,la,1,0.008,no
innata,la,1,0.008,no
innatam,la,1,0.008,no
innitens,la,1,0.008,no
inniti,la,1,0.008,no
innituntur,la,1,0.008,no
innixa,la,1,0.008,no
innocentem,la,1,0.008,no
innocentes,la,1,0.008,no
innocenti,la,1,0.008,no
innocentibus,la,1,0.008,no
innocentio,la,1,0.008,no
innocentum,la,1,0.008,no
innorescat,la,1,0.008,no
innotescerent,la,1,0.008,no
innotesceret,la,1,0.008,no
innotescet,la,1,0.008,no
innotuerit,la,1,0.008,no
innotuisset,la,1,0.008,no
innoxiam,la,1,0.008,no
innoxio,la,1,0.008,no
innoxios,la,1,0.008,no
innuebat,la,1,0.008,no
innuit,la,1,0.008,no
innumerabilem,la,1,0.008,no
innumerabiles,la,1,0.008,no
innumerabilibus,la,1,0.008,no
innumerabilis,la,1,0.008,no
innumerae,la,1,0.008,no
innumeras,la,1,0.008,no
innumerata,la,1,0.008,no
innumeri,la,1,0.008,no
innumeros,la,1,0.008,no
ino,la,1,0.008,no
inopiae,la,1,0.008,no
inopinata,la,1,0.008,no
inopinatus,la,1,0.008,no
inops,la,1,0.008,no
inopum,la,1,0.008,no
inpono,la,1,0.008,no
inpossibilitatus,la,1,0.008,no
inque,la,1,0.008,no
inquiebat,la,1,0.008,no
inquietas,la,1,0.008,no
inquieti,la,1,0.008,no
inquietissime,la,1,0.008,no
inquietos,la,1,0.008,no
inquinat,la,1,0.008,no
inquinatissimi,la,1,0.008,no
inquirebant,la,1,0.008,no
inquirit,la,1,0.008,no
inquirunt,la,1,0.008,no
inquisitonis,la,1,0.008,no
inquisitores,la,1,0.008,no
inquisitorum,la,1,0.008,no
inquiunt,la,1,0.008,no
insanam,la,1,0.008,no
insaniebat,la,1,0.008,no
insano,la,1,0.008,no
inscio,la,1,0.008,no
inscius,la,1,0.008,no
inscripta,la,1,0.008,no
inscriptiones,la,1,0.008,no
insectabantur,la,1,0.008,no
insectari,la,1,0.008,no
insectatione,la,1,0.008,no
insecuta,la,1,0.008,no
insequenti,la,1,0.008,no
insequentis,la,1,0.008,no
insequitur,la,1,0.008,no
insequuntur,la,1,0.008,no
inserto,la,1,0.008,no
inservientes,la,1,0.008,no
inserviret,la,1,0.008,no
insidens,la,1,0.008,no
insidi,la,1,0.008,no
insidias,la,1,0.008,no
insidijs,la,1,0.008,no
insigne,la,1,0.008,no
insigniores,la,1,0.008,no
insigniter,la,1,0.008,no
insignitum,la,1,0.008,no
insignitur,la,1,0.008,no
insilientes,la,1,0.008,no
insimulant,la,1,0.008,no
insinuandum,la,1,0.008,no
insinuant,la,1,0.008,no
insinuavi,la,1,0.008,no
insinuent,la,1,0.008,no
insistebat,la,1,0.008,no
insitae,la,1,0.008,no
insitamque,la,1,0.008,no
insitámque,la,1,0.008,no
insolenter,la,1,0.008,no
insolentes,la,1,0.008,no
insolentia,la,1,0.008,no
insolentias,la,1,0.008,no
insolitae,la,1,0.008,no
insolito,la,1,0.008,no
insonti,la,1,0.008,no
insontibus,la,1,0.008,no
insordidari,la,1,0.008,no
inspectante,la,1,0.008,no
inspecturus,la,1,0.008,no
inspirata,la,1,0.008,no
inspirent,la,1,0.008,no
instabiles,la,1,0.008,no
instant,la,1,0.008,no
instaurandi,la,1,0.008,no
instaurarunt,la,1,0.008,no
instaurata,la,1,0.008,no
instauravit,la,1,0.008,no
instigantibus,la,1,0.008,no
institis,la,1,0.008,no
instituantur,la,1,0.008,no
instituebatur,la,1,0.008,no
instituendos,la,1,0.008,no
instituere,la,1,0.008,no
instituerentur,la,1,0.008,no
institueretque,la,1,0.008,no
institueretur,la,1,0.008,no
institui,la,1,0.008,no
instituitur,la,1,0.008,no
institutae,la,1,0.008,no
institutionem,la,1,0.008,no
institutioni,la,1,0.008,no
institutionis,la,1,0.008,no
institutor,la,1,0.008,no
insto,la,1,0.008,no
instruamur,la,1,0.008,no
instruantur,la,1,0.008,no
instruat,la,1,0.008,no
instructa,la,1,0.008,no
instructam,la,1,0.008,no
instructionem,la,1,0.008,no
instructum,la,1,0.008,no
instruebant,la,1,0.008,no
instruebat,la,1,0.008,no
instruendam,la,1,0.008,no
instruendo,la,1,0.008,no
instruendos,la,1,0.008,no
instruerent,la,1,0.008,no
instrueret,la,1,0.008,no
instruit,la,1,0.008,no
instrumento,la,1,0.008,no
instruuntur,la,1,0.008,no
instruxerant,la,1,0.008,no
instruxerunt,la,1,0.008,no
instruxit,la,1,0.008,no
insubordinatis,la,1,0.008,no
insudare,la,1,0.008,no
insuficientem,la,1,0.008,no
insulamque,la,1,0.008,no
insulse,la,1,0.008,no
insultare,la,1,0.008,no
insultat,la,1,0.008,no
insumpserunt,la,1,0.008,no
insumptos,la,1,0.008,no
insumpturus,la,1,0.008,no
insurgentes,la,1,0.008,no
insurgentibus,la,1,0.008,no
insurgerent,la,1,0.008,no
insurgit,la,1,0.008,no
insurrexerant,la,1,0.008,no
insurrexit,la,1,0.008,no
insuta,la,1,0.008,no
int,la,1,0.008,no
intabescit,la,1,0.008,no
intactas,la,1,0.008,no
intacti,la,1,0.008,no
intecedit,la,1,0.008,no
integebantur,la,1,0.008,no
integerrimos,la,1,0.008,no
integerrimus,la,1,0.008,no
integritatem,la,1,0.008,no
integritati,la,1,0.008,no
integritatis,la,1,0.008,no
inteiras,pt,1,0.008,no
inteligamus,la,1,0.008,no
intellecto,la,1,0.008,no
intellectu,la,1,0.008,no
intellectum,la,1,0.008,no
intellexerint,la,1,0.008,no
intellexerunt,la,1,0.008,no
intellexi,la,1,0.008,no
intellexissent,la,1,0.008,no
intellige,la,1,0.008,no
intelligendam,la,1,0.008,no
intelligendos,la,1,0.008,no
intelligendus,la,1,0.008,no
intelligent,la,1,0.008,no
intelligentiam,la,1,0.008,no
intelligentias,la,1,0.008,no
intelligeremus,la,1,0.008,no
intelliges,la,1,0.008,no
intelligetis,la,1,0.008,no
intelligetur,la,1,0.008,no
intelligo,la,1,0.008,no
intelligunt,la,1,0.008,no
intemperiem,la,1,0.008,no
intemperies,la,1,0.008,no
intendo,la,1,0.008,no
intentata,la,1,0.008,no
intenti,la,1,0.008,no
intentionum,la,1,0.008,no
intentus,la,1,0.008,no
intercedebant,la,1,0.008,no
intercedente,la,1,0.008,no
intercedentes,la,1,0.008,no
intercedere,la,1,0.008,no
intercederet,la,1,0.008,no
intercepisset,la,1,0.008,no
intercessimus,la,1,0.008,no
intercessio,la,1,0.008,no
intercipere,la,1,0.008,no
intercipiendi,la,1,0.008,no
intercipit,la,1,0.008,no
intercisas,la,1,0.008,no
intercludebat,la,1,0.008,no
intercludendo,la,1,0.008,no
intercluderent,la,1,0.008,no
intercluderetur,la,1,0.008,no
interclusa,la,1,0.008,no
interclusuri,la,1,0.008,no
interdicendum,la,1,0.008,no
interdiceres,la,1,0.008,no
interdiu,la,1,0.008,no
interdixisse,la,1,0.008,no
interemerit,la,1,0.008,no
interemit,la,1,0.008,no
interempto,la,1,0.008,no
interempturum,la,1,0.008,no
interessent,la,1,0.008,no
interesset,la,1,0.008,no
interficere,la,1,0.008,no
interficeretur,la,1,0.008,no
interficiunt,la,1,0.008,no
interfuere,la,1,0.008,no
interfuerit,la,1,0.008,no
interfuerunt,la,1,0.008,no
interiectae,la,1,0.008,no
interiectam,la,1,0.008,no
interiecto,la,1,0.008,no
interiectu,la,1,0.008,no
interiectus,la,1,0.008,no
interierit,la,1,0.008,no
interijt,la,1,0.008,no
interimat,la,1,0.008,no
interimunt,la,1,0.008,no
interiore,la,1,0.008,no
interiret,la,1,0.008,no
interitu,la,1,0.008,no
interituri,la,1,0.008,no
interiùs,la,1,0.008,no
intermissent,la,1,0.008,no
intermittantur,la,1,0.008,no
intermitterentur,la,1,0.008,no
internae,la,1,0.008,no
internam,la,1,0.008,no
internecionem,la,1,0.008,no
interno,la,1,0.008,no
internuntios,la,1,0.008,no
interogati,la,1,0.008,no
interpellat,la,1,0.008,no
interponente,la,1,0.008,no
interposito,la,1,0.008,no
interpreta,la,1,0.008,no
interpretabantur,la,1,0.008,no
interpretandam,la,1,0.008,no
interpretatione,la,1,0.008,no
interpretationem,la,1,0.008,no
interpretibus,la,1,0.008,no
intérque,la,1,0.008,no
intèrque,la,1,0.008,no
interrogabat,la,1,0.008,no
interrogari,la,1,0.008,no
interrogat,la,1,0.008,no
interrogationes,la,1,0.008,no
interrogatique,la,1,0.008,no
interrogatus,la,1,0.008,no
interrogauit,la,1,0.008,no
interrogavitque,la,1,0.008,no
interrupta,la,1,0.008,no
interruptum,la,1,0.008,no
intersint,la,1,0.008,no
intertexto,la,1,0.008,no
interveniente,la,1,0.008,no
intervenientis,la,1,0.008,no
intervenit,la,1,0.008,no
interventu,la,1,0.008,no
intimam,la,1,0.008,no
intimare,la,1,0.008,no
intimaret,la,1,0.008,no
intimat,la,1,0.008,no
intimatione,la,1,0.008,no
intimationis,la,1,0.008,no
intimato,la,1,0.008,no
intimavit,la,1,0.008,no
intime,la,1,0.008,no
intimi,la,1,0.008,no
intimum,la,1,0.008,no
intimus,la,1,0.008,no
intolerabilem,la,1,0.008,no
intolerabilis,la,1,0.008,no
intorcetta,la,1,0.008,no
intorpescentibus,la,1,0.008,no
intrandae,la,1,0.008,no
intrandum,la,1,0.008,no
intrantium,la,1,0.008,no
intrare,la,1,0.008,no
intrârunt,la,1,0.008,no
intravi,la,1,0.008,no
intravit,la,1,0.008,no
intrepida,la,1,0.008,no
intrinsece,la,1,0.008,no
intrinseco,la,1,0.008,no
introducendos,la,1,0.008,no
introducti,la,1,0.008,no
introduxerunt,la,1,0.008,no
introeunte,la,1,0.008,no
introgrediens,la,1,0.008,no
introierunt,la,1,0.008,no
introire,la,1,0.008,no
introitum,la,1,0.008,no
intromissa,la,1,0.008,no
intromissus,la,1,0.008,no
introspicere,la,1,0.008,no
introspicientibus,la,1,0.008,no
introspicimus,la,1,0.008,no
intueamur,la,1,0.008,no
intuentibus,la,1,0.008,no
intuentur,la,1,0.008,no
intuerentur,la,1,0.008,no
intumuit,la,1,0.008,no
intus,la,1,0.008,no
inuecta,la,1,0.008,no
inuenient,la,1,0.008,no
inueniri,la,1,0.008,no
inuenit,la,1,0.008,no
inuentam,la,1,0.008,no
inuentas,la,1,0.008,no
inuenti,la,1,0.008,no
inuentis,la,1,0.008,no
inuentor,la,1,0.008,no
inuentorem,la,1,0.008,no
inuestigari,la,1,0.008,no
inuestigatio,la,1,0.008,no
inuestigationem,la,1,0.008,no
inuicem,la,1,0.008,no
inuicto,la,1,0.008,no
inuictum,la,1,0.008,no
inuideret,la,1,0.008,no
inuigilant,la,1,0.008,no
inuitamur,la,1,0.008,no
inuitis,la,1,0.008,no
inuito,la,1,0.008,no
inumerabiles,la,1,0.008,no
inungebant,la,1,0.008,no
inuocamus,la,1,0.008,no
inuocandum,la,1,0.008,no
inuoluerat,la,1,0.008,no
inuoluerent,la,1,0.008,no
inuri,la,1,0.008,no
inusitatis,la,1,0.008,no
inutile,la,1,0.008,no
inutiles,la,1,0.008,no
inutiliter,la,1,0.008,no
invadamus,la,1,0.008,no
invadat,la,1,0.008,no
invadendi,la,1,0.008,no
invadentes,la,1,0.008,no
invaderet,la,1,0.008,no
invaditur,la,1,0.008,no
invaduntur,la,1,0.008,no
invaluerunt,la,1,0.008,no
invaserat,la,1,0.008,no
invaserint,la,1,0.008,no
invaserunt,la,1,0.008,no
invasione,la,1,0.008,no
invasisse,la,1,0.008,no
invasorem,la,1,0.008,no
invectus,la,1,0.008,no
invenerim,la,1,0.008,no
inveniantur,la,1,0.008,no
inveniatur,la,1,0.008,no
invenientes,la,1,0.008,no
inveniet,la,1,0.008,no
invenirentur,la,1,0.008,no
inveniret,la,1,0.008,no
inveniretur,la,1,0.008,no
inveniunt,la,1,0.008,no
inventores,la,1,0.008,no
inventus,la,1,0.008,no
inverso,la,1,0.008,no
investigare,la,1,0.008,no
inveteratus,la,1,0.008,no
invictam,la,1,0.008,no
invicti,la,1,0.008,no
invictissimi,la,1,0.008,no
invida,la,1,0.008,no
invidere,la,1,0.008,no
invidiam,la,1,0.008,no
invigilant,la,1,0.008,no
invigilat,la,1,0.008,no
invigilent,la,1,0.008,no
invincibilique,la,1,0.008,no
inviolabile,la,1,0.008,no
inviolabiliter,la,1,0.008,no
invisantur,la,1,0.008,no
invisendi,la,1,0.008,no
invisentibus,la,1,0.008,no
inviseremus,la,1,0.008,no
inviserent,la,1,0.008,no
inviserentur,la,1,0.008,no
invisibilibus,la,1,0.008,no
invisimus,la,1,0.008,no
invissere,la,1,0.008,no
invisseret,la,1,0.008,no
invissi,la,1,0.008,no
invissit,la,1,0.008,no
invitantem,la,1,0.008,no
invitantur,la,1,0.008,no
invitare,la,1,0.008,no
invitarunt,la,1,0.008,no
invitati,la,1,0.008,no
invitatum,la,1,0.008,no
invitavi,la,1,0.008,no
invitę,la,1,0.008,no
invitentur,la,1,0.008,no
invitis,la,1,0.008,no
invitos,la,1,0.008,no
invocantes,la,1,0.008,no
invocare,la,1,0.008,no
invocatis,la,1,0.008,no
invocato,la,1,0.008,no
invocavit,la,1,0.008,no
involant,la,1,0.008,no
involuens,la,1,0.008,no
involuerit,la,1,0.008,no
involutum,la,1,0.008,no
iob,la,1,0.008,no
iocis,la,1,0.008,no
ioco,la,1,0.008,no
ioculatoribus,la,1,0.008,no
iohan,la,1,0.008,no
iohanem,la,1,0.008,no
iohanne,la,1,0.008,no
ionem,la,1,0.008,no
ioriques,la,1,0.008,no
ioseph,la,1,0.008,no
iosepho,la,1,0.008,no
iouem,la,1,0.008,no
ip,la,1,0.008,no
ipfe,la,1,0.008,no
ipsammet,la,1,0.008,no
ipsamq,la,1,0.008,no
ipsaque,la,1,0.008,no
ipsismet,la,1,0.008,no
ipsisque,la,1,0.008,no
ipsiusmet,la,1,0.008,no
ipsorumque,la,1,0.008,no
ipsosque,la,1,0.008,no
iracundiae,la,1,0.008,no
irascantur,la,1,0.008,no
irascuntur,la,1,0.008,no
iremus,la,1,0.008,no
iriafaconum,la,1,0.008,no
irremediabiliter,la,1,0.008,no
irretitus,la,1,0.008,no
irrigare,la,1,0.008,no
irrigata,la,1,0.008,no
irritas,la,1,0.008,no
irrito,la,1,0.008,no
irritum,la,1,0.008,no
irroganda,la,1,0.008,no
irrogandis,la,1,0.008,no
irrogare,la,1,0.008,no
irrogatam,la,1,0.008,no
irrogatur,la,1,0.008,no
irruentium,la,1,0.008,no
irruere,la,1,0.008,no
irruerent,la,1,0.008,no
irrueret,la,1,0.008,no
irruissent,la,1,0.008,no
irrumpebant,la,1,0.008,no
irrumpere,la,1,0.008,no
irrumperunt,la,1,0.008,no
irruptione,la,1,0.008,no
isabela,la,1,0.008,no
isafaidonus,la,1,0.008,no
isafaindonum,la,1,0.008,no
isauria,la,1,0.008,no
isciano,la,1,0.008,no
iscianum,la,1,0.008,no
isciensi,la,1,0.008,no
islas,es,1,0.008,no
ispis,la,1,0.008,no
ispsis,la,1,0.008,no
israel,la,1,0.008,no
israël,la,1,0.008,no
istae,la,1,0.008,no
istarum,la,1,0.008,no
isthac,la,1,0.008,no
isthmo,la,1,0.008,no
isthuc,la,1,0.008,no
istic,la,1,0.008,no
istinc,la,1,0.008,no
istorum,la,1,0.008,no
it,la,1,0.008,no
italiae,la,1,0.008,no
italiam,la,1,0.008,no
italice,la,1,0.008,no
italis,la,1,0.008,no
italum,la,1,0.008,no
iteratis,la,1,0.008,no
iti,la,1,0.008,no
itiden,la,1,0.008,no
itodonus,la,1,0.008,no
ituri,la,1,0.008,no
iubeant,la,1,0.008,no
iubeas,la,1,0.008,no
iubebis,la,1,0.008,no
iubemur,la,1,0.008,no
iubendo,la,1,0.008,no
iubens,la,1,0.008,no
iubentes,la,1,0.008,no
iuberet,la,1,0.008,no
iuberi,la,1,0.008,no
iubes,la,1,0.008,no
iubilei,la,1,0.008,no
iubileum,la,1,0.008,no
iucunda,la,1,0.008,no
iucundioris,la,1,0.008,no
iucundissima,la,1,0.008,no
iucunditate,la,1,0.008,no
iuda,la,1,0.008,no
iudae,la,1,0.008,no
iudaea,la,1,0.008,no
iudeis,la,1,0.008,no
iudicabam,la,1,0.008,no
iudicabimus,la,1,0.008,no
iudicanda,la,1,0.008,no
iudicandos,la,1,0.008,no
iudicaretur,la,1,0.008,no
iudicata,la,1,0.008,no
iudicaverint,la,1,0.008,no
iudicaveris,la,1,0.008,no
iudicavi,la,1,0.008,no
iudicavimus,la,1,0.008,no
iudicet,la,1,0.008,no
iudici,la,1,0.008,no
iudiciique,la,1,0.008,no
iudiciorum,la,1,0.008,no
iudico,la,1,0.008,no
iudicumve,la,1,0.008,no
iuditio,la,1,0.008,no
iuenam,la,1,0.008,no
iuêre,la,1,0.008,no
iuge,la,1,0.008,no
iugis,la,1,0.008,no
iugulare,la,1,0.008,no
iugulavit,la,1,0.008,no
iugulum,la,1,0.008,no
iunco,la,1,0.008,no
iuncta,la,1,0.008,no
iuncum,la,1,0.008,no
iuncus,la,1,0.008,no
iungeretur,la,1,0.008,no
iunglieus,la,1,0.008,no
iunior,la,1,0.008,no
iuniorem,la,1,0.008,no
iunnan,la,1,0.008,no
iunxissent,la,1,0.008,no
iuramentorum,la,1,0.008,no
iuramus,la,1,0.008,no
iurandi,la,1,0.008,no
iurandumque,la,1,0.008,no
iuras,la,1,0.008,no
iurasse,la,1,0.008,no
iurasset,la,1,0.008,no
iuraverint,la,1,0.008,no
iureiurando,la,1,0.008,no
iuribus,la,1,0.008,no
iuridice,la,1,0.008,no
iuridico,la,1,0.008,no
iuridictionem,la,1,0.008,no
iurisdictioem,la,1,0.008,no
iurisiurandi,la,1,0.008,no
iuro,la,1,0.008,no
iusionem,la,1,0.008,no
iusrare,la,1,0.008,no
iussione,la,1,0.008,no
iussis,la,1,0.008,no
iussisset,la,1,0.008,no
iussitq,la,1,0.008,no
iustae,la,1,0.008,no
iusticia,la,1,0.008,no
iusticiam,la,1,0.008,no
iusticie,la,1,0.008,no
iustificari,la,1,0.008,no
iustificationem,la,1,0.008,no
iustifico,la,1,0.008,no
iustini,la,1,0.008,no
iustissima,la,1,0.008,no
iustitae,la,1,0.008,no
iustitię,la,1,0.008,no
iustititae,la,1,0.008,no
iustos,la,1,0.008,no
iustus,la,1,0.008,no
iuuemus,la,1,0.008,no
iuvandam,la,1,0.008,no
iuvandi,la,1,0.008,no
iuvandis,la,1,0.008,no
iuvandos,la,1,0.008,no
iuvantibus,la,1,0.008,no
iuvarent,la,1,0.008,no
iuvaret,la,1,0.008,no
iuvenem,la,1,0.008,no
iuvenum,la,1,0.008,no
iuver,la,1,0.008,no
iuverit,la,1,0.008,no
iuvit,la,1,0.008,no
ivañez,la,1,0.008,no
iverat,la,1,0.008,no
ivi,la,1,0.008,no
ivimus,la,1,0.008,no
ivissent,la,1,0.008,no
ivisset,la,1,0.008,no
ix,la,1,0.008,no
ja,la,1,0.008,no
jacobi,la,1,0.008,no
jacturam,la,1,0.008,no
jamjam,la,1,0.008,no
jamvero,la,1,0.008,no
januario,la,1,0.008,no
japão,pt,1,0.008,no
japonem,la,1,0.008,no
japonensis,la,1,0.008,no
japonensium,la,1,0.008,no
japonicarum,la,1,0.008,no
japonicum,la,1,0.008,no
japonie,la,1,0.008,no
japoniensis,la,1,0.008,no
japponensem,la,1,0.008,no
japponensibus,la,1,0.008,no
japponicam,la,1,0.008,no
japponicos,la,1,0.008,no
japponum,la,1,0.008,no
jesù,la,1,0.008,no
jiao,trans,1,0.008,no
joanni,la,1,0.008,no
joannis,la,1,0.008,no
jorgius,la,1,0.008,no
josephus,la,1,0.008,no
juan,la,1,0.008,no
jubilaei,la,1,0.008,no
jucundam,la,1,0.008,no
jucundius,la,1,0.008,no
judex,la,1,0.008,no
judicare,la,1,0.008,no
judicarunt,la,1,0.008,no
judicatumque,la,1,0.008,no
judicavi,la,1,0.008,no
judicem,la,1,0.008,no
jugera,la,1,0.008,no
jugum,la,1,0.008,no
julio,la,1,0.008,no
jun,la,1,0.008,no
junii,la,1,0.008,no
juramento,la,1,0.008,no
jure,la,1,0.008,no
jurene,la,1,0.008,no
jurisdictio,la,1,0.008,no
jurisperitis,la,1,0.008,no
jus,la,1,0.008,no
justitiae,la,1,0.008,no
justitiam,la,1,0.008,no
juvenes,la,1,0.008,no
juvenum,la,1,0.008,no
kal,la,1,0.008,no
kalendis,la,1,0.008,no
kambaliensis,la,1,0.008,no
kan,la,1,0.008,no
karakytai,la,1,0.008,no
kartago,la,1,0.008,no
kengum,la,1,0.008,no
kengus,la,1,0.008,no
khiucheu,la,1,0.008,no
kì,trans,1,0.008,no
kiãi,trans,1,0.008,no
kian,la,1,0.008,no
kianc,trans,1,0.008,no
kiangcheu,la,1,0.008,no
kiangum,la,1,0.008,no
kioochang,la,1,0.008,no
kioviam,la,1,0.008,no
kitay,la,1,0.008,no
kiu,la,1,0.008,no
kiung,trans,1,0.008,no
kuangcheu,la,1,0.008,no
kuangsi,la,1,0.008,no
kuangtonensi,la,1,0.008,no
kuangtungnensi,la,1,0.008,no
labantes,la,1,0.008,no
labanti,la,1,0.008,no
labantur,la,1,0.008,no
labem,la,1,0.008,no
labitur,la,1,0.008,no
laborabamus,la,1,0.008,no
laborando,la,1,0.008,no
laborans,la,1,0.008,no
laborantes,la,1,0.008,no
laborarent,la,1,0.008,no
laboraret,la,1,0.008,no
laborari,la,1,0.008,no
laborassent,la,1,0.008,no
laborat,la,1,0.008,no
laboratis,la,1,0.008,no
laboratur,la,1,0.008,no
laboravi,la,1,0.008,no
laboravimus,la,1,0.008,no
laboret,la,1,0.008,no
laboriose,la,1,0.008,no
laboro,la,1,0.008,no
labuntur,la,1,0.008,no
lacedaemonium,la,1,0.008,no
lacerantes,la,1,0.008,no
lacernis,la,1,0.008,no
lacessat,la,1,0.008,no
lacessiti,la,1,0.008,no
lachrymas,la,1,0.008,no
laconica,la,1,0.008,no
laconicae,la,1,0.008,no
lactentium,la,1,0.008,no
lacum,la,1,0.008,no
lae,la,1,0.008,no
laedendum,la,1,0.008,no
laedere,la,1,0.008,no
laeditur,la,1,0.008,no
laedunt,la,1,0.008,no
laesit,la,1,0.008,no
laetabundo,la,1,0.008,no
laetabundum,la,1,0.008,no
laetari,la,1,0.008,no
laetatur,la,1,0.008,no
laetatus,la,1,0.008,no
laetiferam,la,1,0.008,no
laetificat,la,1,0.008,no
laetiorem,la,1,0.008,no
laetissima,la,1,0.008,no
laetissimum,la,1,0.008,no
laetitae,la,1,0.008,no
laetitiis,la,1,0.008,no
laetumque,la,1,0.008,no
laeua,la,1,0.008,no
laguna,la,1,0.008,no
laicis,la,1,0.008,no
lama,la,1,0.008,no
lamego,la,1,0.008,no
lamen,la,1,0.008,no
lamentabili,la,1,0.008,no
lamentationum,la,1,0.008,no
lanam,la,1,0.008,no
lanceis,la,1,0.008,no
lancillotus,la,1,0.008,no
lancilotto,la,1,0.008,no
langores,la,1,0.008,no
languentes,la,1,0.008,no
languesceret,la,1,0.008,no
lanki,la,1,0.008,no
lantur,la,1,0.008,no
laodicena,la,1,0.008,no
laodiciam,la,1,0.008,no
lapidatus,la,1,0.008,no
lapidaverunt,la,1,0.008,no
lapides,la,1,0.008,no
lapidis,la,1,0.008,no
lapidum,la,1,0.008,no
lapsi,la,1,0.008,no
lapsuros,la,1,0.008,no
lapsuum,la,1,0.008,no
laqueus,la,1,0.008,no
largiabatur,la,1,0.008,no
largiretur,la,1,0.008,no
largiri,la,1,0.008,no
largitione,la,1,0.008,no
largitioni,la,1,0.008,no
largitionibusque,la,1,0.008,no
largitur,la,1,0.008,no
largitus,la,1,0.008,no
largum,la,1,0.008,no
larum,la,1,0.008,no
lassae,la,1,0.008,no
latae,la,1,0.008,no
lataeque,la,1,0.008,no
latarum,la,1,0.008,no
late,la,1,0.008,no
latebrae,la,1,0.008,no
latebris,la,1,0.008,no
latera,la,1,0.008,no
lateret,la,1,0.008,no
lateribus,la,1,0.008,no
latet,la,1,0.008,no
latiora,la,1,0.008,no
latis,la,1,0.008,no
latissima,la,1,0.008,no
latissimam,la,1,0.008,no
latissimas,la,1,0.008,no
latissimi,la,1,0.008,no
latissimis,la,1,0.008,no
latitare,la,1,0.008,no
latitarent,la,1,0.008,no
latius,la,1,0.008,no
lato,la,1,0.008,no
latona,la,1,0.008,no
latratus,la,1,0.008,no
latrocinium,la,1,0.008,no
latusque,la,1,0.008,no
lauacri,la,1,0.008,no
laud,la,1,0.008,no
laudabilem,la,1,0.008,no
laudabilis,la,1,0.008,no
laudabimus,la,1,0.008,no
laudamus,la,1,0.008,no
laudanda,la,1,0.008,no
laudando,la,1,0.008,no
laudantibus,la,1,0.008,no
laudata,la,1,0.008,no
laudataque,la,1,0.008,no
laudatissimi,la,1,0.008,no
laudatur,la,1,0.008,no
laudibus,la,1,0.008,no
laurentii,la,1,0.008,no
laus,la,1,0.008,no
laute,la,1,0.008,no
lavaos,la,1,0.008,no
lavari,la,1,0.008,no
lazarus,la,1,0.008,no
lazzarus,la,1,0.008,no
lect,la,1,0.008,no
lectiones,la,1,0.008,no
lecto,la,1,0.008,no
lectorem,la,1,0.008,no
lectores,la,1,0.008,no
lędas,la,1,0.008,no
leg,la,1,0.008,no
legalitati,la,1,0.008,no
legaliter,la,1,0.008,no
legatio,la,1,0.008,no
legationis,la,1,0.008,no
legatos,la,1,0.008,no
legendique,la,1,0.008,no
legendis,la,1,0.008,no
legentibus,la,1,0.008,no
legeret,la,1,0.008,no
legimus,la,1,0.008,no
legio,la,1,0.008,no
legionem,la,1,0.008,no
legiones,la,1,0.008,no
legionibus,la,1,0.008,no
legislatore,la,1,0.008,no
legislatori,la,1,0.008,no
legisque,la,1,0.008,no
legisset,la,1,0.008,no
legitimas,la,1,0.008,no
legitimisque,la,1,0.008,no
lego,la,1,0.008,no
legumen,la,1,0.008,no
leguntur,la,1,0.008,no
leido,es,1,0.008,no
lemnus,la,1,0.008,no
lendes,la,1,0.008,no
lenit,la,1,0.008,no
lento,la,1,0.008,no
leon,la,1,0.008,no
leone,la,1,0.008,no
leones,la,1,0.008,no
leoninae,la,1,0.008,no
leonis,la,1,0.008,no
leopardis,la,1,0.008,no
les,la,1,0.008,no
lessii,la,1,0.008,no
lessimum,la,1,0.008,no
lethalibus,la,1,0.008,no
lethalis,la,1,0.008,no
letiferis,la,1,0.008,no
leuandam,la,1,0.008,no
leuca,la,1,0.008,no
leucam,la,1,0.008,no
levare,la,1,0.008,no
leve,la,1,0.008,no
leviathan,la,1,0.008,no
levis,la,1,0.008,no
levissima,la,1,0.008,no
levissimas,la,1,0.008,no
levissimis,la,1,0.008,no
levissimum,la,1,0.008,no
leviter,la,1,0.008,no
lgnatius,la,1,0.008,no
lia,la,1,0.008,no
liati,la,1,0.008,no
lib,la,1,0.008,no
libanitides,la,1,0.008,no
libella,la,1,0.008,no
libelli,la,1,0.008,no
libellis,la,1,0.008,no
libellos,la,1,0.008,no
libentius,la,1,0.008,no
liberabitur,la,1,0.008,no
liberalem,la,1,0.008,no
liberales,la,1,0.008,no
liberali,la,1,0.008,no
liberalitatem,la,1,0.008,no
liberalitati,la,1,0.008,no
liberaliterque,la,1,0.008,no
liberam,la,1,0.008,no
liberandam,la,1,0.008,no
liberando,la,1,0.008,no
liberandos,la,1,0.008,no
liberarem,la,1,0.008,no
liberarunt,la,1,0.008,no
liberata,la,1,0.008,no
liberationem,la,1,0.008,no
liberatorem,la,1,0.008,no
liberatus,la,1,0.008,no
liberemus,la,1,0.008,no
liberior,la,1,0.008,no
liberius,la,1,0.008,no
libertateq,la,1,0.008,no
libertateque,la,1,0.008,no
libertatis,la,1,0.008,no
libet,la,1,0.008,no
libidinem,la,1,0.008,no
libidinibus,la,1,0.008,no
libidinosa,la,1,0.008,no
libidinosum,la,1,0.008,no
libido,la,1,0.008,no
libito,la,1,0.008,no
libram,la,1,0.008,no
libramine,la,1,0.008,no
libratores,la,1,0.008,no
libyae,la,1,0.008,no
libyam,la,1,0.008,no
licebat,la,1,0.008,no
licebit,la,1,0.008,no
licentiae,la,1,0.008,no
licere,la,1,0.008,no
licèt,la,1,0.008,no
licetque,la,1,0.008,no
licite,la,1,0.008,no
licitus,la,1,0.008,no
lictere,la,1,0.008,no
lictoribus,la,1,0.008,no
licuerit,la,1,0.008,no
licungzum,la,1,0.008,no
lieu,trans,1,0.008,no
ligantur,la,1,0.008,no
ligati,la,1,0.008,no
ligatis,la,1,0.008,no
ligatos,la,1,0.008,no
ligatum,la,1,0.008,no
ligatusque,la,1,0.008,no
lignaque,la,1,0.008,no
lignas,la,1,0.008,no
ligneam,la,1,0.008,no
ligneis,la,1,0.008,no
ligneum,la,1,0.008,no
lignis,la,1,0.008,no
ligno,la,1,0.008,no
lignorum,la,1,0.008,no
ligonibus,la,1,0.008,no
lihuzum,la,1,0.008,no
lilium,la,1,0.008,no
limen,la,1,0.008,no
limitandam,la,1,0.008,no
limitibus,la,1,0.008,no
lineas,la,1,0.008,no
lineis,la,1,0.008,no
lingue,la,1,0.008,no
linguȩ,la,1,0.008,no
linteamina,la,1,0.008,no
liquamen,la,1,0.008,no
liquet,la,1,0.008,no
liquore,la,1,0.008,no
lissime,la,1,0.008,no
litas,la,1,0.008,no
litatem,la,1,0.008,no
literam,la,1,0.008,no
literariis,la,1,0.008,no
literati,la,1,0.008,no
literatum,la,1,0.008,no
lites,la,1,0.008,no
litigantes,la,1,0.008,no
litigatio,la,1,0.008,no
litigatum,la,1,0.008,no
litigavit,la,1,0.008,no
litigia,la,1,0.008,no
litigii,la,1,0.008,no
litis,la,1,0.008,no
litter,la,1,0.008,no
litterarium,la,1,0.008,no
litterati,la,1,0.008,no
litteratis,la,1,0.008,no
litterato,la,1,0.008,no
litteratos,la,1,0.008,no
littoris,la,1,0.008,no
liturgia,la,1,0.008,no
lius,la,1,0.008,no
llagas,la,1,0.008,no
lobelli,la,1,0.008,no
loc,la,1,0.008,no
locaque,la,1,0.008,no
locare,la,1,0.008,no
locaret,la,1,0.008,no
locorumque,la,1,0.008,no
loculentissimasque,la,1,0.008,no
locustarum,la,1,0.008,no
locutio,la,1,0.008,no
locūum,la,1,0.008,no
loiola,la,1,0.008,no
lombardus,la,1,0.008,no
longae,la,1,0.008,no
longam,la,1,0.008,no
longevitas,la,1,0.008,no
longinquam,la,1,0.008,no
longior,la,1,0.008,no
longiore,la,1,0.008,no
longiorem,la,1,0.008,no
longissima,la,1,0.008,no
longissimae,la,1,0.008,no
longitudo,la,1,0.008,no
longobardo,la,1,0.008,no
loquaces,la,1,0.008,no
loquebantur,la,1,0.008,no
loquendo,la,1,0.008,no
loquerentur,la,1,0.008,no
loquitur,la,1,0.008,no
loquutus,la,1,0.008,no
lorica,la,1,0.008,no
loricis,la,1,0.008,no
loth,la,1,0.008,no
loturam,la,1,0.008,no
louriçali,la,1,0.008,no
lovangum,la,1,0.008,no
lovangus,la,1,0.008,no
lubellus,la,1,0.008,no
lubenti,la,1,0.008,no
luca,la,1,0.008,no
lucalongo,la,1,0.008,no
lucam,la,1,0.008,no
lucania,la,1,0.008,no
lucena,la,1,0.008,no
lucensi,la,1,0.008,no
lucernensis,la,1,0.008,no
lucesceret,la,1,0.008,no
lucia,la,1,0.008,no
lucide,la,1,0.008,no
luciferi,la,1,0.008,no
lucitaniȩ,la,1,0.008,no
lucrifacerent,la,1,0.008,no
lucrifaciamus,la,1,0.008,no
lucrifecerat,la,1,0.008,no
luctatores,la,1,0.008,no
luctuosa,la,1,0.008,no
luctuosi,la,1,0.008,no
luctuosis,la,1,0.008,no
luculenta,la,1,0.008,no
luculenter,la,1,0.008,no
luculentum,la,1,0.008,no
ludibrium,la,1,0.008,no
ludovico,la,1,0.008,no
ludovicum,la,1,0.008,no
luerent,la,1,0.008,no
lugduno,la,1,0.008,no
lugdunum,la,1,0.008,no
lui,trans,1,0.008,no
luís,la,1,0.008,no
luit,la,1,0.008,no
lumenque,la,1,0.008,no
lumina,la,1,0.008,no
luminibus,la,1,0.008,no
luminum,la,1,0.008,no
lunaribus,la,1,0.008,no
lunguus,la,1,0.008,no
lunt,la,1,0.008,no
lupis,la,1,0.008,no
lupum,la,1,0.008,no
lusitanas,la,1,0.008,no
lusitane,la,1,0.008,no
lusitanica,la,1,0.008,no
lusitanię,la,1,0.008,no
lusitaniȩnatione,la,1,0.008,no
lustralibus,la,1,0.008,no
lustralis,la,1,0.008,no
lustrandam,la,1,0.008,no
lustrarent,la,1,0.008,no
lustrati,la,1,0.008,no
lustratus,la,1,0.008,no
luteo,la,1,0.008,no
luteum,la,1,0.008,no
luto,la,1,0.008,no
lutrari,la,1,0.008,no
luxuriae,la,1,0.008,no
luzon,la,1,0.008,no
lxviii,la,1,0.008,no
lxx,la,1,0.008,no
lxxiii,la,1,0.008,no
lxxx,la,1,0.008,no
lxxxxi,la,1,0.008,no
lycia,la,1,0.008,no
lyciam,la,1,0.008,no
lydda,la,1,0.008,no
lyra,la,1,0.008,no
m.cc.lxxv,la,1,0.008,no
m.cc.lxxviii,la,1,0.008,no
m.cc.vi,la,1,0.008,no
m.cc.xl.v,la,1,0.008,no
m.ccc.lxviii,la,1,0.008,no
m.cccc.vi,la,1,0.008,no
m.d.lxxiii,la,1,0.008,no
m.dc,la,1,0.008,no
m.dc.xix,la,1,0.008,no
m.dc.xli,la,1,0.008,no
m.dc.xlii,la,1,0.008,no
m.dc.xlvi,la,1,0.008,no
m.dc.xvi,la,1,0.008,no
m.dc.xviii,la,1,0.008,no
m.dc.xxv,la,1,0.008,no
m.dc.xxvii,la,1,0.008,no
m.dc.xxx,la,1,0.008,no
m.dc.xxxvi,la,1,0.008,no
ma,la,1,0.008,no
macaani,la,1,0.008,no
macaano,la,1,0.008,no
macaënsem,la,1,0.008,no
macaenses,la,1,0.008,no
macaënses,la,1,0.008,no
macaënsis,la,1,0.008,no
macassariae,la,1,0.008,no
macedo,la,1,0.008,no
macedoniae,la,1,0.008,no
macellum,la,1,0.008,no
machaensi,la,1,0.008,no
machina,la,1,0.008,no
machinantes,la,1,0.008,no
machinationis,la,1,0.008,no
machinatus,la,1,0.008,no
machynatio,la,1,0.008,no
mactaret,la,1,0.008,no
mactari,la,1,0.008,no
mactator,la,1,0.008,no
maculae,la,1,0.008,no
maculam,la,1,0.008,no
madarinorum,la,1,0.008,no
madurensi,la,1,0.008,no
maestissimi,la,1,0.008,no
maestitiae,la,1,0.008,no
magaglianes,la,1,0.008,no
magalhaens,la,1,0.008,no
magalhoes,la,1,0.008,no
magdalene,la,1,0.008,no
magellanes,la,1,0.008,no
magi,la,1,0.008,no
magicae,la,1,0.008,no
magistratu,la,1,0.008,no
magistratum,la,1,0.008,no
magistros,la,1,0.008,no
magn,la,1,0.008,no
magnaeq,la,1,0.008,no
magnate,la,1,0.008,no
magnates,la,1,0.008,no
magnatorum,la,1,0.008,no
magnȩque,la,1,0.008,no
magnifacio,la,1,0.008,no
magnificare,la,1,0.008,no
magnificentia,la,1,0.008,no
magnificentiam,la,1,0.008,no
magnificentissima,la,1,0.008,no
magnificentissime,la,1,0.008,no
magnifico,la,1,0.008,no
magnificum,la,1,0.008,no
magnificus,la,1,0.008,no
magnitudini,la,1,0.008,no
magnitudinis,la,1,0.008,no
magnumque,la,1,0.008,no
magnuum,la,1,0.008,no
mahometanis,la,1,0.008,no
mahomete,la,1,0.008,no
mai,la,1,0.008,no
maiestas,la,1,0.008,no
maio,la,1,0.008,no
maioresque,la,1,0.008,no
maiorica,la,1,0.008,no
maiorique,la,1,0.008,no
majestatis,la,1,0.008,no
maji,la,1,0.008,no
majoribus,la,1,0.008,no
majoris,la,1,0.008,no
makan,la,1,0.008,no
makau,la,1,0.008,no
malabaricae,la,1,0.008,no
malabaricam,la,1,0.008,no
malabarici,la,1,0.008,no
malabarico,la,1,0.008,no
malacham,la,1,0.008,no
malam,la,1,0.008,no
malaque,la,1,0.008,no
malarum,la,1,0.008,no
maledicentia,la,1,0.008,no
maledicti,la,1,0.008,no
maledictus,la,1,0.008,no
maleficos,la,1,0.008,no
malentes,la,1,0.008,no
maleque,la,1,0.008,no
malevolentia,la,1,0.008,no
malevolis,la,1,0.008,no
malint,la,1,0.008,no
malit,la,1,0.008,no
malitiae,la,1,0.008,no
mallent,la,1,0.008,no
malucas,la,1,0.008,no
maluci,la,1,0.008,no
malucis,la,1,0.008,no
maluco,la,1,0.008,no
malunt,la,1,0.008,no
mam,la,1,0.008,no
man,la,1,0.008,no
manadata,la,1,0.008,no
manans,la,1,0.008,no
mancipatam,la,1,0.008,no
mancipiis,la,1,0.008,no
mancipiorum,la,1,0.008,no
mand,la,1,0.008,no
mandado,es,1,0.008,no
mandarino,la,1,0.008,no
mandarinorum,la,1,0.008,no
mandarunt,la,1,0.008,no
mandasset,la,1,0.008,no
mandatorum,la,1,0.008,no
mandaverit,la,1,0.008,no
manducamus,la,1,0.008,no
manducandum,la,1,0.008,no
manducat,la,1,0.008,no
manebo,la,1,0.008,no
manemus,la,1,0.008,no
manendo,la,1,0.008,no
manente,la,1,0.008,no
maneo,la,1,0.008,no
manete,la,1,0.008,no
manethon,la,1,0.008,no
mangasacana,la,1,0.008,no
mangin,la,1,0.008,no
manib,la,1,0.008,no
manicae,la,1,0.008,no
manicis,la,1,0.008,no
manifesta,la,1,0.008,no
manifestae,la,1,0.008,no
manifestare,la,1,0.008,no
manifestatis,la,1,0.008,no
manifestioresque,la,1,0.008,no
manifestum,la,1,0.008,no
manilano,la,1,0.008,no
manilenses,la,1,0.008,no
manipulos,la,1,0.008,no
manorum,la,1,0.008,no
manserant,la,1,0.008,no
mansi,la,1,0.008,no
mansione,la,1,0.008,no
mansionem,la,1,0.008,no
mansiones,la,1,0.008,no
mansisse,la,1,0.008,no
mansissem,la,1,0.008,no
mansurus,la,1,0.008,no
mantii,la,1,0.008,no
manubrium,la,1,0.008,no
manuel,la,1,0.008,no
manueli,la,1,0.008,no
manusque,la,1,0.008,no
manutenere,la,1,0.008,no
manuumque,la,1,0.008,no
manzuxa,la,1,0.008,no
maovenlungum,la,1,0.008,no
mapheum,la,1,0.008,no
maracium,la,1,0.008,no
marchione,la,1,0.008,no
margaritae,la,1,0.008,no
margico,la,1,0.008,no
mariaasignando,la,1,0.008,no
marialeni,la,1,0.008,no
maribus,la,1,0.008,no
marie,la,1,0.008,no
mariȩ,la,1,0.008,no
marignolli,la,1,0.008,no
marín,la,1,0.008,no
marinam,la,1,0.008,no
marindoni,la,1,0.008,no
marino,la,1,0.008,no
maritalis,la,1,0.008,no
maritim,la,1,0.008,no
maritimo,la,1,0.008,no
maritum,la,1,0.008,no
mariumque,la,1,0.008,no
marlino,la,1,0.008,no
marques,la,1,0.008,no
marsupia,la,1,0.008,no
martelli,la,1,0.008,no
martinez,la,1,0.008,no
martini,la,1,0.008,no
martinius,la,1,0.008,no
martiño,la,1,0.008,no
martins,la,1,0.008,no
martio,la,1,0.008,no
martirii,la,1,0.008,no
martirij,la,1,0.008,no
martirizati,la,1,0.008,no
martium,la,1,0.008,no
martyribus,la,1,0.008,no
martyris,la,1,0.008,no
martyrizatus,la,1,0.008,no
mas,pt,1,0.008,no
mascaregnae,la,1,0.008,no
massensem,la,1,0.008,no
masticare,la,1,0.008,no
matare,la,1,0.008,no
materiae,la,1,0.008,no
materiam,la,1,0.008,no
materiatum,la,1,0.008,no
materna,la,1,0.008,no
mathei,la,1,0.008,no
mathematica,la,1,0.008,no
mathematicam,la,1,0.008,no
mathematicis,la,1,0.008,no
mathematicos,la,1,0.008,no
mathia,la,1,0.008,no
mathias,la,1,0.008,no
matrimonia,la,1,0.008,no
matronas,la,1,0.008,no
matrum,la,1,0.008,no
matta,la,1,0.008,no
mattheaeus,la,1,0.008,no
matura,la,1,0.008,no
maturationem,la,1,0.008,no
maturavi,la,1,0.008,no
maturiore,la,1,0.008,no
maturitate,la,1,0.008,no
maturo,la,1,0.008,no
mauros,la,1,0.008,no
max,la,1,0.008,no
maxentia,la,1,0.008,no
maxentiae,la,1,0.008,no
maxim,la,1,0.008,no
maximae,la,1,0.008,no
maximamque,la,1,0.008,no
maximarum,la,1,0.008,no
maximoque,la,1,0.008,no
maximos,la,1,0.008,no
maxirmam,la,1,0.008,no
maya,la,1,0.008,no
mazicum,la,1,0.008,no
mcccxxxviii,la,1,0.008,no
mdl,la,1,0.008,no
mdxlix,la,1,0.008,no
mdxlviii,la,1,0.008,no
meacensem,la,1,0.008,no
meacenses,la,1,0.008,no
meacensis,la,1,0.008,no
meacensiumq,la,1,0.008,no
meacoensis,la,1,0.008,no
mebant,la,1,0.008,no
mederi,la,1,0.008,no
mediae,la,1,0.008,no
medias,la,1,0.008,no
medicamento,la,1,0.008,no
medicamentorum,la,1,0.008,no
medicinae,la,1,0.008,no
medicinam,la,1,0.008,no
medico,la,1,0.008,no
medicos,la,1,0.008,no
mediisq,la,1,0.008,no
mediocri,la,1,0.008,no
mediolanum,la,1,0.008,no
mediorum,la,1,0.008,no
meditabatur,la,1,0.008,no
meditamur,la,1,0.008,no
meditandum,la,1,0.008,no
meditantium,la,1,0.008,no
meditata,la,1,0.008,no
meditatio,la,1,0.008,no
meditatione,la,1,0.008,no
meditationes,la,1,0.008,no
meditationi,la,1,0.008,no
meditationibus,la,1,0.008,no
meditor,la,1,0.008,no
meditullium,la,1,0.008,no
medius,la,1,0.008,no
meiritis,la,1,0.008,no
mel,la,1,0.008,no
melchiorem,la,1,0.008,no
melio,la,1,0.008,no
meliores,la,1,0.008,no
melioribus,la,1,0.008,no
mem,la,1,0.008,no
membrana,la,1,0.008,no
membris,la,1,0.008,no
memorare,la,1,0.008,no
memoratas,la,1,0.008,no
memorati,la,1,0.008,no
memoratis,la,1,0.008,no
memorato,la,1,0.008,no
memores,la,1,0.008,no
memorialibus,la,1,0.008,no
memorialis,la,1,0.008,no
memorie,la,1,0.008,no
menander,la,1,0.008,no
mendaces,la,1,0.008,no
mendacii,la,1,0.008,no
mendaciorum,la,1,0.008,no
mendaciter,la,1,0.008,no
mendanda,la,1,0.008,no
mendax,la,1,0.008,no
mendes,la,1,0.008,no
méndez,la,1,0.008,no
mendicando,la,1,0.008,no
mendicare,la,1,0.008,no
mendicatione,la,1,0.008,no
meneses,la,1,0.008,no
menores,es,1,0.008,no
mensa,la,1,0.008,no
menstruos,la,1,0.008,no
mensura,la,1,0.008,no
mensuras,la,1,0.008,no
mentali,la,1,0.008,no
mentiri,la,1,0.008,no
meoquen,la,1,0.008,no
meotidas,la,1,0.008,no
mercatorem,la,1,0.008,no
mercaturam,la,1,0.008,no
mercede,la,1,0.008,no
mercedis,la,1,0.008,no
merciatorum,la,1,0.008,no
mercimonia,la,1,0.008,no
mercurium,la,1,0.008,no
merebant,la,1,0.008,no
merebantur,la,1,0.008,no
merebatur,la,1,0.008,no
merendas,la,1,0.008,no
merguntur,la,1,0.008,no
meridiana,la,1,0.008,no
meridianis,la,1,0.008,no
merita,la,1,0.008,no
meritae,la,1,0.008,no
meritas,la,1,0.008,no
mersi,la,1,0.008,no
merso,la,1,0.008,no
meruerunt,la,1,0.008,no
mesquitae,la,1,0.008,no
mesquitam,la,1,0.008,no
messanensis,la,1,0.008,no
messer,la,1,0.008,no
messias,la,1,0.008,no
messio,la,1,0.008,no
messores,la,1,0.008,no
mestre,la,1,0.008,no
met,la,1,0.008,no
metello,la,1,0.008,no
metendi,la,1,0.008,no
methelopolitano,la,1,0.008,no
methelopolitanus,la,1,0.008,no
meticulosi,la,1,0.008,no
meticulosus,la,1,0.008,no
metienda,la,1,0.008,no
metro,la,1,0.008,no
metropolitanae,la,1,0.008,no
metropolitanam,la,1,0.008,no
metuebat,la,1,0.008,no
metuentes,la,1,0.008,no
metuere,la,1,0.008,no
metumque,la,1,0.008,no
metunt,la,1,0.008,no
metuque,la,1,0.008,no
metuunt,la,1,0.008,no
miacensi,la,1,0.008,no
miam,la,1,0.008,no
mibus,la,1,0.008,no
micael,la,1,0.008,no
micaelem,la,1,0.008,no
michaele,la,1,0.008,no
michaeli,la,1,0.008,no
michique,la,1,0.008,no
miciski,la,1,0.008,no
mictendi,la,1,0.008,no
miferae,la,1,0.008,no
migranti,la,1,0.008,no
migrare,la,1,0.008,no
migrassemus,la,1,0.008,no
migratione,la,1,0.008,no
migravimus,la,1,0.008,no
miguel,es,1,0.008,no
mil,la,1,0.008,no
milán,la,1,0.008,no
milessimo,la,1,0.008,no
miliaria,la,1,0.008,no
milit,la,1,0.008,no
militabant,la,1,0.008,no
militantis,la,1,0.008,no
militares,la,1,0.008,no
militari,la,1,0.008,no
militaria,la,1,0.008,no
militeque,la,1,0.008,no
militi,la,1,0.008,no
militiam,la,1,0.008,no
millesimi,la,1,0.008,no
milliare,la,1,0.008,no
milliaria,la,1,0.008,no
millionem,la,1,0.008,no
mimarios,la,1,0.008,no
mimazacam,la,1,0.008,no
mina,la,1,0.008,no
minantia,la,1,0.008,no
minantibusque,la,1,0.008,no
minantur,la,1,0.008,no
minatur,la,1,0.008,no
minatus,la,1,0.008,no
minentiis,la,1,0.008,no
minim,la,1,0.008,no
minimae,la,1,0.008,no
minimas,la,1,0.008,no
mininime,la,1,0.008,no
minis,la,1,0.008,no
ministeriorum,la,1,0.008,no
ministerios,es,1,0.008,no
ministrae,la,1,0.008,no
ministranda,la,1,0.008,no
ministrando,la,1,0.008,no
ministrante,la,1,0.008,no
ministrationem,la,1,0.008,no
ministravit,la,1,0.008,no
ministrisque,la,1,0.008,no
minitabatur,la,1,0.008,no
minitantia,la,1,0.008,no
minitantibus,la,1,0.008,no
minitatur,la,1,0.008,no
minoan,la,1,0.008,no
minora,la,1,0.008,no
minorita,la,1,0.008,no
minuatur,la,1,0.008,no
minuere,la,1,0.008,no
minuerent,la,1,0.008,no
minui,la,1,0.008,no
minuitur,la,1,0.008,no
minusve,la,1,0.008,no
minutissimas,la,1,0.008,no
mirabatur,la,1,0.008,no
mirabili,la,1,0.008,no
mirabilia,la,1,0.008,no
mirabilis,la,1,0.008,no
miracula,la,1,0.008,no
miraculi,la,1,0.008,no
miraculo,la,1,0.008,no
miraculorum,la,1,0.008,no
miraculose,la,1,0.008,no
miraculum,la,1,0.008,no
miramur,la,1,0.008,no
mirandum,la,1,0.008,no
miraris,la,1,0.008,no
miratus,la,1,0.008,no
mirè,la,1,0.008,no
mirifica,la,1,0.008,no
mirificè,la,1,0.008,no
mirifico,la,1,0.008,no
miron,la,1,0.008,no
mirus,la,1,0.008,no
miscebantur,la,1,0.008,no
misceretur,la,1,0.008,no
misera,la,1,0.008,no
miserabilem,la,1,0.008,no
miserabili,la,1,0.008,no
miserabilis,la,1,0.008,no
miseramus,la,1,0.008,no
miserandam,la,1,0.008,no
miserant,la,1,0.008,no
miserante,la,1,0.008,no
miserat,la,1,0.008,no
misereaturque,la,1,0.008,no
miseriis,la,1,0.008,no
miserimis,la,1,0.008,no
misero,la,1,0.008,no
miserrima,la,1,0.008,no
miserrime,la,1,0.008,no
miserti,la,1,0.008,no
miserum,la,1,0.008,no
misissem,la,1,0.008,no
misma,es,1,0.008,no
missale,la,1,0.008,no
missionario,la,1,0.008,no
missionibnus,la,1,0.008,no
missique,la,1,0.008,no
missorum,la,1,0.008,no
misteriorum,la,1,0.008,no
mistitii,la,1,0.008,no
mit,la,1,0.008,no
mitesceret,la,1,0.008,no
mitiam,la,1,0.008,no
mitigata,la,1,0.008,no
mitigatus,la,1,0.008,no
mitiores,la,1,0.008,no
mittant,la,1,0.008,no
mittas,la,1,0.008,no
mitte,la,1,0.008,no
mittebantur,la,1,0.008,no
mittendae,la,1,0.008,no
mittendas,la,1,0.008,no
mittendi,la,1,0.008,no
mittendos,la,1,0.008,no
mittendus,la,1,0.008,no
mittens,la,1,0.008,no
mitteretis,la,1,0.008,no
mittetis,la,1,0.008,no
mittetur,la,1,0.008,no
mitti,la,1,0.008,no
mittimus,la,1,0.008,no
mixta,la,1,0.008,no
mixtim,la,1,0.008,no
moan,la,1,0.008,no
mobiles,la,1,0.008,no
moçambicum,la,1,0.008,no
moços,pt,1,0.008,no
modari,la,1,0.008,no
mode,la,1,0.008,no
moderantibus,la,1,0.008,no
moderantur,la,1,0.008,no
moderari,la,1,0.008,no
moderata,la,1,0.008,no
moderatio,la,1,0.008,no
moderatione,la,1,0.008,no
moderator,la,1,0.008,no
moderatore,la,1,0.008,no
moderatores,la,1,0.008,no
moderatum,la,1,0.008,no
modestus,la,1,0.008,no
modi,la,1,0.008,no
modiale,la,1,0.008,no
modico,la,1,0.008,no
modicos,la,1,0.008,no
modoque,la,1,0.008,no
modos,la,1,0.008,no
modosq,la,1,0.008,no
modumque,la,1,0.008,no
moerentes,la,1,0.008,no
moesiam,la,1,0.008,no
moestissimum,la,1,0.008,no
mogorem,la,1,0.008,no
mole,la,1,0.008,no
moles,la,1,0.008,no
molestiae,la,1,0.008,no
molestiarum,la,1,0.008,no
molestiisque,la,1,0.008,no
molestissima,la,1,0.008,no
molestum,la,1,0.008,no
molestus,la,1,0.008,no
moliantur,la,1,0.008,no
moliebantur,la,1,0.008,no
molientur,la,1,0.008,no
molina,la,1,0.008,no
moliretur,la,1,0.008,no
molitiones,la,1,0.008,no
molitor,la,1,0.008,no
molituros,la,1,0.008,no
moliturus,la,1,0.008,no
mollivi,la,1,0.008,no
moltitudine,la,1,0.008,no
molucum,la,1,0.008,no
mom,la,1,0.008,no
momentaneae,la,1,0.008,no
monasterium,la,1,0.008,no
moneant,la,1,0.008,no
monebamur,la,1,0.008,no
monebat,la,1,0.008,no
monendo,la,1,0.008,no
monendum,la,1,0.008,no
monens,la,1,0.008,no
monent,la,1,0.008,no
moneo,la,1,0.008,no
monere,la,1,0.008,no
monita,la,1,0.008,no
monitaque,la,1,0.008,no
moniti,la,1,0.008,no
monitionem,la,1,0.008,no
monitis,la,1,0.008,no
mons,la,1,0.008,no
monstrabat,la,1,0.008,no
monstrantibus,la,1,0.008,no
monstratis,la,1,0.008,no
monstris,la,1,0.008,no
monstrum,la,1,0.008,no
montani,la,1,0.008,no
montefuscoli,la,1,0.008,no
montefusculus,la,1,0.008,no
monterus,la,1,0.008,no
monti,la,1,0.008,no
monticulo,la,1,0.008,no
montis,la,1,0.008,no
monuerat,la,1,0.008,no
monuerunt,la,1,0.008,no
monuitq,la,1,0.008,no
monumenta,la,1,0.008,no
morabamur,la,1,0.008,no
morae,la,1,0.008,no
moralesq,la,1,0.008,no
moralibus,la,1,0.008,no
moraliter,la,1,0.008,no
moramur,la,1,0.008,no
morarentur,la,1,0.008,no
moraretur,la,1,0.008,no
moratus,la,1,0.008,no
moravorum,la,1,0.008,no
morbis,la,1,0.008,no
morbum,la,1,0.008,no
morbus,la,1,0.008,no
morduanos,la,1,0.008,no
morelli,la,1,0.008,no
morera,la,1,0.008,no
morerer,la,1,0.008,no
moreretur,la,1,0.008,no
moriebantur,la,1,0.008,no
moriente,la,1,0.008,no
morindon,la,1,0.008,no
morindonis,la,1,0.008,no
morique,la,1,0.008,no
moriturum,la,1,0.008,no
moro,la,1,0.008,no
morosam,la,1,0.008,no
morsu,la,1,0.008,no
morsum,la,1,0.008,no
mortale,la,1,0.008,no
mortemne,la,1,0.008,no
mortifera,la,1,0.008,no
mortificamur,la,1,0.008,no
mortuosque,la,1,0.008,no
mortuum,la,1,0.008,no
moscheta,la,1,0.008,no
moscoviae,la,1,0.008,no
mosis,la,1,0.008,no
motam,la,1,0.008,no
moti,la,1,0.008,no
motina,la,1,0.008,no
motio,la,1,0.008,no
motione,la,1,0.008,no
motum,la,1,0.008,no
moturi,la,1,0.008,no
moturos,la,1,0.008,no
moturum,la,1,0.008,no
mouemor,la,1,0.008,no
mouere,la,1,0.008,no
moueri,la,1,0.008,no
mouet,la,1,0.008,no
moveantur,la,1,0.008,no
moveat,la,1,0.008,no
movebat,la,1,0.008,no
movent,la,1,0.008,no
moverent,la,1,0.008,no
moveret,la,1,0.008,no
moveretur,la,1,0.008,no
moverunt,la,1,0.008,no
moves,la,1,0.008,no
movisse,la,1,0.008,no
movissent,la,1,0.008,no
moxque,la,1,0.008,no
moyse,la,1,0.008,no
moysen,la,1,0.008,no
moyses,la,1,0.008,no
mozambicho,la,1,0.008,no
mù,trans,1,0.008,no
muchos,es,1,0.008,no
mucrone,la,1,0.008,no
mucronem,la,1,0.008,no
mui,pt,1,0.008,no
mul,la,1,0.008,no
mulctare,la,1,0.008,no
mulctarentur,la,1,0.008,no
mulctari,la,1,0.008,no
mulctat,la,1,0.008,no
mulctatis,la,1,0.008,no
mulctentur,la,1,0.008,no
mulieris,la,1,0.008,no
multarentur,la,1,0.008,no
multari,la,1,0.008,no
multasque,la,1,0.008,no
multatus,la,1,0.008,no
multe,la,1,0.008,no
multim,la,1,0.008,no
multique,la,1,0.008,no
multisque,la,1,0.008,no
multitudini,la,1,0.008,no
multitudinis,la,1,0.008,no
multò,la,1,0.008,no
multorumque,la,1,0.008,no
multosq,la,1,0.008,no
multoties,la,1,0.008,no
multus,la,1,0.008,no
mundae,la,1,0.008,no
mundissima,la,1,0.008,no
munditia,la,1,0.008,no
munditiam,la,1,0.008,no
munditiem,la,1,0.008,no
mundoque,la,1,0.008,no
mundumque,la,1,0.008,no
munerandis,la,1,0.008,no
munerari,la,1,0.008,no
mungeo,la,1,0.008,no
muniendis,la,1,0.008,no
munientes,la,1,0.008,no
munierat,la,1,0.008,no
munifica,la,1,0.008,no
munifice,la,1,0.008,no
munificentia,la,1,0.008,no
munificum,la,1,0.008,no
muniisset,la,1,0.008,no
munimentis,la,1,0.008,no
munita,la,1,0.008,no
munitas,la,1,0.008,no
munitiones,la,1,0.008,no
munitiora,la,1,0.008,no
munitiorem,la,1,0.008,no
munitissima,la,1,0.008,no
muniuntur,la,1,0.008,no
munivit,la,1,0.008,no
munuscula,la,1,0.008,no
muris,la,1,0.008,no
murmure,la,1,0.008,no
mus,la,1,0.008,no
musae,la,1,0.008,no
musicae,la,1,0.008,no
muta,la,1,0.008,no
mutabilia,la,1,0.008,no
mutabilis,la,1,0.008,no
mutandae,la,1,0.008,no
mutandis,la,1,0.008,no
mutando,la,1,0.008,no
mutarent,la,1,0.008,no
mutarentur,la,1,0.008,no
mutarunt,la,1,0.008,no
mutatae,la,1,0.008,no
mutatam,la,1,0.008,no
mutationis,la,1,0.008,no
mutatis,la,1,0.008,no
mutii,la,1,0.008,no
mutilare,la,1,0.008,no
mutina,la,1,0.008,no
mutium,la,1,0.008,no
mutuae,la,1,0.008,no
mutuandi,la,1,0.008,no
mutuique,la,1,0.008,no
mutuos,la,1,0.008,no
mututurus,la,1,0.008,no
mysetria,la,1,0.008,no
mystacibus,la,1,0.008,no
mysterijs,la,1,0.008,no
mysterio,la,1,0.008,no
mystica,la,1,0.008,no
mystice,la,1,0.008,no
na,la,1,0.008,no
nacazucauam,la,1,0.008,no
nactus,la,1,0.008,no
nae,la,1,0.008,no
nagansachanus,la,1,0.008,no
nagapatensis,la,1,0.008,no
nagasaquensi,la,1,0.008,no
nagasaquensis,la,1,0.008,no
nagasaqui,la,1,0.008,no
nagasaquio,la,1,0.008,no
nagàto,la,1,0.008,no
naïssus,la,1,0.008,no
nan,la,1,0.008,no
nanchan,la,1,0.008,no
nangaioca,la,1,0.008,no
nangaiocae,la,1,0.008,no
nangasa,la,1,0.008,no
nangasachani,la,1,0.008,no
nangasachensium,la,1,0.008,no
nangasachi,la,1,0.008,no
nangasaqui,la,1,0.008,no
nangauoca,la,1,0.008,no
nangazaqui,la,1,0.008,no
nanhiung,la,1,0.008,no
nanque,la,1,0.008,no
nao,pt,1,0.008,no
narra,la,1,0.008,no
narrabat,la,1,0.008,no
narrant,la,1,0.008,no
narrantem,la,1,0.008,no
narrati,la,1,0.008,no
narratione,la,1,0.008,no
narrationem,la,1,0.008,no
narrationis,la,1,0.008,no
narrationum,la,1,0.008,no
narratur,la,1,0.008,no
narraturus,la,1,0.008,no
narremus,la,1,0.008,no
narro,la,1,0.008,no
nascentium,la,1,0.008,no
nasum,la,1,0.008,no
nata,la,1,0.008,no
natam,la,1,0.008,no
nationis,la,1,0.008,no
nationum,la,1,0.008,no
nativam,la,1,0.008,no
nativus,la,1,0.008,no
natorum,la,1,0.008,no
natos,la,1,0.008,no
natum,la,1,0.008,no
naturalae,la,1,0.008,no
naturales,la,1,0.008,no
naturalibus,la,1,0.008,no
naturalis,la,1,0.008,no
naturas,la,1,0.008,no
nauem,la,1,0.008,no
naues,la,1,0.008,no
naufraga,la,1,0.008,no
nautas,la,1,0.008,no
nautis,la,1,0.008,no
navabat,la,1,0.008,no
navaes,la,1,0.008,no
navais,la,1,0.008,no
navantem,la,1,0.008,no
navarro,la,1,0.008,no
navata,la,1,0.008,no
navaturos,la,1,0.008,no
navegationem,la,1,0.008,no
navent,la,1,0.008,no
naviculis,la,1,0.008,no
navigabilem,la,1,0.008,no
navigabiles,la,1,0.008,no
navigandum,la,1,0.008,no
navigantes,la,1,0.008,no
navigare,it,1,0.008,no
navigarent,la,1,0.008,no
navigationes,la,1,0.008,no
navigationi,la,1,0.008,no
navigaturum,la,1,0.008,no
navigiorum,la,1,0.008,no
navigium,la,1,0.008,no
naymanorum,la,1,0.008,no
neapolitana,la,1,0.008,no
necabantur,la,1,0.008,no
necantur,la,1,0.008,no
necare,la,1,0.008,no
necaretur,la,1,0.008,no
necati,la,1,0.008,no
necatis,la,1,0.008,no
necaturus,la,1,0.008,no
necavit,la,1,0.008,no
neccessarios,la,1,0.008,no
neccesse,la,1,0.008,no
neccessitas,la,1,0.008,no
neccessitatis,la,1,0.008,no
nece,la,1,0.008,no
necess,la,1,0.008,no
necessa,la,1,0.008,no
necessariaque,la,1,0.008,no
necessariarum,la,1,0.008,no
necessariȩ,la,1,0.008,no
necessariissimum,la,1,0.008,no
necessarijs,la,1,0.008,no
necessariorum,la,1,0.008,no
necessarius,la,1,0.008,no
necessitatis,la,1,0.008,no
necessitudo,la,1,0.008,no
necessum,la,1,0.008,no
neci,la,1,0.008,no
nectit,la,1,0.008,no
nefandam,la,1,0.008,no
nefandissimam,la,1,0.008,no
nefariae,la,1,0.008,no
nefarie,la,1,0.008,no
nefariis,la,1,0.008,no
nefario,la,1,0.008,no
nefarium,la,1,0.008,no
nefarius,la,1,0.008,no
negando,la,1,0.008,no
negarunt,la,1,0.008,no
negationis,la,1,0.008,no
negativum,la,1,0.008,no
negavi,la,1,0.008,no
negavissem,la,1,0.008,no
negavit,la,1,0.008,no
neget,la,1,0.008,no
neglecta,la,1,0.008,no
neglexerint,la,1,0.008,no
neglexerunt,la,1,0.008,no
neglexi,la,1,0.008,no
negligant,la,1,0.008,no
negligebat,la,1,0.008,no
negligenda,la,1,0.008,no
negligentes,la,1,0.008,no
negligit,la,1,0.008,no
negociationibus,la,1,0.008,no
negociis,la,1,0.008,no
negocium,la,1,0.008,no
negoti,la,1,0.008,no
negotiationum,la,1,0.008,no
negotiatores,la,1,0.008,no
negotij,la,1,0.008,no
negotijs,la,1,0.008,no
negotiorum,la,1,0.008,no
nemore,la,1,0.008,no
neo,la,1,0.008,no
neophitorumad,la,1,0.008,no
neophitos,la,1,0.008,no
neophitus,la,1,0.008,no
neophyto,la,1,0.008,no
nepere,la,1,0.008,no
nepotem,la,1,0.008,no
neptunum,la,1,0.008,no
nequeam,la,1,0.008,no
nequis,la,1,0.008,no
nequissimi,la,1,0.008,no
nequissimus,la,1,0.008,no
nequit,la,1,0.008,no
nequitia,la,1,0.008,no
nequitiam,la,1,0.008,no
nequiverit,la,1,0.008,no
nero,la,1,0.008,no
nerui,la,1,0.008,no
nervos,la,1,0.008,no
nesciat,la,1,0.008,no
nesciebam,la,1,0.008,no
nesciens,la,1,0.008,no
nescis,la,1,0.008,no
nescivi,la,1,0.008,no
nestorianam,la,1,0.008,no
nestorianis,la,1,0.008,no
nestorianos,la,1,0.008,no
nestorii,la,1,0.008,no
nestorini,la,1,0.008,no
neutiquam,la,1,0.008,no
neutrales,la,1,0.008,no
neve,la,1,0.008,no
nexu,la,1,0.008,no
nibus,la,1,0.008,no
nicaeam,la,1,0.008,no
nicas,la,1,0.008,no
niceae,la,1,0.008,no
nichil,la,1,0.008,no
nicolae,la,1,0.008,no
nicolai,la,1,0.008,no
nicolao,la,1,0.008,no
nicolaum,la,1,0.008,no
nicomedia,la,1,0.008,no
nicomediam,la,1,0.008,no
nicopolis,la,1,0.008,no
niger,la,1,0.008,no
nigris,la,1,0.008,no
nihili,la,1,0.008,no
nihilò,la,1,0.008,no
nii,la,1,0.008,no
nili,la,1,0.008,no
nimio,la,1,0.008,no
nimir,la,1,0.008,no
nimium,la,1,0.008,no
nimpo,la,1,0.008,no
ningyuensium,la,1,0.008,no
nioribus,la,1,0.008,no
niscimangobioio,la,1,0.008,no
nisibis,la,1,0.008,no
nitate,la,1,0.008,no
nitatem,la,1,0.008,no
nitebantur,la,1,0.008,no
nitebatur,la,1,0.008,no
nitendi,la,1,0.008,no
niteretur,la,1,0.008,no
nitidioris,la,1,0.008,no
nitidius,la,1,0.008,no
nitore,la,1,0.008,no
nitorem,la,1,0.008,no
nixo,la,1,0.008,no
nobi,la,1,0.008,no
nobile,la,1,0.008,no
nobili,la,1,0.008,no
nobilibus,la,1,0.008,no
nobiliora,la,1,0.008,no
nobiliorem,la,1,0.008,no
nobilitatis,la,1,0.008,no
nobrega,la,1,0.008,no
nóbrega,la,1,0.008,no
nobunagae,la,1,0.008,no
nobunangae,la,1,0.008,no
nociva,la,1,0.008,no
nocivas,la,1,0.008,no
noctibusque,la,1,0.008,no
nocturnas,la,1,0.008,no
nocumentum,la,1,0.008,no
nodo,la,1,0.008,no
nodos,la,1,0.008,no
noftro,la,1,0.008,no
nogheira,la,1,0.008,no
nogueira,la,1,0.008,no
nolebamus,la,1,0.008,no
nolebant,la,1,0.008,no
nolebat,la,1,0.008,no
nolens,la,1,0.008,no
nolentes,la,1,0.008,no
noli,la,1,0.008,no
nolis,la,1,0.008,no
nollem,la,1,0.008,no
noluerit,la,1,0.008,no
nolui,la,1,0.008,no
noluissent,la,1,0.008,no
nomenque,la,1,0.008,no
nominamus,la,1,0.008,no
nominans,la,1,0.008,no
nominata,la,1,0.008,no
nominatum,la,1,0.008,no
nomini,la,1,0.008,no
nominum,la,1,0.008,no
nonagessimum,la,1,0.008,no
nongenta,la,1,0.008,no
nonne,la,1,0.008,no
nonnullas,la,1,0.008,no
nonnullosque,la,1,0.008,no
nonnullum,la,1,0.008,no
nonque,la,1,0.008,no
nôrant,la,1,0.008,no
norat,la,1,0.008,no
norica,la,1,0.008,no
noricum,la,1,0.008,no
norit,la,1,0.008,no
norogna,la,1,0.008,no
norte,la,1,0.008,no
norum,la,1,0.008,no
nosocomio,la,1,0.008,no
nosque,la,1,0.008,no
nosses,la,1,0.008,no
nosti,la,1,0.008,no
nostrâ,la,1,0.008,no
nostramq,la,1,0.008,no
nostrates,la,1,0.008,no
nostre,la,1,0.008,no
nostriq,la,1,0.008,no
nostrisque,la,1,0.008,no
nostróque,la,1,0.008,no
nostrûm,la,1,0.008,no
nostrūum,la,1,0.008,no
not,la,1,0.008,no
notabilem,la,1,0.008,no
notae,la,1,0.008,no
notandis,la,1,0.008,no
notarent,la,1,0.008,no
notario,la,1,0.008,no
notat,la,1,0.008,no
notata,la,1,0.008,no
notaveramque,la,1,0.008,no
notavi,la,1,0.008,no
notetur,la,1,0.008,no
noti,la,1,0.008,no
notificasset,la,1,0.008,no
notificat,la,1,0.008,no
notificatam,la,1,0.008,no
notificatimi,la,1,0.008,no
notificationem,la,1,0.008,no
notificationi,la,1,0.008,no
notificationis,la,1,0.008,no
notior,la,1,0.008,no
notioribus,la,1,0.008,no
notis,la,1,0.008,no
notissima,la,1,0.008,no
notissimus,la,1,0.008,no
noto,la,1,0.008,no
notorium,la,1,0.008,no
nouae,la,1,0.008,no
nouerant,la,1,0.008,no
nouimus,la,1,0.008,no
nouo,la,1,0.008,no
nov,la,1,0.008,no
novella,la,1,0.008,no
novellaeque,la,1,0.008,no
novellam,la,1,0.008,no
novelli,la,1,0.008,no
noverant,la,1,0.008,no
noveritis,la,1,0.008,no
novimus,la,1,0.008,no
novique,la,1,0.008,no
novisset,la,1,0.008,no
novissime,la,1,0.008,no
novissimis,la,1,0.008,no
novissimo,la,1,0.008,no
novitate,la,1,0.008,no
novitatibus,la,1,0.008,no
novitiatus,la,1,0.008,no
noxa,la,1,0.008,no
noxii,la,1,0.008,no
ntia,la,1,0.008,no
nubes,la,1,0.008,no
nubilem,la,1,0.008,no
nudata,la,1,0.008,no
nudatum,la,1,0.008,no
nudi,la,1,0.008,no
nudisque,la,1,0.008,no
nudo,la,1,0.008,no
nudos,la,1,0.008,no
nuevo,es,1,0.008,no
nugueira,la,1,0.008,no
null,la,1,0.008,no
nullitate,la,1,0.008,no
nulloque,la,1,0.008,no
nullosque,la,1,0.008,no
nullusque,la,1,0.008,no
nume,la,1,0.008,no
numerabamus,la,1,0.008,no
numeran,la,1,0.008,no
numerant,la,1,0.008,no
numerâsse,la,1,0.008,no
numerati,la,1,0.008,no
numerato,la,1,0.008,no
numeratur,la,1,0.008,no
numeratus,la,1,0.008,no
numeraverint,la,1,0.008,no
numerem,la,1,0.008,no
numeremus,la,1,0.008,no
numeres,la,1,0.008,no
numeretur,la,1,0.008,no
numeros,la,1,0.008,no
numerosae,la,1,0.008,no
numerositate,la,1,0.008,no
numeroso,la,1,0.008,no
numidia,la,1,0.008,no
numine,la,1,0.008,no
numinibus,la,1,0.008,no
numismata,la,1,0.008,no
nummatos,la,1,0.008,no
nummis,la,1,0.008,no
nunciaretur,la,1,0.008,no
nunciari,la,1,0.008,no
nunciatum,la,1,0.008,no
nunciaturum,la,1,0.008,no
nunciorum,la,1,0.008,no
nuncupabo,la,1,0.008,no
nuncupant,la,1,0.008,no
nuncupantur,la,1,0.008,no
nuncupari,la,1,0.008,no
nuncuparunt,la,1,0.008,no
nuncupati,la,1,0.008,no
nunius,la,1,0.008,no
nunqu,la,1,0.008,no
nuntiabant,la,1,0.008,no
nuntii,la,1,0.008,no
nuntio,la,1,0.008,no
nuntiorum,la,1,0.008,no
nuptiali,la,1,0.008,no
nutriendum,la,1,0.008,no
nutum,la,1,0.008,no
oannes,la,1,0.008,no
oaranum,la,1,0.008,no
oarense,la,1,0.008,no
obambularet,la,1,0.008,no
obducitur,la,1,0.008,no
obductus,la,1,0.008,no
obduxerat,la,1,0.008,no
obeas,la,1,0.008,no
obediamus,la,1,0.008,no
obediant,la,1,0.008,no
obedient,la,1,0.008,no
obedientem,la,1,0.008,no
obedienti,la,1,0.008,no
obedientias,la,1,0.008,no
obedierit,la,1,0.008,no
obediturum,la,1,0.008,no
obequitans,la,1,0.008,no
obesse,la,1,0.008,no
obeunda,la,1,0.008,no
obeundam,la,1,0.008,no
obeundis,la,1,0.008,no
obeundo,la,1,0.008,no
obeuntisque,la,1,0.008,no
obfirmavit,la,1,0.008,no
obfuit,la,1,0.008,no
obiargatorem,la,1,0.008,no
obibant,la,1,0.008,no
obices,la,1,0.008,no
obiecit,la,1,0.008,no
obiecta,la,1,0.008,no
obierit,la,1,0.008,no
obierunt,la,1,0.008,no
obiicere,la,1,0.008,no
obiiceret,la,1,0.008,no
obijcient,la,1,0.008,no
obimus,la,1,0.008,no
obirent,la,1,0.008,no
obispados,es,1,0.008,no
obita,la,1,0.008,no
obiter,la,1,0.008,no
obitu,la,1,0.008,no
obitus,la,1,0.008,no
obiurgatione,la,1,0.008,no
oblatàque,la,1,0.008,no
oblatis,la,1,0.008,no
oblecationes,la,1,0.008,no
oblectamenta,la,1,0.008,no
oblectantur,la,1,0.008,no
obligamusque,la,1,0.008,no
obligandi,la,1,0.008,no
obligant,la,1,0.008,no
obligarent,la,1,0.008,no
obligarunt,la,1,0.008,no
obligatio,la,1,0.008,no
obligationes,la,1,0.008,no
obligationis,la,1,0.008,no
obligatos,la,1,0.008,no
obligavit,la,1,0.008,no
obliviscar,la,1,0.008,no
obliviscens,la,1,0.008,no
oblonga,la,1,0.008,no
oblongis,la,1,0.008,no
oblungae,la,1,0.008,no
obmutuit,la,1,0.008,no
obnoxia,la,1,0.008,no
obnoxius,la,1,0.008,no
obrem,la,1,0.008,no
obruerer,la,1,0.008,no
obruor,la,1,0.008,no
obrutae,la,1,0.008,no
obscurabuntur,la,1,0.008,no
obscure,la,1,0.008,no
obscuris,la,1,0.008,no
obscurum,la,1,0.008,no
obsecrabant,la,1,0.008,no
obsecramus,la,1,0.008,no
obsecrationes,la,1,0.008,no
obsecrationibus,la,1,0.008,no
obsecundant,la,1,0.008,no
obsecundare,la,1,0.008,no
obsecundat,la,1,0.008,no
obsecundaturos,la,1,0.008,no
obsederant,la,1,0.008,no
obsequamur,la,1,0.008,no
obsequantur,la,1,0.008,no
obsequendi,la,1,0.008,no
obsequendum,la,1,0.008,no
obsequentem,la,1,0.008,no
obsequentissimus,la,1,0.008,no
obsequerentur,la,1,0.008,no
obsequii,la,1,0.008,no
obsequiis,la,1,0.008,no
obser,la,1,0.008,no
obseratum,la,1,0.008,no
obseruandam,la,1,0.008,no
obseruantia,la,1,0.008,no
obseruantiam,la,1,0.008,no
obseruantibus,la,1,0.008,no
obseruantissimus,la,1,0.008,no
obseruaretur,la,1,0.008,no
obseruatione,la,1,0.008,no
obseruationem,la,1,0.008,no
obseruatis,la,1,0.008,no
obseruatu,la,1,0.008,no
obseruent,la,1,0.008,no
obseruentur,la,1,0.008,no
observancia,es,1,0.008,no
observanda,la,1,0.008,no
observandas,la,1,0.008,no
observandis,la,1,0.008,no
observando,la,1,0.008,no
observantiae,la,1,0.008,no
observantie,la,1,0.008,no
observarem,la,1,0.008,no
observaremus,la,1,0.008,no
observatae,la,1,0.008,no
observate,la,1,0.008,no
observatione,la,1,0.008,no
observent,la,1,0.008,no
observentur,la,1,0.008,no
obside,la,1,0.008,no
obsidebat,la,1,0.008,no
obsidendam,la,1,0.008,no
obsidendum,la,1,0.008,no
obsiderent,la,1,0.008,no
obsideret,la,1,0.008,no
obsides,la,1,0.008,no
obsidet,la,1,0.008,no
obsistente,la,1,0.008,no
obsisteret,la,1,0.008,no
obstantibus,la,1,0.008,no
obstitisse,la,1,0.008,no
obstitissent,la,1,0.008,no
obstitisset,la,1,0.008,no
obstitit,la,1,0.008,no
obstrepit,la,1,0.008,no
obstrinxerunt,la,1,0.008,no
obstupuit,la,1,0.008,no
obtemperandi,la,1,0.008,no
obtemperandum,la,1,0.008,no
obtemperans,la,1,0.008,no
obtemperaturum,la,1,0.008,no
obtemperavisse,la,1,0.008,no
obtemperet,la,1,0.008,no
obtempero,la,1,0.008,no
obtendente,la,1,0.008,no
obtentarum,la,1,0.008,no
obtentas,la,1,0.008,no
obtentis,la,1,0.008,no
obtenturum,la,1,0.008,no
obtestans,la,1,0.008,no
obtestarentur,la,1,0.008,no
obtestatus,la,1,0.008,no
obtin,la,1,0.008,no
obtineam,la,1,0.008,no
obtineatur,la,1,0.008,no
obtinebit,la,1,0.008,no
obtinenda,la,1,0.008,no
obtinendis,la,1,0.008,no
obtinendo,la,1,0.008,no
obtinens,la,1,0.008,no
obtinent,la,1,0.008,no
obtinente,la,1,0.008,no
obtinentes,la,1,0.008,no
obtinerent,la,1,0.008,no
obtineret,la,1,0.008,no
obtinuerant,la,1,0.008,no
obtinuerat,la,1,0.008,no
obtinuere,la,1,0.008,no
obtinuêre,la,1,0.008,no
obtinuerit,la,1,0.008,no
obtinuimus,la,1,0.008,no
obtruncant,la,1,0.008,no
obtruncat,la,1,0.008,no
obtruncati,la,1,0.008,no
obtulerant,la,1,0.008,no
obtulêre,la,1,0.008,no
obtuli,la,1,0.008,no
obtulisset,la,1,0.008,no
obtundere,la,1,0.008,no
obuiam,la,1,0.008,no
obuiantem,la,1,0.008,no
obuiat,la,1,0.008,no
obventiones,la,1,0.008,no
obversa,la,1,0.008,no
obviare,la,1,0.008,no
obvii,la,1,0.008,no
obvolutum,la,1,0.008,no
ocasionem,la,1,0.008,no
ocasiones,la,1,0.008,no
occalluerint,la,1,0.008,no
occasiones,la,1,0.008,no
occasionibus,la,1,0.008,no
occasionum,la,1,0.008,no
occeanum,la,1,0.008,no
occi,la,1,0.008,no
occidan,la,1,0.008,no
occidat,la,1,0.008,no
occidendo,la,1,0.008,no
occidendum,la,1,0.008,no
occidentali,la,1,0.008,no
occidentalibus,la,1,0.008,no
occidentaliores,la,1,0.008,no
occidentalioribus,la,1,0.008,no
occidentalissima,la,1,0.008,no
occidentes,la,1,0.008,no
occidentium,la,1,0.008,no
occiderat,la,1,0.008,no
occideret,la,1,0.008,no
occiderim,la,1,0.008,no
occidunt,la,1,0.008,no
occipite,la,1,0.008,no
occipitis,la,1,0.008,no
occisa,la,1,0.008,no
occisionis,la,1,0.008,no
occisorum,la,1,0.008,no
occisuros,la,1,0.008,no
occisurum,la,1,0.008,no
occlusum,la,1,0.008,no
occubituros,la,1,0.008,no
occubuerit,la,1,0.008,no
occubuit,la,1,0.008,no
occulati,la,1,0.008,no
occultabitur,la,1,0.008,no
occultare,la,1,0.008,no
occultari,la,1,0.008,no
occultarum,la,1,0.008,no
occultato,la,1,0.008,no
occultis,la,1,0.008,no
occulto,la,1,0.008,no
occultus,la,1,0.008,no
occumbentis,la,1,0.008,no
occumberet,la,1,0.008,no
occumbit,la,1,0.008,no
occupandam,la,1,0.008,no
occupans,la,1,0.008,no
occupantes,la,1,0.008,no
occuparat,la,1,0.008,no
occuparet,la,1,0.008,no
occupationibus,la,1,0.008,no
occupaturos,la,1,0.008,no
occupaturum,la,1,0.008,no
occupaverint,la,1,0.008,no
occupaverit,la,1,0.008,no
occupavero,la,1,0.008,no
occupet,la,1,0.008,no
occupo,la,1,0.008,no
occurrebat,la,1,0.008,no
occurrent,la,1,0.008,no
occurrerint,la,1,0.008,no
occurrerunt,la,1,0.008,no
occurri,la,1,0.008,no
oceanum,la,1,0.008,no
ochoday,la,1,0.008,no
octavam,la,1,0.008,no
octave,la,1,0.008,no
octavo,la,1,0.008,no
octavus,la,1,0.008,no
octiduo,la,1,0.008,no
octigenta,la,1,0.008,no
octingentis,la,1,0.008,no
octingentos,la,1,0.008,no
octogesimo,la,1,0.008,no
octonisque,la,1,0.008,no
octos,la,1,0.008,no
oculare,la,1,0.008,no
oculatissimi,la,1,0.008,no
oculatus,la,1,0.008,no
oculum,la,1,0.008,no
ocurrunt,la,1,0.008,no
odeum,la,1,0.008,no
odii,la,1,0.008,no
odinem,la,1,0.008,no
odire,la,1,0.008,no
odiunt,la,1,0.008,no
odo,la,1,0.008,no
odorari,la,1,0.008,no
offendat,la,1,0.008,no
offendatur,la,1,0.008,no
offendentes,la,1,0.008,no
offendere,la,1,0.008,no
offenderet,la,1,0.008,no
offendissent,la,1,0.008,no
offenditur,la,1,0.008,no
offensae,la,1,0.008,no
offensam,la,1,0.008,no
offensio,la,1,0.008,no
offensum,la,1,0.008,no
offeramus,la,1,0.008,no
offerendis,la,1,0.008,no
offeresca,es,1,0.008,no
offero,la,1,0.008,no
offerretur,la,1,0.008,no
offertur,la,1,0.008,no
officialem,la,1,0.008,no
officiales,la,1,0.008,no
officij,la,1,0.008,no
officinae,la,1,0.008,no
offusa,la,1,0.008,no
offuscatum,la,1,0.008,no
ofuscata,la,1,0.008,no
ofuscatum,la,1,0.008,no
oh,la,1,0.008,no
oiano,la,1,0.008,no
olandensibus,la,1,0.008,no
olei,la,1,0.008,no
oliveira,la,1,0.008,no
oliveyra,la,1,0.008,no
ollor,la,1,0.008,no
olympum,la,1,0.008,no
olysippone,la,1,0.008,no
olyssipone,la,1,0.008,no
omen,la,1,0.008,no
omensi,la,1,0.008,no
omi,la,1,0.008,no
omin,la,1,0.008,no
ominabamur,la,1,0.008,no
omino,la,1,0.008,no
omissur,la,1,0.008,no
omissuros,la,1,0.008,no
omittam,la,1,0.008,no
omittendum,la,1,0.008,no
omittere,la,1,0.008,no
omittimus,la,1,0.008,no
omittit,la,1,0.008,no
omn,la,1,0.008,no
omnemque,la,1,0.008,no
omnen,la,1,0.008,no
omneque,la,1,0.008,no
omnesiam,la,1,0.008,no
omnésque,la,1,0.008,no
omnib,la,1,0.008,no
omnimoda,la,1,0.008,no
omnimodam,la,1,0.008,no
omnimodo,la,1,0.008,no
omninus,la,1,0.008,no
omnipotenti,la,1,0.008,no
omnipotentia,la,1,0.008,no
omnisque,la,1,0.008,no
omniumq,la,1,0.008,no
omniun,la,1,0.008,no
omnum,la,1,0.008,no
omui,la,1,0.008,no
omur,la,1,0.008,no
omura,la,1,0.008,no
omurana,la,1,0.008,no
omurandoni,la,1,0.008,no
omurandono,la,1,0.008,no
omurandonum,la,1,0.008,no
omurensis,la,1,0.008,no
onera,la,1,0.008,no
oneranda,la,1,0.008,no
onerant,la,1,0.008,no
onerata,la,1,0.008,no
oneraverunt,la,1,0.008,no
oneribus,la,1,0.008,no
onerosissimum,la,1,0.008,no
onerosum,la,1,0.008,no
onofrius,la,1,0.008,no
onorem,la,1,0.008,no
onuium,la,1,0.008,no
onustam,la,1,0.008,no
onustissimi,la,1,0.008,no
onustum,la,1,0.008,no
op,la,1,0.008,no
opellam,la,1,0.008,no
operâ,la,1,0.008,no
operante,la,1,0.008,no
operaretur,la,1,0.008,no
operari,la,1,0.008,no
operariosque,la,1,0.008,no
operati,la,1,0.008,no
operationis,la,1,0.008,no
operatios,la,1,0.008,no
operatur,la,1,0.008,no
operibusque,la,1,0.008,no
operose,la,1,0.008,no
operosissima,la,1,0.008,no
opertus,la,1,0.008,no
opida,la,1,0.008,no
opidis,la,1,0.008,no
opidos,la,1,0.008,no
opifex,la,1,0.008,no
opimamque,la,1,0.008,no
opinantibus,la,1,0.008,no
opinantur,la,1,0.008,no
opinatur,la,1,0.008,no
opinetur,la,1,0.008,no
opinionibus,la,1,0.008,no
opinionis,la,1,0.008,no
opinor,la,1,0.008,no
opitulante,la,1,0.008,no
opitulari,la,1,0.008,no
opor,la,1,0.008,no
oportunitas,la,1,0.008,no
oportunum,la,1,0.008,no
oppetendam,la,1,0.008,no
oppetere,la,1,0.008,no
oppetierunt,la,1,0.008,no
oppetiit,la,1,0.008,no
oppidani,la,1,0.008,no
oppidanos,la,1,0.008,no
oppidis,la,1,0.008,no
oppidum,la,1,0.008,no
oppinionem,la,1,0.008,no
opponunt,la,1,0.008,no
opportu,la,1,0.008,no
opportuna,la,1,0.008,no
opportunis,la,1,0.008,no
opportunissimum,la,1,0.008,no
opportuniùs,la,1,0.008,no
opportuno,la,1,0.008,no
opportunorum,la,1,0.008,no
opposita,la,1,0.008,no
oppositionibus,la,1,0.008,no
opposuerit,la,1,0.008,no
oppressit,la,1,0.008,no
oppressos,la,1,0.008,no
opprimemus,la,1,0.008,no
opprimendam,la,1,0.008,no
opprobria,la,1,0.008,no
opprobrium,la,1,0.008,no
oppugnandi,la,1,0.008,no
oppugnare,la,1,0.008,no
oprobrium,la,1,0.008,no
opt,la,1,0.008,no
optabant,la,1,0.008,no
optabili,la,1,0.008,no
optans,la,1,0.008,no
optaremus,la,1,0.008,no
optarent,la,1,0.008,no
optareq,la,1,0.008,no
optassent,la,1,0.008,no
optat,la,1,0.008,no
optatam,la,1,0.008,no
optatis,la,1,0.008,no
optatissimam,la,1,0.008,no
optatissimus,la,1,0.008,no
optatum,la,1,0.008,no
optico,la,1,0.008,no
optimae,la,1,0.008,no
optimoque,la,1,0.008,no
optimorum,la,1,0.008,no
optinendam,la,1,0.008,no
optinendi,la,1,0.008,no
optinuit,la,1,0.008,no
opulenta,la,1,0.008,no
opulentissimam,la,1,0.008,no
or,la,1,0.008,no
oracul,la,1,0.008,no
orans,la,1,0.008,no
orare,la,1,0.008,no
orassent,la,1,0.008,no
orate,la,1,0.008,no
oratio,la,1,0.008,no
orationum,la,1,0.008,no
oratoria,la,1,0.008,no
oratoribus,la,1,0.008,no
oravit,la,1,0.008,no
orbatae,la,1,0.008,no
orbati,la,1,0.008,no
orbatis,la,1,0.008,no
orbita,la,1,0.008,no
orchestra,la,1,0.008,no
orciq,la,1,0.008,no
ordam,la,1,0.008,no
ordena,es,1,0.008,no
ordiamur,la,1,0.008,no
ordinabat,la,1,0.008,no
ordinandorum,la,1,0.008,no
ordinantur,la,1,0.008,no
ordinariam,la,1,0.008,no
ordinarias,la,1,0.008,no
ordinarii,la,1,0.008,no
ordinarios,es,1,0.008,no
ordinarium,la,1,0.008,no
ordinata,la,1,0.008,no
ordinate,la,1,0.008,no
ordinatione,la,1,0.008,no
ordinationes,la,1,0.008,no
ordinatis,la,1,0.008,no
ordinatum,la,1,0.008,no
ordinavit,la,1,0.008,no
ordini,la,1,0.008,no
orent,la,1,0.008,no
ores,la,1,0.008,no
oretenus,la,1,0.008,no
org,la,1,0.008,no
organis,la,1,0.008,no
organtin,la,1,0.008,no
organtino,la,1,0.008,no
oriae,la,1,0.008,no
oriantur,la,1,0.008,no
oriatur,la,1,0.008,no
oridiam,la,1,0.008,no
orientalibus,la,1,0.008,no
orientaliora,la,1,0.008,no
orientaliores,la,1,0.008,no
orientalis,la,1,0.008,no
orietur,la,1,0.008,no
original,la,1,0.008,no
originis,la,1,0.008,no
oritur,la,1,0.008,no
oriuntur,la,1,0.008,no
orizam,la,1,0.008,no
orliam,la,1,0.008,no
ormus,la,1,0.008,no
ormuz,la,1,0.008,no
ornabantur,la,1,0.008,no
ornam,la,1,0.008,no
ornamenta,la,1,0.008,no
ornamenti,la,1,0.008,no
ornamentis,la,1,0.008,no
ornans,la,1,0.008,no
ornantes,la,1,0.008,no
ornare,la,1,0.008,no
ornarentur,la,1,0.008,no
ornari,la,1,0.008,no
ornatae,la,1,0.008,no
ornato,la,1,0.008,no
ornatoque,la,1,0.008,no
ornauit,la,1,0.008,no
orsi,la,1,0.008,no
ortatur,la,1,0.008,no
ortu,la,1,0.008,no
oscitanter,la,1,0.008,no
oscula,la,1,0.008,no
osculantes,la,1,0.008,no
osdroena,la,1,0.008,no
osdroenae,la,1,0.008,no
oseruanda,la,1,0.008,no
ossorum,la,1,0.008,no
ostendandam,la,1,0.008,no
ostendant,la,1,0.008,no
ostendatur,la,1,0.008,no
ostende,la,1,0.008,no
ostendebant,la,1,0.008,no
ostendemus,la,1,0.008,no
ostendens,la,1,0.008,no
ostendentes,la,1,0.008,no
ostenderem,la,1,0.008,no
ostenderent,la,1,0.008,no
ostenderit,la,1,0.008,no
ostendet,la,1,0.008,no
ostendetur,la,1,0.008,no
ostendimus,la,1,0.008,no
ostendvntvr,la,1,0.008,no
ostentabat,la,1,0.008,no
ostentare,la,1,0.008,no
ostentaret,la,1,0.008,no
ostentat,la,1,0.008,no
ostenturus,la,1,0.008,no
ostiatim,la,1,0.008,no
ostii,la,1,0.008,no
ostri,la,1,0.008,no
otiosae,la,1,0.008,no
otiosi,la,1,0.008,no
otobris,la,1,0.008,no
otro,es,1,0.008,no
otros,es,1,0.008,no
ovi,la,1,0.008,no
ovidii,la,1,0.008,no
ovidius,la,1,0.008,no
ovium,la,1,0.008,no
ozacae,la,1,0.008,no
ozacan,la,1,0.008,no
ozacanas,la,1,0.008,no
ozace,la,1,0.008,no
p.e,pt,1,0.008,no
p.t,la,1,0.008,no
p’ang,la,1,0.008,no
pa,la,1,0.008,no
pabulo,la,1,0.008,no
pac,la,1,0.008,no
pacandam,la,1,0.008,no
pacata,la,1,0.008,no
pacatae,la,1,0.008,no
pacate,la,1,0.008,no
pacatus,la,1,0.008,no
pacemque,la,1,0.008,no
pacheco,la,1,0.008,no
pachecus,la,1,0.008,no
paci,la,1,0.008,no
pacificandis,la,1,0.008,no
pacificata,la,1,0.008,no
pacificatore,la,1,0.008,no
pacifico,la,1,0.008,no
paciscatur,la,1,0.008,no
paciscerentur,la,1,0.008,no
pacisci,la,1,0.008,no
pacisi,la,1,0.008,no
pacta,la,1,0.008,no
paena,la,1,0.008,no
paenae,la,1,0.008,no
paenam,la,1,0.008,no
paenè,la,1,0.008,no
paenis,la,1,0.008,no
paenitenda,la,1,0.008,no
paganis,la,1,0.008,no
page,la,1,0.008,no
pagi,la,1,0.008,no
paginas,la,1,0.008,no
pakim,la,1,0.008,no
pal,la,1,0.008,no
palabundum,la,1,0.008,no
palamque,la,1,0.008,no
palatinarum,la,1,0.008,no
palestinam,la,1,0.008,no
pallescant,la,1,0.008,no
palliarunt,la,1,0.008,no
pallii,la,1,0.008,no
pallu,la,1,0.008,no
palmitibus,la,1,0.008,no
palude,la,1,0.008,no
pammacharios,la,1,0.008,no
pamphylia,la,1,0.008,no
pandat,la,1,0.008,no
pandet,la,1,0.008,no
pang,trans,1,0.008,no
panis,la,1,0.008,no
pannoniam,la,1,0.008,no
pannorum,la,1,0.008,no
panormitanus,la,1,0.008,no
pantomimos,la,1,0.008,no
paphlagones,la,1,0.008,no
papien,trans,1,0.008,no
papyro,la,1,0.008,no
parabantur,la,1,0.008,no
parabat,la,1,0.008,no
parabolȩ,la,1,0.008,no
paradiso,la,1,0.008,no
paradoxa,la,1,0.008,no
paradysum,la,1,0.008,no
paralyticum,la,1,0.008,no
parantes,la,1,0.008,no
paraphrastica,la,1,0.008,no
parasangis,la,1,0.008,no
parat,la,1,0.008,no
paratae,la,1,0.008,no
paratibus,la,1,0.008,no
paratissimus,la,1,0.008,no
paratosq,la,1,0.008,no
paratu,la,1,0.008,no
paravimus,la,1,0.008,no
paravit,la,1,0.008,no
parcant,la,1,0.008,no
parcens,la,1,0.008,no
parceret,la,1,0.008,no
parcitum,la,1,0.008,no
parebant,la,1,0.008,no
pareceptum,la,1,0.008,no
parendum,la,1,0.008,no
parent,la,1,0.008,no
parentaret,la,1,0.008,no
parentelae,la,1,0.008,no
parerent,la,1,0.008,no
paret,la,1,0.008,no
parie,la,1,0.008,no
pariet,la,1,0.008,no
parietem,la,1,0.008,no
parisiensis,la,1,0.008,no
parit,la,1,0.008,no
pariterque,la,1,0.008,no
parituros,la,1,0.008,no
pariunt,la,1,0.008,no
parochiae,la,1,0.008,no
parochum,la,1,0.008,no
parochus,la,1,0.008,no
parocitas,la,1,0.008,no
parrum,la,1,0.008,no
partas,la,1,0.008,no
partiarios,la,1,0.008,no
partici,la,1,0.008,no
participationem,la,1,0.008,no
participem,la,1,0.008,no
participient,la,1,0.008,no
particulare,la,1,0.008,no
particulari,la,1,0.008,no
particularia,la,1,0.008,no
particulariter,la,1,0.008,no
partimur,la,1,0.008,no
partitione,la,1,0.008,no
partitur,la,1,0.008,no
parto,la,1,0.008,no
parui,la,1,0.008,no
paruit,la,1,0.008,no
parumque,la,1,0.008,no
parvae,la,1,0.008,no
parvit,la,1,0.008,no
parvulis,la,1,0.008,no
parvulum,la,1,0.008,no
parvus,la,1,0.008,no
paschalis,la,1,0.008,no
paschate,la,1,0.008,no
pascit,la,1,0.008,no
pascitur,la,1,0.008,no
pasio,la,1,0.008,no
passados,es,1,0.008,no
passibus,la,1,0.008,no
passionem,la,1,0.008,no
passis,la,1,0.008,no
passius,la,1,0.008,no
passivum,la,1,0.008,no
passu,la,1,0.008,no
pastore,la,1,0.008,no
pastorem,la,1,0.008,no
pastores,la,1,0.008,no
pastoris,la,1,0.008,no
pateant,la,1,0.008,no
pateat,la,1,0.008,no
patebit,la,1,0.008,no
patefacere,la,1,0.008,no
patefecisset,la,1,0.008,no
patefiat,la,1,0.008,no
patefient,la,1,0.008,no
patens,la,1,0.008,no
patente,la,1,0.008,no
patentibus,la,1,0.008,no
patere,la,1,0.008,no
paterentur,la,1,0.008,no
paterfamilias,la,1,0.008,no
paternae,la,1,0.008,no
paternis,la,1,0.008,no
paternitatis,la,1,0.008,no
patiamur,la,1,0.008,no
patiar,la,1,0.008,no
patiemur,la,1,0.008,no
patienterq,la,1,0.008,no
patienti,la,1,0.008,no
patientia,la,1,0.008,no
patimini,la,1,0.008,no
patio,la,1,0.008,no
patrandam,la,1,0.008,no
patrarentur,la,1,0.008,no
patrasse,la,1,0.008,no
patriarca,la,1,0.008,no
patriarcham,la,1,0.008,no
patriȩ,la,1,0.008,no
patrię,la,1,0.008,no
patriumque,la,1,0.008,no
patrocinabatur,la,1,0.008,no
patrocinium,la,1,0.008,no
patroni,la,1,0.008,no
patrumq,la,1,0.008,no
patrumque,la,1,0.008,no
patruus,la,1,0.008,no
patula,la,1,0.008,no
pauciores,la,1,0.008,no
paucissimis,la,1,0.008,no
paucitate,la,1,0.008,no
pauco,la,1,0.008,no
paucorum,la,1,0.008,no
paucula,la,1,0.008,no
pauculis,la,1,0.008,no
pauculos,la,1,0.008,no
pauebunt,la,1,0.008,no
pauentes,la,1,0.008,no
paulatímque,la,1,0.008,no
paulisper,la,1,0.008,no
paullo,la,1,0.008,no
pauper,la,1,0.008,no
pauperculum,la,1,0.008,no
pauperis,la,1,0.008,no
paupertas,la,1,0.008,no
pauperum,la,1,0.008,no
pavor,la,1,0.008,no
pavoreque,la,1,0.008,no
pavoris,la,1,0.008,no
paz,es,1,0.008,no
peccandíque,la,1,0.008,no
peccantes,la,1,0.008,no
peccarem,la,1,0.008,no
peccator,la,1,0.008,no
peccatori,la,1,0.008,no
peccatoribus,la,1,0.008,no
peccunia,la,1,0.008,no
pectori,la,1,0.008,no
pectoris,la,1,0.008,no
peculia,la,1,0.008,no
peculiari,la,1,0.008,no
pecuniarum,la,1,0.008,no
pedesq,la,1,0.008,no
pedester,la,1,0.008,no
pediculus,la,1,0.008,no
peditum,la,1,0.008,no
pedum,la,1,0.008,no
pegu,la,1,0.008,no
peiora,la,1,0.008,no
peiorem,la,1,0.008,no
pekim,la,1,0.008,no
pellectis,la,1,0.008,no
pelleremur,la,1,0.008,no
pellibus,la,1,0.008,no
pelliceant,la,1,0.008,no
pelliceret,la,1,0.008,no
pellium,la,1,0.008,no
pena,la,1,0.008,no
pȩna,la,1,0.008,no
pendeat,la,1,0.008,no
pendebat,la,1,0.008,no
pendens,la,1,0.008,no
pendentis,la,1,0.008,no
pendit,la,1,0.008,no
pendula,la,1,0.008,no
penetr,la,1,0.008,no
penetraret,la,1,0.008,no
penetrasset,la,1,0.008,no
penetrat,la,1,0.008,no
peninsula,la,1,0.008,no
peninsulae,la,1,0.008,no
pȩnis,la,1,0.008,no
pȩnitentes,la,1,0.008,no
penitere,la,1,0.008,no
pȩnituit,la,1,0.008,no
penitùs,la,1,0.008,no
pensio,la,1,0.008,no
pensiones,la,1,0.008,no
pensionis,la,1,0.008,no
pentapolitana,la,1,0.008,no
penthesileam,la,1,0.008,no
penuria,la,1,0.008,no
penuriae,la,1,0.008,no
pependit,la,1,0.008,no
pepercerunt,la,1,0.008,no
pequinianam,la,1,0.008,no
pequiniano,la,1,0.008,no
pera,pt,1,0.008,no
peracerbo,la,1,0.008,no
peracerbum,la,1,0.008,no
peragendam,la,1,0.008,no
peragere,la,1,0.008,no
peragit,la,1,0.008,no
peragravi,la,1,0.008,no
peragrent,la,1,0.008,no
peraguntur,la,1,0.008,no
perambulandam,la,1,0.008,no
perambulare,la,1,0.008,no
perambulatis,la,1,0.008,no
peramplis,la,1,0.008,no
perangustum,la,1,0.008,no
percensebo,la,1,0.008,no
perceperit,la,1,0.008,no
percepi,la,1,0.008,no
percepissent,la,1,0.008,no
perceptos,la,1,0.008,no
perchè,it,1,0.008,no
percidi,la,1,0.008,no
percipi,la,1,0.008,no
percipiatur,la,1,0.008,no
percipiebant,la,1,0.008,no
percipient,la,1,0.008,no
percipiunt,la,1,0.008,no
perciti,la,1,0.008,no
percommoda,la,1,0.008,no
percommode,la,1,0.008,no
percommodum,la,1,0.008,no
percrebuit,la,1,0.008,no
perculerit,la,1,0.008,no
perculit,la,1,0.008,no
percurrimus,la,1,0.008,no
percurrit,la,1,0.008,no
percussiones,la,1,0.008,no
perdat,la,1,0.008,no
perdendae,la,1,0.008,no
perdere,la,1,0.008,no
perdidicit,la,1,0.008,no
perdifficile,la,1,0.008,no
perdiscenda,la,1,0.008,no
perditam,la,1,0.008,no
perditi,la,1,0.008,no
perditioni,la,1,0.008,no
perditis,la,1,0.008,no
perditissimos,la,1,0.008,no
perditorum,la,1,0.008,no
perducere,la,1,0.008,no
perducerentur,la,1,0.008,no
perduceret,la,1,0.008,no
perducti,la,1,0.008,no
perducturam,la,1,0.008,no
perductutum,la,1,0.008,no
perduelli,la,1,0.008,no
perduellione,la,1,0.008,no
perduellionem,la,1,0.008,no
perdurarunt,la,1,0.008,no
perduravit,la,1,0.008,no
perduxerunt,la,1,0.008,no
pereat,la,1,0.008,no
peregre,la,1,0.008,no
peregrinae,la,1,0.008,no
peregrinantur,la,1,0.008,no
peregrinari,la,1,0.008,no
peregrinatio,la,1,0.008,no
peregrinatione,la,1,0.008,no
peregrinis,la,1,0.008,no
peregrinus,la,1,0.008,no
perennes,la,1,0.008,no
perennitate,la,1,0.008,no
perera,la,1,0.008,no
pererrant,la,1,0.008,no
pereundum,la,1,0.008,no
pereuntibus,la,1,0.008,no
perexiguum,la,1,0.008,no
pereyra,la,1,0.008,no
pérez,la,1,0.008,no
perfacile,la,1,0.008,no
perfectiores,la,1,0.008,no
perfectissima,la,1,0.008,no
perfectissimi,la,1,0.008,no
perfectissimus,la,1,0.008,no
perfectos,la,1,0.008,no
perferat,la,1,0.008,no
perferebat,la,1,0.008,no
perferendum,la,1,0.008,no
perferunt,la,1,0.008,no
perficerem,la,1,0.008,no
perficerent,la,1,0.008,no
perfici,la,1,0.008,no
perficiam,la,1,0.008,no
perficiendum,la,1,0.008,no
perficit,la,1,0.008,no
perficitur,la,1,0.008,no
perficiunt,la,1,0.008,no
perfide,la,1,0.008,no
perfidis,la,1,0.008,no
perfosso,la,1,0.008,no
perfruamur,la,1,0.008,no
perfruantur,la,1,0.008,no
perfruatur,la,1,0.008,no
perfruentur,la,1,0.008,no
perfrui,la,1,0.008,no
perfruitur,la,1,0.008,no
perfruituram,la,1,0.008,no
perfuderint,la,1,0.008,no
perfuderunt,la,1,0.008,no
perfunctos,la,1,0.008,no
perfundantur,la,1,0.008,no
perfundentur,la,1,0.008,no
perfunditur,la,1,0.008,no
perfusa,la,1,0.008,no
perfusionem,la,1,0.008,no
pergamena,la,1,0.008,no
pergas,la,1,0.008,no
pergen,la,1,0.008,no
pergendum,la,1,0.008,no
pergeretur,la,1,0.008,no
pergratum,la,1,0.008,no
perhibetur,la,1,0.008,no
perhumaniter,la,1,0.008,no
perhumanum,la,1,0.008,no
periclitabatur,la,1,0.008,no
periclitari,la,1,0.008,no
pericolorumque,la,1,0.008,no
perimere,la,1,0.008,no
perimerent,la,1,0.008,no
periodus,la,1,0.008,no
perique,la,1,0.008,no
periret,la,1,0.008,no
peritiam,la,1,0.008,no
peritis,la,1,0.008,no
peritissimus,la,1,0.008,no
peritosque,la,1,0.008,no
peritura,la,1,0.008,no
periucundum,la,1,0.008,no
perium,la,1,0.008,no
periuri,la,1,0.008,no
perlata,la,1,0.008,no
perlectis,la,1,0.008,no
perlegendi,la,1,0.008,no
perlegimus,la,1,0.008,no
permagnȩ,la,1,0.008,no
permaneant,la,1,0.008,no
permanere,la,1,0.008,no
permansi,la,1,0.008,no
permansisset,la,1,0.008,no
permare,la,1,0.008,no
permaximo,la,1,0.008,no
permisisset,la,1,0.008,no
permissas,la,1,0.008,no
permisserit,la,1,0.008,no
permissi,la,1,0.008,no
permissione,la,1,0.008,no
permissiones,la,1,0.008,no
permissuros,la,1,0.008,no
permittant,la,1,0.008,no
permittat,la,1,0.008,no
permittatur,la,1,0.008,no
permittebant,la,1,0.008,no
permittendis,la,1,0.008,no
permittendum,la,1,0.008,no
permittente,la,1,0.008,no
permitterentur,la,1,0.008,no
permittitur,la,1,0.008,no
permittunt,la,1,0.008,no
permixto,la,1,0.008,no
permotus,la,1,0.008,no
permouetur,la,1,0.008,no
permovendam,la,1,0.008,no
permulceri,la,1,0.008,no
permulta,la,1,0.008,no
permultas,la,1,0.008,no
permulti,la,1,0.008,no
permutarunt,la,1,0.008,no
permutationem,la,1,0.008,no
permutatus,la,1,0.008,no
pernecessariam,la,1,0.008,no
pernecessarios,la,1,0.008,no
pernicibus,la,1,0.008,no
perniciosae,la,1,0.008,no
perniciosas,la,1,0.008,no
perniciosissimum,la,1,0.008,no
perniciosus,la,1,0.008,no
pernicis,la,1,0.008,no
pernoctabo,la,1,0.008,no
pernoctarent,la,1,0.008,no
pernoctaverunt,la,1,0.008,no
pernoctavi,la,1,0.008,no
pernoctavit,la,1,0.008,no
pernoscerent,la,1,0.008,no
peroptatam,la,1,0.008,no
perpendamus,la,1,0.008,no
perpendatur,la,1,0.008,no
perpendentes,la,1,0.008,no
perpenderit,la,1,0.008,no
perpessae,la,1,0.008,no
perpessione,la,1,0.008,no
perpessionem,la,1,0.008,no
perpessionis,la,1,0.008,no
perpessus,la,1,0.008,no
perpeti,la,1,0.008,no
perpetiendam,la,1,0.008,no
perpetrandi,la,1,0.008,no
perpetrant,la,1,0.008,no
perpetrare,la,1,0.008,no
perpetrarint,la,1,0.008,no
perpetrarunt,la,1,0.008,no
perpetui,la,1,0.008,no
perpetuos,la,1,0.008,no
perplexi,la,1,0.008,no
perplexo,la,1,0.008,no
perquam,la,1,0.008,no
perrexi,la,1,0.008,no
perrumpunt,la,1,0.008,no
perrupit,la,1,0.008,no
persalutatis,la,1,0.008,no
perscribam,la,1,0.008,no
perscribit,la,1,0.008,no
perscrutari,la,1,0.008,no
persecuciones,la,1,0.008,no
persecutioni,la,1,0.008,no
persecutionisque,la,1,0.008,no
persecutionum,la,1,0.008,no
persecutor,la,1,0.008,no
persecutoribus,la,1,0.008,no
persensisse,la,1,0.008,no
persequebantur,la,1,0.008,no
persequebatur,la,1,0.008,no
persequendas,la,1,0.008,no
persequentes,la,1,0.008,no
persequi,la,1,0.008,no
persequtione,la,1,0.008,no
persequutionis,la,1,0.008,no
persequutus,la,1,0.008,no
perseverant,la,1,0.008,no
perseverantia,la,1,0.008,no
perseverantibus,la,1,0.008,no
perseverare,la,1,0.008,no
perseverat,la,1,0.008,no
persica,la,1,0.008,no
persicis,la,1,0.008,no
persistendi,la,1,0.008,no
persisteret,la,1,0.008,no
persisterunt,la,1,0.008,no
persistunt,la,1,0.008,no
persolvere,la,1,0.008,no
persolverem,la,1,0.008,no
persolverentur,la,1,0.008,no
persolvi,la,1,0.008,no
personantis,la,1,0.008,no
personis,la,1,0.008,no
perspectam,la,1,0.008,no
perspexere,la,1,0.008,no
perspexisse,la,1,0.008,no
perspicientiae,la,1,0.008,no
perspiciuntur,la,1,0.008,no
perspicue,la,1,0.008,no
perstantes,la,1,0.008,no
perstiterant,la,1,0.008,no
perstitêre,la,1,0.008,no
perstiterunt,la,1,0.008,no
perstitit,la,1,0.008,no
perstituram,la,1,0.008,no
perstringenda,la,1,0.008,no
perstringunt,la,1,0.008,no
perstrinxit,la,1,0.008,no
persuadent,la,1,0.008,no
pertimescenda,la,1,0.008,no
pertimescerent,la,1,0.008,no
pertinacissima,la,1,0.008,no
pertinaciter,la,1,0.008,no
pertineant,la,1,0.008,no
pertinebant,la,1,0.008,no
pertinebat,la,1,0.008,no
pertinentibus,la,1,0.008,no
pertingat,la,1,0.008,no
pertingebant,la,1,0.008,no
pertingebat,la,1,0.008,no
pertractanda,la,1,0.008,no
pertractans,la,1,0.008,no
pertractaret,la,1,0.008,no
pertraxissent,la,1,0.008,no
pertulerunt,la,1,0.008,no
perturbabant,la,1,0.008,no
perturbarent,la,1,0.008,no
perturbaretur,la,1,0.008,no
perturbari,la,1,0.008,no
perturbârunt,la,1,0.008,no
perturbationum,la,1,0.008,no
perturbatores,la,1,0.008,no
perturbatus,la,1,0.008,no
peruagabitur,la,1,0.008,no
peruagantes,la,1,0.008,no
perueniat,la,1,0.008,no
peruenire,la,1,0.008,no
peruenit,la,1,0.008,no
peruertit,la,1,0.008,no
peruertitur,la,1,0.008,no
peruicacia,la,1,0.008,no
perusini,la,1,0.008,no
perusino,la,1,0.008,no
pervagata,la,1,0.008,no
pervagatae,la,1,0.008,no
pervenerint,la,1,0.008,no
perveniant,la,1,0.008,no
perveniensque,la,1,0.008,no
pervenient,la,1,0.008,no
perveniunt,la,1,0.008,no
perventi,la,1,0.008,no
perventuras,la,1,0.008,no
perversae,la,1,0.008,no
perverterent,la,1,0.008,no
pervicaces,la,1,0.008,no
pervios,la,1,0.008,no
pessima,la,1,0.008,no
pessime,la,1,0.008,no
pessimus,la,1,0.008,no
pessis,la,1,0.008,no
pessumdaret,la,1,0.008,no
pessundaretur,la,1,0.008,no
pestes,la,1,0.008,no
pestilentem,la,1,0.008,no
petam,la,1,0.008,no
petatis,la,1,0.008,no
petebam,la,1,0.008,no
peteretque,la,1,0.008,no
peti,la,1,0.008,no
petierant,la,1,0.008,no
petierat,la,1,0.008,no
petierunt,la,1,0.008,no
petiissent,la,1,0.008,no
petiisset,la,1,0.008,no
petiitque,la,1,0.008,no
petisset,la,1,0.008,no
petita,la,1,0.008,no
petitae,la,1,0.008,no
petitione,la,1,0.008,no
petitionibus,la,1,0.008,no
petitionis,la,1,0.008,no
petiverat,la,1,0.008,no
petivere,la,1,0.008,no
petivi,la,1,0.008,no
petivit,la,1,0.008,no
petivitque,la,1,0.008,no
petra,la,1,0.008,no
petrae,la,1,0.008,no
petrahant,la,1,0.008,no
petru,la,1,0.008,no
phanis,la,1,0.008,no
phantasiae,la,1,0.008,no
pharisaei,la,1,0.008,no
pharisaeis,la,1,0.008,no
phelipus,la,1,0.008,no
phil,la,1,0.008,no
philippinae,la,1,0.008,no
philippinenses,la,1,0.008,no
philippinensium,la,1,0.008,no
philosophias,la,1,0.008,no
philosophicis,la,1,0.008,no
philosophico,la,1,0.008,no
philosophicos,la,1,0.008,no
philosophię,la,1,0.008,no
philosophis,la,1,0.008,no
philosopho,la,1,0.008,no
philuppum,la,1,0.008,no
phrygia,la,1,0.008,no
phrygum,la,1,0.008,no
physicos,la,1,0.008,no
pi,trans,1,0.008,no
piâ,la,1,0.008,no
piannus,la,1,0.008,no
piaque,la,1,0.008,no
picem,la,1,0.008,no
picenum,la,1,0.008,no
pictam,la,1,0.008,no
pictas,la,1,0.008,no
picturas,la,1,0.008,no
pieque,la,1,0.008,no
pietati,la,1,0.008,no
pietatisq,la,1,0.008,no
pij,la,1,0.008,no
pilato,la,1,0.008,no
pileo,la,1,0.008,no
pineis,la,1,0.008,no
piñerius,la,1,0.008,no
pingendi,la,1,0.008,no
pingendis,la,1,0.008,no
pingnan,la,1,0.008,no
pingpu,la,1,0.008,no
pinherius,la,1,0.008,no
piñuela,la,1,0.008,no
pio,la,1,0.008,no
piorum,la,1,0.008,no
píris,la,1,0.008,no
píriz,la,1,0.008,no
piscarii,la,1,0.008,no
piscatione,la,1,0.008,no
piscator,la,1,0.008,no
piscatores,la,1,0.008,no
piscatoribus,la,1,0.008,no
piscatoris,la,1,0.008,no
piscatu,la,1,0.008,no
piscem,la,1,0.008,no
piscibus,la,1,0.008,no
pistorio,la,1,0.008,no
piternum,la,1,0.008,no
piti,la,1,0.008,no
pium,la,1,0.008,no
placente,la,1,0.008,no
placeret,la,1,0.008,no
placet,la,1,0.008,no
placitura,la,1,0.008,no
plagam,la,1,0.008,no
plagis,la,1,0.008,no
planè,la,1,0.008,no
planetarum,la,1,0.008,no
planis,la,1,0.008,no
planities,la,1,0.008,no
plantationum,la,1,0.008,no
plateam,la,1,0.008,no
platearum,la,1,0.008,no
plebei,la,1,0.008,no
plebeiorum,la,1,0.008,no
plectebatur,la,1,0.008,no
plenae,la,1,0.008,no
plenaria,la,1,0.008,no
plenariam,la,1,0.008,no
pleniora,la,1,0.008,no
plenissimas,la,1,0.008,no
plenissimi,la,1,0.008,no
plenissimos,la,1,0.008,no
pleno,la,1,0.008,no
plenoque,la,1,0.008,no
plenos,la,1,0.008,no
plenum,la,1,0.008,no
pleret,la,1,0.008,no
pleriq,la,1,0.008,no
plexi,la,1,0.008,no
plicatio,la,1,0.008,no
plius,la,1,0.008,no
plorat,la,1,0.008,no
pluente,la,1,0.008,no
plui,la,1,0.008,no
pluit,la,1,0.008,no
plumam,la,1,0.008,no
plumbeus,la,1,0.008,no
pluri,la,1,0.008,no
pluribusque,la,1,0.008,no
plurimùm,la,1,0.008,no
plusculum,la,1,0.008,no
plusq,la,1,0.008,no
pluuiam,la,1,0.008,no
pluvia,la,1,0.008,no
pluviae,la,1,0.008,no
poanci,la,1,0.008,no
poculenta,la,1,0.008,no
poenitendum,la,1,0.008,no
poenitet,la,1,0.008,no
poenitus,la,1,0.008,no
poetico,la,1,0.008,no
polaccus,la,1,0.008,no
polancus,la,1,0.008,no
polemica,la,1,0.008,no
poli,la,1,0.008,no
politica,la,1,0.008,no
politicas,la,1,0.008,no
politices,la,1,0.008,no
politicis,la,1,0.008,no
pollebat,la,1,0.008,no
pollere,la,1,0.008,no
polleret,la,1,0.008,no
pollicentur,la,1,0.008,no
pollicetur,la,1,0.008,no
pollicitatio,la,1,0.008,no
pollicitationes,la,1,0.008,no
pollonorum,la,1,0.008,no
polluimus,la,1,0.008,no
polluti,la,1,0.008,no
poloni,la,1,0.008,no
polonia,la,1,0.008,no
poloniae,la,1,0.008,no
poloniam,la,1,0.008,no
polonicis,la,1,0.008,no
polonorum,la,1,0.008,no
polonum,la,1,0.008,no
polum,la,1,0.008,no
pomarium,la,1,0.008,no
pomerio,la,1,0.008,no
pomis,la,1,0.008,no
pomorum,la,1,0.008,no
ponam,la,1,0.008,no
ponatur,la,1,0.008,no
ponderanda,la,1,0.008,no
ponderata,la,1,0.008,no
ponderatis,la,1,0.008,no
ponderis,la,1,0.008,no
ponè,la,1,0.008,no
ponendum,la,1,0.008,no
ponens,la,1,0.008,no
ponentes,la,1,0.008,no
poniae,la,1,0.008,no
ponticos,la,1,0.008,no
ponto,la,1,0.008,no
pontum,la,1,0.008,no
poplites,la,1,0.008,no
populabundi,la,1,0.008,no
populatrice,la,1,0.008,no
populor,la,1,0.008,no
populosissima,la,1,0.008,no
populosissimam,la,1,0.008,no
populosissimas,la,1,0.008,no
porcina,la,1,0.008,no
poris,la,1,0.008,no
porque,pt,1,0.008,no
porrecta,la,1,0.008,no
porrexerit,la,1,0.008,no
porrexerunt,la,1,0.008,no
porrexit,la,1,0.008,no
porrigenda,la,1,0.008,no
porrigendas,la,1,0.008,no
porrò,la,1,0.008,no
port,la,1,0.008,no
portabat,la,1,0.008,no
portanda,la,1,0.008,no
portando,la,1,0.008,no
portarum,la,1,0.008,no
portata,la,1,0.008,no
portatile,la,1,0.008,no
portionem,la,1,0.008,no
porto,la,1,0.008,no
portubus,la,1,0.008,no
portuensis,la,1,0.008,no
portugaliȩ,la,1,0.008,no
portugallia,la,1,0.008,no
portumque,la,1,0.008,no
portus,la,1,0.008,no
poscerentur,la,1,0.008,no
posillus,la,1,0.008,no
posint,la,1,0.008,no
posit,la,1,0.008,no
positione,la,1,0.008,no
positiones,la,1,0.008,no
positiva,la,1,0.008,no
positivo,la,1,0.008,no
positivum,la,1,0.008,no
positurum,la,1,0.008,no
posseq,la,1,0.008,no
possesione,la,1,0.008,no
possessio,la,1,0.008,no
possessor,la,1,0.008,no
possibilitate,la,1,0.008,no
possibilitatem,la,1,0.008,no
possideant,la,1,0.008,no
possidebant,la,1,0.008,no
possident,la,1,0.008,no
possidere,la,1,0.008,no
possiderent,la,1,0.008,no
possitos,la,1,0.008,no
postera,la,1,0.008,no
posteris,la,1,0.008,no
posteritatem,la,1,0.008,no
posteros,la,1,0.008,no
posthabere,la,1,0.008,no
posthumum,la,1,0.008,no
postliminio,la,1,0.008,no
postmodùm,la,1,0.008,no
postponatis,la,1,0.008,no
postposuit,la,1,0.008,no
postqu,la,1,0.008,no
postrema,la,1,0.008,no
postremi,la,1,0.008,no
postremis,la,1,0.008,no
postremum,la,1,0.008,no
postremus,la,1,0.008,no
postulab,la,1,0.008,no
postulanda,la,1,0.008,no
postulantes,la,1,0.008,no
postularent,la,1,0.008,no
postulasset,la,1,0.008,no
postulato,la,1,0.008,no
postulatum,la,1,0.008,no
posueramus,la,1,0.008,no
posuerant,la,1,0.008,no
posuisse,la,1,0.008,no
posuisset,la,1,0.008,no
potationem,la,1,0.008,no
pote,la,1,0.008,no
potè,la,1,0.008,no
potens,la,1,0.008,no
potenti,la,1,0.008,no
potentiâ,la,1,0.008,no
potentiaque,la,1,0.008,no
potentiore,la,1,0.008,no
potentiorem,la,1,0.008,no
potentiores,la,1,0.008,no
potentioresque,la,1,0.008,no
potentiu,la,1,0.008,no
potentum,la,1,0.008,no
poteram,la,1,0.008,no
poteras,la,1,0.008,no
poteritis,la,1,0.008,no
poternt,la,1,0.008,no
potesta,la,1,0.008,no
potestats,la,1,0.008,no
potiamur,la,1,0.008,no
potiantur,la,1,0.008,no
potietur,la,1,0.008,no
potior,la,1,0.008,no
potiorem,la,1,0.008,no
potiori,la,1,0.008,no
potissi,la,1,0.008,no
potissima,la,1,0.008,no
potissimae,la,1,0.008,no
potiti,la,1,0.008,no
potiundae,la,1,0.008,no
potiundi,la,1,0.008,no
potiundique,la,1,0.008,no
potuissemus,la,1,0.008,no
poucos,pt,1,0.008,no
practicos,la,1,0.008,no
praebeant,la,1,0.008,no
praebiti,la,1,0.008,no
praebuerit,la,1,0.008,no
praebuisset,la,1,0.008,no
praecaveantur,la,1,0.008,no
praecaventes,la,1,0.008,no
praecedat,la,1,0.008,no
praecedebat,la,1,0.008,no
praecedentes,la,1,0.008,no
praecedentibus,la,1,0.008,no
praecedentis,la,1,0.008,no
praecedit,la,1,0.008,no
praeceptiones,la,1,0.008,no
praeceptumque,la,1,0.008,no
praecesser,la,1,0.008,no
praecessissent,la,1,0.008,no
praecidas,la,1,0.008,no
praecingant,la,1,0.008,no
praecipitem,la,1,0.008,no
praecipites,la,1,0.008,no
praecipiti,la,1,0.008,no
praecipitio,la,1,0.008,no
praecipuarum,la,1,0.008,no
praecipuè,la,1,0.008,no
praeclar,la,1,0.008,no
praecones,la,1,0.008,no
praeconibus,la,1,0.008,no
praeconio,la,1,0.008,no
praecordiis,la,1,0.008,no
praecpto,la,1,0.008,no
praeda,la,1,0.008,no
praedantes,la,1,0.008,no
praedantibus,la,1,0.008,no
praedestinationis,la,1,0.008,no
praedicanda,la,1,0.008,no
praedicandi,la,1,0.008,no
praedicantibus,la,1,0.008,no
praedicantur,la,1,0.008,no
praedicaremus,la,1,0.008,no
praedicarunt,la,1,0.008,no
praedicata,la,1,0.008,no
praedicationibus,la,1,0.008,no
praedicatores,la,1,0.008,no
praedicatum,la,1,0.008,no
praedictam,la,1,0.008,no
praedictarum,la,1,0.008,no
praedictas,la,1,0.008,no
praedictidies,la,1,0.008,no
praedictorum,la,1,0.008,no
praedictos,la,1,0.008,no
praedii,la,1,0.008,no
praediis,la,1,0.008,no
praedis,la,1,0.008,no
praeditam,la,1,0.008,no
praeditos,la,1,0.008,no
praedixerat,la,1,0.008,no
praedixit,la,1,0.008,no
praeedicta,la,1,0.008,no
praeesset,la,1,0.008,no
praefati,la,1,0.008,no
praefecit,la,1,0.008,no
praefecta,la,1,0.008,no
praefectam,la,1,0.008,no
praefectum,la,1,0.008,no
praefecturae,la,1,0.008,no
praefer,la,1,0.008,no
praeferunt,la,1,0.008,no
praeficeret,la,1,0.008,no
praefici,la,1,0.008,no
praefigat,la,1,0.008,no
praefixit,la,1,0.008,no
praefixum,la,1,0.008,no
praefuit,la,1,0.008,no
praegnantes,la,1,0.008,no
praegnantibus,la,1,0.008,no
praeibo,la,1,0.008,no
praeiudicare,la,1,0.008,no
praelatos,la,1,0.008,no
praelectionibus,la,1,0.008,no
praeliis,la,1,0.008,no
praelium,la,1,0.008,no
praelo,la,1,0.008,no
praelucerent,la,1,0.008,no
praeludium,la,1,0.008,no
praemij,la,1,0.008,no
praemijs,la,1,0.008,no
praemissa,la,1,0.008,no
praemittam,la,1,0.008,no
praemittunt,la,1,0.008,no
praenominato,la,1,0.008,no
praenuntiare,la,1,0.008,no
praepararent,la,1,0.008,no
praeparaverant,la,1,0.008,no
praeparavit,la,1,0.008,no
praepositis,la,1,0.008,no
praepositos,la,1,0.008,no
praeposuisti,la,1,0.008,no
praerepti,la,1,0.008,no
praeriperet,la,1,0.008,no
praesagire,la,1,0.008,no
praesagium,la,1,0.008,no
praescidit,la,1,0.008,no
praescimus,la,1,0.008,no
praescinditur,la,1,0.008,no
praescipiunt,la,1,0.008,no
praescribat,la,1,0.008,no
praescribit,la,1,0.008,no
praescribunt,la,1,0.008,no
praescribuntur,la,1,0.008,no
praescripsit,la,1,0.008,no
praescripta,la,1,0.008,no
praescriptam,la,1,0.008,no
praescripti,la,1,0.008,no
praesentabo,la,1,0.008,no
praesentanda,la,1,0.008,no
praesentare,la,1,0.008,no
praesentari,la,1,0.008,no
praesentati,la,1,0.008,no
praesentationis,la,1,0.008,no
praesentatum,la,1,0.008,no
praesentaturus,la,1,0.008,no
praesentaverunt,la,1,0.008,no
praesentavi,la,1,0.008,no
praesentiarum,la,1,0.008,no
praesentissimis,la,1,0.008,no
praesentium,la,1,0.008,no
praesento,la,1,0.008,no
praeservet,la,1,0.008,no
praesi,la,1,0.008,no
praesidem,la,1,0.008,no
praesideret,la,1,0.008,no
praesidi,la,1,0.008,no
praesit,la,1,0.008,no
praestabit,la,1,0.008,no
praestabunt,la,1,0.008,no
praestandam,la,1,0.008,no
praestante,la,1,0.008,no
praestantiam,la,1,0.008,no
praestantibus,la,1,0.008,no
praestantissima,la,1,0.008,no
praestantissimos,la,1,0.008,no
praestarentur,la,1,0.008,no
praestari,la,1,0.008,no
praestigię,la,1,0.008,no
praestitere,la,1,0.008,no
praestiturum,la,1,0.008,no
praestituta,la,1,0.008,no
praestolamur,la,1,0.008,no
praestolantur,la,1,0.008,no
praestringentem,la,1,0.008,no
praesumere,la,1,0.008,no
praesumit,la,1,0.008,no
praesumptiones,la,1,0.008,no
praeteramus,la,1,0.008,no
praetereà,la,1,0.008,no
praetereo,la,1,0.008,no
praeterfluit,la,1,0.008,no
praeteribo,la,1,0.008,no
praeterire,la,1,0.008,no
praeteritae,la,1,0.008,no
praeterlapsum,la,1,0.008,no
praetermisso,la,1,0.008,no
praetermissum,la,1,0.008,no
praetermittam,la,1,0.008,no
praetermittere,la,1,0.008,no
praetermitto,la,1,0.008,no
praeterquam,la,1,0.008,no
praetexunt,la,1,0.008,no
praetoribus,la,1,0.008,no
praetorum,la,1,0.008,no
praetulisset,la,1,0.008,no
praeualebis,la,1,0.008,no
praeuidit,la,1,0.008,no
praev,la,1,0.008,no
praevidentes,la,1,0.008,no
praevisa,la,1,0.008,no
prandium,la,1,0.008,no
pransus,la,1,0.008,no
prauam,la,1,0.008,no
praui,la,1,0.008,no
prauitatem,la,1,0.008,no
prauitati,la,1,0.008,no
pravalet,la,1,0.008,no
pravitatis,la,1,0.008,no
praxes,la,1,0.008,no
prȩ,la,1,0.008,no
pręacutis,la,1,0.008,no
preaterquam,la,1,0.008,no
prebente,la,1,0.008,no
prebui,la,1,0.008,no
precabor,la,1,0.008,no
precantes,la,1,0.008,no
precare,la,1,0.008,no
precationum,la,1,0.008,no
precellens,la,1,0.008,no
precepit,la,1,0.008,no
precepta,la,1,0.008,no
precepto,la,1,0.008,no
prȩcepto,la,1,0.008,no
pręcepto,la,1,0.008,no
preceptorem,la,1,0.008,no
preceptores,la,1,0.008,no
pręceptum,la,1,0.008,no
preciosissimis,la,1,0.008,no
prȩcipere,la,1,0.008,no
pręciperet,la,1,0.008,no
prȩcipiens,la,1,0.008,no
precipuis,la,1,0.008,no
precipuua,la,1,0.008,no
pręcipuus,la,1,0.008,no
pręclaris,la,1,0.008,no
precor,la,1,0.008,no
predi,la,1,0.008,no
predicabat,la,1,0.008,no
prȩdicabat,la,1,0.008,no
predicacion,es,1,0.008,no
predicador,es,1,0.008,no
predicamus,la,1,0.008,no
prȩdicandam,la,1,0.008,no
prȩdicando,la,1,0.008,no
predicar,es,1,0.008,no
predicat,la,1,0.008,no
predicationes,es,1,0.008,no
predicator,la,1,0.008,no
prȩdicator,la,1,0.008,no
predicavimus,la,1,0.008,no
predico,la,1,0.008,no
predicta,la,1,0.008,no
predictis,la,1,0.008,no
predictus,la,1,0.008,no
preditos,la,1,0.008,no
prędixerat,la,1,0.008,no
preest,la,1,0.008,no
prefata,la,1,0.008,no
prefati,la,1,0.008,no
prefationis,la,1,0.008,no
prefato,la,1,0.008,no
prȩfecto,la,1,0.008,no
prefectus,la,1,0.008,no
prȩfectus,la,1,0.008,no
preferentes,la,1,0.008,no
pręferet,la,1,0.008,no
prehensi,la,1,0.008,no
prelatis,la,1,0.008,no
prelatos,la,1,0.008,no
prelectionibus,la,1,0.008,no
preliis,la,1,0.008,no
premebatur,la,1,0.008,no
prementibus,la,1,0.008,no
premerentur,la,1,0.008,no
prȩmisit,la,1,0.008,no
premotus,la,1,0.008,no
prȩparata,la,1,0.008,no
prepositus,la,1,0.008,no
presbiterorum,la,1,0.008,no
prȩsens,la,1,0.008,no
presentantes,la,1,0.008,no
presentar,es,1,0.008,no
prȩsentati,la,1,0.008,no
presentationes,es,1,0.008,no
presente,es,1,0.008,no
presentemque,la,1,0.008,no
presentes,es,1,0.008,no
pręsentia,la,1,0.008,no
prȩsentiam,la,1,0.008,no
prȩsidis,la,1,0.008,no
pressum,la,1,0.008,no
pressus,la,1,0.008,no
pręstandam,la,1,0.008,no
prestandum,la,1,0.008,no
pręstaret,la,1,0.008,no
prestat,la,1,0.008,no
prestitimus,la,1,0.008,no
prȩstitit,la,1,0.008,no
pręstituetur,la,1,0.008,no
pretendo,la,1,0.008,no
prȩterea,la,1,0.008,no
prȩterire,la,1,0.008,no
preterito,la,1,0.008,no
prȩterquam,la,1,0.008,no
pręterquam,la,1,0.008,no
pretextu,la,1,0.008,no
pretii,la,1,0.008,no
pretiosam,la,1,0.008,no
pretiosarum,la,1,0.008,no
pretiosi,la,1,0.008,no
pretiosissimas,la,1,0.008,no
pretiosissimo,la,1,0.008,no
prevalere,la,1,0.008,no
priceps,la,1,0.008,no
pridie,la,1,0.008,no
primario,la,1,0.008,no
primariorum,la,1,0.008,no
primatum,la,1,0.008,no
primitiae,la,1,0.008,no
primitiva,la,1,0.008,no
primitivae,la,1,0.008,no
primogeniti,la,1,0.008,no
primogenito,la,1,0.008,no
primordijs,la,1,0.008,no
primumque,la,1,0.008,no
principales,la,1,0.008,no
principalis,la,1,0.008,no
principatum,la,1,0.008,no
principesque,la,1,0.008,no
principijs,la,1,0.008,no
prior,la,1,0.008,no
prioratu,la,1,0.008,no
priore,la,1,0.008,no
priscas,la,1,0.008,no
priscis,la,1,0.008,no
pristin,la,1,0.008,no
pristinamque,la,1,0.008,no
pristino,la,1,0.008,no
pristinos,la,1,0.008,no
priuatas,la,1,0.008,no
priuati,la,1,0.008,no
priuatio,la,1,0.008,no
priuato,la,1,0.008,no
priuatum,la,1,0.008,no
privant,la,1,0.008,no
privataeque,la,1,0.008,no
privati,la,1,0.008,no
privatis,la,1,0.008,no
privavit,la,1,0.008,no
privilegii,la,1,0.008,no
privilegiorum,la,1,0.008,no
proadministrator,la,1,0.008,no
proadministratorem,la,1,0.008,no
proadministratori,la,1,0.008,no
proavis,la,1,0.008,no
probabili,la,1,0.008,no
probabilis,la,1,0.008,no
probabiliter,la,1,0.008,no
probandam,la,1,0.008,no
probarant,la,1,0.008,no
probare,la,1,0.008,no
probaret,la,1,0.008,no
probaretur,la,1,0.008,no
probari,la,1,0.008,no
probata,la,1,0.008,no
probati,la,1,0.008,no
probationes,la,1,0.008,no
probatum,la,1,0.008,no
probatur,la,1,0.008,no
probaverint,la,1,0.008,no
probi,la,1,0.008,no
probiores,la,1,0.008,no
probis,la,1,0.008,no
probitas,la,1,0.008,no
probos,la,1,0.008,no
probro,la,1,0.008,no
probrosum,la,1,0.008,no
probrum,la,1,0.008,no
proced,la,1,0.008,no
procedamus,la,1,0.008,no
procedat,la,1,0.008,no
procedendi,la,1,0.008,no
procedens,la,1,0.008,no
procederent,la,1,0.008,no
procederet,la,1,0.008,no
procedunt,la,1,0.008,no
procella,la,1,0.008,no
procellam,la,1,0.008,no
procellarumque,la,1,0.008,no
procellis,la,1,0.008,no
proceribus,la,1,0.008,no
processi,la,1,0.008,no
processissent,la,1,0.008,no
processum,la,1,0.008,no
procesu,la,1,0.008,no
procidit,la,1,0.008,no
proclamabat,la,1,0.008,no
proclamant,la,1,0.008,no
proclamatum,la,1,0.008,no
proclamavit,la,1,0.008,no
procliuitate,la,1,0.008,no
proclive,la,1,0.008,no
proconsule,la,1,0.008,no
proconsulem,la,1,0.008,no
procreandam,la,1,0.008,no
procreationem,la,1,0.008,no
procreatis,la,1,0.008,no
procreetur,la,1,0.008,no
proculcatur,la,1,0.008,no
procurabamus,la,1,0.008,no
procurabat,la,1,0.008,no
procurandam,la,1,0.008,no
procurant,la,1,0.008,no
procurante,la,1,0.008,no
procurarent,la,1,0.008,no
procurarint,la,1,0.008,no
procurarunt,la,1,0.008,no
procuratores,la,1,0.008,no
procuratoria,la,1,0.008,no
procuratorum,la,1,0.008,no
procuraturus,la,1,0.008,no
procuravimus,la,1,0.008,no
prodente,la,1,0.008,no
proderent,la,1,0.008,no
prodessent,la,1,0.008,no
prodesset,la,1,0.008,no
prodest,la,1,0.008,no
prodeunt,la,1,0.008,no
prodiderint,la,1,0.008,no
prodiere,la,1,0.008,no
prodierunt,la,1,0.008,no
prodigia,la,1,0.008,no
prodigiis,la,1,0.008,no
prodigio,la,1,0.008,no
prodigiorum,la,1,0.008,no
prodigioso,la,1,0.008,no
prodigo,la,1,0.008,no
prodiisse,la,1,0.008,no
prodiit,la,1,0.008,no
prodire,la,1,0.008,no
prodirent,la,1,0.008,no
proditio,la,1,0.008,no
proditionem,la,1,0.008,no
proditor,la,1,0.008,no
proditores,la,1,0.008,no
proditoribus,la,1,0.008,no
proditoris,la,1,0.008,no
prodituram,la,1,0.008,no
proditus,la,1,0.008,no
prodromos,la,1,0.008,no
producant,la,1,0.008,no
producatur,la,1,0.008,no
produnt,la,1,0.008,no
produxerit,la,1,0.008,no
produxerunt,la,1,0.008,no
profecta,la,1,0.008,no
profectio,la,1,0.008,no
profectis,la,1,0.008,no
profectura,la,1,0.008,no
proferendam,la,1,0.008,no
proferimus,la,1,0.008,no
proferre,la,1,0.008,no
proferrem,la,1,0.008,no
proferrent,la,1,0.008,no
proferret,la,1,0.008,no
professione,la,1,0.008,no
professioni,la,1,0.008,no
professionis,la,1,0.008,no
professos,la,1,0.008,no
proficere,la,1,0.008,no
profici,la,1,0.008,no
proficiant,la,1,0.008,no
proficisceretur,la,1,0.008,no
proficiscitur,la,1,0.008,no
proficiscuntur,la,1,0.008,no
profitebantur,la,1,0.008,no
profitemur,la,1,0.008,no
profitentium,la,1,0.008,no
profiterentur,la,1,0.008,no
profiteri,la,1,0.008,no
profitetur,la,1,0.008,no
profligarent,la,1,0.008,no
profligata,la,1,0.008,no
profluendi,la,1,0.008,no
profluxerunt,la,1,0.008,no
proftrato,la,1,0.008,no
profudi,la,1,0.008,no
profugus,la,1,0.008,no
profund,la,1,0.008,no
profundissimae,la,1,0.008,no
profunditas,la,1,0.008,no
profunditatis,la,1,0.008,no
progenie,la,1,0.008,no
prognatis,la,1,0.008,no
progredì,la,1,0.008,no
progrediebantur,la,1,0.008,no
progrediente,la,1,0.008,no
progreditur,la,1,0.008,no
progressae,la,1,0.008,no
progressu,la,1,0.008,no
progressurum,la,1,0.008,no
prohibeant,la,1,0.008,no
prohibebant,la,1,0.008,no
prohibemurrem,la,1,0.008,no
prohibemus,la,1,0.008,no
prohibent,la,1,0.008,no
prohibentibus,la,1,0.008,no
prohibeo,la,1,0.008,no
prohiberemur,la,1,0.008,no
prohiberent,la,1,0.008,no
prohibetur,la,1,0.008,no
prohibiteum,la,1,0.008,no
prohibiti,la,1,0.008,no
prohibitione,la,1,0.008,no
proiecit,la,1,0.008,no
proiecta,la,1,0.008,no
proiecti,la,1,0.008,no
proiiciuntur,la,1,0.008,no
prolatam,la,1,0.008,no
proles,la,1,0.008,no
prolixa,la,1,0.008,no
prolixior,la,1,0.008,no
prom,la,1,0.008,no
promereantur,la,1,0.008,no
promeruit,la,1,0.008,no
prominent,la,1,0.008,no
promiscue,la,1,0.008,no
promiserat,la,1,0.008,no
promiserunt,la,1,0.008,no
promisi,la,1,0.008,no
promisimus,la,1,0.008,no
promissam,la,1,0.008,no
promissas,la,1,0.008,no
promissione,la,1,0.008,no
promissiones,la,1,0.008,no
promissionibus,la,1,0.008,no
promisso,la,1,0.008,no
promissorum,la,1,0.008,no
promittebant,la,1,0.008,no
promittebantur,la,1,0.008,no
promittendo,la,1,0.008,no
promittens,la,1,0.008,no
promittentes,la,1,0.008,no
promotionem,la,1,0.008,no
promoturam,la,1,0.008,no
promoturum,la,1,0.008,no
promoturus,la,1,0.008,no
promouendam,la,1,0.008,no
promoveantur,la,1,0.008,no
promoveat,la,1,0.008,no
promovendo,la,1,0.008,no
promovendum,la,1,0.008,no
promoventur,la,1,0.008,no
promoverent,la,1,0.008,no
promoveret,la,1,0.008,no
promoveri,la,1,0.008,no
promoverunt,la,1,0.008,no
promovit,la,1,0.008,no
promptam,la,1,0.008,no
promptiores,la,1,0.008,no
promptissimus,la,1,0.008,no
promtitudo,la,1,0.008,no
promulgabit,la,1,0.008,no
promulgandum,la,1,0.008,no
promulgat,la,1,0.008,no
promulgationem,la,1,0.008,no
promulgationi,la,1,0.008,no
promulgatis,la,1,0.008,no
promulgato,la,1,0.008,no
promulgatores,la,1,0.008,no
promulgatum,la,1,0.008,no
promulgaturi,la,1,0.008,no
promulgavit,la,1,0.008,no
pronam,la,1,0.008,no
pronis,la,1,0.008,no
pronum,la,1,0.008,no
pronunciatae,la,1,0.008,no
pronunciatur,la,1,0.008,no
pronuntiarunt,la,1,0.008,no
pronuntiatione,la,1,0.008,no
prooemium,la,1,0.008,no
propagandae,la,1,0.008,no
propagande,la,1,0.008,no
propagandum,la,1,0.008,no
propagare,la,1,0.008,no
propagata,la,1,0.008,no
propagatione,la,1,0.008,no
propagent,la,1,0.008,no
propallandam,la,1,0.008,no
propensi,la,1,0.008,no
propensio,la,1,0.008,no
propensione,la,1,0.008,no
propensiones,la,1,0.008,no
propensos,la,1,0.008,no
properante,la,1,0.008,no
propero,la,1,0.008,no
propheta,la,1,0.008,no
prophetae,la,1,0.008,no
prophetauit,la,1,0.008,no
prophetiae,la,1,0.008,no
prophetiam,la,1,0.008,no
propheticis,la,1,0.008,no
propinare,la,1,0.008,no
propinato,la,1,0.008,no
propinqua,la,1,0.008,no
propinquans,la,1,0.008,no
propinquat,la,1,0.008,no
propinqui,la,1,0.008,no
propinquitate,la,1,0.008,no
propinquos,la,1,0.008,no
propitia,la,1,0.008,no
propitio,la,1,0.008,no
propiusque,la,1,0.008,no
proponendas,la,1,0.008,no
proponitur,la,1,0.008,no
proponunt,la,1,0.008,no
proponuntur,la,1,0.008,no
proportione,la,1,0.008,no
proposit,la,1,0.008,no
propositionemque,la,1,0.008,no
propositiones,la,1,0.008,no
propositionibus,la,1,0.008,no
propositis,la,1,0.008,no
proposuerat,la,1,0.008,no
proposuerit,la,1,0.008,no
proposuerunt,la,1,0.008,no
proposuitque,la,1,0.008,no
proprietatibus,la,1,0.008,no
proprii,la,1,0.008,no
proprior,la,1,0.008,no
proprios,la,1,0.008,no
propugnabat,la,1,0.008,no
propugnacula,la,1,0.008,no
propugnaculoque,la,1,0.008,no
propugnaculorum,la,1,0.008,no
proque,la,1,0.008,no
proripiunt,la,1,0.008,no
prorogandum,la,1,0.008,no
prorumpentibus,la,1,0.008,no
prorumperet,la,1,0.008,no
proscindi,la,1,0.008,no
proscribendâ,la,1,0.008,no
prosecutes,la,1,0.008,no
proselytus,la,1,0.008,no
prosequantur,la,1,0.008,no
prosequar,la,1,0.008,no
prosequebantur,la,1,0.008,no
prosequendi,la,1,0.008,no
prosequendos,la,1,0.008,no
prosequendum,la,1,0.008,no
prosiliunt,la,1,0.008,no
prospectans,la,1,0.008,no
prospectum,la,1,0.008,no
prosperi,la,1,0.008,no
prosperior,la,1,0.008,no
prosperiorum,la,1,0.008,no
prosperos,la,1,0.008,no
prosperrimos,la,1,0.008,no
prosperus,la,1,0.008,no
prospicere,la,1,0.008,no
prostabat,la,1,0.008,no
prostituendis,la,1,0.008,no
prostratus,la,1,0.008,no
prostrauerat,la,1,0.008,no
protecto,la,1,0.008,no
protectores,la,1,0.008,no
protegebat,la,1,0.008,no
protegenti,la,1,0.008,no
protegere,la,1,0.008,no
protestati,la,1,0.008,no
protestationis,la,1,0.008,no
protexit,la,1,0.008,no
protractam,la,1,0.008,no
protracto,la,1,0.008,no
protraheretur,la,1,0.008,no
protuli,la,1,0.008,no
protulit,la,1,0.008,no
prouinciaeque,la,1,0.008,no
prov,la,1,0.008,no
provecta,la,1,0.008,no
provectiores,la,1,0.008,no
provectis,la,1,0.008,no
provenerint,la,1,0.008,no
provenire,la,1,0.008,no
provenit,la,1,0.008,no
proventura,la,1,0.008,no
provexit,la,1,0.008,no
provicari,la,1,0.008,no
provicarii,la,1,0.008,no
provide,la,1,0.008,no
providentur,la,1,0.008,no
provideri,la,1,0.008,no
providum,la,1,0.008,no
provin,la,1,0.008,no
provincȩ,la,1,0.008,no
provinciâ,la,1,0.008,no
provinciale,la,1,0.008,no
provincialium,la,1,0.008,no
provincjis,la,1,0.008,no
provinicam,la,1,0.008,no
provisione,la,1,0.008,no
provisorias,la,1,0.008,no
provisum,la,1,0.008,no
provocabat,la,1,0.008,no
provocantur,la,1,0.008,no
provocarent,la,1,0.008,no
provocatione,la,1,0.008,no
provocatosque,la,1,0.008,no
provolutum,la,1,0.008,no
proximae,la,1,0.008,no
proximas,la,1,0.008,no
proximior,la,1,0.008,no
proximis,la,1,0.008,no
proximius,la,1,0.008,no
proximorumque,la,1,0.008,no
prudenti,la,1,0.008,no
prudentibus,la,1,0.008,no
prudentissimos,la,1,0.008,no
prudentium,la,1,0.008,no
pruno,la,1,0.008,no
psalmorum,la,1,0.008,no
psalterio,la,1,0.008,no
psalterium,la,1,0.008,no
pseudo,la,1,0.008,no
psittacium,la,1,0.008,no
psytachi,la,1,0.008,no
ptiores,la,1,0.008,no
ptistae,la,1,0.008,no
ptolemaidem,la,1,0.008,no
ptolemais,la,1,0.008,no
publicare,la,1,0.008,no
publicatam,la,1,0.008,no
publicato,la,1,0.008,no
publicatum,la,1,0.008,no
publicetur,la,1,0.008,no
pucheu,la,1,0.008,no
puchritudo,la,1,0.008,no
pudefactis,la,1,0.008,no
pudefecerunt,la,1,0.008,no
pudet,la,1,0.008,no
puellam,la,1,0.008,no
puellarum,la,1,0.008,no
puellas,la,1,0.008,no
puellis,la,1,0.008,no
puerilem,la,1,0.008,no
puerili,la,1,0.008,no
pueruli,la,1,0.008,no
puerulos,la,1,0.008,no
pugnabant,la,1,0.008,no
pugnabat,la,1,0.008,no
pugnacul,la,1,0.008,no
pugnantium,la,1,0.008,no
pugnarat,la,1,0.008,no
pugnarent,la,1,0.008,no
pugnarunt,la,1,0.008,no
pugnaruntque,la,1,0.008,no
pugnatores,la,1,0.008,no
pugnatur,la,1,0.008,no
pugnis,la,1,0.008,no
pulcerrima,la,1,0.008,no
pulcerrime,la,1,0.008,no
pulcherrimae,la,1,0.008,no
pulcherrime,la,1,0.008,no
pulcherrimè,la,1,0.008,no
pulcherrimis,la,1,0.008,no
pulcherrimum,la,1,0.008,no
pulchram,la,1,0.008,no
pulchrioribus,la,1,0.008,no
pulchritudine,la,1,0.008,no
pulchro,la,1,0.008,no
pulchrum,la,1,0.008,no
pulcrum,la,1,0.008,no
pulex,la,1,0.008,no
pullularunt,la,1,0.008,no
pullulat,la,1,0.008,no
pulsam,la,1,0.008,no
pulsansque,la,1,0.008,no
pulsatum,la,1,0.008,no
pulso,la,1,0.008,no
puluerem,la,1,0.008,no
pululavit,la,1,0.008,no
pulvere,la,1,0.008,no
pulverem,la,1,0.008,no
pulveris,la,1,0.008,no
puncta,la,1,0.008,no
punctos,la,1,0.008,no
pungentes,la,1,0.008,no
puniant,la,1,0.008,no
punicalli,la,1,0.008,no
punicam,la,1,0.008,no
punicis,la,1,0.008,no
punire,la,1,0.008,no
puniretur,la,1,0.008,no
pura,la,1,0.008,no
pure,la,1,0.008,no
purgationi,la,1,0.008,no
purgato,la,1,0.008,no
purgatorii,la,1,0.008,no
purioris,la,1,0.008,no
puritate,la,1,0.008,no
puritatem,la,1,0.008,no
purpurei,la,1,0.008,no
putabantur,la,1,0.008,no
putabat,la,1,0.008,no
putabatur,la,1,0.008,no
putamus,la,1,0.008,no
putant,la,1,0.008,no
putantur,la,1,0.008,no
putare,la,1,0.008,no
putarent,la,1,0.008,no
putaret,la,1,0.008,no
putaretur,la,1,0.008,no
putat,la,1,0.008,no
putatur,la,1,0.008,no
putaverint,la,1,0.008,no
putavi,la,1,0.008,no
putentur,la,1,0.008,no
putes,la,1,0.008,no
putridi,la,1,0.008,no
pyratar,la,1,0.008,no
qis,la,1,0.008,no
qodque,la,1,0.008,no
quà,la,1,0.008,no
quadantenus,la,1,0.008,no
quadragesimae,la,1,0.008,no
quadragesimale,la,1,0.008,no
quadragesimali,la,1,0.008,no
quadragies,la,1,0.008,no
quadri,la,1,0.008,no
quadrienio,la,1,0.008,no
quadriennium,la,1,0.008,no
quadringenti,la,1,0.008,no
quadringentorum,la,1,0.008,no
quadringentos,la,1,0.008,no
quadripartita,la,1,0.008,no
quaę,la,1,0.008,no
quaeqque,la,1,0.008,no
quaerantur,la,1,0.008,no
quaerebatur,la,1,0.008,no
quaerelam,la,1,0.008,no
quaerendo,la,1,0.008,no
quaerentes,la,1,0.008,no
quaerenti,la,1,0.008,no
quaererent,la,1,0.008,no
quaereret,la,1,0.008,no
quaeri,la,1,0.008,no
quaerimonias,la,1,0.008,no
quaeso,la,1,0.008,no
quaestionesque,la,1,0.008,no
quaestioni,la,1,0.008,no
quaestiorum,la,1,0.008,no
quaet,la,1,0.008,no
qualecumque,la,1,0.008,no
qualem,la,1,0.008,no
qualemcumque,la,1,0.008,no
qualemcunque,la,1,0.008,no
qualesquales,la,1,0.008,no
qualicunque,la,1,0.008,no
qualiscumque,la,1,0.008,no
qualiscunque,la,1,0.008,no
qualiter,la,1,0.008,no
quambacundoni,la,1,0.008,no
quambacundono,la,1,0.008,no
quambacundonus,la,1,0.008,no
quambioindono,la,1,0.008,no
quambioyedonus,la,1,0.008,no
quamcumque,la,1,0.008,no
quamcunquae,la,1,0.008,no
quammaxime,la,1,0.008,no
quamplures,la,1,0.008,no
quamplurim,la,1,0.008,no
quamplurimae,la,1,0.008,no
quamque,la,1,0.008,no
quamtum,la,1,0.008,no
quamuis,la,1,0.008,no
quandocumque,la,1,0.008,no
quangning,la,1,0.008,no
quansi,la,1,0.008,no
quantamvis,la,1,0.008,no
quantani,la,1,0.008,no
quantanis,la,1,0.008,no
quantanorum,la,1,0.008,no
quanti,la,1,0.008,no
quantis,la,1,0.008,no
quantisque,la,1,0.008,no
quantitatem,la,1,0.008,no
quantu,la,1,0.008,no
quantumcunque,la,1,0.008,no
quantumus,la,1,0.008,no
quantumvis,la,1,0.008,no
quantung,la,1,0.008,no
quapiam,la,1,0.008,no
quartae,la,1,0.008,no
quartam,la,1,0.008,no
quarumque,la,1,0.008,no
quarundam,la,1,0.008,no
quatefacta,la,1,0.008,no
quatenus,la,1,0.008,no
quatercentum,la,1,0.008,no
quaternis,la,1,0.008,no
quaùe,la,1,0.008,no
quebant,la,1,0.008,no
quedado,es,1,0.008,no
quȩdam,la,1,0.008,no
quei,trans,1,0.008,no
quèi,trans,1,0.008,no
queicheu,la,1,0.008,no
queilin,la,1,0.008,no
queixue,trans,1,0.008,no
quelibet,la,1,0.008,no
quello,it,1,0.008,yes
quemcumque,la,1,0.008,no
quemlibet,la,1,0.008,no
quenqu,la,1,0.008,no
querelas,la,1,0.008,no
querendam,la,1,0.008,no
quȩrere,la,1,0.008,no
quȩreremus,la,1,0.008,no
quȩrimus,la,1,0.008,no
querulus,la,1,0.008,no
quesivi,la,1,0.008,no
quęso,la,1,0.008,no
quevira,la,1,0.008,no
quiasint,la,1,0.008,no
quibusad,la,1,0.008,no
quibuscum,la,1,0.008,no
quibuslibet,la,1,0.008,no
quibusve,la,1,0.008,no
quic,la,1,0.008,no
quidnam,la,1,0.008,no
quidpiam,la,1,0.008,no
quidque,la,1,0.008,no
quidvis,la,1,0.008,no
quiescendi,la,1,0.008,no
quiescit,la,1,0.008,no
quieti,la,1,0.008,no
quietum,la,1,0.008,no
quievere,la,1,0.008,no
quievisse,la,1,0.008,no
quina,la,1,0.008,no
quinam,la,1,0.008,no
quincta,la,1,0.008,no
quingentessimo,la,1,0.008,no
quingodono,la,1,0.008,no
quingodonus,la,1,0.008,no
quinis,la,1,0.008,no
quinquagesime,la,1,0.008,no
quinquagesimo,la,1,0.008,no
quinquagessimo,la,1,0.008,no
quinquagessimum,la,1,0.008,no
quinquennium,la,1,0.008,no
quiq,la,1,0.008,no
quisnam,la,1,0.008,no
quisqu,la,1,0.008,no
quocunque,la,1,0.008,no
quodammodo,la,1,0.008,no
quodammodò,la,1,0.008,no
quodd,la,1,0.008,no
quodmodo,la,1,0.008,no
quodq,la,1,0.008,no
quodsi,la,1,0.008,no
quodsumus,la,1,0.008,no
quomodocumque,la,1,0.008,no
quomodolibet,la,1,0.008,no
quon,la,1,0.008,no
quonam,la,1,0.008,no
quoni,la,1,0.008,no
quopiam,la,1,0.008,no
quoppiam,la,1,0.008,no
quoquo,la,1,0.008,no
quoquouersus,la,1,0.008,no
quoscum,la,1,0.008,no
quotidianis,la,1,0.008,no
quotidiano,la,1,0.008,no
quotidianum,la,1,0.008,no
quotiens,la,1,0.008,no
quousque,la,1,0.008,no
quum,la,1,0.008,no
qva,la,1,0.008,no
qvoniam,la,1,0.008,no
r.d.d,la,1,0.008,no
ra,la,1,0.008,no
rabbinus,la,1,0.008,no
rabies,la,1,0.008,no
raciolensis,la,1,0.008,no
raciolo,la,1,0.008,no
radianti,la,1,0.008,no
radiantissimo,la,1,0.008,no
radicem,la,1,0.008,no
radij,la,1,0.008,no
radunt,la,1,0.008,no
rales,la,1,0.008,no
ramón,la,1,0.008,no
rangel,la,1,0.008,no
rangelis,la,1,0.008,no
raperent,la,1,0.008,no
raphael,la,1,0.008,no
rapiebat,la,1,0.008,no
rapinae,la,1,0.008,no
rapiuntur,la,1,0.008,no
raptant,la,1,0.008,no
raptantur,la,1,0.008,no
rara,la,1,0.008,no
raras,la,1,0.008,no
rari,la,1,0.008,no
rarissimi,la,1,0.008,no
rarò,la,1,0.008,no
rasse,la,1,0.008,no
rater,la,1,0.008,no
ratiocinati,la,1,0.008,no
ration,la,1,0.008,no
rationalem,la,1,0.008,no
rationeq,la,1,0.008,no
rationeque,la,1,0.008,no
ratiotiem,la,1,0.008,no
ratoris,la,1,0.008,no
rauco,la,1,0.008,no
reaedificandae,la,1,0.008,no
reaedificandas,la,1,0.008,no
reaedificandis,la,1,0.008,no
reatum,la,1,0.008,no
rebatur,la,1,0.008,no
rebellantibus,la,1,0.008,no
rebellassent,la,1,0.008,no
rebellioni,la,1,0.008,no
rebello,la,1,0.008,no
rebuspriuentur,la,1,0.008,no
rec,la,1,0.008,no
recceptorum,la,1,0.008,no
recedente,la,1,0.008,no
recederet,la,1,0.008,no
recederit,la,1,0.008,no
recensebo,la,1,0.008,no
recensentur,la,1,0.008,no
recenseo,la,1,0.008,no
recenset,la,1,0.008,no
recensituri,la,1,0.008,no
recensui,la,1,0.008,no
recentes,la,1,0.008,no
recenti,la,1,0.008,no
receperat,la,1,0.008,no
recepimus,la,1,0.008,no
recepistis,la,1,0.008,no
receptaculum,la,1,0.008,no
receptas,la,1,0.008,no
recepti,la,1,0.008,no
receptis,la,1,0.008,no
receptum,la,1,0.008,no
recepturas,la,1,0.008,no
recepturos,la,1,0.008,no
recesserit,la,1,0.008,no
recessi,la,1,0.008,no
recessimus,la,1,0.008,no
recessit,la,1,0.008,no
recessuri,la,1,0.008,no
reciba,es,1,0.008,no
recidere,la,1,0.008,no
recidit,la,1,0.008,no
reciperemus,la,1,0.008,no
reciperetur,la,1,0.008,no
recipiemus,la,1,0.008,no
recipiendos,la,1,0.008,no
recipientes,la,1,0.008,no
recipientur,la,1,0.008,no
recipiet,la,1,0.008,no
recipis,la,1,0.008,no
recipiunt,la,1,0.008,no
recitantes,la,1,0.008,no
recitare,la,1,0.008,no
recitata,la,1,0.008,no
recito,la,1,0.008,no
recivir,es,1,0.008,no
reclusionis,la,1,0.008,no
recogit,la,1,0.008,no
recognoscat,la,1,0.008,no
recognoscere,la,1,0.008,no
recognosceret,la,1,0.008,no
recognovit,la,1,0.008,no
recommendetis,la,1,0.008,no
recommendo,la,1,0.008,no
reconciliatam,la,1,0.008,no
recordatio,la,1,0.008,no
recordatione,la,1,0.008,no
recordaturi,la,1,0.008,no
recordatus,la,1,0.008,no
recordor,la,1,0.008,no
recreandis,la,1,0.008,no
recreare,la,1,0.008,no
recreati,la,1,0.008,no
recreavit,la,1,0.008,no
recreent,la,1,0.008,no
rectam,la,1,0.008,no
rectaque,la,1,0.008,no
rectione,la,1,0.008,no
rectissime,la,1,0.008,no
recto,la,1,0.008,no
rectorales,la,1,0.008,no
rectorali,la,1,0.008,no
rectoralis,la,1,0.008,no
rectoribus,la,1,0.008,no
reculis,la,1,0.008,no
recuperandam,la,1,0.008,no
recuperaret,la,1,0.008,no
recuperarint,la,1,0.008,no
recuperarunt,la,1,0.008,no
recuperaturi,la,1,0.008,no
recuperet,la,1,0.008,no
recurrere,la,1,0.008,no
recurrerunt,la,1,0.008,no
recurrunt,la,1,0.008,no
recusant,la,1,0.008,no
recusare,la,1,0.008,no
recusarem,la,1,0.008,no
recusarent,la,1,0.008,no
recusem,la,1,0.008,no
recuset,la,1,0.008,no
redactae,la,1,0.008,no
redacto,la,1,0.008,no
redactum,la,1,0.008,no
reddant,la,1,0.008,no
reddatur,la,1,0.008,no
reddebat,la,1,0.008,no
reddenda,la,1,0.008,no
reddendo,la,1,0.008,no
reddens,la,1,0.008,no
reddentur,la,1,0.008,no
redderetur,la,1,0.008,no
reddidi,la,1,0.008,no
reddimus,la,1,0.008,no
redditae,la,1,0.008,no
reddito,la,1,0.008,no
redditos,la,1,0.008,no
redditu,la,1,0.008,no
redditum,la,1,0.008,no
redditurum,la,1,0.008,no
reddo,la,1,0.008,no
redeant,la,1,0.008,no
redegere,la,1,0.008,no
redegissent,la,1,0.008,no
redegit,la,1,0.008,no
redemit,la,1,0.008,no
redemptio,la,1,0.008,no
redemptorem,la,1,0.008,no
redemptus,la,1,0.008,no
redeundo,la,1,0.008,no
redeuntes,la,1,0.008,no
redibant,la,1,0.008,no
redibit,la,1,0.008,no
redibo,la,1,0.008,no
redicule,la,1,0.008,no
rediculo,la,1,0.008,no
redierant,la,1,0.008,no
rediero,la,1,0.008,no
redigebat,la,1,0.008,no
redigere,la,1,0.008,no
redigit,la,1,0.008,no
rediisset,la,1,0.008,no
redimendis,la,1,0.008,no
redimeret,la,1,0.008,no
redintegranda,la,1,0.008,no
redirem,la,1,0.008,no
rediremus,la,1,0.008,no
redirent,la,1,0.008,no
reditibus,la,1,0.008,no
reditionem,la,1,0.008,no
redituros,la,1,0.008,no
rediuiua,la,1,0.008,no
rediuiui,la,1,0.008,no
rediuiuis,la,1,0.008,no
rediuiuum,la,1,0.008,no
redivivos,la,1,0.008,no
redondo,la,1,0.008,no
reducendo,la,1,0.008,no
reducendos,la,1,0.008,no
reducerentur,la,1,0.008,no
reducunt,la,1,0.008,no
redundabit,la,1,0.008,no
redundans,la,1,0.008,no
redundaret,la,1,0.008,no
redundarunt,la,1,0.008,no
redundaturas,la,1,0.008,no
redundavit,la,1,0.008,no
redundet,la,1,0.008,no
redux,la,1,0.008,no
reduxerunt,la,1,0.008,no
refectorium,la,1,0.008,no
refeitorii,la,1,0.008,no
refellimus,la,1,0.008,no
referant,la,1,0.008,no
referantur,la,1,0.008,no
referas,la,1,0.008,no
referatur,la,1,0.008,no
referens,la,1,0.008,no
refero,la,1,0.008,no
referre,la,1,0.008,no
referserint,la,1,0.008,no
referta,la,1,0.008,no
refertum,la,1,0.008,no
referuntur,la,1,0.008,no
reficiuntur,la,1,0.008,no
reflexi,la,1,0.008,no
reformari,la,1,0.008,no
reformationis,la,1,0.008,no
reformidarent,la,1,0.008,no
reformidasset,la,1,0.008,no
reformidavit,la,1,0.008,no
refrendata,la,1,0.008,no
refrigescente,la,1,0.008,no
refundatur,la,1,0.008,no
refutandis,la,1,0.008,no
refutare,la,1,0.008,no
reg,la,1,0.008,no
regale,la,1,0.008,no
regales,la,1,0.008,no
regalibus,la,1,0.008,no
regebant,la,1,0.008,no
regebatur,la,1,0.008,no
regendam,la,1,0.008,no
regenerantur,la,1,0.008,no
regentem,la,1,0.008,no
regentes,la,1,0.008,no
regeo,la,1,0.008,no
regerent,la,1,0.008,no
regiâ,la,1,0.008,no
regiarum,la,1,0.008,no
regias,la,1,0.008,no
regii,la,1,0.008,no
regimini,la,1,0.008,no
reginam,la,1,0.008,no
reginarum,la,1,0.008,no
regionemque,la,1,0.008,no
regioni,la,1,0.008,no
regiorum,la,1,0.008,no
regios,la,1,0.008,no
regnans,la,1,0.008,no
regnanti,la,1,0.008,no
regnaret,la,1,0.008,no
regnasse,la,1,0.008,no
regnaverat,la,1,0.008,no
regnavit,la,1,0.008,no
regnet,la,1,0.008,no
regnor,la,1,0.008,no
regressionem,la,1,0.008,no
regressionis,la,1,0.008,no
regressorum,la,1,0.008,no
regressu,la,1,0.008,no
regul,la,1,0.008,no
regulam,la,1,0.008,no
regular,es,1,0.008,no
regularibus,la,1,0.008,no
regularis,la,1,0.008,no
regulorum,la,1,0.008,no
rehno,la,1,0.008,no
reiecit,la,1,0.008,no
reiecta,la,1,0.008,no
reiecti,la,1,0.008,no
reiectis,la,1,0.008,no
reiectos,la,1,0.008,no
reiicere,la,1,0.008,no
reiiciuntur,la,1,0.008,no
reinos,es,1,0.008,no
reip,la,1,0.008,no
reis,la,1,0.008,no
relapsurum,la,1,0.008,no
relatam,la,1,0.008,no
relationis,la,1,0.008,no
relegat,la,1,0.008,no
relegavit,la,1,0.008,no
reli,la,1,0.008,no
relictae,la,1,0.008,no
relictisque,la,1,0.008,no
relictos,la,1,0.008,no
relictus,la,1,0.008,no
religion,es,1,0.008,no
religioneque,la,1,0.008,no
religiosisque,la,1,0.008,no
religiosissimi,la,1,0.008,no
relin,la,1,0.008,no
relinquant,la,1,0.008,no
relinquat,la,1,0.008,no
relinquebamus,la,1,0.008,no
relinquebatur,la,1,0.008,no
relinquendo,la,1,0.008,no
relinquendum,la,1,0.008,no
relinquens,la,1,0.008,no
relinquentes,la,1,0.008,no
relinqueret,la,1,0.008,no
relinqueretur,la,1,0.008,no
relinqui,la,1,0.008,no
relinquo,la,1,0.008,no
reliquer,la,1,0.008,no
reliquerat,la,1,0.008,no
reliquere,la,1,0.008,no
reliquerint,la,1,0.008,no
reliquia,la,1,0.008,no
reliquiae,la,1,0.008,no
reliquid,la,1,0.008,no
reliquiis,la,1,0.008,no
reliquimus,la,1,0.008,no
reliquisse,la,1,0.008,no
reliquosque,la,1,0.008,no
relligionem,la,1,0.008,no
reluctante,la,1,0.008,no
remaneat,la,1,0.008,no
remanebimus,la,1,0.008,no
remanebit,la,1,0.008,no
remanendi,la,1,0.008,no
remaneremus,la,1,0.008,no
remanserant,la,1,0.008,no
remanserint,la,1,0.008,no
remansi,la,1,0.008,no
remansuros,la,1,0.008,no
remediit,la,1,0.008,no
remediumadhibeatadmaiorem,la,1,0.008,no
remigantibus,la,1,0.008,no
reminam,la,1,0.008,no
reminiscor,la,1,0.008,no
remisi,la,1,0.008,no
remissio,la,1,0.008,no
remissioni,la,1,0.008,no
remissus,la,1,0.008,no
remittendis,la,1,0.008,no
remittent,la,1,0.008,no
remitterentur,la,1,0.008,no
remitteret,la,1,0.008,no
remotam,la,1,0.008,no
remotas,la,1,0.008,no
remotior,la,1,0.008,no
remotioribus,la,1,0.008,no
remotisque,la,1,0.008,no
remotos,la,1,0.008,no
removendo,la,1,0.008,no
removere,la,1,0.008,no
removerunt,la,1,0.008,no
remunerandus,la,1,0.008,no
remuneratio,la,1,0.008,no
remuneratione,la,1,0.008,no
remunerationis,la,1,0.008,no
remuneratus,la,1,0.008,no
renato,la,1,0.008,no
rendus,la,1,0.008,no
renissimus,la,1,0.008,no
renitentes,la,1,0.008,no
reniti,la,1,0.008,no
renovaretur,la,1,0.008,no
renovasset,la,1,0.008,no
renovata,la,1,0.008,no
renovatus,la,1,0.008,no
renovavit,la,1,0.008,no
renovetur,la,1,0.008,no
rentia,la,1,0.008,no
renuat,la,1,0.008,no
renuissem,la,1,0.008,no
renunciarent,la,1,0.008,no
reor,la,1,0.008,no
reoxey,la,1,0.008,no
reoyn,la,1,0.008,no
reparabitur,la,1,0.008,no
reparandae,la,1,0.008,no
reparatoris,la,1,0.008,no
repedaret,la,1,0.008,no
repellere,la,1,0.008,no
repellit,la,1,0.008,no
repellitur,la,1,0.008,no
rependat,la,1,0.008,no
rependendum,la,1,0.008,no
rependere,la,1,0.008,no
repentina,la,1,0.008,no
repentino,la,1,0.008,no
repentinos,la,1,0.008,no
reperi,la,1,0.008,no
reperiatur,la,1,0.008,no
reperientur,la,1,0.008,no
reperierunt,la,1,0.008,no
reperio,la,1,0.008,no
reperirent,la,1,0.008,no
reperissent,la,1,0.008,no
reperit,la,1,0.008,no
reperitur,la,1,0.008,no
reperiunt,la,1,0.008,no
reperiuntur,la,1,0.008,no
reperta,la,1,0.008,no
repertum,la,1,0.008,no
repertus,la,1,0.008,no
reperunt,la,1,0.008,no
repetam,la,1,0.008,no
repetamus,la,1,0.008,no
repetendi,la,1,0.008,no
repetendis,la,1,0.008,no
repetendo,la,1,0.008,no
repetere,la,1,0.008,no
repeteret,la,1,0.008,no
repetionibus,la,1,0.008,no
repetit,la,1,0.008,no
repetita,la,1,0.008,no
repetitis,la,1,0.008,no
repleant,la,1,0.008,no
repleta,la,1,0.008,no
reponendus,la,1,0.008,no
reponuntur,la,1,0.008,no
reportandis,la,1,0.008,no
reportant,la,1,0.008,no
reportare,la,1,0.008,no
reportat,la,1,0.008,no
reportatas,la,1,0.008,no
reportavit,la,1,0.008,no
reposcerem,la,1,0.008,no
reposita,la,1,0.008,no
reposta,pt,1,0.008,no
reposuisset,la,1,0.008,no
repperit,la,1,0.008,no
repraesentarint,la,1,0.008,no
repraesento,la,1,0.008,no
reprehendet,la,1,0.008,no
reprehensione,la,1,0.008,no
reprȩsentans,la,1,0.008,no
repręsentauit,la,1,0.008,no
repressa,la,1,0.008,no
repressit,la,1,0.008,no
reprimerent,la,1,0.008,no
reprimi,la,1,0.008,no
repudiarent,la,1,0.008,no
repudiatis,la,1,0.008,no
repudiato,la,1,0.008,no
repudiavit,la,1,0.008,no
repudiet,la,1,0.008,no
repugnabant,la,1,0.008,no
repugnante,la,1,0.008,no
repugnare,la,1,0.008,no
repugnarent,la,1,0.008,no
repugnat,la,1,0.008,no
repugnatum,la,1,0.008,no
repulerunt,la,1,0.008,no
repullulabit,la,1,0.008,no
repulsione,la,1,0.008,no
reputabo,la,1,0.008,no
reputant,la,1,0.008,no
requies,la,1,0.008,no
requiescere,la,1,0.008,no
requiesceret,la,1,0.008,no
requiro,la,1,0.008,no
requiruntur,la,1,0.008,no
requisitas,la,1,0.008,no
resarcire,la,1,0.008,no
resarciret,la,1,0.008,no
rescindere,la,1,0.008,no
rescissionibus,la,1,0.008,no
rescribam,la,1,0.008,no
reservare,la,1,0.008,no
reservari,la,1,0.008,no
reservarunt,la,1,0.008,no
reservata,la,1,0.008,no
reservati,la,1,0.008,no
reservatur,la,1,0.008,no
resesit,la,1,0.008,no
residen,es,1,0.008,no
residenciae,la,1,0.008,no
residenciarum,la,1,0.008,no
residências,pt,1,0.008,no
residenda,es,1,0.008,no
residens,la,1,0.008,no
residente,la,1,0.008,no
residentes,la,1,0.008,no
residentiaeque,la,1,0.008,no
residentibus,la,1,0.008,no
residentis,la,1,0.008,no
residere,la,1,0.008,no
residerem,la,1,0.008,no
residuos,la,1,0.008,no
resipiscant,la,1,0.008,no
resistens,la,1,0.008,no
resistentes,la,1,0.008,no
resoluta,la,1,0.008,no
respective,la,1,0.008,no
respicientes,la,1,0.008,no
respirabant,la,1,0.008,no
respirabit,la,1,0.008,no
respirare,la,1,0.008,no
respirarunt,la,1,0.008,no
respon,la,1,0.008,no
respondebat,la,1,0.008,no
respondendo,la,1,0.008,no
responderat,la,1,0.008,no
responderem,la,1,0.008,no
responderent,la,1,0.008,no
responderet,la,1,0.008,no
respondet,la,1,0.008,no
respondisset,la,1,0.008,no
responsiones,la,1,0.008,no
responsionibus,la,1,0.008,no
responsionum,la,1,0.008,no
responsis,la,1,0.008,no
respuebat,la,1,0.008,no
respuerunt,la,1,0.008,no
resq,la,1,0.008,no
resque,la,1,0.008,no
ressidens,la,1,0.008,no
ressidentiam,la,1,0.008,no
restabant,la,1,0.008,no
restauratoris,la,1,0.008,no
resti,la,1,0.008,no
restitissent,la,1,0.008,no
restituant,la,1,0.008,no
restituantur,la,1,0.008,no
restituendarum,la,1,0.008,no
restituerentur,la,1,0.008,no
restitueret,la,1,0.008,no
restitueretur,la,1,0.008,no
restituet,la,1,0.008,no
restitui,la,1,0.008,no
restituitur,la,1,0.008,no
restitutae,la,1,0.008,no
restituti,la,1,0.008,no
restitutum,la,1,0.008,no
restitutus,la,1,0.008,no
restituunt,la,1,0.008,no
restrictam,la,1,0.008,no
resultanti,la,1,0.008,no
resumere,la,1,0.008,no
resumerent,la,1,0.008,no
resumptis,la,1,0.008,no
resurectione,la,1,0.008,no
resurgentium,la,1,0.008,no
resurrectio,la,1,0.008,no
ret,la,1,0.008,no
retardabatur,la,1,0.008,no
retardabuntur,la,1,0.008,no
retardante,la,1,0.008,no
retardaret,la,1,0.008,no
retardatae,la,1,0.008,no
retardatio,la,1,0.008,no
retardetur,la,1,0.008,no
retecta,la,1,0.008,no
retegenda,la,1,0.008,no
retenti,la,1,0.008,no
retentis,la,1,0.008,no
rethorica,la,1,0.008,no
reti,la,1,0.008,no
retias,la,1,0.008,no
reticuerit,la,1,0.008,no
reticula,la,1,0.008,no
retificare,la,1,0.008,no
retineat,la,1,0.008,no
retinemus,la,1,0.008,no
retinend,la,1,0.008,no
retinendo,la,1,0.008,no
retineri,la,1,0.008,no
retinetis,la,1,0.008,no
retinetur:deus,la,1,0.008,no
retinuerint,la,1,0.008,no
retinuimus,la,1,0.008,no
retractus,la,1,0.008,no
retraxit,la,1,0.008,no
retribuit,la,1,0.008,no
retrocederant,la,1,0.008,no
retrocedere,la,1,0.008,no
retrocesserint,la,1,0.008,no
retrusum,la,1,0.008,no
retulerunt,la,1,0.008,no
retuli,la,1,0.008,no
retulisse,la,1,0.008,no
retusa,la,1,0.008,no
reuelante,la,1,0.008,no
reuereri,la,1,0.008,no
reum,la,1,0.008,no
reuocandum,la,1,0.008,no
reuocantur,la,1,0.008,no
reuocare,la,1,0.008,no
reuocatus,la,1,0.008,no
reve,la,1,0.008,no
revelante,la,1,0.008,no
reverà,la,1,0.008,no
revereantur,la,1,0.008,no
reverencia,la,1,0.008,no
reverendi,la,1,0.008,no
reverendissimos,la,1,0.008,no
reverendus,la,1,0.008,no
reverentie,la,1,0.008,no
reversurum,la,1,0.008,no
revertamur,la,1,0.008,no
revertant,la,1,0.008,no
revertebantur,la,1,0.008,no
revertentibus,la,1,0.008,no
reverterit,la,1,0.008,no
reverterunt,la,1,0.008,no
revertet,la,1,0.008,no
revertissent,la,1,0.008,no
revertisset,la,1,0.008,no
revertuntur,la,1,0.008,no
revisorem,la,1,0.008,no
revocabantur,la,1,0.008,no
revocarent,la,1,0.008,no
revocaretur,la,1,0.008,no
revocarunt,la,1,0.008,no
revocatas,la,1,0.008,no
revocatis,la,1,0.008,no
revocavit,la,1,0.008,no
revoluit,la,1,0.008,no
rexerunt,la,1,0.008,no
rexid,la,1,0.008,no
rexissent,la,1,0.008,no
rexit,la,1,0.008,no
reynos,es,1,0.008,no
rhodius,la,1,0.008,no
rhodum,la,1,0.008,no
riam,la,1,0.008,no
rias,la,1,0.008,no
riberus,la,1,0.008,no
ricci,la,1,0.008,no
richardus,la,1,0.008,no
ridet,la,1,0.008,no
rigidum,la,1,0.008,no
rimantem,la,1,0.008,no
rio,la,1,0.008,no
risu,la,1,0.008,no
risum,la,1,0.008,no
ritas,la,1,0.008,no
ritè,la,1,0.008,no
ritibus,la,1,0.008,no
rito,la,1,0.008,no
rivera,la,1,0.008,no
rixa,la,1,0.008,no
rmi,la,1,0.008,no
ro,la,1,0.008,no
robertus,la,1,0.008,no
roborandas,la,1,0.008,no
roborati,la,1,0.008,no
roboris,la,1,0.008,no
robustam,la,1,0.008,no
robustiores,la,1,0.008,no
robustis,la,1,0.008,no
rochus,la,1,0.008,no
rodericum,la,1,0.008,no
rodomina,la,1,0.008,no
rodrigues,la,1,0.008,no
rodriguez,la,1,0.008,no
rodulpho,la,1,0.008,no
rodulphum,la,1,0.008,no
rogabam,la,1,0.008,no
rogabant,la,1,0.008,no
rogabimus,la,1,0.008,no
rogamus,la,1,0.008,no
rogans,la,1,0.008,no
rogante,la,1,0.008,no
rogarunt,la,1,0.008,no
rogati,la,1,0.008,no
rogatis,la,1,0.008,no
rogaverit,la,1,0.008,no
rogaveritque,la,1,0.008,no
rogavi,la,1,0.008,no
rogerius,la,1,0.008,no
roget,la,1,0.008,no
rogum,la,1,0.008,no
romane,la,1,0.008,no
romani,la,1,0.008,no
romulum,la,1,0.008,no
ros,la,1,0.008,no
rosae,la,1,0.008,no
rosarii,la,1,0.008,no
rosariis,la,1,0.008,no
rosarij,la,1,0.008,no
roseo,la,1,0.008,no
rota,la,1,0.008,no
rotam,la,1,0.008,no
rotatur,la,1,0.008,no
rotundum,la,1,0.008,no
ruan,la,1,0.008,no
ruarias,la,1,0.008,no
rubeam,la,1,0.008,no
rubeis,la,1,0.008,no
rubra,la,1,0.008,no
rubrae,la,1,0.008,no
rubrum,la,1,0.008,no
rude,la,1,0.008,no
rudem,la,1,0.008,no
rudibus,la,1,0.008,no
rudimentis,la,1,0.008,no
rudissimi,la,1,0.008,no
rudium,la,1,0.008,no
ruentem,la,1,0.008,no
ruerent,la,1,0.008,no
rueret,la,1,0.008,no
ruete,la,1,0.008,no
rui,la,1,0.008,no
ruidas,la,1,0.008,no
ruinae,la,1,0.008,no
ruituros,la,1,0.008,no
ruminanda,la,1,0.008,no
rumor,la,1,0.008,no
rumoribus,la,1,0.008,no
runt,la,1,0.008,no
ruphi,la,1,0.008,no
ruptis,la,1,0.008,no
rupto,la,1,0.008,no
rusci,la,1,0.008,no
ruscia,la,1,0.008,no
ruscie,la,1,0.008,no
rustica,la,1,0.008,no
rustici,la,1,0.008,no
rusticorum,la,1,0.008,no
rutilare,la,1,0.008,no
sabbat,la,1,0.008,no
sabinum,la,1,0.008,no
sabulosam,la,1,0.008,no
sacaiano,la,1,0.008,no
sacaianus,la,1,0.008,no
sacanus,la,1,0.008,no
sacay,la,1,0.008,no
saccano,la,1,0.008,no
sacerdote,la,1,0.008,no
sacerdotia,la,1,0.008,no
sacerdotii,la,1,0.008,no
sacerdotium,la,1,0.008,no
saco,la,1,0.008,no
sacr,la,1,0.008,no
sacramentaque,la,1,0.008,no
sacramentorùmque,la,1,0.008,no
sacraq,la,1,0.008,no
sacrarium,la,1,0.008,no
sacrasque,la,1,0.008,no
sacratis,la,1,0.008,no
sacratissimae,la,1,0.008,no
sacratos,la,1,0.008,no
sacre,la,1,0.008,no
sacrificatur,la,1,0.008,no
sacrifici,la,1,0.008,no
sacrificii,la,1,0.008,no
sacrificiorum,la,1,0.008,no
sacrificuli,la,1,0.008,no
sacrificulis,la,1,0.008,no
sacrificulorum,la,1,0.008,no
sacrificulum,la,1,0.008,no
sacrilega,la,1,0.008,no
sacrilegam,la,1,0.008,no
sacrilegis,la,1,0.008,no
sacrilegum,la,1,0.008,no
sacrosancta,la,1,0.008,no
sacrosanctae,la,1,0.008,no
sacrosanctum,la,1,0.008,no
sacrosantam,la,1,0.008,no
sacuiman,la,1,0.008,no
sae,la,1,0.008,no
saecularibus,la,1,0.008,no
saecularium,la,1,0.008,no
saeculi,la,1,0.008,no
saeculis,la,1,0.008,no
saeparatae,la,1,0.008,no
saepè,la,1,0.008,no
saepiúsque,la,1,0.008,no
saeuissime,la,1,0.008,no
saeviant,la,1,0.008,no
saeviebat,la,1,0.008,no
saeviendo,la,1,0.008,no
saevierunt,la,1,0.008,no
saeviit,la,1,0.008,no
saevire,la,1,0.008,no
saevirent,la,1,0.008,no
saeviri,la,1,0.008,no
saevissimis,la,1,0.008,no
saevitia,la,1,0.008,no
saevitiae,la,1,0.008,no
saevitiam,la,1,0.008,no
saevitiem,la,1,0.008,no
sagaci,la,1,0.008,no
sagitas,la,1,0.008,no
sagittarios,la,1,0.008,no
saigoensis,la,1,0.008,no
salcete,la,1,0.008,no
salfetani,la,1,0.008,no
salomonis,la,1,0.008,no
salonam,la,1,0.008,no
salsa,la,1,0.008,no
salsas,la,1,0.008,no
salsetana,la,1,0.008,no
salsi,la,1,0.008,no
saluarentur,la,1,0.008,no
saluat,la,1,0.008,no
saluberrimus,la,1,0.008,no
salubri,la,1,0.008,no
salubria,la,1,0.008,no
salubriorem,la,1,0.008,no
salud,es,1,0.008,no
salutandum,la,1,0.008,no
salutans,la,1,0.008,no
salutant,la,1,0.008,no
salutare,la,1,0.008,no
salutaria,la,1,0.008,no
salutaris,la,1,0.008,no
salutat,la,1,0.008,no
salutiensis,la,1,0.008,no
salutiferae,la,1,0.008,no
saluto,la,1,0.008,no
salva,la,1,0.008,no
salvandi,la,1,0.008,no
salvare,la,1,0.008,no
salvatori,la,1,0.008,no
salvatur,la,1,0.008,no
salvo,es,1,0.008,no
sama,la,1,0.008,no
samahania,la,1,0.008,no
sambiasi,la,1,0.008,no
sambiasius,la,1,0.008,no
sãn,trans,1,0.008,no
sancham,la,1,0.008,no
sanches,la,1,0.008,no
sancierunt,la,1,0.008,no
sancita,la,1,0.008,no
sanctaeque,la,1,0.008,no
sanctarum,la,1,0.008,no
sanctas,la,1,0.008,no
sanctȩ,la,1,0.008,no
sanctę,la,1,0.008,no
sanctifica,la,1,0.008,no
sanctificam,la,1,0.008,no
sanctimoniae,la,1,0.008,no
sanctimoniam,la,1,0.008,no
sanctio,la,1,0.008,no
sanctionibus,la,1,0.008,no
sanctiore,la,1,0.008,no
sanctisque,la,1,0.008,no
sanctissimo,la,1,0.008,no
sanctissimoque,la,1,0.008,no
sanctitatis,la,1,0.008,no
sanctumque,la,1,0.008,no
sandalina,la,1,0.008,no
sande,la,1,0.008,no
sanè,la,1,0.008,no
sangui,la,1,0.008,no
sanguin,la,1,0.008,no
sanguinolento,la,1,0.008,no
sanis,la,1,0.008,no
sanitate,la,1,0.008,no
sanitatem,la,1,0.008,no
sanitatis,la,1,0.008,no
sano,la,1,0.008,no
santimoniae,la,1,0.008,no
sanxerunt,la,1,0.008,no
sanxisset,la,1,0.008,no
sanxit,la,1,0.008,no
saphirus,la,1,0.008,no
sapientem,la,1,0.008,no
sapienter,la,1,0.008,no
sapientes,la,1,0.008,no
sapientis,la,1,0.008,no
sapientissimè,la,1,0.008,no
sapientissimi,la,1,0.008,no
sapientissimo,la,1,0.008,no
sara,la,1,0.008,no
saracenus,la,1,0.008,no
saraschuk,la,1,0.008,no
sarcinam,la,1,0.008,no
sarcinulis,la,1,0.008,no
sarcirentur,la,1,0.008,no
sarcofagum,la,1,0.008,no
sardinia,la,1,0.008,no
sarecenorum,la,1,0.008,no
sarezana,la,1,0.008,no
sarmatum,la,1,0.008,no
sarpetri,la,1,0.008,no
sarracenorum,la,1,0.008,no
sartam,la,1,0.008,no
sartoris,la,1,0.008,no
sartorum,la,1,0.008,no
sassedonus,la,1,0.008,no
sassumani,la,1,0.008,no
sat,la,1,0.008,no
satanas,la,1,0.008,no
satellites,la,1,0.008,no
sathanae,la,1,0.008,no
sathanico,la,1,0.008,no
sathanicos,la,1,0.008,no
satiarent,la,1,0.008,no
satiat,la,1,0.008,no
satiata,la,1,0.008,no
satietur,la,1,0.008,no
satisfaciat,la,1,0.008,no
satisfaciendi,la,1,0.008,no
satisfacit,la,1,0.008,no
satisfecerat,la,1,0.008,no
satisfiat,la,1,0.008,no
satisfie,la,1,0.008,no
satisfieret,la,1,0.008,no
saulo,la,1,0.008,no
saulus,la,1,0.008,no
sauoiamanum,la,1,0.008,no
saxa,la,1,0.008,no
saxo,la,1,0.008,no
saxorum,la,1,0.008,no
scalae,la,1,0.008,no
scalas,la,1,0.008,no
scandalis,la,1,0.008,no
scandalizaret,la,1,0.008,no
scandalizatos,la,1,0.008,no
scandalorum,la,1,0.008,no
scandalosa,la,1,0.008,no
scandalosas,la,1,0.008,no
scandenda,la,1,0.008,no
scandit,la,1,0.008,no
sceleraque,la,1,0.008,no
scelerati,la,1,0.008,no
scelestisimos,la,1,0.008,no
scena,la,1,0.008,no
scenae,la,1,0.008,no
scenas,la,1,0.008,no
scenderet,la,1,0.008,no
schal,la,1,0.008,no
schalis,la,1,0.008,no
schedulis,la,1,0.008,no
schismaticis,la,1,0.008,no
scholam,la,1,0.008,no
scholarium,la,1,0.008,no
scholarum,la,1,0.008,no
scholasticam,la,1,0.008,no
scholasticorum,la,1,0.008,no
scholasticus,la,1,0.008,no
scich,la,1,0.008,no
scicianum,la,1,0.008,no
scico,la,1,0.008,no
scidit,la,1,0.008,no
sciebam,la,1,0.008,no
sciebamus,la,1,0.008,no
sciencia,la,1,0.008,no
scienda,la,1,0.008,no
sciens,la,1,0.008,no
sciente,la,1,0.008,no
scientiarum,la,1,0.008,no
sciet,la,1,0.008,no
scimanarum,la,1,0.008,no
scimanas,la,1,0.008,no
scimandono,la,1,0.008,no
scimanis,la,1,0.008,no
scindere,la,1,0.008,no
scinduuntur,la,1,0.008,no
scinfaciman,la,1,0.008,no
scini,la,1,0.008,no
scinicae,la,1,0.008,no
scinicam,la,1,0.008,no
scintillam,la,1,0.008,no
scintillas,la,1,0.008,no
scintillis,la,1,0.008,no
scipio,la,1,0.008,no
scirem,la,1,0.008,no
sciremus,la,1,0.008,no
scisma,la,1,0.008,no
scismatico,la,1,0.008,no
scismaticos,la,1,0.008,no
scissisq,la,1,0.008,no
scissuras,la,1,0.008,no
scita,la,1,0.008,no
scitis,la,1,0.008,no
scitu,la,1,0.008,no
sciverint,la,1,0.008,no
scivi,la,1,0.008,no
sclavoniam,la,1,0.008,no
sclopeta,la,1,0.008,no
sclopetariae,la,1,0.008,no
sclopetis,la,1,0.008,no
scloporum,la,1,0.008,no
scolasticis,la,1,0.008,no
scolasticorum,la,1,0.008,no
scolasticos,la,1,0.008,no
scomma,la,1,0.008,no
scopo,la,1,0.008,no
scopus,la,1,0.008,no
scribas,la,1,0.008,no
scribe,la,1,0.008,no
scribendas,la,1,0.008,no
scribendum,la,1,0.008,no
scribentur,la,1,0.008,no
scriberem,la,1,0.008,no
scriberetur,la,1,0.008,no
scribet,la,1,0.008,no
scribetur,la,1,0.008,no
scribi,la,1,0.008,no
scribite,la,1,0.008,no
scribitur,la,1,0.008,no
scribuntur,la,1,0.008,no
scripserant,la,1,0.008,no
scripsere,la,1,0.008,no
scripsimusq,la,1,0.008,no
scripsisse,la,1,0.008,no
scripsissent,la,1,0.008,no
scripsisset,la,1,0.008,no
scriptae,la,1,0.008,no
scripti,la,1,0.008,no
scriptoribus,la,1,0.008,no
scriptura,la,1,0.008,no
scripturae,la,1,0.008,no
scripturam,la,1,0.008,no
scripturas,la,1,0.008,no
scriptus,la,1,0.008,no
scrupolo,la,1,0.008,no
scrupulos,la,1,0.008,no
scrupulus,la,1,0.008,no
scrutinia,la,1,0.008,no
sculpta,la,1,0.008,no
scuti,la,1,0.008,no
scuto,la,1,0.008,no
sec,la,1,0.008,no
secant,la,1,0.008,no
secauit,la,1,0.008,no
secesserunt,la,1,0.008,no
secessio,la,1,0.008,no
seceta,la,1,0.008,no
secius,la,1,0.008,no
secretario,es,1,0.008,no
secrete,la,1,0.008,no
secreti,la,1,0.008,no
secretis,la,1,0.008,no
secretissime,la,1,0.008,no
secta,la,1,0.008,no
sectabantur,la,1,0.008,no
sectabatur,la,1,0.008,no
sectantur,la,1,0.008,no
sectarum,la,1,0.008,no
sectas,la,1,0.008,no
sectator,la,1,0.008,no
sectatores,la,1,0.008,no
sectus,la,1,0.008,no
sęcularia,la,1,0.008,no
secularibus,la,1,0.008,no
seculo,la,1,0.008,no
seculorum,la,1,0.008,no
secuntur,la,1,0.008,no
securè,la,1,0.008,no
securitate,la,1,0.008,no
securius,la,1,0.008,no
secutae,la,1,0.008,no
secute,la,1,0.008,no
secuturam,la,1,0.008,no
secuturas,la,1,0.008,no
secuturi,la,1,0.008,no
secuturis,la,1,0.008,no
secuturos,la,1,0.008,no
secuturum,la,1,0.008,no
secvnda,la,1,0.008,no
sedatis,la,1,0.008,no
sedaverit,la,1,0.008,no
sedecim,la,1,0.008,no
sedemque,la,1,0.008,no
sedendi,la,1,0.008,no
sedendo,la,1,0.008,no
sedentes,la,1,0.008,no
sedere,la,1,0.008,no
sederunt,la,1,0.008,no
sedit,la,1,0.008,no
seditioni,la,1,0.008,no
seditionis,la,1,0.008,no
seditionum,la,1,0.008,no
sedulâ,la,1,0.008,no
sedulam,la,1,0.008,no
segunda,la,1,0.008,no
seipso,la,1,0.008,no
seirvantur,la,1,0.008,no
seiuncti,la,1,0.008,no
selecto,la,1,0.008,no
selectorum,la,1,0.008,no
seleucia,la,1,0.008,no
sem,la,1,0.008,no
semedus,la,1,0.008,no
semestre,la,1,0.008,no
semetipso,la,1,0.008,no
semiassa,la,1,0.008,no
semicocta,la,1,0.008,no
semihoram,la,1,0.008,no
semina,la,1,0.008,no
seminali,la,1,0.008,no
seminandi,la,1,0.008,no
seminant,la,1,0.008,no
seminariio,la,1,0.008,no
seminati,la,1,0.008,no
seminatio,la,1,0.008,no
seminationem,la,1,0.008,no
semini,la,1,0.008,no
sempe,la,1,0.008,no
semperque,la,1,0.008,no
sempiterna,la,1,0.008,no
sempiternam.primum,la,1,0.008,no
sempiterno,la,1,0.008,no
sempiternos,la,1,0.008,no
semptem,la,1,0.008,no
semus,la,1,0.008,no
senatores,la,1,0.008,no
senatum,la,1,0.008,no
senectutem,la,1,0.008,no
senectutis,la,1,0.008,no
senescente,la,1,0.008,no
senescentis,la,1,0.008,no
señg,trans,1,0.008,no
senhores,pt,1,0.008,no
seni,la,1,0.008,no
senio,la,1,0.008,no
senior,la,1,0.008,no
seniore,la,1,0.008,no
senis,la,1,0.008,no
sensa,la,1,0.008,no
sensibilis,la,1,0.008,no
sensiles,la,1,0.008,no
sensilium,la,1,0.008,no
sensimus,la,1,0.008,no
sensit,la,1,0.008,no
sensitiva,la,1,0.008,no
sententi,la,1,0.008,no
sententiamque,la,1,0.008,no
sentiamus,la,1,0.008,no
sentiant,la,1,0.008,no
sentiebamus,la,1,0.008,no
sentientes,la,1,0.008,no
senties,la,1,0.008,no
sentiet,la,1,0.008,no
sentinam,la,1,0.008,no
sentio,la,1,0.008,no
sentire,la,1,0.008,no
sentiunt,la,1,0.008,no
senui,la,1,0.008,no
seorsim,la,1,0.008,no
separanda,la,1,0.008,no
separantur,la,1,0.008,no
separari,la,1,0.008,no
separatus,la,1,0.008,no
sepeliendi,la,1,0.008,no
sepelire,la,1,0.008,no
sepeliunt,la,1,0.008,no
sepinensis,la,1,0.008,no
sepissime,la,1,0.008,no
septam,la,1,0.008,no
septemtrionales,la,1,0.008,no
septemviri,la,1,0.008,no
septenario,la,1,0.008,no
septennis,la,1,0.008,no
septenorum,la,1,0.008,no
septentrionalibus,la,1,0.008,no
septentrionem,la,1,0.008,no
septies,la,1,0.008,no
septigenta,la,1,0.008,no
septimanas,la,1,0.008,no
septimgen,la,1,0.008,no
septimo,la,1,0.008,no
septimus,la,1,0.008,no
septingentessimum,la,1,0.008,no
septingenti,la,1,0.008,no
septis,la,1,0.008,no
septo,la,1,0.008,no
sepulchrum,la,1,0.008,no
sepulturae,la,1,0.008,no
sepulturaeque,la,1,0.008,no
sepulturis,la,1,0.008,no
sepultus,la,1,0.008,no
sepuluturis,la,1,0.008,no
sequatur,la,1,0.008,no
sequendum,la,1,0.008,no
sequente,la,1,0.008,no
sequentis,la,1,0.008,no
sequentium,la,1,0.008,no
sequentur,la,1,0.008,no
sequerentur,la,1,0.008,no
sequestravit,la,1,0.008,no
sequiori,la,1,0.008,no
sequntur,la,1,0.008,no
sequo,la,1,0.008,no
sequuti,la,1,0.008,no
sequutum,la,1,0.008,no
sequutus,la,1,0.008,no
seraphico,la,1,0.008,no
seraphicus,la,1,0.008,no
serapis,la,1,0.008,no
serenioris,la,1,0.008,no
serenissima,la,1,0.008,no
serenissimae,la,1,0.008,no
serenissimus,la,1,0.008,no
serenitate,la,1,0.008,no
serenum,la,1,0.008,no
sergio,la,1,0.008,no
sergium,la,1,0.008,no
seri,la,1,0.008,no
seria,la,1,0.008,no
serica,la,1,0.008,no
sericae,la,1,0.008,no
sericis,la,1,0.008,no
serico,la,1,0.008,no
sericóque,la,1,0.008,no
serie,la,1,0.008,no
series,la,1,0.008,no
seriò,la,1,0.008,no
seris,la,1,0.008,no
seriùs,la,1,0.008,no
sermone,la,1,0.008,no
sermoneque,la,1,0.008,no
sermonibusque,la,1,0.008,no
sermonis,la,1,0.008,no
serpens,la,1,0.008,no
serpentinam,la,1,0.008,no
serpentis,la,1,0.008,no
serra,la,1,0.008,no
seruabitur,la,1,0.008,no
seruandae,la,1,0.008,no
seruare,la,1,0.008,no
seruarentur,la,1,0.008,no
seruari,la,1,0.008,no
seruatore,la,1,0.008,no
seruemus,la,1,0.008,no
seruent,la,1,0.008,no
seruiendum,la,1,0.008,no
seruientes,la,1,0.008,no
servabit,la,1,0.008,no
servamus,la,1,0.008,no
servandi,la,1,0.008,no
servandis,la,1,0.008,no
servans,la,1,0.008,no
servant,la,1,0.008,no
servari,la,1,0.008,no
servarunt,la,1,0.008,no
servatis,la,1,0.008,no
servatore,la,1,0.008,no
servatores,la,1,0.008,no
servatoris,la,1,0.008,no
servatos,la,1,0.008,no
servaturum,la,1,0.008,no
servatus,la,1,0.008,no
servavit,la,1,0.008,no
servet,la,1,0.008,no
serviant,la,1,0.008,no
servias,la,1,0.008,no
servicium,la,1,0.008,no
serviendum,la,1,0.008,no
serviens,la,1,0.008,no
servier,la,1,0.008,no
servierant,la,1,0.008,no
servitia,la,1,0.008,no
servitore,la,1,0.008,no
servitute,la,1,0.008,no
servitutem,la,1,0.008,no
serviunt,la,1,0.008,no
servivit,la,1,0.008,no
servorum,la,1,0.008,no
ses,la,1,0.008,no
sesquiannum,la,1,0.008,no
sess,la,1,0.008,no
sessione,la,1,0.008,no
sestis,la,1,0.008,no
sesto,la,1,0.008,no
sestum,la,1,0.008,no
set,la,1,0.008,no
setembris,la,1,0.008,no
seù,la,1,0.008,no
seueritatem,la,1,0.008,no
seuilia,la,1,0.008,no
severis,la,1,0.008,no
severissime,la,1,0.008,no
severissimo,la,1,0.008,no
severitate,la,1,0.008,no
sevissime,la,1,0.008,no
sevissimis,la,1,0.008,no
seviunt,la,1,0.008,no
sexagenarius,la,1,0.008,no
sexagesimum,la,1,0.008,no
sexagessimum,la,1,0.008,no
sexcentessimum,la,1,0.008,no
sexcenti,la,1,0.008,no
sexcentisve,la,1,0.008,no
sexenni,la,1,0.008,no
sexennio,la,1,0.008,no
sexennis,la,1,0.008,no
sexies,la,1,0.008,no
sexta,la,1,0.008,no
sextingentis,la,1,0.008,no
sextus,la,1,0.008,no
sexui,la,1,0.008,no
sexus,la,1,0.008,no
siang,trans,1,0.008,no
sibimet,la,1,0.008,no
sibylla,la,1,0.008,no
sibyllae,la,1,0.008,no
sicala,la,1,0.008,no
siccior,la,1,0.008,no
sicque,la,1,0.008,no
siculi,la,1,0.008,no
siculo,la,1,0.008,no
siculum,la,1,0.008,no
sicur,la,1,0.008,no
siden,la,1,0.008,no
sidon,la,1,0.008,no
sigilla,la,1,0.008,no
sigmento,la,1,0.008,no
sign,la,1,0.008,no
signatam,la,1,0.008,no
signatis,la,1,0.008,no
signatum,la,1,0.008,no
signavit,la,1,0.008,no
signi,la,1,0.008,no
signiferum,la,1,0.008,no
significanda,la,1,0.008,no
significans,la,1,0.008,no
significare,la,1,0.008,no
significarem,la,1,0.008,no
significarunt,la,1,0.008,no
significet,la,1,0.008,no
significo,la,1,0.008,no
siguntinae,la,1,0.008,no
sil,la,1,0.008,no
silan,la,1,0.008,no
silang,la,1,0.008,no
silani,la,1,0.008,no
silentio,la,1,0.008,no
silio,la,1,0.008,no
silvis,la,1,0.008,no
simbolum,la,1,0.008,no
simeon,la,1,0.008,no
simi,la,1,0.008,no
similata,la,1,0.008,no
similibusque,la,1,0.008,no
similima,la,1,0.008,no
similitudine,la,1,0.008,no
similium,la,1,0.008,no
simonascechi,la,1,0.008,no
simplex,la,1,0.008,no
simplices,la,1,0.008,no
simplicia,la,1,0.008,no
simulachrorum,la,1,0.008,no
simulacra,la,1,0.008,no
simulacrorum,la,1,0.008,no
simulans,la,1,0.008,no
simulat,la,1,0.008,no
simulata,la,1,0.008,no
simulate,la,1,0.008,no
simulato,la,1,0.008,no
simulatq,la,1,0.008,no
simulq,la,1,0.008,no
simum,la,1,0.008,no
sinar,la,1,0.008,no
sinarumque,la,1,0.008,no
sinatis,la,1,0.008,no
sincerum,la,1,0.008,no
sincerus,la,1,0.008,no
sinebamus,la,1,0.008,no
sinensibusque,la,1,0.008,no
sinensimn,la,1,0.008,no
singoli,la,1,0.008,no
singulae,la,1,0.008,no
singulare,la,1,0.008,no
singularis,la,1,0.008,no
singulatim,la,1,0.008,no
singuliq,la,1,0.008,no
singulorumque,la,1,0.008,no
singulum,la,1,0.008,no
singulus,la,1,0.008,no
sinicarum,la,1,0.008,no
sinice,la,1,0.008,no
sinicorum,la,1,0.008,no
sinistr,la,1,0.008,no
sinistra,la,1,0.008,no
sinistro,la,1,0.008,no
sinistrum,la,1,0.008,no
sinunt,la,1,0.008,no
sinus,la,1,0.008,no
sion,la,1,0.008,no
sirmium,la,1,0.008,no
sisterem,la,1,0.008,no
sitam,la,1,0.008,no
siti,la,1,0.008,no
sitibundis,la,1,0.008,no
sitienter,la,1,0.008,no
sitiret,la,1,0.008,no
situatam,la,1,0.008,no
situs,la,1,0.008,no
siuencheu,la,1,0.008,no
sius,la,1,0.008,no
sixti,la,1,0.008,no
smaragdi,la,1,0.008,no
smogolecky,la,1,0.008,no
smogoleski,la,1,0.008,no
smyrna,la,1,0.008,no
so,trans,1,0.008,no
sobole,la,1,0.008,no
sobolem,la,1,0.008,no
sobredicha,es,1,0.008,no
soceri,la,1,0.008,no
soci,la,1,0.008,no
sociatus,la,1,0.008,no
sociavi,la,1,0.008,no
societaem,la,1,0.008,no
societalem,la,1,0.008,no
societatatis,la,1,0.008,no
societatisque,la,1,0.008,no
socijs,la,1,0.008,no
sociuss,la,1,0.008,no
socorro,es,1,0.008,no
sodalitati,la,1,0.008,no
sodalitatum,la,1,0.008,no
sodoma,la,1,0.008,no
soërio,la,1,0.008,no
soërius,la,1,0.008,no
soiemondono,la,1,0.008,no
solaretur,la,1,0.008,no
solaribus,la,1,0.008,no
solatii,la,1,0.008,no
solatiorum,la,1,0.008,no
soldani,la,1,0.008,no
soleas,la,1,0.008,no
solem,la,1,0.008,no
solemnem,la,1,0.008,no
solemnes,la,1,0.008,no
solemnibus,la,1,0.008,no
solemnitate,la,1,0.008,no
solemniter,la,1,0.008,no
solempnes,la,1,0.008,no
solempniter,la,1,0.008,no
solennem,la,1,0.008,no
solenniores,la,1,0.008,no
solennis,la,1,0.008,no
soleris,la,1,0.008,no
solicitantium,la,1,0.008,no
solicitet,la,1,0.008,no
solicitetur,la,1,0.008,no
solicitudine,la,1,0.008,no
solida,la,1,0.008,no
solidam,la,1,0.008,no
solidissima,la,1,0.008,no
solidissimi,la,1,0.008,no
solidissimisque,la,1,0.008,no
soliditatem,la,1,0.008,no
solidius,la,1,0.008,no
solisque,la,1,0.008,no
solitas,la,1,0.008,no
solitos,la,1,0.008,no
solitudinem,la,1,0.008,no
solitum,la,1,0.008,no
solituri,la,1,0.008,no
sollicitabant,la,1,0.008,no
sollicitudin,la,1,0.008,no
sollicitudinem,la,1,0.008,no
sollicitudinis,la,1,0.008,no
soluendo,la,1,0.008,no
soluere,la,1,0.008,no
solui,la,1,0.008,no
solùm,la,1,0.008,no
solutionem,la,1,0.008,no
solutis,la,1,0.008,no
solvam,la,1,0.008,no
solvant,la,1,0.008,no
solvantur,la,1,0.008,no
solvatur,la,1,0.008,no
solvebat,la,1,0.008,no
solvebatur,la,1,0.008,no
solvere,la,1,0.008,no
solverent,la,1,0.008,no
solveret,la,1,0.008,no
solvi,la,1,0.008,no
solvunt,la,1,0.008,no
solymorum,la,1,0.008,no
somutensi,la,1,0.008,no
soni,la,1,0.008,no
sonoguensi,la,1,0.008,no
sonoguensis,la,1,0.008,no
sononquensem,la,1,0.008,no
sontem,la,1,0.008,no
sophismatis,la,1,0.008,no
sopitum,la,1,0.008,no
sorbicia,la,1,0.008,no
sordesque,la,1,0.008,no
soror,la,1,0.008,no
sorore,la,1,0.008,no
sororem,la,1,0.008,no
sororibus,la,1,0.008,no
sors,la,1,0.008,no
sortes,la,1,0.008,no
sortiantur,la,1,0.008,no
sortilegia,la,1,0.008,no
sortiri,la,1,0.008,no
sortis,la,1,0.008,no
sortita,la,1,0.008,no
sortium,la,1,0.008,no
sotietate,la,1,0.008,no
sotietati,la,1,0.008,no
sotii,la,1,0.008,no
spaciosum,la,1,0.008,no
spania,la,1,0.008,no
sparsa,la,1,0.008,no
sparsorum,la,1,0.008,no
sparti,la,1,0.008,no
spatiis,la,1,0.008,no
spatiosa,la,1,0.008,no
spatiosum,la,1,0.008,no
speciali,la,1,0.008,no
speciei,la,1,0.008,no
speciosa,la,1,0.008,no
speciosus,la,1,0.008,no
specta,la,1,0.008,no
spectabamus,la,1,0.008,no
spectabiles,la,1,0.008,no
spectabimus,la,1,0.008,no
spectaculo,la,1,0.008,no
spectantium,la,1,0.008,no
spectarunque,la,1,0.008,no
spectat,la,1,0.008,no
spectata,la,1,0.008,no
spectet,la,1,0.008,no
spectris,la,1,0.008,no
specula,la,1,0.008,no
speculam,la,1,0.008,no
speculo,la,1,0.008,no
sped,la,1,0.008,no
sperabam,la,1,0.008,no
sperabant,la,1,0.008,no
sperantium,la,1,0.008,no
speraremus,la,1,0.008,no
sperasset,la,1,0.008,no
speratis,la,1,0.008,no
speratur,la,1,0.008,no
sperem,la,1,0.008,no
speret,la,1,0.008,no
spernentem,la,1,0.008,no
spicuae,la,1,0.008,no
spiculatori,la,1,0.008,no
spinea,la,1,0.008,no
spirabat,la,1,0.008,no
spirantes,la,1,0.008,no
spirantibus,la,1,0.008,no
spirantis,la,1,0.008,no
spirarent,la,1,0.008,no
spiritali,la,1,0.008,no
spiritalia,la,1,0.008,no
spiritalis,la,1,0.008,no
spiritalium,la,1,0.008,no
spiritibus,la,1,0.008,no
spiritualia,la,1,0.008,no
spiritualior,la,1,0.008,no
spiritualiumque,la,1,0.008,no
spissior,la,1,0.008,no
splendentes,la,1,0.008,no
splendere,la,1,0.008,no
splendidae,la,1,0.008,no
splendide,la,1,0.008,no
splendidissima,la,1,0.008,no
splendidissimus,la,1,0.008,no
splendido,la,1,0.008,no
splendidus,la,1,0.008,no
splendoris,la,1,0.008,no
spo,la,1,0.008,no
spolia,la,1,0.008,no
spoliare,la,1,0.008,no
spoliata,la,1,0.008,no
spoliatae,la,1,0.008,no
spoliatos,la,1,0.008,no
spoliatum,la,1,0.008,no
spoliatur,la,1,0.008,no
spoliavit,la,1,0.008,no
spolietur,la,1,0.008,no
spolio,la,1,0.008,no
spondeat,la,1,0.008,no
spondent,la,1,0.008,no
sponderet,la,1,0.008,no
spondet,la,1,0.008,no
sponsam,la,1,0.008,no
sponsi,la,1,0.008,no
sponsiones,la,1,0.008,no
sponsioni,la,1,0.008,no
sponsionibus,la,1,0.008,no
spontè,la,1,0.008,no
spoponderant,la,1,0.008,no
spoponditque,la,1,0.008,no
spretis,la,1,0.008,no
spretum,la,1,0.008,no
spuere,la,1,0.008,no
squalentem,la,1,0.008,no
squalore,la,1,0.008,no
squammis,la,1,0.008,no
stabilire,la,1,0.008,no
stabilitum,la,1,0.008,no
stabiliuit,la,1,0.008,no
stabilivit,la,1,0.008,no
stabit,la,1,0.008,no
stabulis,la,1,0.008,no
stacionem,la,1,0.008,no
stadia,la,1,0.008,no
stagnense,la,1,0.008,no
standum,la,1,0.008,no
stant,la,1,0.008,no
stante,la,1,0.008,no
stantes,la,1,0.008,no
stapedes,la,1,0.008,no
statet,la,1,0.008,no
statio,la,1,0.008,no
stationem,la,1,0.008,no
stationes,la,1,0.008,no
stationibus,la,1,0.008,no
statos,la,1,0.008,no
statua,la,1,0.008,no
statuarum,la,1,0.008,no
statuas,la,1,0.008,no
statuat,la,1,0.008,no
statuatur,la,1,0.008,no
statuendum,la,1,0.008,no
statuente,la,1,0.008,no
statuentem,la,1,0.008,no
statuentur,la,1,0.008,no
statuere,la,1,0.008,no
statuerent,la,1,0.008,no
statuerunt,la,1,0.008,no
statuis,la,1,0.008,no
statuisset,la,1,0.008,no
statuite,la,1,0.008,no
statuq,la,1,0.008,no
staturam,la,1,0.008,no
staturos,la,1,0.008,no
statute,la,1,0.008,no
statutum,la,1,0.008,no
statuumque,la,1,0.008,no
stauet,la,1,0.008,no
stellae,la,1,0.008,no
stellas,la,1,0.008,no
stephanoni,la,1,0.008,no
sterilis,la,1,0.008,no
stet,la,1,0.008,no
steterat,la,1,0.008,no
stetitque,la,1,0.008,no
stigmata,la,1,0.008,no
stimulante,la,1,0.008,no
stimulatos,la,1,0.008,no
stimulis,la,1,0.008,no
stipatum,la,1,0.008,no
stipatus,la,1,0.008,no
stipendiis,la,1,0.008,no
stipendio,la,1,0.008,no
stit,la,1,0.008,no
stolae,la,1,0.008,no
stolide,la,1,0.008,no
stra,la,1,0.008,no
strada,la,1,0.008,no
strages,la,1,0.008,no
stramine,la,1,0.008,no
strangulant,la,1,0.008,no
straret,la,1,0.008,no
stratagemata,la,1,0.008,no
stratas,la,1,0.008,no
stravit,la,1,0.008,no
stremas,la,1,0.008,no
strenui,la,1,0.008,no
strenuos,la,1,0.008,no
strepitus,la,1,0.008,no
strictis,la,1,0.008,no
strictissimum,la,1,0.008,no
strident,la,1,0.008,no
stringat,la,1,0.008,no
stringentur,la,1,0.008,no
structuram,la,1,0.008,no
strueret,la,1,0.008,no
struxerat,la,1,0.008,no
stud,la,1,0.008,no
studebant,la,1,0.008,no
studebat,la,1,0.008,no
studendum,la,1,0.008,no
studens,la,1,0.008,no
studentibus,la,1,0.008,no
studerent,la,1,0.008,no
studeres,la,1,0.008,no
studios,la,1,0.008,no
studiosas,la,1,0.008,no
studiosissimus,la,1,0.008,no
studiosum,la,1,0.008,no
stulta,la,1,0.008,no
stultis,la,1,0.008,no
stultissimum,la,1,0.008,no
stupenda,la,1,0.008,no
stupendum,la,1,0.008,no
stupente,la,1,0.008,no
stupescentibus,la,1,0.008,no
styli,la,1,0.008,no
stylum,la,1,0.008,no
suademus,la,1,0.008,no
suadent,la,1,0.008,no
suadentium,la,1,0.008,no
suadeo,la,1,0.008,no
suaeq,la,1,0.008,no
suaeque,la,1,0.008,no
suárez,la,1,0.008,no
suaserunt,la,1,0.008,no
suauia,la,1,0.008,no
suauitate,la,1,0.008,no
suavis,la,1,0.008,no
suavissima,la,1,0.008,no
suavissimum,la,1,0.008,no
suaviter,la,1,0.008,no
subacta,la,1,0.008,no
subactae,la,1,0.008,no
subactis,la,1,0.008,no
subalpinis,la,1,0.008,no
subdiderint,la,1,0.008,no
subdiderit,la,1,0.008,no
subditae,la,1,0.008,no
subditor,la,1,0.008,no
subditum,la,1,0.008,no
subditusve,la,1,0.008,no
subdolo,la,1,0.008,no
subducentes,la,1,0.008,no
subducere,la,1,0.008,no
subductus,la,1,0.008,no
subegerunt,la,1,0.008,no
subeundam,la,1,0.008,no
subeundis,la,1,0.008,no
subeunt,la,1,0.008,no
subici,la,1,0.008,no
subiecerat,la,1,0.008,no
subiecerint,la,1,0.008,no
subiecit,la,1,0.008,no
subiectam,la,1,0.008,no
subiectas,la,1,0.008,no
subiecti,la,1,0.008,no
subiectionemque,la,1,0.008,no
subiecto,la,1,0.008,no
subiecturum,la,1,0.008,no
subiere,la,1,0.008,no
subigendas,la,1,0.008,no
subigentibus,la,1,0.008,no
subigi,la,1,0.008,no
subiicerent,la,1,0.008,no
subiici,la,1,0.008,no
subiiciamus,la,1,0.008,no
subiiciendo,la,1,0.008,no
subiicientibus,la,1,0.008,no
subiicientur,la,1,0.008,no
subiicio,la,1,0.008,no
subiiciunt,la,1,0.008,no
subijciam,la,1,0.008,no
subijciant,la,1,0.008,no
subijcientur,la,1,0.008,no
subijciet,la,1,0.008,no
subijcitur,la,1,0.008,no
subirascente,la,1,0.008,no
subita,la,1,0.008,no
subituros,la,1,0.008,no
subiturum,la,1,0.008,no
subiugatas,la,1,0.008,no
subiugatis,la,1,0.008,no
subiungam,la,1,0.008,no
subiunxerunt,la,1,0.008,no
subivit,la,1,0.008,no
subjacent,la,1,0.008,no
subjugetur,la,1,0.008,no
sublatae,la,1,0.008,no
sublati,la,1,0.008,no
sublatisque,la,1,0.008,no
sublatus,la,1,0.008,no
subleuare,la,1,0.008,no
sublevabitur,la,1,0.008,no
sublevandam,la,1,0.008,no
sublevandus,la,1,0.008,no
sublevari,la,1,0.008,no
sublevationem,la,1,0.008,no
subleves,la,1,0.008,no
sublimem,la,1,0.008,no
sublimi,la,1,0.008,no
submer,la,1,0.008,no
submerserit,la,1,0.008,no
submersus,la,1,0.008,no
subministrant,la,1,0.008,no
subministrantur,la,1,0.008,no
subministrent,la,1,0.008,no
submisere,la,1,0.008,no
submissa,la,1,0.008,no
submissionis,la,1,0.008,no
submisso,la,1,0.008,no
submissus,la,1,0.008,no
submittebat,la,1,0.008,no
submittendum,la,1,0.008,no
submitteret,la,1,0.008,no
submitti,la,1,0.008,no
submittunt,la,1,0.008,no
submonenda,la,1,0.008,no
subordinati,la,1,0.008,no
suborirentur,la,1,0.008,no
subreptitias,la,1,0.008,no
subripuisset,la,1,0.008,no
subrogari,la,1,0.008,no
subscribendum,la,1,0.008,no
subscribo,la,1,0.008,no
subscripserunt,la,1,0.008,no
subscripsimus,la,1,0.008,no
subscriptio,la,1,0.008,no
subscriptione,la,1,0.008,no
subscriptionem,la,1,0.008,no
subscriptum,la,1,0.008,no
subsecutum,la,1,0.008,no
subsecuturum,la,1,0.008,no
subseminavit,la,1,0.008,no
subsequentibus,la,1,0.008,no
subsequentium,la,1,0.008,no
subsequentur,la,1,0.008,no
subsequitur,la,1,0.008,no
subsidia,la,1,0.008,no
subsistant,la,1,0.008,no
subsistent,la,1,0.008,no
subsit,la,1,0.008,no
substantiis,la,1,0.008,no
substerno,la,1,0.008,no
substi,la,1,0.008,no
substiterant,la,1,0.008,no
substiterit,la,1,0.008,no
substiterunt,la,1,0.008,no
substitit,la,1,0.008,no
substitui,la,1,0.008,no
substituit,la,1,0.008,no
substitutum,la,1,0.008,no
substituturus,la,1,0.008,no
substrato,la,1,0.008,no
subsumus,la,1,0.008,no
subticendum,la,1,0.008,no
subtilis,la,1,0.008,no
subtilitas,la,1,0.008,no
subtraxerit,la,1,0.008,no
suburbana,la,1,0.008,no
suburbano,la,1,0.008,no
suburbiis,la,1,0.008,no
suburbijs,la,1,0.008,no
subveniatur,la,1,0.008,no
subvenirent,la,1,0.008,no
subvenisset,la,1,0.008,no
subversionis,la,1,0.008,no
subverterunt,la,1,0.008,no
succedebat,la,1,0.008,no
succedentibus,la,1,0.008,no
succedere,la,1,0.008,no
succederent,la,1,0.008,no
succedunt,la,1,0.008,no
succenseant,la,1,0.008,no
succensus,la,1,0.008,no
successerat,la,1,0.008,no
successerunt,la,1,0.008,no
successibus,la,1,0.008,no
successione,la,1,0.008,no
successioni,la,1,0.008,no
successionis,la,1,0.008,no
successivè,la,1,0.008,no
successuum,la,1,0.008,no
succincte,la,1,0.008,no
succrescat,la,1,0.008,no
succubuerint,la,1,0.008,no
succumberent,la,1,0.008,no
succurrant,la,1,0.008,no
succurrat,la,1,0.008,no
succurrerent,la,1,0.008,no
sudare,la,1,0.008,no
sudi,la,1,0.008,no
sudore,la,1,0.008,no
sudores,la,1,0.008,no
sudoribus,la,1,0.008,no
sue,la,1,0.008,no
suferentes,la,1,0.008,no
sufficiat,la,1,0.008,no
sufficienti,la,1,0.008,no
sufficientibus,la,1,0.008,no
sufficit,la,1,0.008,no
sufficiunt,la,1,0.008,no
suffimenta,la,1,0.008,no
suffitiens,la,1,0.008,no
suffraganei,la,1,0.008,no
suffragatur,la,1,0.008,no
suffultis,la,1,0.008,no
suffusum,la,1,0.008,no
suggerebant,la,1,0.008,no
suggerentes,la,1,0.008,no
suggerenti,la,1,0.008,no
suggereret,la,1,0.008,no
suggerit,la,1,0.008,no
suique,la,1,0.008,no
suisq,la,1,0.008,no
suisse,la,1,0.008,no
suissent,la,1,0.008,no
sulphure,la,1,0.008,no
sulphureas,la,1,0.008,no
sulphureo,la,1,0.008,no
sulphureum,la,1,0.008,no
sumenda,la,1,0.008,no
sumendum,la,1,0.008,no
sumi,la,1,0.008,no
sumitur,la,1,0.008,no
summ,la,1,0.008,no
summamque,la,1,0.008,no
summe,la,1,0.008,no
summorum,la,1,0.008,no
summumque,la,1,0.008,no
sumotensis,la,1,0.008,no
sumpserat,la,1,0.008,no
sumpsi,la,1,0.008,no
sumpta,la,1,0.008,no
sumptibus,la,1,0.008,no
sumptis,la,1,0.008,no
sumptuosae,la,1,0.008,no
sumptuosum,la,1,0.008,no
sumum,la,1,0.008,no
sunga,la,1,0.008,no
sunptus,la,1,0.008,no
suntne,la,1,0.008,no
suomet,la,1,0.008,no
suorumque,la,1,0.008,no
suósque,la,1,0.008,no
sup,la,1,0.008,no
superabant,la,1,0.008,no
superabantur,la,1,0.008,no
superaddit,la,1,0.008,no
superandas,la,1,0.008,no
superandus,la,1,0.008,no
superaret,la,1,0.008,no
superarunt,la,1,0.008,no
superasse,la,1,0.008,no
superati,la,1,0.008,no
superatis,la,1,0.008,no
superatus,la,1,0.008,no
superaverant,la,1,0.008,no
superbam,la,1,0.008,no
superbi,la,1,0.008,no
superbiae,la,1,0.008,no
superbissimum,la,1,0.008,no
superessent,la,1,0.008,no
superesset,la,1,0.008,no
superfuerunt,la,1,0.008,no
superfuisse,la,1,0.008,no
superfundat,la,1,0.008,no
superfuturus,la,1,0.008,no
superintendentiam,la,1,0.008,no
superiorum,la,1,0.008,no
superiùs,la,1,0.008,no
supernatulia,la,1,0.008,no
supernaturales,la,1,0.008,no
superos,la,1,0.008,no
superque,la,1,0.008,no
supersedebo,la,1,0.008,no
supersedeo,la,1,0.008,no
supersedere,la,1,0.008,no
supersederi,la,1,0.008,no
supersit,la,1,0.008,no
superstitione,la,1,0.008,no
superstitiones,la,1,0.008,no
superstitionis,la,1,0.008,no
superstitionum,la,1,0.008,no
superstitiosae,la,1,0.008,no
superstitiosis,la,1,0.008,no
superstitiosorum,la,1,0.008,no
superstitiosum,la,1,0.008,no
superstitiosus,la,1,0.008,no
superuacaneae,la,1,0.008,no
supervacanea,la,1,0.008,no
superveniens,la,1,0.008,no
superveniente,la,1,0.008,no
supervixisset,la,1,0.008,no
suplex,la,1,0.008,no
suplicantes,la,1,0.008,no
suplicio,la,1,0.008,no
suppeditabat,la,1,0.008,no
suppeditante,la,1,0.008,no
suppeditantur,la,1,0.008,no
suppeditare,la,1,0.008,no
suppellectilem,la,1,0.008,no
suppetant,la,1,0.008,no
suppetat,la,1,0.008,no
suppeteret,la,1,0.008,no
suppetit,la,1,0.008,no
suppleant,la,1,0.008,no
supplebat,la,1,0.008,no
supplemento,la,1,0.008,no
supplementum,la,1,0.008,no
supplere,la,1,0.008,no
supplerent,la,1,0.008,no
supplex,la,1,0.008,no
supplicarem,la,1,0.008,no
supplicatione,la,1,0.008,no
supplicationes,la,1,0.008,no
supplicationi,la,1,0.008,no
supplicaverunt,la,1,0.008,no
supplicavisse,la,1,0.008,no
supplicetur,la,1,0.008,no
supplicijs,la,1,0.008,no
suppliciter,la,1,0.008,no
supprimebantur,la,1,0.008,no
suprà,la,1,0.008,no
supradictos,la,1,0.008,no
supradictum,la,1,0.008,no
suprascriptae,la,1,0.008,no
supremam,la,1,0.008,no
supremo,la,1,0.008,no
supremus,la,1,0.008,no
surda,la,1,0.008,no
surdus,la,1,0.008,no
surgendi,la,1,0.008,no
surgens,la,1,0.008,no
surrepsissent,la,1,0.008,no
surrepto,la,1,0.008,no
sus,la,1,0.008,no
susceperant,la,1,0.008,no
susceperunt,la,1,0.008,no
suscepta,la,1,0.008,no
susceptâ,la,1,0.008,no
susceptionem,la,1,0.008,no
susceptionemque,la,1,0.008,no
susceptis,la,1,0.008,no
suscepturos,la,1,0.008,no
susceptus,la,1,0.008,no
susciperem,la,1,0.008,no
susciperentur,la,1,0.008,no
susciperetur,la,1,0.008,no
suscipiam,la,1,0.008,no
suscipiantur,la,1,0.008,no
suscipiendas,la,1,0.008,no
suscipiendi,la,1,0.008,no
suscipiendos,la,1,0.008,no
suscipiens,la,1,0.008,no
suscipimus,la,1,0.008,no
suscipitis,la,1,0.008,no
suscipitur,la,1,0.008,no
suscitanda,la,1,0.008,no
suscitantur,la,1,0.008,no
suscitare,la,1,0.008,no
suscitationem,la,1,0.008,no
suscitatus,la,1,0.008,no
suscitentur,la,1,0.008,no
suspectis,la,1,0.008,no
suspectus,la,1,0.008,no
suspendebat,la,1,0.008,no
suspenderet,la,1,0.008,no
suspendio,la,1,0.008,no
suspendunt,la,1,0.008,no
suspensa,la,1,0.008,no
suspensionem,la,1,0.008,no
suspensionis,la,1,0.008,no
suspexi,la,1,0.008,no
suspicabar,la,1,0.008,no
suspicabatur,la,1,0.008,no
suspicandi,la,1,0.008,no
suspicantem,la,1,0.008,no
suspicantibus,la,1,0.008,no
suspicaretur,la,1,0.008,no
suspicati,la,1,0.008,no
suspicatus,la,1,0.008,no
suspicienda,la,1,0.008,no
suspicionum,la,1,0.008,no
suspiria,la,1,0.008,no
suspitionem,la,1,0.008,no
susque,la,1,0.008,no
sustentação,pt,1,0.008,no
sustentant,la,1,0.008,no
sustentantur,la,1,0.008,no
sustentare,la,1,0.008,no
sustentari,la,1,0.008,no
sustentavit,la,1,0.008,no
sustententur,la,1,0.008,no
sustineant,la,1,0.008,no
sustinendam,la,1,0.008,no
sustinendas,la,1,0.008,no
sustinendum,la,1,0.008,no
sustinent,la,1,0.008,no
sustineret,la,1,0.008,no
sustinet,la,1,0.008,no
sustinete,la,1,0.008,no
sustinuere,la,1,0.008,no
sustinuit,la,1,0.008,no
sustulerant,la,1,0.008,no
sustulissent,la,1,0.008,no
sustulisset,la,1,0.008,no
suus,la,1,0.008,no
suvó,la,1,0.008,no
suzutensis,la,1,0.008,no
svscipientibs,la,1,0.008,no
syllabus,la,1,0.008,no
sylvam,la,1,0.008,no
sylvis,la,1,0.008,no
symbȩ,la,1,0.008,no
symboli,la,1,0.008,no
synae,la,1,0.008,no
synasque,la,1,0.008,no
synceritate,la,1,0.008,no
synensis,la,1,0.008,no
synisque,la,1,0.008,no
syracusam,la,1,0.008,no
syrias,la,1,0.008,no
tabacum,la,1,0.008,no
tabe,la,1,0.008,no
tabellariorum,la,1,0.008,no
tabem,la,1,0.008,no
tabernaculo,la,1,0.008,no
tabernis,la,1,0.008,no
tabilia,la,1,0.008,no
tabulis,la,1,0.008,no
tacacu,la,1,0.008,no
tacata,la,1,0.008,no
tacazuqui,la,1,0.008,no
taceam,la,1,0.008,no
tacebo,la,1,0.008,no
tacenda,la,1,0.008,no
tacens,la,1,0.008,no
tacere,la,1,0.008,no
tacita,la,1,0.008,no
tacitus,la,1,0.008,no
tactu,la,1,0.008,no
tacuit,la,1,0.008,no
taedet,la,1,0.008,no
taedia,la,1,0.008,no
taedio,la,1,0.008,no
taeis,la,1,0.008,no
taël,la,1,0.008,no
taichangus,la,1,0.008,no
taicing,la,1,0.008,no
taicisamae,la,1,0.008,no
taiçungus,la,1,0.008,no
taiyuen,la,1,0.008,no
talentum,la,1,0.008,no
talisimani,la,1,0.008,no
talos,la,1,0.008,no
tamerlani,la,1,0.008,no
támque,la,1,0.008,no
tamura,la,1,0.008,no
tan,la,1,0.008,no
tanaënse,la,1,0.008,no
tandiu,la,1,0.008,no
tangani,la,1,0.008,no
tangatur,la,1,0.008,no
tangerent,la,1,0.008,no
tangit,la,1,0.008,no
tant,la,1,0.008,no
tantaq,la,1,0.008,no
tantar,la,1,0.008,no
tantasque,la,1,0.008,no
tantillum,la,1,0.008,no
tantisque,la,1,0.008,no
tantoq,la,1,0.008,no
tantoque,la,1,0.008,no
tantor,la,1,0.008,no
tantorumq,la,1,0.008,no
tantos,la,1,0.008,no
tantumdem,la,1,0.008,no
tantummodo,la,1,0.008,no
tantundem,la,1,0.008,no
tantusque,la,1,0.008,no
tao,trans,1,0.008,no
tapete,la,1,0.008,no
taraura,la,1,0.008,no
tarazauondoni,la,1,0.008,no
tarda,la,1,0.008,no
tardat,la,1,0.008,no
tardius,la,1,0.008,no
taretur,la,1,0.008,no
taris,la,1,0.008,no
tarorum,la,1,0.008,no
tarsus,la,1,0.008,no
tarta,la,1,0.008,no
tartareis,la,1,0.008,no
tartaricas,la,1,0.008,no
tartaricham,la,1,0.008,no
tartaricus,la,1,0.008,no
tata,la,1,0.008,no
tate,la,1,0.008,no
tati,la,1,0.008,no
tatum,la,1,0.008,no
tauri,la,1,0.008,no
tavares,la,1,0.008,no
tavero,la,1,0.008,no
taveyra,la,1,0.008,no
taxare,la,1,0.008,no
taxat,la,1,0.008,no
taxatum,la,1,0.008,no
taxorum,la,1,0.008,no
taytay,la,1,0.008,no
tçunocamidono,la,1,0.008,no
tçunocamidonum,la,1,0.008,no
tçunocamindoni,la,1,0.008,no
tect,la,1,0.008,no
tecta,la,1,0.008,no
tectae,la,1,0.008,no
tecti,la,1,0.008,no
tecto,la,1,0.008,no
tectus,la,1,0.008,no
tecum,la,1,0.008,no
tedeschi,la,1,0.008,no
tegeret,la,1,0.008,no
tegit,la,1,0.008,no
telis,la,1,0.008,no
telo,la,1,0.008,no
telorum,la,1,0.008,no
temperandum,la,1,0.008,no
temperatione,la,1,0.008,no
temperetur,la,1,0.008,no
temperie,la,1,0.008,no
temperiem,la,1,0.008,no
temperies,la,1,0.008,no
tempestatibus,la,1,0.008,no
templaque,la,1,0.008,no
templi,la,1,0.008,no
templorum,la,1,0.008,no
templorumq,la,1,0.008,no
templumque,la,1,0.008,no
temporarium,la,1,0.008,no
tempori,la,1,0.008,no
temptari,la,1,0.008,no
temus,la,1,0.008,no
tenaces,la,1,0.008,no
tenderet,la,1,0.008,no
tenditur,la,1,0.008,no
tenduntne,la,1,0.008,no
teneamur,la,1,0.008,no
teneatur,la,1,0.008,no
tenebamur,la,1,0.008,no
tenebant,la,1,0.008,no
tenebatur,la,1,0.008,no
tenebrarum,la,1,0.008,no
tenedos,la,1,0.008,no
tenellae,la,1,0.008,no
tenendis,la,1,0.008,no
tenendus,la,1,0.008,no
tenens,la,1,0.008,no
tenent,la,1,0.008,no
tenentem,la,1,0.008,no
teneremur,la,1,0.008,no
tenerrimis,la,1,0.008,no
tenor,la,1,0.008,no
tenoris,la,1,0.008,no
tensae,la,1,0.008,no
tentabat,la,1,0.008,no
tentandam,la,1,0.008,no
tentare,la,1,0.008,no
tentaret,la,1,0.008,no
tentaverunt,la,1,0.008,no
tentoria,la,1,0.008,no
tentorii,la,1,0.008,no
tentorium,la,1,0.008,no
tenuem,la,1,0.008,no
tenuibus,la,1,0.008,no
tenuioribus,la,1,0.008,no
tenuíque,la,1,0.008,no
tenuisset,la,1,0.008,no
tenuistis,la,1,0.008,no
tenuitate,la,1,0.008,no
tenzam,la,1,0.008,no
tenze,la,1,0.008,no
tepor,la,1,0.008,no
terat,la,1,0.008,no
terazava,la,1,0.008,no
terazave,la,1,0.008,no
tercentis,la,1,0.008,no
tercentum,la,1,0.008,no
tercio,la,1,0.008,no
tercium,la,1,0.008,no
terentius,la,1,0.008,no
teret,la,1,0.008,no
tergum,la,1,0.008,no
teriam,la,1,0.008,no
teris,la,1,0.008,no
terminandis,la,1,0.008,no
terminata,la,1,0.008,no
terminos,la,1,0.008,no
ternos,la,1,0.008,no
ternosve,la,1,0.008,no
terq,la,1,0.008,no
terraeq,la,1,0.008,no
terramque,la,1,0.008,no
terraque,la,1,0.008,no
terrasq,la,1,0.008,no
terreis,la,1,0.008,no
terrena,la,1,0.008,no
terrestri,la,1,0.008,no
terretii,la,1,0.008,no
terribilis,la,1,0.008,no
terriculamentis,la,1,0.008,no
terrificas,la,1,0.008,no
territi,la,1,0.008,no
terroreque,la,1,0.008,no
terrori,la,1,0.008,no
tertiae,la,1,0.008,no
testamenti,la,1,0.008,no
testamentique,la,1,0.008,no
testamento,la,1,0.008,no
testamentum,la,1,0.008,no
testari,la,1,0.008,no
testatusque,la,1,0.008,no
teste,la,1,0.008,no
testificantibus,la,1,0.008,no
testificati,la,1,0.008,no
testificatione,la,1,0.008,no
testificationibus,la,1,0.008,no
testimonia,la,1,0.008,no
teterrimorum,la,1,0.008,no
tetrapyli,la,1,0.008,no
tetrapylon,la,1,0.008,no
tetro,la,1,0.008,no
textus,la,1,0.008,no
textûs,la,1,0.008,no
tezauro,la,1,0.008,no
thaedus,la,1,0.008,no
thanais,la,1,0.008,no
thanam,la,1,0.008,no
thangum,la,1,0.008,no
thaoyuen,la,1,0.008,no
thaurisium,la,1,0.008,no
theologi,la,1,0.008,no
theologiaq,la,1,0.008,no
theologici,la,1,0.008,no
theologicis,la,1,0.008,no
theologicus,la,1,0.008,no
theologos,la,1,0.008,no
theresiae,la,1,0.008,no
thermopylis,la,1,0.008,no
thesauro,la,1,0.008,no
thesauros,la,1,0.008,no
thessalia,la,1,0.008,no
thessaliam,la,1,0.008,no
thessalonicam,la,1,0.008,no
thienki,la,1,0.008,no
thienkium,la,1,0.008,no
thienmingo,la,1,0.008,no
thienmingus,la,1,0.008,no
thienxun,la,1,0.008,no
thienxunam,la,1,0.008,no
thienzungum,la,1,0.008,no
thienzungus,la,1,0.008,no
thimotheo,la,1,0.008,no
thisicae,la,1,0.008,no
thoma,la,1,0.008,no
thome,la,1,0.008,no
thori,la,1,0.008,no
thucydides,la,1,0.008,no
tianorum,la,1,0.008,no
tibetano,la,1,0.008,no
tibique,la,1,0.008,no
tiburtinum,la,1,0.008,no
tibus,la,1,0.008,no
tidic,la,1,0.008,no
tie,trans,1,0.008,no
tienchu,la,1,0.008,no
tigna,la,1,0.008,no
tignis,la,1,0.008,no
tigris,la,1,0.008,no
tiis,la,1,0.008,no
tilium,la,1,0.008,no
time,la,1,0.008,no
timeant,la,1,0.008,no
timebam,la,1,0.008,no
timebamus,la,1,0.008,no
timebant,la,1,0.008,no
timebat,la,1,0.008,no
timenda,la,1,0.008,no
timentibus,la,1,0.008,no
timeo,la,1,0.008,no
timere,la,1,0.008,no
timeret,la,1,0.008,no
timeri,la,1,0.008,no
timoratas,la,1,0.008,no
timores,la,1,0.008,no
timoribus,la,1,0.008,no
timus,la,1,0.008,no
tincta,la,1,0.008,no
tincti,la,1,0.008,no
tinctos,la,1,0.008,no
tinea,la,1,0.008,no
tingunt,la,1,0.008,no
tinhao,pt,1,0.008,no
tinhão,pt,1,0.008,no
tinus,la,1,0.008,no
tinxisse,la,1,0.008,no
tio,la,1,0.008,no
tione,la,1,0.008,no
tionibus,la,1,0.008,no
tionisque,la,1,0.008,no
tiranno,la,1,0.008,no
tit,la,1,0.008,no
titubasse,la,1,0.008,no
titubatio,la,1,0.008,no
titulis,la,1,0.008,no
titulos,la,1,0.008,no
todas,pt,1,0.008,no
todeschino,la,1,0.008,no
togatis,la,1,0.008,no
togatos,la,1,0.008,no
togatus,la,1,0.008,no
tolerandam,la,1,0.008,no
tolerandis,la,1,0.008,no
tolerando,la,1,0.008,no
tolerantia,la,1,0.008,no
toleratas,la,1,0.008,no
toleratis,la,1,0.008,no
toleraturum,la,1,0.008,no
toleraturus,la,1,0.008,no
tolerent,la,1,0.008,no
tollebatur,la,1,0.008,no
tollendis,la,1,0.008,no
tollendos,la,1,0.008,no
tollendum,la,1,0.008,no
tollerandum,la,1,0.008,no
tolluntur,la,1,0.008,no
tomiis,la,1,0.008,no
tomo,la,1,0.008,no
tomos,la,1,0.008,no
tonderi,la,1,0.008,no
tonum,la,1,0.008,no
toquiççuquensem,la,1,0.008,no
toquitçuquensis,la,1,0.008,no
toquizuquensi,la,1,0.008,no
tori,la,1,0.008,no
toridae,la,1,0.008,no
tormentarii,la,1,0.008,no
tormento,la,1,0.008,no
tormentum,la,1,0.008,no
torpescens,la,1,0.008,no
torpescentibus,la,1,0.008,no
torpescentium,la,1,0.008,no
torqueantur,la,1,0.008,no
torquent,la,1,0.008,no
torqueret,la,1,0.008,no
torquetur,la,1,0.008,no
torrados,la,1,0.008,no
torum,la,1,0.008,no
torvo,la,1,0.008,no
tos,la,1,0.008,no
totae,la,1,0.008,no
totalem,la,1,0.008,no
totaque,la,1,0.008,no
totas,la,1,0.008,no
totique,la,1,0.008,no
totiùsque,la,1,0.008,no
totve,la,1,0.008,no
toxica,la,1,0.008,no
toxicum,la,1,0.008,no
toxogun,la,1,0.008,no
tra,la,1,0.008,no
tractabat,la,1,0.008,no
tractabimus,la,1,0.008,no
tractactionis,la,1,0.008,no
tractandis,la,1,0.008,no
tractandorum,la,1,0.008,no
tractantur,la,1,0.008,no
tractare,la,1,0.008,no
tractarent,la,1,0.008,no
tractaretur,la,1,0.008,no
tractari,la,1,0.008,no
tractarit,la,1,0.008,no
tractarunt,la,1,0.008,no
tractas,la,1,0.008,no
tractatione,la,1,0.008,no
tractationem,la,1,0.008,no
tractatos,la,1,0.008,no
tractatur,la,1,0.008,no
tractaturos,la,1,0.008,no
tractavi,la,1,0.008,no
tractavit,la,1,0.008,no
tractent,la,1,0.008,no
tractibus,la,1,0.008,no
tractione,la,1,0.008,no
tractis,la,1,0.008,no
tractu,la,1,0.008,no
tractum,la,1,0.008,no
tradam,la,1,0.008,no
tradas,la,1,0.008,no
tradat,la,1,0.008,no
tradebantur,la,1,0.008,no
tradendam,la,1,0.008,no
tradendum,la,1,0.008,no
tradentibus,la,1,0.008,no
traderentur,la,1,0.008,no
traderetur,la,1,0.008,no
tradidi,la,1,0.008,no
tradidisset,la,1,0.008,no
traditam,la,1,0.008,no
traditi,la,1,0.008,no
traditis,la,1,0.008,no
traducendam,la,1,0.008,no
traducere,la,1,0.008,no
traducerent,la,1,0.008,no
traducti,la,1,0.008,no
tradunt,la,1,0.008,no
tragaedia,la,1,0.008,no
tragediae,la,1,0.008,no
tragica,la,1,0.008,no
tragicorum,la,1,0.008,no
tragoedia,la,1,0.008,no
trahant,la,1,0.008,no
trahebat,la,1,0.008,no
trahendos,la,1,0.008,no
trahentes,la,1,0.008,no
trahit,la,1,0.008,no
traho,la,1,0.008,no
trahunt,la,1,0.008,no
traiani,la,1,0.008,no
traiecerunt,la,1,0.008,no
traiecit,la,1,0.008,no
traiicere,la,1,0.008,no
trajiceret,la,1,0.008,no
tranquilitatis,la,1,0.008,no
tranquilla,la,1,0.008,no
tranquillandae,la,1,0.008,no
tranquillitatem,la,1,0.008,no
tranquillitatis,la,1,0.008,no
transactum,la,1,0.008,no
transcendunt,la,1,0.008,no
transegerint,la,1,0.008,no
transegit,la,1,0.008,no
transeundi,la,1,0.008,no
transeuntem,la,1,0.008,no
transeuntes,la,1,0.008,no
transeuntibus,la,1,0.008,no
transfer,la,1,0.008,no
transferat,la,1,0.008,no
transferret,la,1,0.008,no
transfixit,la,1,0.008,no
transfretans,la,1,0.008,no
transfretati,la,1,0.008,no
transgrederentur,la,1,0.008,no
transgredior,la,1,0.008,no
transibant,la,1,0.008,no
transibat,la,1,0.008,no
transiere,la,1,0.008,no
transigendum,la,1,0.008,no
transigentes,la,1,0.008,no
transigerentur,la,1,0.008,no
transigit,la,1,0.008,no
transilire,la,1,0.008,no
transistis,la,1,0.008,no
transit,la,1,0.008,no
transitis,la,1,0.008,no
transito,la,1,0.008,no
transituri,la,1,0.008,no
transiturus,la,1,0.008,no
transivimus,la,1,0.008,no
transivit,la,1,0.008,no
translati,la,1,0.008,no
transmarinas,la,1,0.008,no
transmarinis,la,1,0.008,no
transmeasset,la,1,0.008,no
transmeavit,la,1,0.008,no
transmicteret,la,1,0.008,no
transmigrare,la,1,0.008,no
transmisisti,la,1,0.008,no
transmisit,la,1,0.008,no
transmissa,la,1,0.008,no
transmissas,la,1,0.008,no
transmisse,la,1,0.008,no
transmissis,la,1,0.008,no
transmisso,la,1,0.008,no
transmissum,la,1,0.008,no
transmissus,la,1,0.008,no
transmitione,la,1,0.008,no
transmittantur,la,1,0.008,no
transmittebat,la,1,0.008,no
transmittens,la,1,0.008,no
transmittimus,la,1,0.008,no
transmittit,la,1,0.008,no
transmittunt,la,1,0.008,no
transportandos,la,1,0.008,no
transsumptum,la,1,0.008,no
transtorna,la,1,0.008,no
transuersos,la,1,0.008,no
transuersum,la,1,0.008,no
transumptis,la,1,0.008,no
transumptum,la,1,0.008,no
transvecti,la,1,0.008,no
transvehamur,la,1,0.008,no
transvehuntur,la,1,0.008,no
transverberant,la,1,0.008,no
trariorum,la,1,0.008,no
trasmarinis,la,1,0.008,no
travancoris,la,1,0.008,no
traxi,la,1,0.008,no
trecentos,la,1,0.008,no
tremoribus,la,1,0.008,no
trentaria,la,1,0.008,no
tresve,la,1,0.008,no
tribuat,la,1,0.008,no
tribuendam,la,1,0.008,no
tribuendis,la,1,0.008,no
tribuendo,la,1,0.008,no
tribuens,la,1,0.008,no
tribuente,la,1,0.008,no
tribuentes,la,1,0.008,no
tribueret,la,1,0.008,no
tribuit,la,1,0.008,no
tribulatione,la,1,0.008,no
tribulationem,la,1,0.008,no
tribulationibus,la,1,0.008,no
tribusque,la,1,0.008,no
tributaria,la,1,0.008,no
tributarii,la,1,0.008,no
tributariis,la,1,0.008,no
tributarius,la,1,0.008,no
tributi,la,1,0.008,no
tributum,la,1,0.008,no
tribuuntur,la,1,0.008,no
tridentinus,la,1,0.008,no
triduali,la,1,0.008,no
trienio,la,1,0.008,no
trigautii,la,1,0.008,no
trigautio,la,1,0.008,no
trimphato,la,1,0.008,no
trinitas,la,1,0.008,no
trinitatem,la,1,0.008,no
triplici,la,1,0.008,no
triplo,la,1,0.008,no
tripolis,la,1,0.008,no
triremes,la,1,0.008,no
tristi,la,1,0.008,no
tristia,la,1,0.008,no
tristiora,la,1,0.008,no
tristissimam,la,1,0.008,no
tristitiam,la,1,0.008,no
triticum,la,1,0.008,no
tritonibus,la,1,0.008,no
triueris,la,1,0.008,no
triumphale,la,1,0.008,no
triumphales,la,1,0.008,no
triumphantem,la,1,0.008,no
triumphantes,la,1,0.008,no
triumphauit,la,1,0.008,no
triumphavit,la,1,0.008,no
triumpho,la,1,0.008,no
troiam,la,1,0.008,no
trucidabat,la,1,0.008,no
trucidarunt,la,1,0.008,no
trucidasset,la,1,0.008,no
trucidati,la,1,0.008,no
trucidatur,la,1,0.008,no
truculentia,la,1,0.008,no
truculentiam,la,1,0.008,no
truculentissimi,la,1,0.008,no
truncaretur,la,1,0.008,no
truncatus,la,1,0.008,no
tualis,la,1,0.008,no
tuba,la,1,0.008,no
tubae,la,1,0.008,no
tubarum,la,1,0.008,no
tubicinem,la,1,0.008,no
tubos,la,1,0.008,no
tueamur,la,1,0.008,no
tueantur,la,1,0.008,no
tuemur,la,1,0.008,no
tuendi,la,1,0.008,no
tuentur,la,1,0.008,no
tuerentur,la,1,0.008,no
tueretur,la,1,0.008,no
tuerique,la,1,0.008,no
tugurium,la,1,0.008,no
tulerat,la,1,0.008,no
tumcunque,la,1,0.008,no
tumquinensis,la,1,0.008,no
tumuli,la,1,0.008,no
tumulo,la,1,0.008,no
tumultuantur,la,1,0.008,no
tumultuum,la,1,0.008,no
tun,la,1,0.008,no
tunam,la,1,0.008,no
tuncque,la,1,0.008,no
tung,trans,1,0.008,no
tungking,la,1,0.008,no
tunglieu,la,1,0.008,no
tunicas,la,1,0.008,no
tunkinense,la,1,0.008,no
tunkinicae,la,1,0.008,no
turbae,la,1,0.008,no
turbare,la,1,0.008,no
turbaretur,la,1,0.008,no
turbari,la,1,0.008,no
turbarum,la,1,0.008,no
turbarumque,la,1,0.008,no
turbati,la,1,0.008,no
turbationem,la,1,0.008,no
turbationis,la,1,0.008,no
turbidum,la,1,0.008,no
turbis,la,1,0.008,no
turbulentae,la,1,0.008,no
turbulentior,la,1,0.008,no
turbulento,la,1,0.008,no
turbulentos,la,1,0.008,no
turcae,la,1,0.008,no
turcoti,la,1,0.008,no
turcottus,la,1,0.008,no
ture,la,1,0.008,no
turibula,la,1,0.008,no
turkya,la,1,0.008,no
turpem,la,1,0.008,no
turpi,la,1,0.008,no
turpissima,la,1,0.008,no
turpissimus,la,1,0.008,no
turpitudini,la,1,0.008,no
turquiam,la,1,0.008,no
turrem,la,1,0.008,no
turriano,la,1,0.008,no
turrim,la,1,0.008,no
tursicis,la,1,0.008,no
tus,la,1,0.008,no
tusciae,la,1,0.008,no
tusciam,la,1,0.008,no
tuscum,la,1,0.008,no
tutelares,la,1,0.008,no
tutior,la,1,0.008,no
tutiora,la,1,0.008,no
tutò,la,1,0.008,no
tutocorimi,la,1,0.008,no
tutudit,la,1,0.008,no
tuxun,la,1,0.008,no
tyanaei,la,1,0.008,no
tyberim,la,1,0.008,no
tyfonius,la,1,0.008,no
tygrides,la,1,0.008,no
typog,la,1,0.008,no
typographia,la,1,0.008,no
typographiae,la,1,0.008,no
typum,la,1,0.008,no
tyrannicum,la,1,0.008,no
tyrannicus,la,1,0.008,no
tyrannis,la,1,0.008,no
tyria,la,1,0.008,no
tyro,la,1,0.008,no
tyronum,la,1,0.008,no
tytulum,la,1,0.008,no
tzunicamindoni,la,1,0.008,no
tzunicamindonum,la,1,0.008,no
tzunocamin,la,1,0.008,no
tzunocamindono,la,1,0.008,no
tzunocamindonus,la,1,0.008,no
ù,trans,1,0.008,no
ualedicens,la,1,0.008,no
uariae,la,1,0.008,no
uarietatibus,la,1,0.008,no
uariis,la,1,0.008,no
ubera,la,1,0.008,no
uberem,la,1,0.008,no
uberes,la,1,0.008,no
uberior,la,1,0.008,no
uberiores,la,1,0.008,no
uberius,la,1,0.008,no
uberrima,la,1,0.008,no
uberrimum,la,1,0.008,no
ubertatem,la,1,0.008,no
uchimensis,la,1,0.008,no
uelaria,la,1,0.008,no
uelle,la,1,0.008,no
uen,la,1,0.008,no
uenantes,la,1,0.008,no
uendentes,la,1,0.008,no
ueniens,la,1,0.008,no
uenientes,la,1,0.008,no
uenisset,la,1,0.008,no
uerbo,la,1,0.008,no
ueritate,la,1,0.008,no
uerum,la,1,0.008,no
uerunt,la,1,0.008,no
uestimenta,la,1,0.008,no
uicerunt,la,1,0.008,no
uicinam,la,1,0.008,no
uicinantibus,la,1,0.008,no
uicini,la,1,0.008,no
uicinorum,la,1,0.008,no
uicos,la,1,0.008,no
uicum,la,1,0.008,no
uideamur,la,1,0.008,no
uideantur,la,1,0.008,no
uidear,la,1,0.008,no
uideatur,la,1,0.008,no
uidelicet,la,1,0.008,no
uidens,la,1,0.008,no
uidentem,la,1,0.008,no
uidere,la,1,0.008,no
uidet,la,1,0.008,no
uidi,la,1,0.008,no
uidimus,la,1,0.008,no
uigentem,la,1,0.008,no
uincere,la,1,0.008,no
uineta,la,1,0.008,no
uinorum,la,1,0.008,no
uiri,la,1,0.008,no
uiris,la,1,0.008,no
uisae,la,1,0.008,no
uisi,la,1,0.008,no
uisum,la,1,0.008,no
uitae,la,1,0.008,no
uittas,la,1,0.008,no
uiuens,la,1,0.008,no
uius,la,1,0.008,no
uiuunt,la,1,0.008,no
ulciscendae,la,1,0.008,no
ulciscendum,la,1,0.008,no
ulcisci,la,1,0.008,no
ulciscitur,la,1,0.008,no
ulisìpone,la,1,0.008,no
ulli,la,1,0.008,no
ullibi,la,1,0.008,no
ullis,la,1,0.008,no
ultimas,la,1,0.008,no
ultimi,la,1,0.008,no
ultimus,la,1,0.008,no
ultionis,la,1,0.008,no
ultramarino,la,1,0.008,no
ultricia,la,1,0.008,no
ultrò,la,1,0.008,no
ultroneam,la,1,0.008,no
ulyssi,la,1,0.008,no
ulyssiponem,la,1,0.008,no
unà,la,1,0.008,no
unanimiter,la,1,0.008,no
unaquaeque,la,1,0.008,no
unaque,la,1,0.008,no
unctio,la,1,0.008,no
undarum,la,1,0.008,no
undas,la,1,0.008,no
undecumque,la,1,0.008,no
undis,la,1,0.008,no
undisque,la,1,0.008,no
ungari,la,1,0.008,no
ungariam,la,1,0.008,no
ungarorum,la,1,0.008,no
ungues,la,1,0.008,no
unguibus,la,1,0.008,no
ungulae,la,1,0.008,no
unicaque,la,1,0.008,no
unicuique,la,1,0.008,no
unionem,la,1,0.008,no
uniri,la,1,0.008,no
unirni,la,1,0.008,no
unitatem,la,1,0.008,no
uniuersa,la,1,0.008,no
uniuersorum,la,1,0.008,no
universale,la,1,0.008,no
universaque,la,1,0.008,no
universim,la,1,0.008,no
universis,la,1,0.008,no
universos,la,1,0.008,no
universus,la,1,0.008,no
univit,la,1,0.008,no
unoquoque,la,1,0.008,no
unumq,la,1,0.008,no
unumquemque,la,1,0.008,no
unusque,la,1,0.008,no
uolunt,la,1,0.008,no
ur,la,1,0.008,no
urbanissime,la,1,0.008,no
urbanitate,la,1,0.008,no
urbanitatis,la,1,0.008,no
urbanius,la,1,0.008,no
urbevetanus,la,1,0.008,no
uremon,la,1,0.008,no
urganthum,la,1,0.008,no
urgendo,la,1,0.008,no
urgentissima,la,1,0.008,no
urgentur,la,1,0.008,no
urgerent,la,1,0.008,no
urgeret,la,1,0.008,no
urgeretur,la,1,0.008,no
urgetque,la,1,0.008,no
ursis,la,1,0.008,no
ursit,la,1,0.008,no
usibus,la,1,0.008,no
usitata,la,1,0.008,no
usitatum,la,1,0.008,no
úsque,la,1,0.008,no
usquequaque,la,1,0.008,no
usualis,la,1,0.008,no
usui,la,1,0.008,no
usumque,la,1,0.008,no
usuris,la,1,0.008,no
usurpabat,la,1,0.008,no
usurpandi,la,1,0.008,no
usurpandum,la,1,0.008,no
usurpans,la,1,0.008,no
usurparentur,la,1,0.008,no
usurparunt,la,1,0.008,no
usurpaverat,la,1,0.008,no
usurum,la,1,0.008,no
ususq,la,1,0.008,no
utano,la,1,0.008,no
utanorum,la,1,0.008,no
utantur,la,1,0.008,no
utatur,la,1,0.008,no
utcunq,la,1,0.008,no
utcunque,la,1,0.008,no
utebatur,la,1,0.008,no
utendi,la,1,0.008,no
utentes,la,1,0.008,no
uteremur,la,1,0.008,no
utilem,la,1,0.008,no
utilibus,la,1,0.008,no
utilior,la,1,0.008,no
utiliores,la,1,0.008,no
utilissima,la,1,0.008,no
utilitati,la,1,0.008,no
utiliter,la,1,0.008,no
utimur,la,1,0.008,no
utres,la,1,0.008,no
utrisque,la,1,0.008,no
utrosque,la,1,0.008,no
utum,la,1,0.008,no
uxorę,la,1,0.008,no
uxores,la,1,0.008,no
v.a,la,1,0.008,no
v.p,la,1,0.008,no
vacant,la,1,0.008,no
vacante,la,1,0.008,no
vacantes,la,1,0.008,no
vacanti,la,1,0.008,no
vacantibus,la,1,0.008,no
vacare,la,1,0.008,no
vacarunt,la,1,0.008,no
vacatorum,la,1,0.008,no
vacemus,la,1,0.008,no
vacuis,la,1,0.008,no
vadunt,la,1,0.008,no
vagabantur,la,1,0.008,no
vagaretur,la,1,0.008,no
vaginae,la,1,0.008,no
vaipicottae,la,1,0.008,no
valat,la,1,0.008,no
valeas,la,1,0.008,no
valebam,la,1,0.008,no
valebit,la,1,0.008,no
valedicendum,la,1,0.008,no
valediceret,la,1,0.008,no
valedicturus,la,1,0.008,no
valedixerunt,la,1,0.008,no
valens,la,1,0.008,no
valente,la,1,0.008,no
valeo,la,1,0.008,no
valetitudine,la,1,0.008,no
valetudinem,la,1,0.008,no
valetudini,la,1,0.008,no
valetudiniss,la,1,0.008,no
valguaneira,la,1,0.008,no
validius,la,1,0.008,no
valig,la,1,0.008,no
valignanus,la,1,0.008,no
vallaretur,la,1,0.008,no
vallat,la,1,0.008,no
vallata,la,1,0.008,no
vallatus,la,1,0.008,no
valle,la,1,0.008,no
valles,la,1,0.008,no
valorem,la,1,0.008,no
valuit,la,1,0.008,no
vanae,la,1,0.008,no
vanas,la,1,0.008,no
vanasa,la,1,0.008,no
vango,la,1,0.008,no
vanis,la,1,0.008,no
vanisq,la,1,0.008,no
vanissimo,la,1,0.008,no
vanos,la,1,0.008,no
vaporibus,la,1,0.008,no
variae,la,1,0.008,no
variaque,la,1,0.008,no
variasque,la,1,0.008,no
varietas,la,1,0.008,no
varietatem,la,1,0.008,no
varietatibus,la,1,0.008,no
varii,la,1,0.008,no
varij,la,1,0.008,no
varijs,la,1,0.008,no
variorum,la,1,0.008,no
varius,la,1,0.008,no
varjis,la,1,0.008,no
varo,la,1,0.008,no
vasalli,la,1,0.008,no
vasallo,la,1,0.008,no
vasallor,la,1,0.008,no
vascum,la,1,0.008,no
vasora,la,1,0.008,no
vastabat,la,1,0.008,no
vastam,la,1,0.008,no
vastandis,la,1,0.008,no
vastantes,la,1,0.008,no
vastare,la,1,0.008,no
vastat,la,1,0.008,no
vastatas,la,1,0.008,no
vastatis,la,1,0.008,no
vastavit,la,1,0.008,no
vastissima,la,1,0.008,no
vastissimas,la,1,0.008,no
vastissimo,la,1,0.008,no
vastitas,la,1,0.008,no
vasto,la,1,0.008,no
vastos,la,1,0.008,no
vastum,la,1,0.008,no
vaticinio,la,1,0.008,no
vaticinium,la,1,0.008,no
vatuk,la,1,0.008,no
vazallus,la,1,0.008,no
vberem,la,1,0.008,no
vbicunque,la,1,0.008,no
vecordia,la,1,0.008,no
vectibus,la,1,0.008,no
vectigal,la,1,0.008,no
vectigali,la,1,0.008,no
vectigalq,la,1,0.008,no
vectus,la,1,0.008,no
vedras,la,1,0.008,no
vegetativa,la,1,0.008,no
vehebant,la,1,0.008,no
vehem,la,1,0.008,no
vehemens,la,1,0.008,no
veladminiculum,la,1,0.008,no
velitationibus,la,1,0.008,no
velitis,la,1,0.008,no
vellint,la,1,0.008,no
vellis,la,1,0.008,no
velocissimi,la,1,0.008,no
velocissimis,la,1,0.008,no
velocissimo,la,1,0.008,no
velocitas,la,1,0.008,no
venantur,la,1,0.008,no
venari,la,1,0.008,no
venaticos,la,1,0.008,no
vendebatur,la,1,0.008,no
vendere,la,1,0.008,no
venderetur,la,1,0.008,no
vendicandis,la,1,0.008,no
vendicet,la,1,0.008,no
vendiderunt,la,1,0.008,no
venditionibus,la,1,0.008,no
vene,la,1,0.008,no
veneficia,la,1,0.008,no
venena,la,1,0.008,no
venerabant,la,1,0.008,no
venerabi,la,1,0.008,no
venerabile,la,1,0.008,no
venerandam,la,1,0.008,no
venerandus,la,1,0.008,no
venerati,la,1,0.008,no
venerationem,la,1,0.008,no
venerationis,la,1,0.008,no
venere,la,1,0.008,no
venerem,la,1,0.008,no
veneremur,la,1,0.008,no
veneta,la,1,0.008,no
veniatis,la,1,0.008,no
venido,es,1,0.008,no
venienter,la,1,0.008,no
venienti,la,1,0.008,no
veniet,la,1,0.008,no
venissemus,la,1,0.008,no
venisset,la,1,0.008,no
ventilatur,la,1,0.008,no
ventitarant,la,1,0.008,no
vento,la,1,0.008,no
ventorum,la,1,0.008,no
ventos,la,1,0.008,no
ventres,la,1,0.008,no
ventri,la,1,0.008,no
ventura,la,1,0.008,no
ventus,la,1,0.008,no
venus,la,1,0.008,no
venustè,la,1,0.008,no
veo,pt,1,0.008,no
veras,la,1,0.008,no
verax,la,1,0.008,no
verbaq,la,1,0.008,no
verbatim,la,1,0.008,no
verberare,la,1,0.008,no
verberatione,la,1,0.008,no
verberum,la,1,0.008,no
verbulum,la,1,0.008,no
vercellensis,la,1,0.008,no
verecundentur,la,1,0.008,no
verecundiaque,la,1,0.008,no
veredarium,la,1,0.008,no
verenda,la,1,0.008,no
vereor,la,1,0.008,no
vereretur,la,1,0.008,no
vergebant,la,1,0.008,no
vergit,la,1,0.008,no
vergunt,la,1,0.008,no
veridico,la,1,0.008,no
verificabatur,la,1,0.008,no
verissime,la,1,0.008,no
veritatum,la,1,0.008,no
verius,la,1,0.008,no
vermem,la,1,0.008,no
vernacula,la,1,0.008,no
versa,la,1,0.008,no
versabamur,la,1,0.008,no
versabit,la,1,0.008,no
versabitur,la,1,0.008,no
versamur,la,1,0.008,no
versantes,la,1,0.008,no
versaremur,la,1,0.008,no
versaris,la,1,0.008,no
versati,la,1,0.008,no
versi,la,1,0.008,no
versum,la,1,0.008,no
versutissima,la,1,0.008,no
versutus,la,1,0.008,no
vertentes,la,1,0.008,no
vertentibus,la,1,0.008,no
vertere,la,1,0.008,no
verteret,la,1,0.008,no
vertice,la,1,0.008,no
vertissent,la,1,0.008,no
vertunt,la,1,0.008,no
verumtamen,la,1,0.008,no
verusne,la,1,0.008,no
verusque,la,1,0.008,no
vespasiano,la,1,0.008,no
vespasianum,la,1,0.008,no
vesperam,la,1,0.008,no
vespere,la,1,0.008,no
vestae,la,1,0.008,no
vestem,la,1,0.008,no
vester,la,1,0.008,no
vesti,la,1,0.008,no
vestigio,la,1,0.008,no
vestis,la,1,0.008,no
vestito,la,1,0.008,no
vestitu,la,1,0.008,no
vestiuntur,la,1,0.008,no
vestre,la,1,0.008,no
vestrorum,la,1,0.008,no
vetaretur,la,1,0.008,no
vetera,la,1,0.008,no
vetuerit,la,1,0.008,no
vetuitq,la,1,0.008,no
vetum,la,1,0.008,no
vetustiores,la,1,0.008,no
vexari,la,1,0.008,no
vexarunt,la,1,0.008,no
vexasset,la,1,0.008,no
vexatione,la,1,0.008,no
vexationes,la,1,0.008,no
vexatur,la,1,0.008,no
vexillorum,la,1,0.008,no
vfurpamus,la,1,0.008,no
viamq,la,1,0.008,no
viatici,la,1,0.008,no
vibi,la,1,0.008,no
vibraverit,la,1,0.008,no
vicarie,la,1,0.008,no
vicenas,la,1,0.008,no
vicenti,la,1,0.008,no
vicentius,la,1,0.008,no
viceprefȩctus,la,1,0.008,no
viceprȩfectus,la,1,0.008,no
vicera,la,1,0.008,no
vicerege,la,1,0.008,no
viceregis,la,1,0.008,no
vicerunt,la,1,0.008,no
vicesimum,la,1,0.008,no
vicimoribus,la,1,0.008,no
viciniam,la,1,0.008,no
vicinis,la,1,0.008,no
vicinissimam,la,1,0.008,no
vicinissimis,la,1,0.008,no
vicino,la,1,0.008,no
vicinos,la,1,0.008,no
viciose,la,1,0.008,no
vicis,la,1,0.008,no
vicisse,la,1,0.008,no
vicissent,la,1,0.008,no
vicissim,la,1,0.008,no
vicissitudines,la,1,0.008,no
vicissitudo,la,1,0.008,no
victima,la,1,0.008,no
victimas,la,1,0.008,no
victis,la,1,0.008,no
victitans,la,1,0.008,no
victoriensis,la,1,0.008,no
victricia,la,1,0.008,no
vide,la,1,0.008,no
videamur,la,1,0.008,no
videar,la,1,0.008,no
videb,la,1,0.008,no
videbam,la,1,0.008,no
videbamur,la,1,0.008,no
videbis,la,1,0.008,no
videbunt,la,1,0.008,no
videndum,la,1,0.008,no
vidente,la,1,0.008,no
videor,la,1,0.008,no
videram,la,1,0.008,no
viderat,la,1,0.008,no
videris,la,1,0.008,no
videtis,la,1,0.008,no
vidisse,la,1,0.008,no
vidissem,la,1,0.008,no
vidisset,la,1,0.008,no
vidisti,la,1,0.008,no
viduis,la,1,0.008,no
vie,la,1,0.008,no
vieyra,la,1,0.008,no
vigente,la,1,0.008,no
vigentem,la,1,0.008,no
vigenti,la,1,0.008,no
vigesimo,la,1,0.008,no
vigesimum,la,1,0.008,no
vigilantia,la,1,0.008,no
vigiles,la,1,0.008,no
vigilia,la,1,0.008,no
vigiliae,la,1,0.008,no
vigintiquinque,la,1,0.008,no
vigorosus,la,1,0.008,no
viguricam,la,1,0.008,no
vii,la,1,0.008,no
viii,la,1,0.008,no
viis,la,1,0.008,no
vil,la,1,0.008,no
vili,la,1,0.008,no
vilipendit,la,1,0.008,no
vilis,la,1,0.008,no
vilissima,la,1,0.008,no
vilissimo,la,1,0.008,no
vilitate,la,1,0.008,no
viliùs,la,1,0.008,no
villarum,la,1,0.008,no
villas,la,1,0.008,no
ville,la,1,0.008,no
villȩ,la,1,0.008,no
villicationis,la,1,0.008,no
villis,la,1,0.008,no
vincat,la,1,0.008,no
vincens,la,1,0.008,no
vincere,la,1,0.008,no
vincialis,la,1,0.008,no
vincit,la,1,0.008,no
vincti,la,1,0.008,no
vindicandam,la,1,0.008,no
vindicandas,la,1,0.008,no
vindicare,la,1,0.008,no
vindicarent,la,1,0.008,no
vindicari,la,1,0.008,no
vindicauerat,la,1,0.008,no
vindicetis,la,1,0.008,no
vindicta,la,1,0.008,no
vineolam,la,1,0.008,no
vino,es,1,0.008,no
violant,la,1,0.008,no
violantur,la,1,0.008,no
violare,la,1,0.008,no
violarentur,la,1,0.008,no
violari,la,1,0.008,no
violatis,la,1,0.008,no
violatur,la,1,0.008,no
violentiae,la,1,0.008,no
violentius,la,1,0.008,no
violento,la,1,0.008,no
vique,la,1,0.008,no
virgilius,la,1,0.008,no
virgines,la,1,0.008,no
virginibus,la,1,0.008,no
virginisque,la,1,0.008,no
virginitatem,la,1,0.008,no
virgis,la,1,0.008,no
viribusque,la,1,0.008,no
viriles,la,1,0.008,no
virtutemq,la,1,0.008,no
virtutisque,la,1,0.008,no
virtutum,la,1,0.008,no
virtutumque,la,1,0.008,no
visceribus,la,1,0.008,no
viscerum,la,1,0.008,no
viseret,la,1,0.008,no
visitanda,la,1,0.008,no
visitandi,la,1,0.008,no
visitandum,la,1,0.008,no
visitantes,la,1,0.008,no
visitantium,la,1,0.008,no
visitat,la,1,0.008,no
visitation,la,1,0.008,no
visitatione,la,1,0.008,no
visitationem,la,1,0.008,no
visitatores,la,1,0.008,no
visitatorum,la,1,0.008,no
visitaturum,la,1,0.008,no
visitatus,la,1,0.008,no
visitavit,la,1,0.008,no
visorum,la,1,0.008,no
visoza,la,1,0.008,no
vissendum,la,1,0.008,no
visseum,la,1,0.008,no
visus,la,1,0.008,no
vitamque,la,1,0.008,no
vitandi,la,1,0.008,no
vitandum,la,1,0.008,no
vitare,la,1,0.008,no
vitas,la,1,0.008,no
viter,la,1,0.008,no
vitij,la,1,0.008,no
vitiosa,la,1,0.008,no
vitiose,la,1,0.008,no
vitiosę,la,1,0.008,no
vitiosis,la,1,0.008,no
vitis,la,1,0.008,no
vitium,la,1,0.008,no
vitta,la,1,0.008,no
vituperia,la,1,0.008,no
viuamus,la,1,0.008,no
viuant,la,1,0.008,no
viuat,la,1,0.008,no
viuente,la,1,0.008,no
viuentis,la,1,0.008,no
viuere,la,1,0.008,no
viui,la,1,0.008,no
viuimus,la,1,0.008,no
viuunt,la,1,0.008,no
viuus,la,1,0.008,no
viv,la,1,0.008,no
vivamus,la,1,0.008,no
vivant,la,1,0.008,no
vivę,la,1,0.008,no
viventes,la,1,0.008,no
viventium,la,1,0.008,no
vivi,la,1,0.008,no
vivimus,la,1,0.008,no
vivitq,la,1,0.008,no
vixeram,la,1,0.008,no
vixerant,la,1,0.008,no
vlia,la,1,0.008,no
vllam,la,1,0.008,no
vlterius,la,1,0.008,no
vltimum,la,1,0.008,no
vltra,la,1,0.008,no
vnam,la,1,0.008,no
vndae,la,1,0.008,no
vndarum,la,1,0.008,no
vnguem,la,1,0.008,no
vnicus,la,1,0.008,no
vniuersae,la,1,0.008,no
vniuersas,la,1,0.008,no
vniuersi,la,1,0.008,no
vniuersis,la,1,0.008,no
vniuersitatis,la,1,0.008,no
vniuerso,la,1,0.008,no
vniuersum,la,1,0.008,no
vnius,la,1,0.008,no
vniversa,la,1,0.008,no
vniversum,la,1,0.008,no
voarano,la,1,0.008,no
voaranum,la,1,0.008,no
vobiscum,la,1,0.008,no
voca,la,1,0.008,no
vocabimus,la,1,0.008,no
vocabuli,la,1,0.008,no
vocabulis,la,1,0.008,no
vocabulorum,la,1,0.008,no
vocamus,la,1,0.008,no
vocandi,la,1,0.008,no
vocans,la,1,0.008,no
vocantibus,la,1,0.008,no
vocari,la,1,0.008,no
vocas,la,1,0.008,no
vocasset,la,1,0.008,no
vocationem,la,1,0.008,no
vocationis,la,1,0.008,no
vocato,la,1,0.008,no
vocatos,la,1,0.008,no
vocaturque,la,1,0.008,no
vocauit,la,1,0.008,no
vocaverant,la,1,0.008,no
vocavimus,la,1,0.008,no
vocentur,la,1,0.008,no
vocet,la,1,0.008,no
vocibus,la,1,0.008,no
vociferans,la,1,0.008,no
voco,la,1,0.008,no
vol,la,1,0.008,no
volantur,la,1,0.008,no
volente,la,1,0.008,no
volentem,la,1,0.008,no
voletis,la,1,0.008,no
volitabant,la,1,0.008,no
volitare,la,1,0.008,no
volontarium,la,1,0.008,no
volucre,la,1,0.008,no
volue,la,1,0.008,no
voluens,la,1,0.008,no
voluerimus,la,1,0.008,no
voluerint,la,1,0.008,no
volui,la,1,0.008,no
voluid,la,1,0.008,no
voluisse,la,1,0.008,no
voluissent,la,1,0.008,no
volumen,la,1,0.008,no
voluntarias,la,1,0.008,no
voluntatum,la,1,0.008,no
voluptat,la,1,0.008,no
voluptates,la,1,0.008,no
voluptati,la,1,0.008,no
voluptatis,la,1,0.008,no
voluptatum,la,1,0.008,no
volutates,la,1,0.008,no
vomitum,la,1,0.008,no
vomura,la,1,0.008,no
vomurae,la,1,0.008,no
vomurano,la,1,0.008,no
vora,la,1,0.008,no
voraci,la,1,0.008,no
vorant,la,1,0.008,no
voro,la,1,0.008,no
vostra,la,1,0.008,no
vot,la,1,0.008,no
voti,la,1,0.008,no
voverim,la,1,0.008,no
vovet,la,1,0.008,no
vox,la,1,0.008,no
voyanensi,la,1,0.008,no
voyanensis,la,1,0.008,no
voyano,la,1,0.008,no
vsquae,la,1,0.008,no
vsquam,la,1,0.008,no
vsuram,la,1,0.008,no
vsurpabant,la,1,0.008,no
vsurparent,la,1,0.008,no
vsurpemus,la,1,0.008,no
vtantur,la,1,0.008,no
vtcunque,la,1,0.008,no
vtentibus,la,1,0.008,no
vteretur,la,1,0.008,no
vtiles,la,1,0.008,no
vtilitas,la,1,0.008,no
vtilitatem,la,1,0.008,no
vtilitatis,la,1,0.008,no
vtramque,la,1,0.008,no
vtranque,la,1,0.008,no
vtraque,la,1,0.008,no
vtreque,la,1,0.008,no
vtrique,la,1,0.008,no
vuen,trans,1,0.008,no
vulgabatur,la,1,0.008,no
vulgarem,la,1,0.008,no
vulgari,la,1,0.008,no
vulgarunt,la,1,0.008,no
vulgati,la,1,0.008,no
vulgatus,la,1,0.008,no
vulgavit,la,1,0.008,no
vulgi,la,1,0.008,no
vulgóque,la,1,0.008,no
vulis,la,1,0.008,no
vullum,la,1,0.008,no
vulnerant,la,1,0.008,no
vulnerantes,la,1,0.008,no
vulnerare,la,1,0.008,no
vulneratis,la,1,0.008,no
vulneratus,la,1,0.008,no
vulpinam,la,1,0.008,no
vulpium,la,1,0.008,no
vultures,la,1,0.008,no
vuna,la,1,0.008,no
vunum,la,1,0.008,no
vv.dd,la,1,0.008,no
vv.ee.dd,la,1,0.008,no
vxori,la,1,0.008,no
vxoris,la,1,0.008,no
wratislavia,la,1,0.008,no
xabieri,la,1,0.008,no
xaca,la,1,0.008,no
xãn,trans,1,0.008,no
xanghai,la,1,0.008,no
xanhai,la,1,0.008,no
xauchensi,la,1,0.008,no
xaucheo,la,1,0.008,no
xauchinum,la,1,0.008,no
xaverio,la,1,0.008,no
xbris,la,1,0.008,no
xei,trans,1,0.008,no
xen,trans,1,0.008,no
xennia,la,1,0.008,no
xerafins,la,1,0.008,no
xeram,la,1,0.008,no
xì,trans,1,0.008,no
xiiii,la,1,0.008,no
ximabarensem,la,1,0.008,no
ximabarensis,la,1,0.008,no
ximi,la,1,0.008,no
ximonoxequi,la,1,0.008,no
ximovarensi,la,1,0.008,no
ximum,la,1,0.008,no
xiñg,trans,1,0.008,no
xinkio,la,1,0.008,no
xiquensem,la,1,0.008,no
xiquensi,la,1,0.008,no
xiquensis,la,1,0.008,no
xiv,la,1,0.008,no
xue,trans,1,0.008,no
xui,trans,1,0.008,no
xùn,la,1,0.008,no
xunchi,la,1,0.008,no
xunchio,la,1,0.008,no
xunchium,la,1,0.008,no
xunuang,la,1,0.008,no
xv,la,1,0.008,no
xxiii,la,1,0.008,no
xxiv,la,1,0.008,no
xxv,la,1,0.008,no
xxvi,la,1,0.008,no
yalo,la,1,0.008,no
yamagucci,la,1,0.008,no
yamanguchensi,la,1,0.008,no
yamaxiro,la,1,0.008,no
yangcheu,la,1,0.008,no
yaò,la,1,0.008,no
ydiomate,la,1,0.008,no
ydolatrarum,la,1,0.008,no
ydolatria,la,1,0.008,no
yechudonum,la,1,0.008,no
yemem,la,1,0.008,no
yeu,trans,1,0.008,no
ymnariis,la,1,0.008,no
yn,trans,1,0.008,no
yndiam,la,1,0.008,no
ynzumi,la,1,0.008,no
yofus,la,1,0.008,no
ysafaensis,la,1,0.008,no
yú,la,1,0.008,no
yuen,trans,1,0.008,no
yuèn,trans,1,0.008,no
yuqui,la,1,0.008,no
zacynthus,la,1,0.008,no
zelans,la,1,0.008,no
zelator,la,1,0.008,no
zelosissima,la,1,0.008,no
zelosus,la,1,0.008,no
zelotypiam:nulla,la,1,0.008,no
zelum,la,1,0.008,no
zibellinarum,la,1,0.008,no
zibellinas,la,1,0.008,no
ziquo,la,1,0.008,no
zizaniam,la,1,0.008,no
zone,la,1,0.008,no
zucumi,la,1,0.008,no
zunocuni,la,1,0.008,no
zus,la,1,0.008,no
zuus,la,1,0.008,no
εphesius,la,1,0.008,no
ιn,la,1,0.008,no
