lemma,form,count,total
1a,1a,2,2
1am,1am,1,1
283v,283v,1,1
2a,2a,2,2
3a,3a,2,2
4a,4a,3,3
4f,4f,1,1
4or,4or,2,2
50us,50a,1,1
5a,5a,2,2
6a,6a,2,2
7a,7a,2,2
à,à,41,41
aaron,Aaron,1,1
ab,a,744,1128
ab,ab,352,1128
ab,A,19,1128
ab,Ab,12,1128
ab,abs,1,1128
abdo,abditos,1,4
abdo,abdere,1,4
abdo,abdidit,1,4
abdo,abdiderunt,1,4
abduco,abducat,1,5
abduco,abducere,1,5
abduco,abduxerant,1,5
abduco,abduxerat,1,5
abduco,abducti,1,5
abecedarius,Abecedarii,1,1
abeo,abeundi,2,11
abeo,abivit,1,11
abeo,Abiit,1,11
abeo,Abeunti,1,11
abeo,abituri,1,11
abeo,abierunt,1,11
abeo,abeuntis,1,11
abeo,Aberunt,1,11
abeo,abire,1,11
abeo,abiit,1,11
aberro,aberrent,1,2
aberro,aberrabat,1,2
abfo,abfuerunt,1,1
abhinc,abhinc,2,2
abhorrens,abhorrens,1,1
abhorreo,abhorrere,3,7
abhorreo,abhorrent,2,7
abhorreo,abhorrentibus,1,7
abhorreo,abhorret,1,7
abicio,abiectum,1,4
abicio,abiecisse,1,4
abicio,abiecissent,1,4
abicio,abiecto,1,4
abiectior,abiectioribus,1,1
abiectus,abiectissima,1,2
abiectus,abiectissimis,1,2
abieo,abiisse,2,2
abigo,abegerit,1,1
abiicio,abiiciantur,1,2
abiicio,abiectis,1,2
ablego,ablegaret,2,8
ablego,ablegatus,2,8
ablego,ablegarentur,1,8
ablego,ablegati,1,8
ablego,ablegabat,1,8
ablego,ablegarunt,1,8
abluo,abluuntur,2,9
abluo,abluti,2,9
abluo,ablutos,1,9
abluo,abluerint,1,9
abluo,ablutis,1,9
abluo,ablui,1,9
abluo,abluentes,1,9
ablutio,ablutione,1,2
ablutio,ablutionem,1,2
abnavigo,abnavigavit,1,1
abnego,abnegata,1,3
abnego,abnegemus,1,3
abnego,abnegandum,1,3
abneo,abnuisset,1,1
aboleo,abolendam,1,1
aboletus,aboletum,1,1
abolitio,abolitionem,1,1
abomino,abominari,1,1
abque,abque,1,1
abradeo,abraderent,1,2
abradeo,abradebant,1,2
abrenuntio,abrenuntiantes,1,1
abres,Abreu,1,1
abripio,abreptus,1,3
abripio,abreptos,1,3
abripio,abrepta,1,3
abrogo,abrogaretur,1,2
abrogo,abroges,1,2
abrumpo,abrupit,2,2
abscedo,abscedere,1,1
abscido,abscidet,1,1
abscindo,abscindere,1,2
abscindo,Abscinde,1,2
absconditus,abscondita,2,2
abscondo,abscondite,3,3
absens,absente,4,5
absens,absens,1,5
absentia,absentia,4,4
absfero,abstulerunt,1,1
absimilis,absimiles,2,2
absoluo,absoluto,1,1
absolutio,absolutionem,3,5
absolutio,absolutione,1,5
absolutio,absolutionis,1,5
absolutus,absoluta,3,8
absolutus,absolutam,1,8
absolutus,absolutis,1,8
absolutus,absolutae,1,8
absolutus,absolutissima,1,8
absolutus,absolutissimi,1,8
absolvo,absolvendi,2,6
absolvo,absolverant,1,6
absolvo,absolvimus,1,6
absolvo,absolvit,1,6
absolvo,absolvunt,1,6
absonus,absonum,1,1
absorptus,absorpta,1,2
absorptus,absorpti,1,2
absque,absque,26,26
absterreo,absterrebuntur,1,1
absterro,absterreri,1,1
abstineo,abstinere,5,12
abstineo,abstinendum,1,12
abstineo,abstinetis,1,12
abstineo,abstinerent,1,12
abstineo,abstinens,1,12
abstineo,abstinebant,1,12
abstineo,abstinuit,1,12
abstineo,abstinuisse,1,12
abstraho,abstractis,1,3
abstraho,abstrahi,1,3
abstraho,abstractus,1,3
abstuler,abstulerim,1,1
absum,abest,3,18
absum,absit,3,18
absum,aberant,3,18
absum,absentibus,2,18
absum,aberat,2,18
absum,absint,1,18
absum,abesse,1,18
absum,Absint,1,18
absum,abesset,1,18
absum,abessent,1,18
absumo,absumptis,1,2
absumo,absumpsisse,1,2
absynthya,absynthya,1,1
absyntium,absyntium,1,1
abundanter,abundanter,1,1
abundantia,abundantia,2,4
abundantia,abundantiam,2,4
abundantus,abundantissima,1,1
abunde,abunde,6,6
abundè,abundè,3,3
abundo,abundans,11,35
abundo,abundat,8,35
abundo,abundare,6,35
abundo,abundant,5,35
abundo,abundantes,2,35
abundo,abundantem,1,35
abundo,abundanti,1,35
abundo,abundent,1,35
abusus,abusu,1,2
abusus,abusus,1,2
abuto,abutens,1,1
abutor,abutantur,1,1
abyssus,abyssus,1,1
Academia,Academiae,1,1
Academias,Academias,1,1
acascicamo,Acascicamone,1,1
acascicamon,Acascicamon,2,4
acascicamon,Acascicamonem,2,4
Acaxus,Acaxi,1,1
accedo,accedunt,10,46
accedo,Accedit,8,46
accedo,accessit,4,46
accedo,accedit,4,46
accedo,accesserunt,3,46
accedo,accedere,3,46
accedo,accedat,2,46
accedo,Accedebat,2,46
accedo,accederet,1,46
accedo,accederunt,1,46
accedo,accesurum,1,46
accedo,accessi,1,46
accedo,accedebant,1,46
accedo,accedente,1,46
accedo,accedet,1,46
accedo,accedens,1,46
accedo,accesserant,1,46
accedo,accedentibus,1,46
accendo,accendit,5,9
accendo,accensis,1,9
accendo,accendantur,1,9
accendo,accensę,1,9
accendo,accenderet,1,9
accenseo,accensendi,1,2
accenseo,accenseas,1,2
accensio,accensione,1,1
accensus,accensus,1,1
acceptio,acceptionis,1,1
accepto,acceptet,1,7
accepto,acceptarem,1,7
accepto,acceptavi,1,7
accepto,acceptandam,1,7
accepto,acceptavit,1,7
accepto,acceptandi,1,7
accepto,acceptetur,1,7
acceptoque,acceptoque,1,1
acceptusque,acceptusque,1,1
accer,accerrime,1,1
accergo,accersit,1,1
accesio,accesione,1,1
accessio,accessio,2,4
accessio,accessione,1,4
accessio,accessionem,1,4
accessus,accessus,1,1
accido,accidit,9,28
accido,acciderunt,5,28
accido,Accidit,3,28
accido,accidere,2,28
accido,accidat,2,28
accido,acciderint,1,28
accido,acciderat,1,28
accido,accisa,1,28
accido,accideret,1,28
accido,acciderant,1,28
accido,acciderit,1,28
accido,accidisse,1,28
accio,accitae,1,2
accio,accivit,1,2
accipio,accepit,18,101
accipio,accepta,10,101
accipio,accipiunt,8,101
accipio,accipiens,5,101
accipio,accipiat,5,101
accipio,accepi,5,101
accipio,accepimus,5,101
accipio,accipere,5,101
accipio,acciperet,4,101
accipio,acceperat,4,101
accipio,acceptam,4,101
accipio,accepto,3,101
accipio,acceperunt,3,101
accipio,acceptis,3,101
accipio,accipientes,2,101
accipio,accipit,2,101
accipio,acciperent,2,101
accipio,accipimus,1,101
accipio,accepti,1,101
accipio,Acceptis,1,101
accipio,accepturos,1,101
accipio,accipe,1,101
accipio,accipietis,1,101
accipio,accepisset,1,101
accipio,acceptum,1,101
accipio,acceptas,1,101
accipio,Accepta,1,101
accipio,acceperant,1,101
accipio,accepissent,1,101
accipio,acceperit,1,101
accives,Accivitis,1,1
acco,acco,1,1
accommodatus,accommodatus,2,2
accommodo,accommodata,4,6
accommodo,accommodaretur,1,6
accommodo,accommodatas,1,6
accommodus,accommoda,1,1
accomodo,accomodatas,1,2
accomodo,accomodata,1,2
accurate,accurate,4,5
accurate,accuratius,1,5
accuratio,accuratione,1,1
accuratus,accurata,1,1
accurro,accurrente,1,5
accurro,accurrit,1,5
accurro,accurrerent,1,5
accurro,accurrerunt,1,5
accurro,accurrentium,1,5
accus,accom,1,1
accusatio,accusationes,2,4
accusatio,accusatione,1,4
accusatio,accusationum,1,4
accusator,accusatoris,2,3
accusator,accusatori,1,3
accuso,accusati,1,10
accuso,accusant,1,10
accuso,accusarent,1,10
accuso,accusare,1,10
accuso,accusaverunt,1,10
accuso,accusatae,1,10
accuso,accuses,1,10
accuso,accusent,1,10
accuso,accusabat,1,10
accuso,accusatus,1,10
acer,acri,1,6
acer,acre,1,6
acer,acerrime,1,6
acer,acerrimis,1,6
acer,acrem,1,6
acer,acriq,1,6
acerbitas,acerbitatem,1,1
acerbus,acerbissimos,3,7
acerbus,acerbiore,1,7
acerbus,acerbissimam,1,7
acerbus,acerbissimae,1,7
acerbus,acerbis,1,7
acerrimi,acerrimos,1,1
Achaia,Achaiae,1,2
Achaia,Achaiam,1,2
achilleus,Achilleus,1,1
achon,Achon,2,2
Acia,Aciam,1,2
Acia,aciam,1,2
acies,acie,1,3
acies,aciem,1,3
acies,acies,1,3
acinacis,acinace,1,1
acinax,acinacem,1,2
acinax,acinaces,1,2
acommodo,acommodaret,1,1
acomodaro,acomodaremus,1,1
acomodatus,acomodatum,1,1
acosta,Acosta,3,3
acquiesco,acquievit,3,6
acquiesco,acquiescere,2,6
acquiesco,Acquievit,1,6
acquiro,acquireret,1,1
acquisivo,acquisivissent,1,1
acriter,acriter,1,1
acrius,acria,1,1
acrus,acriores,1,1
actio,Actione,6,18
actio,actiones,4,18
actio,actio,3,18
actio,actione,2,18
actio,actionem,1,18
actio,actionibus,1,18
actio,actionum,1,18
actum,Actis,1,1
actuo,actuatis,2,4
actuo,actuari,1,4
actuo,actuata,1,4
actus,actum,21,34
actus,Actum,6,34
actus,actu,3,34
actus,actus,2,34
actus,actibus,1,34
actus,actuum,1,34
acumen,acumen,1,1
acuso,acusavit,1,1
acutus,acutos,1,2
acutus,acutissimae,1,2
ad,ad,1498,1549
ad,Ad,47,1549
ad,AD,4,1549
Adalptus,Albertus,2,2
adamantinus,adamantinum,1,1
adamus,Adamus,5,12
adamus,Adamo,4,12
adamus,Adamum,2,12
adamus,Adami,1,12
adaugeo,adaugeret,1,2
adaugeo,adaugerent,1,2
adblandio,adblandiri,1,1
adcuro,adcurate,1,1
addco,adduxere,1,1
addico,addicti,5,10
addico,addictos,1,10
addico,addicant,1,10
addico,addictum,1,10
addico,addicta,1,10
addico,addictus,1,10
addictus,addictissimus,1,1
addisco,addiscere,3,10
addisco,addiscendis,2,10
addisco,addiscendam,2,10
addisco,addiscant,1,10
addisco,addiscerint,1,10
addisco,addiscentes,1,10
addo,addidit,6,30
addo,addo,2,30
addo,additus,2,30
addo,Addo,1,30
addo,Adduntur,1,30
addo,additum,1,30
addo,additu,1,30
addo,addenda,1,30
addo,Addita,1,30
addo,addito,1,30
addo,Addit,1,30
addo,addita,1,30
addo,additis,1,30
addo,addituram,1,30
addo,addendum,1,30
addo,adderet,1,30
addo,adderemus,1,30
addo,addebatur,1,30
addo,Addidit,1,30
addo,addebat,1,30
addo,addere,1,30
addo,addebamus,1,30
addo,Addebat,1,30
adducio,adducturi,1,1
adduco,adduxit,4,34
adduco,adducerent,3,34
adduco,adductum,3,34
adduco,adducti,3,34
adduco,adducat,2,34
adduco,adduceret,2,34
adduco,adduxerant,1,34
adduco,adductos,1,34
adduco,adducens,1,34
adduco,adducebat,1,34
adduco,adducuntur,1,34
adduco,adduci,1,34
adduco,adducta,1,34
adduco,adducimus,1,34
adduco,adducto,1,34
adduco,adducentes,1,34
adduco,adduxerunt,1,34
adduco,adducar,1,34
adduco,adductis,1,34
adduco,adducturum,1,34
adduco,adduxerat,1,34
adduco,adduxissent,1,34
adduco,adducturus,1,34
ade,ade,1,1
ademptaque,ademptaque,1,1
adeo,adeo,39,55
adeo,adire,3,55
adeo,adit,2,55
adeo,adiri,1,55
adeo,adeat,1,55
adeo,adeunt,1,55
adeo,adiuit,1,55
adeo,adeundam,1,55
adeo,adeundo,1,55
adeo,adiit,1,55
adeo,adierunt,1,55
adeo,adeund,1,55
adeo,adiisset,1,55
adeo,adirent,1,55
adeò,adeò,12,12
adeoque,adeoque,4,4
adeptio,adeptionem,1,2
adeptio,adeptione,1,2
adero,aderamus,1,1
adfsum,adfuturum,1,1
adfuereque,Adfuere,1,1
Adhaec,Adhaec,2,2
adhaereo,adhaerebant,1,2
adhaereo,adhaerendum,1,2
adhaetto,adhaesisset,1,1
adhereo,adherentibus,1,1
adhȩreo,adhȩrebat,1,1
adhesis,adhesid,1,1
adhibeo,adhibere,5,24
adhibeo,adhibito,3,24
adhibeo,adhibitis,3,24
adhibeo,adhibeant,2,24
adhibeo,adhibent,2,24
adhibeo,adhibuisse,1,24
adhibeo,adhibita,1,24
adhibeo,adhibens,1,24
adhibeo,adhibebitur,1,24
adhibeo,adhibeatur,1,24
adhibeo,adhiberent,1,24
adhibeo,adhibuere,1,24
adhibeo,adhiberentur,1,24
adhibeo,adhibuit,1,24
adhortor,adhortati,1,2
adhortor,adhortatus,1,2
adhuc,adhuc,64,65
adhuc,Adhuc,1,65
adhunc,adhunc,1,1
adiaceo,adiacet,6,8
adiaceo,adiacentem,1,8
adiaceo,adiacentibus,1,8
adicio,adiecta,3,6
adicio,adiecit,2,6
adicio,adiecto,1,6
adieo,adiimus,1,1
adigo,adactis,1,2
adigo,adigere,1,2
adiicio,adiiciam,1,2
adiicio,adieci,1,2
adijcio,adijcimus,1,1
adim,adim,1,1
adimo,ademit,2,5
adimo,adimere,1,5
adimo,adimamus,1,5
adimo,adimente,1,5
adimpleo,adimpleta,1,2
adimpleo,adimplebit,1,2
adipio,adepturi,1,1
adipiscor,adeptus,2,4
adipiscor,adepti,1,4
adipiscor,adeptis,1,4
adisco,addiscunt,3,4
adisco,adiscere,1,4
adisgno,adisgnaturum,1,1
aditus,aditum,6,12
aditus,aditus,4,12
aditus,aditu,2,12
adiudico,adiudicanda,1,2
adiudico,adiudicandum,1,2
adiumentum,adiumento,2,3
adiumentum,adiumentum,1,3
adiungo,adiunxit,7,27
adiungo,adiuncti,3,27
adiungo,adiungebant,2,27
adiungo,adiungitur,2,27
adiungo,adiungere,2,27
adiungo,adiunxerunt,1,27
adiungo,adiunxere,1,27
adiungo,adiunctus,1,27
adiungo,adiuncta,1,27
adiungo,adiunxisset,1,27
adiungo,adiunctis,1,27
adiungo,adiuncto,1,27
adiungo,adiungeret,1,27
adiungo,adiunxerat,1,27
adiungo,adiungamus,1,27
adiungo,adiungant,1,27
adiunximus,adiunximus,1,1
adiuro,adiurabant,1,1
adiuto,adiutis,1,1
adiutor,Adiutoribus,1,1
adiuuio,adiuuit,1,1
adiuuo,adiutus,4,10
adiuuo,adiuvante,3,10
adiuuo,adiuti,2,10
adiuuo,adiuuantem,1,10
adiuvo,adiuvent,2,5
adiuvo,adiuvarem,1,5
adiuvo,adiuvant,1,5
adiuvo,adiuvare,1,5
adjicio,adjicitur,1,1
adjigo,adjectis,1,1
adjudico,adjudicatae,1,1
adjumentum,adjumento,4,6
adjumentum,adjumentum,1,6
adjumentum,adjumenti,1,6
adjungo,adjungam,1,5
adjungo,adjungeretur,1,5
adjungo,adjungendi,1,5
adjungo,adjungas,1,5
adjungo,adjunctus,1,5
adjutor,Adjutorem,1,1
adjuvo,adjuvat,4,7
adjuvo,adjuvant,2,7
adjuvo,adjuvantur,1,7
adm,Adm,6,6
adminiculum,adminiculo,1,1
administer,administri,2,4
administer,administra,1,4
administer,administro,1,4
administratio,administrationem,22,35
administratio,administratione,10,35
administratio,administratio,2,35
administratio,administrationis,1,35
administrator,administratorem,3,11
administrator,administrator,3,11
administrator,administratores,2,11
administrator,administratoris,2,11
administrator,administratore,1,11
administro,administrent,4,23
administro,administrandi,3,23
administro,administrabamus,2,23
administro,administranda,2,23
administro,administrat,2,23
administro,administramus,1,23
administro,administrarem,1,23
administro,administrans,1,23
administro,administrare,1,23
administro,administrandis,1,23
administro,administraverat,1,23
administro,administrant,1,23
administro,administrasset,1,23
administro,administratorum,1,23
administro,administravi,1,23
admio,admit,1,1
admir,admir,1,1
admirabilemque,admirabilemque,1,1
admirabilis,admirabili,8,18
admirabilis,admirabilis,3,18
admirabilis,admirabilem,3,18
admirabilis,admirabiles,1,18
admirabilis,admirabile,1,18
admirabilis,admirabilibus,1,18
admirabilis,admirabilium,1,18
admiratio,admiratione,6,10
admiratio,admirationem,3,10
admiratio,admiratio,1,10
admiro,admirabuntur,1,2
admiro,admirabi,1,2
admiror,admiratus,1,3
admiror,admirantur,1,3
admiror,admiremur,1,3
admiser,admiser,1,1
admissio,admissione,1,1
admito,admitere,1,2
admito,admitunt,1,2
admitto,admittere,15,81
admitto,admissi,11,81
admitto,admittit,7,81
admitto,admisit,4,81
admitto,admittat,4,81
admitto,admissus,3,81
admitto,admiserunt,2,81
admitto,admissurum,2,81
admitto,admissa,2,81
admitto,admittendum,2,81
admitto,admiserint,2,81
admitto,admittebantur,2,81
admitto,Admissi,2,81
admitto,admissit,1,81
admitto,admittendi,1,81
admitto,admittendis,1,81
admitto,admitteret,1,81
admitto,admittatur,1,81
admitto,admittirut,1,81
admitto,admittant,1,81
admitto,admittunt,1,81
admitto,admitteretur,1,81
admitto,admittantur,1,81
admitto,admitti,1,81
admitto,admictunt,1,81
admitto,admittamus,1,81
admitto,admitterentur,1,81
admitto,admissis,1,81
admitto,admittebatur,1,81
admitto,admitterent,1,81
admitto,admissas,1,81
admitto,admittendas,1,81
admitto,Admisit,1,81
admitto,admisissent,1,81
admitto,admiserant,1,81
admitto,admiserat,1,81
admo,admo,1,1
admodum,admodum,26,31
admodum,ADMODUM,3,31
admodum,Admodum,2,31
admoneo,admonitus,5,22
admoneo,admoniti,3,22
admoneo,admoneretur,2,22
admoneo,admonendum,2,22
admoneo,admonens,2,22
admoneo,admonebat,2,22
admoneo,admonetur,2,22
admoneo,Admonitus,1,22
admoneo,admonet,1,22
admoneo,admonere,1,22
admoneo,admoneat,1,22
admonitio,admonitione,2,2
admunero,admunerando,1,1
adnavigo,adnavigavimus,1,1
adnumero,adnumeres,1,2
adnumero,adnumero,1,2
adnuntio,annuntiant,1,1
adnuo,annuente,1,1
adnutus,adnutum,1,1
ado,adi,1,1
adolescens,Adolescentis,1,2
adolescens,adolescentis,1,2
adolescentia,adolescentia,1,1
adolescentulus,adolescentulus,1,1
adolesco,adolescenti,3,11
adolesco,adulti,2,11
adolesco,adolescentes,2,11
adolesco,adolescens,2,11
adolesco,Adolescentem,1,11
adolesco,Adultis,1,11
adoptio,adoptionem,2,2
adoptivus,adoptivus,1,1
adopto,adoptabuntur,1,2
adopto,adoptatam,1,2
adoratio,Adoratio,1,2
adoratio,Adoratione,1,2
adorator,adoratores,1,1
adorior,adoritur,1,2
adorior,adoriri,1,2
adorno,adornandis,1,3
adorno,adornato,1,3
adorno,adornata,1,3
adoro,adorant,4,21
adoro,adoret,3,21
adoro,adorandus,2,21
adoro,adorari,1,21
adoro,adorare,1,21
adoro,adorando,1,21
adoro,adorantur,1,21
adoro,adoratur,1,21
adoro,adoraret,1,21
adoro,adorentur,1,21
adoro,adorandum,1,21
adoro,adorarent,1,21
adoro,adorarunt,1,21
adoro,adorandam,1,21
adoro,adoraretur,1,21
adprecor,adprecandum,1,1
adpropinquo,adpropinquantibus,1,1
adrianus,Adrianus,2,2
adriaticus,Adriaticum,1,1
adscio,Adscivit,1,1
adscisco,adsciscerent,1,2
adscisco,adsciscere,1,2
adscribo,adscriptos,1,1
adsideo,adsident,1,1
adsigno,adsignaturum,1,2
adsigno,adsignavimus,1,2
adspectus,adspectum,1,1
Adstatus,adstatum,1,1
adsto,adstantes,1,1
adstringo,adstringerem,1,1
adsum,adesse,6,40
adsum,adfuit,6,40
adsum,adesset,4,40
adsum,adsunt,4,40
adsum,adest,3,40
adsum,Adest,3,40
adsum,Adsunt,3,40
adsum,aderat,2,40
adsum,aderant,2,40
adsum,aderit,2,40
adsum,Aderant,1,40
adsum,Aderit,1,40
adsum,adessent,1,40
adsum,aderis,1,40
adsum,Aderat,1,40
adtraho,adtrahere,1,1
aduc,Aduc,1,1
aduenio,Advenit,2,5
aduenio,advenit,2,5
aduenio,adueniet,1,5
aduentus,aduentu,2,3
aduentus,aduentus,1,3
aduersa,aduersarum,2,2
aduersarius,aduersarii,1,2
aduersarius,aduersarius,1,2
aduersor,aduersatur,1,1
aduersus,aduersus,1,1
aduerto,aduertendum,1,2
aduerto,aduertere,1,2
adulatio,adulatione,1,1
adulor,adulabantur,1,1
adulter,adultera,1,1
adulterium,adulterium,2,6
adulterium,adulteriis,2,6
adulterium,adulteria,2,6
adumbro,adumbratum,1,1
aduoco,aduocati,1,1
adv,adv,1,1
adveho,advectas,1,1
advehor,advehebantur,1,1
advena,advenis,2,3
advena,advenarum,1,3
advener,advener,1,1
advenio,advenisse,7,29
advenio,advenerant,3,29
advenio,advenientibus,3,29
advenio,advenirent,2,29
advenio,advenientes,2,29
advenio,advenissent,2,29
advenio,advenerat,2,29
advenio,advenimus,1,29
advenio,advenisset,1,29
advenio,advenienti,1,29
advenio,adveniente,1,29
advenio,adveniat,1,29
advenio,adveniret,1,29
advenio,advenere,1,29
advenio,advenire,1,29
advento,adventare,1,1
adventura,adventuras,1,1
adventus,adventu,10,18
adventus,adventum,7,18
adventus,adventus,1,18
adversarijs,adversarijs,1,1
adversarius,adversarii,2,7
adversarius,adversarius,1,7
adversarius,adversario,1,7
adversarius,adversari,1,7
adversarius,adversariis,1,7
adversarius,adversarios,1,7
adversitas,adversitates,1,2
adversitas,adversitatibus,1,2
adverso,adversetur,1,1
adversor,adversentur,1,2
adversor,adversabantur,1,2
adversus,adversus,8,14
adversus,adverso,3,14
adversus,adversa,2,14
adversus,adversas,1,14
adverto,Adverto,1,3
adverto,adversis,1,3
adverto,advertisset,1,3
advigilo,advigilarent,1,1
advoco,advocarunt,2,5
advoco,advocant,1,5
advoco,Advocatur,1,5
advoco,advocare,1,5
advolatura,advolaturas,1,1
advolo,advolant,1,3
advolo,advolarint,1,3
advolo,advolaret,1,3
aedes,aedes,7,12
aedes,aedibus,4,12
aedes,aedium,1,12
aedificatio,aedificationem,5,7
aedificatio,aedificatione,1,7
aedificatio,aedificationi,1,7
aedificator,aedificatoribus,1,1
aedificium,aedificium,3,9
aedificium,aedificiis,2,9
aedificium,aedificio,2,9
aedificium,aedificiorum,1,9
aedificium,edificio,1,9
aedifico,edificavi,2,15
aedifico,aedificat,2,15
aedifico,aedificatarum,1,15
aedifico,aedificandi,1,15
aedifico,aedificantur,1,15
aedifico,aedificabant,1,15
aedifico,aedificatum,1,15
aedifico,aedificata,1,15
aedifico,aedificatae,1,15
aedifico,aedificaverit,1,15
aedifico,aedificari,1,15
aedifico,aedificarent,1,15
aedifico,aedificent,1,15
aeditimus,aeditimi,1,1
aedituus,aedituus,4,4
aëer,aëris,1,1
Aegidius,Aegidius,1,1
aegre,aegre,4,5
aegre,Aegre,1,5
aegritudo,aegritudinem,1,4
aegritudo,aegritudine,1,4
aegritudo,aegritudo,1,4
aegritudo,aegritudines,1,4
aegroto,aegrotant,1,2
aegroto,aegrotare,1,2
aegrotus,aegrotorum,2,5
aegrotus,aegrotis,1,5
aegrotus,aegrotos,1,5
aegrotus,aegrotum,1,5
aegyptius,Aegyptiorum,2,3
aegyptius,Aegyptius,1,3
Aegyptius,Aegyptii,1,2
Aegyptius,Aegyptium,1,2
aegyptus,Aegyptus,1,1
Aegyptus,Aegypti,2,4
Aegyptus,Aegypto,1,4
Aegyptus,Aegyptum,1,4
aemula,aemulis,1,1
aemulatio,aemulatione,3,6
aemulatio,aemulatio,2,6
aemulatio,aemulationi,1,6
aemulum,aemuli,2,3
aemulum,aemulum,1,3
aemulus,aemulo,1,1
aequalis,aequales,4,8
aequalis,aequali,2,8
aequalis,aequalem,1,8
aequalis,aequale,1,8
aequalitas,aequalitatem,1,2
aequalitas,aequalitatis,1,2
aequaliter,aequaliter,1,1
aeque,aeque,5,5
aequinoctialis,aequinoctiali,2,2
aequiparo,aequiparari,1,1
aequitas,aequitatis,9,28
aequitas,aequitati,8,28
aequitas,aequitate,5,28
aequitas,aequitatem,3,28
aequitas,aequitas,2,28
aequitas,aequitasque,1,28
aequo,aequatae,3,10
aequo,aequata,1,10
aequo,aequabant,1,10
aequo,aequanda,1,10
aequo,aequaret,1,10
aequo,aequasset,1,10
aequo,aequatas,1,10
aequo,aequato,1,10
aequus,aequum,5,17
aequus,aequo,3,17
aequus,aequi,2,17
aequus,aequissima,2,17
aequus,aequius,1,17
aequus,Aequissimo,1,17
aequus,aequissimam,1,17
aequus,aequissimus,1,17
aequus,aequiore,1,17
aer,aere,5,8
aer,aeres,2,8
aer,aeris,1,8
aeramen,aeramen,2,2
aeramentum,aeramento,1,2
aeramentum,aeramentum,1,2
aerarium,aerarii,2,4
aerarium,aerarium,2,4
aerumna,aerumnis,3,6
aerumna,aerumnarum,1,6
aerumna,aerumnae,1,6
aerumna,aerumna,1,6
aerumnia,aerumnijs,1,1
aerumnosus,aerumnosa,1,2
aerumnosus,aerumnoso,1,2
aes,aes,3,3
aesculapis,Aesculapius,1,1
aestas,aestatis,1,2
aestas,aestas,1,2
aestimatio,aestimatione,4,7
aestimatio,extimationem,1,7
aestimatio,aestimatio,1,7
aestimatio,aestimationem,1,7
aestimo,aestimant,2,8
aestimo,aestimatum,1,8
aestimo,aestimabantur,1,8
aestimo,aestimata,1,8
aestimo,aestimat,1,8
aestimo,aestimatam,1,8
aestimo,aestimanda,1,8
aestuo,aestuantes,1,2
aestuo,aestuare,1,2
aestus,aestu,2,2
aetas,aetate,9,19
aetas,aetatis,7,19
aetas,Aetas,2,19
aetas,aetatem,1,19
aeternam,aeternamque,1,1
aeternitas,aeternitatem,3,5
aeternitas,aeternitate,2,5
aeternius,aeterniis,1,1
aeternus,aeternae,7,15
aeternus,aeternam,4,15
aeternus,aeterno,2,15
aeternus,aeternorum,1,15
aeternus,aeterni,1,15
Aethiopiaus,Aethiopiae,1,1
aethiopus,Aethiopum,1,1
Aetna,Aetna,1,1
Aetolia,Aetolia,1,1
aeuum,aeuo,2,2
aeviternus,aeviternum,1,1
aevum,aevo,2,2
afeo,aferetur,1,1
affectus,affectu,9,19
affectus,affectus,8,19
affectus,affectibus,2,19
affeo,affect,1,1
affero,afferre,6,28
affero,attulit,6,28
affero,attulerunt,3,28
affero,adferre,2,28
affero,allata,1,28
affero,affert,1,28
affero,afferret,1,28
affero,afferrem,1,28
affero,afferentibus,1,28
affero,adferat,1,28
affero,affererent,1,28
affero,Adferebant,1,28
affero,afferebantur,1,28
affero,attulerit,1,28
affero,ablatum,1,28
afferro,adferrent,1,1
affertor,affertor,1,1
afficio,afficere,5,43
afficio,affecta,3,43
afficio,affici,3,43
afficio,affecit,3,43
afficio,afficiuntur,2,43
afficio,afficietur,2,43
afficio,afficitur,2,43
afficio,afficientur,2,43
afficio,affecti,2,43
afficio,affecisset,2,43
afficio,afficiebatur,2,43
afficio,afficiebantur,1,43
afficio,afficiat,1,43
afficio,affecturos,1,43
afficio,afficiant,1,43
afficio,afficientes,1,43
afficio,afficeretur,1,43
afficio,afficiet,1,43
afficio,afficit,1,43
afficio,afficiunt,1,43
afficio,affectos,1,43
afficio,affecerit,1,43
afficio,afficiebat,1,43
afficio,affecerat,1,43
afficio,afficeremur,1,43
afficio,afficeret,1,43
affigo,affixerunt,2,5
affigo,affixis,1,5
affigo,affixa,1,5
affigo,affigere,1,5
affingo,affingunt,1,1
affinis,affine,2,4
affinis,affines,2,4
affinitas,affinitatem,1,1
affirmo,affirmarunt,2,16
affirmo,affirmabat,2,16
affirmo,affirmemus,2,16
affirmo,affirment,2,16
affirmo,affirmare,2,16
affirmo,affirmantibus,1,16
affirmo,affirmavit,1,16
affirmo,affirmatis,1,16
affirmo,affirmans,1,16
affirmo,affirmarent,1,16
affirmo,affirmauit,1,16
afflicgo,afflictam,1,1
afflictationibusqua,afflictationibusque,1,1
afflictio,afflictiones,3,8
afflictio,afflictione,2,8
afflictio,afflictionibus,1,8
afflictio,afflictioni,1,8
afflictio,afflictionem,1,8
afflicto,afflictati,1,1
affligio,affligeremur,1,1
affligo,affligant,1,4
affligo,affligit,1,4
affligo,afflicti,1,4
affligo,afflixit,1,4
afflinquo,afflictis,3,3
affluentia,affluentia,1,1
affluo,affluentem,1,3
affluo,affluentes,1,3
affluo,affluere,1,3
affo,affatur,1,2
affo,affantur,1,2
affsum,affuturum,2,2
affuldo,affulserit,1,1
affulgeo,affulgeat,1,1
affulgo,affulget,1,1
afirmo,afirmat,1,1
Afonodangius,Afonodangii,1,1
africa,Africae,3,3
africâ,Africâ,1,1
africanus,Africanus,1,1
afsum,affuisse,1,1
agarena,Agarenis,1,1
Agatha,Agatha,1,1
agens,agenti,1,1
ager,agro,6,9
ager,agris,1,9
ager,agrum,1,9
ager,agros,1,9
agger,aggere,2,7
agger,aggeres,2,7
agger,aggeribus,1,7
agger,aggerem,1,7
agger,aggeris,1,7
aggravo,aggravantur,1,1
aggredior,ingrederentur,4,12
aggredior,aggredi,2,12
aggredior,aggressus,2,12
aggredior,aggreditur,1,12
aggredior,aggressi,1,12
aggredior,aggredior,1,12
aggredior,aggrediatur,1,12
aggrego,aggregati,2,6
aggrego,aggregabantur,1,6
aggrego,aggregarant,1,6
aggrego,aggregata,1,6
aggrego,aggregarunt,1,6
aggressur,aggressuri,1,1
aggressus,aggressum,1,1
agilis,agilis,1,1
agilitas,agilitate,1,2
agilitas,agilitatem,1,2
agitatio,agitatione,1,1
agitator,agitatores,1,1
agito,agitantes,1,2
agito,agitati,1,2
agmen,agmen,7,13
agmen,agmine,5,13
agmen,agminibus,1,13
agnes,Agnes,4,4
agnio,agnito,2,3
agnio,agnitam,1,3
agnitio,agnitione,1,1
agnitus,agnitus,3,4
agnitus,agnitum,1,4
agnomen,agnomen,1,1
agnosco,agnoscere,4,20
agnosco,agnoscerent,3,20
agnosco,agnoscit,2,20
agnosco,agnovit,2,20
agnosco,agnosceremus,1,20
agnosco,agnoscunt,1,20
agnosco,agnoscens,1,20
agnosco,agnoscatur,1,20
agnosco,agnoscat,1,20
agnosco,agnoscas,1,20
agnosco,agnoscebatur,1,20
agnosco,agnoscimus,1,20
agnosco,agnosceret,1,20
agnus,Agni,1,4
agnus,Agnos,1,4
agnus,Agnorum,1,4
agnus,agnis,1,4
ago,agere,17,113
ago,agendi,8,113
ago,egit,7,113
ago,agit,6,113
ago,agens,5,113
ago,agendum,5,113
ago,agi,4,113
ago,agitur,4,113
ago,agebant,4,113
ago,acta,3,113
ago,agat,3,113
ago,agebat,3,113
ago,agerent,3,113
ago,ageret,3,113
ago,ageretur,2,113
ago,aguntur,2,113
ago,agetur,2,113
ago,agenda,2,113
ago,agerentur,2,113
ago,agite,2,113
ago,agebantur,2,113
ago,ACTA,1,113
ago,agentibus,1,113
ago,agatur,1,113
ago,egissent,1,113
ago,agimus,1,113
ago,agam,1,113
ago,agunt,1,113
ago,actae,1,113
ago,agente,1,113
ago,actam,1,113
ago,aget,1,113
ago,agant,1,113
ago,agendis,1,113
ago,egerunt,1,113
ago,agend,1,113
ago,agamus,1,113
ago,acturum,1,113
ago,egisset,1,113
ago,Agite,1,113
ago,Egit,1,113
ago,egimus,1,113
ago,agentes,1,113
ago,agendas,1,113
ago,agendo,1,113
agrestis,agresti,3,3
agricola,agricolarum,1,2
agricola,agricolae,1,2
agricultura,agriculturae,1,1
Agrippa,Agrippa,1,1
agustinus,Agustinus,1,1
ah,ah,1,1
ainan,Hainan,1,1
ainomus,ainomo,1,1
aio,aiunt,13,25
aio,ait,7,25
aio,aiebat,2,25
aio,ais,1,25
aio,aiebant,1,25
aio,Aiebat,1,25
aïo,aït,1,1
aiquis,aiquid,1,1
al,Al,2,3
al,al,1,3
alacer,alacres,1,3
alacer,alacriores,1,3
alacer,alacrem,1,3
alacritas,alacritate,2,3
alacritas,alacritasque,1,3
alacriter,alacriter,2,3
alacriter,alacrius,1,3
alafus,alafa,2,2
alamannus,Alamannus,1,1
alanus,Alanos,1,2
alanus,Alani,1,2
alapa,alapam,1,1
alapha,alapha,1,1
albus,albis,1,4
albus,albus,1,4
albus,albo,1,4
albus,album,1,4
alcoranus,Alcorano,1,1
alea,aleam,1,1
alendus,alendos,3,3
alenus,Aleni,4,4
aleo,alituros,1,1
Aletius,Aletio,1,1
alex,Alex,1,1
alexander,Alexander,3,7
alexander,Alexandro,3,7
alexander,Alexandrum,1,7
Alexander,Alexandria,8,8
Alexandria,Alexandriae,3,3
Alexandrus,ALEXANDRI,2,2
alexus,Alexius,4,4
alfonssus,Alfonssus,2,2
alfonsus,Alfonso,3,4
alfonsus,Alfonsus,1,4
alga,Alga,1,1
alger,algere,1,1
aliaque,aliaque,10,10
aliáque,aliáque,2,2
aliarumquus,aliarumque,1,1
aliasq,aliasq,1,1
aliasque,aliasque,1,1
aliàve,aliàve,1,1
aliavus,aliave,1,1
alibi,alibi,14,14
alica,alicam,1,1
alicubi,alicubi,1,1
alieno,alienavit,1,2
alieno,alienati,1,2
alienus,alienum,6,23
alienus,aliena,6,23
alienus,alieno,4,23
alienus,alienam,4,23
alienus,alienas,1,23
alienus,alieni,1,23
alienus,alienos,1,23
aligo,aligari,1,1
aliique,aliique,3,3
aliisque,aliisque,26,26
aliius,aliisq,1,1
alijque,alijque,2,2
alijs,alijs,8,8
alijsque,alijsque,1,1
alimentum,alimenta,2,3
alimentum,alimentis,1,3
alioqui,alioquin,6,8
alioqui,Alioquin,1,8
alioqui,alioquim,1,8
alioquis,alioqui,5,5
aliorumque,aliorumque,4,4
aliosque,aliosque,5,5
aliovus,aliove,1,1
aliquamdiu,aliquandiu,1,2
aliquamdiu,aliquamdiu,1,2
aliquando,aliquando,24,27
aliquando,Aliquando,3,27
aliquantisper,aliquantisper,1,1
aliquantulum,aliquantulum,2,2
aliquantus,aliquanta,1,2
aliquantus,aliquantam,1,2
aliqui,aliquot,41,196
aliqui,aliqua,34,196
aliqui,aliquem,21,196
aliqui,aliquam,20,196
aliqui,aliquo,18,196
aliqui,aliquibus,17,196
aliqui,aliquos,14,196
aliqui,aliquod,12,196
aliqui,aliquas,9,196
aliqui,alicuius,6,196
aliqui,aliquae,3,196
aliqui,Aliquibus,1,196
aliquis,aliquid,39,92
aliquis,aliqui,30,92
aliquis,aliquis,15,92
aliquis,Aliqui,3,92
aliquis,alicui,3,92
aliquis,aliquȩ,1,92
aliquis,aliquorum,1,92
aliquotiens,aliquotiens,2,2
aliquoties,aliquoties,3,3
aliquousque,aliquousque,1,1
alisoldanus,Alisoldani,2,2
aliter,aliter,7,8
aliter,Aliter,1,8
alithina,alithinam,1,1
aliunde,aliunde,4,4
alius,aliis,140,636
alius,alii,88,636
alius,alia,85,636
alius,alios,54,636
alius,aliud,46,636
alius,alias,38,636
alius,alium,31,636
alius,alio,28,636
alius,aliae,27,636
alius,aliam,26,636
alius,aliorum,22,636
alius,alius,16,636
alius,aliarum,9,636
alius,alij,6,636
alius,Aliae,4,636
alius,Alia,3,636
alius,Alii,3,636
alius,aliiq,3,636
alius,aliȩ,2,636
alius,Alias,1,636
alius,alie,1,636
alius,Alij,1,636
alius,Aliis,1,636
alius,alioq,1,636
allatura,allaturas,1,2
allatura,allaturam,1,2
allectusque,allectusque,2,2
allego,allegaret,1,2
allego,allegari,1,2
alliceo,allicerent,2,3
alliceo,allicerentur,1,3
allicio,allicitur,1,1
alligo,alligati,1,2
alligo,alligabat,1,2
allo,allatum,2,7
allo,allatam,1,7
allo,allatis,1,7
allo,allatus,1,7
allo,allaturus,1,7
allo,allatae,1,7
allocutio,allocutione,1,1
alloquor,alloqui,2,6
alloquor,allocutus,2,6
alloquor,alloquitur,1,6
alloquor,alloquendi,1,6
alluo,alluit,1,2
alluo,alluitur,1,2
almeidus,Almeida,3,3
almus,almam,1,1
alo,aluntur,10,29
alo,ali,5,29
alo,alit,4,29
alo,alere,4,29
alo,alunt,3,29
alo,alatur,1,29
alo,alentes,1,29
alo,alendae,1,29
aloysius,Aloysius,4,4
alphabeticus,ALPHABETICUS,1,1
alphonsus,Alphonsus,5,5
alquis,alcuius,1,1
altare,altari,2,4
altare,altare,1,4
altare,altaris,1,4
altarium,altaria,1,2
altarium,altarium,1,2
alte,altius,3,3
alter,altera,44,180
alter,alter,28,180
alter,alterius,23,180
alter,altero,19,180
alter,alterum,17,180
alter,alteri,14,180
alter,alteram,12,180
alter,Alter,7,180
alter,Altera,6,180
alter,Alterum,5,180
alter,alterae,2,180
alter,alteris,1,180
alter,alteras,1,180
alter,ALTERA,1,180
altercatio,altercatio,1,1
alteriusque,alteriusque,2,2
alternatim,alternatim,2,2
alterumve,alterumve,1,1
alteruter,alterutram,1,1
altitudo,altitudinem,3,3
altus,altissimi,3,19
altus,alta,3,19
altus,altiores,2,19
altus,altiora,2,19
altus,alto,2,19
altus,altissimam,2,19
altus,altum,2,19
altus,altos,1,19
altus,altissimum,1,19
altus,altissima,1,19
alumna,alumnis,1,1
alumnus,alumnorum,2,7
alumnus,alumnos,2,7
alumnus,alumni,2,7
alumnus,alumnorun,1,7
alun,alun,1,1
aluo,Alvari,1,1
álvaris,Álvarez,1,1
alvarus,Alvarus,4,4
Alvarus,Alvaro,1,1
alvus,Alvarum,1,1
am,am,56,56
amacacesus,Amacacesi,1,1
amacaensis,Amacaense,4,4
amacaensus,Amacaensis,7,11
amacaensus,Amacaensi,4,11
amacaus,Amacaum,1,1
amacus,Amacai,16,16
amacusadonus,Amacusadonum,1,1
amacusaensus,Amacusaensi,1,1
amacusanus,Amacusana,3,4
amacusanus,Amacusano,1,4
Amacusanus,Amacusanae,3,7
Amacusanus,Amacusanas,2,7
Amacusanus,Amacusanis,2,7
amacusensis,Amacusensis,1,1
amacusus,Amacusa,5,12
amacusus,Amacusam,4,12
amacusus,Amacusae,3,12
Amagutius,Amagutii,2,2
amagutus,Amaguti,1,1
amahan,Amahan,1,1
amalech,Amalech,5,5
amando,amandatus,3,7
amando,amandavimus,1,7
amando,amandaret,1,7
amando,amandavit,1,7
amando,amandando,1,7
amangutio,Amangutio,1,1
amans,amantissimi,2,3
amans,amantissima,1,3
amanter,amanter,1,1
amaral,Amaral,6,6
amarior,Amariores,1,1
amaritudo,amaritudo,1,1
amator,Amator,2,2
amavai,Amavang,1,1
amavangus,Amavangus,6,10
amavangus,Amavangi,3,10
amavangus,Amavango,1,10
Amavangus,Amavangum,1,1
Amaya,Amaya,2,2
Amazo,Amazonem,1,1
amazon,Amazon,1,1
ambabusqs,ambabusq,1,1
ambages,ambages,1,1
ambigo,ambigeret,1,1
ambiguitas,ambiguitate,2,2
ambio,ambit,1,1
ambitio,ambitione,4,5
ambitio,ambitio,1,5
ambitiosus,ambitiosa,1,1
ambitus,ambitum,1,3
ambitus,ambitus,1,3
ambitus,ambitu,1,3
ambo,ambo,6,10
ambo,ambobus,3,10
ambo,amborum,1,10
amboinus,Amboino,1,1
Ambrosius,Ambrosius,4,4
ambulo,ambulabunt,1,2
ambulo,ambulantem,1,2
ambus,ambos,1,1
amen,Amen,12,14
amen,amen,2,14
amens,amens,1,1
americus,Americae,1,1
amic,amic,1,1
amicisque,amicisque,1,1
amicitia,amicitiam,13,18
amicitia,amicitia,4,18
amicitia,amicitiae,1,18
amicitiâ,amicitiâ,1,1
amicus,amicis,8,31
amicus,amicum,5,31
amicus,amicos,4,31
amicus,amicus,4,31
amicus,amico,3,31
amicus,amici,2,31
amicus,amicam,2,31
amicus,amicissimi,1,31
amicus,amicissimus,1,31
amicus,amicorum,1,31
amida,Amida,2,2
amides,Amidae,1,1
amior,amiori,1,1
amisetto,amiseramus,1,1
amissio,amissionis,1,1
amitto,amissis,4,21
amitto,amittuntur,2,21
amitto,amiserunt,2,21
amitto,amittendi,2,21
amitto,amissum,2,21
amitto,amittat,1,21
amitto,amisit,1,21
amitto,amissa,1,21
amitto,amittenda,1,21
amitto,amiserat,1,21
amitto,amisisset,1,21
amitto,amiserimus,1,21
amitto,amissorum,1,21
amitto,amisso,1,21
ammirabilis,ammirabiles,1,1
ammonitio,ammonitiones,1,1
amo,amabat,3,17
amo,amant,2,17
amo,amantes,2,17
amo,amas,1,17
amo,amarentur,1,17
amo,amabantur,1,17
amo,amari,1,17
amo,amentur,1,17
amo,ament,1,17
amo,amat,1,17
amo,amantibus,1,17
amo,amaret,1,17
amo,Amabat,1,17
amoenus,amoenus,1,3
amoenus,amoenissimam,1,3
amoenus,amoenae,1,3
amor,amore,19,39
amor,amorem,10,39
amor,amoris,4,39
amor,amor,3,39
amor,Amore,1,39
amor,amoreq,1,39
amor,amori,1,39
amorisque,amorisque,1,1
amoueo,amoveant,1,1
amoveo,amoveam,1,3
amoveo,amovere,1,3
amoveo,amoveret,1,3
amphitheatrum,amphitheatri,1,1
ample,amplius,29,34
ample,ampliùs,4,34
ample,amplissime,1,34
amplecto,amplectentur,1,4
amplecto,amplectentibus,1,4
amplecto,amplectebantur,1,4
amplecto,amplectendas,1,4
amplector,amplecti,2,6
amplector,amplectendam,2,6
amplector,amplectuntur,1,6
amplector,amplectebatur,1,6
amplexo,amplexati,2,3
amplexo,amplexantes,1,3
amplexus,amplexus,1,1
amplexux,amplexux,1,1
amplifico,amplificans,2,2
amplio,ampliavit,1,1
amplitudo,amplitudine,4,4
amploque,amploque,1,1
amplus,ampla,6,26
amplus,amplissima,3,26
amplus,ampliorem,3,26
amplus,amplissimum,2,26
amplus,amplissimo,2,26
amplus,amplissimas,1,26
amplus,amplas,1,26
amplus,amplam,1,26
amplus,amplioris,1,26
amplus,amplior,1,26
amplus,amplissimae,1,26
amplus,amplissimis,1,26
amplus,amplissimam,1,26
amplus,ampliores,1,26
amplus,ampliori,1,26
amputo,amputato,1,2
amputo,amputandum,1,2
amyda,Amyda,1,1
an,an,60,70
an,An,10,70
anceps,ancipites,2,2
ancilla,ancillis,1,1
ancipitique,ancipitique,1,1
ancocugus,Ancocugus,2,4
ancocugus,Ancocugum,1,4
ancocugus,Ancocugo,1,4
ancrous,Ancroi,1,1
anctus,ancti,1,1
ancyra,Ancyra,1,1
Andreas,Andreas,13,14
Andreas,Andrea,1,14
andrés,Andrés,1,1
andreus,Andreae,1,1
andrius,Andriam,1,1
andrutius,Andrutius,1,1
angelicus,angelica,1,2
angelicus,Angelicam,1,2
angelisque,Angelisque,1,1
angelus,Angelorum,10,23
angelus,Angelis,5,23
angelus,Angelum,2,23
angelus,Angelus,2,23
angelus,Angelo,1,23
angelus,angelos,1,23
angelus,Angeli,1,23
angelus,angeli,1,23
anglia,Angliam,1,1
anglicanus,Anglicana,1,2
anglicanus,Anglicanam,1,2
ango,angor,1,5
ango,Angebat,1,5
ango,angitur,1,5
ango,anctae,1,5
ango,ancta,1,5
angor,angoribus,1,2
angor,angore,1,2
angustia,angustias,7,10
angustia,angustiis,3,10
angustus,angustum,1,2
angustus,angustus,1,2
anhelo,anhelarent,1,2
anhelo,anhelat,1,2
Anianus,Anian,1,1
anima,animarum,45,87
anima,animae,15,87
anima,animam,11,87
anima,anima,9,87
anima,animas,2,87
anima,Anima,1,87
anima,Animam,1,87
anima,Animae,1,87
anima,animabus,1,87
anima,anime,1,87
animâ,Animâ,2,2
animadverto,animadvertit,3,16
animadverto,animadvertens,2,16
animadverto,animadvertere,2,16
animadverto,animadverteret,2,16
animadverto,animadvertetur,1,16
animadverto,animadversum,1,16
animadverto,animadvertas,1,16
animadverto,animadvertunt,1,16
animadverto,animadverterent,1,16
animadverto,animadverteremus,1,16
animadverto,animadversus,1,16
animal,animalium,5,9
animal,animalia,3,9
animal,animal,1,9
animans,animantibus,2,2
animara,animaram,1,1
animarumquus,animarumque,4,4
animȩ,animȩ,1,1
animo,animandas,1,1
animor,animor,1,1
animose,animose,1,1
animosus,animosus,2,3
animosus,animosi,1,3
animula,animulas,1,1
animumque,animumque,1,1
animus,animo,57,196
animus,animi,56,196
animus,animus,31,196
animus,animos,19,196
animus,animis,15,196
animus,animum,12,196
animus,animorum,5,196
animus,Animos,1,196
animuus,animuus,1,1
anmidesiderium,anmidesiderio,1,1
ann,ann,1,1
annalis,annales,1,2
annalis,Annalibus,1,2
annamicus,Annamica,1,1
annecto,annexis,3,7
annecto,Annexae,1,7
annecto,annexas,1,7
annecto,annexae,1,7
annecto,annexo,1,7
anneo,annuerunt,4,4
annexa,annexarum,1,1
annexus,annexu,1,1
anniversarius,anniversarium,1,1
annon,annona,3,3
annona,annonam,6,7
annona,annonae,1,7
annualis,annuales,1,1
annuatim,annuatim,2,2
annuens,Annuentem,1,1
annuentus,annuentibus,1,1
annulo,annulavit,1,1
annulus,annulo,1,1
annuncio,annunciandi,1,1
annuntio,annuntiabant,1,1
annuo,annuit,4,8
annuo,annuerit,2,8
annuo,annuisse,1,8
annuo,annuere,1,8
annus,annos,205,641
annus,anno,204,641
annus,annum,69,641
annus,anni,55,641
annus,annis,46,641
annus,Anno,33,641
annus,annorum,19,641
annus,Anni,4,641
annus,ANNI,2,641
annus,annus,2,641
annus,ANNO,1,641
annus,annu,1,641
annuus,annuos,9,38
annuus,annuis,5,38
annuus,annuam,5,38
annuus,annui,3,38
annuus,annua,3,38
annuus,annuas,3,38
annuus,annuae,2,38
annuus,Annui,2,38
annuus,annuum,2,38
annuus,Annuae,1,38
annuus,annuarum,1,38
annuus,Annuis,1,38
annuus,annuo,1,38
annux,Annux,1,1
anstituo,anstituit,1,1
anta,antam,1,1
ante,ante,81,85
ante,Ante,4,85
antè,antè,1,1
antea,antea,14,15
antea,Antea,1,15
antecedenter,antecedenter,1,1
antecedo,antecedit,1,1
antecello,antecellit,2,4
antecello,antecellunt,1,4
antecello,antecellere,1,4
antefacio,antefactis,1,1
antegredior,antegressa,1,1
anteigo,anteactę,1,1
antem,antem,1,1
antequam,antequam,16,19
antequam,Antequam,3,19
anterior,anterius,1,2
anterior,anteriora,1,2
antesignanus,Antesignanum,2,4
antesignanus,antesignanis,1,4
antesignanus,antesignano,1,4
Antianum,Antiano,1,1
antianus,Antianorum,1,1
Antidota,Antidota,1,1
antidotus,antidotum,1,1
Antiochea,Antiochiae,2,4
Antiochea,Antiochia,1,4
Antiochea,Antiochiam,1,4
antiphonarium,antiphonario,1,1
Antipulus,Antipoli,1,1
antiquus,antiquis,5,35
antiquus,antiquorum,4,35
antiquus,antiquas,4,35
antiquus,antiqui,4,35
antiquus,antiquum,3,35
antiquus,antiquo,2,35
antiquus,antiquam,2,35
antiquus,antiqua,2,35
antiquus,antiquus,2,35
antiquus,antiquae,2,35
antiquus,antiquissimam,2,35
antiquus,antiquissimorum,1,35
antiquus,antiquissima,1,35
antiquus,antiquos,1,35
antistes,Antistes,1,1
antistites,antistite,1,1
antoninus,Antoninus,3,4
antoninus,Antoninum,1,4
Antonius,Antonio,14,30
Antonius,Antonium,11,30
Antonius,Antonii,5,30
antonus,Antonius,83,83
antr,antr,1,1
antus,antae,1,1
anullo,anullaverunt,1,1
anulus,anuli,1,1
anuncio,anunciabat,1,1
anxius,anxio,1,2
anxius,anxium,1,2
ao,acturi,1,1
apeccatum,apeccati,1,1
apellatio,apellatio,1,3
apellatio,apellationis,1,3
apellatio,apellationem,1,3
apello,apellavisse,1,2
apello,apellant,1,2
apereo,aperuere,1,1
aperiendumque,aperiendumque,1,1
aperio,aperuit,13,47
aperio,aperta,5,47
aperio,aperto,4,47
aperio,apertam,3,47
aperio,apertum,2,47
aperio,aperire,2,47
aperio,aperiendam,2,47
aperio,Aperta,2,47
aperio,apertas,2,47
aperio,Aperuit,1,47
aperio,aperiendi,1,47
aperio,apertos,1,47
aperio,aperiendum,1,47
aperio,aperiunt,1,47
aperio,aperias,1,47
aperio,aperiebat,1,47
aperio,aperient,1,47
aperio,aperiendae,1,47
aperio,aperienda,1,47
aperio,aperientibus,1,47
aperio,aperuisset,1,47
aperte,aperte,8,9
aperte,apertissime,1,9
apertumque,Apertumque,1,1
apix,apicem,2,3
apix,apices,1,3
Apollo,Apollinem,1,2
Apollo,Apollinis,1,2
apollonius,Apollonius,1,2
apollonius,Apollonii,1,2
apologe,Apologijs,1,1
apostasia,apostasiae,1,3
apostasia,apostasiam,1,3
apostasia,apostasia,1,3
aposto,apostatae,1,1
apostolice,apostolice,1,2
apostolice,Apostolice,1,2
apostolicus,apostolicus,30,138
apostolicus,apostolico,17,138
apostolicus,Apostolica,15,138
apostolicus,apostolicis,11,138
apostolicus,apostolicos,11,138
apostolicus,Apostolicam,9,138
apostolicus,apostolica,8,138
apostolicus,Apostolicae,7,138
apostolicus,apostolicum,6,138
apostolicus,apostolici,5,138
apostolicus,apostolicorum,4,138
apostolicus,apostolicas,3,138
apostolicus,apostolicae,2,138
apostolicus,apostolicarum,2,138
apostolicus,Apostolicas,2,138
apostolicus,apostolicam,1,138
apostolicus,Apostolicis,1,138
apostolicus,Apostolicum,1,138
apostolicus,Apostolicus,1,138
apostolicus,Apostolicos,1,138
apostolicus,Apostolici,1,138
apostolus,Apostoli,6,26
apostolus,Apostolicȩ,5,26
apostolus,Apostolorum,4,26
apostolus,Apostolus,3,26
apostolus,Apostolo,2,26
apostolus,Apostolos,2,26
apostolus,apostolicȩ,1,26
apostolus,Apostolum,1,26
apostolus,Apostolis,1,26
apostolus,apostoli,1,26
apparatus,apparatu,1,1
appareo,apparuit,3,17
appareo,apparet,3,17
appareo,apparent,2,17
appareo,apparerent,2,17
appareo,apparuerunt,2,17
appareo,apparere,1,17
appareo,apparebit,1,17
appareo,apparebat,1,17
appareo,apparuerit,1,17
appareo,appareret,1,17
apparitio,Apparitionum,1,2
apparitio,apparitionum,1,2
appel,appel,1,1
appellatio,appellationem,2,5
appellatio,appellatione,1,5
appellatio,appellationis,1,5
appellatio,Appellationi,1,5
appello,appellamus,8,39
appello,appellatur,4,39
appello,appellant,4,39
appello,appulsi,3,39
appello,appulit,2,39
appello,appellantur,2,39
appello,appellanda,1,39
appello,appello,1,39
appello,appellatis,1,39
appello,appellarunt,1,39
appello,appellati,1,39
appello,appellabatur,1,39
appello,appellari,1,39
appello,appellit,1,39
appello,appellendi,1,39
appello,appellatus,1,39
appello,appellata,1,39
appello,appellare,1,39
appello,appellavit,1,39
appello,appellarent,1,39
appello,Appulerant,1,39
appello,appulsus,1,39
appendico,appendicem,1,1
appetio,appetiisse,1,1
appetitio,appetitionem,2,5
appetitio,appetitionibus,1,5
appetitio,appetitione,1,5
appetitio,appetitiones,1,5
appeto,appetunt,3,14
appeto,appetit,3,14
appeto,appetant,2,14
appeto,appetens,2,14
appeto,appetere,1,14
appeto,appetierat,1,14
appeto,appetamus,1,14
appeto,appetat,1,14
appingo,appingimus,1,1
applaudo,applaudentibus,1,1
applausus,applausu,3,3
appliceo,applicuimus,2,3
appliceo,applicui,1,3
applico,applicare,2,10
applico,applicata,2,10
applico,applicet,1,10
applico,applicavit,1,10
applico,applicandis,1,10
applico,applicatus,1,10
applico,applicatae,1,10
applico,applicaverunt,1,10
appona,apponam,1,1
appono,appono,1,4
appono,apposuerunt,1,4
appono,apposita,1,4
appono,apposite,1,4
appostolus,Appostolicȩ,1,1
apprime,apprime,1,1
apprimè,apprimè,1,1
approbatio,approbationem,4,6
approbatio,approbatione,2,6
approbo,approbati,2,5
approbo,approbandam,1,5
approbo,approbatos,1,5
approbo,approbas,1,5
appropinquo,appropinquassent,1,1
appulisso,appulissemus,1,1
appulo,appulimus,5,5
appuo,appuleron,1,1
apricus,apricum,1,1
aprilis,aprilis,5,6
aprilis,Aprilis,1,6
Aprilus,Aprili,1,1
apte,aptius,1,1
apto,aptasset,1,2
apto,aptatis,1,2
aptus,aptus,4,15
aptus,apti,3,15
aptus,aptum,2,15
aptus,aptiori,1,15
aptus,aptam,1,15
aptus,aptiores,1,15
aptus,apta,1,15
aptus,aptissimum,1,15
aptus,aptissimae,1,15
apud,apud,97,99
apud,Apud,1,99
apud,APUD,1,99
aqua,aquis,12,33
aqua,aqua,8,33
aqua,aquae,5,33
aqua,aquarum,3,33
aqua,aquas,3,33
aqua,aquam,2,33
aquaviva,Aquavivae,1,1
Aquaviva,Aquaviva,2,2
aquavivus,Aquavivam,3,3
Aquileia,Aquileia,1,1
aquilensis,Aquilensis,1,1
aquilonarius,aquilonarium,1,1
aquilono,aquilonari,2,2
ar,ari,1,1
ara,aras,1,2
ara,aram,1,2
Arabia,Arabiam,1,1
Aranius,Aranius,5,5
aratrum,aratro,1,1
arbitrium,arbitrio,3,4
arbitrium,arbitrium,1,4
arbitro,arbitret,1,1
arbitror,arbitramur,2,7
arbitror,arbitror,2,7
arbitror,arbitrabatur,2,7
arbitror,arbitrarentur,1,7
arbor,arborum,1,5
arbor,arbore,1,5
arbor,arbor,1,5
arbor,arbores,1,5
arbor,Arbores,1,5
arca,arca,1,1
arcanum,arcanis,1,2
arcanum,arcano,1,2
arcanus,arcana,1,1
arceo,arceamini,1,5
arceo,arceret,1,5
arceo,arcerentur,1,5
arceo,arceretur,1,5
arceo,arcerent,1,5
archiepiscopus,Archiepiscopus,3,7
archiepiscopus,Archiepiscopo,2,7
archiepiscopus,Archiepiscopum,1,7
archiepiscopus,Archiepiscopi,1,7
architectura,architectura,1,1
architectus,architecto,1,2
architectus,architecti,1,2
Archivius,Archivio,1,1
arctâ,arctâ,1,1
arcticus,arcticum,1,1
arcto,arctare,1,1
arctus,arctissimo,2,4
arctus,arctissima,1,4
arctus,arctissimam,1,4
arcus,arcu,3,8
arcus,arcus,3,8
arcus,arcum,1,8
arcus,arcubus,1,8
ardens,ardentissimus,1,1
ardenter,ardenter,1,1
ardentia,ardentia,1,1
ardeo,ardens,2,4
ardeo,ardet,1,4
ardeo,ardere,1,4
ardor,ardor,4,10
ardor,ardorem,2,10
ardor,ardore,2,10
ardor,ardoris,1,10
ardor,ardores,1,10
area,area,4,6
area,aream,2,6
areaeque,areaeque,1,1
arefero,Arelatum,1,1
arena,arenam,1,1
argentarius,argentariorum,1,1
argenteus,argenteos,18,24
argenteus,argenteis,4,24
argenteus,argentei,2,24
argentoque,argentoque,1,1
argentum,argenti,9,22
argentum,argento,7,22
argentum,argentum,5,22
argentum,argenta,1,22
argilla,argilla,1,1
argo,arcto,1,2
argo,arcta,1,2
argolicendo,Argolicensi,2,2
argolicensis,Argolicensis,1,1
argolisensis,Argolisensis,1,1
Argolisensis,Argolisensem,2,3
Argolisensis,Argolisense,1,3
arguitio,arguitionem,1,1
argumentatio,argumentationi,1,1
argumentum,argumento,3,9
argumentum,argumentis,3,9
argumentum,argumenta,2,9
argumentum,argumentum,1,9
arguo,argui,1,6
arguo,arguit,1,6
arguo,Arguimus,1,6
arguo,argueret,1,6
arguo,arguant,1,6
arguo,arguebat,1,6
argutus,argutiores,1,1
ariditas,ariditate,1,1
arienses,Ariensem,1,1
ariensis,Ariensi,1,2
ariensis,Ariensis,1,2
arima,Arima,5,6
arima,Arimae,1,6
Arima,Arimam,3,3
arimandonus,Arimandonus,1,1
Arimandonus,Arimandono,1,1
arimanus,Arimano,2,3
arimanus,Arimani,1,3
arimensis,Arimensis,3,3
Arimensis,Arimense,3,4
Arimensis,Arimensem,1,4
arimensus,Arimensibus,1,1
Arimensus,Arimensi,10,10
arimondonus,Arimondonus,3,4
arimondonus,Arimondonum,1,4
ariolatio,ariolationes,1,1
ariolus,ariolis,1,1
Aristobulus,Aristobuli,1,1
arithmeticus,arithmeticam,2,2
ariy,Ariye,1,1
arma,armis,27,53
arma,arma,22,53
arma,armorum,4,53
armatus,armatorum,2,5
armatus,armata,2,5
armatus,armatis,1,5
armenis,Armenia,1,2
armenis,Armenie,1,2
armentum,armento,2,2
armenus,Armena,1,3
armenus,Armenis,1,3
armenus,Armeni,1,3
armo,armatus,3,7
armo,armati,2,7
armo,armatum,1,7
armo,armarunt,1,7
armuga,Armugam,1,1
arnoldus,Arnoldus,1,1
aroma,aromatibus,4,5
aroma,aromata,1,5
arrideo,arrident,1,1
arripio,arrepto,1,5
arripio,arripienda,1,5
arripio,arripere,1,5
arripio,arrepta,1,5
arripio,arreptum,1,5
arrogantia,arrogantia,1,1
arrogo,arrogantem,1,1
ars,arte,8,29
ars,artibus,7,29
ars,Artibus,4,29
ars,artes,4,29
ars,artium,3,29
ars,artis,2,29
ars,artem,1,29
articulus,articulo,2,3
articulus,Articulorum,1,3
artifex,artificibus,1,3
artifex,artificis,1,3
artifex,Artificibus,1,3
artificialis,artificialibus,1,1
artificiosus,artificiosissimo,1,3
artificiosus,artificiosissimis,1,3
artificiosus,artificiosissima,1,3
artificium,artificio,3,4
artificium,artificiis,1,4
artus,artubus,1,1
aruspex,aruspices,2,2
arx,arce,8,20
arx,arcis,6,20
arx,arcem,5,20
arx,arx,1,20
aryes,Aryes,1,1
as,as,1,1
Ascalon,Ascalon,2,2
ascanius,Ascanius,1,1
ascendo,ascendit,7,29
ascendo,ascendere,3,29
ascendo,ascendens,3,29
ascendo,ascendant,2,29
ascendo,ascendentes,2,29
ascendo,ascendunt,1,29
ascendo,ascendebatur,1,29
ascendo,ascendebat,1,29
ascendo,ascendebant,1,29
ascendo,ascendat,1,29
ascendo,ascenderent,1,29
ascendo,ascendimus,1,29
ascendo,ascenderant,1,29
ascendo,ascenderet,1,29
ascendo,ascendentem,1,29
ascendo,ascendentis,1,29
ascendo,ascendet,1,29
ascensus,ascensuum,1,3
ascensus,ascensus,1,3
ascensus,ascensu,1,3
ascicamon,Ascicamoni,1,1
ascisco,asciscere,3,3
asco,asciverunt,1,1
ascribo,adscripti,1,5
ascribo,ascriberetur,1,5
ascribo,ascripserint,1,5
ascribo,ascribendi,1,5
ascribo,ascribi,1,5
ascrio,adscribi,2,2
asentio,asentire,1,1
aserio,aserta,1,1
asia,Asia,2,5
asia,Asiae,2,5
asia,Asiam,1,5
asignatus,asignatis,1,1
Asisium,Asisio,1,1
asistor,asistentibus,1,1
asjuvo,adjuvent,1,2
asjuvo,adjuvetur,1,2
asonodangium,Asonodangio,2,3
asonodangium,Asonodangium,1,3
asonodangius,Asonodangius,2,2
asonodongianus,Asonodongiani,1,1
aspecto,aspectantium,2,2
aspectuque,aspectuque,1,1
aspectus,aspectu,2,5
aspectus,aspectum,2,5
aspectus,aspectus,1,5
aspeo,aspiret,1,1
asper,aspera,3,4
asper,aspero,1,4
aspergo,aspergatur,1,1
asperior,asperiora,1,1
asperitas,asperitates,1,1
asperno,aspernati,2,2
asperrimus,asperrimum,1,2
asperrimus,asperrimos,1,2
aspicio,aspice,1,5
aspicio,aspiciendam,1,5
aspicio,aspicientes,1,5
aspicio,aspiciat,1,5
aspicio,aspiciendum,1,5
aspiro,aspirante,4,11
aspiro,aspirare,2,11
aspiro,aspirantes,1,11
aspiro,aspirans,1,11
aspiro,aspirat,1,11
aspiro,aspirant,1,11
aspiro,aspirarent,1,11
aspus,aspi,1,1
assecla,asseclis,1,1
assensus,assensum,2,3
assensus,assensu,1,3
assentio,assentiunt,1,2
assentio,assentientibus,1,2
asseqquor,assequutus,1,1
assequor,assequi,4,11
assequor,assequantur,3,11
assequor,assecuti,1,11
assequor,assequatur,1,11
assequor,assequetur,1,11
assequor,assequentur,1,11
asser,asserum,1,1
assero,asserimus,2,8
assero,asserunt,1,8
assero,asserentes,1,8
assero,asserere,1,8
assero,asserit,1,8
assero,asserem,1,8
assero,asserens,1,8
assertio,assertio,1,2
assertio,assertiones,1,2
assertive,assertive,1,1
assertus,assertum,1,1
asservo,asservo,1,1
assevero,Asseverant,1,3
assevero,asseverant,1,3
assevero,asseveravit,1,3
assidue,assidue,3,3
assiduitas,assiduitate,1,1
assiduus,assidua,3,9
assiduus,assiduam,1,9
assiduus,assiduus,1,9
assiduus,assiduo,1,9
assiduus,assiduis,1,9
assiduus,assiduos,1,9
assiduus,assiduae,1,9
assigno,assignavit,4,17
assigno,assignata,3,17
assigno,assignare,2,17
assigno,assignarent,1,17
assigno,assignabunt,1,17
assigno,assignabo,1,17
assigno,assignari,1,17
assigno,assignatis,1,17
assigno,assignatum,1,17
assigno,assignando,1,17
assigno,assignatos,1,17
assisis,Assisii,1,1
assistentia,assistentia,1,1
assisto,assistit,2,6
assisto,assistentibus,2,6
assisto,assisterent,1,6
assisto,assistentes,1,6
associo,associantes,1,1
Assolona,Assolona,1,1
assuesco,assueverint,1,2
assuesco,assuetum,1,2
assultus,assultibus,2,2
assumo,assumpsit,8,16
assumo,assumpti,1,16
assumo,assumptum,1,16
assumo,assumpto,1,16
assumo,assumpserunt,1,16
assumo,assumat,1,16
assumo,assumens,1,16
assumo,assumptis,1,16
assumo,assumebat,1,16
assuo,assuens,1,1
assurgo,assurgendi,1,1
astipulo,astipulemur,1,1
asto,adstantibus,1,2
asto,adstabant,1,2
astringo,astrinxerunt,2,4
astringo,astringunt,1,4
astringo,astrictum,1,4
astrologia,Astrologiae,1,1
astutia,astutia,1,2
astutia,astutiam,1,2
astutus,astutissimo,1,1
asylus,asylum,3,3
at,at,30,57
at,At,27,57
atalayab,Atalaya,1,1
atamen,Atamen,1,1
ate,ate,1,1
ateo,atendamus,1,1
ater,ater,30,71
ater,atre,11,71
ater,atris,9,71
ater,atrem,9,71
ater,atres,4,71
ater,atri,3,71
ater,atribus,2,71
ater,ATRIS,1,71
ater,ATRE,1,71
ater,ATREM,1,71
atfero,attulerant,1,1
athanasius,Athanasij,1,1
Athenae,Athenas,2,2
athleta,athletas,1,1
atq,atq,9,10
atq,Atq,1,10
atque,ac,864,1037
atque,atque,119,1037
atque,Atque,28,1037
atque,Ac,21,1037
atque,AC,3,1037
atque,ATQUE,2,1037
atqui,Atqui,1,1
atriensus,Atriensis,1,1
atrium,atrium,2,2
atrocior,atrociore,1,1
atrocitas,atrocitatem,1,1
atrociter,atrociter,1,1
atrocius,atrocia,3,3
atrox,atrocibus,2,4
atrox,atroci,1,4
atrox,atrox,1,4
attamen,Attamen,2,2
attendo,attenderent,1,1
attentio,attentione,1,1
attentique,attentique,1,1
attento,attentaverit,1,3
attento,attentatum,1,3
attento,attentandum,1,3
attestatio,attestatione,1,1
attesto,attestat,1,1
atticus,atticum,1,1
attigo,attigimus,1,2
attigo,attigi,1,2
attineo,attinet,17,19
attineo,attinere,1,19
attineo,attinent,1,19
attingo,attingit,5,11
attingo,attingunt,1,11
attingo,attingimus,1,11
attingo,attigerit,1,11
attingo,attingere,1,11
attingo,attigerat,1,11
attingo,attigit,1,11
attollo,attolli,1,2
attollo,attollens,1,2
attoneo,attoniti,2,2
attonitus,attonitae,1,3
attonitus,attonitis,1,3
attonitus,attonitos,1,3
attraho,attrahere,1,3
attraho,attrahendo,1,3
attraho,attraxerunt,1,3
attribuo,attributam,2,8
attribuo,attribuit,2,8
attribuo,attributur,1,8
attribuo,attribuere,1,8
attribuo,attribuendum,1,8
attribuo,attribueretur,1,8
attributum,attributa,4,4
attro,attriverunt,1,1
au,au,3,3
aucio,aucti,3,3
auco,auxerunt,1,2
auco,auxerit,1,2
auctor,auctores,4,16
auctor,auctor,3,16
auctor,autorem,2,16
auctor,Auctorum,1,16
auctor,Auctor,1,16
auctor,Auctoris,1,16
auctor,auctore,1,16
auctor,autoris,1,16
auctor,auctorem,1,16
auctor,auctoribus,1,16
auctoresus,auctoresq,1,1
auctoritas,auctoritatis,9,34
auctoritas,auctoritatem,7,34
auctoritas,autoritate,7,34
auctoritas,auctoritate,7,34
auctoritas,auctoritas,4,34
auctoritatemque,auctoritatemque,1,1
aucupio,aucupio,1,1
audacia,audaciam,1,2
audacia,audacia,1,2
audaciaquus,audaciaque,1,1
audacter,audacter,3,3
audax,audax,1,1
audenter,audenter,1,1
audeo,ausus,9,30
audeo,ausi,7,30
audeo,audeant,3,30
audeo,audet,2,30
audeo,audeo,2,30
audeo,audere,1,30
audeo,audemus,1,30
audeo,audent,1,30
audeo,ausurus,1,30
audeo,audens,1,30
audeo,audebant,1,30
audeo,auderet,1,30
audientia,audientiis,1,2
audientia,audientiam,1,2
audio,audire,14,107
audio,audivit,12,107
audio,audita,6,107
audio,auditis,5,107
audio,audiendam,5,107
audio,auditum,4,107
audio,audientes,3,107
audio,audiendas,3,107
audio,audiendis,3,107
audio,audiunt,3,107
audio,audierat,3,107
audio,audientibus,2,107
audio,audierunt,2,107
audio,audiat,2,107
audio,audivi,2,107
audio,audiens,2,107
audio,audiendi,2,107
audio,audient,2,107
audio,Audivit,2,107
audio,audio,1,107
audio,audivisse,1,107
audio,Audita,1,107
audio,audiri,1,107
audio,audissent,1,107
audio,audivimus,1,107
audio,audietis,1,107
audio,audieritis,1,107
audio,audimus,1,107
audio,Audit,1,107
audio,audiebant,1,107
audio,audierit,1,107
audio,audiebat,1,107
audio,Audiendus,1,107
audio,auditus,1,107
audio,audiuntur,1,107
audio,audiendum,1,107
audio,audiretur,1,107
audio,audientium,1,107
audio,audirent,1,107
audio,audivere,1,107
audio,audit,1,107
audio,audiit,1,107
audio,audiebatur,1,107
audio,audito,1,107
audio,audiendae,1,107
audio,auditorum,1,107
audio,audiret,1,107
audio,audiebantur,1,107
audio,audisse,1,107
auditor,auditores,2,5
auditor,Auditores,2,5
auditor,auditorem,1,5
auditoria,auditoria,1,1
auditus,auditu,1,1
audivo,audivissemus,1,1
auerto,auerterat,1,3
auerto,auersi,1,3
auerto,auersos,1,3
aufero,auferre,7,17
aufero,abstulit,3,17
aufero,auferendo,2,17
aufero,auferret,1,17
aufero,auferat,1,17
aufero,auferetur,1,17
aufero,ablata,1,17
aufero,ablatis,1,17
auffero,auffertur,1,1
aufugio,aufugiunt,2,9
aufugio,aufugerunt,2,9
aufugio,aufugit,2,9
aufugio,aufugerent,1,9
aufugio,aufugientes,1,9
aufugio,aufugiens,1,9
augeo,augetur,4,30
augeo,auxit,4,30
augeo,augerentur,3,30
augeo,auctum,2,30
augeo,augere,2,30
augeo,auctus,2,30
augeo,Augebat,2,30
augeo,augeat,1,30
augeo,augeri,1,30
augeo,augebatur,1,30
augeo,augebamus,1,30
augeo,augeatur,1,30
augeo,Augeat,1,30
augeo,Auctum,1,30
augeo,augendum,1,30
augeo,Auctus,1,30
augeo,auxerat,1,30
augeo,auctis,1,30
augesco,augesceret,1,1
augmento,augmentetur,1,1
augmentum,augmentum,6,6
augo,aucto,3,5
augo,aucta,1,5
augo,auctos,1,5
augumento,augumentare,1,1
auguria,auguria,1,1
august,August,3,3
Augustiniani,Augustinianos,1,1
augustinus,Augustini,46,105
augustinus,Augustinus,30,105
augustinus,Augustinum,14,105
augustinus,Augustino,14,105
augustinus,Augustinos,1,105
augustis,Augustin,2,2
augustus,Augusti,9,13
augustus,augusti,2,13
augustus,Augusto,2,13
auidus,auidis,1,2
auidus,auidos,1,2
aula,aula,17,47
aula,Aula,12,47
aula,Aulae,6,47
aula,Aulam,5,47
aula,aulam,5,47
aula,aulas,1,47
aula,aulae,1,47
aulâ,Aulâ,1,1
aulae,aulaeque,1,1
aulex,aulicis,6,6
aulicus,aulici,4,9
aulicus,aulico,3,9
aulicus,aulicos,1,9
aulicus,aulicum,1,9
auoco,auocauit,1,1
aura,aurae,1,1
aureus,aureorum,27,63
aureus,aureos,14,63
aureus,aurei,12,63
aureus,aureis,7,63
aureus,auream,1,63
aureus,aureum,1,63
aureus,aureo,1,63
auriga,auriga,1,1
auris,aures,6,9
auris,aurem,1,9
auris,auribus,1,9
auris,aure,1,9
auritus,auritus,1,1
aurum,auro,4,9
aurum,auri,4,9
aurum,aurum,1,9
auspicium,auspiciis,1,1
auster,Austrum,4,7
auster,austri,2,7
auster,austro,1,7
austeritas,austeritatis,1,1
australis,Australium,7,22
australis,Australem,5,22
australis,Australi,4,22
australis,Australiores,2,22
australis,Australes,2,22
australis,australium,1,22
australis,Australiori,1,22
austriacus,Austriacus,1,1
Austriacus,Austriacum,1,1
aut,aut,185,185
autem,autem,257,257
autentico,autenticatis,1,1
autenticum,autentici,1,1
authenticum,authenticum,4,5
authenticum,autentico,1,5
authenticus,authentica,2,6
authenticus,authenticam,1,6
authenticus,authentico,1,6
authenticus,authenticae,1,6
authenticus,authenticas,1,6
authografus,authografum,1,1
authographum,authographum,2,2
authographus,authographi,1,1
author,Authore,1,2
author,author,1,2
authoritas,authoritatem,6,9
authoritas,authoritate,2,9
authoritas,authoritatis,1,9
autilla,autillam,1,1
autor,autor,3,5
autor,autoribus,1,5
autor,autore,1,5
autoritas,autoritatem,4,6
autoritas,autoritatibus,1,6
autoritas,autoritatis,1,6
autoritateque,autoritateque,1,1
autritas,autritate,1,1
autumnus,Autumni,1,1
auus,avo,1,1
auxiliaque,auxiliaque,1,1
auxiliaris,auxiliares,1,1
auxilioque,auxilioque,1,1
auxilior,auxiliante,1,1
auxilium,auxilium,19,49
auxilium,auxilio,14,49
auxilium,auxilia,11,49
auxilium,auxiliis,5,49
avaritia,avaritia,4,6
avaritia,avaritiam,2,6
avarus,avaros,1,1
averto,aversi,1,6
averto,avertit,1,6
averto,avertat,1,6
averto,avertant,1,6
averto,avertendam,1,6
averto,aversum,1,6
avide,avidissime,1,2
avide,avide,1,2
avidius,avidius,1,1
avidus,avidi,1,1
avinio,Avinionem,1,1
avocandus,avocandos,1,1
avunculus,avunculus,2,4
avunculus,avunculos,1,4
avunculus,avunculo,1,4
avus,avum,1,3
avus,avorum,1,3
avus,avarum,1,3
aytonus,Aytonius,2,2
azeuedius,Azeuedius,1,1
Azevedus,Azevedo,1,1
b,B,5,8
b,b,3,8
ba,Ba,1,1
babylon,Babylonem,1,1
babylonia,Babylonie,1,1
babylonicus,babylonicarum,1,1
bacalaureus,bacalaureus,1,1
baçaynensis,Baçaynensis,1,1
baçaynes,Baçayni,1,1
baccalaureus,baccalaureus,1,2
baccalaureus,Baccalaurei,1,2
bachalaureus,bachalaureo,2,2
bachalaurius,bachalaurius,1,1
baiulus,baiulos,1,2
baiulus,baiuli,1,2
baldakinus,baldakino,2,2
balech,balech,1,1
baltazar,Baltazar,1,1
balthasar,Balthasar,11,11
balthasares,Balthasarem,1,1
balthassar,Balthassar,2,2
balthazar,Balthazar,2,2
balthazares,Balthazarem,1,1
bam,bam,1,1
bannus,bannis,1,1
banthra,Banthra,1,1
baptiço,baptiçari,1,1
baptisa,baptism,1,1
baptisma,baptismum,10,35
baptisma,baptismi,10,35
baptisma,baptismo,4,35
baptisma,Baptismi,3,35
baptisma,baptisma,3,35
baptisma,Baptismum,2,35
baptisma,Baptismo,1,35
baptisma,baptismus,1,35
baptisma,Baptismatis,1,35
Baptista,Baptista,15,18
Baptista,Baptistam,3,18
baptizandique,baptizandique,1,1
baptizo,baptizati,6,27
baptizo,baptizatos,4,27
baptizo,baptizari,3,27
baptizo,baptizarat,2,27
baptizo,baptizavit,2,27
baptizo,baptizare,2,27
baptizo,baptizatus,2,27
baptizo,baptizantur,1,27
baptizo,baptizabant,1,27
baptizo,baptizandos,1,27
baptizo,baptizatur,1,27
baptizo,baptizandum,1,27
baptizo,baptizatorum,1,27
barba,barbam,2,2
barbaria,barbarie,2,2
barbaricus,barbaricis,1,1
barbarus,barbari,9,29
barbarus,barbarorum,5,29
barbarus,barbara,4,29
barbarus,barbaros,3,29
barbarus,barbaras,2,29
barbarus,barbaram,1,29
barbarus,barbarus,1,29
barbarus,barbaris,1,29
barbarus,Barbarum,1,29
barbarus,barbarum,1,29
barbarus,Barbaro,1,29
barbosus,Barbosa,1,1
barcelli,Barcellos,1,1
Barettus,Barettus,1,1
barnabas,Barnabas,2,2
barrapeliotaeis,Barrapeliotaeem,1,1
Barretus,Barretus,2,2
Barros,Barros,2,2
bartholameus,Bartholameus,1,1
bartholomaeus,Bartholomaeus,2,2
Bartholomaeus,Bartholomaeo,2,2
bartholomeus,Bartholomeus,3,3
bartolomeus,Bartolomeus,1,1
barul,Barul,1,1
basain,Basain,1,1
basainensis,Basainense,1,1
bascardus,Bascardos,1,1
basilica,basilicam,2,2
basilitanus,Basilitano,3,4
basilitanus,Basilitanus,1,4
basilius,Basilius,1,1
Basilius,Basilium,1,1
batavia,Batavia,1,1
batizo,batizavi,2,2
battizo,battizavi,2,9
battizo,Battizavi,2,9
battizo,battizati,1,9
battizo,battizassem,1,9
battizo,battizando,1,9
battizo,battizatus,1,9
battizo,battizavit,1,9
battizzo,battizzantur,1,1
batus,Bati,5,5
Bavaria,Bavariae,3,3
Bazaim,Bazaim,1,1
Bazainenis,Bazainense,1,1
beatioo,beatioremq,1,1
beatitudo,beatitudo,4,11
beatitudo,beatitudinis,3,11
beatitudo,beatitudinem,3,11
beatitudo,Beatitudinibus,1,11
beatus,beatae,13,43
beatus,beati,6,43
beatus,beatis,4,43
beatus,beatum,3,43
beatus,beatam,3,43
beatus,beata,3,43
beatus,beatorum,2,43
beatus,beatę,2,43
beatus,beatus,2,43
beatus,Beatum,1,43
beatus,Beatos,1,43
beatus,beato,1,43
beatus,beatas,1,43
beatus,beatissimae,1,43
belchus,Belchior,2,2
Belga,Belga,3,3
belgium,Belgio,1,1
bell,Bell,2,2
bella,bellam,1,1
bellam,bellamque,1,1
bellator,bellatoribus,1,1
bellicar,bellicar,1,1
bellicosus,bellicosi,1,1
bellicus,bellica,5,12
bellicus,bellicis,3,12
bellicus,bellico,2,12
bellicus,bellicorum,1,12
bellicus,bellicam,1,12
belliger,belliger,1,1
belliges,Belligerum,2,2
bello,bellantes,1,2
bello,bellatum,1,2
bellum,bellum,37,103
bellum,belli,27,103
bellum,bello,17,103
bellum,bella,8,103
bellum,bellis,6,103
bellum,bellorum,4,103
bellum,Bello,1,103
bellum,BELLO,1,103
bellum,Bellum,1,103
bellum,Belli,1,103
belluus,belluae,1,1
belua,bellua,1,1
bene,bene,56,79
bene,melius,21,79
bene,Bene,2,79
benedictio,benedictionem,6,11
benedictio,benedictione,4,11
benedictio,benedictionibus,1,11
Benedictos,Benedictos,1,1
benedictus,Benedictum,1,1
Benedictus,Benedictus,5,9
Benedictus,benedictus,3,9
Benedictus,Benedicti,1,9
benefacio,benefacere,1,1
benefactor,benefactoribus,1,1
beneficiarius,beneficiarius,1,1
beneficiatus,beneficiatorum,1,1
beneficium,beneficio,8,18
beneficium,beneficia,6,18
beneficium,beneficiis,2,18
beneficium,beneficium,1,18
beneficium,beneficii,1,18
beneficus,benefici,1,1
benefitia,benefitia,1,1
benemerio,benemeritis,1,1
benemeritus,benemeritam,1,1
beneplacitum,beneplacitum,3,5
beneplacitum,beneplacito,2,5
benèque,benèque,1,1
beneuolentia,beneuolentiam,2,2
benevolens,Benevolentissimi,1,1
benevolentia,benevolentia,10,20
benevolentia,benevolentiae,5,20
benevolentia,benevolentiam,4,20
benevolentia,benevolentie,1,20
benevolus,benevolus,1,3
benevolus,benevolo,1,3
benevolus,benevolum,1,3
benigne,benigne,6,7
benigne,benignissime,1,7
benignitas,benignitate,4,7
benignitas,benignitatem,1,7
benignitas,benignitas,1,7
benignitas,benignitatis,1,7
benignus,benignum,2,6
benignus,benignus,2,6
benignus,benignissimus,1,6
benignus,benignissimo,1,6
Bera,Bera,3,3
beratus,beratus,1,1
beritensis,Beritensis,1,1
bernardus,Bernardum,1,1
Bernardus,Bernardus,2,3
Bernardus,Bernardi,1,3
berno,bernant,1,1
bernus,Bernum,1,1
Bernus,Bernus,4,4
berosus,Berosus,1,1
Berytus,Berytus,4,4
bestialis,bestialibus,1,1
bestus,bestijs,1,1
bias,Bias,1,1
Biblia,Biblia,1,1
bibo,bibere,1,1
biduum,biduo,2,2
biennium,biennio,1,4
biennium,Biennio,1,4
biennium,biennii,1,4
biennium,biennium,1,4
bigensis,Bigensis,2,3
bigensis,Bigense,1,3
bigensus,Bigensi,1,1
bilances,bilancem,1,1
bileque,bileque,1,1
bingensum,Bingensi,1,1
bini,binos,4,9
bini,binas,4,9
bini,binae,1,9
binum,bini,1,1
binus,binis,1,1
bioiendonus,bioiendoni,2,2
bireo,bireti,1,1
biretus,biretum,2,2
birrus,birrum,1,1
bis,bis,9,9
bisque,bisque,1,1
Bithynia,Bithyniam,2,2
bito,bitaret,1,1
blanc,Blanc,16,16
blande,blande,1,1
blanditia,blanditias,1,1
blando,blandene,1,1
blas,Blas,1,1
Blasius,Blasio,3,3
blasphemia,blasphemiis,2,3
blasphemia,blasphemiae,1,3
bocarrus,Bocarro,1,1
bochius,Bochium,1,1
bolum,bolum,1,1
bombaim,Bombaim,2,2
bonaventura,Bonaventura,6,7
bonaventura,Bonaventuram,1,7
bonellus,Bonellus,3,3
bonique,bonique,3,3
bonìs,bonìs,1,1
bonitas,bonitas,7,16
bonitas,bonitati,4,16
bonitas,bonitatem,2,16
bonitas,bonitate,1,16
bonitas,bonitatis,1,16
bonitas,Bonitas,1,16
bonoque,bonoque,1,1
bonorumque,bonorumque,1,1
bonum,bonis,43,98
bonum,bonum,29,98
bonum,boni,15,98
bonum,bono,8,98
bonum,Bonis,2,98
bonum,Bonum,1,98
bonus,bona,36,178
bonus,bonorum,19,178
bonus,bonam,13,178
bonus,optima,12,178
bonus,Bonae,12,178
bonus,bonae,11,178
bonus,bonos,9,178
bonus,bonus,9,178
bonus,Bona,8,178
bonus,optimum,5,178
bonus,meliori,5,178
bonus,optimos,4,178
bonus,optimi,4,178
bonus,meliorem,4,178
bonus,melior,3,178
bonus,optimam,3,178
bonus,optimo,3,178
bonus,meliora,3,178
bonus,bone,2,178
bonus,Optimus,2,178
bonus,optimus,2,178
bonus,optimis,2,178
bonus,Optimo,2,178
bonus,optimae,1,178
bonus,meliores,1,178
bonus,bonas,1,178
bonus,Bonus,1,178
bonus,optimorum,1,178
bonzius,Bonziorum,4,12
bonzius,Bonzii,4,12
bonzius,bonziorum,2,12
bonzius,Bonziis,2,12
bonzus,Bonzi,4,16
bonzus,Bonzos,3,16
bonzus,bonzi,2,16
bonzus,Bonzorum,2,16
bonzus,Bonzis,2,16
bonzus,bonzos,1,16
bonzus,bonzus,1,16
bonzus,Bonzum,1,16
bor,bor,1,1
borealis,Boreales,4,15
borealis,Borealem,2,15
borealis,Borealium,2,15
borealis,borealibus,1,15
borealis,Borealiores,1,15
borealis,Borealibus,1,15
borealis,Boreali,1,15
borealis,Borealia,1,15
borealis,Borealissima,1,15
borealis,Borealis,1,15
boreus,Boream,5,5
borges,Borges,3,3
borralhum,Borralho,1,1
bos,boves,1,1
bosphorus,Bosphori,1,1
boster,Bostra,1,1
boym,Boym,4,4
braccarensis,Braccarensis,1,1
brachium,brachiis,1,2
brachium,brachia,1,2
brachmanes,Brachmanes,1,1
brachmanis,Brachmanibus,1,1
brachmanus,Brachmanas,1,1
bracteatus,bracteatae,1,1
brancatus,Brancato,1,2
brancatus,Brancati,1,2
brancus,Branco,1,1
Brandus,Brando,3,3
brasilia,Brasiliae,1,2
brasilia,Brasiliam,1,2
brasilina,Brasilinam,1,1
brasilius,brasilios,1,1
braxmanus,Braxmani,1,1
breuis,breve,10,17
breuis,Breve,3,17
breuis,brevem,2,17
breuis,breuis,1,17
breuis,breui,1,17
breuitas,breuitate,1,1
breuiter,breuiter,1,1
breviaris,breviaria,1,1
breviarium,breviarium,3,4
breviarium,Breviarium,1,4
brevique,brevique,1,1
brevis,brevi,22,29
brevis,brevibus,2,29
brevis,brevior,1,29
brevis,BREVIS,1,29
brevis,Brevi,1,29
brevis,brevissimis,1,29
brevis,brevis,1,29
brevitas,brevitate,2,3
brevitas,brevitatis,1,3
breviter,breviter,11,13
breviter,brevius,1,13
breviter,brevissime,1,13
brevus,brevissimo,6,6
Britannia,Britannia,1,1
bruttius,Bruttium,2,2
brutus,bruti,1,1
bubulus,bubulum,1,1
bug,Bug,1,1
bugen,Bugen,2,2
Bugenius,Bugeni,1,1
Bugenses,Bugensium,2,2
bugensis,Bugensis,1,2
bugensis,Bugense,1,2
bugensus,Bugensi,4,4
buglius,Buglio,2,2
buguensis,Buguensis,2,2
bulla,bullaque,1,3
bulla,bullae,1,3
bulla,bullas,1,3
bulles,bulle,1,1
bullio,bullientes,1,1
bullius,Bullio,1,1
bullum,bulla,6,6
bullus,bullam,9,9
bum,bo,1,1
bungenses,Bungensem,2,3
bungenses,Bungenses,1,3
bungensis,Bungense,4,4
bungensus,Bungensis,3,6
bungensus,Bungensi,3,6
bunguensis,Bunguensi,7,9
bunguensis,Bunguensium,1,9
bunguensis,Bunguensis,1,9
bungus,Bungo,6,13
bungus,Bungi,6,13
bungus,Bungum,1,13
burgundia,Burgundia,1,1
bus,bus,3,3
buzomus,Buzomi,2,2
byblus,Byblus,2,2
byler,Byleros,1,1
byrsus,Byrsa,1,1
byssinum,byssinum,1,1
byssus,byssus,1,2
byssus,byssi,1,2
Byzantium,Byzantium,1,1
C’ienthangus,C’ienthang,2,2
ca,Ca,1,2
ca,ca,1,2
cabra,Cabrai,1,1
cabral,Cabral,3,3
caceo,cacerem,1,1
cachinna,cachinnis,1,1
cacodaemo,cacodaemonis,1,1
cacodaemon,cacodaemonum,2,2
cacumen,cacumina,1,1
cadaver,cadaver,3,3
cadinus,Cadini,1,1
cado,cadet,2,12
cado,cecidisse,2,12
cado,caderet,2,12
cado,cadere,1,12
cado,casurum,1,12
cado,Cecidit,1,12
cado,cadebat,1,12
cado,cadaveris,1,12
cado,cadavera,1,12
cae,cae,2,2
caecitas,caecitate,4,6
caecitas,caecitates,1,6
caecitas,caecitatis,1,6
caecus,caeci,2,4
caecus,caecis,1,4
caecus,caeca,1,4
caecuto,caecutit,1,1
caedes,caede,4,8
caedes,caedes,3,8
caedes,caedem,1,8
caedo,caedibus,3,11
caedo,caesi,3,11
caedo,caesa,3,11
caedo,caesus,2,11
caelao,caelaveramus,1,1
caelestis,caelestem,5,14
caelestis,caelesti,4,14
caelestis,caeleste,3,14
caelestis,caelestibus,1,14
caelestis,caelestis,1,14
caelo,caelatum,1,1
caelum,caelo,7,30
caelum,caelum,7,30
caelum,Caelo,5,30
caelum,Caeli,3,30
caelum,Caelum,3,30
caelum,caeli,2,30
caelum,celo,1,30
caelum,celi,1,30
caelum,Caelorum,1,30
caena,Caenae,1,2
caena,caenam,1,2
caenula,caenulas,1,1
caeperamus,caeperamus,1,1
caepi,caepit,4,5
caepi,caeperit,1,5
caepum,caepi,2,2
caeremonia,caeremonias,1,1
caerimonium,caerimoniis,1,1
caesar,Caesar,1,2
caesar,Caesaris,1,2
Caesar,Caesarem,1,1
caesareus,Caesarea,4,6
caesareus,Caesaream,2,6
caetanus,Caetanus,1,1
caeter,caetera,10,13
caeter,caeterae,2,13
caeter,caeteras,1,13
caeteraequus,caeteraeque,1,1
caeteraque,caeteraque,2,2
caeterasque,caeterasque,1,1
caeterieo,caeterisque,5,5
caeterique,caeterique,1,1
caeterorumquus,caeterorumque,1,1
caeterus,caeteris,19,48
caeterus,Caeterum,12,48
caeterus,caeteros,5,48
caeterus,caeteri,3,48
caeterus,caetero,3,48
caeterus,caeterorum,2,48
caeterus,Caeteri,2,48
caeterus,caeterum,1,48
caeterus,Caeteris,1,48
caetus,caetui,1,3
caetus,caetum,1,3
caetus,caetu,1,3
cainocamidonus,Cainocamidonus,2,2
cainocamus,Cainocami,6,9
cainocamus,Cainocamo,2,9
cainocamus,Cainocamum,1,9
cainoco,Cainocamus,11,11
caipio,caeperunt,2,3
caipio,caeptum,1,3
Caiyues,Caiyuen,1,1
cal,cal,1,1
Calabria,Calabria,1,1
calamitas,calamitates,7,19
calamitas,calamitate,4,19
calamitas,calamitas,2,19
calamitas,calamitatem,2,19
calamitas,calamitatibus,1,19
calamitas,calamitatum,1,19
calamitas,Calamitatis,1,19
calamitas,calamitatib,1,19
calamitosus,calamitoso,1,1
calamus,calamo,2,3
calamus,calamus,1,3
calcar,calcaribus,1,1
calceus,Calceis,1,2
calceus,calceos,1,2
calciamentum,calciamentis,1,1
calculus,Calculis,1,1
caldeira,Caldeira,1,1
calder,Calderón,6,6
Caldeyra,Caldeyra,1,1
caldus,caldissima,1,1
calendar,Idibus,3,7
calendar,nonis,2,7
calendar,Nonis,2,7
calendes,Calendis,1,1
caliditas,caliditatem,1,1
calidus,calida,1,1
caliga,caligas,1,1
caliginosus,caliginosas,1,2
caliginosus,caliginosum,1,2
caligo,caligine,4,4
callide,callide,1,1
callidus,callidior,1,1
callis,calles,1,1
callo,callebat,1,1
calopecta,calopectas,1,1
calor,calorem,1,1
calumnia,calumniam,3,6
calumnia,calumnias,1,6
calumnia,calumniis,1,6
calumnia,calumniae,1,6
calumnio,calumniati,1,1
calumnior,calumniari,1,3
calumnior,calumniante,1,3
calumnior,calumniatus,1,3
calumniose,calumniose,1,1
cam,CAM,1,1
cám,Cám,2,2
camanica,camanicam,1,1
camarinus,Camarinorum,1,3
camarinus,Camarinis,1,3
camarinus,Camarini,1,3
cambaliech,Cambaliech,5,5
cambaliensis,Cambaliensem,1,2
cambaliensis,Cambaliensis,1,2
cambalieth,Cambalieth,1,1
cambium,cambium,2,3
cambium,cambio,1,3
cambogenis,Cambogenis,1,1
cambogensis,Cambogensis,3,5
cambogensis,Cambogensi,2,5
Camboja,Camboja,3,3
camboya,Camboyae,1,2
camboya,Camboya,1,2
cambus,Cambos,1,1
camelus,camelorum,2,4
camelus,camelos,2,4
camera,Camerae,3,4
camera,cameris,1,4
camerus,Camera,3,4
camerus,camera,1,4
camius,Camios,3,4
camius,Camiis,1,4
camor,Camorim,1,1
camorinus,Camorini,3,3
campana,campanas,2,4
campana,campanae,1,4
campana,Campanas,1,4
Campania,Campania,1,1
campanile,campanile,1,1
campus,campos,2,9
campus,campi,2,9
campus,campum,2,9
campus,campis,1,9
campus,campus,1,9
campus,campo,1,9
camus,Camos,3,8
camus,Camum,2,8
camus,Camorum,1,8
camus,Camus,1,8
camus,Cami,1,8
canalis,canalem,1,3
canalis,canali,1,3
canalis,canales,1,3
cancello,cancellatum,1,1
cancheu,Cancheu,6,6
cancrum,cancro,1,1
candela,candelas,1,3
candela,candelis,1,3
candela,candelam,1,3
candidus,candidas,1,2
candidus,candidis,1,2
candius,Candia,1,1
candor,candore,1,1
caneverus,Caneveri,3,3
canevo,Canevari,1,1
canguero,Cangueraso,1,1
canguetasus,Canguetasum,2,3
canguetasus,Canguetaso,1,3
cangueto,Canguetasi,1,1
caninus,caninum,1,1
canis,Canis,3,5
canis,canes,2,5
canities,canitiem,2,2
cano,canonem,3,4
cano,cecinit,1,4
canon,canonis,1,2
canon,canon,1,2
canonice,canonice,1,1
canonicus,canonica,1,4
canonicus,canonicum,1,4
canonicus,canonicam,1,4
canonicus,canonici,1,4
canstantinopolus,Canstantinopolis,1,1
canticum,canticis,1,1
canticus,Canticum,1,1
cantillo,cantillare,1,1
canto,cantamus,2,8
canto,cantes,1,8
canto,cantandi,1,8
canto,cantanda,1,8
canto,cantaretur,1,8
canto,Cantate,1,8
canto,Cantone,1,8
Canto,Cantonem,1,1
canton,Canton,13,13
cantonensis,Cantonensis,4,8
cantonensis,Cantonensi,3,8
cantonensis,Cantonense,1,8
cantonia,Cantoniam,1,1
cantoniensis,Cantoniensi,2,4
cantoniensis,Cantoniensis,2,4
cantonus,Cantoni,4,4
cantor,cantores,1,1
cantus,cantu,5,7
cantus,cantus,1,7
cantus,Cantam,1,7
canus,canus,1,1
canzuidonus,Canzuidonus,1,1
canzuiedo,Canzuiedoni,4,5
canzuiedo,Canzuiedonum,1,5
canzuiedonus,Canzuiedonus,9,10
canzuiedonus,Canzuiedono,1,10
canzuiendonus,Canzuiendono,4,4
canzuiodonus,Canzuiodono,1,1
canzusaensis,Canzusaensi,1,2
canzusaensis,Canzusaensem,1,2
canzuus,Canzui,1,1
cao,caet,1,2
cao,caepimus,1,2
Caocianus,Caociang,1,1
cap,cap,5,5
capaciquus,capacique,1,1
capacitas,capacitate,2,5
capacitas,capacitatem,2,5
capacitas,capacitas,1,5
capacius,capacioris,1,1
capax,capax,9,10
capax,capaces,1,10
capesso,capessendum,1,3
capesso,capessendam,1,3
capesso,capessendi,1,3
capillitium,capillitium,1,1
capillus,capillos,7,14
capillus,capillis,5,14
capillus,capillorum,2,14
capio,cepit,7,52
capio,capti,6,52
capio,capere,5,52
capio,captus,4,52
capio,capta,3,52
capio,capiat,3,52
capio,capiendas,2,52
capio,capio,2,52
capio,capiebant,2,52
capio,ceperunt,2,52
capio,Captus,2,52
capio,capiunt,2,52
capio,capit,2,52
capio,captos,2,52
capio,capiant,1,52
capio,capi,1,52
capio,captum,1,52
capio,Capta,1,52
capio,caperetur,1,52
capio,caperet,1,52
capio,capiendi,1,52
capio,capiendam,1,52
capitalis,capitalibus,2,5
capitalis,capitalis,1,5
capitalis,capitali,1,5
capitalis,capitale,1,5
capitaneus,Capitaneo,3,4
capitaneus,Capitanei,1,4
capitulum,capitulum,1,1
capo,capitur,4,4
cappadocia,Cappadocia,2,2
Cappadocius,Cappadociis,1,1
cappadox,Cappadoces,1,1
cappellanus,cappellanus,1,1
capsula,capsula,1,1
captiuus,captivum,1,1
captivus,captivis,3,8
captivus,captivus,2,8
captivus,captivos,2,8
captivus,captivi,1,8
captus,captu,1,1
caput,caput,34,93
caput,capite,20,93
caput,capita,17,93
caput,Caput,4,93
caput,capiti,4,93
caput,capitum,4,93
caput,capitis,3,93
caput,capud,2,93
caput,capitibus,2,93
caput,Capite,1,93
caput,Capitum,1,93
caput,Capita,1,93
carasanus,Carasanum,1,1
caravanus,caravana,1,1
carbunculus,carbunculus,1,1
carcavellus,Carcavelli,2,3
carcavellus,Carcavellos,1,3
carcer,carcere,7,22
carcer,carceres,4,22
carcer,carcerem,4,22
carcer,carcer,2,22
carcer,carcerum,1,22
carcer,carceris,1,22
carcer,carceribus,1,22
carcer,Carceres,1,22
carcer,carceri,1,22
cardinalis,Cardinales,5,12
cardinalis,Cardinalium,3,12
cardinalis,Cardinalis,2,12
cardinalis,Cardinalibus,1,12
cardinalis,cardinales,1,12
Cardinius,Cardinius,1,1
cardis,Cardim,5,5
cardosus,Cardosus,2,2
careo,careant,5,21
careo,careat,3,21
careo,carebunt,2,21
careo,carent,2,21
careo,caruisset,2,21
careo,caruisse,1,21
careo,carebamus,1,21
careo,carebat,1,21
careo,caruerit,1,21
careo,carebit,1,21
careo,carentes,1,21
careo,carentibus,1,21
Caria,Caria,1,1
cario,cartam,1,1
carisus,carissimoque,1,1
caritas,caritatis,4,10
caritas,caritate,3,10
caritas,caritas,2,10
caritas,caritatem,1,10
carlus,Carlos,1,1
carnalis,carnalem,1,2
carnalis,carnalibus,1,2
carnerus,Carnero,4,4
carnifex,carnificis,2,4
carnifex,carnifex,2,4
carnificina,carnificinam,1,2
carnificina,carnificina,1,2
carnifico,carnifici,2,2
carnificus,carnificum,1,1
carnius,carnium,1,1
caro,caro,3,6
caro,carne,2,6
caro,carnibus,1,6
carolus,Carolus,15,18
carolus,Carolo,2,18
carolus,Carolum,1,18
Carolus,Caroli,1,1
carpinus,Carpini,1,1
carraca,carracam,1,1
Carreós,Carreón,1,1
carrus,carris,1,1
Cartilia,Cartilia,1,1
carus,carissime,1,2
carus,carissimi,1,2
carvagle,Carvaglius,1,1
carvalhal,Carvalhal,1,1
carvalhus,Carvalho,5,5
carvalius,Carvalio,1,2
carvalius,CARVALIO,1,2
carvallus,Carvallius,2,2
casanovus,Casanova,2,2
casca,Cascaës,1,1
cascar,Cascar,1,1
caseus,caseum,1,2
caseus,Caseum,1,2
caspius,Caspium,1,1
cassa,cassas,1,1
castabalum,Castabala,1,1
caste,caste,2,2
castedo,Castellȩ,1,1
castellum,castello,1,3
castellum,Castello,1,3
castellum,castellis,1,3
castigo,castiges,1,2
castigo,castiganda,1,2
castimonia,castimoniam,2,2
castitas,castitatis,2,2
castor,castoris,1,1
castra,castra,5,6
castra,castris,1,6
castrum,castro,1,2
castrum,Castro,1,2
castus,castorum,1,3
castus,Castorum,1,3
castus,castis,1,3
casua,casua,1,1
casulâ,casulâ,1,1
casus,casu,14,40
casus,casus,12,40
casus,casibus,9,40
casus,casum,3,40
casus,casuum,1,40
casus,Casus,1,40
cat,Cat,2,2
catalogus,Catalogus,3,10
catalogus,catalogum,2,10
catalogus,catalogo,2,10
catalogus,CATALOGUS,1,10
catalogus,Catalogo,1,10
catalogus,CATALOGO,1,10
catalox,catalogis,2,3
catalox,Catalogis,1,3
catanus,Catanam,1,1
cataphractus,cataphractos,1,1
catastrophen,catastrophen,2,2
catastropx,catastrophe,1,1
catayum,Catayum,1,1
catechesin,catechesin,2,2
Catechesus,Catechesi,1,1
catechismus,Catechismi,2,9
catechismus,Catechismum,2,9
catechismus,Catechismò,1,9
catechismus,catechismum,1,9
catechismus,CATECHISMUS,1,9
catechismus,CATECHISMI,1,9
catechismus,Catechismo,1,9
catechista,Catechistae,1,1
catechizo,catechizandos,1,2
catechizo,catechizandi,1,2
catena,catenis,2,2
cathalogus,Cathalogus,2,5
cathalogus,cathalogus,1,5
cathalogus,CATHALOGUS,1,5
cathalogus,Cathalogis,1,5
catharina,Catharina,2,2
Catharinus,Catharinae,1,1
Cathay,Cathay,5,5
cathechizo,cathechizandis,1,1
cathecumenus,cathecumenos,1,1
cathedra,cathedram,2,2
cathedralis,cathedralem,2,3
cathedralis,cathedrali,1,3
cathequista,cathequistam,1,1
Catholicaequus,Catholicaeque,1,1
catholicus,Catholicae,6,27
catholicus,catholica,5,27
catholicus,catholicam,5,27
catholicus,Catholicum,2,27
catholicus,catholicae,2,27
catholicus,Catholica,2,27
catholicus,catholici,1,27
catholicus,catholicus,1,27
catholicus,catholicis,1,27
catholicus,catholice,1,27
catholicus,Catholice,1,27
Cato,Catonem,1,1
cator,catores,1,1
cattanaeus,Cattanaeus,1,1
cattaneus,Cattaneus,1,1
caucasus,Caucasus,1,1
cauda,caudam,1,1
caupo,caupones,1,1
causa,causa,65,115
causa,causam,23,115
causa,causas,11,115
causa,causis,10,115
causa,causae,4,115
causa,Causam,1,115
causa,causarum,1,115
causam,causamque,1,1
causasque,causasque,1,1
causȩ,causȩ,1,1
causo,causantes,1,1
caussa,caussa,1,1
caut,caut,1,1
cautela,cautela,3,4
cautela,Cautela,1,4
cauticus,cautica,1,1
cautio,cautione,2,3
cautio,cautio,1,3
cavachinourenses,Cavachinourensem,1,1
cavea,caveis,1,1
cavellus,cavellos,1,1
caveo,cavet,1,5
caveo,caveret,1,5
caveo,caveremus,1,5
caveo,caverent,1,5
caveo,cautum,1,5
Cavitensum,Cavitensi,1,1
Cayton,Cayton,2,2
caytonensis,Caytonensis,1,1
cazzucensis,Cazzucensis,1,1
cc,CC,1,1
CCC,CCC,6,6
CCCC,CCCC,1,1
cchan,cchan,1,1
ccingivus,Ccingiva,1,1
ccucumus,Ccucumi,1,1
cecido,ceciderat,1,1
cedo,cedere,8,24
cedo,cederet,4,24
cedo,cessit,2,24
cedo,cessisse,2,24
cedo,Cedet,1,24
cedo,cedet,1,24
cedo,cederent,1,24
cedo,cedat,1,24
cedo,cedendum,1,24
cedo,cedit,1,24
cedo,cedunt,1,24
cedo,cessuros,1,24
cędo,cędere,1,1
ceilanus,Ceilano,1,1
celeber,celebres,2,3
celeber,celebris,1,3
celebratio,celebrationem,1,1
celebris,celebrem,1,1
celebritas,celebritas,2,2
celebro,celebranda,2,16
celebro,celebraverunt,1,16
celebro,celebrabamus,1,16
celebro,celebraretur,1,16
celebro,celebrantibus,1,16
celebro,celebrandam,1,16
celebro,celebranti,1,16
celebro,celebrabatur,1,16
celebro,celebro,1,16
celebro,celebrare,1,16
celebro,celebrandi,1,16
celebro,celebrandis,1,16
celebro,celebraret,1,16
celebro,Celebrati,1,16
celebro,celebraremus,1,16
cȩlebro,cȩlebrata,1,1
celebrus,celebrior,2,3
celebrus,celebrab,1,3
celer,celeri,2,2
celeritas,celeritate,5,5
celeriter,celerius,1,3
celeriter,celeriter,1,3
celeriter,Celeriter,1,3
celerrime,celerrime,2,2
cęlestis,cęlestis,1,3
cęlestis,cęlestem,1,3
cęlestis,cęlesti,1,3
cella,cella,1,2
cella,cellas,1,2
cellarium,cellarium,1,1
celo,celatum,1,1
celssus,Celssus,1,1
cȩlus,cȩlum,1,2
cȩlus,cȩlo,1,2
cęlus,cęlum,1,1
cena,Cena,2,2
cȩna,cȩnam,1,1
cene,cene,1,2
cene,Cene,1,2
cȩnȩ,Cȩnȩ,1,1
cens,cens,1,1
censa,censa,2,2
censeo,censet,5,27
censeo,censetur,4,27
censeo,censerentur,3,27
censeo,censentur,2,27
censeo,censuerunt,2,27
censeo,censuit,2,27
censeo,censebam,1,27
censeo,censere,1,27
censeo,censendum,1,27
censeo,censebant,1,27
censeo,censeremus,1,27
censeo,censeantur,1,27
censeo,censenda,1,27
censeo,censeo,1,27
censeo,censeres,1,27
censura,censura,3,5
censura,censurarum,1,5
censura,censuras,1,5
censuro,censuris,1,1
census,census,3,8
census,censu,2,8
census,censum,2,8
census,censibus,1,8
centa,centa,1,1
centenarius,centenario,2,2
centesimus,centesimum,2,2
centiens,centies,1,1
centum,centum,36,38
centum,centena,2,38
ceo,cessuras,1,2
ceo,cessurus,1,2
cȩpero,cȩperant,1,1
Cephalonius,Cephalonia,1,1
cepio,ceperam,1,1
Cepta,Cepta,1,1
cera,cerae,1,2
cera,cera,1,2
cercus,cerciorem,1,1
cerebro,cerebro,1,1
ceremonia,ceremonias,2,2
ceremonium,ceremonia,1,2
ceremonium,ceremoniis,1,2
cerimonium,cerimonia,1,1
cerno,cernimus,3,13
cerno,creverunt,3,13
cerno,cernerentur,2,13
cerno,cernuntur,1,13
cerno,creverit,1,13
cerno,cerneret,1,13
cerno,cernebant,1,13
cerno,cernentibus,1,13
certamen,certamen,3,5
certamen,certamine,2,5
certatim,certatim,1,1
certe,certe,22,30
certe,Certe,5,30
certe,certius,3,30
certifico,certificati,1,2
certifico,certificatus,1,2
certius,certioresq,1,1
certo,certo,12,13
certo,Certo,1,13
certoque,certoque,1,1
certor,certamini,1,1
certus,certum,12,63
certus,certiores,9,63
certus,certam,6,63
certus,certos,6,63
certus,certiorem,5,63
certus,certa,4,63
certus,certior,4,63
certus,certus,3,63
certus,certissime,2,63
certus,certi,2,63
certus,certae,2,63
certus,certissimi,2,63
certus,certis,2,63
certus,certissimas,1,63
certus,certissimam,1,63
certus,certissimum,1,63
certus,certissima,1,63
cervix,cervice,2,4
cervix,cervicem,2,4
cesdo,cesserit,1,2
cesdo,cesseris,1,2
cespes,Cespedes,1,1
céspes,Céspedes,1,1
cessa,cessa,1,1
cessarius,cessariam,1,1
cesso,cessare,2,12
cesso,cessantia,2,12
cesso,cessavimus,1,12
cesso,cessarunt,1,12
cesso,cessant,1,12
cesso,cessaverat,1,12
cesso,cessante,1,12
cesso,cessam,1,12
cesso,cessabant,1,12
cesso,cessaret,1,12
cęteras,cęterasque,1,1
ceteręque,ceteręque,1,1
ceteriquus,ceterique,1,1
ceterisque,ceterisque,1,1
cȩterisque,cȩterisque,1,1
cęterisquus,cęterisque,1,1
ceterus,ceteris,9,31
ceterus,Ceterum,8,31
ceterus,cetera,4,31
ceterus,ceteras,3,31
ceterus,ceteros,3,31
ceterus,ceteri,3,31
ceterus,cetero,1,31
cȩterus,cȩteris,4,6
cȩterus,cȩteri,1,6
cȩterus,cȩtera,1,6
cęterus,cęteris,2,3
cęterus,cęteras,1,3
ceu,ceu,3,3
cęx,cęcis,1,1
chaam,Chaam,5,5
chaldaeus,Chaldaeorum,2,2
chaldeus,Chaldeos,1,2
chaldeus,Chaldeis,1,2
cham,Cham,1,1
chambalius,Chambaliech,1,1
chamor,Chamorum,1,1
chamus,Chami,3,3
chan,Chan,5,5
chancello,chancellatas,1,1
changcheu,Changcheu,2,2
changhienchungus,Changhienchungus,1,2
changhienchungus,Changhienchungum,1,2
Changhienchuus,Changhienchung,1,1
changus,Changus,1,1
chanis,Chanis,5,7
chanis,Chanem,2,7
Chaokinus,Chaoking,1,1
chaos,chaos,2,2
chapada,chapada,1,1
character,characteribus,3,7
character,character,1,7
character,characteres,1,7
character,characterem,1,7
character,charactere,1,7
charitas,charitate,11,22
charitas,charitatis,4,22
charitas,Charitatis,4,22
charitas,charitas,2,22
charitas,charitatem,1,22
charta,Chartas,1,2
charta,carta,1,2
charus,charissimo,2,14
charus,charissimus,2,14
charus,Charissime,2,14
charus,charissimi,2,14
charus,charissimum,1,14
charus,charissime,1,14
charus,charissimis,1,14
charus,charos,1,14
charus,charus,1,14
charus,charam,1,14
Chatkinus,Chatking,1,1
chatolicus,chatolici,1,2
chatolicus,chatolico,1,2
Chaukinus,Chauking,1,1
Chaulus,Chauli,1,1
Chekianus,Chekiang,13,13
cheuxus,Cheuxan,1,1
chì,CHÌ,3,4
chì,chì,1,4
chic,chi,1,1
chicugensus,Chicugensi,1,1
chicugoquensus,Chicugoquensi,2,2
chigivaensus,Chigivaensis,1,1
china,China,7,7
Chinarus,Chinarum,1,1
chinas,Chinas,1,1
Chinas,Chinan,1,1
chincheus,Chincheo,1,1
chinchilungus,Chinchilungus,2,2
Chinensis,Chinenses,1,1
chinensus,Chinensium,7,15
chinensus,Chinensibus,4,15
chinensus,Chinensis,4,15
Chinensus,Chinensi,5,5
ching,Ching,1,1
chingivaensus,Chingivaensi,1,1
Chingtus,Chingtu,4,4
chini,Chinae,11,11
chinyivaensis,Chinyivaensem,1,1
chiquan,Chiquan,1,1
chiqui,Chiquam,3,3
chiuencum,Chiuencheu,2,2
choneus,Choneum,1,1
chor,chorda,1,1
choranus,Chorani,1,1
choraula,choraulas,1,1
chorus,chorum,3,5
chorus,choros,1,5
chorus,choro,1,5
chriminalis,Chriminalis,2,2
chris,Chris,1,1
chrisianus,chrisianorum,1,1
chrisma,Chrismatis,1,1
christianam,christianamque,1,1
christianismus,Christianismus,2,2
christianitas,christianitates,3,9
christianitas,christianitatis,2,9
christianitas,christianitatem,1,9
christianitas,christianitas,1,9
christianitas,christianitate,1,9
christianitas,Christianitatem,1,9
christianorumque,Christianorumque,3,3
christianosq,Christianosq,1,1
christianus,Christianorum,74,415
christianus,Christiani,70,415
christianus,Christianis,56,415
christianus,Christianos,50,415
christianus,Christianae,33,415
christianus,Christianam,30,415
christianus,christiani,24,415
christianus,christianos,14,415
christianus,christianis,12,415
christianus,christianae,10,415
christianus,christianorum,9,415
christianus,Christianum,8,415
christianus,Christianus,7,415
christianus,christianum,5,415
christianus,christianus,5,415
christianus,christianam,5,415
christianus,christiane,1,415
christianus,Christianarum,1,415
christianus,Christianas,1,415
Christianus,Christiana,22,40
Christianus,christiana,8,40
Christianus,Christiano,8,40
Christianus,christiano,1,40
Christianus,CHRISTIANA,1,40
christoforus,Christoforus,1,1
christophor,Christophorus,2,2
christus,Christum,24,45
christus,Christus,20,45
christus,CHRISTUS,1,45
Christus,Christi,117,195
Christus,Christo,71,195
Christus,CHRISTI,5,195
Christus,CHRISTO,2,195
christvs,CHRISTVM,1,2
christvs,Christvs,1,2
Chrisus,Chriso,1,1
chronologia,Chronologia,1,1
chu,Chu,1,1
chum,chum,1,1
ciampus,Ciampa,1,1
cibus,cibos,2,8
cibus,cibus,2,8
cibus,cibo,1,8
cibus,cibis,1,8
cibus,ciborum,1,8
cibus,cibi,1,8
cicugen,Cicugen,4,4
cicugensis,Cicugense,3,3
Cicunganius,Cicungani,1,1
cicunganus,Cicungano,1,1
cicungus,Cicungo,1,1
cieo,citiùs,1,1
ciicio,cinxissent,1,1
Cilicia,Ciliciae,1,2
Cilicia,Cilicia,1,2
cilio,ciliare,1,1
cim,cim,1,1
cimex,cimex,1,1
Cinceum,Cinceo,1,1
ciner,cinerum,3,3
cingo,cingit,2,7
cingo,cingentes,1,7
cingo,cinxit,1,7
cingo,cingerent,1,7
cingo,cingunt,1,7
cingo,cincta,1,7
cingulus,cingulo,2,2
cinis,cineres,2,4
cinis,cinere,2,4
cinobite,cinobite,1,1
cinobitus,cinobitarum,1,1
cio,ciente,1,6
cio,cit,1,6
cio,ci,1,6
cio,ciam,1,6
cio,ciaremus,1,6
cio,ciunt,1,6
ciprianus,Ciprianum,1,1
circ,circ,1,1
circa,circa,31,34
circa,Circa,3,34
circensis,circenses,4,4
circensius,circensium,3,3
circensus,circensibus,1,1
circiter,circiter,12,12
circuitus,circuitu,1,2
circuitus,circuitum,1,2
circularis,circularem,2,2
circumdo,circumdatus,1,2
circumdo,circumdant,1,2
circumfero,circumfert,1,2
circumfero,circumferebantur,1,2
circumfluo,circumfluentes,1,3
circumfluo,circumfluit,1,3
circumfluo,circumfluent,1,3
circumiaceo,circumiacentem,1,1
circummunio,circummunivit,1,1
circumquaque,circumquaque,1,1
circumrapto,circumraptant,1,1
circumscribo,circumscripta,2,3
circumscribo,circumscribere,1,3
circumstantia,circumstantiis,2,2
circumteneo,circumtenere,1,1
circumuenio,circumueniuntur,1,1
circumvallo,circumvallatum,1,1
circumvenio,circumvenire,1,1
circumvesinus,circumvesinos,1,1
circumvezinus,circumvezinis,1,1
circumvicinus,circumvicinas,1,2
circumvicinus,circumvicinae,1,2
circunfero,circunferat,1,1
circunfluo,circunfluere,1,3
circunfluo,circunfluentes,1,3
circunfluo,circunfluet,1,3
circunfudo,circunfusus,1,1
circunfundo,circunfundetur,1,1
circunscribo,circunscribatur,1,2
circunscribo,circunscriptus,1,2
circunsto,circunstant,1,2
circunsto,circunstans,1,2
circunuo,circunuenti,1,1
cis,cis,1,1
citadelle,Citadellius,1,1
cito,cito,11,19
cito,citius,6,19
cito,citata,1,19
cito,citissime,1,19
citò,citò,2,2
citra,citra,5,5
citròque,citròque,1,1
citroquus,citroque,1,1
cittadellus,Cittadelli,4,4
ciuen,ciuen,1,1
ciuis,ciuium,1,1
ciuitas,ciuitates,25,75
ciuitas,ciuitas,17,75
ciuitas,ciuitatem,15,75
ciuitas,ciuitate,4,75
ciuitas,Ciuitates,4,75
ciuitas,ciuitati,4,75
ciuitas,ciuitatibus,3,75
ciuitas,ciuitatis,2,75
ciuitas,Ciuitatem,1,75
ciunagondonus,Ciunagondoni,1,1
ciunangodonus,Ciunangodonus,3,5
ciunangodonus,Ciunangodoni,2,5
ciunangondonus,Ciunangondonus,2,2
cius,cius,1,1
civilis,civilibus,2,4
civilis,Civiles,1,4
civilis,civile,1,4
civis,cives,10,21
civis,civibus,6,21
civis,civium,3,21
civis,civem,1,21
civis,civis,1,21
civitas,civitate,64,168
civitas,civitatem,31,168
civitas,civitatis,29,168
civitas,civitates,21,168
civitas,civitas,11,168
civitas,civitatibus,6,168
civitas,civitatum,3,168
civitas,civitati,1,168
civitas,Civitas,1,168
civitas,Civitatum,1,168
clad,clad,1,1
clades,clade,6,18
clades,cladem,5,18
clades,clades,3,18
clades,cladibus,2,18
clades,cladi,2,18
clam,clam,5,5
clamito,clamitant,1,1
clamo,clamant,3,11
clamo,clamantes,2,11
clamo,clamante,2,11
clamo,clamat,1,11
clamo,clamabunt,1,11
clamo,clamabat,1,11
clamo,clamabatut,1,11
clamor,clamoribus,2,4
clamor,clamore,1,4
clamor,clamor,1,4
clanculus,clanculum,1,1
clandestinus,clandestina,1,1
clango,clangentium,1,1
clangor,clangorem,1,1
clare,clarius,5,10
clare,clare,3,10
clare,clarissime,2,10
clarè,clarè,1,1
clarifico,clarificetur,1,1
claritas,claritas,2,3
claritas,claritatis,1,3
clarus,clara,2,9
clarus,clarus,2,9
clarus,clarissimae,1,9
clarus,clarissima,1,9
clarus,clarissimam,1,9
clarus,clarâ,1,9
clarus,claros,1,9
classis,classes,11,22
classis,classe,4,22
classis,classis,3,22
classis,classem,2,22
classis,classium,1,22
classis,classibus,1,22
claudico,claudicet,1,1
Claudius,Claudio,2,5
Claudius,Claudium,2,5
Claudius,CLAUDIUM,1,5
claudo,clausit,2,14
claudo,clauditur,2,14
claudo,clausi,2,14
claudo,clausid,1,14
claudo,claudens,1,14
claudo,clauso,1,14
claudo,clausa,1,14
claudo,clauderentur,1,14
claudo,clauduntur,1,14
claudo,claudantur,1,14
claudo,claudunt,1,14
claudus,claudus,1,1
clausula,clausula,2,2
clavicor,Clavicordium,1,1
clavicordio,Clavicordio,1,1
clavis,clavis,4,5
clavis,claves,1,5
clavus,clavum,2,2
clem,clem,1,1
clemens,Clementem,1,3
clemens,Clemens,1,3
clemens,clementem,1,3
Clemens,Clemente,1,1
clementer,clementissime,1,1
clementia,clementia,4,8
clementia,Clementiam,1,8
clementia,clementiam,1,8
clementia,clementiae,1,8
clementia,clementiaq,1,8
Clementinus,Clementina,1,2
Clementinus,Clementinam,1,2
clericus,clerici,3,4
clericus,clericorum,1,4
clientulus,clientulis,1,1
coacte,coacte,1,1
coadio,coadiutorum,1,1
coadiutor,Coadiutor,13,30
coadiutor,coadiutores,9,30
coadiutor,coadiutorem,6,30
coadiutor,coadiutor,1,30
coadiutor,Coadiutores,1,30
coadiutoribusquus,coadiutoribusque,1,1
coadjutor,Coadjutores,8,10
coadjutor,Coadjutor,1,10
coadjutor,Coadjutorem,1,10
coagmentatio,coagmentatio,1,1
coalo,coaluisset,1,1
coaluo,coaluerant,1,1
coam,Coam,1,1
coangusto,coangustabuntur,1,1
coangustus,coangusta,1,1
coarcto,coarctare,1,1
coarctor,coarctemur,1,1
coccanguis,Coccangue,1,1
Coccicinensis,Coccicinenses,2,2
Coccinozus,Coccinozu,1,1
cochinus,Cochino,3,8
cochinus,Cochinum,3,8
cochinus,Cochini,2,8
cochis,Cochim,2,2
cocicinensus,Cocicinensis,1,1
cocicinicus,Cocicinica,2,2
cocicinus,Cocicinae,2,2
cocinchina,Cocinchina,1,1
cocincinensis,Cocincinensis,2,3
cocincinensis,Cocincinensi,1,3
cocincinicus,Cocincinicae,4,6
cocincinicus,Cocincinica,2,6
cocincinus,Cocincina,5,6
cocincinus,Cocincinae,1,6
cocinensis,Cocinensis,1,1
cocinus,Cocini,2,2
coculinus,Coculinum,2,4
coculinus,Coculini,2,4
Codarzus,Codarzo,1,1
codex,codicem,2,2
coegi,coegisse,1,1
coego,coegeret,1,1
coei,coepto,1,1
coeipio,coemptae,2,2
Coela,Coelam,1,1
coelestis,coelesti,2,6
coelestis,coelestem,1,6
coelestis,coeleste,1,6
coelestis,coelestium,1,6
coelestis,Coelesti,1,6
coelhus,Coelho,3,3
coelle,Coellius,3,3
coelum,coelo,6,21
coelum,coelum,6,21
coelum,coeli,3,21
coelum,Coelo,2,21
coelum,Coelorum,1,21
coelum,coelorum,1,21
coelum,coelis,1,21
coelum,Coeli,1,21
coemiterius,coemiterio,1,1
coempo,coemptis,1,1
coemtto,coempti,1,1
coena,coene,1,1
coëngo,coëgerunt,1,1
coeo,coemerat,1,3
coeo,coeuntes,1,3
coeo,coibit,1,3
coëo,coëuntibus,1,1
coepi,coepit,18,30
coepi,coeperunt,4,30
coepi,coeptum,2,30
coepi,coepissent,1,30
coepi,coeperit,1,30
coepi,coepisset,1,30
coepi,coeptae,1,30
coepi,coepta,1,30
coepi,coeperat,1,30
coepio,coepimus,1,1
coepiscopus,Coepiscopo,1,1
coerceo,coerceat,1,2
coerceo,coercebit,1,2
coërco,coërcentur,1,1
coeterar,coeterarumque,1,1
coeterus,Coeterum,1,2
coeterus,coeterum,1,2
coetus,Coetus,1,1
coffler,Coffler,2,2
cogitao,cogitabundi,2,2
cogitatio,cogitationes,2,5
cogitatio,cogitatione,2,5
cogitatio,cogitationibus,1,5
cogito,cogitare,6,34
cogito,cogitabat,5,34
cogito,cogitaret,3,34
cogito,cogitari,3,34
cogito,cogitavi,2,34
cogito,cogitent,2,34
cogito,cogitabant,2,34
cogito,cogitavit,2,34
cogito,cogitabam,1,34
cogito,cogito,1,34
cogito,Cogitavi,1,34
cogito,cogitet,1,34
cogito,cogitatis,1,34
cogito,cogitauit,1,34
cogito,cogitabit,1,34
cogito,cogitat,1,34
cogito,cogitarit,1,34
cognatio,cognationis,1,1
cognatus,cognatos,3,7
cognatus,cognati,1,7
cognatus,cognatis,1,7
cognatus,cognatus,1,7
cognatus,cognato,1,7
cognio,cogniturus,1,1
cognitio,cognitione,8,14
cognitio,cognitio,3,14
cognitio,cognitionem,3,14
cognocio,cognocere,1,1
cognomen,cognomine,2,3
cognomen,cognomen,1,3
cognoro,cognorat,1,1
cognosco,cognita,11,59
cognosco,cognovimus,5,59
cognosco,cognovit,5,59
cognosco,cognito,4,59
cognosco,cognoscendi,3,59
cognosco,cognoscerent,3,59
cognosco,cognosci,3,59
cognosco,cognoscentes,2,59
cognosco,cognitas,2,59
cognosco,Cognita,2,59
cognosco,cognoscebis,1,59
cognosco,Cognosco,1,59
cognosco,cognoscebant,1,59
cognosco,cognosceremus,1,59
cognosco,cognoscamus,1,59
cognosco,cognoscere,1,59
cognosco,cognoscet,1,59
cognosco,cognovissent,1,59
cognosco,cognoscat,1,59
cognosco,cognoscant,1,59
cognosco,cognitae,1,59
cognosco,cognitis,1,59
cognosco,cogniti,1,59
cognosco,cognoscit,1,59
cognosco,cognoscunt,1,59
cognosco,cognosceret,1,59
cognosco,cognoscendae,1,59
cognosco,cognitum,1,59
cognosco,cognoscatur,1,59
cognum,cogni,1,1
cogo,coactus,13,66
cogo,cogere,5,66
cogo,cogor,5,66
cogo,coacti,5,66
cogo,coacta,4,66
cogo,cogente,3,66
cogo,cogeret,3,66
cogo,cogimur,2,66
cogo,cogantur,2,66
cogo,cogitur,2,66
cogo,cogamur,2,66
cogo,cogerentur,2,66
cogo,cogat,2,66
cogo,cogebat,1,66
cogo,cogemur,1,66
cogo,cogant,1,66
cogo,coguntur,1,66
cogo,cogar,1,66
cogo,coegissent,1,66
cogo,cogit,1,66
cogo,cogebantur,1,66
cogo,coacto,1,66
cogo,coactis,1,66
cogo,Cogita,1,66
cogo,coegerunt,1,66
cogo,coegit,1,66
cogo,cogebant,1,66
cogo,cogeretur,1,66
cogo,coctae,1,66
cohibeo,cohibere,1,2
cohibeo,cohibitus,1,2
cohorruo,cohorruit,1,1
cohors,cohors,1,1
cohortatio,cohortatione,1,1
cohortor,cohortari,2,2
coimo,coempta,3,3
coinungo,coinungi,1,1
coio,coire,2,3
coio,coivisset,1,3
coitus,coitu,2,2
colanus,Colano,1,1
Colasus,Colaso,4,4
colaus,Colaus,4,5
colaus,Colaum,1,5
colegium,colegii,1,2
colegium,colegio,1,2
colendo,colendissimus,1,1
colero,colerunt,1,1
coligo,coligere,1,1
collabor,collapsa,1,1
collateralis,collaterales,2,2
collaudo,collaudabat,1,1
collectarius,Collectaria,3,4
collectarius,collectaria,1,4
collectus,collectum,1,1
collegium,collegio,45,221
collegium,Collegium,41,221
collegium,collegium,31,221
collegium,Collegii,27,221
collegium,collegii,27,221
collegium,Collegio,25,221
collegium,collegia,14,221
collegium,collegiorum,5,221
collegium,collegiis,2,221
collegium,Collegiorum,2,221
collegium,COLLEGIO,1,221
collegium,Collegiis,1,221
collego,collegit,3,5
collego,collegerat,1,5
collego,collegere,1,5
collibueo,collibuerit,1,1
colligo,colligitur,4,34
colligo,colligit,3,34
colligo,collectis,3,34
colligo,colligere,3,34
colligo,collegerunt,2,34
colligo,colligendam,2,34
colligo,collegisset,2,34
colligo,colligati,1,34
colligo,collectos,1,34
colligo,collecto,1,34
colligo,colligii,1,34
colligo,colligebat,1,34
colligo,colliguntur,1,34
colligo,colligas,1,34
colligo,colligebamus,1,34
colligo,colligerent,1,34
colligo,Collectis,1,34
colligo,collecta,1,34
colligo,collegerant,1,34
colligo,colligunt,1,34
colligo,collecti,1,34
colligo,colligatos,1,34
collis,colles,1,1
collium,collium,1,1
collo,collari,1,2
collo,collatę,1,2
colloco,collocare,2,12
colloco,collocat,1,12
colloco,collocavimus,1,12
colloco,collocato,1,12
colloco,collocari,1,12
colloco,collocatum,1,12
colloco,collocanda,1,12
colloco,collocarunt,1,12
colloco,collocavi,1,12
colloco,collocentur,1,12
colloco,collocavere,1,12
colloquium,colloquiis,2,7
colloquium,colloquium,2,7
colloquium,colloquio,2,7
colloquium,colloquia,1,7
colloquo,colloquantur,1,2
colloquo,colloquerentur,1,2
colloquor,colloqui,2,5
colloquor,colloquebatur,2,5
colloquor,colloquendum,1,5
colloquus,colloquioq,1,1
colluceo,collucens,1,1
collum,collum,2,3
collum,collo,1,3
colo,colere,7,43
colo,colunt,5,43
colo,coli,3,43
colo,colendus,3,43
colo,colentes,2,43
colo,colendam,2,43
colo,colende,2,43
colo,colant,2,43
colo,colamus,2,43
colo,colantur,2,43
colo,coleretur,2,43
colo,coluntur,1,43
colo,Colunt,1,43
colo,coleret,1,43
colo,colat,1,43
colo,colimus,1,43
colo,colendum,1,43
colo,colerent,1,43
colo,coluit,1,43
colo,coluerunt,1,43
colo,colebat,1,43
colo,coleremus,1,43
colonia,Coloniam,1,2
colonia,Colonie,1,2
colonus,Coloni,1,1
color,colore,4,6
color,coloribus,2,6
colossus,Colossum,1,1
columna,columnae,2,5
columna,columnis,2,5
columna,columna,1,5
com,com,2,2
Comania,Comanie,2,5
Comania,Comaniam,2,5
Comania,Comania,1,5
combentus,combentu,2,2
comburo,comburere,1,4
comburo,comburendum,1,4
comburo,comburantur,1,4
comburo,comburunt,1,4
combusso,combussisse,1,3
combusso,combusserunt,1,3
combusso,combussit,1,3
combustio,combustiones,1,1
combusto,combusta,3,4
combusto,combustas,1,4
combustus,combusti,1,1
comedo,comedendo,1,2
comedo,comedere,1,2
comendo,comendatum,2,5
comendo,comendamus,1,5
comendo,comendatis,1,5
comendo,comendari,1,5
comercium,comercium,2,2
comertium,comertium,4,4
comes,comites,4,11
comes,comitibus,2,11
comes,comis,2,11
comes,comite,1,11
comes,comitem,1,11
comes,comem,1,11
comestio,comestionem,1,1
comilitium,comilitium,1,1
comissarius,comissarius,3,10
comissarius,comissario,3,10
comissarius,comissarii,2,10
comissarius,Comissarius,2,10
comistto,comisserunt,1,1
comitas,comitate,5,7
comitas,comitatem,1,7
comitas,comitatis,1,7
comitatus,comitatu,2,3
comitatus,comitatum,1,3
comiter,comiter,1,1
comitor,comitatus,4,11
comitor,comitarentur,2,11
comitor,comitata,1,11
comitor,comitantes,1,11
comitor,comitati,1,11
comitor,comitabantur,1,11
comitor,comitari,1,11
comitto,comisso,1,4
comitto,comittere,1,4
comitto,comissum,1,4
comitto,comittendum,1,4
commeatus,commeatu,2,3
commeatus,commeatum,1,3
commēendo,commēendavit,1,1
commemoro,commemorabo,2,12
commemoro,commemoratis,2,12
commemoro,commemorat,1,12
commemoro,commemorabit,1,12
commemoro,commemoratus,1,12
commemoro,commemoranda,1,12
commemoro,commemoratas,1,12
commemoro,commemorandis,1,12
commemoro,commemorari,1,12
commemoro,commemorata,1,12
commendatio,commendatione,1,2
commendatio,commendatio,1,2
commendatitia,commendatitiae,1,1
commendo,commendamus,2,17
commendo,commendo,2,17
commendo,commendavit,2,17
commendo,commendaui,1,17
commendo,commendarent,1,17
commendo,commendando,1,17
commendo,commendare,1,17
commendo,commendauit,1,17
commendo,commendatam,1,17
commendo,commendabant,1,17
commendo,commendatos,1,17
commendo,commendata,1,17
commendo,commendarat,1,17
commendo,commendemus,1,17
commentum,commento,1,1
commentus,commentus,1,1
commercium,commercium,6,11
commercium,commercio,3,11
commercium,commercia,2,11
commigro,commigraret,1,3
commigro,commigrarit,1,3
commigro,commigrar,1,3
commilito,commilitones,3,3
comminatio,comminatione,1,1
comminor,comminati,1,1
commisarius,commisario,1,1
commisceo,commiscerentur,1,2
commisceo,commisceri,1,2
commiseratio,commiseratione,3,3
commissarius,commissarius,15,30
commissarius,commissario,9,30
commissarius,commissarii,3,30
commissarius,commissarium,3,30
commissio,commissione,2,4
commissio,commissionis,1,4
commissio,Commissione,1,4
commiteo,commitebat,1,1
commitor,commitatur,1,1
committo,commisit,6,47
committo,commissas,5,47
committo,commissa,4,47
committo,commissi,3,47
committo,commissum,3,47
committo,commissis,2,47
committo,committamus,2,47
committo,committeret,2,47
committo,committeremus,2,47
committo,committerent,2,47
committo,committere,2,47
committo,commissorum,1,47
committo,committebant,1,47
committo,committi,1,47
committo,committitur,1,47
committo,committat,1,47
committo,commissos,1,47
committo,committatur,1,47
committo,commisso,1,47
committo,commissam,1,47
committo,committit,1,47
committo,commisisse,1,47
committo,commiserant,1,47
committo,committens,1,47
committo,commissus,1,47
commode,commode,11,15
commode,commodius,4,15
commodę,commodę,1,1
commoditas,commoditatem,4,8
commoditas,commoditate,1,8
commoditas,commoditas,1,8
commoditas,commoditatibus,1,8
commoditas,commoditates,1,8
commodo,commodabat,2,2
commodum,commodi,1,4
commodum,commodo,1,4
commodum,commodorum,1,4
commodum,commodis,1,4
commodumq,commodumq,1,1
commodus,commoda,4,13
commodus,commodum,4,13
commodus,commodiorem,3,13
commodus,commodas,1,13
commodus,commodissimum,1,13
commonefacio,commonefactus,1,3
commonefacio,commonefaceret,1,3
commonefacio,commonefacti,1,3
commoneficio,commonefecit,1,1
commonefipio,commonefecissemus,1,1
commoratio,commoratione,1,2
commoratio,commoratio,1,2
commoro,commoraturus,1,1
commoror,commorandi,5,25
commoror,commorantur,4,25
commoror,commoratus,3,25
commoror,commorantes,2,25
commoror,commorantibus,2,25
commoror,commorabantur,2,25
commoror,commorarentur,1,25
commoror,commorantium,1,25
commoror,Commorantur,1,25
commoror,commorati,1,25
commoror,commoratur,1,25
commoror,commorabatur,1,25
commoror,commorantem,1,25
commoueo,commoti,2,3
commoueo,commota,1,3
commoveo,commoverentur,1,3
commoveo,commovit,1,3
commoveo,commoveri,1,3
communico,communicare,5,17
communico,communicata,3,17
communico,communicet,1,17
communico,communicavit,1,17
communico,communicamus,1,17
communico,communicant,1,17
communico,communicatae,1,17
communico,communicaret,1,17
communico,communicat,1,17
communico,communicari,1,17
communico,communicarent,1,17
communio,communionem,2,7
communio,communionis,1,7
communio,communione,1,7
communio,communito,1,7
communio,communivit,1,7
communio,communierunt,1,7
communique,communique,1,1
communis,communi,12,43
communis,communis,9,43
communis,communem,5,43
communis,commune,4,43
communis,communes,4,43
communis,communibus,3,43
communis,communioribus,2,43
communis,communia,1,43
communis,Communis,1,43
communis,comunem,1,43
communis,communion,1,43
communitas,Communitas,1,1
communiter,communiter,3,3
communiterque,communiterque,1,1
Commurinus,Commurini,1,1
commuto,commutaretur,1,4
commuto,commutavit,1,4
commuto,commutare,1,4
commuto,commutaturum,1,4
como,comit,1,1
comode,comodius,2,2
comodus,comodum,1,2
comodus,comodam,1,2
comoedia,Comoediam,1,2
comoedia,comoedia,1,2
comoedium,comoediis,2,2
compacto,compactarum,1,2
compacto,compacti,1,2
compactum,compactum,2,2
compactus,compacta,1,1
Compagnia,Compagnia,2,2
compago,compago,1,1
comparatio,comparatione,2,5
comparatio,comparatio,1,5
comparatio,Comparatio,1,5
comparatio,Comparationibus,1,5
compareo,comparuerunt,1,3
compareo,comparuissent,1,3
compareo,comparuisse,1,3
comparo,comparatur,2,12
comparo,comparari,2,12
comparo,Comparaverunt,1,12
comparo,compararunt,1,12
comparo,comparatis,1,12
comparo,comparaverat,1,12
comparo,compararent,1,12
comparo,comparassent,1,12
comparo,comparare,1,12
comparo,comparasset,1,12
compatior,compatiamur,1,2
compatior,compatiatur,1,2
compego,compegit,1,1
compelio,compelit,1,1
compello,compulsus,2,11
compello,compulsi,2,11
compello,compellere,1,11
compello,compellat,1,11
compello,compellunt,1,11
compello,compellitur,1,11
compello,compellaret,1,11
compello,compellabant,1,11
compello,compellerent,1,11
compendium,compendium,1,2
compendium,Compendium,1,2
Compendius,Compendio,2,4
Compendius,compendio,1,4
Compendius,Compendii,1,4
compensatio,compensatio,1,1
compensatura,compensaturam,1,1
compenso,compensavere,1,4
compenso,compensant,1,4
compenso,compensavit,1,4
compenso,compensari,1,4
comperio,compertum,5,11
comperio,comperta,2,11
comperio,comperisem,1,11
comperio,compertam,1,11
comperio,comperti,1,11
comperio,comperiemus,1,11
compesco,compescat,1,1
competenter,competenter,1,1
competo,competentibus,1,5
competo,competente,1,5
competo,competenti,1,5
competo,competentem,1,5
competo,competunt,1,5
compilo,compilat,1,1
complecto,complectuntur,1,1
complector,complectitur,4,11
complector,complexus,2,11
complector,complecti,2,11
complector,complectar,1,11
complector,complectendam,1,11
complector,complexi,1,11
compleo,completum,4,16
compleo,completis,2,16
compleo,completur,1,16
compleo,compleat,1,16
compleo,complebatur,1,16
compleo,complevi,1,16
compleo,complevit,1,16
compleo,complerem,1,16
compleo,compleamus,1,16
compleo,compleri,1,16
compleo,complendas,1,16
compleo,complect,1,16
completus,completus,1,1
complexio,complexione,1,2
complexio,complexionem,1,2
complexus,complexu,2,2
complures,complures,6,8
complures,complura,2,8
compono,composuit,2,10
compono,componunt,1,10
compono,compositus,1,10
compono,composuerunt,1,10
compono,componendi,1,10
compono,componeret,1,10
compono,composita,1,10
compono,componere,1,10
compono,compositae,1,10
compos,compotes,1,1
composio,composituros,1,1
compositio,compositione,1,2
compositio,compositionem,1,2
composition,compositionibusq,1,1
compositiòque,compositiòque,1,1
compositosque,compositosque,1,1
compositum,composito,1,1
comprehendo,comprehendens,1,7
comprehendo,comprehendit,1,7
comprehendo,comprehensas,1,7
comprehendo,comprehendi,1,7
comprehendo,Comprehenduntur,1,7
comprehendo,comprehensi,1,7
comprehendo,comprehensa,1,7
comprimo,comprimit,1,5
comprimo,compressi,1,5
comprimo,comprimendam,1,5
comprimo,compressit,1,5
comprimo,compressis,1,5
comprobo,comprobetur,2,7
comprobo,comprobari,1,7
comprobo,comprobare,1,7
comprobo,comprobarunt,1,7
comprobo,comprobatunt,1,7
comprobo,comprobaret,1,7
compromitto,compromiserant,1,1
compulio,compulisset,1,1
compustella,Compustellam,1,1
computo,computemus,1,2
computo,computandum,1,2
Computus,Computu,1,1
comuenio,comueniunt,1,1
comunico,comunicandi,1,1
con,con,5,5
conatus,conatu,3,5
conatus,conatibus,2,5
conatusque,conatusque,1,1
concdo,concessere,3,3
concedibilis,concedibilis,1,1
concedo,concedere,14,87
concedo,concessa,10,87
concedo,concessit,10,87
concedo,concedit,4,87
concedo,concessum,4,87
concedo,concessis,3,87
concedo,conceditur,3,87
concedo,concederet,3,87
concedo,concedatur,3,87
concedo,concedendum,2,87
concedo,concesso,2,87
concedo,concessae,2,87
concedo,concesserit,2,87
concedo,concedimus,2,87
concedo,concesserat,2,87
concedo,concedat,2,87
concedo,concessam,2,87
concedo,concessisset,2,87
concedo,concessuros,1,87
concedo,concedendo,1,87
concedo,concedet,1,87
concedo,concederetur,1,87
concedo,concessurus,1,87
concedo,concedenda,1,87
concedo,concedantur,1,87
concedo,concedis,1,87
concedo,conceduntur,1,87
concedo,concesserunt,1,87
concedo,concedentes,1,87
concedo,Concessum,1,87
concedo,concedentibus,1,87
concedo,concessurum,1,87
concedo,concessuram,1,87
Concepcion,Concepcion,1,1
conceptio,Conceptione,8,8
conceptus,conceptus,1,2
conceptus,conceptu,1,2
concerno,concernentia,1,1
concessio,concessio,3,12
concessio,concessionem,3,12
concessio,concessiones,2,12
concessio,concessione,2,12
concessio,concessionibus,2,12
concessus,concessus,1,1
concha,concha,1,1
conchendo,Conchensis,1,1
concido,concidat,1,5
concido,concidit,1,5
concido,concidi,1,5
concido,conciderunt,1,5
concido,concisae,1,5
concientia,concientiae,1,1
concilio,conciliavit,2,11
concilio,concilient,2,11
concilio,concilietur,1,11
concilio,conciliaret,1,11
concilio,conciliatâ,1,11
concilio,conciliatur,1,11
concilio,conciliata,1,11
concilio,conciliare,1,11
concilio,conciliarent,1,11
concilium,Concilium,2,8
concilium,Concilii,2,8
concilium,concilii,2,8
concilium,Concilio,1,8
concilium,concilium,1,8
concinno,concinnandum,1,1
concio,concionibus,6,16
concio,CONCIO,4,16
concio,conciones,2,16
concio,Concionibus,1,16
concio,concioni,1,16
concio,concionem,1,16
concio,coniect,1,16
concionator,Concionator,2,7
concionator,concionator,2,7
concionator,concionatores,2,7
concionator,Concionatoris,1,7
concionatorius,concionatoria,1,1
conciono,concionatus,2,7
conciono,Concionatur,1,7
conciono,concionantur,1,7
conciono,concionari,1,7
conciono,concionandum,1,7
conciono,concionandi,1,7
concipio,concipio,2,9
concipio,conceptum,1,9
concipio,concepta,1,9
concipio,concipientes,1,9
concipio,conceperant,1,9
concipio,concepit,1,9
concipio,concepto,1,9
concipio,conceptam,1,9
concitatio,concitatio,1,1
concito,concitata,1,3
concito,concitat,1,3
concito,concitatus,1,3
conciuo,conciues,1,1
conclamo,conclamatum,1,2
conclamo,conclamant,1,2
conclavis,Conclave,1,1
concludo,concluderet,2,9
concludo,conclusi,1,9
concludo,conclusa,1,9
concludo,concluduntur,1,9
concludo,concludi,1,9
concludo,concludes,1,9
concludo,concluditur,1,9
concludo,conclusum,1,9
conclusio,conclusione,1,2
conclusio,conclusionibus,1,2
conclusiuus,Conclusiva,1,1
concoquo,concoquere,1,1
concordia,concordia,2,3
concordia,concordiis,1,3
concordo,Concordat,2,4
concordo,concordaverunt,1,4
concordo,concordantes,1,4
concredo,concreditae,1,1
concremo,concrematae,2,2
concretus,concretum,2,2
concubina,concubinae,2,2
concubitus,concubitus,2,3
concubitus,concubitum,1,3
concuerdus,Concuerda,1,1
conculco,conculcaretur,1,1
concupisco,concupiscamus,1,3
concupisco,concupiscat,1,3
concupisco,concupisco,1,3
concurro,concurrentibus,4,12
concurro,concurrere,2,12
concurro,concurrat,1,12
concurro,concurrimus,1,12
concurro,concurrant,1,12
concurro,concurrit,1,12
concurro,concurrerent,1,12
concurro,concurrerunt,1,12
concursus,concursu,3,7
concursus,concursum,2,7
concursus,concursus,2,7
concusdo,concussae,1,1
concustio,concusserint,1,1
concutio,concussit,1,2
concutio,concutitur,1,2
condecoror,condecoratus,1,1
condemno,condemnati,2,7
condemno,condemnatur,2,7
condemno,condemnaret,1,7
condemno,condemnans,1,7
condemno,condemnata,1,7
condicio,condicione,1,1
condico,Condicta,2,4
condico,condixerunt,1,4
condico,condicto,1,4
conditio,conditione,8,27
conditio,conditionibus,6,27
conditio,conditio,4,27
conditio,conditionem,3,27
conditio,conditiones,3,27
conditio,conditionis,2,27
conditio,conditionum,1,27
conditionesqne,conditionesqne,1,1
conditor,Conditoris,1,1
condo,condidit,3,14
condo,condita,2,14
condo,conditae,1,14
condo,condidisse,1,14
condo,condere,1,14
condo,condenda,1,14
condo,condendis,1,14
condo,conditas,1,14
condo,condant,1,14
condo,condiderit,1,14
condo,conditisi,1,14
condoleo,condolere,1,1
condoluo,condoluere,1,1
condonatio,condonationem,1,1
condono,condonavit,2,11
condono,condonatur,1,11
condono,condonetur,1,11
condono,condonata,1,11
condono,condonatum,1,11
condono,condonate,1,11
condono,condonantur,1,11
condono,condonaret,1,11
condono,condonarit,1,11
condono,condonanda,1,11
condormio,condormiunt,1,1
conduc,conduc,1,1
conduco,conducere,3,10
conduco,conduxit,2,10
conduco,conductis,2,10
conduco,conductum,1,10
conduco,conduxerunt,1,10
conduco,conducit,1,10
conduetudo,conduetudinem,1,1
cone,cone,1,1
coneo,conentur.Ob,1,1
confaedo,confaederatus,1,2
confaedo,confaederatum,1,2
confaloner,Confalonerus,1,1
confectus,confectus,1,2
confectus,CONFECTUS,1,2
confedero,confederati,1,1
conferentia,Conferentiarum,1,1
confero,contulit,11,54
confero,contuli,5,54
confero,conferre,4,54
confero,collata,4,54
confero,contulerunt,4,54
confero,conferunt,3,54
confero,conferret,3,54
confero,conferant,2,54
confero,conferendi,2,54
confero,collatum,2,54
confero,confert,2,54
confero,confertum,2,54
confero,collatos,1,54
confero,conferrem,1,54
confero,collatam,1,54
confero,conferendo,1,54
confero,contulisset,1,54
confero,conferantur,1,54
confero,conferatur,1,54
confero,conferens,1,54
confero,collato,1,54
confero,conferrent,1,54
conferturque,conferturque,1,1
confessarius,confessarius,2,6
confessarius,Confessarium,1,6
confessarius,confessarii,1,6
confessarius,Confessario,1,6
confessarius,Confessarii,1,6
confessarlus,confessarli,1,1
confessio,confessiones,11,33
confessio,confessionem,7,33
confessio,confessione,6,33
confessio,confessionis,4,33
confessio,confessionibus,4,33
confessio,Confessiones,1,33
confessor,confessores,2,3
confessor,Confessoribus,1,3
confestim,confestim,8,8
conficio,confectis,5,20
conficio,confecto,2,20
conficio,conficiunt,2,20
conficio,conficere,1,20
conficio,conficitur,1,20
conficio,conficiendi,1,20
conficio,confici,1,20
conficio,conficit,1,20
conficio,confecta,1,20
conficio,confectae,1,20
conficio,conficiebant,1,20
conficio,conficiamur,1,20
conficio,conficeretur,1,20
conficio,conficiendum,1,20
confido,confidimus,8,20
confido,confidamus,4,20
confido,confidit,2,20
confido,confidentes,1,20
confido,confidens,1,20
confido,confidunt,1,20
confido,confidebant,1,20
confido,confisi,1,20
confido,Confidimus,1,20
confinis,confinis,2,4
confinis,confines,1,4
confinis,confini,1,4
confinium,confinia,1,1
confinius,confiniis,1,1
confinus,confinibus,1,1
confirmatio,confirmatio,3,6
confirmatio,confirmationem,2,6
confirmatio,Confirmationis,1,6
confirmo,confirmare,4,22
confirmo,confirmant,3,22
confirmo,confirmatum,2,22
confirmo,confirmaret,2,22
confirmo,confirmata,2,22
confirmo,confirmauit,2,22
confirmo,confirmando,1,22
confirmo,confirmarit,1,22
confirmo,confirmaturum,1,22
confirmo,confirmandam,1,22
confirmo,confirmarunt,1,22
confirmo,confirmati,1,22
confirmo,confirmarentur,1,22
confiteo,confiterentur,4,4
confiteor,confessus,5,14
confiteor,confessi,2,14
confiteor,confitentur,2,14
confiteor,confitendi,2,14
confiteor,confiteri,1,14
confiteor,confesso,1,14
confiteor,confitenda,1,14
confixio,confixerint,1,1
conflagratio,conflagrationem,1,1
conflagro,conflagravit,2,2
conflicto,conflictari,1,1
conflictus,conflictu,4,5
conflictus,conflictus,1,5
confligo,confligit,1,1
conflo,conflarunt,1,2
conflo,Conflatur,1,2
confluo,confluerent,1,3
confluo,confluentium,1,3
confluo,confluet,1,3
conflus,confli,1,2
conflus,conflu,1,2
confoederatio,confoederationis,1,1
confoedero,confoederati,1,2
confoedero,confoederatis,1,2
confor,confor,1,1
conformis,conformis,1,3
conformis,conformi,1,3
conformis,conformia,1,3
conformitas,Conformitatem,1,1
conformo,conformari,1,2
conformo,conformamus,1,2
conforto,confortante,1,3
conforto,confortat,1,3
conforto,confortavit,1,3
confosndo,confossus,1,1
confucius,Confucii,1,1
confugio,confugerant,4,11
confugio,confugerat,2,11
confugio,confugientes,1,11
confugio,confugiebant,1,11
confugio,confugere,1,11
confugio,confugientibus,1,11
confugio,confugisse,1,11
confundo,confundantur,1,9
confundo,confundendo,1,9
confundo,confunderetur,1,9
confundo,confundatur,1,9
confundo,confusam,1,9
confundo,confusas,1,9
confundo,confusos,1,9
confundo,confusa,1,9
confundo,confundendum,1,9
confusio,confusione,2,5
confusio,confusionis,1,5
confusio,confusio,1,5
confusio,confusionem,1,5
confutatio,confutatio,1,1
confuto,confutantur,1,1
Congenses,Congensium,1,1
congensum,Congensi,1,1
congr,Congr,1,1
congratulor,congratulantium,1,1
congregatio,Congregationis,26,77
congregatio,Congregatione,18,77
congregatio,Congregatio,16,77
congregatio,Congregationem,7,77
congregatio,Congregationi,5,77
congregatio,congregationes,1,77
congregatio,Congregationes,1,77
congregatio,congregationi,1,77
congregatio,CONGREGATIONIS,1,77
congregatio,congregatione,1,77
congrego,congregatis,5,31
congrego,congregati,3,31
congrego,congregavit,3,31
congrego,congregare,2,31
congrego,congregantur,2,31
congrego,congregandi,2,31
congrego,congregarentur,1,31
congrego,Congregatis,1,31
congrego,congregata,1,31
congrego,congregetur,1,31
congrego,Congregandorum,1,31
congrego,congregatorum,1,31
congrego,congregant,1,31
congrego,congregante,1,31
congrego,congregan,1,31
congrego,congregantes,1,31
congrego,congregaverunt,1,31
congrego,congregatae,1,31
congrego,congregarunt,1,31
congrego,congregaret,1,31
congressus,congressu,5,5
congruo,congruenti,2,12
congruo,congruere,2,12
congruo,congruentia,2,12
congruo,congruentior,1,12
congruo,congruentibus,1,12
congruo,congruentem,1,12
congruo,congruentes,1,12
congruo,congruens,1,12
congruo,congruebat,1,12
conguensis,Conguensem,1,2
conguensis,Conguensis,1,2
conicio,coniectus,2,4
conicio,coniecti,1,4
conicio,coniecisse,1,4
conieccio,coniecturos,1,1
coniecto,coniectabunt,1,1
coniectura,coniecturam,1,1
coniecturaliter,coniecturaliter,1,1
coniicio,coniicere,3,11
coniicio,coniiciens,2,11
coniicio,coniiciunt,1,11
coniicio,coniicerent,1,11
coniicio,coniiciet,1,11
coniicio,coniiciebamus,1,11
coniicio,coniici,1,11
coniicio,coniiceret,1,11
conijco,conijcere,1,1
conimbrica,Conimbricam,2,2
conimbricens,Conimbricensis,1,1
coninctio,coninctione,1,1
coniugalis,coniugali,1,2
coniugalis,coniugale,1,2
coniugium,coniugii,4,7
coniugium,coniugium,1,7
coniugium,coniugia,1,7
coniugium,coniugiorum,1,7
coniugo,coniugata,1,1
coniugum,coniugum,5,5
coniunctio,coniunctionem,3,5
coniunctio,coniunctione,2,5
coniunctus,coniunctiores,1,2
coniunctus,coniunctissimus,1,2
coniungo,coniungi,2,16
coniungo,coniunctae,2,16
coniungo,coniunctus,2,16
coniungo,coniunctis,2,16
coniungo,coniungere,2,16
coniungo,coniungitur,1,16
coniungo,coniuncte,1,16
coniungo,coniuncta,1,16
coniungo,coniungerentur,1,16
coniungo,coniunctam,1,16
coniungo,coniungeret,1,16
coniunx,coniugi,5,10
coniunx,coniuge,3,10
coniunx,coniux,2,10
coniuractio,coniuractione,1,1
coniuratio,Coniuratio,1,1
coniuro,coniurant,1,1
coniux,coniuges,3,7
coniux,coniugem,2,7
coniux,coniunc,1,7
coniux,coniugis,1,7
conjicio,conjici,1,1
conjungo,conjunctam,2,7
conjungo,conjunctum,2,7
conjungo,conjungere,1,7
conjungo,conjuncto,1,7
conjungo,conjuncta,1,7
conjuro,conjurati,1,1
connofero,connotulit,1,1
connurensis,Connurensem,1,1
conor,conati,7,30
conor,conatus,7,30
conor,conatum,3,30
conor,conantur,2,30
conor,conatur,2,30
conor,conabatur,2,30
conor,conamur,1,30
conor,conari,1,30
conor,Conatus,1,30
conor,conata,1,30
conor,conantes,1,30
conor,conaremur,1,30
conor,conabantur,1,30
conourensus,Conourensi,1,2
conourensus,Conourensis,1,2
conpello,conpulerunt,1,1
conquestus,conquestus,2,3
conquestus,conquesti,1,3
conquiesco,conquievisset,1,1
conquio,conquierunt,1,1
conquiro,conquisiti,2,4
conquiro,conquisitus,1,4
conquiro,conquiri,1,4
conquisio,conquisitos,1,1
conquo,conqueri,1,1
conradus,Conrado,1,1
consaluto,consalutavit,1,1
Consalvus,Consalvus,1,1
consanguineus,consanguinei,3,4
consanguineus,consanguineus,1,4
conscelero,consceleratis,1,1
conscendo,conscendant,2,10
conscendo,conscendit,2,10
conscendo,conscendendam,1,10
conscendo,conscendat,1,10
conscendo,conscenderent,1,10
conscendo,conscenderant,1,10
conscendo,conscendunt,1,10
conscendo,Conscensa,1,10
conscido,conscidisse,1,1
conscientia,conscientiae,12,28
conscientia,conscientia,8,28
conscientia,conscientiam,3,28
conscientia,conscientias,3,28
conscientia,conscientiis,1,28
conscientia,conscientie,1,28
conscius,consciis,1,3
conscius,conscii,1,3
conscius,conscius,1,3
conscribo,conscripserunt,2,8
conscribo,conscribere,2,8
conscribo,conscribentium,1,8
conscribo,conscriberem,1,8
conscribo,conscribunt,1,8
conscribo,conscriberetur,1,8
consecratio,Consecrationis,1,2
consecratio,consecratio,1,2
consecro,consecrato,1,3
consecro,consecrent,1,3
consecro,consecrati,1,3
consecto,consectatur,1,1
consecuquor,consecuturis,1,1
consecuturo,consecuturam,1,1
consedo,consessit,1,1
consefero,consecuturae,1,1
consensio,consensione,2,3
consensio,consensiunt,1,3
consensus,consensu,7,8
consensus,consensum,1,8
consentaneus,consentaneum,6,12
consentaneus,consentanea,3,12
consentaneus,consentaneam,2,12
consentaneus,consentaneus,1,12
consentio,consentiant,2,4
consentio,consentiente,1,4
consentio,consensit,1,4
consequenter,consequenter,4,4
consequor,consequitur,8,29
consequor,consequi,4,29
consequor,consecuti,2,29
consequor,consecuta,2,29
consequor,consequetur,2,29
consequor,consecuturum,2,29
consequor,consequendum,1,29
consequor,consequeretur,1,29
consequor,consequantur,1,29
consequor,consequuntur,1,29
consequor,consequentes,1,29
consequor,consecutus,1,29
consequor,consecutum,1,29
consequor,consequatur,1,29
consequor,consecutae,1,29
conseruo,conseruant,2,11
conseruo,conseruata,2,11
conseruo,conservandam,1,11
conseruo,conservandum,1,11
conseruo,conseruamur,1,11
conseruo,conseruarent,1,11
conseruo,conseruatae,1,11
conseruo,conservata,1,11
conseruo,conseruet,1,11
conservatio,conservationem,3,5
conservatio,conservatione,1,5
conservatio,conservatio,1,5
conservo,conservare,3,11
conservo,conservandas,2,11
conservo,conservaret,2,11
conservo,conservat,1,11
conservo,conservet,1,11
conservo,conservarunt,1,11
conservo,conservandis,1,11
conservus,conservos,1,1
consicio,conspexere,1,1
conside,conside,1,1
considerabilis,considerabilis,1,1
consideratio,consideratione,3,4
consideratio,consideratio,1,4
considero,considerantes,3,15
considero,considerata,2,15
considero,consideres,2,15
considero,consideravimus,1,15
considero,consideraret,1,15
considero,considero,1,15
considero,considerabant,1,15
considero,considerate,1,15
considero,considerauerint,1,15
considero,considera,1,15
considero,considerant,1,15
consido,consederunt,1,2
consido,considet,1,2
consigno,consignata,1,1
consiliariisis,consiliariisq,1,1
consilioque,consilioque,1,1
consilium,consilio,26,61
consilium,consilium,17,61
consilium,consilia,11,61
consilium,consiliorum,4,61
consilium,consiliis,3,61
consimilis,consimili,2,2
consisto,consistens,1,5
consisto,consistunt,1,5
consisto,consistentem,1,5
consisto,consistere,1,5
consisto,constiterit,1,5
consobrinus,consobrinus,1,2
consobrinus,consobrinum,1,2
consolatio,consolatione,8,23
consolatio,consolationem,7,23
consolatio,consolatio,3,23
consolatio,Consolationes,1,23
consolatio,consolationi,1,23
consolatio,consolationes,1,23
consolatio,Consolatione,1,23
consolatio,consolationis,1,23
consolator,consolatorem,1,1
consoleor,consolentur,1,1
consolo,consolandam,1,1
consolor,consolatur,5,11
consolor,consolari,3,11
consolor,consolatus,2,11
consolor,consolati,1,11
consonor,consonantem,1,1
consonus,consonum,3,4
consonus,consona,1,4
conspectus,conspectu,6,10
conspectus,conspectum,3,10
conspectus,conspectus,1,10
conspicio,conspexi,1,5
conspicio,conspicitur,1,5
conspicio,conspicietur,1,5
conspicio,conspiciebant,1,5
conspicio,conspiciebat,1,5
conspicuus,conspicua,1,1
conspiratio,conspiratio,1,2
conspiratio,conspirationem,1,2
constans,constanti,2,4
constans,Constanti,1,4
constans,constantissimi,1,4
constanter,constanter,4,5
constanter,constantissime,1,5
constantia,constantiam,4,8
constantia,constantia,3,8
constantia,constantiae,1,8
constantinopolis,Constantinopolim,2,2
constantinopolus,Constantinopolis,2,2
constantinus,Constantinus,4,6
constantinus,Constantino,1,6
constantinus,Constantinum,1,6
consterno,consternatos,1,1
constipo,constipati,1,1
constituo,constituta,12,72
constituo,constitutus,7,72
constituo,constituit,7,72
constituo,constitutum,5,72
constituo,constituti,4,72
constituo,constituitur,3,72
constituo,constitui,3,72
constituo,constituimus,3,72
constituo,constitutae,2,72
constituo,constituere,2,72
constituo,constituatur,2,72
constituo,constitutis,2,72
constituo,constituendo,2,72
constituo,constituendum,2,72
constituo,constituerunt,2,72
constituo,constituant,2,72
constituo,constituunt,2,72
constituo,constituerent,1,72
constituo,constituissent,1,72
constituo,constitueretur,1,72
constituo,constituto,1,72
constituo,Constituit,1,72
constituo,constituendus,1,72
constituo,constituendam,1,72
constituo,constituentes,1,72
constituo,constituerint,1,72
constituo,Constitutus,1,72
constitutio,constitutiones,4,17
constitutio,constitutionibus,3,17
constitutio,Constitutiones,3,17
constitutio,Constitutionibus,3,17
constitutio,Constitutionum,2,17
constitutio,constitutionem,1,17
constitutio,constitutione,1,17
constitutiucula,constitutiuculas,1,1
consto,constat,19,52
consto,constet,8,52
consto,constans,4,52
consto,constare,4,52
consto,Constat,3,52
consto,constabit,3,52
consto,constabat,2,52
consto,constant,2,52
consto,constitit,2,52
consto,constantis,1,52
consto,constarent,1,52
consto,constaret,1,52
consto,constent,1,52
consto,constabant,1,52
constor,constantibus,1,1
constringo,constringi,3,4
constringo,constricta,1,4
construo,constructa,6,17
construo,constructum,3,17
construo,construere,2,17
construo,construendam,1,17
construo,construxit,1,17
construo,construenda,1,17
construo,construunt,1,17
construo,construi,1,17
construo,construetis,1,17
constutuo,constutuit,1,1
consuesco,consueta,5,11
consuesco,consuerat,1,11
consuesco,consueuit,1,11
consuesco,consueuerat,1,11
consuesco,consueverunt,1,11
consuesco,consueverat,1,11
consuesco,consuetis,1,11
consuetudo,consuetudine,3,8
consuetudo,Consuetudines,1,8
consuetudo,consuetudinem,1,8
consuetudo,consuetudines,1,8
consuetudo,consuetudo,1,8
consuetudo,consuetudini,1,8
consul,consule,1,1
consulo,consulere,5,17
consulo,consulat,3,17
consulo,consuleretur,2,17
consulo,consultum,2,17
consulo,consulta,1,17
consulo,Consulere,1,17
consulo,consulentibus,1,17
consulo,consuluisset,1,17
consulo,consuleret,1,17
consulor,consulatur,2,2
Consult,Consult,1,1
consultatio,consultationi,1,1
consultius,consultius,1,1
consultivus,consultiva,1,1
consulto,consultavimus,1,1
consultor,consultoribus,1,2
consultor,Consultoribus,1,2
consummatio,consummationem,1,2
consummatio,consummatio,1,2
consummo,consummandum,1,1
consumo,consumpta,2,10
consumo,consumatus,1,10
consumo,consumpsimus,1,10
consumo,consumeret,1,10
consumo,consumptis,1,10
consumo,consumpserunt,1,10
consumo,consumamus,1,10
consumo,consumere,1,10
consumo,consumenda,1,10
consurensis,Consurensis,1,1
contabesco,contabescunt,1,1
contactus,contactu,1,2
contactus,contactus,1,2
contamino,contaminat,1,1
contego,contegunt,2,2
conteho,contectos,1,1
contemno,contemnentes,1,7
contemno,contemni,1,7
contemno,contemneret,1,7
contemno,contemnendis,1,7
contemno,contemnendae,1,7
contemno,contemnenda,1,7
contemno,contemneremus,1,7
contemo,contemptos,1,1
contemplatio,contemplationis,1,1
contemplor,contemplatus,2,3
contemplor,contemplari,1,3
contemptibilis,contemptibilia,1,1
contemptim,contemptim,1,1
contemptus,contemptum,3,4
contemptus,contemptui,1,4
contendo,contendit,5,18
contendo,contendebant,3,18
contendo,contendunt,2,18
contendo,contendere,2,18
contendo,contendendum,1,18
contendo,contendo,1,18
contendo,contendant,1,18
contendo,contenderat,1,18
contendo,contenderent,1,18
contendo,contendisse,1,18
contentio,contentione,4,8
contentio,contentio,2,8
contentio,contentionibus,1,8
contentio,contentiones,1,8
contentiose,contentiose,1,1
contentus,contentissima,1,1
conterreo,conterruit,1,1
contexeo,contexere,1,1
contexta,contextis,1,1
contexum,contexunt,1,1
continens,continentem,2,4
continens,continenti,2,4
continenter,continenter,1,1
continentia,continentia,1,2
continentia,continentiae,1,2
contineo,contentus,13,68
contineo,continet,11,68
contineo,contenti,4,68
contineo,contentis,3,68
contineo,contentam,3,68
contineo,continens,3,68
contineo,continebat,3,68
contineo,continentur,3,68
contineo,continere,3,68
contineo,continerent,3,68
contineo,contineret,2,68
contineo,contineant,2,68
contineo,continetur,1,68
contineo,continebant,1,68
contineo,contenta,1,68
contineo,contentas,1,68
contineo,contineatur,1,68
contineo,Continet,1,68
contineo,continebantur,1,68
contineo,continente,1,68
contineo,contentum,1,68
contineo,contineretur,1,68
contineo,contineri,1,68
contineo,CONTINENTUR,1,68
contineo,continendis,1,68
contineo,continent,1,68
contineo,contineo,1,68
contingo,contingat,2,11
contingo,contingere,2,11
contingo,contigit,2,11
contingo,continget,1,11
contingo,contigerunt,1,11
contingo,contingeret,1,11
contingo,contigisset,1,11
contingo,Contigit,1,11
continuatio,continuatione,1,1
continue,continue,1,1
continuo,continuo,13,17
continuo,continuati,1,17
continuo,continuandae,1,17
continuo,continuata,1,17
continuo,continuare,1,17
continuò,continuò,1,1
continuoque,continuoque,2,2
continuus,continuis,4,11
continuus,continuam,2,11
continuus,continua,2,11
continuus,continuos,2,11
continuus,continuum,1,11
contra,contra,92,94
contra,Contra,2,94
contracto,contractant,1,1
contractus,contractibus,1,1
contrada,contrada,1,1
contradico,contradicere,1,4
contradico,contradicendum,1,4
contradico,contradicente,1,4
contradico,contradixerunt,1,4
contraeo,contraire,1,1
contraho,contractum,4,14
contraho,contraxit,2,14
contraho,contrahere,2,14
contraho,contrahentibus,1,14
contraho,contraxerim,1,14
contraho,contracta,1,14
contraho,contraham,1,14
contraho,contractus,1,14
contraho,contraxerat,1,14
contrao,contraximus,1,2
contrao,contraxisse,1,2
contrarius,contrarium,5,13
contrarius,contraria,4,13
contrarius,contrarios,2,13
contrarius,contrario,1,13
contrarius,contrariis,1,13
contrauo,Contrauero,1,1
contravero,Contravero,2,2
contrecto,contrectari,1,1
contritio,contritionem,2,4
contritio,Contritione,1,4
contritio,contritionis,1,4
controversia,controversias,1,4
controversia,controversiam,1,4
controversia,controversia,1,4
controversia,controversiae,1,4
contrucido,contrucidatis,1,3
contrucido,contrucidarunt,1,3
contrucido,contrucidandos,1,3
contulo,contulere,1,1
contumelia,contumelias,2,4
contumelia,contumeliam,1,4
contumelia,contumelijs,1,4
contumeliose,contumeliose,1,1
conuenentia,conuenentia,1,1
conueneo,conuenentem,1,1
conuenio,conuenire,4,11
conuenio,convenit,3,11
conuenio,conuenientem,2,11
conuenio,conveni,1,11
conuenio,conueniens,1,11
conuentus,conuentu,1,1
conuerto,converso,2,5
conuerto,conuertatur,1,5
conuerto,conuertat,1,5
conuerto,conuersi,1,5
conuestio,conuestiret,1,1
conuictus,conuictu,1,1
conuinco,conuicti,3,4
conuinco,convicta,1,4
convaleo,Convalueram,1,1
convehendo,convehenda,1,1
convenienter,convenienter,3,3
convenio,convenire,8,38
convenio,convenirent,5,38
convenio,conveniens,4,38
convenio,convenientem,3,38
convenio,conveniat,3,38
convenio,convenerunt,3,38
convenio,conveniant,2,38
convenio,convenientissimum,2,38
convenio,convenisse,2,38
convenio,convenimus,1,38
convenio,conveniet,1,38
convenio,convenerit,1,38
convenio,convenientes,1,38
convenio,convenere,1,38
convenio,convenerant,1,38
conventus,conventu,10,18
conventus,conventibus,4,18
conventus,conventus,3,18
conventus,Conventus,1,18
conversatio,conversationem,2,3
conversatio,conversatione,1,3
conversio,conversionem,7,30
conversio,conversionis,6,30
conversio,conversio,5,30
conversio,conversiones,3,30
conversio,conversioni,3,30
conversio,Conversio,2,30
conversio,conversione,2,30
conversio,Conversioni,1,30
conversio,Conversionem,1,30
conversor,conversatus,1,1
conversus,conversorum,2,2
converto,conversus,6,41
converto,convertit,4,41
converto,converterat,3,41
converto,conversos,3,41
converto,conversa,3,41
converto,converteret,2,41
converto,converterentur,2,41
converto,converti,2,41
converto,convertendis,2,41
converto,convertere,2,41
converto,convertendae,2,41
converto,convertitur,1,41
converto,conversis,1,41
converto,convertendam,1,41
converto,convertunt,1,41
converto,converteretur,1,41
converto,convertatur,1,41
converto,convertantur,1,41
converto,conversae,1,41
converto,converterent,1,41
converto,convertendi,1,41
convinco,convictis,1,3
convinco,convicti,1,3
convinco,convictus,1,3
convivium,convivia,3,10
convivium,convivio,3,10
convivium,convivium,2,10
convivium,conviviis,2,10
convivor,convivantes,1,1
convoco,convocatis,3,7
convoco,convocat,2,7
convoco,convocarant,1,7
convoco,Convocatis,1,7
conzuraensus,Conzuraensi,1,1
cooperator,cooperatores,2,3
cooperator,cooperatoribus,1,3
cooperio,cooperientes,1,2
cooperio,coopertus,1,2
coopertorium,coopertorio,1,1
coopto,cooptat,1,1
copia,copias,15,50
copia,copia,11,50
copia,copiis,10,50
copia,copiae,6,50
copia,copiam,4,50
copia,copiarum,4,50
copiasque,copiasque,1,1
copiose,copiose,2,2
copiosus,copiosa,3,9
copiosus,copiosam,2,9
copiosus,copiosum,1,9
copiosus,copiosos,1,9
copiosus,copiosiore,1,9
copiosus,copiosi,1,9
copulatio,copulatione,1,2
copulatio,copulationem,1,2
copulo,copuletur,2,7
copulo,copulati,1,7
copulo,copulatur,1,7
copulo,copulatus,1,7
copulo,copulatis,1,7
copulo,copulabitur,1,7
coquus,coquus,4,4
cor,cor,11,37
cor,corde,8,37
cor,cordis,6,37
cor,corda,4,37
cor,cordibus,4,37
cor,cordi,3,37
cor,cordium,1,37
cora,Corai,1,1
coraeus,Coraeam,1,1
coraianus,Coraianae,2,2
Coraianus,Coraiano,5,8
Coraianus,Coraiana,1,8
Coraianus,Coraiani,1,8
Coraianus,Coraianum,1,8
coram,coram,32,32
cordo,cordonum,1,3
cordo,cordatus,1,3
cordo,cordatum,1,3
cordor,cordati,1,1
corea,Coream,1,1
coreanus,Coreanis,4,8
coreanus,Coreano,2,8
coreanus,Coreani,1,8
coreanus,Coreanos,1,8
coreas,Coreae,10,10
corensis,Corensis,1,1
Corenza,Corenzam,1,1
corina,Corina,1,1
corinthus,Corinthum,2,2
corium,corium,1,3
corium,corio,1,3
corium,corii,1,3
cornu,cornu,1,1
corona,corona,6,11
corona,coronam,3,11
corona,Coronarum,1,11
corona,coronae,1,11
Coronadus,Coronado,1,1
corono,coronatam,1,4
corono,coronati,1,4
corono,coronatum,1,4
corono,coronarunt,1,4
corpora,corporae,1,1
corporalis,corporalibus,3,3
corporeus,corporeis,1,2
corporeus,corpoream,1,2
corporisque,corporisque,2,2
corpus,corporis,24,114
corpus,corpus,24,114
corpus,corpore,18,114
corpus,corpora,18,114
corpus,corporibus,14,114
corpus,corpori,8,114
corpus,corporum,4,114
corpus,Corpus,3,114
corpus,Corpora,1,114
corpusque,corpusque,1,1
Correa,Correa,7,7
corrigo,corrigat,1,6
corrigo,correctos,1,6
corrigo,corrigendos,1,6
corrigo,corrigatur,1,6
corrigo,correcta,1,6
corrigo,correcti,1,6
corripio,corripiendi,1,2
corripio,corripere,1,2
corripo,corripuerit,1,1
corro,corrasit,1,1
corroboro,corroboratum,1,2
corroboro,corroborati,1,2
corrumpo,corrumpi,2,9
corrumpo,corruptus,2,9
corrumpo,corruptos,1,9
corrumpo,corruptis,1,9
corrumpo,corrumpit,1,9
corrumpo,corrupto,1,9
corrumpo,corruptum,1,9
corruo,corruit,3,7
corruo,corruat,1,7
corruo,corruet,1,7
corruo,corruere,1,7
corruo,corrueret,1,7
corrupio,corrupit,1,1
corruptela,corruptela,1,2
corruptela,corruptelae,1,2
corruptio,corruptionis,1,1
corruptus,corrupti,2,3
corruptus,corruptissimo,1,3
Cortalinum,Cortalinum,1,1
Cortesius,Cortesius,1,1
cortex,cortice,1,1
corumenus,Corumensium,2,2
corumus,Corumi,1,1
corusco,coruscantem,1,2
corusco,coruscantes,1,2
corvinus,Corvino,2,2
cosmas,Cosmas,3,3
Cosmiannes,Cosmiannes,1,1
cosmus,Cosmus,4,10
cosmus,Cosmum,3,10
cosmus,Cosmo,3,10
cospectus,cospectum,1,1
Cossora,Cossora,1,1
costa,Costa,3,4
costa,costa,1,4
costantinus,Costantini,1,1
coster,costrorum,1,1
costo,costantes,1,2
costo,costantiâ,1,2
Cothay,Cothay,3,3
cotidianus,cotidianum,1,1
cottidie,quotidie,17,21
cottidie,cotidie,3,21
cottidie,Quotidie,1,21
Cottinius,Cottinius,2,2
coulanus,Coulani,2,2
coulãus,Coulão,1,1
coviglian,Coviglian,1,1
coymbras,Coymbrae,1,1
cozurenses,Cozurensem,1,1
cramentum,cramentorum,1,2
cramentum,cramentum,1,2
crassus,Crassus,1,3
crassus,crassis,1,3
crassus,crassum,1,3
crastinus,crastino,1,1
cratus,Crati,1,1
creator,Creator,3,5
creator,creatori,2,5
creatura,creaturis,2,3
creatura,creaturae,1,3
creaturȩ,creaturȩ,1,1
creber,crebris,1,4
creber,creberrime,1,4
creber,crebra,1,4
creber,crebrae,1,4
crebrior,crebriores,1,1
crebrisque,crebrisque,1,1
crebrius,crebrius,1,1
crebrò,crebrò,1,1
credibilis,credibile,1,1
credibilitas,credibilitatis,1,1
creditor,creditoribus,1,1
credituo,credituque,1,1
credo,credo,8,68
credo,credimus,7,68
credo,credunt,6,68
credo,credentes,4,68
credo,creditur,4,68
credo,credere,3,68
credo,credentium,3,68
credo,crederent,3,68
credo,credi,2,68
credo,credendum,2,68
credo,Credo,2,68
credo,crederem,2,68
credo,credam,2,68
credo,credidit,2,68
credo,creditis,1,68
credo,credideritis,1,68
credo,credit,1,68
credo,credet,1,68
credo,credebatur,1,68
credo,credant,1,68
credo,credas,1,68
credo,Credi,1,68
credo,Credat,1,68
credo,crederentur,1,68
credo,crederetur,1,68
credo,credetes,1,68
credo,crediderunt,1,68
credo,credat,1,68
credo,crederes,1,68
credo,credebant,1,68
credo,crederet,1,68
credo,credenti,1,68
cremo,cremarunt,1,1
creo,creatus,4,17
creo,crearet,2,17
creo,creamus,2,17
creo,creatae,2,17
creo,creatis,2,17
creo,creauit,1,17
creo,creatarum,1,17
creo,creatas,1,17
creo,creabatur,1,17
creo,creavit,1,17
cresco,crescente,5,16
cresco,crevit,4,16
cresco,crescat,3,16
cresco,crescit,2,16
cresco,Crescit,1,16
cresco,crescebat,1,16
Creta,Creta,1,2
Creta,creta,1,2
crimen,crimen,8,16
crimen,criminum,3,16
crimen,criminibus,2,16
crimen,crimina,2,16
crimen,criminis,1,16
criminalis,Criminalis,2,4
criminalis,Criminali,1,4
criminalis,Criminalem,1,4
criminatio,Criminationes,1,1
crinis,crines,4,4
Critana,Critana,1,1
croceus,Croceum,4,7
croceus,Croceo,1,7
croceus,Crocei,1,7
croceus,croceum,1,7
crocinus,Crocino,1,1
cruc,cruc,1,1
cruciatus,cruciatus,5,13
cruciatus,cruciatibus,4,13
cruciatus,cruciatuum,2,13
cruciatus,cruciatu,1,13
cruciatus,cruciatum,1,13
crucifigo,Crucifixus,1,1
crucio,cruciantur,1,2
crucio,cruciarentur,1,2
crucior,crucior,1,1
crude,crude,1,1
crudelis,crudelissime,8,17
crudelis,crudelissimam,2,17
crudelis,crudelis,1,17
crudelis,crudelem,1,17
crudelis,crudelior,1,17
crudelis,crudeles,1,17
crudelis,crudelissimus,1,17
crudelis,crudelissimi,1,17
crudelis,Crudelissima,1,17
crudelitas,crudelitatem,4,13
crudelitas,crudelitatis,4,13
crudelitas,crudelitate,2,13
crudelitas,Crudelitatis,1,13
crudelitas,crudelitati,1,13
crudelitas,crudelitas,1,13
crudeliter,crudeliter,6,6
cruentus,cruentam,1,1
crustum,crusta,1,1
crux,crucem,11,36
crux,crucis,9,36
crux,crux,5,36
crux,cruces,4,36
crux,cruce,2,36
crux,Crucem,2,36
crux,Cruces,1,36
crux,Crucis,1,36
crux,cruci,1,36
ct,ct,1,1
cti,cti,1,1
cto,cto,1,2
cto,ctare,1,2
ctor,ctor,1,1
ctoria,ctoriae,1,1
ctum,ctum,1,1
ctus,ctus,1,1
cu,Cu,2,3
cu,cu,1,3
cubernator,Cubernator,1,1
cubiculum,cubiculis,2,4
cubiculum,cubiculum,1,4
cubiculum,cubiculorum,1,4
cubile,cubili,1,1
cubilis,Cubile,1,1
çuchuis,Çuchuen,1,1
cuhna,Cuhna,1,1
cuiu,Cuiu,1,1
cuiuch,Cuiuch,1,1
cuiusmodi,cuiusmodi,1,1
cujus,cujus,7,8
cujus,Cujus,1,8
culmen,culmina,1,1
culo,culturum,1,1
culpa,culpae,7,13
culpa,culpa,5,13
culpa,culpam,1,13
culpas,Culpas,1,1
cult,cult,1,1
cultellus,cultellus,1,1
cultor,cultorem,1,1
cultus,cultu,9,25
cultus,cultum,8,25
cultus,cultus,5,25
cultus,cultissimis,1,25
cultus,cultibus,1,25
cultus,culta,1,25
culus,culis,1,2
culus,culo,1,2
cum,cum,906,983
cum,Cum,76,983
cum,cun,1,983
cùm,cùm,10,10
cúmque,cúmque,2,2
cumulate,cumulatissime,1,1
cumulatis,cumulatiorem,1,1
cumulatus,cumulatiora,1,2
cumulatus,cumulatiore,1,2
cumulo,cumulati,2,7
cumulo,cumulatur,1,7
cumulo,cumuletur,1,7
cumulo,cumulate,1,7
cumulo,Cumulabat,1,7
cumulo,cumulato,1,7
cumulus,cumulum,1,2
cumulus,cumulos,1,2
cumunis,cumunem,1,1
cunabula,cunabulis,1,1
cunctatio,cunctatione,2,2
cunctatus,cunctatus,1,1
cunctus,cunctas,2,5
cunctus,cuncta,1,5
cunctus,cunctis,1,5
cunctus,cuncto,1,5
cuneus,cuneorum,1,1
cunha,Cunha,1,1
cuniculus,cuniculos,2,4
cuniculus,cuniculis,1,4
cuniculus,cuniculo,1,4
cunque,cunque,2,2
cupide,cupidissime,2,2
cupiditas,cupiditas,7,17
cupiditas,cupiditate,6,17
cupiditas,cupiditatem,2,17
cupiditas,cupiditatis,2,17
cupido,Cupidinis,1,1
cupidus,cupidis,1,2
cupidus,cupidus,1,2
cupiêro,cupiêre,1,1
cupio,cupiens,2,8
cupio,cupio,1,8
cupio,cupiunt,1,8
cupio,cupiamus,1,8
cupio,cupit,1,8
cupio,cupimus,1,8
cupio,cupientium,1,8
cupo,cupando,1,1
cuprimo,cupressos,1,1
cur,cur,15,15
cura,curam,38,75
cura,cura,26,75
cura,curae,7,75
cura,Curam,2,75
cura,Cura,1,75
cura,curis,1,75
curatio,curationem,1,1
curatumquus,curatumque,1,1
curę,curę,1,1
curenses,Curensem,1,1
curensis,Curensi,1,1
curia,curia,8,21
curia,curiam,6,21
curia,Curia,4,21
curia,Curiam,2,21
curia,curiae,1,21
curiose,curiose,1,1
curiosus,curiosa,1,1
curo,curavi,4,42
curo,curarent,2,42
curo,curabat,2,42
curo,curaret,2,42
curo,curare,2,42
curo,curant,2,42
curo,curandi,2,42
curo,curandae,2,42
curo,curando,1,42
curo,curantes,1,42
curo,curent,1,42
curo,curatus,1,42
curo,curarunt,1,42
curo,curatos,1,42
curo,curaverat,1,42
curo,curabis,1,42
curo,curabit,1,42
curo,curabitur,1,42
curo,curate,1,42
curo,curabitis,1,42
curo,curentur,1,42
curo,curetis,1,42
curo,curat,1,42
curo,curatum,1,42
curo,curatur,1,42
curo,curato,1,42
curo,curavimus,1,42
curo,curarint,1,42
curo,curari,1,42
curo,curavit,1,42
curo,curandis,1,42
curo,curasse,1,42
curris,curribus,2,2
curro,currendum,1,1
currus,currus,6,7
currus,currum,1,7
cursor,cursorem,2,3
cursor,cursor,1,3
cursus,cursum,6,12
cursus,cursu,5,12
cursus,cursui,1,12
curulis,curulium,3,3
custdia,custdiam,1,1
custodia,custodiam,5,12
custodia,custodia,4,12
custodia,custodias,1,12
custodia,Custodiae,1,12
custodia,custodiae,1,12
custodie,custodie,1,1
custodio,custodienda,2,11
custodio,custodientes,1,11
custodio,custodiunt,1,11
custodio,custodiebant,1,11
custodio,custodiens,1,11
custodio,custodiat,1,11
custodio,custodiebat,1,11
custodio,custodiendas,1,11
custodio,custoditos,1,11
custodio,custodiretur,1,11
custodus,Custodi,1,1
custos,custos,5,10
custos,custodes,3,10
custos,Custodes,1,10
custos,custodibus,1,10
cuy,Cuy,1,1
cvm,Cvm,1,1
cycladas,Cycladas,1,1
cycladus,Cycladum,1,1
cymba,cymba,2,2
cyngus,Cyngis,2,2
cynocephalis,Cynocephales,1,1
cyprus,Cyprum,1,1
Cyprus,Cypri,1,1
cyrcassus,Cyrcassos,1,1
cyrenes,Cyrenem,1,1
cyrurgicus,cyrurgicus,1,1
cythera,Cythera,1,1
cyzicus,Cyzicum,1,1
d,D,89,92
d,d,3,92
d.dominus,D.Domina,1,1
d.petrus,D.Petrum,1,1
d.v,D.V,10,10
d’abres,d’Abreu,3,3
d’acosta,d’Acosta,1,1
d’amaral,d’Amaral,1,1
d’amaya,d’Amaya,3,3
d’azevo,d’Azevedo,1,1
da,da,9,9
dacius,Daciam,1,1
daemon,daemonum,3,8
daemon,daemone,2,8
daemon,Daemonis,1,8
daemon,daemonem,1,8
daemon,daemon,1,8
daemoniacus,daemoniacis,1,1
daemonium,daemoniis,1,2
daemonium,daemonijs,1,2
daifus,Daifus,6,9
daifus,Daifum,3,9
Daifus,Daifu,1,1
daifusamus,Daifusama,29,66
daifusamus,Daifusamae,24,66
daifusamus,Daifusamam,12,66
daifusamus,Daifusame,1,66
dalla,dalla,1,1
dalmaten,dalmatenum,1,1
dalmatia,Dalmatia,1,1
damanus,Damani,1,1
damascenus,Damascenam,1,1
damascus,Damascus,1,1
damianus,Damianus,1,1
damnatio,damnationis,2,3
damnatio,damnatio,1,3
damno,damnatorum,4,18
damno,damnati,3,18
damno,damnandi,2,18
damno,damnent,1,18
damno,damnarunt,1,18
damno,damnauerat,1,18
damno,damnatos,1,18
damno,damnatis,1,18
damno,damnant,1,18
damno,damnavit,1,18
damno,damnat,1,18
damno,damnata,1,18
damnosus,damnosam,1,1
damnum,damna,12,30
damnum,damno,6,30
damnum,damnum,5,30
damnum,damni,4,30
damnum,damnis,2,30
damnum,damnorum,1,30
daniel,Danielis,1,1
danuuius,Danuuium,1,1
Dardania,Dardania,1,1
dardanicus,dardanicum,1,1
dareque,dareque,1,1
davis,Davidis,1,1
dco,dixere,1,1
dd,DD,29,29
de,de,783,838
de,De,50,838
de,DE,5,838
dea,deae,1,1
debello,debellandi,2,5
debello,debellassent,2,5
debello,debellare,1,5
debeo,debet,23,135
debeo,debita,16,135
debeo,debeat,10,135
debeo,debere,10,135
debeo,debemus,9,135
debeo,debitum,6,135
debeo,debeant,6,135
debeo,debent,6,135
debeo,debitam,6,135
debeo,debebant,4,135
debeo,deberemus,3,135
debeo,debentur,3,135
debeo,deberet,3,135
debeo,debeatur,3,135
debeo,debuit,3,135
debeo,debitas,3,135
debeo,debitis,3,135
debeo,debitae,2,135
debeo,debetis,2,135
debeo,debebat,2,135
debeo,deberent,2,135
debeo,debetur,2,135
debeo,debeo,2,135
debeo,debeamus,1,135
debeo,debui,1,135
debeo,debuisset,1,135
debeo,debitus,1,135
debeo,debeas,1,135
debeo,debebantur,1,135
debilis,debilis,3,7
debilis,debiles,3,7
debilis,debilibus,1,7
debilito,debilitato,1,2
debilito,debilitati,1,2
debitum,debito,7,7
debuo,debuerim,2,2
decalogus,Decalogi,3,6
decalogus,decalogi,2,6
decalogus,Decalogo,1,6
decanto,decantabant,1,2
decanto,decantatum,1,2
decedo,decesserint,1,3
decedo,decesserat,1,3
decedo,decesserunt,1,3
deceipio,deceptusq,1,1
decem,decem,44,49
decem,Decem,4,49
decem,DECEM,1,49
december,Decembris,12,15
december,decembris,3,15
decembris,Decembri,2,2
decennus,decenni,1,1
decenter,decentissime,2,2
decentius,decentius,1,1
deceo,decebant,1,2
deceo,decept,1,2
deceptio,deceptionibus,1,2
deceptio,deceptiones,1,2
deceptor,deceptor,1,1
decerno,decreverunt,6,25
decerno,decrevit,5,25
decerno,decrevisse,3,25
decerno,decreuerat,2,25
decerno,decrevisset,2,25
decerno,decreverit,1,25
decerno,decernente,1,25
decerno,decernet,1,25
decerno,decernere,1,25
decerno,decernatur,1,25
decerno,decerneret,1,25
decerno,decretae,1,25
decerto,decertatum,1,3
decerto,decertabant,1,3
decerto,decertassent,1,3
decessor,decessoribus,1,1
decessus,decessum,1,2
decessus,Decessorum,1,2
decet,deceat,2,3
decet,decebat,1,3
decetero,decetero,1,1
decido,deciderent,1,3
decido,decidendi,1,3
decido,decidendas,1,3
decies,decies,2,2
decim,decim,1,1
decimus,decimo,3,8
decimus,Decimum,2,8
decimus,DECIMAM,1,8
decimus,Decimus,1,8
decimus,DEcimum,1,8
decimusterte,decimustertius,1,1
decipio,deceptos,2,6
decipio,decipiens,1,6
decipio,decipi,1,6
decipio,deciperent,1,6
decipio,deceptus,1,6
decisio,decisio,1,1
declarar,declarar,1,1
declaratio,declarationem,3,4
declaratio,declaratione,1,4
declaratorius,declaratoriam,1,1
declaro,declaravit,13,35
declaro,declarata,2,35
declaro,declaranda,2,35
declaro,declaramus,2,35
declaro,declaratus,2,35
declaro,declarari,2,35
declaro,declarant,2,35
declaro,declaravi,1,35
declaro,declarati,1,35
declaro,declaravimus,1,35
declaro,declaratum,1,35
declaro,declarasset,1,35
declaro,declaremus,1,35
declaro,declarat,1,35
declaro,declarare,1,35
declaro,declararet,1,35
declaro,declararint,1,35
declino,declinantes,1,5
declino,declinandis,1,5
declino,declinemus,1,5
declino,declinari,1,5
declino,declinatis,1,5
decoro,decoratus,2,5
decoro,decorata,1,5
decoro,decoratum,1,5
decoro,decoratur,1,5
decreo,decreuerit,1,1
decrerno,decreuerant,1,1
decretum,decretum,20,66
decretum,decreto,17,66
decretum,decreti,16,66
decretum,decreta,6,66
decretum,decretis,5,66
decretum,Decretum,2,66
decreuo,decreuerunt,1,1
decro,decreverant,1,1
decurso,decursas,1,1
decursus,decursu,2,3
decursus,decursum,1,3
decus,decus,3,3
dedecet,dedecere,1,1
dedecor,dedecore,1,2
dedecor,dedecori,1,2
dedecus,dedecus,4,6
dedecus,dedecoris,2,6
dedeo,dedebant,1,1
dedico,dedicati,1,2
dedico,dedicatarum,1,2
dedigno,dedignentur,1,2
dedigno,dedignantes,1,2
dedisco,dediscentes,1,1
deditio,deditionem,10,13
deditio,deditionis,1,13
deditio,deditio,1,13
deditio,deditione,1,13
deditus,deditissimos,1,1
dedo,dediderunt,2,4
dedo,dediti,1,4
dedo,dedunt,1,4
deduco,deductis,3,22
deduco,deducti,3,22
deduco,deductus,3,22
deduco,deducerent,2,22
deduco,deducendo,1,22
deduco,deducebatur,1,22
deduco,deduxit,1,22
deduco,deductae,1,22
deduco,deducuntur,1,22
deduco,deducentur,1,22
deduco,Deducti,1,22
deduco,deducam,1,22
deduco,deducta,1,22
deduco,deducunt,1,22
deduco,deduci,1,22
deeo,deeebat,1,1
defatigatio,defatigationis,1,1
defatigo,defatigatus,1,1
defeco,defecere,1,1
defectio,defectiones,2,3
defectio,defectione,1,3
defectus,defectum,3,11
defectus,defectus,3,11
defectus,defectibus,2,11
defectus,defectu,2,11
defectus,defectuum,1,11
defendo,defendebat,3,20
defendo,defenderunt,2,20
defendo,defendit,2,20
defendo,defendendi,2,20
defendo,defenderent,2,20
defendo,defendere,1,20
defendo,defendendis,1,20
defendo,defendente,1,20
defendo,defendi,1,20
defendo,defendebant,1,20
defendo,defensa,1,20
defendo,defendendum,1,20
defendo,defensi,1,20
defendo,defendissent,1,20
defensio,defensionem,5,9
defensio,defensionis,1,9
defensio,defensione,1,9
defensio,defensioni,1,9
defensio,defensio,1,9
defensiono,defensionemq,1,1
defeo,defuere,2,2
defero,delatus,3,25
defero,delata,2,25
defero,delatis,2,25
defero,deferretur,2,25
defero,detulit,2,25
defero,delatum,2,25
defero,detulerant,1,25
defero,deferens,1,25
defero,delatae,1,25
defero,deferat,1,25
defero,delato,1,25
defero,Deferebantur,1,25
defero,deferamus,1,25
defero,defertur,1,25
defero,delaturum,1,25
defero,deferret,1,25
defero,deferre,1,25
defero,detulisset,1,25
deficio,deficiunt,4,23
deficio,defecisse,3,23
deficio,defecit,3,23
deficio,deficere,2,23
deficio,deficit,2,23
deficio,defecerunt,2,23
deficio,deficeret,1,23
deficio,defecturam,1,23
deficio,Deficiunt,1,23
deficio,defecerit,1,23
deficio,defecerant,1,23
deficio,deficientes,1,23
deficio,defecerat,1,23
defigo,defixi,2,6
defigo,defigetis,1,6
defigo,defixos,1,6
defigo,defixa,1,6
defigo,defigeretur,1,6
definio,definita,1,5
definio,definire,1,5
definio,definiti,1,5
definio,definiuit,1,5
definio,definiant,1,5
definitio,definitionem,2,2
definitus,definito,1,1
defleo,deflere,1,1
defluo,defluxit,1,1
deformitas,deformitatis,1,1
deformius,deformia,1,1
deformo,deformantes,1,2
deformo,deformarunt,1,2
defraudo,defraudatus,1,1
defsum,defuturam,1,1
defuereo,defuerunt,1,1
defungo,defungi,1,1
defungor,defuncto,2,9
defungor,defuncti,2,9
defungor,defunctus,2,9
defungor,Defuncti,1,9
defungor,defunctis,1,9
defungor,Defuncto,1,9
defuo,defutur,1,1
degener,degeneres,1,1
degenero,degenerans,1,1
degens,degentium,6,7
degens,degentis,1,7
degeo,degentes,6,30
degeo,degebant,6,30
degeo,degentibus,5,30
degeo,degenti,4,30
degeo,degens,4,30
degeo,degentem,2,30
degeo,degere,1,30
degeo,degeretq,1,30
degeo,degente,1,30
degereo,degerent,1,1
deget,degebat,6,6
dego,degunt,17,20
dego,degit,2,20
dego,degamus,1,20
degusto,degustarant,1,1
deicio,deiecti,2,9
deicio,deiecit,2,9
deicio,deiectus,2,9
deicio,deiecerat,1,9
deicio,deiecissent,1,9
deicio,deiectum,1,9
deiectique,deiectique,1,1
deiicio,deiicimur,1,1
deinceps,deinceps,23,23
deinde,deinde,45,85
deinde,Deinde,37,85
deinde,dein,2,85
deinde,Dein,1,85
dejeco,dejecerit,1,1
del,del,1,1
delabor,delapsi,1,1
delctatio,delctatione,1,1
delectabilis,delectabilibus,2,4
delectabilis,delectabile,1,4
delectabilis,delectabilia,1,4
delectatio,delectationem,1,1
delecto,delectabo,1,5
delecto,delectantes,1,5
delecto,delectatur,1,5
delecto,delectantur,1,5
delecto,delectatus,1,5
delectus,delectu,2,2
delegatio,delegationis,1,1
delego,delegatum,1,4
delego,Delegati,1,4
delego,delegatus,1,4
delego,delecta,1,4
deleo,delevit,3,23
deleo,deletae,3,23
deleo,deleti,3,23
deleo,delere,2,23
deleo,delent,2,23
deleo,deleta,2,23
deleo,delebat,2,23
deleo,delevimus,1,23
deleo,deleret,1,23
deleo,deleretur,1,23
deleo,deleri,1,23
deleo,delendis,1,23
deleo,deleverunt,1,23
deliberatio,deliberationem,2,3
deliberatio,deliberatione,1,3
delibero,deliberando,1,1
delicia,deliciis,3,3
deliciosus,deliciosa,1,2
deliciosus,deliciosior,1,2
delictum,delictorum,1,3
delictum,delicti,1,3
delictum,delictum,1,3
deligo,delectus,3,10
deligo,delectum,2,10
deligo,deligerentur,1,10
deligo,deligendi,1,10
deligo,deligi,1,10
deligo,deligerent,1,10
deligo,Delegit,1,10
delinio,deliniri,1,1
delino,delineret,1,1
delinquo,delinquunt,2,3
delinquo,delinquerint,1,3
delitesco,delitescere,1,2
delitesco,delitescentes,1,2
delitus,delitijs,1,1
della,della,3,3
delubrum,delubra,1,4
delubrum,delubrum,1,4
delubrum,delubri,1,4
delubrum,delubro,1,4
deludo,delusi,1,2
deludo,delusis,1,2
delus,Delum,1,1
dem,dem,4,4
demando,demandata,2,5
demando,demandavit,1,5
demando,demandetur,1,5
demando,demandasset,1,5
dementator,dementator,1,1
demento,dementarat,1,3
demento,dementandos,1,3
demento,dementabat,1,3
demereo,demerebatur,2,2
demergo,demersa,1,1
demigro,demigrarunt,1,1
demissio,demissione,2,3
demissio,demissionem,1,3
demitto,Demissi,1,6
demitto,demissorum,1,6
demitto,demisso,1,6
demitto,demittunt,1,6
demitto,demissae,1,6
demitto,demittebat,1,6
demo,demonum,1,1
demolior,demolitur,1,2
demolior,demoliti,1,2
demon,demonibus,1,2
demon,demon,1,2
demonium,demonii,1,1
demonstro,demonstravit,3,10
demonstro,demonstrat,1,10
demonstro,demonstrant,1,10
demonstro,demonstrauimus,1,10
demonstro,demonstrari,1,10
demonstro,demonstrabat,1,10
demonstro,demonstrare,1,10
demonstro,demonstraturus,1,10
dęmonus,Dęmonum,1,1
demorior,demortuus,1,4
demorior,demortuo,1,4
demorior,demortuis,1,4
demorior,demortui,1,4
demoro,demoravimus,1,1
demoror,demoratus,2,5
demoror,demorati,1,5
demoror,demorante,1,5
demoror,demorari,1,5
demulco,demulceret,1,2
demulco,demulcet,1,2
demum,demum,46,51
demum,Demum,5,51
den,den,1,1
denegatio,denegationem,1,1
denego,denegari,1,8
denego,denegetur,1,8
denego,denegaverimus,1,8
denego,denegamus,1,8
denego,denegavimus,1,8
denego,denegantes,1,8
denego,denegante,1,8
denego,denegaturum,1,8
deniq,deniq,4,7
deniq,Deniq,3,7
denique,denique,28,41
denique,Denique,13,41
deniquus,Deniquae,1,1
densus,densissimas,1,2
densus,densissimis,1,2
denudo,denudaverat,1,1
denuncio,denunciatum,1,1
denuntio,denuntio,2,3
denuntio,denuntiant,1,3
denuo,denuo,26,26
deo,dietis,2,4
deo,divit,1,4
deo,dierit,1,4
deor,Deor,1,1
deorsum,deorsum,1,1
deosculo,deosculantur,1,2
deosculo,deosculanda,1,2
dependeo,dependeat,1,2
dependeo,dependente,1,2
deperdo,deperdita,3,7
deperdo,deperditum,3,7
deperdo,deperdito,1,7
depingo,depingere,1,1
depinquo,depicto,1,2
depinquo,depicta,1,2
deploro,deplorandam,1,2
deploro,deplorandis,1,2
depono,deposito,3,19
depono,depositis,3,19
depono,deponendum,2,19
depono,depositum,2,19
depono,deponantur,2,19
depono,deponam,1,19
depono,deponentes,1,19
depono,depositurum,1,19
depono,deposuerat,1,19
depono,deponunt,1,19
depono,deposuerunt,1,19
depono,deponerent,1,19
depopulor,depopulantur,1,1
depor,depor,1,2
depor,deport,1,2
deporto,deportabat,1,2
deporto,deportaret,1,2
deposco,deposcat,1,1
deposuno,deposuissent,1,1
depraedatio,depraedatio,1,1
deprauo,deprauato,1,4
deprauo,deprauatus,1,4
deprauo,deprauatas,1,4
deprauo,deprauata,1,4
depre,depre,1,1
deprecator,deprecatores,1,1
deprecor,deprecatus,2,4
deprecor,deprecari,1,4
deprecor,deprecantes,1,4
deprehendo,deprehendi,1,5
deprehendo,deprehendetis,1,5
deprehendo,deprehendatur,1,5
deprehendo,deprehendebat,1,5
deprehendo,deprehensos,1,5
deprimo,depressum,1,1
depugno,depugnans,1,1
deputo,Deputati,3,5
deputo,deputati,1,5
deputo,deputantur,1,5
deque,deque,4,4
derelinquo,derelictis,1,3
derelinquo,derelictum,1,3
derelinquo,derelictus,1,3
derepente,derepente,2,2
derepo,derepentè,1,1
derideo,derisum,1,1
derivo,derivaremus,1,2
derivo,derivandi,1,2
dero,derentur,1,2
dero,derunt,1,2
derogatio,derogatione,1,1
derogo,derogabat,1,1
des,dae,1,1
desaevio,desaeviret,1,2
desaevio,desaevire,1,2
descendo,descendit,3,11
descendo,descendens,2,11
descendo,descendisse,1,11
descendo,descendebat,1,11
descendo,descendunt,1,11
descendo,descendere,1,11
descendo,descenderat,1,11
descendo,Descendit,1,11
describo,describam,5,17
describo,describere,3,17
describo,descripsimus,2,17
describo,describetur,1,17
describo,describi,1,17
describo,descripsit,1,17
describo,descriptus,1,17
describo,describuntur,1,17
describo,descripsi,1,17
describo,describenda,1,17
descriptio,descriptio,1,3
descriptio,descriptione,1,3
descriptio,Descriptionem,1,3
deserbo,deserbuisset,1,1
desero,deserere,5,23
desero,desertum,2,23
desero,deserta,2,23
desero,deserit,2,23
desero,desertis,2,23
desero,deserturos,2,23
desero,deserto,2,23
desero,deserant,1,23
desero,deserenda,1,23
desero,desererent,1,23
desero,deserendi,1,23
desero,desertus,1,23
desero,Deserere,1,23
desertum,deserti,1,1
deseruio,deseruit,3,3
deservo,deserverant,1,1
deshonor,deshonorem,1,1
desiderium,desiderio,10,23
desiderium,desiderium,7,23
desiderium,desideria,4,23
desiderium,desiderii,1,23
desiderium,desideriis,1,23
desidero,desiderata,5,28
desidero,desideratis,3,28
desidero,desiderati,3,28
desidero,desidero,3,28
desidero,desiderari,3,28
desidero,desiderarent,2,28
desidero,desiderarunt,1,28
desidero,desiderant,1,28
desidero,desideratae,1,28
desidero,desiderat,1,28
desidero,desiderans,1,28
desidero,desideramus,1,28
desidero,desiderantis,1,28
desidero,desiderarentur,1,28
desidero,desideret,1,28
desiderus,desiderioque,1,1
designo,designato,1,9
designo,designatum,1,9
designo,designaret,1,9
designo,designamus,1,9
designo,designabit,1,9
designo,designatis,1,9
designo,designarat,1,9
designo,designavit,1,9
designo,designasset,1,9
desino,desinens,1,5
desino,desinam,1,5
desino,desinere,1,5
desino,desinunt,1,5
desino,desineret,1,5
despectus,despectum,1,1
desperatio,desperatio,1,1
despero,desperassent,1,7
despero,desperata,1,7
despero,desperarent,1,7
despero,desperatis,1,7
despero,desperarit,1,7
despero,desperent,1,7
despero,desperamus,1,7
despicio,despicitis,1,2
despicio,despectis,1,2
despondeo,desponderi,1,1
desponso,desponsavit,1,1
desro,desiturum,1,1
dessidero,dessiderat,1,2
dessidero,dessiderant,1,2
dessigno,dessignatos,1,1
destino,destinati,5,30
destino,destinato,4,30
destino,destinare,3,30
destino,destinatus,3,30
destino,destinavit,3,30
destino,destinatum,2,30
destino,destinaret,1,30
destino,destinantur,1,30
destino,destinarant,1,30
destino,destinasse,1,30
destino,destinet,1,30
destino,destinari,1,30
destino,destinauit,1,30
destino,destinatos,1,30
destino,destinentur,1,30
destino,destinatis,1,30
destituo,destitutae,3,16
destituo,destituti,3,16
destituo,destitutos,2,16
destituo,destitutus,2,16
destituo,destitutam,1,16
destituo,destituantur,1,16
destituo,destitutis,1,16
destituo,destitutum,1,16
destituo,Destituti,1,16
destituo,destituit,1,16
destraho,destrahere,1,1
destruclio,destruclio,1,1
destructio,destructionem,5,6
destructio,destructione,1,6
destructor,destructores,1,1
destruo,destruere,4,21
destruo,destructae,4,21
destruo,destructa,3,21
destruo,destruatur,2,21
destruo,destructum,2,21
destruo,destruximus,1,21
destruo,destruat,1,21
destruo,destruxerunt,1,21
destruo,destrueretur,1,21
destruo,destruxit,1,21
destruo,destruenda,1,21
destruuo,destruuere,1,1
desuetudo,desuetudo,1,1
desum,desunt,4,24
desum,deessent,4,24
desum,deest,3,24
desum,deerat,3,24
desum,deerant,2,24
desum,desint,2,24
desum,defuit,1,24
desum,deesse,1,24
desum,deesset,1,24
desum,defuisset,1,24
desum,deerunt,1,24
desum,defuerit,1,24
desumo,desumpsi,1,1
desuper,desuper,2,2
detego,detecto,2,9
detego,detegit,1,9
detego,detegenda,1,9
detego,detegeret,1,9
detego,detegendo,1,9
detego,detegere,1,9
detego,Detectis,1,9
detego,detecta,1,9
deterior,deterior,2,6
deterior,deteriora,2,6
deterior,deterius,1,6
deterior,deteriores,1,6
determinaito,determinaitonibus,1,1
determinatio,determinationem,2,3
determinatio,determinatione,1,3
determino,determinata,1,2
determino,determinandas,1,2
deterreo,deterriti,1,3
deterreo,deterreret,1,3
deterreo,deterreren,1,3
detestatio,detestatio,1,1
detesto,detestare,1,2
detesto,detestandum,1,2
detestor,detestati,2,4
detestor,detestatur,1,4
detestor,detestantes,1,4
detineo,detinent,1,10
detineo,detentus,1,10
detineo,detenti,1,10
detineo,detenta,1,10
detineo,detineret,1,10
detineo,detinetur,1,10
detineo,detineant,1,10
detineo,detinet,1,10
detineo,detineat,1,10
detineo,detinuit,1,10
detinuêo,detinuêre,1,1
detraho,detrahitur,1,5
detraho,detrahere,1,5
detraho,detrahas,1,5
detraho,detrahi,1,5
detraho,detracta,1,5
detrecto,detrectare,2,6
detrecto,detrectantibus,1,6
detrecto,detrectavit,1,6
detrecto,detrectat,1,6
detrecto,detrectandi,1,6
detrimentum,detrimentum,8,13
detrimentum,detrimento,3,13
detrimentum,detrimenti,1,13
detrimentum,detrimentis,1,13
detrudo,detrusa,1,3
detrudo,detruderet,1,3
detrudo,detrusi,1,3
detruo,detrusit,1,1
deturbo,deturbari,1,2
deturbo,deturbatus,1,2
deturpo,deturpatur,1,2
deturpo,deturpabantur,1,2
deuenio,deuenerint,1,1
deuingo,deuinxerat,1,1
deuito,deuitet,1,3
deuito,deuitemus,1,3
deuito,deuitarentur,1,3
deuolo,deuolarunt,1,1
deuoro,deuoratis,1,2
deuoro,deuorabit,1,2
deus,Dei,189,471
deus,Deo,96,471
deus,Deus,82,471
deus,Deum,50,471
deus,deos,7,471
deus,DEI,7,471
deus,deorum,6,471
deus,Deorum,5,471
deus,di,5,471
deus,diis,4,471
deus,dei,4,471
deus,DEO,4,471
deus,deum,3,471
deus,DEUS,3,471
deus,DEUM,2,471
deus,dii,1,471
deus,deo,1,471
deus,deus,1,471
deus,Deos,1,471
devastatrico,devastatrices,1,1
devasto,devastavit,1,2
devasto,devastans,1,2
devenio,deveni,5,23
devenio,devenerunt,5,23
devenio,devenit,4,23
devenio,devenire,3,23
devenio,deveniant,2,23
devenio,devenerit,2,23
devenio,devenisse,1,23
devenio,devenerat,1,23
devincio,devinctos,1,1
devinco,devictos,1,1
devingo,devinxit,1,1
devio,deviantes,1,1
devipio,deventuram,1,1
devolvo,devolvantur,1,1
devoro,devorari,1,2
devoro,devorarat,1,2
devotio,devotione,3,6
devotio,devotionum,1,6
devotio,devotionem,1,6
devotio,devotio,1,6
devotus,devotis,1,2
devotus,devotus,1,2
dexter,dextris,2,8
dexter,dextera,2,8
dexter,dexteram,2,8
dexter,dextrum,1,8
dexter,dextrè,1,8
dexteritas,dexteritate,2,2
diabolicus,diabolica,2,4
diabolicus,Diabolicis,1,4
diabolicus,diabolicas,1,4
diabolus,diaboli,5,8
diabolus,diabolo,1,8
diabolus,Diabolus,1,8
diabolus,diabolus,1,8
diaecesus,diaecesis,1,1
dialogus,Dialogus,1,2
dialogus,Dialogum,1,2
diametros,diametro,1,1
dianus,Dianam,1,1
dias,Dias,12,12
diaz,Diaz,3,3
díaz,Díaz,2,2
dico,dictus,43,505
dico,dicitur,42,505
dico,dixit,37,505
dico,dicunt,29,505
dico,dicta,28,505
dico,dictum,26,505
dico,dicti,24,505
dico,dicam,23,505
dico,dictis,23,505
dico,diximus,21,505
dico,dicto,21,505
dico,dixi,19,505
dico,dicuntur,12,505
dico,dicere,11,505
dico,dico,10,505
dico,dictam,9,505
dico,dicenda,7,505
dico,dicit,6,505
dico,dicemus,6,505
dico,dicentes,6,505
dico,Dico,6,505
dico,dicens,6,505
dico,dicebat,6,505
dico,dicamus,5,505
dico,dictos,5,505
dico,dici,5,505
dico,dixerunt,4,505
dico,dicimus,4,505
dico,dictas,4,505
dico,dictae,4,505
dico,dicebatur,4,505
dico,dicendi,3,505
dico,Dictus,3,505
dico,dicerent,3,505
dico,dicant,3,505
dico,Dicunt,2,505
dico,dicendum,2,505
dico,dictorum,2,505
dico,dictȩ,2,505
dico,dixisse,2,505
dico,dixeris,2,505
dico,diceret,2,505
dico,Dixit,2,505
dico,dicendis,2,505
dico,dicat,2,505
dico,Diximus,1,505
dico,dicentibus,1,505
dico,dicebant,1,505
dico,dicent,1,505
dico,Dicam,1,505
dico,dicentis,1,505
dico,dicare,1,505
dico,diceretur,1,505
dico,dicebam,1,505
dico,dicati,1,505
dico,dictu,1,505
dico,Dicitur,1,505
dico,dicatur,1,505
dico,dicturus,1,505
dico,diceretque,1,505
dico,Dictae,1,505
dico,dicebamus,1,505
dictamen,dictamen,2,2
dictio,dictiones,1,3
dictio,dictione,1,3
dictio,dictioni,1,3
dictito,dictitabant,2,4
dictito,dictitantes,1,4
dictito,dictitarunt,1,4
dicto,dictat,1,3
dicto,dictabat,1,3
dicto,dictante,1,3
dictoque,dictoque,1,1
dictor,dictor,1,1
dicus,dicum,1,1
didacus,Didacus,14,17
didacus,Didacum,3,17
didecus,Didecus,1,1
didico,didicerant,1,2
didico,Didicerant,1,2
didus,Dido,1,1
dies,die,131,247
dies,dies,52,247
dies,diebus,31,247
dies,diem,16,247
dies,dierum,8,247
dies,Dies,3,247
dies,Die,2,247
dies,diei,2,247
dies,DIE,1,247
dies,Diem,1,247
dietas,dietas,5,5
difero,dilatum,1,1
differo,differunt,2,13
differo,differebant,2,13
differo,distulit,2,13
differo,differentes,1,13
differo,differens,1,13
differo,differatis,1,13
differo,differere,1,13
differo,differentur,1,13
differo,differre,1,13
differo,dilata,1,13
difficile,difficillime,3,3
difficilis,difficile,8,19
difficilis,difficilis,5,19
difficilis,Difficile,1,19
difficilis,difficiliorem,1,19
difficilis,difficilem,1,19
difficilis,difficilia,1,19
difficilis,difficiliores,1,19
difficilis,difficiliora,1,19
difficiliter,difficilius,1,1
difficilus,difficilioribus,1,1
difficultas,difficultate,5,18
difficultas,difficultatem,3,18
difficultas,difficultates,3,18
difficultas,difficultatibus,2,18
difficultas,difficultas,2,18
difficultas,difficultatis,2,18
difficultas,difficultatum,1,18
difficultatésque,difficultatésque,1,1
difficulto,difficultant,1,1
diffinio,diffinienda,1,1
diffiteor,diffiteri,2,2
diffluo,difflueret,1,1
diffugio,diffugiant,1,1
diffundo,diffunditur,1,5
diffundo,diffundatur,1,5
diffundo,diffundentium,1,5
diffundo,diffusa,1,5
diffundo,diffusi,1,5
dificilis,dificilius,2,2
dificultas,dificultates,1,1
difuse,difuse,1,1
digitus,digitorum,2,3
digitus,digito,1,3
dignitas,dignitatem,11,34
dignitas,dignitate,8,34
dignitas,dignitatis,5,34
dignitas,dignitas,4,34
dignitas,dignitati,2,34
dignitas,dignitates,2,34
dignitas,dignitatum,1,34
dignitas,Dignitatem,1,34
dignitatum,dignitatumque,1,1
dignitissis,dignitissim,1,1
digno,dignentur,2,3
digno,dignaretur,1,3
dignor,dignatus,3,8
dignor,dignetur,3,8
dignor,dignati,1,8
dignor,dignatum,1,8
dignosco,dignoscendi,1,2
dignosco,dignosceret,1,2
dignumq,dignumq,1,1
dignus,dignum,6,32
dignus,digni,6,32
dignus,digna,4,32
dignus,dignus,3,32
dignus,dignos,2,32
dignus,dignam,1,32
dignus,dignas,1,32
dignus,digniori,1,32
dignus,dignissimum,1,32
dignus,dignissimam,1,32
dignus,dignissima,1,32
dignus,dignissimis,1,32
dignus,dignior,1,32
dignus,dignis,1,32
dignus,digno,1,32
dignus,dignae,1,32
digo,direxerant,1,1
digredior,digressus,3,4
digredior,digressos,1,4
digreo,digressurus,1,1
dilabeo,dilabendum,1,1
dilacero,dilaceratae,1,2
dilacero,dilaceratum,1,2
dilato,dilatata,3,3
dilecte,Dilecte,1,1
dilectus,dilectissimi,2,3
dilectus,dilectissimis,1,3
diligens,diligentissimus,1,1
diligenter,diligenter,9,13
diligenter,diligentissime,2,13
diligenter,diligentius,1,13
diligenter,diligentiùs,1,13
diligentia,diligentia,10,11
diligentia,diligentias,1,11
diligentiaque,diligentiaque,1,1
diligo,Dilecto,4,18
diligo,diligebat,2,18
diligo,diligimus,1,18
diligo,dilectus,1,18
diligo,dilectos,1,18
diligo,dilectis,1,18
diligo,diligant,1,18
diligo,diligamus,1,18
diligo,diligendus,1,18
diligo,diligendum,1,18
diligo,dilecti,1,18
diligo,diligenti,1,18
diligo,diligens,1,18
diligo,diligentibus,1,18
dilo,dilabuntur,1,1
dilucesco,dilucescat,1,2
dilucesco,dilucesceret,1,2
diluculum,diluculo,2,2
diluvius,Diluvio,1,1
dimano,dimanavit,1,2
dimano,dimanant,1,2
dimico,dimicare,2,5
dimico,dimicassent,1,5
dimico,dimicaturos,1,5
dimico,dimicans,1,5
dimidio,dimidiati,2,3
dimidio,dimidietas,1,3
dimidium,dimidium,3,3
dimidius,dimidio,5,10
dimidius,dimidiam,3,10
dimidius,dimidia,1,10
dimidius,dimidii,1,10
diminuo,diminutus,3,4
diminuo,diminuta,1,4
diminutio,diminutionem,1,1
dimiro,dimiratur,1,1
dimiror,dimiratus,1,1
dimissio,dimissio,1,1
dimitto,dimissi,5,21
dimitto,dimittere,4,21
dimitto,dimissus,2,21
dimitto,Dimissi,1,21
dimitto,dimiserunt,1,21
dimitto,dimitteret,1,21
dimitto,dimissa,1,21
dimitto,dimittat,1,21
dimitto,dimittentes,1,21
dimitto,dimitterent,1,21
dimitto,dimittebat,1,21
dimitto,dimittebant,1,21
dimitto,dimissis,1,21
dimoveo,dimoveri,1,1
dioecesis,dioecesis,1,1
diploma,diploma,3,3
diplomatus,diplomatibus,1,1
diq,diq,1,1
directe,directe,1,1
directionemque,directionemque,1,1
dirigo,dirigat,2,11
dirigo,directo,2,11
dirigo,directus,1,11
dirigo,dirigente,1,11
dirigo,dirigerent,1,11
dirigo,dirigimur,1,11
dirigo,dirigunt,1,11
dirigo,directae,1,11
dirigo,direxit,1,11
dirimo,dirimitur,1,2
dirimo,dirimendi,1,2
dirio,dirisque,1,1
dirioro,dirioraq,1,1
diripio,diripiunt,4,7
diripio,diripiat,1,7
diripio,diripiebat,1,7
diripio,direptas,1,7
diripo,diriperent,2,2
diripuo,diripuerunt,1,1
diruo,dirutae,3,7
diruo,diruerentur,1,7
diruo,diruta,1,7
diruo,diruendis,1,7
diruo,dirutis,1,7
dirus,dirissima,2,12
dirus,dira,2,12
dirus,dirus,1,12
dirus,dirae,1,12
dirus,dirius,1,12
dirus,dirissimus,1,12
dirus,diris,1,12
dirus,dirum,1,12
dirus,diro,1,12
dirus,diram,1,12
dis,ditissimus,1,1
disapus,Disaph,1,1
discalceo,Discalceatorum,6,6
discdo,discesit,3,4
discdo,discesimus,1,4
discedo,discedere,4,24
discedo,discessit,3,24
discedo,discedendum,2,24
discedo,discedet,1,24
discedo,discederemus,1,24
discedo,discederunt,1,24
discedo,discedebat,1,24
discedo,discesserat,1,24
discedo,discedat,1,24
discedo,Discessimus,1,24
discedo,discesserunt,1,24
discedo,discedentibus,1,24
discedo,discessi,1,24
discedo,discederet,1,24
discedo,discessisse,1,24
discedo,discessurus,1,24
discedo,Discedebant,1,24
discedo,discedent,1,24
disceeo,discesser,1,1
discendo,discendendi,1,1
disceptatio,disceptationi,1,2
disceptatio,disceptatione,1,2
discerno,discernere,2,3
discerno,discernerent,1,3
discesso,discessere,1,1
discessus,discessum,6,8
discessus,discessus,1,8
discessus,discessu,1,8
discindo,discinderentur,1,1
disciplina,disciplina,2,4
disciplina,disciplinam,1,4
disciplina,disciplinae,1,4
discipulus,discipulis,8,19
discipulus,discipulorum,5,19
discipulus,discipulus,2,19
discipulus,discipuli,2,19
discipulus,discipulo,1,19
discipulus,discipulos,1,19
discludo,disclusas,1,1
disco,didici,5,19
disco,discere,4,19
disco,discunt,2,19
disco,disces,1,19
disco,Didici,1,19
disco,discant,1,19
disco,discenda,1,19
disco,didicimus,1,19
disco,didicerat,1,19
disco,didicit,1,19
disco,didicerit,1,19
discordia,discordiis,1,2
discordia,discordia,1,2
discors,discordes,1,1
discrepo,discrepante,1,1
discrete,discrete,1,1
discretio,discretionis,1,1
discribio,discribi,2,2
discrimen,discrimen,14,21
discrimen,discrimina,4,21
discrimen,discrimine,3,21
discurro,discurro,1,3
discurro,discurrimus,1,3
discurro,discurrunt,1,3
discussio,discussione,1,1
discutio,discutiat,1,4
discutio,discussis,1,4
discutio,discutiendae,1,4
discutio,discussit,1,4
disensio,disensio,1,1
diserte,diserte,4,4
disertus,disertis,2,2
disicio,disiecta,1,1
disiicio,disiicientes,1,2
disiicio,disiiciendis,1,2
disimulatio,disimulationem,1,1
disiungo,disiunctam,1,3
disiungo,disiuncta,1,3
disiungo,disiunctum,1,3
disjungo,disjuncti,1,1
dispar,dispar,1,1
disparitas,disparitatem,1,1
dispendium,dispendio,4,4
dispensarius,dispensarius,2,2
dispensatio,dispensationem,1,3
dispensatio,dispensationi,1,3
dispensatio,dispensatione,1,3
dispensator,dispensatores,1,1
dispenso,dispensantur,1,5
dispenso,dispensaretis,1,5
dispenso,dispensaret,1,5
dispenso,dispensare,1,5
dispenso,dispensandi,1,5
dispergo,dispersi,10,21
dispergo,dispersas,3,21
dispergo,dispersa,2,21
dispergo,dispersos,2,21
dispergo,dispersis,2,21
dispergo,dispersae,1,21
dispergo,dispersum,1,21
disperse,disperse,1,1
dispersio,dispersione,1,1
dispertia,dispertiam,1,1
displiceo,displicet,1,3
displiceo,displiceret,1,3
displiceo,displicere,1,3
dispono,disponeret,2,18
dispono,disposita,2,18
dispono,disposuit,2,18
dispono,disponendum,2,18
dispono,disponere,2,18
dispono,disponente,2,18
dispono,Disposuit,1,18
dispono,dispositi,1,18
dispono,disponet,1,18
dispono,disponit,1,18
dispono,dispones,1,18
dispono,disposuerunt,1,18
disponsuo,disponsuit,1,1
dispositio,dispositione,3,12
dispositio,dispositio,3,12
dispositio,dispositionem,3,12
dispositio,dispositionibus,1,12
dispositio,dispositiones,1,12
dispositio,dispositioni,1,12
disputatio,disputationis,2,6
disputatio,disputationibus,1,6
disputatio,disputatio,1,6
disputatio,disputatione,1,6
disputatio,Disputationem,1,6
disputo,disputo,1,3
disputo,disputavi,1,3
disputo,disputauimus,1,3
disseco,dissecta,1,2
disseco,dissecuit,1,2
dissecsco,dissecuerunt,1,1
dissecuo,dissecuisse,1,1
dissemino,disseminavit,1,2
dissemino,disseminandi,1,2
dissensio,dissensiones,2,4
dissensio,dissensio,1,4
dissensio,dissensionis,1,4
dissentio,dissentire,1,1
dissero,disserendum,1,2
dissero,disserens,1,2
disseruio,disseruimus,1,1
disseruo,disseruerint,1,1
dissideo,dissidenti,1,2
dissideo,dissideb,1,2
dissidium,dissidia,4,4
dissido,dissiderent,1,2
dissido,dissidet,1,2
dissimulatio,dissimulatione,1,1
dissimulo,dissimularet,3,6
dissimulo,dissimulato,1,6
dissimulo,dissimulata,1,6
dissimulo,dissimulabant,1,6
dissipo,dissipatum,1,1
dissoluo,dissoluta,2,5
dissoluo,dissoluunt,1,5
dissoluo,dissolui,1,5
dissoluo,dissoluetur,1,5
dissolvo,dissolvendi,1,3
dissolvo,dissolveretur,1,3
dissolvo,dissolveret,1,3
distantia,distantiam,4,4
distento,distentique,2,2
distinctio,distinctionibus,1,1
distinguo,distinctum,3,8
distinguo,distinctus,1,8
distinguo,distinguant,1,8
distinguo,distinctis,1,8
distinguo,distingui,1,8
distinguo,distincta,1,8
disto,distat,8,23
disto,distans,3,23
disto,distantes,2,23
disto,distant,2,23
disto,distantem,2,23
disto,distenti,1,23
disto,distabant,1,23
disto,distintis,1,23
disto,distare,1,23
disto,distaret,1,23
disto,distabat,1,23
distraho,distractas,1,1
distribuo,distribuit,4,14
distribuo,distribui,1,14
distribuo,distribuendam,1,14
distribuo,distributae,1,14
distribuo,distributis,1,14
distribuo,distribuunt,1,14
distribuo,distributos,1,14
distribuo,distribuerat,1,14
distribuo,distribuam,1,14
distribuo,distributum,1,14
distribuo,distribuebat,1,14
districte,districte,1,1
distringo,districtam,1,3
distringo,districtis,1,3
distringo,distringere,1,3
disturbo,disturbatas,1,2
disturbo,disturbata,1,2
ditio,ditione,13,26
ditio,ditionem,7,26
ditio,ditionis,3,26
ditio,ditioni,3,26
dition,dition,1,1
ditior,ditior,1,1
ditium,ditio,1,1
dito,ditas,1,2
dito,ditatos,1,2
ditus,ditissima,6,13
ditus,ditissimi,2,13
ditus,ditissimam,2,13
ditus,ditissimis,1,13
ditus,ditissimas,1,13
ditus,ditissimos,1,13
diu,diu,21,26
diu,diutius,5,26
diù,diù,3,3
diuellus,diuelli,1,1
diuersitas,diuersitate,1,1
diuersus,diuersis,3,3
diuerto,diversis,17,26
diuerto,diversa,6,26
diuerto,diversas,3,26
diues,diues,8,17
diues,diuites,6,17
diues,diuitum,2,17
diues,diuitem,1,17
diuinarus,diuinaram,1,1
diuinitas,diuinitatem,3,6
diuinitas,diuinitatis,2,6
diuinitas,diuinitas,1,6
diuinitus,diuinitus,13,16
diuinitus,divinitus,3,16
diuinus,diuinae,28,147
diuinus,divina,23,147
diuinus,diuina,16,147
diuinus,divinam,13,147
diuinus,diuinam,10,147
diuinus,divino,10,147
diuinus,diuinis,8,147
diuinus,diuini,6,147
diuinus,divinum,6,147
diuinus,diuinum,4,147
diuinus,diuinorum,4,147
diuinus,Divinam,4,147
diuinus,divinȩ,2,147
diuinus,Divina,2,147
diuinus,Divinum,2,147
diuinus,diuinus,2,147
diuinus,Diuinum,1,147
diuinus,diuinarum,1,147
diuinus,Diuini,1,147
diuinus,diuino,1,147
diuinus,diuinissimam,1,147
diuinus,diuinę,1,147
diuinus,Divino,1,147
diuisio,divisionem,1,1
diuitia,diuitia,1,1
diuitiae,diuitiis,1,3
diuitiae,diuitias,1,3
diuitiae,diuitiarum,1,3
diuq,diuq,1,1
dius,dio,1,1
diutinus,diutina,2,2
diuturnus,diuturna,5,8
diuturnus,diuturnis,1,8
diuturnus,diuturno,1,8
diuturnus,diuturnam,1,8
diuulsus,diuulsi,1,1
diuus,Diua,1,1
diveho,divexebat,1,1
divello,divellendus,1,1
divelo,divell,1,1
divendo,divenditis,1,1
diverberatio,diverberationem,1,2
diverberatio,diverberatione,1,2
diverbero,diverberarit,1,2
diverbero,diverberandis,1,2
diversimodus,diversimoda,1,1
diverso,diversabantur,1,2
diverso,diversaretur,1,2
diversorium,diversorium,1,1
diversus,diversarum,3,4
diversus,diversus,1,4
diverto,diversos,2,5
diverto,divertere,2,5
diverto,diverterant,1,5
dives,dives,4,12
dives,divitem,3,12
dives,divites,3,12
dives,divitibus,2,12
divexo,divexaret,1,1
divido,divisi,5,17
divido,dividitur,4,17
divido,dividendum,1,17
divido,divisam,1,17
divido,dividendos,1,17
divido,dividet,1,17
divido,divisus,1,17
divido,dividit,1,17
divido,diviso,1,17
divido,diviserunt,1,17
divinaequus,divinaeque,1,1
divinaque,divinaque,1,1
divinus,divinae,19,47
divinus,divinis,7,47
divinus,Divinae,7,47
divinus,divini,6,47
divinus,divinissimum,2,47
divinus,divinas,1,47
divinus,Divini,1,47
divinus,divinorum,1,47
divinus,divinarum,1,47
divinus,divinior,1,47
divinus,DIVINAE,1,47
divitas,divitas,1,1
divitiae,divitiis,7,20
divitiae,divitias,7,20
divitiae,divitiae,3,20
divitiae,divitiarum,3,20
divortio,divortio,1,1
divortium,divortium,1,1
divulgo,divulgatum,1,3
divulgo,divulgata,1,3
divulgo,divulgabatur,1,3
divulo,divulti,1,1
divus,Divos,2,6
divus,Divi,1,6
divus,divi,1,6
divus,divum,1,6
divus,divis,1,6
dnus,Dnus,6,12
dnus,Dno,4,12
dnus,Dni,2,12
do,dedit,34,216
do,data,23,216
do,dare,16,216
do,datum,10,216
do,do,10,216
do,datas,8,216
do,Datum,7,216
do,datam,6,216
do,dant,6,216
do,daretur,4,216
do,Data,4,216
do,datis,4,216
do,dari,4,216
do,dat,4,216
do,dederunt,4,216
do,daret,4,216
do,dam,4,216
do,dederint,4,216
do,demus,3,216
do,dabo,3,216
do,dato,3,216
do,dedisset,3,216
do,dederit,2,216
do,datur,2,216
do,datus,2,216
do,dedi,2,216
do,dedisse,2,216
do,darent,2,216
do,dabat,2,216
do,dedere,2,216
do,datae,2,216
do,datarum,1,216
do,dando,1,216
do,darem,1,216
do,dent,1,216
do,dedimus,1,216
do,dederat,1,216
do,dentur,1,216
do,dedêre,1,216
do,dandis,1,216
do,dati,1,216
do,daturam,1,216
do,dabit,1,216
do,danda,1,216
do,dedisti,1,216
do,dabitur,1,216
do,dabant,1,216
do,dederant,1,216
do,dedissent,1,216
do,detersa,1,216
do,dabimus,1,216
do,dante,1,216
do,detis,1,216
do,dedidit,1,216
do,detur,1,216
do,dar,1,216
do,degeb,1,216
do,degeret,1,216
do,daturum,1,216
do,daturos,1,216
do,dederent,1,216
doc,docte,1,1
doceo,Docuit,19,76
doceo,docere,9,76
doceo,docent,6,76
doceo,docti,4,76
doceo,docet,4,76
doceo,docerent,3,76
doceo,docendi,3,76
doceo,docentur,2,76
doceo,docendas,2,76
doceo,doceri,2,76
doceo,docuit,2,76
doceo,doceat,2,76
doceo,Docent,2,76
doceo,doctis,1,76
doceo,docetis,1,76
doceo,docemus,1,76
doceo,docebat,1,76
doceo,docui,1,76
doceo,docerem,1,76
doceo,doceret,1,76
doceo,doctus,1,76
doceo,doctè,1,76
doceo,docerentur,1,76
doceo,docentes,1,76
doceo,doces,1,76
doceo,docente,1,76
doceo,Docet,1,76
doceo,doceamur,1,76
doceo,docemur,1,76
doctissimus,doctissimamque,1,1
doctor,Doctor,5,17
doctor,Doctores,3,17
doctor,doctores,2,17
doctor,doctorum,2,17
doctor,Doctorum,2,17
doctor,doctoribus,1,17
doctor,Doctoribus,1,17
doctor,Doctoris,1,17
doctrina,doctrina,20,50
doctrina,doctrinam,18,50
doctrina,doctrinae,6,50
doctrina,doctrinis,2,50
doctrina,Doctrinae,2,50
doctrina,doctrinarum,1,50
doctrina,doctrine,1,50
doctrinâ,doctrinâ,1,1
doctrinę,doctrinę,1,1
doctus,doctiores,3,12
doctus,doctos,3,12
doctus,doctum,2,12
doctus,doctissimas,1,12
doctus,doctissimorum,1,12
doctus,Doctiores,1,12
doctus,doctioribus,1,12
documentum,documentis,1,1
dogicus,Dogicis,6,10
dogicus,Dogicos,2,10
dogicus,Dogici,2,10
dogma,dogmata,2,3
dogma,dogmate,1,3
dogmatus,dogmatum,3,3
dojicus,dojicus,1,2
dojicus,Dojicos,1,2
dolenter,dolenter,1,1
doleo,doleret,2,7
doleo,dolerent,1,7
doleo,doluerunt,1,7
doleo,dolentibus,1,7
doleo,dolere,1,7
doleo,dolente,1,7
dolium,dolio,1,1
dolor,dolore,8,25
dolor,dolorem,7,25
dolor,doloris,3,25
dolor,dolores,2,25
dolor,dolor,2,25
dolor,doloribus,2,25
dolor,Dolore,1,25
doloreque,doloreque,1,1
dolosus,dolosi,1,1
dolus,doli,2,6
dolus,dolum,1,6
dolus,dolus,1,6
dolus,dolos,1,6
dolus,dolo,1,6
dom,Dom,1,1
domesticus,domestica,7,18
domesticus,domesticis,4,18
domesticus,domesticas,2,18
domesticus,domestici,1,18
domesticus,domesticae,1,18
domesticus,domesticos,1,18
domesticus,domestico,1,18
domesticus,domesticorum,1,18
domi,domi,14,15
domi,Domi,1,15
domicilium,domicilia,17,37
domicilium,domiciliis,11,37
domicilium,Domicilia,3,37
domicilium,domiciliorum,3,37
domicilium,domicilium,2,37
domicilium,domicilio,1,37
domin,Domin,2,2
domina,Dominae,3,3
dominatio,Dominationes,3,9
dominatio,Dominatio,2,9
dominatio,Dominationi,2,9
dominatio,Dominationis,1,9
dominatio,dominationem,1,9
dominatus,dominatu,2,2
dominicanus,Dominicani,11,29
dominicanus,Dominicanos,8,29
dominicanus,Dominicanis,5,29
dominicanus,Dominicanus,5,29
Dominicanus,Dominicanae,1,1
dominicarius,Dominicarius,1,2
dominicarius,Dominicarium,1,2
dominicus,Dominicus,9,25
dominicus,dominica,4,25
dominicus,Dominicum,3,25
dominicus,dominicam,2,25
dominicus,dominice,1,25
dominicus,dominicis,1,25
dominicus,Dominicae,1,25
dominicus,Dominica,1,25
dominicus,Dominico,1,25
dominicus,Dominici,1,25
dominicus,Dominicam,1,25
dominium,dominio,4,14
dominium,dominia,3,14
dominium,dominii,3,14
dominium,dominium,2,14
dominium,dominiis,1,14
dominium,dominiorum,1,14
dominor,dominatum,2,9
dominor,dominatur,2,9
dominor,dominaretur,1,9
dominor,dominantium,1,9
dominor,dominantur,1,9
dominor,dominatus,1,9
dominor,dominabatur,1,9
dominosque,Dominosque,1,1
dominus,Domini,114,382
dominus,Domino,72,382
dominus,Dominus,52,382
dominus,domini,28,382
dominus,Dominum,24,382
dominus,Dominis,14,382
dominus,domino,13,382
dominus,dominus,12,382
dominus,Dominos,12,382
dominus,dominum,10,382
dominus,Dominorum,9,382
dominus,dominis,4,382
dominus,Dominam,4,382
dominus,Domine,3,382
dominus,Domina,3,382
dominus,dominorum,3,382
dominus,dominos,2,382
dominus,dominibus,1,382
dominus,DOMINI,1,382
dominus,domina,1,382
domisilium,domisilium,1,1
domisticus,domisticis,1,1
domo,domari,1,2
domo,domare,1,2
domumus,Domumq,1,1
domunquem,domunquem,1,1
domus,domo,45,187
domus,domus,38,187
domus,domum,25,187
domus,Domus,18,187
domus,domibus,14,187
domus,domos,12,187
domus,domorum,10,187
domus,Domo,8,187
domus,Domum,6,187
domus,Domibus,5,187
domus,Domui,3,187
domus,domui,2,187
domus,Domorum,1,187
domusq,Domusq,1,1
don,Don,1,1
donec,donec,46,46
dongus,Dongo,1,1
dono,donatus,3,18
dono,donavit,2,18
dono,donare,2,18
dono,donabat,2,18
dono,donando,1,18
dono,donarentur,1,18
dono,donatam,1,18
dono,donauit,1,18
dono,donaverat,1,18
dono,donarint,1,18
dono,donati,1,18
dono,donari,1,18
dono,donandum,1,18
donum,donum,5,16
donum,donis,4,16
donum,dono,4,16
donum,dona,2,16
donum,donorum,1,16
donus,donus,3,3
dormitio,dormitionem,1,1
dorsum,dorso,1,1
dos,dotes,4,10
dos,dotibus,3,10
dos,dos,2,10
dos,dote,1,10
doto,dotari,1,1
draco,Draconem,1,2
draco,Draconi,1,2
du,du,1,1
duabus,duabusque,1,1
duabúsque,duabúsque,1,1
duarte,Duarte,1,1
dubiáque,dubiáque,1,1
dubie,dubie,1,1
dubij,dubij,1,1
dubijs,dubijs,1,1
dubitatio,dubitatio,3,5
dubitatio,Dubitationem,1,5
dubitatio,dubitationes,1,5
dubito,dubitare,7,25
dubito,dubito,4,25
dubito,dubitabant,2,25
dubito,dubitemus,1,25
dubito,dubitabatur,1,25
dubito,dubitandi,1,25
dubito,dubitem,1,25
dubito,dubitavit,1,25
dubito,dubitari,1,25
dubito,dubitarit,1,25
dubito,dubitarunt,1,25
dubito,dubitan,1,25
dubito,dubitamus,1,25
dubito,dubitaremus,1,25
dubito,dubitarint,1,25
dubium,dubio,8,8
dubius,dubium,10,17
dubius,dubia,4,17
dubius,dubiam,2,17
dubius,dubiae,1,17
dubiusq,dubiusq,1,1
duc,duc,1,1
ducatus,ducatorum,8,9
ducatus,ducatos,1,9
ducenti,ducenta,4,15
ducenti,ducentarum,3,15
ducenti,ducentos,3,15
ducenti,ducentas,2,15
ducenti,ducentum,1,15
ducenti,ducentorum,1,15
ducenti,ducentis,1,15
duceo,ducenties,1,1
duco,duxit,4,43
duco,ductus,3,43
duco,ducat,3,43
duco,ducens,3,43
duco,ducenti,2,43
duco,ducere,2,43
duco,ducuntur,2,43
duco,duxi,2,43
duco,ducit,2,43
duco,ducti,2,43
duco,ducerent,2,43
duco,duceretur,2,43
duco,ducata,1,43
duco,ducitis,1,43
duco,ductas,1,43
duco,duximus,1,43
duco,ducimus,1,43
duco,ducentur,1,43
duco,ducente,1,43
duco,ducantur,1,43
duco,ducatur,1,43
duco,ducant,1,43
duco,duceret,1,43
duco,ducendam,1,43
duco,ducimur,1,43
duco,duco,1,43
ducto,ductabat,1,1
ductor,ductoribus,1,3
ductor,ductor,1,3
ductor,Ductor,1,3
ductus,ductu,2,2
dudum,dudum,4,6
dudum,Dudum,2,6
duȩ,Duȩ,1,1
dulcis,dulci,1,1
dulcus,dulcissimo,1,1
dum,dum,61,69
dum,Dum,8,69
dummodo,dummodo,4,4
dumq,dumq,1,1
dumtaxas,dumtaxas,1,1
dumtaxat,dumtaxat,10,10
duntaxat,duntaxat,5,5
duo,duo,97,217
duo,duos,28,217
duo,duobus,27,217
duo,duas,22,217
duo,duae,13,217
duo,duorum,11,217
duo,Duo,9,217
duo,duabus,6,217
duo,due,1,217
duo,Duos,1,217
duo,DUO,1,217
duo,duarum,1,217
duode,duode,1,1
duodecim,duodecim,28,28
duodecimus,duodecimo,1,2
duodecimus,duodecimus,1,2
duodenn,duodennem,1,1
duodennis,duodennis,1,1
duodetriginta,duodetriginta,1,1
duodeviginti,duodeviginti,2,2
duoq,duoq,1,1
duplex,duplex,2,5
duplex,duplici,2,5
duplex,duplicem,1,5
duplico,duplicatȩ,1,2
duplico,duplicatam,1,2
durities,durities,1,1
duro,duravit,2,8
duro,durare,1,8
duro,duraturo,1,8
duro,Durarunt,1,8
duro,duraturam,1,8
duro,durante,1,8
duro,durantis,1,8
durus,duro,1,4
durus,dura,1,4
durus,durum,1,4
durus,duriores,1,4
dux,Dux,21,90
dux,Duces,17,90
dux,duces,7,90
dux,Duce,7,90
dux,Ducem,7,90
dux,Ducibus,7,90
dux,duce,6,90
dux,dux,4,90
dux,ducem,3,90
dux,Ducis,3,90
dux,Duci,3,90
dux,ducibus,2,90
dux,ducis,2,90
dux,duci,1,90
dynasta,dynastas,3,14
dynasta,Dynastae,3,14
dynasta,dynasta,2,14
dynasta,Dynastas,2,14
dynasta,dynastae,1,14
dynasta,dynastarum,1,14
dynasta,Dynastarum,1,14
dynasta,Dynasta,1,14
dynastes,dynastis,1,1
dynastia,Dynastias,1,1
dyrrachium,Dyrrachium,1,1
é,é,1,1
è,è,14,14
eaque,eaque,7,7
eatenus,eatenus,1,1
ebora,Eborae,1,1
eborensis,Eborensis,2,2
ecce,ecce,6,10
ecce,Ecce,4,10
eccles,Eccles,1,1
ecclesia,Ecclesiae,49,246
ecclesia,ecclesiam,44,246
ecclesia,ecclesia,42,246
ecclesia,ecclesiae,24,246
ecclesia,Ecclesia,22,246
ecclesia,ecclesias,17,246
ecclesia,Ecclesias,12,246
ecclesia,Ecclesiam,9,246
ecclesia,ecclesiis,7,246
ecclesia,Ecclesiis,7,246
ecclesia,Ecclesiarum,6,246
ecclesia,ecclesiarum,5,246
ecclesia,eclesia,1,246
ecclesia,Ecclesie,1,246
ecclesiasticus,ecclesiastici,2,4
ecclesiasticus,ecclesiastica,1,4
ecclesiasticus,Ecclesiastico,1,4
ecclesiȩ,ecclesiȩ,11,13
ecclesiȩ,Ecclesiȩ,2,13
ecclesise,ecclesise,1,2
ecclesise,Ecclesise,1,2
ecius,eciam,2,2
eclesia,Eclesiae,4,4
eclesiasticus,eclesiastica,1,1
econtra,econtra,3,3
ed,ed,1,1
edessa,Edessa,2,2
edicatque,edicatque,1,1
edico,edixerunt,2,4
edico,edixit,1,4
edico,Edixit,1,4
edictum,edicto,6,13
edictum,edictis,3,13
edictum,edictum,2,13
edictum,Edictum,1,13
edictum,edicta,1,13
edifficatio,edifficationem,1,1
edificalis,edificali,1,1
edificatio,edificationem,4,6
edificatio,edificatione,2,6
edificationem,edificationemque,1,1
edificator,edificatores,5,5
edificium,edificii,1,1
edifico,edificandi,1,4
edifico,edificati,1,4
edifico,edificarunt,1,4
edifico,edificant,1,4
edigo,edoctos,1,1
edisco,ediscunt,1,1
ediseo,edisseram,1,1
edo,edidit,19,42
edo,Edidit,4,42
edo,editis,4,42
edo,edere,3,42
edo,edunt,2,42
edo,editi,2,42
edo,edito,1,42
edo,ediderat,1,42
edo,edidis,1,42
edo,edi,1,42
edo,edent,1,42
edo,edidere,1,42
edo,edita,1,42
edo,edes,1,42
edoceo,edocent,2,10
edoceo,edoctus,2,10
edoceo,edocti,2,10
edoceo,edocerentur,1,10
edoceo,edoceri,1,10
edoceo,edocentes,1,10
edoceo,edocere,1,10
educatio,educatione,1,2
educatio,educationem,1,2
educo,eduxit,2,10
educo,educamur,1,10
educo,educarunt,1,10
educo,educassent,1,10
educo,educentur,1,10
educo,educantur,1,10
educo,educebat,1,10
educo,educebantur,1,10
educo,educebatur,1,10
ee,EE,9,9
ee.dd,EE.DD,2,2
eeiicio,eeiicitur,1,1
effao,effaeta,1,1
effective,effective,1,1
effector,effector,4,4
effectus,effectum,9,18
effectus,effectus,6,18
effectus,effectu,2,18
effectus,Effectus,1,18
effero,elata,2,10
effero,extulit,2,10
effero,efferens,2,10
effero,elati,1,10
effero,efferrentur,1,10
effero,efferat,1,10
effero,efferre,1,10
efficacia,efficacia,2,2
efficactor,efficactori,1,1
efficax,efficax,3,6
efficax,efficaces,1,6
efficax,efficacissimum,1,6
efficax,efficacis,1,6
efficiens,efficientem,1,1
efficientia,efficientia,1,1
efficio,efficere,7,33
efficio,effecit,7,33
efficio,effici,3,33
efficio,efficit,2,33
efficio,efficiet,2,33
efficio,effecerunt,2,33
efficio,effecturum,2,33
efficio,effectam,1,33
efficio,efficimur,1,33
efficio,efficies,1,33
efficio,efficitur,1,33
efficio,effecti,1,33
efficio,efficerent,1,33
efficio,efficiebant,1,33
efficio,efficient,1,33
effigies,effigies,1,2
effigies,effigiem,1,2
effingo,effinxisse,1,1
efflagito,efflagitat,1,2
efflagito,efflagitemus,1,2
efflo,efflante,1,2
efflo,efflarunt,1,2
effluo,effluxisse,1,2
effluo,effluxerint,1,2
efformo,efformatis,1,3
efformo,efformari,1,3
efformo,efformare,1,3
effraenus,effraenis,1,1
effręno,effręnatis,1,1
effudio,effudisset,1,1
effugio,effugit,2,5
effugio,effugeret,1,5
effugio,effugisse,1,5
effugio,effugere,1,5
effugium,effugiis,2,4
effugium,effugium,2,4
effulgo,effulgentem,1,1
effundo,effusa,1,1
effuse,effuse,1,1
effusio,effusio,2,2
eflo,eflata,1,1
egenus,egenum,1,1
egeo,egent,2,6
egeo,egeat,1,6
egeo,egeret,1,6
egeo,egentibus,1,6
egeo,egentes,1,6
egestas,egestatem,1,1
Egidius,Egidius,3,3
egloga,eglogas,1,1
ego,me,157,359
ego,mihi,90,359
ego,ego,67,359
ego,Ego,25,359
ego,mecum,9,359
ego,Michi,4,359
ego,michi,3,359
ego,Mihi,2,359
ego,Me,1,359
ego,egisse,1,359
egre,egre,1,1
egredior,egressus,5,12
egredior,egressi,3,12
egredior,egredi,2,12
egredior,egreditur,1,12
egredior,egressum,1,12
egregie,egregie,8,8
egregius,egregium,4,14
egregius,egregiam,4,14
egregius,egregia,3,14
egregius,egregius,2,14
egregius,egregias,1,14
ȩgroto,ȩgrotantibus,1,1
ȩgrotor,ȩgrotabantur,1,1
eicio,eiecti,3,7
eicio,eicit,2,7
eicio,eiecit,1,7
eicio,eiecerunt,1,7
eiectio,eiectione,1,1
eies,eie,1,1
eiicio,eiicere,2,6
eiicio,eiiceret,2,6
eiicio,eiicerentur,1,6
eiicio,eiiciendis,1,6
eijcio,eijciat,1,1
eique,eique,4,4
eisdemque,eisdemque,2,2
eisque,eisque,3,3
eiulatus,eiulatu,1,1
eiuro,eiurandam,1,3
eiuro,eiurare,1,3
eiuro,eiurarent,1,3
eiusdemque,eiusdemque,1,1
eiusmodi,eiusmodi,3,3
eiúsque,eiúsque,1,1
ejicio,ejicerentur,1,1
ejigo,ejecti,1,2
ejigo,ejecit,1,2
ejus,ejus,16,18
ejus,Ejus,2,18
ejusque,ejusque,3,3
elabor,elapso,5,13
elabor,elapsis,3,13
elabor,elapsum,2,13
elabor,elapsi,1,13
elabor,elapsa,1,13
elabor,elabi,1,13
elaboro,elaborabimus,1,3
elaboro,elaborare,1,3
elaboro,elaboratum,1,3
elango,elanguit,2,2
elargio,elargiti,1,1
elargo,elargitur,1,1
elaudo,eluserunt,1,1
electio,electionem,11,21
electio,electio,5,21
electio,electione,3,21
electio,electioni,2,21
elector,electores,1,1
eleemosinus,eleemosinis,4,6
eleemosinus,eleemosinae,1,6
eleemosinus,eleemosina,1,6
eleemosyna,eleemosyna,3,17
eleemosyna,eleemosynis,3,17
eleemosyna,elemosinas,2,17
eleemosyna,eleemosynam,2,17
eleemosyna,eleemosynas,2,17
eleemosyna,Eleemosynis,2,17
eleemosyna,Eleemosynae,1,17
eleemosyna,eleemosynarum,1,17
eleemosyna,eleemosynae,1,17
eleganter,eleganter,1,1
elegantia,elegantia,1,1
elegantus,elegantissimo,2,3
elegantus,elegantissimi,1,3
elegius,Elegiis,1,1
elego,elegantem,1,4
elego,eleganti,1,4
elego,elegerint,1,4
elego,elegans,1,4
elementum,elementa,5,9
elementum,elementorum,1,9
elementum,elemento,1,9
elementum,Elementa,1,9
elementum,Elementorum,1,9
elemosina,elemosina,1,1
elemosinus,elemosinis,1,1
elephantus,elephantorum,1,1
eleuo,elevari,1,1
eleutheropola,Eleutheropolis,1,1
elevo,elevetur,1,1
eliceo,elicuit,1,1
elicio,eliciendam,1,1
eligo,electus,10,52
eligo,elegerunt,5,52
eligo,eligere,5,52
eligo,electum,4,52
eligo,eligi,4,52
eligo,electi,3,52
eligo,eligendum,3,52
eligo,electo,2,52
eligo,elegerat,2,52
eligo,elegit,2,52
eligo,elegerant,2,52
eligo,eligerent,1,52
eligo,eligendi,1,52
eligo,elegi,1,52
eligo,eligeret,1,52
eligo,Elegit,1,52
eligo,eligerentur,1,52
eligo,electis,1,52
eligo,Eligendorum,1,52
eligo,Electi,1,52
eligo,eligitur,1,52
elimosina,elimosinas,1,1
eliodus,Eliodorum,1,1
eliopolito,Eliopolitano,1,1
elo,elatis,1,1
elocutio,elocutione,1,1
elogius,Elogiorum,1,1
eloquens,eloquentissimus,1,1
eluceo,eluceat,1,2
eluceo,elucet,1,2
eluctor,eluctaretur,1,1
eludo,eluderet,1,3
eludo,eludere,1,3
eludo,elusit,1,3
eluo,eluxit,3,5
eluo,eluisset,1,5
eluo,elutos,1,5
elymosina,elymosina,1,1
em,em,37,37
emanatio,emanatio,1,1
emano,emanassent,1,4
emano,emanatam,1,4
emano,emanatum,1,4
emano,emanatas,1,4
emanoel,Emanoel,1,1
emanuel,Emanuel,7,7
Emanueli,Emanuelis,1,1
emendationeque,emendationeque,1,1
emendo,emenso,1,2
emendo,emendandae,1,2
emer,Emer,1,1
emergo,emergentia,2,3
emergo,emergente,1,3
eminens,eminentissimum,1,3
eminens,eminentissimam,1,3
eminens,Eminentissimis,1,3
eminenter,eminenter,2,2
eminentia,Eminentias,3,5
eminentia,Eminentiarum,2,5
eminentis,Eminentissimorum,1,1
Eminentissimus,Eminentissimi,2,2
emineo,eminens,5,15
emineo,eminentes,4,15
emineo,eminet,3,15
emineo,eminentium,2,15
emineo,emineat,1,15
eminus,eminus,2,2
emis,Emis,1,1
emissarius,emissarius,1,1
emissio,emissione,6,9
emissio,emissio,1,9
emissio,emissionem,1,9
emissio,emissionis,1,9
emissisto,emissistis,1,1
emistto,emississes,1,1
emitto,emittat,5,51
emitto,emittit,5,51
emitto,emisso,5,51
emitto,emittere,5,51
emitto,emisit,5,51
emitto,emittens,3,51
emitto,emittunt,2,51
emitto,emittendi,2,51
emitto,emittendo,2,51
emitto,emissum,2,51
emitto,emittant,2,51
emitto,emiserunt,2,51
emitto,emisserunt,1,51
emitto,emitterem,1,51
emitto,emiserint,1,51
emitto,emittebant,1,51
emitto,emisse,1,51
emitto,emiserat,1,51
emitto,emiserant,1,51
emitto,emissit,1,51
emitto,emissi,1,51
emitto,emittenda,1,51
emitto,emissos,1,51
emmanuel,Emmanuel,16,17
emmanuel,Emmanuelem,1,17
emmanuele,Emmanuele,2,2
emmanuelus,Emmanuelis,2,2
emo,emptis,3,13
emo,emit,2,13
emo,emeret,2,13
emo,ementes,1,13
emo,emerunt,1,13
emo,EMISERE,1,13
emo,empto,1,13
emo,emebat,1,13
emo,emere,1,13
emollio,emollivit,1,1
emollo,emollitum,1,1
emolumentum,emolumentum,4,7
emolumentum,emolumento,2,7
emolumentum,emolumenti,1,7
emoo,emori,1,1
emoueo,emotae,1,1
emphiteuticus,emphiteuticum,1,2
emphiteuticus,emphiteuticis,1,2
emporium,emporio,1,1
emptio,emptione,2,4
emptio,emptionem,1,4
emptio,emptionibus,1,4
emptor,emptor,1,1
empyreus,empyreum,1,1
emulus,emulorum,1,1
emus,Emi,6,8
emus,emi,2,8
en,en,40,41
en,En,1,41
enarro,enarravi,1,4
enarro,enarrare,1,4
enarro,enarratis,1,4
enarro,enarratas,1,4
Encarnacion,Encarnacion,1,1
endo,endas,1,1
eneco,enecat,1,1
energumenum,energumenis,1,1
energumenus,energumenos,1,1
enim,enim,344,347
enim,enimvero,3,347
enitor,enixa,1,1
enixe,enixe,3,3
enormis,enorme,1,1
enriquez,Enriquez,1,1
enumero,enumeravimus,1,2
enumero,enumerem,1,2
enuncio,enunciatę,1,3
enuncio,enunciabant,1,3
enuncio,enunciarent,1,3
eo,ire,18,49
eo,iret,7,49
eo,iri,4,49
eo,iturus,3,49
eo,euntes,2,49
eo,eundi,2,49
eo,ivit,2,49
eo,ibant,2,49
eo,irent,2,49
eo,abatur,1,49
eo,eundo,1,49
eo,eant,1,49
eo,ivimus,1,49
eo,ibam,1,49
eo,ituri,1,49
eo,ibat,1,49
eò,eò,7,7
eodem,Eodemque,1,2
eodem,eodemque,1,2
eoque,eoque,7,7
eor,eor,2,2
eorumque,eorumque,4,4
eousq,eousq,1,1
eousque,eousque,4,4
ephebi,Ephebos,1,1
ephesus,Ephesum,1,1
ephippium,ephippia,1,2
ephippium,ephippium,1,2
epi,epi,2,2
epicheias,epicheiae,3,3
epikeia,epikeiam,2,2
epirus,Epirus,2,2
Epirus,Epiri,1,1
episc,Episc,1,1
episcopalis,episcopali,1,1
episcopatus,Episcopatus,1,1
episcopus,Episcopo,24,79
episcopus,Episcopus,23,79
episcopus,Episcopi,14,79
episcopus,Episcopum,9,79
episcopus,Episcopos,3,79
episcopus,episcopo,2,79
episcopus,Episcopis,1,79
episcopus,Episcoporum,1,79
episcopus,episcopum,1,79
episcopus,episcopi,1,79
epistola,epistolam,30,60
epistola,epistola,15,60
epistola,epistolae,4,60
epistola,epistolas,4,60
epistola,EPISTOLA,4,60
epistola,epistolis,2,60
epistola,Epistolam,1,60
epistolȩ,epistolȩ,1,1
epistoliúmque,Epistoliúmque,1,1
epistula,epistula,1,1
epitoma,Epitome,1,1
epulor,epulabatur,1,1
epulum,epulo,1,1
eques,equites,11,22
eques,equitum,4,22
eques,equitibus,4,22
eques,eques,2,22
eques,equitem,1,22
equidem,equidem,2,2
equina,equinae,1,1
equinus,equino,1,1
ęquissimus,ęquissimis,1,1
ęquitates,ęquitate,1,1
equitatura,equitaturis,1,1
equitatus,equitatus,1,1
equito,equitandi,1,3
equito,equitando,1,3
equito,equitant,1,3
equor,equari,1,1
equus,equos,9,27
equus,equis,8,27
equus,equorum,4,27
equus,equi,3,27
equus,equo,2,27
equus,equum,1,27
er,er,2,2
eradico,eradicant,1,1
erasmus,Erasmi,1,1
erátque,erátque,1,1
erebus,Erebo,1,1
erego,erexerat,1,1
eremitus,Eremitis,1,1
erga,erga,16,16
ergo,ergo,112,123
ergo,Ergo,11,123
ergò,ergò,1,1
erigereo,erigerendo,1,1
erigo,erecta,6,28
erigo,erigere,4,28
erigo,erectum,3,28
erigo,erectae,3,28
erigo,erecto,3,28
erigo,erexit,2,28
erigo,erectis,2,28
erigo,erectus,1,28
erigo,erigi,1,28
erigo,erigunt,1,28
erigo,erigendis,1,28
erigo,erigerent,1,28
eripio,erepta,3,9
eripio,eripuit,1,9
eripio,eripiat,1,9
eripio,eripiendum,1,9
eripio,eripiant,1,9
eripio,erepti,1,9
eripio,eripere,1,9
ero,erens,1,1
erogo,erogans,1,1
erratum,errata,1,1
erratus,erratorum,1,1
erro,erratis,2,5
erro,erravi,1,5
erro,errantes,1,5
erro,erraremus,1,5
erroneus,erroneo,1,1
error,erroribus,5,19
error,errores,5,19
error,errorum,4,19
error,errorem,3,19
error,error,1,19
error,errore,1,19
erudierint.quus,erudierint.Quorum,1,1
erudio,eruditos,2,12
erudio,eruditis,1,12
erudio,erudite,1,12
erudio,erudiantur,1,12
erudio,erudiatur,1,12
erudio,erudiri,1,12
erudio,eruditè,1,12
erudio,erudiendi,1,12
erudio,erudit,1,12
erudio,erudiunt,1,12
erudio,erudiendis,1,12
eruditio,eruditione,1,2
eruditio,eruditionis,1,2
erugo,erugo,1,1
erumna,erumnis,1,1
erumpo,erupit,3,6
erumpo,eruperunt,1,6
erumpo,erumpens,1,6
erumpo,erumpunt,1,6
esca,Escam,1,3
esca,escis,1,3
esca,esca,1,3
esculigo,esculenta,1,1
espuus,espuo,1,1
essentialis,essentialem,1,1
esseque,esseque,1,1
estas,estate,1,1
ester,estris,1,1
esternus,esterna,1,1
Estevas,Estevan,1,1
esteve,Esteve,1,1
estimo,estimati,1,1
estna,Estne,2,2
estque,estque,6,7
estque,Estque,1,7
estruo,estructa,1,1
et,et,3850,4054
et,Et,200,4054
et,ET,4,4054
èt,èt,3,3
eta,eta,1,1
etcetera,etc,16,16
etenim,Etenim,5,9
etenim,etenim,4,9
ęternę,ęternę,1,1
ȩternus,ȩternis,1,1
ethil,Ethil,1,1
Ethiopia,Ethiopia,1,1
Ethiopius,Ethiopiam,5,5
ethnicorumquus,ethnicorumque,1,1
ethnicus,ethnicorum,6,22
ethnicus,ethnicis,3,22
ethnicus,Ethnici,3,22
ethnicus,ethnicos,2,22
ethnicus,Ethnicu,1,22
ethnicus,ethnici,1,22
ethnicus,ethnicus,1,22
ethnicus,Ethnicorum,1,22
ethnicus,Ethnicus,1,22
ethnicus,Ethnicos,1,22
ethnicus,Ethnico,1,22
ethnicus,Ethnicum,1,22
ethymologia,ethymologia,1,1
Ethyopia,Ethyopia,1,1
eti,eti,1,1
etiam,etiam,309,311
etiam,Etiam,2,311
etiamest,etiamest,1,1
etiamnum,etiamnum,4,5
etiamnum,Etiamnum,1,5
etiamsi,etiamsi,6,7
etiamsi,Etiamsi,1,7
eto,etatis,2,3
eto,etate,1,3
etsi,etsi,13,16
etsi,Etsi,2,16
etsi,ETSI,1,16
etyopes,Etyopem,1,1
Etyopes,Etyopes,4,4
etyopus,Etyopibus,1,1
euado,euadere,1,1
euangelicus,euangelicae,1,1
euboea,Euboeam,1,1
eucharestia,Eucharestiae,1,1
eucharistia,Eucharistiae,1,2
eucharistia,Eucharistia,1,2
euenio,euenit,2,3
euenio,euenturum,1,3
euerto,euertit,1,1
euibro,euibrant,1,1
euidentia,euidentiae,1,1
euigilo,euigilarent,1,2
euigilo,euigilare,1,2
euilta,Euiltarum,1,1
eumque,eumque,4,4
eunucha,Eunuchis,4,4
eunuchus,Eunuchi,9,24
eunuchus,Eunuchus,4,24
eunuchus,Eunucho,4,24
eunuchus,Eunuchos,3,24
eunuchus,Eunuchum,2,24
eunuchus,Eunuchorum,2,24
euo,eumndi,1,1
euoco,euocent,1,1
euolo,euolet,1,2
euolo,euolare,1,2
euoluo,euoluantur,1,1
euomens,euomens,1,1
europa,Europa,18,24
europa,Europam,5,24
europa,Europae,1,24
europaeus,Europaeis,6,11
europaeus,Europaeorum,2,11
europaeus,Europaeos,2,11
europaeus,Europaeas,1,11
Europaeus,Europaei,3,3
europȩ,Europȩ,1,1
europeas,Europeae,1,1
europes,Europei,1,1
europȩus,europȩos,1,1
euulgo,euulgarent,1,2
euulgo,euulgarunt,1,2
evado,evasit,10,21
evado,evaserunt,4,21
evado,evaderent,2,21
evado,evadere,1,21
evado,evadit,1,21
evado,evadendum,1,21
evado,evaserant,1,21
evado,evaderet,1,21
evaio,evasuri,1,1
evan,evan,1,1
evanesco,evanuit,1,2
evanesco,evanuerunt,1,2
evangelicȩ,evangelicȩ,1,1
evangelici,Evangelicos,1,1
evangelicus,Evangelica,5,17
evangelicus,Evangelicae,3,17
evangelicus,evangelici,2,17
evangelicus,evangelico,2,17
evangelicus,evangelicus,1,17
evangelicus,Evangelici,1,17
evangelicus,evangelicae,1,17
evangelicus,evangelica,1,17
evangelicus,Evangelicam,1,17
evangelista,Evangelistarum,1,1
evangeliste,Evangeliste,1,1
evangelium,Evangelium,7,21
evangelium,Evangelii,4,21
evangelium,Evangelio,3,21
evangelium,evangelii,3,21
evangelium,Evangelij,2,21
evangelium,Evangelia,1,21
evangelium,evangelium,1,21
evangelizanitus,evangelizanitibus,1,1
evangelizo,evangelizare,2,5
evangelizo,evangelizandum,2,5
evangelizo,evangelizant,1,5
evasid,evasid,1,1
evasio,evasisset,2,2
evatto,evasimus,1,1
evdo,evasisse,2,3
evdo,evasissent,1,3
eveho,evectus,2,3
eveho,evexerat,1,3
evenio,evenit,4,8
evenio,eveniunt,2,8
evenio,eveniant,1,8
evenio,evenisset,1,8
eventum,eventa,1,1
eventus,eventu,6,10
eventus,Eventuum,1,10
eventus,eventuum,1,10
eventus,eventus,1,10
eventus,eventum,1,10
EVERENDI,EVERENDI,1,1
evero,everendo,2,5
evero,everendis,1,5
evero,everendum,1,5
evero,EVERENDUM,1,5
everor,everendus,13,13
eversio,eversionem,1,1
everto,eversae,2,8
everto,evertendam,1,8
everto,evertit,1,8
everto,evertere,1,8
everto,everteret,1,8
everto,evertenda,1,8
everto,eversa,1,8
eves,evitem,1,1
evidens,evidens,2,6
evidens,evidentes,1,6
evidens,evidentem,1,6
evidens,evidenti,1,6
evidens,evidentibus,1,6
evidenter,evidenter,3,3
evigo,evectis,1,3
evigo,evecti,1,3
evigo,evecto,1,3
evito,evitare,2,7
evito,evitanda,1,7
evito,evitando,1,7
evito,evitarem,1,7
evito,evitant,1,7
evito,evitemus,1,7
evocatoque,evocatoque,1,1
evoco,evocatis,1,7
evoco,evocati,1,7
evoco,evocarent,1,7
evoco,evocavit,1,7
evoco,evocato,1,7
evoco,evocare,1,7
evoco,evocaram,1,7
evolo,evolaturi,1,1
evolvo,evolvendis,1,2
evolvo,evolvet,1,2
evomuo,evomuit,1,1
evulgo,evulgavit,2,3
evulgo,evulgatum,1,3
ex,ex,664,831
ex,e,105,831
ex,Ex,59,831
ex,EX,2,831
ex,E,1,831
ex(s)pectatio,expectatione,2,2
ex(s)tinguo,extinguere,2,4
ex(s)tinguo,extinguitur,2,4
exaceo,exacuerunt,1,1
exacerbo,exacerbaret,1,2
exacerbo,exacerbatos,1,2
exacte,exactissime,1,1
exactius,exactius,1,1
exactor,exactor,1,1
exactus,exactissimi,1,2
exactus,exactissimam,1,2
exaedifico,exaedificatum,3,5
exaedifico,exaedificare,1,5
exaedifico,exaedificantur,1,5
exaequo,exaequat,2,4
exaequo,exaequabit,1,4
exaequo,exaequanti,1,4
exaggero,exaggerata,1,1
exagito,exagitari,2,5
exagito,exagitarunt,1,5
exagito,exagitabunt,1,5
exagito,exagitati,1,5
examen,examen,4,10
examen,examine,2,10
examen,examinis,1,10
examen,Examina,1,10
examen,Examen,1,10
examen,examina,1,10
examino,examinata,2,8
examino,examinati,2,8
examino,examinandum,1,8
examino,examinavi,1,8
examino,examinatis,1,8
examino,examinandi,1,8
exango,exangaus,1,1
exanimis,exanimes,1,1
exardeo,exarsit,1,1
exardesco,exardescat,1,1
exareo,exarserunt,1,1
exaro,exarare,1,6
exaro,exaraverim,1,6
exaro,exarandae,1,6
exaro,exaratam,1,6
exaro,exaratae,1,6
exaro,exaro,1,6
exaspero,exasperavit,2,2
exauthoro,exauthoraretur,1,1
exautoro,exautorato,1,1
excaeco,excaecavit,1,3
excaeco,excaecata,1,3
excaeco,excaecatus,1,3
excarnifico,excarnificatur,1,2
excarnifico,excarnificabuntur,1,2
excedo,excedere,4,24
excedo,excederet,3,24
excedo,excedit,2,24
excedo,excedunt,2,24
excedo,excessit,2,24
excedo,excedens,2,24
excedo,excessisse,2,24
excedo,excesserat,2,24
excedo,excesserim,1,24
excedo,excedat,1,24
excedo,excedebat,1,24
excedo,excederent,1,24
excedo,excesserit,1,24
excellentia,excellentia,1,2
excellentia,Excellentie,1,2
excello,excellentes,3,9
excello,excellens,1,9
excello,excellat,1,9
excello,excellit,1,9
excello,excellebant,1,9
excello,excellentem,1,9
excello,excellentior,1,9
excelsus,Excelsi,1,1
exceptuo,exceptuatum,1,1
excerco,excercens,1,1
excerno,excrevit,1,1
excessus,excessus,1,2
excessus,excessum,1,2
excettus,excetto,1,1
excidio,excidio,2,2
excidius,excidium,1,1
excido,excidissent,1,4
excido,excideret,1,4
excido,exciderit,1,4
excido,excider,1,4
excipio,exceptis,7,47
excipio,excepit,7,47
excipio,excepti,4,47
excipio,excipit,4,47
excipio,exceptus,3,47
excipio,excepto,2,47
excipio,excipiuntur,2,47
excipio,excipiendos,2,47
excipio,excipiatur,1,47
excipio,excepimus,1,47
excipio,exceperunt,1,47
excipio,excipiunt,1,47
excipio,excipere,1,47
excipio,exceptum,1,47
excipio,exceptos,1,47
excipio,exciperentur,1,47
excipio,exceperit,1,47
excipio,excipiens,1,47
excipio,excipientibus,1,47
excipio,excipiebantur,1,47
excipio,excipiantur,1,47
excipio,excipiendo,1,47
excipio,Excipio,1,47
excipio,exciperet,1,47
excito,excitatae,3,37
excito,excitare,3,37
excito,excitavit,3,37
excito,excitari,3,37
excito,excitatis,3,37
excito,excitata,2,37
excito,excitasset,2,37
excito,excitentur,2,37
excito,excitatas,1,37
excito,Excitentur,1,37
excito,excitat,1,37
excito,excitandam,1,37
excito,Excitatus,1,37
excito,excitent,1,37
excito,excitarunt,1,37
excito,excitaret,1,37
excito,excitatur,1,37
excito,excitaretur,1,37
excito,excitavimus,1,37
excito,excitandi,1,37
excito,excitandorum,1,37
excito,excitati,1,37
excito,excitato,1,37
excito,excitandum,1,37
exclamo,exclamabat,1,1
exclo,excluserant,1,1
excludo,excludi,2,8
excludo,excluso,1,8
excludo,excludas,1,8
excludo,excludebatur,1,8
excludo,exclusa,1,8
excludo,exclusi,1,8
excludo,excludere,1,8
exclusive,exclusive,1,1
excogito,excogitauit,1,5
excogito,excogitatis,1,5
excogito,excogitare,1,5
excogito,excogitari,1,5
excogito,excogitata,1,5
excolo,excolit,3,11
excolo,excolendis,2,11
excolo,excolere,2,11
excolo,excolenda,1,11
excolo,excolantur,1,11
excolo,excolendos,1,11
excolo,excolunt,1,11
excommunicatio,excommunicationis,1,2
excommunicatio,excommunicationem,1,2
excreo,excrevi,1,1
excresco,excrescit,1,3
excresco,excrescens,1,3
excresco,excrescere,1,3
excro,excreverant,2,2
excrucio,excruciati,2,3
excrucio,excruciat,1,3
excubia,excubiae,1,1
excubo,excubabant,1,2
excubo,excubabat,1,2
excudo,excudebat,1,1
exculo,exculta,1,1
excundo,excusi,1,1
excurro,excurrant,1,1
excursio,excursionibus,1,1
excusatio,excusationem,2,3
excusatio,excusationis,1,3
excuso,excusavit,3,5
excuso,excusatum,1,5
excuso,excusare,1,5
excutio,excutere,2,2
excuto,excuterem,1,1
exe1mplum,exe1mpla,1,1
execratio,execrationibus,1,1
execro,execranda,3,6
execro,execrati,1,6
execro,Execranda,1,6
execro,execrando,1,6
executio,executioni,3,5
executio,Executioni,1,5
executio,Executionis,1,5
executor,executor,1,1
exedo,exedunt,1,1
exempl,exempl,1,1
exemplar,exemplar,5,5
exemplaris,exemplaris,1,2
exemplaris,exemplari,1,2
exemploq,exemploq,1,1
exemplum,exemplo,20,54
exemplum,exemplum,19,54
exemplum,exempla,11,54
exemplum,exempli,2,54
exemplum,Exemplum,1,54
exemplum,Exemplo,1,54
exeo,exeunt,5,28
exeo,exire,4,28
exeo,exit,3,28
exeo,exiens,2,28
exeo,exeunte,2,28
exeo,exeundi,2,28
exeo,exivi,2,28
exeo,exeuntes,2,28
exeo,exeundum,1,28
exeo,exierunt,1,28
exeo,exirent,1,28
exeo,exivisse,1,28
exeo,exerto,1,28
exeo,exi,1,28
exequor,executus,1,1
exequutio,exequutioni,1,2
exequutio,exequutio,1,2
exerceo,exercere,6,26
exerceo,exercet,4,26
exerceo,exercent,2,26
exerceo,exercendam,2,26
exerceo,exercuit,2,26
exerceo,exercuisset,2,26
exerceo,exercendi,1,26
exerceo,exerceat,1,26
exerceo,exerceret,1,26
exerceo,exercuerunt,1,26
exerceo,exerceant,1,26
exerceo,exercerent,1,26
exerceo,exercens,1,26
exerceo,exercendas,1,26
exercitationésque,Exercitationésque,1,1
exercitium,exercitia,2,6
exercitium,exercitium,1,6
exercitium,exercitio,1,6
exercitium,Exercitium,1,6
exercitium,exercitiis,1,6
exercito,exercitatus,1,2
exercito,exercitata,1,2
exercitus,exercitus,36,89
exercitus,exercitum,22,89
exercitus,exercitu,19,89
exercitus,exercitibus,6,89
exercitus,exercitui,3,89
exercitus,exercituum,3,89
exfero,extulerat,1,1
exhalo,exhalaverit,1,1
exhaurio,exhausit,1,1
exhibeo,exhibito,4,23
exhibeo,exhibuit,4,23
exhibeo,exhibita,3,23
exhibeo,exhibitis,2,23
exhibeo,exhibui,1,23
exhibeo,exhibeant,1,23
exhibeo,exhiberet,1,23
exhibeo,exhibuerat,1,23
exhibeo,exhibere,1,23
exhibeo,exhibeatis,1,23
exhibeo,exhibitos,1,23
exhibeo,exhibebunt,1,23
exhibeo,exhibebo,1,23
exhibeo,exhiberent,1,23
exhibitio,exhibitione,1,1
exhinc,exhinc,1,1
exhinde,exhinde,1,1
exhortatio,exhortationibus,1,1
exhortor,exhortamur,1,1
exigo,exigit,3,22
exigo,exactis,3,22
exigo,exigi,2,22
exigo,exigatur,2,22
exigo,exigitur,2,22
exigo,exacte,2,22
exigo,exigentibus,1,22
exigo,exigunt,1,22
exigo,exegit,1,22
exigo,exegerat,1,22
exigo,exigat,1,22
exigo,exigere,1,22
exigo,exactam,1,22
exigo,exactos,1,22
exiguor,exiguor,1,1
exiguus,exigui,3,16
exiguus,exigua,3,16
exiguus,exiguos,2,16
exiguus,exiguum,2,16
exiguus,exiguâ,1,16
exiguus,exiguo,1,16
exiguus,Exigui,1,16
exiguus,exiguae,1,16
exiguus,exiguam,1,16
exiguus,exiguas,1,16
exileo,exiliit,1,1
exiliique,exiliique,1,1
exilium,exilium,3,3
Exiliumve,Exiliumve,1,1
eximijs,eximijs,2,2
eximius,eximia,8,15
eximius,eximiam,3,15
eximius,eximium,1,15
eximius,eximias,1,15
eximius,eximii,1,15
eximius,eximio,1,15
eximo,exempta,2,5
eximo,exemit,2,5
eximo,eximeremus,1,5
eximus,eximi,2,2
exinde,exinde,9,10
exinde,Exinde,1,10
exindeque,exindeque,1,1
exipio,except,1,1
existimatio,existimatione,8,12
existimatio,existimatio,2,12
existimatio,existimationem,1,12
existimatio,existimationis,1,12
ęxistimatio,ęxistimationi,1,1
existimo,existimabat,4,22
existimo,existimavi,3,22
existimo,existimarent,2,22
existimo,existimant,2,22
existimo,Existimo,1,22
existimo,Existimavi,1,22
existimo,existimo,1,22
existimo,existimaveris,1,22
existimo,existimaretur,1,22
existimo,existimans,1,22
existimo,existimetur,1,22
existimo,existiment,1,22
existimo,existimandum,1,22
existimo,existimaverint,1,22
existimo,existimabantur,1,22
existo,existendi,4,8
existo,extiterint,2,8
existo,extiterunt,2,8
exitialis,exitialia,1,1
exitiosus,exitioso,1,1
exitium,exitium,2,3
exitium,exitio,1,3
exitus,exitus,6,11
exitus,exitu,3,11
exitus,exitum,2,11
exlex,exleges,1,1
exol,exol,1,1
exolesco,exolescet,1,1
exolvo,exolvere,1,1
exomius,Exomia,1,1
exomologesin,exomologesin,2,2
exoneo,exoneres,1,1
exoptavêe,exoptavêre,1,1
exopto,exoptare,1,3
exopto,exoptasse,1,3
exopto,exoptantes,1,3
exorbito,exorbitent,1,1
exorcismus,Exorcismos,1,1
exordio,exordiar,1,1
exordius,exordio,2,2
exorior,exorti,2,5
exorior,exortum,1,5
exorior,exorto,1,5
exorior,exorta,1,5
exorqueo,exorquebat,1,1
exortor,exortantur,1,1
exosculo,exosculandum,1,1
exoticus,exotici,1,1
expavesco,expavescerent,1,1
expe,expe,1,1
expectatio,expectationis,2,2
expecto,expectabamus,2,6
expecto,expectasset,1,6
expecto,expectabatur,1,6
expecto,expectante,1,6
expecto,expectando,1,6
expedio,expedire,9,28
expedio,expedita,3,28
expedio,expedienda,2,28
expedio,expediat,2,28
expedio,expeditus,2,28
expedio,expeditum,2,28
expedio,Expedire,2,28
expedio,expediri,2,28
expedio,expediam,1,28
expedio,expedit,1,28
expedio,expedierit,1,28
expedio,expedito,1,28
expeditio,expeditionem,2,6
expeditio,Expeditionem,1,6
expeditio,expeditionis,1,6
expeditio,expeditione,1,6
expeditio,expeditioni,1,6
expeditus,expeditiores,1,1
expello,expellere,7,23
expello,expulit,3,23
expello,expulsi,2,23
expello,expelleret,2,23
expello,expulsis,2,23
expello,expulerunt,1,23
expello,expellendos,1,23
expello,expelli,1,23
expello,expellat,1,23
expello,expellendo,1,23
expello,expulso,1,23
expello,Expulsis,1,23
expen,expen,1,1
expendo,expendit,2,12
expendo,expenditur,2,12
expendo,expendi,1,12
expendo,expenderunt,1,12
expendo,expendebat,1,12
expendo,expendebant,1,12
expendo,expendatis,1,12
expendo,expendere,1,12
expendo,expendet,1,12
expendo,expenderet,1,12
expensa,expensas,11,20
expensa,expensae,7,20
expensa,Expensae,1,20
expensa,expensarum,1,20
expensasque,expensasque,1,1
expense,expense,1,1
expensum,Expensum,1,1
expensus,expensis,10,10
experiencia,experiencia,1,1
experientia,experientia,8,9
experientia,experientiam,1,9
experimentum,experimento,2,2
experio,experiar,2,2
experior,experiri,8,22
experior,experti,4,22
experior,expertus,3,22
experior,expertae,1,22
experior,experiuntur,1,22
experior,experitur,1,22
experior,experiantur,1,22
experior,experimur,1,22
experior,experiamur,1,22
experior,experta,1,22
expers,expers,8,14
expers,expertes,5,14
expers,expertia,1,14
experte,experte,1,1
expetitus,expetitum,1,1
expeto,expetentem,1,11
expeto,Expetamus,1,11
expeto,expetijt,1,11
expeto,expetat,1,11
expeto,expeti,1,11
expeto,expetere,1,11
expeto,expeterent,1,11
expeto,expetit,1,11
expeto,expetiti,1,11
expeto,expeto,1,11
expeto,expetunt,1,11
expiatio,expiatione,1,1
expiatorius,expiatoriis,1,1
expilo,expilatur,1,2
expilo,expilaverant,1,2
expio,expiare,1,5
expio,expiantur,1,5
expio,expiati,1,5
expio,expiarent,1,5
expio,expiasset,1,5
expiro,expirantibus,1,1
expleo,expleatur,2,13
expleo,expleri,2,13
expleo,Expleto,1,13
expleo,expleverint,1,13
expleo,expleto,1,13
expleo,explere,1,13
expleo,explenda,1,13
expleo,explebunt,1,13
expleo,expleant,1,13
expleo,explendam,1,13
expleo,explendo,1,13
explicatio,explicationem,4,6
explicatio,explicatio,1,6
explicatio,explicationi,1,6
explicio,Explicit,1,1
explico,explicat,5,22
explico,explicantur,3,22
explico,explicari,3,22
explico,explicare,2,22
explico,explicatur,1,22
explico,explicandis,1,22
explico,explicantes,1,22
explico,explicando,1,22
explico,explicatum,1,22
explico,explicandae,1,22
explico,Explicabuntur,1,22
explico,explicant,1,22
explico,explicata,1,22
explodo,explodentes,1,2
explodo,explodebantur,1,2
explorator,exploratores,4,6
explorator,explorator,2,6
exploro,explorata,2,11
exploro,exploratum,2,11
exploro,exploraret,2,11
exploro,exploratumque,1,11
exploro,explorandum,1,11
exploro,explorate,1,11
exploro,explorati,1,11
exploro,explorarent,1,11
explosum,explosis,1,1
expono,exponere,6,32
expono,exposuit,3,32
expono,exponi,3,32
expono,exposuimus,2,32
expono,exposita,2,32
expono,exposui,2,32
expono,exponeret,2,32
expono,exponamus,1,32
expono,exponerent,1,32
expono,expositam,1,32
expono,exponant,1,32
expono,exponis,1,32
expono,expositae,1,32
expono,exponam,1,32
expono,exponit,1,32
expono,exposuerit,1,32
expono,exponebantur,1,32
expono,exponitur,1,32
expono,exponerentur,1,32
expoposco,expoposcimus,1,1
exporrigo,exporrigat,1,1
exporto,exportarent,1,2
exporto,exportantes,1,2
exposco,exposcimus,1,1
expositio,Expositio,1,1
expostulatque,expostulatque,1,1
expostulo,expostulare,1,3
expostulo,expostulamus,1,3
expostulo,expostularet,1,3
expraefectus,Expraefectorum,1,2
expraefectus,Expraefectos,1,2
expresse,expresse,1,1
exprimo,expressa,5,10
exprimo,expresso,2,10
exprimo,expressum,1,10
exprimo,exprimebant,1,10
exprimo,exprimerent,1,10
expugnatio,expugnationem,1,2
expugnatio,expugnatio,1,2
expugno,expugnata,1,2
expugno,expugna,1,2
expulsio,expulsione,1,2
expulsio,expulsionem,1,2
expurgo,expurgabit,1,2
expurgo,expurgaret,1,2
exquino,exquisitis,2,3
exquino,exquisitas,1,3
exquisitus,exquisitissima,1,2
exquisitus,exquisitissimae,1,2
exquisro,exquisitae,1,1
exscendo,exscenderunt,1,1
exscensio,exscensionem,1,1
exscindo,exscindendam,1,2
exscindo,exscindere,1,2
exsecutio,executione,2,3
exsecutio,executionem,1,3
exsequor,exequendo,1,4
exsequor,exequendum,1,4
exsequor,exequentes,1,4
exsequor,exequendis,1,4
exsiliiq,exiliiq,1,1
exsilium,exilio,6,8
exsilium,exilii,2,8
exsisto,extiterit,4,13
exsisto,existens,2,13
exsisto,existentes,2,13
exsisto,existentibus,1,13
exsisto,existenti,1,13
exsisto,existat,1,13
exsisto,existet,1,13
exsisto,extitisse,1,13
exspecto,expectant,4,34
exspecto,expectare,3,34
exspecto,expectans,3,34
exspecto,expectat,2,34
exspecto,expectari,2,34
exspecto,exspectare,2,34
exspecto,expectantes,2,34
exspecto,expectabat,2,34
exspecto,expecto,2,34
exspecto,expectatur,1,34
exspecto,expectandum,1,34
exspecto,Exspectabo,1,34
exspecto,exspectet,1,34
exspecto,expectabis,1,34
exspecto,exspecto,1,34
exspecto,exspectant,1,34
exspecto,exspectasse,1,34
exspecto,expectamus,1,34
exspecto,expectabant,1,34
exspecto,expectarent,1,34
exspecto,expectantibus,1,34
exspiro,exspirasse,1,1
exspoliatio,exspoliationem,1,1
exsstruo,exstructo,1,1
exstinguo,extincta,5,6
exstinguo,extincti,1,6
exstirpo,exstirpavit,1,1
exsto,extabant,1,3
exsto,exstant,1,3
exsto,exstitit,1,3
exstruo,exstructae,1,2
exstruo,exstructa,1,2
exsul,exul,1,1
exsulto,exultarent,1,1
extemplus,extemplo,1,1
extendo,extendere,3,11
extendo,extendendi,2,11
extendo,extensam,1,11
extendo,extenderem,1,11
extendo,extendam,1,11
extendo,extenderet,1,11
extendo,extensum,1,11
extendo,extenditur,1,11
extenuo,extenuantes,1,1
exter,exteros,2,5
exter,Exteris,1,5
exter,exteris,1,5
exter,exteri,1,5
exterior,extremum,6,26
exterior,extrema,6,26
exterior,extremam,5,26
exterior,extremi,4,26
exterior,exteriores,1,26
exterior,exterior,1,26
exterior,exteriori,1,26
exterior,exteriora,1,26
exterior,extremae,1,26
extermino,exterminatae,1,2
extermino,exterminaret,1,2
externus,externis,6,14
externus,externos,2,14
externus,externa,2,14
externus,externi,1,14
externus,externorum,1,14
externus,externum,1,14
externus,externam,1,14
exterqueo,exterquerent,1,1
exterus,exterorum,3,3
extimesco,extimesco,1,2
extimesco,extimescere,1,2
extimulo,extimulatum,1,2
extimulo,extimularunt,1,2
extimus,extimos,1,1
extincio,Extinctae,1,1
extinctio,extinctionem,1,1
extincto,extincto,1,1
extinctus,extinctum,2,4
extinctus,extinctus,2,4
extingo,extinxit,3,5
extingo,extinctis,2,5
extinguo,extinguendam,1,1
extirpo,extirparet,2,7
extirpo,extirparint,1,7
extirpo,extirpatum,1,7
extirpo,extirpandos,1,7
extirpo,extirpare,1,7
extirpo,extirpantur,1,7
extitio,extitit,2,2
exto,extaret,2,3
exto,extante,1,3
extollo,extolleremur,2,7
extollo,extollet,1,7
extollo,extollunt,1,7
extollo,extollere,1,7
extollo,extollebat,1,7
extollo,extollebant,1,7
extoreo,extorserit,1,1
extorqueo,extorquere,1,1
extorquo,Extorquet,1,1
extorsisso,extorsisset,1,1
extortus,extorta,1,1
extra,extra,34,37
extra,exterius,2,37
extra,Extra,1,37
extraho,extrahere,1,9
extraho,extraxerunt,1,9
extraho,extrahentem,1,9
extraho,extrahunt,1,9
extraho,extraxit,1,9
extraho,extraham,1,9
extraho,extrahentes,1,9
extraho,extractum,1,9
extraho,extrahatur,1,9
extraiudicialis,extraiudicialia,1,1
extraneus,extraneorum,2,3
extraneus,extraneis,1,3
extrao,extraxerint,1,1
extraordinarius,extraordinariam,2,4
extraordinarius,extraordinariis,1,4
extraordinarius,extraordinarijs,1,4
extremus,extremo,7,7
extrinsecus,extrinsecus,2,2
extruco,extruxerat,2,2
extrudo,extrudi,1,1
extruo,extructae,5,20
extruo,extruere,3,20
extruo,extructa,3,20
extruo,extruxit,2,20
extruo,extrui,2,20
extruo,extructurum,2,20
extruo,extructum,1,20
extruo,extructo,1,20
extruo,extruendis,1,20
extulo,extulere,1,1
exturbo,exturbati,2,5
exturbo,exturbentur,1,5
exturbo,exturbare,1,5
exturbo,exturbantur,1,5
exu,exu,1,1
exularo,exularant,1,2
exularo,exularat,1,2
exulcero,exulceratum,1,1
exuleo,exulere,1,1
exules,Exules,1,2
exules,exules,1,2
exulo,exularent,2,5
exulo,exulare,2,5
exulo,Exulabunt,1,5
exulor,exulatus,1,1
exulto,exultans,1,2
exulto,exultare,1,2
exulus,Exulum,1,1
exundo,exundantium,1,1
exuo,exueretur,2,4
exuo,exuendus,1,4
exuo,exuti,1,4
exurgo,exurgere,1,1
exuro,exuri,1,3
exuro,exustis,1,3
exuro,exuretur,1,3
exvor,exveretur,1,1
f,F,44,45
f,f,1,45
fa,fa,2,2
faber,Faber,1,2
faber,Fabri,1,2
fabiannus,Fabiannus,1,1
fabianus,Fabianus,2,2
fabrica,fabrica,5,6
fabrica,fabricae,1,6
fabrico,fabricatum,1,2
fabrico,fabricarunt,1,2
fabula,fabulas,2,2
facatensis,Facatensi,2,2
facesso,facessere,1,2
facesso,facessunt,1,2
fachiraoensis,Fachiraoense,1,1
fachiroensis,Fachiroensi,1,1
fachyroesus,Fachyroesi,1,1
facies,faciem,3,8
facies,faciei,3,8
facies,facie,2,8
facile,facile,71,76
facile,facillime,2,76
facile,facillimo,2,76
facile,Facillime,1,76
facilè,facilè,4,4
facilis,facili,4,12
facilis,facilis,3,12
facilis,facilior,2,12
facilis,faciles,2,12
facilis,facilem,1,12
facilitas,facilitate,3,4
facilitas,facilitatis,1,4
facilitateque,facilitateque,1,1
faciliter,facilius,12,12
facima,Facimam,1,1
facinorosus,facinorosorum,1,1
facinus,facinus,4,8
facinus,facinora,2,8
facinus,facinoribus,1,8
facinus,facinore,1,8
facio,facere,42,378
facio,factum,35,378
facio,facta,31,378
facio,fecit,30,378
facio,facto,17,378
facio,faciunt,16,378
facio,factus,16,378
facio,feci,10,378
facio,factam,10,378
facio,factis,10,378
facio,facit,9,378
facio,faceret,9,378
facio,fecerunt,8,378
facio,facio,7,378
facio,facti,7,378
facio,faciens,6,378
facio,faciebat,6,378
facio,faciendum,6,378
facio,facturum,6,378
facio,fecissent,6,378
facio,facientes,5,378
facio,factae,5,378
facio,faciam,5,378
facio,facienda,5,378
facio,facerent,5,378
facio,fecisset,4,378
facio,faciendam,4,378
facio,fecerat,4,378
facio,faciat,4,378
facio,factos,3,378
facio,fecimus,3,378
facio,factas,3,378
facio,faciamus,3,378
facio,fecisse,3,378
facio,facturi,3,378
facio,facerem,2,378
facio,facimus,2,378
facio,fecerit,2,378
facio,fecerint,2,378
facio,fecere,2,378
facio,facturos,2,378
facio,faciebant,2,378
facio,facturus,2,378
facio,Faciat,1,378
facio,faciebam,1,378
facio,faciendae,1,378
facio,fecerim,1,378
facio,fecisti,1,378
facio,faciet,1,378
facio,faciant,1,378
facio,Facta,1,378
facio,facis,1,378
facio,fecissemus,1,378
facio,facies,1,378
facio,factu,1,378
facio,Facit,1,378
facio,factorum,1,378
facio,facte,1,378
facio,facturam,1,378
faco,Facata,2,3
faco,Facatam,1,3
factio,factione,6,18
factio,factiones,4,18
factio,factio,3,18
factio,factioni,2,18
factio,factionem,2,18
factio,factionis,1,18
facultas,facultatem,19,63
facultas,facultate,18,63
facultas,facultatibus,11,63
facultas,facultates,5,63
facultas,facultatum,4,63
facultas,facultas,3,63
facultas,facultatis,1,63
facultas,facultati,1,63
facultas,Facultate,1,63
facultatum,facultatumque,1,1
faedo,faedere,1,1
faelicus,faelicissimo,1,1
faemina,faemina,2,5
faemina,faeminis,2,5
faemina,faeminas,1,5
faetum,faeta,1,1
faex,faecem,1,2
faex,faecibus,1,2
faho,faxit,3,4
faho,Faxit,1,4
faio,fact,1,1
fallacia,fallacias,1,1
fallo,fallere,2,6
fallo,fallendi,1,6
fallo,falli,1,6
fallo,fallentem,1,6
fallo,fallentibus,1,6
fallor,fallar,1,2
fallor,fallor,1,2
falor,falor,1,1
falsitas,falsitatis,2,4
falsitas,falsitatibus,1,4
falsitas,falsitates,1,4
falsò,falsò,1,1
falsorumquus,falsorumque,1,1
falsus,falso,4,23
falsus,falsum,4,23
falsus,falsam,3,23
falsus,falsa,3,23
falsus,falsae,2,23
falsus,falsos,2,23
falsus,falsas,1,23
falsus,falsi,1,23
falsus,falsis,1,23
falsus,falsę,1,23
falsus,Falsa,1,23
falx,falce,1,1
fama,fama,14,17
fama,famam,2,17
fama,famae,1,17
fames,fame,8,8
famęs,famę,2,2
familia,Familia,14,41
familia,familia,13,41
familia,Familiae,5,41
familia,familiae,3,41
familia,familiam,3,41
familia,Familiam,2,41
familia,familias,1,41
familiâ,familiâ,1,1
familiaris,familiarem,1,3
familiaris,familiares,1,3
familiaris,familiari,1,3
familiaritas,familiaritate,1,3
familiaritas,familiaritatem,1,3
familiaritas,familiaritatis,1,3
familiariter,familiariter,3,4
familiariter,familiarius,1,4
familie,familie,1,1
familiȩ,familiȩ,1,1
familio,familiare,1,1
famis,famis,2,2
famosus,famosum,1,3
famosus,famosi,1,3
famosus,famosissimus,1,3
famulatus,famulatum,2,3
famulatus,famulatu,1,3
famulo,famulato,1,1
famulus,famulos,9,22
famulus,famulis,4,22
famulus,famulus,3,22
famulus,famuli,2,22
famulus,famulo,2,22
famulus,famulorum,2,22
fancan,Fancan,1,1
fanus,fanum,1,1
farima,Farimae,1,1
fas,fas,10,10
fascia,fascia,1,2
fascia,fasciam,1,2
fassus,fassi,1,1
fastidium,fastidium,1,1
fastido,fastideret,1,1
fastus,fastu,1,1
fatalis,fatalis,1,1
fateo,Fatentur,2,2
fateor,fateri,2,5
fateor,fatetur,1,5
fateor,fateatur,1,5
fateor,fateor,1,5
fatigo,fatigata,1,3
fatigo,fatigetur,1,3
fatigo,fatigatur,1,3
fatiscor,fatiscente,1,1
fatoque,fatoque,1,1
fatum,fatis,1,3
fatum,fatum,1,3
fatum,fato,1,3
fatuo,faturum,1,1
fatus,fatu,1,1
faueo,favente,6,7
faueo,faveant,1,7
fautor,fautores,3,7
fautor,fautoribus,1,7
fautor,Fautorq,1,7
fautor,Fautorem,1,7
fautor,fautorem,1,7
faux,fauces,2,3
faux,faucibus,1,3
faveo,favet,3,8
faveo,faveat,2,8
faveo,faveret,2,8
faveo,favens,1,8
favor,favorem,9,16
favor,favore,6,16
favor,favoribus,1,16
favoremqus,favoremque,1,1
favos,favores,1,1
fax,facem,1,2
fax,facibus,1,2
feb,feb,1,1
febrim,febrim,1,1
februar,Februar,1,1
februarius,februarii,9,22
februarius,Februario,6,22
februarius,Februarii,3,22
februarius,februario,2,22
februarius,februarias,1,22
februarius,Februarium,1,22
fecêo,fecêre,1,1
fecunditas,fecunditate,1,1
fedes,fedem,1,1
fefello,fefellit,2,2
felice,felicissime,2,2
felicianus,Felicianus,2,2
felicis,felicissima,1,1
felicitas,felicitate,7,25
felicitas,felicitatis,6,25
felicitas,felicitas,6,25
felicitas,felicitatem,5,25
felicitas,felicitati,1,25
feliciter,feliciter,8,8
felicito,felicitantis,1,1
felicitus,felicita,1,1
felicus,felicissimam,1,5
felicus,felicissimo,1,5
felicus,felicissimi,1,5
felicus,felicissimis,1,5
felicus,felicissimus,1,5
felix,felicis,4,14
felix,felici,4,14
felix,felix,2,14
felix,felicem,2,14
felix,Felix,1,14
felix,felices,1,14
femina,feminas,1,1
femur,femur,1,2
femur,femore,1,2
fer,fer,1,1
fera,ferarum,1,3
fera,feras,1,3
fera,feram,1,3
feralis,ferali,1,1
Ferdinandus,Ferdinandus,4,5
Ferdinandus,Ferdinando,1,5
fere,fere,77,77
ferè,ferè,2,2
fereirus,Fereira,1,1
feretrum,feretrum,2,2
feria,feria,2,3
feria,feriam,1,3
ferinus,ferina,1,1
ferio,feriunt,1,2
ferio,feriendis,1,2
feritas,feritatem,1,2
feritas,feritati,1,2
ferme,ferme,3,3
fermè,fermè,1,1
Fernandez,Fernandez,1,1
Fernández,Fernández,1,1
Fernàndez,Fernàndez,1,1
fero,tulit,7,58
fero,lata,6,58
fero,latum,5,58
fero,ferunt,5,58
fero,fertur,4,58
fero,ferre,4,58
fero,ferens,3,58
fero,ferrent,3,58
fero,ferri,3,58
fero,ferret,3,58
fero,tulerit,2,58
fero,ferebatur,2,58
fero,fert,1,58
fero,ferat,1,58
fero,ferebantur,1,58
fero,lantur,1,58
fero,ferantur,1,58
fero,ferit,1,58
fero,ferentium,1,58
fero,ferendam,1,58
fero,ferebant,1,58
fero,ferentem,1,58
fero,ferenda,1,58
ferocio,ferocire,1,1
ferocitas,ferocitas,1,2
ferocitas,ferocitate,1,2
ferocius,ferocia,1,1
ferox,ferocem,1,1
ferraris,Ferraris,1,1
ferrarus,Ferrara,1,2
ferrarus,Ferrari,1,2
ferreira,Ferreira,8,8
Ferreyra,Ferreyra,1,1
ferroquus,ferroque,3,3
ferrum,ferrum,5,8
ferrum,ferro,3,8
fertilis,fertiles,1,2
fertilis,fertilis,1,2
feruenter,feruenter,1,1
ferueo,feruentes,1,1
ferventer,ferventer,1,1
ferveo,ferventi,1,2
ferveo,feruenti,1,2
fervo,fervebat,1,1
fervor,fervore,4,6
fervor,fervor,2,6
fessio,fessionibus,1,1
fessus,fesso,1,2
fessus,fessos,1,2
festinatio,festinatio,1,2
festinatio,festinationem,1,2
festinationeque,festinationeque,1,1
festino,festinasse,1,3
festino,festinantem,1,3
festino,festinaret,1,3
festivus,festivo,1,1
festus,festum,3,11
festus,festo,2,11
festus,festos,2,11
festus,festis,2,11
festus,festa,1,11
festus,Festi,1,11
fetuus,Fetuo,1,1
fibra,fibras,1,1
fico,fixerant,3,3
fictus,fictus,1,1
fidelis,fidelibus,8,31
fidelis,fidelium,5,31
fidelis,fideles,3,31
fidelis,fidelem,3,31
fidelis,fidelis,2,31
fidelis,fideli,2,31
fidelis,fidelissimus,2,31
fidelis,fidelissimo,2,31
fidelis,fidele,1,31
fidelis,Fidelium,1,31
fidelis,fidelissimam,1,31
fidelis,fideliores,1,31
fidelitas,fidelitas,2,9
fidelitas,fidelitatis,2,9
fidelitas,fidelitatem,2,9
fidelitas,fidelitate,2,9
fidelitas,fidelitati,1,9
fideliter,fideliter,1,1
fidenter,fidenter,1,1
fidenterque,fidenterque,1,1
fides,fidem,66,183
fides,fidei,37,183
fides,fide,34,183
fides,Fide,18,183
fides,Fidei,14,183
fides,fides,6,183
fides,Fidem,5,183
fides,Fides,2,183
fides,FIDEI,1,183
fìdes,fìdes,1,1
fido,fidens,2,7
fido,fidit,1,7
fido,fidentes,1,7
fido,fidunt,1,7
fido,fidere,1,7
fido,fido,1,7
fiducia,fiduciam,1,1
fidus,fidis,3,11
fidus,fidus,2,11
fidus,fidissimum,1,11
fidus,fidissimo,1,11
fidus,fidioribus,1,11
fidus,fidissimis,1,11
fidus,fidissimus,1,11
fidus,fidi,1,11
figen,Figen,2,2
figensis,Figensis,1,1
figes,Figem,1,1
figheredus,Figheredo,2,2
figmentum,figmentis,1,1
figo,fixit,4,17
figo,figerent,3,17
figo,figere,3,17
figo,fixerunt,2,17
figo,figant,2,17
figo,figat,1,17
figo,fixerat,1,17
figo,figendi,1,17
figoensus,Figoensis,1,1
figueirus,Figueira,2,2
figueredus,Figueredo,9,9
figura,figurae,1,3
figura,figuras,1,3
figura,figuram,1,3
figuro,figuratae,1,2
figuro,figurato,1,2
filia,filiam,5,14
filia,filia,4,14
filia,filiabus,2,14
filia,filiae,2,14
filia,filias,1,14
filialis,filialem,1,1
filij,filij,1,1
filio,filioque,1,1
filiolus,Filioli,1,2
filiolus,filioli,1,2
filipinus,Filipinarum,1,1
filius,filius,35,116
filius,filium,23,116
filius,filii,16,116
filius,filio,16,116
filius,filios,7,116
filius,filiorum,6,116
filius,fili,4,116
filius,Filius,3,116
filius,Filium,2,116
filius,Filii,2,116
filius,filijs,1,116
filius,filiis,1,116
filus,filo,1,2
filus,filum,1,2
fimbriae,fimbrias,1,1
fìnalis,fìnalem,1,1
findecanus,Findecanus,1,1
findenarus,Findenarus,1,1
findo,findetur,1,1
finganis,Fingani,2,2
finganus,Finganis,1,1
Finganus,Fingana,1,1
fingensis,Fingensis,2,2
Fingensus,Fingensi,1,1
fingo,finxit,3,10
fingo,fingere,2,10
fingo,fingent,1,10
fingo,fictis,1,10
fingo,Fingans,1,10
fingo,fictum,1,10
fingo,Fingensium,1,10
fingus,Fingi,3,4
fingus,Fingum,1,4
Fingus,Fingo,4,4
finio,finito,2,8
finio,finierunt,1,8
finio,finire,1,8
finio,finiantur,1,8
finio,finienda,1,8
finio,finitae,1,8
finio,finivit,1,8
finis,finem,18,51
finis,fine,12,51
finis,finis,9,51
finis,finibus,5,51
finis,fines,4,51
finis,Finis,2,51
finis,FINIS,1,51
finitimus,finitimam,1,5
finitimus,finitimis,1,5
finitimus,finitima,1,5
finitimus,finitimi,1,5
finitimus,finitimo,1,5
fio,fit,33,86
fio,fieri,23,86
fio,fiat,8,86
fio,fieret,8,86
fio,fiunt,4,86
fio,fierent,3,86
fio,fiet,3,86
fio,fiebant,2,86
fio,Fiat,1,86
fio,fiant,1,86
firadenses,Firadenses,1,1
Firandensiis,Firandensis,2,2
firandensis,Firandensi,5,10
firandensis,Firandensem,2,10
firandensis,Firandenses,2,10
firandensis,Firandensibus,1,10
Firandus,Firando,7,11
Firandus,Firandi,4,11
firmareque,firmareque,1,1
firmior,firmioribus,1,1
firmitas,firmitas,2,3
firmitas,firmitatem,1,3
firmo,firmavit,2,9
firmo,firmata,2,9
firmo,firmetur,1,9
firmo,firmate,1,9
firmo,firmare,1,9
firmo,firmatum,1,9
firmo,firmandis,1,9
firmus,firma,5,23
firmus,firmae,3,23
firmus,Firma,2,23
firmus,firmam,2,23
firmus,Firmae,2,23
firmus,firmum,2,23
firmus,firmissima,2,23
firmus,firmi,1,23
firmus,firmissimae,1,23
firmus,firmus,1,23
firmus,firmissimo,1,23
firmus,firmiores,1,23
firor,Firandum,3,3
Firoscima,Firoscimae,2,4
Firoscima,Firoscimam,2,4
firoscimanus,Firoscimani,1,1
firoscimus,Firoscima,2,2
firoximanus,Firoximano,2,2
fis,fid,2,2
fiscalis,fiscales,1,2
fiscalis,fiscale,1,2
fistula,fistula,1,1
Fiunganus,Fiungani,1,1
fixus,fixae,1,1
fl,fl,1,1
flagell,flagell,2,2
flagello,flagellavi,1,2
flagello,flagellant,1,2
flagellum,flagellis,3,4
flagellum,flagellorum,1,4
flagitijs,flagitijs,1,1
flagitiose,flagitiose,2,2
flagitiosus,flagitiosam,1,3
flagitiosus,flagitiosi,1,3
flagitiosus,flagitiosae,1,3
flagitium,flagitio,8,16
flagitium,flagitium,3,16
flagitium,flagitia,2,16
flagitium,flagitiorum,2,16
flagitium,flagitiis,1,16
flagito,flagitemus,1,1
flagro,flagrans,1,3
flagro,flagrabat,1,3
flagro,flagrante,1,3
flamma,flamma,5,13
flamma,flammis,4,13
flamma,flammae,2,13
flamma,flammas,1,13
flamma,flammarum,1,13
flecto,flexis,4,4
fleo,fleri,1,1
flictio,flictionem,1,1
flo,flante,1,1
florentia,Florentia,1,1
florenus,florenorum,1,1
floreo,floreret,1,5
floreo,florentes,1,5
floreo,Floruit,1,5
floreo,florentibus,1,5
floreo,florentior,1,5
floruero,floruerant,1,1
flos,Florez,6,7
flos,flore,1,7
fluctuo,fluctuare,1,2
fluctuo,fluctuantem,1,2
fluctus,fluctibus,2,4
fluctus,fluctuum,1,4
fluctus,Fluctibus,1,4
flumen,fluminis,9,24
flumen,flumen,8,24
flumen,flumine,4,24
flumen,fluminibus,2,24
flumen,flumina,1,24
fluminalis,fluminale,1,1
fluo,fluens,2,6
fluo,fluit,2,6
fluo,fluentibus,1,6
fluo,fluentium,1,6
fluuis,fluuii,1,1
fluuius,fluvio,5,8
fluuius,fluuium,2,8
fluuius,fluuio,1,8
fluvis,fluvim,1,1
fluvius,fluvium,14,24
fluvius,fluvius,4,24
fluvius,fluuius,3,24
fluvius,fluvios,1,24
fluvius,Fluvius,1,24
fluvius,fluvii,1,24
fmen,fminis,1,1
fndo,fusè,2,2
fo,fint,1,2
fo,funt,1,2
focamensis,Focamensis,1,1
focheus,Focheu,2,2
fodinus,fodinae,1,1
foecundo,foecundata,1,2
foecundo,foecundo,1,2
foederatus,foederatos,3,3
foedero,foederatus,2,2
foeditas,foeditate,4,5
foeditas,foeditati,1,5
foedo,foedavit,1,2
foedo,foedabat,1,2
foedus,foedere,2,13
foedus,foedo,2,13
foedus,foedissime,2,13
foedus,foederibus,2,13
foedus,foedera,2,13
foedus,foedissimo,1,13
foedus,foedissimi,1,13
foedus,foederis,1,13
foelex,foelicem,1,1
foelicitas,foelicitatem,1,1
foeliciter,foeliciter,1,1
foelicus,foelicissimo,1,1
foelix,foelix,1,1
foemina,foemina,8,16
foemina,foeminae,5,16
foemina,foeminis,2,16
foemina,foeminarum,1,16
foemo,foeminę,1,1
foes,Foes,1,1
foetidus,foetida,1,1
foetor,foetorem,1,1
foetus,foetum,1,1
fogan,Fogan,1,1
foin,Foin,15,15
fokien,Fokien,27,27
fokiensis,Fokiensis,7,11
fokiensis,Fokiensi,4,11
fonben,Fonben,1,1
fons,fonte,5,14
fons,fons,4,14
fons,fontem,3,14
fons,Fontes,2,14
fontanarosus,Fontanarosa,1,1
for,for,1,1
foras,foras,8,8
foreo,forent,1,1
foris,foris,2,2
forma,forma,12,23
forma,formam,8,23
forma,formae,3,23
formidabilis,formidabilis,1,3
formidabilis,formidabiles,1,3
formidabilis,formidabile,1,3
formido,formidine,4,18
formido,formido,2,18
formido,formidinem,2,18
formido,formidabant,2,18
formido,formidantes,2,18
formido,formidabat,2,18
formido,formidet,1,18
formido,formidarent,1,18
formido,formidandum,1,18
formido,formidarunt,1,18
formidolosus,formidolosis,1,1
formo,formatus,7,14
formo,formati,3,14
formo,formandum,1,14
formo,formatum,1,14
formo,formarent,1,14
formo,formata,1,14
formositas,formositatem,4,6
formositas,formositatis,1,6
formositas,formositate,1,6
formosus,Formosa,3,4
formosus,Formosae,1,4
formula,formulam,6,9
formula,Formula,2,9
formula,formula,1,9
fornaletus,Fornaletus,1,1
forsitan,forsitan,2,2
fortasse,fortasse,11,14
fortasse,fortassis,2,14
fortasse,Fortasse,1,14
forte,forte,28,32
forte,Forte,4,32
fortè,fortè,1,1
fortifico,fortificati,1,1
fortique,fortique,1,1
fortis,fortes,11,34
fortis,fortis,6,34
fortis,fortissimo,4,34
fortis,fortissima,2,34
fortis,fortem,1,34
fortis,fortia,1,34
fortis,fortioribus,1,34
fortis,fortior,1,34
fortis,fortissimi,1,34
fortis,fortissimus,1,34
fortis,fortissimum,1,34
fortis,fortiores,1,34
fortis,fortissimiq,1,34
fortis,fortissimam,1,34
fortis,forti,1,34
fortiter,fortiter,12,16
fortiter,fortissime,3,16
fortiter,fortius,1,16
fortitudo,fortitudine,11,21
fortitudo,fortitudinem,4,21
fortitudo,fortitudo,3,21
fortitudo,fortitudinis,2,21
fortitudo,fortitudines,1,21
fortuna,fortuna,11,28
fortuna,fortunae,8,28
fortuna,fortunis,4,28
fortuna,fortunam,4,28
fortuna,fortunarum,1,28
fortunar,fortunarumq,1,1
fortunarumquus,fortunarumque,2,2
fortus,fortun,1,1
forum,forum,1,2
forum,foro,1,2
fossa,fossam,6,10
fossa,fossae,2,10
fossa,fossarum,1,10
fossa,fossa,1,10
fossus,fosso,1,1
fotochus,Fotochi,3,3
fotoqua,fotoque,2,2
fotoquius,Fotoquios,3,4
fotoquius,Fotoquiis,1,4
foveo,fovere,2,6
foveo,fovet,1,6
foveo,fovent,1,6
foveo,fovebat,1,6
foveo,fovend,1,6
foveor,fovendis,1,1
fr,Fr,130,133
fr,fr,2,133
fr,FR,1,133
fr.antonius,Fr.Antonius,2,2
fractio,fractio,1,1
fractura,fractura,1,1
fragilis,fragile,1,1
fragilitas,fragilitati,1,1
fragrantia,fragrantiae,1,1
francciscus,Franccisci,1,1
franciscanus,Franciscani,12,27
franciscanus,Franciscanus,4,27
franciscanus,Franciscanum,4,27
franciscanus,Franciscanos,3,27
franciscanus,Franciscanis,2,27
franciscanus,franciscani,1,27
franciscanus,Franciscana,1,27
francisco,franciscanȩ,1,1
franciscus,Franciscus,91,163
franciscus,Francisci,31,163
franciscus,Francisco,29,163
franciscus,Franciscum,12,163
frango,frangendam,1,4
frango,frangatur,1,4
frango,fracti,1,4
frango,frangeremur,1,4
frater,Frater,158,357
frater,fratres,37,357
frater,fratribus,31,357
frater,Fratres,29,357
frater,frater,25,357
frater,fratrum,24,357
frater,fratre,12,357
frater,Fratribus,12,357
frater,fratri,11,357
frater,fratrem,6,357
frater,fratris,5,357
frater,Fratrum,3,357
frater,Fratre,1,357
frater,Fratris,1,357
frater,Fratrem,1,357
frater,FRATRUM,1,357
fraternitas,fraternitate,1,1
fraterque,Fraterque,1,1
fratis,fratibus,1,1
fratribusque,fratribusque,1,1
fraudo,fraudatur,2,3
fraudo,fraudaretur,1,3
fraudulenter,fraudulenter,1,1
fraus,fraude,6,11
fraus,fraudes,3,11
fraus,fraudibus,2,11
fremo,frementes,3,8
fremo,fremens,3,8
fremo,fremente,1,8
fremo,frementibus,1,8
frenum,freno,1,1
frequens,frequens,1,6
frequens,frequentes,1,6
frequens,frequentem,1,6
frequens,frequentissimi,1,6
frequens,frequentissimos,1,6
frequens,frequentiores,1,6
frequenter,frequenter,9,12
frequenter,frequentissime,2,12
frequenter,frequentius,1,12
frequentia,frequentia,1,1
frequento,frequentando,1,4
frequento,frequentat,1,4
frequento,frequentatae,1,4
frequento,frequentata,1,4
frequentus,frequentissima,1,1
frequeo,frequentârunt,1,1
fretum,fretum,2,2
fretus,freti,3,4
fretus,fretus,1,4
frigefio,frigefiat,1,1
frigidus,frigidi,1,2
frigidus,frigidiores,1,2
frigus,frigore,3,7
frigus,Frigora,1,7
frigus,frigora,1,7
frigus,frigoris,1,7
frigus,frigorum,1,7
fro,frati,1,2
fro,tulerat,1,2
froes,Froes,1,1
fróes,Fróes,1,1
frons,frontem,2,5
frons,fronte,2,5
frons,frondibus,1,5
fructifer,fructiferae,1,1
fructo,fructant,1,1
fructuose,fructuose,1,1
fructuosus,fructuosam,1,1
fructus,fructum,20,53
fructus,fructus,17,53
fructus,fructibus,9,53
fructus,fructu,5,53
fructus,fructuum,1,53
fructus,Fructus,1,53
frugifer,frugifera,3,3
fruitio,fruitionem,1,2
fruitio,fruitione,1,2
frumentifer,frumentifera,1,1
frumentum,frumento,2,6
frumentum,frumentum,2,6
frumentum,frumenta,1,6
frumentum,frumenti,1,6
fruor,frui,2,8
fruor,fruitur,2,8
fruor,fruamur,1,8
fruor,fruimini,1,8
fruor,fruuntur,1,8
fruor,fruebatur,1,8
frustra,frustra,9,9
frustraneus,frustranea,1,1
frustro,frustratus,1,1
frustus,frusta,1,1
frux,frugum,1,1
fu,fu,1,1
fucuscimado,Fucuscimadoni,2,2
fucuscimadonus,Fucuscimadonus,2,2
fucuscimandonus,Fucuscimandonus,1,2
fucuscimandonus,Fucuscimandonum,1,2
fuêris,fuêre,1,1
fuga,fuga,8,16
fuga,fugam,5,16
fuga,fugae,3,16
fugam,fugamque,1,1
fugan,Fugan,1,1
fuggo,fuggeren,1,1
fugio,fugientes,8,23
fugio,fugere,5,23
fugio,fugerunt,2,23
fugio,fugienda,1,23
fugio,fugit,1,23
fugio,fugiens,1,23
fugio,fugiendi,1,23
fugio,fugienti,1,23
fugio,fugientibus,1,23
fugio,fugientem,1,23
fugio,fugisset,1,23
fugitivus,fugitivi,4,4
fugo,fugatus,1,2
fugo,fugat,1,2
fulcio,fulciatur,1,1
fulgeo,fulgebunt,1,2
fulgeo,fulgentem,1,2
fulgor,fulgor,1,2
fulgor,fulgorem,1,2
fulmen,fulmina,1,1
fulmino,Fulminatur,1,1
fulo,fultas,1,1
fum,eft,3,3
fumus,fumus,1,2
fumus,fumo,1,2
funacensis,Funacense,1,1
functio,functiones,6,12
functio,functionibus,3,12
functio,functionem,1,12
functio,functionum,1,12
functio,functione,1,12
function,functionesq,1,1
fundamentum,fundamentis,3,8
fundamentum,fundamenta,3,8
fundamentum,fundamento,2,8
fundatio,fundatione,10,20
fundatio,fundationem,5,20
fundatio,fundationi,2,20
fundatio,Fundatio,1,20
fundatio,fundationes,1,20
fundatio,fundationis,1,20
fundator,Fundatorem,2,5
fundator,fundatorem,2,5
fundator,fundatoribus,1,5
funditus,funditus,4,4
fundo,fundata,4,29
fundo,fundatum,2,29
fundo,fundare,2,29
fundo,Fundaverat,2,29
fundo,fundatorum,2,29
fundo,fusa,2,29
fundo,fusum,2,29
fundo,fundatas,1,29
fundo,Fundata,1,29
fundo,fundaverat,1,29
fundo,Fundatum,1,29
fundo,fundando,1,29
fundo,funderet,1,29
fundo,fundendus,1,29
fundo,funditur,1,29
fundo,fusus,1,29
fundo,fudit,1,29
fundo,fuderunt,1,29
fundo,fundati,1,29
fundo,fundunt,1,29
fundus,funda,1,2
fundus,fundus,1,2
funero,funerati,1,1
funestus,funestissimas,1,3
funestus,funestum,1,3
funestus,funesto,1,3
fungo,functus,3,7
fungo,fungetur,1,7
fungo,funguntur,1,7
fungo,fungantur,1,7
fungo,fungerentur,1,7
fungor,functi,5,8
fungor,fungar,1,8
fungor,fungebantur,1,8
fungor,fungebatur,1,8
fungus,fungi,3,3
funiculus,funiculis,1,1
funis,funem,1,1
funium,funium,1,1
funus,funera,2,3
funus,funeris,1,3
furenter,furenter,1,2
furenter,furentius,1,2
furia,furiae,2,3
furia,furia,1,3
furibundus,furibunda,1,1
furiose,furiose,2,2
furiosus,furioso,1,1
furor,furore,5,16
furor,furor,4,16
furor,furoris,4,16
furor,furemur,1,16
furor,Furor,1,16
furor,furores,1,16
furtadus,Furtado,2,3
furtadus,Furtadum,1,3
furtum,furta,2,3
furtum,furtum,1,3
fuscim,Fuscim,1,1
fuscimanus,Fuscimana,1,1
Fuscimanus,Fuscimano,1,1
fuscimus,Fuscimo,1,2
fuscimus,Fuscimum,1,2
fuse,fuse,1,1
fusus,fusiùs,1,3
fusus,fusissimé,1,3
fusus,Fuso,1,3
futer,futri,1,1
futilis,futilem,1,2
futilis,futili,1,2
futurumqus,futurumque,1,1
futurus,futurum,13,29
futurus,futura,8,29
futurus,futuri,3,29
futurus,futuram,2,29
futurus,futurae,2,29
futurus,futurorum,1,29
fuximensis,Fuximensem,1,1
g,g,2,3
g,G,1,3
ga,Ga,1,1
gabo,gabantur,1,1
gabriel,Gabriel,2,2
gabrielis,Gabriele,1,1
gago,Gago,1,1
gai,Gai,1,1
gaiocus,gaiocae,1,1
galata,Galatas,2,2
galatia,Galatia,2,2
galatus,Galatis,1,1
galea,galea,1,1
Galilea,Galileae,1,1
Galli,Gallorum,1,1
gallia,Gallie,1,1
Gallia,Gallia,9,9
gallina,gallinarum,1,1
gallus,Gallus,4,6
gallus,Galli,1,6
gallus,galli,1,6
gandies,Gandie,1,1
ganges,Gangem,1,1
ganhaus,Ganhai,3,3
ganxaus,Ganxai,1,1
Garcés,Garcés,6,6
García,García,5,5
garcius,Garcia,2,2
Garzia,Garzia,4,4
gasachum,gasachum,1,1
gasachus,gasacho,1,1
gaspar,Gaspar,20,28
gaspar,Gasparis,5,28
gaspar,Gasparo,1,28
gaspar,Gaspari,1,28
gaspar,Gasparem,1,28
gaspor,Gaspare,5,5
gaudeo,gavisus,2,11
gaudeo,gaudent,1,11
gaudeo,gaudens,1,11
gaudeo,gaudemus,1,11
gaudeo,gavisi,1,11
gaudeo,Gavisus,1,11
gaudeo,gaudentibus,1,11
gaudeo,gauderent,1,11
gaudeo,gaudere,1,11
gaudeo,gaudeat,1,11
gaudium,gaudio,19,27
gaudium,gaudium,4,27
gaudium,gaudij,3,27
gaudium,gaudii,1,27
gaza,gazam,1,1
Gaza,Gaza,2,2
Gazaria,Gazariam,1,1
gazaros,Gazaros,1,1
Gazzaria,Gazzarie,1,2
Gazzaria,Gazzariam,1,2
ge,ge,1,1
gehenna,gehennam,1,1
gelium,gelio,1,1
gemituque,gemituque,1,1
gemitus,gemitu,1,1
geneo,genuisti,1,1
generalis,generalis,21,50
generalis,generali,7,50
generalis,Generali,6,50
generalis,Generalis,6,50
generalis,Generales,3,50
generalis,generalibus,2,50
generalis,Generalem,2,50
generalis,generalem,2,50
generalis,Generalibus,1,50
generaliter,generaliter,1,1
generatio,generationis,1,1
generis,generisque,1,1
genero,generat,3,7
genero,generantur,1,7
genero,generaret,1,7
genero,generassent,1,7
genero,generari,1,7
generofus,generofus,1,1
generose,generose,1,1
generosus,generosus,1,1
genesis,Genesis,1,1
genitor,genitoris,1,1
genium,genio,2,2
gens,gentis,16,79
gens,gentium,15,79
gens,gentes,12,79
gens,gens,11,79
gens,gentem,8,79
gens,gentibus,6,79
gens,gente,6,79
gens,Gentem,2,79
gens,genti,2,79
gens,Gentium,1,79
gensco,genuerunt,1,1
gensis,gensis,1,1
gentilico,gentilico,2,2
gentilis,gentiles,20,68
gentilis,gentilis,14,68
gentilis,gentilium,12,68
gentilis,gentilibus,10,68
gentilis,gentili,4,68
gentilis,gentilem,3,68
gentilis,Gentiles,2,68
gentilis,gentilia,1,68
gentilis,gentile,1,68
gentilis,Gentilis,1,68
gentilitas,gentilitatis,1,1
gentilitia,gentilitiae,1,1
gentilitus,gentilitios,1,1
gentus,gentos,1,1
genu,genibus,5,5
genua,genua,2,2
genuensis,Genuensis,1,1
genuflego,genuflexi,1,1
genus,genere,17,48
genus,genus,15,48
genus,genera,8,48
genus,generis,6,48
genus,generibus,2,48
Georgiani,Georgianis,1,1
georgianus,Georgianos,1,2
georgianus,Georgiani,1,2
georgius,Georgium,1,1
Georgius,Georgius,9,14
Georgius,Georgio,3,14
Georgius,Georgii,2,14
Gerardinus,Gerardinus,2,2
germania,Germaniae,1,1
Germania,Germania,1,1
germanicus,Germanica,1,2
germanicus,Germanicum,1,2
germanus,Germanus,4,9
germanus,Germani,2,9
germanus,germanus,2,9
germanus,germano,1,9
gero,gesta,6,40
gero,gerunt,4,40
gero,gerere,3,40
gero,gerebat,3,40
gero,geritur,3,40
gero,gestis,3,40
gero,gessit,3,40
gero,gerentibus,2,40
gero,gerant,2,40
gero,gererent,2,40
gero,gero,1,40
gero,gerentes,1,40
gero,gestum,1,40
gero,gesserint,1,40
gero,gesserunt,1,40
gero,gestae,1,40
gero,gererentur,1,40
gero,gerebant,1,40
gero,gerendis,1,40
gestamen,gestamen,1,1
gesto,gestabat,1,3
gesto,gestabunt,1,3
gesto,gestans,1,3
gesum,gesit,2,2
Gherardus,Gerardo,1,2
Gherardus,Gerardus,1,2
Gianangauandonus,Gianangauandono,1,1
giannus,Giannus,4,4
giateusciranus,Giateusciranos,1,2
giateusciranus,Giateuscirani,1,2
giateusciror,Giateusciranum,1,1
giavane,Giavani,1,1
gibonoscium,Gibonoscium,1,1
gibonoscius,Gibonoscius,3,3
Gibonoscius,Gibonoscio,4,6
Gibonoscius,Gibonoscii,2,6
gibunoscius,Gibunoscius,11,18
gibunoscius,Gibunoscio,4,18
gibunoscius,Gibunoscium,3,18
Gibunoscius,Gibunoscii,3,3
gigno,genitos,1,4
gigno,genitum,1,4
gigno,gignuntur,1,4
gigno,geniti,1,4
ginses,Ginsem,1,1
gio,git,1,1
Giorgius,Giorgius,1,2
Giorgius,Giorgi,1,2
gira,Giram,1,1
giro,girantem,1,1
girus,girum,1,1
gister,gistri,1,1
giusq,giusq,1,1
glacialis,glaciales,1,1
gladiolus,gladiolis,1,1
gladius,gladio,6,12
gladius,gladium,3,12
gladius,gladiis,2,12
gladius,gladios,1,12
Glemona,Glemona,1,1
globus,globo,2,3
globus,globi,1,3
gloria,gloriam,34,82
gloria,gloria,25,82
gloria,gloriae,21,82
gloria,GLORIAM,1,82
gloria,Gloria,1,82
glorifico,glorificari,1,1
glorior,glorietur,1,1
gloriorus,gloriorissima,1,1
gloriose,gloriose,2,2
gloriosus,gloriosos,5,24
gloriosus,gloriosum,4,24
gloriosus,gloriosa,3,24
gloriosus,gloriosi,3,24
gloriosus,gloriosae,2,24
gloriosus,gloriosissima,2,24
gloriosus,glorioso,2,24
gloriosus,gloriosissimi,1,24
gloriosus,gloriosissimum,1,24
gloriosus,gloriosus,1,24
glos,glos,1,1
glosa,glosa,1,1
gnarus,gnari,2,2
gnarusque,gnarusque,1,1
go,tect,1,1
goa,Goam,9,15
goa,Goa,6,15
Goana,Goana,5,5
goanus,Goano,2,2
goȩ,Goȩ,1,1
goę,Goę,1,1
goënseo,Goënsis,1,1
goënsus,Goënse,1,1
góes,Góes,2,2
gomes,Gomes,16,16
gomez,Gomez,1,1
Gomezius,Gomezius,4,4
gonçalus,Gonçalum,1,1
Gonçalus,Gonçalus,1,1
gonçálvi,Gonçálvez,1,1
gondisalus,Gondisalus,1,1
gonsalvus,Gonsalvum,1,2
gonsalvus,Gonsalvo,1,2
gonuus,Gonuae,1,1
gonzales,Gonzalez,2,4
gonzales,Gonzales,2,4
gonzález,González,1,1
gora,goris,1,1
Gortyna,Gortynam,1,1
gos,Goue,1,1
gothor,Gothorum,1,1
gothus,Gothos,1,1
Gouea,Gouea,1,1
gouensis,gouensis,3,5
gouensis,gouense,2,5
gous,Goae,23,23
gouus,Gouae,5,9
gouus,Gouam,4,9
Gouvea,Gouvea,4,4
Govea,Govea,2,2
gra,gra,1,1
grabamen,grabamina,1,1
gradatim,gradatim,1,1
grado,gradati,1,1
gradualis,graduali,1,1
gradus,gradus,5,15
gradus,gradibus,4,15
gradus,gradum,3,15
gradus,Gradus,2,15
gradus,gradu,1,15
Graeci,Graecorum,3,3
Graecia,Graeciae,1,2
Graecia,Graeciam,1,2
graecus,Graeca,1,2
graecus,Graecis,1,2
grammaticus,grammaticam,7,10
grammaticus,grammatici,1,10
grammaticus,grammaticos,1,10
grammaticus,grammaticae,1,10
grammatum,grammati,1,1
granarium,Granario,1,1
grandis,grande,2,4
grandis,grandem,1,4
grandis,grandi,1,4
granum,granum,1,1
Grasettius,Grasetti,1,1
grassator,grassatores,1,1
Grassettus,Grassetti,1,1
grasso,grassante,2,3
grasso,grassanti,1,3
grassor,grassari,1,1
grat,grat,1,1
gratia,gratiam,32,102
gratia,gratias,21,102
gratia,gratia,17,102
gratia,gratiae,15,102
gratia,Gratia,9,102
gratia,gratiarum,5,102
gratia,gratiis,2,102
gratia,Gratiae,1,102
gratiose,gratiose,1,1
gratis,gratis,2,2
gratulatio,gratulatione,1,1
gratulor,gratulatus,1,1
gratus,gratum,4,10
gratus,gratus,1,10
gratus,gratibus,1,10
gratus,gratiorem,1,10
gratus,gratos,1,10
gratus,gratissima,1,10
gratus,grata,1,10
grauis,graui,2,8
grauis,gravissimum,1,8
grauis,graue,1,8
grauis,grauissime,1,8
grauis,grauioribus,1,8
grauis,grauem,1,8
grauis,grauior,1,8
grauitas,grauitate,1,1
grauo,grauate,1,1
Gravina,Gravina,1,1
gravis,gravissimis,4,22
gravis,gravis,2,22
gravis,gravissimas,2,22
gravis,gravi,2,22
gravis,grave,2,22
gravis,graves,2,22
gravis,gravissimo,1,22
gravis,graviori,1,22
gravis,gravium,1,22
gravis,gravioribus,1,22
gravis,gravibus,1,22
gravis,gravia,1,22
gravis,gravior,1,22
gravis,gravissima,1,22
gravitas,gravitate,4,5
gravitas,gravitatem,1,5
graviter,graviter,6,6
gravo,gravata,2,4
gravo,gravetur,1,4
gravo,gravatur,1,4
grecus,greco,1,2
grecus,Grecorum,1,2
gregarius,gregarius,1,1
gregor,Gregorij,1,1
gregorius,Gregorius,5,5
Gregorius,Gregorii,8,13
Gregorius,Gregorium,3,13
Gregorius,Gregorio,2,13
gremium,gremium,1,1
grex,gregem,6,15
grex,gregi,4,15
grex,grege,2,15
grex,greges,2,15
grex,Gregis,1,15
Grimualdus,Grimaldi,1,1
gro,gessi,2,2
gu,gu,1,1
guado,guadent,1,1
Guardianus,Guardiano,2,3
Guardianus,Guardiane,1,3
guber,guber,1,2
guber,gubern,1,2
gubernaculum,gubernacula,3,4
gubernaculum,gubernaculis,1,4
gubernatio,gubernatione,4,12
gubernatio,gubernationis,4,12
gubernatio,gubernationem,3,12
gubernatio,Gubernationis,1,12
gubernator,gubernatoribus,13,60
gubernator,gubernatores,12,60
gubernator,gubernator,6,60
gubernator,Gubernatoribus,6,60
gubernator,Gubernatores,6,60
gubernator,Gubernator,5,60
gubernator,gubernatore,4,60
gubernator,gubernatorem,3,60
gubernator,gubernatori,3,60
gubernator,Gubernatorem,1,60
gubernator,Gubernatori,1,60
gubernatorumque,gubernatorumque,1,1
guberno,gubernatorum,9,32
guberno,gubernandi,7,32
guberno,Gubernatorum,6,32
guberno,gubernabatur,2,32
guberno,gubernat,2,32
guberno,gubernant,1,32
guberno,gubernatur,1,32
guberno,gubernarunt,1,32
guberno,gubernaretur,1,32
guberno,gubernantis,1,32
guberno,Gubernabat,1,32
Gubonoscius,Gubonoscio,1,1
Gueius,Gueio,1,1
guerra,guerram,2,3
guerra,guerras,1,3
gueus,Guei,1,1
guey,Guey,2,2
guglielmus,Guglielmus,1,1
gui,guo,1,1
guifuanus,Guifuanum,2,2
guifus,Guifu,1,1
guiliermus,Guiliermus,1,1
gus,gus,1,1
gymnasius,gymnasium,1,2
gymnasius,Gymnasium,1,2
gynnasius,gynnasiis,1,1
gypo,gypones,2,3
gypo,Gypone,1,3
gypones,Gyponem,1,1
gyponicus,gyponicis,1,2
gyponicus,gyponico,1,2
gyponus,gyponum,1,1
h,H,11,12
h,h,1,12
habeant.tertius,habeant.Tertia,1,1
haben,haben,1,1
habeo,habet,117,554
habeo,habent,50,554
habeo,habere,48,554
habeo,habuit,31,554
habeo,habebat,29,554
habeo,Habet,27,554
habeo,haberet,20,554
habeo,habens,17,554
habeo,habeat,16,554
habeo,habemus,16,554
habeo,habentes,15,554
habeo,haberent,13,554
habeo,habeant,12,554
habeo,habuerunt,12,554
habeo,habita,10,554
habeo,habeo,10,554
habeo,habebant,9,554
habeo,habui,6,554
habeo,habuissent,6,554
habeo,habuerat,5,554
habeo,Habent,5,554
habeo,haberemus,5,554
habeo,Habebat,5,554
habeo,habiti,5,554
habeo,Habes,4,554
habeo,habuisse,4,554
habeo,habuimus,4,554
habeo,habebatur,4,554
habeo,habeatur,3,554
habeo,haberi,3,554
habeo,habito,3,554
habeo,habuere,3,554
habeo,habitis,3,554
habeo,habes,2,554
habeo,habebam,2,554
habeo,habebamus,2,554
habeo,habetur,2,554
habeo,habeas,2,554
habeo,habendis,2,554
habeo,habentem,1,554
habeo,habeam,1,554
habeo,habentur,1,554
habeo,habendo,1,554
habeo,Habito,1,554
habeo,habenda,1,554
habeo,habeamus,1,554
habeo,Habuit,1,554
habeo,habendae,1,554
habeo,Habeo,1,554
habeo,habuissem,1,554
habeo,habuero,1,554
habeo,habe,1,554
habeo,habendus,1,554
habeo,haberem,1,554
habeo,habebit,1,554
habeo,habuerint,1,554
habeo,habuerant,1,554
habeo,habituris,1,554
habeo,habuisset,1,554
habeo,habuerit,1,554
habeo,Habemus,1,554
habetque,habetque,1,1
habilis,habiles,1,1
habitaculum,habitaculum,1,1
habitatio,habitatio,5,22
habitatio,habitationem,5,22
habitatio,habitationes,4,22
habitatio,habitatione,4,22
habitatio,habitationi,3,22
habitatio,Habitatio,1,22
habitator,habitatores,1,2
habitator,habitatoribus,1,2
habito,habitant,10,41
habito,habitare,7,41
habito,habitantes,4,41
habito,habitandum,4,41
habito,habitabat,4,41
habito,habitat,3,41
habito,habitet,2,41
habito,Habitant,1,41
habito,habitasse,1,41
habito,habitantium,1,41
habito,habitantibus,1,41
habito,habitent,1,41
habito,habitaretur,1,41
habito,habitaverat,1,41
habitus,habitu,5,12
habitus,habitus,4,12
habitus,habitibus,1,12
habitus,HABITAE,1,12
habitus,habitum,1,12
hácque,hácque,1,1
hactenus,hactenus,51,53
hactenus,Hactenus,2,53
hactenvs,HACTENVS,1,1
haebreus,Haebreis,1,1
haedo,haesimus,1,1
haereditarius,haereditario,2,2
haereditas,haereditas,1,1
haereo,haerere,2,7
haereo,haereat,1,7
haereo,haerentem,1,7
haereo,haereremus,1,7
haereo,haereamus,1,7
haereo,haerentes,1,7
haeres,haeres,3,6
haeres,haeredem,1,6
haeres,haeredes,1,6
haeres,Haeredis,1,6
haereticus,haereticis,4,4
haesitatio,haesitatione,1,2
haesitatio,haesitatio,1,2
hai,HAI,1,1
Haimues,Haimuen,2,2
hainus,Hainam,3,3
halitus,halitum,1,1
hallucino,hallucinantur,1,3
hallucino,hallucinentur,1,3
hallucino,hallucinaberis,1,3
halucino,halucinati,1,1
hamo,Hamo,1,1
hanchung,Hanchung,1,1
hangcheus,Hangcheu,5,5
haruspicium,haruspicia,1,1
haruspicius,haruspiciam,1,1
haud,haud,16,17
haud,Haud,1,17
haurio,haurit,1,1
hausero,hauserunt,1,1
hausto,haustis,1,1
haustus,haustus,1,1
Haynanica,Haynanica,4,4
Haynas,Haynan,2,2
hę,hę,1,1
hebdomada,ebdomadas,3,3
hebdomadaus,hebdomadae,1,1
hebdomades,hebdomade,2,2
hebdomas,hebdomadibus,1,1
hebdomeda,hebdomeda,1,1
hebes,hebes,1,1
hebręus,Hebręorum,1,1
hector,Hector,1,1
hedificatio,hedificatione,1,1
heliopolitanis,Heliopolitani,2,2
heliopolitanus,Heliopolitanus,8,13
heliopolitanus,Heliopolitano,4,13
heliopolitanus,Heliopolitanum,1,13
heliopolus,Heliopolis,2,2
hellespontus,Hellespontus,1,2
hellespontus,Hellespontum,1,2
Helliopolitanus,Helliopolitani,1,1
Helvetius,Helvetius,1,1
Henrríques,Henrríquez,1,1
heraclea,Heracleam,1,2
heraclea,Heraclea,1,2
herba,herbis,1,1
hereditarius,hereditaria,1,1
hereditas,hereditate,1,1
hęreditas,hęreditatis,1,1
heres,herede,2,3
heres,heres,1,3
hermitorium,hermitorio,1,1
hermitorius,hermitoriis,1,1
Herodes,Herode,2,8
Herodes,Herodes,2,8
Herodes,Herodem,2,8
Herodes,Herodis,2,8
herodianus,Herodiani,1,1
herodotus,Herodotus,1,1
heroicus,heroicis,1,2
heroicus,heroico,1,2
hí,HÍ,1,1
hì,hì,2,2
hiatus,hiatibus,1,1
hic,hoc,378,1611
hic,haec,173,1611
hic,hac,143,1611
hic,huius,109,1611
hic,his,107,1611
hic,hanc,103,1611
hic,hic,96,1611
hic,hunc,47,1611
hic,Hic,43,1611
hic,Hoc,43,1611
hic,hos,36,1611
hic,hi,36,1611
hic,huic,34,1611
hic,His,31,1611
hic,Haec,30,1611
hic,has,29,1611
hic,Hi,26,1611
hic,horum,21,1611
hic,Hac,17,1611
hic,harum,12,1611
hic,Hanc,11,1611
hic,Huic,10,1611
hic,hae,7,1611
hic,hec,7,1611
hic,hasce,6,1611
hic,Horum,5,1611
hic,hii,5,1611
hic,hȩc,5,1611
hic,Hunc,5,1611
hic,Huius,4,1611
hic,Hae,4,1611
hic,hosce,4,1611
hic,Hȩc,3,1611
hic,Hos,3,1611
hic,Has,2,1611
hic,hęc,2,1611
hic,Harum,2,1611
hic,Hoo,2,1611
hic,Hec,1,1611
hic,Hii,1,1611
hic,uius,1,1611
hic,huiusce,1,1611
hic,hiis,1,1611
hic,HIS,1,1611
hic,Hęc,1,1611
hic,Hęe,1,1611
hic,Hoi,1,1611
hic,Han,1,1611
hìc,hìc,1,1
hîc,hîc,1,1
hicque,hicque,1,1
hiem(p)s,hiemem,2,3
hiem(p)s,hieme,1,3
hiemalis,hiemale,1,1
hiematura,hiematuram,1,1
hiemo,hiemaverim,1,2
hiemo,hiememus,1,2
hienkies,Hienkien,1,1
hieroneo,Hieronimus,2,2
Hieronimus,Hieronimi,1,1
hieronymis,Hieronymi,3,3
hieronymus,Hieronymum,2,2
Hieronymus,Hieronymus,7,8
Hieronymus,Hieronymo,1,8
Hierosolyma,Hierusalem,2,2
hignatio,Hignatio,1,1
hilaris,hilarem,1,1
hilariter,hilariter,3,3
Hilarus,Hilarius,1,1
hin,hin,1,1
hinc,Hinc,23,36
hinc,hinc,13,36
hindia,Hindia,1,1
Hindia,Hindie,1,1
hìng,hìng,1,1
hino,hino,1,1
hiscis,hisce,9,11
hiscis,Hisce,2,11
Hispani,Hispanos,1,1
hispania,Hispaniae,5,7
hispania,Hispaniarum,2,7
Hispania,Hispaniam,5,8
Hispania,Hispania,3,8
hispanicus,Hispanica,2,5
hispanicus,hispanice,1,5
hispanicus,hispanica,1,5
hispanicus,hispanicos,1,5
hispanìcus,hispanìcorum,1,1
hispanis,Hispaniȩ,1,1
hispanus,Hispanus,3,11
hispanus,Hispanis,3,11
hispanus,Hispanorum,2,11
hispanus,hispano,2,11
hispanus,Hispano,1,11
historia,historias,3,7
historia,historiam,2,7
historia,historiae,1,7
historia,Historiarum,1,7
Historia,Historia,2,3
Historia,HISTORIA,1,3
historicus,historicus,2,4
historicus,Historica,1,4
historicus,historicorum,1,4
historio,historiantur,1,1
histus,histis,1,1
hoang,Hoang,1,1
hoangchoangus,Hoangchoango,1,2
hoangchoangus,Hoangchoangus,1,2
hoccus,hocce,1,1
hodie,hodie,5,7
hodie,Hodie,2,7
hodieq,hodieq,1,1
hoeigan,Hoeigan,1,1
hoeus,Hoei,1,1
hoigus,Hoigan,1,1
hoius,Hoii,1,1
hollanda,Hollandis,3,3
hollaneo,Hollandorum,1,1
homerus,Homeri,1,2
homerus,Homerus,1,2
homicida,homicida,1,1
homicidium,homicidiis,1,1
homin,homin,1,1
homo,hominum,79,240
homo,homines,69,240
homo,hominibus,29,240
homo,homo,17,240
homo,hominis,14,240
homo,hominem,13,240
homo,homini,12,240
homo,homine,4,240
homo,Homines,1,240
homo,homonibus,1,240
homo,Hominibus,1,240
homuncium,homuncio,1,1
homunculum,homunculis,1,1
honan,Honan,7,7
honerosus,honerosa,1,1
honestas,honestatis,2,2
honeste,honeste,2,2
honestus,honestioribus,1,6
honestus,honesto,1,6
honestus,honestam,1,6
honestus,honesta,1,6
honestus,honestas,1,6
honestus,honestis,1,6
Honnas,Honnan,1,1
honor,honorem,22,59
honor,honore,16,59
honor,honoris,6,59
honor,honoribus,5,59
honor,honor,4,59
honor,honores,3,59
honor,honori,1,59
honor,honoreq,1,59
honor,Honore,1,59
honorarius,Honorariis,1,5
honorarius,honorarium,1,5
honorarius,honorarius,1,5
honorarius,honorarii,1,5
honorarius,honorario,1,5
honoratio,honorationes,1,1
honoratus,honoratiores,1,2
honoratus,honoratioribus,1,2
honoremque,honoremque,1,1
honorifice,honorifice,5,5
honorificus,honorifico,1,2
honorificus,honorificum,1,2
honoro,honorare,3,13
honoro,honorati,1,13
honoro,honorant,1,13
honoro,honorat,1,13
honoro,honorato,1,13
honoro,honoratur,1,13
honoro,honoraret,1,13
honoro,honorari,1,13
honoro,honoratus,1,13
honoro,honorent,1,13
honoro,honorabit,1,13
hora,horas,9,25
hora,horis,6,25
hora,hora,5,25
hora,horam,4,25
hora,horarum,1,25
horda,Hordas,1,1
hordeum,hordeum,1,1
horrendosque,horrendosque,1,1
horreo,horrent,1,4
horreo,horrendae,1,4
horreo,horrendis,1,4
horreo,horrenda,1,4
horresco,Horresco,1,1
horribilis,horribili,2,3
horribilis,horribilibus,1,3
horridique,horridique,1,1
horridus,horrida,2,2
horrificus,horrificam,1,1
horror,horrore,1,1
hortatio,hortationibus,2,3
hortatio,hortatio,1,3
horto,hortantur,1,1
hortor,hortatus,2,4
hortor,hortabatur,1,4
hortor,Hortatus,1,4
hortus,hortum,1,3
hortus,hortis,1,3
hortus,horti,1,3
hospes,hospites,7,12
hospes,hospitem,2,12
hospes,hospes,1,12
hospes,hospite,1,12
hospes,hospitum,1,12
hospitalis,hospitalium,1,2
hospitalis,hospitalia,1,2
hospitium,hospitio,2,3
hospitium,hospitia,1,3
hospito,hospitari,2,5
hospito,hospitavit,1,5
hospito,hospitare,1,5
hospito,hospitatus,1,5
hospitor,hospitati,3,3
hostia,hostiam,1,1
hostilis,hostilibus,2,7
hostilis,hostiles,2,7
hostilis,hostilis,1,7
hostilis,hostili,1,7
hostilis,hostilium,1,7
hostis,hostes,13,52
hostis,hostis,9,52
hostis,hostium,9,52
hostis,hoste,8,52
hostis,hostem,6,52
hostis,hostibus,5,52
hostis,hosti,1,52
hostis,Hostis,1,52
hous,Hous,6,6
huc,huc,21,25
huc,Huc,4,25
hucusque,hucusque,6,8
hucusque,Hucusque,2,8
huiuscemodi,huiuscemodi,1,1
huiusmodi,huiusmodi,20,21
huiusmodi,Huiusmodi,1,21
hujus,hujus,36,38
hujus,Hujus,2,38
hujuscemodi,hujuscemodi,2,2
hujusmodi,hujusmodi,2,2
hukuo,Hukuang,2,2
hum,hum,1,1
huma,huma,3,3
humando,humandis,1,1
humanioriribus,humanioriribus,1,1
humanitas,humanitatem,4,10
humanitas,humanitatis,4,10
humanitas,humanitati,1,10
humanitas,humanitate,1,10
humanitat,humanitat,1,1
humaniter,humaniter,5,5
humanus,humanioribus,17,89
humanus,humaniores,16,89
humanus,humanae,15,89
humanus,humana,13,89
humanus,humani,7,89
humanus,humanam,5,89
humanus,humanum,4,89
humanus,humanis,3,89
humanus,humanissimam,1,89
humanus,humanarum,1,89
humanus,humanos,1,89
humanus,Humanae,1,89
humanus,humanas,1,89
humanus,humaniora,1,89
humanus,humano,1,89
humanus,humanus,1,89
humanus,humanior,1,89
humaro,humarent,1,1
humerus,humeris,3,6
humerus,humeros,1,6
humerus,humerum,1,6
humerus,humero,1,6
humilio,humiliassemus,1,1
humilis,humiles,4,9
humilis,humilis,1,9
humilis,humili,1,9
humilis,humilioribus,1,9
humilis,humile,1,9
humilis,humiliora,1,9
humilitas,humilitatis,1,1
humiliter,humiliter,5,5
humilli,humillimus,3,4
humilli,Humillimus,1,4
humillime,humillime,1,1
humo,humatum,1,1
humus,humo,2,3
humus,humi,1,3
hungaricus,Hungaricis,1,1
hungie,Hungiius,1,1
hungqgo,Hungquangum,2,2
hungquangus,Hungquango,2,3
hungquangus,Hungquangus,1,3
huquang,Huquang,5,5
hydra,Hydrae,1,1
hyemps,hyemps,1,1
hyeronimus,Hyeronimus,2,3
hyeronimus,HYERONIMO,1,3
hymnus,hymno,2,2
hypocrita,Hypocritae,1,1
hypothecus,hypothecae,1,1
i,I,8,12
i,i,4,12
Iacata,Iacata,3,3
iaceo,iacet,5,5
iacins,iacinti,1,1
iacio,iacere,1,3
iacio,iacta,1,3
iacio,Iaciunt,1,3
iacob,Iacob,1,1
Iacob,Iacobus,4,5
Iacob,Iacobum,1,5
Iacobus,Iacobi,3,4
Iacobus,Iacobo,1,4
iacto,iactarentur,1,2
iacto,iactata,1,2
iactura,iactura,3,6
iactura,iacturam,2,6
iactura,iacturae,1,6
iactus,iactum,2,2
iacula,iaculis,1,1
iam,iam,225,252
iam,Iam,27,252
iamba,Iamba,1,1
iamdudum,iamdudum,1,1
iampridem,iampridem,1,1
iamq,iamq,1,1
iamque,Iamque,3,6
iamque,iamque,3,6
ianko,Iankynt,1,1
iannes,Iannes,3,4
iannes,Iannem,1,4
iannus,Ianne,1,1
ianua,ianuam,8,13
ianua,ianuis,2,13
ianua,ianuas,2,13
ianua,ianua,1,13
ianuarius,ianuarii,10,18
ianuarius,Ianuarii,8,18
ianuensis,Ianuensium,1,2
ianuensis,Ianuensis,1,2
iapon,Iapone,6,14
iapon,Iaponem,5,14
iapon,Iaponi,2,14
iapon,iapone,1,14
Iapon,Iaponum,2,3
Iapon,Iaponiâ,1,3
iaponenses,iaponensem,2,2
iaponensis,iaponensi,4,11
iaponensis,Iaponensium,2,11
iaponensis,iaponensis,1,11
iaponensis,iaponensium,1,11
iaponensis,iaponenses,1,11
iaponensis,Iaponenses,1,11
iaponensis,IAponensis,1,11
iapones,Iapones,2,2
Iaponi,Iaponis,2,2
Iaponia,Iaponiam,15,15
Iaponias,Iaponia,17,17
iaponicus,Iaponici,4,15
iaponicus,Iaponicarum,2,15
iaponicus,Iaponicae,2,15
iaponicus,Iaponicis,2,15
iaponicus,iaponicum,1,15
iaponicus,iaponica,1,15
iaponicus,Iaponico,1,15
iaponicus,Iaponicorum,1,15
iaponicus,IAPONICI,1,15
Iaponicus,Iaponicas,2,2
iaponius,Iaponiae,20,32
iaponius,Iaponios,7,32
iaponius,IAPONIAE,2,32
iaponius,IAPONIOS,1,32
iaponius,Iaponiis,1,32
iaponius,Iaponiorum,1,32
Iaponius,Iaponio,1,3
Iaponius,Iaponii,1,3
Iaponius,Iaponius,1,3
iaponus,iaponibus,1,2
iaponus,Iaponibus,1,2
iapponensis,iapponensibus,2,3
iapponensis,Iapponensium,1,3
Iarachs,Iarach,1,1
iatenscicus,Iatenscico,1,1
iateusciranus,Iateusciranos,1,1
iateuscirus,Iateusciro,1,1
iatusciranus,Iatusciranum,1,1
ibañez,Ibañez,1,1
ibeo,iusit,3,3
ibi,ibi,93,98
ibi,Ibi,5,98
ibidem,ibidem,9,10
ibidem,Ibidem,1,10
ibiq,ibiq,1,1
ibique,ibique,4,5
ibique,Ibique,1,5
ibo,ibo,1,1
ic,Houm,1,1
ichinoco,Ichinocamus,1,1
ictuo,ictui,1,1
ictus,ictum,1,3
ictus,ictus,1,3
ictus,ictu,1,3
idalcanus,Idalcani,2,2
idcirco,idcirco,20,27
idcirco,Idcirco,7,27
ide,ide,1,1
idem,eodem,65,296
idem,eiusdem,37,296
idem,eadem,35,296
idem,idem,35,296
idem,Idem,17,296
idem,ejusdem,15,296
idem,eidem,12,296
idem,eamdem,11,296
idem,eandem,10,296
idem,Eodem,8,296
idem,easdem,7,296
idem,eumdem,6,296
idem,Eadem,6,296
idem,eosdem,5,296
idem,eundem,5,296
idem,eisdem,4,296
idem,eorundem,3,296
idem,iisdem,3,296
idem,iidem,2,296
idem,earumdem,1,296
idem,eādem,1,296
idem,eorumdem,1,296
idem,earundem,1,296
idem,Eamdem,1,296
idem,Eâdem,1,296
idem,ijsdem,1,296
idem,Easdem,1,296
idem,Eisdem,1,296
idem,Eundem,1,296
ideo,ideo,47,53
ideo,Ideo,6,53
ideoque,ideoque,3,4
ideoque,Ideoque,1,4
idioma,idiomate,6,8
idioma,idioma,1,8
idioma,idiomata,1,8
idiomo,idiomatis,1,1
idiota,idiota,1,1
idolaque,idolaque,1,1
idolatra,idolatrae,1,1
idolatria,idolatriae,3,5
idolatria,Idolatria,1,5
idolatria,idolatriam,1,5
idololatra,idololatram,1,1
idololatria,idololatria,2,5
idololatria,idololatrias,1,5
idololatria,idololatriis,1,5
idololatria,idololatriam,1,5
idololatro,idololatrare,1,1
idolon,idola,5,7
idolon,idolo,2,7
idolum,idolorum,9,19
idolum,idolum,4,19
idolum,idolis,3,19
idolum,Idolorum,2,19
idolum,Idolis,1,19
idoneus,idoneum,6,18
idoneus,idonei,5,18
idoneus,idoneos,2,18
idoneus,idoneus,2,18
idoneus,idonea,1,18
idoneus,idoneo,1,18
idoneus,idoneis,1,18
idq,idq,1,1
idque,idque,8,8
idumaeus,Idumaeus,1,1
idus,idus,3,5
idus,Idus,2,5
iecias,Iecias,1,1
ieiasus,Ieiasum,5,9
ieiasus,Ieiasi,4,9
Ieiasus,Ieiaso,9,15
Ieiasus,Ieiasus,6,15
ieiunijs,ieiunijs,1,1
ieiunium,Ieiunio,2,3
ieiunium,ieiunium,1,3
ierica,Iericho,1,1
ierosolymito,Ierosolymitanae,1,1
ierusalem,Ierusalem,1,1
ies,ies,1,1
iesues,Iesuitis,1,1
iesus,Iesu,58,89
iesus,IESU,14,89
iesus,Iesus,12,89
iesus,Iesum,5,89
iesv,IESV,3,3
IESVM,IESVM,1,1
iesvs,IESVS,2,3
iesvs,Iesvs,1,3
igitur,igitur,54,57
igitur,Igitur,3,57
ignarus,ignarus,3,7
ignarus,ignari,3,7
ignarus,ignaris,1,7
ignatio,Ignatio,14,14
ignatius,Ignatii,12,18
ignatius,Ignatium,6,18
ignatus,Ignatius,28,28
ignauis,ignauia,1,1
ignauus,ignaui,1,1
ignavs,ignav,1,1
ignemvis,ignemve,1,1
igneus,ignea,2,2
ignis,igne,11,27
ignis,ignis,6,27
ignis,ignem,5,27
ignis,ignes,3,27
ignis,igni,1,27
ignis,ignibus,1,27
ignobilis,ignobiles,2,2
ignominia,ignominia,2,4
ignominia,ignominiam,1,4
ignominia,ignominiae,1,4
ignominiose,ignominiose,3,3
ignominiosus,ignominiosae,1,1
ignorans,ignorantiorem,1,1
ignorantia,ignorantiae,2,3
ignorantia,ignorantia,1,3
ignoratio,ignoratione,2,3
ignoratio,ignorationem,1,3
ignoratne,Ignoratne,1,1
ignoro,ignoro,3,24
ignoro,ignorans,3,24
ignoro,ignorabat,2,24
ignoro,ignorata,2,24
ignoro,ignorabant,2,24
ignoro,ignoratur,2,24
ignoro,ignoraret,2,24
ignoro,ignorat,1,24
ignoro,ignorant,1,24
ignoro,ignorantem,1,24
ignoro,Ignorabant,1,24
ignoro,ignorari,1,24
ignoro,ignorentur,1,24
ignoro,ignorem,1,24
ignoro,ignorarent,1,24
ignosco,Ignovit,1,1
ignotus,ignotum,3,8
ignotus,ignota,2,8
ignotus,ignotam,2,8
ignotus,ignotae,1,8
ihesus,Ihesu,2,2
ihs,Ihs,6,6
ii,ii,9,12
ii,II,3,12
iibere,Iibere,1,1
iiceo,iiceretur,1,1
III,III,3,3
IIII,IIII,2,2
iilmus,IIlmus,1,1
iique,iique,1,1
iisque,iisque,6,7
iisque,IISQUE,1,7
ij,ij,6,6
ijs,ijs,10,10
ijsque,ijsque,1,1
ile,ill,1,1
ilico,ilico,12,12
ilium,Ilium,1,1
illaesus,illaesa,1,1
ille,illis,120,728
ille,illi,118,728
ille,illa,71,728
ille,illius,68,728
ille,ille,59,728
ille,illud,49,728
ille,illam,44,728
ille,illum,43,728
ille,illo,34,728
ille,illorum,31,728
ille,illos,25,728
ille,illas,11,728
ille,Ille,10,728
ille,illae,8,728
ille,Illud,7,728
ille,Illmi,6,728
ille,illarum,6,728
ille,Illi,4,728
ille,Illmȩ,3,728
ille,illomet,2,728
ille,Illm,2,728
ille,Illa,2,728
ille,Illis,1,728
ille,illac,1,728
ille,Illo,1,728
ille,Illos,1,728
ille,Illam,1,728
illecebra,illecebris,1,1
illesus,illesus,1,1
illibo,illibatam,1,1
illic,illic,23,24
illic,Illic,1,24
illicitus,illicitae,1,3
illicitus,illicitis,1,3
illicitus,illicita,1,3
illico,illico,8,8
illigo,illigatis,1,2
illigo,illecti,1,2
illinc,illinc,2,2
illisque,illisque,1,1
illiusque,illiusque,2,2
illme,Illmus,18,49
illme,Illmo,15,49
illme,Illmas,5,49
illme,Illmae,4,49
illme,Illmos,2,49
illme,Illmis,2,49
illme,Illma,2,49
illme,Illmorum,1,49
illo,illaturi,1,1
illoque,illoque,1,1
illor,illor,1,1
illuc,illuc,20,20
illucesco,illucescat,1,1
illucque,illucque,1,1
illudeo,illudendi,1,1
illudo,illudunt,1,1
illue,illue,1,1
illumino,illuminet,2,5
illumino,illuminatus,1,5
illumino,illuminavit,1,5
illumino,illuminante,1,5
illustre,Illustrissime,1,1
illustris,illustri,3,17
illustris,illustrem,3,17
illustris,illustrium,2,17
illustris,illustrius,2,17
illustris,illustres,2,17
illustris,illustrioris,1,17
illustris,illustrior,1,17
illustris,illustre,1,17
illustris,illustriorem,1,17
illustris,illustris,1,17
illustro,illustrat,1,2
illustro,illustraturi,1,2
illustrus,Illustrissimum,2,8
illustrus,illustrissimos,2,8
illustrus,Illustrissimo,1,8
illustrus,Illustrissimus,1,8
illustrus,Illustrissimi,1,8
illustrus,illustrissima,1,8
im,im,2,3
im,Im,1,3
imaginor,imaginantur,1,1
imago,imagines,8,29
imago,imaginibus,5,29
imago,imaginem,4,29
imago,Imagines,4,29
imago,imago,2,29
imago,Imaginibus,1,29
imago,Imago,1,29
imago,Imagine,1,29
imago,Imaginem,1,29
imago,Imaginum,1,29
imago,imaginum,1,29
imbecilitas,imbecilitatem,1,1
imbecillis,imbecilliores,1,1
imbecillitas,imbecillitatem,2,4
imbecillitas,imbecillitati,1,4
imbecillitas,imbecillitate,1,4
imbecillus,imbecilli,1,2
imbecillus,imbecilla,1,2
imbrus,Imbrum,1,2
imbrus,Imbrus,1,2
imbuo,imbuti,3,8
imbuo,imbutae,2,8
imbuo,imbutas,1,8
imbuo,imbuendae,1,8
imbuo,imbuatur,1,8
imet,eorummet,1,1
imi,imi,1,1
imitatio,imitatione,1,2
imitatio,imitationem,1,2
imitor,imitabitur,1,3
imitor,Imitantes,1,3
imitor,Imitabitur,1,3
imm,imm,1,1
immanis,immania,2,7
immanis,immani,2,7
immanis,immanes,1,7
immanis,immane,1,7
immanis,immanis,1,7
immanitas,immanitate,2,5
immanitas,immanitates,1,5
immanitas,immanitati,1,5
immanitas,immanitatem,1,5
immaniter,immaniter,2,3
immaniter,immanissime,1,3
immanus,immanissimi,1,3
immanus,immanissimis,1,3
immanus,immanior,1,3
imme,imme,1,1
immediate,immediate,6,6
immediatus,immediatus,1,2
immediatus,immediatam,1,2
immemor,immemor,1,1
immensasque,immensasque,1,1
immensis,immensi,2,4
immensis,immensis,2,4
immensitas,immensitatem,1,1
immensus,immensa,4,10
immensus,immensam,1,10
immensus,immensos,1,10
immensus,inmensum,1,10
immensus,immenso,1,10
immensus,immensum,1,10
immensus,immensas,1,10
immergo,immerguntur,1,1
immeritò,immeritò,1,1
immeritus,immeritam,1,1
immigro,immigravit,1,1
immineo,imminenti,1,2
immineo,imminere,1,2
imminuo,imminutus,1,5
imminuo,imminutae,1,5
imminuo,imminuta,1,5
imminuo,imminuto,1,5
imminuo,imminuimus,1,5
immisceo,immiscet,1,3
immisceo,immiscere,1,3
immisceo,immisceamus,1,3
immitto,immissae,1,5
immitto,immissa,1,5
immitto,immisisse,1,5
immitto,immittebat,1,5
immitto,immiserit,1,5
immo,immo,8,8
immoderatio,immoderationem,1,1
immolo,immolant,1,3
immolo,immolavit,1,3
immolo,immolaret,1,3
immoro,immoraretur,1,1
immortalis,immortalis,5,17
immortalis,immortalem,5,17
immortalis,immortali,4,17
immortalis,immortales,2,17
immortalis,inmortalem,1,17
immortalitas,Immortalitate,1,1
immunis,immunes,2,3
immunis,immunis,1,3
immuto,immutasse,1,1
imo,imo,38,41
imo,Imo,3,41
imò,imò,1,1
impar,impar,2,2
imparis,imparem,1,2
imparis,impares,1,2
impassibilitas,impassibilitas,1,1
impatiens,impatiens,1,1
impatientia,impatientiae,1,1
impe,Impe,1,1
impedimentum,impedimenta,7,17
impedimentum,impedimento,6,17
impedimentum,impedimentum,3,17
impedimentum,impedimentis,1,17
impedio,impedire,4,27
impedio,impediunt,3,27
impedio,impeditos,3,27
impedio,impediendum,2,27
impedio,impediti,2,27
impedio,impedita,2,27
impedio,impediatur,1,27
impedio,impedivit,1,27
impedio,impedierunt,1,27
impedio,impediret,1,27
impedio,impediuntur,1,27
impedio,impedisset,1,27
impedio,impeditus,1,27
impedio,impediantur,1,27
impedio,impediri,1,27
impedio,impedientibus,1,27
impedio,impedivisset,1,27
impeditio,impeditione,1,1
impedo,impedivissent,1,1
impello,impulerunt,1,3
impello,impulsus,1,3
impello,impellere,1,3
impendeo,impendere,3,7
impendeo,impenderat,1,7
impendeo,impendeat,1,7
impendeo,impendentia,1,7
impendeo,impendentem,1,7
impendo,impendi,2,9
impendo,impendant,2,9
impendo,impendatur,1,9
impendo,impenditur,1,9
impendo,impendamus,1,9
impendo,impendisset,1,9
impendo,impendit,1,9
impensa,impensarum,1,2
impensa,impensa,1,2
impense,impense,3,4
impense,impensius,1,4
impensis,impensis,10,10
impensus,impensos,2,3
impensus,impenso,1,3
imperator,Imperatoris,54,200
imperator,Imperator,46,200
imperator,Imperatorem,40,200
imperator,Imperatore,22,200
imperator,Imperatori,18,200
imperator,Imperatorum,4,200
imperator,imperator,3,200
imperator,imperatorum,3,200
imperator,Imperatoribus,3,200
imperator,imperatoris,2,200
imperator,imperatore,2,200
imperator,Imperatores,2,200
imperator,imperatorem,1,200
imperfectus,imperfectum,1,1
imperialis,Imperialem,4,12
imperialis,Imperiali,3,12
imperialis,Imperiale,2,12
imperialis,Imperialis,2,12
imperialis,imperialis,1,12
imperitia,imperitia,1,1
imperitus,imperitum,2,5
imperitus,imperiti,2,5
imperitus,imperitae,1,5
imperium,Imperium,49,165
imperium,Imperii,31,165
imperium,imperio,26,165
imperium,Imperio,24,165
imperium,imperii,17,165
imperium,imperium,11,165
imperium,Imperij,2,165
imperium,imperia,2,165
imperium,imperiorum,1,165
imperium,Imperia,1,165
imperium,imperi,1,165
impero,imperat,4,26
impero,imperavit,4,26
impero,imperare,4,26
impero,imperasset,2,26
impero,imperato,1,26
impero,imperante,1,26
impero,imperant,1,26
impero,imperabit,1,26
impero,imperabat,1,26
impero,imperaret,1,26
impero,imperans,1,26
impero,imperit,1,26
impero,imperet,1,26
impero,imperarit,1,26
impero,imperandi,1,26
impero,imperatum,1,26
imperterritos,imperterritos,1,1
imperterritus,imperterritus,1,1
impertio,impertivit,1,8
impertio,impertiri,1,8
impertio,impertitus,1,8
impertio,impertiunt,1,8
impertio,impertiret,1,8
impertio,impertirent,1,8
impertio,impertita,1,8
impertio,impertiverit,1,8
impetro,impetrare,4,24
impetro,Impetravit,4,24
impetro,impetravit,4,24
impetro,impetraret,2,24
impetro,impetratis,2,24
impetro,impetrato,1,24
impetro,impetraturus,1,24
impetro,impetravimus,1,24
impetro,impetrent,1,24
impetro,impetrarent,1,24
impetro,impetrandum,1,24
impetro,impetrarunt,1,24
impetro,impetrasse,1,24
impetus,impetu,8,13
impetus,impetum,3,13
impetus,impetus,2,13
impias,impiasque,1,1
impie,impie,2,2
impietas,impietates,1,3
impietas,impietate,1,3
impietas,impietatis,1,3
impinguo,impinguendam,1,1
impius,impii,3,8
impius,impia,2,8
impius,impiorum,1,8
impius,impio,1,8
impius,impiam,1,8
impleo,implentur,1,5
impleo,implens,1,5
impleo,implere,1,5
impleo,implevit,1,5
impleo,impletas,1,5
implex,implici,1,1
impliceo,impliciti,2,3
impliceo,implicuit,1,3
implico,implicita,1,2
implico,implicati,1,2
imploro,implorandam,1,2
imploro,implorantes,1,2
impono,imposuit,3,33
impono,imponere,3,33
impono,impositum,3,33
impono,imposita,3,33
impono,imposito,2,33
impono,imponerent,2,33
impono,imponatur,2,33
impono,imponitur,2,33
impono,impositam,1,33
impono,inpono,1,33
impono,imponendo,1,33
impono,imponetis,1,33
impono,imponendum,1,33
impono,imposui,1,33
impono,imponeretur,1,33
impono,imponentes,1,33
impono,imponeres,1,33
impono,imponunt,1,33
impono,impositus,1,33
impono,impositi,1,33
impono,imponens,1,33
importunitas,importunitate,2,2
importunus,importunos,1,1
imposino,impositoque,1,1
imposno,impossitum,2,2
impossibilis,impossibile,6,7
impossibilis,impossibilia,1,7
impossibilitas,impossibilitatis,1,2
impossibilitas,impossibilitati,1,2
impossibis,impossible,1,1
impostor,impostorem,2,2
imposturus,impostura,1,1
impotens,impotenti,1,1
impraesentia,Impraesentiarum,1,2
impraesentia,impraesentiarum,1,2
impresentia,impresentiarum,2,2
impressio,impressionem,2,3
impressio,impressione,1,3
impressus,impression,1,1
imprima,Imprimis,1,1
imprimo,impressit,10,22
imprimo,impressum,4,22
imprimo,impresso,1,22
imprimo,imprimere,1,22
imprimo,imprimuntur,1,22
imprimo,impressus,1,22
imprimo,impressi,1,22
imprimo,impressa,1,22
imprimo,impressae,1,22
imprimo,impressis,1,22
improbe,improbe,1,1
improbitas,improbitate,1,2
improbitas,improbitas,1,2
improbus,improbi,5,9
improbus,improbus,1,9
improbus,improbos,1,9
improbus,improbis,1,9
improbus,improborum,1,9
improvide,improvide,1,1
improvisus,improviso,2,3
improvisus,improvisa,1,3
imprudens,imprudentibus,1,1
impse,impse,1,1
impu,impu,1,1
impudenter,impudenter,1,1
impudicus,impudica,1,1
impune,impune,1,1
impunitas,impunitatem,1,1
impunitus,impunitum,1,1
impure,impure,2,2
impurus,impurissimum,1,3
impurus,impuram,1,3
impurus,impuri,1,3
imunis,imunem,1,1
imus,imus,2,3
imus,ima,1,3
in,in,3026,3192
in,In,156,3192
in,IN,10,3192
inabilis,inabilem,1,2
inabilis,inabiles,1,2
inaccessus,inaccessam,1,1
inaequalis,inaequali,1,1
inania:planus,inania:plane,1,1
inanis,inanes,1,4
inanis,inani,1,4
inanis,inanis,1,4
inanis,inanitem,1,4
inaudio,inaudiit,3,4
inaudio,Inaudit,1,4
inaudîo,inaudîsset,1,1
inauditus,inaudito,2,5
inauditus,inauditam,2,5
inauditus,inauditum,1,5
inaudius,inaudii,2,2
inauguro,inauguratis,1,1
inauro,inaurata,2,2
incaepo,incaepit,1,1
incapacitas,incapacitas,1,1
incapax,incapaces,2,2
incarceratio,incarceratione,1,1
incarcerator,incarceratorum,1,1
incarnatio,Incarnatione,2,5
incarnatio,incarnationis,1,5
incarnatio,Incarnationem,1,5
incarnatio,Incarnationis,1,5
incassus,incassum,2,2
incedo,incedunt,2,7
incedo,incedentes,2,7
incedo,incederet,1,7
incedo,incederent,1,7
incedo,incedebant,1,7
incendium,incendio,5,6
incendium,incendiis,1,6
incendo,incendit,2,8
incendo,incensus,2,8
incendo,incensi,2,8
incendo,incenso,1,8
incendo,incenditur,1,8
inceno,incenatus,1,1
incepo,incepi,1,1
incertitudo,incertitudines,1,1
incertus,incerta,3,7
incertus,incertam,1,7
incertus,incerti,1,7
incertus,incertum,1,7
incertus,incertis,1,7
incessus,incessu,1,1
inch,inch,2,2
inchoatus,INCHOATAE,1,1
inchoo,inchoata,5,7
inchoo,inchoatum,1,7
inchoo,inchoatam,1,7
incid,incid,1,1
incido,incidisset,4,21
incido,inciderit,3,21
incido,incidit,3,21
incido,inciderunt,2,21
incido,incidens,1,21
incido,incidi,1,21
incido,incidisse,1,21
incido,incidebat,1,21
incido,incidissent,1,21
incido,Incidit,1,21
incido,incidunt,1,21
incido,incidentur,1,21
incido,incideret,1,21
incipio,incipit,6,29
incipio,incipiunt,5,29
incipio,incipiens,2,29
incipio,incipere,2,29
incipio,inciperet,2,29
incipio,inceptum,2,29
incipio,Incipit,1,29
incipio,Incipiamus,1,29
incipio,incipiam,1,29
incipio,incepit,1,29
incipio,incipientes,1,29
incipio,inciperemus,1,29
incipio,incipiuntur,1,29
incipio,incepturi,1,29
incipio,incipiebant,1,29
incipio,incepta,1,29
incitamentum,incitamentum,1,1
incito,incitanda,1,1
inclamo,inclamat,1,1
inclinatio,inclinationem,1,1
inclino,inclinare,2,3
inclino,inclinat,1,3
inclitus,inclita,1,1
includo,includerunt,1,7
includo,inclusam,1,7
includo,includantur,1,7
includo,includo,1,7
includo,includi,1,7
includo,includeretur,1,7
includo,inclusa,1,7
inclusive,inclusive,2,2
inclytus,inclytum,1,1
incoho,inchoandam,1,1
incoipio,incoepta,1,2
incoipio,incoeptum,1,2
incola,incolis,8,20
incola,incolas,5,20
incola,incolae,3,20
incola,incolarum,3,20
incola,Incolae,1,20
incolo,incolunt,4,16
incolo,incolit,2,16
incolo,incolitur,1,16
incolo,incoluit,1,16
incolo,incolebat,1,16
incolo,incolebant,1,16
incolo,incoleret,1,16
incolo,incolere,1,16
incolo,incolebam,1,16
incolo,incolentes,1,16
incolo,incolendis,1,16
incolo,incoluerat,1,16
incolumis,incolumem,4,8
incolumis,incolumis,2,8
incolumis,incolumes,1,8
incolumis,incolumi,1,8
incolumitas,incolumitatem,3,3
incommoda,incommodae,1,1
incommoditas,incommoditate,1,3
incommoditas,incommoditatem,1,3
incommoditas,incommoditates,1,3
incommodorumque,incommodorumque,1,1
incommodum,incommoda,12,20
incommodum,incommodum,4,20
incommodum,incommodis,2,20
incommodum,incommodo,1,20
incommodum,incommodi,1,20
incommodus,incommodus,1,1
incomodus,incomoda,1,1
incompositus,incomposito,1,1
incomprehensibilis,incomprehensibilis,1,1
inconcinnus,inconcinnum,1,1
inconstan,inconstan,1,1
inconstantia,inconstantiae,1,1
inconsto,inconstantis,2,2
inconsulte,inconsulte,1,1
inconsultus,inconsulto,2,3
inconsultus,inconsulta,1,3
inconueniens,inconveniens,1,1
inconveniens,inconvenientia,2,3
inconveniens,inconvenientibus,1,3
incredibilis,incredibili,11,24
incredibilis,incredibilia,4,24
incredibilis,incredibile,4,24
incredibilis,incredibilem,3,24
incredibilis,incredibilibus,1,24
incredibilis,incredibilis,1,24
incrementum,incremento,4,8
incrementum,incrementum,3,8
incrementum,incrementa,1,8
increpo,increpatur,1,3
increpo,increpuit,1,3
increpo,increpabat,1,3
incruenio,incruenta,1,1
incubuo,incubuerunt,1,1
incudo,incussit,1,1
inculco,inculcabant,1,3
inculco,inculcarent,1,3
inculco,inculcant,1,3
inculpateq,inculpateque,1,1
inculpo,inculpate,1,2
inculpo,inculpata,1,2
incultus,incultam,1,1
incumbo,incumbere,2,8
incumbo,incumbit,1,8
incumbo,incumbet,1,8
incumbo,incumbentes,1,8
incumbo,incumbentium,1,8
incumbo,incumbens,1,8
incumbo,incumbebat,1,8
incuria,incuria,1,1
incurro,incurreret,2,10
incurro,incurrerunt,2,10
incurro,incurrere,2,10
incurro,incurrerint,1,10
incurro,incurrant,1,10
incurro,incurrimus,1,10
incurro,incurrat,1,10
incursio,incursione,1,1
incutio,incutiendam,1,2
incutio,incutient,1,2
incuto,incuteret,1,1
ind,ind,1,1
inda,indis,3,4
inda,Indis,1,4
indago,indagare,1,1
inde,inde,45,70
inde,Inde,24,70
inde,indi,1,70
indecorus,indecorum,3,3
indefessus,indefessa,1,1
indemnitas,indemnitate,1,1
indeq,indeq,1,1
indeque,indeque,1,1
indevotus,indevotos,1,1
index,Index,1,1
india,India,50,100
india,Indiae,22,100
india,Indiam,21,100
india,Indiarum,6,100
india,INDIA,1,100
indianus,indianorum,1,1
indica,Indica,2,4
indica,Indicam,1,4
indica,Indicas,1,4
indicium,indicia,4,9
indicium,indicio,3,9
indicium,indicium,1,9
indicium,indiciis,1,9
indico,indicavit,4,18
indico,indicta,2,18
indico,indicaret,2,18
indico,indicatum,2,18
indico,indictum,1,18
indico,indictam,1,18
indico,indicavimus,1,18
indico,indictus,1,18
indico,indicens,1,18
indico,indicabitis,1,18
indico,indicit,1,18
indico,indicaretur,1,18
indicus,indicis,2,4
indicus,indicarum,1,4
indicus,Indico,1,4
indie,Indie,4,4
indiensus,indiensi,1,1
indieque,Indieque,1,1
indies,indies,2,2
indiff,Indiff,2,2
indifferens,indifferens,1,1
indigena,indigenae,1,1
indigenis,indigenis,3,3
indigentia,indigentiae,1,2
indigentia,indigentiam,1,2
indigeo,indigent,3,18
indigeo,indiget,2,18
indigeo,indigeo,2,18
indigeo,Indiget,2,18
indigeo,indigebant,2,18
indigeo,indigens,1,18
indigeo,indigere,1,18
indigeo,indigebamus,1,18
indigeo,indigente,1,18
indigeo,indigeres,1,18
indigeo,indigemus,1,18
indigeo,indigeret,1,18
indigestamqus,indigestamque,1,1
indignatio,indignatione,3,7
indignatio,indignatio,2,7
indignatio,indignationis,1,7
indignatio,indignationem,1,7
indignitas,indignitate,1,1
indignor,indignati,2,5
indignor,indignatus,1,5
indignor,indignabantur,1,5
indignor,indignantes,1,5
indignus,indignus,4,13
indignus,Indignus,3,13
indignus,indignum,3,13
indignus,indigno,1,13
indignus,Indignissimus,1,13
indignus,indigna,1,13
indiscretor,indiscretorum,1,1
indiscretus,indiscretus,1,1
indispositus,indispositi,1,1
indiuiduus,indiuidui,1,2
indiuiduus,indiuiduam,1,2
indius,Indias,1,2
indius,indiis,1,2
individuus,individuo,1,1
indix,Indici,1,1
indo,inditam,2,2
indoles,indole,3,3
indolis,indoles,1,1
indolus,indolorum,1,1
indos,indolis,1,1
indubitanter,indubitanter,1,1
indubito,indubitato,1,1
induco,inducere,3,14
induco,inducti,2,14
induco,inducerem,1,14
induco,induceret,1,14
induco,induxi,1,14
induco,inducitur,1,14
induco,inducentem,1,14
induco,inducerent,1,14
induco,inducta,1,14
induco,induces,1,14
induco,inducens,1,14
indulgentia,indulgentiam,2,3
indulgentia,indulgentia,1,3
indulgeo,indulgere,2,6
indulgeo,indulsit,2,6
indulgeo,indulgemus,1,6
indulgeo,indulgeatur,1,6
indultio,indulserant,1,1
indultus,indulta,1,1
induo,induti,3,14
induo,indutos,2,14
induo,indutus,2,14
induo,induit,2,14
induo,induerunt,1,14
induo,induta,1,14
induo,induerent,1,14
induo,induere,1,14
induo,indutum,1,14
induro,indurata,1,2
induro,indurant,1,2
indus,indos,2,6
indus,Indorum,1,6
indus,indorum,1,6
indus,Indos,1,6
indus,Indum,1,6
industria,industria,6,7
industria,industriam,1,7
industrius,industrios,1,2
industrius,industrium,1,2
inedia,inedia,2,3
inedia,inedias,1,3
ineluctabilis,ineluctabili,1,1
ineo,ineunte,1,9
ineo,inita,1,9
ineo,iniret,1,9
ineo,iniit,1,9
ineo,initi,1,9
ineo,initae,1,9
ineo,ineunda,1,9
ineo,inire,1,9
ineo,ineundis,1,9
ineptus,ineptum,2,2
inereo,Inerunt,1,1
inermis,inermes,1,1
ineruditus,ineruditus,1,2
ineruditus,ineruditos,1,2
inevitabilitas,inevitabilitate,1,1
inexhausta,inexhaustae,1,1
inexhaustus,inexhaustos,1,1
inexpertus,inexpertos,1,1
inexplicabilis,inexplicabilem,1,1
inexspecto,inexspectato,1,1
infallibiliter,infallibiliter,1,1
infamatio,infamationes,2,2
infamia,infamia,1,1
infamis,infami,1,2
infamis,infame,1,2
infandus,infanda,1,1
infans,infantes,5,10
infans,infantium,1,10
infans,Infans,1,10
infans,infantem,1,10
infans,Infantis,1,10
infans,infantibus,1,10
infantulosque,infantulosque,1,1
infantulus,infantulis,1,1
infaustus,infausta,1,2
infaustus,infausto,1,2
infecto,infectantur,1,1
infectus,infecta,3,3
infelice,infelice,1,1
infeliciter,infeliciter,2,3
infeliciter,infelicius,1,3
infelicus,infelicissimus,2,4
infelicus,infeliciorem,1,4
infelicus,infelicissimum,1,4
infelix,infelix,2,3
infelix,infelicem,1,3
infendo,infensus,2,2
infere,inferius,2,2
inferi,inferos,4,5
inferi,inferis,1,5
infernalis,infernalis,1,2
infernalis,infernales,1,2
infernus,infernorum,1,2
infernus,inferni,1,2
infero,illata,5,35
infero,intulit,3,35
infero,intulerunt,3,35
infero,inferre,2,35
infero,inferuntur,2,35
infero,intulisse,2,35
infero,infertur,1,35
infero,inferendi,1,35
infero,illatam,1,35
infero,infert,1,35
infero,inferendum,1,35
infero,illato,1,35
infero,Infertur,1,35
infero,inferunt,1,35
infero,illatum,1,35
infero,illatas,1,35
infero,inferentes,1,35
infero,inferet,1,35
infero,inferebat,1,35
infero,inferant,1,35
infero,inferebant,1,35
infero,inferente,1,35
infero,inferatur,1,35
infero,illatae,1,35
inferus,inferorum,10,35
inferus,inferioris,5,35
inferus,inferiori,4,35
inferus,inferior,3,35
inferus,infimam,3,35
inferus,infimae,2,35
inferus,Inferior,1,35
inferus,Inferiori,1,35
inferus,inferiorum,1,35
inferus,inferiorem,1,35
inferus,infimos,1,35
inferus,infimi,1,35
inferus,infimis,1,35
inferus,inferiores,1,35
infesto,infestent,1,4
infesto,infestavit,1,4
infesto,infestant,1,4
infesto,infestabant,1,4
infestus,infesto,2,10
infestus,infestus,2,10
infestus,infestis,2,10
infestus,infestos,2,10
infestus,infestam,1,10
infestus,infestas,1,10
inficiatio,inficiatione,1,1
inficio,infecit,1,4
inficio,inficit,1,4
inficio,inficiari,1,4
inficio,infectus,1,4
infidelis,infidelium,8,23
infidelis,infidelibus,8,23
infidelis,infideles,4,23
infidelis,infideli,2,23
infidelis,infidelis,1,23
infidelitas,infidelitatem,1,2
infidelitas,infidelitatis,1,2
infido,infidi,1,1
infidus,infidus,1,1
infimisque,infimisque,1,1
infimorumque,infimorumque,1,1
infinite,infinite,1,1
infinitus,infinita,9,19
infinitus,infinitum,2,19
infinitus,infinitas,2,19
infinitus,infinitae,2,19
infinitus,infinitorum,1,19
infinitus,infinitus,1,19
infinitus,infinitis,1,19
infinitus,infinitam,1,19
infirmarius,infirmarii,4,4
infirmitas,infirmitate,3,5
infirmitas,infirmitatibus,1,5
infirmitas,infirmitas,1,5
infirmo,infirmavit,1,1
infirmus,Infirmae,5,17
infirmus,infirmos,3,17
infirmus,infirmorum,3,17
infirmus,infirmum,1,17
infirmus,infirmus,1,17
infirmus,infirmis,1,17
infirmus,Infirmissima,1,17
infirmus,infirmae,1,17
infirmus,Infirmis,1,17
inflammo,inflammat,1,4
inflammo,inflammata,1,4
inflammo,inflammatur,1,4
inflammo,inflammatus,1,4
infligo,infligit,1,2
infligo,inflicta,1,2
inflo,Inflatur,1,2
inflo,inflati,1,2
infnitus,infnita,1,1
informatio,informationem,3,8
informatio,informatio,2,8
informatio,Informatio,1,8
informatio,informatione,1,8
informatio,informationes,1,8
informo,informaret,2,14
informo,informavit,2,14
informo,informarent,2,14
informo,informavimus,1,14
informo,informantur,1,14
informo,informati,1,14
informo,informavi,1,14
informo,informaretur,1,14
informo,informetur,1,14
informo,informatae,1,14
informo,informantis,1,14
infortunium,infortunio,1,1
infra,infra,16,17
infra,Infra,1,17
infraho,infractum,1,1
infrascriptus,infrascriptus,2,2
infrequentia,infrequentia,1,1
infringo,infringunt,1,1
infundo,infundere,1,1
ing,ing,1,1
ingemino,ingeminarent,1,1
ingenero,ingenerarent,1,1
ingenioque,ingenioque,1,1
ingenium,ingenio,9,19
ingenium,ingenia,5,19
ingenium,ingenii,2,19
ingenium,ingenium,2,19
ingenium,ingeniis,1,19
ingens,ingenti,22,78
ingens,ingentem,21,78
ingens,ingens,17,78
ingens,ingentes,12,78
ingens,ingentibus,3,78
ingens,ingentis,1,78
ingens,Ingens,1,78
ingens,Ingentem,1,78
ingenuus,ingenuae,1,2
ingenuus,ingenuus,1,2
inger,ingre,1,1
ingero,ingerunt,2,4
ingero,ingerendo,1,4
ingero,ingeramus,1,4
ingno,ingnari,1,1
ingo,icta,1,1
ingratus,ingrati,1,3
ingratus,ingrata,1,3
ingratus,ingratum,1,3
ingredior,ingredi,17,86
ingredior,ingressus,16,86
ingredior,ingressi,11,86
ingredior,ingrediuntur,8,86
ingredior,ingrediantur,6,86
ingredior,ingrediendi,5,86
ingredior,ingrediendum,4,86
ingredior,ingreditur,4,86
ingredior,ingrederetur,3,86
ingredior,ingressos,2,86
ingredior,Ingressus,2,86
ingredior,ingredientur,1,86
ingredior,Ingrediens,1,86
ingredior,ingressae,1,86
ingredior,ingrediatur,1,86
ingredior,ingrediendam,1,86
ingredior,ingrediebantur,1,86
ingredior,ingrediaris,1,86
ingredior,ingrediamur,1,86
ingredor,ingredirer,1,1
ingressor,ingressurus,1,1
ingressus,ingressum,12,18
ingressus,ingressu,6,18
ingressusque,ingressusque,1,1
inhabilis,inhabilis,1,1
inhabito,inhabitant,1,4
inhabito,inhabitat,1,4
inhabito,inhabitare,1,4
inhabito,inhabitandam,1,4
inhaereo,inhaerentes,1,2
inhaereo,inhaereat,1,2
inhaeseo,inhaeserint,1,1
inhibeo,inhibebat,1,4
inhibeo,inhibetur,1,4
inhibeo,inhibuit,1,4
inhibeo,inhibendum,1,4
inhio,inhiabat,4,6
inhio,inhiarunt,1,6
inhio,inhiare,1,6
inhumanitas,inhumanitatem,1,1
inhumanus,inhumana,1,1
inibi,inibi,5,5
inibique,inibique,1,1
inicio,iniectus,1,4
inicio,inicit,1,4
inicio,iniecerunt,1,4
inicio,iniecta,1,4
iniicio,iniiciunt,1,1
inimicitia,inimicitiae,2,5
inimicitia,inimicitiis,1,5
inimicitia,inimicitia,1,5
inimicitia,inimicitias,1,5
inimicus,inimicis,6,18
inimicus,inimici,5,18
inimicus,inimicorum,2,18
inimicus,inimicus,1,18
inimicus,inimicam,1,18
inimicus,Inimici,1,18
inimicus,inimica,1,18
inimicus,inimico,1,18
inio,inierant,1,1
inique,inique,1,2
inique,iniquissime,1,2
iniquitas,Iniquitas,2,2
iniquus,iniqua,2,7
iniquus,iniquum,1,7
iniquus,iniquo,1,7
iniquus,iniquissimum,1,7
iniquus,iniquissimas,1,7
iniquus,iniquissimis,1,7
initio,initiaretur,1,1
initior,initiatus,4,8
initior,initiati,2,8
initior,initiari,1,8
initior,initientur,1,8
initium,initium,8,22
initium,initio,6,22
initium,initiis,3,22
initium,initia,3,22
initium,initijs,1,22
initium,Initia,1,22
iniungo,iniunctum,3,10
iniungo,iniuncti,2,10
iniungo,iniunxit,2,10
iniungo,iniungimus,1,10
iniungo,iniungi,1,10
iniungo,iniungat,1,10
iniunius,iniunia,1,1
iniuo,inivimus,1,1
iniuria,iniuria,12,26
iniuria,iniuriam,7,26
iniuria,iniurias,4,26
iniuria,iniuriis,1,26
iniuria,iniuriae,1,26
iniuria,Iniurias,1,26
iniurię,iniurię,1,1
iniurio,iniuriatus,1,1
iniuriosus,iniuriosum,1,1
iniuriuus,iniuriuam,1,1
iniustitia,iniustitiae,3,4
iniustitia,iniustitia,1,4
iniustus,iniustus,1,6
iniustus,iniustissimis,1,6
iniustus,iniustis,1,6
iniustus,iniusta,1,6
iniustus,iniustam,1,6
iniustus,iniustae,1,6
injungo,injuncta,1,2
injungo,injunxerat,1,2
injuria,injuriam,3,5
injuria,injuria,1,5
injuria,injuriae,1,5
injurius,injuriis,1,1
inlibatus,inlibata,1,1
inmortalitas,inmortalitate,1,1
innatus,innata,1,2
innatus,innatam,1,2
innitor,innitens,1,4
innitor,inniti,1,4
innitor,innixa,1,4
innitor,innituntur,1,4
inno,insitam,2,2
innocens,innocenti,1,4
innocens,Innocentibus,1,4
innocens,innocentes,1,4
innocens,innocentem,1,4
innocentia,Innocentia,2,6
innocentia,Innocentiae,2,6
innocentia,innocentiam,1,6
innocentia,Innocentiam,1,6
innocentio,Innocentio,1,1
innocentus,Innocentum,1,1
innoresco,innorescat,1,1
innotesco,innotuit,2,7
innotesco,innotescat,2,7
innotesco,innotesceret,1,7
innotesco,innotescerent,1,7
innotesco,innotescet,1,7
innoto,innotuisset,1,1
innotuo,innotuerat,2,3
innotuo,innotuerit,1,3
innovo,innovare,2,2
innoxius,innoxios,1,3
innoxius,innoxio,1,3
innoxius,innoxiam,1,3
innumerabilis,innumerabilium,4,8
innumerabilis,innumerabilis,1,8
innumerabilis,innumerabiles,1,8
innumerabilis,innumerabilem,1,8
innumerabilis,innumerabilibus,1,8
innumero,innumerata,1,1
innumerus,innumeris,5,11
innumerus,innumera,1,11
innumerus,innumeri,1,11
innumerus,Innumera,1,11
innumerus,innumerae,1,11
innumerus,innumeros,1,11
innumerus,innumeras,1,11
innuo,innuebat,1,2
innuo,innuit,1,2
ino,ino,1,1
inopia,inopiam,5,10
inopia,inopia,4,10
inopia,inopiae,1,10
inopinatus,inopinato,2,4
inopinatus,Inopinatus,1,4
inopinatus,inopinata,1,4
inops,inopem,2,3
inops,inops,1,3
inopus,inopum,1,1
inpossibilitatus,inpossibilitatus,1,1
inprimus,inprimis,2,2
inquam,inquit,10,14
inquam,inquam,2,14
inquam,inquiunt,1,14
inquam,inquiebat,1,14
inque,inque,1,1
inquiete,inquietissime,1,1
inquietus,inquieti,1,3
inquietus,inquietos,1,3
inquietus,inquietas,1,3
inquinatus,inquinatissimi,1,1
inquino,inquinat,1,1
inquiro,inquirendum,2,5
inquiro,inquirunt,1,5
inquiro,inquirebant,1,5
inquiro,inquirit,1,5
inquisitio,inquisitionis,4,7
inquisitio,inquisitio,2,7
inquisitio,Inquisitionis,1,7
inquisito,Inquisitonis,1,1
inquisitor,inquisitores,1,2
inquisitor,inquisitorum,1,2
insanio,insaniebat,1,1
insanus,insano,1,2
insanus,insanam,1,2
inscio,inscio,1,1
inscius,insciis,3,4
inscius,inscius,1,4
inscribo,inscribitur,4,7
inscribo,inscriptum,2,7
inscribo,inscripta,1,7
inscriptio,Inscriptio,2,3
inscriptio,inscriptiones,1,3
insectatio,insectatione,1,1
insecto,insectari,1,2
insecto,insectabantur,1,2
inseo,insita,2,2
insequor,insequentibus,2,9
insequor,insecuti,2,9
insequor,insequuntur,1,9
insequor,insecuta,1,9
insequor,insequentis,1,9
insequor,insequitur,1,9
insequor,insequenti,1,9
insero,inserto,1,1
inservio,inservientes,1,2
inservio,inserviret,1,2
insidiae,insidiis,3,4
insidiae,insidias,1,4
insidijs,insidijs,1,1
insidior,insidiari,2,2
insido,insidens,1,1
insigne,insigne,1,1
insignio,insignitur,1,1
insignis,insignis,7,24
insignis,insigni,5,24
insignis,insignem,4,24
insignis,insignes,3,24
insignis,insignia,3,24
insignis,insignium,2,24
insigniter,insigniter,1,1
insignitus,insignitum,1,1
insignus,insigniores,1,1
insilio,insilientes,1,1
insimulo,insimulant,1,1
insinuo,insinuent,1,4
insinuo,insinuant,1,4
insinuo,insinuandum,1,4
insinuo,insinuavi,1,4
insio,insitae,1,1
insis,insidi,1,1
insisto,insistunt,2,3
insisto,insistebat,1,3
insitam,insitamque,1,1
insitám,insitámque,1,1
insolens,insolentes,1,1
insolenter,insolenter,1,1
insolentia,insolentiis,2,4
insolentia,insolentias,1,4
insolentia,insolentia,1,4
insoleo,insolens,2,2
insolitus,insolitae,1,1
insolo,insolito,1,1
insons,insonti,1,2
insons,insontibus,1,2
insordido,insordidari,1,1
inspecto,inspectante,1,1
inspicio,inspecturus,1,1
inspiro,inspirent,1,2
inspiro,inspirata,1,2
instabilis,instabilis,2,3
instabilis,instabiles,1,3
instans,instanti,2,2
instanter,instanter,2,2
instar,instar,8,8
instauro,instauravit,1,4
instauro,instaurata,1,4
instauro,instaurarunt,1,4
instauro,instaurandi,1,4
instigo,instigantibus,1,1
instituo,instituit,7,43
instituo,institutum,6,43
instituo,instituimus,4,43
instituo,instituti,3,43
instituo,Institutum,3,43
instituo,instituendo,3,43
instituo,institutam,3,43
instituo,instituta,2,43
instituo,instituens,2,43
instituo,institueretque,1,43
instituo,instituendos,1,43
instituo,instituantur,1,43
instituo,institueretur,1,43
instituo,instituitur,1,43
instituo,instituere,1,43
instituo,institutae,1,43
instituo,institui,1,43
instituo,instituerentur,1,43
instituo,instituebatur,1,43
institus,institis,1,1
institutio,institutione,2,5
institutio,institutionem,1,5
institutio,institutioni,1,5
institutio,institutionis,1,5
institutor,institutor,1,1
institutum,institutis,5,7
institutum,instituto,2,7
insto,instant,1,2
insto,insto,1,2
instruco,instruxerant,1,1
instructio,instructione,2,3
instructio,instructionem,1,3
instrumentum,instrumenta,10,20
instrumentum,instrumentum,5,20
instrumentum,instrumenti,2,20
instrumentum,instrumentis,2,20
instrumentum,instrumento,1,20
instruo,instructi,3,30
instruo,instructus,3,30
instruo,instructos,3,30
instruo,instruere,2,30
instruo,instruendi,2,30
instruo,instruendam,1,30
instruo,instruuntur,1,30
instruo,instructum,1,30
instruo,instruendo,1,30
instruo,instruendos,1,30
instruo,instruebat,1,30
instruo,instruebant,1,30
instruo,instruantur,1,30
instruo,instruerent,1,30
instruo,instructam,1,30
instruo,instruat,1,30
instruo,instruamur,1,30
instruo,instructa,1,30
instruo,instruxerunt,1,30
instruo,instruxit,1,30
instruo,instruit,1,30
instruo,instrueret,1,30
insubordino,insubordinatis,1,1
insudo,insudare,1,1
insuficio,insuficientem,1,1
insula,insula,20,82
insula,insulis,13,82
insula,insulas,12,82
insula,insulam,8,82
insula,insulae,7,82
insula,Insulam,6,82
insula,Insula,5,82
insula,insularum,4,82
insula,Insulae,4,82
insula,Insulas,2,82
insula,Insulis,1,82
insulam,Insulamque,1,1
insulse,insulse,1,1
insulto,insultat,1,2
insulto,insultare,1,2
insum,inesse,3,9
insum,insunt,3,9
insum,inest,2,9
insum,inerat,1,9
insumo,insumit,2,5
insumo,insumpturus,1,5
insumo,insumptos,1,5
insumo,insumpserunt,1,5
insuper,insuper,24,30
insuper,Insuper,6,30
insurgo,insurrexerunt,2,8
insurgo,insurgit,1,8
insurgo,insurgerent,1,8
insurgo,insurrexit,1,8
insurgo,insurrexerant,1,8
insurgo,insurgentes,1,8
insurgo,insurgentibus,1,8
insutus,insuta,1,1
int,int,1,1
intabesco,intabescit,1,1
intago,intactas,1,2
intago,intacti,1,2
intecedo,intecedit,1,1
inteego,intellige,1,1
integer,integro,5,22
integer,integra,4,22
integer,integras,2,22
integer,integram,2,22
integer,integrum,2,22
integer,integris,2,22
integer,integer,2,22
integer,integros,2,22
integer,Integris,1,22
integerrimus,integerrimos,1,2
integerrimus,integerrimus,1,2
intego,integebantur,1,1
integritas,integritas,4,7
integritas,integritatem,1,7
integritas,integritatis,1,7
integritas,integritati,1,7
intelego,inteligamus,1,1
intellectus,intellectus,2,4
intellectus,intellectum,1,4
intellectus,intellectu,1,4
intellegentia,intelligentia,4,10
intellegentia,intelligentiae,4,10
intellegentia,intelligentias,1,10
intellegentia,intelligentiam,1,10
intellego,intelligere,12,75
intellego,intelligat,6,75
intellego,intelliget,5,75
intellego,intelligatur,5,75
intellego,intelligitur,5,75
intellego,intelligatis,4,75
intellego,intelligant,3,75
intellego,intelligi,3,75
intellego,intellecta,3,75
intellego,intelligeret,3,75
intellego,intelligenda,2,75
intellego,intelligantur,2,75
intellego,intelligimus,2,75
intellego,intelligerent,2,75
intellego,intellexit,2,75
intellego,intelligit,2,75
intellego,intelligendos,1,75
intellego,intelligendam,1,75
intellego,intelligendus,1,75
intellego,intellexi,1,75
intellego,intelliges,1,75
intellego,intelligetur,1,75
intellego,intelligetis,1,75
intellego,intellexerunt,1,75
intellego,intelligent,1,75
intellego,intelligeremus,1,75
intellego,intellecto,1,75
intellego,intelligunt,1,75
intellego,intellexerint,1,75
intellego,intellexissent,1,75
intellexigo,intelleximus,3,3
intelligo,intelligo,1,1
intemperies,intemperiem,1,2
intemperies,intemperies,1,2
intendo,intendunt,3,15
intendo,intentum,3,15
intendo,intendit,2,15
intendo,intento,2,15
intendo,intentos,2,15
intendo,intendo,1,15
intendo,intenti,1,15
intendo,intentus,1,15
intentio,intentione,5,18
intentio,intentionem,5,18
intentio,intentio,4,18
intentio,intentionis,2,18
intentio,intentionum,1,18
intentio,Intentionem,1,18
intento,intentata,1,1
inter,inter,153,166
inter,Inter,11,166
inter,INTER,2,166
intercedo,intercessimus,1,6
intercedo,intercedente,1,6
intercedo,intercedere,1,6
intercedo,intercedentes,1,6
intercedo,intercedebant,1,6
intercedo,intercederet,1,6
intercessio,intercessio,1,1
intercido,intercisas,1,1
intercipio,intercepta,2,7
intercipio,intercipiendi,1,7
intercipio,intercipere,1,7
intercipio,Intercepta,1,7
intercipio,intercipit,1,7
intercipio,intercepisset,1,7
intercludo,interclusum,4,11
intercludo,interclusam,2,11
intercludo,intercluderetur,1,11
intercludo,intercludebat,1,11
intercludo,interclusa,1,11
intercludo,intercluderent,1,11
intercludo,intercludendo,1,11
interclusuro,interclusuri,1,1
interdico,interdictum,4,16
interdico,interdicitur,3,16
interdico,interdixit,2,16
interdico,interdictus,2,16
interdico,interdicta,2,16
interdico,interdixisse,1,16
interdico,interdiceres,1,16
interdico,interdicendum,1,16
interdiu,interdiu,1,1
interdum,interdum,6,6
interea,Interea,18,27
interea,interea,9,27
interemo,interemerit,1,1
interempio,interempturum,1,1
intereo,interiturae,2,6
intereo,interiret,1,6
intereo,interituri,1,6
intereo,interijt,1,6
intereo,interierit,1,6
interficio,interfectus,4,9
interficio,interfici,2,9
interficio,interficeretur,1,9
interficio,interficere,1,9
interficio,interficiunt,1,9
interfuo,interfuere,1,1
intericio,interiecto,1,3
intericio,interiectus,1,3
intericio,interiectae,1,3
interiectus,interiectu,1,1
interiego,interiectam,1,1
interim,interim,26,31
interim,Interim,5,31
interimo,interimat,1,4
interimo,interimunt,1,4
interimo,interempto,1,4
interimo,interemit,1,4
interior,interiora,6,17
interior,interiori,4,17
interior,interiores,3,17
interior,interiorem,3,17
interior,interiore,1,17
interitus,interitus,3,6
interitus,interitum,2,6
interitus,interitu,1,6
intermeo,intermissent,1,1
intermitto,intermitterentur,1,2
intermitto,intermittantur,1,2
internecio,internecione,3,4
internecio,internecionem,1,4
internuntius,internuntios,1,1
internus,interno,1,3
internus,internam,1,3
internus,internae,1,3
interogo,interogati,1,1
interpello,interpellat,1,1
interpono,interposita,3,5
interpono,interposito,1,5
interpono,interponente,1,5
interpres,interpres,2,5
interpres,interpretes,2,5
interpres,interpretibus,1,5
interpreta,interpreta,1,1
interpretatio,interpretationem,1,2
interpretatio,interpretatione,1,2
interprete,interprete,2,2
interpretor,Interpretatus,1,4
interpretor,interpretatus,1,4
interpretor,interpretandam,1,4
interpretor,interpretabantur,1,4
interque,interque,2,2
intérque,intérque,1,1
intèrque,intèrque,1,1
interrogatio,interrogationes,1,1
interrogo,interrogavit,6,15
interrogo,interrogans,2,15
interrogo,interrogavi,2,15
interrogo,interrogabat,1,15
interrogo,interrogatus,1,15
interrogo,interrogari,1,15
interrogo,interrogauit,1,15
interrogo,interrogat,1,15
interrumpo,interrupta,1,2
interrumpo,interruptum,1,2
intersum,intersunt,2,9
intersum,interesse,2,9
intersum,interfuerunt,1,9
intersum,interesset,1,9
intersum,intersint,1,9
intersum,interessent,1,9
intersum,interfuerit,1,9
intertexto,intertexto,1,1
interuenio,interueniente,2,2
intervallum,intervallo,6,8
intervallum,intervallum,2,8
intervenio,Intervenit,1,3
intervenio,interveniente,1,3
intervenio,intervenientis,1,3
interventus,interventu,1,1
intimatio,intimationem,8,10
intimatio,intimatione,1,10
intimatio,intimationis,1,10
intimatus,intimato,1,1
intime,intime,1,1
intimo,intimat,1,4
intimo,intimavit,1,4
intimo,intimare,1,4
intimo,intimaret,1,4
intimus,intimis,2,8
intimus,intimo,2,8
intimus,intimi,1,8
intimus,intimam,1,8
intimus,intimus,1,8
intimus,intimum,1,8
intolerabilis,intolerabile,3,5
intolerabilis,intolerabilis,1,5
intolerabilis,intolerabilem,1,5
intorcettus,INTORCETTA,1,1
intorpesco,intorpescentibus,1,1
intra,intra,56,64
intra,Intra,4,64
intra,interius,2,64
intra,interiùs,1,64
intra,INTRA,1,64
intrâro,intrârunt,1,1
intrepidus,intrepida,1,1
intrinsece,intrinsece,1,1
intrinsecus,intrinsecus,3,4
intrinsecus,intrinseco,1,4
intro,intraverunt,3,13
intro,intrant,2,13
intro,intrandi,2,13
intro,intravit,1,13
intro,intravi,1,13
intro,intrare,1,13
intro,intrandae,1,13
intro,intrandum,1,13
intro,intrantium,1,13
introduco,introduxit,2,6
introduco,Introducti,1,6
introduco,introduxerunt,1,6
introduco,introducendos,1,6
introduco,Introduxit,1,6
introeo,introeunte,1,3
introeo,introire,1,3
introeo,introierunt,1,3
introgredior,introgrediens,1,1
introitus,introitus,2,3
introitus,introitum,1,3
intromitto,intromittit,2,4
intromitto,intromissus,1,4
intromitto,intromissa,1,4
introspicio,introspicientibus,1,3
introspicio,introspicimus,1,3
introspicio,introspicere,1,3
intueor,intueri,2,6
intueor,intuentibus,1,6
intueor,intuerentur,1,6
intueor,intuentur,1,6
intueor,intueamur,1,6
intumo,intumuit,1,1
intus,intus,1,1
inuenio,inuenies,11,33
inuenio,inuenitur,9,33
inuenio,inuenire,4,33
inuenio,inuenit,1,33
inuenio,inuentas,1,33
inuenio,inuenti,1,33
inuenio,inueniri,1,33
inuenio,Inuenies,1,33
inuenio,inuentam,1,33
inuenio,inveniatur,1,33
inuenio,inuentis,1,33
inuenio,inuenient,1,33
inuentor,inuentorem,1,2
inuentor,inuentor,1,2
inuestigatio,inuestigatio,1,2
inuestigatio,inuestigationem,1,2
inuestigo,inuestigari,1,1
inuicem,inuicem,1,1
inuictus,inuictum,1,3
inuictus,invictissimi,1,3
inuictus,inuicto,1,3
inuideo,inuideret,1,1
inuidia,inuidia,2,4
inuidia,inuidiae,2,4
inuigilo,inuigilant,1,1
inuito,inuitamur,1,1
inuitus,inuito,1,2
inuitus,inuitis,1,2
inumerabilis,inumerabiles,1,1
inungo,inungebant,1,1
inuo,inuri,1,1
inuoco,inuocandum,1,2
inuoco,inuocamus,1,2
inuoluo,inuoluerent,1,2
inuoluo,inuoluerat,1,2
inus,inus,2,2
inusitatus,inusitatam,2,5
inusitatus,inusitato,2,5
inusitatus,inusitatis,1,5
inutilis,inutilis,6,9
inutilis,Inutilis,1,9
inutilis,inutiles,1,9
inutilis,inutile,1,9
inutiliter,inutiliter,1,1
invadeo,invaderent,4,7
invadeo,invadere,2,7
invadeo,invaserunt,1,7
invadio,invaderet,1,1
invado,invadit,5,19
invado,invadunt,4,19
invado,invasit,4,19
invado,invadentes,1,19
invado,invadamus,1,19
invado,invaserat,1,19
invado,invadat,1,19
invado,invaditur,1,19
invado,invadendi,1,19
invaleo,invaluerunt,1,1
invao,invaduntur,1,1
invasio,invaserint,1,2
invasio,invasione,1,2
invasor,invasorem,1,1
invdo,invasisse,1,1
invecio,invectus,1,1
inveho,invehi,2,3
inveho,inuecta,1,3
invenio,invenit,9,39
invenio,invenerunt,8,39
invenio,invenire,4,39
invenio,invenimus,3,39
invenio,inveniuntur,2,39
invenio,inveniri,2,39
invenio,invenientes,1,39
invenio,Inveni,1,39
invenio,inveniret,1,39
invenio,inveni,1,39
invenio,invenirentur,1,39
invenio,inveniantur,1,39
invenio,inveniretur,1,39
invenio,inventus,1,39
invenio,inveniunt,1,39
invenio,inveniet,1,39
invenio,invenerim,1,39
inventor,inventores,1,1
inverto,inverso,1,1
investigo,investigare,1,1
inveto,inveteratus,1,1
invicem,invicem,7,7
invictus,invicti,1,2
invictus,invictam,1,2
invideo,invidere,1,1
invidia,invidia,3,4
invidia,invidiam,1,4
invidus,invida,1,1
invigilo,invigilant,1,3
invigilo,invigilat,1,3
invigilo,invigilent,1,3
invincibilique,invincibilique,1,1
inviolabilis,inviolabile,1,1
inviolabiliter,inviolabiliter,1,1
invisibilis,invisibilibus,1,1
invisio,invisimus,1,1
inviso,invisit,2,7
inviso,invisantur,1,7
inviso,inviserentur,1,7
inviso,inviserent,1,7
inviso,invisendi,1,7
inviso,inviseremus,1,7
invisor,invisentibus,1,1
invissero,invissere,1,2
invissero,invisseret,1,2
invisso,invissit,1,1
invissus,invissi,1,1
invito,invitat,2,16
invito,invitabat,2,16
invito,invitatus,2,16
invito,invitavit,2,16
invito,invitavi,1,16
invito,invitentur,1,16
invito,invitantem,1,16
invito,invitarunt,1,16
invito,invitare,1,16
invito,invitati,1,16
invito,invitatum,1,16
invito,invitantur,1,16
invitus,inviti,2,5
invitus,invitos,1,5
invitus,invitę,1,5
invitus,invitis,1,5
invoco,Invocavit,1,5
invoco,invocantes,1,5
invoco,invocato,1,5
invoco,invocare,1,5
invoco,invocatis,1,5
involo,involant,1,2
involo,involuerit,1,2
involuo,involuens,1,1
involvo,involutum,1,1
io,io,3,4
io,ionem,1,4
iob,Iob,1,1
ioculator,ioculatoribus,1,1
iocus,Iocis,1,2
iocus,ioco,1,2
iohan,Iohan,1,1
iohanis,Iohanem,1,1
iohannes,Iohannem,3,5
iohannes,Ioannis,2,5
ioriques,Ioriques,1,1
Ioseph,Ioseph,1,1
iosephus,Iosephus,5,10
iosephus,Iosephi,4,10
iosephus,Iosepho,1,10
ip,ip,1,1
ipe,ipsamq,1,1
ipfe,ipfe,1,1
ipse,ipse,119,480
ipse,ipsi,63,480
ipse,ipsa,56,480
ipse,ipsum,53,480
ipse,ipso,32,480
ipse,ipsis,27,480
ipse,ipsos,27,480
ipse,ipsius,26,480
ipse,ipsam,24,480
ipse,Ipse,13,480
ipse,ipsemet,12,480
ipse,ipsorum,10,480
ipse,ipsamet,5,480
ipse,ipsas,3,480
ipse,ipsarum,2,480
ipse,ipsae,2,480
ipse,Ipsi,2,480
ipse,Ipsa,1,480
ipse,ipsammet,1,480
ipse,Ipsum,1,480
ipse,Ipsemet,1,480
ipseque,ipseque,4,4
ipsi,ipsimet,3,3
ipsique,ipsique,2,2
ipsisme,ipsismet,1,1
ipsisque,ipsisque,1,1
ipsiuse,ipsiusmet,1,1
ipso,ipsomet,4,4
ipsorumque,ipsorumque,1,1
ipsosque,ipsosque,1,1
iq,eoq,4,7
iq,eiq,3,7
iquon,Iquon,4,4
ira,ira,12,24
ira,iram,7,24
ira,irae,3,24
ira,Irae,1,24
ira,Ira,1,24
iracundia,iracundiae,1,1
irascor,irascuntur,1,2
irascor,irascantur,1,2
iremus,iremus,1,1
iriafaconus,Iriafaconum,1,1
irremediabiliter,irremediabiliter,1,1
irretitus,irretitus,1,1
irrigo,irrigata,1,2
irrigo,irrigare,1,2
irrito,irrito,1,1
irritus,irritas,1,2
irritus,irritum,1,2
irrogo,irroganda,1,5
irrogo,irrogandis,1,5
irrogo,irrogatam,1,5
irrogo,irrogare,1,5
irrogo,irrogatur,1,5
irrumpo,irrumpunt,2,5
irrumpo,irrumpere,1,5
irrumpo,irrumperunt,1,5
irrumpo,irrumpebant,1,5
irruo,irruentes,2,9
irruo,Irruit,1,9
irruo,irruissent,1,9
irruo,irruentium,1,9
irruo,irrueret,1,9
irruo,irruit,1,9
irruo,irruerent,1,9
irruo,irruere,1,9
irrupo,irrupit,2,2
irruptio,Irruptione,1,1
is,eos,181,1448
is,eo,179,1448
is,eius,172,1448
is,ea,148,1448
is,eorum,138,1448
is,eum,114,1448
is,eam,109,1448
is,id,97,1448
is,ei,82,1448
is,eis,74,1448
is,iis,46,1448
is,eas,32,1448
is,earum,12,1448
is,is,12,1448
is,Id,11,1448
is,Ea,10,1448
is,Is,8,1448
is,Eo,6,1448
is,Eorum,2,1448
is,Emorum,2,1448
is,Eius,2,1448
is,Eam,2,1448
is,eaq,2,1448
is,norum,1,1448
is,eâ,1,1448
is,earumque,1,1448
is,eorumq,1,1448
is,Eas,1,1448
is,Eum,1,1448
is,eae,1,1448
Isabela,Isabela,1,1
isafaidonus,Isafaidonus,1,1
isafaindon,Isafaindonum,1,1
Isauria,Isauria,1,1
Iscianum,Isciano,1,1
iscianus,Iscianum,1,1
isciensus,Isciensi,1,1
ispa,ispis,1,1
ispse,ispsis,1,1
israel,Israel,1,1
israël,Israël,1,1
iste,istis,24,94
iste,ista,19,94
iste,istam,7,94
iste,istud,7,94
iste,isto,6,94
iste,istius,6,94
iste,isti,6,94
iste,istos,5,94
iste,istas,4,94
iste,Isti,3,94
iste,istum,2,94
iste,iste,2,94
iste,Istae,1,94
iste,istorum,1,94
iste,istarum,1,94
isthac,isthac,1,1
isthic,isthic,9,9
isthmo,isthmo,1,1
isthuc,isthuc,1,1
istic,istic,1,1
istinc,istinc,1,1
it,it,1,1
ita,ita,159,184
ita,Ita,25,184
Italia,Italia,4,6
Italia,Italiae,1,6
Italia,Italiam,1,6
italice,italice,1,1
italis,Itali,3,4
italis,Italis,1,4
italus,Italus,30,31
italus,italum,1,31
itaq,itaq,3,4
itaq,Itaq,1,4
itaque,itaque,46,85
itaque,Itaque,39,85
item,Item,41,70
item,item,27,70
item,itemque,2,70
itemque,idemque,2,2
iter,iter,27,69
iter,itinere,20,69
iter,itineris,17,69
iter,itinera,3,69
iter,itineribus,2,69
iterato,iterato,2,2
itero,iteratis,1,1
iterum,iterum,49,51
iterum,Iterum,2,51
iti,Iti,1,1
itidem,itidem,10,10
itiden,itiden,1,1
itodonus,Itodonus,1,1
iu,Iu,1,2
iu,iu,1,2
iube,Iube,2,2
iubeo,iussit,24,80
iubeo,iubet,16,80
iubeo,iubentur,5,80
iubeo,iubebat,4,80
iubeo,iubent,3,80
iubeo,iubeat,2,80
iubeo,iubetur,2,80
iubeo,iusserat,2,80
iubeo,iubendum,2,80
iubeo,iusserit,2,80
iubeo,iussi,2,80
iubeo,iusserunt,2,80
iubeo,Iubet,1,80
iubeo,iuberet,1,80
iubeo,iubes,1,80
iubeo,iubendo,1,80
iubeo,iubebis,1,80
iubeo,iuberi,1,80
iubeo,iubemur,1,80
iubeo,iussis,1,80
iubeo,iubeant,1,80
iubeo,Iussit,1,80
iubeo,iubentes,1,80
iubeo,iubeas,1,80
iubeo,iubens,1,80
iubeo,iussisset,1,80
iubileus,iubileum,1,1
iubilis,iubilei,1,1
iucunditas,iucunditatis,2,3
iucunditas,iucunditate,1,3
iucundus,iucundioris,1,3
iucundus,iucunda,1,3
iucundus,iucundissima,1,3
iudaea,Iudaea,1,1
Iudaei,Iudaeis,2,6
Iudaei,Iudaeorum,2,6
Iudaei,Iudaei,2,6
iudaeus,Iudaeos,5,5
iudas,Iuda,1,2
iudas,Iudae,1,2
iudea,iudeis,1,1
Iudęi,Iudęis,2,2
iudęus,Iudęorum,2,4
iudęus,Iudęi,2,4
iudex,iudicij,19,50
iudex,iudex,7,50
iudex,iudicis,5,50
iudex,iudices,4,50
iudex,iudicem,4,50
iudex,iudicibus,3,50
iudex,iudice,2,50
iudex,Iudicum,2,50
iudex,Iudex,2,50
iudex,iudici,1,50
iudex,Iudicem,1,50
iudiciique,iudiciique,1,1
iudicium,iudicio,13,27
iudicium,iudicium,6,27
iudicium,iudicia,4,27
iudicium,iudicii,2,27
iudicium,Iudicio,1,27
iudicium,iudiciorum,1,27
iudico,iudicare,3,29
iudico,iudicatum,2,29
iudico,iudicarent,2,29
iudico,iudicabis,2,29
iudico,iudicaret,2,29
iudico,iudicari,2,29
iudico,iudicabuntur,2,29
iudico,iudicaturus,2,29
iudico,iudicet,1,29
iudico,iudicaverint,1,29
iudico,iudicavimus,1,29
iudico,iudicaveris,1,29
iudico,iudicabam,1,29
iudico,iudicavi,1,29
iudico,iudicaretur,1,29
iudico,iudico,1,29
iudico,iudicandos,1,29
iudico,iudicabimus,1,29
iudico,iudicanda,1,29
iudico,iudicata,1,29
iudicumvus,iudicumve,1,1
iuditio,iuditio,1,1
iuêer,Iuêre,1,1
iuenis,iuenes,4,4
iuenus,Iuenam,1,1
iugulo,iugulavit,1,2
iugulo,iugulare,1,2
iugulum,iugulum,1,1
iugum,iugum,2,5
iugum,iugo,2,5
iugum,iugis,1,5
iulius,Iulii,10,17
iulius,Iulio,3,17
iulius,Iulius,3,17
iulius,iulii,1,17
iumentum,iumentis,5,7
iumentum,iumenta,2,7
iuncus,iunco,1,3
iuncus,iuncus,1,3
iuncus,iuncum,1,3
iunglies,Iungliei,2,2
iunglieus,Iunglieo,8,12
iunglieus,Iunglieum,3,12
iunglieus,Iunglieus,1,12
iungo,iungeretur,1,2
iungo,iuncta,1,2
iunnan,Iunnan,1,1
iunus,Iunioris,1,3
iunus,iuniorem,1,3
iunus,iunioris,1,3
iunxio,iunxissent,1,1
iuppiter,Iouem,1,1
iuramentum,iuramentum,30,74
iuramentum,iuramento,26,74
iuramentum,iuramenti,17,74
iuramentum,iuramentorum,1,74
iurandumque,iurandumque,1,1
iuras,iuras,1,1
iureiuro,iureiurando,1,1
iuridictio,iuridictione,2,3
iuridictio,iuridictionem,1,3
iuridicus,iuridice,1,2
iuridicus,iuridico,1,2
iurisdictio,iurisdictionem,4,7
iurisdictio,iurisdictione,3,7
iurisdictioe,iurisdictioem,1,1
iurisiuro,iurisiurandi,1,1
iuro,iurare,14,26
iuro,iurantes,3,26
iuro,iurati,2,26
iuro,iuremus,2,26
iuro,iurasse,1,26
iuro,iuraverint,1,26
iuro,iuramus,1,26
iuro,iurandi,1,26
iuro,iurasset,1,26
iurum,iuro,1,1
ius,iure,22,52
ius,ius,17,52
ius,iuris,6,52
ius,iura,5,52
ius,iuribus,1,52
ius,eiusd,1,52
iusbeo,iussitq,1,1
iusio,iusionem,1,1
iusro,iusrare,1,1
iussio,iussione,1,1
iussus,iussu,4,4
iuste,iuste,2,2
iusticia,iusticiam,1,1
iusticis,iusticia,1,1
iusticus,iusticie,1,1
iustificatio,iustificationem,1,1
iustifico,iustifico,1,2
iustifico,iustificari,1,2
iustinus,Iustini,1,1
iustita,iustitae,1,1
iustitia,iustitiae,26,42
iustitia,iustitia,11,42
iustitia,iustitiam,4,42
iustitia,Iustitiae,1,42
iustitię,iustitię,1,1
iustitita,iustititae,1,1
iustus,iusta,4,23
iustus,iustis,3,23
iustus,iustum,3,23
iustus,iustorum,3,23
iustus,Iustam,3,23
iustus,iusto,2,23
iustus,iustus,1,23
iustus,iustam,1,23
iustus,iustissima,1,23
iustus,iustos,1,23
iustus,Iustae,1,23
iuuo,iuuemus,1,1
iuvenis,iuvenis,3,9
iuvenis,iuvenibus,2,9
iuvenis,iuvenes,2,9
iuvenis,iuvenem,1,9
iuvenis,iunior,1,9
iuvenus,iuvenum,1,1
iuvo,iuvante,2,15
iuvo,iuvare,2,15
iuvo,iuvari,2,15
iuvo,iuvantibus,1,15
iuvo,iuvandi,1,15
iuvo,iuvandam,1,15
iuvo,iuvandos,1,15
iuvo,iuvaret,1,15
iuvo,iuvandis,1,15
iuvo,iuvarent,1,15
iuvo,iuver,1,15
iuvo,iuvit,1,15
iux,iuge,1,1
iuxta,iuxta,27,27
ivañez,Ivañez,1,1
ivero,iverat,1,1
ivi,Ivi,1,1
ivio,ivissent,1,2
ivio,ivisset,1,2
ix,IX,1,1
ja,Ja,1,1
jacobus,Jacobus,3,4
jacobus,Jacobi,1,4
jactura,jacturam,1,1
jam,jam,23,27
jam,Jam,3,27
jam,JAM,1,27
jamjus,jamjam,1,1
jamver,Jamvero,1,1
januaris,Januarii,1,2
januaris,JANUARII,1,2
januarius,Januario,1,1
japo,Japonem,1,1
japon,Japon,4,9
japon,Japone,3,9
japon,Japonis,2,9
japonens,Japonensium,1,1
japonensis,Japonensis,1,1
japonia,Japoniam,13,13
japonice,japonice,2,2
japonicus,Japonica,13,51
japonicus,Japonicae,7,51
japonicus,Japonici,5,51
japonicus,japonicis,5,51
japonicus,japonico,4,51
japonicus,Japonicam,2,51
japonicus,Japonico,2,51
japonicus,japonica,2,51
japonicus,japonicas,2,51
japonicus,japonicam,2,51
japonicus,japonicum,1,51
japonicus,Japonicos,1,51
japonicus,JAPONICAE,1,51
japonicus,japonicae,1,51
japonicus,japonicarum,1,51
japonicus,japonicos,1,51
japonicus,JAPONICAM,1,51
japoniensis,Japoniensis,1,1
japonies,Japonie,1,1
japonium,Japonia,30,30
japonius,Japoniae,21,34
japonius,Japoniorum,4,34
japonius,Japonii,4,34
japonius,Japonios,2,34
japonius,japoniorum,2,34
japonius,japonii,1,34
jappone,Jappones,8,8
japponens,Japponensem,1,1
japponensus,Japponensibus,1,1
japponia,Japponiae,72,85
japponia,Japponiam,13,85
japponicus,Japponica,7,17
japponicus,Japponicae,3,17
japponicus,japponicis,2,17
japponicus,Japponicis,2,17
japponicus,Japponicam,1,17
japponicus,JAPPONICA,1,17
japponicus,Japponicos,1,17
japponium,Japponia,30,32
japponium,Japponiorum,2,32
japponus,Japponum,1,1
jesus,Jesu,3,4
jesus,JESU,1,4
jesùs,Jesù,1,1
jo,Jo,2,2
joannes,Joannes,50,52
joannes,Joannem,2,52
joannis,Joannis,1,1
joannus,Joanne,5,6
joannus,Joanni,1,6
Johanne,Ioanne,4,4
Johannem,Ioannem,10,10
Johannes,Ioannes,30,51
Johannes,Iohannes,15,51
Johannes,Ioanni,5,51
Johannes,Iohanne,1,51
jorgius,Jorgius,1,1
joseph,Joseph,5,5
josephus,Josephus,1,1
juan,Juan,1,1
jubeo,jussit,4,4
jubilaeus,Jubilaei,1,1
jucunde,jucundius,1,1
jucundus,jucundam,1,1
judex,judex,1,2
judex,judicem,1,2
judicatumquus,judicatumque,1,1
judicium,judicium,2,2
judico,judicarunt,1,3
judico,judicare,1,3
judico,judicavi,1,3
jugero,jugera,1,1
jugus,jugum,1,1
julius,Julii,3,6
julius,Julius,2,6
julius,Julio,1,6
jun,jun,1,1
junium,Juniorum,3,3
junius,Junii,1,1
juramentum,juramento,1,1
jure,jure,1,1
jurene,jurene,1,1
jurisdictio,jurisdictione,3,4
jurisdictio,jurisdictio,1,4
jurisperitus,jurisperitis,1,1
jus,jus,1,1
jussus,jussu,2,2
justitia,justitiae,1,2
justitia,justitiam,1,2
juvenis,juvenes,1,1
juvenus,juvenum,1,1
juvo,Iuverit,1,1
juxta,juxta,5,5
kal,kal,1,1
kalendae,kalendas,4,6
kalendae,calendas,2,6
Kalendae,Kalendis,1,1
kambaliensis,Kambaliensis,1,1
kan,kan,1,1
kangitus,Kangitarum,2,2
karakyta,Karakytai,1,1
kartagus,Kartago,1,1
kathay,Kathay,4,4
kengo,Kengo,2,2
kengum,Kengum,1,1
kengus,Kengus,1,1
khiucheu,Khiucheu,1,1
kian,Kian,1,1
kiang,Kiang,6,6
kiangcheu,Kiangcheu,1,1
kiango,Kiango,2,2
kiangsus,Kiangsi,14,14
kiangus,Kiangus,11,12
kiangus,Kiangum,1,12
kienning,Kienning,2,2
king,King,1,1
kinhoa,Kinhoa,3,3
kino,Kino,3,3
kinum,Kinum,3,3
kinus,Kinus,8,8
kioochang,Kioochang,1,1
kiovia,Kioviam,1,1
kitay,Kitay,1,1
kiu,Kiu,1,1
kuangcheu,Kuangcheu,1,1
kuangsus,Kuangsi,1,1
kuangtonensis,Kuangtonensi,1,1
kuangtungnensis,Kuangtungnensi,1,1
kuano,Kuangtung,4,4
kueicheu,Kueicheu,2,2
l,l,2,2
la,la,7,7
labeo,labe,3,3
labes,labem,1,1
labo,labantur,1,3
labo,labantes,1,3
labo,labanti,1,3
labor,laboribus,16,64
labor,labores,11,64
labor,labore,11,64
labor,laborum,8,64
labor,laborem,4,64
labor,labori,3,64
labor,laboris,2,64
labor,labor,2,64
labor,labentem,2,64
labor,lapsus,2,64
labor,lapsi,1,64
labor,labuntur,1,64
labor,labitur,1,64
laboriose,laboriose,1,1
laboro,laborant,9,36
laboro,laborare,3,36
laboro,laborandum,3,36
laboro,laboravit,2,36
laboro,laborabant,2,36
laboro,laboratum,2,36
laboro,laboravimus,1,36
laboro,laboravi,1,36
laboro,laboro,1,36
laboro,laborat,1,36
laboro,laboret,1,36
laboro,laborantes,1,36
laboro,laborabamus,1,36
laboro,laboraret,1,36
laboro,laborarent,1,36
laboro,laboratis,1,36
laboro,laborans,1,36
laboro,laborari,1,36
laboro,laborando,1,36
laboro,laboratur,1,36
laboro,laborassent,1,36
lac,lacte,2,2
lacedaemonius,Lacedaemonium,1,1
lacerna,lacernis,1,1
lacero,lacerantes,1,1
lacesso,lacessiti,1,2
lacesso,lacessat,1,2
lachrymus,lachrymas,1,1
laconicus,Laconicae,1,2
laconicus,Laconica,1,2
lacryma,lacrymis,6,11
lacryma,lacrymas,3,11
lacryma,lacrymarum,2,11
lactens,lactentium,1,1
lacus,lacus,2,3
lacus,lacum,1,3
laedo,laedi,2,7
laedo,laesit,1,7
laedo,laedere,1,7
laedo,laedunt,1,7
laedo,laedendum,1,7
laedo,laeditur,1,7
laetabo,laetabundum,1,1
laetabundo,laetabundo,1,1
laetifer,laetiferam,1,1
laetifico,laetificat,1,1
laetior,laetitae,1,1
laetitia,laetitia,8,14
laetitia,laetitiam,3,14
laetitia,laetitiae,2,14
laetitia,laetitiis,1,14
laetor,laetatur,1,3
laetor,laetatus,1,3
laetor,laetari,1,3
laetumque,laetumque,1,1
laetus,laeti,2,5
laetus,laetissimum,1,5
laetus,laetissima,1,5
laetus,laetiorem,1,5
laeuus,laeua,1,1
lagunus,Laguna,1,1
laicus,laici,3,6
laicus,laico,2,6
laicus,laicis,1,6
lama,Lama,1,1
Lambertus,Lambert,2,2
lamegus,Lamego,1,1
lamen,laminis,2,3
lamen,lamen,1,3
lamentabilis,lamentabili,1,1
lamentatio,lamentationum,1,1
lana,lanam,1,1
lancea,lancea,3,4
lancea,lanceis,1,4
lancillotus,Lancillotus,1,1
lancilottus,Lancilottus,2,2
Lancilottus,Lancilotto,1,1
lancilotus,Lancilotus,3,3
langor,langores,1,1
langueo,languentes,1,1
languesco,languesceret,1,1
lankus,Lanki,1,1
laodicena,laodicena,1,1
Laodicia,Laodicia,4,4
laodicius,Laodiciam,1,1
laorus,Laorum,4,4
laos,Laos,3,3
lapido,lapidatus,1,2
lapido,lapidaverunt,1,2
lapis,lapide,4,15
lapis,lapidem,4,15
lapis,lapidibus,4,15
lapis,lapides,1,15
lapis,lapidum,1,15
lapis,lapidis,1,15
lapsuer,lapsuros,1,1
lapsus,lapsuum,1,1
laqueus,laqueo,6,7
laqueus,laqueus,1,7
lardus,lardum,3,3
largior,largiretur,1,5
largior,largiri,1,5
largior,largitur,1,5
largior,largiabatur,1,5
largior,largitus,1,5
largitas,largitate,2,2
largitio,largitioni,1,2
largitio,largitione,1,2
largitionibusque,largitionibusque,1,1
largus,largum,1,1
larus,larum,1,1
las,las,1,1
lassus,lassae,1,1
lataeus,lataeque,1,1
late,latissime,2,4
late,late,1,4
late,latius,1,4
latebra,latebris,1,2
latebra,latebrae,1,2
lateo,latuit,3,9
lateo,lateat,2,9
lateo,latuerunt,1,9
lateo,Latuerunt,1,9
lateo,latet,1,9
lateo,lateret,1,9
lateque,lateque,5,5
Latine,latine,2,2
latinus,latinis,4,25
latinus,latinum,4,25
latinus,latinorum,3,25
latinus,latinam,3,25
latinus,latini,3,25
latinus,latino,3,25
latinus,latina,2,25
latinus,latinae,2,25
latinus,Latina,1,25
latito,latitabant,2,4
latito,latitare,1,4
latito,latitarent,1,4
latitor,latitantes,2,2
latitudo,latitudinem,2,6
latitudo,latitudine,2,6
latitudo,latitudo,2,6
latonus,Latona,1,1
latro,latronis,13,64
latro,latrones,11,64
latro,latro,10,64
latro,latrone,8,64
latro,latronem,5,64
latro,latronibus,5,64
latro,latronum,5,64
latro,latroni,4,64
latro,latratus,1,64
latro,Latronum,1,64
latro,Latrones,1,64
latrocinium,latrocinia,2,3
latrocinium,latrocinium,1,3
latus,latere,6,24
latus,latas,2,24
latus,latam,2,24
latus,latus,2,24
latus,lato,1,24
latus,latissima,1,24
latus,latae,1,24
latus,latis,1,24
latus,lateribus,1,24
latus,latiora,1,24
latus,latissimi,1,24
latus,latissimas,1,24
latus,latissimam,1,24
latus,latissimis,1,24
latus,latarum,1,24
latus,latera,1,24
latusque,latusque,1,1
lauacrum,lauacri,1,1
laud,laud,1,1
laudabilis,laudabilem,1,2
laudabilis,laudabilis,1,2
laudabiliter,laudabiliter,3,3
laudamus,Laudamus,1,1
laudataquus,laudataque,1,1
laudatus,laudatissimi,1,1
laudo,Laudo,2,13
laudo,laudetur,2,13
laudo,Laudabat,2,13
laudo,laudatur,1,13
laudo,laudo,1,13
laudo,Laudanda,1,13
laudo,laudabimus,1,13
laudo,laudata,1,13
laudo,laudantibus,1,13
laudo,laudando,1,13
laurea,lauream,3,3
Laurentius,Laurentii,1,1
laureo,Laurentius,2,2
laus,laudem,4,12
laus,laude,3,12
laus,laudes,2,12
laus,Laus,1,12
laus,laudibus,1,12
laus,laute,1,12
lavacrum,lavacro,3,5
lavacrum,lavacrum,2,5
Lavai,Lavaos,1,1
lavo,lavari,1,1
lazarus,Lazarus,1,1
lazzarus,Lazzarus,1,1
le,Le,15,18
le,le,2,18
le,lissime,1,18
Leaotungus,Leaotung,22,22
leaoyanus,Leaoyang,4,4
lect,lect,1,1
lectio,lectione,2,7
lectio,lectionem,2,7
lectio,lectionibus,2,7
lectio,lectiones,1,7
lector,lector,3,7
lector,Lector,3,7
lector,Lectores,1,7
lectores,LECTOREM,1,1
lectus,lectis,2,2
ledesma,LEDESMA,2,3
ledesma,Ledesma,1,3
lędo,lędas,1,1
leg,leg,1,1
legalitas,legalitati,1,1
legaliter,legaliter,1,1
legatio,legatione,2,7
legatio,legationem,2,7
legatio,legatio,1,7
legatio,Legatione,1,7
legatio,legationis,1,7
legatus,Legatum,8,17
legatus,legatus,4,17
legatus,legato,2,17
legatus,Legatus,1,17
legatus,Legato,1,17
legatus,Legatos,1,17
legio,legionibus,1,4
legio,Legiones,1,4
legio,legionem,1,4
legio,legio,1,4
legislator,Legislator,2,4
legislator,Legislatori,1,4
legislator,Legislatore,1,4
legisque,legisque,1,1
legitime,legitime,7,7
legitimisque,legitimisque,1,1
legitimus,legitimam,5,13
legitimus,legitima,5,13
legitimus,legitimus,2,13
legitimus,legitimas,1,13
lego,legere,7,31
lego,legit,5,31
lego,Lecta,2,31
lego,legendum,2,31
lego,legerat,2,31
lego,legavit,2,31
lego,legentibus,1,31
lego,Legimus,1,31
lego,leguntur,1,31
lego,legisset,1,31
lego,legeret,1,31
lego,Legit,1,31
lego,legendis,1,31
lego,lego,1,31
lego,legendique,1,31
lego,lecta,1,31
lego,lecto,1,31
legumen,legumen,1,1
lemnus,Lemnus,1,1
lendes,lendes,1,1
lenio,lenit,1,1
lentus,lento,1,1
leo,leones,1,1
Leo,Leo,3,3
Leon,Leon,1,1
leonina,leoninae,1,1
leonus,Leone,1,2
leonus,Leonis,1,2
leopardus,leopardis,1,1
leporina,leporinam,2,2
lerius,Leria,7,7
les,les,1,1
lessimus,lessimum,1,1
lessius,Lessii,1,1
lethalis,lethalibus,1,2
lethalis,lethalis,1,2
lethiferus,lethifera,2,2
letifer,letiferis,1,1
leucas,leucas,8,8
leucus,leucarum,4,6
leucus,leuca,1,6
leucus,leucam,1,6
leuo,levare,1,2
leuo,leuandam,1,2
leux,leucis,9,9
levamentum,levamentum,2,2
leviathan,Leviathan,1,1
levis,levissima,1,6
levis,levissimis,1,6
levis,levissimum,1,6
levis,levissimas,1,6
levis,leve,1,6
levis,levis,1,6
leviter,leviter,1,1
lex,legem,41,179
lex,legis,33,179
lex,lege,28,179
lex,leges,19,179
lex,lex,16,179
lex,legi,10,179
lex,legibus,9,179
lex,Legis,9,179
lex,Legem,6,179
lex,legum,4,179
lex,Lege,2,179
lex,Lex,1,179
lex,LEGIS,1,179
lgnate,lgnatius,1,1
libanitides,Libanitides,1,1
libanus,Libano,2,2
libella,libella,1,1
libellus,libellum,3,8
libellus,libello,2,8
libellus,libellis,1,8
libellus,libellos,1,8
libellus,libelli,1,8
libens,libenti,2,3
libens,libentius,1,3
libenter,libenter,10,10
liber,librum,19,89
liber,libros,10,89
liber,liber,9,89
liber,liberos,8,89
liber,libri,7,89
liber,libris,6,89
liber,liberum,5,89
liber,Librum,5,89
liber,libro,4,89
liber,libra,4,89
liber,liberi,3,89
liber,librorum,2,89
liber,libera,2,89
liber,Liber,1,89
liber,Libro,1,89
liber,Librorum,1,89
liber,Libri,1,89
liber,liberam,1,89
liberalis,liberales,1,3
liberalis,liberalem,1,3
liberalis,liberali,1,3
liberalitas,liberalitate,3,5
liberalitas,liberalitatem,1,5
liberalitas,liberalitati,1,5
liberaliter,liberaliter,4,7
liberaliter,liberalissime,3,7
liberaliterque,liberaliterque,1,1
liberatio,liberatione,4,5
liberatio,liberationem,1,5
liberator,liberatorem,1,1
libere,libere,10,11
libere,liberius,1,11
liberi,liberis,4,4
libero,liberare,3,24
libero,liberaret,3,24
libero,liberarent,3,24
libero,liberari,2,24
libero,liberatis,2,24
libero,liberati,2,24
libero,liberemus,1,24
libero,liberata,1,24
libero,liberarem,1,24
libero,liberandos,1,24
libero,liberabitur,1,24
libero,liberarunt,1,24
libero,liberandam,1,24
libero,liberando,1,24
libero,liberatus,1,24
libertas,libertatem,8,17
libertas,libertate,5,17
libertas,libertas,2,17
libertas,libertatis,1,17
libertas,libertateq,1,17
libertates,libertateque,1,1
liberus,liberior,1,1
libet,libet,1,1
libidinosus,libidinosa,1,2
libidinosus,libidinosum,1,2
libido,libidinis,3,6
libido,libidinibus,1,6
libido,libido,1,6
libido,libidinem,1,6
libitus,libitum,2,3
libitus,libito,1,3
libra,libram,1,1
libramen,libramine,1,1
librator,libratores,1,1
Libya,Libyam,1,1
libyus,Libyae,1,1
licencia,licencia,1,1
licentia,licentiam,10,16
licentia,licentia,5,16
licentia,licentiae,1,16
licentiatus,Licentiati,2,2
liceo,licitum,3,6
liceo,licuisset,2,6
liceo,licitus,1,6
licet,licet,85,101
licet,liceat,4,101
licet,licuit,3,101
licet,Licet,3,101
licet,liceret,2,101
licet,licebit,1,101
licet,licuerit,1,101
licet,licere,1,101
licet,licebat,1,101
licèt,licèt,1,1
licetque,licetque,1,1
licite,licite,1,1
licter,licteram,2,2
lictera,licteris,5,8
lictera,licteras,3,8
lictere,lictere,1,1
lictor,lictoribus,1,1
licungzus,Licungzus,9,17
licungzus,Licungzo,5,17
licungzus,Licungzi,2,17
licungzus,Licungzum,1,17
ligatusque,ligatusque,1,1
lignaque,lignaque,1,1
ligneus,lignea,2,5
ligneus,ligneis,1,5
ligneus,ligneum,1,5
ligneus,ligneam,1,5
lignum,ligna,4,10
lignum,lignum,2,10
lignum,lignas,1,10
lignum,lignis,1,10
lignum,lignorum,1,10
lignum,ligno,1,10
ligo,ligatis,1,6
ligo,ligantur,1,6
ligo,ligatum,1,6
ligo,ligonibus,1,6
ligo,ligati,1,6
ligo,ligatos,1,6
lihuzus,Lihuzus,2,5
lihuzus,Lihuzi,2,5
lihuzus,Lihuzum,1,5
lilium,lilium,1,1
limen,limen,1,1
limes,limitibus,1,1
limito,limitandam,1,1
linea,linea,2,4
linea,lineas,1,4
linea,lineis,1,4
lingua,linguam,17,48
lingua,lingua,13,48
lingua,linguae,9,48
lingua,linguas,4,48
lingua,linguarum,2,48
lingua,linguis,2,48
lingua,Linguam,1,48
lingue,lingue,1,1
linguȩ,linguȩ,1,1
linteamen,linteamen,2,3
linteamen,linteamina,1,3
linus,Linus,2,2
lio,lit,2,3
lio,liati,1,3
liquamen,liquamen,1,1
liqueo,liquet,1,1
liquidus,liquido,5,5
liquor,liquore,1,1
lis,lite,4,12
lis,li,3,12
lis,lis,2,12
lis,litis,1,12
lis,lites,1,12
lis,lib,1,12
litania,Litanias,2,2
litas,litas,1,2
litas,litatem,1,2
litera,literas,17,36
litera,literis,11,36
litera,literarum,5,36
litera,literae,2,36
litera,literam,1,36
literarius,literariis,1,1
litero,literatus,3,5
litero,literatum,1,5
litero,literati,1,5
litigatio,litigatio,1,1
litigium,litigium,3,6
litigium,litigii,1,6
litigium,Litigium,1,6
litigium,litigia,1,6
litigo,litigantium,2,5
litigo,litigavit,1,5
litigo,litigatum,1,5
litigo,litigantes,1,5
litter,Litterȩ,2,4
litter,litterȩ,1,4
litter,litter,1,4
littera,litteras,55,152
littera,litteris,53,152
littera,litterarum,18,152
littera,litterae,9,152
littera,littera,4,152
littera,lictera,4,152
littera,Litteras,3,152
littera,Litteris,2,152
littera,litteram,2,152
littera,Litterae,1,152
littera,LITTERIS,1,152
litterarius,Litterarium,1,1
litteratus,litteratorum,2,7
litteratus,litterati,1,7
litteratus,litteratos,1,7
litteratus,Litterato,1,7
litteratus,litteratis,1,7
litteratus,Litteratorum,1,7
littere,littere,2,2
littus,littore,6,10
littus,littus,3,10
littus,littoris,1,10
liturgia,liturgiae,2,3
liturgia,liturgia,1,3
litus,littora,2,2
lius,lia,1,2
lius,Lius,1,2
llagus,Llagas,1,1
lo,lunt,1,1
lobellus,Lobelli,1,1
locabilis,locabiles,2,2
locaque,locaque,1,1
locatio,locatione,3,5
locatio,locationi,2,5
loco,locandis,4,6
loco,locare,1,6
loco,locaret,1,6
locorumque,locorumque,1,1
loculentissimo,loculentissimasque,1,1
locus,loco,68,220
locus,locum,59,220
locus,locis,33,220
locus,loca,18,220
locus,locus,18,220
locus,loci,12,220
locus,locorum,8,220
locus,Loco,3,220
locus,Locus,1,220
locusta,locustarum,1,1
locutio,locutio,1,1
locūus,locūum,1,1
Loiola,Loiola,1,1
lombardus,Lombardus,1,1
longe,longe,31,44
longe,longius,9,44
longe,longissime,3,44
longe,Longe,1,44
longè,longè,3,3
longeque,longeque,2,2
longevitas,longevitas,1,1
longinquus,longinqua,2,3
longinquus,longinquam,1,3
longitudo,longitudinem,2,3
longitudo,longitudo,1,3
longobardus,Longobardus,2,3
longobardus,Longobardo,1,3
longus,longum,8,26
longus,longo,4,26
longus,longa,3,26
longus,longis,2,26
longus,longissimo,2,26
longus,longissima,1,26
longus,longissimae,1,26
longus,longiorem,1,26
longus,longior,1,26
longus,longae,1,26
longus,longam,1,26
longus,longiore,1,26
lopes,Lopez,3,3
López,López,5,5
loquax,loquaces,1,1
loquor,locutus,5,20
loquor,loquuntur,3,20
loquor,loquar,2,20
loquor,loquor,2,20
loquor,loquebatur,2,20
loquor,loqui,2,20
loquor,loquitur,1,20
loquor,loquebantur,1,20
loquor,loquendo,1,20
loquor,loquerentur,1,20
loquuo,Loquutus,1,1
lorica,lorica,1,1
loricus,loricis,1,1
loth,Loth,1,1
lotura,loturam,1,1
louriçalis,Louriçali,1,1
lovangus,Lovangus,1,1
Lovangus,Lovangum,1,1
Loyola,Loyola,4,4
lu,Lu,7,7
lubellus,Lubelli,3,3
Lubellus,Lubellus,1,1
lubeo,lubenti,1,1
Luca,Luca,1,2
Luca,Lucam,1,2
lucalongus,Lucalongo,1,1
lucanius,Lucania,1,1
lucas,Lucas,3,3
Lucena,Lucena,1,1
lucensis,Lucensi,1,1
lucernenses,Lucernensis,1,1
lucesco,lucesceret,1,1
lucide,lucide,1,1
luciferus,Luciferi,1,1
lucitanus,Lucitanorum,2,3
lucitanus,Lucitaniȩ,1,3
lucius,Lucia,1,1
lucrifaceo,lucrifacerent,1,1
lucrifacio,lucrifaciamus,1,1
lucrificio,lucrifecerat,1,1
lucrum,lucro,4,13
lucrum,lucrum,4,13
lucrum,lucri,3,13
lucrum,lucra,2,13
luctator,luctatores,1,1
luctuosus,luctuosa,1,3
luctuosus,luctuosi,1,3
luctuosus,luctuosis,1,3
lucul,lucul,2,2
luculenter,luculenter,1,1
luculentus,luculenta,1,2
luculentus,luculentum,1,2
ludibrium,ludibrio,3,4
ludibrium,ludibrium,1,4
ludo,ludebat,2,2
Ludowicus,Ludovicus,12,13
Ludowicus,Ludovicum,1,13
Ludwicus,Ludovico,1,1
lugdunus,Lugduno,1,2
lugdunus,Lugdunum,1,2
luis,Luis,2,2
luís,Luís,1,1
lumen,lumen,3,8
lumen,lumine,2,8
lumen,lumina,1,8
lumen,luminum,1,8
lumen,luminibus,1,8
lumenque,lumenque,1,1
luna,Luna,2,2
lunarus,lunaribus,1,1
lunguus,Lunguus,1,1
lunguuus,Lunguuo,2,2
luo,luit,1,2
luo,luerent,1,2
lupus,luporum,2,4
lupus,lupum,1,4
lupus,lupis,1,4
lus,lae,1,2
lus,loc,1,2
lusitane,lusitane,1,1
Lusitani,Lusitanos,6,9
Lusitani,lusitanos,3,9
lusitania,Lusitaniae,5,5
Lusitania,Lusitania,11,14
Lusitania,Lusitaniam,3,14
lusitanicus,Lusitanica,1,1
lusitanię,Lusitanię,1,1
lusitaniȩnatio,Lusitaniȩnatione,1,1
lusitanus,Lusitanus,51,105
lusitanus,Lusitani,15,105
lusitanus,Lusitanis,14,105
lusitanus,Lusitanorum,9,105
lusitanus,lusitani,4,105
lusitanus,lusitanorum,3,105
lusitanus,lusitanis,2,105
lusitanus,Lusitano,2,105
lusitanus,lusitanas,1,105
lusitanus,Lusitanum,1,105
lusitanus,lusitanus,1,105
lusitanus,lusitanum,1,105
lusitanus,lusitano,1,105
lustralis,lustrali,2,4
lustralis,lustralis,1,4
lustralis,lustralibus,1,4
lustro,lustrandam,1,4
lustro,lustrarent,1,4
lustro,lustrati,1,4
lustro,lustratus,1,4
luteus,luteum,1,2
luteus,luteo,1,2
lutro,lutrari,1,1
lutum,luto,1,1
lux,luce,14,27
lux,lucem,9,27
lux,lucis,2,27
lux,lux,2,27
luxuria,luxuriae,1,1
luzon,Luzon,1,1
LXVIII,LXVIII,1,1
LXX,LXX,1,1
LXXIII,LXXIII,1,1
LXXX,LXXX,1,1
LXXXXI,LXXXXI,1,1
lycius,Lycia,1,2
lycius,Lyciam,1,2
lydda,Lydda,1,1
lyra,Lyra,1,1
m,m,15,23
m,M,8,23
M.CC.LXXV,M.CC.LXXV,1,1
M.CC.LXXVIII,M.CC.LXXVIII,1,1
M.CC.VI,M.CC.VI,1,1
M.CCC.LXVIII,M.CCC.LXVIII,1,1
m.cccc.vi,M.CCCC.VI,1,1
M.D.LXXIII,M.D.LXXIII,1,1
m.dc,M.DC,1,1
M.DC.LI,M.DC.LI,2,2
m.dc.xix,M.DC.XIX,1,1
M.DC.XLI,M.DC.XLI,1,1
M.DC.XLII,M.DC.XLII,1,1
M.DC.XLIV,M.DC.XLIV,2,2
M.DC.XLIX,M.DC.XLIX,2,2
M.DC.XLV,M.DC.XLV,2,2
M.DC.XLVI,M.DC.XLVI,1,1
M.DC.XVI,M.DC.XVI,1,1
m.dc.xviii,M.DC.XVIII,1,1
m.dc.xx,M.DC.XX,2,2
M.DC.XXVII,M.DC.XXVII,1,1
m.dc.xxvs,M.DC.XXV,1,1
m.dc.xxx,M.DC.XXX,1,1
M.DC.XXXVI,M.DC.XXXVI,1,1
ma,ma,1,1
macaanus,Macaani,1,2
macaanus,Macaano,1,2
Macaëns,Macaënsem,1,1
macaenses,Macaensem,3,3
macaënses,Macaënses,1,2
macaënses,Macaënsis,1,2
macaensis,Macaense,3,6
macaensis,Macaensis,2,6
macaensis,Macaenses,1,6
macaënsis,Macaënse,8,8
macäensis,Macäense,3,3
macaensus,Macaensi,8,9
macaensus,MACAENSI,1,9
macaënsus,Macaënsi,5,5
macasarìcus,Macasarìca,2,2
macassarius,Macassariae,1,1
macaus,Macao,18,30
macaus,Macai,9,30
macaus,Macaum,3,30
macazaricus,Macazarica,2,2
macedo,Macedo,1,1
macedonia,Macedoniam,2,3
macedonia,Macedoniae,1,3
macellum,macellum,1,1
machaensus,Machaensi,1,1
machao,Machao,3,3
machaoensis,Machaoensi,2,2
machina,machina,1,1
machinatio,machinationes,2,3
machinatio,machinationis,1,3
machino,machinatus,1,1
machinor,machinantes,1,1
machometus,Machometi,2,2
machynatio,machynatio,1,1
mactator,mactator,1,1
macto,mactarunt,2,6
macto,mactaverat,2,6
macto,mactari,1,6
macto,mactaret,1,6
macula,macula,2,4
macula,maculam,1,4
macula,maculae,1,4
madarinus,Madarinorum,1,1
Madritus,Madriti,4,4
madurensis,Madurensi,1,1
maestitia,maestitiae,1,1
maestus,maestissimi,1,1
magaglianis,Magaglianes,1,1
magalhaens,Magalhaens,1,1
magalhoes,Magalhoes,1,1
Magdalene,Magdalene,1,1
magellanis,Magellanes,1,1
magicus,Magicae,1,1
magis,magis,63,64
magis,Magis,1,64
magisque,magisque,3,3
magister,Magister,16,62
magister,magister,16,62
magister,Magistri,9,62
magister,magistro,6,62
magister,magistri,5,62
magister,Magistro,5,62
magister,magistrum,2,62
magister,Magistrum,2,62
magister,magistros,1,62
magistra,magistra,2,2
magistratus,magistratus,4,11
magistratus,Magistratibus,2,11
magistratus,magistratuum,1,11
magistratus,Magistratum,1,11
magistratus,Magistratus,1,11
magistratus,Magistratuum,1,11
magistratus,magistratu,1,11
magn,magn,1,1
magnaeus,magnaeq,1,1
magnaque,magnaque,4,4
magnas,magnatibus,2,2
magnates,Magnates,1,1
magnatus,Magnatum,2,5
magnatus,magnatorum,1,5
magnatus,magnatum,1,5
magnatus,Magnate,1,5
magne,maxime,44,51
magne,maximè,6,51
magne,Maximè,1,51
magnȩque,magnȩque,1,1
magnifacio,magnifacio,1,1
magnifice,magnifice,5,5
magnificenter,magnificentissime,1,1
magnificentia,magnificentia,1,2
magnificentia,magnificentiam,1,2
magnificentus,magnificentissima,1,1
magnifico,magnificare,1,1
magnificus,magnifica,2,5
magnificus,magnifico,1,5
magnificus,magnificum,1,5
magnificus,magnificus,1,5
magnitudo,magnitudine,7,15
magnitudo,magnitudinem,4,15
magnitudo,magnitudo,2,15
magnitudo,magnitudinis,1,15
magnitudo,magnitudini,1,15
magnopere,magnopere,9,9
magnus,magna,81,450
magnus,magno,43,450
magnus,maxima,34,450
magnus,magnam,28,450
magnus,magnum,28,450
magnus,magni,24,450
magnus,maiorem,23,450
magnus,maximam,17,450
magnus,maximum,16,450
magnus,maiori,14,450
magnus,magnis,13,450
magnus,magnus,13,450
magnus,maior,11,450
magnus,maioribus,11,450
magnus,maiores,11,450
magnus,maximas,9,450
magnus,maiora,9,450
magnus,maioris,7,450
magnus,maius,7,450
magnus,maximo,7,450
magnus,magnas,6,450
magnus,magnae,5,450
magnus,maximi,5,450
magnus,maximus,4,450
magnus,maiore,3,450
magnus,Maximus,2,450
magnus,magnos,2,450
magnus,Maiore,2,450
magnus,maximis,2,450
magnus,Magno,2,450
magnus,Maximo,2,450
magnus,maximos,1,450
magnus,MAIOREM,1,450
magnus,Magnis,1,450
magnus,Magni,1,450
magnus,Magnum,1,450
magnus,Maximum,1,450
magnus,Maiora,1,450
magnus,maximae,1,450
magnus,Magna,1,450
magnuus,magnuum,1,1
magus,magus,3,4
magus,magi,1,4
mahometanus,Mahometani,3,4
mahometanus,Mahometanis,1,4
mahometus,Mahomete,1,1
maiestas,maiestatem,5,17
maiestas,maiestati,4,17
maiestas,maiestatis,3,17
maiestas,maiestate,3,17
maiestas,Maiestate,1,17
maiestas,maiestas,1,17
maigrot,Maigrot,11,11
Maioricus,Maiorica,1,1
Maióricus,Maiórica,2,2
maius,maio,1,1
Maius,Maii,4,5
Maius,maii,1,5
majestas,majestatis,1,1
major,majores,6,18
major,major,3,18
major,majorem,3,18
major,majori,2,18
major,Majores,1,18
major,majoribus,1,18
major,Majori,1,18
major,majoris,1,18
majus,Maji,1,1
makan,Makan,1,1
makau,Makau,1,1
malabaricus,Malabarica,3,7
malabaricus,Malabaricae,1,7
malabaricus,Malabarico,1,7
malabaricus,Malabaricam,1,7
malabaricus,Malabarici,1,7
malaca,Malacam,4,4
malacensus,Malacensi,2,2
malacham,Malacham,1,1
malacus,Malacae,3,6
malacus,Malaca,3,6
malaque,Malaque,1,1
male,male,15,15
malè,malè,2,2
maledicentia,maledicentia,1,1
maledico,maledictus,1,2
maledico,maledicti,1,2
maleficus,maleficos,1,1
maleque,maleque,1,1
malevolentia,malevolentia,1,1
malevolus,malevolis,1,1
malitia,malitia,6,11
malitia,malitiam,4,11
malitia,malitiae,1,11
malo,maluit,6,15
malo,malle,2,15
malo,maluerunt,2,15
malo,malint,1,15
malo,malunt,1,15
malo,malentes,1,15
malo,mallent,1,15
malo,malit,1,15
malucus,Malucas,1,4
malucus,Maluci,1,4
malucus,Malucis,1,4
malucus,Maluco,1,4
malum,mala,13,36
malum,malo,9,36
malum,mali,8,36
malum,malum,4,36
malum,malorum,2,36
malus,malis,10,18
malus,malae,2,18
malus,malos,2,18
malus,malam,1,18
malus,pessimus,1,18
malus,peiora,1,18
malus,malarum,1,18
mam,mam,1,1
man,man,1,1
manadatum,manadata,1,1
mancipium,mancipia,4,6
mancipium,mancipiis,1,6
mancipium,mancipiorum,1,6
mancipo,mancipatam,1,1
mandacium,mandaciis,2,2
mandarina,Mandarinis,5,5
mandarinus,Mandarinos,2,6
mandarinus,Mandarini,2,6
mandarinus,Mandarino,1,6
mandarinus,Mandarinorum,1,6
mandatum,mandato,16,32
mandatum,mandatis,8,32
mandatum,mandata,7,32
mandatum,mandatorum,1,32
mando,mandatum,22,43
mando,mandavit,6,43
mando,mandat,3,43
mando,mandare,3,43
mando,mandans,2,43
mando,mandarat,2,43
mando,mandarunt,1,43
mando,mandaverit,1,43
mando,Mandatum,1,43
mando,Mandat,1,43
mando,mandasset,1,43
mands,mand,1,1
manduco,manducare,2,5
manduco,manducat,1,5
manduco,manducandum,1,5
manduco,manducamus,1,5
mane,mane,6,7
mane,Mane,1,7
maneo,mansit,6,45
maneo,maneret,4,45
maneo,manere,4,45
maneo,manebant,3,45
maneo,mansimus,3,45
maneo,manserunt,3,45
maneo,maneat,2,45
maneo,manerent,2,45
maneo,manet,2,45
maneo,manentibus,2,45
maneo,manent,2,45
maneo,manes,2,45
maneo,manendo,1,45
maneo,maneo,1,45
maneo,manete,1,45
maneo,Manet,1,45
maneo,manente,1,45
maneo,mansi,1,45
maneo,manebo,1,45
maneo,mansissem,1,45
maneo,mansisse,1,45
maneo,manemus,1,45
Manethon,Manethon,1,1
mangasacanus,Mangasacana,1,1
Mangin,Mangin,1,1
manib,manib,1,1
manicus,manicis,1,2
manicus,manicae,1,2
manifeste,manifeste,2,2
manifesto,manifestare,1,2
manifesto,manifestatis,1,2
manifestus,manifesto,4,9
manifestus,manifestos,2,9
manifestus,manifestum,1,9
manifestus,manifesta,1,9
manifestus,manifestae,1,9
manila,Manilae,11,11
Manila,Manila,4,7
Manila,Manilam,3,7
manilanus,Manilano,1,1
manilensis,Manilensi,3,8
manilensis,Manilensis,2,8
manilensis,Manilensem,2,8
manilensis,Manilenses,1,8
Manilȩs,Manilȩ,4,4
manilla,Manillae,2,2
manipulus,manipulos,1,1
mano,manans,1,1
Mansilla,Mansilla,4,4
mansio,mansionum,11,14
mansio,mansiones,1,14
mansio,mansione,1,14
mansio,mansionem,1,14
manso,manserant,1,1
mansuo,mansurus,1,1
mantius,Mantii,1,1
manubrius,manubrium,1,1
manuel,Manuele,4,4
Manuel,Manuel,1,1
Manuelius,Manueli,1,1
manus,manus,37,105
manus,manu,34,105
manus,manibus,25,105
manus,manum,5,105
manus,Manu,3,105
manus,manorum,1,105
manusque,manusque,1,1
manuteneo,manutenere,1,1
manuumque,manuumque,1,1
manzus,Manzu,2,2
manzuxus,Manzuxa,1,1
maovenlungus,Maovenlungus,6,10
maovenlungus,Maovenlungi,3,10
maovenlungus,Maovenlungum,1,10
mapheus,Mapheum,1,1
maracius,Maracium,1,1
marchio,Marchione,1,1
marchius,Marchius,2,2
Marchius,Marchio,2,2
marcus,Marcus,4,4
mare,mare,23,35
mare,mari,12,35
margarita,margaritae,1,1
margicus,Margico,1,1
marí,Marín,1,1
maria,Maria,23,29
maria,maria,6,29
Maria,Mariae,4,7
Maria,MARIAE,2,7
Maria,Marie,1,7
mariaasigno,Mariaasignando,1,1
Marialenus,Marialeni,1,1
mariȩ,Mariȩ,1,1
Marignollus,Marignolli,1,1
marina,Marinis,2,3
marina,marinam,1,3
Marindus,Marindoni,1,1
marinus,marinum,3,4
marinus,Marinum,1,4
Marinus,Marinus,5,6
Marinus,Marino,1,6
marisque,marisque,3,3
maritalis,maritalis,1,1
maritim,maritim,1,1
maritimus,maritimo,1,1
maritus,maritus,8,18
maritus,marito,6,18
maritus,maritis,2,18
maritus,maritum,1,18
maritus,Maritus,1,18
Marlinus,Marlino,1,1
Marques,Marques,1,1
márques,Márquez,2,2
màrques,Màrquez,3,3
mars,marte,4,5
mars,Marte,1,5
marsupius,marsupia,1,1
Martellus,Martelli,1,1
Martinez,Martinez,1,1
Martinius,Martinius,1,1
martins,Martins,1,1
martinus,Martinus,15,18
martinus,Martinum,3,18
Martinus,Martino,2,3
Martinus,Martini,1,3
Martiñus,Martiño,1,1
martirius,martirii,1,2
martirius,Martirij,1,2
martirizo,martirizati,1,1
martius,Martium,1,1
Martius,martii,11,19
Martius,Martii,7,19
Martius,Martio,1,19
Martus,Marti,2,2
martyr,martyrum,8,18
martyr,martyres,6,18
martyr,Martyrum,2,18
martyr,Martyribus,1,18
martyr,martyris,1,18
martyrius,martyrii,6,11
martyrius,martyrio,2,11
martyrius,martyrium,2,11
martyrius,Martyrio,1,11
martyrizatus,Martyrizatus,1,1
marultus,plurimarum,2,2
mas,maris,16,21
mas,mares,2,21
mas,Maris,2,21
mas,maribus,1,21
mascaregna,Mascaregnae,1,1
massenses,massensem,1,1
mastico,masticare,1,1
mata,Mata,2,2
matçuda,Matçuda,2,2
mater,matribus,4,21
mater,Matris,3,21
mater,mater,3,21
mater,matris,3,21
mater,matrem,2,21
mater,matre,2,21
mater,Mater,2,21
mater,Matrem,1,21
mater,matrum,1,21
materia,materia,7,9
materia,materiae,1,9
materia,materiam,1,9
materio,materiatum,1,1
maternus,Materna,1,1
mathematicus,Mathematicae,6,10
mathematicus,Mathematicis,1,10
mathematicus,Mathematicos,1,10
mathematicus,Mathematicam,1,10
mathematicus,Mathematica,1,10
matheus,Mathei,1,1
Mathia,Mathia,1,1
Mathias,Mathias,1,1
mato,matare,1,1
matrimonium,matrimonium,5,15
matrimonium,matrimonii,5,15
matrimonium,matrimonio,3,15
matrimonium,matrimonia,1,15
matrimonium,Matrimonii,1,15
matrona,matronas,1,1
matta,Matta,1,1
matthaeus,Matthaeo,2,2
Matthaeus,Matthaeus,2,2
mattheaeus,Mattheaeus,1,1
mattheus,Mattheus,5,5
Matthias,Matthias,3,3
mattus,Mattos,3,3
maturatio,maturationem,1,1
mature,mature,2,2
maturitas,maturitatem,2,3
maturitas,maturitate,1,3
maturo,maturavi,1,1
maturus,maturo,1,3
maturus,matura,1,3
maturus,maturiore,1,3
matzuda,Matzuda,2,2
Mauretania,Mauretaniam,2,2
mauris,mauris,3,3
maurus,Mauros,1,1
maus,mai,1,1
max,Max,1,1
maxentia,Maxentiae,1,2
maxentia,Maxentia,1,2
maxignus,maximarum,1,1
maximgnus,maximamque,1,1
maximoque,maximoque,1,1
maxirmus,maxirmam,1,1
maxis,maxim,1,1
Maya,Maya,1,1
mayoricus,Mayorica,3,4
mayoricus,MAYORICA,1,4
mazicus,Mazicum,1,1
MCCCXXXVIII,MCCCXXXVIII,1,1
mdl,MDL,1,1
mdxlix,MDXLIX,1,1
MDXLVIII,MDXLVIII,1,1
meacensis,Meacensem,1,3
meacensis,Meacensis,1,3
meacensis,Meacenses,1,3
meacensiums,Meacensiumq,1,1
meacensus,Meacensi,3,3
meacoensus,Meacoensi,3,4
meacoensus,Meacoensis,1,4
meacus,Meaco,17,38
meacus,Meacum,14,38
meacus,Meaci,7,38
meaus,Meac,2,2
medeor,mederi,1,1
medicamentum,medicamentorum,1,2
medicamentum,medicamento,1,2
medicina,medicinam,1,1
medicinus,medicinae,1,1
medicus,medici,2,7
medicus,medicus,2,7
medicus,medicos,1,7
medicus,Medici,1,7
medicus,Medico,1,7
medietas,medietate,7,7
mediisus,mediisq,1,1
medio,mediante,2,2
mediocris,mediocres,6,12
mediocris,mediocris,3,12
mediocris,mediocre,2,12
mediocris,mediocri,1,12
mediocriter,Mediocriter,7,10
mediocriter,mediocriter,3,10
mediolanensis,Mediolanensis,2,2
Mediolanum,Mediolanum,1,1
meditatio,meditatione,1,5
meditatio,meditationi,1,5
meditatio,Meditationes,1,5
meditatio,meditationibus,1,5
meditatio,meditatio,1,5
mediterraneus,mediterranea,4,5
mediterraneus,Mediterranea,1,5
medito,meditantium,1,1
meditor,meditor,1,5
meditor,meditandum,1,5
meditor,meditabatur,1,5
meditor,meditata,1,5
meditor,meditamur,1,5
meditullis,meditullium,1,1
medius,medio,21,53
medius,media,12,53
medius,medium,4,53
medius,mediam,4,53
medius,medios,4,53
medius,mediis,3,53
medius,mediorum,1,53
medius,Media,1,53
medius,mediae,1,53
medius,medius,1,53
medius,medias,1,53
medus,Medorum,5,5
mego,merso,1,1
meireo,meiritis,1,1
mel,melle,3,4
mel,mel,1,4
melchior,Melchior,13,13
melchis,Melchiori,2,2
melchus,Melchiorem,1,1
melior,melioribus,1,1
melium,melio,1,1
melius,optime,6,6
membrana,membrana,1,1
membrum,membra,2,5
membrum,membrorum,2,5
membrum,membris,1,5
memor,memor,4,5
memor,memores,1,5
memoria,memoria,5,12
memoria,memoriae,3,12
memoria,memoriam,3,12
memoria,memorie,1,12
memorialis,Memoriale,2,4
memorialis,memorialis,1,4
memorialis,Memorialibus,1,4
memoro,memoratus,4,14
memoro,memorata,3,14
memoro,memorati,1,14
memoro,memorare,1,14
memoro,memorato,1,14
memoro,memoratis,1,14
memoro,memoratas,1,14
memoro,memorant,1,14
memoro,Memorant,1,14
menander,Menander,1,1
mendaciter,mendaciter,1,1
mendacium,mendacium,4,8
mendacium,mendacia,2,8
mendacium,mendacii,1,8
mendacium,mendaciorum,1,8
mendax,mendaces,1,2
mendax,mendax,1,2
mendes,Mendes,1,1
méndez,Méndez,1,1
mendicatio,mendicatione,1,1
mendico,mendicare,1,2
mendico,mendicando,1,2
mendo,mendanda,1,1
meneses,Meneses,1,1
mens,mentem,12,45
mens,mens,11,45
mens,mentis,10,45
mens,mente,4,45
mens,mentibus,4,45
mens,mentes,3,45
mens,Mens,1,45
mensa,mensa,1,1
mensis,menses,45,117
mensis,mense,30,117
mensis,mensium,11,117
mensis,mensibus,10,117
mensis,mensis,8,117
mensis,mensem,8,117
mensis,Mense,4,117
mensis,MENSE,1,117
menstruus,Menstruos,1,1
mensura,mensura,1,2
mensura,mensuras,1,2
mentalis,mentali,1,1
mentio,mentionem,4,7
mentio,mentio,3,7
mentior,mentiri,1,1
Meoques,Meoquen,1,1
meotidus,meotidas,1,1
meque,meque,3,3
mercator,mercatores,5,14
mercator,mercatore,3,14
mercator,mercator,3,14
mercator,mercatorum,2,14
mercator,mercatorem,1,14
mercatura,mercaturam,1,1
merces,mercedis,1,2
merces,mercede,1,2
mercimonium,mercimonium,2,3
mercimonium,mercimonia,1,3
mercio,merciatorum,1,1
mercurius,Mercurium,1,1
mereo,meritum,3,11
mereo,meritus,2,11
mereo,meruerunt,1,11
mereo,meritae,1,11
mereo,merebant,1,11
mereo,meritas,1,11
mereo,merebantur,1,11
mereo,merendas,1,11
mereor,Merebatur,1,1
mergo,merguntur,1,2
mergo,mersi,1,2
meridianus,meridianis,1,2
meridianus,meridiana,1,2
meridies,meridiem,2,2
meridionalis,meridionalium,2,2
merito,merito,9,9
meritum,meritis,9,20
meritum,meritorum,8,20
meritum,meriti,2,20
meritum,merita,1,20
merus,meri,2,4
merus,mera,2,4
merx,merces,6,17
merx,mercibus,5,17
merx,mercium,5,17
merx,Merces,1,17
mes,mem,1,1
Mesopotamia,Mesopotamia,2,2
mesquita,mesquita,1,4
mesquita,mesquitam,1,4
mesquita,mesquitae,1,4
mesquita,Mesquita,1,4
messanensis,Messanensis,1,1
messer,messer,1,1
messia,Messiam,6,11
messia,Messiae,3,11
messia,Messia,2,11
Messias,Messias,1,1
messio,messio,1,1
messis,messem,3,5
messis,Messis,1,5
messis,messis,1,5
messor,messores,1,1
mester,mestre,1,1
met,met,1,1
metellus,Metellus,4,4
Metellus,Metello,1,1
methelopolitanus,Methelopolitano,1,1
Methelopolitanus,Methelopolitanus,1,1
meticulosus,meticulosi,1,2
meticulosus,meticulosus,1,2
metio,metienda,1,1
meto,metunt,1,2
meto,metendi,1,2
metropol,Metropolis,4,6
metropol,metropolis,2,6
metropolis,metropolim,11,19
metropolis,Metropolim,8,19
Metropolitana,Metropolitana,5,8
Metropolitana,metropolitana,3,8
metropolitanus,metropolitanam,1,2
metropolitanus,Metropolitanae,1,2
metropolus,metropoli,11,19
metropolus,Metropoli,8,19
metrum,metro,1,1
metumqus,metumque,1,1
metuo,metuentem,2,6
metuo,metuere,1,6
metuo,metuunt,1,6
metuo,metuentes,1,6
metuo,Metuebat,1,6
metuque,metuque,1,1
metus,metu,10,19
metus,metum,6,19
metus,metus,3,19
meus,mea,26,158
meus,mei,21,158
meus,meis,20,158
meus,meum,20,158
meus,meo,19,158
meus,meam,17,158
meus,meus,9,158
meus,mi,6,158
meus,mee,4,158
meus,meae,4,158
meus,meas,4,158
meus,meorum,3,158
meus,meos,2,158
meus,Mei,2,158
meus,Mi,1,158
miacensis,Miacensis,3,3
miacensum,Miacensi,1,1
miacus,Miaco,2,2
Micael,Micael,1,1
micaeles,Micaelem,1,1
Micchael,Michaeli,1,1
michael,Michaele,1,1
Michael,Michael,28,31
Michael,Michaelis,3,31
michaël,Michaël,3,3
michaeles,Michaelem,4,4
michiquus,michique,1,1
MICISKI,Miciski,1,1
micto,mictendi,1,1
mifer,miferae,1,1
migratio,migratione,1,1
migro,migraverunt,2,8
migro,migravit,2,8
migro,migravimus,1,8
migro,migrassemus,1,8
migro,migranti,1,8
migro,migrare,1,8
mil,mil,1,1
Milán,Milán,1,1
miles,milites,60,156
miles,militum,46,156
miles,militibus,35,156
miles,milite,5,156
miles,miles,4,156
miles,militem,2,156
miles,Milites,2,156
miles,Militibus,1,156
miles,militi,1,156
milessimus,milessimo,1,1
miliaris,miliaria,1,1
milio,milit,1,1
militaris,militaris,3,13
militaris,militaribus,2,13
militaris,militare,2,13
militaris,Militaris,2,13
militaris,militari,1,13
militaris,militares,1,13
militaris,Militaribus,1,13
militaris,militaria,1,13
militeque,militeque,1,1
militia,militia,5,8
militia,militiam,1,8
militia,Militiae,1,8
militia,militiae,1,8
milito,militabat,2,4
milito,Militantis,1,4
milito,militabant,1,4
mille,millia,122,236
mille,mille,61,236
mille,millibus,20,236
mille,millium,19,236
mille,milia,8,236
mille,milibus,2,236
mille,milium,2,236
mille,millies,2,236
millenus,millena,2,2
millesimus,millesimo,4,8
millesimus,millesimum,3,8
millesimus,millesimi,1,8
milliare,milliare,1,1
milliarius,milliarii,2,3
milliarius,milliaria,1,3
millio,millionem,1,1
mimarius,mimarios,1,1
mimazacus,Mimazaca,3,6
mimazacus,Mimazacae,2,6
mimazacus,Mimazacam,1,6
mina,mina,1,1
minae,minis,1,1
minanto,minantibusque,1,1
minentia,minentiis,1,1
minim,minim,1,1
minimus,minimas,1,1
mininime,mininime,1,1
minister,minister,20,90
minister,ministri,17,90
minister,ministris,11,90
minister,ministros,10,90
minister,ministrorum,9,90
minister,ministro,8,90
minister,ministrum,6,90
minister,Ministri,4,90
minister,Ministro,2,90
minister,Ministrae,1,90
minister,Minister,1,90
minister,Ministrorum,1,90
ministerium,ministerio,11,29
ministerium,ministeria,7,29
ministerium,ministerium,4,29
ministerium,Ministeria,3,29
ministerium,ministeriis,3,29
ministerium,ministeriorum,1,29
ministratio,ministrationem,1,1
ministrisqus,ministrisque,1,1
ministro,ministrare,8,12
ministro,ministranda,1,12
ministro,ministrando,1,12
ministro,ministravit,1,12
ministro,ministrante,1,12
minito,minitantia,1,3
minito,minitabatur,1,3
minito,minitantibus,1,3
minitor,minitatur,1,1
mino,minantia,1,2
mino,minantur,1,2
minoanus,Minoanum,4,6
minoanus,Minoano,2,6
minoi,Minoan,1,1
minor,minatur,1,2
minor,minatus,1,2
minoritus,Minorita,1,1
minum,Minorum,10,14
minum,minorum,2,14
minum,mini,1,14
minum,Mini,1,14
minuo,minuatur,1,5
minuo,minuitur,1,5
minuo,minuere,1,5
minuo,minui,1,5
minuo,minuerent,1,5
Minus,Mino,2,2
minusve,minusve,1,1
minutus,minutissimas,1,1
mira,Mira,3,4
mira,mira,1,4
mirabilis,mirabile,3,8
mirabilis,mirabilem,2,8
mirabilis,mirabilis,1,8
mirabilis,mirabilia,1,8
mirabilis,mirabili,1,8
mirabiliter,mirabiliter,7,7
miraculose,miraculose,1,1
miraculum,miraculis,2,7
miraculum,miraculum,1,7
miraculum,miraculi,1,7
miraculum,Miracula,1,7
miraculum,miraculorum,1,7
miraculum,miraculo,1,7
Miranda,Miranda,3,3
mire,mire,2,2
mirè,mirè,1,1
mirifice,mirifice,4,4
mirificè,mirificè,1,1
mirificus,mirifico,1,2
mirificus,mirifica,1,2
miron,Miron,1,1
miror,mirantur,3,10
miror,mirari,2,10
miror,miramur,1,10
miror,miraris,1,10
miror,miratus,1,10
miror,mirandum,1,10
miror,Mirabatur,1,10
mirus,mirum,14,22
mirus,miro,4,22
mirus,miris,2,22
mirus,mirus,1,22
mirus,Mirum,1,22
mis,mis,3,4
mis,mibus,1,4
misceo,miscere,2,5
misceo,mixta,1,5
misceo,misceretur,1,5
misceo,miscebantur,1,5
misêer,misêre,2,2
miser,miseri,5,14
miser,miseram,2,14
miser,miser,2,14
miser,miserum,1,14
miser,misero,1,14
miser,misera,1,14
miser,miserrima,1,14
miser,miserrime,1,14
miserabilis,miserabilis,1,3
miserabilis,miserabili,1,3
miserabilis,miserabilem,1,3
miserandus,miserandam,1,1
misere,misere,4,4
misereaturque,misereaturque,1,1
miseria,miseria,2,3
miseria,miseriis,1,3
misericordia,misericordiam,3,12
misericordia,misericordiarum,3,12
misericordia,misericordiae,2,12
misericordia,Misericordiae,2,12
misericordia,misericordia,2,12
miserimus,miserimis,1,1
miseror,miseratus,2,3
miseror,miserante,1,3
misertus,miserti,1,1
misetto,miseramus,1,1
missa,missarum,2,2
missalis,missale,1,1
missio,missionis,34,165
missio,Missione,23,165
missio,Missio,20,165
missio,Missionis,17,165
missio,missionem,13,165
missio,Missionibus,13,165
missio,missionibus,10,165
missio,Missiones,6,165
missio,Missioni,6,165
missio,missiones,5,165
missio,missione,5,165
missio,missioni,4,165
missio,missio,4,165
missio,Missionem,3,165
missio,missionum,2,165
missionaria,missionariis,10,11
missionaria,Missionariis,1,11
missionarius,missionarii,16,33
missionarius,missionarius,5,33
missionarius,missionarios,5,33
missionarius,Missionarii,2,33
missionarius,Missionariorum,2,33
missionarius,missionario,1,33
missionarius,missionariorum,1,33
missionarius,Missionarius,1,33
missionibnus,missionibnus,1,1
missique,missique,1,1
missus,missos,3,5
missus,misso,2,5
misterium,misteriorum,1,1
mistitis,Mistitii,1,1
mit,mit,1,1
mitesco,mitesceret,1,1
mitia,Mitiam,1,1
mitigo,mitigata,1,2
mitigo,mitigatus,1,2
mitius,mitius,2,2
mitta,Mittam,1,2
mitta,mittam,1,2
mitto,misit,31,218
mitto,missus,18,218
mitto,mittere,15,218
mitto,missi,11,218
mitto,mittit,10,218
mitto,mitto,8,218
mitto,missa,8,218
mitto,Missae,8,218
mitto,missis,7,218
mitto,miserunt,5,218
mitto,missurus,5,218
mitto,mitterent,4,218
mitto,mittuntur,4,218
mitto,mittendum,4,218
mitto,mittantur,4,218
mitto,misi,4,218
mitto,mitteret,4,218
mitto,Missa,4,218
mitto,mittatur,4,218
mitto,missum,4,218
mitto,mittunt,3,218
mitto,missae,3,218
mitto,mittendȩ,3,218
mitto,mitteretur,3,218
mitto,missam,3,218
mitto,mittitur,3,218
mitto,mittendo,2,218
mitto,missȩ,2,218
mitto,mittentes,2,218
mitto,miserit,2,218
mitto,mitterentur,2,218
mitto,misimus,2,218
mitto,mittemus,2,218
mitto,missas,2,218
mitto,mittens,1,218
mitto,missorum,1,218
mitto,mitti,1,218
mitto,Missis,1,218
mitto,mitte,1,218
mitto,mittas,1,218
mitto,mittendas,1,218
mitto,mittendus,1,218
mitto,mittendae,1,218
mitto,mittendos,1,218
mitto,mitteretis,1,218
mitto,Mittetis,1,218
mitto,mittetur,1,218
mitto,Mitto,1,218
mitto,mittimus,1,218
mitto,miserat,1,218
mitto,mittant,1,218
mitto,Mittitur,1,218
mitto,mittebantur,1,218
mitto,miserant,1,218
mitto,mittendi,1,218
mitto,misissem,1,218
mitus,mitiores,1,1
mius,miam,1,1
mixtim,mixtim,1,1
moan,Moan,1,1
mobilis,mobiles,1,1
moçambicus,Moçambicum,1,1
moderatio,moderationi,2,4
moderatio,moderatione,1,4
moderatio,moderatio,1,4
moderator,moderatores,1,3
moderator,moderatore,1,3
moderator,moderator,1,3
modernus,moderno,2,2
modero,moderatur,4,7
modero,moderata,1,7
modero,moderantur,1,7
modero,moderatum,1,7
moderor,moderantibus,1,2
moderor,moderari,1,2
modestia,modestia,2,2
modestus,modestus,1,1
modialis,modiale,1,1
modicus,modica,3,7
modicus,modicum,2,7
modicus,modico,1,7
modicus,modicos,1,7
modo,modari,1,1
modò,modò,4,4
modoque,modoque,1,1
modosq,modosq,1,1
modumque,modumque,1,1
modus,modo,116,176
modus,modum,42,176
modus,modis,7,176
modus,modus,5,176
modus,Modo,3,176
modus,modos,1,176
modus,modi,1,176
modus,mode,1,176
moenia,moenia,20,26
moenia,moenibus,6,26
moeo,movissent,1,1
moero,moerentes,1,1
moeror,moerorem,2,2
moesia,Moesiam,1,1
moestus,moestissimum,1,1
mogor,Mogore,2,3
mogor,Mogorem,1,3
mol,mole,1,1
moles,molem,2,3
moles,moles,1,3
moleste,moleste,2,2
molestia,molestia,6,18
molestia,molestias,4,18
molestia,molestiam,3,18
molestia,molestiis,3,18
molestia,molestiarum,1,18
molestia,molestiae,1,18
molestiisque,molestiisque,1,1
molestus,molesti,2,5
molestus,molestissima,1,5
molestus,molestum,1,5
molestus,molestus,1,5
molina,Molina,1,1
molio,moliantur,1,3
molio,moliebantur,1,3
molio,molituros,1,3
molior,molientur,1,3
molior,moliretur,1,3
molior,moliturus,1,3
molitio,molitiones,1,1
molitor,molitor,1,1
mollio,mollivi,1,1
molor,moliremur,2,2
moltitudo,moltitudine,1,1
moltus,molto,2,2
molucus,Molucum,1,1
mom,mom,1,1
momentaneus,momentaneae,1,1
momentum,momenti,9,18
momentum,momento,9,18
monarcha,Monarcha,1,4
monarcha,monarcha,1,4
monarcha,monarchae,1,4
monarcha,MONARCHAE,1,4
monarchia,monarchiam,2,2
monasterium,monasterium,1,1
moneo,monuit,3,20
moneo,monebo,2,20
moneo,monetae,2,20
moneo,moneant,1,20
moneo,monere,1,20
moneo,moneo,1,20
moneo,monendo,1,20
moneo,monent,1,20
moneo,monendum,1,20
moneo,monebat,1,20
moneo,monuerat,1,20
moneo,monitis,1,20
moneo,monebamur,1,20
moneo,moniti,1,20
moneo,monuerunt,1,20
moneo,monens,1,20
monitaque,monitaque,1,1
monitio,monitionem,1,1
monitus,Monita,1,1
mons,montes,12,38
mons,montibus,10,38
mons,montem,7,38
mons,montium,6,38
mons,monti,1,38
mons,montis,1,38
mons,mons,1,38
Mons,Monte,4,5
Mons,monte,1,5
monstro,monstrabat,1,3
monstro,monstratis,1,3
monstro,monstrantibus,1,3
monstrum,monstris,1,2
monstrum,monstrum,1,2
montanus,Montani,1,1
montefuscolus,Montefuscolus,3,4
montefuscolus,Montefuscoli,1,4
montefusculus,Montefusculus,1,1
Monteirus,Monteiro,2,2
monterius,Monterius,2,2
monterus,Monterus,1,1
monticulus,Monticulo,1,1
montuosus,montuosa,2,2
monumentum,monumentis,2,3
monumentum,monumenta,1,3
monuo,monuitq,1,1
mor,moturi,1,1
mora,mora,9,20
mora,moram,5,20
mora,moras,3,20
mora,Mora,2,20
mora,morae,1,20
moralesqs,Moralesq,1,1
moralis,morali,4,5
moralis,Moralibus,1,5
Moralis,Morales,6,8
Moralis,morales,2,8
moraliter,moraliter,1,1
moratus,moratus,1,1
moravus,Moravorum,1,1
morbus,morbi,2,7
morbus,morbo,2,7
morbus,morbis,1,7
morbus,morbum,1,7
morbus,morbus,1,7
morduanus,Morduanos,1,1
morejes,Morejón,5,5
Morellus,Morelli,1,1
Morera,Morera,1,1
moridonus,Moridonus,2,2
morindo,Morindoni,8,11
morindo,Morindonum,2,11
morindo,Morindonis,1,11
Morindon,Morindon,1,1
morindonus,Morindonus,7,9
morindonus,Morindono,2,9
morior,mortuus,12,63
morior,mortuorum,11,63
morior,mortui,6,63
morior,mori,6,63
morior,moriuntur,3,63
morior,mortuis,3,63
morior,mortuo,3,63
morior,moritur,3,63
morior,moriantur,2,63
morior,mortuos,2,63
morior,Mori,2,63
morior,moriendum,2,63
morior,Mortuo,1,63
morior,mortuum,1,63
morior,moriturum,1,63
morior,moriente,1,63
morior,moreretur,1,63
morior,moriens,1,63
morior,Moriens,1,63
morior,moriebantur,1,63
morol,Morol,6,6
moror,morantur,7,17
moror,morati,2,17
moror,morabantur,2,17
moror,moraretur,1,17
moror,morarentur,1,17
moror,morabamur,1,17
moror,morerer,1,17
moror,Morantur,1,17
moror,moramur,1,17
morosus,morosam,1,1
mors,mortem,66,153
mors,morte,39,153
mors,mortis,35,153
mors,morti,6,153
mors,mors,6,153
mors,Morte,1,153
morsus,morsum,1,2
morsus,morsu,1,2
mort,mort,2,2
mortalis,mortalibus,4,15
mortalis,mortalium,3,15
mortalis,mortales,3,15
mortalis,mortali,2,15
mortalis,mortalem,2,15
mortalis,mortale,1,15
mortemnis,mortemne,1,1
mortifer,mortifera,1,1
mortificatio,Mortificatione,1,2
mortificatio,mortificatione,1,2
mortifico,mortificamur,1,1
mortuosque,mortuosque,1,1
morus,Moro,1,1
mos,more,25,73
mos,mores,15,73
mos,morem,7,73
mos,mos,7,73
mos,moris,7,73
mos,moribus,6,73
mos,morum,5,73
mos,More,1,73
moscheta,moscheta,1,1
moscovia,Moscoviae,1,1
mosis,Mosis,1,1
motinus,Motina,1,1
motio,motio,1,2
motio,motione,1,2
motus,motus,14,20
motus,motu,3,20
motus,motibus,3,20
moueo,moveant,2,11
moueo,mouet,1,11
moueo,moveret,1,11
moueo,mouemor,1,11
moueo,moueri,1,11
moueo,mouere,1,11
moueo,moti,1,11
moueo,motum,1,11
moueo,moveretur,1,11
moueo,motam,1,11
moveo,movit,6,20
moveo,moveas,2,20
moveo,movere,2,20
moveo,moveat,1,20
moveo,moveantur,1,20
moveo,movisse,1,20
moveo,movent,1,20
moveo,moturum,1,20
moveo,moves,1,20
moveo,moverunt,1,20
moveo,moturos,1,20
moveo,movebat,1,20
moveo,moverent,1,20
mox,mox,29,32
mox,Mox,3,32
moxque,moxque,1,1
moyses,Moysen,1,2
moyses,Moyse,1,2
Moyses,Moyses,1,1
mozambichus,Mozambicho,1,1
mu,mu,1,1
mucro,mucronem,1,2
mucro,mucrone,1,2
mul,mul,1,1
mulcto,mulctatis,1,6
mulcto,mulctentur,1,6
mulcto,mulctare,1,6
mulcto,mulctat,1,6
mulcto,mulctari,1,6
mulcto,mulctarentur,1,6
mulier,mulieres,10,20
mulier,mulier,4,20
mulier,mulierum,3,20
mulier,mulieribus,2,20
mulier,mulieris,1,20
multaque,multaque,3,3
multas,multasque,1,1
multe,multe,1,1
multim,multim,1,1
multipliciter,multipliciter,2,2
multique,multique,1,1
multitudo,multitudinem,9,26
multitudo,multitudine,8,26
multitudo,multitudo,7,26
multitudo,multitudinis,1,26
multitudo,multitudini,1,26
multo,multo,37,40
multo,multari,1,40
multo,multatus,1,40
multo,multarentur,1,40
multò,multò,1,1
multoque,multoque,3,3
multorumque,multorumque,1,1
multosq,multosq,1,1
multosque,multosque,2,2
multoties,multoties,1,1
multum,multum,26,26
multùm,multùm,2,2
multus,multa,44,349
multus,multis,40,349
multus,plures,35,349
multus,plurimum,34,349
multus,multos,25,349
multus,multi,23,349
multus,plura,22,349
multus,pluribus,20,349
multus,multas,18,349
multus,plurimi,13,349
multus,multorum,12,349
multus,plurimas,6,349
multus,multae,6,349
multus,Multi,6,349
multus,plurimis,6,349
multus,plurium,5,349
multus,plurimos,5,349
multus,plurima,3,349
multus,plurimam,3,349
multus,Plurimi,3,349
multus,multarum,3,349
multus,pluris,3,349
multus,plurime,2,349
multus,multam,2,349
multus,Multa,2,349
multus,Multae,2,349
multus,Multis,2,349
multus,pluri,1,349
multus,Plurimum,1,349
multus,Plurimas,1,349
multus,multus,1,349
mùltus,plurimùm,1,1
mum,mum,2,2
mundanus,mundano,2,2
munditia,munditiam,1,2
munditia,munditia,1,2
mundities,munditiem,1,1
mundoque,mundoque,1,1
mundumqus,mundumque,1,1
mundus,mundo,27,67
mundus,mundi,24,67
mundus,mundum,8,67
mundus,Mundi,3,67
mundus,mundus,2,67
mundus,Mundo,1,67
mundus,mundissima,1,67
mundus,mundae,1,67
munero,munerari,1,2
munero,munerandis,1,2
mungeo,mungeo,1,1
munia,munia,3,3
munifice,munifice,1,1
munificentia,munificentia,1,1
munificus,Munificum,1,2
munificus,munifica,1,2
munimentum,munimentis,1,1
munio,munitam,2,10
munio,munitas,1,10
munio,muniendis,1,10
munio,munivit,1,10
munio,munierat,1,10
munio,munita,1,10
munio,muniuntur,1,10
munio,munientes,1,10
munio,muniisset,1,10
munitio,munitiones,1,1
munitus,munitiorem,1,3
munitus,munitissima,1,3
munitus,munitiora,1,3
munus,munus,19,56
munus,munera,9,56
munus,muneribus,8,56
munus,muneris,7,56
munus,munere,6,56
munus,munerum,3,56
munus,muneri,3,56
munus,Munera,1,56
munusculum,munusculis,2,3
munusculum,munuscula,1,3
murmur,murmure,1,1
murus,muros,11,21
murus,murum,7,21
murus,muro,2,21
murus,muris,1,21
mus,mus,1,3
mus,mo,1,3
mus,Mo,1,3
musa,Musae,1,1
musicus,musicis,2,3
musicus,Musicae,1,3
musium,Musium,3,3
mutabilis,mutabilia,1,2
mutabilis,mutabilis,1,2
mutatio,mutatione,4,16
mutatio,mutatio,3,16
mutatio,mutationem,3,16
mutatio,mutationes,3,16
mutatio,mutationibus,2,16
mutatio,mutationis,1,16
mutilo,mutilare,1,1
mutina,Mutina,1,1
mutius,Mutio,4,6
mutius,Mutii,1,6
mutius,Mutium,1,6
muto,mutavit,4,24
muto,mutata,4,24
muto,mutare,3,24
muto,mutanda,2,24
muto,mutato,2,24
muto,mutarentur,1,24
muto,mutando,1,24
muto,mutatis,1,24
muto,mutatam,1,24
muto,mutandae,1,24
muto,mutatae,1,24
muto,mutarunt,1,24
muto,mutandis,1,24
muto,mutarent,1,24
mutuo,mutuo,2,4
mutuo,mutuandi,1,4
mutuo,mututurus,1,4
mutus,muta,1,1
mutuus,mutuam,4,12
mutuus,mutuas,3,12
mutuus,mutuis,2,12
mutuus,mutuos,1,12
mutuus,mutuique,1,12
mutuus,mutuae,1,12
mysetria,mysetria,1,1
mystax,mystacibus,1,1
mysterium,mysteria,5,13
mysterium,mysteriis,2,13
mysterium,Mysteria,2,13
mysterium,mysterium,2,13
mysterium,Mysterijs,1,13
mysterium,mysterio,1,13
mystice,mystice,1,1
mysticus,mystica,1,1
n,n,68,92
n,N,24,92
na,Na,1,1
nabescimus,Nabescima,2,2
nacazucauus,Nacazucauam,1,1
naciscor,nacti,3,3
nae,Nae,1,1
nagansachanus,Nagansachanus,1,1
nagapatensis,Nagapatensis,1,1
nagasaquensis,Nagasaquense,3,4
nagasaquensis,Nagasaquensis,1,4
nagasaquensum,Nagasaquensi,1,1
Nagasaquius,Nagasaquio,1,1
nagasaquus,Nagasaqui,1,1
nagàtus,Nagàto,1,1
Naïssus,Naïssus,1,1
nam,nam,73,140
nam,Nam,61,140
nam,namque,5,140
nam,Namque,1,140
namque,nanque,1,1
nan,NAN,1,1
nanchan,Nanchan,1,1
Nanchang,Nanchang,2,2
nanciscor,nactus,1,1
nangaiocus,Nangaiocae,1,2
nangaiocus,Nangaioca,1,2
nangasa,Nangasa,1,1
nangasachana,Nangasachana,3,3
nangasachanes,Nangasachani,1,1
Nangasachenses,Nangasachensium,1,1
nangasachus,Nangasacho,6,6
Nangasachus,Nangasachum,23,24
Nangasachus,Nangasachi,1,24
nangasacio,Nangasaci,3,3
nangasaquensus,Nangasaquensi,2,2
nangasaquus,Nangasaqui,1,1
nangauoca,Nangauoca,1,1
nangazaqui,Nangazaqui,1,1
nanguaçaquensus,Nanguaçaquensi,2,2
nanguasaquensis,Nanguasaquensis,2,2
Nanhiung,Nanhiung,1,1
nankinensis,Nankinensi,2,2
nankinus,Nankino,3,3
Nankinus,Nanking,25,25
narratio,narratio,2,6
narratio,narrationem,1,6
narratio,narrationis,1,6
narratio,narrationum,1,6
narratio,narratione,1,6
narro,narrare,3,14
narro,narremus,1,14
narro,narrant,1,14
narro,narro,1,14
narro,narrat,1,14
narro,narrabat,1,14
narro,narratur,1,14
narro,narraturus,1,14
narro,Narrat,1,14
narro,narra,1,14
narro,narrati,1,14
narro,narrantem,1,14
nascor,natus,11,26
nascor,nati,4,26
nascor,nascentis,3,26
nascor,nato,3,26
nascor,natos,1,26
nascor,nata,1,26
nascor,natum,1,26
nascor,nascentium,1,26
nascor,natam,1,26
nasus,nasum,1,1
natalis,Natalis,2,2
natio,natione,10,16
natio,nationes,3,16
natio,nationum,1,16
natio,NATIONES,1,16
natio,nationis,1,16
natiuitas,nativitatis,2,2
nativus,nativam,1,2
nativus,nativus,1,2
natura,naturae,25,47
natura,natura,14,47
natura,naturam,4,47
natura,Natura,2,47
natura,naturas,1,47
natura,Naturae,1,47
naturalis,naturali,6,13
naturalis,naturalem,2,13
naturalis,naturale,2,13
naturalis,naturalibus,1,13
naturalis,naturales,1,13
naturalis,naturalis,1,13
naturalus,naturalae,1,1
naturę,naturę,2,2
natus,natu,3,4
natus,natorum,1,4
naufraga,naufraga,1,1
nauis,nauium,3,5
nauis,naues,1,5
nauis,nauem,1,5
nauta,nautis,1,2
nauta,nautas,1,2
Navai,Navais,1,1
navais,Navaes,1,1
navarer,Navarro,1,1
navegatio,navegationem,1,1
naveo,navent,1,1
navicula,navicula,2,4
navicula,naviculam,2,4
naviculus,naviculis,1,1
navigabilis,navigabilem,1,2
navigabilis,navigabiles,1,2
navigatio,navigationis,4,19
navigatio,navigatio,4,19
navigatio,navigationem,3,19
navigatio,navigatione,3,19
navigatio,navigationibus,2,19
navigatio,navigationes,1,19
navigatio,Navigatio,1,19
navigatio,Navigationi,1,19
navigium,navigio,3,5
navigium,navigium,1,5
navigium,navigiorum,1,5
navigo,navigavit,2,12
navigo,navigarunt,2,12
navigo,navigaturus,2,12
navigo,navigaturi,2,12
navigo,navigandum,1,12
navigo,navigaturum,1,12
navigo,navigarent,1,12
navigo,navigantes,1,12
navis,naves,19,52
navis,navi,9,52
navis,navis,8,52
navis,navim,6,52
navis,navium,5,52
navis,navibus,2,52
navis,navem,2,52
navis,Navibus,1,52
navo,navarunt,3,7
navo,navantem,1,7
navo,navabat,1,7
navo,navata,1,7
navo,navaturos,1,7
naymanus,Naymanorum,1,1
ne,ne,171,177
ne,Ne,6,177
neapol,Neapolis,2,2
Neapolis,Neapoli,3,3
Neapolitanus,Neapolitanus,3,7
Neapolitanus,Neapolitano,3,7
Neapolitanus,Neapolitana,1,7
nec,nec,174,205
nec,Nec,31,205
neccessarius,neccessarios,1,1
neccesse,neccesse,1,1
neccessitas,neccessitatis,1,2
neccessitas,neccessitas,1,2
nece,nece,1,1
necess,necess,1,1
necessariaquus,necessariaque,1,1
necessariȩ,necessariȩ,1,1
necessario,necessario,10,10
necessarius,necessaria,32,73
necessarius,necessarium,17,73
necessarius,necessarios,5,73
necessarius,necessariis,4,73
necessarius,necessarii,3,73
necessarius,necessarias,2,73
necessarius,necessariam,2,73
necessarius,necessariae,2,73
necessarius,necessariorum,1,73
necessarius,necessariissimum,1,73
necessarius,necessarijs,1,73
necessarius,Necessarium,1,73
necessarius,necessarius,1,73
necessarius,necessariarum,1,73
necesse,necesse,20,21
necesse,Necesse,1,21
necessitas,necessitas,14,45
necessitas,necessitate,13,45
necessitas,necessitatem,10,45
necessitas,necessitates,3,45
necessitas,necessitatibus,2,45
necessitas,necessitati,2,45
necessitas,necessitatis,1,45
necessitudo,necessitudo,1,1
necessus,necessa,1,2
necessus,necessum,1,2
necne,necne,2,2
necnon,necnon,13,14
necnon,Necnon,1,14
neco,necant,3,16
neco,necari,3,16
neco,necabat,2,16
neco,necare,1,16
neco,necantur,1,16
neco,necavit,1,16
neco,necati,1,16
neco,necatis,1,16
neco,necabantur,1,16
neco,necaturus,1,16
neco,necaretur,1,16
necto,nectit,1,1
nedus,nedum,2,2
nefandus,nefandissimam,1,2
nefandus,nefandam,1,2
nefarius,nefariis,1,6
nefarius,nefarie,1,6
nefarius,nefario,1,6
nefarius,nefarium,1,6
nefarius,nefariae,1,6
nefarius,nefarius,1,6
nefas,nefas,6,7
nefas,Nefas,1,7
negatio,negationis,1,1
negativus,negativum,1,1
neglego,neglexi,1,7
neglego,neglecta,1,7
neglego,negligentes,1,7
neglego,neglexerint,1,7
neglego,negligebat,1,7
neglego,negligit,1,7
neglego,neglexerunt,1,7
negligentia,negligentia,2,2
negligo,negligant,1,2
negligo,negligenda,1,2
nego,negare,7,20
nego,negari,3,20
nego,negat,2,20
nego,negantes,2,20
nego,negavi,1,20
nego,negavissem,1,20
nego,negando,1,20
nego,negavit,1,20
nego,neget,1,20
nego,negarunt,1,20
negociatio,negociationibus,1,1
negocium,negocio,3,8
negocium,negocia,2,8
negocium,negocii,2,8
negocium,negocium,1,8
negocius,negociis,1,1
negotiatio,negotiatione,3,4
negotiatio,negotiationum,1,4
negotiator,negotiatores,1,1
negotijs,negotijs,1,1
negotior,negotiatur,2,3
negotior,Negotiatur,1,3
negotium,negotio,16,66
negotium,negotium,15,66
negotium,negotia,15,66
negotium,negotiis,11,66
negotium,negotii,5,66
negotium,Negotia,1,66
negotium,negotij,1,66
negotium,negotiorum,1,66
negotium,negoti,1,66
nem,nem,2,2
nemo,nemo,28,41
nemo,nemini,6,41
nemo,neminem,4,41
nemo,nemine,3,41
nempe,nempe,33,33
nemus,nemore,1,1
neo,neo,1,1
neophitoru,neophitorumad,1,1
neophitus,neophitorum,3,9
neophitus,neophitis,2,9
neophitus,neophiti,2,9
neophitus,neophitos,1,9
neophitus,neophitus,1,9
neophys,neophytis,7,7
neophytus,neophyti,10,34
neophytus,neophytos,9,34
neophytus,neophytorum,6,34
neophytus,neophytus,5,34
neophytus,Neophyti,2,34
neophytus,neophyto,1,34
neophytus,Neophytos,1,34
Nepere,Nepere,1,1
nepos,nepos,5,13
nepos,nepotes,3,13
nepos,nepote,2,13
nepos,nepotis,2,13
nepos,Nepotem,1,13
neps,neptem,2,2
neptunus,Neptunum,1,1
neq,neq,7,13
neq,Neq,6,13
nequaquam,nequaquam,12,12
neque,neque,81,96
neque,Neque,15,96
nequedum,Necdum,1,2
nequedum,necdum,1,2
nequeo,nequeat,4,12
nequeo,nequeo,2,12
nequeo,nequeant,2,12
nequeo,nequeunt,2,12
nequeo,nequeam,1,12
nequeo,nequit,1,12
nequicquam,nequicquam,3,3
nequid,nequid,2,2
nequis,nequis,1,1
nequisco,nequiverit,1,1
nequitia,nequitia,1,2
nequitia,nequitiam,1,2
nequus,nequissimi,1,2
nequus,nequissimus,1,2
nero,nero,1,1
neruus,nerui,1,1
nervus,nervus,3,4
nervus,nervos,1,4
nes,Nebus,2,4
nes,nes,2,4
nescio,nescio,11,23
nescio,nescimus,2,23
nescio,nesciunt,2,23
nescio,nescit,2,23
nescio,Nescio,2,23
nescio,nesciebam,1,23
nescio,Nescivi,1,23
nescio,nesciens,1,23
nescio,nesciat,1,23
nescis,Nescis,1,1
nestorianus,nestorianorum,4,9
nestorianus,Nestoriani,1,9
nestorianus,nestorianam,1,9
nestorianus,nestoriani,1,9
nestorianus,nestorianis,1,9
nestorianus,nestorianos,1,9
nestorinus,nestorini,1,1
nestorius,Nestorii,1,1
neuter,neutri,2,2
neutiquus,neutiquam,1,1
neutralis,neutrales,1,1
neve,neve,1,1
nex,necem,4,5
nex,neci,1,5
nexus,nexu,1,1
ni,ni,5,5
nica,nicas,1,1
nicaeus,Nicaeam,1,1
niceus,Niceae,1,1
nicholaus,Nicholaus,2,2
nicola,Nicolae,1,2
nicola,Nicolai,1,2
nicolao,Nicolao,1,1
nicolaus,Nicolaus,16,17
nicolaus,Nicolaum,1,17
Nicomedia,Nicomediam,1,1
Nicomedius,Nicomedia,1,1
nicopolus,Nicopolis,1,1
niger,nigri,2,6
niger,nigris,1,6
niger,niger,1,6
niger,Nigrum,1,6
niger,nigrum,1,6
nihil,nihil,78,100
nihil,Nihil,7,100
nihil,nihilo,6,100
nihil,nil,3,100
nihil,nihilum,2,100
nihil,nichil,1,100
nihil,Nil,1,100
nihil,nihilò,1,100
nihil,nihili,1,100
nihilomin,nihilomin,2,2
nihilominus,nihilominus,12,18
nihilominus,Nihilominus,6,18
nii,nii,1,1
nilius,Nili,1,1
nilus,Nilus,2,2
nimir,nimir,1,1
nimirum,nimirum,28,28
nimis,nimis,3,3
nimium,nimium,1,1
nimius,nimia,4,8
nimius,nimiam,3,8
nimius,nimio,1,8
nimpus,Nimpo,1,1
ningyuen,Ningyuen,2,2
ningyuensis,Ningyuensium,1,1
nior,nioribus,1,1
nis,nis,2,3
nis,nibus,1,3
niscimangobioius,Niscimangobioio,1,1
nisi,nisi,111,112
nisi,Nisi,1,112
Nisibi,Nisibis,1,1
nitas,nitate,1,2
nitas,nitatem,1,2
nitide,nitidius,1,1
nitidus,nitidioris,1,1
nitor,nitebantur,1,6
nitor,nitorem,1,6
nitor,niteretur,1,6
nitor,nitendi,1,6
nitor,nitore,1,6
nitor,nitebatur,1,6
niucx,Niuche,8,8
niulhan,Niulhan,2,2
nixo,nixo,1,1
no,no,2,3
no,No,1,3
nobi,nobi,1,1
nobilis,nobiles,14,66
nobilis,nobilissima,10,66
nobilis,nobilis,9,66
nobilis,nobilissimam,6,66
nobilis,nobiliores,6,66
nobilis,nobilem,5,66
nobilis,nobilissimum,4,66
nobilis,nobilissimae,3,66
nobilis,nobilissimo,2,66
nobilis,nobili,1,66
nobilis,Nobilium,1,66
nobilis,nobiliorem,1,66
nobilis,nobiliora,1,66
nobilis,nobile,1,66
nobilis,nobilium,1,66
nobilis,nobilibus,1,66
nobilitas,nobilitate,3,4
nobilitas,nobilitatis,1,4
nobisque,nobisque,2,2
Nobrega,Nobrega,1,1
nóbrex,Nóbrega,1,1
nobunagus,Nobunagae,1,1
nobunangus,Nobunangae,1,1
nocivus,nocivum,4,6
nocivus,nocivas,1,6
nocivus,nociva,1,6
noctibusque,noctibusque,1,1
noctuque,noctuque,3,3
nocturnus,nocturnis,2,3
nocturnus,nocturnas,1,3
nocumentum,nocumentum,1,1
nodus,nodo,1,2
nodus,nodos,1,2
nofter,noftro,1,1
nogheirus,Nogheira,1,1
nogueirus,Nogueira,1,1
nolo,noluit,13,41
nolo,noluerunt,7,41
nolo,nolunt,3,41
nolo,nollent,3,41
nolo,nolumus,2,41
nolo,nolit,2,41
nolo,nolentes,1,41
nolo,noluerit,1,41
nolo,nolo,1,41
nolo,nolebamus,1,41
nolo,nolens,1,41
nolo,nolis,1,41
nolo,Nolebant,1,41
nolo,Nolo,1,41
nolo,Nolebat,1,41
nolo,nollem,1,41
nolo,nolui,1,41
nolus,Noli,1,1
nomen,nomine,79,163
nomen,nomen,52,163
nomen,nominis,12,163
nomen,nomina,6,163
nomen,nominibus,6,163
nomen,Nomen,3,163
nomen,Nomina,1,163
nomen,NOMINA,1,163
nomen,Nomine,1,163
nomen,nominum,1,163
nomen,nomini,1,163
nomenque,nomenque,1,1
nomino,nominatur,3,23
nomino,nominant,3,23
nomino,nominatos,3,23
nomino,nominantur,2,23
nomino,nominatam,2,23
nomino,nominare,2,23
nomino,nominatus,2,23
nomino,nominati,2,23
nomino,nominans,1,23
nomino,nominatum,1,23
nomino,nominata,1,23
nomino,nominamus,1,23
non,non,1016,1060
non,Non,44,1060
nonagessimus,nonagessimum,1,1
nonaginta,nonaginta,8,8
nondum,nondum,33,39
nondum,Nondum,5,39
nondum,NONDUM,1,39
nongenti,nongentos,2,3
nongenti,nongenta,1,3
nonne,Nonne,1,1
nonnihil,nonnihil,3,3
nonnullosquus,nonnullosque,1,1
nonnullus,nonnulli,8,21
nonnullus,nonnullos,6,21
nonnullus,nonnulla,3,21
nonnullus,nonnullis,2,21
nonnullus,nonnullum,1,21
nonnullus,nonnullas,1,21
nonnunquam,nonnunquam,2,3
nonnunquam,Nonnunquam,1,3
nonque,nonque,1,1
nonus,nona,5,10
nonus,nono,2,10
nonus,nonum,1,10
nonus,Nonum,1,10
nonus,NONUM,1,10
noo,noluissent,1,1
noricus,Noricum,1,2
noricus,norica,1,2
norma,normam,4,6
norma,norma,2,6
noro,norat,1,1
nôro,nôrant,1,1
norognus,Norogna,1,1
nors,norte,1,1
nos,nos,227,429
nos,nobis,170,429
nos,Nos,17,429
nos,nobiscum,13,429
nos,Nobis,2,429
nosco,noverat,5,28
nosco,nosse,3,28
nosco,nota,3,28
nosco,novit,2,28
nosco,notam,2,28
nosco,Noveritis,1,28
nosco,noto,1,28
nosco,novimus,1,28
nosco,nosses,1,28
nosco,novisset,1,28
nosco,noverit,1,28
nosco,norit,1,28
nosco,notis,1,28
nosco,Noverit,1,28
nosco,nouimus,1,28
nosco,nouerant,1,28
nosco,noverant,1,28
nosco,nosti,1,28
noser,nostramq,1,1
nosocomium,nosocomio,1,1
nosque,nosque,1,1
noster,nostris,104,711
noster,nostri,92,711
noster,nostra,80,711
noster,nostrae,80,711
noster,nostram,43,711
noster,Nostris,42,711
noster,nostro,41,711
noster,noster,38,711
noster,nostrum,36,711
noster,nostrorum,31,711
noster,nostros,28,711
noster,Nostrorum,25,711
noster,Nostri,18,711
noster,nostras,15,711
noster,nostrarum,9,711
noster,nostrȩ,7,711
noster,Nostros,6,711
noster,Nostro,4,711
noster,Nostrum,4,711
noster,Noster,2,711
noster,nostraq,2,711
noster,nostrâ,1,711
noster,nostrûm,1,711
noster,nostre,1,711
noster,nostriq,1,711
nostrates,nostrates,1,1
nostrer,nostrūum,1,1
nostrisque,nostrisque,1,1
nostróque,nostróque,1,1
nostror,nostror,2,2
nostrosque,nostrosque,3,3
not,not,1,1
notabilis,notabilem,1,1
notarius,notarius,7,9
notarius,notario,1,9
notarius,Notarius,1,9
Notaveramques,notaveramque,1,1
notificatimis,notificatimi,1,1
notificatio,notificationi,1,3
notificatio,notificationis,1,3
notificatio,notificationem,1,3
notifico,notifico,3,8
notifico,notificavi,2,8
notifico,notificasset,1,8
notifico,notificatam,1,8
notifico,notificat,1,8
notitia,notitiam,11,19
notitia,notitia,8,19
noto,notanda,2,11
noto,notatum,2,11
noto,notat,1,11
noto,notavi,1,11
noto,notata,1,11
noto,Notandum,1,11
noto,notandum,1,11
noto,notandis,1,11
noto,notarent,1,11
notor,notetur,1,1
notorius,notorium,1,1
notus,notum,10,23
notus,notas,3,23
notus,notos,2,23
notus,notus,2,23
notus,notior,1,23
notus,notioribus,1,23
notus,noti,1,23
notus,notae,1,23
notus,notissima,1,23
notus,notissimus,1,23
nouem,novem,19,19
nouember,novembris,4,7
nouember,Novembris,3,7
nouus,nouum,6,13
nouus,nouam,3,13
nouus,noui,2,13
nouus,nouae,1,13
nouus,nouo,1,13
nov,nov,1,1
novellaequus,novellaeque,1,1
novellus,novella,1,3
novellus,novellam,1,3
novellus,novelli,1,3
november,Novembri,3,3
novique,novique,1,1
novissime,novissime,1,1
novissimus,Novissimis,1,2
novissimus,novissimo,1,2
novitas,novitate,1,2
novitas,novitatibus,1,2
novitior,novitiatus,1,1
novitium,novitiorum,3,3
novitius,novitii,3,4
novitius,Novitii,1,4
novus,nova,27,117
novus,novo,17,117
novus,novam,14,117
novus,novum,14,117
novus,novis,9,117
novus,novi,8,117
novus,novos,7,117
novus,novus,5,117
novus,novae,4,117
novus,novas,4,117
novus,novorum,3,117
novus,novarum,2,117
novus,Novam,1,117
novus,Nova,1,117
novus,Novorum,1,117
nox,nocte,9,23
nox,noctu,5,23
nox,noctem,4,23
nox,noctes,2,23
nox,noctis,2,23
nox,noxa,1,23
noxa,noxam,3,3
noxius,noxios,2,3
noxius,noxii,1,3
ntia,ntia,1,1
nubes,nube,2,3
nubes,nubes,1,3
nubilis,nubilem,1,1
nudisque,nudisque,1,1
nudo,nudatum,1,2
nudo,nudata,1,2
nudus,nudi,1,3
nudus,nudo,1,3
nudus,Nudos,1,3
nugnez,Nugnez,2,2
nugueirus,Nugueira,1,1
null,null,1,1
nullatenus,nullatenus,7,7
nullibus,nullibi,3,3
nullitas,nullitate,1,1
nulloque,nulloque,1,1
nullosque,nullosque,1,1
nullus,nulla,54,207
nullus,nullum,32,207
nullus,nullo,30,207
nullus,nullus,25,207
nullus,nullam,17,207
nullus,nulli,14,207
nullus,nullis,13,207
nullus,nullos,8,207
nullus,nullas,3,207
nullus,Nulli,3,207
nullus,nullius,2,207
nullus,nullae,2,207
nullus,Nulla,2,207
nullus,Nullam,1,207
nullus,Nullus,1,207
nullusque,nullusque,1,1
num,num,14,14
nume,nume,1,1
numen,numen,2,6
numen,Numinis,1,6
numen,numinis,1,6
numen,numine,1,6
numen,numinibus,1,6
numero,numerantur,13,44
numero,numerabantur,5,44
numero,numerentur,3,44
numero,numerat,3,44
numero,numerarentur,3,44
numero,numeratae,2,44
numero,numerata,2,44
numero,numerato,1,44
numero,numerant,1,44
numero,numeres,1,44
numero,numerâsse,1,44
numero,numerati,1,44
numero,numerem,1,44
numero,numeran,1,44
numero,numeretur,1,44
numero,numeraverint,1,44
numero,numeremus,1,44
numero,numeratur,1,44
numero,numerabamus,1,44
numero,numeratus,1,44
numerositas,numerositate,1,1
numerosus,numeroso,1,2
numerosus,numerosae,1,2
numerus,numerus,36,114
numerus,numero,34,114
numerus,numerum,33,114
numerus,Numerus,6,114
numerus,numeris,3,114
numerus,NUMERO,1,114
numerus,numeros,1,114
Numidius,Numidia,1,1
numismatum,numismata,1,1
numma,nummis,1,1
nummo,nummatos,1,1
numquam,nunquam,40,69
numquam,numquam,27,69
numquam,Numquam,2,69
nunc,nunc,101,118
nunc,Nunc,17,118
nunce,nuncius,2,2
nuncio,nunciari,1,4
nuncio,nunciatum,1,4
nuncio,nunciaretur,1,4
nuncio,nunciaturum,1,4
nuncius,nunciis,5,13
nuncius,nuncios,3,13
nuncius,nuncium,2,13
nuncius,nuncii,2,13
nuncius,nunciorum,1,13
nuncuparunt,NUNCUPARUNT,1,1
nuncupo,nuncupant,1,5
nuncupo,nuncupantur,1,5
nuncupo,nuncupari,1,5
nuncupo,nuncupati,1,5
nuncupo,nuncupabo,1,5
nunes,Nunes,9,9
núnez,Núnez,2,2
nunqu,nunqu,1,1
nuntio,nuntiavit,2,4
nuntio,nuntio,1,4
nuntio,nuntiabant,1,4
nuntius,nuntius,3,9
nuntius,nuntios,2,9
nuntius,nuntium,2,9
nuntius,nuntiorum,1,9
nuntius,nuntii,1,9
nunus,Nunius,1,1
nuper,nuper,8,8
nuperrime,nuperrime,2,2
nuptiae,nuptias,3,3
nuptialis,nuptiali,1,1
nusquam,nusquam,7,7
nutrio,nutriendum,1,1
nutus,nutu,4,5
nutus,nutum,1,5
o,o,1,2
o,mebant,1,2
oango,obtigit,2,2
oannes,oannes,1,1
oaranus,Oaranum,1,1
oarensis,Oarense,1,1
oascor,oata,2,2
ob,ob,101,107
ob,Ob,6,107
obambulo,obambularet,1,1
obduco,obductus,1,3
obduco,obducitur,1,3
obduco,obduxerat,1,3
obedeo,obedierit,1,1
obedio,obedire,10,24
obedio,obedientissimus,2,24
obedio,obedierunt,2,24
obedio,obediunt,2,24
obedio,obediendum,2,24
obedio,obediturum,1,24
obedio,obediamus,1,24
obedio,obedient,1,24
obedio,obediant,1,24
obedio,obedientem,1,24
obedio,obedienti,1,24
obeo,obiit,5,15
obeo,obeundis,1,15
obeo,obeundam,1,15
obeo,obierit,1,15
obeo,obierunt,1,15
obeo,obeas,1,15
obeo,obeunda,1,15
obeo,obita,1,15
obeo,obeundo,1,15
obeo,obirent,1,15
obeo,obibant,1,15
obequito,obequitans,1,1
obex,obicem,2,2
obfero,oblatis,1,1
obfirmo,obfirmavit,1,1
obi,obimus,1,1
obiargator,obiargatorem,1,1
obicio,obiecit,1,2
obicio,obiicere,1,2
obicis,obices,1,1
obiectum,obiectum,4,5
obiectum,obiecta,1,5
obiicio,obiiceret,1,1
obijcio,obijcient,1,1
obiter,obiter,1,1
obitus,obitum,6,9
obitus,obitu,1,9
obitus,OBITUM,1,9
obitus,obitus,1,9
obiurgatio,obiurgatione,1,1
oblatàque,oblatàque,1,1
oblecatio,oblecationes,1,1
oblectamentum,oblectamentis,2,3
oblectamentum,oblectamenta,1,3
oblecto,oblectantur,1,1
obligatio,obligatione,6,11
obligatio,obligationem,2,11
obligatio,obligationes,1,11
obligatio,obligationis,1,11
obligatio,obligatio,1,11
obligo,obligare,2,11
obligo,obligantur,2,11
obligo,obligant,1,11
obligo,obligarent,1,11
obligo,obligavit,1,11
obligo,obligamusque,1,11
obligo,obligandi,1,11
obligo,obligarunt,1,11
obligo,obligatos,1,11
obliuiscor,oblitus,3,3
obliviscor,obliti,3,5
obliviscor,obliviscens,1,5
obliviscor,obliviscar,1,5
oblongus,oblonga,1,2
oblongus,oblongis,1,2
oblungo,oblungae,1,1
obmutesco,obmutuit,1,1
obnoxius,obnoxius,1,2
obnoxius,obnoxia,1,2
oboedientia,obedientiae,17,38
oboedientia,obedientiam,10,38
oboedientia,obedientia,10,38
oboedientia,obedientias,1,38
obris,obrem,1,1
obruo,obruerer,1,2
obruo,obrutae,1,2
obruor,obruor,1,1
obscure,obscure,1,1
obscuro,obscurare,2,3
obscuro,obscurabuntur,1,3
obscurus,obscura,4,6
obscurus,obscuris,1,6
obscurus,obscurum,1,6
obsecratio,obsecrationes,1,2
obsecratio,obsecrationibus,1,2
obsecro,obsecramus,1,2
obsecro,obsecrabant,1,2
obsecundo,obsecundat,1,4
obsecundo,obsecundare,1,4
obsecundo,obsecundant,1,4
obsecundo,obsecundaturos,1,4
obsequens,obsequentissimus,1,1
obsequium,obsequium,12,19
obsequium,obsequio,3,19
obsequium,obsequia,2,19
obsequium,obsequii,1,19
obsequium,obsequiis,1,19
obsequor,obsequantur,1,6
obsequor,obsequamur,1,6
obsequor,obsequentem,1,6
obsequor,obsequendum,1,6
obsequor,obsequerentur,1,6
obsequor,obsequendi,1,6
obser,obser,1,1
obsero,obseratum,1,1
obseruantia,obseruantia,1,2
obseruantia,obseruantiam,1,2
obseruantus,obseruantissimus,1,1
obseruatio,obseruationem,1,2
obseruatio,obseruatione,1,2
obseruo,obseruari,3,14
obseruo,obseruanda,2,14
obseruo,obseruaretur,1,14
obseruo,obseruantibus,1,14
obseruo,obseruentur,1,14
obseruo,obseruandam,1,14
obseruo,obseruatu,1,14
obseruo,obseruent,1,14
obseruo,obseruatis,1,14
obseruo,observandum,1,14
obseruo,Observandum,1,14
observantia,observantiam,4,9
observantia,observantia,2,9
observantia,Observantiae,1,9
observantia,Observantia,1,9
observantia,observantie,1,9
observatio,observatione,1,1
observeo,observent,1,1
observo,observari,3,22
observo,observo,2,22
observo,observare,2,22
observo,observant,2,22
observo,observatum,2,22
observo,observantes,2,22
observo,observarem,1,22
observo,observate,1,22
observo,observando,1,22
observo,observentur,1,22
observo,observandis,1,22
observo,observanda,1,22
observo,observatae,1,22
observo,observandas,1,22
observo,observaremus,1,22
obses,obside,1,2
obses,obsides,1,2
obsideo,obsident,3,11
obsideo,obsessis,3,11
obsideo,obsessos,2,11
obsideo,obsidebat,1,11
obsideo,obsidendam,1,11
obsideo,obsidet,1,11
obsidio,obsidione,11,19
obsidio,obsidionem,4,19
obsidio,obsidionis,4,19
obsidium,obsidio,3,3
obsido,obsedit,2,6
obsido,obsiderent,1,6
obsido,obsederant,1,6
obsido,obsidendum,1,6
obsido,obsideret,1,6
obsisto,obsisteret,1,2
obsisto,obsistente,1,2
obstaculum,obstacula,3,3
obstinatio,obstinatio,2,2
obsto,obstante,2,7
obsto,obstantibus,1,7
obsto,obstitisset,1,7
obsto,obstitissent,1,7
obsto,obstitisse,1,7
obsto,obstitit,1,7
obstrepo,obstrepit,1,1
obstringo,obstricti,2,3
obstringo,obstrinxerunt,1,3
obstupeo,obstupuit,1,1
obstupesco,obstupescerent,2,2
obsum,obesse,1,2
obsum,obfuit,1,2
obtempero,obtemperare,4,11
obtempero,obtemperavisse,1,11
obtempero,Obtempero,1,11
obtempero,obtemperans,1,11
obtempero,obtemperaturum,1,11
obtempero,obtemperandum,1,11
obtempero,obtemperandi,1,11
obtempero,obtemperet,1,11
obtendo,obtenta,4,5
obtendo,obtendente,1,5
obtenta,obtentarum,1,1
obtesto,obtestans,1,1
obtestor,obtestatus,1,2
obtestor,obtestarentur,1,2
obtin,obtin,1,1
obtineo,obtinuit,10,65
obtineo,obtinet,9,65
obtineo,obtinere,7,65
obtineo,obtinuerunt,7,65
obtineo,obtineant,3,65
obtineo,obtinebat,3,65
obtineo,obtinendam,2,65
obtineo,obtineri,2,65
obtineo,obtinendi,2,65
obtineo,obtinuisset,2,65
obtineo,obtentas,1,65
obtineo,obtinenda,1,65
obtineo,obtinuimus,1,65
obtineo,obtinuerit,1,65
obtineo,obtineatur,1,65
obtineo,obtinent,1,65
obtineo,obtinerent,1,65
obtineo,obtinente,1,65
obtineo,obtinentes,1,65
obtineo,obtinens,1,65
obtineo,obtinebit,1,65
obtineo,obtinendis,1,65
obtineo,obtinuerat,1,65
obtineo,obtinendo,1,65
obtineo,obtenturum,1,65
obtineo,Obtinuere,1,65
obtineo,obtineret,1,65
obtineo,Obtentis,1,65
obtineus,obtineam,1,1
obtinueo,Obtinuerant,1,1
obtinuêo,obtinuêre,1,1
obtrunco,obtruncati,1,3
obtrunco,obtruncat,1,3
obtrunco,obtruncant,1,3
obtulêer,obtulêre,1,1
obtundo,obtundere,1,1
obuiam,obuiam,1,1
obuio,obuiat,1,2
obuio,obuiantem,1,2
obuius,obvia,2,2
obventio,obventiones,1,1
obverto,obversa,1,1
obviam,obviam,4,4
Obvii,obvios,2,2
obvio,obviare,1,1
obvis,obvii,1,1
obvoluo,obvolutum,1,1
ocasio,ocasionem,1,2
ocasio,ocasiones,1,2
occalluo,occalluerint,1,1
occasio,occasione,20,40
occasio,occasionem,11,40
occasio,occasio,5,40
occasio,Occasione,1,40
occasio,occasiones,1,40
occasio,occasionibus,1,40
occasio,occasionum,1,40
occasus,Occasum,3,8
occasus,occasu,2,8
occasus,Occasu,2,8
occasus,occasum,1,8
occdo,occisuros,1,1
occeanus,Occeanum,1,1
occidens,occidentem,5,7
occidens,Occidente,2,7
occidentalis,occidentalem,5,20
occidentalis,Occidentalem,4,20
occidentalis,Occidentalis,3,20
occidentalis,Occidentales,3,20
occidentalis,occidentaliores,1,20
occidentalis,Occidentalioribus,1,20
occidentalis,Occidentali,1,20
occidentalis,Occidentalibus,1,20
occidentalis,Occidentalissima,1,20
occido,occiderunt,6,61
occido,occidentis,5,61
occido,occidere,5,61
occido,occisis,5,61
occido,occidit,4,61
occido,occisus,4,61
occido,occisi,4,61
occido,occiduntur,3,61
occido,occiderentur,2,61
occido,occide,2,61
occido,occidi,2,61
occido,occisos,2,61
occido,Occide,2,61
occido,Occidite,2,61
occido,occiderim,1,61
occido,occidendo,1,61
occido,occidentium,1,61
occido,occidentes,1,61
occido,occidunt,1,61
occido,occisurum,1,61
occido,occiderat,1,61
occido,occidan,1,61
occido,occidendum,1,61
occido,occidat,1,61
occido,occisa,1,61
occido,occideret,1,61
occido,occisorum,1,61
occio,occi,1,1
occipio,occipitis,1,2
occipio,occipite,1,2
occisio,occisione,2,3
occisio,occisionis,1,3
occludo,occlusum,1,1
occubo,occubituros,1,1
occubuo,occubuerit,1,1
occulo,occulta,2,6
occulo,occultis,1,6
occulo,occulati,1,6
occulo,occultarum,1,6
occulo,occultus,1,6
occulte,occulte,8,8
occulto,occultari,1,4
occulto,occultare,1,4
occulto,occultato,1,4
occulto,occultabitur,1,4
occultus,occulto,1,1
occumbo,occumbere,2,6
occumbo,occubuit,1,6
occumbo,occumbentis,1,6
occumbo,occumbit,1,6
occumbo,occumberet,1,6
occupatio,occupatione,2,5
occupatio,occupationes,2,5
occupatio,occupationibus,1,5
occupo,occupavit,9,97
occupo,occuparint,6,97
occupo,occupato,6,97
occupo,occuparent,5,97
occupo,occupata,5,97
occupo,occuparunt,5,97
occupo,occupasset,4,97
occupo,occupant,4,97
occupo,occupat,3,97
occupo,occupare,3,97
occupo,occupati,3,97
occupo,occupabant,3,97
occupo,occupaverat,3,97
occupo,occupassent,3,97
occupo,occupatur,2,97
occupo,occupatis,2,97
occupo,occupantur,2,97
occupo,occupatae,2,97
occupo,occupatus,2,97
occupo,occupatam,2,97
occupo,occupandum,2,97
occupo,occupatum,2,97
occupo,occupari,2,97
occupo,occupatas,2,97
occupo,occupanda,2,97
occupo,occupaverit,1,97
occupo,occupaturos,1,97
occupo,Occupata,1,97
occupo,occupet,1,97
occupo,occupans,1,97
occupo,occupaverint,1,97
occupo,occuparat,1,97
occupo,occupo,1,97
occupo,occupandam,1,97
occupo,occuparet,1,97
occupo,occupantes,1,97
occupo,occupavero,1,97
occupo,occupaturum,1,97
occuro,occurri,1,1
occurro,occurrit,4,14
occurro,occurrunt,4,14
occurro,occurrendum,2,14
occurro,occurrerint,1,14
occurro,occurrebat,1,14
occurro,occurrent,1,14
occurro,occurrerunt,1,14
oceanus,Oceanum,1,3
oceanus,oceani,1,3
oceanus,Oceani,1,3
ochoday,Ochoday,1,1
ocques,hocque,1,1
ocrea,ocreas,2,2
octauus,Octauum,2,4
octauus,octavam,1,4
octauus,octavo,1,4
octavis,octave,1,1
octavus,Octavus,1,1
octiduus,octiduo,1,1
octiginta,octigenta,1,1
octingenti,octingentos,1,2
octingenti,octingentis,1,2
octo,octo,42,45
octo,Octo,3,45
octobris,Octobris,5,9
octobris,octobris,2,9
octobris,Octobri,2,9
octogesimus,octogesimi,2,3
octogesimus,octogesimo,1,3
octoginta,octoginta,12,12
octos,octos,1,1
ocularis,oculare,1,1
oculatus,oculatissimi,1,2
oculatus,oculatus,1,2
oculus,oculis,16,36
oculus,oculos,14,36
oculus,oculorum,3,36
oculus,oculi,2,36
oculus,oculum,1,36
ocurro,ocurrunt,1,1
odeus,odeum,1,1
odio,odire,1,2
odio,odiunt,1,2
odium,odio,11,27
odium,odium,10,27
odium,odia,5,27
odium,odii,1,27
odo,odinem,1,1
odor,odorem,2,2
odoro,odorari,1,1
odus,odo,1,1
offendo,offensus,2,10
offendo,offendatur,1,10
offendo,offendissent,1,10
offendo,offenditur,1,10
offendo,offendat,1,10
offendo,offendere,1,10
offendo,offendentes,1,10
offendo,offenderet,1,10
offendo,offensum,1,10
offensa,offensae,1,2
offensa,offensam,1,2
offensio,offensionis,3,6
offensio,offensionem,2,6
offensio,offensio,1,6
offero,offerunt,6,43
offero,offert,4,43
offero,offerens,4,43
offero,oblata,3,43
offero,offerret,3,43
offero,offeratur,2,43
offero,oblatum,2,43
offero,offerre,2,43
offero,obtulit,2,43
offero,obtulerunt,2,43
offero,offerentes,2,43
offero,offerebant,2,43
offero,offero,1,43
offero,Oblatum,1,43
offero,obtuli,1,43
offero,offeramus,1,43
offero,offerendis,1,43
offero,offertur,1,43
offero,obtulisset,1,43
offero,obtulerant,1,43
offero,offerretur,1,43
officialis,officialibus,2,4
officialis,officiales,1,4
officialis,officialem,1,4
officina,officinis,3,8
officina,officina,2,8
officina,officinas,2,8
officina,officinae,1,8
officium,officio,27,66
officium,officium,18,66
officium,officii,11,66
officium,officiis,4,66
officium,officia,3,66
officium,officiorum,2,66
officium,officij,1,66
offundo,offusa,1,1
offusco,offuscatum,1,1
ofusco,ofuscatum,1,2
ofusco,ofuscata,1,2
oh,Oh,1,1
Oianum,Oiano,1,1
Olandenses,Olandensium,2,2
olandensus,Olandensibus,1,1
oleum,oleum,4,8
oleum,oleo,3,8
oleum,olei,1,8
olim,olim,28,28
oliveira,Oliveira,1,1
olives,Oliveyra,1,1
ollor,ollor,1,1
olympus,Olympum,1,1
Olysipponus,Olysippone,1,1
olyssipo,Olyssipone,1,1
om,om,6,6
omen,omen,1,1
omensis,Omensi,1,1
omi,Omi,1,1
omin,omin,1,1
ominor,ominabamur,1,1
ominus,omino,1,1
omitto,omittit,1,7
omitto,omittimus,1,7
omitto,omittam,1,7
omitto,omittendum,1,7
omitto,omissuros,1,7
omitto,omittere,1,7
omitto,omissur,1,7
omn,omn,1,1
omnemque,omnemque,1,1
omneque,omneque,1,1
omnesia,omnesiam,1,1
omnésque,omnésque,1,1
omniaque,omniaque,3,3
omnib,omnib,1,1
omnibusgo,omnibusque,3,3
omnimodo,omnimodo,1,1
omnimodus,omnimoda,1,2
omnimodus,omnimodam,1,2
omnino,omnino,73,74
omnino,Omnino,1,74
omninus,omninus,1,1
omnipotens,omnipotentis,3,5
omnipotens,Omnipotentis,1,5
omnipotens,omnipotenti,1,5
omnipotentia,omnipotentia,1,1
omnique,omnique,4,4
omnis,omnes,285,958
omnis,omnibus,241,958
omnis,omnia,148,958
omnis,omnium,88,958
omnis,omni,78,958
omnis,omnem,45,958
omnis,omnis,22,958
omnis,omne,20,958
omnis,Omnes,12,958
omnis,Omnium,7,958
omnis,Omnia,3,958
omnis,Omnis,1,958
omnis,Omne,1,958
omnis,OMNIBUS,1,958
omnis,OMNIA,1,958
omnis,omniun,1,958
omnis,Omnibus,1,958
omnis,omnen,1,958
omnis,omniumq,1,958
omnis,Omni,1,958
omnus,omnum,1,1
omo,ominum,3,6
omo,omini,3,6
omur,Omur,1,1
Omura,Omuram,4,4
omurando,Omurandonus,4,6
omurando,Omurandoni,1,6
omurando,Omurandonum,1,6
omurandonob,Omurandono,1,1
omuranus,Omurana,1,1
Omuranus,Omurano,2,2
omurensis,Omurensis,1,1
omurus,Omurae,4,5
omurus,Omura,1,5
omuus,omui,1,1
on,on,35,35
onero,oneraverunt,1,4
onero,onerata,1,4
onero,oneranda,1,4
onero,onerant,1,4
onerosus,Onerosa,4,6
onerosus,onerosissimum,1,6
onerosus,onerosum,1,6
onofrius,Onofrius,1,1
onor,onorem,1,1
onufrius,Onufrius,2,2
onuis,onuium,1,1
onus,onus,7,19
onus,onere,4,19
onus,oneris,3,19
onus,oneri,3,19
onus,oneribus,1,19
onus,onera,1,19
onustus,onusti,2,5
onustus,onustam,1,5
onustus,onustum,1,5
onustus,onustissimi,1,5
op,op,1,1
opella,opellam,1,1
opera,operam,23,29
opera,operae,4,29
opera,operas,2,29
operariosquus,operariosque,1,1
operarius,operarii,6,20
operarius,operarios,3,20
operarius,operariis,2,20
operarius,operariorum,2,20
operarius,operarius,2,20
operarius,Operariorum,2,20
operarius,Operarij,1,20
operarius,operarij,1,20
operarius,Operarius,1,20
operatio,operationis,1,1
operatus,operatios,1,1
operibusque,operibusque,1,1
operio,opertus,1,1
operor,operandum,2,9
operor,operata,2,9
operor,operaretur,1,9
operor,operante,1,9
operor,operari,1,9
operor,operatur,1,9
operor,operati,1,9
operose,operose,1,1
operosus,operosissima,1,1
opidus,opidos,1,2
opidus,opidis,1,2
opifex,opifex,1,1
opimamqus,opimamque,1,1
opimus,opima,2,2
opinio,opinio,5,18
opinio,opinione,5,18
opinio,opinionem,4,18
opinio,opinionum,1,18
opinio,opinionis,1,18
opinio,opinionibus,1,18
opinio,Opinionum,1,18
opinor,opinor,1,5
opinor,opinatur,1,5
opinor,opinantur,1,5
opinor,opinantibus,1,5
opinor,opinetur,1,5
opis,opida,1,1
opitulo,opitulante,1,1
opitulor,opitulari,1,1
opor,opor,1,1
oportet,oportet,6,18
oportet,oportebat,3,18
oportet,oporteat,2,18
oportet,oporteret,2,18
oportet,oportere,2,18
oportet,oportebit,2,18
oportet,Oportet,1,18
oportunitas,oportunitas,1,1
oportunus,oportunum,1,1
oppeto,oppetiit,1,4
oppeto,oppetierunt,1,4
oppeto,oppetere,1,4
oppeto,oppetendam,1,4
oppidanus,oppidani,1,2
oppidanus,oppidanos,1,2
oppidum,oppido,9,16
oppidum,oppida,3,16
oppidum,oppidi,2,16
oppidum,oppidum,1,16
oppidum,oppidis,1,16
oppinio,oppinionem,1,1
oppono,opponi,3,6
oppono,opposita,1,6
oppono,opposuerit,1,6
oppono,opponunt,1,6
opportune,opportune,3,3
opportunitas,opportunitatem,4,8
opportunitas,opportunitate,2,8
opportunitas,opportunitas,2,8
opportunus,opportunam,3,11
opportunus,opportunum,2,11
opportunus,opportuno,1,11
opportunus,opportunis,1,11
opportunus,opportuna,1,11
opportunus,opportuniùs,1,11
opportunus,opportunissimum,1,11
opportunus,opportunorum,1,11
opportus,opportu,1,1
oppositio,oppositionibus,1,1
opprimo,opprimere,2,8
opprimo,opprimeret,2,8
opprimo,oppressit,1,8
opprimo,opprimendam,1,8
opprimo,oppressos,1,8
opprimo,opprimemus,1,8
opprobrium,opprobrium,1,1
opprobrius,opprobria,1,1
oppugno,oppugnare,1,2
oppugno,oppugnandi,1,2
oprobrium,oprobrium,1,1
ops,opibus,16,35
ops,ope,9,35
ops,opem,7,35
ops,opes,3,35
opt,Opt,1,1
optabilis,optabili,1,1
optatus,optatissimus,1,2
optatus,optatissimam,1,2
opticus,optico,1,1
optimoque,optimoque,1,1
optineo,optinendi,1,3
optineo,optinuit,1,3
optineo,optinendam,1,3
opto,optabat,4,19
opto,optare,3,19
opto,optatae,2,19
opto,optabant,1,19
opto,optarent,1,19
opto,optaremus,1,19
opto,optans,1,19
opto,optatum,1,19
opto,optatam,1,19
opto,optareq,1,19
opto,optat,1,19
opto,optatis,1,19
opto,optassent,1,19
opulens,opulentissimae,2,2
opulentus,opulentissima,2,4
opulentus,opulenta,1,4
opulentus,opulentissimam,1,4
opus,opus,40,118
opus,opera,36,118
opus,opere,14,118
opus,operibus,9,118
opus,Opus,7,118
opus,operum,5,118
opus,operi,3,118
opus,operis,2,118
opus,operâ,1,118
opus,Operis,1,118
or,or,1,2
or,ores,1,2
ora,oras,3,3
oracul,oracul,1,1
oraculum,oraculo,4,6
oraculum,oraculis,2,6
oratio,oratione,9,32
oratio,orationibus,9,32
oratio,orationem,4,32
oratio,orationi,3,32
oratio,orationum,1,32
oratio,oratio,1,32
oratio,Orationi,1,32
oratio,Orationis,1,32
oratio,Orationes,1,32
oratio,orationis,1,32
oratio,orationes,1,32
orator,oratoribus,1,1
oratorius,oratorium,3,7
oratorius,oratorio,2,7
oratorius,Oratorio,1,7
oratorius,Oratoria,1,7
orbis,orbis,10,27
orbis,orbem,6,27
orbis,orbi,4,27
orbis,orbe,4,27
orbis,Orbis,3,27
orbita,orbita,1,1
orbo,orbatis,1,3
orbo,orbatae,1,3
orbo,orbati,1,3
orchestra,orchestra,1,1
orciq,Orciq,1,1
orcus,orcum,2,2
orda,orda,2,3
orda,ordam,1,3
ordinarius,ordinario,2,11
ordinarius,ordinariae,2,11
ordinarius,ordinariis,2,11
ordinarius,Ordinarii,1,11
ordinarius,Ordinario,1,11
ordinarius,ordinarium,1,11
ordinarius,ordinarias,1,11
ordinarius,ordinariam,1,11
ordinatio,ordinationibus,2,4
ordinatio,ordinationes,1,4
ordinatio,ordinatione,1,4
ordino,ordinandum,2,12
ordino,ordinaret,2,12
ordino,ordinatum,1,12
ordino,ordinantur,1,12
ordino,ordinata,1,12
ordino,ordinavit,1,12
ordino,ordinabat,1,12
ordino,ordinandorum,1,12
ordino,ordinate,1,12
ordino,ordinatis,1,12
ordio,ordiamur,1,1
ordo,ordinis,28,83
ordo,ordinem,11,83
ordo,ordine,10,83
ordo,Ordine,8,83
ordo,Ordinis,8,83
ordo,ordines,7,83
ordo,ordo,4,83
ordo,ordinum,2,83
ordo,Ordo,2,83
ordo,ordini,1,83
ordo,Ordines,1,83
ordo,Ordinum,1,83
oretenus,oretenus,1,1
org,Org,1,1
organtin,Organtin,1,1
organtinum,Organtino,1,1
organtinus,Organtinus,3,5
organtinus,Organtinum,2,5
organum,organis,1,1
oria,Oria,4,5
oria,oriae,1,5
oridia,oridiam,1,1
orido,oriturum,2,2
oriens,oriente,4,6
oriens,Oriente,2,6
orientalis,orientalem,6,28
orientalis,Orientalem,5,28
orientalis,Orientali,3,28
orientalis,Orientale,3,28
orientalis,orientali,2,28
orientalis,Orientales,2,28
orientalis,orientales,1,28
orientalis,Orientalibus,1,28
orientalis,orientalium,1,28
orientalis,orientalis,1,28
orientalis,Orientaliores,1,28
orientalis,Orientalium,1,28
orientalis,Orientaliora,1,28
original,original,1,1
originalis,originali,4,5
originalis,Originali,1,5
origo,origine,2,8
origo,origo,2,8
origo,originem,1,8
origo,Originis,1,8
origo,Originem,1,8
origo,Origo,1,8
orio,oriundi,2,2
orior,orientis,9,39
orior,oriri,7,39
orior,orta,6,39
orior,oriretur,3,39
orior,oriundus,3,39
orior,orirentur,2,39
orior,oritura,2,39
orior,Orientis,2,39
orior,oriantur,1,39
orior,orietur,1,39
orior,oriatur,1,39
orior,oriuntur,1,39
orior,oritur,1,39
oriza,oriza,3,5
oriza,Orizae,1,5
oriza,orizae,1,5
orizo,orizam,1,1
orlius,Orliam,1,1
ormus,Ormus,1,1
ormuz,Ormuz,1,1
orna,Ornam,1,1
ornamentum,ornamento,5,10
ornamentum,ornamentum,2,10
ornamentum,ornamentis,1,10
ornamentum,ornamenta,1,10
ornamentum,ornamenti,1,10
ornatoquus,ornatoque,1,1
ornatus,ornatu,4,4
orno,ornata,9,26
orno,ornati,5,26
orno,ornatos,2,26
orno,ornatus,2,26
orno,ornare,1,26
orno,ornans,1,26
orno,ornari,1,26
orno,ornato,1,26
orno,ornatae,1,26
orno,ornarentur,1,26
orno,ornauit,1,26
orno,ornantes,1,26
ornor,ornabantur,1,1
oro,oro,3,11
oro,oravit,1,11
oro,orent,1,11
oro,orare,1,11
oro,orans,1,11
oro,Orandum,1,11
oro,orate,1,11
oro,orandum,1,11
oro,orassent,1,11
orphanus,Orphanorum,2,2
orsis,orsi,1,1
ortor,ortatur,1,1
ortus,ortum,5,11
ortus,Ortum,5,11
ortus,Ortu,1,11
os,ore,9,16
os,ora,4,16
os,os,2,16
os,Ora,1,16
oscitanter,oscitanter,1,1
osculor,osculantes,1,1
osculum,oscula,1,1
osdroena,Osdroena,1,1
osdroenus,Osdroenae,1,1
oseruo,oseruanda,1,1
ossor,ossorum,1,1
ostendo,ostendit,12,47
ostendo,ostendere,5,47
ostendo,ostenderet,4,47
ostendo,ostenderunt,3,47
ostendo,ostendebat,3,47
ostendo,ostenderetur,2,47
ostendo,ostenditur,2,47
ostendo,ostendandam,1,47
ostendo,ostenderem,1,47
ostendo,ostendimus,1,47
ostendo,Ostende,1,47
ostendo,ostendant,1,47
ostendo,ostendentes,1,47
ostendo,ostendemus,1,47
ostendo,ostendens,1,47
ostendo,OSTENDVNTVR,1,47
ostendo,ostenturus,1,47
ostendo,ostendet,1,47
ostendo,ostendetur,1,47
ostendo,ostendatur,1,47
ostendo,ostenderit,1,47
ostendo,ostenderent,1,47
ostendo,ostendebant,1,47
ostentatio,ostentatione,2,2
ostento,ostentat,1,4
ostento,ostentabat,1,4
ostento,ostentaret,1,4
ostento,ostentare,1,4
oster,ostri,1,1
ostiarius,ostiarius,6,6
ostiatim,ostiatim,1,1
ostium,ostium,3,7
ostium,ostia,2,7
ostium,ostii,1,7
ostium,hostio,1,7
otiosus,otiosae,1,2
otiosus,otiosi,1,2
otium,otium,4,6
otium,otio,2,6
otobris,Otobris,1,1
ouidius,Ovidius,1,1
ovideo,Ovidii,1,1
ovile,ovile,2,2
ovis,oves,4,8
ovis,ovibus,2,8
ovis,ovi,1,8
ovis,ovium,1,8
oytis,Oytem,2,2
Ozaca,Ozaca,6,6
ozacana,Ozacana,2,2
ozacanus,Ozacanas,1,1
ozacas,Ozacam,7,7
ozaces,Ozacan,1,1
ozacus,Ozacae,1,1
ozax,Ozace,1,1
p,P,456,457
p,p,1,457
p’ang,P’ang,1,1
pa,Pa,1,1
pabulum,pabulo,1,1
pac,pac,1,1
pacecus,Paceco,5,11
pacecus,Pacecus,4,11
pacecus,Paceci,2,11
paceo,pacemque,1,1
pachecus,Pachecus,1,2
pachecus,Pacheco,1,2
pacido,pacisi,1,1
pacificator,Pacificatore,1,1
pacifice,pacifice,3,3
pacifico,pacificandis,1,2
pacifico,pacificata,1,2
pacificor,Pacificans,2,2
pacificus,pacifico,1,1
pacisco,paciscerentur,1,1
paciscor,paciscatur,1,3
paciscor,pacisci,1,3
paciscor,pacta,1,3
paco,pacatum,2,7
paco,pacate,1,7
paco,pacandam,1,7
paco,pacata,1,7
paco,pacatae,1,7
paco,pacatus,1,7
pactum,pacto,14,14
pader,Padre,3,4
pader,padre,1,4
paena,paenae,1,4
paena,paenis,1,4
paena,paenam,1,4
paena,paena,1,4
paene,paene,6,6
paenè,paenè,1,1
paenitentia,poenitentiae,7,8
paenitentia,Poenitentiae,1,8
paeniteo,paenitenda,1,1
paenitus,paenitus,2,2
pag,Pag,44,44
paganus,pagani,3,6
paganus,paganorum,2,6
paganus,Paganis,1,6
page,page,1,1
pagina,paginas,1,1
pagus,pago,7,21
pagus,pagos,5,21
pagus,pagis,4,21
pagus,pagum,4,21
pagus,pagi,1,21
Pakinus,Pakino,2,2
pakis,Pakim,1,1
pal,pal,1,1
palabundum,palabundum,1,1
palam,palam,7,7
palamque,palamque,1,1
palatia,palatia,2,2
palatina,Palatinarum,1,1
Palatinus,Palatinae,4,6
Palatinus,Palatinis,2,6
palatium,palatium,11,24
palatium,palatii,4,24
palatium,palatio,4,24
palatium,Palatio,2,24
palatium,Palatium,2,24
palatium,Palatii,1,24
palatum,Palati,1,2
palatum,palati,1,2
palestinus,Palestinae,2,3
palestinus,Palestinam,1,3
pallesco,pallescant,1,1
pallio,palliarunt,1,1
pallium,pallii,1,1
Pallus,Pallu,1,1
palmes,palmitibus,1,1
palmula,palmulam,2,2
palmus,palmos,4,4
palus,paludes,2,3
palus,Palude,1,3
pammacharius,pammacharios,1,1
Pamphylia,Pamphylia,1,1
pando,pandet,1,2
pando,pandat,1,2
panis,panem,6,9
panis,pane,2,9
panis,panis,1,9
pannonia,Pannoniam,1,1
pannonius,Pannonia,2,2
pannus,panno,3,4
pannus,pannorum,1,4
panormitanus,Panormitanus,1,1
pantoia,Pantoia,2,2
pantomimus,pantomimos,1,1
papa,Papa,8,14
papa,Papam,3,14
papa,Papae,1,14
papa,papa,1,14
papa,papae,1,14
pape,Pape,7,7
paphlago,Paphlagones,1,1
paphlagonia,Paphlagonia,2,2
papyrus,papyro,1,1
par,par,12,26
par,pari,5,26
par,pares,4,26
par,parem,4,26
par,parie,1,26
para,para,1,1
parabolȩ,parabolȩ,1,1
paradisus,paradisi,5,10
paradisus,paradisum,2,10
paradisus,paradisus,2,10
paradisus,paradiso,1,10
paradoxus,Paradoxa,1,1
paradysus,paradysum,1,1
paralyticus,paralyticum,1,1
paraphrasticus,paraphrastica,1,1
parasangus,parasangis,1,1
paratosus,paratosq,1,1
paratus,paratu,1,2
paratus,paratibus,1,2
parco,parcat,3,12
parco,Parcat,3,12
parco,pepercit,2,12
parco,parcant,1,12
parco,parcens,1,12
parco,parceret,1,12
parco,parcitum,1,12
parecipio,pareceptum,1,1
parens,parentibus,7,22
parens,parentes,6,22
parens,parentum,3,22
parens,parens,2,22
parens,parentis,2,22
parens,parentem,2,22
parentela,parentelae,1,1
parento,parentaret,1,1
pareo,pareant,2,13
pareo,parebat,2,13
pareo,parerent,1,13
pareo,parebant,1,13
pareo,parent,1,13
pareo,parendum,1,13
pareo,paret,1,13
pareo,parvit,1,13
pareo,parui,1,13
pareo,paruit,1,13
pareo,parituros,1,13
paries,parietibus,3,6
paries,parietes,2,6
paries,parietem,1,6
pario,parere,4,14
pario,pareret,2,14
pario,peperit,2,14
pario,partam,2,14
pario,pariunt,1,14
pario,parit,1,14
pario,partas,1,14
pario,pariet,1,14
parisiensis,Parisiensis,1,1
pariter,pariter,13,13
pariterque,pariterque,1,1
paro,paratus,5,38
paro,paratos,5,38
paro,paratum,4,38
paro,parati,3,38
paro,parata,2,38
paro,parantur,2,38
paro,paratam,2,38
paro,parari,2,38
paro,parato,2,38
paro,paratis,2,38
paro,parat,1,38
paro,paravimus,1,38
paro,paravit,1,38
paro,paratae,1,38
paro,parantes,1,38
paro,parabantur,1,38
paro,parabat,1,38
paro,Parati,1,38
paro,paratissimus,1,38
parochia,parochiae,1,1
parochus,parochi,2,4
parochus,parochum,1,4
parochus,parochus,1,4
parocitas,Parocitas,1,1
parrus,parrum,1,1
pars,parte,90,262
pars,partem,52,262
pars,partes,39,262
pars,partibus,34,262
pars,pars,31,262
pars,partis,7,262
pars,Pars,4,262
pars,partium,3,262
pars,parti,2,262
partiarius,partiarios,1,1
particeps,participes,2,5
particeps,particeps,2,5
particeps,participem,1,5
participatio,participationem,1,1
participio,participient,1,1
particularis,particularibus,2,6
particularis,particulares,1,6
particularis,particulari,1,6
particularis,particulare,1,6
particularis,particularia,1,6
particulariter,particulariter,1,1
particus,partici,1,1
partim,partim,54,54
partior,partiendi,2,4
partior,partitur,1,4
partior,partimur,1,4
partitio,partitione,1,1
partus,partu,3,4
partus,parto,1,4
parue,minus,30,49
parue,minime,19,49
paruè,minimè,5,5
parùe,minùs,2,2
parum,parum,35,37
parum,Parum,2,37
parùm,parùm,4,4
parumque,parumque,1,1
paruus,minimum,12,48
paruus,minima,8,48
paruus,minor,5,48
paruus,minoris,4,48
paruus,minori,4,48
paruus,minorem,3,48
paruus,minores,3,48
paruus,Minores,2,48
paruus,minimam,2,48
paruus,minore,2,48
paruus,minimae,1,48
paruus,Minori,1,48
paruus,minora,1,48
parvulus,parvulos,2,4
parvulus,parvulum,1,4
parvulus,parvulis,1,4
parvus,parva,12,39
parvus,parvum,5,39
parvus,parvi,4,39
parvus,parvam,3,39
parvus,minimo,3,39
parvus,parvo,3,39
parvus,parvis,3,39
parvus,minimi,2,39
parvus,parvos,2,39
parvus,parvus,1,39
parvus,parvae,1,39
pascha,pascha,3,3
paschalis,Paschalis,1,1
Paschalis,Pasquali,2,2
Paschalus,Paschali,8,8
paschatis,paschate,1,1
pasco,pascit,1,2
pasco,pascitur,1,2
pascual,Pascual,2,2
pascuum,pascua,3,3
pasius,Pasio,1,1
pasqual,Pasqual,2,2
pasqualis,Pasqualis,2,2
passe,Passius,1,1
passim,passim,16,16
passio,Passionis,4,5
passio,Passionem,1,5
passiuus,passivum,1,1
passus,passuum,2,4
passus,passibus,1,4
passus,passu,1,4
pastor,pastoribus,2,8
pastor,pastor,2,8
pastor,pastores,1,8
pastor,pastoris,1,8
pastor,pastorem,1,8
pastor,pastore,1,8
pastoralis,pastoralis,4,5
pastoralis,Pastoralis,1,5
pataca,Patacas,2,2
patefacio,patefacta,5,8
patefacio,patefactis,2,8
patefacio,patefacere,1,8
pateficio,patefecisset,1,1
patefio,patefiat,1,2
patefio,patefient,1,2
pateo,patet,8,26
pateo,patenti,2,26
pateo,patentes,2,26
pateo,paterent,2,26
pateo,patebat,2,26
pateo,pateret,2,26
pateo,patebit,1,26
pateo,Patente,1,26
pateo,pateat,1,26
pateo,patens,1,26
pateo,pateant,1,26
pateo,patere,1,26
pateo,patentibus,1,26
pateo,paterentur,1,26
pater,Pater,186,623
pater,Patres,105,623
pater,patres,67,623
pater,pater,48,623
pater,Patribus,45,623
pater,Patrem,22,623
pater,Patrum,20,623
pater,patri,17,623
pater,patribus,16,623
pater,Patris,15,623
pater,patris,15,623
pater,patrem,15,623
pater,Patri,13,623
pater,Patre,12,623
pater,patrum,11,623
pater,patre,8,623
pater,PATER,3,623
pater,patriȩ,1,623
pater,PATRIBUS,1,623
pater,PAtrum,1,623
pater,patrię,1,623
pater,PATRUM,1,623
paterfamilias,paterfamilias,1,1
paternitas,Paternitas,12,33
paternitas,Paternitati,8,33
paternitas,Paternitate,5,33
paternitas,Paternitatem,5,33
paternitas,Paternitatis,1,33
paternitas,paternitatem,1,33
paternitas,paternitati,1,33
paternus,paterna,4,6
paternus,paternis,1,6
paternus,paternae,1,6
patienter,patienter,3,3
patienterq,patienterq,1,1
patientia,patientiam,2,3
patientia,patientia,1,3
patior,passi,11,58
patior,passus,11,58
patior,pati,8,58
patior,pateretur,5,58
patior,patiuntur,3,58
patior,patiebatur,3,58
patior,patiantur,3,58
patior,patitur,2,58
patior,passa,2,58
patior,patiatur,2,58
patior,patiamur,1,58
patior,patimini,1,58
patior,passis,1,58
patior,patiemur,1,58
patior,Patiuntur,1,58
patior,Passi,1,58
patior,patienti,1,58
patior,patiar,1,58
patius,Patio,1,1
patrer,Patrumq,1,1
patria,patria,17,48
patria,patriae,13,48
patria,patriam,9,48
patria,patrie,4,48
patria,Patria,3,48
patria,Patriae,2,48
patriarcha,Patriarcham,1,1
patriarcus,Patriarca,1,1
patrisque,patrisque,2,2
patrius,patrio,3,5
patrius,patrium,2,5
patro,patrandam,1,3
patro,patrarentur,1,3
patro,patrasse,1,3
patrocinium,patrocinio,3,4
patrocinium,patrocinium,1,4
patrocino,patrocinari,2,3
patrocino,patrocinabatur,1,3
patronus,patronum,2,3
patronus,patroni,1,3
patrumquus,Patrumque,1,1
patruus,Patruum,3,6
patruus,Patrui,2,6
patruus,patruus,1,6
patulus,patula,1,1
Pauang,Pauang,3,3
paucitas,paucitate,1,1
pauculus,pauculos,1,3
pauculus,pauculis,1,3
pauculus,paucula,1,3
paucus,pauci,21,64
paucus,paucis,20,64
paucus,paucos,11,64
paucus,pauca,3,64
paucus,paucas,3,64
paucus,pauco,1,64
paucus,Pauci,1,64
paucus,pauciores,1,64
paucus,paucissimis,1,64
paucus,Paucis,1,64
paucus,paucorum,1,64
paueo,pauentes,1,2
paueo,pauebunt,1,2
paul(l)isper,paulisper,1,1
paulatim,paulatim,17,18
paulatim,Paulatim,1,18
paulatímq,paulatímque,1,1
paullus,paullo,1,1
paulo,paulo,22,34
paulo,Paulo,12,34
paulus,Paulus,23,23
Paulus,Paulum,7,12
Paulus,Pauli,5,12
pauper,pauperes,4,9
pauper,pauperibus,2,9
pauper,pauperis,1,9
pauper,pauperum,1,9
pauper,pauper,1,9
pauperculus,pauperculum,1,1
paupertas,paupertate,4,11
paupertas,paupertatis,3,11
paupertas,paupertatem,3,11
paupertas,paupertas,1,11
paveo,paventes,2,2
pavor,pavore,2,4
pavor,pavor,1,4
pavor,pavoris,1,4
pavoreque,pavoreque,1,1
pax,pace,19,61
pax,pacem,15,61
pax,pacis,12,61
pax,pax,11,61
pax,Pax,1,61
pax,Paci,1,61
pax,Pacis,1,61
pax,PAX,1,61
pe,Pe,31,32
pe,pe,1,32
peccator,peccatori,1,3
peccator,peccatoribus,1,3
peccator,peccator,1,3
peccatum,peccatis,15,53
peccatum,peccatorum,11,53
peccatum,peccatum,9,53
peccatum,peccati,6,53
peccatum,peccato,5,53
peccatum,peccata,5,53
peccatum,Peccatis,1,53
peccatum,Peccato,1,53
pecco,peccandi,5,8
pecco,peccantes,1,8
pecco,peccarem,1,8
pecco,peccandíque,1,8
peccunia,peccunia,1,1
pectus,pectus,3,7
pectus,pectore,2,7
pectus,pectori,1,7
pectus,pectoris,1,7
peculia,peculia,1,1
peculiaris,peculiarem,4,8
peculiaris,peculiaris,3,8
peculiaris,peculiari,1,8
peculiariter,peculiariter,2,2
pecunia,pecunia,22,42
pecunia,pecuniae,10,42
pecunia,pecunias,4,42
pecunia,pecuniis,3,42
pecunia,Pecuniam,2,42
pecunia,pecuniarum,1,42
pecus,pecora,2,2
pedes,peditum,1,1
pedesq,pedesq,1,1
pedester,pedester,1,1
pediculus,pediculus,1,1
pegu,Pegu,1,1
peior,peiorem,1,1
Pekinus,Peking,40,40
pekis,Pekim,1,1
pellego,pellectis,1,1
pelliceo,pelliceant,1,2
pelliceo,pelliceret,1,2
pellis,pellis,4,11
pellis,pelles,3,11
pellis,pellem,2,11
pellis,pellium,1,11
pellis,pellibus,1,11
pello,pulsum,2,5
pello,pulso,1,5
pello,pulsam,1,5
pello,pelleremur,1,5
pȩna,pȩnis,1,2
pȩna,pȩna,1,2
pendeo,pendet,4,10
pendeo,pendent,2,10
pendeo,pendeat,1,10
pendeo,pendens,1,10
pendeo,pendebat,1,10
pendeo,pendentis,1,10
pendo,pendit,1,1
pendulus,pendula,1,1
pene,pene,10,10
peneo,penetr,1,1
penes,penes,2,2
penetro,penetravit,3,8
penetro,penetrant,2,8
penetro,penetrasset,1,8
penetro,penetraret,1,8
penetro,penetrat,1,8
peninsula,peninsulae,1,2
peninsula,peninsula,1,2
penitentia,penitentiam,2,2
peniteo,penitere,1,1
pȩniteor,pȩnitentes,1,1
pȩnituo,pȩnituit,1,1
penitus,penitus,6,6
penitùs,penitùs,1,1
pensio,pensionem,4,9
pensio,pensione,2,9
pensio,pensionis,1,9
pensio,pensio,1,9
pensio,pensiones,1,9
Pentapolitanus,Pentapolitana,1,1
penthesileus,Penthesileam,1,1
penuria,penuriam,2,4
penuria,penuriae,1,4
penuria,penuria,1,4
pependo,pependit,1,1
pepereo,pepercerunt,1,1
pequinianus,Pequiniano,1,1
Pequinianus,Pequinianam,1,1
pequinus,Pequini,4,4
per,per,414,424
per,Per,10,424
peracerbo,peracerbo,1,1
peracerbus,peracerbum,1,1
perago,peractis,5,18
perago,peracta,4,18
perago,peragitur,2,18
perago,peragendo,2,18
perago,peragendam,1,18
perago,peragere,1,18
perago,peragit,1,18
perago,peraguntur,1,18
perago,Peracta,1,18
peragro,peragravi,1,2
peragro,peragrent,1,2
perambulo,perambulatis,1,3
perambulo,perambulandam,1,3
perambulo,perambulare,1,3
peramplum,peramplis,1,1
perangustus,perangustum,1,1
perbelle,perbelle,3,3
percenseo,percensebo,1,1
perceo,perciti,1,1
percido,percidi,1,1
percipio,percipere,3,12
percipio,percepi,1,12
percipio,perceptos,1,12
percipio,perceperit,1,12
percipio,percipiebant,1,12
percipio,percepissent,1,12
percipio,percipiunt,1,12
percipio,percipient,1,12
percipio,percipi,1,12
percipio,percipiatur,1,12
percommode,percommode,1,1
percommodus,percommoda,1,2
percommodus,percommodum,1,2
percrebeo,percrebuit,1,1
perculo,perculit,1,1
percurro,percurrens,2,4
percurro,percurrit,1,4
percurro,percurrimus,1,4
percussio,percussiones,1,1
perdido,perdidicit,1,1
perdifficilis,perdifficile,1,1
perdisco,perdiscenda,1,1
perditio,perditioni,1,1
perditus,perditissimos,1,1
perdo,perdidit,4,20
perdo,perderet,2,20
perdo,perditos,2,20
perdo,perdituri,2,20
perdo,perdendi,2,20
perdo,peritura,1,20
perdo,perdendae,1,20
perdo,perdere,1,20
perdo,perdat,1,20
perdo,perditi,1,20
perdo,perditorum,1,20
perdo,perditis,1,20
perdo,perditam,1,20
perduco,perducti,1,7
perduco,perduxerunt,1,7
perduco,perducerentur,1,7
perduco,perducturam,1,7
perduco,perductutum,1,7
perduco,perducere,1,7
perduco,perduceret,1,7
perduellio,perduellionis,2,4
perduellio,perduellione,1,4
perduellio,perduellionem,1,4
perduellis,perduelles,4,10
perduellis,perduellis,3,10
perduellis,perduellibus,2,10
perduellis,Perduelles,1,10
perduello,perduelli,1,1
perduro,perduravit,1,2
perduro,perdurarunt,1,2
peregre,peregre,1,1
peregrina,peregrinae,1,1
peregrinatio,peregrinationem,3,7
peregrinatio,peregrinationis,2,7
peregrinatio,peregrinatione,1,7
peregrinatio,peregrinatio,1,7
peregrinor,peregrinantur,1,2
peregrinor,peregrinari,1,2
peregrinus,Peregrino,3,7
peregrinus,Peregrini,1,7
peregrinus,Peregrinus,1,7
peregrinus,peregrini,1,7
peregrinus,peregrinis,1,7
pereira,Pereira,4,4
perennitas,perennitate,1,1
perenno,perennes,1,1
pereo,periere,3,14
pereo,pereant,2,14
pereo,perierunt,2,14
pereo,periit,2,14
pereo,periret,1,14
pereo,pereuntibus,1,14
pereo,pereundum,1,14
pereo,Perierunt,1,14
pereo,pereat,1,14
Perera,Perera,1,1
pererro,pererrant,1,1
perexiguus,perexiguum,1,1
Pereyra,Pereyra,1,1
perez,Perez,4,4
pérez,Pérez,1,1
perfacilis,perfacile,1,1
perfecte,perfecte,4,4
perfectio,perfectionem,2,4
perfectio,perfectionis,2,4
perfectus,perfecta,5,18
perfectus,perfecto,3,18
perfectus,perfectum,3,18
perfectus,perfectam,3,18
perfectus,perfectos,1,18
perfectus,perfectissima,1,18
perfectus,perfectissimi,1,18
perfectus,perfectissimus,1,18
perfero,perferre,3,14
perfero,pertulit,2,14
perfero,perlatum,2,14
perfero,perferendum,1,14
perfero,pertulerunt,1,14
perfero,perferebat,1,14
perfero,perferunt,1,14
perfero,perlata,1,14
perfero,perferat,1,14
perfero,perculerit,1,14
perfes,perfidis,1,1
perficio,perficere,3,14
perficio,perficitur,1,14
perficio,perfectiores,1,14
perficio,perficit,1,14
perficio,perficiunt,1,14
perficio,perficiat,1,14
perficio,perficerent,1,14
perficio,perficiam,1,14
perficio,perficiendum,1,14
perficio,Perficiat,1,14
perficio,perficerem,1,14
perficio,perfici,1,14
perfide,perfide,1,1
perfidia,perfidia,5,10
perfidia,perfidiam,5,10
perfidus,perfidi,2,4
perfidus,perfidorum,2,4
perfodio,perfosso,1,1
perfruituo,perfruituram,1,1
perfruor,perfruendi,2,8
perfruor,perfruantur,1,8
perfruor,perfruitur,1,8
perfruor,perfruamur,1,8
perfruor,perfruatur,1,8
perfruor,perfruentur,1,8
perfruor,perfrui,1,8
perfudio,perfuderint,1,1
perfugium,perfugium,2,2
perfuncio,perfunctos,1,1
perfundo,perfusi,4,9
perfundo,perfuderunt,1,9
perfundo,perfunditur,1,9
perfundo,perfundentur,1,9
perfundo,perfundantur,1,9
perfundo,perfusa,1,9
perfusio,perfusionem,1,1
pergamena,pergamena,1,1
Perge,Pergen,1,1
pergo,pergens,2,10
pergo,pergeret,2,10
pergo,pergit,2,10
pergo,perrexi,1,10
pergo,pergendum,1,10
pergo,pergeretur,1,10
pergo,pergas,1,10
pergratus,pergratum,1,1
perhibeo,perhibetur,1,1
perhumaniter,perhumaniter,1,1
perhumanus,perhumanum,1,1
periclitor,periclitabatur,1,2
periclitor,periclitari,1,2
pericolorumquus,pericolorumque,1,1
pericul,pericul,2,2
periculose,periculose,2,2
periculosus,periculosissima,2,2
periculum,periculo,20,66
periculum,periculum,15,66
periculum,periculis,13,66
periculum,pericula,10,66
periculum,periculi,5,66
periculum,periculorum,2,66
periculum,Periculum,1,66
perieo,periisse,2,2
perimo,perimerent,1,2
perimo,perimere,1,2
perinde,perinde,13,13
periodus,periodus,1,1
perique,perique,1,1
peritia,peritiam,1,1
peritium,peritia,2,2
peritosque,peritosque,1,1
peritus,peritus,6,13
peritus,periti,5,13
peritus,peritissimus,1,13
peritus,peritis,1,13
periucundus,periucundum,1,1
perium,perium,1,1
periurus,periuri,1,1
perlego,perlectis,1,2
perlego,perlegendi,1,2
perligo,perlegimus,1,1
permagnus,permaximo,1,2
permagnus,permagnȩ,1,2
permaneo,permanet,3,7
permaneo,permanere,1,7
permaneo,permaneant,1,7
permaneo,permansi,1,7
permaneo,permansisset,1,7
permisceo,permixto,1,1
permissio,permissione,1,2
permissio,permissiones,1,2
permissus,permissu,3,3
permistto,permisserit,1,1
permitto,permittit,4,40
permitto,permittere,4,40
permitto,permissa,4,40
permitto,permisit,4,40
permitto,permitteret,2,40
permitto,permitti,2,40
permitto,permittuntur,2,40
permitto,permiserunt,2,40
permitto,permissum,2,40
permitto,permissuros,1,40
permitto,permittente,1,40
permitto,permittat,1,40
permitto,permittendum,1,40
permitto,permittunt,1,40
permitto,permittebant,1,40
permitto,permittitur,1,40
permitto,permissi,1,40
permitto,permitterentur,1,40
permitto,permittendis,1,40
permitto,permittatur,1,40
permitto,permittant,1,40
permitto,permisisset,1,40
permitto,permissas,1,40
permo,permare,1,1
permoueo,permouetur,1,1
permoveo,permotus,1,2
permoveo,permovendam,1,2
permulceo,permulceri,1,1
permultus,permultis,2,5
permultus,permultas,1,5
permultus,permulta,1,5
permultus,permulti,1,5
permutatio,permutationem,1,1
permuto,permutatis,2,4
permuto,permutatus,1,4
permuto,permutarunt,1,4
pernecessarius,pernecessaria,2,4
pernecessarius,pernecessarios,1,4
pernecessarius,pernecessariam,1,4
pernica,pernicis,1,1
pernicies,perniciem,6,6
perniciosus,perniciosissimum,1,4
perniciosus,perniciosus,1,4
perniciosus,perniciosae,1,4
perniciosus,perniciosas,1,4
pernix,pernicibus,1,1
pernocto,pernoctaverunt,1,5
pernocto,pernoctavi,1,5
pernocto,pernoctabo,1,5
pernocto,pernoctavit,1,5
pernocto,pernoctarent,1,5
pernosco,pernoscerent,1,1
peropto,peroptatam,1,1
perpendo,perpendatur,1,6
perpendo,perpenderit,1,6
perpendo,Perpendit,1,6
perpendo,perpendit,1,6
perpendo,perpendentes,1,6
perpendo,perpendamus,1,6
perperam,perperam,3,3
perpessio,perpessionis,1,3
perpessio,perpessionem,1,3
perpessio,perpessione,1,3
perpessus,perpessa,3,3
perpetio,perpetiendam,1,1
perpetior,perpessos,3,6
perpetior,perpessae,1,6
perpetior,perpeti,1,6
perpetior,perpessus,1,6
perpetro,perpetrare,1,5
perpetro,perpetrarint,1,5
perpetro,perpetrarunt,1,5
perpetro,perpetrant,1,5
perpetro,perpetrandi,1,5
perpetuo,perpetuo,9,9
perpetuus,perpetuam,4,12
perpetuus,perpetuum,3,12
perpetuus,perpetua,3,12
perpetuus,perpetuos,1,12
perpetuus,perpetui,1,12
perplexus,perplexo,1,1
perpligo,perplexi,1,1
perptior,perpessi,3,3
perquam,perquam,1,1
perrumpo,perrumpunt,1,2
perrumpo,perrupit,1,2
persa,Persarum,8,16
persa,Persis,4,16
persa,Persae,2,16
persa,Persas,2,16
persaluto,persalutatis,1,1
perscribo,perscribam,1,2
perscribo,perscribit,1,2
perscruto,perscrutari,1,1
persecucio,persecuciones,1,1
persecutio,persecutione,14,47
persecutio,persecutionis,8,47
persecutio,persecutionem,7,47
persecutio,persecutio,6,47
persecutio,persecutionibus,5,47
persecutio,Persecutionis,3,47
persecutio,persecutiones,2,47
persecutio,persecutioni,1,47
persecutio,persecutionum,1,47
persecutor,persecutoribus,1,2
persecutor,persecutor,1,2
persentio,persensisse,1,1
perseqquor,persequutus,1,1
persequor,persequentes,1,4
persequor,persequendas,1,4
persequor,persequebatur,1,4
persequor,persequebantur,1,4
persequtio,persequtione,1,1
persequutio,persequutionis,1,1
perseverantia,perseverantia,1,1
persevero,perseveret,2,9
persevero,perseveravit,2,9
persevero,perseverare,1,9
persevero,perseverant,1,9
persevero,Perseveravit,1,9
persevero,perseverantibus,1,9
persevero,perseverat,1,9
persica,persica,1,2
persica,persicis,1,2
persicio,perspexere,1,1
persisto,persistit,2,10
persisto,persistere,2,10
persisto,persistunt,1,10
persisto,perstiterunt,1,10
persisto,persisterunt,1,10
persisto,perstitit,1,10
persisto,persisteret,1,10
persisto,persistendi,1,10
persoluo,persolvere,1,1
persolvo,persolverem,1,3
persolvo,persolverentur,1,3
persolvo,persolvi,1,3
persona,personarum,9,30
persona,personas,8,30
persona,personae,4,30
persona,personam,3,30
persona,persona,3,30
persona,PERSONARUM,2,30
persona,personis,1,30
persono,personantis,1,1
perspicientia,perspicientiae,1,1
perspicio,perspecta,5,13
perspicio,perspici,2,13
perspicio,perspicitur,2,13
perspicio,perspiciuntur,1,13
perspicio,Perspecta,1,13
perspicio,perspectam,1,13
perspicio,perspexisse,1,13
perspicue,perspicue,1,1
perstitêo,perstitêre,1,1
perstituo,perstituram,1,1
persto,perstiterant,1,2
persto,perstantes,1,2
perstringo,perstringunt,1,3
perstringo,perstringenda,1,3
perstringo,perstrinxit,1,3
persuadeo,persuadere,5,17
persuadeo,persuasi,3,17
persuadeo,persuadeo,2,17
persuadeo,persuasum,2,17
persuadeo,persuaderent,2,17
persuadeo,persuaserunt,2,17
persuadeo,persuadent,1,17
persuasio,persuasione,2,2
pertimesco,pertimescerent,1,2
pertimesco,pertimescenda,1,2
pertinaciter,pertinaciter,1,1
pertinacus,pertinacissima,1,1
pertineo,pertinent,15,29
pertineo,pertinet,4,29
pertineo,pertinentes,2,29
pertineo,pertinentem,2,29
pertineo,pertinere,2,29
pertineo,pertineant,1,29
pertineo,pertinebat,1,29
pertineo,pertinebant,1,29
pertineo,pertinentibus,1,29
pertingo,pertingebant,1,3
pertingo,pertingebat,1,3
pertingo,pertingat,1,3
pertracto,pertractans,1,3
pertracto,pertractanda,1,3
pertracto,pertractaret,1,3
pertricio,pertraxissent,1,1
perturbatio,perturbatione,3,6
perturbatio,perturbatio,2,6
perturbatio,perturbationum,1,6
perturbator,perturbatores,1,1
perturbo,perturbârunt,1,6
perturbo,perturbatus,1,6
perturbo,perturbaretur,1,6
perturbo,perturbari,1,6
perturbo,perturbabant,1,6
perturbo,perturbarent,1,6
peruago,peruagantes,1,2
peruago,peruagabitur,1,2
peruenio,perventum,2,5
peruenio,peruenit,1,5
peruenio,perueniat,1,5
peruenio,peruenire,1,5
peruerto,peruertit,1,2
peruerto,peruertitur,1,2
peruicacia,peruicacia,1,1
perusinus,Perusini,1,2
perusinus,Perusino,1,2
Perusius,Perusio,3,3
pervago,pervagatae,1,2
pervago,pervagata,1,2
perveniensque,perveniensque,1,1
pervenio,pervenit,22,94
pervenio,pervenerunt,10,94
pervenio,pervenire,7,94
pervenio,pervenerat,7,94
pervenio,pervenissent,7,94
pervenio,pervenisse,4,94
pervenio,pervenerit,4,94
pervenio,perveniat,3,94
pervenio,perventus,2,94
pervenio,pervenimus,2,94
pervenio,pervenirent,2,94
pervenio,perveniret,2,94
pervenio,Perveniens,2,94
pervenio,pervenisset,2,94
pervenio,perveni,2,94
pervenio,perveniet,2,94
pervenio,pervenere,2,94
pervenio,pervenerant,2,94
pervenio,pervenient,1,94
pervenio,Perventus,1,94
pervenio,perveniens,1,94
pervenio,pervenerint,1,94
pervenio,perveniant,1,94
pervenio,perveniunt,1,94
pervenio,Pervenit,1,94
pervenio,Pervenerant,1,94
pervenio,perventuras,1,94
pervenio,Pervenerat,1,94
perverto,perverterent,1,2
perverto,perversae,1,2
pervicax,pervicaces,1,1
pervius,pervios,1,1
pervo,perventi,1,1
pes,pedes,8,22
pes,pedem,6,22
pes,pedibus,3,22
pes,pes,2,22
pes,pede,2,22
pes,pedum,1,22
pessime,pessime,1,1
pessimus,pessima,1,1
pessis,pessis,1,1
pessumdo,pessumdaret,1,1
pessundo,pessundaretur,1,1
pessus,pessum,2,2
Pestana,Pestana,2,2
pestilens,pestilentem,1,1
pestis,pestem,3,6
pestis,pestis,2,6
pestis,pestes,1,6
petio,petiissent,1,1
petitio,petitioni,7,13
petitio,petitio,3,13
petitio,petitionibus,1,13
petitio,petitione,1,13
petitio,petitionis,1,13
peto,petit,11,91
peto,petere,9,91
peto,petens,9,91
peto,petiit,7,91
peto,petebant,5,91
peto,petunt,4,91
peto,peto,3,91
peto,petitum,3,91
peto,petendo,3,91
peto,petii,3,91
peto,petimus,3,91
peto,petentes,3,91
peto,petebat,3,91
peto,petitam,2,91
peto,petant,2,91
peto,petendum,2,91
peto,peteret,2,91
peto,petiisset,1,91
peto,petita,1,91
peto,petitae,1,91
peto,petisset,1,91
peto,Petivi,1,91
peto,peteretque,1,91
peto,Petitum,1,91
peto,petebam,1,91
peto,petatis,1,91
peto,petam,1,91
peto,petierat,1,91
peto,peti,1,91
peto,petivere,1,91
peto,petierant,1,91
peto,petierunt,1,91
peto,petivit,1,91
peto,petiverat,1,91
petra,petra,1,2
petra,petrae,1,2
petraho,petrahant,1,1
petrus,Petrus,40,54
petrus,Petro,8,54
petrus,Petrum,4,54
petrus,Petri,2,54
Petrus,Petru,1,1
petulanter,petulanter,2,2
phanis,phanis,1,1
phantasia,phantasiae,1,1
pharisaeus,pharisaeis,1,1
Pharisaeus,Pharisaei,1,1
Phelipus,Phelipus,1,1
phil,phil,1,1
philibertus,Philibertus,13,16
philibertus,Philiberto,3,16
philippina,Philippinis,6,6
philippinensis,Philippinensium,1,1
Philippinensis,Philippinenses,1,1
philippinus,Philippinarum,2,3
philippinus,PHILIPPINARUM,1,3
Philippinus,Philippinas,9,10
Philippinus,Philippinae,1,10
philippus,Philippus,4,4
Philippus,Philippo,2,2
philosophia,philosophiae,29,38
philosophia,philosophiam,5,38
philosophia,Philosophia,2,38
philosophia,philosophias,1,38
philosophia,philosophia,1,38
philosophicus,Philosophico,1,2
philosophicus,Philosophicos,1,2
Philosophicus,Philosophicis,1,1
philosophis,Philosophię,1,1
philosophus,philosophi,2,11
philosophus,philosophus,2,11
philosophus,philosophorum,2,11
philosophus,Philosophus,1,11
philosophus,Philosophi,1,11
philosophus,Philosophorum,1,11
philosophus,Philosophis,1,11
philosophus,Philosopho,1,11
Philuppus,Philuppum,1,1
phrygius,Phrygia,1,1
phrygus,Phrygum,1,1
physicus,Physicos,1,1
piannus,Piannus,1,1
piaque,piaque,1,1
piâs,piâ,1,1
picenus,Picenum,1,1
pico,pictorum,3,3
pictor,pictor,2,2
pictura,picturas,1,1
pie,pie,4,4
piè,piè,2,2
pieque,pieque,1,1
pietas,pietate,8,27
pietas,pietatem,6,27
pietas,pietatis,6,27
pietas,pietas,4,27
pietas,Pietatis,2,27
pietas,pietati,1,27
pietatisq,pietatisq,1,1
piger,pigri,2,2
pij,pij,1,1
pila,pilas,2,2
pilatus,Pilato,1,1
pileolus,pileolum,2,2
pileum,pileo,1,1
Piñerius,Piñerius,1,1
pineus,pineis,1,1
Pingnas,Pingnan,1,1
pingo,pingendis,1,4
pingo,pingendi,1,4
pingo,pictas,1,4
pingo,pictam,1,4
pingpu,Pingpu,1,1
Pingsius,Pingsi,2,2
Pinherius,Pinherius,1,1
Piñuela,Piñuela,1,1
pipio,pipere,2,2
píris,Píris,1,1
Píriz,Píriz,1,1
piscarius,Piscarii,1,1
piscatio,piscatione,1,1
piscator,Piscatoris,1,4
piscator,piscatores,1,4
piscator,piscator,1,4
piscator,piscatoribus,1,4
piscatus,piscatu,1,1
piscis,piscium,3,5
piscis,piscem,1,5
piscis,piscibus,1,5
Pistorium,Pistorio,1,1
piternus,piternum,1,1
piti,piti,1,1
pius,pia,7,19
pius,piae,3,19
pius,pii,2,19
pius,pios,2,19
pius,pius,2,19
pius,pio,1,19
pius,pium,1,19
pius,piorum,1,19
pix,picem,1,1
placeo,placuit,6,18
placeo,Placuit,3,18
placeo,placuerit,3,18
placeo,placere,2,18
placeo,placet,1,18
placeo,placente,1,18
placeo,placeret,1,18
placeo,placitura,1,18
placo,placare,3,6
placo,placatus,3,6
plaga,plagas,2,6
plaga,plagarum,2,6
plaga,plagis,1,6
plaga,plagam,1,6
plane,plane,23,24
plane,Plane,1,24
planè,planè,1,1
planeta,planetarum,1,1
planities,planitie,2,3
planities,planities,1,3
plantatio,plantationum,1,1
planus,planum,3,6
planus,Plano,1,6
planus,planis,1,6
planus,plano,1,6
platea,plateas,2,6
platea,plateis,2,6
platea,platearum,1,6
platea,plateam,1,6
plebeius,plebeiorum,1,1
plebes,plebei,1,1
plebs,plebis,2,6
plebs,plebem,2,6
plebs,plebe,2,6
plector,plectebatur,1,1
plenarius,plenaria,1,2
plenarius,plenariam,1,2
plene,plene,4,7
plene,plenissime,3,7
plenoque,plenoque,1,1
plenus,plena,8,35
plenus,plenus,5,35
plenus,pleni,3,35
plenus,plenissima,3,35
plenus,plenam,3,35
plenus,plenas,2,35
plenus,plenis,2,35
plenus,Pleni,1,35
plenus,plenae,1,35
plenus,pleniora,1,35
plenus,plenissimos,1,35
plenus,plenum,1,35
plenus,plenissimas,1,35
plenus,plenos,1,35
plenus,pleno,1,35
plenus,plenissimi,1,35
pler,pleriq,1,1
plero,pleret,1,1
plerunqus,plerunque,2,2
plerusque,plerique,7,16
plerusque,plerumque,5,16
plerusque,plerisque,2,16
plerusque,plerosque,2,16
plgo,plecti,2,2
plicatio,plicatio,1,1
pligo,plexi,1,1
plius,plius,1,1
ploro,plorat,1,1
pluis,plui,1,1
plumbeus,plumbeus,1,1
plumus,plumam,1,1
pluo,pluente,1,2
pluo,pluit,1,2
pluries,pluries,2,2
plurime,plurimorum,4,4
plus,plus,37,39
plus,Plus,2,39
plusculum,plusculum,1,1
plusq,plusq,1,1
plusquam,plusquam,20,20
pluuia,pluuiam,1,1
pluvia,pluvia,1,2
pluvia,pluviae,1,2
po,Po,1,2
po,po,1,2
Poancus,Poanci,1,1
poculentus,poculenta,1,1
poena,poena,13,47
poena,poenis,9,47
poena,poenam,9,47
poena,poenas,8,47
poena,poenarum,5,47
poena,poenae,2,47
poena,pena,1,47
poeniteo,poenitet,1,1
poeniteor,poenitendum,1,1
poenitesco,poenituit,2,2
poenitus,poenitus,1,1
poeticus,Poetico,1,1
polaccus,Polaccus,1,1
polancus,Polancus,1,1
Polancus,Polanco,3,3
polemicus,Polemica,1,1
politex,Politices,1,1
politicus,politicas,1,3
politicus,Politica,1,3
politicus,politicis,1,3
polliceor,polliceri,2,6
polliceor,pollicentur,1,6
polliceor,pollicetur,1,6
polliceor,pollicitus,1,6
polliceor,Pollicitus,1,6
pollicitatio,pollicitatio,1,2
pollicitatio,pollicitationes,1,2
pollo,pollens,3,9
pollo,pollent,2,9
pollo,pollere,1,9
pollo,polluti,1,9
pollo,polleret,1,9
pollo,pollebat,1,9
pollonus,Pollonorum,1,1
polluo,polluimus,1,1
polonia,Poloniam,1,3
polonia,Polonia,1,3
polonia,Poloniae,1,3
polonicus,Polonicis,1,1
polonus,Polonus,5,8
polonus,Polonum,1,8
polonus,Polonorum,1,8
polonus,Poloni,1,8
polus,poli,1,2
polus,polum,1,2
pomarium,pomarium,1,1
pomerium,Pomerio,1,1
pompa,pompa,4,4
pomum,pomis,1,1
pomus,pomorum,1,1
pondero,ponderatis,1,3
pondero,ponderanda,1,3
pondero,ponderata,1,3
pondus,pondere,3,4
pondus,ponderis,1,4
ponè,ponè,1,1
ponia,poniae,1,1
pono,posita,5,56
pono,positum,5,56
pono,positam,5,56
pono,positae,4,56
pono,posuit,4,56
pono,ponere,3,56
pono,posui,3,56
pono,positos,2,56
pono,pono,2,56
pono,positi,2,56
pono,ponunt,2,56
pono,posuerunt,2,56
pono,ponit,2,56
pono,pone,2,56
pono,ponuntur,2,56
pono,positus,2,56
pono,ponens,1,56
pono,posuisset,1,56
pono,ponam,1,56
pono,ponendum,1,56
pono,ponentes,1,56
pono,posuerant,1,56
pono,ponatur,1,56
pono,positurum,1,56
pono,posuisse,1,56
pons,pontes,2,2
ponticus,Ponticos,1,1
pontifex,Pontificis,10,31
pontifex,Pontifex,5,31
pontifex,Pontifice,5,31
pontifex,Pontifices,2,31
pontifex,Pontifici,2,31
pontifex,pontificis,2,31
pontifex,pontificem,2,31
pontifex,pontificibus,1,31
pontifex,Pontificibus,1,31
pontifex,pontifice,1,31
pontificatus,pontificatus,2,2
pontificium,Pontificia,1,2
pontificium,pontificia,1,2
pontus,Pontus,3,5
pontus,Ponto,1,5
pontus,Pontum,1,5
poples,poplites,1,1
popularis,populares,3,5
popularis,populari,2,5
populatrix,populatrice,1,1
populoque,populoque,3,3
populor,populatam,2,3
populor,populor,1,3
populosus,populosissimas,1,3
populosus,populosissima,1,3
populosus,populosissimam,1,3
populus,populi,15,54
populus,populum,10,54
populus,populo,10,54
populus,populus,6,54
populus,populos,5,54
populus,populorum,4,54
populus,populis,4,54
porcinus,porcina,1,1
porgo,porrexit,1,2
porgo,porrexerunt,1,2
porrectus,porrecta,1,1
porrigo,porrexerit,1,3
porrigo,porrigendas,1,3
porrigo,porrigenda,1,3
porro,porro,10,19
porro,Porro,9,19
porrò,porrò,1,1
port,port,1,1
porta,porta,7,18
porta,portas,6,18
porta,portam,4,18
porta,portarum,1,18
portatilis,portatile,1,1
portio,portionem,1,1
porto,portat,2,10
porto,portavit,2,10
porto,portabant,2,10
porto,portata,1,10
porto,portabat,1,10
porto,portando,1,10
porto,portanda,1,10
portuensis,Portuensis,1,1
portugalia,Portugaliae,10,10
portugalis,Portugalia,2,3
portugalis,Portugaliȩ,1,3
portugallia,Portugalliae,7,8
portugallia,Portugallia,1,8
portumque,portumque,1,1
portus,portu,15,32
portus,portum,14,32
portus,Porto,1,32
portus,portus,1,32
portus,portubus,1,32
pos,poris,1,1
posco,poscit,2,3
posco,poscerentur,1,3
posillus,posillus,1,1
positio,positione,1,2
positio,positiones,1,2
positivus,positivum,1,3
positivus,positivo,1,3
positivus,positiva,1,3
posno,possitos,1,1
possesio,possesione,1,1
possessio,possessionem,11,21
possessio,possessione,6,21
possessio,possessiones,2,21
possessio,possessio,1,21
possessio,Possessionem,1,21
possessor,possessor,1,1
possibilis,possibile,2,2
possibilitas,possibilitatem,1,2
possibilitas,possibilitate,1,2
possideo,possidens,6,17
possideo,possidet,5,17
possideo,Possidet,1,17
possideo,possident,1,17
possideo,possidebant,1,17
possideo,possidere,1,17
possideo,possideant,1,17
possideo,possiderent,1,17
posso,possedimus,2,2
possum,potest,86,571
possum,posset,52,571
possum,posse,50,571
possum,possit,43,571
possum,possint,35,571
possum,possunt,34,571
possum,potuit,31,571
possum,possent,31,571
possum,poterat,22,571
possum,possumus,21,571
possum,possum,19,571
possum,potuerunt,11,571
possum,poterit,11,571
possum,poterant,10,571
possum,possimus,9,571
possum,potuissent,8,571
possum,poterunt,8,571
possum,potuisset,8,571
possum,possemus,7,571
possum,possem,7,571
possum,potentes,6,571
possum,potui,6,571
possum,possim,5,571
possum,potero,5,571
possum,potestis,5,571
possum,potuerit,5,571
possum,potuisse,5,571
possum,potuimus,4,571
possum,possis,4,571
possum,potuerint,4,571
possum,possitis,2,571
possum,potuerant,2,571
possum,possid,2,571
possum,potuere,2,571
possum,potentior,2,571
possum,potentum,1,571
possum,potens,1,571
possum,Poterant,1,571
possum,poteram,1,571
possum,poteras,1,571
possum,poternt,1,571
possum,potentiore,1,571
possum,posseq,1,571
possum,Possent,1,571
post,post,136,206
post,Post,66,206
post,pos,3,206
post,POST,1,206
postea,postea,41,47
postea,Postea,6,47
posteritas,posteritatem,1,1
posterus,posterum,10,14
posterus,postremum,1,14
posterus,Posteris,1,14
posterus,posteros,1,14
posterus,postera,1,14
posthabeo,posthabito,2,3
posthabeo,posthabere,1,3
posthumus,Posthumum,1,1
postliminium,postliminio,1,1
postmodum,postmodum,3,5
postmodum,Postmodum,2,5
postmodùm,postmodùm,1,1
postpono,postponatis,1,2
postpono,postposuit,1,2
postqu,postqu,1,1
postquam,postquam,29,36
postquam,Postquam,7,36
postremo,Postremo,2,5
postremo,postremo,1,5
postremo,postremi,1,5
postremo,postrema,1,5
postremus,Postremus,1,2
postremus,postremis,1,2
postridie,Postridie,3,3
postulatum,postulato,1,1
postulo,postulatis,4,25
postulo,postulans,4,25
postulo,postulare,4,25
postulo,postulet,3,25
postulo,postulata,2,25
postulo,postulat,2,25
postulo,postulasset,1,25
postulo,postulantes,1,25
postulo,postulatum,1,25
postulo,postulanda,1,25
postulo,postularent,1,25
postulo,postulab,1,25
posum,posint,1,2
posum,posit,1,2
posuno,posueramus,1,1
potatio,potationem,1,1
pote,potius,42,43
pote,pote,1,43
potè,potè,1,1
potens,potentissimo,5,16
potens,potentissimi,3,16
potens,potentibus,2,16
potens,potentissimum,2,16
potens,potentiâ,1,16
potens,potentiu,1,16
potens,potentiores,1,16
potens,potentiorem,1,16
potentia,potentia,7,19
potentia,potentiam,7,19
potentia,potentiae,5,19
potentiaque,potentiaque,1,1
poteo,poteramus,4,4
potereo,Poteritis,1,1
potestas,potestatem,23,53
potestas,potestate,17,53
potestas,potestas,7,53
potestas,potestatis,2,53
potestas,potestati,2,53
potestas,potestats,1,53
potestas,potesta,1,53
potio,potiundae,1,1
potior,potitus,4,17
potior,potiri,3,17
potior,potissimus,2,17
potior,potiori,1,17
potior,potiantur,1,17
potior,potiamur,1,17
potior,potior,1,17
potior,potiundi,1,17
potior,potietur,1,17
potior,potiorem,1,17
potior,potiti,1,17
potis,potissimae,1,2
potis,potissima,1,2
potissimum,potissimum,8,8
potissis,potissi,1,1
potiundique,potiundique,1,1
potiundo,potiundam,2,2
potius,potissime,2,2
potiùs,potiùs,2,2
potuior,potuissemus,1,1
pp,PP,7,7
pr,Pr,2,3
pr,pr,1,3
practicus,practicos,1,1
prae,prae,19,21
prae,pre,2,21
praebeo,praebere,3,15
praebeo,praebuit,3,15
praebeo,praebet,2,15
praebeo,praeberet,2,15
praebeo,praebeant,1,15
praebeo,Praebent,1,15
praebeo,praebuerit,1,15
praebeo,praebent,1,15
praebeo,praebuisset,1,15
praebitus,praebiti,1,1
praecaveo,praecaventes,1,2
praecaveo,praecaveantur,1,2
praecedo,praecedenti,2,11
praecedo,praecedebant,2,11
praecedo,praecedentibus,1,11
praecedo,praecedentis,1,11
praecedo,praecedentes,1,11
praecedo,praecedebat,1,11
praecedo,praecedat,1,11
praecedo,praecedit,1,11
praecedo,praecessissent,1,11
praeceps,praecipitis,2,5
praeceps,praecipiti,1,5
praeceps,praecipitem,1,5
praeceps,praecipites,1,5
praeceptio,praeceptiones,1,1
praeceptum,praeceptum,18,39
praeceptum,praecepta,11,39
praeceptum,praeceptis,8,39
praeceptum,precepto,1,39
praeceptum,PRAEcepta,1,39
praeceptumque,praeceptumque,1,1
praecesser,praecesser,1,1
praecgo,praecpto,1,1
praecido,praecidas,1,1
praecingo,praecingant,1,1
praecipio,praecepto,17,29
praecipio,praecipit,4,29
praecipio,praeceptorum,3,29
praecipio,praecepit,3,29
praecipio,praecipere,2,29
praecipitio,praecipitio,1,1
praecipue,praecipue,21,23
praecipue,Praecipue,2,23
praecipus,praecipui,9,11
praecipus,praecipuè,1,11
praecipus,Praecipui,1,11
praecipuus,praecipua,13,34
praecipuus,praecipuum,5,34
praecipuus,praecipuam,4,34
praecipuus,praecipuo,4,34
praecipuus,praecipuis,3,34
praecipuus,praecipuos,2,34
praecipuus,praecipuas,2,34
praecipuus,praecipuarum,1,34
praeclar,praeclar,1,1
praeclare,praeclare,2,2
praeclarus,praeclara,5,7
praeclarus,praeclaram,2,7
praecon,Praeconibus,1,1
praecones,praecones,1,1
praeconium,praeconio,1,1
praecordia,praecordiis,1,1
praeda,praedam,5,10
praeda,praedae,2,10
praeda,praedas,2,10
praeda,praeda,1,10
praedestinatio,praedestinationis,1,1
praedi,praedis,1,1
praedicatio,praedicationem,4,14
praedicatio,praedicatione,3,14
praedicatio,praedicationis,2,14
praedicatio,praedicatio,2,14
praedicatio,praedicationi,2,14
praedicatio,praedicationibus,1,14
praedicator,praedicator,2,3
praedicator,praedicatores,1,3
praedicatum,Praedicatorum,3,5
praedicatum,praedicata,1,5
praedicatum,praedicatum,1,5
praedico,praedictae,13,67
praedico,praedicta,10,67
praedico,praedictus,8,67
praedico,praedictis,6,67
praedico,praedictum,6,67
praedico,praediximus,2,67
praedico,praedicto,2,67
praedico,praedicandum,2,67
praedico,praedicare,2,67
praedico,praedicavi,2,67
praedico,Praedictae,1,67
praedico,praedictas,1,67
praedico,praedictarum,1,67
praedico,praedictorum,1,67
praedico,praedictos,1,67
praedico,praedictam,1,67
praedico,praedicarunt,1,67
praedico,praedicantibus,1,67
praedico,praedicantur,1,67
praedico,praedicanda,1,67
praedico,praedixerat,1,67
praedico,praedixit,1,67
praedico,praedicaremus,1,67
praedico,praedicandi,1,67
praedictide,praedictidies,1,1
praedictus,predicti,4,7
praedictus,predictis,1,7
praedictus,predicta,1,7
praedictus,predictus,1,7
praeditus,praediti,2,9
praeditus,praedita,2,9
praeditus,praeditus,2,9
praeditus,praeditum,2,9
praeditus,praeditam,1,9
praedium,praedium,8,21
praedium,praedia,6,21
praedium,praedio,5,21
praedium,praedii,1,21
praedium,praediis,1,21
praedo,praeditos,1,3
praedo,praedantes,1,3
praedo,praedantibus,1,3
praeedico,praeedicta,1,1
praeeo,praeeunte,2,3
praeeo,praeibo,1,3
praefatus,praefato,3,9
praefatus,praefatus,2,9
praefatus,prefata,1,9
praefatus,prefato,1,9
praefatus,prefati,1,9
praefatus,praefati,1,9
praefectura,Praefecturam,5,14
praefectura,Praefecturas,5,14
praefectura,Praefectura,2,14
praefectura,Praefecturae,1,14
praefectura,praefectura,1,14
praefectus,Praefectos,21,71
praefectus,Praefectis,15,71
praefectus,Praefectus,12,71
praefectus,praefectus,11,71
praefectus,Praefectorum,9,71
praefectus,praefectos,1,71
praefectus,Praefectam,1,71
praefectus,Praefectum,1,71
praefero,praelati,11,31
praefero,praelato,5,31
praefero,praelatus,5,31
praefero,praelatum,4,31
praefero,praelatis,2,31
praefero,praelatos,1,31
praefero,praeferunt,1,31
praefero,praetulisset,1,31
praefero,praefer,1,31
praeficio,Praefecti,25,43
praeficio,Praefecto,8,43
praeficio,praeficere,2,43
praeficio,praefecti,2,43
praeficio,praefecto,2,43
praeficio,praefici,1,43
praeficio,praeficeret,1,43
praeficio,praefecta,1,43
praeficio,praefecit,1,43
praefigo,praefigat,1,3
praefigo,praefixit,1,3
praefigo,praefixum,1,3
praefueo,Praefuit,1,1
praegnans,praegnantibus,1,1
praegnanto,praegnantes,1,1
praeiudico,praeiudicare,1,1
praelator,praelatorum,6,6
praelectio,praelectionibus,1,1
praelium,praelio,2,4
praelium,praelium,1,4
praelium,praeliis,1,4
praeluco,praelucerent,1,1
praeludium,praeludia,3,4
praeludium,praeludium,1,4
praelum,praelo,1,1
praemijs,praemijs,1,1
praemitto,praemissis,3,8
praemitto,praemissa,1,8
praemitto,praemittam,1,8
praemitto,Praemisit,1,8
praemitto,praemisit,1,8
praemitto,praemittunt,1,8
praemium,praemium,10,26
praemium,praemia,8,26
praemium,praemio,4,26
praemium,praemiis,3,26
praemium,praemij,1,26
praenestinus,Praenestinus,2,2
praenominatus,praenominato,1,1
praenuncio,praenuntiare,1,1
praeparatio,praeparatione,2,2
praeparo,praeparavit,1,3
praeparo,praeparaverant,1,3
praeparo,praepararent,1,3
praepono,praepositum,5,27
praepono,praeposito,4,27
praepono,praepositus,4,27
praepono,Praepositi,3,27
praepono,Praepositus,3,27
praepono,Praeposito,2,27
praepono,Praepositum,2,27
praepono,praepositis,1,27
praepono,praeposuisti,1,27
praepono,praepositi,1,27
praepono,praepositos,1,27
praeripio,praeriperet,1,2
praeripio,praerepti,1,2
praesagio,praesagire,1,1
praesagium,praesagium,1,1
praescido,praescidit,1,1
praescindo,praescinditur,1,1
praescipio,praescipiunt,1,1
praesco,praescimus,1,1
praescribo,praescriptum,8,23
praescribo,praescripto,5,23
praescribo,praescribitur,2,23
praescribo,praescripti,1,23
praescribo,praescribuntur,1,23
praescribo,praescribat,1,23
praescribo,praescribit,1,23
praescribo,praescribunt,1,23
praescribo,praescripsit,1,23
praescribo,praescriptam,1,23
praescribo,praescripta,1,23
praesens,praesenti,10,22
praesens,praesens,6,22
praesens,presens,2,22
praesens,presenti,2,22
praesens,praesentissimis,1,22
praesens,praesentium,1,22
praesentatio,praesentationem,2,3
praesentatio,praesentationis,1,3
praesentems,presentemque,1,1
praesentia,praesentiam,2,3
praesentia,praesentiarum,1,3
praesento,praesentavit,3,14
praesento,praesentatis,2,14
praesento,praesentabo,1,14
praesento,praesentavi,1,14
praesento,praesentaturus,1,14
praesento,praesentati,1,14
praesento,praesentare,1,14
praesento,praesentaverunt,1,14
praesento,praesentatum,1,14
praesento,praesentanda,1,14
praesento,praesentari,1,14
praesertim,praesertim,11,11
praeservo,praeservet,1,1
praeses,Praeside,2,5
praeses,PRAESIDE,1,5
praeses,praesidem,1,5
praeses,praesidi,1,5
praesideo,praesideret,1,1
praesidiarius,praesidiarii,3,7
praesidiarius,praesidiariorum,2,7
praesidiarius,praesidiariis,2,7
praesidium,praesidio,12,32
praesidium,praesidiis,8,32
praesidium,praesidium,6,32
praesidium,praesidia,5,32
praesidium,PRAESIDIA,1,32
praestantia,praestantiam,1,1
praestantus,praestantissima,1,2
praestantus,praestantissimos,1,2
praestigium,praestigię,1,1
praestituo,praestituta,1,1
praesto,praestare,11,47
praesto,praesto,6,47
praesto,praestat,5,47
praesto,praestant,4,47
praesto,praestans,2,47
praesto,praestet,2,47
praesto,praestandum,2,47
praesto,praestent,2,47
praesto,praestit,2,47
praesto,praestitit,2,47
praesto,praestabit,1,47
praesto,praestante,1,47
praesto,praestarentur,1,47
praesto,praestari,1,47
praesto,praestitere,1,47
praesto,praestantibus,1,47
praesto,praestandam,1,47
praesto,praestiturum,1,47
praesto,praestabunt,1,47
praestolo,praestolamur,1,2
praestolo,praestolantur,1,2
praestringo,praestringentem,1,1
praesum,praesentibus,6,26
praesum,praesentem,3,26
praesum,praeest,3,26
praesum,praesunt,3,26
praesum,praesente,3,26
praesum,praesentis,2,26
praesum,praesentes,2,26
praesum,praesento,1,26
praesum,praesit,1,26
praesum,PRAESENTIBUS,1,26
praesum,praeesset,1,26
praesumo,praesumit,1,2
praesumo,praesumere,1,2
praesumptio,praesumptiones,1,1
praesus,praesi,1,1
praetendo,praetendit,2,6
praetendo,praetendens,2,6
praetendo,praetendebat,2,6
praeter,praeter,33,43
praeter,Praeter,7,43
praeter,preter,2,43
praeter,Preter,1,43
praetera,Praetera,1,2
praetera,praetera,1,2
praeterea,praeterea,14,28
praeterea,Praeterea,12,28
praeterea,Preterea,1,28
praeterea,preterea,1,28
praetereà,praetereà,1,1
praetereo,praeterito,6,17
praetereo,praeteritis,4,17
praetereo,praeterita,3,17
praetereo,praeterire,1,17
praetereo,praetereo,1,17
praetereo,praeteritae,1,17
praetereo,praeteribo,1,17
praeterfluo,praeterfluit,1,1
praeterlabor,praeterlapsum,1,1
praetermitto,praetermisimus,2,8
praetermitto,Praetermisimus,1,8
praetermitto,praetermittere,1,8
praetermitto,praetermitto,1,8
praetermitto,praetermisso,1,8
praetermitto,praetermissum,1,8
praetermitto,praetermittam,1,8
praetero,praeteramus,1,1
praeterquam,praeterquam,1,1
praetextus,praetextu,3,3
praetexum,praetexunt,1,1
praetor,praetoribus,1,2
praetor,Praetorum,1,2
praeualeo,praeualebis,1,1
praeuideo,Praeuidit,1,1
praev,praev,1,1
praevido,praevisa,1,2
praevido,praevidentes,1,2
prandium,prandium,1,1
pransus,pransus,1,1
prauitas,prauitati,1,2
prauitas,prauitatem,1,2
prauus,praua,2,4
prauus,prauam,1,4
prauus,praui,1,4
pravaleo,pravalet,1,1
pravitas,pravitatis,1,1
pravus,pravorum,2,4
pravus,prava,2,4
praxis,praxes,1,1
prȩ,prȩ,1,1
pręacutus,pręacutis,1,1
preaterquam,preaterquam,1,1
prebeo,prebui,1,1
prebo,prebente,1,1
precatio,precationibus,5,6
precatio,precationum,1,6
precello,precellens,1,1
preceptor,preceptorem,1,2
preceptor,preceptores,1,2
preciosus,preciosissimis,1,1
precipio,precepit,1,2
precipio,precepta,1,2
prȩcipio,prȩcepta,4,12
prȩcipio,prȩceptum,2,12
prȩcipio,prȩcepit,2,12
prȩcipio,prȩcipere,1,12
prȩcipio,prȩcipiens,1,12
prȩcipio,Prȩcepit,1,12
prȩcipio,prȩcepto,1,12
pręcipio,pręcepta,2,5
pręcipio,pręceptum,1,5
pręcipio,pręcepto,1,5
pręcipio,pręciperet,1,5
precipue,precipue,4,4
precipuus,precipua,2,4
precipuus,precipuis,1,4
precipuus,Precipua,1,4
pręcipuus,pręcipuus,1,1
precipuuus,precipuua,1,1
precium,precium,3,3
pręclarus,pręclaris,1,1
preco,precare,1,1
precor,Precor,1,3
precor,precantes,1,3
precor,precabor,1,3
predicatio,predicatione,2,2
predicator,predicatores,3,4
predicator,predicator,1,4
prȩdicator,prȩdicator,1,1
predicatum,Predicatorum,2,2
predico,predicare,4,11
predico,predicandum,2,11
predico,predico,1,11
predico,predicabat,1,11
predico,predicat,1,11
predico,predicavimus,1,11
predico,predicamus,1,11
prȩdico,prȩdicare,2,9
prȩdico,prȩdicandum,2,9
prȩdico,prȩdicandi,2,9
prȩdico,prȩdicando,1,9
prȩdico,prȩdicandam,1,9
prȩdico,prȩdicabat,1,9
prędico,prędixerat,1,1
predior,predi,1,1
preditus,preditos,1,1
prefatio,prefationis,1,1
prȩfectura,prȩfecturam,2,2
prefectus,prefectus,1,1
prȩfectus,prȩfectus,1,2
prȩfectus,prȩfecto,1,2
prefero,prelato,4,7
prefero,preferentes,1,7
prefero,prelatos,1,7
prefero,prelatis,1,7
pręfero,pręferet,1,1
prehendo,prehensi,1,1
prehensio,prehensionem,2,2
prelectio,prelectionibus,1,1
prelium,preliis,1,1
prȩmitto,prȩmisit,1,1
premo,premitur,2,6
premo,prementibus,1,6
premo,premerentur,1,6
premo,premebatur,1,6
premo,pressus,1,6
premoueo,premotus,1,1
prȩparo,prȩparata,1,1
prepono,Preposito,2,5
prepono,Prepositi,1,5
prepono,preposito,1,5
prepono,prepositi,1,5
prepositus,Prepositus,1,1
presbiterus,Presbiterorum,1,1
presbyter,presbyter,3,10
presbyter,presbiter,2,10
presbyter,presbitero,2,10
presbyter,presbiterum,1,10
presbyter,Presbiter,1,10
presbyter,Presbiterum,1,10
prȩsens,prȩsens,1,1
prȩsentia,prȩsentiam,1,1
pręsentia,pręsentia,1,1
prȩsento,prȩsentati,1,1
presentor,presentantes,1,1
prȩses,prȩsidis,1,1
pressus,pressum,1,1
pręstituo,pręstituetur,1,1
presto,prestandum,1,3
presto,prestat,1,3
presto,prestitimus,1,3
prȩsto,prȩstitit,1,1
pręsto,pręstaret,1,2
pręsto,pręstandam,1,2
presum,preest,1,1
prȩter,prȩter,3,3
prȩterea,prȩterea,1,1
pretereo,preterito,1,1
prȩtereo,prȩterito,6,7
prȩtereo,prȩterire,1,7
prȩteritus,prȩteritis,3,3
prȩterquam,prȩterquam,1,1
pręterquam,pręterquam,1,1
pretextus,pretextu,1,1
prȩtio,prȩtio,2,2
pretiosus,pretiosae,2,11
pretiosus,pretiosis,2,11
pretiosus,pretiosum,2,11
pretiosus,pretiosi,1,11
pretiosus,pretiosam,1,11
pretiosus,pretiosissimo,1,11
pretiosus,pretiosissimas,1,11
pretiosus,pretiosarum,1,11
pretium,pretio,4,7
pretium,pretium,2,7
pretium,pretii,1,7
pretor,pretendo,1,1
prevaleo,prevalere,1,1
prex,precibus,15,23
prex,preces,5,23
prex,Precum,2,23
prex,precum,1,23
priceps,priceps,1,1
pridem,pridem,4,4
pridie,pridie,1,1
prim,prim,3,3
primarius,primariis,10,29
primarius,primarios,7,29
primarius,primarii,4,29
primarius,primaria,2,29
primarius,primarius,2,29
primarius,primario,1,29
primarius,Primarium,1,29
primarius,Primariorum,1,29
primarius,primarium,1,29
primatus,primatum,1,1
primitiae,primitiae,1,1
primitivus,primitivae,1,2
primitivus,primitiva,1,2
primo,primo,53,63
primo,Primo,9,63
primo,PRIMO,1,63
primogenitus,Primogeniti,1,2
primogenitus,Primogenito,1,2
primordus,primordijs,1,1
primùm,primùm,3,3
primumque,primumque,1,1
primus,primum,45,146
primus,primis,18,146
primus,prima,16,146
primus,Primum,16,146
primus,Prima,12,146
primus,primus,11,146
primus,primam,10,146
primus,Primus,4,146
primus,primos,3,146
primus,Primam,3,146
primus,PRIMUS,3,146
primus,primas,2,146
primus,primi,1,146
primus,PRIMA,1,146
primus,Primi,1,146
princeps,princeps,12,68
princeps,principem,7,68
princeps,principes,7,68
princeps,principibus,6,68
princeps,Princeps,6,68
princeps,Principes,5,68
princeps,Principis,5,68
princeps,Principem,5,68
princeps,Principum,4,68
princeps,principum,3,68
princeps,principe,2,68
princeps,Principibus,2,68
princeps,principis,1,68
princeps,Principi,1,68
princeps,principi,1,68
princeps,Principe,1,68
principalis,principalia,3,5
principalis,principalis,1,5
principalis,principales,1,5
principatus,principatum,1,1
principium,principium,10,22
principium,principio,9,22
principium,principia,2,22
principium,principijs,1,22
prior,prioris,5,15
prior,priores,3,15
prior,priorem,3,15
prior,priori,2,15
prior,prior,1,15
prior,priore,1,15
prioratus,Prioratu,1,1
priscus,priscas,1,2
priscus,priscis,1,2
pristin,pristin,1,1
pristinaus,pristinamque,1,1
pristinus,pristinum,5,12
pristinus,pristina,3,12
pristinus,pristinam,2,12
pristinus,pristinos,1,12
pristinus,pristino,1,12
priuatio,priuatio,1,1
priuatus,priuato,1,1
priuo,privata,3,10
priuo,priuata,2,10
priuo,privato,2,10
priuo,priuatas,1,10
priuo,priuati,1,10
priuo,priuatum,1,10
prius,prius,32,33
prius,Prius,1,33
priusquam,priusquam,2,3
priusquam,Priusquam,1,3
privataeque,privataeque,1,1
privatim,privatim,3,3
privatus,privatis,1,2
privatus,privati,1,2
privilegium,privilegia,4,10
privilegium,privilegium,4,10
privilegium,privilegiorum,1,10
privilegium,privilegii,1,10
privo,privari,2,4
privo,privavit,1,4
privo,privant,1,4
pro,pro,239,252
pro,Pro,12,252
pro,PRO,1,252
proadministrator,proadministratori,1,3
proadministrator,proadministratorem,1,3
proadministrator,proadministrator,1,3
proavis,proavis,1,1
probabilis,probabili,1,2
probabilis,probabilis,1,2
probabiliter,probabiliter,1,1
probatio,probationis,15,22
probatio,Probationis,4,22
probatio,probationem,2,22
probatio,probationes,1,22
probe,probe,10,10
probior,probiores,1,1
probitas,probitate,2,3
probitas,probitas,1,3
probo,probat,4,22
probo,probabat,3,22
probo,probant,2,22
probo,probarunt,2,22
probo,probare,1,22
probo,probatum,1,22
probo,probati,1,22
probo,probaret,1,22
probo,probata,1,22
probo,probari,1,22
probo,probandam,1,22
probo,probaverint,1,22
probo,probatur,1,22
probo,probarant,1,22
probo,probaretur,1,22
probrosus,probrosum,1,1
probrum,probro,1,2
probrum,probrum,1,2
probus,probus,3,10
probus,probum,2,10
probus,proborum,2,10
probus,probos,1,10
probus,probi,1,10
probus,probis,1,10
proced,proced,1,1
procedo,processit,6,22
procedo,processurum,3,22
procedo,procedere,3,22
procedo,procedendi,1,22
procedo,procedat,1,22
procedo,processissent,1,22
procedo,procedens,1,22
procedo,procederent,1,22
procedo,procedamus,1,22
procedo,procedunt,1,22
procedo,procederet,1,22
procedo,processi,1,22
procedo,processum,1,22
procella,procellam,1,3
procella,procella,1,3
procella,procellis,1,3
procellarumquus,procellarumque,1,1
procer,proceres,3,4
procer,proceribus,1,4
processio,processiones,4,4
procesus,procesu,1,1
procido,procidit,1,1
proclamo,proclamabat,1,4
proclamo,proclamant,1,4
proclamo,proclamatum,1,4
proclamo,proclamavit,1,4
procliuitas,procliuitate,1,1
proclivis,proclive,1,1
proconsul,proconsulem,1,2
proconsul,proconsule,1,2
procreatio,procreationem,1,1
procreo,procreetur,1,3
procreo,procreatis,1,3
procreo,procreandam,1,3
procul,procul,10,10
proculco,proculcatur,1,1
procurator,Procurator,31,67
procurator,Procuratoris,14,67
procurator,Procuratorem,9,67
procurator,Procuratore,5,67
procurator,procurator,3,67
procurator,Procuratori,2,67
procurator,procuratori,1,67
procurator,procuratorem,1,67
procurator,Procuratores,1,67
procuratorius,procuratoria,1,1
procuratus,Procuratorum,1,1
procuro,procurare,3,22
procuro,procurabant,3,22
procuro,procuravi,2,22
procuro,procuraret,2,22
procuro,procuranda,2,22
procuro,procuravimus,1,22
procuro,procurarent,1,22
procuro,procurabamus,1,22
procuro,procurarint,1,22
procuro,procurante,1,22
procuro,procurandam,1,22
procuro,procurarunt,1,22
procuro,procurant,1,22
procuro,procurabat,1,22
procuro,procuraturus,1,22
prodeo,prodeunt,1,6
prodeo,prodierunt,1,6
prodeo,prodiit,1,6
prodeo,prodiere,1,6
prodeo,prodirent,1,6
prodeo,prodire,1,6
prodigiosus,prodigioso,1,1
prodigium,prodigio,1,4
prodigium,prodigiorum,1,4
prodigium,prodigiis,1,4
prodigium,prodigia,1,4
prodigus,prodigus,2,3
prodigus,prodigo,1,3
prodii,prodiisse,1,1
proditio,proditionis,3,9
proditio,proditione,2,9
proditio,proditiones,2,9
proditio,proditio,1,9
proditio,proditionem,1,9
proditor,proditoris,1,4
proditor,proditor,1,4
proditor,proditoribus,1,4
proditor,proditores,1,4
prodituo,prodituram,1,1
prodo,proderent,1,5
prodo,produnt,1,5
prodo,prodiderint,1,5
prodo,prodente,1,5
prodo,proditus,1,5
prodromus,prodromos,1,1
prodsum,prodessent,1,1
produco,produxerunt,1,4
produco,producant,1,4
produco,produxerit,1,4
produco,producatur,1,4
prof,Prof,12,12
profectio,profectionem,2,3
profectio,profectio,1,3
profecto,profecto,13,13
profectus,profectum,11,12
profectus,profectis,1,12
profeor,profectura,1,1
profero,protuli,1,9
profero,prolatam,1,9
profero,proferre,1,9
profero,proferrent,1,9
profero,proferimus,1,9
profero,proferendam,1,9
profero,proferrem,1,9
profero,proferret,1,9
profero,protulit,1,9
professio,professionem,11,14
professio,professionis,1,14
professio,professioni,1,14
professio,Professione,1,14
professor,Professorum,2,5
professor,Professores,2,5
professor,professorum,1,5
profetior,professos,1,1
proficio,profecerunt,3,7
proficio,proficere,1,7
proficio,profici,1,7
proficio,proficiant,1,7
proficio,profecta,1,7
proficiscor,profectus,7,20
proficiscor,profecti,7,20
proficiscor,proficisci,3,20
proficiscor,proficiscuntur,1,20
proficiscor,proficisceretur,1,20
proficiscor,proficiscitur,1,20
profiteor,Professus,21,58
profiteor,Professi,10,58
profiteor,professi,8,58
profiteor,professis,5,58
profiteor,professus,4,58
profiteor,professum,2,58
profiteor,PROFESSIS,1,58
profiteor,profitentium,1,58
profiteor,Professis,1,58
profiteor,profitetur,1,58
profiteor,profitemur,1,58
profiteor,profiteri,1,58
profiteor,profitebantur,1,58
profiteor,profiterentur,1,58
profligo,profligata,1,2
profligo,profligarent,1,2
profluo,profluxerunt,1,2
profluo,profluendi,1,2
proftro,proftrato,1,1
profugus,profugus,1,1
profund,profund,1,1
profunditas,profunditas,1,2
profunditas,profunditatis,1,2
profundo,profudi,1,1
profundus,profundissimae,1,1
progenies,progenie,1,1
progno,prognatis,1,1
progredior,progressus,7,23
progredior,progredi,5,23
progredior,progressa,3,23
progredior,progrediar,2,23
progredior,progressi,2,23
progredior,progrediebantur,1,23
progredior,progrediente,1,23
progredior,progreditur,1,23
progredior,progressae,1,23
progredìor,progredì,1,1
progredo,progressurum,1,1
progressus,progressibus,3,7
progressus,progressum,3,7
progressus,progressu,1,7
prohibeo,prohibemur,10,49
prohibeo,prohibita,5,49
prohibeo,prohibens,3,49
prohibeo,prohibet,2,49
prohibeo,prohibuit,2,49
prohibeo,prohibebat,2,49
prohibeo,prohibendum,2,49
prohibeo,prohibitum,2,49
prohibeo,prohibentium,2,49
prohibeo,prohibere,2,49
prohibeo,prohibentur,2,49
prohibeo,prohibiturus,2,49
prohibeo,prohibeo,1,49
prohibeo,prohibentibus,1,49
prohibeo,prohibeant,1,49
prohibeo,prohibebant,1,49
prohibeo,Prohibemur,1,49
prohibeo,prohibemus,1,49
prohibeo,prohibemurrem,1,49
prohibeo,Prohibentur,1,49
prohibeo,prohibetur,1,49
prohibeo,prohibent,1,49
prohibeo,prohiberemur,1,49
prohibeo,prohibiti,1,49
prohibeo,prohiberent,1,49
prohibitio,prohibitionem,2,3
prohibitio,prohibitione,1,3
prohibitor,prohibiteum,1,1
proicio,proiecti,1,3
proicio,proiecta,1,3
proicio,proiecit,1,3
proiicio,proiiciuntur,1,1
proinde,proinde,9,9
proles,proles,1,1
prolixe,prolixius,2,2
prolixus,prolixa,1,2
prolixus,prolixior,1,2
prom,prom,1,1
promereo,promeruit,1,2
promereo,promereantur,1,2
promineo,prominent,1,1
promiscue,promiscue,1,1
promissio,promissiones,1,3
promissio,promissionibus,1,3
promissio,promissione,1,3
promissor,Promissorum,1,1
promissum,promissis,5,5
promitto,promittit,5,33
promitto,promittunt,4,33
promitto,promissum,3,33
promitto,promisit,2,33
promitto,promissa,2,33
promitto,promittebat,2,33
promitto,promitteret,2,33
promitto,promissam,1,33
promitto,promiserat,1,33
promitto,promittentes,1,33
promitto,promisso,1,33
promitto,promissas,1,33
promitto,promittebant,1,33
promitto,promittens,1,33
promitto,promittebantur,1,33
promitto,promisi,1,33
promitto,Promittebat,1,33
promitto,promiserunt,1,33
promitto,promittendo,1,33
promitto,promisimus,1,33
promo,promoti,3,6
promo,prompti,2,6
promo,promptiores,1,6
promotio,promotionem,1,1
promotura,promoturam,1,1
promoueo,Promouendam,1,1
promoveo,promovenda,2,16
promoveo,promovere,2,16
promoveo,promoturus,1,16
promoveo,promoveri,1,16
promoveo,promoveantur,1,16
promoveo,promoveat,1,16
promoveo,promoventur,1,16
promoveo,promoveret,1,16
promoveo,promoverent,1,16
promoveo,promovendo,1,16
promoveo,promoverunt,1,16
promoveo,promovendum,1,16
promoveo,Promovit,1,16
promoveo,promoturum,1,16
prompte,promptius,2,4
prompte,promptissime,2,4
promptus,promptu,4,12
promptus,promptus,4,12
promptus,promptissimi,2,12
promptus,promptissimus,1,12
promptus,promptam,1,12
promtitudo,promtitudo,1,1
promulgatio,promulgatione,2,4
promulgatio,promulgationi,1,4
promulgatio,promulgationem,1,4
promulgator,promulgatores,1,1
promulgo,promulgat,1,8
promulgo,promulgandum,1,8
promulgo,promulgaturi,1,8
promulgo,promulgatum,1,8
promulgo,promulgabit,1,8
promulgo,promulgatis,1,8
promulgo,promulgavit,1,8
promulgo,promulgato,1,8
prona,pronas,3,4
prona,pronam,1,4
pronum,pronis,1,1
pronuncio,pronunciatur,1,4
pronuncio,pronunciatae,1,4
pronuncio,pronunciata,1,4
pronuncio,Pronunciata,1,4
pronuntiatio,pronuntiatione,1,1
pronuntio,pronuntiarunt,1,1
pronus,prono,4,5
pronus,pronum,1,5
prooemium,Prooemium,1,1
prop,prop,2,2
Propagandes,Propagande,1,1
propagatio,propagatione,1,3
propagatio,propagatio,1,3
propagatio,Propagatio,1,3
propagator,Propagatores,1,2
propagator,propagatores,1,2
propago,Propaganda,11,19
propago,propagandam,3,19
propago,propagandum,1,19
propago,propagandae,1,19
propago,propagata,1,19
propago,propagent,1,19
propago,propagare,1,19
propallo,propallandam,1,1
prope,prope,28,37
prope,proxime,6,37
prope,propius,2,37
prope,Prope,1,37
propemodum,propemodum,3,3
propendo,propensi,1,1
propensio,propensionem,5,8
propensio,propensiones,1,8
propensio,propensio,1,8
propensio,propensione,1,8
propensus,propensum,2,3
propensus,propensos,1,3
propero,properante,1,1
properus,propero,1,1
propheta,prophetarum,2,5
propheta,propheta,1,5
propheta,prophetae,1,5
propheta,Prophetarum,1,5
prophetia,prophetiam,1,2
prophetia,prophetiae,1,2
propheticus,propheticis,1,1
propheto,prophetauit,1,1
propino,propinato,1,2
propino,propinare,1,2
propinquitas,propinquitate,1,1
propinquo,propinquantes,2,4
propinquo,propinquat,1,4
propinquo,propinquans,1,4
propinquus,propinqua,1,3
propinquus,propinqui,1,3
propinquus,propinquos,1,3
propitius,propitius,2,4
propitius,propitia,1,4
propitius,propitio,1,4
propiusque,propiusque,1,1
propono,proposito,6,30
propono,propositum,3,30
propono,proponere,2,30
propono,proponit,2,30
propono,proposuit,2,30
propono,proposita,2,30
propono,proponant,2,30
propono,proposui,1,30
propono,Proposui,1,30
propono,proponendas,1,30
propono,Proposuit,1,30
propono,proposuerat,1,30
propono,proponitur,1,30
propono,proposuerit,1,30
propono,proponuntur,1,30
propono,proponunt,1,30
propono,propositis,1,30
propono,proposuerunt,1,30
proportio,proportione,1,1
propositio,propositiones,1,2
propositio,propositionibus,1,2
propositionemque,Propositionemque,1,1
proposum,proposit,1,1
proprie,proprie,2,2
proprietas,proprietatibus,1,1
proprior,proprior,1,1
proprius,propria,17,57
proprius,propriis,11,57
proprius,proprium,9,57
proprius,proprio,8,57
proprius,propriae,5,57
proprius,propriam,3,57
proprius,proprijs,2,57
proprius,proprios,1,57
proprius,proprii,1,57
propter,propter,85,93
propter,Propter,8,93
propterea,propterea,17,18
propterea,Propterea,1,18
propugnaculoque,propugnaculoque,1,1
propugnaculum,propugnaculum,20,44
propugnaculum,propugnaculi,9,44
propugnaculum,propugnaculo,9,44
propugnaculum,propugnaculis,4,44
propugnaculum,propugnacula,1,44
propugnaculum,propugnaculorum,1,44
propugno,propugnabat,1,1
proque,proque,1,1
prorex,Prorege,3,8
prorex,Prorex,2,8
prorex,Proregis,2,8
prorex,prorex,1,8
Prorex,Proregi,3,3
proripio,proripiunt,1,1
prorogo,prorogandum,1,1
prorsus,prorsus,25,25
prorumpo,prorumpentibus,1,2
prorumpo,prorumperet,1,2
proscindo,proscindi,1,1
proscribo,proscribendâ,1,1
prosecuto,prosecutes,1,1
proselytus,proselytus,1,1
prosequor,prosequitur,5,31
prosequor,prosequi,4,31
prosequor,prosecutus,3,31
prosequor,prosequerentur,3,31
prosequor,prosequendo,2,31
prosequor,prosecuti,2,31
prosequor,prosequatur,2,31
prosequor,prosequebatur,2,31
prosequor,prosequuntur,2,31
prosequor,prosequendi,1,31
prosequor,prosequendum,1,31
prosequor,prosequar,1,31
prosequor,prosequebantur,1,31
prosequor,prosequantur,1,31
prosequor,prosequendos,1,31
prosilio,prosiliunt,1,1
prospecto,prospectans,1,1
prosper,prospero,2,6
prosper,prosperum,2,6
prosper,PROSPER,1,6
prosper,prosper,1,6
prospere,prospere,3,3
prosperrimus,prosperrimos,1,1
prosperus,prospera,2,9
prosperus,prosperis,2,9
prosperus,prosperus,1,9
prosperus,prosperi,1,9
prosperus,prosperiorum,1,9
prosperus,prosperior,1,9
prosperus,prosperos,1,9
prospicio,prospicere,1,2
prospicio,prospectum,1,2
prostituo,prostituendis,1,1
prosto,prostabat,1,1
prostrao,prostrauerat,1,1
prostrerno,prostratus,1,1
prosum,prodesse,3,8
prosum,profuit,3,8
prosum,prodest,1,8
prosum,prodesset,1,8
protecto,protecto,1,1
protector,protectorem,2,3
protector,protectores,1,3
protego,protegebat,1,4
protego,protexit,1,4
protego,protegenti,1,4
protego,protegere,1,4
protestatio,protestatione,4,5
protestatio,protestationis,1,5
protestor,protestor,5,11
protestor,protestari,5,11
protestor,protestati,1,11
protinus,protinus,4,4
protraho,protraheretur,1,3
protraho,protractam,1,3
protraho,protracto,1,3
prouidentia,providentia,10,18
prouidentia,prouidentia,4,18
prouidentia,Providentia,2,18
prouidentia,prouidentiam,2,18
prouincia,prouincias,6,20
prouincia,prouinciae,5,20
prouincia,prouinciam,4,20
prouincia,Prouinciae,4,20
prouincia,Prouincias,1,20
prout,prout,17,17
prov,prov,1,1
proveho,provectis,1,2
proveho,provexit,1,2
provenio,provenire,1,3
provenio,provenit,1,3
provenio,provenerint,1,3
proventus,proventus,2,2
proveo,proventura,1,1
provicarius,provicarius,19,37
provicarius,provicario,9,37
provicarius,provicarium,7,37
provicarius,Provicarius,1,37
provicarius,provicarii,1,37
provicio,provectiores,1,2
provicio,provecta,1,2
provico,provicari,1,1
providentia,providentiae,3,7
providentia,providentiam,2,7
providentia,Providentiae,1,7
providentia,Providentiam,1,7
provideo,providere,4,16
provideo,provideret,4,16
provideo,provideant,2,16
provideo,providendi,2,16
provideo,providentur,1,16
provideo,provide,1,16
provideo,provisum,1,16
provideo,provideri,1,16
provin,Provin,1,1
provincȩ,provincȩ,1,1
provincia,Provincia,125,434
provincia,Provinciae,100,434
provincia,Provinciam,47,434
provincia,Provincias,28,434
provincia,provincia,23,434
provincia,provinciae,20,434
provincia,prouincia,19,434
provincia,Provinciarum,18,434
provincia,Provinciis,12,434
provincia,provinciam,11,434
provincia,provinciarum,7,434
provincia,provincias,7,434
provincia,provinciis,6,434
provincia,prouinciis,5,434
provincia,PROVINCIAE,1,434
provincia,PROVINCIA,1,434
provincia,Provincie,1,434
provincia,provincie,1,434
provincia,PROVINCIAM,1,434
provincia,Prouincia,1,434
provinciâ,Provinciâ,1,1
provincialis,provincialis,30,85
provincialis,Provincialis,25,85
provincialis,provinciali,13,85
provincialis,Provincialem,6,85
provincialis,provincialem,5,85
provincialis,Provinciali,2,85
provincialis,Provincialium,1,85
provincialis,PROVINCIALI,1,85
provincialis,PROVINCIALIS,1,85
provincialis,Provinciale,1,85
provinciȩ,provinciȩ,13,13
provincijs,Provincijs,4,4
provincja,Provincjis,1,1
provinicus,Provinicam,1,1
provis,providum,1,1
provisio,provisionem,2,3
provisio,provisione,1,3
provisorius,provisorias,1,1
provocatio,provocatione,1,1
provocatosquus,provocatosque,1,1
provoco,provocarat,2,5
provoco,provocantur,1,5
provoco,provocabat,1,5
provoco,provocarent,1,5
provoluo,provolutus,2,2
provolvo,provolutum,1,1
proximorumque,proximorumque,1,1
proximus,proximorum,8,37
proximus,proximum,7,37
proximus,proximo,5,37
proximus,proximi,5,37
proximus,proximos,3,37
proximus,proximae,1,37
proximus,proximis,1,37
proximus,proximas,1,37
proximus,proximior,1,37
proximus,proximius,1,37
proximus,proxima,1,37
proximus,Proximus,1,37
proximus,proximus,1,37
proximus,Proxima,1,37
prudens,prudentes,3,11
prudens,prudens,2,11
prudens,prudentium,1,11
prudens,prudenti,1,11
prudens,prudentibus,1,11
prudens,prudentissimos,1,11
prudens,Prudentiores,1,11
prudens,prudentiores,1,11
prudenter,prudentissime,2,2
prudentia,prudentia,12,20
prudentia,prudentiam,3,20
prudentia,prudentiae,3,20
prudentia,prudentie,2,20
prunum,pruno,1,1
psalmus,Psalmorum,1,1
psalter,psalterium,1,1
psalterium,psalteria,2,3
psalterium,psalterio,1,3
pseudo,pseudo,1,1
psittacium,psittacium,1,1
pssum,potenti,1,1
psytachus,psytachi,1,1
ptior,ptiores,1,1
ptista,ptistae,1,1
ptolemaidis,Ptolemaidem,1,1
ptolemais,Ptolemais,1,1
publice,publice,15,15
publico,publicavit,3,9
publico,publicetur,1,9
publico,publicatum,1,9
publico,Publicavit,1,9
publico,publicare,1,9
publico,publicato,1,9
publico,publicatam,1,9
publicus,publicum,10,35
publicus,publica,6,35
publicus,publico,5,35
publicus,publicam,4,35
publicus,publicis,3,35
publicus,publicas,3,35
publicus,publicae,3,35
publicus,Publica,1,35
Pucheus,Pucheu,1,1
puchritudo,puchritudo,1,1
pudefacio,pudefactis,1,1
pudeficio,pudefecerunt,1,1
pudo,Pudet,1,1
puella,puellarum,1,4
puella,puellam,1,4
puella,puellas,1,4
puella,puellis,1,4
puer,pueros,18,52
puer,pueri,12,52
puer,puerum,5,52
puer,pueris,5,52
puer,puerorum,4,52
puer,puer,4,52
puer,puero,2,52
puer,Pueri,1,52
puer,Puer,1,52
puerilis,puerilem,1,2
puerilis,puerili,1,2
pueritia,pueritia,2,2
puerulus,puerulos,1,2
puerulus,pueruli,1,2
pugna,pugnae,5,11
pugna,pugnam,3,11
pugna,pugna,3,11
pugnacul,pugnacul,1,1
pugnator,pugnatores,1,1
pugno,pugnatum,4,30
pugno,pugnantibus,4,30
pugno,pugnavit,3,30
pugno,pugnando,3,30
pugno,pugnant,2,30
pugno,pugnare,2,30
pugno,pugnandum,2,30
pugno,pugnaret,2,30
pugno,pugnabant,1,30
pugno,pugnarat,1,30
pugno,Pugnatur,1,30
pugno,Pugnantium,1,30
pugno,pugnarunt,1,30
pugno,pugnarent,1,30
pugno,Pugnatum,1,30
pugno,pugnabat,1,30
pugnus,pugnis,1,1
pulcer,pulcrum,1,1
pulcerrime,pulcerrime,1,1
pulcerrix,pulcerrima,1,1
pulcher,pulchra,2,14
pulcher,pulcherrima,2,14
pulcher,pulcherrimam,2,14
pulcher,pulchro,1,14
pulcher,pulchram,1,14
pulcher,pulcherrimè,1,14
pulcher,pulcherrimis,1,14
pulcher,pulcherrime,1,14
pulcher,pulcherrimum,1,14
pulcher,pulchrum,1,14
pulcher,pulcherrimae,1,14
pulchre,pulchre,3,5
pulchre,pulchrius,2,5
pulchrior,pulchrioribus,1,1
pulchritudo,pulchritudinem,8,11
pulchritudo,pulchritudo,2,11
pulchritudo,pulchritudine,1,11
pulchus,pulcherrimas,2,2
pulcra,pulcram,2,2
pulex,pulex,1,1
pullulo,pullulat,1,2
pullulo,pullularunt,1,2
pulsans,Pulsansque,1,1
pulso,pulsatum,1,1
pululo,pululavit,1,1
pulvis,puluere,4,8
pulvis,pulverem,1,8
pulvis,puluerem,1,8
pulvis,pulvere,1,8
pulvis,pulveris,1,8
punctum,puncto,3,6
punctum,punctum,2,6
punctum,puncta,1,6
pungo,punctos,1,2
pungo,pungentes,1,2
punicallus,Punicalli,1,1
punicus,Punicam,1,2
punicus,Punicis,1,2
punio,punit,2,5
punio,punire,1,5
punio,puniant,1,5
punio,puniretur,1,5
pure,pure,1,1
purgatio,purgationi,1,1
purgatorius,Purgatorii,1,1
purgo,purgato,1,1
purior,purioris,1,1
puritas,puritatem,1,2
puritas,puritate,1,2
purpura,purpuram,2,2
purpureus,purpurei,1,1
purus,pura,1,1
pus,pus,2,2
puta,puta,2,2
puto,puto,8,30
puto,Puto,2,30
puto,putavit,2,30
puto,putabant,2,30
puto,putant,1,30
puto,putantur,1,30
puto,putat,1,30
puto,putatur,1,30
puto,Putabant,1,30
puto,putare,1,30
puto,putabat,1,30
puto,putaverint,1,30
puto,putamus,1,30
puto,putes,1,30
puto,putabatur,1,30
puto,putarent,1,30
puto,putaretur,1,30
puto,putabantur,1,30
puto,putaret,1,30
puto,putavi,1,30
putor,putentur,1,1
putridus,putridi,1,1
pyratar,pyratar,1,1
pyratus,pyratis,2,6
pyratus,pyratarum,2,6
pyratus,pyrata,2,6
q,q,3,3
qis,qis,1,1
qodque,qodque,1,1
qu,qu,12,16
qu,Qu,4,16
quà,quà,1,1
quâ,quâ,3,3
quadantenus,quadantenus,1,1
quadragesimalis,quadragesimale,1,2
quadragesimalis,quadragesimali,1,2
quadragesimus,quadragesimo,2,3
quadragesimus,quadragesimae,1,3
quadragies,quadragies,1,1
quadraginta,quadraginta,23,25
quadraginta,Quadraginta,2,25
quadratus,quadrato,2,2
quadrienio,quadrienio,1,1
quadriennium,quadriennio,9,10
quadriennium,quadriennium,1,10
quadringenta,quadringenta,2,2
quadringenti,quadringentos,1,3
quadringenti,quadringenti,1,3
quadringenti,quadringentorum,1,3
quadripartio,quadripartita,1,1
quadro,quadratis,2,2
quadros,Quadros,8,8
quadrus,quadri,1,1
quaeo,quaet,1,1
quaerela,quaerelam,1,1
quaerimonia,quaerimonias,1,1
quaero,Quaerentes,1,10
quaero,quaerantur,1,10
quaero,quaesiit,1,10
quaero,Quaesiit,1,10
quaero,Quaerenti,1,10
quaero,Quaerebatur,1,10
quaero,quaerendo,1,10
quaero,quaererent,1,10
quaero,quaeri,1,10
quaero,quaereret,1,10
quaeso,quaeso,1,1
quaestio,quaestionem,3,7
quaestio,Quaestione,1,7
quaestio,quaestiorum,1,7
quaestio,quaestioni,1,7
quaestio,quaestione,1,7
quaestus,quaestum,2,2
qualemcunques,qualemcunque,1,1
qualesqualis,qualesquales,1,1
qualis,quales,5,19
qualis,qualia,5,19
qualis,qualis,4,19
qualis,quale,3,19
qualis,qualem,1,19
qualis,Qualis,1,19
qualiscumque,qualecumque,1,2
qualiscumque,qualiscumque,1,2
qualiscunque,qualiscunque,1,2
qualiscunque,qualicunque,1,2
qualismcumque,qualemcumque,1,1
qualitas,qualitatem,2,4
qualitas,QUALITATE,1,4
qualitas,qualitate,1,4
qualiter,qualiter,1,1
quam,quam,436,445
quam,Quam,9,445
quàm,quàm,15,15
quambacundo,Quambacundoni,1,1
quambacundonus,Quambacundonus,1,2
quambacundonus,Quambacundono,1,2
quambioiendo,Quambioiendonum,2,2
quambioiendonus,Quambioiendoni,8,16
quambioiendonus,Quambioiendono,5,16
quambioiendonus,Quambioiendonus,3,16
quambioindonus,Quambioindono,1,1
quambioyedonus,Quambioyedonus,1,1
quamcunquae,quamcunquae,1,1
quamdiu,quamdiu,3,7
quamdiu,quandiu,3,7
quamdiu,Quamdiu,1,7
quammaxime,quammaxime,1,1
quamobres,Quamobrem,12,13
quamobres,quamobrem,1,13
quamplures,quamplures,1,1
quamplurim,quamplurim,1,1
quamplurime,quamplurime,3,3
quamplurimi,quamplurimi,10,11
quamplurimi,Quamplurimi,1,11
quamplurimis,quamplurimis,9,9
quamplurimus,quamplurimos,9,25
quamplurimus,quamplurima,8,25
quamplurimus,quamplurimas,6,25
quamplurimus,Quamplurimas,1,25
quamplurimus,quamplurimae,1,25
quamprimus,quamprimum,6,6
quamquam,quanquam,5,11
quamquam,quamquam,3,11
quamquam,Quamquam,2,11
quamquam,Quanquam,1,11
quamque,quamque,1,1
quamtum,Quamtum,1,1
quamuis,quamvis,46,52
quamuis,Quamvis,4,52
quamuis,quamuis,1,52
quamuis,QUAMVIS,1,52
quan,quan,2,2
quando,quando,56,62
quando,Quando,6,62
quandocumque,quandocumque,1,1
quandoque,quandoque,2,2
quandoquidem,quandoquidem,12,15
quandoquidem,Quandoquidem,3,15
quangcheu,Quangcheu,4,4
quangnii,Quangning,1,1
quangsus,Quangsi,7,7
quangtuns,Quangtung,18,18
quansi,Quansi,1,1
quantamvis,quantamvis,1,1
quantanus,Quantanis,1,3
quantanus,Quantani,1,3
quantanus,Quantanorum,1,3
quantitas,quantitate,2,3
quantitas,quantitatem,1,3
quanto,quanto,6,6
quantò,quantò,2,2
quantu,quantu,1,1
quantum,quantum,31,34
quantum,Quantum,2,34
quantum,quantumus,1,34
quantumcumque,quantumcunque,1,1
quantumlibet,quantumlibet,2,2
quantumuis,quantumuis,2,2
quantumvus,quantumvis,1,1
quantunus,Quantung,1,1
quantus,quanta,20,29
quantus,quantam,4,29
quantus,Quanta,1,29
quantus,quanti,1,29
quantus,Quantas,1,29
quantus,quantas,1,29
quantus,quantis,1,29
quantuscumque,quantumcumque,3,3
quanuis,Quanuis,1,2
quanuis,quanuis,1,2
quanvis,quanvis,2,2
quapiam,quapiam,1,1
quapropter,Quapropter,8,12
quapropter,quapropter,4,12
quare,Quare,34,48
quare,quare,14,48
quartus,Quartum,5,21
quartus,quartum,3,21
quartus,quarto,3,21
quartus,quarta,2,21
quartus,Quartus,2,21
quartus,quartam,1,21
quartus,Quarto,1,21
quartus,QUARTUS,1,21
quartus,Quarta,1,21
quartus,QUARTA,1,21
quartus,quartae,1,21
quasi,quasi,39,39
quatefacio,quatefacta,1,1
quatenus,quatenus,1,1
quater,quater,2,2
quatercentum,quatercentum,1,1
quaternus,quaternis,1,1
quattuor,quatuor,102,115
quattuor,Quatuor,6,115
quattuor,quattuor,5,115
quattuor,QUATUOR,1,115
quattuor,Quattuor,1,115
quattuordecim,quatuordecim,7,7
quaùe,quaùe,1,1
que,c,45,79
que,que,30,79
que,C,3,79
que,Que,1,79
quȩ,quȩ,20,21
quȩ,Quȩ,1,21
quę,quę,8,8
quebo,quebant,1,1
queichei,Queicheu,1,1
Queilin,Queilin,1,1
quemadmod,quemadmod,2,2
quemadmodum,quemadmodum,12,13
quemadmodum,Quemadmodum,1,13
quemener,Quemener,3,3
quend,quend,2,2
quenquam,quenquam,3,3
quenqus,quenqu,1,1
queo,queat,3,6
queo,queant,3,6
querela,querelis,4,5
querela,querelas,1,5
quero,quesivi,1,1
quȩro,quȩrendum,3,10
quȩro,quȩsita,2,10
quȩro,quȩrunt,2,10
quȩro,quȩreremus,1,10
quȩro,quȩrere,1,10
quȩro,quȩrimus,1,10
queror,querendam,1,1
querulus,querulus,1,1
quęso,quęso,1,1
queviras,Quevira,1,1
qui,qui,805,2813
qui,quae,527,2813
qui,quo,323,2813
qui,quibus,231,2813
qui,qua,160,2813
qui,quos,155,2813
qui,cui,111,2813
qui,cuius,90,2813
qui,quas,85,2813
qui,quem,85,2813
qui,quorum,73,2813
qui,Qui,33,2813
qui,Quae,33,2813
qui,Quo,24,2813
qui,quarum,23,2813
qui,Qua,18,2813
qui,Quorum,9,2813
qui,Quibus,7,2813
qui,Cui,6,2813
qui,Cuius,5,2813
qui,QUI,3,2813
qui,Quos,2,2813
qui,Quas,2,2813
qui,Quem,1,2813
qui,QUA,1,2813
qui,quaę,1,2813
quia,quia,217,233
quia,Quia,16,233
quiasum,quiasint,1,1
quibu,quibusve,1,2
quibu,quibusad,1,2
quibusque,pluribusque,1,1
quibusvis,quibusvis,2,2
quic,quic,1,1
quicum,quibuscum,1,2
quicum,quoscum,1,2
quicumque,quocumque,4,27
quicumque,quacumque,3,27
quicumque,quaecumque,3,27
quicumque,cuicumque,3,27
quicumque,cuiuscumque,3,27
quicumque,quicumque,3,27
quicumque,quascumque,2,27
quicumque,quoscumque,2,27
quicumque,quocunque,1,27
quicumque,quamcumque,1,27
quicumque,Quicumque,1,27
quicumque,quemcumque,1,27
quicunque,quibuscunque,3,3
quidam,quidam,36,207
quidam,quaedam,26,207
quidam,quadam,22,207
quidam,quibusdam,19,207
quidam,quodam,16,207
quidam,cuidam,14,207
quidam,cuiusdam,12,207
quidam,quosdam,9,207
quidam,quoddam,8,207
quidam,quemdam,7,207
quidam,quandam,6,207
quidam,quorundam,6,207
quidam,quamdam,5,207
quidam,quedam,4,207
quidam,Quidam,4,207
quidam,quendam,4,207
quidam,quasdam,3,207
quidam,quorumdam,2,207
quidam,quȩdam,1,207
quidam,Quadam,1,207
quidam,Quarundam,1,207
quidam,Quodam,1,207
quidem,quidem,118,118
quidpiam,quidpiam,1,1
quidque,quidque,1,1
quies,quiete,4,12
quies,quies,3,12
quies,quietem,3,12
quies,quietis,2,12
quiesco,quiescerent,2,11
quiesco,quiescere,2,11
quiesco,quievit,2,11
quiesco,quietos,2,11
quiesco,quiescit,1,11
quiesco,quievisse,1,11
quiesco,quiescendi,1,11
quietus,quietus,2,6
quietus,quieta,2,6
quietus,quietum,1,6
quietus,quieti,1,6
quievo,Quievere,1,1
quilibet,quolibet,5,19
quilibet,qualibet,3,19
quilibet,quilibet,3,19
quilibet,quamlibet,2,19
quilibet,quaelibet,2,19
quilibet,quelibet,1,19
quilibet,quemlibet,1,19
quilibet,quibuslibet,1,19
quilibet,Quaelibet,1,19
Quimura,Quimura,6,6
quin,quin,19,23
quin,Quin,4,23
quina,quina,1,1
quinam,quinam,1,1
quinctus,Quincta,1,1
quindecim,quindecim,18,18
quinetiam,Quinetiam,2,2
quingentesimus,quingentesimo,2,2
quingentessimus,quingentessimo,1,1
quingenti,quingentos,7,21
quingenti,quingenta,6,21
quingenti,quingentis,4,21
quingenti,quingenti,4,21
quingodonus,Quingodono,1,2
quingodonus,Quingodonus,1,2
quinimo,quinimo,8,8
quinquagesime,quinquagesime,1,1
quinquagesimus,quinquagesimum,2,3
quinquagesimus,quinquagesimo,1,3
quinquagessimus,quinquagessimo,1,2
quinquagessimus,quinquagessimum,1,2
quinquaginta,quinquaginta,27,27
quinque,quinque,61,61
quinquennium,quinquennium,1,1
quintus,Quintus,5,22
quintus,Quintum,4,22
quintus,quinta,4,22
quintus,quintam,2,22
quintus,quinto,2,22
quintus,Quinto,1,22
quintus,QUINTA,1,22
quintus,QUINTUS,1,22
quintus,Quinta,1,22
quintus,quintum,1,22
quinus,quinis,1,1
quippe,quippe,14,16
quippe,Quippe,2,16
quiq,quiq,1,1
quique,eiusque,18,23
quique,quique,4,23
quique,quarumque,1,23
quis,quid,72,113
quis,quis,24,113
quis,Quid,15,113
quis,Quis,2,113
quisnam,Chinam,3,5
quisnam,quidnam,1,5
quisnam,quisnam,1,5
quispiam,quispiam,3,5
quispiam,quempiam,2,5
quisqque,quaeqque,1,1
quisqu,cuiqu,1,2
quisqu,quisqu,1,2
quisquam,quicquam,7,23
quisquam,quidquam,5,23
quisquam,quemquam,4,23
quisquam,quisquam,3,23
quisquam,quoquam,2,23
quisquam,cuiquam,2,23
quisque,quisque,13,37
quisque,quaeque,6,37
quisque,cuique,6,37
quisque,quibusque,5,37
quisque,suamque,3,37
quisque,quemque,3,37
quisque,cuiusque,1,37
quisquis,quidquid,9,16
quisquis,quicquid,6,16
quisquis,quoquo,1,16
quiu,cuiusq,1,1
quiumque,summumque,1,1
quiusv,cuiusvis,1,1
quivis,quivis,4,8
quivis,quovis,2,8
quivis,Quovis,1,8
quivis,quidvis,1,8
quò,quò,3,3
quoad,quoad,14,15
quoad,Quoad,1,15
quoadusque,quoadusque,3,3
quocirca,Quocirca,7,7
quod,quod,561,615
quod,Quod,54,615
quòd,quòd,14,14
quodammodo,quodammodo,1,1
quodammodò,quodammodò,1,1
quodmodo,quodmodo,1,1
quodq,quodq,1,1
quodque,quodque,5,5
quodsi,Quodsi,1,1
quodsumus,quodsumus,1,1
quoi,quodd,1,1
quomodo,quomodo,25,28
quomodo,Quomodo,3,28
quomodocumque,quomodocumque,1,1
quomodolibet,quomodolibet,1,1
quon,quon,1,1
quonam,Quonam,1,1
quondam,quondam,3,3
quoni,quoni,1,1
quoniam,quoniam,42,52
quoniam,Quoniam,10,52
quopiam,quopiam,1,1
quoppiam,quoppiam,1,1
quoq,quoq,17,17
quoque,quoque,84,84
quoquouersus,quoquouersus,1,1
quor,quor,2,2
quorsum,quorsum,2,2
quosque,quosque,3,3
quot,quot,13,14
quot,Quot,1,14
quotanis,quotanis,4,4
quotannis,quotannis,11,11
quotidianus,quotidianum,1,3
quotidianus,Quotidiano,1,3
quotidianus,quotidianis,1,3
quotiens,quotiens,1,1
quoties,quoties,2,2
quotquot,quotquot,11,11
quousque,quousque,1,1
quum,quum,1,1
qvi,QVA,1,1
qvoniam,QVONIAM,1,1
r,R,76,79
r,r,3,79
r.d,R.D,3,3
R.P,R.P,24,24
r.t,R.T,2,2
r.v,R.V,17,17
ra,ra,1,1
rabbinus,Rabbini,2,3
rabbinus,Rabbinus,1,3
rabies,rabiem,3,6
rabies,rabie,2,6
rabies,rabies,1,6
raciolensis,Raciolensis,1,1
raciolus,Raciolum,3,4
raciolus,Raciolo,1,4
radeo,raderent,2,2
radians,radiantissimo,1,1
radicitus,radicitus,2,2
radio,radianti,1,1
radis,radij,1,1
radix,radices,2,3
radix,radicem,1,3
rado,radunt,1,1
ralis,rales,1,1
ramón,Ramón,1,1
rangel,Rangel,1,1
rangelus,Rangelus,2,3
rangelus,Rangelis,1,3
rapesco,rapuerunt,2,2
raphael,Raphael,1,1
rapina,rapina,2,5
rapina,rapinis,2,5
rapina,rapinae,1,5
rapio,rapiuntur,1,3
rapio,raperent,1,3
rapio,rapiebat,1,3
rapto,raptant,1,2
rapto,raptantur,1,2
raro,raro,7,8
raro,Raro,1,8
rarò,rarò,1,1
rarus,rarum,6,12
rarus,raros,2,12
rarus,rara,1,12
rarus,rarissimi,1,12
rarus,rari,1,12
rarus,raras,1,12
rascor,rati,4,4
rassis,rasse,1,1
rasus,rasum,2,2
rater,rater,1,1
ratio,ratione,44,157
ratio,ratio,26,157
ratio,rationes,21,157
ratio,rationem,20,157
ratio,rationis,15,157
ratio,rationi,13,157
ratio,rationibus,11,157
ratio,rationum,3,157
ratio,Rationes,2,157
ratio,Rationi,1,157
ratio,rationeq,1,157
ratiocinor,ratiocinati,1,1
ration,ration,1,1
rationabilis,rationabili,2,2
rationalis,rationalem,1,1
rationemque,rationemque,2,2
rationeque,rationeque,1,1
ratioties,ratiotiem,1,1
rator,ratoris,1,1
raucus,rauco,1,1
Raymundus,Raymundus,3,5
Raymundus,Raymundo,2,5
reaedifico,reaedificatae,2,5
reaedifico,reaedificandae,1,5
reaedifico,reaedificandas,1,5
reaedifico,reaedificandis,1,5
reatus,reatum,1,1
rebellio,rebellione,4,8
rebellio,rebellionem,3,8
rebellio,rebellioni,1,8
rebellis,rebelles,5,5
rebello,rebellantibus,1,2
rebello,rebellassent,1,2
rebellus,Rebello,1,1
rebo,rebatur,1,1
rebuspriuo,rebuspriuentur,1,1
rebusqs,rebusq,2,2
rebusque,rebusque,2,2
rec,rec,1,1
reccipio,recceptorum,1,1
recedo,recedere,4,13
recedo,recedant,2,13
recedo,recederit,1,13
recedo,recessi,1,13
recedo,recedente,1,13
recedo,recessimus,1,13
recedo,recederet,1,13
recedo,recessit,1,13
recedo,recesserit,1,13
recens,recens,3,5
recens,recentes,1,5
recens,recenti,1,5
Recensebus,Recensebo,1,1
recenseo,recensendos,2,5
recenseo,recenset,1,5
recenseo,recenseo,1,5
recenseo,recensentur,1,5
recensio,recensituri,1,1
recensus,recensui,1,1
receo,recito,1,1
recepio,recepere,2,2
receptaculum,receptaculum,1,1
recessuro,recessuri,1,1
recessus,recessus,2,2
recido,recidere,1,2
recido,recidit,1,2
recipio,recipere,10,70
recipio,recepit,6,70
recipio,recipit,5,70
recipio,receperunt,4,70
recipio,recipiantur,4,70
recipio,reciperet,4,70
recipio,recepi,3,70
recipio,recipiendum,3,70
recipio,recipimus,3,70
recipio,receptus,2,70
recipio,recipiuntur,2,70
recipio,reciperent,2,70
recipio,reciperem,2,70
recipio,recepisset,2,70
recipio,receptis,1,70
recipio,recipientes,1,70
recipio,recepti,1,70
recipio,recipis,1,70
recipio,recepistis,1,70
recipio,recepimus,1,70
recipio,recipiemus,1,70
recipio,reciperetur,1,70
recipio,reciperemus,1,70
recipio,recipiunt,1,70
recipio,recipientur,1,70
recipio,recipiendos,1,70
recipio,receptas,1,70
recipio,recepturas,1,70
recipio,recipiet,1,70
recipio,receperat,1,70
recipio,recepturos,1,70
recipio,receptum,1,70
recito,recitata,1,3
recito,recitantes,1,3
recito,recitare,1,3
reclusio,reclusionis,1,1
recognosco,recognovit,1,4
recognosco,recognoscat,1,4
recognosco,recognosceret,1,4
recognosco,recognoscere,1,4
recogo,recogit,1,1
recolo,recolentes,2,2
recommendo,recommendo,1,2
recommendo,recommendetis,1,2
reconcilio,reconciliatam,1,1
recordaor,recordaturi,1,1
recordatio,recordationis,3,5
recordatio,recordatio,1,5
recordatio,recordatione,1,5
recordor,recordari,3,6
recordor,recordatus,1,6
recordor,Recordari,1,6
recordor,recordor,1,6
recreatio,recreationem,2,2
recreo,recreent,1,5
recreo,recreandis,1,5
recreo,recreati,1,5
recreo,recreare,1,5
recreo,recreavit,1,5
rectaque,rectaque,1,1
recte,recte,6,11
recte,rectius,4,11
recte,rectissime,1,11
rectę,rectę,4,4
rectio,rectione,1,1
rector,Rector,9,25
rector,Rectori,4,25
rector,Rectore,2,25
rector,rector,2,25
rector,Rectorem,2,25
rector,Rectores,2,25
rector,rectores,1,25
rector,rectoribus,1,25
rector,Rectoris,1,25
rector,rectoris,1,25
rectoralis,rectoralibus,2,5
rectoralis,rectoralis,1,5
rectoralis,rectorales,1,5
rectoralis,rectorali,1,5
rectus,recta,11,20
rectus,rectae,5,20
rectus,rectissima,2,20
rectus,rectam,1,20
rectus,recto,1,20
recula,reculis,1,1
recupero,recuperandi,3,13
recupero,recuperarent,3,13
recupero,recuperassent,2,13
recupero,recuperandam,1,13
recupero,recuperaturi,1,13
recupero,recuperarint,1,13
recupero,recuperarunt,1,13
recupero,recuperaret,1,13
recupio,recuperet,1,1
recurro,Recurri,1,5
recurro,recurrerunt,1,5
recurro,recurri,1,5
recurro,recurrere,1,5
recurro,recurrunt,1,5
recuso,recusasset,2,8
recuso,recusarent,1,8
recuso,recuset,1,8
recuso,recusare,1,8
recuso,recusem,1,8
recuso,recusarem,1,8
recuso,recusant,1,8
redacio,redactus,2,2
redago,redactae,1,1
redditus,redditibus,8,9
redditus,redditu,1,9
reddo,redditus,36,100
reddo,reddituum,6,100
reddo,reddidit,6,100
reddo,reddi,5,100
reddo,Redditus,5,100
reddo,reddit,3,100
reddo,reddat,3,100
reddo,reddunt,3,100
reddo,reddiderunt,3,100
reddo,redderet,3,100
reddo,reddita,2,100
reddo,reddam,2,100
reddo,reddere,2,100
reddo,redditi,2,100
reddo,redderent,2,100
reddo,reddens,1,100
reddo,reddebat,1,100
reddo,reddimus,1,100
reddo,reddant,1,100
reddo,Reddidi,1,100
reddo,redditos,1,100
reddo,reddendo,1,100
reddo,Reddidit,1,100
reddo,reddenda,1,100
reddo,redditum,1,100
reddo,reddo,1,100
reddo,redderetur,1,100
reddo,reddito,1,100
reddo,reddatur,1,100
reddo,reddentur,1,100
reddo,redditurum,1,100
reddo,redditae,1,100
redego,redegissent,1,2
redego,redegere,1,2
redemptio,redemptio,1,1
redemptor,Redemptor,2,4
redemptor,redemptorem,1,4
redemptor,redemptor,1,4
redeo,redire,11,46
redeo,rediit,7,46
redeo,redivit,3,46
redeo,rediret,3,46
redeo,redeat,3,46
redeo,rediens,2,46
redeo,rediturum,2,46
redeo,redierunt,2,46
redeo,redeundi,2,46
redeo,redibo,1,46
redeo,redierant,1,46
redeo,redibit,1,46
redeo,redirent,1,46
redeo,redirem,1,46
redeo,redeundo,1,46
redeo,redibant,1,46
redeo,redeuntes,1,46
redeo,rediero,1,46
redeo,rediisset,1,46
redeo,redeant,1,46
redicule,redicule,1,1
rediculum,rediculo,1,1
redieo,rediisse,2,2
redigo,redacti,3,19
redigo,redegerunt,3,19
redigo,redacta,3,19
redigo,redactam,2,19
redigo,redegisset,2,19
redigo,redactum,1,19
redigo,redigit,1,19
redigo,redegit,1,19
redigo,redigebat,1,19
redigo,redigere,1,19
redigo,redacto,1,19
redimo,redemptas,2,6
redimo,redemit,1,6
redimo,redimendis,1,6
redimo,redemptus,1,6
redimo,redimeret,1,6
redintegro,redintegranda,1,1
rediro,rediremus,1,1
reditio,reditionem,1,1
reditus,reditus,8,19
reditus,reditum,8,19
reditus,reditu,2,19
reditus,reditibus,1,19
rediuiuo,rediuiui,1,1
rediuiuus,rediuiuis,1,3
rediuiuus,rediuiua,1,3
rediuiuus,rediuiuum,1,3
redivivus,redivivos,1,1
redo,redituros,1,1
Redondus,Redondo,1,1
reduco,reducere,4,17
reduco,reduxit,2,17
reduco,reducerent,2,17
reduco,reducatur,2,17
reduco,reducantur,2,17
reduco,reducendos,1,17
reduco,reduxerunt,1,17
reduco,reducendo,1,17
reduco,reducerentur,1,17
reduco,reducunt,1,17
redundo,redundat,2,9
redundo,redundarunt,1,9
redundo,redundaturas,1,9
redundo,redundabit,1,9
redundo,redundans,1,9
redundo,redundet,1,9
redundo,redundavit,1,9
redundo,redundaret,1,9
redux,redux,1,1
refectorius,refectorii,6,7
refectorius,refectorium,1,7
refedo,referserint,1,1
refeitorius,refeitorii,1,1
refello,refellimus,1,1
refero,retulit,5,54
refero,relatum,4,54
refero,relatus,4,54
refero,refert,4,54
refero,relatae,3,54
refero,relato,3,54
refero,relata,2,54
refero,relatis,2,54
refero,referam,2,54
refero,relati,2,54
refero,referentes,2,54
refero,referendae,2,54
refero,referunt,2,54
refero,referebantur,2,54
refero,relatam,1,54
refero,Relati,1,54
refero,Relatus,1,54
refero,refero,1,54
refero,referant,1,54
refero,referta,1,54
refero,referuntur,1,54
refero,referas,1,54
refero,referantur,1,54
refero,referatur,1,54
refero,referre,1,54
refero,referebant,1,54
refero,referens,1,54
refero,refertum,1,54
refero,Referebant,1,54
reficio,reficiendos,2,3
reficio,reficiuntur,1,3
reflego,reflexi,1,1
reformatio,reformationis,1,1
reformido,reformidant,2,5
reformido,reformidarent,1,5
reformido,reformidavit,1,5
reformido,reformidasset,1,5
reformo,reformandum,2,3
reformo,reformari,1,3
refrendo,refrendata,1,1
refrigesco,refrigescente,1,1
refundo,refundatur,1,1
refuto,refutat,3,5
refuto,refutandis,1,5
refuto,refutare,1,5
regalis,regalis,2,7
regalis,regale,1,7
regalis,regalem,1,7
regalis,regalibus,1,7
regalis,Regalem,1,7
regalis,Regales,1,7
regenero,regenerantur,1,1
regeo,regeo,1,1
regimen,regimen,7,13
regimen,regimine,3,13
regimen,regiminis,2,13
regimen,regimini,1,13
regina,Reginae,3,5
regina,reginae,1,5
regina,Reginarum,1,5
Regina,Regina,5,6
Regina,regina,1,6
Reginus,Reginam,1,1
regio,regionibus,30,107
regio,regio,25,107
regio,regione,14,107
regio,regiones,8,107
regio,regionem,8,107
regio,regionis,7,107
regio,regionum,6,107
regio,Regio,3,107
regio,Regione,3,107
regio,Regionem,2,107
regio,regioni,1,107
regionem,regionemque,1,1
registrum,registro,2,2
regius,Regiam,22,83
regius,Regia,21,83
regius,regia,10,83
regius,regiam,5,83
regius,Regium,5,83
regius,Regiae,5,83
regius,regiis,4,83
regius,Regius,3,83
regius,regium,2,83
regius,regios,1,83
regius,regii,1,83
regius,regius,1,83
regius,regiarum,1,83
regius,Regiorum,1,83
regius,Regias,1,83
regn,regn,2,2
regno,regnare,3,15
regno,regnandi,3,15
regno,regnanti,1,15
regno,regnasse,1,15
regno,regnans,1,15
regno,Regnat,1,15
regno,regnet,1,15
regno,regnavit,1,15
regno,regnaverat,1,15
regno,regnat,1,15
regno,regnaret,1,15
regnor,regnor,1,1
regnum,regno,102,371
regnum,regnum,67,371
regnum,regni,65,371
regnum,regnis,27,371
regnum,Regno,27,371
regnum,regna,23,371
regnum,Regnum,19,371
regnum,regnorum,17,371
regnum,Regni,15,371
regnum,Regnis,5,371
regnum,Regna,2,371
regnum,Regnorum,1,371
regnum,REGNO,1,371
rego,regitur,4,36
rego,regeret,3,36
rego,regendum,3,36
rego,reguntur,2,36
rego,regat,2,36
rego,regendi,2,36
rego,regere,2,36
rego,regentium,2,36
rego,regit,2,36
rego,regebat,2,36
rego,regendas,2,36
rego,regerentur,2,36
rego,regentes,1,36
rego,regentem,1,36
rego,regendam,1,36
rego,regebant,1,36
rego,rexerunt,1,36
rego,rexit,1,36
rego,regerent,1,36
rego,regebatur,1,36
regredior,regredi,5,14
regredior,regressi,3,14
regredior,regressum,2,14
regredior,regressus,2,14
regredior,regrediuntur,2,14
regressio,regressionis,1,2
regressio,regressionem,1,2
regressor,regressorum,1,1
regressus,regressu,1,1
regul,regul,1,1
regula,Regulis,4,8
regula,regulis,3,8
regula,regulam,1,8
regularis,regulares,5,7
regularis,regularis,1,7
regularis,regularibus,1,7
regulus,Regulus,14,29
regulus,Regulum,9,29
regulus,Regulos,3,29
regulus,regulus,2,29
regulus,Regulorum,1,29
Regulus,Reguli,7,12
Regulus,Regulo,3,12
Regulus,reguli,2,12
Rehnus,Rehno,1,1
reicio,reiecta,1,5
reicio,reiectis,1,5
reicio,reiecti,1,5
reicio,reiectos,1,5
reicio,reiecit,1,5
reiicio,reiicere,1,2
reiicio,reiiciuntur,1,2
reipsum,reipsa,6,6
reis,Reip,1,1
relago,relapsurum,1,1
relatio,relatio,3,9
relatio,relatione,2,9
relatio,relationis,1,9
relatio,relationem,1,9
relatio,RELATIO,1,9
relatio,Relationem,1,9
relego,relegat,1,2
relego,relegavit,1,2
religio,religionis,15,58
religio,religione,12,58
religio,religionem,11,58
religio,Religionis,5,58
religio,religio,4,58
religio,religioni,4,58
religio,Religione,3,58
religio,Religionem,2,58
religio,Religioni,2,58
religioneque,religioneque,1,1
religiose,religiose,2,2
religiosisque,religiosisque,1,1
religiosus,religiosi,13,54
religiosus,religiosos,9,54
religiosus,religiosis,9,54
religiosus,religioso,6,54
religiosus,religiosus,3,54
religiosus,Religiosis,3,54
religiosus,religiosorum,2,54
religiosus,religiosum,2,54
religiosus,religiosa,2,54
religiosus,Religiosi,1,54
religiosus,Religiosorum,1,54
religiosus,religiosissimi,1,54
religiosus,Religiosus,1,54
religiosus,Religiosos,1,54
relinquo,relictis,19,98
relinquo,reliquit,14,98
relinquo,relinquere,12,98
relinquo,relicto,8,98
relinquo,relicta,8,98
relinquo,reliquerit,3,98
relinquo,relictum,3,98
relinquo,relinquerent,2,98
relinquo,reliquerant,2,98
relinquo,relinquunt,2,98
relinquo,relinquitur,2,98
relinquo,relinquens,1,98
relinquo,Reliquit,1,98
relinquo,relinquendo,1,98
relinquo,relinquebamus,1,98
relinquo,relinqui,1,98
relinquo,relinquentes,1,98
relinquo,reliquimus,1,98
relinquo,relinquebatur,1,98
relinquo,relictus,1,98
relinquo,reliquisse,1,98
relinquo,Relinquitur,1,98
relinquo,relictae,1,98
relinquo,Relictis,1,98
relinquo,reliquerint,1,98
relinquo,reliquerat,1,98
relinquo,relinquant,1,98
relinquo,reliquere,1,98
relinquo,relinqueret,1,98
relinquo,relinquo,1,98
relinquo,relictos,1,98
relinquo,relinquat,1,98
relinquo,relinquendum,1,98
relinquo,relinqueretur,1,98
reliquia,reliquiarum,2,2
reliquiae,reliquias,3,4
reliquiae,reliquiae,1,4
reliquis,reliquid,1,1
reliquium,reliquia,1,1
reliquos,reliquosque,1,1
reliquus,reliqui,30,129
reliquus,reliquis,22,129
reliquus,reliquos,14,129
reliquus,reliqua,11,129
reliquus,reliquae,11,129
reliquus,reliquas,10,129
reliquus,Reliqua,5,129
reliquus,reliquo,5,129
reliquus,reliquum,4,129
reliquus,reliquorum,4,129
reliquus,Reliqui,3,129
reliquus,Reliquum,3,129
reliquus,reliquarum,3,129
reliquus,Reliquarum,2,129
reliquus,Relique,1,129
reliquus,relique,1,129
relligio,relligionem,1,1
relnquo,reliquer,1,2
relnquo,reliquiis,1,2
relo,reli,1,2
relo,relin,1,2
relucto,reluctante,1,1
remaneo,remanserunt,5,25
remaneo,remanserat,3,25
remaneo,remanet,2,25
remaneo,remanerent,2,25
remaneo,remanente,2,25
remaneo,remansi,1,25
remaneo,remanebimus,1,25
remaneo,remaneremus,1,25
remaneo,remaneat,1,25
remaneo,remanent,1,25
remaneo,Remanent,1,25
remaneo,Remanebit,1,25
remaneo,remanendi,1,25
remaneo,remanserant,1,25
remaneo,remansuros,1,25
remaneo,remanserint,1,25
remedeo,remediit,1,1
remedium,remedium,16,24
remedium,remediis,3,24
remedium,remedia,2,24
remedium,remedii,2,24
remedium,Remedia,1,24
remediumadhibeatadmaiorec,remediumadhibeatadmaiorem,1,1
remigo,remigantibus,1,1
remina,reminam,1,1
reminiscor,reminiscor,1,1
remissio,remissionem,3,5
remissio,remissio,1,5
remissio,remissioni,1,5
remitto,remisit,3,15
remitto,remittant,2,15
remitto,remittat,2,15
remitto,remittere,2,15
remitto,remisi,1,15
remitto,remittent,1,15
remitto,remissus,1,15
remitto,remitteret,1,15
remitto,remitterentur,1,15
remitto,remittendis,1,15
remotus,remotissimis,4,6
remotus,remotioribus,1,6
remotus,remotior,1,6
remoueo,remota,4,15
remoueo,remotis,4,15
remoueo,remotus,2,15
remoueo,remotum,2,15
remoueo,remotas,1,15
remoueo,remotam,1,15
remoueo,remotos,1,15
removeo,removendo,1,3
removeo,removere,1,3
removeo,removerunt,1,3
remuneratio,remunerationem,3,6
remuneratio,remuneratio,1,6
remuneratio,remunerationis,1,6
remuneratio,remuneratione,1,6
remunero,remunerandus,1,2
remunero,remuneratus,1,2
renascor,renasci,2,3
renascor,renato,1,3
rendus,rendus,1,1
renitor,renitentes,1,2
renitor,reniti,1,2
renovo,renovetur,1,6
renovo,renovata,1,6
renovo,renovatus,1,6
renovo,renovasset,1,6
renovo,renovavit,1,6
renovo,renovaretur,1,6
rentia,rentia,1,1
renueo,renuissem,1,1
renuncio,renunciarent,1,1
renuo,renuat,1,1
renus,renissimus,1,1
reor,ratum,2,5
reor,ratus,2,5
reor,reor,1,5
reoxeus,Reoxey,1,1
Reoyn,Reoyn,1,1
repagula,repagula,2,2
reparator,Reparatoris,1,1
reparo,reparato,3,9
reparo,reparatis,2,9
reparo,reparare,2,9
reparo,reparabitur,1,9
reparo,reparandae,1,9
repedo,repedaret,1,1
repello,repellendum,2,10
repello,repellendam,2,10
repello,repellentibus,2,10
repello,repellit,1,10
repello,repulerunt,1,10
repello,repellitur,1,10
repello,repellere,1,10
rependo,rependendum,1,3
rependo,rependat,1,3
rependo,rependere,1,3
repente,repente,12,12
repentinus,repentinam,2,5
repentinus,repentino,1,5
repentinus,repentinos,1,5
repentinus,repentina,1,5
reperio,reperiantur,3,19
reperio,reperiebantur,2,19
reperio,reperisset,2,19
reperio,reperierunt,1,19
reperio,repertum,1,19
reperio,reperitur,1,19
reperio,reperio,1,19
reperio,reperirent,1,19
reperio,reperiatur,1,19
reperio,reperientur,1,19
reperio,repertus,1,19
reperio,reperiunt,1,19
reperio,reperit,1,19
reperio,reperissent,1,19
reperio,reperta,1,19
reperior,reperiuntur,1,1
repero,repererunt,2,4
repero,reperi,1,4
repero,reperunt,1,4
repetio,repetionibus,1,1
repeto,repetivere,4,16
repeto,repetendum,2,16
repeto,repetitis,1,16
repeto,repetam,1,16
repeto,repetamus,1,16
repeto,repetere,1,16
repeto,repetit,1,16
repeto,repetendi,1,16
repeto,repeteret,1,16
repeto,repetita,1,16
repeto,repetendo,1,16
repeto,repetendis,1,16
repleo,repleant,1,2
repleo,repleta,1,2
repono,reponuntur,1,4
repono,reposita,1,4
repono,reponendus,1,4
repono,reposuisset,1,4
reporto,reportandis,1,6
reporto,reportant,1,6
reporto,reportatas,1,6
reporto,reportavit,1,6
reporto,reportat,1,6
reporto,reportare,1,6
reposco,reposcerem,1,1
repperio,repperit,1,1
repr(eh)endo,reprehendit,2,2
repraesento,repraesentarint,1,1
repraesentus,repraesento,1,1
reprehendo,reprehendet,1,1
reprehensio,reprehensione,1,1
reprȩsento,reprȩsentans,1,1
repręsento,repręsentauit,1,1
reprimo,repressi,2,6
reprimo,reprimi,1,6
reprimo,repressa,1,6
reprimo,reprimerent,1,6
reprimo,repressit,1,6
republica,Republica,1,2
republica,republica,1,2
repudio,repudiavit,1,5
repudio,repudiet,1,5
repudio,repudiatis,1,5
repudio,repudiato,1,5
repudio,repudiarent,1,5
repugno,repugnabat,2,8
repugno,repugnarent,1,8
repugno,repugnat,1,8
repugno,repugnare,1,8
repugno,repugnatum,1,8
repugno,repugnante,1,8
repugno,repugnabant,1,8
repullulo,repullulabit,1,1
repulsa,repulsam,2,2
repulsio,repulsione,1,1
reputo,reputabo,1,2
reputo,reputant,1,2
requies,requies,1,1
requiesco,requiescere,1,2
requiesco,requiesceret,1,2
requino,requisitis,3,3
requiro,requirit,2,4
requiro,requiro,1,4
requiro,requiruntur,1,4
requisitas,requisitas,1,1
rer,rer,2,2
res,rerum,68,371
res,rebus,68,371
res,res,68,371
res,re,62,371
res,rem,61,371
res,rei,33,371
res,Res,3,371
res,Re,2,371
res,Rebus,2,371
res,Reg,1,371
res,Rei,1,371
res,Rerum,1,371
res,REBUS,1,371
resarcio,resarciret,1,2
resarcio,resarcire,1,2
rescindo,rescidit,2,3
rescindo,rescindere,1,3
rescio,rescivit,2,2
rescissio,rescissionibus,1,1
rescribo,rescribam,1,1
reseruo,reservata,1,3
reseruo,reservati,1,3
reseruo,reservari,1,3
reservo,reservatis,2,5
reservo,reservatur,1,5
reservo,reservare,1,5
reservo,reservarunt,1,5
resesum,resesit,1,1
residencia,Residenciarum,1,2
residencia,Residenciae,1,2
residentia,Residentiis,16,107
residentia,residentia,13,107
residentia,residentiis,13,107
residentia,residentiae,12,107
residentia,residentias,11,107
residentia,Residentiae,11,107
residentia,Residentias,8,107
residentia,residentiam,6,107
residentia,Residentia,6,107
residentia,residentiarum,4,107
residentia,Residentiam,3,107
residentia,Residentiarum,3,107
residentia,RESIDENTIARUM,1,107
resideo,residebat,5,24
resideo,residet,4,24
resideo,residebant,3,24
resideo,resident,3,24
resideo,residenti,2,24
resideo,residente,1,24
resideo,residentes,1,24
resideo,residerem,1,24
resideo,residentibus,1,24
resideo,residens,1,24
resideo,residentis,1,24
resideo,residere,1,24
residuus,residuos,1,1
resipisco,resipiscant,1,1
resisto,resistere,3,9
resisto,resistat,2,9
resisto,resistentibus,2,9
resisto,resistens,1,9
resisto,resistentes,1,9
resoluo,resoluta,1,1
respective,respective,1,1
respectus,respectu,3,3
respicio,respicientes,1,1
respiro,respirarunt,1,4
respiro,respirabit,1,4
respiro,Respirabant,1,4
respiro,respirare,1,4
respon,respon,1,1
respondeo,respondit,26,72
respondeo,Respondit,11,72
respondeo,respondi,5,72
respondeo,respondendum,4,72
respondeo,Respondetur,4,72
respondeo,respondeam,3,72
respondeo,responderunt,3,72
respondeo,respondere,2,72
respondeo,respondemus,2,72
respondeo,respondens,2,72
respondeo,responderem,1,72
respondeo,respondendo,1,72
respondeo,Responsa,1,72
respondeo,responderat,1,72
respondeo,Respondet,1,72
respondeo,responderet,1,72
respondeo,respondisset,1,72
respondeo,responsa,1,72
respondeo,responderent,1,72
respondeo,respondebat,1,72
responsio,responsione,12,30
responsio,responsionem,7,30
responsio,responsio,5,30
responsio,responsionis,3,30
responsio,responsionibus,1,30
responsio,responsiones,1,30
responsio,responsionum,1,30
responsum,responsum,12,23
responsum,responso,6,23
responsum,Responsum,4,23
responsum,responsis,1,23
respublica,Rempublicam,2,2
respuo,respuebat,1,2
respuo,respuerunt,1,2
resqs,resq,1,1
ressidentia,ressidentiam,1,1
ressideo,ressidens,1,1
restauratio,restauratione,2,2
restaurator,Restauratoris,1,1
restis,resti,1,1
restituo,restituere,4,24
restituo,restituit,2,24
restituo,restituta,2,24
restituo,restitutos,2,24
restituo,restituunt,1,24
restituo,restituerentur,1,24
restituo,restitueretur,1,24
restituo,restituet,1,24
restituo,restituant,1,24
restituo,restitutae,1,24
restituo,restitutum,1,24
restituo,restituti,1,24
restituo,restituitur,1,24
restituo,restituantur,1,24
restituo,restitui,1,24
restituo,restituendarum,1,24
restituo,restitutus,1,24
restituo,restitueret,1,24
restitutio,restitutione,2,2
resto,restat,5,9
resto,restitit,2,9
resto,restitissent,1,9
resto,restabant,1,9
restringo,restrictam,1,1
resulto,resultanti,1,1
resumo,resumptis,1,3
resumo,resumerent,1,3
resumo,resumere,1,3
resurectio,resurectione,1,1
resurgo,resurgentium,1,1
resurrectio,resurrectionis,4,11
resurrectio,resurrectionem,3,11
resurrectio,resurrectione,2,11
resurrectio,Resurrectione,1,11
resurrectio,resurrectio,1,11
retardatio,retardatio,1,1
retardo,retardetur,1,6
retardo,retardante,1,6
retardo,Retardabuntur,1,6
retardo,retardatae,1,6
retardo,retardaret,1,6
retardo,retardabatur,1,6
rete,rete,2,2
retego,retegenda,1,2
retego,retecta,1,2
rethoricus,rethorica,1,1
retia,retias,1,1
reticeo,reticuerit,1,1
reticula,reticula,1,1
retifico,retificare,1,1
retineo,retento,2,13
retineo,retinere,2,13
retineo,retinetis,1,13
retineo,retenti,1,13
retineo,retinemus,1,13
retineo,retinendo,1,13
retineo,retinuerint,1,13
retineo,retineri,1,13
retineo,retineat,1,13
retineo,retinend,1,13
retineo,retentis,1,13
retinetur:deus,retinetur:Deus,1,1
retinuo,retinuimus,1,1
retraho,retraxit,1,2
retraho,retractus,1,2
retribuo,retribuit,1,1
retro,retro,4,4
retroago,retroactis,2,2
retrocedo,retrocesserint,1,2
retrocedo,retrocedere,1,2
retrocedor,retrocederant,1,1
retrusus,retrusum,1,1
retueo,retuli,1,1
retum,reti,1,1
retundo,retusa,1,1
reuelo,reuelante,1,1
reuerentia,reuerentia,10,10
reuereor,reuereri,1,1
reueror,reuerentur,2,2
reuoco,reuocatis,2,6
reuoco,reuocantur,1,6
reuoco,reuocandum,1,6
reuoco,reuocatus,1,6
reuoco,reuocare,1,6
reuorto,reversi,1,3
reuorto,Reversi,1,3
reuorto,revertant,1,3
reus,Reis,1,2
reus,reum,1,2
rev,Rev,5,5
reve,Reve,1,1
revelo,revelata,2,3
revelo,revelante,1,3
revera,revera,2,2
reverà,reverà,1,1
reverencia,reverencia,1,1
Reverenda,reverende,2,5
Reverenda,REVERENDE,2,5
Reverenda,Reverende,1,5
reverendissimi,Reverendissimos,1,1
reverendissimor,Reverendissimi,2,2
reverendo,Reverendissimus,6,6
reverendor,Reverendissimo,2,3
reverendor,reverendissimo,1,3
reverenter,reverenter,2,2
reverentia,Reverentia,11,30
reverentia,reverentia,10,30
reverentia,Reverentiae,4,30
reverentia,reverentiam,3,30
reverentia,reverentiis,2,30
Reverentia,Reverentie,1,1
revereor,revereantur,1,2
revereor,reverendi,1,2
revero,Reverendo,5,6
revero,reverendo,1,6
reveror,reverentiȩ,2,9
reveror,Reverendis,2,9
reveror,reverendum,1,9
reveror,Reverendus,1,9
reveror,reverendis,1,9
reveror,REVERENDUM,1,9
reveror,Reverendum,1,9
reverto,revertit,4,9
reverto,reversum,2,9
reverto,revertet,1,9
reverto,revertisset,1,9
reverto,revertissent,1,9
revertor,reversus,8,20
revertor,reverti,3,20
revertor,revertar,2,20
revertor,revertebantur,1,20
revertor,revertentibus,1,20
revertor,revertamur,1,20
revertor,Revertuntur,1,20
revertor,reversurum,1,20
revertor,reverterunt,1,20
revertor,reverterit,1,20
revisor,revisorem,1,1
revoco,revocatus,5,21
revoco,revocent,2,21
revoco,revocarentur,2,21
revoco,revocari,2,21
revoco,revocant,2,21
revoco,revocatas,1,21
revoco,revocaretur,1,21
revoco,Revocatus,1,21
revoco,revocavit,1,21
revoco,revocarent,1,21
revoco,revocatis,1,21
revoco,revocabantur,1,21
revoco,revocarunt,1,21
revoluo,revoluit,1,1
rex,Rex,52,242
rex,Regis,43,242
rex,Regem,32,242
rex,Rege,27,242
rex,Regi,14,242
rex,rex,13,242
rex,regis,12,242
rex,rege,10,242
rex,regi,8,242
rex,Reges,8,242
rex,Regum,7,242
rex,regem,4,242
rex,Regibus,3,242
rex,reges,3,242
rex,regibus,2,242
rex,REX,1,242
rex,Regiâ,1,242
rex,Regij,1,242
rex,regij,1,242
rexis,rexid,1,1
rfero,retulerunt,1,2
rfero,retulisse,1,2
rho,Rho,2,2
rhode,Rhodius,1,1
Rhodes,Rhodes,2,2
Rhodos,Rhodum,1,1
ria,rias,1,2
ria,riam,1,2
Ribeirus,Ribeiro,3,3
riberus,Riberus,1,1
ricce,Riccius,2,2
riccius,Riccio,2,2
riccus,Ricci,1,1
Richardus,Richardus,1,1
ricio,rexissent,1,1
rideo,Ridet,1,1
rigidus,rigidissimam,2,3
rigidus,rigidum,1,3
rigo,rigat,2,2
rigor,rigore,4,6
rigor,rigorem,2,6
rimo,rimantem,1,1
ripa,ripam,2,2
risus,risu,1,2
risus,risum,1,2
ritas,ritas,1,1
rite,rite,5,5
ritè,ritè,1,1
rito,rito,1,1
ritus,ritus,10,19
ritus,ritu,6,19
ritus,ritum,2,19
ritus,ritibus,1,19
riua,Rivas,5,5
riuus,rio,1,1
river,Rivera,1,1
rixa,rixae,2,3
rixa,rixa,1,3
rmus,Rmo,6,9
rmus,Rmus,2,9
rmus,Rmi,1,9
ro,Ro,1,3
ro,ret,1,3
ro,runt,1,3
robertus,Robertus,1,1
roboro,roborandas,1,2
roboro,roborati,1,2
robur,robur,4,8
robur,robore,3,8
robur,roboris,1,8
robustus,Robustus,10,13
robustus,robustam,1,13
robustus,robustiores,1,13
robustus,robustis,1,13
rocha,Rocha,7,7
rochus,Rochus,1,1
rodericus,Rodericus,10,11
rodericus,Rodericum,1,11
Rodominus,Rodomina,1,1
rodriges,Rodrigez,6,6
rodrigues,Rodrigues,1,1
rodriguez,Rodriguez,1,1
rodrígx,Rodríguez,2,2
rodulphus,Rodulphus,6,10
rodulphus,Rodulphi,2,10
rodulphus,Rodulpho,1,10
rodulphus,Rodulphum,1,10
rogerium,Rogerio,4,4
rogerius,Rogerius,1,1
rogo,rogatus,5,35
rogo,rogare,3,35
rogo,rogat,3,35
rogo,rogo,2,35
rogo,rogaverunt,2,35
rogo,rogavit,2,35
rogo,Rogo,2,35
rogo,rogantes,2,35
rogo,rogatu,2,35
rogo,rogaverit,1,35
rogo,rogamus,1,35
rogo,rogabimus,1,35
rogo,rogavi,1,35
rogo,rogabam,1,35
rogo,rogati,1,35
rogo,rogatis,1,35
rogo,rogante,1,35
rogo,roget,1,35
rogo,rogans,1,35
rogo,rogarunt,1,35
rogo,rogabant,1,35
rogus,rogum,1,1
Roma,Romae,22,44
Roma,Romam,13,44
Roma,Roma,9,44
román,Román,3,3
romanus,Romanorum,7,38
romanus,romana,6,38
romanus,romanam,5,38
romanus,Romanus,5,38
romanus,Romano,3,38
romanus,Romana,3,38
romanus,Romanis,2,38
romanus,romanae,2,38
romanus,Romanum,2,38
romanus,romane,1,38
romanus,romano,1,38
romanus,Romanae,1,38
Romanus,Romani,1,1
rome,Rome,2,2
romulus,Romulum,1,1
ros,ros,1,1
rosa,rosae,1,1
rosarius,Rosarium,2,5
rosarius,Rosarij,1,5
rosarius,rosariis,1,5
rosarius,rosarii,1,5
roseus,roseo,1,1
rota,rotam,1,2
rota,rota,1,2
rotor,rotatur,1,1
rotundus,rotundum,1,1
rr,RR,2,3
rr,Rr,1,3
ruan,Ruan,1,1
ruarius,ruarias,1,1
rubeo,rubeam,1,1
ruber,rubra,1,1
rubeus,rubeis,1,1
rubinus,Rubino,4,7
rubinus,Rubinus,3,7
rubra,rubrae,1,1
rubrus,rubrum,1,1
rudimentum,rudimenta,2,3
rudimentum,rudimentis,1,3
rudis,rudes,6,13
rudis,rudis,2,13
rudis,rudi,2,13
rudis,rudem,1,13
rudis,rudibus,1,13
rudis,rude,1,13
rudius,rudium,1,1
rudus,rudissimi,1,1
ruidas,Ruidas,1,1
ruina,ruinam,5,8
ruina,ruina,2,8
ruina,ruinae,1,8
rumino,ruminanda,1,1
rumor,rumores,2,6
rumor,rumoribus,1,6
rumor,Rumor,1,6
rumor,rumore,1,6
rumor,Rumore,1,6
rumpo,rupto,1,2
rumpo,ruptis,1,2
ruo,ruenti,2,7
ruo,rueret,1,7
ruo,ruerent,1,7
ruo,ruituros,1,7
ruo,ruentem,1,7
ruo,ruete,1,7
ruphus,Ruphi,1,1
rursus,rursus,7,13
rursus,rursum,5,13
rursus,Rursus,1,13
rus,rum,3,3
ruscia,Ruscia,1,1
Ruscia,Ruscie,1,1
Ruscius,Rusci,1,1
rusticus,rusticis,4,7
rusticus,rustici,1,7
rusticus,rusticorum,1,7
rusticus,rustica,1,7
rutilo,rutilare,1,1
ruus,rui,1,1
s,S,119,131
s,s,12,131
sa,sa,2,2
sabbo,sabbat,1,1
Sabinus,Sabinum,1,1
sabulosus,sabulosam,1,1
sacaianus,Sacaianus,1,1
Sacaianus,Sacaiano,1,1
sacanus,Sacanus,1,1
sacay,Sacay,1,1
saccanus,Saccanus,3,4
saccanus,Saccano,1,4
saccus,saccum,2,2
sacella,sacella,3,3
sacellum,sacellum,2,5
sacellum,sacello,2,5
sacellum,Sacello,1,5
sacer,sacris,20,78
sacer,sacra,11,78
sacer,sacro,8,78
sacer,sacrum,7,78
sacer,sacros,5,78
sacer,sacrae,4,78
sacer,Sacra,4,78
sacer,Sacram,4,78
sacer,sacrarum,3,78
sacer,sacras,2,78
sacer,Sacro,2,78
sacer,sacri,2,78
sacer,sacram,2,78
sacer,sacre,1,78
sacer,Sacris,1,78
sacer,Sacrae,1,78
sacer,sacraq,1,78
sacerdos,sacerdotes,29,63
sacerdos,sacerdotibus,6,63
sacerdos,Sacerdotes,6,63
sacerdos,sacerdos,5,63
sacerdos,sacerdotis,4,63
sacerdos,sacerdotum,3,63
sacerdos,Sacerdos,3,63
sacerdos,sacerdoti,2,63
sacerdos,sacerdotem,1,63
sacerdos,sacerdote,1,63
sacerdos,Sacerdotem,1,63
sacerdos,Sacerdotum,1,63
sacerdos,Sacerdotibus,1,63
sacerdotium,Sacerdotium,1,3
sacerdotium,Sacerdotia,1,3
sacerdotium,sacerdotii,1,3
sacr,sacr,1,1
sacramentorùmq,Sacramentorùmque,1,1
sacramentum,sacramenta,20,62
sacramentum,sacramentorum,9,62
sacramentum,sacramentis,9,62
sacramentum,sacramentum,7,62
sacramentum,sacramento,5,62
sacramentum,Sacramento,4,62
sacramentum,Sacramentorum,2,62
sacramentum,Sacramentum,2,62
sacramentum,sacramenti,2,62
sacramentum,Sacramenta,1,62
sacramentum,Sacramenti,1,62
sacrarius,sacrarium,1,1
sacrasque,sacrasque,1,1
sacratus,sacratos,1,3
sacratus,sacratissimae,1,3
sacratus,sacratis,1,3
sacrificium,sacrificiis,8,22
sacrificium,sacrificium,7,22
sacrificium,sacrificio,3,22
sacrificium,sacrificiorum,1,22
sacrificium,Sacrificio,1,22
sacrificium,Sacrificium,1,22
sacrificium,sacrificii,1,22
sacrifico,sacrificatur,1,2
sacrifico,sacrifici,1,2
sacrificulum,sacrificulorum,1,4
sacrificulum,sacrificulum,1,4
sacrificulum,sacrificulis,1,4
sacrificulum,sacrificuli,1,4
sacrificulus,sacrificulus,2,3
sacrificulus,Sacrificulus,1,3
sacrilegus,sacrilegum,1,4
sacrilegus,sacrilegam,1,4
sacrilegus,sacrilega,1,4
sacrilegus,sacrilegis,1,4
sacrosanctus,sacrosanctis,3,6
sacrosanctus,sacrosanctae,1,6
sacrosanctus,sacrosancta,1,6
sacrosanctus,sacrosanctum,1,6
sacrosanta,sacrosantam,1,1
sacrosantus,sacrosanto,2,2
Sacuimas,Sacuiman,1,1
sacus,saco,1,1
sae,sae,1,1
saecularis,saeculares,2,4
saecularis,saecularibus,1,4
saecularis,saecularium,1,4
saeculum,saecula,3,6
saeculum,saeculi,1,6
saeculum,saeculis,1,6
saeculum,seculo,1,6
saeparo,saeparatae,1,1
saepe,saepe,25,43
saepe,saepius,10,43
saepe,Saepe,3,43
saepe,sepe,2,43
saepe,saepissime,2,43
saepe,Saepius,1,43
saepè,saepè,1,1
saepenumero,saepenumero,2,4
saepenumero,Saepenumero,2,4
saepiúsque,saepiúsque,1,1
saeue,saeuissime,1,1
saeuitia,saeuitia,2,2
saevio,saeviente,2,10
saevio,saevirent,1,10
saevio,saeviant,1,10
saevio,saeviit,1,10
saevio,saevierunt,1,10
saevio,saeviebat,1,10
saevio,saeviri,1,10
saevio,saeviendo,1,10
saevio,saevire,1,10
saevitia,saevitia,1,3
saevitia,saevitiae,1,3
saevitia,saevitiam,1,3
saevities,saevitiem,1,1
saevus,saevissimis,1,1
sagacus,sagaci,1,1
sagitas,sagitas,1,1
sagitta,sagittis,6,13
sagitta,sagitta,5,13
sagitta,sagittae,2,13
sagittarius,sagittarios,1,1
saigoensus,Saigoensis,1,1
salcetus,Salcete,1,1
salfetanus,Salfetani,1,1
salio,salsa,1,1
salomon,Salomonis,1,1
Salona,Salonam,1,1
salset,Salseti,2,2
Salsetana,Salsetana,1,1
salsetanus,Salsetano,3,8
salsetanus,Salsetanos,3,8
salsetanus,Salsetanam,2,8
Salsetanus,Salsetanae,2,2
salsus,salsas,1,2
salsus,salsi,1,2
saltem,saltem,23,23
saltèm,saltèm,2,2
saltim,saltim,5,5
saluator,Salvatoris,4,4
saluberrimus,saluberrimus,1,1
salubris,salubri,1,2
salubris,salubria,1,2
salubrus,salubriorem,1,1
saluo,saluarentur,1,2
saluo,saluat,1,2
salus,salutem,45,88
salus,salutis,18,88
salus,salute,14,88
salus,saluti,7,88
salus,salus,4,88
salutare,salutare,1,1
salutaris,salutaribus,3,7
salutaris,salutarem,2,7
salutaris,salutaria,1,7
salutaris,salutaris,1,7
salutatio,salutationem,1,2
salutatio,Salutationem,1,2
salutienses,Salutiensis,1,1
salutifer,salutiferae,1,1
salutiferus,salutiferum,2,2
saluto,salutari,3,7
saluto,salutans,1,7
saluto,Salutant,1,7
saluto,salutat,1,7
saluto,salutandum,1,7
salutum,saluto,1,1
salvator,salvatori,1,1
salvo,salvatur,1,3
salvo,salvare,1,3
salvo,salvandi,1,3
salvus,salvus,3,12
salvus,salvis,2,12
salvus,salvos,2,12
salvus,salvam,2,12
salvus,salvi,2,12
salvus,Salva,1,12
sama,sama,1,1
samahania,Samahania,1,1
sambiasius,Sambiasius,1,1
Sambiasus,Sambiasi,1,1
samitus,samitis,2,2
sanceo,sancierunt,1,2
sanceo,sancita,1,2
sanches,Sanches,1,1
sanchus,Sancham,1,1
sancio,sancitum,2,3
sancio,sanxerunt,1,3
sanctaeque,sanctaeque,1,1
sancte,sanctissime,3,3
sanctificus,sanctificam,1,2
sanctificus,sanctifica,1,2
sanctimonia,sanctimoniae,1,2
sanctimonia,sanctimoniam,1,2
sanctio,sanctionum,2,4
sanctio,sanctionibus,1,4
sanctio,sanctio,1,4
sanctissimoque,sanctissimoque,1,1
sanctitas,sanctitatem,4,13
sanctitas,sanctitate,3,13
sanctitas,Sanctitas,2,13
sanctitas,sanctitati,1,13
sanctitas,Sanctitati,1,13
sanctitas,sanctitas,1,13
sanctitas,sanctitatis,1,13
sanctumque,sanctumque,1,1
sanctus,sanctorum,14,167
sanctus,Sanctorum,12,167
sanctus,sanctis,11,167
sanctus,sanctae,11,167
sanctus,Sancti,11,167
sanctus,sanctum,10,167
sanctus,sancta,9,167
sanctus,sanctos,9,167
sanctus,sancti,8,167
sanctus,sanctam,7,167
sanctus,Sanctus,7,167
sanctus,Sancto,6,167
sanctus,sanctissimae,6,167
sanctus,Sancta,5,167
sanctus,sanctissimam,5,167
sanctus,sancte,5,167
sanctus,sanctus,3,167
sanctus,sanctissima,3,167
sanctus,sanctior,2,167
sanctus,sanctissimus,2,167
sanctus,Sanctae,2,167
sanctus,sanctissimis,2,167
sanctus,sanctissimum,2,167
sanctus,sanctȩ,1,167
sanctus,sanctissimo,1,167
sanctus,Sancte,1,167
sanctus,Sanctos,1,167
sanctus,Sanctissimam,1,167
sanctus,Sanctissimis,1,167
sanctus,Sanctissimae,1,167
sanctus,Sanctis,1,167
sanctus,Sanctissimum,1,167
sanctus,sanctarum,1,167
sanctus,Sanctum,1,167
sanctus,sanctę,1,167
sanctus,sanctas,1,167
sanctus,sancto,1,167
sanctus,sanctiore,1,167
sandalinus,sandalina,1,1
sandus,Sande,1,1
sane,sane,17,18
sane,Sane,1,18
sanè,sanè,1,1
Sanga,Sanga,2,2
sango,sanxit,1,2
sango,sanxisset,1,2
sanguin,sanguin,1,1
sanguinolentus,sanguinolento,1,1
sanguis,sanguine,16,31
sanguis,sanguinem,7,31
sanguis,sanguinis,4,31
sanguis,sanguis,3,31
sanguis,sangui,1,31
sanis,Sanis,1,1
sanitas,sanitatem,1,3
sanitas,sanitatis,1,3
sanitas,sanitate,1,3
santimonia,santimoniae,1,1
santimonium,santimonia,2,2
sanus,sanus,7,10
sanus,sanae,2,10
sanus,sano,1,10
saphir,saphirus,1,1
sapiens,sapientissimus,3,7
sapiens,sapientes,1,7
sapiens,sapientem,1,7
sapiens,sapientis,1,7
sapiens,sapientissimi,1,7
sapienter,sapienter,1,1
sapientia,sapientia,5,12
sapientia,sapientiam,4,12
sapientia,sapientiae,3,12
sapientissimus,sapientissimo,1,1
sapientus,sapientissimè,1,1
sara,Sara,1,1
saracenus,saracenorum,4,16
saracenus,saraceni,3,16
saracenus,saracenos,3,16
saracenus,Saracenis,2,16
saracenus,saracenus,1,16
saracenus,saracenis,1,16
saracenus,Saraceni,1,16
saracenus,Saracenos,1,16
saraschus,Saraschuk,1,1
Saraum,Saray,2,2
sarcina,sarcinam,1,1
sarcinulus,sarcinulis,1,1
sarcior,sarcirentur,1,1
sarcofagus,sarcofagum,1,1
Sardinius,Sardinia,1,1
sarecenus,sarecenorum,1,1
Sarepta,Sarepta,2,2
Sarezana,Sarezana,1,1
sario,sartam,1,1
Sarmatus,Sarmatum,1,1
sarpetrus,Sarpetri,1,1
sarracena,sarracenis,2,2
sarracenus,Sarracenorum,1,1
sartor,sartoris,1,1
sartus,sartorum,1,1
sassedon,Sassedonus,1,1
sassimo,Sassumano,2,2
Sassuma,Sassumam,2,2
sassumanis,Sassumani,1,1
sassumanus,Sassumanus,3,3
satanas,Satanas,1,1
Satanas,Satanae,2,3
Satanas,satanae,1,3
sate,satius,2,2
satelles,satellites,1,1
Sathanas,Sathanae,1,1
sathanicus,Sathanicos,1,1
Sathanicus,Sathanico,1,1
satio,satiari,2,6
satio,satiarent,1,6
satio,satiata,1,6
satio,satietur,1,6
satio,satiat,1,6
satis,satis,50,53
satis,Satis,2,53
satis,sat,1,53
satisfacio,satisfactum,4,12
satisfacio,satisfacere,2,12
satisfacio,satisfecit,2,12
satisfacio,satisfaciat,1,12
satisfacio,satisfaciendi,1,12
satisfacio,satisfacit,1,12
satisfacio,satisfecerat,1,12
satisfactio,satisfactione,4,4
satisfie,satisfie,1,1
satisfio,satisfiat,1,2
satisfio,satisfieret,1,2
saulus,Saulus,1,2
saulus,Saulo,1,2
Saulus,Sauli,2,2
sauoiamanus,Sauoiamanum,1,1
saxum,saxa,1,1
saxus,Saxorum,1,1
Saxus,Saxo,1,1
scala,scalas,1,2
scala,scalae,1,2
scandalizo,scandalizati,2,4
scandalizo,scandalizatos,1,4
scandalizo,scandalizaret,1,4
scandalosus,scandalosas,1,2
scandalosus,scandalosa,1,2
scandalum,scandalum,17,27
scandalum,scandala,3,27
scandalum,scandalo,3,27
scandalum,scandali,2,27
scandalum,scandalorum,1,27
scandalum,scandalis,1,27
scando,scandenda,1,2
scando,scandit,1,2
sceleraque,sceleraque,1,1
scelero,scelerati,1,1
scelesus,scelestisimos,1,1
scelus,scelerum,10,24
scelus,scelere,4,24
scelus,scelus,3,24
scelus,sceleris,3,24
scelus,scelera,2,24
scelus,sceleribus,2,24
scena,scena,1,3
scena,scenae,1,3
scena,scenas,1,3
scendo,scenderet,1,1
sceptrum,sceptrum,2,2
schal,Schal,1,1
schalis,schalis,1,1
schall,Schall,3,3
schedula,schedulam,2,2
schedulus,schedulis,1,1
schisma,scisma,1,1
schismaticus,schismaticis,1,1
schola,scholarum,1,2
schola,scholam,1,2
scholaris,Scholares,5,5
scholarius,scholarium,1,1
scholastici,scholasticos,2,2
scholasticus,scholastici,5,10
scholasticus,scholasticum,2,10
scholasticus,Scholasticus,1,10
scholasticus,scholasticorum,1,10
scholasticus,scholasticam,1,10
sci,sci,1,2
sci,Sci,1,2
Scias,scias,1,2
Scias,Scias,1,2
scich,Scich,1,1
scichum,Scichum,2,2
scicianus,Scicianum,1,1
scicus,Scico,1,1
sciencia,sciencia,1,1
scientia,scientiam,4,14
scientia,scientia,4,14
scientia,scientiae,3,14
scientia,scientias,2,14
scientia,scientiarum,1,14
scilicet,scilicet,46,47
scilicet,Scilicet,1,47
scimandonus,Scimandonum,3,6
scimandonus,Scimandonus,3,6
Scimandonus,Scimandoni,3,4
Scimandonus,Scimandono,1,4
scimanus,Scimanas,1,3
scimanus,Scimanis,1,3
scimanus,Scimanarum,1,3
scimus,Scimo,3,3
scindo,scidit,1,2
scindo,scindere,1,2
scinduo,scinduuntur,1,1
scinfaciman,Scinfaciman,1,1
scinicus,scinicae,1,2
scinicus,scinicam,1,2
scintilla,scintillam,1,2
scintilla,scintillas,1,2
scintillus,Scintillis,1,1
scinum,scini,1,1
scio,scio,8,71
scio,scit,7,71
scio,sciunt,5,71
scio,sciret,5,71
scio,scire,5,71
scio,sciat,5,71
scio,scientes,4,71
scio,scimus,2,71
scio,scirent,2,71
scio,sciam,2,71
scio,sciebat,2,71
scio,sciemus,2,71
scio,Scio,2,71
scio,scivit,2,71
scio,scienti,2,71
scio,Sciendum,2,71
scio,Scientes,1,71
scio,sciremus,1,71
scio,sciebamus,1,71
scio,sciverint,1,71
scio,scitis,1,71
scio,sciens,1,71
scio,scienda,1,71
scio,scirem,1,71
scio,sciebam,1,71
scio,sciet,1,71
scio,scivi,1,71
scio,sciente,1,71
scio,Sciebant,1,71
scio,sciebant,1,71
scipio,Scipio,1,1
scismaticus,scismatico,1,2
scismaticus,scismaticos,1,2
scisndo,scissisq,1,1
scissura,scissuras,1,1
scitum,scita,1,1
scitus,scitu,1,1
Sclavonia,Sclavoniam,1,1
sclopes,sclopetis,1,1
sclopeta,sclopeta,1,1
sclopetarius,sclopetariorum,2,3
sclopetarius,sclopetariae,1,3
sclopus,scloporum,1,1
scolasticus,scolasticos,1,3
scolasticus,scolasticis,1,3
scolasticus,scolasticorum,1,3
scomma,scomma,1,1
scopus,scopum,2,4
scopus,scopo,1,4
scopus,scopus,1,4
scribo,scripsit,16,126
scribo,scripsi,15,126
scribo,scribere,14,126
scribo,scriptum,6,126
scribo,scribo,5,126
scribo,scribunt,5,126
scribo,scribam,4,126
scribo,scriptam,4,126
scribo,scripta,4,126
scribo,scripserunt,3,126
scribo,scriptas,3,126
scribo,scriberet,3,126
scribo,scribendi,3,126
scribo,Scriptum,2,126
scribo,scribent,2,126
scribo,scribit,2,126
scribo,scribendis,2,126
scribo,scripto,2,126
scribo,scribis,2,126
scribo,scriberent,2,126
scribo,scribenda,2,126
scribo,scribendum,1,126
scribo,scripsisset,1,126
scribo,scribe,1,126
scribo,Scribite,1,126
scribo,scribi,1,126
scribo,scripsisse,1,126
scribo,scribentur,1,126
scribo,scriptus,1,126
scribo,Scribet,1,126
scribo,Scribo,1,126
scribo,scribetur,1,126
scribo,scribas,1,126
scribo,scriptae,1,126
scribo,scribendas,1,126
scribo,scriberem,1,126
scribo,Scripto,1,126
scribo,scripti,1,126
scribo,scribuntur,1,126
scribo,scripsere,1,126
scribo,Scribunt,1,126
scribo,scripsimus,1,126
scribo,scriberetur,1,126
scribo,Scripserant,1,126
scribo,Scripsimus,1,126
scribo,scribitur,1,126
scrio,scripsissent,1,1
scripbo,scripsimusq,1,1
scriptor,scriptoribus,1,1
scriptum,scriptis,20,20
scriptura,scripturas,1,6
scriptura,scripturis,1,6
scriptura,Scripturis,1,6
scriptura,Scriptura,1,6
scriptura,Scripturae,1,6
scriptura,Scripturam,1,6
scrupolus,scrupolo,1,1
scrupulus,scrupulum,2,4
scrupulus,scrupulus,1,4
scrupulus,scrupulos,1,4
scrutinio,scrutinio,11,11
scrutinius,scrutinia,1,1
sculbo,sculpta,1,1
scuto,scutatorum,2,2
scutum,scuta,7,12
scutum,scutorum,3,12
scutum,scuti,1,12
scutum,scuto,1,12
scythopol,Scythopolis,2,2
se,Sess,1,1
Sebastianum,Sebastiano,3,3
sebastianus,Sebastianus,13,17
sebastianus,Sebastianum,2,17
sebastianus,Sebastiani,2,17
sec,sec,1,1
secedo,secesserunt,1,1
secerno,secretum,2,5
secerno,secreti,1,5
secerno,secretis,1,5
secerno,Secretum,1,5
secessio,secessio,1,1
secetus,seceta,1,1
seciter,secius,1,1
seco,secat,2,4
seco,secauit,1,4
seco,secant,1,4
secretarius,Secretarius,4,9
secretarius,secretarius,2,9
secretarius,secretarium,2,9
secretarius,Secretarium,1,9
secrete,secrete,1,2
secrete,secretissime,1,2
secreto,secreto,3,3
secretum,secreta,6,6
secretus,secretiora,2,2
secta,Sectarum,1,3
secta,sectas,1,3
secta,secta,1,3
sectarius,sectariis,1,2
sectarius,Sectariis,1,2
sectator,sectatores,1,2
sectator,sectator,1,2
sectio,sectione,2,2
secto,sectabatur,1,2
secto,sectabantur,1,2
sector,sectantur,1,1
secula,secula,3,3
secularis,secularibus,1,1
sęcularis,sęcularia,1,1
seculum,seculi,2,5
seculum,seculis,2,5
seculum,seculorum,1,5
secumque,secumque,2,2
secundum,secundum,48,57
secundum,Secundum,8,57
secundum,SEcundum,1,57
secundus,secunda,9,34
secundus,secundo,8,34
secundus,Secundus,4,34
secundus,secundam,3,34
secundus,secundus,3,34
secundus,Secundo,2,34
secundus,Secunda,2,34
secundus,secundi,2,34
secundus,SECUNDUS,1,34
securè,securè,1,1
securis,secure,4,4
securitas,securitas,2,7
securitas,securitatis,2,7
securitas,securitatem,2,7
securitas,securitate,1,7
securiter,securius,1,1
securus,securam,6,28
securus,securus,6,28
securus,secura,4,28
securus,securior,4,28
securus,securos,3,28
securus,securum,3,28
securus,securi,2,28
secus,secus,9,9
secutur,secuturi,1,1
secutura,secuturis,1,3
secutura,secuturas,1,3
secutura,secuturam,1,3
secuturi,secuturos,1,1
secvndus,SECVNDA,1,1
sed,sed,330,427
sed,Sed,86,427
sed,Sedi,10,427
sed,set,1,427
sedecim,sedecim,1,1
sedemque,Sedemque,1,1
sedeo,sedet,3,15
sedeo,sedentem,3,15
sedeo,sedens,3,15
sedeo,sedere,1,15
sedeo,sedendo,1,15
sedeo,sedit,1,15
sedeo,sedendi,1,15
sedeo,sederunt,1,15
sedeo,sedentes,1,15
sedes,sedem,24,66
sedes,sedes,12,66
sedes,Sede,8,66
sedes,Sedes,8,66
sedes,Sedem,8,66
sedes,sede,4,66
sedes,sedibus,2,66
sedis,Sedis,16,17
sedis,sedis,1,17
seditio,seditionem,3,8
seditio,seditione,2,8
seditio,seditionum,1,8
seditio,seditionis,1,8
seditio,seditioni,1,8
sedo,sedata,2,4
sedo,sedaverit,1,4
sedo,sedatis,1,4
sedula,sedulam,1,1
sedulâ,sedulâ,1,1
sedulo,sedulo,3,3
seelio,sepulto,2,4
seelio,sepulti,2,4
sego,sectis,2,3
sego,sectus,1,3
segundus,Segunda,1,1
seipsum,seipsos,3,10
seipsum,seipsis,3,10
seipsum,seipsum,3,10
seipsum,seipso,1,10
seirvo,seirvantur,1,1
seiungo,seiuncti,1,1
seleucis,Seleucia,1,1
seligo,selectorum,1,2
seligo,selecto,1,2
sem,sem,1,1
semedus,Semedus,1,1
Semedus,Semedo,27,27
semel,semel,20,20
semen,semen,4,6
semen,semini,1,6
semen,semina,1,6
semestre,semestre,1,1
semetipsum,semetipso,1,1
semiassum,semiassa,1,1
semicoctus,semicocta,1,1
semihora,semihoram,1,1
seminalis,seminali,1,1
seminariium,Seminariio,1,1
seminarium,seminarium,9,35
seminarium,Seminarii,5,35
seminarium,seminario,4,35
seminarium,Seminariis,3,35
seminarium,Seminario,3,35
seminarium,seminaria,2,35
seminarium,Seminarium,2,35
seminarium,seminariis,2,35
seminarium,seminarii,2,35
seminarium,Seminaria,1,35
seminarium,Seminariorum,1,35
seminarium,seminariorum,1,35
seminatio,seminatio,1,2
seminatio,seminationem,1,2
semino,seminarunt,2,5
semino,seminant,1,5
semino,seminati,1,5
semino,seminandi,1,5
sempe,sempe,1,1
semper,semper,77,78
semper,Semper,1,78
semperque,semperque,1,1
sempiternam.primus,sempiternam.Primum,1,1
sempiternus,sempiternam,7,18
sempiternus,sempiternae,3,18
sempiternus,sempiternis,3,18
sempiternus,sempiternum,2,18
sempiternus,sempiternos,1,18
sempiternus,sempiterna,1,18
sempiternus,sempiterno,1,18
semptes,semptem,1,1
semus,semus,1,1
senator,senatores,1,1
senatus,senatum,1,1
senectus,senectutis,1,2
senectus,senectutem,1,2
senesco,senescente,1,2
senesco,senescentis,1,2
senex,senex,4,9
senex,senes,3,9
senex,senis,1,9
senex,senior,1,9
senior,Seniore,1,1
senium,senio,1,1
sensibilis,sensibilis,1,1
sensilis,sensiles,1,2
sensilis,sensilium,1,2
sensim,sensim,2,2
sensio,sensimus,1,1
sensitivus,sensitiva,1,1
sensus,sensibus,7,26
sensus,sensu,7,26
sensus,sensuum,5,26
sensus,sensus,4,26
sensus,sensum,2,26
sensus,sensa,1,26
sententia,sententia,13,35
sententia,sententiam,11,35
sententia,sententiae,5,35
sententia,Sententias,2,35
sententia,sententiis,2,35
sententia,Sententiis,1,35
sententia,Sententiam,1,35
senteo,sententi,1,1
sentina,sentinam,1,1
sentio,sentiebat,2,16
sentio,sentiam,2,16
sentio,sentiret,2,16
sentio,sentiebamus,1,16
sentio,sentiunt,1,16
sentio,sentiet,1,16
sentio,sentiant,1,16
sentio,sentiamus,1,16
sentio,senties,1,16
sentio,sentientes,1,16
sentio,Sentio,1,16
sentio,sentire,1,16
sentio,sensit,1,16
senuor,senui,1,1
senus,seni,1,1
seorsim,seorsim,1,1
seorsum,seorsum,2,2
separatim,separatim,2,2
separo,separati,4,17
separo,separatur,4,17
separo,separata,3,17
separo,separatum,2,17
separo,separanda,1,17
separo,separatus,1,17
separo,separari,1,17
separo,separantur,1,17
sepd,sept,2,2
sepelio,sepeliunt,1,4
sepelio,sepultus,1,4
sepelio,sepeliendi,1,4
sepelio,sepelire,1,4
sepenumeer,Sepenumero,1,2
sepenumeer,sepenumero,1,2
sepinensis,Sepinensis,1,1
sepissime,sepissime,1,1
septem,septem,46,48
septem,Septem,2,48
september,Septembris,11,19
september,Septembri,4,19
september,septembri,2,19
september,SEPTEMBRIS,1,19
september,septembris,1,19
septemtrionalis,Septemtrionales,1,1
septemviris,Septemviri,1,1
septenarius,septenario,1,1
septendecim,septendecim,2,2
septennus,septennis,1,1
septenor,septenorum,1,1
septentrio,septentrionem,1,1
septentrionalis,septentrionales,2,3
septentrionalis,septentrionalibus,1,3
septiens,septies,1,1
septigeo,septigenta,1,1
septimanus,septimanas,1,1
septimge,septimgen,1,1
septimus,Septimum,4,7
septimus,septimo,1,7
septimus,Septimus,1,7
septimus,septimum,1,7
septingentesimus,septingentesimum,2,2
septingentessimus,septingentessimum,1,1
septingenti,septingentos,2,2
septingo,septingenti,1,1
septo,septo,1,1
septuaginta,septuaginta,9,10
septuaginta,Septuaginta,1,10
septum,septa,3,4
septum,septis,1,4
septus,septus,2,3
septus,septam,1,3
sepulcrum,sepulchro,2,5
sepulcrum,sepulchra,2,5
sepulcrum,sepulchrum,1,5
sepultura,sepulturae,1,1
sepulturaequs,sepulturaeque,1,1
sepultus,sepulturis,1,1
sepulutura,sepuluturis,1,1
seq,seq,2,2
seqor,sequntur,1,1
seqquor,sequutus,1,3
seqquor,sequuti,1,3
seqquor,sequutum,1,3
sequacis,sequacibus,2,2
seque,seque,4,4
sequens,sequenti,9,11
sequens,Sequenti,2,11
sequestro,sequestravit,1,1
sequis,sequiori,1,1
sequo,sequo,1,1
sequor,secuti,8,83
sequor,sequitur,7,83
sequor,sequuntur,7,83
sequor,secuta,6,83
sequor,sequi,5,83
sequor,secutus,5,83
sequor,Sequitur,4,83
sequor,sequentibus,4,83
sequor,sequebantur,4,83
sequor,sequentia,3,83
sequor,sequenda,3,83
sequor,sequeretur,3,83
sequor,sequentes,3,83
sequor,sequebatur,3,83
sequor,sequens,2,83
sequor,sequentem,2,83
sequor,sequentis,1,83
sequor,secuntur,1,83
sequor,sequendum,1,83
sequor,sequente,1,83
sequor,sequentium,1,83
sequor,sequatur,1,83
sequor,Sequebantur,1,83
sequor,sequentur,1,83
sequor,secuturum,1,83
sequor,secute,1,83
sequor,sequerentur,1,83
sequor,persequi,1,83
sequor,secutae,1,83
sequor,Sequuntur,1,83
serap,Serapis,1,1
seraphicus,seraphici,4,12
seraphicus,seraphicae,2,12
seraphicus,seraphica,2,12
seraphicus,seraphicȩ,2,12
seraphicus,seraphico,1,12
seraphicus,Seraphicus,1,12
serenitas,serenitate,1,1
serenus,serenissimo,6,15
serenus,Serenissimi,2,15
serenus,Serenissimo,2,15
serenus,serenum,1,15
serenus,serenissimae,1,15
serenus,Serenissimus,1,15
serenus,serenioris,1,15
serenus,serenissima,1,15
sergius,Sergium,1,1
Sergius,Sergio,1,1
serica,sericarum,3,3
sericóque,sericóque,1,1
sericus,sericum,2,8
sericus,sericorum,2,8
sericus,serico,1,8
sericus,sericis,1,8
sericus,serica,1,8
sericus,sericae,1,8
serie,serie,1,1
series,series,1,1
serio,serio,5,5
seriò,seriò,1,1
serius,seria,1,1
sermo,sermonem,5,17
sermo,sermones,4,17
sermo,sermonibus,4,17
sermo,sermo,2,17
sermo,sermonis,1,17
sermo,sermone,1,17
sermoneque,sermoneque,1,1
sermonibusque,sermonibusque,1,1
sero,sero,2,4
sero,seriùs,1,4
sero,seri,1,4
serpens,serpentis,1,1
serpentinus,serpentinam,1,1
serpo,serpens,1,1
serra,Serra,1,1
seruator,seruatoris,8,13
seruator,seruator,4,13
seruator,seruatore,1,13
seruio,seruiant,2,4
seruio,seruientes,1,4
seruio,seruiendum,1,4
seruitium,servitium,4,4
seruitus,seruitute,2,2
seruo,servamus,1,8
seruo,seruarentur,1,8
seruo,seruemus,1,8
seruo,seruare,1,8
seruo,seruent,1,8
seruo,seruari,1,8
seruo,seruandae,1,8
seruo,seruabitur,1,8
serus,seris,1,1
seruus,seruos,2,2
servator,Servator,2,5
servator,servatore,1,5
servator,Servatoris,1,5
servator,servatores,1,5
servicium,servicium,1,1
servio,servire,5,15
servio,serviebant,2,15
servio,serviunt,1,15
servio,servivit,1,15
servio,serviens,1,15
servio,servierant,1,15
servio,servier,1,15
servio,serviant,1,15
servio,serviendum,1,15
servio,servias,1,15
servitium,servitio,3,4
servitium,servitia,1,4
servitor,servitore,1,1
servitus,servitute,1,2
servitus,servitutem,1,2
servo,servati,5,35
servo,servare,4,35
servo,servatur,3,35
servo,servat,3,35
servo,servando,2,35
servo,servata,2,35
servo,servanda,2,35
servo,servans,1,35
servo,Servata,1,35
servo,servet,1,35
servo,servatus,1,35
servo,servatos,1,35
servo,servari,1,35
servo,servavit,1,35
servo,servabit,1,35
servo,servandi,1,35
servo,servandis,1,35
servo,servaturum,1,35
servo,servant,1,35
servo,servarunt,1,35
servo,servatis,1,35
servus,servus,12,37
servus,servos,5,37
servus,Servus,5,37
servus,servis,4,37
servus,servo,3,37
servus,servum,3,37
servus,servi,3,37
servus,Servi,1,37
servus,servorum,1,37
ses,ses,1,1
sesquiannus,sesquiannum,1,1
sessio,sessione,1,1
sestis,sestis,1,1
sestus,sesto,1,2
sestus,sestum,1,2
setember,Setembris,1,1
seù,seù,1,1
seueritas,seueritatem,1,1
seuilis,seuilia,1,1
seve,sevissime,1,1
severe,severe,2,3
severe,severissime,1,3
severissimi,severissimo,1,1
severitas,severitate,1,1
severus,severis,1,1
sevio,seviunt,1,1
sevissimus,sevissimis,1,1
sex,sex,45,46
sex,Sex,1,46
sexagenarius,sexagenarius,1,1
sexagesimus,sexagesimum,1,1
sexagessimus,sexagessimum,1,1
sexaginta,sexaginta,17,18
sexaginta,Sexaginta,1,18
sexcentesimus,sexcentesimo,3,5
sexcentesimus,sexcentesimi,2,5
sexcentessimus,sexcentessimum,1,1
sexcenti,sexcentos,3,7
sexcenti,sexcentis,2,7
sexcenti,Sexcenta,1,7
sexcenti,sexcenta,1,7
sexcentisve,sexcentisve,1,1
sexco,sexcenti,1,1
sexdecim,sexdecim,3,3
sexennio,sexennio,1,1
sexennis,sexennem,2,4
sexennis,Sexennem,1,4
sexennis,Sexennis,1,4
sexennus,sexenni,1,1
sexio,sexies,1,1
sextingo,sextingentis,1,1
sextus,sexto,5,12
sextus,Sextum,4,12
sextus,Sexto,1,12
sextus,SEXTUS,1,12
sextus,Sexta,1,12
sexus,sexui,1,2
sexus,sexus,1,2
si,si,315,360
si,Si,45,360
sia,Siam,5,5
Siamensus,Siamensi,3,3
sibimo,sibimet,1,1
sibique,sibique,2,2
sibylla,Sibyllae,1,1
Sibylla,Sibylla,1,1
sic,sic,125,135
sic,Sic,10,135
Sicala,Sicala,1,1
siccus,siccior,1,1
Sicilia,Sicilia,2,2
sicq,sicq,2,2
sicque,sicque,1,1
siculus,Siculus,2,3
siculus,siculum,1,3
Siculus,Siculi,1,2
Siculus,Siculo,1,2
sicur,sicur,1,1
sicut,sicut,44,47
sicut,sicuti,2,47
sicut,Sicut,1,47
Siden,Siden,1,1
sidon,Sidon,1,1
sien,sien,3,3
siga,Sigan,5,5
sigillatim,sigillatim,3,4
sigillatim,Sigillatim,1,4
sigillum,Sigillum,6,20
sigillum,sigillo,5,20
sigillum,sigilli,4,20
sigillum,sigillum,2,20
sigillum,Sigilli,2,20
sigillum,Sigilla,1,20
sigmentum,sigmento,1,1
sign,sign,1,1
signifer,Signiferum,1,1
significatio,significationem,4,6
significatio,significatione,2,6
significo,significavit,4,19
significo,significat,3,19
significo,significant,3,19
significo,significari,2,19
significo,significare,1,19
significo,significo,1,19
significo,significans,1,19
significo,significet,1,19
significo,significanda,1,19
significo,significarunt,1,19
significo,significarem,1,19
signo,signatis,1,4
signo,signavit,1,4
signo,signatum,1,4
signo,signatam,1,4
signum,signa,8,21
signum,signis,6,21
signum,signum,4,21
signum,signo,2,21
signum,signi,1,21
siguntinus,Siguntinae,1,1
sil,sil,1,1
Silan,Silan,1,1
Silang,Silang,1,1
silanus,Silani,1,1
silentium,silentium,5,6
silentium,silentio,1,6
silium,silio,1,1
silua,silva,1,2
silua,Silva,1,2
silva,silvis,1,1
simbolus,simbolum,1,1
Simeon,Simeon,1,1
similibusquus,similibusque,1,1
similims,similima,1,1
similis,similem,9,37
similis,similia,6,37
similis,simili,5,37
similis,similes,4,37
similis,similis,4,37
similis,simile,4,37
similis,similibus,3,37
similis,similium,1,37
similis,Similes,1,37
similiter,similiter,18,27
similiter,Similiter,9,27
similitudo,similitudinem,2,3
similitudo,similitudine,1,3
similo,similata,1,1
simio,Simion,2,2
simõis,Simõis,2,2
simon,Simon,8,10
simon,Simone,2,10
Simonascechus,Simonascechi,1,1
simplex,simplices,1,3
simplex,simplex,1,3
simplex,simplicia,1,3
simpliciter,simpliciter,2,2
simul,simul,32,32
simulachrus,simulachrorum,1,1
simulacrum,simulacrorum,1,2
simulacrum,simulacra,1,2
simulatio,simulatione,3,3
simulatque,simulatque,3,3
simulo,simulata,1,6
simulo,simulato,1,6
simulo,simulat,1,6
simulo,simulans,1,6
simulo,simulate,1,6
simulo,simulatq,1,6
simulq,simulq,1,1
simultas,simultates,2,2
simum,simum,1,1
simus,simi,1,1
sin,Sin,1,2
sin,sin,1,2
sina,Sinarum,67,189
sina,Sinas,49,189
sina,Sinae,38,189
sina,Sina,17,189
sina,Sinam,12,189
sina,sinas,2,189
sina,sina,1,189
sina,SINAS,1,189
sina,SINAE,1,189
sina,Sinar,1,189
sinarumque,Sinarumque,1,1
sincerus,sincerum,1,2
sincerus,sincerus,1,2
sine,sine,111,111
sinȩ,Sinȩ,8,8
sinenser,sinensimn,1,1
sinensieo,Sinensibusque,1,1
sinensis,Sinenses,15,63
sinensis,Sinensi,15,63
sinensis,Sinensis,10,63
sinensis,Sinensium,8,63
sinensis,sinensis,6,63
sinensis,Sinensem,5,63
sinensis,sinensi,2,63
sinensis,sinenses,1,63
sinensis,SINENSIS,1,63
Sinensis,Sinensibus,5,5
singol,singoli,1,1
singularis,singulari,8,13
singularis,singularem,2,13
singularis,singulare,1,13
singularis,singularis,1,13
singularis,Singulari,1,13
singulatim,singulatim,1,1
singulorumque,singulorumque,1,1
singulus,singulis,27,61
singulus,singulos,11,61
singulus,singulas,6,61
singulus,singuli,5,61
singulus,singula,5,61
singulus,singulorum,3,61
singulus,singulae,1,61
singulus,singulum,1,61
singulus,singulus,1,61
singulus,singuliq,1,61
sinice,Sinice,1,1
sinicȩ,sinicȩ,3,3
Sinicès,Sinicè,7,7
sinicus,Sinico,36,125
sinicus,Sinicum,22,125
sinicus,sinico,17,125
sinicus,sinicum,17,125
sinicus,Sinicae,8,125
sinicus,Sinicam,7,125
sinicus,sinicae,5,125
sinicus,sinicam,5,125
sinicus,sinicos,2,125
sinicus,Sinicos,2,125
sinicus,Sinicus,2,125
sinicus,sinicorum,1,125
sinicus,Sinicarum,1,125
Sinicus,Sinica,17,59
Sinicus,Sinici,12,59
Sinicus,Sinicis,12,59
Sinicus,sinici,6,59
Sinicus,sinica,5,59
Sinicus,Sinicas,5,59
Sinicus,sinicis,2,59
sinis,Sinis,53,53
sinister,sinistris,2,7
sinister,sinistram,2,7
sinister,sinistra,1,7
sinister,Sinistro,1,7
sinister,sinistrum,1,7
sinistr,sinistr,1,1
sino,sita,14,26
sino,situm,3,26
sino,sinerent,3,26
sino,sinit,2,26
sino,sinatis,1,26
sino,sinebamus,1,26
sino,sitam,1,26
sino,sinunt,1,26
sinus,Sinu,2,3
sinus,sinus,1,3
sion,Sion,1,1
siqueira,Siqueira,3,3
siquidem,siquidem,22,22
sirmius,Sirmium,1,1
sisto,sistunt,2,3
sisto,sisterem,1,3
sitibunda,sitibundis,1,1
sitienter,sitienter,1,1
sitio,sitiret,1,1
sitis,siti,1,1
situo,situatam,1,1
situs,situ,2,3
situs,situs,1,3
sitūs,sitūs,2,2
siue,sive,33,75
siue,seu,22,75
siue,siue,20,75
siuenches,Siuencheu,1,1
sius,sius,1,1
sixtus,Sixtus,3,3
Sixtus,Sixti,1,1
smaragdus,smaragdi,1,1
smogolecky,Smogolecky,1,1
Smogoleskus,Smogoleski,1,1
smus,Smo,3,3
smyrnus,Smyrna,1,1
soar,Soares,2,2
soboles,sobolem,1,2
soboles,sobole,1,2
socer,Soceri,1,1
societae,Societaem,1,1
societalis,Societalem,1,1
societas,Societatis,95,328
societas,societatis,93,328
societas,Societate,87,328
societas,Societati,14,328
societas,Societatem,14,328
societas,Societas,12,328
societas,societate,7,328
societas,SOCIETATIS,3,328
societas,societas,2,328
societas,societatem,1,328
societato,Societatatis,1,1
socijs,socijs,1,1
socio,sociavi,1,2
socio,sociatus,1,2
socius,sociis,25,96
socius,socii,20,96
socius,socius,20,96
socius,socium,9,96
socius,sociorum,5,96
socius,Socius,5,96
socius,socio,4,96
socius,socios,4,96
socius,Socii,1,96
socius,Socios,1,96
socius,Socio,1,96
socius,Sociis,1,96
sociuss,sociuss,1,1
socus,Soci,1,1
sodalitas,Sodalitati,1,1
sodalitatus,Sodalitatum,1,1
Sodoma,Sodoma,1,1
soërius,Soërius,1,1
Soërius,Soërio,1,1
Soiemondonus,Soiemondono,1,1
sol,Sol,3,4
sol,Solem,1,4
solar,solaribus,1,1
solaro,solarentur,2,2
solatio,solatio,4,4
solatium,solatiorum,1,1
solatius,solatium,2,3
solatius,solatii,1,3
soldanus,Soldani,1,1
solemnis,solemnem,1,3
solemnis,solemnes,1,3
solemnis,solemnibus,1,3
solemnitas,solemnitate,1,1
solemniter,solemniter,1,1
solempniter,solempniter,1,1
solemps,solempnes,1,1
solennis,solennem,1,1
solennus,solenni,3,5
solennus,solennis,1,5
solennus,solenniores,1,5
soleo,solent,13,45
soleo,solet,10,45
soleo,solitis,4,45
soleo,solebat,3,45
soleo,solitam,2,45
soleo,soleant,2,45
soleo,solitus,2,45
soleo,soleat,2,45
soleo,solebant,2,45
soleo,solitas,1,45
soleo,solitos,1,45
soleo,soleas,1,45
soleo,Solet,1,45
soleo,solitum,1,45
soler,soleris,1,1
solertia,solertia,2,2
solicito,solicitetur,1,3
solicito,solicitantium,1,3
solicito,solicitet,1,3
solicitudo,solicitudine,1,1
solidissimisque,solidissimisque,1,1
soliditas,soliditatem,1,1
solidius,solidius,1,1
solidus,solidum,2,6
solidus,solidissima,1,6
solidus,solidissimi,1,6
solidus,solidam,1,6
solidus,solida,1,6
solio,solito,3,7
solio,soliti,3,7
solio,solituri,1,7
solisque,solisque,1,1
solitudo,solitudinem,1,1
solitus,solita,3,3
solium,solium,4,4
sollemnis,solemne,3,5
sollemnis,sollemni,1,5
sollemnis,Sollemni,1,5
sollicite,sollicite,2,2
sollicito,sollicitabant,1,1
sollicitudin,sollicitudin,1,1
sollicitudo,sollicitudinis,1,2
sollicitudo,sollicitudinem,1,2
sollicitus,solliciti,3,5
sollicitus,sollicitus,2,5
solor,solaretur,1,1
solum,solum,82,85
solum,Solum,3,85
solùm,solùm,1,1
solummodo,solummodo,2,2
soluo,soluta,4,13
soluo,solvendam,2,13
soluo,solutam,2,13
soluo,solvere,1,13
soluo,soluendo,1,13
soluo,soluere,1,13
soluo,solui,1,13
soluo,solutis,1,13
solus,solus,22,90
solus,solo,20,90
solus,soli,14,90
solus,sola,12,90
solus,solis,8,90
solus,solam,5,90
solus,solos,3,90
solus,solas,3,90
solus,Solus,1,90
solus,Soli,1,90
solus,Sola,1,90
solutio,solutione,2,3
solutio,solutionem,1,3
solvo,solvit,7,39
solvo,solvuntur,6,39
solvo,solverentur,4,39
solvo,solvitur,4,39
solvo,solvebantur,3,39
solvo,solvendos,3,39
solvo,solvat,2,39
solvo,solvebat,1,39
solvo,solveret,1,39
solvo,solvebatur,1,39
solvo,solvatur,1,39
solvo,solvant,1,39
solvo,solvantur,1,39
solvo,solverent,1,39
solvo,solvam,1,39
solvo,solvi,1,39
solvo,solvunt,1,39
solymor,Solymorum,1,1
somutensis,Somutensi,1,1
sono,sonat,7,7
sonoguensis,Sonoguensi,1,2
sonoguensis,Sonoguensis,1,2
sononquensis,Sononquensem,1,1
sons,sontem,1,1
sonus,soni,1,1
sophisma,sophismatis,1,1
sopitus,sopitum,1,1
sorbicius,sorbicia,1,1
sordes,sordibus,3,3
soror,sororibus,1,4
soror,soror,1,4
soror,sororem,1,4
soror,sorore,1,4
sors,sortem,5,14
sors,sordes,3,14
sors,sorte,2,14
sors,sors,1,14
sors,sortes,1,14
sors,sortis,1,14
sors,sortium,1,14
sortilegis,sortilegia,1,1
sortior,sortiantur,1,3
sortior,sortiri,1,3
sortior,sortita,1,3
sotietas,Sotietatis,5,9
sotietas,Sotietas,2,9
sotietas,Sotietate,1,9
sotietas,Sotietati,1,9
sotius,sotii,1,1
spaciosus,spaciosum,1,1
spacium,spacio,2,2
spanius,Spania,1,1
spargo,sparsi,4,5
spargo,sparsa,1,5
spars,sparti,1,1
sparsus,sparsorum,1,1
spatiosus,spatiosa,1,2
spatiosus,spatiosum,1,2
spatium,spatio,13,26
spatium,spatium,12,26
spatium,spatiis,1,26
specialis,speciale,2,3
specialis,speciali,1,3
specialiter,specialiter,2,2
speciatim,speciatim,2,2
species,speciem,11,23
species,species,8,23
species,specie,3,23
species,speciei,1,23
speciosus,speciosas,3,5
speciosus,speciosa,1,5
speciosus,Speciosus,1,5
spectabilis,spectabiles,1,1
spectaculum,spectaculum,8,9
spectaculum,spectaculo,1,9
spectarunque,spectarunque,1,1
specto,spectare,7,32
specto,spectantes,3,32
specto,spectatur,2,32
specto,spectabat,2,32
specto,spectant,2,32
specto,spectantibus,2,32
specto,spectes,2,32
specto,spectante,2,32
specto,spectabant,2,32
specto,spectemus,2,32
specto,spectabamus,1,32
specto,spectabimus,1,32
specto,spectata,1,32
specto,spectat,1,32
specto,spectet,1,32
specto,spectantium,1,32
spectrum,spectris,1,1
specula,speculam,1,1
speculator,Speculatores,2,2
speculum,speculo,1,2
speculum,specula,1,2
speramusque,speramusque,2,2
sperno,spernentem,1,3
sperno,spretum,1,3
sperno,spretis,1,3
spero,speramus,9,51
spero,spero,7,51
spero,sperantes,5,51
spero,sperare,4,51
spero,sperabat,3,51
spero,sperans,2,51
spero,sperandum,2,51
spero,Sperant,2,51
spero,sperari,2,51
spero,sperat,2,51
spero,sperarent,2,51
spero,sperantium,1,51
spero,sperant,1,51
spero,speratur,1,51
spero,sperabam,1,51
spero,speret,1,51
spero,speraremus,1,51
spero,sperasset,1,51
spero,Speramus,1,51
spero,speratis,1,51
spero,sperabant,1,51
spero,sperem,1,51
spes,spes,24,55
spes,spem,17,55
spes,spe,13,55
spes,sped,1,55
spicio,specta,1,1
spiculator,spiculatori,1,1
spicuus,spicuae,1,1
spina,spinas,2,2
spineus,spinea,1,1
spio,spiri,2,2
spira,spira,1,2
spira,Spira,1,2
spiritalis,spiritalibus,3,7
spiritalis,spiritali,1,7
spiritalis,spiritalis,1,7
spiritalis,spiritalium,1,7
spiritalis,spiritalia,1,7
spiritualis,spiritualibus,11,37
spiritualis,spiritualem,9,37
spiritualis,spirituales,4,37
spiritualis,spiritualium,4,37
spiritualis,Spirituales,2,37
spiritualis,spiritualis,2,37
spiritualis,spirituali,2,37
spiritualis,Spiritualia,1,37
spiritualis,spiritualior,1,37
spiritualis,Spiritualis,1,37
spiritus,spiritus,12,38
spiritus,spiritu,8,38
spiritus,Spiritus,7,38
spiritus,spiritum,5,38
spiritus,Spiritu,5,38
spiritus,spiritibus,1,38
spiro,spirabat,1,5
spiro,spirarent,1,5
spiro,spirantis,1,5
spiro,spirantes,1,5
spiro,spirantibus,1,5
spissus,spissior,1,1
splendeo,splendentes,1,2
splendeo,splendere,1,2
splendide,splendide,1,1
splendidus,splendida,4,18
splendidus,splendidas,3,18
splendidus,splendidum,2,18
splendidus,splendidam,2,18
splendidus,splendidis,2,18
splendidus,splendidae,1,18
splendidus,splendidissima,1,18
splendidus,splendido,1,18
splendidus,splendidissimus,1,18
splendidus,splendidus,1,18
splendor,splendore,7,14
splendor,splendorem,4,14
splendor,splendor,2,14
splendor,splendoris,1,14
spolio,spoliati,4,14
spolio,spoliarunt,2,14
spolio,spoliatos,1,14
spolio,spoliavit,1,14
spolio,spolietur,1,14
spolio,spoliatur,1,14
spolio,spoliata,1,14
spolio,spoliatae,1,14
spolio,spoliare,1,14
spolio,spoliatum,1,14
spolium,spoliis,8,10
spolium,spolio,1,10
spolium,spolia,1,10
spondeo,spondet,1,4
spondeo,spondeat,1,4
spondeo,sponderet,1,4
spondeo,spondent,1,4
spons,sponte,9,10
spons,spontè,1,10
sponsa,sponsae,2,5
sponsa,sponsa,2,5
sponsa,sponsam,1,5
sponsio,sponsione,2,5
sponsio,sponsiones,1,5
sponsio,sponsionibus,1,5
sponsio,sponsioni,1,5
sponsus,sponsi,1,1
spopoo,spoponderant,1,1
spuo,spuere,1,1
spus,spo,1,1
squalo,squalentem,1,1
squalor,squalore,1,1
squammis,squammis,1,1
ss,SS,2,2
sta,sta,2,2
stabilio,stabilita,2,11
stabilio,stabiliri,2,11
stabilio,stabilitis,2,11
stabilio,stabilire,1,11
stabilio,stabiliuit,1,11
stabilio,stabilitum,1,11
stabilio,stabilivit,1,11
stabilio,Stabilitis,1,11
stabilis,stabilia,4,7
stabilis,stabile,3,7
stabulum,stabulis,1,1
stacio,stacionem,1,1
stadium,stadia,1,1
stagnensis,stagnense,1,1
stanislaus,Stanislaus,3,3
stapes,stapedes,1,1
statim,statim,22,24
statim,Statim,2,24
statio,statione,2,6
statio,stationes,1,6
statio,statio,1,6
statio,stationem,1,6
statio,stationibus,1,6
statua,statuam,3,7
statua,statuis,1,7
statua,statua,1,7
statua,statuas,1,7
statua,statuarum,1,7
statuo,statuerat,4,34
statuo,statutis,3,34
statuo,statuit,3,34
statuo,statuunt,3,34
statuo,statui,2,34
statuo,statueret,2,34
statuo,statuisse,2,34
statuo,statute,1,34
statuo,statuimus,1,34
statuo,statuatur,1,34
statuo,statuat,1,34
statuo,statuerunt,1,34
statuo,statuerent,1,34
statuo,statuente,1,34
statuo,statuere,1,34
statuo,statutum,1,34
statuo,statuentur,1,34
statuo,statuendum,1,34
statuo,statuentem,1,34
statuo,statuite,1,34
statuo,statuisset,1,34
statuo,Statuimus,1,34
statuq,statuq,1,1
statura,staturam,1,1
status,statu,35,87
status,status,27,87
status,statum,17,87
status,statuum,3,87
status,Status,2,87
status,statibus,2,87
status,statos,1,87
statutumque,statutumque,2,2
statuumque,statuumque,1,1
stella,stellae,1,2
stella,stellas,1,2
stephanonus,Stephanoni,1,1
stephanus,Stephanus,2,2
sterilis,sterilis,1,1
sterilitas,sterilitate,2,2
sterno,stratas,1,1
stigma,stigmata,1,1
stilus,stilo,2,2
stimulo,stimulatos,1,1
stimulor,stimulante,1,1
stimulus,stimulis,1,1
stipendium,stipendia,6,8
stipendium,stipendiis,1,8
stipendium,stipendio,1,8
stipo,stipati,2,6
stipo,stipante,2,6
stipo,stipatum,1,6
stipo,stipatus,1,6
stirps,stirpem,3,3
sto,stabat,7,35
sto,stare,5,35
sto,stabant,3,35
sto,stantibus,2,35
sto,Stetit,2,35
sto,starent,2,35
sto,stat,2,35
sto,stantes,1,35
sto,stant,1,35
sto,stante,1,35
sto,stauet,1,35
sto,stabit,1,35
sto,stetit,1,35
sto,steterat,1,35
sto,standum,1,35
sto,stit,1,35
sto,staturos,1,35
sto,stet,1,35
sto,statet,1,35
stola,stolae,1,1
stolide,stolide,1,1
stra,stra,1,1
strada,Strada,1,1
strages,strage,4,8
strages,stragem,3,8
strages,strages,1,8
stramen,stramine,1,1
strangulo,strangulant,1,1
stratagema,stratagemate,2,5
stratagema,stratagema,2,5
stratagema,stratagemata,1,5
stremus,stremas,1,1
strenue,strenue,6,6
strenuis,strenui,1,1
strenuus,strenuos,1,1
strepitus,strepitu,2,3
strepitus,strepitus,1,3
strictus,strictissimum,1,1
strideo,strident,1,1
stringo,stricto,2,7
stringo,stringunt,2,7
stringo,stringat,1,7
stringo,Stringentur,1,7
stringo,strictis,1,7
stro,straret,1,2
stro,stravit,1,2
strophiolum,strophiola,2,2
structura,structura,2,3
structura,structuram,1,3
struo,struxerat,1,2
struo,strueret,1,2
stud,stud,1,1
studeo,studui,2,13
studeo,studeant,2,13
studeo,Studet,2,13
studeo,studendum,1,13
studeo,studentibus,1,13
studeo,studebat,1,13
studeo,studebant,1,13
studeo,studeres,1,13
studeo,studerent,1,13
studeo,studens,1,13
studiose,studiose,2,2
studiosus,studiosos,2,5
studiosus,studiosum,1,5
studiosus,studiosissimus,1,5
studiosus,studiosas,1,5
studium,studio,23,45
studium,studiis,6,45
studium,studia,5,45
studium,studium,5,45
studium,Studia,2,45
studium,Studiorum,2,45
studium,studiorum,2,45
studius,studios,1,1
studuo,Studuit,28,29
studuo,studuit,1,29
stultus,stulta,1,3
stultus,stultissimum,1,3
stultus,stultis,1,3
stupeo,stupentibus,3,9
stupeo,stupendis,3,9
stupeo,stupendum,1,9
stupeo,stupente,1,9
stupeo,stupenda,1,9
stupesco,stupescentibus,1,1
stupor,stupore,2,2
stylis,styli,1,1
stylus,stylo,5,6
stylus,stylum,1,6
su,su,4,4
suadeo,suadente,2,11
suadeo,suadet,2,11
suadeo,suadebant,2,11
suadeo,suadentium,1,11
suadeo,suaserunt,1,11
suadeo,suadent,1,11
suadeo,suadeo,1,11
suadeo,suademus,1,11
suaequus,suaeque,1,1
suaeus,suaeq,1,1
suares,Suares,2,2
suárez,Suárez,1,1
suasus,suasu,2,2
suauis,suauia,1,1
suauitas,suauitate,1,1
suavis,suavi,2,5
suavis,suavissimum,1,5
suavis,suavissima,1,5
suavis,suavis,1,5
suaviter,suaviter,1,1
sub,sub,87,95
sub,Sub,8,95
subalpinus,Subalpinis,1,1
subditor,subditor,1,1
subdituo,subditusve,1,1
subditus,subditorum,3,4
subditus,subditae,1,4
subdo,subditis,13,40
subdo,subditos,11,40
subdo,subditi,8,40
subdo,subditus,3,40
subdo,subditas,2,40
subdo,subditum,1,40
subdo,subdiderint,1,40
subdo,subdiderit,1,40
subdolus,subdolo,1,1
subduco,subductus,1,3
subduco,subducere,1,3
subduco,subducentes,1,3
subeo,subire,3,15
subeo,subeant,2,15
subeo,subeat,2,15
subeo,subeundis,1,15
subeo,subeunt,1,15
subeo,subituros,1,15
subeo,subita,1,15
subeo,subivit,1,15
subeo,subiere,1,15
subeo,subeundam,1,15
subeo,subiturum,1,15
subicio,subiecta,5,31
subicio,subiectis,4,31
subicio,subiectum,3,31
subicio,subiiciam,2,31
subicio,subiectos,2,31
subicio,subiecti,1,31
subicio,subijciant,1,31
subicio,subici,1,31
subicio,subiicerent,1,31
subicio,subijcitur,1,31
subicio,subiectam,1,31
subicio,subiecerat,1,31
subicio,subiectas,1,31
subicio,subiecto,1,31
subicio,subiiciunt,1,31
subicio,subiici,1,31
subicio,subiiciendo,1,31
subicio,subiecturum,1,31
subicio,subiecit,1,31
subicio,subiiciamus,1,31
subiectionemque,subiectionemque,1,1
subigio,subigeret,3,3
subigo,subactis,1,6
subigo,subacta,1,6
subigo,subigi,1,6
subigo,subigendas,1,6
subigo,subactae,1,6
subigo,subigentibus,1,6
subiicio,subiicientur,1,2
subiicio,subiicientibus,1,2
subiicium,subiicio,1,1
subiipio,subiecerint,1,1
subijcia,subijciam,1,1
subijcio,subijcientur,1,2
subijcio,subijciet,1,2
subinde,subinde,10,11
subinde,Subinde,1,11
subipio,subegerunt,1,1
subirasco,subirascente,1,1
subitaneus,subitaneo,2,2
subito,subito,5,5
subiugo,subiugatas,1,2
subiugo,subiugatis,1,2
subiungo,subiungam,1,2
subiungo,subiunxerunt,1,2
subjaceo,subjacent,1,1
subjicio,subjectis,7,13
subjicio,subjectae,6,13
subjigo,subjecta,3,3
subjugeo,subjugetur,1,1
subleuo,subleuare,1,1
sublevatio,sublevationem,1,1
sublevis,subleves,1,1
sublevo,sublevari,1,4
sublevo,sublevabitur,1,4
sublevo,sublevandus,1,4
sublevo,sublevandam,1,4
sublimis,sublimi,1,2
sublimis,sublimem,1,2
submer,submer,1,1
submergo,submerserit,1,2
submergo,submersus,1,2
subminister,subminister,5,5
subministro,subministrante,2,5
subministro,subministrent,1,5
subministro,subministrant,1,5
subministro,subministrantur,1,5
submiso,submisere,1,1
submissio,submissione,2,3
submissio,submissionis,1,3
submitto,submittant,2,18
submitto,submisit,2,18
submitto,submittendo,2,18
submitto,submittere,2,18
submitto,submiserunt,2,18
submitto,submitti,1,18
submitto,submittunt,1,18
submitto,submissus,1,18
submitto,submissa,1,18
submitto,submittebat,1,18
submitto,submisso,1,18
submitto,submitteret,1,18
submitto,submittendum,1,18
submoneo,submonenda,1,1
subordino,subordinati,1,1
suborior,suborirentur,1,1
subrepticius,subreptitias,1,1
subripeo,subripuisset,1,1
subrogatusvo,subrogatusve,2,2
subrogo,subrogari,1,1
subscribo,subscribere,4,13
subscribo,subscripsit,2,13
subscribo,subscripsi,2,13
subscribo,subscribendum,1,13
subscribo,subscriptum,1,13
subscribo,subscripsimus,1,13
subscribo,subscribo,1,13
subscribo,Subscripserunt,1,13
subscriptio,subscriptio,1,3
subscriptio,subscriptionem,1,3
subscriptio,subscriptione,1,3
subsemino,subseminavit,1,1
subsequor,subsecuta,2,11
subsequor,subsequuntur,2,11
subsequor,subsequitur,1,11
subsequor,subsequentium,1,11
subsequor,subsecutum,1,11
subsequor,Subsecuta,1,11
subsequor,subsecuturum,1,11
subsequor,Subsequentur,1,11
subsequor,subsequentibus,1,11
subser,Substi,1,1
subsidium,subsidium,5,9
subsidium,subsidio,3,9
subsidium,subsidia,1,9
subsisto,subsistant,1,3
subsisto,substiterunt,1,3
subsisto,subsistent,1,3
substantia,substantia,2,3
substantia,substantiis,1,3
substerno,substerno,1,1
substituo,substitutus,3,11
substituo,substituendo,2,11
substituo,substitui,1,11
substituo,Substitutum,1,11
substituo,substituit,1,11
substituo,substituturus,1,11
substituo,Substituti,1,11
substituo,substituti,1,11
substo,substiterit,1,3
substo,substiterant,1,3
substo,substitit,1,3
substrato,substrato,1,1
subsum,subesse,2,4
subsum,subsit,1,4
subsum,subsumus,1,4
subticeo,subticendum,1,1
subtilis,subtilis,1,1
subtilitas,subtilitas,1,1
subtraho,subtraxerit,1,1
subuenio,subveniatur,1,1
suburbanus,suburbana,1,2
suburbanus,suburbano,1,2
suburbijs,suburbijs,1,1
suburbium,suburbio,2,2
suburbius,suburbiis,1,1
subvenio,subvenire,4,6
subvenio,subvenisset,1,6
subvenio,subvenirent,1,6
subversio,subversionis,1,1
subverto,subverterunt,1,1
succedo,succedat,2,14
succedo,succedit,2,14
succedo,successit,2,14
succedo,succedunt,1,14
succedo,successerunt,1,14
succedo,succedentibus,1,14
succedo,succederent,1,14
succedo,Succedit,1,14
succedo,successerat,1,14
succedo,succedere,1,14
succedo,succedebat,1,14
succenseo,succensere,2,3
succenseo,succenseant,1,3
succensus,succensus,1,1
successio,successioni,1,3
successio,successionis,1,3
successio,successione,1,3
successive,successive,2,2
successivès,successivè,1,1
successor,successorem,3,5
successor,successoribus,2,5
successus,successus,6,13
successus,successu,3,13
successus,successum,2,13
successus,successuum,1,13
successus,successibus,1,13
succincte,succincte,1,1
succresco,succrescat,1,1
succubeo,succubuerint,1,1
succumbo,succumberent,1,1
succurro,succurrere,2,5
succurro,succurrant,1,5
succurro,succurrat,1,5
succurro,succurrerent,1,5
suchueus,Suchuen,20,20
sudo,sudare,1,2
sudo,sudi,1,2
sudor,sudoribus,1,3
sudor,sudore,1,3
sudor,sudores,1,3
suę,suę,2,2
sufero,suferre,2,3
sufero,suferentes,1,3
suffero,sublatae,1,1
sufficiens,sufficiens,9,18
sufficiens,sufficientes,4,18
sufficiens,sufficientem,2,18
sufficiens,sufficiente,2,18
sufficiens,sufficienti,1,18
sufficio,sufficeret,7,18
sufficio,sufficere,5,18
sufficio,sufficerent,2,18
sufficio,sufficientibus,1,18
sufficio,sufficit,1,18
sufficio,sufficiunt,1,18
sufficio,sufficiat,1,18
suffimentum,suffimenta,1,1
suffitiens,suffitiens,1,1
suffraganeus,suffraganei,1,1
suffragium,suffragia,21,27
suffragium,suffragium,3,27
suffragium,suffragiis,3,27
suffragor,suffragatur,1,1
suffulo,suffultis,1,1
suffundo,suffusum,1,1
suggedo,Suggessit,2,2
suggero,suggerit,1,5
suggero,suggerentes,1,5
suggero,suggerebant,1,5
suggero,suggereret,1,5
suggero,suggerenti,1,5
sui,se,416,601
sui,sibi,132,601
sui,secum,28,601
sui,sese,21,601
sui,Se,4,601
suique,suique,1,1
suisq,suisq,1,1
suisque,suisque,2,2
sulphur,sulphure,1,1
sulphureus,sulphureas,1,3
sulphureus,sulphureo,1,3
sulphureus,sulphureum,1,3
sum,est,1088,3349
sum,sunt,458,3349
sum,esse,255,3349
sum,fuit,208,3349
sum,sit,176,3349
sum,erat,158,3349
sum,esset,122,3349
sum,sint,86,3349
sum,erant,86,3349
sum,sumus,52,3349
sum,Fuit,52,3349
sum,fuerit,50,3349
sum,sum,45,3349
sum,essent,45,3349
sum,fuerat,39,3349
sum,fuisse,33,3349
sum,fuerunt,31,3349
sum,Est,30,3349
sum,erit,29,3349
sum,fore,27,3349
sum,fuerint,25,3349
sum,fuisset,23,3349
sum,Sunt,22,3349
sum,Erat,19,3349
sum,fuerant,18,3349
sum,fui,15,3349
sum,fuissent,14,3349
sum,fuere,14,3349
sum,erunt,12,3349
sum,fuimus,11,3349
sum,eram,10,3349
sum,essemus,8,3349
sum,sim,8,3349
sum,essem,8,3349
sum,foret,7,3349
sum,eramus,7,3349
sum,es,7,3349
sum,simus,5,3349
sum,fuissem,4,3349
sum,futurus,3,3349
sum,futuros,2,3349
sum,sos,2,3349
sum,fuerimus,2,3349
sum,sitis,2,3349
sum,sis,2,3349
sum,fuerim,2,3349
sum,esto,2,3349
sum,estis,2,3349
sum,Erant,2,3349
sum,ere,1,3349
sum,fuisti,1,3349
sum,fuistis,1,3349
sum,sumum,1,3349
sum,estas,1,3349
sum,fueram,1,3349
sum,futuras,1,3349
sum,Sit,1,3349
sum,esses,1,3349
sum,suissent,1,3349
sum,suisse,1,3349
sum,futurarum,1,3349
sum,Erunt,1,3349
sum,essens,1,3349
sum,SUNT,1,3349
sum,ero,1,3349
sum,Fuere,1,3349
sum,eri,1,3349
sum,eratque,1,3349
sum,fuero,1,3349
sum,Fuerat,1,3349
summ,summ,1,1
summe,summe,1,1
summo,summamque,1,1
summopere,summopere,2,2
summus,summa,43,149
summus,summam,21,149
summus,summo,17,149
summus,summum,14,149
summus,Summo,9,149
summus,summus,8,149
summus,Summi,7,149
summus,summos,6,149
summus,summis,5,149
summus,Summa,5,149
summus,summi,5,149
summus,Summus,4,149
summus,summae,4,149
summus,summorum,1,149
sumo,sumunt,2,13
sumo,sumere,2,13
sumo,sumpsit,2,13
sumo,sumpsi,1,13
sumo,sumitur,1,13
sumo,sumpserat,1,13
sumo,sumptis,1,13
sumo,sumpta,1,13
sumo,sumenda,1,13
sumo,sumendum,1,13
sumotensis,Sumotensis,1,1
sumptuosus,sumptuosae,1,2
sumptuosus,sumptuosum,1,2
sumptus,sumptus,10,18
sumptus,sumptu,5,18
sumptus,Sumptus,2,18
sumptus,sumptibus,1,18
sumus,Sumi,1,1
sun,Sun,2,3
sun,sun,1,3
sunga,Sunga,1,1
sunptus,sunptus,1,1
suntne,Suntne,1,1
suomeus,suomet,1,1
suor,suor,3,3
suorumquus,suorumque,1,1
suos,suosque,4,4
suósque,suósque,1,1
sup,sup,1,1
super,super,29,29
superaddo,superaddit,1,1
superbia,superbia,2,3
superbia,superbiae,1,3
superbus,superbam,1,3
superbus,superbi,1,3
superbus,superbissimum,1,3
superfluus,superflua,2,2
superfundo,superfundat,1,1
supergo,supersit,1,2
supergo,supervixisset,1,2
superi,Superos,1,1
superintendentia,superintendentiam,1,1
superior,superiori,15,77
superior,Superior,15,77
superior,superior,10,77
superior,superioribus,9,77
superior,superiorem,7,77
superior,superioris,5,77
superior,suprema,2,77
superior,supremi,2,77
superior,Superioribus,2,77
superior,superiores,2,77
superior,superiorum,1,77
superior,supremam,1,77
superior,Superiorem,1,77
superior,Superiores,1,77
superior,Superioris,1,77
superior,SUPERIORI,1,77
superior,supremo,1,77
superior,supremus,1,77
superiùs,superiùs,1,1
supernatulis,supernatulia,1,1
supernaturalis,supernaturales,1,1
supero,superare,4,39
supero,superata,4,39
supero,superant,3,39
supero,superat,3,39
supero,superarent,3,39
supero,superato,3,39
supero,superante,2,39
supero,superavit,2,39
supero,superassent,2,39
supero,superabat,2,39
supero,superatis,1,39
supero,superandas,1,39
supero,superabant,1,39
supero,superati,1,39
supero,superasse,1,39
supero,superandus,1,39
supero,superaverant,1,39
supero,superarunt,1,39
supero,superaret,1,39
supero,superabantur,1,39
supero,superatus,1,39
superque,superque,1,1
supersedeo,supersedebo,1,4
supersedeo,supersedeo,1,4
supersedeo,supersederi,1,4
supersedeo,supersedere,1,4
superstitio,superstitionibus,3,7
superstitio,superstitionum,1,7
superstitio,superstitione,1,7
superstitio,superstitiones,1,7
superstitio,superstitionis,1,7
superstitiosus,superstitiosa,2,9
superstitiosus,superstitiosas,2,9
superstitiosus,superstitiosae,1,9
superstitiosus,superstitiosis,1,9
superstitiosus,superstitiosum,1,9
superstitiosus,superstitiosorum,1,9
superstitiosus,superstitiosus,1,9
supersto,superstes,2,2
supersum,superesse,3,18
supersum,Superest,3,18
supersum,superest,3,18
supersum,supersint,2,18
supersum,supersunt,2,18
supersum,superessent,1,18
supersum,superesset,1,18
supersum,superfuerunt,1,18
supersum,superfuturus,1,18
supersum,superfuisse,1,18
superuacaneus,superuacaneae,1,1
superus,superiore,5,9
superus,summas,3,9
superus,Superiore,1,9
supervacaneus,supervacanea,1,1
supervenio,superveniens,1,2
supervenio,superveniente,1,2
suplex,suplex,1,1
suplicium,suplicio,1,1
suplico,suplicantes,1,1
supono,suposita,2,2
suppedito,suppeditat,4,8
suppedito,suppeditabat,1,8
suppedito,suppeditantur,1,8
suppedito,suppeditante,1,8
suppedito,suppeditare,1,8
suppellectilis,suppellectilem,1,1
suppetia,suppetias,2,2
suppeto,suppetunt,2,6
suppeto,suppetant,1,6
suppeto,suppetat,1,6
suppeto,suppeteret,1,6
suppeto,suppetit,1,6
supplementum,supplemento,1,2
supplementum,supplementum,1,2
suppleo,supplendi,2,6
suppleo,suppleant,1,6
suppleo,supplere,1,6
suppleo,supplebat,1,6
suppleo,supplerent,1,6
supplex,supplicij,3,6
supplex,supplices,2,6
supplex,supplex,1,6
supplicatio,supplicatio,3,6
supplicatio,supplicatione,1,6
supplicatio,supplicationi,1,6
supplicatio,supplicationes,1,6
suppliciter,suppliciter,1,1
supplicium,supplicium,10,24
supplicium,supplicio,5,24
supplicium,suppliciis,3,24
supplicium,supplicii,3,24
supplicium,supplicia,2,24
supplicium,supplicijs,1,24
supplico,supplico,2,10
supplico,supplicavimus,2,10
supplico,supplicavit,2,10
supplico,supplicarem,1,10
supplico,supplicavisse,1,10
supplico,supplicaverunt,1,10
supplico,supplicetur,1,10
suppono,supposito,2,2
suppositum,supposita,3,3
supprimo,supprimebantur,1,1
supra,supra,85,93
supra,superius,4,93
supra,Supra,3,93
supra,SUPRA,1,93
suprà,suprà,1,1
supradico,supradicto,4,9
supradico,supradicta,2,9
supradico,supradictam,2,9
supradico,supradictos,1,9
supradictus,supradictis,2,7
supradictus,supradicte,2,7
supradictus,supradictus,1,7
supradictus,Supradictus,1,7
supradictus,supradictum,1,7
suprascriptus,suprascriptae,1,1
surdus,surdus,1,2
surdus,surda,1,2
surgo,Surgens,1,2
surgo,surgendi,1,2
surrepseo,surrepsissent,1,1
surripio,surrepto,1,1
sus,sus,1,1
susceptio,susceptione,3,4
susceptio,susceptionem,1,4
susceptionem,susceptionemque,1,1
suscipio,suscipere,9,75
suscipio,suscipiunt,4,75
suscipio,suscepit,4,75
suscipio,susceperint,3,75
suscipio,suscipiendum,3,75
suscipio,susciperet,3,75
suscipio,suscipiendo,3,75
suscipio,suscipiendam,2,75
suscipio,suscepi,2,75
suscipio,suscepti,2,75
suscipio,susciperemus,2,75
suscipio,susceperit,2,75
suscipio,susceptum,2,75
suscipio,suscipit,2,75
suscipio,susceptam,2,75
suscipio,susciperent,2,75
suscipio,suscepturum,2,75
suscipio,suscepto,2,75
suscipio,suscepisse,2,75
suscipio,suscipiens,1,75
suscipio,suscipitis,1,75
suscipio,susceperat,1,75
suscipio,suscipiam,1,75
suscipio,suscepta,1,75
suscipio,susceptis,1,75
suscipio,susceptâ,1,75
suscipio,susciperem,1,75
suscipio,susciperetur,1,75
suscipio,suscipiendi,1,75
suscipio,suscipiendos,1,75
suscipio,suscipitur,1,75
suscipio,suscipiantur,1,75
suscipio,susciperentur,1,75
suscipio,suscipiendas,1,75
suscipio,suscipimus,1,75
suscipio,susceperunt,1,75
suscipio,Susceptum,1,75
suscipio,Susceperat,1,75
suscipio,susceptus,1,75
suscipio,susceperant,1,75
suscipio,suscepturos,1,75
suscitatio,suscitationem,1,1
suscito,suscitantur,1,5
suscito,suscitentur,1,5
suscito,suscitatus,1,5
suscito,suscitanda,1,5
suscito,suscitare,1,5
susfero,sustulissent,1,1
suspendo,suspendit,4,25
suspendo,suspendere,3,25
suspendo,suspensi,3,25
suspendo,suspensus,3,25
suspendo,suspensam,2,25
suspendo,suspendenda,2,25
suspendo,suspensos,2,25
suspendo,suspenderet,1,25
suspendo,suspendebat,1,25
suspendo,Suspensi,1,25
suspendo,suspendio,1,25
suspendo,suspendunt,1,25
suspendo,suspensa,1,25
suspensio,suspensione,4,6
suspensio,suspensionis,1,6
suspensio,suspensionem,1,6
suspicio,suspicio,5,16
suspicio,suspectum,2,16
suspicio,suspicionem,2,16
suspicio,suspicione,2,16
suspicio,suspectus,1,16
suspicio,suspectis,1,16
suspicio,suspexi,1,16
suspicio,suspicienda,1,16
suspicio,suspicionum,1,16
suspicor,suspicarentur,2,14
suspicor,suspicari,2,14
suspicor,suspicabantur,2,14
suspicor,suspicabar,1,14
suspicor,suspicantibus,1,14
suspicor,suspicantem,1,14
suspicor,suspicaretur,1,14
suspicor,suspicandi,1,14
suspicor,suspicati,1,14
suspicor,suspicabatur,1,14
suspicor,suspicatus,1,14
suspiris,suspiria,1,1
suspitio,suspitionem,1,1
susque,susque,1,1
sustentatio,sustentationem,6,10
sustentatio,sustentatio,2,10
sustentatio,sustentatione,2,10
sustento,sustentatur,5,21
sustento,sustentandam,4,21
sustento,sustentat,3,21
sustento,sustentandum,3,21
sustento,sustentari,1,21
sustento,sustentare,1,21
sustento,sustentavit,1,21
sustento,sustentantur,1,21
sustento,sustentant,1,21
sustento,sustententur,1,21
sustineo,sustinere,3,12
sustineo,sustinet,1,12
sustineo,sustinete,1,12
sustineo,sustineant,1,12
sustineo,sustinendas,1,12
sustineo,sustinendam,1,12
sustineo,sustineret,1,12
sustineo,sustinent,1,12
sustineo,sustinuit,1,12
sustineo,sustinendum,1,12
sustinuo,sustinuere,1,1
suus,suis,125,781
suus,suo,110,781
suus,sua,99,781
suus,suum,87,781
suus,suam,75,781
suus,sui,73,781
suus,suos,56,781
suus,suorum,52,781
suus,suae,51,781
suus,suas,37,781
suus,suarum,6,781
suus,suȩ,2,781
suus,Sua,2,781
suus,suâ,2,781
suus,suus,1,781
suus,Suae,1,781
suus,Suorum,1,781
suus,sue,1,781
suvus,Suvó,1,1
suzutensis,Suzutensis,1,1
svscipieo,SVscipientibs,1,1
syllabus,SYLLABUS,1,1
Sylva,Sylva,2,2
sylvus,sylvis,1,2
sylvus,sylvam,1,2
symba,symba,5,5
symbȩs,symbȩ,1,1
symbolum,Symboli,1,1
symbus,symbam,5,5
syna,synarum,4,5
syna,Synarum,1,5
synasque,Synasque,1,1
synceritas,synceritate,1,1
synensis,Synensis,1,1
synus,Synis,2,3
synus,Synae,1,3
syra,Syra,3,3
syracusus,Syracusam,1,1
Syria,Syriae,5,5
syrius,Syrias,1,1
t,t,33,37
t,T,4,37
ta,ta,4,4
tab,tabe,1,1
tabacum,tabacum,1,1
tabella,tabellam,2,3
tabella,Tabellam,1,3
tabellarius,tabellariorum,1,1
taberna,tabernis,1,1
tabernaculum,tabernaculo,1,1
tabes,tabem,1,1
tabilis,tabilia,1,1
tabula,tabulam,2,3
tabula,tabulis,1,3
tabulatus,tabulatum,3,3
tacacus,Tacacu,1,1
Tacata,Tacata,1,1
tacazuqui,Tacazuqui,1,1
taceo,taceo,2,9
taceo,tacens,1,9
taceo,tacuit,1,9
taceo,tacebo,1,9
taceo,taceam,1,9
taceo,tacere,1,9
taceo,tacita,1,9
taceo,tacenda,1,9
tacitus,tacitus,1,1
tactus,tactus,4,5
tactus,tactu,1,5
taedet,taedet,1,1
taedium,taedia,1,2
taedium,taedio,1,2
taël,taël,1,1
taeus,taeis,1,1
taichangus,Taichangus,1,1
Taicinus,Taicing,1,1
taicisama,Taicisamae,1,1
Taicosama,Taicosamam,5,5
taicosamus,Taicosamae,23,39
taicosamus,Taicosama,14,39
taicosamus,TAICOSAMA,1,39
taicosamus,TAICOSAMAE,1,39
taiçungus,Taiçungus,1,1
taicus,Taici,4,4
taiminga,Taimingae,5,7
taiminga,Taimingam,2,7
Taiminga,Taiminga,12,12
Taitung,Taitung,3,3
Taiyues,Taiyuen,1,1
talentum,talentum,1,1
talis,tale,13,49
talis,tales,9,49
talis,talem,7,49
talis,talis,5,49
talis,talia,5,49
talis,tali,5,49
talis,talibus,2,49
talis,Talia,1,49
talis,Tale,1,49
talis,Talis,1,49
talisimanis,talisimani,1,1
taliter,taliter,3,3
talus,talos,1,1
tam,tam,145,146
tam,Tam,1,146
tamax,tamaxe,3,3
tamdiu,tamdiu,2,2
tamen,tamen,217,222
tamen,Tamen,5,222
Tamerlanus,Tamerlani,1,1
tametsi,tametsi,5,7
tametsi,Tametsi,2,7
Tamora,Tamora,2,2
tamquam,tamquam,42,74
tamquam,tanquam,32,74
tamque,tamque,5,5
támque,támque,1,1
tamurus,Tamura,1,1
tan,tan,1,1
Tanaënsus,Tanaënse,1,1
tandem,tandem,49,52
tandem,Tandem,3,52
tandiu,tandiu,1,1
tanganus,Tangani,1,1
tango,tangit,1,3
tango,tangatur,1,3
tango,tangerent,1,3
tant,tant,1,1
tantasque,tantasque,1,1
tantillum,tantillum,1,1
tantisper,tantisper,3,3
tanto,tanto,14,16
tanto,Tanto,2,16
tantò,tantò,3,3
tantopere,tantopere,4,4
tantoperè,tantoperè,2,2
tantor,tantor,1,1
tantorumq,tantorumq,1,1
tantum,tantum,116,117
tantum,Tantum,1,117
tantùm,Tantùm,1,2
tantùm,tantùm,1,2
tantumdus,tantumdem,1,1
tantummodo,tantummodo,1,1
tantumodo,tantumodo,2,2
tantundem,tantundem,1,1
tantus,tanta,36,100
tantus,tantam,19,100
tantus,tantis,9,100
tantus,tanti,7,100
tantus,tantae,7,100
tantus,Tanta,5,100
tantus,tantus,4,100
tantus,tantas,3,100
tantus,tantorum,2,100
tantus,Tantus,2,100
tantus,Tantae,1,100
tantus,Tantam,1,100
tantus,tantos,1,100
tantus,tantaq,1,100
tantus,tantoq,1,100
tantus,tantar,1,100
tantusque,tantusque,1,1
tanyu,Tanyu,4,4
tapes,tapete,1,1
tar,Tar,2,2
Taraura,Taraura,1,1
tarazauandon,Tarazauandonum,2,2
tarazauandonus,Tarazauandonus,5,7
tarazauandonus,Tarazauandono,2,7
tarazauondonus,Tarazauondoni,1,1
tarde,tardissime,2,3
tarde,tardius,1,3
tardo,tardat,1,1
tardus,tarda,1,1
tarin,Tarin,2,2
taro,taretur,1,1
tarsus,Tarsus,1,1
tartar,Tartaris,82,133
tartar,Tartaros,51,133
Tartara,Tartara,2,2
tartareus,tartareis,1,1
tartarichus,tartaricham,1,1
tartaricus,Tartaricum,6,16
tartaricus,Tartarica,6,16
tartaricus,tartaricam,1,16
tartaricus,Tartaricam,1,16
tartaricus,Tartaricas,1,16
tartaricus,Tartaricus,1,16
Tartaricus,Tartarico,7,13
Tartaricus,Tartaricis,5,13
Tartaricus,TARTARICO,1,13
tartarius,Tartariam,8,21
tartarius,Tartaria,7,21
tartarius,Tartariae,6,21
tartarus,Tartarorum,76,76
Tartarus,Tartari,101,128
Tartarus,Tartarus,21,128
Tartarus,Tartaro,5,128
Tartarus,TARTARI,1,128
tartus,Tartarum,7,8
tartus,Tarta,1,8
tarus,taris,1,2
tarus,tarorum,1,2
tatis,tate,1,1
tatus,Tata,1,3
tatus,tati,1,3
tatus,tatum,1,3
taurus,Tauri,1,1
tavaris,Tavares,1,1
taveirus,Taveira,3,3
taverus,Tavero,1,1
Taveyra,Taveyra,1,1
taxatus,taxatum,1,1
taxo,taxare,1,2
taxo,taxat,1,2
taxus,taxorum,1,1
Taytay,Taytay,1,1
tçunocamidonus,Tçunocamidono,1,2
tçunocamidonus,Tçunocamidonum,1,2
tçunocamindo,Tçunocamindoni,1,1
tçunocamus,Tçunocami,2,2
tçuzu,Tçuzu,2,2
tectum,tectis,2,2
tecum,tecum,1,1
tedeschus,Tedeschi,1,1
tego,tecti,1,7
tego,tegit,1,7
tego,tecta,1,7
tego,tectae,1,7
tego,tegeret,1,7
tego,tecto,1,7
tego,tectus,1,7
telum,tela,4,7
telum,telorum,1,7
telum,telo,1,7
telum,telis,1,7
tem,tem,4,4
temere,temere,4,4
temperatio,temperatione,1,1
temperies,temperiem,1,3
temperies,temperies,1,3
temperies,temperie,1,3
tempero,temperatos,2,6
tempero,temperare,2,6
tempero,temperetur,1,6
tempero,temperandum,1,6
tempestas,tempestate,5,11
tempestas,tempestas,3,11
tempestas,tempestatem,2,11
tempestas,tempestatibus,1,11
templaque,templaque,1,1
temploum,Templorumq,1,1
templum,templum,22,44
templum,templa,8,44
templum,templis,4,44
templum,Templa,3,44
templum,templo,3,44
templum,templi,1,44
templum,Templo,1,44
templum,templorum,1,44
templum,Templum,1,44
templumque,templumque,1,1
temporalis,Temporalis,6,20
temporalis,temporalia,4,20
temporalis,Temporales,3,20
temporalis,temporalibus,3,20
temporalis,temporalis,2,20
temporalis,temporalium,2,20
temporarius,temporarium,1,1
tempto,temptari,1,2
tempto,tentare,1,2
tempum,tempo,1,1
tempus,tempore,114,218
tempus,tempus,45,218
tempus,temporis,34,218
tempus,temporibus,13,218
tempus,tempora,5,218
tempus,temporum,4,218
tempus,Tempus,2,218
tempus,Tempori,1,218
temus,temus,1,1
tenax,tenaces,1,1
tendo,tendit,3,8
tendo,tendebant,2,8
tendo,tenduntne,1,8
tendo,tenderet,1,8
tendo,tenditur,1,8
tenebra,tenebris,6,6
tenebrae,tenebras,2,3
tenebrae,tenebrarum,1,3
tenedos,Tenedos,1,1
tenella,tenellae,1,1
teneo,tenuit,6,47
teneo,tenet,4,47
teneo,tenebat,4,47
teneo,tenetur,3,47
teneo,teneret,3,47
teneo,tenentur,3,47
teneo,teneri,2,47
teneo,teneo,2,47
teneo,tenemur,2,47
teneo,teneat,2,47
teneo,tenere,2,47
teneo,tenentem,1,47
teneo,tenendis,1,47
teneo,tenendus,1,47
teneo,tenent,1,47
teneo,tenebatur,1,47
teneo,teneamur,1,47
teneo,tenuistis,1,47
teneo,teneatur,1,47
teneo,tenebant,1,47
teneo,Tenuit,1,47
teneo,tenebamur,1,47
teneo,tenuisset,1,47
teneo,teneremur,1,47
teneo,tenens,1,47
tener,tenerrimis,1,1
tenor,tenoris,1,2
tenor,tenor,1,2
tensa,Tensae,1,1
tento,tentavit,3,13
tento,tentarunt,3,13
tento,tentassent,2,13
tento,Tentavit,1,13
tento,tentaverunt,1,13
tento,tentandam,1,13
tento,tentabat,1,13
tento,tentaret,1,13
tentor,tentari,2,2
tentorium,tentorio,2,5
tentorium,tentorium,1,5
tentorium,tentorii,1,5
tentorium,tentoria,1,5
tenuior,tenuioribus,1,1
tenuíque,tenuíque,1,1
tenuis,tenuem,1,2
tenuis,tenuibus,1,2
tenuitas,tenuitate,1,1
tenus,tenus,2,2
tenza,Tenzae,4,5
tenza,Tenzam,1,5
Tenze,Tenze,1,1
tepor,tepor,1,1
ter,ter,7,8
ter,Ter,1,8
terazavis,Terazave,1,1
terazavus,Terazava,1,1
tercens,tercentis,1,1
tercentum,tercentum,1,1
tercius,tercia,2,4
tercius,tercio,1,4
tercius,Tercia,1,4
Terentius,Terentius,1,1
tereo,teret,1,1
tergum,tergo,9,12
tergum,terga,2,12
tergum,tergum,1,12
teria,teriam,1,1
termino,terminandis,1,2
termino,terminata,1,2
terminus,terminum,6,11
terminus,termino,2,11
terminus,terminis,2,11
terminus,terminos,1,11
ternosvus,ternosve,1,1
ternus,ternis,2,3
ternus,ternos,1,3
tero,terat,1,1
terq,terq,1,1
terra,terram,48,158
terra,terra,28,158
terra,terras,22,158
terra,terrae,21,158
terra,terrarum,19,158
terra,terris,14,158
terra,terre,4,158
terra,Terrae,1,158
terra,terraeq,1,158
terram,terramque,1,1
terraquus,terraque,1,1
Terrasqus,Terrasq,1,1
terrenus,terrena,1,1
terreo,territi,1,1
terrestris,terrestri,1,1
terretius,Terretii,1,1
terreus,terreis,1,1
terribilis,terribilis,1,1
terriculamentum,terriculamentis,1,1
terrificus,terrificas,1,1
territorium,territorio,2,2
terror,terroribus,2,7
terror,terrorem,2,7
terror,terrore,1,7
terror,Terrore,1,7
terror,terrori,1,7
terroreque,terroreque,1,1
tertius,tertia,10,56
tertius,Tertia,7,56
tertius,tertio,7,56
tertius,tertium,6,56
tertius,Tertium,6,56
tertius,tertius,6,56
tertius,Tertio,3,56
tertius,tertiam,3,56
tertius,tertii,3,56
tertius,Tertius,2,56
tertius,TERTIUS,1,56
tertius,TERTIA,1,56
tertius,tertiae,1,56
terum,teris,1,1
terx,tercium,1,1
tes,tes,2,2
testamentique,testamentique,1,1
testamentum,testamento,1,3
testamentum,Testamentum,1,3
testamentum,Testamenti,1,3
testatus,Testatus,1,2
testatus,testatus,1,2
testatusque,testatusque,1,1
testificatio,testificationibus,1,2
testificatio,testificatione,1,2
testifico,testificantibus,1,1
testificor,testificati,1,1
testimonium,testimonium,10,14
testimonium,testimonio,3,14
testimonium,testimonia,1,14
testis,testibus,5,14
testis,testes,3,14
testis,testem,3,14
testis,testis,2,14
testis,teste,1,14
testor,testari,1,1
teterrimus,teterrimorum,1,1
tetrapylis,tetrapyli,1,1
Tetrapylon,Tetrapylon,1,1
tetrum,tetro,1,1
textus,Textus,1,1
textûs,Textûs,1,1
tezaurus,tezauro,1,1
thadeus,Thadeus,2,2
thaedus,Thaedus,1,1
thana,Thanam,1,1
thanai,Thanais,1,1
thangus,Thangum,1,1
Thaoyues,Thaoyuen,1,1
thartari,Thartaros,4,4
thartaror,Thartarorum,8,8
thartor,Thartaris,2,2
thaurisis,Thaurisium,1,1
Thaurisius,Thaurisio,2,2
theatrum,theatrum,2,4
theatrum,theatro,2,4
thebaidus,Thebaidis,2,2
theol,theol,12,12
theologia,theologiae,36,46
theologia,theologiam,5,46
theologia,theologia,4,46
theologia,Theologiaq,1,46
theologicus,theologicus,1,3
theologicus,theologicis,1,3
theologicus,Theologici,1,3
theologus,theologus,2,6
theologus,theologis,2,6
theologus,theologos,1,6
theologus,theologi,1,6
theresia,Theresiae,1,1
Thermopylae,Thermopylis,1,1
thesaurus,thesaurum,5,12
thesaurus,thesauri,2,12
thesaurus,thesauris,2,12
thesaurus,thesauro,1,12
thesaurus,Thesauri,1,12
thesaurus,thesauros,1,12
thessalis,Thessalia,1,1
thessalius,Thessaliam,1,1
Thessalonica,Thessalonicam,1,1
thienci,Thiencin,3,3
thienkio,Thienkio,2,2
Thienkus,Thienki,1,1
thienmingus,Thienmingus,1,1
Thienmingus,Thienmingo,1,1
thienus,Thienus,2,2
thienxunus,Thienxunam,1,1
thienxus,Thienxun,1,1
thienzungus,Thienzungus,1,1
Thienzungus,Thienzungum,1,1
thimotheus,Thimotheo,1,1
thisicus,thisicae,1,1
thius,Thienkius,4,5
thius,Thienkium,1,5
thoma,Thoma,1,1
Thomas,Thomas,18,24
Thomas,Thomae,3,24
Thomas,Thomam,2,24
Thomas,Thome,1,24
thorus,thori,1,1
thracius,Thraciae,2,4
thracius,Thracia,2,4
thucydides,Thucydides,1,1
ti,ti,3,3
tia,tiae,2,2
tianus,tianorum,1,1
tibetanus,Tibetano,1,1
tibique,tibique,1,1
tiburtinus,Tiburtinum,1,1
tidic,tidic,1,1
tienches,Tienchu,1,1
tignum,tigna,1,2
tignum,tignis,1,2
tigo,tincti,1,1
tigris,Tigris,1,1
tilis,tilium,1,1
timeo,timendum,3,23
timeo,timuit,3,23
timeo,timentes,2,23
timeo,timens,2,23
timeo,timebamus,1,23
timeo,timeri,1,23
timeo,timeo,1,23
timeo,Timendum,1,23
timeo,time,1,23
timeo,timentibus,1,23
timeo,timebam,1,23
timeo,timebant,1,23
timeo,timenda,1,23
timeo,timere,1,23
timeo,Timebat,1,23
timeo,timeant,1,23
timeo,timeret,1,23
timor,timore,7,11
timor,timoribus,1,11
timor,Timor,1,11
timor,timor,1,11
timor,timores,1,11
timoro,timoratas,1,1
timus,timus,1,1
tinco,tincta,1,1
tinea,tinea,1,1
tingo,tinctos,1,2
tingo,tingunt,1,2
tinus,tinus,1,1
tinxeo,tinxisse,1,1
tio,tionem,2,6
tio,tio,1,6
tio,tionibus,1,6
tio,tit,1,6
tio,tione,1,6
tiranides,tiranidem,2,2
tirannus,tiranno,1,1
tis,tis,3,3
titubatio,titubatio,1,1
titubo,titubasse,1,1
titulus,titulus,33,50
titulus,titulo,10,50
titulus,titulum,5,50
titulus,Titulis,1,50
titulus,titulos,1,50
tius,tiis,1,1
to,to,1,1
todeschinus,Todeschino,1,1
togatus,Togatis,1,3
togatus,Togatus,1,3
togatus,Togatos,1,3
toleo,tolerent,1,1
tolerantia,tolerantia,1,1
tolero,tolerare,3,10
tolero,tolerando,1,10
tolero,tolerandis,1,10
tolero,toleratis,1,10
tolero,toleraturum,1,10
tolero,toleratas,1,10
tolero,tolerandam,1,10
tolero,toleraturus,1,10
tollero,tollerandum,1,1
tollo,tollere,4,32
tollo,sublata,4,32
tollo,sustulit,3,32
tollo,tollitur,2,32
tollo,tolli,2,32
tollo,sublatis,2,32
tollo,sublato,2,32
tollo,tolleretur,2,32
tollo,tolluntur,1,32
tollo,tollebatur,1,32
tollo,tollendum,1,32
tollo,tollendis,1,32
tollo,sublati,1,32
tollo,sustulerant,1,32
tollo,Sublato,1,32
tollo,sustulisset,1,32
tollo,Sublatis,1,32
tollo,sublatus,1,32
tollo,tollendos,1,32
tomius,Tomiis,1,1
tomus,Tomi,2,8
tomus,Tomus,2,8
tomus,Tomos,1,8
tomus,Tomis,1,8
tomus,Tomo,1,8
tomus,tomis,1,8
tondeo,tonderi,1,1
tonus,Tono,7,15
tonus,Toni,5,15
tonus,Tonus,2,15
tonus,Tonum,1,15
Toquiççuquensis,Toquiççuquensem,1,1
toquitçuquensis,Toquitçuquensis,1,1
toquizuquensus,Toquizuquensi,1,1
toridus,toridae,1,1
tormentarius,tormentarii,1,1
tormentum,tormentis,8,24
tormentum,tormenta,7,24
tormentum,tormentorum,7,24
tormentum,tormento,1,24
tormentum,tormentum,1,24
torpesco,torpescentibus,1,3
torpesco,torpescentium,1,3
torpesco,torpescens,1,3
torqueo,torquebuntur,2,8
torqueo,torqueri,2,8
torqueo,torquent,1,8
torqueo,torqueantur,1,8
torqueo,torquetur,1,8
torqueo,torqueret,1,8
torradus,Torrados,1,1
torreo,Torrente,3,3
torris,Torres,6,6
torus,tori,1,2
torus,torum,1,2
torvus,torvo,1,1
tos,tos,1,1
toscirondonus,Toscirondonus,4,4
tot,tot,42,43
tot,Tot,1,43
totalis,totalem,1,1
totaliter,totaliter,2,2
totam,totamque,2,2
totaque,totaque,1,1
totidem,totidem,14,14
toties,toties,3,3
totique,totique,1,1
totiusque,totiusque,4,4
totiùsque,totiùsque,1,1
totus,totius,71,244
totus,tota,52,244
totus,toto,35,244
totus,totum,32,244
totus,totam,28,244
totus,totus,8,244
totus,toti,5,244
totus,totos,3,244
totus,totis,3,244
totus,Tota,2,244
totus,Totius,1,244
totus,Totum,1,244
totus,totae,1,244
totus,totas,1,244
totus,Toto,1,244
totvus,totve,1,1
toxicus,toxica,1,2
toxicus,toxicum,1,2
toxogun,Toxogun,1,1
tra,tra,1,1
tractactio,tractactionis,1,1
tractatio,tractatione,1,2
tractatio,tractationem,1,2
tractio,tractione,1,1
tracto,tractat,4,25
tracto,tractata,2,25
tracto,tractandum,2,25
tracto,tractavit,1,25
tracto,tractavi,1,25
tracto,tractarent,1,25
tracto,tractabimus,1,25
tracto,tractatur,1,25
tracto,tractantur,1,25
tracto,tractarunt,1,25
tracto,tractaretur,1,25
tracto,tractabat,1,25
tracto,tractare,1,25
tracto,tractandorum,1,25
tracto,tractandis,1,25
tracto,tractent,1,25
tracto,tractaturos,1,25
tracto,tractatos,1,25
tracto,tractarit,1,25
tracto,tractari,1,25
tractus,tractus,4,6
tractus,tractibus,1,6
tractus,tractu,1,6
trado,tradidit,10,57
trado,tradere,10,57
trado,tradita,5,57
trado,tradiderunt,4,57
trado,traderent,3,57
trado,tradi,2,57
trado,traderet,2,57
trado,tradenda,2,57
trado,traditae,2,57
trado,tradit,2,57
trado,tradunt,1,57
trado,traditam,1,57
trado,tradat,1,57
trado,tradidi,1,57
trado,tradidisset,1,57
trado,traditi,1,57
trado,traditis,1,57
trado,traderetur,1,57
trado,tradas,1,57
trado,tradam,1,57
trado,tradentibus,1,57
trado,traderentur,1,57
trado,tradendam,1,57
trado,tradebantur,1,57
trado,tradendum,1,57
traduco,traducendam,1,4
traduco,traducti,1,4
traduco,traducere,1,4
traduco,traducerent,1,4
tragaedium,tragaedia,1,1
tragedius,tragediae,1,1
tragicus,tragicorum,1,2
tragicus,tragica,1,2
tragoedia,tragoediam,2,3
tragoedia,tragoedia,1,3
traho,traho,1,10
traho,trahendos,1,10
traho,trahentes,1,10
traho,trahebat,1,10
traho,trahant,1,10
traho,trahunt,1,10
traho,tractum,1,10
traho,tractas,1,10
traho,trahit,1,10
traho,tractis,1,10
traianus,Traiani,1,1
traicio,traiecerunt,1,2
traicio,traiecit,1,2
traiicio,traiiciunt,2,3
traiicio,traiicere,1,3
trajico,trajiceret,1,1
trames,tramitem,2,2
tranquilitas,tranquilitatis,1,2
tranquilitas,tranquillitatem,1,2
tranquille,tranquille,2,2
tranquillis,tranquilliorem,2,2
tranquillitas,tranquillitate,4,5
tranquillitas,tranquillitatis,1,5
tranquillo,tranquillandae,1,1
tranquillus,Tranquillus,2,4
tranquillus,tranquilla,1,4
tranquillus,tranquillus,1,4
trans,trans,2,2
transaco,transactis,2,2
transcendo,transcendunt,1,1
transcribo,transcribo,2,2
transcripo,transcripto,2,2
transcriptus,transcriptum,3,3
transego,transegit,1,2
transego,transegerint,1,2
transeo,transierunt,5,40
transeo,transire,5,40
transeo,transeunt,4,40
transeo,transiit,3,40
transeo,transirent,3,40
transeo,transivi,2,40
transeo,transeundum,2,40
transeo,transiens,2,40
transeo,transeo,1,40
transeo,transit,1,40
transeo,transito,1,40
transeo,transistis,1,40
transeo,transeundi,1,40
transeo,transiturus,1,40
transeo,transeuntes,1,40
transeo,transeuntem,1,40
transeo,Transeo,1,40
transeo,transiere,1,40
transeo,transeuntibus,1,40
transeo,transibant,1,40
transeo,transivit,1,40
transeo,transibat,1,40
transfero,transferendo,3,25
transfero,transferre,3,25
transfero,transferri,3,25
transfero,translatum,3,25
transfero,translata,3,25
transfero,transtuli,2,25
transfero,transtulit,2,25
transfero,Translato,2,25
transfero,transferret,1,25
transfero,transferat,1,25
transfero,translati,1,25
transfero,transfer,1,25
transfigo,transfixus,2,3
transfigo,transfixit,1,3
transfreto,transfretans,1,2
transfreto,transfretati,1,2
transgredior,transgredior,1,1
transgredo,transgrederentur,1,1
transieo,transituri,1,1
transigo,transacto,3,14
transigo,transigunt,2,14
transigo,transigere,2,14
transigo,transacta,2,14
transigo,transigit,1,14
transigo,transigentes,1,14
transigo,transigerentur,1,14
transigo,transactum,1,14
transigo,transigendum,1,14
transilio,transilire,1,1
transio,transivimus,1,2
transio,transitis,1,2
transitus,transitu,4,11
transitus,transitum,4,11
transitus,transitus,3,11
transmarinus,transmarinas,1,2
transmarinus,transmarinis,1,2
transmeo,transmisse,1,3
transmeo,transmeavit,1,3
transmeo,transmeasset,1,3
transmicto,transmicteret,1,1
transmigro,transmigrare,1,1
transmissio,transmissione,3,3
transmissus,transmissum,1,2
transmissus,transmissus,1,2
transmitio,transmitione,1,1
transmitto,transmitterent,4,18
transmitto,transmittitur,2,18
transmitto,transmittantur,1,18
transmitto,transmisisti,1,18
transmitto,transmittimus,1,18
transmitto,transmissis,1,18
transmitto,transmissas,1,18
transmitto,transmisso,1,18
transmitto,transmittit,1,18
transmitto,transmittebat,1,18
transmitto,transmisit,1,18
transmitto,transmittunt,1,18
transmitto,transmittens,1,18
transmitto,transmissa,1,18
transporto,transportandos,1,1
transsumo,transsumptum,1,1
transtornus,Transtorna,1,1
transuersus,transuersum,1,1
transumo,transumpta,2,2
transumpo,transumptis,1,1
transumptus,transumptum,1,1
transveho,transvehamur,1,2
transveho,transvehuntur,1,2
transverbero,transverberant,1,1
transverto,transuersos,1,1
transvicio,transvecti,1,1
trarius,trariorum,1,1
trasmarinus,trasmarinis,1,1
travancos,Travancoris,1,1
traxi,traxi,1,1
trecenti,trecenta,5,9
trecenti,trecentis,3,9
trecenti,trecentos,1,9
tredecim,tredecim,4,4
tremor,tremore,2,3
tremor,tremoribus,1,3
trentarius,trentaria,1,1
tres,tres,66,147
tres,tribus,33,147
tres,trium,24,147
tres,tria,17,147
tres,Tres,4,147
tres,Tribus,1,147
tres,Tria,1,147
tres,Trium,1,147
tresve,tresve,1,1
tribulatio,tribulationes,3,6
tribulatio,tribulationem,1,6
tribulatio,tribulationibus,1,6
tribulatio,tribulatione,1,6
tribunal,tribunal,3,6
tribunal,tribunali,1,6
tribunal,Tribunal,1,6
tribunal,Tribunali,1,6
tribunalis,Tribunalia,6,17
tribunalis,Tribunalis,4,17
tribunalis,tribunalis,3,17
tribunalis,Tribunalium,2,17
tribunalis,tribunalibus,1,17
tribunalis,Tribunalibus,1,17
tribuo,tribuere,4,26
tribuo,tribueretur,3,26
tribuo,tribuunt,3,26
tribuo,tribuitur,3,26
tribuo,tribui,2,26
tribuo,tribuit,1,26
tribuo,tribuat,1,26
tribuo,tribuuntur,1,26
tribuo,tributi,1,26
tribuo,tribuendam,1,26
tribuo,tribuente,1,26
tribuo,tribuendo,1,26
tribuo,tribuens,1,26
tribuo,tribuendis,1,26
tribuo,tribuentes,1,26
tribuo,tribueret,1,26
tribusque,tribusque,1,1
tributarius,tributaria,1,4
tributarius,tributarius,1,4
tributarius,tributariis,1,4
tributarius,tributarii,1,4
tributum,tributa,4,7
tributum,tributo,2,7
tributum,tributum,1,7
tricenus,tricenorum,2,2
tridentinus,Tridentini,3,7
tridentinus,Tridentinum,2,7
tridentinus,Tridentino,1,7
tridentinus,Tridentinus,1,7
tridualis,triduali,1,1
triduum,triduum,2,2
trienium,trienio,1,1
triennium,triennium,3,5
triennium,triennio,2,5
trigautio,Trigautio,1,1
Trigautius,Trigautii,1,1
trigautus,Trigautius,5,5
trigesimus,trigesimum,3,6
trigesimus,trigesimo,3,6
triginta,triginta,31,32
triginta,Triginta,1,32
trimpho,trimphato,1,1
trinitas,Trinitatis,2,4
trinitas,Trinitas,1,4
trinitas,Trinitatem,1,4
triplex,triplici,1,1
triplus,triplo,1,1
tripoles,Tripolis,1,1
triremis,triremes,1,1
tristis,Tristia,1,3
tristis,tristi,1,3
tristis,tristiora,1,3
tristitia,tristitia,2,3
tristitia,tristitiam,1,3
tristus,tristissimam,1,1
triticum,triticum,1,1
tritonus,Tritonibus,1,1
triuer,Triueris,1,1
triumphalis,triumphales,1,2
triumphalis,triumphale,1,2
triumpho,triumphantem,1,4
triumpho,triumphauit,1,4
triumpho,triumphantes,1,4
triumpho,triumphavit,1,4
triumphus,triumphos,2,5
triumphus,triumphum,2,5
triumphus,triumpho,1,5
troia,Troiam,1,1
trophaeus,trophaea,2,2
trucido,trucidat,3,13
trucido,trucidari,3,13
trucido,trucidare,2,13
trucido,trucidarunt,1,13
trucido,trucidatur,1,13
trucido,trucidati,1,13
trucido,trucidabat,1,13
trucido,trucidasset,1,13
truculens,truculentissimi,1,1
truculentia,truculentiam,1,2
truculentia,truculentia,1,2
trunco,truncatus,1,2
trunco,truncaretur,1,2
tu,te,44,100
tu,tibi,40,100
tu,tu,12,100
tu,Tu,3,100
tu,Te,1,100
tualis,tualis,1,1
tuba,tubarum,1,3
tuba,tubae,1,3
tuba,tuba,1,3
tubicen,tubicinem,1,1
tubus,tubos,1,1
tue,Tue,1,2
tue,tue,1,2
tueor,tueri,4,13
tueor,tutus,2,13
tueor,tueamur,1,13
tueor,tuentur,1,13
tueor,tuendi,1,13
tueor,tuerentur,1,13
tueor,tuemur,1,13
tueor,tueretur,1,13
tueor,tueantur,1,13
tuerique,tuerique,1,1
tugurium,tugurium,1,1
tum,tum,147,158
tum,Tum,11,158
tumcunque,tumcunque,1,1
tumquinenses,Tumquinensis,1,1
tumultuor,tumultuantur,1,1
tumultus,tumultus,4,12
tumultus,tumultu,3,12
tumultus,tumultibus,3,12
tumultus,tumultum,2,12
tumultuus,tumultuum,1,1
tumulus,tumulis,4,6
tumulus,tumulo,1,6
tumulus,tumuli,1,6
tuna,tunam,1,1
tunc,tunc,57,90
tunc,Tunc,32,90
tunc,tun,1,90
tuncque,tuncque,1,1
tungkinus,Tungking,1,1
tunglieu,Tunglieu,1,1
tunica,tunicis,2,3
tunica,tunicas,1,3
tunkim,Tunkim,4,4
tunkinense,Tunkinense,1,1
tunkinensis,Tunkinensis,3,3
tunkinensus,Tunkinensi,6,6
tunkinicus,Tunkinica,9,10
tunkinicus,Tunkinicae,1,10
Tunquinensis,Tunquinenses,2,2
tur,tur,9,9
turba,turbas,3,10
turba,turba,2,10
turba,turbam,2,10
turba,turbis,1,10
turba,turbae,1,10
turba,turbarum,1,10
turbarum,turbarumque,1,1
turbatio,turbationis,1,2
turbatio,turbationem,1,2
turbatura,turbaturam,2,2
turbidus,turbidum,1,1
turbo,turbavit,4,8
turbo,turbaretur,1,8
turbo,turbari,1,8
turbo,turbati,1,8
turbo,turbare,1,8
turbulentus,turbulentae,1,4
turbulentus,turbulentos,1,4
turbulentus,turbulentior,1,4
turbulentus,turbulento,1,4
turca,Turcae,1,1
turcottus,Turcotti,6,7
turcottus,Turcottus,1,7
turcotus,Turcoti,1,1
turibulum,turibula,1,1
turkya,Turkyam,3,4
turkya,Turkya,1,4
turpis,turpissima,1,4
turpis,turpi,1,4
turpis,turpem,1,4
turpis,turpissimus,1,4
turpiter,turpiter,4,4
turpitudo,turpitudinem,2,3
turpitudo,turpitudini,1,3
turquia,Turquiam,1,1
Turrianus,Turriano,1,1
turris,turris,2,4
turris,Turrim,1,4
turris,turrem,1,4
tursicus,tursicis,1,1
tus,ture,1,3
tus,tus,1,3
tus,tibus,1,3
tuscius,Tuscia,2,4
tuscius,Tusciam,1,4
tuscius,Tusciae,1,4
tuscus,Tuscum,1,1
tutela,tutelam,5,7
tutela,tutela,2,7
tutelaris,tutelares,1,1
tuto,tuto,2,2
tutò,tutò,1,1
tutocorimus,Tutocorimi,1,1
tutor,tutorem,2,4
tutor,tutor,2,4
tutudo,tutudit,1,1
tutus,tuta,2,8
tutus,tutiorem,2,8
tutus,tutum,2,8
tutus,tutiora,1,8
tutus,tutior,1,8
tuus,Tua,20,78
tuus,tuis,9,78
tuus,tua,9,78
tuus,Tuae,8,78
tuus,tuae,6,78
tuus,tuo,5,78
tuus,tuam,4,78
tuus,tuum,3,78
tuus,tui,3,78
tuus,tuos,3,78
tuus,tuorum,2,78
tuus,tuus,2,78
tuus,Tuarum,1,78
tuus,Tuam,1,78
tuus,Tuus,1,78
tuus,tuarum,1,78
tuxun,Tuxun,1,1
tyanaeus,Tyanaei,1,1
Tyberis,Tyberim,1,1
tyfonus,Tyfonius,1,1
tygrides,tygrides,1,1
typog,Typog,1,1
typographia,typographiae,1,2
typographia,typographia,1,2
typus,typis,8,9
typus,typum,1,9
tyrannicus,tyrannicus,1,2
tyrannicus,tyrannicum,1,2
tyrannis,tyrannidem,2,2
tyrannus,tyranno,7,33
tyrannus,tyranni,7,33
tyrannus,tyrannus,7,33
tyrannus,tyrannum,5,33
tyrannus,tyrannorum,3,33
tyrannus,Tyranni,3,33
tyrannus,tyrannis,1,33
tyrius,Tyria,1,1
tyron,tyronibus,2,2
tyronus,tyronum,1,1
Tyros,Tyrus,4,4
tyrus,tyro,1,1
tytulus,tytulum,1,1
tzunicamindo,Tzunicamindonum,1,2
tzunicamindo,Tzunicamindoni,1,2
tzunocamindonus,Tzunocamindono,1,2
tzunocamindonus,Tzunocamindonus,1,2
tzunocamius,Tzunocamin,1,1
u,V,24,28
u,u,3,28
u,v,1,28
u.d,V.D,4,4
ualde,valde,34,55
ualde,ualde,20,55
ualde,Valde,1,55
ualedico,ualedicens,1,1
ualeo,Valente,1,1
ualetudio,valetudiniss,1,1
uanlio,Vanlieus,5,5
uarietas,uarietatibus,1,1
uarijs,varijs,1,1
uarius,uarias,3,9
uarius,uaria,2,9
uarius,uariam,2,9
uarius,uariae,1,9
uarius,uariis,1,9
uas,Vas,1,2
uas,vas,1,2
uasallius,vasallis,6,6
uasallor,vasallor,1,1
uasallus,vasalli,1,2
uasallus,vasallo,1,2
uaz,Vaz,3,3
uazallus,vazallus,1,1
uber,ubera,1,6
uber,uberes,1,6
uber,uberrima,1,6
uber,uberem,1,6
uber,uberrimum,1,6
uber,uberior,1,6
ubere,uberius,1,1
uberior,uberiores,1,1
uberrimus,uberrimos,4,4
ubertas,ubertatem,1,1
ubi,ubi,191,207
ubi,Ubi,16,207
ubicumque,ubicumque,6,6
ubique,ubique,15,16
ubique,Ubique,1,16
uchimensis,Uchimensis,1,1
ue,ue,175,175
uel,vel,309,313
uel,uel,2,313
uel,Vel,2,313
uelaris,uelaria,1,1
uelut,velut,18,20
uelut,ueluti,2,20
uen,Ven,2,3
uen,uen,1,3
uendo,uendentes,1,2
uendo,vendere,1,2
uene,Vene,1,1
uenerabi,Venerabi,1,1
uenerabilis,venerabilis,1,2
uenerabilis,Venerabilis,1,2
ueneror,venerande,2,3
ueneror,venerandam,1,3
uenio,venire,13,20
uenio,uentura,2,20
uenio,ueniunt,2,20
uenio,uenientes,1,20
uenio,ueniens,1,20
uenio,uenisset,1,20
uenor,uenantes,1,1
uer,ver,3,5
uer,Ver,2,5
uerbiest,Verbiest,3,3
uerbo,verbaq,1,1
uerbum,uerbo,1,1
uere,vere,14,16
uere,Vere,2,16
uerè,verè,2,2
uergilius,Virgilius,1,1
ueritas,veritatem,10,22
ueritas,veritas,8,22
ueritas,Veritas,2,22
ueritas,ueritate,1,22
ueritas,veritatum,1,22
uero,vero,259,284
uero,uero,24,284
uero,uerunt,1,284
uerò,verò,3,3
uersus,versus,15,15
uersutus,versutus,1,1
uertex,vertice,1,1
uerùm,verùm,1,2
uerùm,Verùm,1,2
uerumtamen,Verumtamen,1,1
uerus,veram,7,9
uerus,uerum,1,9
uerus,Veram,1,9
uester,vestris,11,34
uester,vestras,6,34
uester,vestram,4,34
uester,vestrȩ,3,34
uester,Vestram,3,34
uester,vestro,2,34
uester,vestros,2,34
uester,vestre,1,34
uester,Vestris,1,34
uester,Vestras,1,34
uestimentum,uestimenta,1,1
uestis,uestem,8,10
uestis,uestis,2,10
uia,via,18,19
uia,vie,1,19
uicaria,vicaria,4,4
uicarius,vicario,14,40
uicarius,vicarius,10,40
uicarius,Vicario,7,40
uicarius,vicarium,4,40
uicarius,Vicarium,4,40
uicarius,Vicarie,1,40
uiceprovincia,Viceprovinciae,15,16
uiceprovincia,VICEPROVINCIAE,1,16
uicesimus,vigesimo,1,1
uicinia,viciniam,1,1
uicino,uicinantibus,1,1
uicinus,uicinorum,1,3
uicinus,uicini,1,3
uicinus,uicinam,1,3
uicis,vice,13,25
uicis,vices,9,25
uicis,vicem,3,25
uictor,victor,11,11
uicus,uicos,1,2
uicus,uicum,1,2
uidelicet,videlicet,17,20
uidelicet,uidelicet,1,20
uidelicet,VIDELICET,1,20
uidelicet,Videlicet,1,20
uideo,videtur,28,71
uideo,uidetur,8,71
uideo,vident,7,71
uideo,videmus,6,71
uideo,uidentur,2,71
uideo,Videmus,2,71
uideo,visi,2,71
uideo,uidi,1,71
uideo,uidet,1,71
uideo,uidens,1,71
uideo,uideamur,1,71
uideo,uidimus,1,71
uideo,uideatur,1,71
uideo,uisae,1,71
uideo,uideantur,1,71
uideo,uidere,1,71
uideo,uidentem,1,71
uideo,uidear,1,71
uideo,Videant,1,71
uideo,Videtur,1,71
uideo,uisi,1,71
uideo,videant,1,71
uideo,videor,1,71
uigeo,uigentem,1,2
uigeo,vigentem,1,2
uiginti,viginti,28,32
uiginti,uiginti,3,32
uiginti,vigenti,1,32
uinco,uicerunt,1,2
uinco,uincere,1,2
uinea,vinea,10,13
uinea,vineȩ,3,13
uinetum,uineta,1,1
uinum,uinum,6,13
uinum,uino,2,13
uinum,uina,2,13
uinum,vinum,2,13
uinum,uinorum,1,13
uiolentia,violentia,5,5
uir,vir,20,55
uir,uiros,16,55
uir,viri,11,55
uir,uirorum,3,55
uir,Vir,3,55
uir,uiri,1,55
uir,uiris,1,55
uirgo,Virginis,5,7
uirgo,uirgines,2,7
uirtus,virtus,9,14
uirtus,uirtutem,3,14
uirtus,uirtute,2,14
uirtuts,virtutemq,1,1
uirtutums,virtutumque,1,1
uis,virium,4,6
uis,uis,2,6
uisus,uisum,1,1
uita,vitam,45,109
uita,vita,42,109
uita,uitam,6,109
uita,vite,5,109
uita,Vita,5,109
uita,Vitam,3,109
uita,uita,2,109
uita,uitae,1,109
uitis,Vitis,1,1
uitto,uittas,1,1
uiuo,vivere,4,9
uiuo,uiuentes,3,9
uiuo,uiuens,1,9
uiuo,uiuunt,1,9
uix,vix,49,55
uix,Vix,4,55
uix,VIX,2,55
ulcisco,ulciscendae,1,1
ulciscor,ulciscitur,1,3
ulciscor,ulciscendum,1,3
ulciscor,ulcisci,1,3
ulisìpon,Ulisìpone,1,1
ullibi,ullibi,1,1
ullus,ulla,13,29
ullus,ullo,5,29
ullus,ullus,4,29
ullus,ullum,3,29
ullus,ullam,2,29
ullus,ullis,1,29
ullus,ulli,1,29
ultere,ulterius,3,3
ulterior,ulteriorem,2,2
ultimus,ultimum,10,34
ultimus,ultima,10,34
ultimus,ultimam,4,34
ultimus,ultimo,3,34
ultimus,ULTIMA,2,34
ultimus,ultimis,2,34
ultimus,ultimas,1,34
ultimus,ultimus,1,34
ultimus,ultimi,1,34
ultio,ultionem,2,3
ultio,ultionis,1,3
ultra,ultra,23,24
ultra,Ultra,1,24
ultramarinus,ultramarino,1,1
ultricis,ultricia,1,1
ultro,ultro,10,10
ultrò,ultrò,1,1
ultroneus,ultroneam,1,1
ulturus,ulturus,2,2
ultus,ulti,2,2
ulysipponensis,Ulysipponensis,4,4
ulyssipo,Ulyssipone,18,18
Ulyssipo,Ulyssiponem,1,1
ulyssus,Ulyssi,1,1
um,um,133,133
umor,humorum,1,1
umquam,unquam,7,15
umquam,vnquam,6,15
umquam,umquam,2,15
un,un,23,23
unà,unà,1,1
unanimiter,unanimiter,1,1
unaque,unaque,1,1
unctio,unctio,1,1
unda,undas,1,3
unda,undarum,1,3
unda,undis,1,3
unde,unde,56,85
unde,Unde,29,85
undecim,undecim,5,6
undecim,Undecim,1,6
undecimus,undecima,2,2
undecumque,undecumque,1,1
undequaque,undequaque,2,2
undetriginta,undetriginta,2,2
undeviginti,undeviginti,2,2
undique,undique,20,20
undisque,undisque,1,1
ungar,Ungarorum,1,1
Ungari,Ungari,1,1
ungaria,Ungariam,1,1
unguis,unguem,2,4
unguis,ungues,1,4
unguis,unguibus,1,4
ungula,ungulae,1,1
unicaquus,unicaque,1,1
unicus,unicum,6,12
unicus,unico,2,12
unicus,unicus,2,12
unicus,unica,1,12
unicus,Unica,1,12
unio,unitis,2,5
unio,uniri,1,5
unio,univit,1,5
unio,Unionem,1,5
unirnus,unirni,1,1
unitas,Unitatem,1,1
uniuersalis,universali,2,8
uniuersalis,universalis,2,8
uniuersalis,vniversalis,2,8
uniuersalis,Universali,1,8
uniuersalis,universale,1,8
uniuersus,universo,3,6
uniuersus,uniuersa,1,6
uniuersus,universis,1,6
uniuersus,uniuersorum,1,6
universis,universim,1,1
universus,universa,8,26
universus,universae,6,26
universus,universum,4,26
universus,universam,3,26
universus,universi,2,26
universus,Universi,1,26
universus,Universos,1,26
universus,universus,1,26
unumq,unumq,1,1
unus,una,52,225
unus,unum,51,225
unus,unus,47,225
unus,uno,24,225
unus,unius,21,225
unus,unam,15,225
unus,Una,4,225
unus,uni,4,225
unus,Unum,3,225
unus,Unam,2,225
unus,Unus,2,225
unusque,unusque,1,1
unusquisque,vniuscuiusque,3,12
unusquisque,unaquaque,2,12
unusquisque,unusquisque,2,12
unusquisque,unaquaeque,1,12
unusquisque,unicuique,1,12
unusquisque,unoquoque,1,12
unusquisque,Unusquisque,1,12
unusquisque,unumquemque,1,12
unusquisue,annuaeque,1,1
uoca,Voca,1,1
uocabulum,vocabulis,1,1
uocifeo,vociferans,1,1
uoco,uocatur,13,17
uoco,uocantur,3,17
uoco,voco,1,17
uol,vol,1,1
uolga,Volga,2,2
uolo,uolueris,3,18
uolo,volo,3,18
uolo,uolo,2,18
uolo,uoluit,2,18
uolo,uoluerunt,2,18
uolo,uolunt,1,18
uolo,uelle,1,18
uolo,volui,1,18
uolo,voluerimus,1,18
uolo,volue,1,18
uolo,voluissent,1,18
uoluntas,voluntas,11,11
uoluptat,voluptat,1,1
uos,vos,30,63
uos,vobis,30,63
uos,Vos,2,63
uos,Vobis,1,63
uotum,votum,2,2
ur,ur,1,1
urbane,urbanius,1,1
urbanitas,urbanitate,1,2
urbanitas,urbanitatis,1,2
urbanus,urbanissime,1,1
urbevetanus,Urbevetanus,1,1
urbs,urbem,66,221
urbs,urbe,47,221
urbs,urbis,26,221
urbs,urbs,24,221
urbs,urbes,20,221
urbs,Urbem,11,221
urbs,urbibus,10,221
urbs,urbi,6,221
urbs,Urbs,4,221
urbs,Urbe,3,221
urbs,urbium,3,221
urbs,Urbis,1,221
urdeo,ursit,1,1
Uremon,Uremon,1,1
urganth,Urganth,3,3
urganthus,Urganthum,1,1
urgeo,urgente,4,20
urgeo,urgebat,3,20
urgeo,urgere,2,20
urgeo,urget,2,20
urgeo,urgens,2,20
urgeo,urgeat,2,20
urgeo,urgentur,1,20
urgeo,urgeret,1,20
urgeo,urgendo,1,20
urgeo,urgeretur,1,20
urgeo,urgerent,1,20
urges,urgentissima,1,1
urgetque,urgetque,1,1
ursis,Ursis,1,1
us,us,9,11
us,Us,2,11
usangueius,Usangueius,8,11
usangueius,Usangueium,3,11
Usangueius,Usangueio,2,2
usitao,usitata,1,1
usitas,usitatum,1,1
usq,usq,5,5
usque,usque,93,93
úsque,úsque,1,1
usquequaque,usquequaque,1,1
usquequo,usquequo,2,2
ustor,ususq,1,1
usualis,usualis,1,1
usumque,usumque,1,1
usuquus,Usuqui,2,2
usura,usuris,1,1
usurpo,usurpato,2,11
usurpo,usurpare,2,11
usurpo,usurpans,1,11
usurpo,usurparunt,1,11
usurpo,usurpaverat,1,11
usurpo,usurpabat,1,11
usurpo,usurparentur,1,11
usurpo,usurpandi,1,11
usurpo,usurpandum,1,11
usus,usum,8,18
usus,usu,4,18
usus,usus,4,18
usus,usibus,1,18
usus,usui,1,18
ut,ut,1103,1125
ut,Ut,22,1125
utanus,Utanum,5,11
utanus,Utani,4,11
utanus,Utanorum,1,11
utanus,Utano,1,11
utcumque,utcumque,3,3
utcunq,utcunq,1,1
utcunque,utcunque,1,1
uter,utres,1,1
uterque,utraque,8,46
uterque,utroque,7,46
uterque,utriusque,6,46
uterque,uterque,4,46
uterque,utrinque,4,46
uterque,utrumque,3,46
uterque,utramque,3,46
uterque,Utrique,2,46
uterque,vtriusque,2,46
uterque,vtrique,1,46
uterque,vtramque,1,46
uterque,vtranque,1,46
uterque,vtraque,1,46
uterque,utrisque,1,46
uterque,utrosque,1,46
uterque,utrique,1,46
utilis,utilia,5,19
utilis,utilis,4,19
utilis,utiles,3,19
utilis,utile,2,19
utilis,utilem,1,19
utilis,utilibus,1,19
utilis,utilior,1,19
utilis,utiliores,1,19
utilis,utilissima,1,19
utilitas,utilitas,3,7
utilitas,utilitatem,3,7
utilitas,utilitati,1,7
utiliter,utiliter,1,1
utinam,utinam,2,3
utinam,Utinam,1,3
utique,utique,4,4
uto,utaris,3,3
utor,uti,27,64
utor,utuntur,10,64
utor,usi,6,64
utor,utitur,4,64
utor,uteretur,3,64
utor,utar,2,64
utor,usa,2,64
utor,utebantur,2,64
utor,utantur,1,64
utor,utimur,1,64
utor,utendi,1,64
utor,utentes,1,64
utor,uteremur,1,64
utor,utebatur,1,64
utor,utatur,1,64
utor,usurum,1,64
utpote,utpote,4,4
utrum,utrum,6,7
utrum,Utrum,1,7
utus,Utum,1,1
Utus,Uto,3,3
utut,Utut,2,2
uulgus,vulgo,4,4
uultus,vultus,3,3
uv,VV,14,14
uv.dd,VV.DD,1,1
uxor,uxorem,6,22
uxor,uxor,5,22
uxor,uxoris,3,22
uxor,Uxor,3,22
uxor,uxoribus,2,22
uxor,Uxorem,1,22
uxor,uxorę,1,22
uxor,uxores,1,22
v.a,v.a,1,1
va,va,2,2
vacator,Vacatorum,1,1
vaco,vacent,2,10
vaco,vacante,1,10
vaco,vacantes,1,10
vaco,vacant,1,10
vaco,vacare,1,10
vaco,vacemus,1,10
vaco,vacantibus,1,10
vaco,vacarunt,1,10
vaco,vacanti,1,10
vacuus,vacuam,3,9
vacuus,vacuos,3,9
vacuus,vacuas,2,9
vacuus,vacuis,1,9
vado,vadam,2,3
vado,vadunt,1,3
vagina,vaginae,1,1
Vagno,Vagnoni,2,2
vago,vagaretur,1,1
vagor,vagabantur,1,1
vaipicotta,Vaipicottae,1,1
valedico,valedicere,2,5
valedico,valedicendum,1,5
valedico,valediceret,1,5
valedico,valedixerunt,1,5
valedio,valedicturus,1,1
valentinus,Valentinus,2,4
valentinus,Valentino,1,4
valentinus,VALENTINO,1,4
valeo,valeant,4,20
valeo,valet,3,20
valeo,valeamus,2,20
valeo,valeat,2,20
valeo,Valeat,1,20
valeo,valete,1,20
valeo,valeo,1,20
valeo,valeas,1,20
valeo,valuit,1,20
valeo,valebam,1,20
valeo,Valete,1,20
valeo,valebit,1,20
valeo,valens,1,20
valerius,VALERIUS,2,3
valerius,Valerius,1,3
valetitudo,valetitudine,1,1
valetudo,valetudinis,30,38
valetudo,valetudine,4,38
valetudo,Valetudo,2,38
valetudo,valetudinem,1,38
valetudo,valetudini,1,38
valguaneira,Valguaneira,1,1
Valguarneira,Valguarneira,2,2
Valguarnera,Valguarnera,2,2
valide,valide,3,4
valide,validius,1,4
validus,valida,3,5
validus,validam,2,5
Valig,Valig,1,1
valignanes,VALIGNANI,2,3
valignanes,Valignani,1,3
valignanus,Valignanus,1,2
valignanus,Valignano,1,2
valis,Vale,2,2
valles,valle,1,2
valles,valles,1,2
vallo,Vallat,1,4
vallo,vallata,1,4
vallo,vallatus,1,4
vallo,vallaretur,1,4
valo,Valat,1,1
valor,valoris,2,3
valor,valorem,1,3
Valta,Valta,2,2
van,Van,3,3
vanasus,vanasa,1,1
vane,vane,4,4
vangus,Vangus,3,4
vangus,Vango,1,4
vanisq,vanisq,1,1
vanlies,Vanliei,2,2
vanus,vanus,2,7
vanus,vanis,1,7
vanus,vanae,1,7
vanus,vanas,1,7
vanus,vanos,1,7
vanus,vanissimo,1,7
vapor,vaporibus,1,1
var,Varo,1,1
variaque,variaque,1,1
varias,variasque,1,1
varietas,varietate,3,6
varietas,varietas,1,6
varietas,varietatem,1,6
varietas,varietatibus,1,6
varij,varij,1,1
varius,variis,22,62
varius,varia,14,62
varius,varias,13,62
varius,variarum,3,62
varius,vario,3,62
varius,varios,2,62
varius,varius,1,62
varius,varii,1,62
varius,variorum,1,62
varius,variae,1,62
varius,Variis,1,62
varjus,varjis,1,1
vasallus,vasallorum,2,2
vascus,Vascum,1,1
Vasora,Vasora,1,1
vastitas,vastitate,2,5
vastitas,vastitatem,2,5
vastitas,vastitas,1,5
vasto,vastant,2,12
vasto,vastarunt,2,12
vasto,vastat,1,12
vasto,vastandis,1,12
vasto,vastabat,1,12
vasto,vastantes,1,12
vasto,vastatis,1,12
vasto,vastare,1,12
vasto,vastavit,1,12
vasto,vastatas,1,12
vastus,vasto,1,7
vastus,vastos,1,7
vastus,vastam,1,7
vastus,vastissima,1,7
vastus,vastissimo,1,7
vastus,vastissimas,1,7
vastus,vastum,1,7
vaticinium,vaticinium,1,2
vaticinium,vaticinio,1,2
vatus,Vatuk,1,1
vber,vberem,1,1
vbi,vbi,8,8
vbicumque,vbicunque,1,1
vbique,vbique,4,4
ve,ve,2,2
vecordia,vecordia,1,1
vectigal,vectigalq,1,3
vectigal,vectigali,1,3
vectigal,vectigal,1,3
vectus,vectibus,1,1
veder,Vedras,1,1
vegetativus,vegetativa,1,1
vego,vectus,1,1
vehemens,vehemens,1,1
vehementer,vehementer,11,11
veheo,vehebant,1,1
veho,vehem,1,1
veladminiculum,veladminiculum,1,1
velitatio,velitationibus,1,1
vello,vellent,6,6
veloce,velocissime,6,6
velocitas,velocitate,5,6
velocitas,velocitas,1,6
velocus,velocissimis,1,1
velox,velocissimi,1,2
velox,velocissimo,1,2
velum,velo,2,2
velut,veluti,9,9
venaticus,venaticos,1,1
vencheu,Vencheu,3,3
vendico,vendicandis,1,2
vendico,vendicet,1,2
venditio,venditionibus,1,1
vendo,vendunt,2,7
vendo,venditae,2,7
vendo,vendiderunt,1,7
vendo,venderetur,1,7
vendo,vendebatur,1,7
veneficium,veneficia,1,1
venenum,veneno,3,4
venenum,venena,1,4
venerabilis,venerabile,1,1
veneratio,veneratione,9,11
veneratio,venerationis,1,11
veneratio,venerationem,1,11
venerio,venerantur,3,3
venero,venerari,3,5
venero,venerabant,1,5
venero,venerandus,1,5
veneror,veneratus,2,5
veneror,venerentur,2,5
veneror,venerati,1,5
Veneta,Veneta,1,1
venetus,Venetus,4,4
venia,veniam,8,8
venienter,venienter,1,1
venio,venit,36,141
venio,venerunt,14,141
venio,veniant,8,141
venio,veniret,8,141
venio,veniunt,6,141
venio,ventum,6,141
venio,venerat,5,141
venio,venerit,4,141
venio,veniat,4,141
venio,venirent,4,141
venio,veniamus,4,141
venio,venerant,3,141
venio,veni,3,141
venio,venerint,3,141
venio,venturus,3,141
venio,venisse,3,141
venio,venturo,2,141
venio,venientes,2,141
venio,venturos,2,141
venio,venio,2,141
venio,Venerat,2,141
venio,venturi,2,141
venio,venissent,2,141
venio,Venientibus,1,141
venio,Venerem,1,141
venio,veniatis,1,141
venio,Venimus,1,141
venio,venisset,1,141
venio,Veni,1,141
venio,venimus,1,141
venio,Ventura,1,141
venio,venienti,1,141
venio,veniet,1,141
venio,venientibus,1,141
venio,venere,1,141
venio,venissemus,1,141
venor,veneremur,1,3
venor,venari,1,3
venor,venantur,1,3
venter,ventrem,6,12
venter,venter,2,12
venter,ventris,2,12
venter,ventri,1,12
venter,ventres,1,12
ventilo,Ventilatur,1,1
ventitaro,ventitarant,1,1
ventus,ventos,1,4
ventus,ventorum,1,4
ventus,ventus,1,4
ventus,vento,1,4
venuo,venustè,1,1
venus,Venus,1,1
venxus,Venxui,2,2
veolo,vellint,1,2
veolo,vellis,1,2
verax,verax,1,1
verbatim,verbatim,1,1
verber,verberibus,2,3
verber,verberum,1,3
verberatio,verberatione,1,1
verbero,verberare,1,1
verbulum,verbulum,1,1
verbum,verbis,23,67
verbum,verbum,14,67
verbum,verba,11,67
verbum,verbo,9,67
verbum,verbi,5,67
verbum,Verba,2,67
verbum,verborum,2,67
verbum,Verbis,1,67
vercellenses,Vercellensis,1,1
vere,verius,1,2
vere,verissime,1,2
verecundia,verecundia,2,2
verecundiaquus,verecundiaque,1,1
verecundo,verecundentur,1,1
veredarius,veredarium,1,1
vereo,vereremur,2,3
vereo,verenda,1,3
vereor,veritus,2,4
vereor,vereretur,1,4
vereor,vereor,1,4
Vergilius,Vergilii,2,2
vergo,vergit,1,3
vergo,vergunt,1,3
vergo,vergebant,1,3
veridicus,veridico,1,1
verifico,verificabatur,1,1
veritas,veritatis,9,16
veritas,veritate,5,16
veritas,Veritati,1,16
veritas,veritati,1,16
vermis,vermem,1,1
vernaculum,vernacula,1,1
verso,versantur,6,34
verso,versabatur,5,34
verso,versatur,4,34
verso,versabantur,3,34
verso,versari,3,34
verso,versatus,3,34
verso,versaretur,2,34
verso,versaris,1,34
verso,versaremur,1,34
verso,versati,1,34
verso,versabitur,1,34
verso,versabit,1,34
verso,versantes,1,34
verso,versamur,1,34
verso,versabamur,1,34
versor,versentur,2,2
versutus,versutissima,1,1
verto,vertit,5,14
verto,vertunt,1,14
verto,versum,1,14
verto,verteret,1,14
verto,versa,1,14
verto,vertere,1,14
verto,vertissent,1,14
verto,vertentes,1,14
verto,Versi,1,14
verto,vertentibus,1,14
verumetia,verumetiam,2,2
verus,Verum,40,87
verus,verum,26,87
verus,vera,6,87
verus,verus,3,87
verus,veri,3,87
verus,verae,3,87
verus,Vera,3,87
verus,veris,2,87
verus,veras,1,87
verusnis,verusne,1,1
verusque,verusque,1,1
vescor,Vescuntur,1,2
vescor,vescuntur,1,2
vespasianus,Vespasianus,2,4
vespasianus,Vespasiano,1,4
vespasianus,Vespasianum,1,4
vesper,vespere,1,1
vespera,vesperam,1,1
vespertinus,vespertinis,2,2
vesta,Vestae,1,1
vester,Vestra,9,35
vester,vestra,7,35
vester,vestrum,6,35
vester,Vestrae,5,35
vester,vestrarum,2,35
vester,vestrae,2,35
vester,Vestrarum,2,35
vester,Vestrorum,1,35
vester,vester,1,35
vestigium,vestigia,4,5
vestigium,vestigio,1,5
vestio,vestitum,2,4
vestio,vestito,1,4
vestio,vestiuntur,1,4
vestis,vestes,8,19
vestis,vestibus,4,19
vestis,veste,4,19
vestis,vestem,1,19
vestis,vestis,1,19
vestis,Vestes,1,19
vestitus,vestitu,1,1
vestius,vestium,6,6
vestum,vesti,1,1
vetio,vetitum,4,4
veto,vetamur,2,3
veto,vetaretur,1,3
vetuo,vetuit,3,6
vetuo,vetuitq,1,6
vetuo,vetustiores,1,6
vetuo,vetuerit,1,6
vetus,veteri,6,17
vetus,veterem,3,17
vetus,veteres,2,17
vetus,veteris,2,17
vetus,veteribus,2,17
vetus,vetera,1,17
vetus,vetum,1,17
vexatio,vexationes,1,2
vexatio,vexatione,1,2
vexillum,vexillum,5,15
vexillum,vexilla,3,15
vexillum,vexillo,3,15
vexillum,vexillis,2,15
vexillum,Vexillo,1,15
vexillum,vexillorum,1,15
vexo,vexatur,1,4
vexo,vexari,1,4
vexo,vexarunt,1,4
vexo,vexasset,1,4
vfurpo,vfurpamus,1,1
via,viam,38,46
via,vias,4,46
via,viae,2,46
via,Vias,1,46
via,viis,1,46
viaticus,viatici,1,1
vib,vibi,1,1
vibro,vibraverit,1,1
vicariatus,vicariatu,2,2
vicario,vicariatus,4,4
vicarius,vicarios,10,26
vicarius,vicarii,7,26
vicarius,vicariorum,5,26
vicarius,vicariis,4,26
viceadministrator,viceadministrator,5,7
viceadministrator,viceadministratorem,2,7
vicen,vicena,2,2
viceni,vicenas,1,1
vicens,Vicentius,1,1
Vicentius,Vicenti,1,1
viceo,vicissent,1,1
viceprefȩctus,viceprefȩctus,1,1
viceprȩfectus,Viceprȩfectus,1,1
viceprovincia,Viceprovincia,14,17
viceprovincia,Viceprovinciam,3,17
viceprovincial,Viceprovincial,1,1
viceprovincialis,Viceprovincialis,8,15
viceprovincialis,Viceprovincialem,6,15
viceprovincialis,viceprovincialis,1,15
Viceprovincialius,Viceprovinciali,8,8
vicera,vicera,1,1
vicerector,Vicerector,2,2
vicereges,vicerege,1,1
vicerex,Viceregis,1,1
vicesimus,vicesimum,1,1
vicimor,vicimoribus,1,1
vicinitas,vicinitatem,2,2
vicinus,vicina,7,22
vicinus,vicinam,5,22
vicinus,vicinum,3,22
vicinus,vicinas,2,22
vicinus,vicinos,1,22
vicinus,vicinissimam,1,22
vicinus,vicinissimis,1,22
vicinus,vicinis,1,22
vicinus,vicino,1,22
viciose,viciose,1,1
vicis,vicibus,2,2
vicissim,vicissim,1,1
vicissitudo,vicissitudine,2,4
vicissitudo,vicissitudo,1,4
vicissitudo,vicissitudines,1,4
vico,vixisset,3,6
vico,vixerint,3,6
victima,victima,1,2
victima,victimas,1,2
victito,victitans,1,1
victor,victores,7,11
victor,victorem,3,11
victor,Victores,1,11
victoria,victoriam,18,53
victoria,victoria,13,53
victoria,victorias,9,53
victoria,victoriae,5,53
victoria,victoriis,4,53
victoria,victoriarum,3,53
victoria,Victoria,1,53
victoriensis,Victoriensis,1,1
victricis,victricia,1,1
victus,victus,4,8
victus,victu,2,8
victus,victum,2,8
vicus,vicos,2,3
vicus,vicis,1,3
video,visum,19,231
video,videretur,13,231
video,videri,11,231
video,videns,11,231
video,videntes,10,231
video,videbatur,9,231
video,vidi,9,231
video,videatur,9,231
video,videre,8,231
video,video,7,231
video,vidit,7,231
video,videbitur,7,231
video,videntur,7,231
video,videantur,7,231
video,viderent,6,231
video,visa,6,231
video,viderentur,5,231
video,viderunt,5,231
video,videbuntur,4,231
video,videt,4,231
video,viderant,4,231
video,videret,4,231
video,vidimus,3,231
video,Videatur,3,231
video,videbantur,3,231
video,videamus,3,231
video,viderem,3,231
video,videat,2,231
video,videbit,2,231
video,Videntur,2,231
video,visis,2,231
video,viderint,2,231
video,videndi,2,231
video,viso,2,231
video,videbimus,2,231
video,Video,1,231
video,videram,1,231
video,vidisse,1,231
video,videamur,1,231
video,Videamus,1,231
video,videar,1,231
video,viderat,1,231
video,Videntes,1,231
video,vidissem,1,231
video,Visa,1,231
video,Videbit,1,231
video,videbam,1,231
video,videris,1,231
video,vidisti,1,231
video,videbis,1,231
video,vidisset,1,231
video,videndum,1,231
video,videbunt,1,231
video,Videbant,1,231
video,vide,1,231
video,visus,1,231
video,videb,1,231
video,videtis,1,231
video,videbant,1,231
video,vidente,1,231
video,videbamur,1,231
video,visorum,1,231
video,Videre,1,231
Vidui,Viduis,1,1
vieo,vixerant,1,1
Vieyra,Vieyra,1,1
vigeo,vigente,1,1
vigesimus,vigesimum,1,1
vigil,vigiles,1,1
vigilantia,vigilantia,1,1
vigilia,vigiliis,2,4
vigilia,vigilia,1,4
vigilia,vigiliae,1,4
vigintiquinque,vigintiquinque,1,1
vigo,vixerat,2,4
vigo,vixit,2,4
vigor,vigorem,4,4
vigorosus,vigorosus,1,1
viguricus,viguricam,1,1
vii,VII,1,1
VIII,VIII,1,1
vil,vil,1,1
vilipendo,vilipendit,1,1
vilis,vilissimo,1,4
vilis,vilis,1,4
vilis,vili,1,4
vilis,vilissima,1,4
vilitas,vilitate,1,1
viliùs,viliùs,1,1
villa,villa,8,20
villa,villam,5,20
villa,villae,3,20
villa,villas,1,20
villa,villis,1,20
villa,Villa,1,20
villa,villarum,1,20
ville,ville,1,1
villȩ,villȩ,1,1
Villela,Villela,2,2
villicatio,villicationis,1,1
vilus,vilissimus,2,2
vincenter,Vincentius,2,2
vincentio,Vincentio,2,2
vincialis,vincialis,1,1
vincio,vinctos,2,2
vinco,victi,2,12
vinco,vinci,2,12
vinco,vincat,1,12
vinco,vincit,1,12
vinco,vincens,1,12
vinco,victis,1,12
vinco,vincere,1,12
vinco,vincti,1,12
vinco,vicisse,1,12
vinco,vicerunt,1,12
vinculum,vincula,9,17
vinculum,vinculo,5,17
vinculum,vinculis,3,17
vindico,vindicata,2,9
vindico,vindicetis,1,9
vindico,vindicare,1,9
vindico,vindicari,1,9
vindico,vindicarent,1,9
vindico,vindicauerat,1,9
vindico,vindicandam,1,9
vindico,vindicandas,1,9
vindicta,vindictam,2,5
vindicta,vindictae,2,5
vindicta,vindicta,1,5
vinea,vineam,4,7
vinea,vineae,3,7
vineola,vineolam,1,1
vio,viamq,1,1
violente,violentius,1,1
violenter,violenter,2,2
violentia,violentiam,3,4
violentia,violentiae,1,4
violentus,violentas,2,3
violentus,violento,1,3
violo,violant,1,7
violo,violatur,1,7
violo,violare,1,7
violo,violantur,1,7
violo,violarentur,1,7
violo,violatis,1,7
violo,violari,1,7
vique,vique,1,1
vir,viros,15,42
vir,viris,7,42
vir,virorum,7,42
vir,virum,6,42
vir,viro,4,42
vir,Viros,2,42
vir,Viris,1,42
virga,virgarum,2,3
virga,virgis,1,3
virginitas,virginitatem,1,1
virgo,Virginibus,1,2
virgo,virgines,1,2
viribusque,viribusque,1,1
viridis,Viridem,2,2
virilis,viriles,1,1
virtus,virtute,28,79
virtus,virtutem,12,79
virtus,virtutes,11,79
virtus,virtutis,9,79
virtus,virtutibus,7,79
virtus,virtuti,7,79
virtus,Virtutis,3,79
virtus,Virtutibus,1,79
virtus,virtutum,1,79
vis,vim,36,145
vis,vires,32,145
vis,viribus,30,145
vis,vi,29,145
vis,vis,7,145
vis,Vires,4,145
vis,VI,3,145
vis,Viribus,1,145
vis,Vi,1,145
vis,Vid,1,145
vis,vid,1,145
viscer,viscerum,1,1
viscera,viscera,3,4
viscera,visceribus,1,4
visino,visitatus,1,1
visitatio,visitatio,2,6
visitatio,visitationibus,2,6
visitatio,visitatione,1,6
visitatio,visitationem,1,6
visitation,visitation,1,1
visitator,Visitator,19,50
visitator,Visitatoris,11,50
visitator,Visitatore,10,50
visitator,visitator,3,50
visitator,Visitatorem,3,50
visitator,visitatore,1,50
visitator,visitatoris,1,50
visitator,Visitatorum,1,50
visitator,Visitatores,1,50
visito,visitato,2,10
visito,visitat,1,10
visito,visitandum,1,10
visito,visitaturum,1,10
visito,visitanda,1,10
visito,visitantium,1,10
visito,visitavit,1,10
visito,visitandi,1,10
visito,visitantes,1,10
viso,visendi,5,8
viso,visendum,2,8
viso,viseret,1,8
visoza,Visoza,1,1
visseus,Visseum,1,1
visso,vissendum,1,1
vita,vitae,68,69
vita,vitas,1,69
vitam,vitamque,1,1
vitę,vitę,4,4
viter,viter,1,1
vitij,vitij,1,1
vitiose,vitiose,1,1
vitiosę,vitiosę,1,1
vitiosus,vitiosa,1,2
vitiosus,vitiosis,1,2
vitium,vitia,4,14
vitium,vitio,4,14
vitium,vitiis,3,14
vitium,vitiorum,2,14
vitium,vitium,1,14
vito,vitare,1,3
vito,vitandum,1,3
vito,vitandi,1,3
vittum,vitta,1,1
vituperium,vituperia,1,1
viuo,viuerent,4,17
viuo,viuit,3,17
viuo,viuendi,2,17
viuo,viuimus,1,17
viuo,viuat,1,17
viuo,viuente,1,17
viuo,viuant,1,17
viuo,viuamus,1,17
viuo,viuentis,1,17
viuo,viuunt,1,17
viuo,viuere,1,17
viuus,viuorum,3,5
viuus,viui,1,5
viuus,viuus,1,5
viv,viv,1,1
vive,vive,3,3
vivę,vivę,1,1
vivo,vivunt,9,38
vivo,vivendi,6,38
vivo,vivit,4,38
vivo,vivente,3,38
vivo,vivebant,2,38
vivo,vivantne,2,38
vivo,viventis,2,38
vivo,vixerunt,2,38
vivo,vivebat,2,38
vivo,vivimus,1,38
vivo,viventes,1,38
vivo,viventium,1,38
vivo,vivitq,1,38
vivo,vivant,1,38
vivo,vivamus,1,38
vivus,vivis,7,25
vivus,vivum,5,25
vivus,vivus,5,25
vivus,vivo,2,25
vivus,viva,2,25
vivus,vivae,2,25
vivus,Viva,1,25
vivus,vivi,1,25
vixque,Vixque,2,3
vixque,vixque,1,3
vlius,vlia,1,1
vllus,vllo,6,11
vllus,vlla,4,11
vllus,vllam,1,11
vltere,vlterius,1,1
vltimus,vltimum,1,1
vltra,vltra,1,1
vnda,vndae,1,2
vnda,vndarum,1,2
vnde,Vnde,7,12
vnde,vnde,5,12
vndequaque,vndequaque,4,4
vndique,vndique,2,2
vnguis,vnguem,1,1
vnicus,vnicus,1,1
vniuersalis,vniuersalis,7,7
vniuersitas,vniuersitatis,1,1
vniuersus,vniuersorum,4,13
vniuersus,vniuersa,3,13
vniuersus,vniuersi,1,13
vniuersus,vniuersis,1,13
vniuersus,vniuersum,1,13
vniuersus,vniuersas,1,13
vniuersus,vniuerso,1,13
vniuersus,vniuersae,1,13
vniversus,vniversa,1,2
vniversus,vniversum,1,2
vnus,vno,9,32
vnus,vnum,6,32
vnus,vnus,5,32
vnus,vni,4,32
vnus,vna,4,32
vnus,vnam,1,32
vnus,Vnum,1,32
vnus,vnius,1,32
vnus,Vna,1,32
vo,vixeram,1,1
voaranis,Voarani,3,3
voaranus,Voaranos,2,3
voaranus,Voaranum,1,3
Voaranus,Voarano,1,1
vocabulum,vocabula,3,5
vocabulum,vocabuli,1,5
vocabulum,vocabulorum,1,5
vocatio,vocationem,1,2
vocatio,vocationis,1,2
vocaturque,vocaturque,1,1
voco,vocant,21,92
voco,vocatur,16,92
voco,vocat,6,92
voco,vocavit,4,92
voco,vocare,4,92
voco,vocatis,3,92
voco,vocati,3,92
voco,vocatam,3,92
voco,vocarunt,3,92
voco,vocabant,3,92
voco,vocatus,2,92
voco,vocaret,2,92
voco,vocata,2,92
voco,vocatum,2,92
voco,vocato,1,92
voco,vocandi,1,92
voco,vocaverant,1,92
voco,vocas,1,92
voco,vocavimus,1,92
voco,vocans,1,92
voco,vocentur,1,92
voco,vocasset,1,92
voco,vocamus,1,92
voco,Vocantur,1,92
voco,vocantibus,1,92
voco,vocet,1,92
voco,vocauit,1,92
voco,Vocatur,1,92
voco,vocari,1,92
voco,vocabimus,1,92
voco,vocantur,1,92
voco,vocatos,1,92
volito,volitare,1,2
volito,volitabant,1,2
volo,voluit,28,145
volo,vellet,12,145
volo,volunt,10,145
volo,volebant,10,145
volo,velle,9,145
volo,vult,8,145
volo,voluerit,7,145
volo,voluerunt,7,145
volo,vultis,6,145
volo,volebat,6,145
volo,velint,6,145
volo,velit,5,145
volo,velim,4,145
volo,volens,4,145
volo,velimus,3,145
volo,volumus,2,145
volo,volebam,2,145
volo,vellem,2,145
volo,velis,2,145
volo,volenti,2,145
volo,voluid,1,145
volo,voluerint,1,145
volo,volente,1,145
volo,voletis,1,145
volo,velitis,1,145
volo,volantur,1,145
volo,voluisse,1,145
volo,voluens,1,145
volo,volentem,1,145
volo,Voluit,1,145
volontarius,volontarium,1,1
volucris,volucre,1,1
volumen,volumina,2,4
volumen,Volumina,1,4
volumen,Volumen,1,4
voluntarius,voluntaria,3,6
voluntarius,voluntariam,2,6
voluntarius,voluntarias,1,6
voluntas,voluntatem,13,35
voluntas,voluntatis,8,35
voluntas,voluntate,7,35
voluntas,voluntati,6,35
voluntas,voluntatum,1,35
voluptas,voluptatem,7,17
voluptas,voluptatibus,3,17
voluptas,voluptate,3,17
voluptas,voluptati,1,17
voluptas,voluptatis,1,17
voluptas,voluptatum,1,17
voluptas,voluptates,1,17
volutas,volutates,1,1
vomitus,vomitum,1,1
vomura,Vomurae,1,1
Vomura,Vomura,1,1
Vomuranus,Vomurano,1,1
vomurensis,Vomurensi,5,8
vomurensis,Vomurensis,3,8
vomus,Vomi,3,3
vora,vora,1,1
vorax,voraci,1,1
voro,voro,1,2
voro,vorant,1,2
vos,vobiscum,1,1
vosco,voverim,1,1
voster,Vostra,1,1
vot,vot,1,1
votum,votis,6,22
votum,vota,6,22
votum,Vota,4,22
votum,voto,3,22
votum,VOTA,2,22
votum,voti,1,22
votus,votorum,32,33
votus,VOTORUM,1,33
vovo,vovet,1,1
vox,voce,10,22
vox,vocis,5,22
vox,voces,3,22
vox,vocem,2,22
vox,vocibus,1,22
vox,vox,1,22
voyanensis,Voyanensi,1,2
voyanensis,Voyanensis,1,2
voyanus,Voyano,1,1
vozacus,Vozaca,2,2
vsquam,vsquam,1,1
vsque,vsque,2,2
vsqui,vsquae,1,1
vsura,vsuram,1,1
vsurpo,vsurpemus,1,3
vsurpo,vsurpabant,1,3
vsurpo,vsurparent,1,3
vsus,vsus,7,9
vsus,vsu,2,9
vt,vt,207,213
vt,Vt,6,213
vtcunque,vtcunque,1,1
vterus,vtero,2,2
vtilis,vtiles,1,1
vtilitas,vtilitas,1,3
vtilitas,vtilitatem,1,3
vtilitas,vtilitatis,1,3
vto,vtantur,1,1
vtor,vti,2,6
vtor,vsi,2,6
vtor,vtentibus,1,6
vtor,vteretur,1,6
vtpote,vtpote,2,2
vtque,vtque,2,2
vtreque,vtreque,1,1
vulgaris,vulgari,1,2
vulgaris,vulgarem,1,2
vulgatus,vulgatus,1,1
vulgo,vulgati,1,4
vulgo,vulgavit,1,4
vulgo,vulgarunt,1,4
vulgo,vulgabatur,1,4
vulgò,vulgò,2,2
vulgóque,vulgóque,1,1
vulgus,vulgus,3,4
vulgus,vulgi,1,4
vullus,vullum,1,1
vulnero,vulneratus,1,5
vulnero,vulnerantes,1,5
vulnero,vulnerant,1,5
vulnero,vulnerare,1,5
vulnero,vulneratis,1,5
vulnus,vulnera,5,14
vulnus,vulneribus,4,14
vulnus,vulnus,2,14
vulnus,vulnere,2,14
vulnus,Vulneribus,1,14
vulpina,vulpinam,1,1
vulpis,Vulpium,1,1
vultur,vultures,1,1
vultus,vultum,4,6
vultus,vultu,2,6
vulus,vulis,1,1
vunus,vuna,1,2
vunus,vunum,1,2
vv.ee.dd,VV.EE.DD,1,1
vxor,vxor,5,17
vxor,vxorem,4,17
vxor,vxoribus,4,17
vxor,vxores,2,17
vxor,vxoris,1,17
vxor,vxori,1,17
Wpulabundus,populabundi,1,1
wratislavis,Wratislavia,1,1
xabieo,Xabieri,1,1
xabiere,Xabierius,2,2
xaca,Xaca,1,1
xanghai,Xanghai,1,1
xanhaus,Xanhai,1,1
xansus,Xansi,9,9
xantunus,Xantung,16,16
Xaokinus,Xaoking,2,2
xaqua,Xaqua,2,4
xaqua,Xaquae,2,4
xauchensis,Xauchensis,2,2
xauchensus,Xauchensi,1,1
xaucheo,Xaucheo,1,1
xauchinus,Xauchinum,1,1
xaverius,Xaverii,3,6
xaverius,Xaverius,2,6
xaverius,Xaverio,1,6
xavier,Xavier,7,7
xber,Xbris,1,1
xennia,xennia,1,1
xensis,Xensi,22,22
xerafins,Xerafins,1,1
xerafinus,xerafinorum,6,12
xerafinus,xerafinos,4,12
xerafinus,xerafinus,2,12
xi,XI,3,3
XII,XII,2,2
XIII,XIII,5,5
XIIII,XIIII,1,1
ximabarensis,Ximabarensem,1,2
ximabarensis,Ximabarensis,1,2
ximonoxequus,Ximonoxequi,1,1
ximovarensis,Ximovarensi,1,1
ximus,Ximo,3,5
ximus,Ximum,1,5
ximus,Ximi,1,5
xin,Xin,1,1
xinkio,Xinkio,1,1
xiquensis,Xiquensis,1,2
xiquensis,Xiquensem,1,2
xiquensus,Xiquensi,1,1
xiqui,Xiqui,2,2
xiv,XIV,1,1
xl,XL,2,2
xo,xeram,1,1
xún,XÚN,3,3
xùn,Xùn,1,1
xunchius,Xunchii,3,5
xunchius,Xunchium,1,5
xunchius,Xunchio,1,5
xunchus,Xunchi,1,1
xunuanus,Xunuang,1,1
XV,XV,1,1
XVIII,XVIII,2,2
xx,XX,4,4
XXIII,XXIII,1,1
xxiv,XXIV,1,1
XXV,XXV,1,1
XXVI,XXVI,1,1
xxx,XXX,3,3
y,y,1,1
yalo,Yalo,1,1
yàm,Yàm,3,3
yama,Yama,3,3
yamaguccus,Yamagucci,1,1
yamagutianus,Yamagutiano,2,4
yamagutianus,Yamagutiana,2,4
yamanguchensis,Yamanguchensi,1,1
yamaxir,Yamaxiro,1,1
yangcheu,Yangcheu,1,1
yao,Yao,1,1
yaò,yaò,1,1
ybañes,Ybañes,4,4
ydioma,ydiomate,1,1
ydolatra,ydolatris,2,3
ydolatra,ydolatrarum,1,3
ydolatria,ydolatria,1,1
yechudonus,Yechudonus,2,3
yechudonus,Yechudonum,1,3
yemes,yemem,1,1
ymnarius,ymnariis,1,1
yndies,Yndie,3,3
yndius,Yndia,4,5
yndius,Yndiam,1,5
ynzumus,Ynzumi,1,1
yo,Yo,1,1
yofus,Yofus,1,1
yquiccuqui,Yquiccuqui,2,2
ysafaensus,Ysafaensis,1,1
yú,Yú,1,1
yuenus,Yuenus,6,8
yuenus,Yuenum,2,8
yupus,Yupi,2,2
yuquis,Yuqui,1,1
zacynthus,Zacynthus,1,1
Zayton,Zayton,4,4
zelator,Zelator,1,1
zelo,zelans,1,1
zelosus,zelosissima,1,2
zelosus,zelosus,1,2
zelotypiam:nullus,zelotypiam:nulla,1,1
zelus,zelo,8,13
zelus,zelus,2,13
zelus,zelum,1,13
zelus,Zelo,1,13
zelus,Zelus,1,13
zibellina,Zibellinas,1,2
zibellina,zibellinarum,1,2
ziqui,Ziquo,1,1
zizania,zizaniam,1,1
zon,zone,1,1
zucumus,Zucumi,1,1
zungchinis,Zungchinii,4,4
Zungchinius,Zungchinius,7,9
Zungchinius,Zungchinium,2,9
zungteus,Zungteus,3,3
zunocunus,Zunocuni,1,1
zus,zus,1,1
zuus,Zuus,1,1
εphesius,Εphesius,1,1
ιn,Ιn,1,1
一,一,4,4
a,a,8,8
aber,ayan,1,1
Agostino,Agostino,1,1
alguno,alguno,1,1
anno,annos,1,1
annual,annual,1,1
antes,antes,1,1
año,años,1,1
apostolico,apostolico,2,2
Canton,Canton,2,2
caso,caso,2,2
China,China,2,2
Christo,Christo,1,1
ciudad,ciudad,1,1
commissario,commissario,3,3
como,como,1,1
con,con,1,1
conceder,concedo,1,1
concedierar,concediere,1,1
Conception,Conception,2,2
Concilio,Concilio,2,2
confessar,confessar,1,1
confessión,confession,1,2
confessión,confessiones,1,2
convento,convento,1,1
dado,Dada,1,1
de,de,31,31
Descalzos,Descalzos,1,1
despacho,despachos,1,1
día,dias,1,1
dicho,dicha,1,1
donde,donde,1,1
el,la,13,26
el,los,5,26
el,las,4,26
el,el,4,26
él,se,5,9
él,le,2,9
él,lo,2,9
en,en,8,8
este,esta,2,5
este,estos,1,5
este,estes,1,5
este,este,1,5
exceder,exceder,1,1
exercitar,exercitado,1,2
exercitar,exercitara,1,2
febrero,febrero,1,1
Florez,Florez,1,1
Fokiense,Fokiense,1,1
forma,forma,1,1
Fr,Fr,4,4
Francisco,Francisco,4,4
general,generales,1,1
gracia,gracia,1,1
gran,gran,1,1
gravamen,gravamen,1,1
Gregorio,Gregorio,1,1
guardar,guardando,1,1
haber,ha,1,1
haver,haver,3,3
hermano,hermano,2,2
imprevenido,imprevenido,1,1
in,in,1,1
isla,islas,1,1
Jesu,Jesu,1,1
lector,lector,1,1
leido,leido,1,1
licencia,licencias,2,3
licencia,licencia,1,3
licentia,licentia,2,2
mandado,mandado,1,1
Menores,Menores,1,1
mi,mi,1,1
Miguel,Miguel,1,1
ministerio,ministerios,1,1
mismo,misma,1,1
mission,mission,3,3
mucho,muchos,1,1
N,N,2,2
nuestro,nuestro,4,5
nuestro,Nuestro,1,5
nuevo,nuevo,1,1
obispado,obispados,1,1
Observancia,Observancia,1,1
offeresca,offeresca,1,1
orden,orden,2,2
ordenar,ordena,1,1
Ordinarios,Ordinarios,1,1
otro,otros,1,2
otro,otro,1,2
P,P,2,2
para,para,3,3
particular,particulares,1,1
Pasqual,Pasqual,1,1
passado,passados,1,1
patente,patentes,1,1
paz,paz,1,1
Pe,Pe,1,1
Philippinas,Philippinas,1,1
por,por,6,8
por,Por,2,8
predicación,predicacion,1,1
predicador,predicador,1,1
predicar,predicar,1,1
predicatión,predicationes,1,1
presentar,presentar,1,2
presentar,presente,1,2
presentatión,presentationes,1,1
presente,presentes,1,1
provicario,provicario,2,2
provincia,provincia,3,3
provincial,provincial,2,2
quando,quando,1,1
que,que,4,4
quedar,quedado,1,1
recibir,reciba,1,1
recivir,recivir,1,1
Redemptor,Redemptor,1,1
regular,regular,1,1
reino,reinos,1,1
religion,religion,1,1
religioso,religiosos,1,1
residenda,residenda,1,1
residir,residen,1,1
reyno,reynos,1,1
S,S,7,7
salud,salud,1,1
salvo,salvo,1,1
secretario,secretario,1,1
segnor,segnor,2,2
ser,sido,2,2
sin,sin,2,2
sobredicho,sobredicha,1,1
socorro,socorro,1,1
su,su,1,1
tanto,tanto,1,1
Theologia,Theologia,1,1
Tridentino,Tridentino,2,2
V.C,V.C,5,5
venido,venido,1,1
venir,vino,1,1
Xantung,Xantung,1,1
y,y,15,15
certo,certo,1,1
in,in,1,1
mare,mare,1,1
navigare,navigare,1,1
no,no,1,1
non,non,1,1
perché,perchè,1,1
poco,po,1,1
quello,quello,1,1
se,se,2,2
tempo,tempo,1,1
a,a,1,1
ajudar,ajudão,1,1
Alexandro,Alexandro,1,1
algum,alguns,1,1
anno,anno,1,1
apertar,apertado,1,1
até,até,1,1
casa,casas,1,1
catalogo,Catalogo,1,1
chegar,chegar,1,1
christão,christãos,1,1
conservar,conservando,1,1
de,de,1,1
depois,Depois,1,1
despedir,despedidos,1,1
Dogicus,Dogicus,1,1
e,e,2,2
eles,os,1,1
em,em,1,1
escrever,escreveo,1,1
fazer,feito,1,1
gasto,gasto,1,1
inteiro,inteiras,1,1
ir,veo,1,1
Japão,Japão,1,1
mas,Mas,1,1
moço,moços,1,1
Nao,Nao,1,1
não,não,2,2
o,o,1,2
o,as,1,2
P.e,P.e,1,1
pera,pera,1,1
porque,porque,1,1
pouco,poucos,1,1
que,que,2,2
reposta,reposta,1,1
residência,residências,1,1
se,se,2,2
senhor,senhores,1,1
ser,mui,1,1
sustentação,sustentação,1,1
ter,tinhão,1,1
tinhão,tinhao,1,1
todo,todas,1,1
Valignano,Valignano,1,1
Viceprovincial,Viceprovincial,1,1
