position,doc,lang,form,lemma,anchor
0,casanatensis,,adbreuiatio,,w3
1,casanatensis,,artis,,w6
2,casanatensis,,"grammaticeIn this case the diphthong ""ae"" seems to be written with grapheme ""e"", not with grapheme ""e caudatum"", however the writing is too little legible to ascertain this. The use of ""e caudatum"" alternates with that of ""e"" in the whole text.",,w9
3,casanatensis,,ex,,w12
4,casanatensis,,diuersis,,w15
5,casanatensis,,doctoribus,,w18
6,casanatensis,,ab,,w21
7,casanatensis,,urso,,w24
8,casanatensis,,composita,,w27
9,casanatensis,,dictio,,w30
10,casanatensis,,minima,,w33
11,casanatensis,,pars,,w36
12,casanatensis,,est,,w42
13,casanatensis,,constructe,,w45
14,casanatensis,,orationis,,w48
15,casanatensis,,constructe,,w51
16,casanatensis,,id,,w54
17,casanatensis,,est,,w57
18,casanatensis,,composite,,w60
19,casanatensis,,in,,w63
20,casanatensis,,ordine2em,,w66
21,casanatensis,,minima,,w69
22,casanatensis,,pars,,w72
23,casanatensis,,est,,w75
24,casanatensis,,quantu8um,,w78
25,casanatensis,,þpertinet,,w81
26,casanatensis,,ad,,w84
27,casanatensis,,sensu8um,,w87
28,casanatensis,,totius,,w90
29,casanatensis,,intellectus,,w96
30,casanatensis,,differt,,w99
31,casanatensis,,dictio,,w102
32,casanatensis,,a,,w105
33,casanatensis,,syllaba,,w108
34,casanatensis,,qm¯quoniam,,w111
35,casanatensis,,syllaba,,w114
36,casanatensis,,pars,,w117
37,casanatensis,,dictionis,,w120
38,casanatensis,,est,,w123
39,casanatensis,,et,,w126
40,casanatensis,,¢quia,,w129
41,casanatensis,,dictio,,w132
42,casanatensis,,a,,w135
43,casanatensis,,dicendo,,w138
44,casanatensis,,hoc,,w141
45,casanatensis,,est,,w144
46,casanatensis,,intellegendo,,w147
47,casanatensis,,dicta,,w150
48,casanatensis,,est,,w153
49,casanatensis,,þper,,w156
50,casanatensis,,se,,w159
51,casanatensis,,eni2im,,w162
52,casanatensis,,significat,,w165
53,casanatensis,,ali¢quid,,w168
54,casanatensis,,syllaba,,w171
55,casanatensis,,uero,,w174
56,casanatensis,,nu8umqua8am,,w177
57,casanatensis,,þper,,w180
58,casanatensis,,se,,w183
59,casanatensis,,significat,,w186
60,casanatensis,,ali¢quid,,w189
61,casanatensis,,monosyllabæ,,w192
62,casanatensis,,dictio,,w195
63,casanatensis,,id,,w198
64,casanatensis,,est,,w201
65,casanatensis,,unius,,w204
66,casanatensis,,syllabæ,,w207
67,casanatensis,,dictio,,w210
68,casanatensis,,potest,,w213
69,casanatensis,,dici,,w216
70,casanatensis,,syllaba,,w219
71,casanatensis,,sed,,w222
72,casanatensis,,n¯non,,w225
73,casanatensis,,sincere,,w228
74,casanatensis,,eo,,w231
75,casanatensis,,quod,,w243
76,casanatensis,,quod,,w234
77,casanatensis,,syllaba,,w237
78,casanatensis,,n¯non,,w240
79,casanatensis,,significat,,w246
80,casanatensis,,aliquid,,w249
81,casanatensis,,na8am,,w252
82,casanatensis,,cu8um,,w255
83,casanatensis,,dico,,w258
84,casanatensis,,a,,w261
85,casanatensis,,nec,,w264
86,casanatensis,,tenore2em,,w267
87,casanatensis,,eius,,w270
88,casanatensis,,nec,,w273
89,casanatensis,,tempora,,w276
90,casanatensis,,nec,,w279
91,casanatensis,,sr¯spiritum,,w282
92,casanatensis,,nec,,w285
93,casanatensis,,significatione2em,,w288
94,casanatensis,,agnosco,,w291
95,casanatensis,,donec,,w294
96,casanatensis,,agnouero,,w298
97,casanatensis,,dictione2em,,w300
98,casanatensis,,in,,w303
99,casanatensis,,qua,,w306
100,casanatensis,,ponitur,,w309
101,casanatensis,,na2am,,w312
102,casanatensis,,in,,w315
103,casanatensis,,ara,,w318
104,casanatensis,,"deo ru8umThere are signs written above the line that I do not understand: a possible macron above the (very hardly legible) ""d"" and another sign in the space between ""deo"" and ""rum"", that might simply mean that the two parts of the word, though written separately, should be read together. The direct source here is Priscian, Ars grammatica, K 2.53.20-21, which has ""in 'ara' deorum, 'a' paenultima producitur"".",,w319
105,casanatensis,,a,,w321
106,casanatensis,,pænultima,,w324
107,casanatensis,,ŋproducitur,,w327
108,casanatensis,,et,,w330
109,casanatensis,,circu2um flectitur,,w333
110,casanatensis,,in,,w336
111,casanatensis,,nominatiuo,,w339
112,casanatensis,,et,,w342
113,casanatensis,,n¯non,,w345
114,casanatensis,,habet,,w348
115,casanatensis,,aspiratione8em,,w351
116,casanatensis,,quando,,w354
117,casanatensis,,significat,,w357
118,casanatensis,,stabulu8um,,w360
119,casanatensis,,porcorum,,w363
120,casanatensis,,penultima,,w366
121,casanatensis,,a,,w369
122,casanatensis,,corripitur,,w372
123,casanatensis,,et,,w375
124,casanatensis,,acuitur,,w378
125,casanatensis,,et,,w381
126,casanatensis,,habet,,w384
127,casanatensis,,aspiratione8em,,w387
128,casanatensis,,quando,,w390
129,casanatensis,,p¯prepositio,,w393
130,casanatensis,,est,,w396
131,casanatensis,,ŋproducitur,,w399
132,casanatensis,,et,,w402
133,casanatensis,,grauatur,,w405
134,casanatensis,,et,,w408
135,casanatensis,,e¯est,,w411
136,casanatensis,,sine,,w414
137,casanatensis,,aspiratione,,w417
138,casanatensis,,syllaba,,w420
139,casanatensis,,n¯non,,w423
140,casanatensis,,potest,,w426
141,casanatensis,,examussim,,w429
142,casanatensis,,intellegi,,w432
143,casanatensis,,nisi,,w435
144,casanatensis,,fuerit,,w438
145,casanatensis,,in,,w441
146,casanatensis,,dictione,,w444
147,casanatensis,,examussi7im,,w447
148,casanatensis,,id,,w450
149,casanatensis,,est,,w453
150,casanatensis,,clare,,w456
151,casanatensis,,ul¯uel,,w459
152,casanatensis,,diligent¯ter,,w465
153,casanatensis,,ter,,w462
154,casanatensis,,oratio,,w468
155,casanatensis,,est,,w471
156,casanatensis,,congrua,,w474
157,casanatensis,,ordinatio,,w477
158,casanatensis,,dictionu2um,,w480
159,casanatensis,,demonstrans,,w483
160,casanatensis,,þperfecta8am,,w486
161,casanatensis,,sententia8am,,w489
162,casanatensis,,oratio,,w492
163,casanatensis,,dicitur,,w495
164,casanatensis,,etia2am,,w498
165,casanatensis,,liber,,w501
166,casanatensis,,rhetoricus,,w504
167,casanatensis,,et,,w507
168,casanatensis,,una,,w510
169,casanatensis,,dictio,,w513
170,casanatensis,,quæ,,w516
171,casanatensis,,sign2nificat,,w519
172,casanatensis,,plenu2um,,w522
173,casanatensis,,sensu8um,,w525
174,casanatensis,,oratio,,w528
175,casanatensis,,"dicitu2urThe graphemes around ""dicitur"" are very hard to read. Another reading might be ""oratio dici t(um) [two unclear graphemes] possunt uerba imperatiua et responsiua"". In this case, the ""u with r rotunda above"" abbreviation should be expanded in ""um"", not ""ur"", which is unlikely. Also, the ""p"" and ""o"" of hypothetical ""possunt"" are very hardly recognizable. The reading that I am publishing (""oratio dicitur [...] sunt uerba imperatiua et responsiua"") is more likely based on the manuscript.",,w531
176,casanatensis,,st¯sunt,,w533
177,casanatensis,,uerba,,w534
178,casanatensis,,imþperatiua,,w537
179,casanatensis,,et,,w540
180,casanatensis,,respo¯onsiua,,w543
181,casanatensis,,imperatiua,,w546
182,casanatensis,,ut,,w549
183,casanatensis,,"legeIt seems that something similar to ""ut lege"" was written in the same line, then was erased and a new ""ut lege"" was written in its place. Also, there is a faded sign over the initial ""u"". This sign looks like the abbreviation that I am encoding with Unicode character ""8"" and occurs again later in the same line (above the next ""ut"", i.e. the word with id w558).",,w552
184,casanatensis,,responsiua,,w555
185,casanatensis,,"utThere is a faded sign over the initial ""u"". This sign looks like the abbreviation that I am encoding with Unicode character ""8"" and already occurred earlier in the same line (above the previous ""ut"", i.e. the word with id w552).",,w558
186,casanatensis,,si,,w561
187,casanatensis,,dica2am,,w564
188,casanatensis,,¢quid,,w567
189,casanatensis,,"estThe ink is faded here, however it is possible to see a sign above the ""e"". It might mark the fact that the sentence is interrogative.",,w570
190,casanatensis,,su7ummu7um,,w573
191,casanatensis,,bonu7um,,w576
192,casanatensis,,in,,w577
193,casanatensis,,uita,,w578
194,casanatensis,,respondeatur,,w579
195,casanatensis,,honestas,,w582
196,casanatensis,,ars,,w585
197,casanatensis,,dicunt,,w586
198,casanatensis,,abarere,,w588
199,casanatensis,,idest,,w591
200,casanatensis,,a,,w594
201,casanatensis,,membro,,w597
202,casanatensis,,si,,w599
203,casanatensis,,coniunctione7em,,w600
204,casanatensis,,artuum,,w603
205,casanatensis,,efficiant¯tur,,w606
206,casanatensis,,dictio,,w609
207,casanatensis,,cu2um,,w610
208,casanatensis,,effectus,,w611
209,casanatensis,,plena,,w612
210,casanatensis,,quæ,,w615
211,casanatensis,,oratio,,w618
212,casanatensis,,dici,,w621
213,casanatensis,,potest,,w624
214,casanatensis,,artis,,w625
215,casanatensis,,eni2im,,w626
216,casanatensis,,concludunt,,w628
217,casanatensis,,ars,,w631
218,casanatensis,,uero,,w632
219,casanatensis,,est,,w633
220,casanatensis,,apprehensio,,w634
221,casanatensis,,p¯preceptoru2um,,w635
222,casanatensis,,acco2ommodata,,w636
223,casanatensis,,ad,,w637
224,casanatensis,,¢quid,,w641
225,casanatensis,,eni2im,,w642
226,casanatensis,,est,,w645
227,casanatensis,,qua2am,,w647
228,casanatensis,,in,,w648
229,casanatensis,,sex,,w649
230,casanatensis,,casibus,,w650
231,casanatensis,,et,,w651
232,casanatensis,,tribus,,w652
233,casanatensis,,coniugationibus,,w653
234,casanatensis,,c¯consistit,,w654
235,casanatensis,,cuncta,,w655
236,casanatensis,,latinitas,,w656
237,casanatensis,,ł,,casanatensis:0.1.0.4.0.81
238,casanatensis,,etiam,,w657
239,casanatensis,,ti,,w658
240,casanatensis,,idcirco,,w659
241,casanatensis,,nominari,,w660
242,casanatensis,,dicitur,,w661
243,casanatensis,,ars,,w662
244,casanatensis,,¢quia,,w663
245,casanatensis,,tribus,,w664
246,casanatensis,,articulis,,w665
247,casanatensis,,cuncta,,w666
248,casanatensis,,latinitas,,w667
249,casanatensis,,potest,,w668
250,casanatensis,,scribi,,w669
251,casanatensis,,uel,,w670
252,casanatensis,,a,,w671
253,casanatensis,,potes,,w672
254,casanatensis,,et,,w673
255,casanatensis,,petes,,w674
256,casanatensis,,id,,w675
257,casanatensis,,est,,w676
258,casanatensis,,qua2am,,w677
259,casanatensis,,græci,,w678
260,casanatensis,,uocant,,w679
261,casanatensis,,scientia2am,,w680
262,casanatensis,,unius cuiusq;que,,w681
263,casanatensis,,rei,,w682
264,casanatensis,,du2um,,w683
265,casanatensis,,au¯autem,,w685
266,casanatensis,,cogitatur,,w687
267,casanatensis,,erit,,w690
268,casanatensis,,ars,,w693
269,casanatensis,,qm¯quoniam,,w696
270,casanatensis,,ŋproprius,,w699
271,casanatensis,,locus,,w702
272,casanatensis,,artis,,w705
273,casanatensis,,in,,w708
274,casanatensis,,mente,,w711
275,casanatensis,,est,,w714
276,casanatensis,,cu2um,,w717
277,casanatensis,,uero,,w720
278,casanatensis,,scribitur,,w721
279,casanatensis,,n¯non,,w723
280,casanatensis,,est,,w724
281,casanatensis,,sed,,w726
282,casanatensis,,species,,w727
283,casanatensis,,dici,,w729
284,casanatensis,,potest,,w732
285,casanatensis,,hoc,,w735
286,casanatensis,,etia2am,,w738
287,casanatensis,,et,,w739
288,casanatensis,,in,,w740
289,casanatensis,,aliis,,w741
290,casanatensis,,diuersis,,w742
291,casanatensis,,operibus,,w743
292,casanatensis,,fit,,w744
293,casanatensis,,partes,,w747
294,casanatensis,,orationis,,w750
295,casanatensis,,secundu2um,,w753
296,casanatensis,,donatu2um,,w756
297,casanatensis,,rectius,,w758
298,casanatensis,,octo,,w759
299,casanatensis,,sunt,,w762
300,casanatensis,,secundum,,w765
301,casanatensis,,plerosq;que,,w768
302,casanatensis,,alios,,w771
303,casanatensis,,et,,w774
304,casanatensis,,plures,,w777
305,casanatensis,,et,,w780
306,casanatensis,,pauciores,,w783
307,casanatensis,,dicunt¯tur,,w786
308,casanatensis,,dicuntur,,w789
309,casanatensis,,partes,,w792
310,casanatensis,,orationis,,w795
311,casanatensis,,¢quia,,w798
312,casanatensis,,omnis,,w801
313,casanatensis,,pars,,w804
314,casanatensis,,plenitudine2em,,w807
315,casanatensis,,suam,,w810
316,casanatensis,,appetit,,w813
317,casanatensis,,et,,w816
318,casanatensis,,omnis,,w819
319,casanatensis,,plenitudo,,w822
320,casanatensis,,adimpletur,,w825
321,casanatensis,,a,,w828
322,casanatensis,,partib;bus,,w831
323,casanatensis,,suis,,w834
324,casanatensis,,rtire,,w835
325,casanatensis,,est,,w837
326,casanatensis,,cu2um,,w840
327,casanatensis,,aliquid,,w843
328,casanatensis,,intellectu,,w846
329,casanatensis,,et,,w849
330,casanatensis,,ratione,,w852
331,casanatensis,,segregatur,,w855
332,casanatensis,,ab,,w858
333,casanatensis,,aliqųquo,,w859
334,casanatensis,,diuidere,,w860
335,casanatensis,,est,,w861
336,casanatensis,,diuiditur,,w862
337,casanatensis,,et,,w864
338,casanatensis,,traditio,,w865
339,casanatensis,,unicuiq;que,,w867
340,casanatensis,,qd¯quod,,w868
341,casanatensis,,partes,,w870
342,casanatensis,,omnino,,w873
343,casanatensis,,tres,,w876
344,casanatensis,,st¯sunt,,w879
345,casanatensis,,est,,w880
346,casanatensis,,eni2im,,w881
347,casanatensis,,aco2omparabilis,,w884
348,casanatensis,,pars,,w885
349,casanatensis,,que,,w886
350,casanatensis,,est,,w887
351,casanatensis,,in,,w888
352,casanatensis,,citas,,w889
353,casanatensis,,est,,w890
354,casanatensis,,maior,,w891
355,casanatensis,,pars,,w892
356,casanatensis,,cælu2um,,w893
357,casanatensis,,et,,w894
358,casanatensis,,terra,,w895
359,casanatensis,,est,,w896
360,casanatensis,,minima,,w897
361,casanatensis,,pars,,w900
362,casanatensis,,quarta,,w902
363,casanatensis,,pars,,w903
364,casanatensis,,elinientoru2um,,w906
365,casanatensis,,oratio,,w909
366,casanatensis,,ex,,w912
367,casanatensis,,duob;bus,,w915
368,casanatensis,,corruptis,,w918
369,casanatensis,,composita,,w921
370,casanatensis,,est,,w924
371,casanatensis,,ab,,w925
372,casanatensis,,ore,,w926
373,casanatensis,,et,,w927
374,casanatensis,,ratione,,w930
375,casanatensis,,idcirco,,w933
376,casanatensis,,n¯non,,w934
377,casanatensis,,potest,,w935
378,casanatensis,,dici,,w936
379,casanatensis,,oratio,,w937
380,casanatensis,,hoc,,w939
381,casanatensis,,qd¯uod,,w942
382,casanatensis,,sine,,w945
383,casanatensis,,ratione,,w948
384,casanatensis,,procedit,,w951
385,casanatensis,,ab,,w953
386,casanatensis,,ore,,w954
387,casanatensis,,oratio,,w957
388,casanatensis,,est,,w960
389,casanatensis,,cu2um,,w963
390,casanatensis,,rationabiliter,,w967
391,casanatensis,,aliquid,,w969
392,casanatensis,,loquimur,,w972
393,casanatensis,,ul¯uel,,w975
394,casanatensis,,si,,w978
395,casanatensis,,ŋpro,,w981
396,casanatensis,,peccatis,,w984
397,casanatensis,,et,,w985
398,casanatensis,,uita,,w986
399,casanatensis,,imp¯precamur,,w987
400,casanatensis,,partes,,w990
401,casanatensis,,orationis,,w993
402,casanatensis,,secundum,,w996
403,casanatensis,,aristotelem,,w999
404,casanatensis,,et,,w1002
405,casanatensis,,ceteros,,w1005
406,casanatensis,,dialecticos,,w1008
407,casanatensis,,duæ,,w1011
408,casanatensis,,st¯sunt,,w1014
409,casanatensis,,nomen,,w1017
410,casanatensis,,et,,w1020
411,casanatensis,,uerbum,,w1023
412,casanatensis,,quia,,w1026
413,casanatensis,,solæ,,w1029
414,casanatensis,,hæ,,w1032
415,casanatensis,,coniunctæ,,w1035
416,casanatensis,,faciunt,,w1038
417,casanatensis,,plena2am,,w1041
418,casanatensis,,sententia2am,,w1044
419,casanatensis,,et,,w1047
420,casanatensis,,in,,w1050
421,casanatensis,,his,,w1053
422,casanatensis,,consistit,,w1054
423,casanatensis,,tota,,w1055
424,casanatensis,,latinitas,,w1056
425,casanatensis,,quæ,,w1057
426,casanatensis,,significant,,w1059
427,casanatensis,,þpersona2am,,w1062
428,casanatensis,,et,,w1065
429,casanatensis,,actu2um,,w1068
430,casanatensis,,þper,,w1071
431,casanatensis,,nomen,,w1074
432,casanatensis,,eni2im,,w1075
433,casanatensis,,þpersona,,w1076
434,casanatensis,,et,,w1077
435,casanatensis,,þper,,w1080
436,casanatensis,,uerbu2um,,w1083
437,casanatensis,,actus,,w1086
438,casanatensis,,þpersonæ,,w1089
439,casanatensis,,ostenditur,,w1092
440,casanatensis,,et,,w1095
441,casanatensis,,ab,,w1098
442,casanatensis,,his,,w1101
443,casanatensis,,ceteræ,,w1102
444,casanatensis,,partes,,w1103
445,casanatensis,,origine2em,,w1104
446,casanatensis,,trahunt,,w1105
447,casanatensis,,unde,,w1106
448,casanatensis,grc,suncategorema,,w1107
449,casanatensis,,id,,w1108
450,casanatensis,,est,,w1110
451,casanatensis,,c¯consignificantia,,w1113
452,casanatensis,,appellantur,,w1116
453,casanatensis,,pronomen,,w1119
454,casanatensis,,ex,,w1122
455,casanatensis,,nomine,,w1125
456,casanatensis,,origine2em,,w1128
457,casanatensis,,trahit,,w1131
458,casanatensis,,¢quia,,w1134
459,casanatensis,,ŋpronomen,,w1137
460,casanatensis,,n¯non,,w1140
461,casanatensis,,potest,,w1143
462,casanatensis,,poni,,w1146
463,casanatensis,,nisi,,w1147
464,casanatensis,,nomen,,w1149
465,casanatensis,,p¯precedat,,w1152
466,casanatensis,,cuius,,w1155
467,casanatensis,,fungatur,,w1158
468,casanatensis,,officio,,w1161
469,casanatensis,,aduerbiu2um,,w1164
470,casanatensis,,a,,w1167
471,casanatensis,,uerbo,,w1170
472,casanatensis,,segregari,,w1173
473,casanatensis,,n¯non,,w1176
474,casanatensis,,potest,,w1179
475,casanatensis,,cuius,,w1182
476,casanatensis,,significatione2em,,w1185
477,casanatensis,,explanat,,w1188
478,casanatensis,,atq;que,,w1191
479,casanatensis,,implet,,w1194
480,casanatensis,,et,,w1197
481,casanatensis,,"aduerbiu2umThe word is almost completely illegible, but it seems that the last grapheme is a ""a"", above which a ""u"" was written, so probably the original version was ""aduerbia"", and a second hand corrected it to ""aduerbium"" to make it agree with the verb.",,w1198
482,casanatensis,,a,,w1200
483,casanatensis,,nomine,,w1203
484,casanatensis,,nascitur,,w1204
485,casanatensis,,ut,,w1206
486,casanatensis,,doctus,,w1209
487,casanatensis,,docte,,w1212
488,casanatensis,,participiu2um,,w1215
489,casanatensis,,ex,,w1218
490,casanatensis,,nomine,,w1221
491,casanatensis,,et,,w1224
492,casanatensis,,uerbo,,w1227
493,casanatensis,,nascitur,,w1230
494,casanatensis,,unde,,w1233
495,casanatensis,,et,,w1236
496,casanatensis,,nominatu2um,,w1239
497,casanatensis,,est,,w1242
498,casanatensis,,participiu2um,,w1245
499,casanatensis,,quasi,,w1248
500,casanatensis,,particeps,,w1251
501,casanatensis,,"utra2amq;queThere is no visible ""2-shaped"" abbreviation mark over the ""a"". In fact, the latter looks more like an ""o"" than as an ""a"". However, the word is hardly readable, so the abbreviation mark might have faded out.",,w1254
502,casanatensis,,partem,,w1257
503,casanatensis,,capiat,,w1260
504,casanatensis,,ł,,casanatensis:0.1.0.5.6.46
505,casanatensis,,coniunctio,,w1263
506,casanatensis,,et,,w1264
507,casanatensis,,p¯prepositio,,w1266
508,casanatensis,,in,,w1269
509,casanatensis,,con,,w1270
510,casanatensis,,nominis,,w1272
511,casanatensis,,et,,w1275
512,casanatensis,,uerbi,,w1278
513,casanatensis,,accipiuntur,,w1281
514,casanatensis,,secundu2um,,w1284
515,casanatensis,,stoicos,,w1287
516,casanatensis,,¢quinq;que,,w1290
517,casanatensis,,sunt,,w1293
518,casanatensis,,partes,,w1296
519,casanatensis,,orationis,,w1299
520,casanatensis,,nomen,,w1302
521,casanatensis,,appellatio,,w1305
522,casanatensis,,uerbu2um,,w1308
523,casanatensis,,ŋpronomen,,w1311
524,casanatensis,,siue,,w1314
525,casanatensis,,articulus,,w1317
526,casanatensis,,coniunctio,,w1320
527,casanatensis,,interiectio,,w1323
528,casanatensis,,hi,,w1326
529,casanatensis,,participiu2um,,w1329
530,casanatensis,,uerbo,,w1332
531,casanatensis,,iungentes,,w1335
532,casanatensis,,participiale,,w1338
533,casanatensis,,uel,,w1341
534,casanatensis,,casuale,,w1344
535,casanatensis,,uerbu2um,,w1347
536,casanatensis,,dicebant,,w1350
537,casanatensis,,et,,w1353
538,casanatensis,,aduerbia,,w1356
539,casanatensis,,adiungebant,,w1359
540,casanatensis,,nominibus,,w1362
541,casanatensis,,uel,,w1365
542,casanatensis,,uerbis,,w1368
543,casanatensis,,nominantes,,w1371
544,casanatensis,,ea,,w1374
545,casanatensis,,adiectiua,,w1377
546,casanatensis,,eoru2um,,w1380
547,casanatensis,,adnumerabant,,w1383
548,casanatensis,,pronomina,,w1386
549,casanatensis,,articulis,,w1389
550,casanatensis,,nominantes,,w1392
551,casanatensis,,ea,,w1395
552,casanatensis,,finitos,,w1398
553,casanatensis,,articulos,,w1401
554,casanatensis,,ipsos,,w1404
555,casanatensis,,articulos,,w1407
556,casanatensis,,¢quibus,,w1410
557,casanatensis,,nos,,w1413
558,casanatensis,,caremus,,w1416
559,casanatensis,,dicebant,,w1419
560,casanatensis,,infinitos,,w1422
561,casanatensis,,articulos,,w1425
562,casanatensis,,alii,,w1428
563,casanatensis,,ex,,w1431
564,casanatensis,,eis,,w1434
565,casanatensis,,connumerabant,,w1437
566,casanatensis,,articulos,,w1440
567,casanatensis,,ŋpronominibus,,w1443
568,casanatensis,,et,,w1446
569,casanatensis,,articularia,,w1449
570,casanatensis,,ŋpronomina,,w1452
571,casanatensis,,hæc,,w1455
572,casanatensis,,dicebant,,w1458
573,casanatensis,,quos,,w1461
574,casanatensis,,nos,,w1464
575,casanatensis,,sequimur,,w1467
576,casanatensis,,qua2amqua2am,,w1470
577,casanatensis,,in,,w1473
578,casanatensis,,latinitate,,w1476
579,casanatensis,,n¯non,,w1479
580,casanatensis,,inueniantur,,w1482
581,casanatensis,,integri,,w1485
582,casanatensis,,articuli,,w1488
583,casanatensis,,præpositiones,,w1491
584,casanatensis,,copulabant,,w1494
585,casanatensis,,c¯coniunctioni,,w1497
586,casanatensis,,quas,,w1500
587,casanatensis,,uocant,,w1503
588,casanatensis,,c¯coniunctiones,,w1506
589,casanatensis,,p¯prepositiuas,,w1509
590,casanatensis,,quida2am,,w1512
591,casanatensis,,dixerunt,,w1515
592,casanatensis,,nouem,,w1518
593,casanatensis,,esse,,w1521
594,casanatensis,,partes,,w1524
595,casanatensis,,orationis,,w1527
596,casanatensis,,separantes,,w1530
597,casanatensis,,appellatione2em,,w1533
598,casanatensis,,a,,w1536
599,casanatensis,,nomine,,w1539
600,casanatensis,,alii,,w1542
601,casanatensis,,duodecim,,w1545
602,casanatensis,,ponentes,,w1548
603,casanatensis,,uocabulu2um,,w1551
604,casanatensis,,ŋpro,,w1554
605,casanatensis,,parte,,w1557
606,casanatensis,,ł,,casanatensis:0.1.0.5.8.46
607,casanatensis,,græci,,w1560
608,casanatensis,,et,,w1563
609,casanatensis,,latini,,w1566
610,casanatensis,,pari,,w1569
611,casanatensis,,modo,,w1572
612,casanatensis,,octo,,w1575
613,casanatensis,,partes,,w1578
614,casanatensis,,orationis,,w1581
615,casanatensis,,habent,,w1584
616,casanatensis,,sed,,w1587
617,casanatensis,,in,,w1590
618,casanatensis,,hoc,,w1593
619,casanatensis,,discrepant,,w1594
620,casanatensis,,quia,,w1596
621,casanatensis,,non,,w1597
622,casanatensis,,articulu2um,,w1599
623,casanatensis,,ŋpro,,w1602
624,casanatensis,,parte,,w1605
625,casanatensis,,ponunt,,w1608
626,casanatensis,,latini,,w1611
627,casanatensis,,hoc,,w1614
628,casanatensis,,pronominib;bus,,w1617
629,casanatensis,,iungunt,,w1620
630,casanatensis,,et,,w1623
631,casanatensis,,greci,,w1626
632,casanatensis,,interiectione2em,,w1629
633,casanatensis,,aduerbio,,w1632
634,casanatensis,,iungunt,,w1635
635,casanatensis,,qua2am,,w1638
636,casanatensis,,latini,,w1641
637,casanatensis,,ŋpro,,w1644
638,casanatensis,,parte,,w1647
639,casanatensis,,ponunt,,w1650
640,casanatensis,,partes,,w1653
641,casanatensis,,nomen,,w1656
642,casanatensis,,quod,,w1659
643,casanatensis,,greci,,w1662
644,casanatensis,grc,onoma,,w1665
645,casanatensis,,dicunt,,w1668
646,casanatensis,,ŋpronom¯men,,w1671
647,casanatensis,,quod,,w1674
648,casanatensis,,illi,,w1677
649,casanatensis,grc,antonoma,,w1680
650,casanatensis,,uerbu2um,,w1683
651,casanatensis,,quod,,w1686
652,casanatensis,,illi,,w1689
653,casanatensis,grc,rema,,w1692
654,casanatensis,,aduerbiu2um,,w1695
655,casanatensis,,qųquod,,w1698
656,casanatensis,,illi,,w1701
657,casanatensis,grc,epirrema,,w1704
658,casanatensis,,participiu2um,,w1707
659,casanatensis,,quod,,w1710
660,casanatensis,,illi,,w1713
661,casanatensis,grc,metoche,,w1716
662,casanatensis,,coniunctio,,w1719
663,casanatensis,,qua2am,,w1722
664,casanatensis,,illi,,w1725
665,casanatensis,grc,sindesmos,,w1728
666,casanatensis,,propositio,,w1731
667,casanatensis,,qua2am,,w1734
668,casanatensis,,illi,,w1737
669,casanatensis,grc,ŋprotesis,,w1740
670,casanatensis,,illi,,w1743
671,casanatensis,grc,arthron,,w1747
672,casanatensis,,articulu2um,,w1749
673,casanatensis,,dicunt,,w1752
674,casanatensis,,est,,w1755
675,casanatensis,,et,,w1758
676,casanatensis,,interiectio,,w1761
677,casanatensis,,qua2am,,w1764
678,casanatensis,,illi,,w1767
679,casanatensis,,dicunt,,w1770
680,casanatensis,,non,,w1773
681,casanatensis,,possunt,,w1776
682,casanatensis,,partes,,w1779
683,casanatensis,,discerni,,w1782
684,casanatensis,,a,,w1785
685,casanatensis,,se,,w1788
686,casanatensis,,nisi,,w1791
687,casanatensis,,adtendamus,,w1794
688,casanatensis,,ŋproprietates,,w1797
689,casanatensis,,uniuscuiusq;que,,w1800
690,casanatensis,,partis,,w1803
691,casanatensis,,ŋpropriu2um,,w1806
692,casanatensis,,est,,w1809
693,casanatensis,,nominis,,w1812
694,casanatensis,,significare,,w1815
695,casanatensis,,substantia2am,,w1818
696,casanatensis,,et,,w1821
697,casanatensis,,qualitatem,,w1824
698,casanatensis,,hoc,,w1827
699,casanatensis,,fit,,w1830
700,casanatensis,,et,,w1833
701,casanatensis,,in,,w1836
702,casanatensis,,appellatione,,w1839
703,casanatensis,,et,,w1842
704,casanatensis,,in,,w1845
705,casanatensis,,uocabulo,,w1848
706,casanatensis,,ideo,,w1851
707,casanatensis,,una,,w1854
708,casanatensis,,pars,,w1857
709,casanatensis,,dici,,w1860
710,casanatensis,,debet,,w1863
711,casanatensis,,ŋpropriu2um,,w1866
712,casanatensis,,est,,w1869
713,casanatensis,,uerbi,,w1872
714,casanatensis,,significare,,w1875
715,casanatensis,,actionem,,w1878
716,casanatensis,,uel,,w1881
717,casanatensis,,passione2em,,w1884
718,casanatensis,,uel,,w1887
719,casanatensis,,utru2umq;que,,w1890
720,casanatensis,,cum,,w1893
721,casanatensis,,modis,,w1896
722,casanatensis,,et,,w1899
723,casanatensis,,formis,,w1902
724,casanatensis,,sine,,w1905
725,casanatensis,,casu,,w1908
726,casanatensis,,hoc,,w1911
727,casanatensis,,fit,,w1914
728,casanatensis,,et,,w1917
729,casanatensis,,in,,w1920
730,casanatensis,,infinitis,,w1923
731,casanatensis,,idcirco,,w1926
732,casanatensis,,et,,w1929
733,casanatensis,,una,,w1932
734,casanatensis,,est,,w1935
735,casanatensis,,pars,,w1938
736,casanatensis,,participiu2um,,w1941
737,casanatensis,,recte,,w1944
738,casanatensis,,separatur,,w1947
739,casanatensis,,a,,w1950
740,casanatensis,,uerbo,,w1953
741,casanatensis,,¢quia,,w1956
742,casanatensis,,habet,,w1959
743,casanatensis,,casus,,w1962
744,casanatensis,,¢quibus,,w1965
745,casanatensis,,caret,,w1968
746,casanatensis,,uerbu2um,,w1971
747,casanatensis,,et,,w1974
748,casanatensis,,genera,,w1977
749,casanatensis,,sicut,,w1980
750,casanatensis,,nomina,,w1983
751,casanatensis,,et,,w1986
752,casanatensis,,caret,,w1989
753,casanatensis,,modis,,w1992
754,casanatensis,,quos,,w1995
755,casanatensis,,continet,,w1998
756,casanatensis,,uerbu2um,,w2001
757,casanatensis,,ŋpropriu2um,,w2004
758,casanatensis,,est,,w2007
759,casanatensis,,ŋpronominu2um,,w2010
760,casanatensis,,poni,,w2013
761,casanatensis,,ŋpro,,w2016
762,casanatensis,,proprio,,w2019
763,casanatensis,,nomine,,w2022
764,casanatensis,,et,,w2025
765,casanatensis,,certa2am,,w2028
766,casanatensis,,significare,,w2031
767,casanatensis,,þpersona2am,,w2034
768,casanatensis,,idcirco,,w2037
769,casanatensis,,¢quis,,w2040
770,casanatensis,,et,,w2043
771,casanatensis,,¢qui,,w2046
772,casanatensis,,qualis,,w2049
773,casanatensis,,talis,,w2052
774,casanatensis,,quantus,,w2055
775,casanatensis,,tantus,,w2058
776,casanatensis,,quotus,,w2061
777,casanatensis,,totus,,w2064
778,casanatensis,,et,,w2067
779,casanatensis,,similia,,w2070
780,casanatensis,,sunt,,w2073
781,casanatensis,,infinita,,w2076
782,casanatensis,,siue,,w2079
783,casanatensis,,interrogatiua,,w2082
784,casanatensis,,uel,,w2085
785,casanatensis,,relatiua,,w2088
786,casanatensis,,et,,w2091
787,casanatensis,,loco,,w2094
788,casanatensis,,ŋproprioru2um,,w2097
789,casanatensis,,nominu2um,,w2100
790,casanatensis,,n¯non,,w2103
791,casanatensis,,ponuntur,,w2106
792,casanatensis,,neq;que,,w2109
793,casanatensis,,þpersonas,,w2112
794,casanatensis,,certas,,w2115
795,casanatensis,,significant,,w2118
796,casanatensis,,et,,w2121
797,casanatensis,,¢quia,,w2124
798,casanatensis,,more,,w2127
799,casanatensis,,nominu2um,,w2130
800,casanatensis,,significant,,w2133
801,casanatensis,,substantias,,w2136
802,casanatensis,,qua2amuis,,w2139
803,casanatensis,,infinitas,,w2142
804,casanatensis,,et,,w2145
805,casanatensis,,qualitatem,,w2148
806,casanatensis,,quamuis,,w2151
807,casanatensis,,generalem,,w2154
808,casanatensis,,non,,w2157
809,casanatensis,,pronomina,,w2160
810,casanatensis,,sed,,w2163
811,casanatensis,,nomina,,w2166
812,casanatensis,,dicenda,,w2169
813,casanatensis,,sunt,,w2172
814,casanatensis,,etsi,,w2175
815,casanatensis,,ex,,w2178
816,casanatensis,,eis,,w2181
817,casanatensis,,aliqua,,w2184
818,casanatensis,,declinantur,,w2187
819,casanatensis,,sicut,,w2190
820,casanatensis,,ŋpronomina,,w2193
821,casanatensis,,n¯non,,w2196
822,casanatensis,,est,,w2199
823,casanatensis,,adtendenda,,w2202
824,casanatensis,,eoru2um,,w2205
825,casanatensis,,declinatio,,w2208
826,casanatensis,,¢quia,,w2211
827,casanatensis,,multa,,w2214
828,casanatensis,,ŋpronomina,,w2217
829,casanatensis,,more,,w2220
830,casanatensis,,nominu2um,,w2223
831,casanatensis,,declinantur,,w2226
832,casanatensis,,et,,w2229
833,casanatensis,,multa,,w2232
834,casanatensis,,nomina,,w2235
835,casanatensis,,more,,w2238
836,casanatensis,,ŋpronominu2um,,w2241
837,casanatensis,,sed,,w2244
838,casanatensis,,uis,,w2247
839,casanatensis,,et,,w2250
840,casanatensis,,significatio,,w2253
841,casanatensis,,et,,w2256
842,casanatensis,,ŋproprietas,,w2259
843,casanatensis,,uniuscuiusq;que,,w2262
844,casanatensis,,partis,,w2265
845,casanatensis,,contemplanda,,w2268
846,casanatensis,,est,,w2271
847,casanatensis,,ŋpropriu2um,,w2274
848,casanatensis,,est,,w2277
849,casanatensis,,aduerbii,,w2280
850,casanatensis,,cu2um,,w2283
851,casanatensis,,uerbo,,w2286
852,casanatensis,,poni,,w2289
853,casanatensis,,et,,w2292
854,casanatensis,,sine,,w2295
855,casanatensis,,eo,,w2298
856,casanatensis,,n¯non,,w2301
857,casanatensis,,habere,,w2304
858,casanatensis,,þperfecta2am,,w2307
859,casanatensis,,significationem,,w2310
860,casanatensis,,ut,,w2313
861,casanatensis,,bene,,w2316
862,casanatensis,,facio,,w2319
863,casanatensis,,inter,,w2322
864,casanatensis,,aduerbiu2um,,w2325
865,casanatensis,,et,,w2328
866,casanatensis,,p¯prepositione2em,,w2331
867,casanatensis,,hoc,,w2334
868,casanatensis,,distat,,w2337
869,casanatensis,,qd¯uod,,w2340
870,casanatensis,,aduerbiu2um,,w2343
871,casanatensis,,sine,,w2346
872,casanatensis,,casualib;bus,,w2349
873,casanatensis,,et,,w2352
874,casanatensis,,cu2um,,w2355
875,casanatensis,,casualib;bus,,w2358
876,casanatensis,,potest,,w2361
877,casanatensis,,uerbo,,w2364
878,casanatensis,,et,,w2367
879,casanatensis,,p¯preponi,,w2370
880,casanatensis,,et,,w2373
881,casanatensis,,postponi,,w2376
882,casanatensis,,ut,,w2379
883,casanatensis,,"poneThere is a macron sign over the final ""e"" (""ponē"") to mark the vowel's long quantity.",,w2382
884,casanatensis,,currit,,w2385
885,casanatensis,,et,,w2388
886,casanatensis,,currit,,w2391
887,casanatensis,,"poneThere is a macron sign over the final ""e"" (""ponē"") to mark the vowel's long quantity.",,w2394
888,casanatensis,,uenit,,w2397
889,casanatensis,,tempore,,w2400
890,casanatensis,,longo,,w2403
891,casanatensis,,post,,w2406
892,casanatensis,,et,,w2409
893,casanatensis,,post,,w2412
894,casanatensis,,longo,,w2415
895,casanatensis,,tempore,,w2418
896,casanatensis,,uenit,,w2421
897,casanatensis,,iungitur,,w2424
898,casanatensis,,cu2um,,w2427
899,casanatensis,,nomine,,w2430
900,casanatensis,,sine,,w2433
901,casanatensis,,uerbo,,w2436
902,casanatensis,,sed,,w2439
903,casanatensis,,þper,,w2442
904,casanatensis,,ellipsin,,w2445
905,casanatensis,,est,,w2448
906,casanatensis,,n¯non,,w2451
907,casanatensis,,bonus,,w2454
908,casanatensis,,homo,,w2457
909,casanatensis,,subauditur,,w2460
910,casanatensis,,est,,w2463
911,casanatensis,,ŋpropriu2um,,w2466
912,casanatensis,,est,,w2469
913,casanatensis,,p¯prepositioni,,w2472
914,casanatensis,,separatim,,w2475
915,casanatensis,,þper,,w2478
916,casanatensis,,appositione2em,,w2481
917,casanatensis,,et,,w2484
918,casanatensis,,c¯coniunctim,,w2487
919,casanatensis,,þper,,w2490
920,casanatensis,,c¯compositione2em,,w2493
921,casanatensis,,p¯preponi,,w2496
922,casanatensis,,casualib;bus,,w2499
923,casanatensis,,ut,,w2502
924,casanatensis,,apud,,w2505
925,casanatensis,,amicu2um,,w2508
926,casanatensis,,et,,w2511
927,casanatensis,,indoctus,,w2514
928,casanatensis,,et,,w2517
929,casanatensis,,c¯coniunctim,,w2520
930,casanatensis,,þper,,w2523
931,casanatensis,,c¯compositione2em,,w2526
932,casanatensis,,carentib;bus,,w2529
933,casanatensis,,casu,,w2532
934,casanatensis,,ut,,w2535
935,casanatensis,,intercurro,,w2538
936,casanatensis,,induco,,w2541
937,casanatensis,,ŋpropriu2um,,w2544
938,casanatensis,,est,,w2547
939,casanatensis,,c¯coniunctioni,,w2550
940,casanatensis,,c¯coniu2ungere,,w2553
941,casanatensis,,diuersas,,w2556
942,casanatensis,,qualescu2umq;que,,w2559
943,casanatensis,,casuales,,w2562
944,casanatensis,,dictiones,,w2565
945,casanatensis,,et,,w2568
946,casanatensis,,diuersa,,w2571
947,casanatensis,,uerba,,w2574
948,casanatensis,,uel,,w2577
949,casanatensis,,aduerbia,,w2580
950,casanatensis,,ut,,w2583
951,casanatensis,,formosus,,w2586
952,casanatensis,,et,,w2589
953,casanatensis,,sapiens,,w2592
954,casanatensis,,legens,,w2595
955,casanatensis,,et,,w2598
956,casanatensis,,scribens,,w2601
957,casanatensis,,ego,,w2604
958,casanatensis,,et,,w2607
959,casanatensis,,tu,,w2610
960,casanatensis,,facio,,w2613
961,casanatensis,,et,,w2616
962,casanatensis,,dico,,w2619
963,casanatensis,,bene,,w2622
964,casanatensis,,et,,w2625
965,casanatensis,,celeriter,,w2628
966,casanatensis,,hoc,,w2631
967,casanatensis,,p¯prepositio,,w2634
968,casanatensis,,n¯non,,w2637
969,casanatensis,,facit,,w2640
970,casanatensis,,na2am,,w2643
971,casanatensis,,p¯prepositio,,w2646
972,casanatensis,,cu¯um,,w2649
973,casanatensis,,uerbo,,w2652
974,casanatensis,,potest,,w2655
975,casanatensis,,c¯componi,,w2658
976,casanatensis,,coniunctio,,w2661
977,casanatensis,,nu2umqua2am,,w2664
978,casanatensis,,qua2amuis,,w2667
979,casanatensis,,p¯preposita,,w2670
980,casanatensis,,inueniatur,,w2673
981,casanatensis,,et,,w2676
982,casanatensis,,p¯prepositio,,w2679
983,casanatensis,,separatim,,w2682
984,casanatensis,,semþper,,w2685
985,casanatensis,,p¯preponitur,,w2688
986,casanatensis,,casualibus,,w2691
987,casanatensis,,coniunctio,,w2694
988,casanatensis,,et,,w2697
989,casanatensis,,p¯preponitur,,w2700
990,casanatensis,,et,,w2703
991,casanatensis,,postponitur,,w2706
992,casanatensis,,ideo,,w2709
993,casanatensis,,nomen,,w2712
994,casanatensis,,omnes,,w2715
995,casanatensis,,partes,,w2718
996,casanatensis,,p¯precedit,,w2721
997,casanatensis,,¢quia,,w2724
998,casanatensis,,non,,w2727
999,casanatensis,,potest,,w2730
1000,casanatensis,,sciri,,w2733
1001,casanatensis,,quæcumq;que,,w2736
1002,casanatensis,,creatura,,w2739
1003,casanatensis,,uel,,w2742
1004,casanatensis,,res,,w2745
1005,casanatensis,,uel,,w2748
1006,casanatensis,,etia2am,,w2751
1007,casanatensis,,ceteræ,,w2754
1008,casanatensis,,partes,,w2757
1009,casanatensis,,nisi,,w2760
1010,casanatensis,,þper,,w2763
1011,casanatensis,,suu2um,,w2766
1012,casanatensis,,nomen,,w2769
1013,casanatensis,,sine,,w2772
1014,casanatensis,,nomine,,w2775
1015,casanatensis,,eni2im,,w2776
1016,casanatensis,,perit,,w2778
1017,casanatensis,,reru2um,,w2781
1018,casanatensis,,cognitio,,w2784
1019,casanatensis,,non,,w2787
1020,casanatensis,,potest,,w2790
1021,casanatensis,,de,,w2793
1022,casanatensis,,uoce,,w2796
1023,casanatensis,,et,,w2799
1024,casanatensis,,littera,,w2802
1025,casanatensis,,tractari,,w2805
1026,casanatensis,,nisi,,w2808
1027,casanatensis,,nomen,,w2811
1028,casanatensis,,uocis,,w2814
1029,casanatensis,,et,,w2817
1030,casanatensis,,litteræ,,w2820
1031,casanatensis,,agnoscatur,,w2823
1032,casanatensis,,prius,,w2826
1033,casanatensis,,qm¯uoniam,,w2829
1034,casanatensis,,in,,w2832
1035,casanatensis,,rebus,,w2835
1036,casanatensis,,omnibus,,w2838
1037,casanatensis,,nomina,,w2841
1038,casanatensis,,st¯sunt,,w2844
1039,casanatensis,,primigenia,,w2847
1040,casanatensis,,nomen,,w2850
1041,casanatensis,,et,,w2853
1042,casanatensis,,secundu2um,,w2856
1043,casanatensis,,sonu2um,,w2859
1044,casanatensis,,definitur,,w2862
1045,casanatensis,,hoc,,w2865
1046,casanatensis,,est,,w2868
1047,casanatensis,,secundu2um,,w2871
1048,casanatensis,,suþperficiem,,w2874
1049,casanatensis,,et,,w2877
1050,casanatensis,,secundu2um,,w2880
1051,casanatensis,,substantia2am,,w2883
1052,casanatensis,,hoc,,w2886
1053,casanatensis,,est,,w2889
1054,casanatensis,,secundu2um,,w2892
1055,casanatensis,,qualitatem,,w2895
1056,casanatensis,,sensus,,w2898
1057,casanatensis,,secundum,,w2901
1058,casanatensis,,sonu2um,,w2904
1059,casanatensis,,hoc,,w2907
1060,casanatensis,,est,,w2910
1061,casanatensis,,secundu2um,,w2913
1062,casanatensis,,suþperficiem,,w2916
1063,casanatensis,,hoc,,w2919
1064,casanatensis,,modo,,w2922
1065,casanatensis,,dictus,,w2925
1066,casanatensis,,in,,w2928
1067,casanatensis,,masculino,,w2931
1068,casanatensis,,ponitur,,w2934
1069,casanatensis,,ut,,w2937
1070,casanatensis,,pes,,w2940
1071,casanatensis,,dictus,,w2943
1072,casanatensis,,est,,w2946
1073,casanatensis,,dicta,,w2949
1074,casanatensis,,in,,w2952
1075,casanatensis,,feminino,,w2955
1076,casanatensis,,ut,,w2958
1077,casanatensis,,littera,,w2961
1078,casanatensis,,dicta,,w2964
1079,casanatensis,,est,,w2967
1080,casanatensis,,dictum,,w2970
1081,casanatensis,,in,,w2973
1082,casanatensis,,neutro,,w2976
1083,casanatensis,,ut,,w2979
1084,casanatensis,,tempus,,w2982
1085,casanatensis,,dictu2um,,w2985
1086,casanatensis,,est,,w2988
1087,casanatensis,,secundu2um,,w2991
1088,casanatensis,,substantia2am,,w2994
1089,casanatensis,,hoc,,w2997
1090,casanatensis,,est,,w3000
1091,casanatensis,,secundu2um,,w3003
1092,casanatensis,,qualitate2em,,w3006
1093,casanatensis,,sensus,,w3009
1094,casanatensis,,hoc,,w3012
1095,casanatensis,,modo,,w3015
1096,casanatensis,,ponitur,,w3018
1097,casanatensis,,nomen,,w3021
1098,casanatensis,,est,,w3024
1099,casanatensis,,in,,w3027
1100,casanatensis,,definitione,,w3030
1101,casanatensis,,et,,w3033
1102,casanatensis,,intelligitur,,w3036
1103,casanatensis,,esse,,w3039
1104,casanatensis,,definitio,,w3042
1105,casanatensis,,substantie,,w3045
1106,casanatensis,,ut,,w3048
1107,casanatensis,,littera,,w3051
1108,casanatensis,,est,,w3054
1109,casanatensis,,pars,,w3057
1110,casanatensis,,minima,,w3060
1111,casanatensis,,uocis,,w3063
1112,casanatensis,,articulatæ,,w3066
1113,casanatensis,,et,,w3069
1114,casanatensis,,pes,,w3072
1115,casanatensis,,est,,w3075
1116,casanatensis,,syllabaru2um,,w3078
1117,casanatensis,,et,,w3081
1118,casanatensis,,temporum,,w3084
1119,casanatensis,,certa,,w3087
1120,casanatensis,,dinumeratio,,w3090
1121,casanatensis,,et,,w3093
1122,casanatensis,,uerbu2um,,w3096
1123,casanatensis,,est,,w3099
1124,casanatensis,,pars,,w3102
1125,casanatensis,,orationis,,w3105
1126,casanatensis,,cu2um,,w3108
1127,casanatensis,,tempore,,w3111
1128,casanatensis,,et,,w3114
1129,casanatensis,,þpersona,,w3117
1130,casanatensis,,et,,w3120
1131,casanatensis,,nomen,,w3123
1132,casanatensis,,est,,w3126
1133,casanatensis,,pars,,w3129
1134,casanatensis,,orationis,,w3132
1135,casanatensis,,cu2um,,w3135
1136,casanatensis,,casu,,w3138
1137,casanatensis,,corpus,,w3141
1138,casanatensis,,aut,,w3144
1139,casanatensis,,rem,,w3147
1140,casanatensis,,proprie,,w3150
1141,casanatensis,,co2ommuniterue,,w3153
1142,casanatensis,,significans,,w3156
1143,casanatensis,,in,,w3159
1144,casanatensis,,hac,,w3162
1145,casanatensis,,nominis,,w3165
1146,casanatensis,,definitione,,w3168
1147,casanatensis,,¢quinq;que,,w3171
1148,casanatensis,,modi,,w3174
1149,casanatensis,,c¯continentur,,w3177
1150,casanatensis,,dicendo,,w3180
1151,casanatensis,,nomen,,w3183
1152,casanatensis,,est,,w3186
1153,casanatensis,,pars,,w3189
1154,casanatensis,,orationis,,w3192
1155,casanatensis,,ostenditur,,w3195
1156,casanatensis,,ee¯esse,,w3198
1157,casanatensis,,una,,w3201
1158,casanatensis,,ex,,w3204
1159,casanatensis,,octo,,w3207
1160,casanatensis,,partibus,,w3210
1161,casanatensis,,dicendo,,w3213
1162,casanatensis,,cu2um,,w3216
1163,casanatensis,,casu,,w3219
1164,casanatensis,,ostenditur,,w3222
1165,casanatensis,,nullu2um,,w3225
1166,casanatensis,,nomen,,w3228
1167,casanatensis,,sine,,w3231
1168,casanatensis,,uno,,w3234
1169,casanatensis,,casu,,w3237
1170,casanatensis,,esse,,w3240
1171,casanatensis,,posse,,w3243
1172,casanatensis,,sine,,w3246
1173,casanatensis,,esse,,w3249
1174,casanatensis,,dicendo,,w3252
1175,casanatensis,,hoc,,w3255
1176,casanatensis,,ipsum,,w3258
1177,casanatensis,,decernitur,,w3261
1178,casanatensis,,a,,w3264
1179,casanatensis,,uerbo,,w3267
1180,casanatensis,,quod,,w3270
1181,casanatensis,,caret,,w3273
1182,casanatensis,,casu,,w3276
1183,casanatensis,,et,,w3279
1184,casanatensis,,ab,,w3282
1185,casanatensis,,aduerbio,,w3285
1186,casanatensis,,et,,w3288
1187,casanatensis,,a,,w3291
1188,casanatensis,,coniunctione,,w3294
1189,casanatensis,,et,,w3297
1190,casanatensis,,appositione,,w3300
1191,casanatensis,,et,,w3303
1192,casanatensis,,interiectione,,w3306
1193,casanatensis,,dicendo,,w3309
1194,casanatensis,,corpus,,w3312
1195,casanatensis,,aut,,w3315
1196,casanatensis,,rem,,w3318
1197,casanatensis,,ostenditur,,w3321
1198,casanatensis,,omne,,w3324
1199,casanatensis,,nomen,,w3327
1200,casanatensis,,aut,,w3330
1201,casanatensis,,corpus,,w3333
1202,casanatensis,,significare,,w3336
1203,casanatensis,,quod,,w3339
1204,casanatensis,,uideri,,w3342
1205,casanatensis,,aut,,w3345
1206,casanatensis,,tangi,,w3348
1207,casanatensis,,potest,,w3351
1208,casanatensis,,ut,,w3354
1209,casanatensis,,homo,,w3357
1210,casanatensis,,cælu2um,,w3360
1211,casanatensis,,"aerNote that since here ""ae"" is no diphthong, it is written with two separate graphemes ""a"" and ""e"".",,w3363
1212,casanatensis,,uox,,w3366
1213,casanatensis,,aut,,w3369
1214,casanatensis,,rem,,w3372
1215,casanatensis,,quæ,,w3375
1216,casanatensis,,nec,,w3378
1217,casanatensis,,uideri,,w3381
1218,casanatensis,,nec,,w3384
1219,casanatensis,,tangi,,w3387
1220,casanatensis,,potest,,w3390
1221,casanatensis,,ut,,w3393
1222,casanatensis,,pietas,,w3396
1223,casanatensis,,iustitia,,w3399
1224,casanatensis,,sapientia,,w3402
1225,casanatensis,,dicendo,,w3405
1226,casanatensis,,ŋproprie,,w3408
1227,casanatensis,,communiterue,,w3411
1228,casanatensis,,significans,,w3414
1229,casanatensis,,ostenditur,,w3417
1230,casanatensis,,nomen,,w3420
1231,casanatensis,,esse,,w3423
1232,casanatensis,,aut,,w3426
1233,casanatensis,,ŋproprium,,w3429
1234,casanatensis,,quod,,w3432
1235,casanatensis,,extra,,w3435
1236,casanatensis,,natura2am,,w3438
1237,casanatensis,,inponitur,,w3441
1238,casanatensis,,et,,w3444
1239,casanatensis,,unius,,w3447
1240,casanatensis,,est,,w3450
1241,casanatensis,,ut,,w3453
1242,casanatensis,,cicero,,w3454
1243,casanatensis,,uirgilius,,w3456
1244,casanatensis,,aut,,w3457
1245,casanatensis,,appellatiuu2um,,w3459
1246,casanatensis,,quod,,w3462
1247,casanatensis,,naturaliter,,w3465
1248,casanatensis,,est,,w3468
1249,casanatensis,,et,,w3471
1250,casanatensis,,est,,w3474
1251,casanatensis,,multorum,,w3477
1252,casanatensis,,ut,,w3480
1253,casanatensis,,homo,,w3483
1254,casanatensis,,arbor,,w3486
1255,casanatensis,,et,,w3489
1256,casanatensis,,in,,w3492
1257,casanatensis,,hoc,,w3495
1258,casanatensis,,separatur,,w3498
1259,casanatensis,,a,,w3501
1260,casanatensis,,pronomine,,w3504
1261,casanatensis,,et,,w3507
1262,casanatensis,,participio,,w3510
1263,casanatensis,,quæ,,w3513
1264,casanatensis,,þper,,w3516
1265,casanatensis,,eosdem,,w3519
1266,casanatensis,,casus,,w3522
1267,casanatensis,,declamantur,,w3525
1268,casanatensis,,ut,,w3528
1269,casanatensis,,nomen,,w3531
1270,casanatensis,,sed,,w3534
1271,casanatensis,,carent,,w3537
1272,casanatensis,,ŋpropria2am,,w3540
1273,casanatensis,,qualitatem,,w3543
1274,casanatensis,,corpus,,w3546
1275,casanatensis,,et,,w3549
1276,casanatensis,,ŋpropriæ,,w3552
1277,casanatensis,,qualitatis,,w3555
1278,casanatensis,,est,,w3558
1279,casanatensis,,et,,w3561
1280,casanatensis,,appellatiue,,w3564
1281,casanatensis,,ŋproprie,,w3567
1282,casanatensis,,ut,,w3570
1283,casanatensis,,petrus,,w3573
1284,casanatensis,,salomon,,w3576
1285,casanatensis,,appellatiuæ,,w3579
1286,casanatensis,,ut,,w3582
1287,casanatensis,,ciuitas,,w3585
1288,casanatensis,,flumen,,w3588
1289,casanatensis,,mons,,w3591
1290,casanatensis,,corpus,,w3594
1291,casanatensis,,compositum,,w3597
1292,casanatensis,,est,,w3600
1293,casanatensis,,ex,,w3603
1294,casanatensis,,corrupto,,w3606
1295,casanatensis,,et,,w3609
1296,casanatensis,,integro,,w3612
1297,casanatensis,,cor,,w3615
1298,casanatensis,,a,,w3618
1299,casanatensis,,corde,,w3621
1300,casanatensis,,pus,,w3624
1301,casanatensis,,integrum,,w3627
1302,casanatensis,,est,,w3630
1303,casanatensis,,quod,,w3633
1304,casanatensis,,intellegitur,,w3636
1305,casanatensis,,custodia,,w3639
1306,casanatensis,,sicut,,w3642
1307,casanatensis,,alibi,,w3645
1308,casanatensis,,in,,w3649
1309,casanatensis,,pure,,w3650
1310,casanatensis,,positis,,w3651
1311,casanatensis,,solus,,w3654
1312,casanatensis,,hic,,w3657
1313,casanatensis,,euasit,,w3660
1314,casanatensis,,et,,w3663
1315,casanatensis,,intellegitur,,w3666
1316,casanatensis,,corpus,,w3669
1317,casanatensis,,cordis,,w3672
1318,casanatensis,,custodia,,w3675
1319,casanatensis,,res,,w3678
1320,casanatensis,,appellatiuæ,,w3681
1321,casanatensis,,qualitatis,,w3684
1322,casanatensis,,est,,w3687
1323,casanatensis,,ut,,w3690
1324,casanatensis,,iustitia,,w3693
1325,casanatensis,,sanctitas,,w3696
1326,casanatensis,,disciplina,,w3699
1327,casanatensis,,ars,,w3702
1328,casanatensis,,et,,w3705
1329,casanatensis,,ŋpropriæ,,w3708
1330,casanatensis,,ut,,w3711
1331,casanatensis,,arithmetica,,w3715
1332,casanatensis,,gra2ammatica,,w3717
1333,casanatensis,,et,,w3720
1334,casanatensis,,apud,,w3723
1335,casanatensis,,gentiles,,w3726
1336,casanatensis,,deorum,,w3729
1337,casanatensis,,nomina,,w3732
1338,casanatensis,,ut,,w3735
1339,casanatensis,,saturnus,,w3738
1340,casanatensis,,iuppiter,,w3741
1341,casanatensis,,mercurius,,w3744
1342,casanatensis,,quos,,w3747
1343,casanatensis,,illi,,w3750
1344,casanatensis,,incorporales,,w3753
1345,casanatensis,,putabant,,w3756
1346,casanatensis,,eo,,w3759
1347,casanatensis,,quod,,w3762
1348,casanatensis,,ali¢quid,,w3765
1349,casanatensis,,boni,,w3768
1350,casanatensis,,uel,,w3771
1351,casanatensis,,mali,,w3774
1352,casanatensis,,ab,,w3777
1353,casanatensis,,eis,,w3780
1354,casanatensis,,estimabant,,w3783
1355,casanatensis,,accipere,,w3786
1356,casanatensis,,ï,,casanatensis:0.1.0.8.11.86
1357,casanatensis,,nomen,,w3789
1358,casanatensis,,dictu2um,,w3792
1359,casanatensis,,est,,w3795
1360,casanatensis,,quasi,,w3798
1361,casanatensis,,notamen,,w3801
1362,casanatensis,,eo,,w3804
1363,casanatensis,,quod,,w3807
1364,casanatensis,,nobis,,w3810
1365,casanatensis,,suo,,w3813
1366,casanatensis,,uocabulo,,w3816
1367,casanatensis,,res,,w3819
1368,casanatensis,,notas,,w3822
1369,casanatensis,,efficit,,w3825
1370,casanatensis,,nota,,w3828
1371,casanatensis,,una,,w3831
1372,casanatensis,,littera,,w3834
1373,casanatensis,,est,,w3837
1374,casanatensis,,ut,,w3840
1375,casanatensis,,l,,w3843
1376,casanatensis,,þper,,w3846
1377,casanatensis,,quod,,w3849
1378,casanatensis,,intellegitur,,w3852
1379,casanatensis,,totu2um,,w3855
1380,casanatensis,,nomen,,w3858
1381,casanatensis,,luciu2us,,w3861
1382,casanatensis,,notamen,,w3864
1383,casanatensis,,est,,w3867
1384,casanatensis,,in,,w3870
1385,casanatensis,,duobus,,w3873
1386,casanatensis,,uel,,w3876
1387,casanatensis,,tribus,,w3879
1388,casanatensis,,litteris,,w3882
1389,casanatensis,,þper,,w3885
1390,casanatensis,,quas,,w3888
1391,casanatensis,,totu2um,,w3891
1392,casanatensis,,intellegitur,,w3894
1393,casanatensis,,nomen,,w3897
1394,casanatensis,,ut,,w3900
1395,casanatensis,,gn,,w3903
1396,casanatensis,,gneus,,w3906
1397,casanatensis,,sex,,w3909
1398,casanatensis,,sextus,,w3912
1399,casanatensis,,ï,,casanatensis:0.1.0.9.2.33
1400,casanatensis,,nomen,,w3915
1401,casanatensis,,est,,w3918
1402,casanatensis,,tota,,w3921
1403,casanatensis,,pars,,w3924
1404,casanatensis,,integra,,w3927
1405,casanatensis,,in,,w3930
1406,casanatensis,,litteris,,w3933
1407,casanatensis,,ut,,w3936
1408,casanatensis,,lucius,,w3939
1409,casanatensis,,ï,,casanatensis:0.1.0.9.2.50
1410,casanatensis,,et,,w3942
1411,casanatensis,,sicut,,w3945
1412,casanatensis,,þper,,w3948
1413,casanatensis,,notas,,w3951
1414,casanatensis,,intellegitur,,w3954
1415,casanatensis,,integra,,w3957
1416,casanatensis,,pars,,w3960
1417,casanatensis,,ita,,w3963
1418,casanatensis,,et,,w3966
1419,casanatensis,,þper,,w3969
1420,casanatensis,,nomen,,w3972
1421,casanatensis,,integras,,w3975
1422,casanatensis,,creaturas,,w3978
1423,casanatensis,,spiritales,,w3981
1424,casanatensis,,ul¯uel,,w3984
1425,casanatensis,,corporales,,w3987
1426,casanatensis,,ï,,casanatensis:0.1.0.9.3.27
1427,casanatensis,,nomen,,w3990
1428,casanatensis,,est,,w3993
1429,casanatensis,,pars,,w3996
1430,casanatensis,,orationis,,w3999
1431,casanatensis,,quæ,,w4002
1432,casanatensis,,unicui q;que,,w4005
1433,casanatensis,,subiectorum,,w4008
1434,casanatensis,,corporu2um,,w4011
1435,casanatensis,,seu,,w4014
1436,casanatensis,,reru2um,,w4017
1437,casanatensis,,commune2em,,w4020
1438,casanatensis,,ul¯uel,,w4023
1439,casanatensis,,ŋpropriam,,w4026
1440,casanatensis,,qualitatem,,w4029
1441,casanatensis,,distribuit,,w4032
1442,casanatensis,,ï,,casanatensis:0.1.0.10.0.29
1443,casanatensis,,dicitur,,w4035
1444,casanatensis,,nomen,,w4038
1445,casanatensis,,a,,w4041
1446,casanatensis,,greco,,w4044
1447,casanatensis,grc,"nomaOn the linguistic layer (LL), this word will not be able to be processed by a parser, as it does not exist in common dictionaries. Priscianus means this to be a previous (no longer existing) form of the word ὄνομα.",,w4047
1448,casanatensis,,et,,w4050
1449,casanatensis,,adiecta,,w4053
1450,casanatensis,grc,o,,w4056
1451,casanatensis,grc,onoma,,w4059
1452,casanatensis,,a,,w4062
1453,casanatensis,,tribuendo,,w4065
1454,casanatensis,,quod,,w4068
1455,casanatensis,grc,nemein,,w4071
1456,casanatensis,,dicunt,,w4074
1457,casanatensis,,ï,,casanatensis:0.1.0.10.0.57
1458,casanatensis,,secundu2um,,w4077
1459,casanatensis,,donatu2um,,w4080
1460,casanatensis,,et,,w4083
1461,casanatensis,,ceteros,,w4086
1462,casanatensis,,sex,,w4089
1463,casanatensis,,st¯sunt,,w4092
1464,casanatensis,,accidentia,,w4095
1465,casanatensis,,nominis,,w4098
1466,casanatensis,,id,,w4101
1467,casanatensis,,est,,w4104
1468,casanatensis,,qualitas,,w4107
1469,casanatensis,,comparatio,,w4110
1470,casanatensis,,genus,,w4113
1471,casanatensis,,numerus,,w4116
1472,casanatensis,,figura,,w4119
1473,casanatensis,,casus,,w4122
1474,casanatensis,,ï,,casanatensis:0.1.0.11.0.29
1475,casanatensis,,secundu2um,,w4125
1476,casanatensis,,priscianu2um,,w4128
1477,casanatensis,,quinq;que,,w4131
1478,casanatensis,,species,,w4134
1479,casanatensis,,genus,,w4137
1480,casanatensis,,numerus,,w4140
1481,casanatensis,,figura,,w4143
1482,casanatensis,,casus,,w4146
1483,casanatensis,,ï,,casanatensis:0.1.0.11.1.17
1484,casanatensis,,species,,w4149
1485,casanatensis,,ta2am,,w4152
1486,casanatensis,,ŋproprioru2um,,w4155
1487,casanatensis,,quam,,w4158
1488,casanatensis,,appellatiuoru2um,,w4161
1489,casanatensis,,nominu2um,,w4164
1490,casanatensis,,aut,,w4167
1491,casanatensis,,primitiua,,w4170
1492,casanatensis,,est,,w4173
1493,casanatensis,,quæ,,w4176
1494,casanatensis,,n¯non,,w4179
1495,casanatensis,,ab,,w4182
1496,casanatensis,,alio,,w4185
1497,casanatensis,,nascitur,,w4188
1498,casanatensis,,ut,,w4191
1499,casanatensis,,iulus,,w4194
1500,casanatensis,,mons,,w4197
1501,casanatensis,,aut,,w4200
1502,casanatensis,,deriuatiua,,w4203
1503,casanatensis,,que,,w4206
1504,casanatensis,,ab,,w4209
1505,casanatensis,,alio,,w4212
1506,casanatensis,,nascitur,,w4215
1507,casanatensis,,ut,,w4218
1508,casanatensis,,a,,w4221
1509,casanatensis,,iulo,,w4224
1510,casanatensis,,iulius,,w4227
1511,casanatensis,,et,,w4230
1512,casanatensis,,montanus,,w4233
1513,casanatensis,,sub,,w4236
1514,casanatensis,,¢quibus,,w4239
1515,casanatensis,,specieb;bus,,w4242
1516,casanatensis,,multæ,,w4245
1517,casanatensis,,aliæ,,w4248
1518,casanatensis,,species,,w4251
1519,casanatensis,,sunt,,w4254
1520,casanatensis,,ï,,casanatensis:0.1.0.11.2.55
1521,casanatensis,,propria,,w4257
1522,casanatensis,,qualitas,,w4260
1523,casanatensis,,extra,,w4263
1524,casanatensis,,natura2am,,w4266
1525,casanatensis,,inposita,,w4269
1526,casanatensis,,est,,w4272
1527,casanatensis,,et,,w4275
1528,casanatensis,,unius,,w4278
1529,casanatensis,,tantu2um,,w4281
1530,casanatensis,,priuata2am,,w4283
1531,casanatensis,,substantia2am,,w4284
1532,casanatensis,,et,,w4287
1533,casanatensis,,qualitatem,,w4290
1534,casanatensis,,demonstrat,,w4293
1535,casanatensis,,et,,w4296
1536,casanatensis,,in,,w4299
1537,casanatensis,,rebus,,w4302
1538,casanatensis,,indiuiduis,,w4308
1539,casanatensis,,est,,w4311
1540,casanatensis,,quas,,w4314
1541,casanatensis,,philosophi,,w4317
1542,casanatensis,,atomos,,w4321
1543,casanatensis,,uocant,,w4323
1544,casanatensis,,ut,,w4326
1545,casanatensis,,plato,,w4329
1546,casanatensis,,socrates,,w4332
1547,casanatensis,,et,,w4335
1548,casanatensis,,caret,,w4338
1549,casanatensis,,naturali,,w4341
1550,casanatensis,,co2ommunione,,w4344
1551,casanatensis,,in,,w4347
1552,casanatensis,,qua,,w4350
1553,casanatensis,,quamuis,,w4353
1554,casanatensis,,eueniat,,w4356
1555,casanatensis,,ut,,w4359
1556,casanatensis,,multi,,w4362
1557,casanatensis,,eodem,,w4365
1558,casanatensis,,ŋproprio,,w4368
1559,casanatensis,,nomine,,w4371
1560,casanatensis,,nuncupentur,,w4374
1561,casanatensis,,sola,,w4377
1562,casanatensis,,tantu2um,,w4380
1563,casanatensis,,uoce,,w4383
1564,casanatensis,,na2am,,w4386
1565,casanatensis,,n¯non,,w4389
1566,casanatensis,,intellectu,,w4392
1567,casanatensis,,communis,,w4395
1568,casanatensis,,substantiæ,,w4398
1569,casanatensis,,ul¯uel,,w4401
1570,casanatensis,,qualitatis,,w4404
1571,casanatensis,,fit,,w4407
1572,casanatensis,,in,,w4410
1573,casanatensis,,qua,,w4413
1574,casanatensis,,ŋpropria,,w4416
1575,casanatensis,,qualitate,,w4419
1576,casanatensis,,etia2am,,w4422
1577,casanatensis,,appellatiua,,w4425
1578,casanatensis,,intellegi,,w4428
1579,casanatensis,,potest,,w4431
1580,casanatensis,,ut,,w4434
1581,casanatensis,,dicendo,,w4437
1582,casanatensis,,uirgiliu2um,,w4440
1583,casanatensis,,et,,w4443
1584,casanatensis,,homine2em,,w4446
1585,casanatensis,,et,,w4447
1586,casanatensis,,poeta2am,,w4449
1587,casanatensis,,intellego,,w4452
1588,casanatensis,,ï,,casanatensis:0.1.0.12.0.121
1589,casanatensis,,et,,w4455
1590,casanatensis,,contra,,w4458
1591,casanatensis,,dicendo,,w4461
1592,casanatensis,,appellatiua,,w4464
1593,casanatensis,,n¯non,,w4467
1594,casanatensis,,potest,,w4470
1595,casanatensis,,intellegi,,w4473
1596,casanatensis,,ŋpropria,,w4476
1597,casanatensis,,nisi,,w4479
1598,casanatensis,,þper,,w4482
1599,casanatensis,,excellentia2am,,w4485
1600,casanatensis,,loco,,w4488
1601,casanatensis,,ŋpropriæ,,w4491
1602,casanatensis,,qualitatis,,w4494
1603,casanatensis,,accipiatur,,w4497
1604,casanatensis,,appellatiua,,w4500
1605,casanatensis,,in,,w4503
1606,casanatensis,,¢quibusda2am,,w4506
1607,casanatensis,,þpersonis,,w4509
1608,casanatensis,,ut,,w4512
1609,casanatensis,,poeta,,w4515
1610,casanatensis,,ŋpro,,w4518
1611,casanatensis,,uirgilio,,w4521
1612,casanatensis,,et,,w4524
1613,casanatensis,,urbs,,w4527
1614,casanatensis,,ŋpro,,w4530
1615,casanatensis,,roma,,w4533
1616,casanatensis,,ï,,casanatensis:0.1.0.12.0.166
1617,casanatensis,,solent,,w4536
1618,casanatensis,,plerumq;que,,w4539
1619,casanatensis,,appellatiua,,w4542
1620,casanatensis,,nomina,,w4545
1621,casanatensis,,transire,,w4548
1622,casanatensis,,in,,w4551
1623,casanatensis,,ŋpropria,,w4554
1624,casanatensis,,ut,,w4557
1625,casanatensis,,felix,,w4560
1626,casanatensis,,hoc,,w4563
1627,casanatensis,,in,,w4566
1628,casanatensis,,sensu,,w4569
1629,casanatensis,,discernitur,,w4572
1630,casanatensis,,ï,,casanatensis:0.1.0.12.1.23
1631,casanatensis,,ŋpropria,,w4575
1632,casanatensis,,qualitas,,w4578
1633,casanatensis,,eo,,w4581
1634,casanatensis,,quod,,w4584
1635,casanatensis,,unius cuiusq;que,,w4587
1636,casanatensis,,ŋpropriu2um,,w4590
1637,casanatensis,,tantum,,w4593
1638,casanatensis,,ostendit,,w4596
1639,casanatensis,,n¯non,,w4599
1640,casanatensis,,recipit,,w4602
1641,casanatensis,,numeru2um,,w4605
1642,casanatensis,,plurale2em,,w4608
1643,casanatensis,,ï,,casanatensis:0.1.0.12.2.24
1644,casanatensis,,na2am,,w4611
1645,casanatensis,,quando,,w4614
1646,casanatensis,,ŋpropria,,w4617
1647,casanatensis,,nomina,,w4620
1648,casanatensis,,pluraliter,,w4623
1649,casanatensis,,declinantur,,w4626
1650,casanatensis,,n¯non,,w4629
1651,casanatensis,,est,,w4632
1652,casanatensis,,ab,,w4635
1653,casanatensis,,unius,,w4638
1654,casanatensis,,nomine,,w4641
1655,casanatensis,,ŋprocreatus,,w4644
1656,casanatensis,,numerus,,w4647
1657,casanatensis,,pluralis,,w4650
1658,casanatensis,,sed,,w4653
1659,casanatensis,,a,,w4656
1660,casanatensis,,multoru2um,,w4659
1661,casanatensis,,¢qui,,w4662
1662,casanatensis,,illo,,w4665
1663,casanatensis,,uocantur,,w4668
1664,casanatensis,,nomine,,w4671
1665,casanatensis,,ut,,w4674
1666,casanatensis,,uirgilios,,w4677
1667,casanatensis,,consuete,,w4680
1668,casanatensis,,dicimus,,w4683
1669,casanatensis,,¢quia,,w4686
1670,casanatensis,,multi,,w4689
1671,casanatensis,,fuerunt,,w4692
1672,casanatensis,,uirgilii,,w4695
1673,casanatensis,,ï,,casanatensis:0.1.0.12.2.76
1674,casanatensis,,propria,,w4696
1675,casanatensis,,qualitas,,w4697
1676,casanatensis,,separatim,,w4698
1677,casanatensis,,secundu2um,,w4699
1678,casanatensis,,grecos,,w4701
1679,casanatensis,,duas,,w4704
1680,casanatensis,,species,,w4705
1681,casanatensis,,cognomen,,w4707
1682,casanatensis,,et,,w4710
1683,casanatensis,,agnomen,,w4713
1684,casanatensis,,ï,,casanatensis:0.1.0.13.0.22
1685,casanatensis,,secundu2um,,w4716
1686,casanatensis,,latinos,,w4719
1687,casanatensis,,quattuor,,w4722
1688,casanatensis,,p¯prenomen,,w4725
1689,casanatensis,,nomen,,w4728
1690,casanatensis,,cognomen,,w4731
1691,casanatensis,,agnomen,,w4734
1692,casanatensis,,ï,,casanatensis:0.1.0.13.0.39
1693,casanatensis,,prænomen,,w4737
1694,casanatensis,,ideo,,w4740
1695,casanatensis,,dicitur,,w4743
1696,casanatensis,,¢quia,,w4746
1697,casanatensis,,p¯preponitur,,w4749
1698,casanatensis,,nomini,,w4752
1699,casanatensis,,differentiæ,,w4755
1700,casanatensis,,causa,,w4758
1701,casanatensis,,primo,,w4761
1702,casanatensis,,eni2im,,w4764
1703,casanatensis,,quando,,w4767
1704,casanatensis,,¢quis,,w4770
1705,casanatensis,,nascitur,,w4773
1706,casanatensis,,p¯prenominatio,,w4776
1707,casanatensis,,ei,,w4779
1708,casanatensis,,datur,,w4782
1709,casanatensis,,sed,,w4785
1710,casanatensis,,nu2umquam,,w4788
1711,casanatensis,,seruo,,w4791
1712,casanatensis,,aut,,w4794
1713,casanatensis,,ignobili,,w4798
1714,casanatensis,,quia,,w4800
1715,casanatensis,,de,,w4803
1716,casanatensis,,aliqua,,w4806
1717,casanatensis,,re,,w4809
1718,casanatensis,,dignitatis,,w4812
1719,casanatensis,,imponitur,,w4815
1720,casanatensis,,hoc,,w4818
1721,casanatensis,,est,,w4821
1722,casanatensis,,de,,w4824
1723,casanatensis,,scientia,,w4827
1724,casanatensis,,aut,,w4830
1725,casanatensis,,ratione,,w4833
1726,casanatensis,,aut,,w4836
1727,casanatensis,,claritate,,w4839
1728,casanatensis,,ut,,w4842
1729,casanatensis,,lucius,,w4845
1730,casanatensis,,eo,,w4848
1731,casanatensis,,qd¯uod,,w4851
1732,casanatensis,,scientia,,w4854
1733,casanatensis,,luceat,,w4857
1734,casanatensis,,"pupliusIn his apparatus note to Priscianus, Ars grammatica, K 2.57.19, Keil mentions that Priscian's manuscripts GLK have ""puplius"", but corrects the name to its classical spelling ""Publius"". I, however, think that ""Puplius"" is the etymological spelling of the name that the scribe meant to write, so I am not correcting the ""Puplius"" spelling to classical ""Publius"" here or elsewhere in the text.",,w4860
1735,casanatensis,,eo,,w4863
1736,casanatensis,,quod,,w4866
1737,casanatensis,,pupu,,w4869
1738,casanatensis,,dignus,,w4872
1739,casanatensis,,sit,,w4875
1740,casanatensis,,ï,,casanatensis:0.1.0.13.0.130
1741,casanatensis,,þper,,w4878
1742,casanatensis,,anticipatione2em,,w4881
1743,casanatensis,,dicitur,,w4884
1744,casanatensis,,p¯prenomen,,w4887
1745,casanatensis,,uel,,w4890
1746,casanatensis,,q¯quia,,w4893
1747,casanatensis,,singulis,,w4896
1748,casanatensis,,uel,,w4899
1749,casanatensis,,binis,,w4902
1750,casanatensis,,uel,,w4905
1751,casanatensis,,ternis,,w4908
1752,casanatensis,,multo,,w4911
1753,casanatensis,,et,,w4914
1754,casanatensis,,quaternis,,w4917
1755,casanatensis,,litteris,,w4920
1756,casanatensis,,p¯prenotatur,,w4923
1757,casanatensis,,ï,,casanatensis:0.1.0.13.0.160
1758,casanatensis,,qui,,w4926
1759,casanatensis,,cunctis,,w4929
1760,casanatensis,,notus,,w4932
1761,casanatensis,,est,,w4935
1762,casanatensis,,et,,w4938
1763,casanatensis,,clarus,,w4941
1764,casanatensis,,habetur,,w4944
1765,casanatensis,,paucis,,w4947
1766,casanatensis,,litteris,,w4950
1767,casanatensis,,p¯prenotatur,,w4953
1768,casanatensis,,ï,,casanatensis:0.1.0.13.0.177
1769,casanatensis,,qui,,w4956
1770,casanatensis,,uero,,w4959
1771,casanatensis,,minus,,w4962
1772,casanatensis,,habetur,,w4965
1773,casanatensis,,clarus,,w4968
1774,casanatensis,,indiget,,w4971
1775,casanatensis,,plurimis,,w4974
1776,casanatensis,,litteris,,w4977
1777,casanatensis,,et,,w4980
1778,casanatensis,,tu2um,,w4983
1779,casanatensis,,singulis,,w4986
1780,casanatensis,,litteris,,w4989
1781,casanatensis,,p¯prenotatur,,w4992
1782,casanatensis,,cu2um,,w4995
1783,casanatensis,,a,,w4998
1784,casanatensis,,uocali,,w5001
1785,casanatensis,,p¯prenomen,,w5004
1786,casanatensis,,incipit,,w5007
1787,casanatensis,,ut,,w5010
1788,casanatensis,,aulus,,w5013
1789,casanatensis,,ul¯uel,,w5016
1790,casanatensis,,ab,,w5019
1791,casanatensis,,una,,w5022
1792,casanatensis,,consonante,,w5025
1793,casanatensis,,ut,,w5028
1794,casanatensis,,"pupliusI think that ""Puplius"" is the etymological spelling of the name that the scribe meant to write, so I am not correcting the ""Puplius"" spelling to classical ""Publius"" here or elsewhere in the text.",,w5031
1795,casanatensis,,ï,,casanatensis:0.1.0.13.0.224
1796,casanatensis,,tum,,w5034
1797,casanatensis,,duabus,,w5037
1798,casanatensis,,cu2um,,w5040
1799,casanatensis,,p¯prenomen,,w5043
1800,casanatensis,,a,,w5046
1801,casanatensis,,duob;bus,,w5049
1802,casanatensis,,c¯consonantibus,,w5052
1803,casanatensis,,incipit,,w5055
1804,casanatensis,,ut,,w5058
1805,casanatensis,,gneus,,w5061
1806,casanatensis,,gn,,w5064
1807,casanatensis,,ï,,casanatensis:0.1.0.13.0.243
1808,casanatensis,,tum,,w5067
1809,casanatensis,,a,,w5070
1810,casanatensis,,tribus,,w5073
1811,casanatensis,,quando,,w5076
1812,casanatensis,,prima,,w5079
1813,casanatensis,,sillaba,,w5082
1814,casanatensis,,p¯prenominis,,w5085
1815,casanatensis,,a,,w5088
1816,casanatensis,,consonante,,w5091
1817,casanatensis,,incipit,,w5094
1818,casanatensis,,et,,w5097
1819,casanatensis,,in,,w5100
1820,casanatensis,,consonante2em,,w5103
1821,casanatensis,,desinit,,w5106
1822,casanatensis,,ut,,w5109
1823,casanatensis,,sex,,w5112
1824,casanatensis,,sextus,,w5115
1825,casanatensis,,idq;que,,w5118
1826,casanatensis,,fit,,w5121
1827,casanatensis,,differentie,,w5124
1828,casanatensis,,causa,,w5127
1829,casanatensis,,¢quia,,w5130
1830,casanatensis,,alia,,w5133
1831,casanatensis,,p¯prenomina,,w5136
1832,casanatensis,,incipiunt,,w5139
1833,casanatensis,,ab,,w5142
1834,casanatensis,,eisdem,,w5145
1835,casanatensis,,c¯consonantibus,,w5148
1836,casanatensis,,ï,,casanatensis:0.1.0.13.0.293
1837,casanatensis,,e,,w5151
1838,casanatensis,,contra,,w5154
1839,casanatensis,,marcus,,w5157
1840,casanatensis,,þper,,w5160
1841,casanatensis,,sola2am,,w5163
1842,casanatensis,,m,,w5166
1843,casanatensis,,scribitur,,w5169
1844,casanatensis,,¢quia,,w5172
1845,casanatensis,,ŋpropter,,w5175
1846,casanatensis,,excellentia2am,,w5178
1847,casanatensis,,nullus,,w5179
1848,casanatensis,,in,,w5180
1849,casanatensis,,eo,,w5181
1850,casanatensis,,error,,w5182
1851,casanatensis,,fit,,w5183
1852,casanatensis,,ï,,casanatensis:0.1.0.13.0.323
1853,casanatensis,,prænomina,,w5184
1854,casanatensis,,ab,,w5185
1855,casanatensis,,eodem,,w5187
1856,casanatensis,,tempore,,w5190
1857,casanatensis,,sumpserunt,,w5193
1858,casanatensis,,initiu2um,,w5196
1859,casanatensis,,quo,,w5199
1860,casanatensis,,romani,,w5202
1861,casanatensis,,st¯sunt,,w5205
1862,casanatensis,,sociati,,w5208
1863,casanatensis,,sabinis,,w5211
1864,casanatensis,,¢qui,,w5214
1865,casanatensis,,ad,,w5217
1866,casanatensis,,confirmandu2um,,w5220
1867,casanatensis,,eoru2um,,w5223
1868,casanatensis,,c¯coniunctione2em,,w5226
1869,casanatensis,,nomina,,w5229
1870,casanatensis,,eoru2um,,w5232
1871,casanatensis,,suis,,w5235
1872,casanatensis,,nominib;bus,,w5238
1873,casanatensis,,p¯preponebant,,w5241
1874,casanatensis,,similiter,,w5244
1875,casanatensis,,et,,w5247
1876,casanatensis,,sabini,,w5250
1877,casanatensis,,romanorum,,w5253
1878,casanatensis,,et,,w5256
1879,casanatensis,,ex,,w5259
1880,casanatensis,,illo,,w5262
1881,casanatensis,,tempore,,w5265
1882,casanatensis,,mansit,,w5268
1883,casanatensis,,c¯consuetudo,,w5271
1884,casanatensis,,ut,,w5274
1885,casanatensis,,nemo,,w5277
1886,casanatensis,,romanus,,w5280
1887,casanatensis,,sit,,w5283
1888,casanatensis,,absq;que,,w5286
1889,casanatensis,,p¯prenomine,,w5289
1890,casanatensis,,ï,,casanatensis:0.1.0.13.0.394
1891,casanatensis,,nomen,,w5292
1892,casanatensis,,secundu2um,,w5295
1893,casanatensis,,donatu2um,,w5298
1894,casanatensis,,et,,w5301
1895,casanatensis,,isidoru2um,,w5304
1896,casanatensis,,et,,w5307
1897,casanatensis,,plurimos,,w5309
1898,casanatensis,,ostendit,,w5311
1899,casanatensis,,nis,,w5312
1900,casanatensis,,familiæ,,w5314
1901,casanatensis,,quod,,w5316
1902,casanatensis,,indicat,,w5319
1903,casanatensis,,genus,,w5320
1904,casanatensis,,ut,,w5322
1905,casanatensis,,cornelius,,w5325
1906,casanatensis,,ostendens,,w5328
1907,casanatensis,,primus,,w5331
1908,casanatensis,,fuisset,,w5334
1909,casanatensis,,¢qui,,w5337
1910,casanatensis,,cornelius,,w5340
1911,casanatensis,,uocaretur,,w5343
1912,casanatensis,,ac,,w5344
1913,casanatensis,,postea,,w5346
1914,casanatensis,,de,,w5349
1915,casanatensis,,illius,,w5352
1916,casanatensis,,genere,,w5355
1917,casanatensis,,ŋpropagati,,w5358
1918,casanatensis,,filii,,w5361
1919,casanatensis,,et,,w5364
1920,casanatensis,,nepotes,,w5367
1921,casanatensis,,et,,w5370
1922,casanatensis,,nepotum,,w5373
1923,casanatensis,,ŋprogenies,,w5376
1924,casanatensis,,an¯nnis,,w5379
1925,casanatensis,,dicerentur,,w5382
1926,casanatensis,,cornelii,,w5385
1927,casanatensis,,ad,,w5388
1928,casanatensis,,similitudinem,,w5391
1929,casanatensis,,patris,,w5394
1930,casanatensis,,aui,,w5397
1931,casanatensis,,ul¯uel,,w5400
1932,casanatensis,,ŋproaui,,w5403
1933,casanatensis,,ï,,casanatensis:0.1.0.13.0.475
1934,casanatensis,,secundu2um,,w5406
1935,casanatensis,,priscianu2um,,w5409
1936,casanatensis,,nomen,,w5412
1937,casanatensis,,est,,w5415
1938,casanatensis,,ŋpropriu2um,,w5418
1939,casanatensis,,unius cuiusq;que,,w5421
1940,casanatensis,,ut,,w5424
1941,casanatensis,,paulus,,w5427
1942,casanatensis,,petrus,,w5430
1943,casanatensis,,ï,,casanatensis:0.1.0.13.0.493
1944,casanatensis,,cognomen,,w5433
1945,casanatensis,,secundu2um,,w5436
1946,casanatensis,,donatu2um,,w5439
1947,casanatensis,,et,,w5442
1948,casanatensis,,plerosq;que,,w5445
1949,casanatensis,,cognomentu2um,,w5448
1950,casanatensis,,est,,w5451
1951,casanatensis,,ŋpropriæ,,w5454
1952,casanatensis,,qualitatis,,w5457
1953,casanatensis,,quo,,w5460
1954,casanatensis,,¢quis,,w5463
1955,casanatensis,,cognoscitur,,w5466
1956,casanatensis,,et,,w5469
1957,casanatensis,,appellatur,,w5472
1958,casanatensis,,ut,,w5475
1959,casanatensis,,paulus,,w5478
1960,casanatensis,,petrus,,w5481
1961,casanatensis,,ï,,casanatensis:0.1.0.13.0.528
1962,casanatensis,,secundu2um,,w5484
1963,casanatensis,,priscianu2um,,w5487
1964,casanatensis,,cognationis,,w5490
1965,casanatensis,,co2ommune,,w5493
1966,casanatensis,,ut,,w5496
1967,casanatensis,,superius,,w5499
1968,casanatensis,,dictu2um,,w5502
1969,casanatensis,,est,,w5505
1970,casanatensis,,cornelius,,w5508
1971,casanatensis,,ï,,casanatensis:0.1.0.13.0.547
1972,casanatensis,,agnomen,,w5511
1973,casanatensis,,dicit¯tur,,w5514
1974,casanatensis,,quasi,,w5517
1975,casanatensis,,accidens,,w5520
1976,casanatensis,,nomen,,w5523
1977,casanatensis,,ab,,w5526
1978,casanatensis,,aliquo,,w5529
1979,casanatensis,,euentu,,w5532
1980,casanatensis,,ï,,casanatensis:0.1.0.13.0.563
1981,casanatensis,,agnomen,,w5535
1982,casanatensis,,aut,,w5538
1983,casanatensis,,ab,,w5541
1984,casanatensis,,animo,,w5544
1985,casanatensis,,fit,,w5547
1986,casanatensis,,ut,,w5550
1987,casanatensis,,magnanimus,,w5553
1988,casanatensis,,anchisades,,w5556
1989,casanatensis,,dictus,,w5559
1990,casanatensis,,est,,w5562
1991,casanatensis,,eneas,,w5565
1992,casanatensis,,filius,,w5568
1993,casanatensis,,anchisæ,,w5571
1994,casanatensis,,¢quia,,w5574
1995,casanatensis,,fortem,,w5577
1996,casanatensis,,et,,w5580
1997,casanatensis,,regalem,,w5583
1998,casanatensis,,animu2um,,w5586
1999,casanatensis,,habuit,,w5589
2000,casanatensis,,ï,,casanatensis:0.1.0.13.0.601
2001,casanatensis,,aut,,w5592
2002,casanatensis,,a,,w5595
2003,casanatensis,,corpore,,w5598
2004,casanatensis,,ut,,w5601
2005,casanatensis,,iulius,,w5604
2006,casanatensis,,pulcer,,w5607
2007,casanatensis,,ouidius,,w5610
2008,casanatensis,,naso,,w5613
2009,casanatensis,,eo,,w5616
2010,casanatensis,,quod,,w5619
2011,casanatensis,,nares,,w5622
2012,casanatensis,,habuit,,w5625
2013,casanatensis,,grandes,,w5628
2014,casanatensis,,ï,,casanatensis:0.1.0.13.0.629
2015,casanatensis,,aut,,w5631
2016,casanatensis,,extrinsecus,,w5634
2017,casanatensis,,ut,,w5637
2018,casanatensis,,tenedos,,w5640
2019,casanatensis,,diues,,w5643
2020,casanatensis,,eo,,w5646
2021,casanatensis,,quod,,w5649
2022,casanatensis,,multas,,w5652
2023,casanatensis,,diuitias,,w5655
2024,casanatensis,,habuit,,w5658
2025,casanatensis,,diuitie,,w5661
2026,casanatensis,,eni2im,,w5664
2027,casanatensis,,extrinsecus,,w5667
2028,casanatensis,,st¯sunt,,w5670
2029,casanatensis,,ï,,casanatensis:0.1.0.13.0.657
2030,casanatensis,,sunt,,w5673
2031,casanatensis,,þpersone,,w5676
2032,casanatensis,,in,,w5679
2033,casanatensis,,¢quib;bus,,w5682
2034,casanatensis,,sunt,,w5685
2035,casanatensis,,quattuor,,w5688
2036,casanatensis,,istæ,,w5691
2037,casanatensis,,"ŋproprioru2umThe three final graphemes (""r"", ""u"" and the ""2""-like abbreviation mark above the ""u"") have been added above the line.",,w5694
2038,casanatensis,,species,,w5697
2039,casanatensis,,sunt,,w5700
2040,casanatensis,,in,,w5703
2041,casanatensis,,quib;bus,,w5706
2042,casanatensis,,tres,,w5709
2043,casanatensis,,ex,,w5712
2044,casanatensis,,his,,w5715
2045,casanatensis,,aut,,w5718
2046,casanatensis,,duæ,,w5721
2047,casanatensis,,aut,,w5724
2048,casanatensis,,una,,w5727
2049,casanatensis,,ï,,casanatensis:0.1.0.13.0.691
2050,casanatensis,,sine,,w5730
2051,casanatensis,,una,,w5733
2052,casanatensis,,eu2um,,w5736
2053,casanatensis,,id;dem,,w5739
2054,casanatensis,,ï,,casanatensis:0.1.0.13.0.699
2055,casanatensis,,ea,,w5745
2056,casanatensis,,qųqua2am,,w5746
2057,casanatensis,,donatus,,w5748
2058,casanatensis,,et,,w5751
2059,casanatensis,,pleriq;que,,w5754
2060,casanatensis,,dixerunt,,w5757
2061,casanatensis,,cognomen,,w5760
2062,casanatensis,,id,,w5763
2063,casanatensis,,est,,w5766
2064,casanatensis,,cognomentu2um,,w5769
2065,casanatensis,,ŋpropriæ,,w5772
2066,casanatensis,,qualitatis,,w5775
2067,casanatensis,,de,,w5778
2068,casanatensis,,qua,,w5781
2069,casanatensis,,et,,w5784
2070,casanatensis,,priscianus,,w5787
2071,casanatensis,,e,,w5790
2072,casanatensis,,contra,,w5793
2073,casanatensis,,nomen,,w5796
2074,casanatensis,,dixit,,w5799
2075,casanatensis,,quod,,w5802
2076,casanatensis,,est,,w5805
2077,casanatensis,,propriu2um,,w5808
2078,casanatensis,,unius cuiusq;que,,w5811
2079,casanatensis,,non,,w5814
2080,casanatensis,,potest,,w5817
2081,casanatensis,,ee¯esse,,w5820
2082,casanatensis,,ŋpropria,,w5823
2083,casanatensis,,qualitas,,w5826
2084,casanatensis,,ï,,casanatensis:0.1.0.13.0.758
2085,casanatensis,,prænomen,,w5829
2086,casanatensis,,accipitur,,w5832
2087,casanatensis,,quando,,w5835
2088,casanatensis,,¢quis,,w5838
2089,casanatensis,,nascitur,,w5841
2090,casanatensis,,ï,,casanatensis:0.1.0.13.0.768
2091,casanatensis,,nomen,,w5844
2092,casanatensis,,co2ommunis,,w5847
2093,casanatensis,,familiæ,,w5850
2094,casanatensis,,ad,,w5853
2095,casanatensis,,similitudine2em,,w5856
2096,casanatensis,,maioru2um,,w5859
2097,casanatensis,,cum,,w5862
2098,casanatensis,,crescere,,w5865
2099,casanatensis,,"coeperitIn this word, the diphthong ""oe"" is written with two graphemes ""o"", ""e"".",,w5868
2100,casanatensis,,ï,,casanatensis:0.1.0.13.0.785
2101,casanatensis,,post,,w5871
2102,casanatensis,,hec,,w5874
2103,casanatensis,,accipitur,,w5877
2104,casanatensis,,cognomentu2um,,w5880
2105,casanatensis,,ŋpropriæ,,w5883
2106,casanatensis,,qualitatis,,w5886
2107,casanatensis,,quo,,w5889
2108,casanatensis,,uocabulo,,w5892
2109,casanatensis,,quis,,w5895
2110,casanatensis,,cognoscitur,,w5898
2111,casanatensis,,ï,,casanatensis:0.1.0.13.0.804
2112,casanatensis,,ac,,w5901
2113,casanatensis,,deinde,,w5904
2114,casanatensis,,cu2um,,w5907
2115,casanatensis,,uirtutem,,w5910
2116,casanatensis,,aliqua2am,,w5913
2117,casanatensis,,¢quilibet,,w5916
2118,casanatensis,,fecerit,,w5919
2119,casanatensis,,aut,,w5922
2120,casanatensis,,acceperit,,w5925
2121,casanatensis,,uitiu2um,,w5928
2122,casanatensis,,agnomen,,w5931
2123,casanatensis,,ei,,w5934
2124,casanatensis,,tribuitur,,w5937
2125,casanatensis,,¢quia,,w5940
2126,casanatensis,,agnomen,,w5943
2127,casanatensis,,aut,,w5946
2128,casanatensis,,a,,w5949
2129,casanatensis,,uitio,,w5953
2130,casanatensis,,aut,,w5955
2131,casanatensis,,a,,w5958
2132,casanatensis,,uirtute,,w5961
2133,casanatensis,,fit,,w5964
2134,casanatensis,,cu2um,,w5967
2135,casanatensis,,eni2im,,w5970
2136,casanatensis,,in,,w5973
2137,casanatensis,,una,,w5976
2138,casanatensis,,þpersona,,w5979
2139,casanatensis,,plus,,w5982
2140,casanatensis,,qua2am,,w5985
2141,casanatensis,,quattuor,,w5988
2142,casanatensis,,ex,,w5991
2143,casanatensis,,his,,w5994
2144,casanatensis,,accidentiis,,w5997
2145,casanatensis,,numerantur,,w6000
2146,casanatensis,,non,,w6003
2147,casanatensis,,putentur,,w6006
2148,casanatensis,,plus,,w6009
2149,casanatensis,,species,,w6012
2150,casanatensis,,propriæ,,w6015
2151,casanatensis,,qualitatis,,w6018
2152,casanatensis,,qm¯quoniam,,w6021
2153,casanatensis,,quod,,w6024
2154,casanatensis,,plus,,w6027
2155,casanatensis,,est,,w6030
2156,casanatensis,,agnomini,,w6033
2157,casanatensis,,datur,,w6036
2158,casanatensis,,ut,,w6039
2159,casanatensis,,puplius,,w6042
2160,casanatensis,,cornelius,,w6045
2161,casanatensis,,scipio,,w6048
2162,casanatensis,,africanus,,w6051
2163,casanatensis,,numantius,,w6054
2164,casanatensis,,emilianus,,w6057
2165,casanatensis,,¢quia,,w6060
2166,casanatensis,,africa2am,,w6063
2167,casanatensis,,et,,w6066
2168,casanatensis,,numantia2am,,w6069
2169,casanatensis,,et,,w6072
2170,casanatensis,,emilia2am,,w6075
2171,casanatensis,,subiecit,,w6078
2172,casanatensis,,hæc,,w6081
2173,casanatensis,,au¯autem,,w6084
2174,casanatensis,,nomina,,w6087
2175,casanatensis,,ueniunt,,w6090
2176,casanatensis,,a,,w6093
2177,casanatensis,,futuris,,w6096
2178,casanatensis,,"infiniti""From the future (tenses) of the infinite (mood). An emendation of ""infiniti"" to ""infinitis"" (modifyring ""futuris"") might be possible, but is not necessary, if one interprets ""infiniti"" as genitive.",,w6099
2179,casanatensis,,mutata,,w6102
2180,casanatensis,,tum,,w6105
2181,casanatensis,,in,,w6108
2182,casanatensis,,men,,w6111
2183,casanatensis,,ut,,w6114
2184,casanatensis,,p¯prenotu2um,,w6117
2185,casanatensis,,ire,,w6120
2186,casanatensis,,p¯prenomen,,w6123
2187,casanatensis,,notum,,w6126
2188,casanatensis,,ire,,w6129
2189,casanatensis,,nomen,,w6132
2190,casanatensis,,cognitu2um,,w6135
2191,casanatensis,,ire,,w6138
2192,casanatensis,,cognomen,,w6141
2193,casanatensis,,agnitu2um,,w6144
2194,casanatensis,,ire,,w6147
2195,casanatensis,,agnomen,,w6150
2196,casanatensis,,inueniuntur,,w6153
2197,casanatensis,,in,,w6156
2198,casanatensis,,his,,w6159
2199,casanatensis,,multa,,w6162
2200,casanatensis,,inuicem,,w6165
2201,casanatensis,,"ŋproThis grapheme looks like a ""p"" with both a bottom-left tail (which would make it a ""ŋ"" grapheme, abbreviation for ""pro"") and a horizontal dash crossing the descending trait (which would make it a ""þ"" grapheme, abbreviation for ""per""). Probably the same hand first wrote the abbreviation for ""per"", than changed his mind and added the bottom-left tail that made it an abbreviation for ""pro"".",,w6168
2202,casanatensis,,se,,w6171
2203,casanatensis,,posita,,w6174
2204,casanatensis,,quæ,,w6177
2205,casanatensis,,in,,w6180
2206,casanatensis,,aliis,,w6183
2207,casanatensis,,þpersonis,,w6186
2208,casanatensis,,st¯sunt,,w6189
2209,casanatensis,,p¯prenomina,,w6192
2210,casanatensis,,et,,w6195
2211,casanatensis,,in,,w6198
2212,casanatensis,,aliis,,w6201
2213,casanatensis,,eadem,,w6204
2214,casanatensis,,nomina,,w6207
2215,casanatensis,,uel,,w6210
2216,casanatensis,,in,,w6213
2217,casanatensis,,aliis,,w6216
2218,casanatensis,,cognomina,,w6219
2219,casanatensis,,in,,w6222
2220,casanatensis,,aliis,,w6225
2221,casanatensis,,eadem,,w6228
2222,casanatensis,,agnomina,,w6231
2223,casanatensis,,ul¯uel,,w6234
2224,casanatensis,,nomina,,w6237
2225,casanatensis,,ul¯uel,,w6240
2226,casanatensis,,contra,,w6243
2227,casanatensis,,ut,,w6246
2228,casanatensis,,cicero,,w6249
2229,casanatensis,,¢qui,,w6252
2230,casanatensis,,primus,,w6255
2231,casanatensis,,ab,,w6258
2232,casanatensis,,habitu,,w6262
2233,casanatensis,,faciei,,w6264
2234,casanatensis,,dictus,,w6267
2235,casanatensis,,÷est,,w6270
2236,casanatensis,,hoc,,w6273
2237,casanatensis,,habuit,,w6276
2238,casanatensis,,agnomen,,w6279
2239,casanatensis,,familiæ,,w6282
2240,casanatensis,,uero,,w6285
2241,casanatensis,,eius,,w6288
2242,casanatensis,,cognomen,,w6291
2243,casanatensis,,fuit,,w6294
2244,casanatensis,,appellatiua,,w6297
2245,casanatensis,,qualitas,,w6300
2246,casanatensis,,naturaliter,,w6303
2247,casanatensis,,co2ommune,,w6306
2248,casanatensis,,est,,w6309
2249,casanatensis,,multoru2um,,w6312
2250,casanatensis,,qųquos,,w6315
2251,casanatensis,,iungit,,w6318
2252,casanatensis,,eadem,,w6321
2253,casanatensis,,substantia,,w6324
2254,casanatensis,,ul¯uel,,w6327
2255,casanatensis,,qualitas,,w6330
2256,casanatensis,,aut,,w6333
2257,casanatensis,,quantitas,,w6336
2258,casanatensis,,generalis,,w6339
2259,casanatensis,,uel,,w6342
2260,casanatensis,,specialis,,w6345
2261,casanatensis,,et,,w6348
2262,casanatensis,,in,,w6351
2263,casanatensis,,multoru2um,,w6354
2264,casanatensis,,significatione,,w6357
2265,casanatensis,,c¯consistit,,w6360
2266,casanatensis,,generalis,,w6363
2267,casanatensis,,ut,,w6366
2268,casanatensis,,corpus,,w6369
2269,casanatensis,,specialis,,w6372
2270,casanatensis,,ut,,w6375
2271,casanatensis,,homo,,w6378
2272,casanatensis,,albus,,w6381
2273,casanatensis,,magnus,,w6384
2274,casanatensis,,hec,,w6387
2275,casanatensis,,appellatiua,,w6390
2276,casanatensis,,quæ,,w6391
2277,casanatensis,,sumuntur,,w6393
2278,casanatensis,,a,,w6396
2279,casanatensis,,qualitate,,w6399
2280,casanatensis,,uel,,w6402
2281,casanatensis,,quantitate,,w6405
2282,casanatensis,,que,,w6408
2283,casanatensis,,adiectiua,,w6411
2284,casanatensis,,noscuntur,,w6414
2285,casanatensis,,eo,,w6417
2286,casanatensis,,quod,,w6420
2287,casanatensis,,aliis,,w6423
2288,casanatensis,,appellatiuis,,w6426
2289,casanatensis,,substantia2am,,w6429
2290,casanatensis,,significantibus,,w6432
2291,casanatensis,,uel,,w6435
2292,casanatensis,,etiam,,w6438
2293,casanatensis,,ŋpropriis,,w6441
2294,casanatensis,,adici,,w6444
2295,casanatensis,,solent,,w6447
2296,casanatensis,,ad,,w6450
2297,casanatensis,,manifestanda2am,,w6453
2298,casanatensis,,eorum,,w6456
2299,casanatensis,,qualitatem,,w6459
2300,casanatensis,,et,,w6462
2301,casanatensis,,quantitatem,,w6465
2302,casanatensis,,que,,w6468
2303,casanatensis,,augeri,,w6471
2304,casanatensis,,uel,,w6474
2305,casanatensis,,minui,,w6477
2306,casanatensis,,sine,,w6480
2307,casanatensis,,substantiæ,,w6483
2308,casanatensis,,consu2umptione,,w6486
2309,casanatensis,,n¯non,,w6489
2310,casanatensis,,posst¯sunt,,w6492
2311,casanatensis,,ut,,w6495
2312,casanatensis,,bonum,,w6498
2313,casanatensis,,animal,,w6501
2314,casanatensis,,magnus,,w6504
2315,casanatensis,,homo,,w6507
2316,casanatensis,,ŋproprie,,w6511
2317,casanatensis,,co2ommunia,,w6513
2318,casanatensis,,sunt,,w6516
2319,casanatensis,,multoru2um,,w6519
2320,casanatensis,,appellatiua,,w6522
2321,casanatensis,,qualitas,,w6525
2322,casanatensis,,cu2um,,w6528
2323,casanatensis,,sit,,w6531
2324,casanatensis,,res,,w6534
2325,casanatensis,,multoru2um,,w6537
2326,casanatensis,,recipit,,w6540
2327,casanatensis,,tamen,,w6543
2328,casanatensis,,singulare2em,,w6546
2329,casanatensis,,numeru2um,,w6549
2330,casanatensis,,qm¯quoniam,,w6552
2331,casanatensis,,in,,w6555
2332,casanatensis,,multis,,w6558
2333,casanatensis,,tenetur,,w6561
2334,casanatensis,,unus,,w6564
2335,casanatensis,,appellatiuoru2um,,w6567
2336,casanatensis,,species,,w6570
2337,casanatensis,,sunt,,w6573
2338,casanatensis,,"xxxiiiiIn the ensuing list in Ursus, I count no less than 40 types (42 if we include ""primitiuae"" and ""deriuatiuae"").
	The source, Priscian, Ars grammatica, K 2.59.9, does not mention the number of the species,
	but simply writes: ""Appellatiuorum multae sunt species"".",,w6574
2339,casanatensis,,quaru2um,,w6576
2340,casanatensis,,alie,,w6579
2341,casanatensis,,st¯sunt,,w6582
2342,casanatensis,,co2ommunes,,w6585
2343,casanatensis,,cu2um,,w6588
2344,casanatensis,,ŋpropriis,,w6591
2345,casanatensis,,siue,,w6594
2346,casanatensis,,sint,,w6597
2347,casanatensis,,primitiuæ,,w6600
2348,casanatensis,,siue,,w6603
2349,casanatensis,,deriuatiuæ,,w6606
2350,casanatensis,,"suntThis portion of the page was either damaged or (more probably) erased, then the word was written by another hand in black ink.",,w6609
2351,casanatensis,,corporales,,w6612
2352,casanatensis,,sunt,,w6615
2353,casanatensis,,incorporales,,w6618
2354,casanatensis,,homonyma,,w6622
2355,casanatensis,,synonyma,,w6625
2356,casanatensis,,quæ,,w6627
2357,casanatensis,,et,,w6630
2358,casanatensis,,polyonyma,,w6634
2359,casanatensis,,adiectiua,,w6636
2360,casanatensis,,ad,,w6639
2361,casanatensis,,ali¢quid,,w6642
2362,casanatensis,,dicta,,w6645
2363,casanatensis,,quasi,,w6648
2364,casanatensis,,ad,,w6651
2365,casanatensis,,ali¢quid,,w6654
2366,casanatensis,,dicta,,w6657
2367,casanatensis,,ad,,w6660
2368,casanatensis,,ali¢quid,,w6663
2369,casanatensis,,æqualiter,,w6666
2370,casanatensis,,ce,,w6669
2371,casanatensis,,habentia,,w6672
2372,casanatensis,,"gentileThe initial ""g"" is written in black ink. It is apparent here that the first hand (writing in brown ink) had written this ""g"" with its regular shape and size, and the second hand (writing in black ink) derased the original ""g"" and wrote it over the rasura with a larger grapheme in uncial script. All initial graphemes of words denoting a ""species"" of appellatiuum nomen in lines 31-35 are in black ink. Some of them are clearly written in rasura.",,w6675
2373,casanatensis,,"patriu2umThe larger initial grapheme is written in black ink over a rasura (same situation as ""gentile"" above).",,w6678
2374,casanatensis,,interrogatiua,,w6681
2375,casanatensis,,infinita,,w6684
2376,casanatensis,,"relatiuaThe larger initial grapheme is written in black ink over a rasura (same situation as ""gentile"" above).",,w6687
2377,casanatensis,,demonstratiua,,w6690
2378,casanatensis,,et,,w6693
2379,casanatensis,,similitudinis,,w6696
2380,casanatensis,,collectiua,,w6699
2381,casanatensis,,diuidua,,w6702
2382,casanatensis,,facticia,,w6705
2383,casanatensis,,generalis,,w6708
2384,casanatensis,,specialis,,w6711
2385,casanatensis,,ordinalis,,w6714
2386,casanatensis,,numeralis,,w6717
2387,casanatensis,,absoluta,,w6720
2388,casanatensis,,temporalis,,w6723
2389,casanatensis,,localis,,w6726
2390,casanatensis,,patronymica,,w6730
2391,casanatensis,,possessiua,,w6732
2392,casanatensis,,co2omparatiua,,w6735
2393,casanatensis,,suþperlatiua,,w6738
2394,casanatensis,,diminutiua,,w6741
2395,casanatensis,,denominatiua,,w6744
2396,casanatensis,,in,,w6747
2397,casanatensis,,qua,,w6750
2398,casanatensis,,intellegitur,,w6753
2399,casanatensis,,et,,w6756
2400,casanatensis,,comp¯prehensiua,,w6759
2401,casanatensis,,"uerbialisThe direct source, Priscian, Ars grammatica, K 2.60.4 has ""uerbalia"". The form ""uerbialia"" is in Pompeius, ""Commentum Artis Donati"", K 5.149.1. Lewis-Short has a lemma ""uerbialis, e, adf."", but reports Pompeius as the only example. Based on a search on the PHI 5.3 corpus with Diogenes 3.2.0, the adjective does never occur in classical Latin.",,w6762
2402,casanatensis,,participialis,,w6765
2403,casanatensis,,aduerbialis,,w6768
2404,casanatensis,,primitiua,,w6771
2405,casanatensis,,deriuatiua,,w6774
2406,casanatensis,,sono,,w6777
2407,casanatensis,,diminutiua,,w6780
2408,casanatensis,,tota,,w6783
2409,casanatensis,,greca,,w6786
2410,casanatensis,,tota,,w6789
2411,casanatensis,,c¯conuersa,,w6792
2412,casanatensis,,in,,w6795
2413,casanatensis,,latina2am,,w6798
2414,casanatensis,,regula2am,,w6801
2415,casanatensis,,notha,,w6804
2416,casanatensis,,qualitatis,,w6807
2417,casanatensis,,quantitatis,,w6810
2418,casanatensis,,est,,w6813
2419,casanatensis,,corporalis,,w6816
2420,casanatensis,,species,,w6819
2421,casanatensis,,in,,w6822
2422,casanatensis,,appellatiuis,,w6825
2423,casanatensis,,quæ,,w6828
2424,casanatensis,,uideri,,w6831
2425,casanatensis,,ul¯uel,,w6834
2426,casanatensis,,tangi,,w6837
2427,casanatensis,,potest,,w6840
2428,casanatensis,,ut,,w6843
2429,casanatensis,,homo,,w6846
2430,casanatensis,,est,,w6849
2431,casanatensis,,et,,w6852
2432,casanatensis,,in,,w6855
2433,casanatensis,,ŋpropriis,,w6858
2434,casanatensis,,ut,,w6861
2435,casanatensis,,petrus,,w6864
2436,casanatensis,,incorporalis,,w6867
2437,casanatensis,,species,,w6870
2438,casanatensis,,est,,w6873
2439,casanatensis,,quæ,,w6876
2440,casanatensis,,caret,,w6879
2441,casanatensis,,corpore,,w6882
2442,casanatensis,,unde,,w6885
2443,casanatensis,,nec,,w6888
2444,casanatensis,,uideri,,w6891
2445,casanatensis,,nec,,w6894
2446,casanatensis,,tangi,,w6897
2447,casanatensis,,potest,,w6900
2448,casanatensis,,quæ,,w6903
2449,casanatensis,,et,,w6906
2450,casanatensis,,in,,w6909
2451,casanatensis,,appellatiuis,,w6912
2452,casanatensis,,"÷estThis allograph of the ""÷"" grapheme (logograph for ""est"") has a comma-like sign below the horizonta line and a regular dot above that line.",,w6915
2453,casanatensis,,ut,,w6918
2454,casanatensis,,uirtus,,w6921
2455,casanatensis,,et,,w6924
2456,casanatensis,,in,,w6927
2457,casanatensis,,ŋpropriis,,w6930
2458,casanatensis,,ut,,w6933
2459,casanatensis,,pudicitia,,w6936
2460,casanatensis,,homonyma,,w6940
2461,casanatensis,,÷est,,w6942
2462,casanatensis,,quasi,,w6945
2463,casanatensis,,uninomia,,w6948
2464,casanatensis,,dicta,,w6951
2465,casanatensis,,eo,,w6954
2466,casanatensis,,qd¯quod,,w6957
2467,casanatensis,,uno,,w6960
2468,casanatensis,,nomine,,w6963
2469,casanatensis,,multa,,w6966
2470,casanatensis,,significat,,w6969
2471,casanatensis,,ut,,w6972
2472,casanatensis,,nepos,,w6975
2473,casanatensis,,et,,w6978
2474,casanatensis,,filius,,w6981
2475,casanatensis,,filii,,w6984
2476,casanatensis,,et,,w6987
2477,casanatensis,,luxuriosus,,w6990
2478,casanatensis,,et,,w6993
2479,casanatensis,,consumptor,,w6996
2480,casanatensis,,reru2um,,w6999
2481,casanatensis,,suaru2um,,w7002
2482,casanatensis,,intellegitur,,w7005
2483,casanatensis,,acies,,w7008
2484,casanatensis,,et,,w7011
2485,casanatensis,,ferri,,w7014
2486,casanatensis,,et,,w7017
2487,casanatensis,,oculoru2um,,w7020
2488,casanatensis,,et,,w7023
2489,casanatensis,,exercitus,,w7026
2490,casanatensis,,intellegitur,,w7029
2491,casanatensis,,sic,,w7032
2492,casanatensis,,tumulus,,w7035
2493,casanatensis,,et,,w7038
2494,casanatensis,,tumens,,w7041
2495,casanatensis,,tellus,,w7044
2496,casanatensis,,et,,w7047
2497,casanatensis,,sepulchru2um,,w7050
2498,casanatensis,,et,,w7053
2499,casanatensis,,mons,,w7056
2500,casanatensis,,breuis,,w7059
2501,casanatensis,,hæc,,w7062
2502,casanatensis,,in,,w7065
2503,casanatensis,,appellatiuis,,w7068
2504,casanatensis,,st¯sunt,,w7071
2505,casanatensis,,potest,,w7074
2506,casanatensis,,et,,w7077
2507,casanatensis,,in,,w7080
2508,casanatensis,,ŋpropriis,,w7083
2509,casanatensis,,ee¯esse,,w7086
2510,casanatensis,,ut,,w7089
2511,casanatensis,,pyrrhus,,w7092
2512,casanatensis,,filius,,w7095
2513,casanatensis,,achillis,,w7098
2514,casanatensis,,et,,w7101
2515,casanatensis,,pyrrhus,,w7104
2516,casanatensis,,rex,,w7107
2517,casanatensis,,epyrotarum,,w7110
2518,casanatensis,,sunt,,w7113
2519,casanatensis,,homonyma,,w7117
2520,casanatensis,,eadem,,w7119
2521,casanatensis,,ŋpropria,,w7122
2522,casanatensis,,et,,w7125
2523,casanatensis,,appellatiua,,w7128
2524,casanatensis,,ut,,w7131
2525,casanatensis,,magnus,,w7134
2526,casanatensis,,pompeius,,w7137
2527,casanatensis,,et,,w7140
2528,casanatensis,,magnus,,w7143
2529,casanatensis,,ciuis,,w7146
2530,casanatensis,,synonyma,,w7150
2531,casanatensis,,ul¯uel,,w7152
2532,casanatensis,,polyonyma,,w7156
2533,casanatensis,,species,,w7158
2534,casanatensis,,est,,w7161
2535,casanatensis,,in,,w7165
2536,casanatensis,,qua,,w7166
2537,casanatensis,,in,,w7167
2538,casanatensis,,plurimis,,w7170
2539,casanatensis,,nominibus,,w7173
2540,casanatensis,,una,,w7176
2541,casanatensis,,est,,w7179
2542,casanatensis,,significatio,,w7182
2543,casanatensis,,et,,w7185
2544,casanatensis,,in,,w7188
2545,casanatensis,,appellatiuis,,w7191
2546,casanatensis,,fit,,w7194
2547,casanatensis,,ut,,w7197
2548,casanatensis,,terra,,w7200
2549,casanatensis,,humus,,w7203
2550,casanatensis,,tellus,,w7206
2551,casanatensis,,hæc,,w7209
2552,casanatensis,,tria,,w7212
2553,casanatensis,,unu2um,,w7215
2554,casanatensis,,significant,,w7218
2555,casanatensis,,similiter,,w7221
2556,casanatensis,,ensis,,w7224
2557,casanatensis,,mucro,,w7227
2558,casanatensis,,gladius,,w7230
2559,casanatensis,,et,,w7233
2560,casanatensis,,in,,w7236
2561,casanatensis,,ŋpropriis,,w7239
2562,casanatensis,,fit,,w7242
2563,casanatensis,,ut,,w7245
2564,casanatensis,,publius,,w7249
2565,casanatensis,,cornelius,,w7251
2566,casanatensis,,scipio,,w7254
2567,casanatensis,,africanus,,w7257
2568,casanatensis,,unu2um,,w7260
2569,casanatensis,,significantia,,w7263
2570,casanatensis,,hoc,,w7266
2571,casanatensis,,etia2am,,w7269
2572,casanatensis,,appellatur,,w7272
2573,casanatensis,,dionyma,,w7275
2574,casanatensis,,uel,,w7278
2575,casanatensis,,trionyma,,w7281
2576,casanatensis,,uel,,w7284
2577,casanatensis,,tetronyma,,w7287
2578,casanatensis,,qd¯quod,,w7290
2579,casanatensis,,in,,w7293
2580,casanatensis,,ŋpropriis,,w7296
2581,casanatensis,,fit,,w7299
2582,casanatensis,,adiectiua,,w7302
2583,casanatensis,,species,,w7305
2584,casanatensis,,est,,w7308
2585,casanatensis,,quæ,,w7311
2586,casanatensis,,ŋpropriis,,w7314
2587,casanatensis,,uel,,w7317
2588,casanatensis,,appellatiuis,,w7320
2589,casanatensis,,adicitur,,w7323
2590,casanatensis,,significans,,w7326
2591,casanatensis,,laudem,,w7329
2592,casanatensis,,ut,,w7332
2593,casanatensis,,iustus,,w7335
2594,casanatensis,,aut,,w7338
2595,casanatensis,,uituperatione2em,,w7341
2596,casanatensis,,ut,,w7344
2597,casanatensis,,iniustus,,w7347
2598,casanatensis,,ul¯uel,,w7350
2599,casanatensis,,mediu2um,,w7353
2600,casanatensis,,quod,,w7356
2601,casanatensis,,inter,,w7359
2602,casanatensis,,utru2umq;que,,w7362
2603,casanatensis,,est,,w7365
2604,casanatensis,,ut,,w7368
2605,casanatensis,,magnus,,w7371
2606,casanatensis,,hoc,,w7374
2607,casanatensis,,et,,w7377
2608,casanatensis,,in,,w7380
2609,casanatensis,,laude,,w7383
2610,casanatensis,,dicit¯tur,,w7386
2611,casanatensis,,ut,,w7389
2612,casanatensis,,magnus,,w7392
2613,casanatensis,,imperator,,w7395
2614,casanatensis,,et,,w7398
2615,casanatensis,,in,,w7401
2616,casanatensis,,uituperio,,w7404
2617,casanatensis,,ut,,w7407
2618,casanatensis,,magnus,,w7410
2619,casanatensis,,latro,,w7413
2620,casanatensis,,uel,,w7416
2621,casanatensis,,fur,,w7419
2622,casanatensis,,uel,,w7422
2623,casanatensis,,accidens,,w7425
2624,casanatensis,,uniuscuiusq;que,,w7428
2625,casanatensis,,ut,,w7431
2626,casanatensis,,niger,,w7434
2627,casanatensis,,corbus,,w7437
2628,casanatensis,,altu2um,,w7440
2629,casanatensis,,mare,,w7443
2630,casanatensis,,hæc,,w7446
2631,casanatensis,,co2omparantur,,w7449
2632,casanatensis,,fit,,w7452
2633,casanatensis,,hoc,,w7455
2634,casanatensis,,et,,w7458
2635,casanatensis,,in,,w7461
2636,casanatensis,,ŋpropriis,,w7464
2637,casanatensis,,ut,,w7467
2638,casanatensis,,gradiuus,,w7471
2639,casanatensis,,mars,,w7473
2640,casanatensis,,ennosigeus,,w7476
2641,casanatensis,,neptunus,,w7479
2642,casanatensis,,¢quirinus,,w7482
2643,casanatensis,,romulus,,w7485
2644,casanatensis,,sed,,w7488
2645,casanatensis,,hæc,,w7491
2646,casanatensis,,n¯non,,w7494
2647,casanatensis,,conparantur,,w7497
2648,casanatensis,,¢quia,,w7500
2649,casanatensis,,ŋproprioru2um,,w7503
2650,casanatensis,,loco,,w7506
2651,casanatensis,,accipiuntur,,w7509
2652,casanatensis,,nec,,w7512
2653,casanatensis,,egent,,w7515
2654,casanatensis,,alioru2um,,w7518
2655,casanatensis,,c¯coniunctione,,w7521
2656,casanatensis,,"quæ2em admodu2umStrangely enough, ""em"" here is abbreviated with ""e caudatum"" and the ""2"" abbreviation sign. Also, while we tend to write ""quemadmodum"" as one word, and as such I am encoding it at the Lingustic Layer, the scribe spells it as two words, with a graphical space in between: ""quem"" ""admodum"". In consideration of the fact that the scribe often writes ""ad"" with no space after it, it might also be that the scribe is writing this expression as three separate words: ""quem"", ""ad"" and ""modum"".",,w7524
2657,casanatensis,,p¯predicta,,w7527
2658,casanatensis,,co2ommunia,,w7530
2659,casanatensis,,sumitur,,w7533
2660,casanatensis,,hæc,,w7536
2661,casanatensis,,adiectiua,,w7539
2662,casanatensis,,species,,w7542
2663,casanatensis,,uel,,w7545
2664,casanatensis,,ab,,w7548
2665,casanatensis,,animi,,w7551
2666,casanatensis,,qualitate,,w7554
2667,casanatensis,,ul¯uel,,w7557
2668,casanatensis,,quantitate,,w7560
2669,casanatensis,,ut,,w7563
2670,casanatensis,,prudens,,w7566
2671,casanatensis,,magnanimus,,w7569
2672,casanatensis,,ul¯uel,,w7572
2673,casanatensis,,a,,w7575
2674,casanatensis,,corporis,,w7578
2675,casanatensis,,qualitate,,w7581
2676,casanatensis,,uel,,w7584
2677,casanatensis,,quantitate,,w7587
2678,casanatensis,,ut,,w7590
2679,casanatensis,,albus,,w7593
2680,casanatensis,,longus,,w7596
2681,casanatensis,,ul¯uel,,w7599
2682,casanatensis,,ab,,w7602
2683,casanatensis,,extrinsecus,,w7605
2684,casanatensis,,accidentiu2um,,w7608
2685,casanatensis,,ut,,w7611
2686,casanatensis,,diues,,w7614
2687,casanatensis,,felix,,w7617
2688,casanatensis,,ad,,w7620
2689,casanatensis,,ali¢quid,,w7623
2690,casanatensis,,dicta,,w7626
2691,casanatensis,,species,,w7629
2692,casanatensis,,est,,w7632
2693,casanatensis,,qųquæ,,w7635
2694,casanatensis,,sine,,w7638
2695,casanatensis,,intellectu,,w7641
2696,casanatensis,,illius,,w7644
2697,casanatensis,,ad,,w7647
2698,casanatensis,,quod,,w7650
2699,casanatensis,,dicta,,w7654
2700,casanatensis,,est,,w7656
2701,casanatensis,,ŋproferri,,w7659
2702,casanatensis,,n¯non,,w7662
2703,casanatensis,,potest,,w7665
2704,casanatensis,,ut,,w7668
2705,casanatensis,,dns¯dominus,,w7671
2706,casanatensis,,et,,w7674
2707,casanatensis,,filius,,w7677
2708,casanatensis,,na2am,,w7680
2709,casanatensis,,dicendo,,w7683
2710,casanatensis,,dns¯dominus,,w7686
2711,casanatensis,,intellegitur,,w7689
2712,casanatensis,,seruus,,w7692
2713,casanatensis,,quod,,w7695
2714,casanatensis,,si,,w7698
2715,casanatensis,,seruus,,w7701
2716,casanatensis,,n¯non,,w7704
2717,casanatensis,,esset,,w7707
2718,casanatensis,,dns¯dominus,,w7710
2719,casanatensis,,n¯non,,w7713
2720,casanatensis,,potuerat,,w7716
2721,casanatensis,,dici,,w7719
2722,casanatensis,,similiter,,w7722
2723,casanatensis,,dicendo,,w7725
2724,casanatensis,,filius,,w7728
2725,casanatensis,,intellegitur,,w7731
2726,casanatensis,,pat¯ter,,w7734
2727,casanatensis,,quæ,,w7737
2728,casanatensis,,ideo,,w7740
2729,casanatensis,,et,,w7743
2730,casanatensis,,relatiua,,w7746
2731,casanatensis,,dicitur,,w7749
2732,casanatensis,,¢quia,,w7752
2733,casanatensis,,ad,,w7755
2734,casanatensis,,alias,,w7758
2735,casanatensis,,þpersonas,,w7761
2736,casanatensis,,refertur,,w7764
2737,casanatensis,,quasi,,w7767
2738,casanatensis,,ad,,w7770
2739,casanatensis,,ali¢quid,,w7773
2740,casanatensis,,dicta,,w7776
2741,casanatensis,,species,,w7779
2742,casanatensis,,est,,w7782
2743,casanatensis,,qua2am,,w7785
2744,casanatensis,,alii,,w7788
2745,casanatensis,,ad,,w7791
2746,casanatensis,,ali¢quid,,w7794
2747,casanatensis,,quoda2ammodo,,w7797
2748,casanatensis,,uel,,w7800
2749,casanatensis,,æqualiter,,w7803
2750,casanatensis,,se,,w7806
2751,casanatensis,,habentia,,w7809
2752,casanatensis,,dicunt,,w7812
2753,casanatensis,,quæ,,w7815
2754,casanatensis,,qua2am uis,,w7818
2755,casanatensis,,habeat,,w7821
2756,casanatensis,,aliquod,,w7824
2757,casanatensis,,contrariu2um,,w7827
2758,casanatensis,,et,,w7830
2759,casanatensis,,quasi,,w7833
2760,casanatensis,,semþper,,w7836
2761,casanatensis,,adherens,,w7839
2762,casanatensis,,n¯non,,w7842
2763,casanatensis,,significatur,,w7845
2764,casanatensis,,in,,w7848
2765,casanatensis,,ipso,,w7851
2766,casanatensis,,nomine,,w7854
2767,casanatensis,,etia2am,,w7857
2768,casanatensis,,illud,,w7860
2769,casanatensis,,neq;que,,w7863
2770,casanatensis,,ex,,w7866
2771,casanatensis,,illo,,w7869
2772,casanatensis,,nomen,,w7872
2773,casanatensis,,accepit,,w7875
2774,casanatensis,,sicut,,w7878
2775,casanatensis,,supra,,w7881
2776,casanatensis,,dicta,,w7884
2777,casanatensis,,ut,,w7887
2778,casanatensis,,dexter,,w7890
2779,casanatensis,,sinister,,w7893
2780,casanatensis,,dies,,w7896
2781,casanatensis,,nox,,w7899
2782,casanatensis,,non,,w7902
2783,casanatensis,,eni2im,,w7905
2784,casanatensis,,dies,,w7908
2785,casanatensis,,ŋpro,,w7911
2786,casanatensis,,nocte,,w7914
2787,casanatensis,,dicta,,w7917
2788,casanatensis,,est,,w7920
2789,casanatensis,,neque,,w7923
2790,casanatensis,,nox,,w7926
2791,casanatensis,,ŋpro,,w7929
2792,casanatensis,,die,,w7932
2793,casanatensis,,sicut,,w7935
2794,casanatensis,,dns¯dominus,,w7938
2795,casanatensis,,dictus,,w7941
2796,casanatensis,,÷est,,w7944
2797,casanatensis,,¢quia,,w7947
2798,casanatensis,,habet,,w7950
2799,casanatensis,,seruu2um,,w7953
2800,casanatensis,,et,,w7956
2801,casanatensis,,seruus,,w7959
2802,casanatensis,,¢quia,,w7962
2803,casanatensis,,habet,,w7965
2804,casanatensis,,dnm¯dominum,,w7968
2805,casanatensis,,neq;que,,w7971
2806,casanatensis,,dicendo,,w7974
2807,casanatensis,,dies,,w7977
2808,casanatensis,,potest,,w7980
2809,casanatensis,,et,,w7983
2810,casanatensis,,nox,,w7986
2811,casanatensis,,intellegi,,w7989
2812,casanatensis,,qua2amqua2am,,w7992
2813,casanatensis,,n¯non,,w7995
2814,casanatensis,,dicatur,,w7998
2815,casanatensis,,sicut,,w8001
2816,casanatensis,,dicendo,,w8004
2817,casanatensis,,dns¯dominus,,w8007
2818,casanatensis,,potest,,w8010
2819,casanatensis,,et,,w8013
2820,casanatensis,,seruus,,w8016
2821,casanatensis,,intellegi,,w8019
2822,casanatensis,,qua2amuis,,w8022
2823,casanatensis,,n¯non,,w8025
2824,casanatensis,,nominetur,,w8028
2825,casanatensis,,si,,w8031
2826,casanatensis,,eni2im,,w8034
2827,casanatensis,,dexter,,w8037
2828,casanatensis,,interimit,,w8040
2829,casanatensis,,potest,,w8043
2830,casanatensis,,sinister,,w8046
2831,casanatensis,,¢qui,,w8049
2832,casanatensis,,eius,,w8052
2833,casanatensis,,uidetur,,w8055
2834,casanatensis,,c¯contrarius,,w8058
2835,casanatensis,,permanere,,w8061
2836,casanatensis,,quod,,w8064
2837,casanatensis,,in,,w8066
2838,casanatensis,,ad,,w8067
2839,casanatensis,,ali¢quid,,w8070
2840,casanatensis,,dicta,,w8073
2841,casanatensis,,n¯non,,w8076
2842,casanatensis,,fit,,w8079
2843,casanatensis,,na2am,,w8082
2844,casanatensis,,dici,,w8085
2845,casanatensis,,n¯non,,w8088
2846,casanatensis,,potest,,w8091
2847,casanatensis,,dns¯dominus,,w8094
2848,casanatensis,,si,,w8097
2849,casanatensis,,desit,,w8100
2850,casanatensis,,seruus,,w8103
2851,casanatensis,,neq;que,,w8106
2852,casanatensis,,pater,,w8109
2853,casanatensis,,si,,w8112
2854,casanatensis,,desit,,w8115
2855,casanatensis,,filius,,w8118
2856,casanatensis,,gentis,,w8121
2857,casanatensis,,est,,w8124
2858,casanatensis,,þper,,w8127
2859,casanatensis,,qua2am,,w8130
2860,casanatensis,,ostenditur,,w8133
2861,casanatensis,,ex,,w8136
2862,casanatensis,,qua,,w8139
2863,casanatensis,,gente,,w8142
2864,casanatensis,,hortus,,w8145
2865,casanatensis,,sit,,w8148
2866,casanatensis,,ut,,w8151
2867,casanatensis,,grecus,,w8154
2868,casanatensis,,a,,w8157
2869,casanatensis,,grecis,,w8160
2870,casanatensis,,hispanus,,w8163
2871,casanatensis,,ab,,w8165
2872,casanatensis,,hispanis,,w8170
2873,casanatensis,,patriæ,,w8173
2874,casanatensis,,est,,w8175
2875,casanatensis,,quod,,w8178
2876,casanatensis,,et,,w8181
2877,casanatensis,,patriu2um,,w8184
2878,casanatensis,,dicitur,,w8187
2879,casanatensis,,þper,,w8190
2880,casanatensis,,qua2am,,w8193
2881,casanatensis,,ostenditur,,w8196
2882,casanatensis,,ex,,w8199
2883,casanatensis,,qua,,w8202
2884,casanatensis,,hortus,,w8205
2885,casanatensis,,sit,,w8208
2886,casanatensis,,patria,,w8211
2887,casanatensis,,ut,,w8214
2888,casanatensis,,italicus,,w8217
2889,casanatensis,,ab,,w8220
2890,casanatensis,,italia,,w8223
2891,casanatensis,,samnitis,,w8226
2892,casanatensis,,a,,w8229
2893,casanatensis,,samnio,,w8232
2894,casanatensis,,interrogatiua,,w8235
2895,casanatensis,,species,,w8238
2896,casanatensis,,÷est,,w8241
2897,casanatensis,,quæ,,w8244
2898,casanatensis,,cu2um,,w8247
2899,casanatensis,,interrogatione,,w8250
2900,casanatensis,,ŋprofertur,,w8253
2901,casanatensis,,ut,,w8256
2902,casanatensis,,quis,,w8259
2903,casanatensis,,qualis,,w8262
2904,casanatensis,,quantus,,w8265
2905,casanatensis,,quot,,w8268
2906,casanatensis,,quotus,,w8271
2907,casanatensis,,cu2um,,w8274
2908,casanatensis,,seruant,,w8277
2909,casanatensis,,suos,,w8280
2910,casanatensis,,accentus,,w8283
2911,casanatensis,,infinita,,w8286
2912,casanatensis,,species,,w8289
2913,casanatensis,,est,,w8292
2914,casanatensis,,interrogatiuæ,,w8295
2915,casanatensis,,contraria,,w8298
2916,casanatensis,,quæ,,w8301
2917,casanatensis,,et,,w8304
2918,casanatensis,,relatiua,,w8307
2919,casanatensis,,et,,w8310
2920,casanatensis,,similitudinis,,w8313
2921,casanatensis,,dici,,w8316
2922,casanatensis,,potest,,w8319
2923,casanatensis,,ut,,w8322
2924,casanatensis,,¢qui,,w8325
2925,casanatensis,,qualis,,w8328
2926,casanatensis,,talis,,w8331
2927,casanatensis,,quantus,,w8334
2928,casanatensis,,tantus,,w8337
2929,casanatensis,,qųquot,,w8340
2930,casanatensis,,tot,,w8343
2931,casanatensis,,cu2um,,w8346
2932,casanatensis,,in,,w8349
2933,casanatensis,,lectione,,w8352
2934,casanatensis,,graui,,w8355
2935,casanatensis,,accentu,,w8358
2936,casanatensis,,ŋpronuntiantur,,w8361
2937,casanatensis,,ł,,casanatensis:0.1.0.15.0.1172
2938,casanatensis,,hæc,,w8364
2939,casanatensis,,ul¯uel,,w8367
2940,casanatensis,,substantie,,w8370
2941,casanatensis,,st¯sunt,,w8373
2942,casanatensis,,infinitæ,,w8376
2943,casanatensis,,atq;que,,w8379
2944,casanatensis,,co2ommunis,,w8382
2945,casanatensis,,ut,,w8385
2946,casanatensis,,¢quis,,w8388
2947,casanatensis,,qui,,w8391
2948,casanatensis,,uel,,w8394
2949,casanatensis,,qualitatis,,w8397
2950,casanatensis,,ut,,w8400
2951,casanatensis,,qualis,,w8403
2952,casanatensis,,talis,,w8406
2953,casanatensis,,ul¯uel,,w8409
2954,casanatensis,,quantitatis,,w8412
2955,casanatensis,,ut,,w8415
2956,casanatensis,,quantus,,w8418
2957,casanatensis,,tantus,,w8421
2958,casanatensis,,ul¯uel,,w8424
2959,casanatensis,,numeri,,w8427
2960,casanatensis,,ut,,w8430
2961,casanatensis,,quot,,w8433
2962,casanatensis,,tot,,w8436
2963,casanatensis,,idcirco,,w8439
2964,casanatensis,,nomina,,w8442
2965,casanatensis,,st¯sunt,,w8445
2966,casanatensis,,dicenda,,w8448
2967,casanatensis,,et,,w8451
2968,casanatensis,,n¯non,,w8454
2969,casanatensis,,ŋpronomina,,w8457
2970,casanatensis,,ul¯uel,,w8460
2971,casanatensis,,articulos,,w8463
2972,casanatensis,,quia,,w8466
2973,casanatensis,,ŋpronomen,,w8469
2974,casanatensis,,uel,,w8472
2975,casanatensis,,articulus,,w8475
2976,casanatensis,,neq;que,,w8478
2977,casanatensis,,qualitatem,,w8481
2978,casanatensis,,neq;que,,w8484
2979,casanatensis,,qųquantitate2em,,w8487
2980,casanatensis,,posst¯sunt,,w8490
2981,casanatensis,,ostendere,,w8493
2982,casanatensis,,collectiua,,w8496
2983,casanatensis,,species,,w8499
2984,casanatensis,,est,,w8502
2985,casanatensis,,quæ,,w8505
2986,casanatensis,,in,,w8508
2987,casanatensis,,singulari,,w8511
2988,casanatensis,,numero,,w8514
2989,casanatensis,,multitudinem,,w8517
2990,casanatensis,,significat,,w8520
2991,casanatensis,,ut,,w8523
2992,casanatensis,,populus,,w8526
2993,casanatensis,,plebs,,w8529
2994,casanatensis,,diuidua,,w8532
2995,casanatensis,,species,,w8535
2996,casanatensis,,est,,w8538
2997,casanatensis,,quæ,,w8541
2998,casanatensis,,a,,w8544
2999,casanatensis,,duob;bus,,w8547
3000,casanatensis,,uel,,w8550
3001,casanatensis,,amplioribus,,w8553
3002,casanatensis,,habet,,w8556
3003,casanatensis,,relatione2em,,w8559
3004,casanatensis,,ad,,w8562
3005,casanatensis,,singulos,,w8565
3006,casanatensis,,uel,,w8568
3007,casanatensis,,ad,,w8571
3008,casanatensis,,plures,,w8574
3009,casanatensis,,distributos,,w8577
3010,casanatensis,,innumeros,,w8580
3011,casanatensis,,pares,,w8583
3012,casanatensis,,ut,,w8586
3013,casanatensis,,uterq;que,,w8589
3014,casanatensis,,alter,,w8592
3015,casanatensis,,uter,,w8595
3016,casanatensis,,¢quisq;que,,w8598
3017,casanatensis,,singuli,,w8601
3018,casanatensis,,bini,,w8604
3019,casanatensis,,terni,,w8607
3020,casanatensis,,centeni,,w8610
3021,casanatensis,,ł,,casanatensis:0.1.0.15.0.1337
3022,casanatensis,,facticia,,w8613
3023,casanatensis,,species,,w8616
3024,casanatensis,,est,,w8619
3025,casanatensis,,quæ,,w8622
3026,casanatensis,,a,,w8625
3027,casanatensis,,ŋproprietate,,w8628
3028,casanatensis,,sonoru2um,,w8631
3029,casanatensis,,þper,,w8634
3030,casanatensis,,imitatione2em,,w8637
3031,casanatensis,,facta,,w8640
3032,casanatensis,,est,,w8643
3033,casanatensis,,ut,,w8646
3034,casanatensis,,tintinnabulu2um,,w8649
3035,casanatensis,,turtur,,w8652
3036,casanatensis,,generalis,,w8655
3037,casanatensis,,species,,w8658
3038,casanatensis,,est,,w8661
3039,casanatensis,,quæ,,w8664
3040,casanatensis,,potest,,w8667
3041,casanatensis,,diuidi,,w8670
3042,casanatensis,,in,,w8673
3043,casanatensis,,diuersas,,w8676
3044,casanatensis,,species,,w8679
3045,casanatensis,,multaru2um,,w8682
3046,casanatensis,,eni2im,,w8685
3047,casanatensis,,reru2um,,w8688
3048,casanatensis,,uocabulu2um,,w8691
3049,casanatensis,,ee¯esse,,w8694
3050,casanatensis,,potest,,w8697
3051,casanatensis,,ut,,w8700
3052,casanatensis,,"angelusThe source, Priscian, Ars grammatica, K 2.61.26 does not have this example (it has ""ut 'animal', 'arbor'""). The Christian example has been invented by Ursus, like this whole explanation of the ""specialis species"".",,w8703
3053,casanatensis,,hoc,,w8706
3054,casanatensis,,au¯autem,,w8709
3055,casanatensis,,nomine,,w8712
3056,casanatensis,,diuersi,,w8715
3057,casanatensis,,angeloru2um,,w8718
3058,casanatensis,,ordines,,w8721
3059,casanatensis,,appellantur,,w8724
3060,casanatensis,,ita,,w8727
3061,casanatensis,,et,,w8730
3062,casanatensis,,sapientia,,w8733
3063,casanatensis,,siue,,w8736
3064,casanatensis,,diuina,,w8739
3065,casanatensis,,seu,,w8742
3066,casanatensis,,humana,,w8745
3067,casanatensis,,sic,,w8748
3068,casanatensis,,appellatur,,w8751
3069,casanatensis,,sunt,,w8754
3070,casanatensis,,et,,w8757
3071,casanatensis,,in,,w8760
3072,casanatensis,,creaturis,,w8763
3073,casanatensis,,corporalibus,,w8766
3074,casanatensis,,generalia,,w8769
3075,casanatensis,,nomina,,w8772
3076,casanatensis,,ut,,w8775
3077,casanatensis,,corpus,,w8778
3078,casanatensis,,et,,w8781
3079,casanatensis,,de,,w8784
3080,casanatensis,,homine,,w8787
3081,casanatensis,,et,,w8790
3082,casanatensis,,de,,w8793
3083,casanatensis,,equo,,w8796
3084,casanatensis,,et,,w8799
3085,casanatensis,,de,,w8802
3086,casanatensis,,terra,,w8805
3087,casanatensis,,et,,w8808
3088,casanatensis,,cælo,,w8811
3089,casanatensis,,et,,w8814
3090,casanatensis,,quic¢quid,,w8817
3091,casanatensis,,uidetur,,w8820
3092,casanatensis,,aut,,w8823
3093,casanatensis,,tangitur,,w8826
3094,casanatensis,,dici,,w8829
3095,casanatensis,,potest,,w8832
3096,casanatensis,,animal,,w8835
3097,casanatensis,,de,,w8838
3098,casanatensis,,boue,,w8841
3099,casanatensis,,eqųquo,,w8844
3100,casanatensis,,et,,w8847
3101,casanatensis,,pecude,,w8850
3102,casanatensis,,omniq;que,,w8853
3103,casanatensis,,iumento,,w8856
3104,casanatensis,,et,,w8859
3105,casanatensis,,¢quic¢quid,,w8862
3106,casanatensis,,sp¯spiritu,,w8865
3107,casanatensis,,continetur,,w8868
3108,casanatensis,,dici,,w8871
3109,casanatensis,,potest,,w8874
3110,casanatensis,,hæc,,w8877
3111,casanatensis,,species,,w8880
3112,casanatensis,,semþper,,w8883
3113,casanatensis,,a,,w8886
3114,casanatensis,,generalitate,,w8889
3115,casanatensis,,in,,w8892
3116,casanatensis,,specialem,,w8895
3117,casanatensis,,forma2am,,w8898
3118,casanatensis,,deducitur,,w8901
3119,casanatensis,,de,,w8904
3120,casanatensis,,multis,,w8907
3121,casanatensis,,et,,w8910
3122,casanatensis,,non,,w8913
3123,casanatensis,,similibus,,w8916
3124,casanatensis,,facturis,,w8919
3125,casanatensis,,generalis,,w8922
3126,casanatensis,,e¯est,,w8925
3127,casanatensis,,species,,w8928
3128,casanatensis,,specialis,,w8931
3129,casanatensis,,est,,w8934
3130,casanatensis,,unius,,w8937
3131,casanatensis,,facturæ,,w8940
3132,casanatensis,,nomen,,w8943
3133,casanatensis,,ut,,w8946
3134,casanatensis,,homo,,w8949
3135,casanatensis,,equus,,w8952
3136,casanatensis,,oms¯omnis,,w8955
3137,casanatensis,,ens,,w8958
3138,casanatensis,,¢qui,,w8961
3139,casanatensis,,huius,,w8964
3140,casanatensis,,facturæ,,w8967
3141,casanatensis,,sit,,w8968
3142,casanatensis,,tu2um,,w8970
3143,casanatensis,,eodem,,w8973
3144,casanatensis,,uocantur,,w8976
3145,casanatensis,,nomine,,w8979
3146,casanatensis,,na2am,,w8982
3147,casanatensis,,alterius,,w8985
3148,casanatensis,,facturæ,,w8987
3149,casanatensis,,nomen,,w8988
3150,casanatensis,,esse,,w8989
3151,casanatensis,,non,,w8991
3152,casanatensis,,potest,,w8994
3153,casanatensis,,sicut,,w8997
3154,casanatensis,,generalis,,w9000
3155,casanatensis,,quæ,,w9003
3156,casanatensis,,de,,w9006
3157,casanatensis,,diuersis,,w9009
3158,casanatensis,,potest,,w9012
3159,casanatensis,,ee¯esse,,w9015
3160,casanatensis,,facturis,,w9018
3161,casanatensis,,ea,,w9021
3162,casanatensis,,diuidi,,w9024
3163,casanatensis,,potest,,w9027
3164,casanatensis,,in,,w9030
3165,casanatensis,,specialibus,,w9033
3166,casanatensis,,plurimis,,w9036
3167,casanatensis,,ordinalis,,w9039
3168,casanatensis,,species,,w9042
3169,casanatensis,,est,,w9045
3170,casanatensis,,quæ,,w9048
3171,casanatensis,,n¯non,,w9051
3172,casanatensis,,totum,,w9054
3173,casanatensis,,numeru2um,,w9057
3174,casanatensis,,in,,w9060
3175,casanatensis,,integru2um,,w9063
3176,casanatensis,,significat,,w9066
3177,casanatensis,,sed,,w9069
3178,casanatensis,,in,,w9072
3179,casanatensis,,quo,,w9075
3180,casanatensis,,ordine,,w9078
3181,casanatensis,,numeri,,w9081
3182,casanatensis,,posita,,w9084
3183,casanatensis,,sit,,w9087
3184,casanatensis,,ostendit,,w9090
3185,casanatensis,,ut,,w9093
3186,casanatensis,,decimus,,w9096
3187,casanatensis,,nihil,,w9099
3188,casanatensis,,uero,,w9102
3189,casanatensis,,de,,w9105
3190,casanatensis,,nouem,,w9108
3191,casanatensis,,refert,,w9111
3192,casanatensis,,nisi,,w9114
3193,casanatensis,,de,,w9117
3194,casanatensis,,uno,,w9120
3195,casanatensis,,qui,,w9123
3196,casanatensis,,in,,w9126
3197,casanatensis,,decimo,,w9129
3198,casanatensis,,ponitur,,w9132
3199,casanatensis,,loco,,w9135
3200,casanatensis,,similiter,,w9138
3201,casanatensis,,primus,,w9141
3202,casanatensis,,secundus,,w9144
3203,casanatensis,,tertius,,w9147
3204,casanatensis,,uicesimus,,w9150
3205,casanatensis,,centesimus,,w9153
3206,casanatensis,,millesimus,,w9156
3207,casanatensis,,et,,w9159
3208,casanatensis,,ceteri,,w9162
3209,casanatensis,,ordinales,,w9165
3210,casanatensis,,oms¯omnes,,w9168
3211,casanatensis,,declinantur,,w9171
3212,casanatensis,,et,,w9174
3213,casanatensis,,mobilis,,w9177
3214,casanatensis,,generis,,w9180
3215,casanatensis,,st¯sunt,,w9183
3216,casanatensis,,ordinalia,,w9186
3217,casanatensis,,nomina,,w9189
3218,casanatensis,,a,,w9192
3219,casanatensis,,numeralib;bus,,w9195
3220,casanatensis,,nascu¯untur,,w9198
3221,casanatensis,,primus,,w9201
3222,casanatensis,,uero,,w9204
3223,casanatensis,,et,,w9207
3224,casanatensis,,secundus,,w9210
3225,casanatensis,,inæqualiter,,w9213
3226,casanatensis,,quantu2um,,w9216
3227,casanatensis,,ad,,w9219
3228,casanatensis,,uoces,,w9222
3229,casanatensis,,¢quia,,w9225
3230,casanatensis,,"numeriThe only way to explain ""numeri"" here and ""ordinis"" below is implying ""nomen"", as in ""(nomen) numeri... (nomen) ordinis"", so ""numeri"" and ""ordinis"" are genitive.",,w9228
3231,casanatensis,,unus,,w9231
3232,casanatensis,,duo,,w9234
3233,casanatensis,,"diciturI think that an emendation to ""dicuntur"" is not necessary",,w9237
3234,casanatensis,,et,,w9240
3235,casanatensis,,ordinis,,w9243
3236,casanatensis,,primus,,w9246
3237,casanatensis,,secundus,,w9249
3238,casanatensis,,æqualiter,,w9252
3239,casanatensis,,uero,,w9255
3240,casanatensis,,tertius,,w9258
3241,casanatensis,,a,,w9261
3242,casanatensis,,trib;bus,,w9264
3243,casanatensis,,sic,,w9267
3244,casanatensis,,et,,w9270
3245,casanatensis,,ceteri,,w9273
3246,casanatensis,,et,,w9276
3247,casanatensis,,oms¯omnes,,w9279
3248,casanatensis,,ordinales,,w9282
3249,casanatensis,,declinantur,,w9285
3250,casanatensis,,et,,w9288
3251,casanatensis,,mobilis,,w9291
3252,casanatensis,,generis,,w9295
3253,casanatensis,,st¯sunt,,w9297
3254,casanatensis,,ut,,w9300
3255,casanatensis,,primus,,w9303
3256,casanatensis,,prima,,w9306
3257,casanatensis,,primu2um,,w9309
3258,casanatensis,,undecimus,,w9312
3259,casanatensis,,duodecimus,,w9315
3260,casanatensis,,ex,,w9318
3261,casanatensis,,una,,w9321
3262,casanatensis,,parte,,w9324
3263,casanatensis,,declinantur,,w9327
3264,casanatensis,,tertius,,w9330
3265,casanatensis,,decimus,,w9333
3266,casanatensis,,uero,,w9336
3267,casanatensis,,usq;que,,w9339
3268,casanatensis,,ad,,w9342
3269,casanatensis,,nonum,,w9345
3270,casanatensis,,decimu2um,,w9348
3271,casanatensis,,et,,w9351
3272,casanatensis,,uicesimus,,w9354
3273,casanatensis,,primus,,w9357
3274,casanatensis,,usq;que,,w9360
3275,casanatensis,,ad,,w9363
3276,casanatensis,,uicesimu2um,,w9366
3277,casanatensis,,nonu2um,,w9369
3278,casanatensis,,ex,,w9372
3279,casanatensis,,utraque,,w9375
3280,casanatensis,,parte,,w9378
3281,casanatensis,,declinantur,,w9381
3282,casanatensis,,more,,w9384
3283,casanatensis,,grecoru2um,,w9387
3284,casanatensis,,in,,w9390
3285,casanatensis,,co2ompositione,,w9393
3286,casanatensis,,fieri,,w9396
3287,casanatensis,,solet,,w9399
3288,casanatensis,,ut,,w9402
3289,casanatensis,,minor,,w9405
3290,casanatensis,,numerus,,w9408
3291,casanatensis,,ŋproponatur,,w9411
3292,casanatensis,,maiori,,w9414
3293,casanatensis,,et,,w9417
3294,casanatensis,,sub,,w9420
3295,casanatensis,,uno,,w9423
3296,casanatensis,,accentu,,w9426
3297,casanatensis,,ŋpronuntientur,,w9429
3298,casanatensis,,ut,,w9432
3299,casanatensis,,primus,,w9435
3300,casanatensis,,"uicesimusThere is a macron over the ""e"" of ""uicesimus"". Macrons often mark the long quantity of a vowel, but the sentence before spoke about ""accentus"", so it might mark the word stress here.",,w9438
3301,casanatensis,,sicut,,w9441
3302,casanatensis,,tertius,,w9444
3303,casanatensis,,"decimusThere is a macron over the ""c"" of ""decimus"", that might be meant to be over the ""e"". For its function, see the note on ""uicesimus"" right before in this very line.",,w9447
3304,casanatensis,,qua2amqua2am,,w9450
3305,casanatensis,,in,,w9453
3306,casanatensis,,his,,w9456
3307,casanatensis,,¢quidem,,w9459
3308,casanatensis,,ordinem,,w9462
3309,casanatensis,,mutant,,w9465
3310,casanatensis,,sicut,,w9468
3311,casanatensis,,et,,w9471
3312,casanatensis,,apud,,w9474
3313,casanatensis,,grecos,,w9477
3314,casanatensis,,ut,,w9480
3315,casanatensis,,decimus,,w9483
3316,casanatensis,,tertius,,w9486
3317,casanatensis,,et,,w9489
3318,casanatensis,,decimus,,w9492
3319,casanatensis,,quartus,,w9495
3320,casanatensis,,similiter,,w9498
3321,casanatensis,,uicesimus,,w9501
3322,casanatensis,,primus,,w9504
3323,casanatensis,,sic,,w9507
3324,casanatensis,,et,,w9510
3325,casanatensis,,þper,,w9513
3326,casanatensis,,ceteros,,w9516
3327,casanatensis,,tricesimus,,w9519
3328,casanatensis,,quadragesimus,,w9522
3329,casanatensis,,quinquagesimus,,w9525
3330,casanatensis,,sexagesimus,,w9528
3331,casanatensis,,septuagesimus,,w9531
3332,casanatensis,,octuagesimus,,w9534
3333,casanatensis,,nonagesimus,,w9537
3334,casanatensis,,centesimus,,w9540
3335,casanatensis,,ducentesimus,,w9543
3336,casanatensis,,ul¯uel,,w9546
3337,casanatensis,,ducesimus,,w9549
3338,casanatensis,,trecentesimus,,w9552
3339,casanatensis,,ul¯uel,,w9555
3340,casanatensis,,trecesimus,,w9558
3341,casanatensis,,quadringentesimus,,w9561
3342,casanatensis,,ul¯uel,,w9564
3343,casanatensis,,quadringesimus,,w9567
3344,casanatensis,,¢quingentesimus,,w9570
3345,casanatensis,,ul¯uel,,w9573
3346,casanatensis,,¢quingesimus,,w9576
3347,casanatensis,,sexcentesimus,,w9579
3348,casanatensis,,ul¯uel,,w9582
3349,casanatensis,,sexcesimus,,w9585
3350,casanatensis,,septingentesimus,,w9588
3351,casanatensis,,ul¯uel,,w9591
3352,casanatensis,,septingesimus,,w9594
3353,casanatensis,,octingentesimus,,w9597
3354,casanatensis,,ul¯uel,,w9600
3355,casanatensis,,octigesimus,,w9603
3356,casanatensis,,"nongentesim;musThis is a fairly rare case in which the final "";"" abbreviation mark is used to mean a final ""-us"" morpheme.",,w9606
3357,casanatensis,,ul¯uel,,w9609
3358,casanatensis,,nongesimus,,w9612
3359,casanatensis,,millesimus,,w9615
3360,casanatensis,,habent,,w9618
3361,casanatensis,,latini,,w9621
3362,casanatensis,,ex,,w9624
3363,casanatensis,,omnib;bus,,w9627
3364,casanatensis,,numeris,,w9630
3365,casanatensis,,dispertiua,,w9633
3366,casanatensis,,quæ,,w9636
3367,casanatensis,,semþper,,w9639
3368,casanatensis,,pluralia,,w9642
3369,casanatensis,,st¯sunt,,w9645
3370,casanatensis,,qua2amuis,,w9648
3371,casanatensis,,auctores,,w9651
3372,casanatensis,,singulariter,,w9654
3373,casanatensis,,ea,,w9657
3374,casanatensis,,in,,w9660
3375,casanatensis,,¢quibusda2am,,w9663
3376,casanatensis,,ŋprotulissent,,w9666
3377,casanatensis,,quæ,,w9669
3378,casanatensis,,greci,,w9672
3379,casanatensis,grc,epimerizomena,,w9676
3380,casanatensis,,uocant,,w9678
3381,casanatensis,,quippe,,w9681
3382,casanatensis,,in,,w9684
3383,casanatensis,,multis,,w9687
3384,casanatensis,,distribuitur,,w9690
3385,casanatensis,,idem,,w9693
3386,casanatensis,,numerus,,w9696
3387,casanatensis,,ut,,w9699
3388,casanatensis,,singuli,,w9702
3389,casanatensis,,bini,,w9705
3390,casanatensis,,quæ,,w9708
3391,casanatensis,,st¯sunt,,w9711
3392,casanatensis,,anomala,,w9714
3393,casanatensis,,quantu2um,,w9717
3394,casanatensis,,ad,,w9720
3395,casanatensis,,uocem,,w9723
3396,casanatensis,,unius,,w9726
3397,casanatensis,,et,,w9729
3398,casanatensis,,duoru2um,,w9732
3399,casanatensis,,terni,,w9735
3400,casanatensis,,uel,,w9738
3401,casanatensis,,trini,,w9741
3402,casanatensis,,quaterni,,w9744
3403,casanatensis,,quini,,w9747
3404,casanatensis,,seni,,w9750
3405,casanatensis,,septeni,,w9753
3406,casanatensis,,octoni,,w9756
3407,casanatensis,,noueni,,w9759
3408,casanatensis,,deni,,w9762
3409,casanatensis,,undeni,,w9765
3410,casanatensis,,duodeni,,w9768
3411,casanatensis,,ex,,w9771
3412,casanatensis,,integro,,w9774
3413,casanatensis,,et,,w9777
3414,casanatensis,,corrupto,,w9780
3415,casanatensis,,na2am,,w9783
3416,casanatensis,,terni,,w9786
3417,casanatensis,,deni,,w9789
3418,casanatensis,,quomodo,,w9792
3419,casanatensis,,tertius,,w9795
3420,casanatensis,,decimus,,w9798
3421,casanatensis,,ex,,w9801
3422,casanatensis,,duob;bus,,w9804
3423,casanatensis,,integris,,w9807
3424,casanatensis,,similiter,,w9810
3425,casanatensis,,quaternideni,,w9813
3426,casanatensis,,¢quinideni,,w9816
3427,casanatensis,,senideni,,w9819
3428,casanatensis,,septenideni,,w9822
3429,casanatensis,,octonideni,,w9825
3430,casanatensis,,nouenideni,,w9828
3431,casanatensis,,uiceni,,w9831
3432,casanatensis,,uicenisinguli,,w9834
3433,casanatensis,,uicenibini,,w9837
3434,casanatensis,,uiceniterni,,w9840
3435,casanatensis,,et,,w9843
3436,casanatensis,,ceteri,,w9846
3437,casanatensis,,similiter,,w9849
3438,casanatensis,,triceni,,w9852
3439,casanatensis,,quadrageni,,w9855
3440,casanatensis,,quinquageni,,w9858
3441,casanatensis,,sexageni,,w9861
3442,casanatensis,,septuageni,,w9864
3443,casanatensis,,octogeni,,w9867
3444,casanatensis,,nonageni,,w9870
3445,casanatensis,,centeni,,w9873
3446,casanatensis,,ducenteni,,w9876
3447,casanatensis,,et,,w9879
3448,casanatensis,,duceni,,w9882
3449,casanatensis,,trecenteni,,w9885
3450,casanatensis,,et,,w9888
3451,casanatensis,,treceni,,w9891
3452,casanatensis,,quadringenteni,,w9894
3453,casanatensis,,et,,w9897
3454,casanatensis,,quadringeni,,w9900
3455,casanatensis,,¢quingenteni,,w9903
3456,casanatensis,,et,,w9906
3457,casanatensis,,¢quingeni,,w9909
3458,casanatensis,,sexcenteni,,w9912
3459,casanatensis,,et,,w9915
3460,casanatensis,,sexceni,,w9918
3461,casanatensis,,septingenteni,,w9921
3462,casanatensis,,et,,w9924
3463,casanatensis,,septingeni,,w9927
3464,casanatensis,,octingenteni,,w9930
3465,casanatensis,,et,,w9933
3466,casanatensis,,octingeni,,w9936
3467,casanatensis,,nongenteni,,w9939
3468,casanatensis,,et,,w9942
3469,casanatensis,,nongeni,,w9945
3470,casanatensis,,milleni,,w9948
3471,casanatensis,,est,,w9951
3472,casanatensis,,et,,w9952
3473,casanatensis,,aliud,,w9954
3474,casanatensis,,ordo,,w9957
3475,casanatensis,,primanus,,w9960
3476,casanatensis,,primæ,,w9963
3477,casanatensis,,legionis,,w9966
3478,casanatensis,,secundanus,,w9969
3479,casanatensis,,secundæ,,w9972
3480,casanatensis,,similiter,,w9975
3481,casanatensis,,tertianus,,w9978
3482,casanatensis,,et,,w9981
3483,casanatensis,,quartanus,,w9984
3484,casanatensis,,et,,w9987
3485,casanatensis,,quintanus,,w9990
3486,casanatensis,,unde,,w9993
3487,casanatensis,,tertiana,,w9996
3488,casanatensis,,et,,w9999
3489,casanatensis,,quartana,,w10002
3490,casanatensis,,febris,,w10005
3491,casanatensis,,et,,w10008
3492,casanatensis,,quintana,,w10011
3493,casanatensis,,porta,,w10014
3494,casanatensis,,sextanus,,w10017
3495,casanatensis,,et,,w10020
3496,casanatensis,,septimanus,,w10023
3497,casanatensis,,unde,,w10026
3498,casanatensis,,septimana,,w10029
3499,casanatensis,,dieru2um,,w10032
3500,casanatensis,,octanus,,w10035
3501,casanatensis,,nonanus,,w10038
3502,casanatensis,,decimanus,,w10041
3503,casanatensis,,unde,,w10044
3504,casanatensis,,decimana,,w10047
3505,casanatensis,,porta,,w10050
3506,casanatensis,,castrorum,,w10053
3507,casanatensis,,na2am,,w10056
3508,casanatensis,,decanus,,w10059
3509,casanatensis,,et,,w10062
3510,casanatensis,,decuria,,w10065
3511,casanatensis,,et,,w10068
3512,casanatensis,,decurio,,w10071
3513,casanatensis,,nomen,,w10074
3514,casanatensis,,et,,w10077
3515,casanatensis,,uerbu2um,,w10080
3516,casanatensis,,decurio,,w10083
3517,casanatensis,,decurias,,w10086
3518,casanatensis,,unde,,w10089
3519,casanatensis,,decuriatus,,w10092
3520,casanatensis,,et,,w10095
3521,casanatensis,,decuriata,,w10098
3522,casanatensis,,comitia,,w10101
3523,casanatensis,,a,,w10104
3524,casanatensis,,decem,,w10107
3525,casanatensis,,deriuantur,,w10110
3526,casanatensis,,sicut,,w10113
3527,casanatensis,,a,,w10116
3528,casanatensis,,centu2um,,w10119
3529,casanatensis,,centurio,,w10122
3530,casanatensis,,nomen,,w10125
3531,casanatensis,,et,,w10128
3532,casanatensis,,uerbum,,w10131
3533,casanatensis,,et,,w10134
3534,casanatensis,,subcenturiatus,,w10137
3535,casanatensis,,et,,w10140
3536,casanatensis,,centuriatus,,w10143
3537,casanatensis,,ex,,w10146
3538,casanatensis,,quo,,w10149
3539,casanatensis,,centuriata,,w10152
3540,casanatensis,,comitia,,w10155
3541,casanatensis,,et,,w10158
3542,casanatensis,,talia,,w10161
3543,casanatensis,,forma,,w10164
3544,casanatensis,,deriuata,,w10167
3545,casanatensis,,ex,,w10170
3546,casanatensis,,omni,,w10173
3547,casanatensis,,numero,,w10176
3548,casanatensis,,desinent,,w10179
3549,casanatensis,,in,,w10182
3550,casanatensis,,rius,,w10185
3551,casanatensis,,ut,,w10188
3552,casanatensis,,ternarius,,w10191
3553,casanatensis,,¢qui,,w10194
3554,casanatensis,,tres,,w10197
3555,casanatensis,,aliquos,,w10200
3556,casanatensis,,habet,,w10203
3557,casanatensis,,similiter,,w10206
3558,casanatensis,,quaternarius,,w10209
3559,casanatensis,,¢quinarius,,w10212
3560,casanatensis,,et,,w10215
3561,casanatensis,,semi ¢quinarius,,w10218
3562,casanatensis,,senarius,,w10221
3563,casanatensis,,septenarius,,w10224
3564,casanatensis,,unde,,w10227
3565,casanatensis,,semi septenarius,,w10230
3566,casanatensis,,octonarius,,w10233
3567,casanatensis,,nouenarius,,w10236
3568,casanatensis,,decenarius,,w10239
3569,casanatensis,,ita,,w10242
3570,casanatensis,,et,,w10245
3571,casanatensis,,ceteri,,w10248
3572,casanatensis,,uicenarius,,w10251
3573,casanatensis,,tricenarius,,w10254
3574,casanatensis,,quadragenarius,,w10257
3575,casanatensis,,¢quinquagenarius,,w10260
3576,casanatensis,,sexagenarius,,w10263
3577,casanatensis,,septuagenarius,,w10266
3578,casanatensis,,octogenarius,,w10269
3579,casanatensis,,nonagenarius,,w10272
3580,casanatensis,,centenarius,,w10275
3581,casanatensis,,ducentenarius,,w10278
3582,casanatensis,,et,,w10281
3583,casanatensis,,ducenarius,,w10284
3584,casanatensis,,trecentenarius,,w10287
3585,casanatensis,,et,,w10290
3586,casanatensis,,trecenarius,,w10293
3587,casanatensis,,quadringentenarius,,w10296
3588,casanatensis,,et,,w10299
3589,casanatensis,,quadringenarius,,w10302
3590,casanatensis,,¢quingentenarius,,w10305
3591,casanatensis,,et,,w10308
3592,casanatensis,,¢quingenarius,,w10311
3593,casanatensis,,sexcentenarius,,w10314
3594,casanatensis,,et,,w10317
3595,casanatensis,,sexcenarius,,w10320
3596,casanatensis,,septingentenarius,,w10323
3597,casanatensis,,et,,w10326
3598,casanatensis,,septingenarius,,w10329
3599,casanatensis,,octingentenarius,,w10332
3600,casanatensis,,et,,w10335
3601,casanatensis,,octingenarius,,w10338
3602,casanatensis,,noningentenarius,,w10341
3603,casanatensis,,et,,w10344
3604,casanatensis,,nongenarius,,w10347
3605,casanatensis,,sed,,w10350
3606,casanatensis,,melius,,w10353
3607,casanatensis,,þper,,w10356
3608,casanatensis,,syncopa2am,,w10359
3609,casanatensis,,millenarius,,w10362
3610,casanatensis,,exceptis,,w10365
3611,casanatensis,,uno,,w10368
3612,casanatensis,,et,,w10371
3613,casanatensis,,duo,,w10374
3614,casanatensis,,e,,w10377
3615,casanatensis,,quib;bus,,w10380
3616,casanatensis,,singularis,,w10383
3617,casanatensis,,et,,w10386
3618,casanatensis,,dualis,,w10389
3619,casanatensis,,et,,w10392
3620,casanatensis,,aduerbia,,w10395
3621,casanatensis,,ex,,w10398
3622,casanatensis,,omni,,w10401
3623,casanatensis,,numero,,w10404
3624,casanatensis,,inueniunt¯tur,,w10407
3625,casanatensis,,ab,,w10410
3626,casanatensis,,uno,,w10413
3627,casanatensis,,et,,w10416
3628,casanatensis,,duo,,w10419
3629,casanatensis,,inæqualiter,,w10422
3630,casanatensis,,semel,,w10425
3631,casanatensis,,bis,,w10428
3632,casanatensis,,a,,w10431
3633,casanatensis,,ceteris,,w10434
3634,casanatensis,,omnibus,,w10437
3635,casanatensis,,æqualiter,,w10440
3636,casanatensis,,a,,w10443
3637,casanatensis,,tribus,,w10446
3638,casanatensis,,ter,,w10449
3639,casanatensis,,similiter,,w10452
3640,casanatensis,,quater,,w10455
3641,casanatensis,,reliqua,,w10458
3642,casanatensis,,oma¯omnia,,w10461
3643,casanatensis,,in,,w10464
3644,casanatensis,,es,,w10467
3645,casanatensis,,ŋproducta,,w10470
3646,casanatensis,,desinunt,,w10473
3647,casanatensis,,ut,,w10476
3648,casanatensis,,¢quinquies,,w10479
3649,casanatensis,,sexies,,w10482
3650,casanatensis,,septies,,w10485
3651,casanatensis,,octies,,w10488
3652,casanatensis,,nouies,,w10491
3653,casanatensis,,decies,,w10494
3654,casanatensis,,undecies,,w10497
3655,casanatensis,,duodecies,,w10500
3656,casanatensis,,terdecies,,w10503
3657,casanatensis,,quater,,w10506
3658,casanatensis,,decies,,w10509
3659,casanatensis,,¢quinquies,,w10512
3660,casanatensis,,decies,,w10515
3661,casanatensis,,sexies,,w10518
3662,casanatensis,,decies,,w10521
3663,casanatensis,,septies,,w10524
3664,casanatensis,,decies,,w10527
3665,casanatensis,,octies,,w10530
3666,casanatensis,,decies,,w10533
3667,casanatensis,,nouies,,w10536
3668,casanatensis,,decies,,w10539
3669,casanatensis,,uicies,,w10542
3670,casanatensis,,tricies,,w10545
3671,casanatensis,,quadragies,,w10548
3672,casanatensis,,¢quinquagies,,w10551
3673,casanatensis,,sexagies,,w10554
3674,casanatensis,,septuagies,,w10557
3675,casanatensis,,octogies,,w10560
3676,casanatensis,,nonagies,,w10563
3677,casanatensis,,centies,,w10566
3678,casanatensis,,ducenties,,w10569
3679,casanatensis,,trecenties,,w10572
3680,casanatensis,,quadringenties,,w10575
3681,casanatensis,,quingenties,,w10578
3682,casanatensis,,sexcenties,,w10581
3683,casanatensis,,septingenties,,w10584
3684,casanatensis,,octingenties,,w10587
3685,casanatensis,,noningenties,,w10590
3686,casanatensis,,et,,w10593
3687,casanatensis,,nongenties,,w10596
3688,casanatensis,,milies,,w10599
3689,casanatensis,,infinitis,,w10605
3690,casanatensis,,tamen,,w10608
3691,casanatensis,,numeroru2um,,w10611
3692,casanatensis,,aduerbiis,,w10614
3693,casanatensis,,etia2am,,w10617
3694,casanatensis,,n,,w10620
3695,casanatensis,,interponitur,,w10623
3696,casanatensis,,quotiens,,w10626
3697,casanatensis,,totiens,,w10629
3698,casanatensis,,similiter,,w10632
3699,casanatensis,,multotiens,,w10635
3700,casanatensis,,inueniuntur,,w10638
3701,casanatensis,,et,,w10641
3702,casanatensis,,aliæ,,w10644
3703,casanatensis,,deriuationes,,w10647
3704,casanatensis,,ul¯uel,,w10650
3705,casanatensis,,compositiones,,w10653
3706,casanatensis,,multæ,,w10656
3707,casanatensis,,a,,w10659
3708,casanatensis,,nominibus,,w10662
3709,casanatensis,,numeroru2um,,w10665
3710,casanatensis,,ut,,w10668
3711,casanatensis,,unicus,,w10671
3712,casanatensis,,ullus,,w10674
3713,casanatensis,,unitas,,w10677
3714,casanatensis,,unio,,w10680
3715,casanatensis,,uniuersus,,w10683
3716,casanatensis,,et,,w10686
3717,casanatensis,,uno,,w10689
3718,casanatensis,,uerbu2um,,w10692
3719,casanatensis,,unas,,w10695
3720,casanatensis,,unat,,w10698
3721,casanatensis,,ternitas,,w10701
3722,casanatensis,,uel,,w10704
3723,casanatensis,,trinitas,,w10707
3724,casanatensis,,septimana,,w10711
3725,casanatensis,,senio,,w10713
3726,casanatensis,,þpersius,,w10716
3727,casanatensis,,iure,,w10719
3728,casanatensis,,eteni2im,,w10722
3729,casanatensis,,id,,w10725
3730,casanatensis,,su2ummu2um,,w10728
3731,casanatensis,,¢quid,,w10731
3732,casanatensis,,dexter,,w10734
3733,casanatensis,,senio,,w10737
3734,casanatensis,,ferret,,w10740
3735,casanatensis,,milia,,w10743
3736,casanatensis,,semi¢quinarius,,w10746
3737,casanatensis,,et,,w10749
3738,casanatensis,,semiseptinarius,,w10752
3739,casanatensis,,nundinu2um,,w10755
3740,casanatensis,,et,,w10758
3741,casanatensis,,nundinæ,,w10761
3742,casanatensis,,trinu2um,,w10764
3743,casanatensis,,nundinu2um,,w10767
3744,casanatensis,,et,,w10770
3745,casanatensis,,sciendu2um,,w10773
3746,casanatensis,,qd¯quod,,w10776
3747,casanatensis,,poetæ,,w10779
3748,casanatensis,,sepe,,w10782
3749,casanatensis,,deriuatiuis,,w10785
3750,casanatensis,,utuntur,,w10788
3751,casanatensis,,ŋpro,,w10791
3752,casanatensis,,primitiuis,,w10794
3753,casanatensis,,uel,,w10797
3754,casanatensis,,contra,,w10800
3755,casanatensis,,ul¯uel,,w10803
3756,casanatensis,,aliis,,w10806
3757,casanatensis,,specieb;bus,,w10809
3758,casanatensis,,ŋpro,,w10812
3759,casanatensis,,aliis,,w10815
3760,casanatensis,,ut,,w10818
3761,casanatensis,,uirgi¯gilius,,w10821
3762,casanatensis,,in,,w10824
3763,casanatensis,,x,,w10827
3764,casanatensis,,tot,,w10830
3765,casanatensis,,lecti,,w10833
3766,casanatensis,,ŋproceres,,w10836
3767,casanatensis,,bis,,w10839
3768,casanatensis,,denis,,w10842
3769,casanatensis,,nauib;bus,,w10845
3770,casanatensis,,ibant,,w10848
3771,casanatensis,,ŋpro,,w10851
3772,casanatensis,,bis,,w10854
3773,casanatensis,,decem,,w10857
3774,casanatensis,,et,,w10860
3775,casanatensis,,lucanus,,w10863
3776,casanatensis,,septeno,,w10866
3777,casanatensis,,gurgite,,w10869
3778,casanatensis,,nilus,,w10872
3779,casanatensis,,ŋpro,,w10875
3780,casanatensis,,septenario,,w10878
3781,casanatensis,,sunt,,w10881
3782,casanatensis,,p¯preterea,,w10884
3783,casanatensis,,simplu2um,,w10887
3784,casanatensis,,duplu2um,,w10890
3785,casanatensis,,quadruplu2um,,w10893
3786,casanatensis,,triplu2um,,w10896
3787,casanatensis,,et,,w10899
3788,casanatensis,,similia,,w10902
3789,casanatensis,,quæ,,w10905
3790,casanatensis,,ŋproprie,,w10908
3791,casanatensis,,ad,,w10911
3792,casanatensis,,numeru2um,,w10914
3793,casanatensis,,dicuntur,,w10917
3794,casanatensis,,simplex,,w10920
3795,casanatensis,,duplex,,w10923
3796,casanatensis,,triplex,,w10926
3797,casanatensis,,et,,w10929
3798,casanatensis,,similia,,w10932
3799,casanatensis,,que,,w10935
3800,casanatensis,,ad,,w10938
3801,casanatensis,,omnem,,w10941
3802,casanatensis,,rem,,w10944
3803,casanatensis,,dicuntur,,w10947
3804,casanatensis,,et,,w10950
3805,casanatensis,,uerba,,w10953
3806,casanatensis,,ex,,w10956
3807,casanatensis,,his,,w10959
3808,casanatensis,,duplico,,w10962
3809,casanatensis,,duplicas,,w10965
3810,casanatensis,,triplico,,w10968
3811,casanatensis,,triplicas,,w10971
3812,casanatensis,,multiplico,,w10974
3813,casanatensis,,multiplicas,,w10977
3814,casanatensis,,multiplex,,w10980
3815,casanatensis,,dupundius,,w10983
3816,casanatensis,,tripundius,,w10986
3817,casanatensis,,et,,w10989
3818,casanatensis,,similia,,w10992
3819,casanatensis,,illud,,w10995
3820,casanatensis,,quoq;que,,w10998
3821,casanatensis,,sciendu2um,,w11001
3822,casanatensis,,quod,,w11004
3823,casanatensis,,"unu2umdeuigintiThe original hand (in brown ink) had probably written ""undeuiginti"". A second hand (in black ink) overwrote the first part of the word (""unde-""): the result of the correction is now ""unumdeuiginti"". The source (Priscian Keil 3.416.6) has ""undeuiginti"".",,w11007
3824,casanatensis,,dicimus,,w11010
3825,casanatensis,,ŋpro,,w11013
3826,casanatensis,,dece2em,,w11016
3827,casanatensis,,et,,w11019
3828,casanatensis,,nouem,,w11022
3829,casanatensis,,id,,w11025
3830,casanatensis,,est,,w11028
3831,casanatensis,,unde,,w11031
3832,casanatensis,,unu2um,,w11034
3833,casanatensis,,deest,,w11037
3834,casanatensis,,de,,w11040
3835,casanatensis,,uiginti,,w11043
3836,casanatensis,,uluel,,w11046
3837,casanatensis,,unde,,w11049
3838,casanatensis,,uiginti,,w11052
3839,casanatensis,,post,,w11055
3840,casanatensis,,quem,,w11058
3841,casanatensis,,uiginti,,w11061
3842,casanatensis,,numerus,,w11064
3843,casanatensis,,est,,w11067
3844,casanatensis,,quod,,w11070
3845,casanatensis,,est,,w11073
3846,casanatensis,,noue2em,,w11076
3847,casanatensis,,et,,w11079
3848,casanatensis,,decem,,w11082
3849,casanatensis,,numerus,,w11085
3850,casanatensis,,post,,w11088
3851,casanatensis,,unu2um,,w11091
3852,casanatensis,,enim,,w11094
3853,casanatensis,,se¢quitur,,w11097
3854,casanatensis,,uiginti,,w11100
3855,casanatensis,,numerus,,w11103
3856,casanatensis,,horatius,,w11106
3857,casanatensis,,in,,w11109
3858,casanatensis,,ii,,w11112
3859,casanatensis,,sermonu2um,,w11115
3860,casanatensis,,unde,,w11118
3861,casanatensis,,octoginta,,w11121
3862,casanatensis,,annos,,w11124
3863,casanatensis,,natus,,w11127
3864,casanatensis,,cui,,w11130
3865,casanatensis,,stragula,,w11133
3866,casanatensis,,uestis,,w11136
3867,casanatensis,,undeoctoginta,,w11139
3868,casanatensis,,dixit,,w11142
3869,casanatensis,,id,,w11145
3870,casanatensis,,est,,w11148
3871,casanatensis,,"lxxuiiiiThe glyph for the ""five"" sign here is pointy like modern ""v"", not rounded like that normally used for ""u"" in the manuscript.",,w11151
3872,casanatensis,,annos,,w11154
3873,casanatensis,,habet,,w11157
3874,casanatensis,,ætati,,w11160
3875,casanatensis,,hoc,,w11163
3876,casanatensis,,est,,w11166
3877,casanatensis,,octoginta,,w11169
3878,casanatensis,,unde,,w11172
3879,casanatensis,,unu2um,,w11175
3880,casanatensis,,ł,,casanatensis:0.1.0.15.6.768
3881,casanatensis,,etia2am,,w11178
3882,casanatensis,,duo deuiginti,,w11181
3883,casanatensis,,dicunt,,w11184
3884,casanatensis,,dece2em,,w11187
3885,casanatensis,,et,,w11190
3886,casanatensis,,octo,,w11193
3887,casanatensis,,quod,,w11196
3888,casanatensis,,attici,,w11199
3889,casanatensis,grc,dyoin,,w11202
3890,casanatensis,grc,deonton,,w11205
3891,casanatensis,,dicunt,,w11208
3892,casanatensis,,idem,,w11211
3893,casanatensis,,"inueniturOver the second ""i"" there is a ^ sign (""inuenîtur""), whose meaning I do not understand.",,w11214
3894,casanatensis,,in,,w11217
3895,casanatensis,,ceteris,,w11220
3896,casanatensis,,ordinalibus,,w11223
3897,casanatensis,,numeris,,w11226
3898,casanatensis,,id,,w11229
3899,casanatensis,,est,,w11232
3900,casanatensis,,triginta,,w11235
3901,casanatensis,,et,,w11238
3902,casanatensis,,quadraginta,,w11241
3903,casanatensis,,et,,w11244
3904,casanatensis,,reli¢quis,,w11247
3905,casanatensis,,duo detriginta,,w11250
3906,casanatensis,,ŋpro,,w11253
3907,casanatensis,,uiginti,,w11256
3908,casanatensis,,octo,,w11259
3909,casanatensis,,et,,w11262
3910,casanatensis,,similia,,w11265
3911,casanatensis,,"uniformisThe larger font was added to the initial ""u"" by a second hand.",,w11268
3912,casanatensis,,biformis,,w11271
3913,casanatensis,,triformis,,w11274
3914,casanatensis,,et,,w11277
3915,casanatensis,,similia,,w11280
3916,casanatensis,,duo,,w11283
3917,casanatensis,,asses,,w11286
3918,casanatensis,,dussis,,w11289
3919,casanatensis,,dupundius,,w11292
3920,casanatensis,,tressis,,w11295
3921,casanatensis,,quadrassis,,w11298
3922,casanatensis,,decussis,,w11301
3923,casanatensis,,uicessis,,w11304
3924,casanatensis,,tricessis,,w11307
3925,casanatensis,,quadragessis,,w11310
3926,casanatensis,,¢quinquagessis,,w11313
3927,casanatensis,,sexagessis,,w11316
3928,casanatensis,,septuagessis,,w11319
3929,casanatensis,,octagessis,,w11322
3930,casanatensis,,nonagessis,,w11325
3931,casanatensis,,centussis,,w11328
3932,casanatensis,,post,,w11331
3933,casanatensis,,quem,,w11335
3934,casanatensis,,numeru2um,,w11337
3935,casanatensis,,teste,,w11340
3936,casanatensis,,uarrone,,w11344
3937,casanatensis,,non,,w11346
3938,casanatensis,,co2omponuntur,,w11349
3939,casanatensis,,cu2um,,w11352
3940,casanatensis,,asse,,w11355
3941,casanatensis,,numeri,,w11358
3942,casanatensis,,deunx,,w11361
3943,casanatensis,,dextans,,w11364
3944,casanatensis,,dodrans,,w11367
3945,casanatensis,,"bessisLewis-Short Latin dictionary writes that the most common nominative is ""bes"", but also nominative ""bessis"" is attested: ""bes, bessis, m. (nom. bessis, Paul. ex Fest. p. 33 Müll.; Prisc. Ponder. p. 1348 P.)"". Source: A Latin Dictionary. Founded on Andrews' edition of Freund's Latin dictionary. Revised, enlarged, and in great part rewritten by. Charlton T. Lewis, Ph.D. and. Charles Short, LL.D. Oxford. Clarendon Press. 1879, retrieved from http://www.perseus.tufts.edu/hopper/text?doc=bes&fromdoc=Perseus%3Atext%3A1999.04.0059 on June 23, 2016.",,w11370
3946,casanatensis,,septunx,,w11373
3947,casanatensis,,¢quincunx,,w11376
3948,casanatensis,,triens,,w11379
3949,casanatensis,,quadrans,,w11382
3950,casanatensis,,sextans,,w11385
3951,casanatensis,,sexcunx,,w11388
3952,casanatensis,,sextula,,w11391
3953,casanatensis,,libra,,w11394
3954,casanatensis,,bilibris,,w11397
3955,casanatensis,,trilibris,,w11400
3956,casanatensis,,quadrilibris,,w11403
3957,casanatensis,,et,,w11406
3958,casanatensis,,similia,,w11409
3959,casanatensis,,anniculus,,w11412
3960,casanatensis,,ul¯uel,,w11415
3961,casanatensis,,"annysThis is the only case in the work in which the grapheme ""y"" and the alphabeme ""y"" are meant to encode what we would today represent as a sequence of two ""u"" alphabemes.",,w11418
3962,casanatensis,,biennis,,w11421
3963,casanatensis,,triennis,,w11424
3964,casanatensis,,quadriennis,,w11427
3965,casanatensis,,quinquennis,,w11430
3966,casanatensis,,et,,w11433
3967,casanatensis,,similia,,w11436
3968,casanatensis,,bimus,,w11439
3969,casanatensis,,trimus,,w11442
3970,casanatensis,,quadrimus,,w11445
3971,casanatensis,,et,,w11448
3972,casanatensis,,similia,,w11451
3973,casanatensis,,biduum,,w11454
3974,casanatensis,,triduum,,w11457
3975,casanatensis,,quadriduu2um,,w11460
3976,casanatensis,,et,,w11463
3977,casanatensis,,similia,,w11466
3978,casanatensis,,binoctium,,w11469
3979,casanatensis,,trinoctium,,w11472
3980,casanatensis,,quadrinoctiu2um,,w11475
3981,casanatensis,,et,,w11478
3982,casanatensis,,similia,,w11481
3983,casanatensis,,bifaria2am,,w11484
3984,casanatensis,,trifaria2am,,w11487
3985,casanatensis,,quadrifaria2am,,w11490
3986,casanatensis,,et,,w11493
3987,casanatensis,,similia,,w11496
3988,casanatensis,,bipatens,,w11499
3989,casanatensis,,tripatens,,w11502
3990,casanatensis,,et,,w11505
3991,casanatensis,,similia,,w11508
3992,casanatensis,,bilinguis,,w11511
3993,casanatensis,,et,,w11514
3994,casanatensis,,similia,,w11517
3995,casanatensis,,biuiu2um,,w11520
3996,casanatensis,,triuiu2um,,w11523
3997,casanatensis,,et,,w11526
3998,casanatensis,,similia,,w11529
3999,casanatensis,,bifidus,,w11532
4000,casanatensis,,trifidus,,w11535
4001,casanatensis,,quadrifidus,,w11538
4002,casanatensis,,et,,w11541
4003,casanatensis,,similia,,w11544
4004,casanatensis,,bisulcus,,w11547
4005,casanatensis,,trisulcus,,w11550
4006,casanatensis,,geminus,,w11553
4007,casanatensis,,tergeminus,,w11556
4008,casanatensis,,centu2umgeminus,,w11559
4009,casanatensis,,unimanus,,w11562
4010,casanatensis,,centimanus,,w11565
4011,casanatensis,,et,,w11568
4012,casanatensis,,simil¯ilia,,w11571
4013,casanatensis,,duum uir,,w11574
4014,casanatensis,,trium uir,,w11577
4015,casanatensis,,¢quinq;que uir,,w11580
4016,casanatensis,,septem uir,,w11583
4017,casanatensis,,decem uir,,w11586
4018,casanatensis,,centu2um uir,,w11589
4019,casanatensis,,et,,w11592
4020,casanatensis,,simil¯ilia,,w11595
4021,casanatensis,,bigæ,,w11598
4022,casanatensis,,trigæ,,w11601
4023,casanatensis,,quadrigæ,,w11604
4024,casanatensis,,et,,w11607
4025,casanatensis,,similia,,w11610
4026,casanatensis,,biiugus,,w11613
4027,casanatensis,,unde,,w11616
4028,casanatensis,,uirgi¯gilius,,w11619
4029,casanatensis,,in,,w11622
4030,casanatensis,,"uAs above, the glyph for the numeral ""five"" is pointy like modern ""v"", not rounded.",,w11625
4031,casanatensis,,biiugo,,w11628
4032,casanatensis,,certamine,,w11631
4033,casanatensis,,ca2ampum,,w11634
4034,casanatensis,,corripuere,,w11637
4035,casanatensis,,et,,w11640
4036,casanatensis,,bigati,,w11643
4037,casanatensis,,nummi,,w11646
4038,casanatensis,,triiugus,,w11649
4039,casanatensis,,quadri iugus,,w11652
4040,casanatensis,,et,,w11655
4041,casanatensis,,simil¯ilia,,w11658
4042,casanatensis,,triangulu2um,,w11661
4043,casanatensis,,cesar,,w11664
4044,casanatensis,,in,,w11667
4045,casanatensis,,arato,,w11670
4046,casanatensis,,cur,,w11673
4047,casanatensis,,diuite,,w11676
4048,casanatensis,,lingua,,w11679
4049,casanatensis,,grecia,,w11682
4050,casanatensis,,precurra2am,,w11685
4051,casanatensis,,potiusq;que,,w11688
4052,casanatensis,,triangula,,w11691
4053,casanatensis,,dica2am,,w11694
4054,casanatensis,,quadriangulu2um,,w11697
4055,casanatensis,,quinquangulu2um,,w11700
4056,casanatensis,,sexangulum,,w11703
4057,casanatensis,,et,,w11706
4058,casanatensis,,similia,,w11709
4059,casanatensis,,ł,,casanatensis:0.1.0.15.6.1120
4060,casanatensis,,numeralis,,w11712
4061,casanatensis,,species,,w11715
4062,casanatensis,,est,,w11718
4063,casanatensis,,quæ,,w11721
4064,casanatensis,,integru2um,,w11724
4065,casanatensis,,totu2um,,w11727
4066,casanatensis,,demonstrat,,w11730
4067,casanatensis,,numeru2um,,w11733
4068,casanatensis,,de,,w11736
4069,casanatensis,,quo,,w11739
4070,casanatensis,,refert,,w11742
4071,casanatensis,,ut,,w11745
4072,casanatensis,,unus,,w11748
4073,casanatensis,,duo,,w11751
4074,casanatensis,,decem,,w11754
4075,casanatensis,,centu2um,,w11757
4076,casanatensis,,mille,,w11760
4077,casanatensis,,non,,w11763
4078,casanatensis,,de,,w11766
4079,casanatensis,,imo,,w11769
4080,casanatensis,,tantu2um,,w11772
4081,casanatensis,,ut,,w11775
4082,casanatensis,,supra,,w11778
4083,casanatensis,,sed,,w11781
4084,casanatensis,,de,,w11784
4085,casanatensis,,omnib;bus,,w11787
4086,casanatensis,,in,,w11790
4087,casanatensis,,integru2um,,w11793
4088,casanatensis,,refert,,w11796
4089,casanatensis,,de,,w11799
4090,casanatensis,,numeris,,w11802
4091,casanatensis,,unus,,w11805
4092,casanatensis,,una,,w11808
4093,casanatensis,,unu2um,,w11811
4094,casanatensis,,duo,,w11814
4095,casanatensis,,due,,w11817
4096,casanatensis,,duo,,w11820
4097,casanatensis,,hi,,w11823
4098,casanatensis,,et,,w11826
4099,casanatensis,,hæ,,w11829
4100,casanatensis,,tres,,w11832
4101,casanatensis,,et,,w11835
4102,casanatensis,,hæc,,w11838
4103,casanatensis,,tria,,w11841
4104,casanatensis,,mobilia,,w11845
4105,casanatensis,,st¯sunt,,w11847
4106,casanatensis,,et,,w11850
4107,casanatensis,,declinantur,,w11853
4108,casanatensis,,na2am,,w11856
4109,casanatensis,,a,,w11859
4110,casanatensis,,quattuor,,w11862
4111,casanatensis,,usq;que,,w11865
4112,casanatensis,,ad,,w11868
4113,casanatensis,,centu2um,,w11871
4114,casanatensis,,et,,w11874
4115,casanatensis,,mille,,w11877
4116,casanatensis,,indeclinabilia,,w11881
4117,casanatensis,,sunt,,w11883
4118,casanatensis,,hi,,w11886
4119,casanatensis,,ducenti,,w11889
4120,casanatensis,,hæ,,w11892
4121,casanatensis,,ducentæ,,w11895
4122,casanatensis,,hæc,,w11898
4123,casanatensis,,ducenta,,w11901
4124,casanatensis,,similiter,,w11904
4125,casanatensis,,trecenti,,w11907
4126,casanatensis,,usq;que,,w11910
4127,casanatensis,,noningenti,,w11913
4128,casanatensis,,¢qui,,w11916
4129,casanatensis,,et,,w11919
4130,casanatensis,,nongenti,,w11922
4131,casanatensis,,mille,,w11925
4132,casanatensis,,n¯non,,w11928
4133,casanatensis,,declinantur,,w11931
4134,casanatensis,,absoluta,,w11934
4135,casanatensis,,species,,w11937
4136,casanatensis,,est,,w11940
4137,casanatensis,,quæ,,w11943
4138,casanatensis,,þper,,w11946
4139,casanatensis,,se,,w11949
4140,casanatensis,,intellegitur,,w11952
4141,casanatensis,,n¯non,,w11955
4142,casanatensis,,egens,,w11958
4143,casanatensis,,alterius,,w11961
4144,casanatensis,,nominis,,w11964
4145,casanatensis,,coniunctione,,w11967
4146,casanatensis,,ut,,w11970
4147,casanatensis,,ds¯deus,,w11973
4148,casanatensis,,ratio,,w11976
4149,casanatensis,,temporalis,,w11979
4150,casanatensis,,species,,w11982
4151,casanatensis,,est,,w11985
4152,casanatensis,,quæ,,w11988
4153,casanatensis,,tempus,,w11991
4154,casanatensis,,significat,,w11994
4155,casanatensis,,ut,,w11997
4156,casanatensis,,mensis,,w12000
4157,casanatensis,,dies,,w12003
4158,casanatensis,,annus,,w12006
4159,casanatensis,,localis,,w12009
4160,casanatensis,,species,,w12012
4161,casanatensis,,est,,w12015
4162,casanatensis,,quæ,,w12018
4163,casanatensis,,locu2um,,w12021
4164,casanatensis,,significat,,w12024
4165,casanatensis,,ut,,w12027
4166,casanatensis,,ŋproximus,,w12030
4167,casanatensis,,longinquus,,w12033
4168,casanatensis,,medioximus,,w12036
4169,casanatensis,,omnes,,w12039
4170,casanatensis,,hæ,,w12042
4171,casanatensis,,appellatiuoru2um,,w12045
4172,casanatensis,,species,,w12048
4173,casanatensis,,fere,,w12051
4174,casanatensis,,co2ommunes,,w12054
4175,casanatensis,,st¯sunt,,w12057
4176,casanatensis,,tam,,w12060
4177,casanatensis,,primitiuoru2um,,w12063
4178,casanatensis,,qua2am,,w12066
4179,casanatensis,,deriuatiuoru2um,,w12069
4180,casanatensis,,seorsu2um,,w12072
4181,casanatensis,,aut¯tem,,w12075
4182,casanatensis,,deriuatiua,,w12078
4183,casanatensis,,nomina,,w12081
4184,casanatensis,,habent,,w12084
4185,casanatensis,,species,,w12087
4186,casanatensis,,de,,w12090
4187,casanatensis,,¢quib;bus,,w12093
4188,casanatensis,,singulis,,w12096
4189,casanatensis,,subter,,w12099
4190,casanatensis,,tractabimus,,w12102
4191,casanatensis,,patronymica,,w12105
4192,casanatensis,,species,,w12108
4193,casanatensis,,est,,w12111
4194,casanatensis,,quæ,,w12114
4195,casanatensis,,deriuatur,,w12118
4196,casanatensis,,a,,w12120
4197,casanatensis,,ŋpropriis,,w12123
4198,casanatensis,,nominibus,,w12126
4199,casanatensis,,patru2um,,w12129
4200,casanatensis,,secundu2um,,w12132
4201,casanatensis,,greca2am,,w12135
4202,casanatensis,,forma2am,,w12138
4203,casanatensis,,ex,,w12141
4204,casanatensis,,¢quib;bus,,w12144
4205,casanatensis,,suæ,,w12147
4206,casanatensis,,generationis,,w12150
4207,casanatensis,,origine2em,,w12153
4208,casanatensis,,trahunt,,w12156
4209,casanatensis,,et,,w12159
4210,casanatensis,,iuncta,,w12162
4211,casanatensis,,genitiuo,,w12165
4212,casanatensis,,primitiui,,w12168
4213,casanatensis,,significat,,w12171
4214,casanatensis,,filium,,w12174
4215,casanatensis,,uel,,w12177
4216,casanatensis,,nepotem,,w12180
4217,casanatensis,,ut,,w12183
4218,casanatensis,,eacides,,w12186
4219,casanatensis,,eaci,,w12189
4220,casanatensis,,filius,,w12192
4221,casanatensis,,uel,,w12195
4222,casanatensis,,nepos,,w12198
4223,casanatensis,,hæc,,w12201
4224,casanatensis,,species,,w12204
4225,casanatensis,,maxime,,w12207
4226,casanatensis,,poetaru2um,,w12210
4227,casanatensis,,est,,w12213
4228,casanatensis,,þper,,w12216
4229,casanatensis,,qua2am,,w12219
4230,casanatensis,,specie2em,,w12222
4231,casanatensis,,romani,,w12225
4232,casanatensis,,communis,,w12228
4233,casanatensis,,familiæ,,w12231
4234,casanatensis,,nomine,,w12234
4235,casanatensis,,utuntur,,w12237
4236,casanatensis,,ut,,w12240
4237,casanatensis,,cornelii,,w12243
4238,casanatensis,,dicti,,w12246
4239,casanatensis,,st¯sunt,,w12249
4240,casanatensis,,a,,w12252
4241,casanatensis,,primo,,w12255
4242,casanatensis,,cornelio,,w12258
4243,casanatensis,,omnes,,w12261
4244,casanatensis,,ex,,w12264
4245,casanatensis,,eiusde2em,,w12267
4246,casanatensis,,familia,,w12270
4247,casanatensis,,et,,w12273
4248,casanatensis,,possessiua,,w12276
4249,casanatensis,,loco,,w12279
4250,casanatensis,,patronymicoru2um,,w12282
4251,casanatensis,,posita,,w12285
4252,casanatensis,,usurpata,,w12288
4253,casanatensis,,inueniuntur,,w12291
4254,casanatensis,,ut,,w12294
4255,casanatensis,,eade2em,,w12297
4256,casanatensis,,terminatione,,w12300
4257,casanatensis,,dicatur,,w12303
4258,casanatensis,,ostendens,,w12306
4259,casanatensis,,alique2em,,w12309
4260,casanatensis,,ex,,w12312
4261,casanatensis,,illius,,w12315
4262,casanatensis,,familia,,w12318
4263,casanatensis,,"ta2amqua2amThe ""u"" is written above the line, with the pointy shape of modern ""v"". It is slightly different from the glyph that I encoded as an abbreviation mark as ""ų"" elsewhere, since in this word the added sign is not above the ""q"" but above the line between the ""q"" and the next ""a"".",,w12321
4264,casanatensis,,si,,w12324
4265,casanatensis,,ex,,w12327
4266,casanatensis,,illius,,w12330
4267,casanatensis,,possessione,,w12333
4268,casanatensis,,ali¢quid,,w12336
4269,casanatensis,,ostendatur,,w12339
4270,casanatensis,,ita,,w12342
4271,casanatensis,,eni2im,,w12345
4272,casanatensis,,dcr¯dicitur,,w12348
4273,casanatensis,,emilianus,,w12351
4274,casanatensis,,scipio,,w12354
4275,casanatensis,,id,,w12357
4276,casanatensis,,÷est,,w12360
4277,casanatensis,,emilii,,w12363
4278,casanatensis,,filius,,w12366
4279,casanatensis,,scipio,,w12369
4280,casanatensis,,tamqua2am,,w12372
4281,casanatensis,,si,,w12375
4282,casanatensis,,diceretur,,w12378
4283,casanatensis,,emilianus,,w12381
4284,casanatensis,,equus,,w12384
4285,casanatensis,,aut,,w12387
4286,casanatensis,,aliud,,w12390
4287,casanatensis,,ali¢quid,,w12393
4288,casanatensis,,ex,,w12396
4289,casanatensis,,illius,,w12399
4290,casanatensis,,possessione,,w12402
4291,casanatensis,,sunt,,w12405
4292,casanatensis,,nomina,,w12408
4293,casanatensis,,ŋpropria,,w12411
4294,casanatensis,,quæ,,w12414
4295,casanatensis,,ad,,w12417
4296,casanatensis,,similitudine2em,,w12420
4297,casanatensis,,patronymicoru2um,,w12423
4298,casanatensis,,terminantur,,w12426
4299,casanatensis,,sed,,w12429
4300,casanatensis,,significatione,,w12432
4301,casanatensis,,denominatiua,,w12435
4302,casanatensis,,sunt,,w12438
4303,casanatensis,,¢quia,,w12441
4304,casanatensis,,n¯non,,w12444
4305,casanatensis,,trahunt,,w12447
4306,casanatensis,,origine2em,,w12450
4307,casanatensis,,suæ,,w12453
4308,casanatensis,,generationis,,w12456
4309,casanatensis,,ab,,w12459
4310,casanatensis,,eis,,w12462
4311,casanatensis,,de,,w12465
4312,casanatensis,,quib;bus,,w12468
4313,casanatensis,,nominati,,w12471
4314,casanatensis,,st¯sunt,,w12474
4315,casanatensis,,sed,,w12477
4316,casanatensis,,tantu2um,,w12480
4317,casanatensis,,a,,w12483
4318,casanatensis,,similitudine,,w12486
4319,casanatensis,,eoru2um,,w12489
4320,casanatensis,,nominu2um,,w12492
4321,casanatensis,,st¯sunt,,w12495
4322,casanatensis,,nominati,,w12498
4323,casanatensis,,ut,,w12501
4324,casanatensis,,euripides,,w12505
4325,casanatensis,,n¯non,,w12507
4326,casanatensis,,euripi,,w12510
4327,casanatensis,,filius,,w12513
4328,casanatensis,,ul¯uel,,w12516
4329,casanatensis,,nepos,,w12519
4330,casanatensis,,sed,,w12522
4331,casanatensis,,ab,,w12525
4332,casanatensis,,euripo,,w12528
4333,casanatensis,,sic,,w12531
4334,casanatensis,,nominatus,,w12534
4335,casanatensis,,est,,w12537
4336,casanatensis,,sunt,,w12540
4337,casanatensis,,nomina,,w12543
4338,casanatensis,,quæ,,w12546
4339,casanatensis,,in,,w12549
4340,casanatensis,,aliis,,w12552
4341,casanatensis,,nominib;bus,,w12555
4342,casanatensis,,st¯sunt,,w12558
4343,casanatensis,,patronymica,,w12561
4344,casanatensis,,in,,w12564
4345,casanatensis,,aliis,,w12567
4346,casanatensis,,st¯sunt,,w12570
4347,casanatensis,,ŋpropria,,w12573
4348,casanatensis,,ut,,w12576
4349,casanatensis,,timarchides,,w12579
4350,casanatensis,,filius,,w12582
4351,casanatensis,,timarchi,,w12585
4352,casanatensis,,et,,w12588
4353,casanatensis,,timarchides,,w12591
4354,casanatensis,,ŋproprium,,w12594
4355,casanatensis,,etia2am,,w12597
4356,casanatensis,,et,,w12600
4357,casanatensis,,in,,w12603
4358,casanatensis,,omnibus,,w12606
4359,casanatensis,,appellatiuis,,w12609
4360,casanatensis,,hoc,,w12612
4361,casanatensis,,fieri,,w12615
4362,casanatensis,,potest,,w12618
4363,casanatensis,,ut,,w12621
4364,casanatensis,,in,,w12624
4365,casanatensis,,aliis,,w12627
4366,casanatensis,,sint,,w12630
4367,casanatensis,,appellatiua,,w12633
4368,casanatensis,,ut,,w12636
4369,casanatensis,,magnus,,w12639
4370,casanatensis,,homo,,w12642
4371,casanatensis,,et,,w12645
4372,casanatensis,,cum,,w12648
4373,casanatensis,,þperdiderint,,w12651
4374,casanatensis,,ui2im,,w12654
4375,casanatensis,,appellatiuorum,,w12657
4376,casanatensis,,sint,,w12661
4377,casanatensis,,ŋpropria,,w12663
4378,casanatensis,,ut,,w12666
4379,casanatensis,,magnus,,w12669
4380,casanatensis,,ŋpropriu2um,,w12672
4381,casanatensis,,cuiuscu2umq;que,,w12675
4382,casanatensis,,nom¯men,,w12678
4383,casanatensis,,abusiue,,w12681
4384,casanatensis,,etia2am,,w12684
4385,casanatensis,,a,,w12687
4386,casanatensis,,matrib;bus,,w12690
4387,casanatensis,,et,,w12693
4388,casanatensis,,fratrib;bus,,w12696
4389,casanatensis,,et,,w12699
4390,casanatensis,,regib;bus,,w12702
4391,casanatensis,,et,,w12705
4392,casanatensis,,conditorib;bus,,w12708
4393,casanatensis,,et,,w12711
4394,casanatensis,,maiorib;bus,,w12714
4395,casanatensis,,et,,w12717
4396,casanatensis,,auis,,w12720
4397,casanatensis,,maternis,,w12723
4398,casanatensis,,et,,w12726
4399,casanatensis,,paternis,,w12729
4400,casanatensis,,et,,w12732
4401,casanatensis,,"atauisThere is a macron sign over the initial ""a"" (ātauis). If it marked the long quantity of the vowel, it would be inappropriate, as both ""a""s in the word are short (""ătăvus""). The same mark is found in the only other instance of word ""atauis"", encoded with id w13017.",,w12735
4402,casanatensis,,patronymica,,w12738
4403,casanatensis,,formari,,w12741
4404,casanatensis,,inueniuntur,,w12744
4405,casanatensis,,ut,,w12747
4406,casanatensis,,"letoidesThe source (Priscian, Ars grammatica, K 2.63.12-13) has ""Latoides, Λητοῦς, id est Latonae"". Among the manuscript of Priscian, only B and D have ""Latoides"" (probably based on the Doric spelling Λᾱτοΐδας), while all the others have ""Letoides"" (the Aeolian spelling Λητοΐδης). See http://www.unipa.it/paolo.monella/ursus/sigla.pdf for Keil's sigla codicum.",,w12750
4407,casanatensis,,letois,,w12753
4408,casanatensis,,id,,w12756
4409,casanatensis,,est,,w12759
4410,casanatensis,,apollo,,w12762
4411,casanatensis,,filius,,w12765
4412,casanatensis,,latonæ,,w12768
4413,casanatensis,,ï,,casanatensis:0.1.0.15.10.521
4414,casanatensis,,iliades,,w12771
4415,casanatensis,,romulus,,w12774
4416,casanatensis,,filius,,w12777
4417,casanatensis,,iliæ,,w12780
4418,casanatensis,,ï,,casanatensis:0.1.0.15.10.529
4419,casanatensis,,a,,w12783
4420,casanatensis,,matre,,w12786
4421,casanatensis,,ut,,w12789
4422,casanatensis,,maiades,,w12793
4423,casanatensis,,mercurius,,w12795
4424,casanatensis,,filius,,w12798
4425,casanatensis,,maiæ,,w12801
4426,casanatensis,,ab,,w12804
4427,casanatensis,,auis,,w12807
4428,casanatensis,,maternis,,w12810
4429,casanatensis,,atlantiades,,w12813
4430,casanatensis,,mercurius,,w12816
4431,casanatensis,,id,,w12819
4432,casanatensis,,÷est,,w12822
4433,casanatensis,,natæ,,w12825
4434,casanatensis,,atlantis,,w12828
4435,casanatensis,,filius,,w12831
4436,casanatensis,,a,,w12834
4437,casanatensis,,regib;bus,,w12837
4438,casanatensis,,thesidæ,,w12840
4439,casanatensis,,a,,w12843
4440,casanatensis,,theseo,,w12846
4441,casanatensis,,rege,,w12849
4442,casanatensis,,eneade,,w12852
4443,casanatensis,,ab,,w12855
4444,casanatensis,,enea,,w12858
4445,casanatensis,,rege,,w12861
4446,casanatensis,,hoc,,w12864
4447,casanatensis,,nomen,,w12867
4448,casanatensis,,et,,w12870
4449,casanatensis,,in,,w12873
4450,casanatensis,,"iI think that this grapheme here means the letter ""i"" as part of the variant form ""Aenidae"", rather than as number ""I"" as in ""in book I"". The variant form ""Aenidae"" is found later in the source: it is not found in Priscian, Ars grammatica, K 2.64.10 - 2.65.6 but in K 2.66.2-3.",,w12876
4451,casanatensis,,dixerunt,,w12879
4452,casanatensis,,enidæ,,w12882
4453,casanatensis,,a,,w12885
4454,casanatensis,,fratribus,,w12888
4455,casanatensis,,phethontides,,w12891
4456,casanatensis,,unde,,w12894
4457,casanatensis,,femininu2um,,w12897
4458,casanatensis,,phethontis,,w12900
4459,casanatensis,,etia2am,,w12903
4460,casanatensis,,et,,w12906
4461,casanatensis,,phethontiadas,,w12909
4462,casanatensis,,ŋpro,,w12912
4463,casanatensis,,phethontidas,,w12915
4464,casanatensis,,poetica,,w12918
4465,casanatensis,,dixerunt,,w12921
4466,casanatensis,,licentia,,w12924
4467,casanatensis,,numqua2am,,w12927
4468,casanatensis,,patronymicu2um,,w12930
4469,casanatensis,,superat,,w12933
4470,casanatensis,,genitiuu2um,,w12936
4471,casanatensis,,primitiui,,w12939
4472,casanatensis,,sui,,w12942
4473,casanatensis,,plus,,w12945
4474,casanatensis,,qua2am,,w12948
4475,casanatensis,,una,,w12951
4476,casanatensis,,syllaba,,w12954
4477,casanatensis,,patronymica,,w12957
4478,casanatensis,,si,,w12960
4479,casanatensis,,a,,w12963
4480,casanatensis,,patrib;bus,,w12966
4481,casanatensis,,deriuantur,,w12969
4482,casanatensis,,in,,w12972
4483,casanatensis,,des,,w12975
4484,casanatensis,,terminantur,,w12978
4485,casanatensis,,ut,,w12981
4486,casanatensis,,anchises,,w12984
4487,casanatensis,,uluel,,w12987
4488,casanatensis,,anchisiades,,w12990
4489,casanatensis,,"eneasThere is a macron over ""ea"" (""enEAs""), whose meaning I do not understand.",,w12993
4490,casanatensis,,filius,,w12996
4491,casanatensis,,"anchisæThere is a macron over ""is"" (""anchISæ""), whose meaning I do not understand.",,w12999
4492,casanatensis,,si,,w13002
4493,casanatensis,,au¯autem,,w13005
4494,casanatensis,,ab,,w13008
4495,casanatensis,,auis,,w13011
4496,casanatensis,,ul¯uel,,w13014
4497,casanatensis,,"atauisThere is a macron sign over the initial ""a"" (ātauis). If it marked the long quantity of the vowel, it would be inappropriate, as both ""a""s in the word are short (""ătăvus""). The same mark is found in the only other instance of word ""atauis"", encoded with id w12735.",,w13017
4498,casanatensis,,terminantur,,w13020
4499,casanatensis,,aut,,w13023
4500,casanatensis,,in,,w13026
4501,casanatensis,,us,,w13029
4502,casanatensis,,aut,,w13032
4503,casanatensis,,in,,w13035
4504,casanatensis,,on,,w13038
4505,casanatensis,,ł,,casanatensis:0.1.0.15.10.686
4506,casanatensis,,et,,w13041
4507,casanatensis,,in,,w13044
4508,casanatensis,,des,,w13047
4509,casanatensis,,terminata,,w13050
4510,casanatensis,,masculina,,w13053
4511,casanatensis,,faciunt,,w13056
4512,casanatensis,,feminina,,w13059
4513,casanatensis,,in,,w13062
4514,casanatensis,,is,,w13065
4515,casanatensis,,ut,,w13068
4516,casanatensis,,atrides,,w13071
4517,casanatensis,,masculinu2um,,w13074
4518,casanatensis,,atreis,,w13077
4519,casanatensis,,femininu2um,,w13080
4520,casanatensis,,et,,w13083
4521,casanatensis,,in,,w13086
4522,casanatensis,,us,,w13089
4523,casanatensis,,terminata,,w13092
4524,casanatensis,,masculina,,w13095
4525,casanatensis,,faciunt,,w13098
4526,casanatensis,,feminina,,w13101
4527,casanatensis,,in,,w13104
4528,casanatensis,,ias,,w13107
4529,casanatensis,,ut,,w13110
4530,casanatensis,,peleus,,w13113
4531,casanatensis,,masc¯asculinum,,w13116
4532,casanatensis,,peleias,,w13119
4533,casanatensis,,fem¯emininum,,w13122
4534,casanatensis,,et,,w13125
4535,casanatensis,,in,,w13128
4536,casanatensis,,on,,w13131
4537,casanatensis,,termi¯minata,,w13134
4538,casanatensis,,mas¯asculina,,w13137
4539,casanatensis,,faciunt,,w13140
4540,casanatensis,,fem¯eminina,,w13143
4541,casanatensis,,in,,w13146
4542,casanatensis,,ne,,w13149
4543,casanatensis,,ut,,w13152
4544,casanatensis,,nereon,,w13155
4545,casanatensis,,mas¯asculinum,,w13158
4546,casanatensis,,nerine,,w13161
4547,casanatensis,,fem¯emininum,,w13164
4548,casanatensis,,apud,,w13167
4549,casanatensis,,grecos,,w13170
4550,casanatensis,,tres,,w13173
4551,casanatensis,,supra,,w13176
4552,casanatensis,,dictæ,,w13179
4553,casanatensis,,patronymicoru2um,,w13182
4554,casanatensis,,formæ,,w13185
4555,casanatensis,,st¯sunt,,w13188
4556,casanatensis,,in,,w13191
4557,casanatensis,,des,,w13194
4558,casanatensis,,quæ,,w13197
4559,casanatensis,,apud,,w13200
4560,casanatensis,,illos,,w13203
4561,casanatensis,,communis,,w13206
4562,casanatensis,,dicitur,,w13209
4563,casanatensis,,¢quia,,w13212
4564,casanatensis,,in,,w13215
4565,casanatensis,,omni,,w13218
4566,casanatensis,,sermone,,w13221
4567,casanatensis,,ea,,w13224
4568,casanatensis,,utuntur,,w13227
4569,casanatensis,,qua,,w13231
4570,casanatensis,,et,,w13233
4571,casanatensis,,latinoru2um,,w13236
4572,casanatensis,,poetæ,,w13239
4573,casanatensis,,utuntur,,w13242
4574,casanatensis,,na2am,,w13245
4575,casanatensis,,in,,w13248
4576,casanatensis,,us,,w13251
4577,casanatensis,,et,,w13254
4578,casanatensis,,in,,w13257
4579,casanatensis,,on,,w13260
4580,casanatensis,,terminata,,w13263
4581,casanatensis,,latini,,w13266
4582,casanatensis,,rare,,w13269
4583,casanatensis,,utunt¯tur,,w13272
4584,casanatensis,,preter,,w13275
4585,casanatensis,,in,,w13278
4586,casanatensis,,grecis,,w13281
4587,casanatensis,,nominib;bus,,w13284
4588,casanatensis,,ï,,casanatensis:0.1.0.15.10.839
4589,casanatensis,,patronymica,,w13287
4590,casanatensis,,in,,w13290
4591,casanatensis,,des,,w13293
4592,casanatensis,,terminantia,,w13296
4593,casanatensis,,si,,w13299
4594,casanatensis,,uenerint,,w13302
4595,casanatensis,,ab,,w13305
4596,casanatensis,,eisde2em,,w13308
4597,casanatensis,,grecis,,w13311
4598,casanatensis,,quoru2um,,w13314
4599,casanatensis,,nominatiuus,,w13317
4600,casanatensis,,terminatur,,w13320
4601,casanatensis,grc,as,,w13323
4602,casanatensis,,et,,w13326
4603,casanatensis,,genitiuus,,w13329
4604,casanatensis,grc,oy,,w13333
4605,casanatensis,,diphthongu2um,,w13336
4606,casanatensis,,debent,,w13338
4607,casanatensis,,habere,,w13341
4608,casanatensis,,ante,,w13344
4609,casanatensis,,des,,w13347
4610,casanatensis,,a,,w13350
4611,casanatensis,,penultimam,,w13354
4612,casanatensis,,breuem,,w13357
4613,casanatensis,,ut,,w13359
4614,casanatensis,,pelias,,w13362
4615,casanatensis,,"peliadesThere is a macron over the ""i"", probably marking the quantity of the letter. A macron in the manuscript usually marks a long quantity, but in this case the quantity of both the ""i"" and the ""a"" should in fact be short. I am not encoding these quantity marks in the graphematic transcription because they do not have graphematic value, i.e. they do not create ""minimal pairs"" of words.",,w13365
4616,casanatensis,,"æneasThere is a ^ sign over the ""e"" (the ""e"" between the ""n"" and the ""a""), probably marking the long quantity of the letter.",,w13368
4617,casanatensis,,"æneadesThere is a ^ sign over the ""e"" (the ""e"" between the ""n"" and the ""a""), probably marking the long quantity of the letter.",,w13371
4618,casanatensis,,na2am,,w13374
4619,casanatensis,,uirgilius,,w13377
4620,casanatensis,,c¯contra,,w13380
4621,casanatensis,,ratione2em,,w13383
4622,casanatensis,,posuit,,w13386
4623,casanatensis,,"ænidesThere is a ^ sign over the ""i"" (the ""i"" between the ""n"" and the ""d""), probably marking the long quantity of the letter.",,w13389
4624,casanatensis,,i,,w13392
4625,casanatensis,,longu2um,,w13395
4626,casanatensis,,ante,,w13398
4627,casanatensis,,des,,w13401
4628,casanatensis,,poetica,,w13404
4629,casanatensis,,auctoritate,,w13407
4630,casanatensis,,conuertit,,w13410
4631,casanatensis,,e,,w13413
4632,casanatensis,,et,,w13416
4633,casanatensis,,a,,w13419
4634,casanatensis,,cor¯correptas,,w13422
4635,casanatensis,,in,,w13425
4636,casanatensis,,i,,w13428
4637,casanatensis,,ŋproductu2um,,w13431
4638,casanatensis,,et,,w13434
4639,casanatensis,,fecit,,w13437
4640,casanatensis,,quasi,,w13440
4641,casanatensis,,ab,,w13443
4642,casanatensis,,æneus,,w13446
4643,casanatensis,,"ænidesThere is a ^ sign over the ""i"" (""ænîdes""), probably marking the long quantity of the letter.",,w13449
4644,casanatensis,,ł,,casanatensis:0.1.0.15.10.944
4645,casanatensis,,illa,,w13452
4646,casanatensis,,patronymica,,w13455
4647,casanatensis,,in,,w13458
4648,casanatensis,,des,,w13461
4649,casanatensis,,exeuntia,,w13464
4650,casanatensis,,quæ,,w13467
4651,casanatensis,,ueniunt,,w13470
4652,casanatensis,,a,,w13473
4653,casanatensis,,grecis,,w13476
4654,casanatensis,,es,,w13479
4655,casanatensis,,terminantib;bus,,w13482
4656,casanatensis,,quoru2um,,w13485
4657,casanatensis,,genitiuus,,w13488
4658,casanatensis,,in,,w13491
4659,casanatensis,,os,,w13494
4660,casanatensis,,desinit,,w13497
4661,casanatensis,,inueniuntur,,w13500
4662,casanatensis,,et,,w13503
4663,casanatensis,,a,,w13506
4664,casanatensis,,habere,,w13509
4665,casanatensis,,ante,,w13512
4666,casanatensis,,des,,w13515
4667,casanatensis,,et,,w13518
4668,casanatensis,,i,,w13521
4669,casanatensis,,ut,,w13524
4670,casanatensis,,hyppotes,,w13527
4671,casanatensis,,hyppotades,,w13530
4672,casanatensis,,corynetes,,w13533
4673,casanatensis,,corynetides,,w13536
4674,casanatensis,,sed,,w13539
4675,casanatensis,,rationabilius,,w13543
4676,casanatensis,,a,,w13545
4677,casanatensis,,debet,,w13548
4678,casanatensis,,ante,,w13550
4679,casanatensis,,des,,w13551
4680,casanatensis,,habere,,w13554
4681,casanatensis,,anchyses,,w13557
4682,casanatensis,,debuit,,w13560
4683,casanatensis,,facere,,w13563
4684,casanatensis,,anchisades,,w13566
4685,casanatensis,,uel,,w13569
4686,casanatensis,,anchisides,,w13572
4687,casanatensis,,sed,,w13575
4688,casanatensis,,contra,,w13578
4689,casanatensis,,regula2am,,w13581
4690,casanatensis,,anchisiades,,w13584
4691,casanatensis,,facit,,w13587
4692,casanatensis,,quasi,,w13590
4693,casanatensis,,ab,,w13593
4694,casanatensis,,anchisios,,w13596
4695,casanatensis,,nominatiuo,,w13599
4696,casanatensis,,ea,,w13602
4697,casanatensis,,quoq;que,,w13605
4698,casanatensis,,patronymica,,w13608
4699,casanatensis,,quæ,,w13611
4700,casanatensis,,ueniunt,,w13614
4701,casanatensis,,a,,w13617
4702,casanatensis,,grecis,,w13620
4703,casanatensis,,quoru2um,,w13623
4704,casanatensis,,genitiuus,,w13626
4705,casanatensis,,os,,w13629
4706,casanatensis,,ul¯uel,,w13632
4707,casanatensis,,oys,,w13635
4708,casanatensis,,diphthongo,,w13639
4709,casanatensis,,terminatur,,w13641
4710,casanatensis,,debent,,w13644
4711,casanatensis,,habere,,w13647
4712,casanatensis,,i,,w13650
4713,casanatensis,,ante,,w13653
4714,casanatensis,,des,,w13656
4715,casanatensis,,ut,,w13659
4716,casanatensis,grc,"priamosThere is an acute accent sign over the ""i"", marking the quantity of the vowel, or possibly simply the stress on that syllable. I am not recording such signs because they do not have graphemic value, i.e. they do not create ""minimal pairs"" of words.",,w13662
4717,casanatensis,grc,priamoy,,w13666
4718,casanatensis,,priamides,,w13668
4719,casanatensis,grc,nestor,,w13671
4720,casanatensis,grc,nestoros,,w13674
4721,casanatensis,,nestorides,,w13677
4722,casanatensis,grc,peleys,,w13681
4723,casanatensis,grc,"peleosThere is an acute accent mark over the second ""e"".",,w13683
4724,casanatensis,,"peleidesThere is an acute accent mark over the second ""e"".",,w13686
4725,casanatensis,,illi,,w13689
4726,casanatensis,,per,,w13692
4727,casanatensis,grc,syneresin,,w13696
4728,casanatensis,,e,,w13698
4729,casanatensis,,et,,w13701
4730,casanatensis,,i,,w13704
4731,casanatensis,,ŋproferunt,,w13707
4732,casanatensis,,hanc,,w13710
4733,casanatensis,,penultima2am,,w13713
4734,casanatensis,,in,,w13716
4735,casanatensis,,ei,,w13719
4736,casanatensis,,diphthongum,,w13723
4737,casanatensis,,nos,,w13725
4738,casanatensis,,ŋpro,,w13728
4739,casanatensis,,ea,,w13731
4740,casanatensis,,i,,w13734
4741,casanatensis,,longu2um,,w13737
4742,casanatensis,,ponimus,,w13740
4743,casanatensis,,ut,,w13743
4744,casanatensis,,"pelidesThere is an acute accent mark over the ""i"", probably to mark the stress on that syllable.",,w13746
4745,casanatensis,,ŋpro,,w13749
4746,casanatensis,,"peleidesThere is an acute accent mark over the second ""e"", probably to mark the stress on that syllable.",,w13752
4747,casanatensis,,ï,,casanatensis:0.1.0.15.10.1142
4748,casanatensis,,in,,w13755
4749,casanatensis,,his,,w13758
4750,casanatensis,,patronymicis,,w13762
4751,casanatensis,,poetæ,,w13764
4752,casanatensis,,non,,w13767
4753,casanatensis,,ratione,,w13770
4754,casanatensis,,sed,,w13773
4755,casanatensis,,auctoritate,,w13776
4756,casanatensis,,addiderunt,,w13779
4757,casanatensis,,quasdam,,w13782
4758,casanatensis,,litteras,,w13785
4759,casanatensis,,et,,w13788
4760,casanatensis,,abstulerunt,,w13791
4761,casanatensis,,addiderunt,,w13794
4762,casanatensis,,ut,,w13797
4763,casanatensis,,peliades,,w13800
4764,casanatensis,,ŋpro,,w13803
4765,casanatensis,,pelides,,w13806
4766,casanatensis,,calchodontiades,,w13809
4767,casanatensis,,ŋpro,,w13812
4768,casanatensis,,calchodontides,,w13815
4769,casanatensis,,athlantiades,,w13818
4770,casanatensis,,ŋpro,,w13821
4771,casanatensis,,athlantides,,w13824
4772,casanatensis,,abstulerunt,,w13827
4773,casanatensis,,ut,,w13830
4774,casanatensis,,deucalides,,w13833
4775,casanatensis,,ŋpro,,w13836
4776,casanatensis,,deucalionides,,w13839
4777,casanatensis,,scipiades,,w13842
4778,casanatensis,,ŋpro,,w13845
4779,casanatensis,,scipionides,,w13848
4780,casanatensis,,"ænidesThere is a ^ mark over the ""n"".",,w13851
4781,casanatensis,,ŋpro,,w13854
4782,casanatensis,,æneades,,w13857
4783,casanatensis,,excipiuntur,,w13860
4784,casanatensis,,hæc,,w13863
4785,casanatensis,,quæ,,w13866
4786,casanatensis,,co¯ontra,,w13869
4787,casanatensis,,regula2am,,w13872
4788,casanatensis,,ŋproducunt,,w13875
4789,casanatensis,,penultimas,,w13878
4790,casanatensis,,uocales,,w13881
4791,casanatensis,,ido¯eoI am not sure of the meaning of the final macron abbreviation mark.,,w13884
4792,casanatensis,,¢quia,,w13887
4793,casanatensis,,apud,,w13890
4794,casanatensis,,grecos,,w13893
4795,casanatensis,,habent,,w13896
4796,casanatensis,,contra,,w13899
4797,casanatensis,,regula2am,,w13902
4798,casanatensis,,penultima2am,,w13905
4799,casanatensis,,diphthongu2um,,w13909
4800,casanatensis,,ŋpro,,w13911
4801,casanatensis,,qua,,w13914
4802,casanatensis,,nos,,w13917
4803,casanatensis,,aut,,w13920
4804,casanatensis,,i,,w13923
4805,casanatensis,,aut,,w13926
4806,casanatensis,,aliam,,w13929
4807,casanatensis,,uocalem,,w13932
4808,casanatensis,,longa2am,,w13935
4809,casanatensis,,ponimus,,w13938
4810,casanatensis,,ut,,w13941
4811,casanatensis,,"oelidesThere is a macron sign over the ""i"" to mark the vowel's long quantity. I am not marking it because it has no graphematic value.For Priscian, Ars grammatica, K 2.67.9, the direct source of this passage, Keil chooses the reading ""Aeclides"", but in the apparatus criticus he mentions the reading ""Oelides"", very common in Priscian's textual tradition. This is Keil's apparatus note for K 2.67.9: ""Aeclides] ex aeolides corr. in litura B f. recte: patron. sc. ab Aeclo, Eretriae conditore, quamvis exemplum desidero; aeolides D Hrabanus p. 33 oelides RHGLK"".",,w13944
4812,casanatensis,,"demadesThere is a macron sign over the ""a"" to mark the vowel's long quantity.",,w13947
4813,casanatensis,,ŋpro,,w13950
4814,casanatensis,,demeades,,w13953
4815,casanatensis,,"codridesThere is a macron sign over the ""i"" to mark the vowel's long quantity.",,w13956
4816,casanatensis,,"lyco orgidesThere is a macron sign over the ""i"" to mark the vowel's long quantity.",,w13959
4817,casanatensis,,"lagidesThere is a macron sign over the ""i"" to mark the vowel's long quantity.",,w13962
4818,casanatensis,,"eueridesThere is a macron sign over the ""i"" to mark the vowel's long quantity.",,w13965
4819,casanatensis,,"lico medidesThere is a macron sign over the ""i"" to mark the vowel's long quantity.",,w13968
4820,casanatensis,,feminina,,w13971
4821,casanatensis,,patronymica,,w13974
4822,casanatensis,,aut,,w13977
4823,casanatensis,,in,,w13980
4824,casanatensis,,is,,w13983
4825,casanatensis,,exeunt,,w13986
4826,casanatensis,,aut,,w13989
4827,casanatensis,,in,,w13992
4828,casanatensis,,as,,w13995
4829,casanatensis,,aut,,w13998
4830,casanatensis,,in,,w14001
4831,casanatensis,,ne,,w14004
4832,casanatensis,,producta2am,,w14007
4833,casanatensis,,fiunt,,w14010
4834,casanatensis,,in,,w14013
4835,casanatensis,,is,,w14016
4836,casanatensis,,uel,,w14019
4837,casanatensis,,as,,w14022
4838,casanatensis,,a,,w14025
4839,casanatensis,,masculinis,,w14028
4840,casanatensis,,subtracta,,w14031
4841,casanatensis,,de,,w14034
4842,casanatensis,,ut,,w14037
4843,casanatensis,,priamides,,w14040
4844,casanatensis,,priamis,,w14043
4845,casanatensis,,peliades,,w14046
4846,casanatensis,,pelias,,w14049
4847,casanatensis,,et,,w14052
4848,casanatensis,,secundu2um,,w14055
4849,casanatensis,,"analogia2amThe grapheme ""a"" and the abbreviation mark over it were written above the line.",,w14058
4850,casanatensis,,æneades,,w14061
4851,casanatensis,,feminino,,w14064
4852,casanatensis,,æneas,,w14067
4853,casanatensis,,facere,,w14070
4854,casanatensis,,debuerat,,w14073
4855,casanatensis,,sed,,w14076
4856,casanatensis,,auctoritate,,w14079
4857,casanatensis,,dicitur,,w14082
4858,casanatensis,,æneis,,w14085
4859,casanatensis,,fem¯eminino,,w14088
4860,casanatensis,,notandu2um,,w14091
4861,casanatensis,,quod,,w14094
4862,casanatensis,,si,,w14097
4863,casanatensis,,mas¯masculina,,w14100
4864,casanatensis,,patronymica,,w14103
4865,casanatensis,,i,,w14106
4866,casanatensis,,longum,,w14109
4867,casanatensis,,habuerint,,w14112
4868,casanatensis,,ante,,w14115
4869,casanatensis,,des,,w14118
4870,casanatensis,,þper,,w14121
4871,casanatensis,grc,syneresin,,w14125
4872,casanatensis,,apud,,w14127
4873,casanatensis,,nos,,w14130
4874,casanatensis,,faciunt,,w14133
4875,casanatensis,,feminina,,w14136
4876,casanatensis,,in,,w14139
4877,casanatensis,,eis,,w14142
4878,casanatensis,,diuisas,,w14145
4879,casanatensis,,ut,,w14148
4880,casanatensis,,"pelidesThere is a macron sign over the ""i"" to mark the vowel's long quantity.",,w14151
4881,casanatensis,,ŋpro,,w14154
4882,casanatensis,,peleides,,w14157
4883,casanatensis,,peleis,,w14160
4884,casanatensis,,"ænidesThere is a macron sign over the ""i"" to mark the vowel's long quantity.",,w14163
4885,casanatensis,,"ŋproThere is a ""x""-shaped cross over the abbreviated word ""pro"", in the same brown ink as the rest of the text.",,w14166
4886,casanatensis,,"æneidesThere is a macron sign over the ""i"" to mark the vowel's long quantity.",,w14169
4887,casanatensis,,æneis,,w14172
4888,casanatensis,,in,,w14175
4889,casanatensis,,ne,,w14178
4890,casanatensis,,desinentia,,w14181
4891,casanatensis,,patronymica,,w14185
4892,casanatensis,,quæ,,w14187
4893,casanatensis,,sunt,,w14190
4894,casanatensis,,iadis,,w14193
4895,casanatensis,,linguæ,,w14196
4896,casanatensis,,i,,w14199
4897,casanatensis,,ŋproductu2um,,w14202
4898,casanatensis,,habent,,w14205
4899,casanatensis,,penultimo,,w14208
4900,casanatensis,,loco,,w14211
4901,casanatensis,,si,,w14214
4902,casanatensis,,eorum,,w14217
4903,casanatensis,,principalia,,w14220
4904,casanatensis,,n¯non,,w14223
4905,casanatensis,,habuerint,,w14226
4906,casanatensis,,i,,w14229
4907,casanatensis,,ut,,w14232
4908,casanatensis,,adrestos,,w14235
4909,casanatensis,,"adrestineThere is a macron sign over the ""i"" to mark the vowel's long quantity.",,w14238
4910,casanatensis,,nereus,,w14241
4911,casanatensis,,"nerineThere is a macron sign over the ""i"" to mark the vowel's long quantity.",,w14244
4912,casanatensis,,et,,w14247
4913,casanatensis,,si,,w14250
4914,casanatensis,,eoru2um,,w14253
4915,casanatensis,,principalia,,w14256
4916,casanatensis,,habuerint,,w14259
4917,casanatensis,,i,,w14262
4918,casanatensis,,habent,,w14265
4919,casanatensis,,hæc,,w14268
4920,casanatensis,,o,,w14271
4921,casanatensis,,ŋproductu2um,,w14274
4922,casanatensis,,ante,,w14277
4923,casanatensis,,ne,,w14280
4924,casanatensis,,ut,,w14283
4925,casanatensis,,acrisios,,w14286
4926,casanatensis,,acrisione,,w14289
4927,casanatensis,,ex,,w14292
4928,casanatensis,,quo,,w14295
4929,casanatensis,,possessiuo,,w14298
4930,casanatensis,,acrisioneis,,w14301
4931,casanatensis,,colonis,,w14304
4932,casanatensis,,ab,,w14307
4933,casanatensis,,"acrisioneaKeil (Priscian, Ars grammatica, K 2.68.11, the direct source of this passage) chooses the reading ""ab Acrisione"", but in the apparatus criticus he mentions the reading ""acrisionea"" from codices H (""cod. bibl. gymn. Halberstadiensis, Lutherius Krehlii""), and r (""cod. bibl. imp. Paris. 7496"", second hand).",,w14310
4934,casanatensis,,id,,w14313
4935,casanatensis,,est,,w14316
4936,casanatensis,,"danaaKeil (Priscian, Ars grammatica, K 2.68.11, the direct source of this passage) chooses the reading ""Danae"", but in the apparatus criticus he mentions the reading ""danaa"" from codices R (""cod. bibl. imp. Paris. 7496"") and K (""cod. bibl. Caroliruhensis 223""), while codices D (""cod. bibl. publ. Bernensis, olim Bongarsianus"") and H (""cod. bibl. gymn. Halberstadiensis, Lutherius Krehlii"") have a similar reading.",,w14319
4937,casanatensis,,inueniuntur,,w14322
4938,casanatensis,,etia2am,,w14325
4939,casanatensis,,multa,,w14328
4940,casanatensis,,eiusdem,,w14331
4941,casanatensis,,formæ,,w14334
4942,casanatensis,,gentilia,,w14337
4943,casanatensis,,ut,,w14340
4944,casanatensis,,hæmonis,,w14344
4945,casanatensis,,thessalis,,w14346
4946,casanatensis,,colchis,,w14349
4947,casanatensis,,argolis,,w14352
4948,casanatensis,,cyclas,,w14355
4949,casanatensis,,ias,,w14358
4950,casanatensis,,"troiasKeil (Priscian, Ars grammatica, K 2.68.13, the direct source of this passage) chooses the reading ""Troas"", but in the apparatus criticus he mentions the reading ""troias"" from Priscian's codices D (""cod. bibl. publ. Bernensis, olim Bongarsianus""), H (""cod. bibl. gymn. Halberstadiensis, Lutherius Krehlii"") and K (""cod. bibl. Caroliruhensis 223"").",,w14361
4951,casanatensis,,alia,,w14364
4952,casanatensis,,ŋpropria,,w14367
4953,casanatensis,,ut,,w14370
4954,casanatensis,,bacchis,,w14374
4955,casanatensis,,doris,,w14376
4956,casanatensis,,pythias,,w14379
4957,casanatensis,,possessiua,,w14382
4958,casanatensis,,species,,w14385
4959,casanatensis,,est,,w14388
4960,casanatensis,,quæ,,w14391
4961,casanatensis,,cu2um,,w14394
4962,casanatensis,,genitiuo,,w14397
4963,casanatensis,,primitiui,,w14400
4964,casanatensis,,ostendit,,w14403
4965,casanatensis,,¢quid,,w14406
4966,casanatensis,,possideatur,,w14409
4967,casanatensis,,ut,,w14412
4968,casanatensis,,euandrius,,w14415
4969,casanatensis,,gladius,,w14418
4970,casanatensis,,ŋpro,,w14421
4971,casanatensis,,euandri,,w14424
4972,casanatensis,,gladius,,w14427
4973,casanatensis,,inter,,w14430
4974,casanatensis,,patronymica,,w14433
4975,casanatensis,,et,,w14436
4976,casanatensis,,possessiua,,w14439
4977,casanatensis,,hoc,,w14442
4978,casanatensis,,distat,,w14445
4979,casanatensis,,quod,,w14448
4980,casanatensis,,patronymica,,w14451
4981,casanatensis,,tantu2um,,w14454
4982,casanatensis,,filios,,w14457
4983,casanatensis,,aut,,w14460
4984,casanatensis,,nepotes,,w14463
4985,casanatensis,,uel,,w14466
4986,casanatensis,,qui,,w14469
4987,casanatensis,,ex,,w14472
4988,casanatensis,,ipso,,w14475
4989,casanatensis,,genere,,w14478
4990,casanatensis,,ŋprocreati,,w14481
4991,casanatensis,,st¯sunt,,w14484
4992,casanatensis,,significant,,w14487
4993,casanatensis,,et,,w14490
4994,casanatensis,,tantu2um,,w14493
4995,casanatensis,,a,,w14496
4996,casanatensis,,ŋpropriis,,w14500
4997,casanatensis,,nominib;bus,,w14502
4998,casanatensis,,deriuantur,,w14505
4999,casanatensis,,et,,w14508
5000,casanatensis,,pleru2umque,,w14511
5001,casanatensis,,a,,w14514
5002,casanatensis,,masculino,,w14517
5003,casanatensis,,genere,,w14520
5004,casanatensis,,descendunt,,w14523
5005,casanatensis,,rarissime,,w14526
5006,casanatensis,,a,,w14529
5007,casanatensis,,feminino,,w14532
5008,casanatensis,,quando,,w14535
5009,casanatensis,,a,,w14538
5010,casanatensis,,matrib;bus,,w14541
5011,casanatensis,,fiunt,,w14544
5012,casanatensis,,et,,w14547
5013,casanatensis,,hoc,,w14550
5014,casanatensis,,abusiue,,w14553
5015,casanatensis,,et,,w14556
5016,casanatensis,,ad,,w14559
5017,casanatensis,,solos,,w14562
5018,casanatensis,,homines,,w14565
5019,casanatensis,,þpertinent,,w14568
5020,casanatensis,,et,,w14571
5021,casanatensis,,secundum,,w14574
5022,casanatensis,,gentiles,,w14577
5023,casanatensis,,ad,,w14580
5024,casanatensis,,deos,,w14583
5025,casanatensis,,eo,,w14586
5026,casanatensis,,quod,,w14589
5027,casanatensis,,plures,,w14592
5028,casanatensis,,credebant,,w14595
5029,casanatensis,,deos,,w14598
5030,casanatensis,,et,,w14601
5031,casanatensis,,ex,,w14604
5032,casanatensis,,eoru2um,,w14607
5033,casanatensis,,genere,,w14610
5034,casanatensis,,dicebant,,w14613
5035,casanatensis,,eorum,,w14620
5036,casanatensis,,iam,,w14622
5037,casanatensis,,hominum,,w14624
5038,casanatensis,,quibus,,w14625
5039,casanatensis,,ipsa,,w14628
5040,casanatensis,,a,,w14631
5041,casanatensis,,dis,,w14634
5042,casanatensis,,deriuatio,,w14637
5043,casanatensis,,patronymicam,,w14643
5044,casanatensis,,speciem,,w14645
5045,casanatensis,,ee¯esse,,w14646
5046,casanatensis,,posse,,w14649
5047,casanatensis,,possessiua,,w14652
5048,casanatensis,,quæ,,w14655
5049,casanatensis,,et,,w14658
5050,casanatensis,,thetica,,w14661
5051,casanatensis,,dicitur,,w14664
5052,casanatensis,,n¯non,,w14667
5053,casanatensis,,solum,,w14670
5054,casanatensis,,filios,,w14673
5055,casanatensis,,uel,,w14676
5056,casanatensis,,nepotes,,w14679
5057,casanatensis,,uel,,w14682
5058,casanatensis,,ex,,w14685
5059,casanatensis,,eo,,w14688
5060,casanatensis,,genere,,w14691
5061,casanatensis,,ŋprocreatos,,w14694
5062,casanatensis,,significat,,w14697
5063,casanatensis,,sed,,w14700
5064,casanatensis,,etia2am,,w14703
5065,casanatensis,,omnia,,w14706
5066,casanatensis,,quæ,,w14709
5067,casanatensis,,possunt,,w14712
5068,casanatensis,,esse,,w14715
5069,casanatensis,,in,,w14718
5070,casanatensis,,possessione,,w14721
5071,casanatensis,,et,,w14724
5072,casanatensis,,non,,w14727
5073,casanatensis,,solum,,w14730
5074,casanatensis,,ex,,w14733
5075,casanatensis,,ŋpropriis,,w14736
5076,casanatensis,,sed,,w14739
5077,casanatensis,,etia2am,,w14742
5078,casanatensis,,ab,,w14745
5079,casanatensis,,appellatiuis,,w14748
5080,casanatensis,,deriuatur,,w14751
5081,casanatensis,,et,,w14754
5082,casanatensis,,ab,,w14757
5083,casanatensis,,omnib;bus,,w14760
5084,casanatensis,,generibus,,w14763
5085,casanatensis,,nascitur,,w14766
5086,casanatensis,,et,,w14769
5087,casanatensis,,non,,w14772
5088,casanatensis,,solu2um,,w14775
5089,casanatensis,,ad,,w14778
5090,casanatensis,,homines,,w14781
5091,casanatensis,,uel,,w14784
5092,casanatensis,,secundu2um,,w14787
5093,casanatensis,,gentiles,,w14790
5094,casanatensis,,ad,,w14793
5095,casanatensis,,deos,,w14796
5096,casanatensis,,sed,,w14799
5097,casanatensis,,ad,,w14802
5098,casanatensis,,oms¯omnes,,w14805
5099,casanatensis,,res,,w14808
5100,casanatensis,,þpertinet,,w14811
5101,casanatensis,,possessiua,,w14814
5102,casanatensis,,species,,w14817
5103,casanatensis,,aut,,w14820
5104,casanatensis,,a,,w14823
5105,casanatensis,,nominibus,,w14826
5106,casanatensis,,deriuatur,,w14829
5107,casanatensis,,ut,,w14832
5108,casanatensis,,cæsar,,w14835
5109,casanatensis,,cæsareus,,w14838
5110,casanatensis,,aut,,w14841
5111,casanatensis,,a,,w14844
5112,casanatensis,,uerbis,,w14847
5113,casanatensis,,ut,,w14850
5114,casanatensis,,opto,,w14853
5115,casanatensis,,optatus,,w14856
5116,casanatensis,,uel,,w14859
5117,casanatensis,,ab,,w14862
5118,casanatensis,,aduerbiis,,w14865
5119,casanatensis,,ut,,w14868
5120,casanatensis,,extra,,w14871
5121,casanatensis,,extraneus,,w14874
5122,casanatensis,,et,,w14877
5123,casanatensis,,uel,,w14880
5124,casanatensis,,mobilia,,w14884
5125,casanatensis,,st¯sunt,,w14886
5126,casanatensis,,possessiua,,w14889
5127,casanatensis,,ut,,w14892
5128,casanatensis,,martius,,w14895
5129,casanatensis,,martia,,w14898
5130,casanatensis,,martium,,w14901
5131,casanatensis,,uel,,w14904
5132,casanatensis,,fixa,,w14907
5133,casanatensis,,ut,,w14910
5134,casanatensis,,sacrariu2um,,w14913
5135,casanatensis,,donariu2um,,w14916
5136,casanatensis,,possessiua,,w14919
5137,casanatensis,,dicuntur,,w14922
5138,casanatensis,,et,,w14925
5139,casanatensis,,quæ,,w14928
5140,casanatensis,,possessione2em,,w14931
5141,casanatensis,,ostendunt,,w14934
5142,casanatensis,,et,,w14937
5143,casanatensis,,quæ,,w14940
5144,casanatensis,,forma2am,,w14943
5145,casanatensis,,habent,,w14946
5146,casanatensis,,possessiuoru2um,,w14949
5147,casanatensis,,ut,,w14952
5148,casanatensis,,romanus,,w14955
5149,casanatensis,,ciuis,,w14958
5150,casanatensis,,dicitur,,w14961
5151,casanatensis,,sicut,,w14964
5152,casanatensis,,romanus,,w14967
5153,casanatensis,,ager,,w14970
5154,casanatensis,,ex,,w14973
5155,casanatensis,,eadem,,w14976
5156,casanatensis,,forma,,w14979
5157,casanatensis,,etia2am,,w14982
5158,casanatensis,,agnomina,,w14985
5159,casanatensis,,plurima,,w14988
5160,casanatensis,,fiunt,,w14991
5161,casanatensis,,ut,,w14994
5162,casanatensis,,africanus,,w14997
5163,casanatensis,,scipio,,w15000
5164,casanatensis,,sicut,,w15003
5165,casanatensis,,africanus,,w15006
5166,casanatensis,,gladius,,w15009
5167,casanatensis,,alia,,w15012
5168,casanatensis,,st¯sunt,,w15015
5169,casanatensis,,eiusdem,,w15018
5170,casanatensis,,formæ,,w15021
5171,casanatensis,,quæ,,w15024
5172,casanatensis,,ex,,w15027
5173,casanatensis,,materia,,w15030
5174,casanatensis,,principaliu2um,,w15033
5175,casanatensis,,c¯constare,,w15036
5176,casanatensis,,significantur,,w15039
5177,casanatensis,,ut,,w15042
5178,casanatensis,,ferreus,,w15045
5179,casanatensis,,ferro,,w15047
5180,casanatensis,,factus,,w15048
5181,casanatensis,,similiter,,w15051
5182,casanatensis,,aureus,,w15054
5183,casanatensis,,argenteus,,w15057
5184,casanatensis,,uel,,w15060
5185,casanatensis,,ex,,w15063
5186,casanatensis,,morbis,,w15066
5187,casanatensis,,ut,,w15069
5188,casanatensis,,cardiacus,,w15072
5189,casanatensis,,uel,,w15075
5190,casanatensis,,a,,w15078
5191,casanatensis,,ŋprofessionibus,,w15081
5192,casanatensis,,ut,,w15084
5193,casanatensis,,mechanicus,,w15087
5194,casanatensis,,gra2ammaticus,,w15090
5195,casanatensis,,uel,,w15093
5196,casanatensis,,a,,w15096
5197,casanatensis,,disciplinis,,w15099
5198,casanatensis,,ut,,w15102
5199,casanatensis,,aristotelicus,,w15105
5200,casanatensis,,uel,,w15108
5201,casanatensis,,cetera,,w15111
5202,casanatensis,,quæ,,w15114
5203,casanatensis,,possunt,,w15117
5204,casanatensis,,habere,,w15120
5205,casanatensis,,significatione2em,,w15123
5206,casanatensis,,primitiuoru2um,,w15126
5207,casanatensis,,formæ,,w15129
5208,casanatensis,,possessiuoru2um,,w15132
5209,casanatensis,,a,,w15135
5210,casanatensis,,grecis,,w15138
5211,casanatensis,,acceptæ,,w15141
5212,casanatensis,,st¯sunt,,w15144
5213,casanatensis,,"haeIn this case the diphthong is written with two graphemes ""ae"".",,w15147
5214,casanatensis,,prima,,w15150
5215,casanatensis,,in,,w15153
5216,casanatensis,grc,cos,,w15156
5217,casanatensis,,quam,,w15159
5218,casanatensis,,mutamus,,w15162
5219,casanatensis,,in,,w15165
5220,casanatensis,,cus,,w15168
5221,casanatensis,,antecedentib;bus,,w15171
5222,casanatensis,grc,a,,w15174
5223,casanatensis,,breuis,,w15177
5224,casanatensis,,uel,,w15180
5225,casanatensis,grc,i,,w15183
5226,casanatensis,,uel,,w15186
5227,casanatensis,grc,"uThe manuscript has the grapheme ""u"", but some of the next examples have grapheme ""y"" meaning alphabeme ""y"". Especially the example ""Libycus quod solum 'u' habet ante 'cus'"" proves that the scribe had the Greek alphabeme ""y"" in mind here and represented it with Latin grapheme ""u"", therefore at the Linguistic Layer I am using the Greek alphabemes ""α"", ""ι"" and ""υ"" for the three Latin graphemes ""a"", ""i"" and ""u"".",,w15189
5228,casanatensis,,ut,,w15192
5229,casanatensis,,"cypriacusThere is a macron sign over the ""i"", meaning that the sound is short.",,w15195
5230,casanatensis,,"italicusThere is a macron sign over the ""i"", meaning that the sound is short.",,w15198
5231,casanatensis,,libycus,,w15201
5232,casanatensis,,quod,,w15204
5233,casanatensis,,solu2um,,w15207
5234,casanatensis,grc,u,,w15210
5235,casanatensis,,"hab¯betThis is the first time that I find this abbreviation. It might also be interpreted as a brevigraph, composed of a ""b"" grapheme with a long horizontal trait crossing the vertical line.",,w15213
5236,casanatensis,,ante,,w15216
5237,casanatensis,,cus,,w15219
5238,casanatensis,,quod,,w15222
5239,casanatensis,,accepit,,w15225
5240,casanatensis,,a,,w15228
5241,casanatensis,,principali,,w15231
5242,casanatensis,,et,,w15234
5243,casanatensis,,horu2um,,w15237
5244,casanatensis,,primitiua,,w15240
5245,casanatensis,,si,,w15243
5246,casanatensis,,habuerint,,w15246
5247,casanatensis,grc,c,,w15249
5248,casanatensis,,pares,,w15252
5249,casanatensis,,sunt,,w15255
5250,casanatensis,,in,,w15258
5251,casanatensis,,syllabis,,w15261
5252,casanatensis,,cu2um,,w15264
5253,casanatensis,,possessiuis,,w15267
5254,casanatensis,,ut,,w15270
5255,casanatensis,,ithace,,w15273
5256,casanatensis,,ithacus,,w15276
5257,casanatensis,,alia,,w15279
5258,casanatensis,,omnia,,w15282
5259,casanatensis,,possessiua,,w15285
5260,casanatensis,grc,a,,w15288
5261,casanatensis,,uel,,w15291
5262,casanatensis,grc,i,,w15294
5263,casanatensis,,ante,,w15297
5264,casanatensis,,cus,,w15300
5265,casanatensis,,habentia,,w15303
5266,casanatensis,,siue,,w15306
5267,casanatensis,,a,,w15309
5268,casanatensis,,nominatiuo,,w15312
5269,casanatensis,,seu,,w15315
5270,casanatensis,,a,,w15318
5271,casanatensis,,genitiuo,,w15321
5272,casanatensis,,deriuata,,w15324
5273,casanatensis,,una,,w15327
5274,casanatensis,,syll¯llaba,,w15330
5275,casanatensis,,uincunt,,w15333
5276,casanatensis,,ea,,w15336
5277,casanatensis,,ex,,w15339
5278,casanatensis,,quib;bus,,w15342
5279,casanatensis,,deriuantur,,w15346
5280,casanatensis,,et,,w15348
5281,casanatensis,,si,,w15351
5282,casanatensis,,primitiua,,w15354
5283,casanatensis,,illoru2um,,w15357
5284,casanatensis,,"hab¯bentThe source of this passage (Priscian, Ars grammatica, K 2.69.27, has ""et si promitiua illa habuerint i paenultimam"", but I think that the expansion of this abbreviation should simply be ""habent"".",,w15360
5285,casanatensis,grc,i,,w15363
5286,casanatensis,,penultimu2um,,w15366
5287,casanatensis,,hæc,,w15369
5288,casanatensis,,adsumunt,,w15372
5289,casanatensis,grc,a,,w15375
5290,casanatensis,,et,,w15378
5291,casanatensis,,si,,w15381
5292,casanatensis,grc,o,,w15384
5293,casanatensis,,hæc,,w15387
5294,casanatensis,,adsumunt,,w15390
5295,casanatensis,grc,i,,w15393
5296,casanatensis,,ante,,w15396
5297,casanatensis,,cus,,w15399
5298,casanatensis,,et,,w15402
5299,casanatensis,,non,,w15405
5300,casanatensis,,solu2um,,w15408
5301,casanatensis,,a,,w15411
5302,casanatensis,,primitiuis,,w15414
5303,casanatensis,,sed,,w15417
5304,casanatensis,,etia2am,,w15420
5305,casanatensis,,a,,w15423
5306,casanatensis,,deriuatiuis,,w15426
5307,casanatensis,,nascuntur,,w15429
5308,casanatensis,,ut,,w15432
5309,casanatensis,,troos,,w15435
5310,casanatensis,,troicus,,w15438
5311,casanatensis,,creta,,w15441
5312,casanatensis,,creticus,,w15444
5313,casanatensis,,italus,,w15447
5314,casanatensis,,"italicusThere is a macron over the ""t"" both in ""Italus"" and ""Italicus"", but I do not understand their meaning.",,w15450
5315,casanatensis,,na2am,,w15453
5316,casanatensis,,italia,,w15456
5317,casanatensis,,italiacus,,w15459
5318,casanatensis,,debuit,,w15462
5319,casanatensis,,facere,,w15465
5320,casanatensis,,cyprius,,w15468
5321,casanatensis,,"cypriacusThere is a line in the shape of an acute accent over the ""i"", that could indicate the word stress.",,w15471
5322,casanatensis,,na2am,,w15474
5323,casanatensis,,cyprus,,w15477
5324,casanatensis,,"cypricusThere is a line in the shape of an acute accent over the ""y"", that could indicate the word stress.",,w15480
5325,casanatensis,,facit,,w15483
5326,casanatensis,,mulio,,w15486
5327,casanatensis,,mulionis,,w15489
5328,casanatensis,,"mulionicusAn acute accent-shaped sign over the ""o"" marks the word stress.",,w15492
5329,casanatensis,,secunda,,w15495
5330,casanatensis,,forma,,w15498
5331,casanatensis,,possessiuoru2um,,w15501
5332,casanatensis,,in,,w15504
5333,casanatensis,,us,,w15507
5334,casanatensis,,pura2am,,w15510
5335,casanatensis,,ta2am,,w15513
5336,casanatensis,,greca,,w15516
5337,casanatensis,,qua2am,,w15519
5338,casanatensis,,latina,,w15522
5339,casanatensis,,desinit,,w15525
5340,casanatensis,,antecedente,,w15528
5341,casanatensis,,e,,w15531
5342,casanatensis,,correpta,,w15534
5343,casanatensis,,et,,w15537
5344,casanatensis,,ŋproducta,,w15540
5345,casanatensis,,i,,w15543
5346,casanatensis,,cor¯correpta,,w15546
5347,casanatensis,,uel,,w15549
5348,casanatensis,,o,,w15552
5349,casanatensis,,ŋproduc¯ducta,,w15555
5350,casanatensis,,uel,,w15558
5351,casanatensis,,ae,,w15561
5352,casanatensis,,diphthongo,,w15565
5353,casanatensis,,uel,,w15567
5354,casanatensis,,oe,,w15570
5355,casanatensis,,diphthongo,,w15574
5356,casanatensis,,e,,w15576
5357,casanatensis,,cor¯correpta,,w15579
5358,casanatensis,,ut,,w15582
5359,casanatensis,,"cesareusThere is a macron over the ""a"" (""cesāreus""), marking its long quantity.",,w15585
5360,casanatensis,,et,,w15588
5361,casanatensis,,fere,,w15591
5362,casanatensis,,omnia,,w15594
5363,casanatensis,,ad,,w15597
5364,casanatensis,,materie2em,,w15600
5365,casanatensis,,þpertinentia,,w15603
5366,casanatensis,,ï,,casanatensis:0.1.0.16.2.492
5367,casanatensis,,e,,w15606
5368,casanatensis,,ŋproductu2um,,w15609
5369,casanatensis,,ut,,w15612
5370,casanatensis,,"spondeusA macron over the ""e"" marks its long quantity.",,w15615
5371,casanatensis,,"phoebeusA macron over the ""e"" marks its long quantity.",,w15618
5372,casanatensis,,i,,w15621
5373,casanatensis,,cor¯rreptum,,w15624
5374,casanatensis,,martius,,w15627
5375,casanatensis,,"ariusiusA macron over the first ""u"" marks its long quantity.",,w15630
5376,casanatensis,,"oThe glyph for ""o"" has a dot in the middle.",,w15633
5377,casanatensis,,"ŋprod¯ductumThe abbreviation sign crossing the ascending trait of the ""d"" looks like a tilde rather than like a macron.",,w15636
5378,casanatensis,,"erousA macron over the ""o"" marks its long quantity.",,w15639
5379,casanatensis,,"eousA macron over the ""o"" marks its long quantity.",,w15642
5380,casanatensis,,"aeThe ""a"" is not particulalry large, but it is written with the glyph usually used when it is larger then the rest of the text.",,w15645
5381,casanatensis,,diphthongo,,w15649
5382,casanatensis,,"sabaeusIn this case the diphthong ""ae"" is written with two separate graphemes: ""a"" and ""e"".",,w15651
5383,casanatensis,,ï,,casanatensis:0.1.0.16.2.524
5384,casanatensis,,et,,w15654
5385,casanatensis,,hæc,,w15657
5386,casanatensis,,habent,,w15660
5387,casanatensis,,penultima2am,,w15663
5388,casanatensis,,ae,,w15666
5389,casanatensis,,diphthongu2um,,w15670
5390,casanatensis,,quæ,,w15672
5391,casanatensis,,a,,w15675
5392,casanatensis,,femininis,,w15679
5393,casanatensis,,grecis,,w15681
5394,casanatensis,,in,,w15684
5395,casanatensis,,e,,w15687
5396,casanatensis,,longum,,w15690
5397,casanatensis,,desinentibus,,w15693
5398,casanatensis,,ueniunt,,w15696
5399,casanatensis,,ï,,casanatensis:0.1.0.16.2.554
5400,casanatensis,,uel,,w15699
5401,casanatensis,,a,,w15702
5402,casanatensis,,uerbis,,w15705
5403,casanatensis,,grecis,,w15708
5404,casanatensis,,circumflexis,,w15711
5405,casanatensis,,ut,,w15714
5406,casanatensis,grc,crete,,w15717
5407,casanatensis,,"cretaeusIn this case the diphthong ""ae"" is written with two graphemes ""a"" and ""e"".",,w15720
5408,casanatensis,grc,hyle,,w15723
5409,casanatensis,,"hylaeusIn this case the diphthong ""ae"" is written with two graphemes ""a"" and ""e"".",,w15726
5410,casanatensis,grc,dione,,w15729
5411,casanatensis,,"dionaeusIn this case the diphthong ""ae"" is written with two graphemes ""a"" and ""e"".",,w15732
5412,casanatensis,grc,timo,,w15735
5413,casanatensis,,"timaeusIn this case the diphthong ""ae"" is written with two graphemes ""a"" and ""e"".",,w15738
5414,casanatensis,,ł,,casanatensis:0.1.0.16.2.580
5415,casanatensis,,"oeThe glyph for ""o"" has a dot in the middle of the circle.",,w15741
5416,casanatensis,,diphthongo,,w15745
5417,casanatensis,,ut,,w15747
5418,casanatensis,grc,"euboeaIn this case the diphthong ""oe"" (meant as transliteration of Greek ""οι"") is written with two graphemes ""o"" and ""e"".",,w15750
5419,casanatensis,grc,"eyroeaWhile in Εὔβοια above the Greek dypthong ""ευ"" was transliterated with Latin ""eu"", it is here transliterated with Latin ""ey"".",,w15753
5420,casanatensis,,sciendu2um,,w15756
5421,casanatensis,,est,,w15759
5422,casanatensis,,¢quia,,w15762
5423,casanatensis,,solet,,w15765
5424,casanatensis,,apud,,w15768
5425,casanatensis,,grecos,,w15771
5426,casanatensis,,in,,w15774
5427,casanatensis,,multis,,w15777
5428,casanatensis,grc,ei,,w15780
5429,casanatensis,,diphthongus,,w15784
5430,casanatensis,,ante,,w15786
5431,casanatensis,grc,os,,w15789
5432,casanatensis,,inueniri,,w15792
5433,casanatensis,,quam,,w15796
5434,casanatensis,,latini,,w15798
5435,casanatensis,,solent,,w15801
5436,casanatensis,,in,,w15804
5437,casanatensis,,e,,w15807
5438,casanatensis,,longu2um,,w15810
5439,casanatensis,,conuertere,,w15813
5440,casanatensis,,sequente,,w15816
5441,casanatensis,,us,,w15819
5442,casanatensis,,pura,,w15822
5443,casanatensis,,ul¯uel,,w15825
5444,casanatensis,,a,,w15828
5445,casanatensis,,ul¯uel,,w15831
5446,casanatensis,,um,,w15834
5447,casanatensis,,ut,,w15837
5448,casanatensis,grc,achilleios,,w15840
5449,casanatensis,,achilleus,,w15843
5450,casanatensis,grc,deiopeia,,w15846
5451,casanatensis,,deiopea,,w15849
5452,casanatensis,grc,cynekeion,,w15852
5453,casanatensis,,gyneceu2um,,w15856
5454,casanatensis,,hoc,,w15858
5455,casanatensis,,faciunt,,w15861
5456,casanatensis,,latini,,w15864
5457,casanatensis,,more,,w15867
5458,casanatensis,,ionio,,w15870
5459,casanatensis,,ul¯uel,,w15873
5460,casanatensis,,attico,,w15876
5461,casanatensis,,¢quia,,w15879
5462,casanatensis,,illi,,w15882
5463,casanatensis,grc,edein,,w15885
5464,casanatensis,,ŋpro,,w15888
5465,casanatensis,grc,eidein,,w15891
5466,casanatensis,,dicunt,,w15894
5467,casanatensis,grc,plion,,w15897
5468,casanatensis,,ŋpro,,w15900
5469,casanatensis,grc,pleion,,w15903
5470,casanatensis,,et,,w15906
5471,casanatensis,,ideo,,w15909
5472,casanatensis,,apud,,w15912
5473,casanatensis,,latinos,,w15915
5474,casanatensis,,hoc,,w15918
5475,casanatensis,,fit,,w15921
5476,casanatensis,,¢quia,,w15924
5477,casanatensis,grc,i,,w15927
5478,casanatensis,,pura2am,,w15930
5479,casanatensis,,penultima2am,,w15933
5480,casanatensis,,n¯non,,w15936
5481,casanatensis,,ŋproducunt,,w15939
5482,casanatensis,,nisi,,w15942
5483,casanatensis,,in,,w15945
5484,casanatensis,,fio,,w15948
5485,casanatensis,,uerbo,,w15951
5486,casanatensis,,et,,w15954
5487,casanatensis,,in,,w15957
5488,casanatensis,,genitiuis,,w15960
5489,casanatensis,,"i·usThough the manuscript has a punctuation sign between ""i"" and ""us"", the morpheme meant is ""ius"" as a whole. The source (Priscianus, Ars grammatica, K 2.71.13) also has ""ius"".",,w15963
5490,casanatensis,,desinentib;bus,,w15969
5491,casanatensis,,et,,w15972
5492,casanatensis,,in,,w15975
5493,casanatensis,,disyllabis,,w15978
5494,casanatensis,,grecis,,w15981
5495,casanatensis,,quæ,,w15984
5496,casanatensis,,apud,,w15987
5497,casanatensis,,illos,,w15990
5498,casanatensis,,penultima2am,,w15993
5499,casanatensis,,longa2am,,w15996
5500,casanatensis,,"hab¯bentThe macron is a horizontal trait crossing the ascending trait of the ""b"" grapheme.",,w15999
5501,casanatensis,,et,,w16002
5502,casanatensis,,in,,w16005
5503,casanatensis,,paucis,,w16008
5504,casanatensis,,aliis,,w16011
5505,casanatensis,,in,,w16014
5506,casanatensis,,¢quibus,,w16017
5507,casanatensis,,auctores,,w16020
5508,casanatensis,,ŋpro,,w16023
5509,casanatensis,,e,,w16026
5510,casanatensis,,longu2um,,w16029
5511,casanatensis,,i,,w16032
5512,casanatensis,,longu2um,,w16035
5513,casanatensis,,posuerunt,,w16038
5514,casanatensis,,ut,,w16041
5515,casanatensis,,phtius,,w16044
5516,casanatensis,,phtia,,w16047
5517,casanatensis,,dius,,w16050
5518,casanatensis,,dia,,w16053
5519,casanatensis,,chius,,w16056
5520,casanatensis,,chia,,w16059
5521,casanatensis,,langia,,w16062
5522,casanatensis,,arius,,w16065
5523,casanatensis,,lycius,,w16068
5524,casanatensis,,et,,w16071
5525,casanatensis,,primitiuus,,w16074
5526,casanatensis,,"chiusA breve mark (˘) over the ""i"" marks its short quantity.",,w16077
5527,casanatensis,,corripitur,,w16080
5528,casanatensis,,"lyrciusA macron over the ""i"" marks its long quantity.",,w16083
5529,casanatensis,,quod,,w16086
5530,casanatensis,,in,,w16089
5531,casanatensis,,¢quibusda2am,,w16092
5532,casanatensis,,"lyrceusA macron over the ""e"" marks its long quantity.",,w16095
5533,casanatensis,,argia,,w16098
5534,casanatensis,,argian,,w16101
5535,casanatensis,,est,,w16104
5536,casanatensis,,quando,,w16107
5537,casanatensis,,abiecta,,w16110
5538,casanatensis,,i,,w16113
5539,casanatensis,,ponunt,,w16116
5540,casanatensis,,e,,w16119
5541,casanatensis,,cor¯rreptam,,w16122
5542,casanatensis,,ante,,w16125
5543,casanatensis,,us,,w16128
5544,casanatensis,,ut,,w16131
5545,casanatensis,,"hectoreusThere is a macron over the ""o"" to mark the vowel's long quantity.",,w16134
5546,casanatensis,,more,,w16137
5547,casanatensis,,ionico,,w16140
5548,casanatensis,,qui,,w16143
5549,casanatensis,,in,,w16146
5550,casanatensis,,huiuscemodi,,w16149
5551,casanatensis,,nominibus,,w16152
5552,casanatensis,,abiciunt,,w16155
5553,casanatensis,,i,,w16158
5554,casanatensis,,ut,,w16161
5555,casanatensis,,n¯non,,w16164
5556,casanatensis,,sit,,w16167
5557,casanatensis,,genitiuus,,w16170
5558,casanatensis,,primitiui,,w16173
5559,casanatensis,,par,,w16176
5560,casanatensis,,nominatiuo,,w16179
5561,casanatensis,,possessiui,,w16182
5562,casanatensis,,qua2amuis,,w16185
5563,casanatensis,,inueniatur,,w16188
5564,casanatensis,,e,,w16191
5565,casanatensis,,cor¯orrepta,,w16194
5566,casanatensis,,in,,w16197
5567,casanatensis,,his,,w16200
5568,casanatensis,,deriuatiuis,,w16203
5569,casanatensis,,in,,w16206
5570,casanatensis,,his,,w16209
5571,casanatensis,,etia2am,,w16212
5572,casanatensis,,ei,,w16215
5573,casanatensis,,diphthongus,,w16219
5574,casanatensis,,in,,w16221
5575,casanatensis,,i,,w16224
5576,casanatensis,,longum,,w16227
5577,casanatensis,,conuertitur,,w16230
5578,casanatensis,,sequente,,w16233
5579,casanatensis,,u,,w16236
5580,casanatensis,,loco,,w16239
5581,casanatensis,,diga2ammæ,,w16242
5582,casanatensis,,eolici,,w16245
5583,casanatensis,grc,argeios,,w16248
5584,casanatensis,,argiuus,,w16251
5585,casanatensis,,dicitur,,w16254
5586,casanatensis,,et,,w16257
5587,casanatensis,,argeus,,w16260
5588,casanatensis,,in,,w16263
5589,casanatensis,,latinis,,w16266
5590,casanatensis,,etia2am,,w16269
5591,casanatensis,,i,,w16272
5592,casanatensis,,longu2um,,w16275
5593,casanatensis,,penultimu2um,,w16278
5594,casanatensis,,est,,w16281
5595,casanatensis,,ante,,w16284
5596,casanatensis,,u,,w16287
5597,casanatensis,,loco,,w16290
5598,casanatensis,,consonantis,,w16293
5599,casanatensis,,ut,,w16296
5600,casanatensis,,nominatiuus,,w16299
5601,casanatensis,,genitiuus,,w16302
5602,casanatensis,,optatiuus,,w16305
5603,casanatensis,,et,,w16308
5604,casanatensis,,cetera,,w16311
5605,casanatensis,,quoru2um,,w16314
5606,casanatensis,,alia,,w16317
5607,casanatensis,,a,,w16320
5608,casanatensis,,nominibus,,w16323
5609,casanatensis,,alia,,w16326
5610,casanatensis,,a,,w16329
5611,casanatensis,,uerbis,,w16332
5612,casanatensis,,deriuantur,,w16335
5613,casanatensis,,ł,,casanatensis:0.1.0.16.2.968
5614,casanatensis,,etia2am,,w16338
5615,casanatensis,,et,,w16341
5616,casanatensis,,in,,w16344
5617,casanatensis,,uerbis,,w16347
5618,casanatensis,,preteriti,,w16350
5619,casanatensis,,þperfecti,,w16353
5620,casanatensis,,et,,w16356
5621,casanatensis,,plus qua2am þperfecti,,w16359
5622,casanatensis,,temporis,,w16362
5623,casanatensis,,i,,w16365
5624,casanatensis,,siue,,w16368
5625,casanatensis,,penultimu2um,,w16371
5626,casanatensis,,seu,,w16374
5627,casanatensis,,ante,,w16377
5628,casanatensis,,penultimu2um,,w16380
5629,casanatensis,,sit,,w16383
5630,casanatensis,,corripitur,,w16386
5631,casanatensis,,si,,w16389
5632,casanatensis,,non,,w16392
5633,casanatensis,,tu2um,,w16395
5634,casanatensis,,secutu2um,,w16398
5635,casanatensis,,fuerit,,w16401
5636,casanatensis,,u,,w16404
5637,casanatensis,,loco,,w16407
5638,casanatensis,,consonantis,,w16410
5639,casanatensis,,ut,,w16413
5640,casanatensis,,"audiiThis word has a breve (˘) mark over the first ""i"" to mark its short quantity.",,w16416
5641,casanatensis,,"audi·istiThere is a breve (˘) mark over the first ""i"" to mark its short quantity.",,w16419
5642,casanatensis,,"audiera2amThere is a breve (˘) mark over the ""i"" to mark its short quantity.",,w16422
5643,casanatensis,,"audierasThere is a breve (˘) mark over the ""i"" to mark its short quantity.",,w16425
5644,casanatensis,,sequente,,w16428
5645,casanatensis,,uero,,w16431
5646,casanatensis,,u,,w16434
5647,casanatensis,,loco,,w16437
5648,casanatensis,,consonantis,,w16440
5649,casanatensis,,ubiq;que,,w16443
5650,casanatensis,,producitur,,w16446
5651,casanatensis,,i,,w16449
5652,casanatensis,,ut,,w16452
5653,casanatensis,,"audiuiThere is a macron sign over the first ""i"" to mark the vowel's long quantity.",,w16455
5654,casanatensis,,et,,w16458
5655,casanatensis,,reliqua,,w16461
5656,casanatensis,,solet,,w16464
5657,casanatensis,,conuerti,,w16467
5658,casanatensis,,"eiThe source (Priscian Ars grammatica, K 2.74.17) has ""ai"" here, which would be more consistent with the following example of Greek Ἀχαιός. Keil's apparatus says that ""ai"" is the reading of r, d and h, while ""ae"" is the reading of R, D and H (see http://www.unipa.it/paolo.monella/ursus/sigla.pdf for Keil's sigla codicum).",,w16470
5659,casanatensis,,diphthongus,,w16474
5660,casanatensis,,in,,w16476
5661,casanatensis,,i,,w16479
5662,casanatensis,,longu2um,,w16482
5663,casanatensis,,interpositu2um,,w16485
5664,casanatensis,,"uThe first version of the text in the manuscript was ""solet 
		conuerti ει dyphthongus [sic] in 'i' longum interpositum pro consonante"", where ""interpositum"" was probably
		meant to modify ""i"".  A second hand added the word ""u""  above the line, thus changing the text into
		""solet conuerti ει dyphthongus in 'i' longum, interpositum 'u' pro consonante"",
		where ""solet conuerti ει dyphthongus in 'i' longum"" is the main clause and ""interpositum 'u' pro consonante""
		is an accusative absolute. I think that the latter (the text of the second hand) is the best one,
		so I am changing the punctuation at the Linguistic and Alphabetic Layers accordingly (I am adding
		a comma between ""longum"" and ""interpositum"" and other comma between ""pro consonante"" and ""ut achiuus"").
		The source Priscian Ars grammatica, K 2.74.18 had an ablative absolute
		""interposita similiter u pro consonante"".",,w16488
5665,casanatensis,,ŋpro,,w16491
5666,casanatensis,,consonante,,w16494
5667,casanatensis,,ut,,w16497
5668,casanatensis,,achiuus,,w16500
5669,casanatensis,,ŋpro,,w16503
5670,casanatensis,grc,achaeos,,w16506
5671,casanatensis,,cum,,w16510
5672,casanatensis,,contra,,w16512
5673,casanatensis,,dori,,w16515
5674,casanatensis,grc,ei,,w16518
5675,casanatensis,,in,,w16521
5676,casanatensis,grc,"aeThe manuscript has the Latin diphthong ""ae"". Among the manuscripts of Priscianus, according to Keil's apparatus, H and g (which is the second hand of G) have the Latin diphthong ""ae"", while h (the second hand of H) has corrected it to the Greek diphthong ""ai"".",,w16524
5677,casanatensis,,diphthongu2um,,w16528
5678,casanatensis,,uertunt,,w16530
5679,casanatensis,,ut,,w16533
5680,casanatensis,grc,"aeThe manuscript has the Latin diphthong ""ae"".",,w16536
5681,casanatensis,grc,ke,,w16539
5682,casanatensis,,ŋpro,,w16542
5683,casanatensis,grc,ei,,w16545
5684,casanatensis,grc,ke,,w16548
5685,casanatensis,grc,aethe,,w16551
5686,casanatensis,,ŋpro,,w16554
5687,casanatensis,grc,eithe,,w16557
5688,casanatensis,,in,,w16560
5689,casanatensis,,latino,,w16563
5690,casanatensis,,sermone,,w16566
5691,casanatensis,,n¯non,,w16569
5692,casanatensis,,solu2um,,w16572
5693,casanatensis,,his,,w16575
5694,casanatensis,,sed,,w16578
5695,casanatensis,,etia2am,,w16581
5696,casanatensis,,ŋpropriis,,w16584
5697,casanatensis,,¢quibusda2am,,w16587
5698,casanatensis,,latinoru2um,,w16590
5699,casanatensis,,utimur,,w16593
5700,casanatensis,,in,,w16596
5701,casanatensis,,us,,w16599
5702,casanatensis,,uel,,w16602
5703,casanatensis,,a,,w16605
5704,casanatensis,,ul¯uel,,w16608
5705,casanatensis,,um,,w16611
5706,casanatensis,,pura2am,,w16614
5707,casanatensis,,antecedente,,w16617
5708,casanatensis,,ri,,w16620
5709,casanatensis,,ut,,w16623
5710,casanatensis,,catilinarius,,w16626
5711,casanatensis,,legatarius,,w16629
5712,casanatensis,,et,,w16632
5713,casanatensis,,qua2amuis,,w16635
5714,casanatensis,,forma,,w16638
5715,casanatensis,,sit,,w16641
5716,casanatensis,,possessiua,,w16644
5717,casanatensis,,tamen,,w16647
5718,casanatensis,,diuersæ,,w16650
5719,casanatensis,,significationis,,w16653
5720,casanatensis,,nomina,,w16656
5721,casanatensis,,in,,w16659
5722,casanatensis,,his,,w16662
5723,casanatensis,,inueniuntur,,w16665
5724,casanatensis,,alia,,w16668
5725,casanatensis,,ab,,w16671
5726,casanatensis,,officiis,,w16674
5727,casanatensis,,ut,,w16677
5728,casanatensis,,tabellarius,,w16680
5729,casanatensis,,mercennarius,,w16683
5730,casanatensis,,alia,,w16686
5731,casanatensis,,a,,w16689
5732,casanatensis,,dignitatibus,,w16692
5733,casanatensis,,ut,,w16695
5734,casanatensis,,p¯prefectorius,,w16699
5735,casanatensis,,prætorius,,w16701
5736,casanatensis,,quæ,,w16704
5737,casanatensis,,tamen,,w16707
5738,casanatensis,,hab¯bent,,w16710
5739,casanatensis,,possessiua2am,,w16713
5740,casanatensis,,significatione2em,,w16716
5741,casanatensis,,alia,,w16719
5742,casanatensis,,ab,,w16722
5743,casanatensis,,aliis,,w16725
5744,casanatensis,,reb;bus,,w16728
5745,casanatensis,,in,,w16731
5746,casanatensis,,quib;bus,,w16734
5747,casanatensis,,st¯sunt,,w16737
5748,casanatensis,,ut,,w16740
5749,casanatensis,,collariu2um,,w16743
5750,casanatensis,,qd¯quod,,w16746
5751,casanatensis,,in,,w16749
5752,casanatensis,,collo,,w16752
5753,casanatensis,,est,,w16755
5754,casanatensis,,palmariu2um,,w16758
5755,casanatensis,,qd¯quod,,w16761
5756,casanatensis,,in,,w16764
5757,casanatensis,,palma,,w16767
5758,casanatensis,,est,,w16770
5759,casanatensis,,id,,w16773
5760,casanatensis,,est,,w16776
5761,casanatensis,,in,,w16779
5762,casanatensis,,laude,,w16782
5763,casanatensis,,alia,,w16785
5764,casanatensis,,de,,w16788
5765,casanatensis,,¢quibus,,w16791
5766,casanatensis,,st¯sunt,,w16794
5767,casanatensis,,ut,,w16797
5768,casanatensis,,frum¯mentaria,,w16800
5769,casanatensis,,lex,,w16803
5770,casanatensis,,de,,w16806
5771,casanatensis,,frumento,,w16809
5772,casanatensis,,"agriaThe source (Priscian Ars grammatica, K 2.75.11) has ""agraria"".",,w16812
5773,casanatensis,,de,,w16815
5774,casanatensis,,agris,,w16818
5775,casanatensis,,alia,,w16821
5776,casanatensis,,ex,,w16824
5777,casanatensis,,his,,w16827
5778,casanatensis,,quas,,w16830
5779,casanatensis,,continent,,w16833
5780,casanatensis,,ut,,w16836
5781,casanatensis,,uinaria,,w16839
5782,casanatensis,,cella,,w16842
5783,casanatensis,,quæ,,w16845
5784,casanatensis,,uinu2um,,w16848
5785,casanatensis,,habet,,w16851
5786,casanatensis,,armentarium,,w16854
5787,casanatensis,,in,,w16857
5788,casanatensis,,quo,,w16860
5789,casanatensis,,arma,,w16863
5790,casanatensis,,posita,,w16866
5791,casanatensis,,st¯sunt,,w16869
5792,casanatensis,,tertia,,w16872
5793,casanatensis,,in,,w16875
5794,casanatensis,,nus,,w16878
5795,casanatensis,,quæ,,w16881
5796,casanatensis,,et,,w16884
5797,casanatensis,,diuersæ,,w16887
5798,casanatensis,,formæ,,w16890
5799,casanatensis,,et,,w16893
5800,casanatensis,,diuersæ,,w16896
5801,casanatensis,,terminationis,,w16899
5802,casanatensis,,hac,,w16903
5803,casanatensis,,latini,,w16905
5804,casanatensis,,frequenter,,w16908
5805,casanatensis,,in,,w16911
5806,casanatensis,,possessiua,,w16914
5807,casanatensis,,significatione,,w16917
5808,casanatensis,,utuntur,,w16920
5809,casanatensis,,ut,,w16923
5810,casanatensis,,pompeianus,,w16926
5811,casanatensis,,ex,,w16929
5812,casanatensis,,his,,w16932
5813,casanatensis,,inuenitur,,w16935
5814,casanatensis,,in,,w16938
5815,casanatensis,,¢quibusda2am,,w16941
5816,casanatensis,,a,,w16944
5817,casanatensis,,longu2um,,w16947
5818,casanatensis,,ante,,w16950
5819,casanatensis,,nus,,w16953
5820,casanatensis,,ut,,w16956
5821,casanatensis,,"romanusThere is a macron sign over the ""a"" to mark the vowel's long quantity.",,w16959
5822,casanatensis,,in,,w16962
5823,casanatensis,,¢quib;busda2am,,w16965
5824,casanatensis,,e,,w16968
5825,casanatensis,,longu2um,,w16971
5826,casanatensis,,ut,,w16974
5827,casanatensis,,terrenus,,w16977
5828,casanatensis,,egenus,,w16980
5829,casanatensis,,"abienusOn the possible meanings of this word, see Keil's apparatus to the source of this passage, Priscian Ars grammatica, K 2.75.19. Priscian's manuscripts tend to agree on ""abienus"". Codex H (""cod. bibl. gymn. Halberstadiensis, Lutherius Krehlii"") has a glossa saying ""nomen poetae"".",,w16983
5830,casanatensis,,anienus,,w16986
5831,casanatensis,,in,,w16989
5832,casanatensis,,¢quib;busda2am,,w16992
5833,casanatensis,,i,,w16995
5834,casanatensis,,longu2um,,w16998
5835,casanatensis,,ut,,w17001
5836,casanatensis,,"uicinusThere is a macron sign over the second ""i"" to mark the vowel's long quantity.",,w17004
5837,casanatensis,,in,,w17007
5838,casanatensis,,¢quibusdam,,w17010
5839,casanatensis,,i,,w17013
5840,casanatensis,,breue,,w17016
5841,casanatensis,,antecedente,,w17019
5842,casanatensis,,g,,w17022
5843,casanatensis,,quæ,,w17025
5844,casanatensis,,deriuantur,,w17028
5845,casanatensis,,a,,w17031
5846,casanatensis,,barbarib;bus,,w17034
5847,casanatensis,,ut,,w17037
5848,casanatensis,,"oleaginus There is a breve (˘) mark over the ""i"" to mark its short quantity.",,w17040
5849,casanatensis,,"faginusThere is a breve (˘) mark over the ""i"" to mark its short quantity.",,w17046
5850,casanatensis,,et,,w17049
5851,casanatensis,,in,,w17052
5852,casanatensis,,his,,w17055
5853,casanatensis,,quæ,,w17058
5854,casanatensis,,deriuantur,,w17061
5855,casanatensis,,ab,,w17064
5856,casanatensis,,aduerbiis,,w17067
5857,casanatensis,,temporalibus,,w17070
5858,casanatensis,,ut,,w17073
5859,casanatensis,,cras,,w17076
5860,casanatensis,,"crastinusThere is a breve (˘) mark over the ""i"" to mark its short quantity.",,w17079
5861,casanatensis,,horno,,w17082
5862,casanatensis,,"hornotinusThere is a breve (˘) mark over the ""i"" to mark its short quantity.",,w17085
5863,casanatensis,,diu,,w17088
5864,casanatensis,,"diutinusThere is a breve (˘) mark over the ""i"" to mark its short quantity.",,w17091
5865,casanatensis,,in,,w17094
5866,casanatensis,,¢quibusdam,,w17097
5867,casanatensis,,u,,w17100
5868,casanatensis,,longu2um,,w17103
5869,casanatensis,,ante,,w17106
5870,casanatensis,,nus,,w17109
5871,casanatensis,,ut,,w17112
5872,casanatensis,,tribunus,,w17115
5873,casanatensis,,in,,w17118
5874,casanatensis,,¢quib;busda2am,,w17121
5875,casanatensis,,r,,w17124
5876,casanatensis,,aut,,w17127
5877,casanatensis,,l,,w17130
5878,casanatensis,,ut,,w17133
5879,casanatensis,,diurnus,,w17136
5880,casanatensis,,ficulnus,,w17139
5881,casanatensis,,ex,,w17142
5882,casanatensis,,quib;bus,,w17145
5883,casanatensis,,alia,,w17148
5884,casanatensis,,st¯sunt,,w17151
5885,casanatensis,,possessiua,,w17154
5886,casanatensis,,ut,,w17157
5887,casanatensis,,cesarianus,,w17160
5888,casanatensis,,miles,,w17163
5889,casanatensis,,et,,w17166
5890,casanatensis,,pompeiana,,w17169
5891,casanatensis,,domus,,w17172
5892,casanatensis,,et,,w17175
5893,casanatensis,,tullianu2um,,w17178
5894,casanatensis,,mancipium,,w17181
5895,casanatensis,,alia,,w17184
5896,casanatensis,,et,,w17187
5897,casanatensis,,patria2am,,w17190
5898,casanatensis,,et,,w17193
5899,casanatensis,,possessione2em,,w17196
5900,casanatensis,,significant,,w17199
5901,casanatensis,,ut,,w17202
5902,casanatensis,,romanus,,w17205
5903,casanatensis,,homo,,w17208
5904,casanatensis,,et,,w17211
5905,casanatensis,,romanus,,w17214
5906,casanatensis,,ager,,w17217
5907,casanatensis,,et,,w17220
5908,casanatensis,,hæc,,w17223
5909,casanatensis,,et,,w17226
5910,casanatensis,,alia,,w17229
5911,casanatensis,,huius modi,,w17232
5912,casanatensis,,possunt,,w17235
5913,casanatensis,,habere,,w17238
5914,casanatensis,,significatione2em,,w17241
5915,casanatensis,,ŋproprioru2um,,w17244
5916,casanatensis,,cu2um,,w17247
5917,casanatensis,,extra,,w17250
5918,casanatensis,,natura2am,,w17253
5919,casanatensis,,cuilibet,,w17256
5920,casanatensis,,inponitur,,w17259
5921,casanatensis,,ut,,w17262
5922,casanatensis,,romanus,,w17265
5923,casanatensis,,ciuis,,w17268
5924,casanatensis,,"etThis probably is the first case so far in the manuscript of conjunction ""et"" where the final ""t"" is not written with the one-trait allograph but with the complete two-traits allograph.",,w17271
5925,casanatensis,,romanus,,w17274
5926,casanatensis,,equus,,w17277
5927,casanatensis,,et,,w17280
5928,casanatensis,,romanus,,w17283
5929,casanatensis,,cuius libet,,w17286
5930,casanatensis,,ŋpropriu2um,,w17289
5931,casanatensis,,eode2em,,w17292
5932,casanatensis,,modo,,w17295
5933,casanatensis,,ut,,w17298
5934,casanatensis,,petrus,,w17301
5935,casanatensis,,ex,,w17304
5936,casanatensis,,his,,w17307
5937,casanatensis,,multa,,w17310
5938,casanatensis,,st¯sunt,,w17313
5939,casanatensis,,quæ,,w17316
5940,casanatensis,,inueniuntur,,w17319
5941,casanatensis,,agnomina,,w17322
5942,casanatensis,,ut,,w17325
5943,casanatensis,,"camerinusThere is a macron sign over the ""i"" to mark the vowel's long quantity.",,w17328
5944,casanatensis,,alia,,w17331
5945,casanatensis,,nomina,,w17334
5946,casanatensis,,uel,,w17337
5947,casanatensis,,agnomina,,w17340
5948,casanatensis,,ut,,w17343
5949,casanatensis,,adrianus,,w17346
5950,casanatensis,,ex,,w17349
5951,casanatensis,,his,,w17352
5952,casanatensis,,alia,,w17355
5953,casanatensis,,deriuantur,,w17358
5954,casanatensis,,a,,w17361
5955,casanatensis,,locis,,w17364
5956,casanatensis,,ut,,w17367
5957,casanatensis,,rusticanus,,w17370
5958,casanatensis,,urbanus,,w17373
5959,casanatensis,,alia,,w17376
5960,casanatensis,,a,,w17379
5961,casanatensis,,temporibus,,w17382
5962,casanatensis,,ut,,w17385
5963,casanatensis,,matutinus,,w17388
5964,casanatensis,,a,,w17391
5965,casanatensis,,matuta,,w17394
5966,casanatensis,,id,,w17397
5967,casanatensis,,est,,w17400
5968,casanatensis,,aurora,,w17403
5969,casanatensis,,nocturnus,,w17406
5970,casanatensis,,a,,w17409
5971,casanatensis,,nocte,,w17412
5972,casanatensis,,alia,,w17415
5973,casanatensis,,a,,w17418
5974,casanatensis,,dignitatib;bus,,w17421
5975,casanatensis,,uel,,w17424
5976,casanatensis,,officiis,,w17427
5977,casanatensis,,ut,,w17430
5978,casanatensis,,"tribunusThere is a macron sign over the first ""u"" to mark the vowel's long quantity.",,w17433
5979,casanatensis,,"antesignanusThere is a macron sign over the second ""a"" to mark the vowel's long quantity.",,w17436
5980,casanatensis,,alia,,w17442
5981,casanatensis,,a,,w17445
5982,casanatensis,,generibus,,w17448
5983,casanatensis,,ut,,w17451
5984,casanatensis,,"masculinusThere is a macron sign over the ""i"" to mark the vowel's long quantity.",,w17454
5985,casanatensis,,alia,,w17457
5986,casanatensis,,a,,w17460
5987,casanatensis,,mutis,,w17463
5988,casanatensis,,animalib;bus,,w17466
5989,casanatensis,,ut,,w17469
5990,casanatensis,,taurinus,,w17472
5991,casanatensis,,a,,w17475
5992,casanatensis,,tauro,,w17478
5993,casanatensis,,alia,,w17481
5994,casanatensis,,a,,w17484
5995,casanatensis,,materie,,w17487
5996,casanatensis,,ex,,w17490
5997,casanatensis,,qua,,w17493
5998,casanatensis,,constat,,w17497
5999,casanatensis,,ut,,w17502
6000,casanatensis,,humanus,,w17505
6001,casanatensis,,terrenus,,w17508
6002,casanatensis,,alia,,w17511
6003,casanatensis,,a,,w17514
6004,casanatensis,,fortuna,,w17517
6005,casanatensis,,id,,w17520
6006,casanatensis,,est,,w17523
6007,casanatensis,,euentu,,w17526
6008,casanatensis,,ut,,w17529
6009,casanatensis,,libertinus,,w17533
6010,casanatensis,,alia,,w17535
6011,casanatensis,,a,,w17538
6012,casanatensis,,numeris,,w17541
6013,casanatensis,,se2emþper,,w17544
6014,casanatensis,,pluralia,,w17547
6015,casanatensis,,ut,,w17550
6016,casanatensis,,bini,,w17553
6017,casanatensis,,qua2am uis,,w17556
6018,casanatensis,,poetice,,w17559
6019,casanatensis,,singularia,,w17562
6020,casanatensis,,inueniantur,,w17565
6021,casanatensis,,ex,,w17568
6022,casanatensis,,his,,w17571
6023,casanatensis,,alia,,w17574
6024,casanatensis,,sunt,,w17577
6025,casanatensis,,a,,w17580
6026,casanatensis,,nominib;bus,,w17583
6027,casanatensis,,ut,,w17586
6028,casanatensis,,a,,w17589
6029,casanatensis,,roma,,w17592
6030,casanatensis,,romanus,,w17595
6031,casanatensis,,alia,,w17598
6032,casanatensis,,a,,w17601
6033,casanatensis,,uerbis,,w17604
6034,casanatensis,,ut,,w17607
6035,casanatensis,,ab,,w17610
6036,casanatensis,,egeo,,w17613
6037,casanatensis,,egenus,,w17616
6038,casanatensis,,alia,,w17619
6039,casanatensis,,ab,,w17622
6040,casanatensis,,aduerbiis,,w17625
6041,casanatensis,,ut,,w17628
6042,casanatensis,,infra,,w17631
6043,casanatensis,,infernus,,w17634
6044,casanatensis,,in,,w17637
6045,casanatensis,,a,,w17640
6046,casanatensis,,desinentia,,w17643
6047,casanatensis,,nomina,,w17646
6048,casanatensis,,antecedente,,w17649
6049,casanatensis,,consonante,,w17652
6050,casanatensis,,seu,,w17655
6051,casanatensis,,uocali,,w17658
6052,casanatensis,,eadem,,w17661
6053,casanatensis,,a,,w17664
6054,casanatensis,,ŋproducta,,w17667
6055,casanatensis,,et,,w17670
6056,casanatensis,,accepta,,w17673
6057,casanatensis,,nus,,w17676
6058,casanatensis,,faciunt,,w17679
6059,casanatensis,,deriuatiuu2um,,w17682
6060,casanatensis,,p¯predictæ,,w17685
6061,casanatensis,,formæ,,w17688
6062,casanatensis,,ut,,w17691
6063,casanatensis,,sylla,,w17694
6064,casanatensis,,"syllanusThere is a macron sign over the ""a"" to mark the vowel's long quantity.",,w17697
6065,casanatensis,,roma,,w17700
6066,casanatensis,,"romanusThere is a macron sign over the ""a"" to mark the vowel's long quantity.",,w17703
6067,casanatensis,,preter,,w17706
6068,casanatensis,,si,,w17709
6069,casanatensis,,mutoru2um,,w17713
6070,casanatensis,,st¯sunt,,w17714
6071,casanatensis,,animaliu2um,,w17715
6072,casanatensis,,n¯non,,w17718
6073,casanatensis,,hoc,,w17721
6074,casanatensis,,faciunt,,w17724
6075,casanatensis,,et,,w17727
6076,casanatensis,,preter,,w17730
6077,casanatensis,,hæc,,w17733
6078,casanatensis,,iugurthinus,,w17736
6079,casanatensis,,messalinus,,w17739
6080,casanatensis,,terrenus,,w17742
6081,casanatensis,,quæ,,w17745
6082,casanatensis,,ueniunt,,w17748
6083,casanatensis,,a,,w17751
6084,casanatensis,,iugurtha,,w17754
6085,casanatensis,,et,,w17757
6086,casanatensis,,"messalaThe personal name from which ""Messalinus"" has two spellings: the more common ""Messalla"" and the rarer one found here, ""Messala"". The source (Priscian, Ars grammatica, K 2.77.14 does not mention the primitive names for ""Iugurthinus"" or ""Messalinus"".",,w17760
6087,casanatensis,,et,,w17763
6088,casanatensis,,terra,,w17766
6089,casanatensis,,et,,w17769
6090,casanatensis,,non,,w17772
6091,casanatensis,,seruant,,w17776
6092,casanatensis,,a,,w17778
6093,casanatensis,,ea,,w17781
6094,casanatensis,,nomina,,w17784
6095,casanatensis,,quæ,,w17787
6096,casanatensis,,plurali,,w17790
6097,casanatensis,,desinunt,,w17793
6098,casanatensis,,in,,w17796
6099,casanatensis,,ae,,w17799
6100,casanatensis,,diphthongu2um,,w17803
6101,casanatensis,,uel,,w17805
6102,casanatensis,,in,,w17808
6103,casanatensis,,a,,w17811
6104,casanatensis,,similiter,,w17814
6105,casanatensis,,deriuatiua,,w17817
6106,casanatensis,,ex,,w17820
6107,casanatensis,,se,,w17823
6108,casanatensis,,faciunt,,w17826
6109,casanatensis,,a,,w17829
6110,casanatensis,,ante,,w17832
6111,casanatensis,,nus,,w17835
6112,casanatensis,,ul¯uel,,w17838
6113,casanatensis,,na,,w17841
6114,casanatensis,,ut,,w17844
6115,casanatensis,,acerræ,,w17847
6116,casanatensis,,acerranus,,w17850
6117,casanatensis,,signa,,w17853
6118,casanatensis,,antesignanus,,w17856
6119,casanatensis,,"membranaThe source Priscian Ars grammatica, K 2.77.19 has ""membra membrana"".",,w17859
6120,casanatensis,,similiter,,w17862
6121,casanatensis,,ius,,w17865
6122,casanatensis,,terminata,,w17868
6123,casanatensis,,nomina,,w17871
6124,casanatensis,,uel,,w17874
6125,casanatensis,,"i·eThough the manuscript has a middle dot between ""i"" and ""e"", the whole morpheme ""ie"" is meant.",,w17877
6126,casanatensis,,terminata,,w17883
6127,casanatensis,,aduerbia,,w17886
6128,casanatensis,,faciunt,,w17889
6129,casanatensis,,deriuatiua,,w17892
6130,casanatensis,,a,,w17895
6131,casanatensis,,ante,,w17898
6132,casanatensis,,nus,,w17901
6133,casanatensis,,ut,,w17904
6134,casanatensis,,po2ompeius,,w17907
6135,casanatensis,,pompeianus,,w17910
6136,casanatensis,,cotidie,,w17913
6137,casanatensis,,cotidianus,,w17916
6138,casanatensis,,p¯preter,,w17919
6139,casanatensis,,hodie,,w17922
6140,casanatensis,,qd¯uod,,w17925
6141,casanatensis,,hodiernus,,w17928
6142,casanatensis,,facit,,w17931
6143,casanatensis,,similiter,,w17934
6144,casanatensis,,ea,,w17937
6145,casanatensis,,nomina,,w17940
6146,casanatensis,,quæ,,w17943
6147,casanatensis,,ultra,,w17946
6148,casanatensis,,duas,,w17949
6149,casanatensis,,syllabas,,w17952
6150,casanatensis,,st¯sunt,,w17955
6151,casanatensis,,et,,w17958
6152,casanatensis,,desinunt,,w17961
6153,casanatensis,,in,,w17964
6154,casanatensis,,cus,,w17967
6155,casanatensis,,ul¯uel,,w17970
6156,casanatensis,,culus,,w17973
6157,casanatensis,,faciunt,,w17976
6158,casanatensis,,ex,,w17979
6159,casanatensis,,se,,w17982
6160,casanatensis,,deriuatiua,,w17985
6161,casanatensis,,eusde2em,,w17988
6162,casanatensis,,formæ,,w17991
6163,casanatensis,,a,,w17994
6164,casanatensis,,longu2um,,w17997
6165,casanatensis,,ante,,w18000
6166,casanatensis,,nus,,w18003
6167,casanatensis,,ut,,w18006
6168,casanatensis,,rusticus,,w18009
6169,casanatensis,,rusticanus,,w18012
6170,casanatensis,,tusculus,,w18015
6171,casanatensis,,tusculanus,,w18018
6172,casanatensis,,preter,,w18021
6173,casanatensis,,masculus,,w18024
6174,casanatensis,,qd¯quod,,w18027
6175,casanatensis,,diminutiuu2um,,w18030
6176,casanatensis,,÷est,,w18033
6177,casanatensis,,maris,,w18036
6178,casanatensis,,facit,,w18039
6179,casanatensis,,"masculinusThere is a macron sign over the ""i"" to mark the vowel's long quantity.",,w18042
6180,casanatensis,,i,,w18045
6181,casanatensis,,ŋproductu2um,,w18048
6182,casanatensis,,ante,,w18051
6183,casanatensis,,nus,,w18054
6184,casanatensis,,disyllaba,,w18057
6185,casanatensis,,in,,w18060
6186,casanatensis,,cus,,w18063
6187,casanatensis,,desinentia,,w18066
6188,casanatensis,,n¯non,,w18069
6189,casanatensis,,faciunt,,w18072
6190,casanatensis,,ex,,w18075
6191,casanatensis,,se,,w18078
6192,casanatensis,,habentia,,w18081
6193,casanatensis,,a,,w18084
6194,casanatensis,,ante,,w18087
6195,casanatensis,,nus,,w18090
6196,casanatensis,,ut,,w18093
6197,casanatensis,,mancus,,w18096
6198,casanatensis,,mancinus,,w18099
6199,casanatensis,,porcus,,w18102
6200,casanatensis,,porcinus,,w18105
6201,casanatensis,,in,,w18108
6202,casanatensis,,um,,w18111
6203,casanatensis,,desinentia,,w18114
6204,casanatensis,,neutra,,w18117
6205,casanatensis,,consonante,,w18120
6206,casanatensis,,antecedente,,w18123
6207,casanatensis,,ex,,w18126
6208,casanatensis,,se,,w18129
6209,casanatensis,,faciunt,,w18132
6210,casanatensis,,deriiuatiua,,w18135
6211,casanatensis,,habentia,,w18138
6212,casanatensis,,a,,w18141
6213,casanatensis,,ante,,w18144
6214,casanatensis,,nus,,w18147
6215,casanatensis,,ut,,w18150
6216,casanatensis,,oppidu2um,,w18153
6217,casanatensis,,oppidanus,,w18156
6218,casanatensis,,castellu2um,,w18159
6219,casanatensis,,castellanus,,w18162
6220,casanatensis,,similiter,,w18165
6221,casanatensis,,pleraq;que,,w18168
6222,casanatensis,,tertiæ,,w18171
6223,casanatensis,,declinationis,,w18174
6224,casanatensis,,faciunt,,w18177
6225,casanatensis,,ex,,w18180
6226,casanatensis,,se,,w18183
6227,casanatensis,,habentia,,w18186
6228,casanatensis,,a,,w18189
6229,casanatensis,,ante,,w18192
6230,casanatensis,,nus,,w18195
6231,casanatensis,,ut,,w18198
6232,casanatensis,,cesar,,w18201
6233,casanatensis,,cesaris,,w18204
6234,casanatensis,,cesarianus,,w18207
6235,casanatensis,,fons,,w18210
6236,casanatensis,,fontis,,w18213
6237,casanatensis,,fontanus,,w18216
6238,casanatensis,,sol,,w18219
6239,casanatensis,,solis,,w18222
6240,casanatensis,,solanus,,w18225
6241,casanatensis,,ex,,w18228
6242,casanatensis,,quo,,w18231
6243,casanatensis,,sub solanus,,w18234
6244,casanatensis,,milo,,w18237
6245,casanatensis,,milonis,,w18240
6246,casanatensis,,milonianus,,w18243
6247,casanatensis,,piso,,w18246
6248,casanatensis,,pisonis,,w18249
6249,casanatensis,,pisonianus,,w18252
6250,casanatensis,,qua2am uis,,w18255
6251,casanatensis,,alii,,w18258
6252,casanatensis,,miloninus,,w18261
6253,casanatensis,,et,,w18264
6254,casanatensis,,pisoninus,,w18267
6255,casanatensis,,lux,,w18270
6256,casanatensis,,lucis,,w18273
6257,casanatensis,,lucanus,,w18276
6258,casanatensis,,ex,,w18279
6259,casanatensis,,quo,,w18282
6260,casanatensis,,ante lucanus,,w18285
6261,casanatensis,,ideo,,w18288
6262,casanatensis,,pleraq;que,,w18291
6263,casanatensis,,dictu2um,,w18294
6264,casanatensis,,est,,w18297
6265,casanatensis,,qm¯quoniam,,w18300
6266,casanatensis,,deriuata,,w18303
6267,casanatensis,,a,,w18306
6268,casanatensis,,neutris,,w18309
6269,casanatensis,,in,,w18312
6270,casanatensis,,e,,w18315
6271,casanatensis,,desinentib;bus,,w18318
6272,casanatensis,,i,,w18321
6273,casanatensis,,"ŋprod¯ductumThis word is a very interesting use case for the encoding of abbreviations. The macron that crosses the long ascending trait of the ""d"" might well be interpreted as spanning not only over the ""d"", but also over the first grapheme. The latter, however, already is an abbreviation, since it is a ""ŋ"" brevigraph normally meaning ""prae"" (which, through monophthongation, becomes ""pre"").  So the first grapheme would be involved in two different abbreviations: it is a brevigraph per se, but it is also part of the abbreviation involving the whole word (marked by the macron above it).  However, in my JavaScript code handling the XML/TEI code, I did not think of handling a case in which an ""abbr"" element is child of another ""abbr"" element. Also, the macron is mostly over the ""d"", so I am encoding this as though the macron was over the ""d"" only.",,w18324
6274,casanatensis,,habent,,w18327
6275,casanatensis,,ante,,w18330
6276,casanatensis,,nus,,w18333
6277,casanatensis,,ut,,w18336
6278,casanatensis,,mare,,w18339
6279,casanatensis,,"marinusThere is a macron sign over the ""i"" to mark the vowel's long quantity.",,w18342
6280,casanatensis,,et,,w18345
6281,casanatensis,,ab,,w18348
6282,casanatensis,,his,,w18351
6283,casanatensis,,quæ,,w18354
6284,casanatensis,,pares,,w18357
6285,casanatensis,,habent,,w18360
6286,casanatensis,,syllabas,,w18363
6287,casanatensis,,in,,w18366
6288,casanatensis,,nominatiuo,,w18369
6289,casanatensis,,et,,w18372
6290,casanatensis,,genitiuo,,w18375
6291,casanatensis,,similiter,,w18378
6292,casanatensis,,faciunt,,w18381
6293,casanatensis,,ut,,w18384
6294,casanatensis,,hercules,,w18387
6295,casanatensis,,herculis,,w18391
6296,casanatensis,,"herculinusThere is a macron sign over the ""i"" to mark the vowel's long quantity.",,w18393
6297,casanatensis,,si,,w18396
6298,casanatensis,,sint,,w18399
6299,casanatensis,,secundæ,,w18402
6300,casanatensis,,declinationis,,w18405
6301,casanatensis,,nomina,,w18408
6302,casanatensis,,er,,w18411
6303,casanatensis,,terminata,,w18414
6304,casanatensis,,ul¯uel,,w18417
6305,casanatensis,,us,,w18420
6306,casanatensis,,antecedente,,w18423
6307,casanatensis,,consonante,,w18426
6308,casanatensis,,ul¯uel,,w18429
6309,casanatensis,,"i·umThough there is a middle dot between ""i"" and ""um"", the morpheme that the author meant was ""ium"" as a whole (compare the source, Priscian Ars grammatica, K 2.79.2: ""et in ium propria"").",,w18432
6310,casanatensis,,deriuata,,w18438
6311,casanatensis,,ab,,w18441
6312,casanatensis,,eis,,w18444
6313,casanatensis,,i,,w18447
6314,casanatensis,,longu2um,,w18450
6315,casanatensis,,habent,,w18453
6316,casanatensis,,ante,,w18456
6317,casanatensis,,nus,,w18459
6318,casanatensis,,ut,,w18462
6319,casanatensis,,auster,,w18465
6320,casanatensis,,austrinus,,w18468
6321,casanatensis,,adulter,,w18471
6322,casanatensis,,adulterinus,,w18474
6323,casanatensis,,mancus,,w18480
6324,casanatensis,,mancinus,,w18483
6325,casanatensis,,regiu2um,,w18486
6326,casanatensis,,reginus,,w18489
6327,casanatensis,,carus,,w18492
6328,casanatensis,,carinus,,w18495
6329,casanatensis,,excipiuntur,,w18498
6330,casanatensis,,ab,,w18501
6331,casanatensis,,humo,,w18504
6332,casanatensis,,humanus,,w18507
6333,casanatensis,,a,,w18510
6334,casanatensis,,mundo,,w18513
6335,casanatensis,,mundanus,,w18516
6336,casanatensis,,et,,w18519
6337,casanatensis,,ea,,w18522
6338,casanatensis,,q;que,,w18525
6339,casanatensis,,ut,,w18528
6340,casanatensis,,p¯predictu2um,,w18531
6341,casanatensis,,÷est,,w18534
6342,casanatensis,,in,,w18537
6343,casanatensis,,cus,,w18540
6344,casanatensis,,et,,w18543
6345,casanatensis,,culus,,w18546
6346,casanatensis,,desinunt,,w18549
6347,casanatensis,,et,,w18552
6348,casanatensis,,ultra,,w18555
6349,casanatensis,,duas,,w18558
6350,casanatensis,,syllabas,,w18561
6351,casanatensis,,habent,,w18564
6352,casanatensis,,na2am,,w18567
6353,casanatensis,,¢quia,,w18570
6354,casanatensis,,a,,w18573
6355,casanatensis,,taurominio,,w18576
6356,casanatensis,,taurominitanus,,w18579
6357,casanatensis,,dictr¯citur,,w18582
6358,casanatensis,,grecos,,w18585
6359,casanatensis,,sequuntur,,w18588
6360,casanatensis,,¢qui,,w18591
6361,casanatensis,grc,tauromenites,,w18594
6362,casanatensis,,dicunt,,w18597
6363,casanatensis,,gentilia,,w18600
6364,casanatensis,,apud,,w18603
6365,casanatensis,,grecos,,w18606
6366,casanatensis,,in,,w18609
6367,casanatensis,grc,tes,,w18612
6368,casanatensis,,desinentia,,w18615
6369,casanatensis,,mutata,,w18618
6370,casanatensis,grc,es,,w18621
6371,casanatensis,,in,,w18624
6372,casanatensis,,a,,w18627
6373,casanatensis,,et,,w18630
6374,casanatensis,,accepta,,w18633
6375,casanatensis,,nus,,w18636
6376,casanatensis,,faciunt,,w18639
6377,casanatensis,,deriuatiua,,w18642
6378,casanatensis,,ut,,w18645
6379,casanatensis,grc,metropolites,,w18648
6380,casanatensis,,metropolitanus,,w18651
6381,casanatensis,grc,neapolites,,w18654
6382,casanatensis,,neapolitanus,,w18657
6383,casanatensis,,i,,w18660
6384,casanatensis,,hab¯abent,,w18663
6385,casanatensis,,ante,,w18666
6386,casanatensis,,nus,,w18669
6387,casanatensis,,omnia,,w18672
6388,casanatensis,,quæ,,w18675
6389,casanatensis,,a,,w18678
6390,casanatensis,,nominib;bus,,w18681
6391,casanatensis,,mutoru2um,,w18684
6392,casanatensis,,animaliu2um,,w18687
6393,casanatensis,,cuiuscu2umq;que,,w18690
6394,casanatensis,,declinationis,,w18693
6395,casanatensis,,deriuantur,,w18697
6396,casanatensis,,qua2amuis,,w18699
6397,casanatensis,,alia,,w18702
6398,casanatensis,,ex,,w18705
6399,casanatensis,,eis,,w18708
6400,casanatensis,,in,,w18711
6401,casanatensis,,a,,w18714
6402,casanatensis,,desinant,,w18717
6403,casanatensis,,ut,,w18720
6404,casanatensis,,aþper,,w18723
6405,casanatensis,,"aprinusThere is a macron sign over the ""i"" to mark the vowel's long quantity.",,w18726
6406,casanatensis,,ceruus,,w18730
6407,casanatensis,,ceruinus,,w18733
6408,casanatensis,,canis,,w18735
6409,casanatensis,,caninus,,w18738
6410,casanatensis,,formica,,w18741
6411,casanatensis,,formicinus,,w18744
6412,casanatensis,,ouis,,w18747
6413,casanatensis,,ouinus,,w18750
6414,casanatensis,,sus,,w18754
6415,casanatensis,,suinus,,w18756
6416,casanatensis,,na2am,,w18759
6417,casanatensis,,ouilla,,w18762
6418,casanatensis,,et,,w18765
6419,casanatensis,,suilla,,w18768
6420,casanatensis,,diminutiua,,w18771
6421,casanatensis,,st¯sunt,,w18774
6422,casanatensis,,in,,w18777
6423,casanatensis,,nus,,w18780
6424,casanatensis,,et,,w18783
6425,casanatensis,,na,,w18786
6426,casanatensis,,et,,w18789
6427,casanatensis,,nu2um,,w18792
6428,casanatensis,,desinentia,,w18795
6429,casanatensis,,si,,w18798
6430,casanatensis,,faciunt,,w18801
6431,casanatensis,,diminutiua,,w18804
6432,casanatensis,,abiecta,,w18807
6433,casanatensis,,n,,w18810
6434,casanatensis,,assumunt,,w18813
6435,casanatensis,,duas,,w18816
6436,casanatensis,,l,,w18819
6437,casanatensis,,ut,,w18822
6438,casanatensis,,unus,,w18825
6439,casanatensis,,ullus,,w18828
6440,casanatensis,,una,,w18831
6441,casanatensis,,ulla,,w18834
6442,casanatensis,,unu2um,,w18837
6443,casanatensis,,ullu2um,,w18840
6444,casanatensis,,bonus,,w18843
6445,casanatensis,,bellus,,w18846
6446,casanatensis,,inueniuntur,,w18849
6447,casanatensis,,deriuatiua,,w18852
6448,casanatensis,,in,,w18855
6449,casanatensis,,tinus,,w18858
6450,casanatensis,,"penultimaAlphabemes are normally considered neuter in the text. As is it the direct object of ""corripientia"", it could be emended to ""paenultimum"", singular accusative neuter. I am not emending this because it could be considered a plural accusative neuter.",,w18861
6451,casanatensis,,corripientia,,w18864
6452,casanatensis,,quoru2um,,w18867
6453,casanatensis,,primitiua,,w18870
6454,casanatensis,,n¯non,,w18873
6455,casanatensis,,habent,,w18876
6456,casanatensis,,t,,w18879
6457,casanatensis,,ut,,w18882
6458,casanatensis,,diu,,w18885
6459,casanatensis,,"diutinusThere is a breve (˘) mark over the second ""i"" to mark its short quantity.",,w18888
6460,casanatensis,,cras,,w18891
6461,casanatensis,,"crastinusThere is a breve (˘) mark over the second ""i"" to mark its short quantity.",,w18894
6462,casanatensis,,na2am,,w18897
6463,casanatensis,,constantinus,,w18900
6464,casanatensis,,et,,w18903
6465,casanatensis,,"clementinusThere is a macron sign over the ""i"" to mark the vowel's long quantity.",,w18906
6466,casanatensis,,ŋproducunt,,w18909
6467,casanatensis,,i,,w18912
6468,casanatensis,,penultimu2um,,w18915
6469,casanatensis,,¢quia,,w18918
6470,casanatensis,,genitiuus,,w18921
6471,casanatensis,,primitiui,,w18924
6472,casanatensis,,eoru2um,,w18927
6473,casanatensis,,habet,,w18930
6474,casanatensis,,t,,w18933
6475,casanatensis,,constantis,,w18936
6476,casanatensis,,clementis,,w18939
6477,casanatensis,,et,,w18942
6478,casanatensis,,"mediastinusThere is a macron sign over the second ""i"" to mark the vowel's long quantity.",,w18945
6479,casanatensis,,ŋproducit,,w18948
6480,casanatensis,,i,,w18951
6481,casanatensis,,¢quia,,w18954
6482,casanatensis,,compositu2um,,w18957
6483,casanatensis,,est,,w18960
6484,casanatensis,,a,,w18963
6485,casanatensis,,medio,,w18966
6486,casanatensis,,stando,,w18969
6487,casanatensis,,et,,w18972
6488,casanatensis,,tenendo,,w18975
6489,casanatensis,,"fiscinaThere is a breve (˘) mark over the second ""i"" to mark its short quantity.",,w18978
6490,casanatensis,,sicut,,w18981
6491,casanatensis,,et,,w18984
6492,casanatensis,,"fuscinaThere is a breve (˘) mark over the ""i"" to mark its short quantity.",,w18987
6493,casanatensis,,corripitur,,w18990
6494,casanatensis,,i,,w18993
6495,casanatensis,,"piscinaThere is a macron sign over the second ""i"" to mark the vowel's long quantity.",,w18996
6496,casanatensis,,ŋproducitur,,w18999
6497,casanatensis,,quia,,w19002
6498,casanatensis,,deriuatur,,w19005
6499,casanatensis,,a,,w19008
6500,casanatensis,,pisce,,w19011
6501,casanatensis,,fiscina,,w19014
6502,casanatensis,,non,,w19017
6503,casanatensis,,a,,w19020
6504,casanatensis,,fisco,,w19023
6505,casanatensis,,nec,,w19026
6506,casanatensis,,fuscina,,w19029
6507,casanatensis,,a,,w19032
6508,casanatensis,,fusco,,w19035
6509,casanatensis,,nec,,w19038
6510,casanatensis,,pagina,,w19041
6511,casanatensis,,a,,w19044
6512,casanatensis,,pago,,w19047
6513,casanatensis,,nec,,w19050
6514,casanatensis,,mutina,,w19053
6515,casanatensis,,a,,w19056
6516,casanatensis,,muto,,w19059
6517,casanatensis,,nec,,w19062
6518,casanatensis,,ariminu2um,,w19065
6519,casanatensis,,ab,,w19068
6520,casanatensis,,arimu2um,,w19071
6521,casanatensis,,deriuantur,,w19074
6522,casanatensis,,et,,w19077
6523,casanatensis,,¢quia,,w19080
6524,casanatensis,,primitiua,,w19083
6525,casanatensis,,st¯sunt,,w19086
6526,casanatensis,,corripiunt,,w19089
6527,casanatensis,,penultima2am,,w19092
6528,casanatensis,,in,,w19095
6529,casanatensis,,er,,w19098
6530,casanatensis,,desinentia,,w19101
6531,casanatensis,,tertiæ,,w19104
6532,casanatensis,,declinationis,,w19107
6533,casanatensis,,ul¯uel,,w19110
6534,casanatensis,,in,,w19113
6535,casanatensis,,"i·usThough there is a middle dot between ""i"" and ""us"", the morpheme that the author meant was ""ius"" as a whole (compare the source, Priscian Ars grammatica, K 2.80.19: ""sin autem in ""er"" desinentia tertiae sint declinationis uel in ""ius"" facientia genetiuum"").",,w19116
6536,casanatensis,,facientia,,w19122
6537,casanatensis,,genitiuu2um,,w19125
6538,casanatensis,,accepta,,w19128
6539,casanatensis,,nus,,w19131
6540,casanatensis,,faciunt,,w19134
6541,casanatensis,,deriuatiua,,w19137
6542,casanatensis,,ut,,w19140
6543,casanatensis,,mater,,w19143
6544,casanatensis,,maternus,,w19146
6545,casanatensis,,acer,,w19149
6546,casanatensis,,de,,w19152
6547,casanatensis,,cuius,,w19155
6548,casanatensis,,declinatione,,w19158
6549,casanatensis,,dubitatur,,w19161
6550,casanatensis,,acernus,,w19164
6551,casanatensis,,alter,,w19167
6552,casanatensis,,alternus,,w19170
6553,casanatensis,,p¯preter,,w19173
6554,casanatensis,,ut,,w19176
6555,casanatensis,,p¯predictu2um,,w19179
6556,casanatensis,,est,,w19182
6557,casanatensis,,a,,w19185
6558,casanatensis,,mutis,,w19188
6559,casanatensis,,animalibus,,w19191
6560,casanatensis,,deriuata,,w19194
6561,casanatensis,,ut,,w19197
6562,casanatensis,,passer,,w19200
6563,casanatensis,,"passerinusThere is a macron sign over the ""i"" to mark the vowel's long quantity.",,w19203
6564,casanatensis,,ab,,w19206
6565,casanatensis,,aduerbiis,,w19209
6566,casanatensis,,in,,w19212
6567,casanatensis,,ra,,w19215
6568,casanatensis,,desinentibus,,w19218
6569,casanatensis,,er,,w19221
6570,casanatensis,,hab¯abent,,w19224
6571,casanatensis,,ante,,w19227
6572,casanatensis,,nus,,w19230
6573,casanatensis,,infra,,w19233
6574,casanatensis,,infernus,,w19236
6575,casanatensis,,extra,,w19239
6576,casanatensis,,externus,,w19242
6577,casanatensis,,etia2am,,w19245
6578,casanatensis,,ab,,w19248
6579,casanatensis,,aliis,,w19251
6580,casanatensis,,aduerbiis,,w19257
6581,casanatensis,,inueniuntur,,w19260
6582,casanatensis,,r,,w19263
6583,casanatensis,,ante,,w19266
6584,casanatensis,,nus,,w19270
6585,casanatensis,,habentia,,w19272
6586,casanatensis,,ut,,w19275
6587,casanatensis,,noctu,,w19278
6588,casanatensis,,nocturnus,,w19281
6589,casanatensis,,diu,,w19284
6590,casanatensis,,diurnus,,w19287
6591,casanatensis,,heri,,w19290
6592,casanatensis,,alternitatis,,w19293
6593,casanatensis,,causa,,w19296
6594,casanatensis,,hesternus,,w19299
6595,casanatensis,,etia2am,,w19302
6596,casanatensis,,in,,w19305
6597,casanatensis,,teria,,w19308
6598,casanatensis,,desinentia,,w19311
6599,casanatensis,,ita,,w19314
6600,casanatensis,,faciunt,,w19317
6601,casanatensis,,deriuatiua,,w19320
6602,casanatensis,,ut,,w19323
6603,casanatensis,,fabrateria,,w19326
6604,casanatensis,,fabraternus,,w19329
6605,casanatensis,,sabrateria,,w19332
6606,casanatensis,,sabraternus,,w19335
6607,casanatensis,,etas,,w19338
6608,casanatensis,,æternus,,w19341
6609,casanatensis,,facit,,w19344
6610,casanatensis,,et,,w19347
6611,casanatensis,,uetus,,w19350
6612,casanatensis,,ueternus,,w19353
6613,casanatensis,,n¯non,,w19356
6614,casanatensis,,solu2um,,w19359
6615,casanatensis,,ueteranus,,w19362
6616,casanatensis,,sed,,w19365
6617,casanatensis,,et,,w19368
6618,casanatensis,,alias,,w19371
6619,casanatensis,,significationes,,w19374
6620,casanatensis,,hab¯abet,,w19377
6621,casanatensis,,quercus,,w19381
6622,casanatensis,,quernus,,w19384
6623,casanatensis,,corylus,,w19386
6624,casanatensis,,colurnus,,w19389
6625,casanatensis,,tacitus,,w19392
6626,casanatensis,,taciturnus,,w19395
6627,casanatensis,,mensis,,w19399
6628,casanatensis,,mensurnus,,w19401
6629,casanatensis,,ab,,w19404
6630,casanatensis,,hieme,,w19407
6631,casanatensis,,ul¯uel,,w19410
6632,casanatensis,,imbre,,w19413
6633,casanatensis,,hibernus,,w19416
6634,casanatensis,,in,,w19419
6635,casanatensis,,"i·aThough there is a middle dot between ""i"" and ""a"", the morpheme that the author meant was ""ia"" as a whole (compare the source, Priscian Ars grammatica, K 2.81.15: ""in 'ia' desinentia n antecedente"", and compare the following examples).",,w19422
6636,casanatensis,,desinentia,,w19428
6637,casanatensis,,ante cedente,,w19431
6638,casanatensis,,n,,w19434
6639,casanatensis,,mutant,,w19437
6640,casanatensis,,ia,,w19440
6641,casanatensis,,in,,w19443
6642,casanatensis,,us,,w19446
6643,casanatensis,,ut,,w19449
6644,casanatensis,,hispania,,w19452
6645,casanatensis,,hispanus,,w19455
6646,casanatensis,,"dardanu2umThere is a breve (˘) mark over the second ""a"" to mark its short quantity.",,w19458
6647,casanatensis,,ŋpropriu2um,,w19461
6648,casanatensis,,÷est,,w19464
6649,casanatensis,,et,,w19467
6650,casanatensis,,primitiuu2um,,w19470
6651,casanatensis,,ideo,,w19473
6652,casanatensis,,a,,w19476
6653,casanatensis,,cor¯orreptum,,w19479
6654,casanatensis,,hab¯abet,,w19482
6655,casanatensis,,penultimu2um,,w19485
6656,casanatensis,,abusiue,,w19488
6657,casanatensis,,poetæ,,w19491
6658,casanatensis,,dardanu2um,,w19494
6659,casanatensis,,ŋpro,,w19497
6660,casanatensis,,dardanio,,w19500
6661,casanatensis,,ponunt,,w19503
6662,casanatensis,,si,,w19506
6663,casanatensis,,uero,,w19509
6664,casanatensis,,ante,,w19512
6665,casanatensis,,"i·aThough there is a middle dot between ""i"" and ""a"", the morpheme that the author meant was ""ia"" as a whole.",,w19515
6666,casanatensis,,n¯non,,w19521
6667,casanatensis,,n,,w19524
6668,casanatensis,,sed,,w19527
6669,casanatensis,,alia2am,,w19530
6670,casanatensis,,qua2am libet,,w19533
6671,casanatensis,,consonante2em,,w19536
6672,casanatensis,,habuerint,,w19539
6673,casanatensis,,primitiua,,w19542
6674,casanatensis,,"deriuataIn this case, exceptionally, a larger initial does not mark the beginning of a new complex sentence or paragraph.",,w19545
6675,casanatensis,,ab,,w19548
6676,casanatensis,,eis,,w19551
6677,casanatensis,,i,,w19554
6678,casanatensis,,longu2um,,w19557
6679,casanatensis,,hab¯abent,,w19560
6680,casanatensis,,ante,,w19563
6681,casanatensis,,nus,,w19566
6682,casanatensis,,ut,,w19569
6683,casanatensis,,luceria,,w19572
6684,casanatensis,,lucerinus,,w19575
6685,casanatensis,,anagnia,,w19578
6686,casanatensis,,¢quia,,w19581
6687,casanatensis,,g,,w19584
6688,casanatensis,,ante,,w19587
6689,casanatensis,,n,,w19590
6690,casanatensis,,hab¯abet,,w19593
6691,casanatensis,,anagninus,,w19597
6692,casanatensis,,facit,,w19599
6693,casanatensis,,ab,,w19602
6694,casanatensis,,urbiu2um,,w19605
6695,casanatensis,,nominib;bus,,w19608
6696,casanatensis,,deriuata,,w19611
6697,casanatensis,,in,,w19614
6698,casanatensis,grc,tes,,w19617
6699,casanatensis,,desinentia,,w19620
6700,casanatensis,,apud,,w19623
6701,casanatensis,,grecos,,w19626
6702,casanatensis,,ut,,w19629
6703,casanatensis,,p¯predictu2um,,w19632
6704,casanatensis,,est,,w19635
6705,casanatensis,,in,,w19638
6706,casanatensis,,tanus,,w19641
6707,casanatensis,,efferuntur,,w19644
6708,casanatensis,,pleru2umq;que,,w19647
6709,casanatensis,,ut,,w19650
6710,casanatensis,grc,"neapolitesThere is a macron sign over the ""i"" to mark the vowel's long quantity.",,w19653
6711,casanatensis,,"neapolitanusThere is a macron sign over the second ""a"" to mark the vowel's long quantity.",,w19656
6712,casanatensis,,gnus,,w19659
6713,casanatensis,,gna,,w19662
6714,casanatensis,,gnum,,w19665
6715,casanatensis,,terminantia,,w19668
6716,casanatensis,,longa2am,,w19671
6717,casanatensis,,hab¯abent,,w19674
6718,casanatensis,,penultima2am,,w19677
6719,casanatensis,,ut,,w19680
6720,casanatensis,,"regnu2umThere is a macron sign over the ""e"" to mark the vowel's long quantity.",,w19683
6721,casanatensis,,pelignus,,w19686
6722,casanatensis,,priuignus,,w19689
6723,casanatensis,,inueniuntur,,w19692
6724,casanatensis,,ul¯uel,,w19695
6725,casanatensis,,auctoritate,,w19698
6726,casanatensis,,ueteru2um,,w19701
6727,casanatensis,,ul¯uel,,w19704
6728,casanatensis,,euphoniæ,,w19707
6729,casanatensis,,quæda2am,,w19710
6730,casanatensis,,n¯non,,w19713
6731,casanatensis,,seruantia,,w19716
6732,casanatensis,,supradictas,,w19719
6733,casanatensis,,regulas,,w19722
6734,casanatensis,,maxime,,w19725
6735,casanatensis,,in,,w19728
6736,casanatensis,,ŋpropriis,,w19731
6737,casanatensis,,ut,,w19734
6738,casanatensis,,ligus,,w19737
6739,casanatensis,,liguris,,w19740
6740,casanatensis,,ligurinus,,w19743
6741,casanatensis,,n¯non,,w19746
6742,casanatensis,,ligurianus,,w19749
6743,casanatensis,,censor,,w19752
6744,casanatensis,,censoris,,w19755
6745,casanatensis,,censorinus,,w19758
6746,casanatensis,,n¯non,,w19761
6747,casanatensis,,censorianus,,w19764
6748,casanatensis,,ł,,casanatensis:0.1.0.16.2.3059
6749,casanatensis,,qua2am uis,,w19767
6750,casanatensis,,diuersas,,w19770
6751,casanatensis,,significationes,,w19773
6752,casanatensis,,habeant,,w19776
6753,casanatensis,,nomina,,w19779
6754,casanatensis,,supradictæ,,w19782
6755,casanatensis,,formæ,,w19785
6756,casanatensis,,tamen,,w19788
6757,casanatensis,,¢quia,,w19791
6758,casanatensis,,maxima,,w19794
6759,casanatensis,,eoru2um,,w19797
6760,casanatensis,,pars,,w19800
6761,casanatensis,,possessiuoru2um,,w19803
6762,casanatensis,,demonstratione2em,,w19806
6763,casanatensis,,hab¯abet,,w19809
6764,casanatensis,,apud,,w19812
6765,casanatensis,,latinos,,w19815
6766,casanatensis,,ideo,,w19818
6767,casanatensis,,hæc,,w19821
6768,casanatensis,,posuimus,,w19824
6769,casanatensis,,inter,,w19827
6770,casanatensis,,species,,w19830
6771,casanatensis,,possessiuorum,,w19833
6772,casanatensis,,sciendu2um,,w19836
6773,casanatensis,,quod,,w19839
6774,casanatensis,,deriuatiuoru2um,,w19842
6775,casanatensis,,in,,w19845
6776,casanatensis,,is,,w19848
6777,casanatensis,,et,,w19851
6778,casanatensis,,er,,w19854
6779,casanatensis,,terminantiu2um,,w19857
6780,casanatensis,,multa,,w19860
6781,casanatensis,,inueniuntur,,w19863
6782,casanatensis,,apud,,w19866
6783,casanatensis,,nos,,w19869
6784,casanatensis,,possessiuæ,,w19872
6785,casanatensis,,significationis,,w19875
6786,casanatensis,,ut,,w19878
6787,casanatensis,,ciuilis,,w19881
6788,casanatensis,,hostilis,,w19884
6789,casanatensis,,equester,,w19887
6790,casanatensis,,pedester,,w19890
6791,casanatensis,,quæ,,w19893
6792,casanatensis,,et,,w19896
6793,casanatensis,,uariæ,,w19899
6794,casanatensis,,formæ,,w19902
6795,casanatensis,,st¯sunt,,w19905
6796,casanatensis,,et,,w19908
6797,casanatensis,,uariæ,,w19911
6798,casanatensis,,significationis,,w19914
6799,casanatensis,,comparatiua,,w19917
6800,casanatensis,,species,,w19920
6801,casanatensis,,÷est,,w19923
6802,casanatensis,,quæ,,w19926
6803,casanatensis,,cu2um,,w19929
6804,casanatensis,,intellectu,,w19932
6805,casanatensis,,positiui,,w19935
6806,casanatensis,,ul¯uel,,w19938
6807,casanatensis,,cu2um,,w19941
6808,casanatensis,,aliquo,,w19944
6809,casanatensis,,participe,,w19947
6810,casanatensis,,sensu,,w19950
6811,casanatensis,,positiui,,w19953
6812,casanatensis,,significat,,w19956
6813,casanatensis,,magis,,w19959
6814,casanatensis,,aduerbiu2um,,w19962
6815,casanatensis,,cu2um,,w19965
6816,casanatensis,,intellectu,,w19968
6817,casanatensis,,positiui,,w19971
6818,casanatensis,,ex,,w19974
6819,casanatensis,,alterius,,w19977
6820,casanatensis,,conlatione,,w19980
6821,casanatensis,,alteru2um,,w19982
6822,casanatensis,,p¯preferre,,w19983
6823,casanatensis,,ostenditur,,w19986
6824,casanatensis,,hoc,,w19989
6825,casanatensis,,modo,,w19992
6826,casanatensis,,iste,,w19995
6827,casanatensis,,doctus,,w19998
6828,casanatensis,,÷est,,w20001
6829,casanatensis,,sed,,w20004
6830,casanatensis,,ille,,w20007
6831,casanatensis,,doctior,,w20010
6832,casanatensis,,"istoThe final ""o"" comes from the deletion of a previous ""e"".",,w20013
6833,casanatensis,,est,,w20016
6834,casanatensis,,id,,w20019
6835,casanatensis,,est,,w20022
6836,casanatensis,,magis,,w20025
6837,casanatensis,,doctus,,w20028
6838,casanatensis,,qua2am,,w20031
6839,casanatensis,,iste,,w20034
6840,casanatensis,,comparatio,,w20037
6841,casanatensis,,÷est,,w20040
6842,casanatensis,,nomen,,w20043
6843,casanatensis,,mentis,,w20046
6844,casanatensis,,adsimilantis,,w20049
6845,casanatensis,,precellentia2am,,w20052
6846,casanatensis,,in,,w20055
6847,casanatensis,,creaturis,,w20058
6848,casanatensis,,n¯non,,w20061
6849,casanatensis,,eni2im,,w20064
6850,casanatensis,,ipsa,,w20067
6851,casanatensis,,nomina,,w20070
6852,casanatensis,,co2omparamus,,w20073
6853,casanatensis,,sed,,w20076
6854,casanatensis,,creaturas,,w20079
6855,casanatensis,,quaru2um,,w20082
6856,casanatensis,,ipsa,,w20085
6857,casanatensis,,nomina,,w20088
6858,casanatensis,,sunt,,w20091
6859,casanatensis,,ad,,w20094
6860,casanatensis,,alique2em,,w20097
6861,casanatensis,,participe2em,,w20100
6862,casanatensis,,sensu2um,,w20103
6863,casanatensis,,positiui,,w20106
6864,casanatensis,,fit,,w20109
6865,casanatensis,,co2omparatio,,w20112
6866,casanatensis,,hoc,,w20115
6867,casanatensis,,modo,,w20118
6868,casanatensis,,ulterior,,w20121
6869,casanatensis,,id,,w20124
6870,casanatensis,,est,,w20127
6871,casanatensis,,magis,,w20130
6872,casanatensis,,ultra,,w20133
6873,casanatensis,,stat,,w20136
6874,casanatensis,,iste,,w20139
6875,casanatensis,,qua2am,,w20142
6876,casanatensis,,ille,,w20145
6877,casanatensis,,¢qui,,w20148
6878,casanatensis,,ultra,,w20151
6879,casanatensis,,stat,,w20154
6880,casanatensis,,similiter,,w20157
6881,casanatensis,,interior,,w20160
6882,casanatensis,,magis,,w20163
6883,casanatensis,,intra,,w20166
6884,casanatensis,,n¯non,,w20169
6885,casanatensis,,eni2im,,w20172
6886,casanatensis,,ad,,w20175
6887,casanatensis,,ultra,,w20178
6888,casanatensis,,ul¯uel,,w20181
6889,casanatensis,,intra,,w20184
6890,casanatensis,,aduerbia,,w20187
6891,casanatensis,,fit,,w20190
6892,casanatensis,,comparatio,,w20193
6893,casanatensis,,ex,,w20196
6894,casanatensis,,¢quib;bus,,w20199
6895,casanatensis,,deriuati,,w20202
6896,casanatensis,,uidentur,,w20205
6897,casanatensis,,sed,,w20208
6898,casanatensis,,ad,,w20211
6899,casanatensis,,þpersonas,,w20214
6900,casanatensis,,ul¯uel,,w20217
6901,casanatensis,,res,,w20220
6902,casanatensis,,participes,,w20223
6903,casanatensis,,aduerbioru2um,,w20226
6904,casanatensis,,id,,w20229
6905,casanatensis,,÷est,,w20232
6906,casanatensis,,quæ,,w20235
6907,casanatensis,,ultra,,w20238
6908,casanatensis,,ul¯uel,,w20241
6909,casanatensis,,intra,,w20244
6910,casanatensis,,stare,,w20247
6911,casanatensis,,conspiciuntur,,w20250
6912,casanatensis,,ipsos,,w20253
6913,casanatensis,,au¯autem,,w20256
6914,casanatensis,,excellere,,w20259
6915,casanatensis,,ostenditur,,w20262
6916,casanatensis,,hic,,w20265
6917,casanatensis,,cui,,w20268
6918,casanatensis,,ulterior,,w20271
6919,casanatensis,,ul¯uel,,w20274
6920,casanatensis,,interior,,w20277
6921,casanatensis,,adiungi,,w20280
6922,casanatensis,,uidentur,,w20283
6923,casanatensis,,et,,w20286
6924,casanatensis,,in,,w20289
6925,casanatensis,,tantu2um,,w20292
6926,casanatensis,,euidenter,,w20295
6927,casanatensis,,apparet,,w20298
6928,casanatensis,,quod,,w20301
6929,casanatensis,,n¯non,,w20304
6930,casanatensis,,ad,,w20307
6931,casanatensis,,intra,,w20310
6932,casanatensis,,ul¯uel,,w20313
6933,casanatensis,,ultra,,w20316
6934,casanatensis,,aduerbia,,w20319
6935,casanatensis,,fiat,,w20322
6936,casanatensis,,comparatio,,w20325
6937,casanatensis,,ut,,w20328
6938,casanatensis,,etia2am,,w20331
6939,casanatensis,,ex,,w20334
6940,casanatensis,,ipsis,,w20337
6941,casanatensis,,comparatiuis,,w20340
6942,casanatensis,,nascantur,,w20343
6943,casanatensis,,aduerbia,,w20346
6944,casanatensis,,comparatiua,,w20349
6945,casanatensis,,quæ,,w20352
6946,casanatensis,,iuncta,,w20355
6947,casanatensis,,magis,,w20358
6948,casanatensis,,aduerbio,,w20361
6949,casanatensis,,significent,,w20364
6950,casanatensis,,"eademThere is a sign over the initial ""e"" looking like an acute accent. It might be a stress mark.",,w20367
6951,casanatensis,,aduerbia,,w20370
6952,casanatensis,,a,,w20373
6953,casanatensis,,¢quibus,,w20376
6954,casanatensis,,deriuari,,w20379
6955,casanatensis,,uidentur,,w20382
6956,casanatensis,,"eademThere is a sign over the initial ""e"" looking like an acute accent. It might be a stress mark.",,w20385
6957,casanatensis,,nomina,,w20388
6958,casanatensis,,comparatiua,,w20391
6959,casanatensis,,ł,,casanatensis:0.1.0.17.4.68
6960,casanatensis,,ulterior,,w20394
6961,casanatensis,,uero,,w20397
6962,casanatensis,,comparatiuu2um,,w20400
6963,casanatensis,,nomen,,w20403
6964,casanatensis,,facit,,w20406
6965,casanatensis,,aduerbiu2um,,w20409
6966,casanatensis,,co2omparatiuu2um,,w20412
6967,casanatensis,,ulterius,,w20415
6968,casanatensis,,significans,,w20418
6969,casanatensis,,magis,,w20421
6970,casanatensis,,ultra,,w20424
6971,casanatensis,,ł,,casanatensis:0.1.0.17.4.92
6972,casanatensis,,similiter,,w20427
6973,casanatensis,,interior,,w20430
6974,casanatensis,,interius,,w20433
6975,casanatensis,,magis,,w20436
6976,casanatensis,,intra,,w20439
6977,casanatensis,,ł,,casanatensis:0.1.0.17.4.102
6978,casanatensis,,citerior,,w20442
6979,casanatensis,,citerius,,w20445
6980,casanatensis,,magis,,w20448
6981,casanatensis,,citra,,w20451
6982,casanatensis,,ł,,casanatensis:0.1.0.17.4.111
6983,casanatensis,,exterior,,w20454
6984,casanatensis,,exterius,,w20457
6985,casanatensis,,magis,,w20460
6986,casanatensis,,extra,,w20463
6987,casanatensis,,ł,,casanatensis:0.1.0.17.4.119
6988,casanatensis,,qua2amuis,,w20466
6989,casanatensis,,dicantur,,w20469
6990,casanatensis,,superus,,w20472
6991,casanatensis,,et,,w20475
6992,casanatensis,,inferus,,w20478
6993,casanatensis,,quæ,,w20481
6994,casanatensis,,a,,w20484
6995,casanatensis,,¢quibusda2am,,w20487
6996,casanatensis,,existimata,,w20490
6997,casanatensis,,st¯sunt,,w20493
6998,casanatensis,,positiuaThe two initial graphemes are illegible (faded out).,,w20496
6999,casanatensis,,superioris,,w20502
7000,casanatensis,,et,,w20505
7001,casanatensis,,inferioris,,w20508
7002,casanatensis,,tamen,,w20511
7003,casanatensis,,a,,w20514
7004,casanatensis,,supra,,w20517
7005,casanatensis,,et,,w20520
7006,casanatensis,,infra,,w20523
7007,casanatensis,,superior,,w20526
7008,casanatensis,,et,,w20529
7009,casanatensis,,inferior,,w20532
7010,casanatensis,,deriuari,,w20535
7011,casanatensis,,firmantur,,w20538
7012,casanatensis,,eo,,w20541
7013,casanatensis,,qd¯uod,,w20544
7014,casanatensis,,in,,w20547
7015,casanatensis,,usu,,w20550
7016,casanatensis,,superi,,w20553
7017,casanatensis,,ŋpro,,w20556
7018,casanatensis,,cælestib;bus,,w20559
7019,casanatensis,,siue,,w20562
7020,casanatensis,,uiuis,,w20565
7021,casanatensis,,inferi,,w20568
7022,casanatensis,,au¯autem,,w20571
7023,casanatensis,,"ŋproThere is a sign over the grapheme ""ŋ"" looking like an acute accent.",,w20574
7024,casanatensis,,manib;bus,,w20577
7025,casanatensis,,id,,w20580
7026,casanatensis,,est,,w20583
7027,casanatensis,,inferoru2um,,w20586
7028,casanatensis,,dis,,w20589
7029,casanatensis,,accipi,,w20592
7030,casanatensis,,solent,,w20595
7031,casanatensis,,ł,,casanatensis:0.1.0.17.5.76
7032,casanatensis,,illæ,,w20598
7033,casanatensis,,na2amq;que,,w20601
7034,casanatensis,,co2omparationes,,w20604
7035,casanatensis,,quæ,,w20607
7036,casanatensis,,ad,,w20610
7037,casanatensis,,þpersonas,,w20613
7038,casanatensis,,ul¯uel,,w20616
7039,casanatensis,,res,,w20619
7040,casanatensis,,participes,,w20622
7041,casanatensis,,fiunt,,w20625
7042,casanatensis,,positiui,,w20628
7043,casanatensis,,nascunturThe larger initial does not seem to have any particular meaning here.,,w20631
7044,casanatensis,,a,,w20634
7045,casanatensis,,dictionib;bus,,w20637
7046,casanatensis,,carentib;bus,,w20640
7047,casanatensis,,casu,,w20643
7048,casanatensis,,a,,w20646
7049,casanatensis,,uerbis,,w20649
7050,casanatensis,,ut,,w20652
7051,casanatensis,,detero,,w20655
7052,casanatensis,,deteris,,w20658
7053,casanatensis,,deterior,,w20661
7054,casanatensis,,ł,,casanatensis:0.1.0.17.6.40
7055,casanatensis,,ab,,w20664
7056,casanatensis,,aduerbiis,,w20667
7057,casanatensis,,siue,,w20670
7058,casanatensis,,p¯prepositionib;bus,,w20673
7059,casanatensis,,ut,,w20676
7060,casanatensis,,extra,,w20679
7061,casanatensis,,exterior,,w20682
7062,casanatensis,,intra,,w20685
7063,casanatensis,,interior,,w20688
7064,casanatensis,,ł,,casanatensis:0.1.0.17.6.57
7065,casanatensis,,illæ,,w20691
7066,casanatensis,,uero,,w20694
7067,casanatensis,,co2omparationes,,w20697
7068,casanatensis,,quæ,,w20700
7069,casanatensis,,ad,,w20703
7070,casanatensis,,intellectu2um,,w20706
7071,casanatensis,,ipsius,,w20709
7072,casanatensis,,positiui,,w20712
7073,casanatensis,,fiunt,,w20715
7074,casanatensis,,"deriuant¯turThere is also a macron over the first ""u"". I do not understand what it marks.",,w20718
7075,casanatensis,,a,,w20721
7076,casanatensis,,nominibus,,w20724
7077,casanatensis,,adiectiuis,,w20727
7078,casanatensis,,quæ,,w20730
7079,casanatensis,,sumuntur,,w20733
7080,casanatensis,,ex,,w20736
7081,casanatensis,,accidentib;bus,,w20739
7082,casanatensis,,substantiæ,,w20742
7083,casanatensis,,nominum,,w20745
7084,casanatensis,,ł,,casanatensis:0.1.0.17.7.33
7085,casanatensis,,accidentia,,w20749
7086,casanatensis,,st¯sunt,,w20751
7087,casanatensis,,quæ,,w20754
7088,casanatensis,,"traunt2turThe scribe omitted the ""h"". The abbreviation mark over the final grapheme ""t"" is unclear, as it was later covered by the metamark in black ink pointing to the footnote.",,w20757
7089,casanatensis,,ab,,w20760
7090,casanatensis,,animo,,w20763
7091,casanatensis,,a,,w20766
7092,casanatensis,,corpore,,w20769
7093,casanatensis,,extrinsecus,,w20772
7094,casanatensis,,a,,w20775
7095,casanatensis,,a,,w20778
7096,casanatensis,,fortuna,,w20781
7097,casanatensis,,comparatio,,w20784
7098,casanatensis,,ex,,w20787
7099,casanatensis,,qualitate,,w20790
7100,casanatensis,,et,,w20793
7101,casanatensis,,quantitate,,w20796
7102,casanatensis,,animi,,w20799
7103,casanatensis,,ul¯uel,,w20802
7104,casanatensis,,corporis,,w20805
7105,casanatensis,,ul¯uel,,w20808
7106,casanatensis,,quæ,,w20811
7107,casanatensis,,fortasse,,w20814
7108,casanatensis,,extrinsecus,,w20817
7109,casanatensis,,ueniunt,,w20820
7110,casanatensis,,quæ,,w20823
7111,casanatensis,,posst¯sunt,,w20826
7112,casanatensis,,et,,w20829
7113,casanatensis,,augeri,,w20832
7114,casanatensis,,et,,w20835
7115,casanatensis,,minui,,w20838
7116,casanatensis,,unde,,w20841
7117,casanatensis,,et,,w20844
7118,casanatensis,,co2omparatione2em,,w20847
7119,casanatensis,,recipiunt,,w20850
7120,casanatensis,,comparatio,,w20853
7121,casanatensis,,aut,,w20856
7122,casanatensis,,auget,,w20859
7123,casanatensis,,ut,,w20862
7124,casanatensis,,magnus,,w20865
7125,casanatensis,,maior,,w20868
7126,casanatensis,,maximus,,w20871
7127,casanatensis,,aut,,w20874
7128,casanatensis,,minuit,,w20877
7129,casanatensis,,ut,,w20880
7130,casanatensis,,paruus,,w20883
7131,casanatensis,,minor,,w20886
7132,casanatensis,,minimus,,w20889
7133,casanatensis,,sine,,w20892
7134,casanatensis,,his,,w20895
7135,casanatensis,,appellatiuis,,w20898
7136,casanatensis,,co2omparatione2em,,w20901
7137,casanatensis,,recipientib;bus,,w20904
7138,casanatensis,,potest,,w20907
7139,casanatensis,,cuius libet,,w20910
7140,casanatensis,,substantia,,w20913
7141,casanatensis,,demonstrari,,w20916
7142,casanatensis,,nisi,,w20919
7143,casanatensis,,eni2im,,w20922
7144,casanatensis,,prius,,w20925
7145,casanatensis,,substantia,,w20928
7146,casanatensis,,fuerit,,w20931
7147,casanatensis,,hæc,,w20934
7148,casanatensis,,appellatiua,,w20937
7149,casanatensis,,comparatione2em,,w20940
7150,casanatensis,,recipientia,,w20943
7151,casanatensis,,ee¯esse,,w20946
7152,casanatensis,,n¯non,,w20949
7153,casanatensis,,posst¯sunt,,w20952
7154,casanatensis,,dicendo,,w20955
7155,casanatensis,,homo,,w20958
7156,casanatensis,,lapis,,w20961
7157,casanatensis,,demonstratur,,w20964
7158,casanatensis,,substantia,,w20967
7159,casanatensis,,quoru2um,,w20970
7160,casanatensis,,significatio,,w20973
7161,casanatensis,,n¯non,,w20976
7162,casanatensis,,potest,,w20979
7163,casanatensis,,augeri,,w20982
7164,casanatensis,,ul¯uel,,w20985
7165,casanatensis,,minui,,w20988
7166,casanatensis,,nisi,,w20991
7167,casanatensis,,ali¢quid,,w20994
7168,casanatensis,,accidens,,w20997
7169,casanatensis,,hominis,,w21000
7170,casanatensis,,ul¯uel,,w21003
7171,casanatensis,,lapidis,,w21006
7172,casanatensis,,ŋproferatur,,w21009
7173,casanatensis,,ubi,,w21012
7174,casanatensis,,et,,w21015
7175,casanatensis,,possit,,w21018
7176,casanatensis,,co2omparatio,,w21021
7177,casanatensis,,locu2um,,w21024
7178,casanatensis,,habere,,w21027
7179,casanatensis,,ut,,w21030
7180,casanatensis,,homo,,w21033
7181,casanatensis,,prudens,,w21036
7182,casanatensis,,et,,w21039
7183,casanatensis,,prudentior,,w21042
7184,casanatensis,,lapis,,w21045
7185,casanatensis,,niger,,w21048
7186,casanatensis,,et,,w21051
7187,casanatensis,,nigrior,,w21054
7188,casanatensis,,posst¯sunt,,w21057
7189,casanatensis,,hæc,,w21060
7190,casanatensis,,quæ,,w21063
7191,casanatensis,,plene,,w21066
7192,casanatensis,,significationis,,w21069
7193,casanatensis,,st¯sunt,,w21072
7194,casanatensis,,et,,w21075
7195,casanatensis,,substantia2am,,w21078
7196,casanatensis,,demonstrant,,w21081
7197,casanatensis,,intellegi,,w21084
7198,casanatensis,,sine,,w21087
7199,casanatensis,,adiectiuis,,w21090
7200,casanatensis,,adiectiua,,w21093
7201,casanatensis,,sine,,w21096
7202,casanatensis,,his,,w21099
7203,casanatensis,,intellegi,,w21102
7204,casanatensis,,n¯non,,w21105
7205,casanatensis,,posst¯sunt,,w21108
7206,casanatensis,,idcirco,,w21111
7207,casanatensis,,et,,w21114
7208,casanatensis,,adiectiua,,w21117
7209,casanatensis,,dicta,,w21120
7210,casanatensis,,st¯sunt,,w21123
7211,casanatensis,,quod,,w21126
7212,casanatensis,,adiciuntur,,w21129
7213,casanatensis,,illis,,w21132
7214,casanatensis,,nominib;bus,,w21135
7215,casanatensis,,quæ,,w21138
7216,casanatensis,,demonstrant,,w21141
7217,casanatensis,,substantia2am,,w21144
7218,casanatensis,,qua2am uis,,w21147
7219,casanatensis,,anti¢qui,,w21150
7220,casanatensis,,usi,,w21153
7221,casanatensis,,st¯sunt,,w21156
7222,casanatensis,,co2omparatiuis,,w21159
7223,casanatensis,,in,,w21162
7224,casanatensis,,¢quibusda2am,,w21165
7225,casanatensis,,gentilib;bus,,w21168
7226,casanatensis,,ut,,w21171
7227,casanatensis,,punus,,w21174
7228,casanatensis,,punior,,w21177
7229,casanatensis,,et,,w21180
7230,casanatensis,,in,,w21183
7231,casanatensis,,ŋpronominib;bus,,w21186
7232,casanatensis,,usi,,w21189
7233,casanatensis,,st¯sunt,,w21192
7234,casanatensis,,suþperlatiuo,,w21195
7235,casanatensis,,ut,,w21198
7236,casanatensis,,ipsissimus,,w21201
7237,casanatensis,,fiunt,,w21204
7238,casanatensis,,igitur,,w21207
7239,casanatensis,,co2omparatiua,,w21210
7240,casanatensis,,a,,w21213
7241,casanatensis,,nominib;bus,,w21216
7242,casanatensis,,ut,,w21219
7243,casanatensis,,clarus,,w21222
7244,casanatensis,,clarior,,w21225
7245,casanatensis,,ł,,casanatensis:0.1.0.17.7.320
7246,casanatensis,,a,,w21228
7247,casanatensis,,uerbis,,w21231
7248,casanatensis,,detero,,w21234
7249,casanatensis,,deteris,,w21237
7250,casanatensis,,deterior,,w21240
7251,casanatensis,,ł,,casanatensis:0.1.0.17.7.329
7252,casanatensis,,potior,,w21243
7253,casanatensis,,potiris,,w21246
7254,casanatensis,,hic,,w21249
7255,casanatensis,,et,,w21252
7256,casanatensis,,hæc,,w21255
7257,casanatensis,,potior,,w21258
7258,casanatensis,,potioris,,w21261
7259,casanatensis,,potest,,w21264
7260,casanatensis,,hoc,,w21267
7261,casanatensis,,etiam,,w21270
7262,casanatensis,,a,,w21273
7263,casanatensis,,nomine,,w21276
7264,casanatensis,,potis,,w21279
7265,casanatensis,,accipere,,w21282
7266,casanatensis,,qua2am uis,,w21285
7267,casanatensis,,alterius,,w21288
7268,casanatensis,,significationis,,w21291
7269,casanatensis,,sit,,w21294
7270,casanatensis,,ab,,w21297
7271,casanatensis,,aduerbiis,,w21300
7272,casanatensis,,siue,,w21303
7273,casanatensis,,p¯prepositionib;bus,,w21306
7274,casanatensis,,extra,,w21309
7275,casanatensis,,exterior,,w21312
7276,casanatensis,,et,,w21315
7277,casanatensis,,a,,w21318
7278,casanatensis,,localibus,,w21321
7279,casanatensis,,aduerbiis,,w21324
7280,casanatensis,,siue,,w21327
7281,casanatensis,,p¯prepositionib;bus,,w21330
7282,casanatensis,,co2omparatiua,,w21333
7283,casanatensis,,nascuntur,,w21336
7284,casanatensis,,ut,,w21339
7285,casanatensis,,citra,,w21342
7286,casanatensis,,citerior,,w21345
7287,casanatensis,,anti¢qui,,w21348
7288,casanatensis,,citer,,w21351
7289,casanatensis,,citimus,,w21354
7290,casanatensis,,dicebant,,w21357
7291,casanatensis,,penitus,,w21360
7292,casanatensis,,penitior,,w21363
7293,casanatensis,,unde,,w21366
7294,casanatensis,,apuleius,,w21369
7295,casanatensis,,in,,w21372
7296,casanatensis,,penitiore2em,,w21375
7297,casanatensis,,parte2em,,w21378
7298,casanatensis,,domus,,w21381
7299,casanatensis,,dixit,,w21384
7300,casanatensis,,comparationis,,w21387
7301,casanatensis,,gradus,,w21390
7302,casanatensis,,tres,,w21393
7303,casanatensis,,positiuus,,w21396
7304,casanatensis,,ut,,w21399
7305,casanatensis,,doctus,,w21402
7306,casanatensis,,co2omparatiuus,,w21405
7307,casanatensis,,ut,,w21408
7308,casanatensis,,doctior,,w21411
7309,casanatensis,,suþperlatiuus,,w21414
7310,casanatensis,,ut,,w21417
7311,casanatensis,,doctissimus,,w21420
7312,casanatensis,,ł,,casanatensis:0.1.0.18.0.20
7313,casanatensis,,positiuus,,w21423
7314,casanatensis,,dictr¯citur,,w21426
7315,casanatensis,,¢quia,,w21429
7316,casanatensis,,primus,,w21432
7317,casanatensis,,ponitur,,w21435
7318,casanatensis,,in,,w21438
7319,casanatensis,,gradu,,w21441
7320,casanatensis,,co2omparationis,,w21444
7321,casanatensis,,ut,,w21447
7322,casanatensis,,doctus,,w21450
7323,casanatensis,,ł,,casanatensis:0.1.0.18.1.18
7324,casanatensis,,co2omparatio,,w21453
7325,casanatensis,,adsimilatio,,w21456
7326,casanatensis,,dicr¯citur,,w21459
7327,casanatensis,,comparatiuus,,w21462
7328,casanatensis,,dicr¯citur,,w21465
7329,casanatensis,,¢quia,,w21468
7330,casanatensis,,adsimilatus,,w21471
7331,casanatensis,,positiuo,,w21474
7332,casanatensis,,p¯prefertur,,w21477
7333,casanatensis,,illi,,w21480
7334,casanatensis,,ut,,w21483
7335,casanatensis,,doctior,,w21486
7336,casanatensis,,id,,w21489
7337,casanatensis,,est,,w21492
7338,casanatensis,,plus,,w21495
7339,casanatensis,,scit,,w21498
7340,casanatensis,,qua2am,,w21501
7341,casanatensis,,doctus,,w21504
7342,casanatensis,,suþperlatiuus,,w21507
7343,casanatensis,,dicr¯citur,,w21510
7344,casanatensis,,eo,,w21513
7345,casanatensis,,qd¯uod,,w21516
7346,casanatensis,,suþper,,w21519
7347,casanatensis,,excellet,,w21522
7348,casanatensis,,positiuo,,w21525
7349,casanatensis,,et,,w21528
7350,casanatensis,,co2omparatiuo,,w21531
7351,casanatensis,,plus,,w21534
7352,casanatensis,,eni2im,,w21537
7353,casanatensis,,scit,,w21540
7354,casanatensis,,qua2am,,w21543
7355,casanatensis,,doctus,,w21546
7356,casanatensis,,et,,w21549
7357,casanatensis,,doctior,,w21552
7358,casanatensis,,co2omparatiuus,,w21555
7359,casanatensis,,et,,w21558
7360,casanatensis,,suo,,w21561
7361,casanatensis,,et,,w21564
7362,casanatensis,,alieno,,w21567
7363,casanatensis,,generi,,w21570
7364,casanatensis,,co2omparatur,,w21573
7365,casanatensis,,et,,w21576
7366,casanatensis,,iungitur,,w21579
7367,casanatensis,,ablatiuo,,w21582
7368,casanatensis,,sine,,w21585
7369,casanatensis,,p¯prepositione,,w21588
7370,casanatensis,,et,,w21591
7371,casanatensis,,singulari,,w21594
7372,casanatensis,,et,,w21597
7373,casanatensis,,plurali,,w21600
7374,casanatensis,,ide2em,,w21603
7375,casanatensis,,ablatiuus,,w21606
7376,casanatensis,,ostendit,,w21609
7377,casanatensis,,positiuu2um,,w21612
7378,casanatensis,,cui,,w21615
7379,casanatensis,,p¯precellendo,,w21618
7380,casanatensis,,adsimilatur,,w21621
7381,casanatensis,,co2omparatiuus,,w21624
7382,casanatensis,,si,,w21627
7383,casanatensis,,uero,,w21630
7384,casanatensis,,una,,w21633
7385,casanatensis,,þpersona,,w21636
7386,casanatensis,,ul¯uel,,w21639
7387,casanatensis,,res,,w21642
7388,casanatensis,,posita,,w21645
7389,casanatensis,,est,,w21648
7390,casanatensis,,in,,w21651
7391,casanatensis,,positiuo,,w21654
7392,casanatensis,,gradu,,w21657
7393,casanatensis,,co2omparatiuo,,w21660
7394,casanatensis,,iungitur,,w21663
7395,casanatensis,,ablatiuus,,w21666
7396,casanatensis,,singularis,,w21669
7397,casanatensis,,hoc,,w21672
7398,casanatensis,,modo,,w21675
7399,casanatensis,,diomedes,,w21678
7400,casanatensis,,fortis,,w21681
7401,casanatensis,,÷est,,w21684
7402,casanatensis,,sed,,w21687
7403,casanatensis,,hector,,w21691
7404,casanatensis,,fortior,,w21693
7405,casanatensis,,est,,w21696
7406,casanatensis,,diomede,,w21699
7407,casanatensis,,si,,w21702
7408,casanatensis,,au¯autem,,w21705
7409,casanatensis,,plures,,w21708
7410,casanatensis,,þpersonæ,,w21711
7411,casanatensis,,ul¯uel,,w21714
7412,casanatensis,,res,,w21717
7413,casanatensis,,ponantur,,w21720
7414,casanatensis,,in,,w21723
7415,casanatensis,,positiuo,,w21726
7416,casanatensis,,gradu,,w21729
7417,casanatensis,,co2omparatiuo,,w21732
7418,casanatensis,,iungitur,,w21735
7419,casanatensis,,ablatiuus,,w21738
7420,casanatensis,,pluralis,,w21741
7421,casanatensis,,hoc,,w21744
7422,casanatensis,,modo,,w21747
7423,casanatensis,,troiani,,w21750
7424,casanatensis,,fortes,,w21753
7425,casanatensis,,sunt,,w21756
7426,casanatensis,,sed,,w21759
7427,casanatensis,,hector,,w21763
7428,casanatensis,,fortior,,w21765
7429,casanatensis,,÷est,,w21768
7430,casanatensis,,troianis,,w21771
7431,casanatensis,,alii,,w21774
7432,casanatensis,,doctores,,w21777
7433,casanatensis,,asserunt,,w21780
7434,casanatensis,,tunc,,w21783
7435,casanatensis,,iungi,,w21786
7436,casanatensis,,debere,,w21789
7437,casanatensis,,co2omparatiuus,,w21792
7438,casanatensis,,abl¯ablatiuo,,w21795
7439,casanatensis,,singulari,,w21798
7440,casanatensis,,cu2um,,w21801
7441,casanatensis,,alieno,,w21804
7442,casanatensis,,generi,,w21807
7443,casanatensis,,co2omparatur,,w21810
7444,casanatensis,,ut,,w21813
7445,casanatensis,,hector,,w21817
7446,casanatensis,,fortior,,w21819
7447,casanatensis,,diomede,,w21822
7448,casanatensis,,ł,,casanatensis:0.1.0.18.1.248
7449,casanatensis,,hector,,w21825
7450,casanatensis,,na2amq;que,,w21828
7451,casanatensis,,fuit,,w21831
7452,casanatensis,,troianus,,w21834
7453,casanatensis,,et,,w21837
7454,casanatensis,,diomedes,,w21840
7455,casanatensis,,ex,,w21843
7456,casanatensis,,alia,,w21846
7457,casanatensis,,gente,,w21849
7458,casanatensis,,et,,w21852
7459,casanatensis,,tunc,,w21855
7460,casanatensis,,abl¯ablatiuo,,w21858
7461,casanatensis,,plurali,,w21861
7462,casanatensis,,cu2um,,w21864
7463,casanatensis,,suo,,w21867
7464,casanatensis,,generi,,w21870
7465,casanatensis,,co2omparatur,,w21873
7466,casanatensis,,ut,,w21876
7467,casanatensis,,hector,,w21879
7468,casanatensis,,audacior,,w21883
7469,casanatensis,,"troianisThe first hand, writing in brown ink, wrote ""Troianus"". The second hand, writing in black ink, corrected it to ""Troianis"", by overwriting the penultimate grapheme ""i"" over the previous ""u"".",,w21885
7470,casanatensis,,greci,,w21888
7471,casanatensis,,asserunt,,w21891
7472,casanatensis,,n¯non,,w21894
7473,casanatensis,,ratione,,w21897
7474,casanatensis,,qualibet,,w21900
7475,casanatensis,,sed,,w21903
7476,casanatensis,,honoris,,w21906
7477,casanatensis,,causa,,w21909
7478,casanatensis,,suæ,,w21912
7479,casanatensis,,gentis,,w21915
7480,casanatensis,,n¯non,,w21918
7481,casanatensis,,posse,,w21921
7482,casanatensis,,fieri,,w21924
7483,casanatensis,,co2omparatio,,w21927
7484,casanatensis,,ad,,w21930
7485,casanatensis,,plures,,w21933
7486,casanatensis,,sui,,w21936
7487,casanatensis,,generis,,w21939
7488,casanatensis,,alii,,w21942
7489,casanatensis,,dicunt,,w21945
7490,casanatensis,,ideo,,w21948
7491,casanatensis,,n¯non,,w21951
7492,casanatensis,,posse,,w21954
7493,casanatensis,,fieri,,w21957
7494,casanatensis,,comparatio,,w21960
7495,casanatensis,,ad,,w21963
7496,casanatensis,,plures,,w21966
7497,casanatensis,,sui,,w21969
7498,casanatensis,,generis,,w21972
7499,casanatensis,,quod,,w21975
7500,casanatensis,,cu2um,,w21978
7501,casanatensis,,ad,,w21981
7502,casanatensis,,plures,,w21984
7503,casanatensis,,fiat,,w21987
7504,casanatensis,,comparatio,,w21990
7505,casanatensis,,suþperlatiuo,,w21993
7506,casanatensis,,potest,,w21996
7507,casanatensis,,uti,,w21999
7508,casanatensis,,ut,,w22002
7509,casanatensis,,fortissimus,,w22005
7510,casanatensis,,graioru2um,,w22008
7511,casanatensis,,achilles,,w22011
7512,casanatensis,,suþperlatiuus,,w22014
7513,casanatensis,,significat,,w22017
7514,casanatensis,,multu2um,,w22020
7515,casanatensis,,excellere,,w22023
7516,casanatensis,,alios,,w22026
7517,casanatensis,,co2omparatiuus,,w22029
7518,casanatensis,,etia2am,,w22032
7519,casanatensis,,paruu2um,,w22035
7520,casanatensis,,unde,,w22038
7521,casanatensis,,apud,,w22041
7522,casanatensis,,nos,,w22044
7523,casanatensis,,iure,,w22047
7524,casanatensis,,accipit,,w22050
7525,casanatensis,,deminutione2em,,w22053
7526,casanatensis,,ut,,w22056
7527,casanatensis,,magnus,,w22059
7528,casanatensis,,maior,,w22062
7529,casanatensis,,maiusculus,,w22065
7530,casanatensis,,paruus,,w22068
7531,casanatensis,,minor,,w22071
7532,casanatensis,,minusculus,,w22074
7533,casanatensis,,id,,w22077
7534,casanatensis,,est,,w22080
7535,casanatensis,,paruo,,w22083
7536,casanatensis,,minor,,w22086
7537,casanatensis,,similiter,,w22089
7538,casanatensis,,et,,w22092
7539,casanatensis,,tardiusculus,,w22095
7540,casanatensis,,dicunt,,w22098
7541,casanatensis,,ut,,w22101
7542,casanatensis,,co2omparatiuus,,w22104
7543,casanatensis,,gradus,,w22107
7544,casanatensis,,ad,,w22110
7545,casanatensis,,tres,,w22113
7546,casanatensis,,et,,w22116
7547,casanatensis,,quattuor,,w22119
7548,casanatensis,,ul¯uel,,w22122
7549,casanatensis,,plures,,w22125
7550,casanatensis,,iungatur,,w22128
7551,casanatensis,,n¯non,,w22131
7552,casanatensis,,tamen,,w22134
7553,casanatensis,,ad,,w22137
7554,casanatensis,,totu2um,,w22140
7555,casanatensis,,genus,,w22143
7556,casanatensis,,ł,,casanatensis:0.1.0.18.3.30
7557,casanatensis,,sed,,w22146
7558,casanatensis,,contra,,w22149
7559,casanatensis,,hæc,,w22152
7560,casanatensis,,priscianus,,w22155
7561,casanatensis,,ait,,w22158
7562,casanatensis,,ł,,casanatensis:0.1.0.18.3.39
7563,casanatensis,,fit,,w22161
7564,casanatensis,,au¯autem,,w22164
7565,casanatensis,,co2omparatio,,w22167
7566,casanatensis,,uel,,w22170
7567,casanatensis,,ad,,w22173
7568,casanatensis,,unu2um,,w22176
7569,casanatensis,,uel,,w22179
7570,casanatensis,,ad,,w22182
7571,casanatensis,,plures,,w22185
7572,casanatensis,,ta2am,,w22188
7573,casanatensis,,sui,,w22191
7574,casanatensis,,generis,,w22194
7575,casanatensis,,qua2am,,w22197
7576,casanatensis,,alieni,,w22200
7577,casanatensis,,nomina,,w22203
7578,casanatensis,,quæ,,w22206
7579,casanatensis,,co2omparatione2em,,w22209
7580,casanatensis,,recipiunt,,w22212
7581,casanatensis,,ul¯uel,,w22215
7582,casanatensis,,secundæ,,w22218
7583,casanatensis,,uel,,w22221
7584,casanatensis,,tertiæ,,w22224
7585,casanatensis,,declinationis,,w22227
7586,casanatensis,,sunt,,w22230
7587,casanatensis,,secundæ,,w22233
7588,casanatensis,,declinationis,,w22236
7589,casanatensis,,uel,,w22239
7590,casanatensis,,in,,w22242
7591,casanatensis,,er,,w22245
7592,casanatensis,,desinunt,,w22248
7593,casanatensis,,ul¯uel,,w22251
7594,casanatensis,,in,,w22254
7595,casanatensis,,us,,w22257
7596,casanatensis,,et,,w22260
7597,casanatensis,,mobilia,,w22264
7598,casanatensis,,st¯sunt,,w22266
7599,casanatensis,,facientia,,w22269
7600,casanatensis,,femininu2um,,w22272
7601,casanatensis,,in,,w22275
7602,casanatensis,,a,,w22278
7603,casanatensis,,neu¯neutrum,,w22281
7604,casanatensis,,in,,w22284
7605,casanatensis,,um,,w22287
7606,casanatensis,,ex,,w22290
7607,casanatensis,,genitiuo,,w22293
7608,casanatensis,,eoru2um,,w22296
7609,casanatensis,,fiunt,,w22299
7610,casanatensis,,co2omparatiua,,w22302
7611,casanatensis,,cor¯correpta,,w22305
7612,casanatensis,,i,,w22308
7613,casanatensis,,et,,w22311
7614,casanatensis,,adsu2umpta,,w22314
7615,casanatensis,,or,,w22317
7616,casanatensis,,ut,,w22320
7617,casanatensis,,niger,,w22323
7618,casanatensis,,nigri,,w22326
7619,casanatensis,,"nigriorThere is a breve (˘) mark over the second ""i"" to mark its short quantity.",,w22329
7620,casanatensis,,clarus,,w22332
7621,casanatensis,,clari,,w22335
7622,casanatensis,,"clariorThere is a breve (˘) mark over the ""i"" to mark its short quantity.",,w22338
7623,casanatensis,,"sinisteriorThere is a breve (˘) mark over the last ""i"" to mark its short quantity.",,w22341
7624,casanatensis,,quasi,,w22344
7625,casanatensis,,a,,w22347
7626,casanatensis,,genitiuo,,w22350
7627,casanatensis,,sinisteri,,w22353
7628,casanatensis,,uidetur,,w22356
7629,casanatensis,,ee¯esse,,w22359
7630,casanatensis,,sed,,w22362
7631,casanatensis,,in,,w22365
7632,casanatensis,,usu,,w22368
7633,casanatensis,,sinistri,,w22371
7634,casanatensis,,est,,w22374
7635,casanatensis,,ł,,casanatensis:0.1.0.18.4.106
7636,casanatensis,,st¯sunt,,w22377
7637,casanatensis,,accidentia,,w22380
7638,casanatensis,,substantiæ,,w22383
7639,casanatensis,,quæ,,w22386
7640,casanatensis,,adiectiua,,w22389
7641,casanatensis,,dicuntur,,w22392
7642,casanatensis,,quoru2um,,w22395
7643,casanatensis,,significatio,,w22401
7644,casanatensis,,exigit,,w22404
7645,casanatensis,,recipere,,w22407
7646,casanatensis,,comparatiuu2um,,w22410
7647,casanatensis,,gradu2um,,w22413
7648,casanatensis,,tamen,,w22416
7649,casanatensis,,in,,w22419
7650,casanatensis,,usu,,w22422
7651,casanatensis,,n¯non,,w22425
7652,casanatensis,,est,,w22428
7653,casanatensis,,illu2um,,w22431
7654,casanatensis,,recipere,,w22434
7655,casanatensis,,in,,w22437
7656,casanatensis,,his,,w22440
7657,casanatensis,,pleru2umq;que,,w22443
7658,casanatensis,,fit,,w22446
7659,casanatensis,,quæ,,w22449
7660,casanatensis,,uocales,,w22452
7661,casanatensis,,habent,,w22455
7662,casanatensis,,ante,,w22458
7663,casanatensis,,us,,w22461
7664,casanatensis,,utrius,,w22464
7665,casanatensis,,arduus,,w22467
7666,casanatensis,,strenuus,,w22470
7667,casanatensis,,qua2amuis,,w22473
7668,casanatensis,,plautus,,w22476
7669,casanatensis,,strenuior,,w22479
7670,casanatensis,,dixisset,,w22482
7671,casanatensis,,oportet,,w22485
7672,casanatensis,,co2omparatiuum,,w22489
7673,casanatensis,,uincere,,w22491
7674,casanatensis,,una,,w22494
7675,casanatensis,,syllaba,,w22497
7676,casanatensis,,genitiuu2um,,w22500
7677,casanatensis,,primitiui,,w22503
7678,casanatensis,,sui,,w22506
7679,casanatensis,,ut,,w22509
7680,casanatensis,,doctus,,w22512
7681,casanatensis,,docti,,w22515
7682,casanatensis,,doctior,,w22518
7683,casanatensis,,ex,,w22521
7684,casanatensis,,his,,w22524
7685,casanatensis,,uero,,w22527
7686,casanatensis,,quæ,,w22530
7687,casanatensis,,habent,,w22533
7688,casanatensis,,uocales,,w22536
7689,casanatensis,,ante,,w22539
7690,casanatensis,,us,,w22542
7691,casanatensis,,si,,w22545
7692,casanatensis,,comparatiuu2um,,w22548
7693,casanatensis,,¢quilibet,,w22551
7694,casanatensis,,facere,,w22554
7695,casanatensis,,uoluerit,,w22557
7696,casanatensis,,uenit,,w22560
7697,casanatensis,,i,,w22563
7698,casanatensis,,inter,,w22566
7699,casanatensis,,duas,,w22569
7700,casanatensis,,uocales,,w22572
7701,casanatensis,,ut,,w22575
7702,casanatensis,,arduus,,w22578
7703,casanatensis,,ardui,,w22581
7704,casanatensis,,arduior,,w22584
7705,casanatensis,,ł,,casanatensis:0.1.0.18.4.239
7706,casanatensis,,si,,w22587
7707,casanatensis,,eade2em,,w22590
7708,casanatensis,,i,,w22593
7709,casanatensis,,secundu2um,,w22596
7710,casanatensis,,latinoru2um,,w22599
7711,casanatensis,,consuetudine2em,,w22602
7712,casanatensis,,inter,,w22605
7713,casanatensis,,duas,,w22608
7714,casanatensis,,uocales,,w22611
7715,casanatensis,,seruantes,,w22614
7716,casanatensis,,uim,,w22617
7717,casanatensis,,sua2am,,w22620
7718,casanatensis,,fuerit,,w22623
7719,casanatensis,,posita,,w22626
7720,casanatensis,,loco,,w22629
7721,casanatensis,,consonantis,,w22632
7722,casanatensis,,ut,,w22635
7723,casanatensis,,arduior,,w22638
7724,casanatensis,,non,,w22641
7725,casanatensis,,uincit,,w22644
7726,casanatensis,,"genetiuu2umThe first hand had written ""genetiuo"". A scribe then corrected the text by overwriting a ""u"" with abbreviation mark ""2"" above the final ""-o"".",,w22647
7727,casanatensis,,primitiui,,w22650
7728,casanatensis,,una,,w22653
7729,casanatensis,,syllaba,,w22656
7730,casanatensis,,ł,,casanatensis:0.1.0.18.4.284
7731,casanatensis,,et,,w22659
7732,casanatensis,,si,,w22662
7733,casanatensis,,tres,,w22665
7734,casanatensis,,uocales,,w22668
7735,casanatensis,,trib;bus,,w22671
7736,casanatensis,,in,,w22674
7737,casanatensis,,syllabis,,w22677
7738,casanatensis,,continue,,w22680
7739,casanatensis,,ponantur,,w22683
7740,casanatensis,,nulla,,w22686
7741,casanatensis,,interposita,,w22689
7742,casanatensis,,consonante,,w22692
7743,casanatensis,,fit,,w22695
7744,casanatensis,,hiatus,,w22698
7745,casanatensis,,intolerabilis,,w22701
7746,casanatensis,,ut,,w22704
7747,casanatensis,,ardu:i·orThe colon-like punctuation mark and the middle dot are used within the word to mark the hiati.,,w22707
7748,casanatensis,,pi·i·orMiddle dots are used within the word to mark the hiati.,,w22710
7749,casanatensis,,ł,,casanatensis:0.1.0.18.4.317
7750,casanatensis,,ideo,,w22713
7751,casanatensis,,n¯non,,w22716
7752,casanatensis,,recipiunt,,w22719
7753,casanatensis,,co2omparatiuu2um,,w22722
7754,casanatensis,,gradu2um,,w22725
7755,casanatensis,,sed,,w22728
7756,casanatensis,,iuncto,,w22731
7757,casanatensis,,magis,,w22734
7758,casanatensis,,aduerbio,,w22737
7759,casanatensis,,positiuo,,w22740
7760,casanatensis,,gradui,,w22743
7761,casanatensis,,efficitur,,w22749
7762,casanatensis,,sensus,,w22752
7763,casanatensis,,co2omparatiui,,w22755
7764,casanatensis,,ut,,w22758
7765,casanatensis,,iste,,w22761
7766,casanatensis,,pius,,w22764
7767,casanatensis,,ul¯uel,,w22767
7768,casanatensis,,arduus,,w22770
7769,casanatensis,,÷est,,w22773
7770,casanatensis,,et,,w22776
7771,casanatensis,,iste,,w22779
7772,casanatensis,,magis,,w22782
7773,casanatensis,,pius,,w22785
7774,casanatensis,,ul¯uel,,w22788
7775,casanatensis,,arduus,,w22791
7776,casanatensis,,ideo,,w22794
7777,casanatensis,,dictu2um,,w22797
7778,casanatensis,,÷est,,w22800
7779,casanatensis,,superius,,w22803
7780,casanatensis,,de,,w22806
7781,casanatensis,,i,,w22809
7782,casanatensis,,ut,,w22812
7783,casanatensis,,posita,,w22815
7784,casanatensis,,inter,,w22818
7785,casanatensis,,duas,,w22821
7786,casanatensis,,uocales,,w22824
7787,casanatensis,,seruantes,,w22827
7788,casanatensis,,uim,,w22830
7789,casanatensis,,sua2am,,w22833
7790,casanatensis,,ŋpro,,w22836
7791,casanatensis,,consonante,,w22839
7792,casanatensis,,accipiatur,,w22842
7793,casanatensis,,qm¯quoniam,,w22845
7794,casanatensis,,cu2um,,w22848
7795,casanatensis,,sederit,,w22851
7796,casanatensis,,u,,w22854
7797,casanatensis,,post,,w22857
7798,casanatensis,,q,,w22861
7799,casanatensis,,ul¯uel,,w22863
7800,casanatensis,,g,,w22866
7801,casanatensis,,et,,w22869
7802,casanatensis,,post,,w22872
7803,casanatensis,,u,,w22875
7804,casanatensis,,sederit,,w22878
7805,casanatensis,,i,,w22881
7806,casanatensis,,sequente,,w22884
7807,casanatensis,,"eu2umThe first hand had written ""eam"". A second hand added a ""u"" (pointy, ""v-shaped"" allograph) above the ""a"" and also a ""2"" abbreviation sign over that ""u"", thus correcting the word from ""eam"" to ""eum"". The reason of the scribe's correction is that, in this text, syllables are regularly feminine and alphabemes (in this case the ""i"" mentioned shortly before) are neuter.I could not wrap an 'add' element around 'choice' here, as the JavaScript script does not handle this situation just yet.",,w22887
7808,casanatensis,,alia,,w22890
7809,casanatensis,,uocali,,w22893
7810,casanatensis,,ut,,w22896
7811,casanatensis,,nequior,,w22899
7812,casanatensis,,pinguior,,w22902
7813,casanatensis,,non,,w22905
7814,casanatensis,,potest,,w22908
7815,casanatensis,,i,,w22911
7816,casanatensis,,loco,,w22914
7817,casanatensis,,consonantis,,w22917
7818,casanatensis,,accipi,,w22920
7819,casanatensis,,¢quia,,w22923
7820,casanatensis,,þperdit,,w22926
7821,casanatensis,,u,,w22929
7822,casanatensis,,uim,,w22932
7823,casanatensis,,sua2am,,w22935
7824,casanatensis,,ł,,casanatensis:0.1.0.18.4.450
7825,casanatensis,,inueniunt2tur,,w22938
7826,casanatensis,,uetustissimi,,w22941
7827,casanatensis,,sine,,w22944
7828,casanatensis,,supra dicta,,w22947
7829,casanatensis,,obseruantia,,w22950
7830,casanatensis,,fecisse,,w22953
7831,casanatensis,,co2omparatiuu2um,,w22956
7832,casanatensis,,ardu·i·orThe middle dots within the graphical word are used to mark the hiati.,,w22959
7833,casanatensis,,strenuior,,w22962
7834,casanatensis,,sunt,,w22965
7835,casanatensis,,nomina,,w22968
7836,casanatensis,,terminata,,w22971
7837,casanatensis,,in,,w22974
7838,casanatensis,,us,,w22977
7839,casanatensis,,quæ,,w22980
7840,casanatensis,,inequalia,,w22983
7841,casanatensis,,dicuntur,,w22986
7842,casanatensis,,quoru2um,,w22989
7843,casanatensis,,co2omparatiua,,w22992
7844,casanatensis,,quæda2am,,w22995
7845,casanatensis,,habent,,w22998
7846,casanatensis,,i,,w23001
7847,casanatensis,,breue2em,,w23004
7848,casanatensis,,ante,,w23007
7849,casanatensis,,or,,w23010
7850,casanatensis,,ut,,w23013
7851,casanatensis,,bonus,,w23016
7852,casanatensis,,melior,,w23019
7853,casanatensis,,iuuenis,,w23022
7854,casanatensis,,iunior,,w23025
7855,casanatensis,,ŋpro,,w23028
7856,casanatensis,,iuuenior,,w23031
7857,casanatensis,,quæda2am,,w23034
7858,casanatensis,,i,,w23037
7859,casanatensis,,loco,,w23040
7860,casanatensis,,consonantis,,w23043
7861,casanatensis,,ut,,w23046
7862,casanatensis,,malus,,w23049
7863,casanatensis,,peior,,w23052
7864,casanatensis,,quæda2am,,w23055
7865,casanatensis,,alia,,w23058
7866,casanatensis,,consonante,,w23061
7867,casanatensis,,ut,,w23064
7868,casanatensis,,paruus,,w23067
7869,casanatensis,,minor,,w23070
7870,casanatensis,,multus,,w23073
7871,casanatensis,,positiuu2um,,w23076
7872,casanatensis,,cuius,,w23079
7873,casanatensis,,co2omparatiuu2um,,w23082
7874,casanatensis,,plus,,w23085
7875,casanatensis,,in,,w23088
7876,casanatensis,,singulari,,w23091
7877,casanatensis,,neutru2um,,w23094
7878,casanatensis,,tantu2um,,w23097
7879,casanatensis,,na2am,,w23100
7880,casanatensis,,in,,w23103
7881,casanatensis,,plurali,,w23106
7882,casanatensis,,co2ommune,,w23109
7883,casanatensis,,hi,,w23112
7884,casanatensis,,et,,w23115
7885,casanatensis,,hæ,,w23118
7886,casanatensis,,plures,,w23121
7887,casanatensis,,et,,w23124
7888,casanatensis,,hæc,,w23127
7889,casanatensis,,plura,,w23130
7890,casanatensis,,antiqui,,w23133
7891,casanatensis,,etia2am,,w23136
7892,casanatensis,,"pluriaWhile reviewing the lemmatization, I will have to pay particular attention to this word.",,w23139
7893,casanatensis,,dixerunt,,w23142
7894,casanatensis,,suþperlatiuus,,w23145
7895,casanatensis,,horu2um,,w23148
7896,casanatensis,,plurims¯mus,,w23151
7897,casanatensis,,plurima,,w23154
7898,casanatensis,,plurimu2um,,w23157
7899,casanatensis,,nomina,,w23160
7900,casanatensis,,tertiæ,,w23163
7901,casanatensis,,declinationis,,w23166
7902,casanatensis,,co2ommunia,,w23169
7903,casanatensis,,is,,w23172
7904,casanatensis,,desinentia,,w23175
7905,casanatensis,,et,,w23178
7906,casanatensis,,facientia,,w23181
7907,casanatensis,,neutra,,w23184
7908,casanatensis,,in,,w23187
7909,casanatensis,,e,,w23190
7910,casanatensis,,ut,,w23193
7911,casanatensis,,hic,,w23196
7912,casanatensis,,et,,w23199
7913,casanatensis,,hæc,,w23202
7914,casanatensis,,fortis,,w23205
7915,casanatensis,,et,,w23208
7916,casanatensis,,hoc,,w23211
7917,casanatensis,,forte,,w23214
7918,casanatensis,,ul¯uel,,w23217
7919,casanatensis,,in,,w23220
7920,casanatensis,,er,,w23223
7921,casanatensis,,masculina,,w23226
7922,casanatensis,,facientia,,w23229
7923,casanatensis,,feminina,,w23232
7924,casanatensis,,in,,w23235
7925,casanatensis,,is,,w23238
7926,casanatensis,,neutra,,w23241
7927,casanatensis,,in,,w23244
7928,casanatensis,,e,,w23247
7929,casanatensis,,ut,,w23250
7930,casanatensis,,hic,,w23253
7931,casanatensis,,acer,,w23256
7932,casanatensis,,hæc,,w23259
7933,casanatensis,,acris,,w23262
7934,casanatensis,,hoc,,w23265
7935,casanatensis,,acre,,w23268
7936,casanatensis,,uel,,w23271
7937,casanatensis,,in,,w23274
7938,casanatensis,,er,,w23277
7939,casanatensis,,es,,w23278
7940,casanatensis,,ns,,w23280
7941,casanatensis,,ens,,w23283
7942,casanatensis,,x,,w23286
7943,casanatensis,,communia,,w23289
7944,casanatensis,,triu2um,,w23292
7945,casanatensis,,generu2um,,w23295
7946,casanatensis,,ut,,w23298
7947,casanatensis,,hic,,w23301
7948,casanatensis,,et,,w23304
7949,casanatensis,,hæc,,w23307
7950,casanatensis,,et,,w23310
7951,casanatensis,,hoc,,w23313
7952,casanatensis,,pauper,,w23316
7953,casanatensis,,hic,,w23319
7954,casanatensis,,et,,w23322
7955,casanatensis,,hæc,,w23325
7956,casanatensis,,et,,w23328
7957,casanatensis,,hoc,,w23331
7958,casanatensis,,locuples,,w23334
7959,casanatensis,,hic,,w23337
7960,casanatensis,,et,,w23340
7961,casanatensis,,hæc,,w23343
7962,casanatensis,,et,,w23346
7963,casanatensis,,hoc,,w23349
7964,casanatensis,,sapiens,,w23352
7965,casanatensis,,hic,,w23355
7966,casanatensis,,et,,w23358
7967,casanatensis,,hæc,,w23361
7968,casanatensis,,et,,w23364
7969,casanatensis,,hoc,,w23367
7970,casanatensis,,iners,,w23370
7971,casanatensis,,hic,,w23373
7972,casanatensis,,et,,w23376
7973,casanatensis,,hæc,,w23379
7974,casanatensis,,et,,w23382
7975,casanatensis,,hoc,,w23385
7976,casanatensis,,audax,,w23388
7977,casanatensis,,cor¯orrepta,,w23391
7978,casanatensis,,i,,w23394
7979,casanatensis,,datiui,,w23397
7980,casanatensis,,et,,w23400
7981,casanatensis,,"adsumptaThe grapheme ""s"" is oddly superimposed over the grapheme ""d"".",,w23403
7982,casanatensis,,or,,w23406
7983,casanatensis,,faciunt,,w23409
7984,casanatensis,,co2omparatiuu2um,,w23412
7985,casanatensis,,ut,,w23415
7986,casanatensis,,forti,,w23418
7987,casanatensis,,hic,,w23421
7988,casanatensis,,et,,w23424
7989,casanatensis,,hæc,,w23427
7990,casanatensis,,fortior,,w23430
7991,casanatensis,,et,,w23433
7992,casanatensis,,hoc,,w23436
7993,casanatensis,,fortius,,w23439
7994,casanatensis,,similiter,,w23442
7995,casanatensis,,acri,,w23445
7996,casanatensis,,acrior,,w23448
7997,casanatensis,,acrius,,w23451
7998,casanatensis,,pauperi,,w23454
7999,casanatensis,,pauperior,,w23457
8000,casanatensis,,pauperius,,w23460
8001,casanatensis,,locupleti,,w23463
8002,casanatensis,,locupletior,,w23466
8003,casanatensis,,locupletius,,w23469
8004,casanatensis,,sapienti,,w23472
8005,casanatensis,,sapientior,,w23475
8006,casanatensis,,sapientius,,w23478
8007,casanatensis,,inerti,,w23481
8008,casanatensis,,inertior,,w23484
8009,casanatensis,,inertius,,w23487
8010,casanatensis,,audaci,,w23490
8011,casanatensis,,audacior,,w23493
8012,casanatensis,,audacius,,w23496
8013,casanatensis,,oma¯mnia,,w23499
8014,casanatensis,,co2omparatiua,,w23502
8015,casanatensis,,co2ommunis,,w23505
8016,casanatensis,,generis,,w23508
8017,casanatensis,,st¯sunt,,w23511
8018,casanatensis,,se2emþper,,w23514
8019,casanatensis,,terminantia,,w23517
8020,casanatensis,,masculino,,w23520
8021,casanatensis,,et,,w23523
8022,casanatensis,,feminino,,w23526
8023,casanatensis,,in,,w23529
8024,casanatensis,,or,,w23532
8025,casanatensis,,et,,w23535
8026,casanatensis,,neutro,,w23538
8027,casanatensis,,in,,w23541
8028,casanatensis,,us,,w23544
8029,casanatensis,,excepto,,w23547
8030,casanatensis,,uno,,w23550
8031,casanatensis,,senex,,w23553
8032,casanatensis,,quod,,w23556
8033,casanatensis,,est,,w23559
8034,casanatensis,,unius,,w23562
8035,casanatensis,,generis,,w23565
8036,casanatensis,,et,,w23568
8037,casanatensis,,fixu2um,,w23571
8038,casanatensis,,genus,,w23574
8039,casanatensis,,÷est,,w23577
8040,casanatensis,,quod,,w23580
8041,casanatensis,,uetustissimi,,w23583
8042,casanatensis,,etia2am,,w23586
8043,casanatensis,,co2ommune,,w23589
8044,casanatensis,,ŋproferebant,,w23592
8045,casanatensis,,facit,,w23595
8046,casanatensis,,co2omparatiuu2um,,w23598
8047,casanatensis,,masculinu2um,,w23601
8048,casanatensis,,ta2antu2um,,w23604
8049,casanatensis,,hic,,w23607
8050,casanatensis,,senior,,w23610
8051,casanatensis,,feminino,,w23613
8052,casanatensis,,anus,,w23616
8053,casanatensis,,neutro,,w23619
8054,casanatensis,,senius,,w23622
8055,casanatensis,,nequa2am,,w23625
8056,casanatensis,,indeclinabile,,w23629
8057,casanatensis,,triu2um,,w23631
8058,casanatensis,,generu2um,,w23634
8059,casanatensis,,facit,,w23637
8060,casanatensis,,co2omparatiuu2um,,w23640
8061,casanatensis,,ne¢quior,,w23643
8062,casanatensis,,et,,w23646
8063,casanatensis,,suþperlatiuu2um,,w23649
8064,casanatensis,,nequissimus,,w23652
8065,casanatensis,,ab,,w23655
8066,casanatensis,,aduerbiis,,w23658
8067,casanatensis,,in,,w23661
8068,casanatensis,,ra,,w23664
8069,casanatensis,,desinentib;bus,,w23667
8070,casanatensis,,fiunt,,w23670
8071,casanatensis,,co2omparatiua,,w23673
8072,casanatensis,,mutantia,,w23676
8073,casanatensis,,ra,,w23679
8074,casanatensis,,in,,w23682
8075,casanatensis,,er,,w23685
8076,casanatensis,,et,,w23688
8077,casanatensis,,adsumentia,,w23691
8078,casanatensis,,ior,,w23694
8079,casanatensis,,ut,,w23697
8080,casanatensis,,extra,,w23700
8081,casanatensis,,exterior,,w23703
8082,casanatensis,,intra,,w23706
8083,casanatensis,,interior,,w23709
8084,casanatensis,,ultra,,w23712
8085,casanatensis,,ulterior,,w23715
8086,casanatensis,,citra,,w23718
8087,casanatensis,,citerior,,w23721
8088,casanatensis,,infra,,w23724
8089,casanatensis,,inferior,,w23727
8090,casanatensis,,supra,,w23730
8091,casanatensis,,superior,,w23733
8092,casanatensis,,similiter,,w23736
8093,casanatensis,,post,,w23739
8094,casanatensis,,et,,w23742
8095,casanatensis,,ante,,w23745
8096,casanatensis,,posterior,,w23748
8097,casanatensis,,et,,w23751
8098,casanatensis,,anterior,,w23754
8099,casanatensis,,et,,w23757
8100,casanatensis,,ŋprope,,w23760
8101,casanatensis,,proprior,,w23763
8102,casanatensis,,et,,w23766
8103,casanatensis,,detero,,w23769
8104,casanatensis,,deterior,,w23772
8105,casanatensis,,a,,w23775
8106,casanatensis,,sæpe,,w23778
8107,casanatensis,,non,,w23781
8108,casanatensis,,co2omparatiuu2um,,w23784
8109,casanatensis,,sed,,w23787
8110,casanatensis,,suþperlatiuu2um,,w23790
8111,casanatensis,,sepissime,,w23793
8112,casanatensis,,prior,,w23796
8113,casanatensis,,et,,w23799
8114,casanatensis,,primus,,w23802
8115,casanatensis,,cu2um,,w23805
8116,casanatensis,,ordinis,,w23808
8117,casanatensis,,st¯sunt,,w23811
8118,casanatensis,,differentia2am,,w23814
8119,casanatensis,,numeri,,w23817
8120,casanatensis,,ostendunt,,w23820
8121,casanatensis,,sicut,,w23823
8122,casanatensis,,alter,,w23826
8123,casanatensis,,de,,w23829
8124,casanatensis,,duob;bus,,w23832
8125,casanatensis,,et,,w23835
8126,casanatensis,,alius,,w23838
8127,casanatensis,,de,,w23841
8128,casanatensis,,multis,,w23844
8129,casanatensis,,sic,,w23847
8130,casanatensis,,prior,,w23850
8131,casanatensis,,de,,w23853
8132,casanatensis,,duob;bus,,w23856
8133,casanatensis,,et,,w23859
8134,casanatensis,,primus,,w23862
8135,casanatensis,,de,,w23865
8136,casanatensis,,multis,,w23868
8137,casanatensis,,inuenitur,,w23871
8138,casanatensis,,prior,,w23874
8139,casanatensis,,ŋpro,,w23877
8140,casanatensis,,melior,,w23880
8141,casanatensis,,et,,w23883
8142,casanatensis,,tunc,,w23886
8143,casanatensis,,habent,,w23889
8144,casanatensis,,uim,,w23892
8145,casanatensis,,co2omparatiui,,w23895
8146,casanatensis,,et,,w23898
8147,casanatensis,,primus,,w23901
8148,casanatensis,,ŋpro,,w23904
8149,casanatensis,,optimus,,w23907
8150,casanatensis,,et,,w23910
8151,casanatensis,,tunc,,w23913
8152,casanatensis,,hab¯abent,,w23916
8153,casanatensis,,uim,,w23919
8154,casanatensis,,suþperlatiui,,w23922
8155,casanatensis,,quida2am,,w23925
8156,casanatensis,,adfirmant,,w23928
8157,casanatensis,,quod,,w23931
8158,casanatensis,,prior,,w23934
8159,casanatensis,,semþper,,w23937
8160,casanatensis,,sit,,w23940
8161,casanatensis,,co2omparatiuu2um,,w23943
8162,casanatensis,,¢quia,,w23946
8163,casanatensis,,iungitur,,w23949
8164,casanatensis,,ablatiuo,,w23952
8165,casanatensis,,et,,w23955
8166,casanatensis,,suo,,w23958
8167,casanatensis,,et,,w23961
8168,casanatensis,,alieno,,w23964
8169,casanatensis,,generi,,w23967
8170,casanatensis,,co2omparatur,,w23970
8171,casanatensis,,qua2amuis,,w23973
8172,casanatensis,,numeru2um,,w23976
8173,casanatensis,,significet,,w23979
8174,casanatensis,,ut,,w23982
8175,casanatensis,,prior,,w23985
8176,casanatensis,,turnus,,w23988
8177,casanatensis,,qua2am,,w23991
8178,casanatensis,,æneas,,w23994
8179,casanatensis,,mouit,,w23997
8180,casanatensis,,bellu2um,,w24000
8181,casanatensis,,ł,,casanatensis:0.1.0.18.5.635
8182,casanatensis,,et,,w24003
8183,casanatensis,,primus,,w24006
8184,casanatensis,,suþperlatiuus,,w24009
8185,casanatensis,,eo,,w24012
8186,casanatensis,,quod,,w24015
8187,casanatensis,,iungitur,,w24018
8188,casanatensis,,genitiuo,,w24021
8189,casanatensis,,plurali,,w24024
8190,casanatensis,,ł,,casanatensis:0.1.0.18.5.650
8191,casanatensis,,et,,w24027
8192,casanatensis,,sicut,,w24030
8193,casanatensis,,omnes,,w24033
8194,casanatensis,,suþperlatiui,,w24036
8195,casanatensis,,ad,,w24039
8196,casanatensis,,multos,,w24042
8197,casanatensis,,sui,,w24045
8198,casanatensis,,generis,,w24048
8199,casanatensis,,comparatur,,w24051
8200,casanatensis,,ut,,w24054
8201,casanatensis,,primus,,w24057
8202,casanatensis,,se,,w24060
8203,casanatensis,,danau2um,,w24063
8204,casanatensis,,magna,,w24066
8205,casanatensis,,comitante,,w24069
8206,casanatensis,,caterua,,w24072
8207,casanatensis,,androgeus,,w24075
8208,casanatensis,,offert,,w24078
8209,casanatensis,,nob¯obis,,w24081
8210,casanatensis,,et,,w24084
8211,casanatensis,,quod,,w24087
8212,casanatensis,,prior,,w24090
8213,casanatensis,,co2ommunis,,w24093
8214,casanatensis,,generis,,w24096
8215,casanatensis,,÷est,,w24099
8216,casanatensis,,faciens,,w24102
8217,casanatensis,,neu¯neutrum,,w24105
8218,casanatensis,,in,,w24108
8219,casanatensis,,us,,w24111
8220,casanatensis,,quod,,w24114
8221,casanatensis,,n¯non,,w24117
8222,casanatensis,,fit,,w24120
8223,casanatensis,,nisi,,w24123
8224,casanatensis,,in,,w24126
8225,casanatensis,,co2omparatiuis,,w24129
8226,casanatensis,,et,,w24132
8227,casanatensis,,uidetur,,w24135
8228,casanatensis,,a,,w24138
8229,casanatensis,,pride2em,,w24141
8230,casanatensis,,fieri,,w24144
8231,casanatensis,,cor¯correpta,,w24147
8232,casanatensis,,i,,w24150
8233,casanatensis,,et,,w24153
8234,casanatensis,,abiecta,,w24156
8235,casanatensis,,dem,,w24159
8236,casanatensis,,addita,,w24162
8237,casanatensis,,or,,w24165
8238,casanatensis,,in,,w24168
8239,casanatensis,,nullo,,w24171
8240,casanatensis,,eni2im,,w24174
8241,casanatensis,,co2omparatiuum,,w24178
8242,casanatensis,,i,,w24180
8243,casanatensis,,ŋproductu2um,,w24183
8244,casanatensis,,hab¯abet,,w24186
8245,casanatensis,,ante,,w24189
8246,casanatensis,,or,,w24192
8247,casanatensis,,in,,w24195
8248,casanatensis,,suþperlatiuo,,w24198
8249,casanatensis,,seruauit,,w24201
8250,casanatensis,,i,,w24204
8251,casanatensis,,ŋproductu2um,,w24207
8252,casanatensis,,primus,,w24210
8253,casanatensis,,ex,,w24213
8254,casanatensis,,quo,,w24216
8255,casanatensis,,aduerbiu2um,,w24219
8256,casanatensis,,"primoThere is a macron over ""prīmus"" to mark the vowel's long quantity.",,w24222
8257,casanatensis,,ul¯uel,,w24225
8258,casanatensis,,prime,,w24228
8259,casanatensis,,unde,,w24231
8260,casanatensis,,et,,w24234
8261,casanatensis,,adprime,,w24237
8262,casanatensis,,compositu2um,,w24240
8263,casanatensis,,uenit,,w24243
8264,casanatensis,,ł,,casanatensis:0.1.0.18.5.785
8265,casanatensis,,magnificentior,,w24246
8266,casanatensis,,et,,w24249
8267,casanatensis,,magnificentissimus,,w24252
8268,casanatensis,,munificentior,,w24255
8269,casanatensis,,et,,w24258
8270,casanatensis,,munificentissimus,,w24261
8271,casanatensis,,secundu2um,,w24264
8272,casanatensis,,analogia2am,,w24267
8273,casanatensis,,a,,w24270
8274,casanatensis,,magnificens,,w24273
8275,casanatensis,,et,,w24276
8276,casanatensis,,munificens,,w24279
8277,casanatensis,,uidentur,,w24282
8278,casanatensis,,deriuari,,w24285
8279,casanatensis,,qd¯quod,,w24288
8280,casanatensis,,in,,w24291
8281,casanatensis,,usu,,w24294
8282,casanatensis,,non,,w24297
8283,casanatensis,,st¯sunt,,w24300
8284,casanatensis,,sed,,w24303
8285,casanatensis,,tantu2um,,w24306
8286,casanatensis,,magnficus,,w24309
8287,casanatensis,,et,,w24312
8288,casanatensis,,munificus,,w24315
8289,casanatensis,,ł,,casanatensis:0.1.0.18.5.826
8290,casanatensis,,cu2um,,w24318
8291,casanatensis,,comparatiua,,w24321
8292,casanatensis,,ŋproprie,,w24324
8293,casanatensis,,ad,,w24327
8294,casanatensis,,positiuu2um,,w24330
8295,casanatensis,,gradu2um,,w24333
8296,casanatensis,,fieri,,w24336
8297,casanatensis,,soleat,,w24339
8298,casanatensis,,inuenitur,,w24342
8299,casanatensis,,co2omparatiuus,,w24345
8300,casanatensis,,ŋpro,,w24348
8301,casanatensis,,positiuo,,w24351
8302,casanatensis,,tantu2um,,w24354
8303,casanatensis,,positus,,w24357
8304,casanatensis,,ut,,w24360
8305,casanatensis,,comites,,w24363
8306,casanatensis,,senioris,,w24366
8307,casanatensis,,aceste,,w24369
8308,casanatensis,,ŋpro,,w24372
8309,casanatensis,,senis,,w24375
8310,casanatensis,,ł,,casanatensis:0.1.0.18.5.862
8311,casanatensis,,est,,w24378
8312,casanatensis,,quando,,w24381
8313,casanatensis,,comparatiuus,,w24384
8314,casanatensis,,nulli,,w24387
8315,casanatensis,,conparatus,,w24390
8316,casanatensis,,sedens,,w24393
8317,casanatensis,,ŋpro,,w24396
8318,casanatensis,,positiuo,,w24399
8319,casanatensis,,minus,,w24402
8320,casanatensis,,qua2am,,w24405
8321,casanatensis,,positiuus,,w24408
8322,casanatensis,,significat,,w24411
8323,casanatensis,,ut,,w24414
8324,casanatensis,,tristior,,w24417
8325,casanatensis,,atq;que,,w24420
8326,casanatensis,,oculos,,w24423
8327,casanatensis,,suffusa,,w24426
8328,casanatensis,,nitentes,,w24429
8329,casanatensis,,hic,,w24432
8330,casanatensis,,ex,,w24435
8331,casanatensis,,parte,,w24438
8332,casanatensis,,tantu2um,,w24441
8333,casanatensis,,tristis,,w24444
8334,casanatensis,,ostenditur,,w24447
8335,casanatensis,,est,,w24450
8336,casanatensis,,quando,,w24453
8337,casanatensis,,co2omparatur,,w24456
8338,casanatensis,,ad,,w24459
8339,casanatensis,,contraria,,w24462
8340,casanatensis,,et,,w24465
8341,casanatensis,,minus,,w24468
8342,casanatensis,,positiuo,,w24471
8343,casanatensis,,significat,,w24474
8344,casanatensis,,ut,,w24477
8345,casanatensis,,mare,,w24480
8346,casanatensis,,ponticu2um,,w24483
8347,casanatensis,,dulcius,,w24486
8348,casanatensis,,qua2am,,w24489
8349,casanatensis,,cetera,,w24492
8350,casanatensis,,hic,,w24495
8351,casanatensis,,dulcius,,w24498
8352,casanatensis,,ŋpro,,w24501
8353,casanatensis,,minus,,w24504
8354,casanatensis,,amaru2um,,w24507
8355,casanatensis,,ponitur,,w24510
8356,casanatensis,,est,,w24513
8357,casanatensis,,quando,,w24516
8358,casanatensis,,suþperlatiuo,,w24519
8359,casanatensis,,co2omparatur,,w24522
8360,casanatensis,,ut,,w24525
8361,casanatensis,,achilles,,w24528
8362,casanatensis,,fortior,,w24531
8363,casanatensis,,fuit,,w24534
8364,casanatensis,,hectore,,w24537
8365,casanatensis,,ŋpro,,w24540
8366,casanatensis,,fortissimo,,w24543
8367,casanatensis,,troianoru2um,,w24546
8368,casanatensis,,est,,w24549
8369,casanatensis,,quando,,w24552
8370,casanatensis,,alio,,w24555
8371,casanatensis,,co2omparatiuo,,w24558
8372,casanatensis,,co2omparatur,,w24561
8373,casanatensis,,ut,,w24564
8374,casanatensis,,fortior,,w24567
8375,casanatensis,,achilles,,w24570
8376,casanatensis,,hectore,,w24573
8377,casanatensis,,fortiore,,w24576
8378,casanatensis,,"patrocloThe first hand (in brown ink) had written ""patrollo"". A second hand (in a lighter brown ink) has corrected the first ""l"" to ""c"". Compare the source Priscian, Ars grammatica, K 2.93.1: ""fortior Achilles Hectore, fortiore Patroclo"".",,w24579
8379,casanatensis,,apud,,w24582
8380,casanatensis,,grecos,,w24585
8381,casanatensis,,non,,w24588
8382,casanatensis,,accipit,,w24591
8383,casanatensis,,co2omparatiuu2um,,w24594
8384,casanatensis,,deminutione2em,,w24597
8385,casanatensis,,apud,,w24600
8386,casanatensis,,nos,,w24603
8387,casanatensis,,accipit,,w24606
8388,casanatensis,,ut,,w24609
8389,casanatensis,,grandiusculus,,w24612
8390,casanatensis,,maiusculus,,w24615
8391,casanatensis,,minusculus,,w24618
8392,casanatensis,,meliusculus,,w24621
8393,casanatensis,,quæ,,w24624
8394,casanatensis,,nascuntur,,w24627
8395,casanatensis,,a,,w24630
8396,casanatensis,,"neu¯neutroAnother possible expansion for the abbreviation could be ""neutris"".",,w24633
8397,casanatensis,,co2omparatiui,,w24636
8398,casanatensis,,adiecta,,w24639
8399,casanatensis,,culus,,w24642
8400,casanatensis,,ut,,w24645
8401,casanatensis,,grandius,,w24648
8402,casanatensis,,grandiusculus,,w24651
8403,casanatensis,,tam,,w24654
8404,casanatensis,,et,,w24657
8405,casanatensis,,qua2am,,w24660
8406,casanatensis,,aduerbia,,w24663
8407,casanatensis,,tunc,,w24666
8408,casanatensis,,iungantur,,w24669
8409,casanatensis,,co2omparatiuo,,w24672
8410,casanatensis,,ul¯uel,,w24675
8411,casanatensis,,suþperlatiuo,,w24678
8412,casanatensis,,cu2um,,w24681
8413,casanatensis,,duo,,w24684
8414,casanatensis,,uel,,w24687
8415,casanatensis,,plures,,w24690
8416,casanatensis,,co2omparatiui,,w24693
8417,casanatensis,,diuersæ,,w24699
8418,casanatensis,,significationis,,w24702
8419,casanatensis,,inter,,w24705
8420,casanatensis,,se,,w24708
8421,casanatensis,,equantur,,w24711
8422,casanatensis,,ut,,w24714
8423,casanatensis,,ta2am,,w24717
8424,casanatensis,,iustior,,w24720
8425,casanatensis,,qua2am,,w24723
8426,casanatensis,,felicior,,w24726
8427,casanatensis,,æneas,,w24729
8428,casanatensis,,hectore,,w24732
8429,casanatensis,,aut,,w24735
8430,casanatensis,,ide2em,,w24738
8431,casanatensis,,geminantur,,w24741
8432,casanatensis,,ista,,w24744
8433,casanatensis,,dextra,,w24747
8434,casanatensis,,non,,w24750
8435,casanatensis,,ta2am,,w24753
8436,casanatensis,,in,,w24756
8437,casanatensis,,bellis,,w24759
8438,casanatensis,,qua2am,,w24762
8439,casanatensis,,in,,w24765
8440,casanatensis,,"ŋproeliis Interestingly, the scribe preferred using the brevigraph ""ŋ"" (for ""pro"") and then the grapheme for ""e"", thus preserving the diphthong, rather than reducing the diphthong ""oe"" to one ""e"" (""preliis"") and using the abbreviation ""p with horizontal trait"" for ""pre"". This shows that the scribe was well aware that the classical Latin spelling included a diphthong in ""proeliis"".",,w24768
8441,casanatensis,,qua2am,,w24774
8442,casanatensis,,in,,w24777
8443,casanatensis,,ŋpromissis,,w24780
8444,casanatensis,,et,,w24783
8445,casanatensis,,fide,,w24786
8446,casanatensis,,firmores,,w24789
8447,casanatensis,,ł,,casanatensis:0.1.0.18.5.1121
8448,casanatensis,,est,,w24792
8449,casanatensis,,quando,,w24795
8450,casanatensis,,minus,,w24798
8451,casanatensis,,positiuo,,w24801
8452,casanatensis,,iunctu2um,,w24804
8453,casanatensis,,demonstrat,,w24807
8454,casanatensis,,co2omparatiuu2um,,w24810
8455,casanatensis,,significationis,,w24813
8456,casanatensis,,contrariæ,,w24816
8457,casanatensis,,ut,,w24819
8458,casanatensis,,minus,,w24822
8459,casanatensis,,stultus,,w24825
8460,casanatensis,,ŋpro,,w24828
8461,casanatensis,,prudentior,,w24831
8462,casanatensis,,et,,w24834
8463,casanatensis,,pro,,w24837
8464,casanatensis,,solo,,w24840
8465,casanatensis,,nomine,,w24843
8466,casanatensis,,ut,,w24846
8467,casanatensis,,minus,,w24849
8468,casanatensis,,bonus,,w24852
8469,casanatensis,,ŋpro,,w24855
8470,casanatensis,,malus,,w24858
8471,casanatensis,,magis,,w24861
8472,casanatensis,,n¯non,,w24864
8473,casanatensis,,solu2um,,w24867
8474,casanatensis,,positiuo,,w24870
8475,casanatensis,,sed,,w24873
8476,casanatensis,,ed,,w24876
8477,casanatensis,,co2omparatiuo,,w24879
8478,casanatensis,,iungitur,,w24882
8479,casanatensis,,cu2um,,w24885
8480,casanatensis,,ipse,,w24888
8481,casanatensis,,co2omparatur,,w24891
8482,casanatensis,,ul¯uel,,w24894
8483,casanatensis,,ad,,w24897
8484,casanatensis,,se,,w24900
8485,casanatensis,,ul¯uel,,w24903
8486,casanatensis,,ad,,w24906
8487,casanatensis,,alium,,w24909
8488,casanatensis,,ut,,w24912
8489,casanatensis,,achilles,,w24915
8490,casanatensis,,ænea,,w24918
8491,casanatensis,,fortior,,w24921
8492,casanatensis,,magis,,w24924
8493,casanatensis,,qua2am,,w24927
8494,casanatensis,,iustior,,w24930
8495,casanatensis,,fuit,,w24933
8496,casanatensis,,n¯non,,w24936
8497,casanatensis,,omnia,,w24939
8498,casanatensis,,nomina,,w24942
8499,casanatensis,,posst¯sunt,,w24945
8500,casanatensis,,ire,,w24948
8501,casanatensis,,þper,,w24951
8502,casanatensis,,oms¯omnes,,w24954
8503,casanatensis,,gradus,,w24957
8504,casanatensis,,co2omparationis,,w24960
8505,casanatensis,,alia,,w24963
8506,casanatensis,,st¯sunt,,w24966
8507,casanatensis,,tantu2um,,w24969
8508,casanatensis,,positiui,,w24972
8509,casanatensis,,gradus,,w24975
8510,casanatensis,,ut,,w24978
8511,casanatensis,,mediocris,,w24981
8512,casanatensis,,secundu2um,,w24984
8513,casanatensis,,qualitate2em,,w24987
8514,casanatensis,,sensus,,w24990
8515,casanatensis,,n¯non,,w24993
8516,casanatensis,,potest,,w24996
8517,casanatensis,,dici,,w24999
8518,casanatensis,,mediocrior,,w25002
8519,casanatensis,,ul¯uel,,w25005
8520,casanatensis,,mediocrissimus,,w25008
8521,casanatensis,,alia,,w25011
8522,casanatensis,,posititui,,w25014
8523,casanatensis,,et,,w25017
8524,casanatensis,,conparatiui,,w25020
8525,casanatensis,,ut,,w25023
8526,casanatensis,,senex,,w25026
8527,casanatensis,,senior,,w25029
8528,casanatensis,,na2am,,w25032
8529,casanatensis,,senissimus,,w25035
8530,casanatensis,,dici,,w25038
8531,casanatensis,,n¯non,,w25041
8532,casanatensis,,þpermittit,,w25044
8533,casanatensis,,humanæ,,w25047
8534,casanatensis,,fragilitatis,,w25050
8535,casanatensis,,natura,,w25053
8536,casanatensis,,alia,,w25056
8537,casanatensis,,positiui,,w25059
8538,casanatensis,,et,,w25062
8539,casanatensis,,suþperlatiui,,w25065
8540,casanatensis,,ut,,w25068
8541,casanatensis,,pius,,w25071
8542,casanatensis,,piissimus,,w25074
8543,casanatensis,,cuius,,w25077
8544,casanatensis,,co2omparatiuus,,w25080
8545,casanatensis,,dici,,w25083
8546,casanatensis,,n¯non,,w25086
8547,casanatensis,,potest,,w25089
8548,casanatensis,,secundu2um,,w25092
8549,casanatensis,,p¯predicta2am,,w25095
8550,casanatensis,,ratione2em,,w25098
8551,casanatensis,,alia,,w25101
8552,casanatensis,,conparatiui,,w25104
8553,casanatensis,,et,,w25107
8554,casanatensis,,suþperlatiui,,w25110
8555,casanatensis,,ut,,w25113
8556,casanatensis,,ulterior,,w25116
8557,casanatensis,,ultimus,,w25119
8558,casanatensis,,positiuu2um,,w25122
8559,casanatensis,,n¯non,,w25125
8560,casanatensis,,hab¯abet,,w25128
8561,casanatensis,,¢quia,,w25131
8562,casanatensis,,ab,,w25134
8563,casanatensis,,ultra,,w25137
8564,casanatensis,,aduerbio,,w25140
8565,casanatensis,,ul¯uel,,w25143
8566,casanatensis,,præpositione,,w25146
8567,casanatensis,,deriuari,,w25149
8568,casanatensis,,uidetur,,w25152
8569,casanatensis,,alia,,w25155
8570,casanatensis,,soli,,w25158
8571,casanatensis,,suþperlatiui,,w25161
8572,casanatensis,,ut,,w25164
8573,casanatensis,,nouissimus,,w25167
8574,casanatensis,,tam,,w25170
8575,casanatensis,,et,,w25173
8576,casanatensis,,qua2am,,w25176
8577,casanatensis,,adeo,,w25179
8578,casanatensis,,magis,,w25182
8579,casanatensis,,maxime,,w25185
8580,casanatensis,,minus,,w25188
8581,casanatensis,,minime,,w25191
8582,casanatensis,,aduerbia,,w25194
8583,casanatensis,,adiunguntur,,w25197
8584,casanatensis,,positiuo,,w25200
8585,casanatensis,,gradui,,w25203
8586,casanatensis,,de,,w25206
8587,casanatensis,,illis,,w25209
8588,casanatensis,,nominib;bus,,w25212
8589,casanatensis,,quos,,w25215
8590,casanatensis,,aut,,w25218
8591,casanatensis,,natura,,w25221
8592,casanatensis,,aut,,w25224
8593,casanatensis,,consuetudo,,w25227
8594,casanatensis,,uel,,w25230
8595,casanatensis,,alia,,w25233
8596,casanatensis,,qualibet,,w25236
8597,casanatensis,,causa,,w25239
8598,casanatensis,,ŋprohibet,,w25243
8599,casanatensis,,posse,,w25248
8600,casanatensis,,ire,,w25251
8601,casanatensis,,þper,,w25254
8602,casanatensis,,oms¯omnes,,w25257
8603,casanatensis,,gradus,,w25260
8604,casanatensis,,cu2um,,w25263
8605,casanatensis,,aut¯autem,,w25266
8606,casanatensis,,positiuo,,w25269
8607,casanatensis,,adiungitur,,w25272
8608,casanatensis,,ta2am,,w25275
8609,casanatensis,,et,,w25278
8610,casanatensis,,qua2am,,w25281
8611,casanatensis,,et,,w25284
8612,casanatensis,,adeo,,w25287
8613,casanatensis,,et,,w25290
8614,casanatensis,,magis,,w25293
8615,casanatensis,,et,,w25296
8616,casanatensis,,minus,,w25299
8617,casanatensis,,habet,,w25302
8618,casanatensis,,sensu2um,,w25305
8619,casanatensis,,conparatiui,,w25308
8620,casanatensis,,et,,w25311
8621,casanatensis,,cu2um,,w25314
8622,casanatensis,,positiuo,,w25317
8623,casanatensis,,adiungitur,,w25320
8624,casanatensis,,maxime,,w25323
8625,casanatensis,,uel,,w25326
8626,casanatensis,,minime,,w25329
8627,casanatensis,,hab¯abent,,w25332
8628,casanatensis,,sensu2um,,w25335
8629,casanatensis,,suþperlatiui,,w25338
8630,casanatensis,,triformis,,w25341
8631,casanatensis,,÷est,,w25344
8632,casanatensis,,conparatio,,w25347
8633,casanatensis,,¢quia,,w25350
8634,casanatensis,,alia,,w25353
8635,casanatensis,,nomina,,w25356
8636,casanatensis,,st¯sunt,,w25359
8637,casanatensis,,in,,w25362
8638,casanatensis,,quibus,,w25365
8639,casanatensis,,congrue,,w25368
8640,casanatensis,,respondit,,w25371
8641,casanatensis,,uox,,w25374
8642,casanatensis,,qualitati,,w25377
8643,casanatensis,,ut,,w25380
8644,casanatensis,,doctus,,w25383
8645,casanatensis,,doctior,,w25386
8646,casanatensis,,doctissimus,,w25389
8647,casanatensis,,alia,,w25392
8648,casanatensis,,in,,w25395
8649,casanatensis,,¢quibus,,w25398
8650,casanatensis,,dissonat,,w25401
8651,casanatensis,,uox,,w25404
8652,casanatensis,,a,,w25407
8653,casanatensis,,qualitate,,w25410
8654,casanatensis,,ut,,w25413
8655,casanatensis,,bonus,,w25416
8656,casanatensis,,melior,,w25419
8657,casanatensis,,optimus,,w25422
8658,casanatensis,,potuerat,,w25425
8659,casanatensis,,eni2im,,w25428
8660,casanatensis,,congrue,,w25431
8661,casanatensis,,dici,,w25434
8662,casanatensis,,bonus,,w25437
8663,casanatensis,,bonior,,w25440
8664,casanatensis,,bonissimus,,w25443
8665,casanatensis,,secundu2um,,w25446
8666,casanatensis,,qualitatem,,w25449
8667,casanatensis,,sed,,w25452
8668,casanatensis,,ratio,,w25455
8669,casanatensis,,euphoniæ,,w25458
8670,casanatensis,,n¯non,,w25461
8671,casanatensis,,þpermittit,,w25464
8672,casanatensis,,ł,,casanatensis:0.1.0.18.11.190
8673,casanatensis,,alia,,w25467
8674,casanatensis,,¢quibus,,w25470
8675,casanatensis,,qualitas,,w25473
8676,casanatensis,,deficit,,w25476
8677,casanatensis,,ut,,w25479
8678,casanatensis,,mediocris,,w25482
8679,casanatensis,,cu2um,,w25485
8680,casanatensis,,dicitur,,w25488
8681,casanatensis,,plenus,,w25491
8682,casanatensis,,intellectus,,w25494
8683,casanatensis,,mediocritatis,,w25497
8684,casanatensis,,÷est,,w25500
8685,casanatensis,,idcirco,,w25503
8686,casanatensis,,n¯non,,w25506
8687,casanatensis,,potest,,w25509
8688,casanatensis,,dici,,w25512
8689,casanatensis,,mediocrior,,w25515
8690,casanatensis,,et,,w25518
8691,casanatensis,,mediocrissimus,,w25521
8692,casanatensis,,ł,,casanatensis:0.1.0.18.11.228
8693,casanatensis,,similiter,,w25524
8694,casanatensis,,fidelis,,w25527
8695,casanatensis,,cu2um,,w25530
8696,casanatensis,,dicitur,,w25533
8697,casanatensis,,ple nus,,w25536
8698,casanatensis,,in,,w25539
8699,casanatensis,,eo,,w25542
8700,casanatensis,,fidelitatis,,w25545
8701,casanatensis,,intellectus,,w25548
8702,casanatensis,,ostenditur,,w25551
8703,casanatensis,,nil,,w25554
8704,casanatensis,,infidelitatis,,w25557
8705,casanatensis,,habens,,w25560
8706,casanatensis,,si,,w25563
8707,casanatensis,,uero,,w25566
8708,casanatensis,,dixisset,,w25569
8709,casanatensis,,fidelior,,w25572
8710,casanatensis,,fidelissimus,,w25575
8711,casanatensis,,ille,,w25578
8712,casanatensis,,qui,,w25581
8713,casanatensis,,fidelis,,w25584
8714,casanatensis,,dictus,,w25587
8715,casanatensis,,fuerat,,w25590
8716,casanatensis,,habere,,w25593
8717,casanatensis,,uideretur,,w25596
8718,casanatensis,,ali¢quid,,w25599
8719,casanatensis,,infidelitatis,,w25602
8720,casanatensis,,cu2um,,w25605
8721,casanatensis,,n¯non,,w25608
8722,casanatensis,,plene,,w25611
8723,casanatensis,,fuisset,,w25614
8724,casanatensis,,fidei,,w25617
8725,casanatensis,,qua ŋpropter,,w25620
8726,casanatensis,,et,,w25623
8727,casanatensis,,conparari,,w25626
8728,casanatensis,,n¯non,,w25629
8729,casanatensis,,potest,,w25632
8730,casanatensis,,comparatiuus,,w25635
8731,casanatensis,,etia2am,,w25638
8732,casanatensis,,nominatiuo,,w25641
8733,casanatensis,,iungitur,,w25644
8734,casanatensis,,si,,w25647
8735,casanatensis,,interponatur,,w25650
8736,casanatensis,,qua2am,,w25653
8737,casanatensis,,aduerbium,,w25656
8738,casanatensis,,ut,,w25659
8739,casanatensis,,doctior,,w25662
8740,casanatensis,,hic,,w25665
8741,casanatensis,,qua2am,,w25668
8742,casanatensis,,ille,,w25671
8743,casanatensis,,÷est,,w25674
8744,casanatensis,,omnia,,w25677
8745,casanatensis,,co2omparatiua,,w25680
8746,casanatensis,,or,,w25683
8747,casanatensis,,desinentia,,w25686
8748,casanatensis,,co2ommunia,,w25689
8749,casanatensis,,st¯sunt,,w25692
8750,casanatensis,,faciunt,,w25695
8751,casanatensis,,neu¯neutrum,,w25698
8752,casanatensis,,in,,w25701
8753,casanatensis,,us,,w25704
8754,casanatensis,,ut,,w25707
8755,casanatensis,,hic,,w25710
8756,casanatensis,,et,,w25713
8757,casanatensis,,hæc,,w25716
8758,casanatensis,,doctior,,w25719
8759,casanatensis,,et,,w25722
8760,casanatensis,,hoc,,w25725
8761,casanatensis,,doctius,,w25728
8762,casanatensis,,et,,w25731
8763,casanatensis,,istud,,w25734
8764,casanatensis,,in,,w25737
8765,casanatensis,,us,,w25740
8766,casanatensis,,desinens,,w25743
8767,casanatensis,,co2ommune,,w25746
8768,casanatensis,,÷est,,w25749
8769,casanatensis,,cu2um,,w25752
8770,casanatensis,,co2omparatiuo,,w25755
8771,casanatensis,,aduerbii,,w25758
8772,casanatensis,,¢quia,,w25761
8773,casanatensis,,oma¯omnia,,w25764
8774,casanatensis,,co2omparatiua,,w25767
8775,casanatensis,,aduerbioru2um,,w25770
8776,casanatensis,,in,,w25773
8777,casanatensis,,us,,w25776
8778,casanatensis,,desinunt,,w25779
8779,casanatensis,,ut,,w25782
8780,casanatensis,,docte,,w25785
8781,casanatensis,,doctius,,w25788
8782,casanatensis,,suþperlatiuus,,w25791
8783,casanatensis,,gradus,,w25794
8784,casanatensis,,÷est,,w25797
8785,casanatensis,,¢qui,,w25800
8786,casanatensis,,ul¯uel,,w25803
8787,casanatensis,,co2omparatus,,w25806
8788,casanatensis,,ad,,w25809
8789,casanatensis,,plures,,w25812
8790,casanatensis,,sui,,w25815
8791,casanatensis,,generis,,w25818
8792,casanatensis,,suþper ponitur,,w25821
8793,casanatensis,,omnib;bus,,w25824
8794,casanatensis,,ut,,w25827
8795,casanatensis,,fortissimus,,w25830
8796,casanatensis,,grecoru2um,,w25833
8797,casanatensis,,achilles,,w25836
8798,casanatensis,,id,,w25839
8799,casanatensis,,est,,w25842
8800,casanatensis,,fortis,,w25845
8801,casanatensis,,suþper,,w25848
8802,casanatensis,,oms¯omnes,,w25851
8803,casanatensis,,grecos,,w25854
8804,casanatensis,,ul¯uel,,w25857
8805,casanatensis,,þper,,w25860
8806,casanatensis,,se,,w25863
8807,casanatensis,,ŋprolatur,,w25866
8808,casanatensis,,nulli,,w25869
8809,casanatensis,,suþperpositus,,w25872
8810,casanatensis,,hab¯abet,,w25875
8811,casanatensis,,intellectu2um,,w25878
8812,casanatensis,,positiui,,w25881
8813,casanatensis,,cu2um,,w25884
8814,casanatensis,,ualde,,w25887
8815,casanatensis,,aduerbio,,w25890
8816,casanatensis,,ut,,w25893
8817,casanatensis,,fortissimus,,w25896
8818,casanatensis,,hercules,,w25899
8819,casanatensis,,n¯non,,w25902
8820,casanatensis,,adiciens,,w25905
8821,casanatensis,,quoru2um,,w25908
8822,casanatensis,,intellegitur,,w25911
8823,casanatensis,,ualde,,w25914
8824,casanatensis,,fortis,,w25917
8825,casanatensis,,suþperlatiuus,,w25920
8826,casanatensis,,gradus,,w25923
8827,casanatensis,,ex,,w25926
8828,casanatensis,,eisde2em,,w25929
8829,casanatensis,,formis,,w25932
8830,casanatensis,,ul¯uel,,w25935
8831,casanatensis,,terminationib;bus,,w25938
8832,casanatensis,,uenit,,w25941
8833,casanatensis,,¢quib;bus,,w25944
8834,casanatensis,,et,,w25947
8835,casanatensis,,co2omparatiuus,,w25950
8836,casanatensis,,suþperlatiui,,w25953
8837,casanatensis,,gradus,,w25956
8838,casanatensis,,octo,,w25959
8839,casanatensis,,st¯sunt,,w25962
8840,casanatensis,,formæ,,w25965
8841,casanatensis,,duæ,,w25968
8842,casanatensis,,in,,w25971
8843,casanatensis,,quas,,w25974
8844,casanatensis,,assidue,,w25978
8845,casanatensis,,desinit,,w25980
8846,casanatensis,,in,,w25983
8847,casanatensis,,rimus,,w25986
8848,casanatensis,,ut,,w25989
8849,casanatensis,,pulcherrimus,,w25992
8850,casanatensis,,in,,w25995
8851,casanatensis,,simus,,w25998
8852,casanatensis,,ut,,w26001
8853,casanatensis,,fortissimus,,w26004
8854,casanatensis,,sex,,w26007
8855,casanatensis,,in,,w26010
8856,casanatensis,,quas,,w26013
8857,casanatensis,,pauca,,w26016
8858,casanatensis,,desinunt,,w26019
8859,casanatensis,,in,,w26022
8860,casanatensis,,limus,,w26025
8861,casanatensis,,ximus,,w26028
8862,casanatensis,,timus,,w26031
8863,casanatensis,,"tremusThe source, Priscian, Ars grammatica, K 2.94.25, has ""remus"" here. The manuscript has ""tremus"", but the two initial graphemes ""t"" and ""r"", and expecially the ""t"", are of a lighter color. Could this mean that the scribe (or a later hand) tried to delete the initial ""t"" as a correction?",,w26034
8864,casanatensis,,fimus,,w26037
8865,casanatensis,,nimus,,w26040
8866,casanatensis,,positiua,,w26043
8867,casanatensis,,in,,w26046
8868,casanatensis,,er,,w26049
8869,casanatensis,,desinentia,,w26052
8870,casanatensis,,adiectiua,,w26055
8871,casanatensis,,siue,,w26058
8872,casanatensis,,secundæ,,w26061
8873,casanatensis,,seu,,w26064
8874,casanatensis,,tertiæ,,w26067
8875,casanatensis,,declinationis,,w26070
8876,casanatensis,,accepta,,w26073
8877,casanatensis,,rimus,,w26076
8878,casanatensis,,faciunt,,w26079
8879,casanatensis,,suþperlatiuu2um,,w26082
8880,casanatensis,,ut,,w26085
8881,casanatensis,,pulcer,,w26088
8882,casanatensis,,pulcerrimus,,w26091
8883,casanatensis,,pauþper,,w26094
8884,casanatensis,,pauþperrimus,,w26097
8885,casanatensis,,preter,,w26100
8886,casanatensis,,dextimus,,w26103
8887,casanatensis,,et,,w26106
8888,casanatensis,,sinistimus,,w26109
8889,casanatensis,,ŋpro,,w26112
8890,casanatensis,,dexterrimus,,w26115
8891,casanatensis,,et,,w26118
8892,casanatensis,,sinisterrimus,,w26121
8893,casanatensis,,positiua,,w26124
8894,casanatensis,,in,,w26127
8895,casanatensis,,us,,w26130
8896,casanatensis,,desinentia,,w26133
8897,casanatensis,,adsu2umpta,,w26136
8898,casanatensis,,genitiuo,,w26139
8899,casanatensis,,"esThe source Priscian, Ars grammatica, K 2.95.7 has: ""assumunt genetiuo s et ""simus"" et faciunt superlatiuum"". So probably the scribe had the alphabeme ""s"" in mind. He normally wrote the grapheme ""s"" in these cases, but here he wrote the name of the alphabeme as it was pronounced aloud (IPA /es/), instead of the corresponding grapheme. This is why, at the Linguistic Layer, I am simply enconding ""s"".",,w26142
8900,casanatensis,,et,,w26145
8901,casanatensis,,sim;mus,,w26148
8902,casanatensis,,faciunt,,w26151
8903,casanatensis,,suþperlatiua,,w26154
8904,casanatensis,,ut,,w26157
8905,casanatensis,,clarus,,w26160
8906,casanatensis,,clari,,w26163
8907,casanatensis,,clarissimus,,w26166
8908,casanatensis,,exceptis,,w26169
8909,casanatensis,,anomalis,,w26172
8910,casanatensis,,ut,,w26175
8911,casanatensis,,bonus,,w26178
8912,casanatensis,,melior,,w26181
8913,casanatensis,,optimus,,w26184
8914,casanatensis,,et,,w26187
8915,casanatensis,,reliqui,,w26190
8916,casanatensis,,et,,w26193
8917,casanatensis,,maturrimus,,w26196
8918,casanatensis,,¢qui,,w26199
8919,casanatensis,,qua2am uis,,w26202
8920,casanatensis,,uideatur,,w26205
8921,casanatensis,,uenire,,w26208
8922,casanatensis,,a,,w26211
8923,casanatensis,,positiuo,,w26214
8924,casanatensis,,maturus,,w26217
8925,casanatensis,,cuius,,w26220
8926,casanatensis,,etia2am,,w26223
8927,casanatensis,,nominatiuu2um,,w26226
8928,casanatensis,,quida2am,,w26229
8929,casanatensis,,matur,,w26232
8930,casanatensis,,dixerunt,,w26235
8931,casanatensis,,quod,,w26238
8932,casanatensis,,in,,w26241
8933,casanatensis,,usu,,w26244
8934,casanatensis,,n¯non,,w26247
8935,casanatensis,,est,,w26250
8936,casanatensis,,tamen,,w26253
8937,casanatensis,,seruant,,w26257
8938,casanatensis,,regula2am,,w26259
8939,casanatensis,,in,,w26262
8940,casanatensis,,er,,w26265
8941,casanatensis,,desinentiu2um,,w26268
8942,casanatensis,,etia2am,,w26271
8943,casanatensis,,maturissimus,,w26274
8944,casanatensis,,inuenitur,,w26277
8945,casanatensis,,secundu2um,,w26280
8946,casanatensis,,analogia2am,,w26283
8947,casanatensis,,in,,w26286
8948,casanatensis,,us,,w26289
8949,casanatensis,,desinentiu2um,,w26292
8950,casanatensis,,nuþperrimus,,w26295
8951,casanatensis,,anti¢qui,,w26298
8952,casanatensis,,dixerunt,,w26301
8953,casanatensis,,unde,,w26304
8954,casanatensis,,aduerbiu2um,,w26307
8955,casanatensis,,nuþperrime,,w26310
8956,casanatensis,,¢qui,,w26313
8957,casanatensis,,uidetur,,w26316
8958,casanatensis,,nasci,,w26319
8959,casanatensis,,ab,,w26322
8960,casanatensis,,aduerbio,,w26325
8961,casanatensis,,in,,w26328
8962,casanatensis,,er,,w26331
8963,casanatensis,,desinente,,w26334
8964,casanatensis,,¢quia,,w26337
8965,casanatensis,,nomen,,w26340
8966,casanatensis,,nuperus,,w26343
8967,casanatensis,,dicitur,,w26346
8968,casanatensis,,a,,w26349
8969,casanatensis,,nuþper,,w26352
8970,casanatensis,,sicut,,w26355
8971,casanatensis,,a,,w26358
8972,casanatensis,,suþper,,w26361
8973,casanatensis,,superus,,w26364
8974,casanatensis,,omnia,,w26367
8975,casanatensis,,positiua,,w26370
8976,casanatensis,,tertiæ,,w26373
8977,casanatensis,,declinationis,,w26376
8978,casanatensis,,absq;que,,w26379
8979,casanatensis,,supradictis,,w26382
8980,casanatensis,,in,,w26385
8981,casanatensis,,er,,w26388
8982,casanatensis,,desinentibus,,w26391
8983,casanatensis,,assumunt,,w26394
8984,casanatensis,,genitiuo,,w26397
8985,casanatensis,,simus,,w26400
8986,casanatensis,,et,,w26403
8987,casanatensis,,faciunt,,w26406
8988,casanatensis,,suþperlatiuum,,w26410
8989,casanatensis,,ut,,w26412
8990,casanatensis,,locuples,,w26415
8991,casanatensis,,locupletis,,w26418
8992,casanatensis,,locupletissimus,,w26421
8993,casanatensis,,preter,,w26424
8994,casanatensis,,facillimus,,w26427
8995,casanatensis,,difficillimus,,w26430
8996,casanatensis,,gracillim;mus,,w26433
8997,casanatensis,,humillimus,,w26436
8998,casanatensis,,simillimus,,w26439
8999,casanatensis,,dissimillimus,,w26442
9000,casanatensis,,agillimus,,w26445
9001,casanatensis,,suþperlatiua,,w26448
9002,casanatensis,,quæ,,w26451
9003,casanatensis,,a,,w26454
9004,casanatensis,,positiuis,,w26457
9005,casanatensis,,fiunt,,w26460
9006,casanatensis,,in,,w26463
9007,casanatensis,,is,,w26466
9008,casanatensis,,desinentib;bus,,w26469
9009,casanatensis,,abiecta,,w26472
9010,casanatensis,,is,,w26475
9011,casanatensis,,et,,w26478
9012,casanatensis,,accepta,,w26481
9013,casanatensis,,limus,,w26484
9014,casanatensis,,et,,w26487
9015,casanatensis,,p¯preter,,w26490
9016,casanatensis,,in,,w26493
9017,casanatensis,,bris,,w26496
9018,casanatensis,,positiua,,w26499
9019,casanatensis,,"desinentiaThere is a macron over the first ""e"" and the ""s"". Might it mean that the ""e"" is long?",,w26502
9020,casanatensis,,mutantia,,w26505
9021,casanatensis,,ris,,w26508
9022,casanatensis,,in,,w26511
9023,casanatensis,,er,,w26514
9024,casanatensis,,et,,w26517
9025,casanatensis,,accepta,,w26520
9026,casanatensis,,rimus,,w26523
9027,casanatensis,,faciunt,,w26526
9028,casanatensis,,suþperlatiua,,w26529
9029,casanatensis,,ut,,w26532
9030,casanatensis,,salubris,,w26535
9031,casanatensis,,saluberrimus,,w26538
9032,casanatensis,,"celebrisThere is a macron sign over the second ""e"" (""celēbris"") to mark the vowel's long quantity.",,w26541
9033,casanatensis,,celeberrim;mus,,w26544
9034,casanatensis,,¢quida2am,,w26547
9035,casanatensis,,saluber,,w26550
9036,casanatensis,,et,,w26553
9037,casanatensis,,celeber,,w26556
9038,casanatensis,,dixerunt,,w26559
9039,casanatensis,,a,,w26562
9040,casanatensis,,¢quibus,,w26565
9041,casanatensis,,magis,,w26568
9042,casanatensis,,ueniunt,,w26571
9043,casanatensis,,suþperlatiua,,w26574
9044,casanatensis,,et,,w26577
9045,casanatensis,,ueterrimus,,w26580
9046,casanatensis,,dicitur,,w26583
9047,casanatensis,,suþperlatiuu2um,,w26586
9048,casanatensis,,quasi,,w26589
9049,casanatensis,,a,,w26592
9050,casanatensis,,ueter,,w26595
9051,casanatensis,,positiuo,,w26598
9052,casanatensis,,cuius,,w26601
9053,casanatensis,,c¯comparatiuu2um,,w26604
9054,casanatensis,,ueterior,,w26607
9055,casanatensis,,in,,w26610
9056,casanatensis,,ximus,,w26613
9057,casanatensis,,suþperlatiuu2um,,w26617
9058,casanatensis,,unu2um,,w26619
9059,casanatensis,,anomalum,,w26622
9060,casanatensis,,magnus,,w26625
9061,casanatensis,,maior,,w26628
9062,casanatensis,,maximus,,w26631
9063,casanatensis,,alteru2um,,w26634
9064,casanatensis,,a,,w26637
9065,casanatensis,,ŋprope,,w26640
9066,casanatensis,,ŋproprior,,w26643
9067,casanatensis,,ŋproximus,,w26646
9068,casanatensis,,desinunt,,w26649
9069,casanatensis,,suþperlatiua,,w26652
9070,casanatensis,,in,,w26655
9071,casanatensis,,timus,,w26658
9072,casanatensis,,ut,,w26661
9073,casanatensis,,ultra,,w26664
9074,casanatensis,,ulterior,,w26667
9075,casanatensis,,ultim;mus,,w26670
9076,casanatensis,,citra,,w26673
9077,casanatensis,,citerior,,w26676
9078,casanatensis,,citimus,,w26679
9079,casanatensis,,similiter,,w26682
9080,casanatensis,,dextimus,,w26685
9081,casanatensis,,sinistimus,,w26688
9082,casanatensis,,extim;mus,,w26691
9083,casanatensis,,qd¯quod,,w26694
9084,casanatensis,,ŋpro,,w26697
9085,casanatensis,,extremo,,w26700
9086,casanatensis,,dicebant,,w26703
9087,casanatensis,,anti¢qui,,w26706
9088,casanatensis,,extremus,,w26709
9089,casanatensis,,supremus,,w26712
9090,casanatensis,,"postremusThere is a macron sign over the ""e"" (""postrēmus"") to mark the vowel's long quantity.",,w26715
9091,casanatensis,,"infimusThere is a breve (˘) mark over the second ""i"" to mark its short quantity.",,w26718
9092,casanatensis,,suþperlatiua,,w26721
9093,casanatensis,,n¯non,,w26724
9094,casanatensis,,ueniunt,,w26727
9095,casanatensis,,ab,,w26730
9096,casanatensis,,"exteroDuring my review of the lemmatization, I'll mark that this is the ablative singular of exter, extera, exterum (lemma ""exter"" in Perseus' Lewis-Short: http://www.perseus.tufts.edu/hopper/text?doc=Perseus%3Atext%3A1999.04.0059%3Aentry%3Dexter).",,w26733
9097,casanatensis,,supero,,w26736
9098,casanatensis,,"posteroDuring my review of the lemmatization, I'll mark that this is the ablative singular of poster, postera, posterum (lemma ""poster"" in Perseus' Lewis-Short: http://www.perseus.tufts.edu).",,w26739
9099,casanatensis,,infero,,w26742
9100,casanatensis,,positiuis,,w26745
9101,casanatensis,,sed,,w26748
9102,casanatensis,,ab,,w26751
9103,casanatensis,,aduerbiis,,w26754
9104,casanatensis,,extra,,w26757
9105,casanatensis,,supra,,w26760
9106,casanatensis,,post,,w26763
9107,casanatensis,,infra,,w26766
9108,casanatensis,,si,,w26769
9109,casanatensis,,a,,w26772
9110,casanatensis,,supradictis,,w26775
9111,casanatensis,,nominu2um,,w26778
9112,casanatensis,,positiuis,,w26781
9113,casanatensis,,uenissent,,w26784
9114,casanatensis,,seruassent,,w26787
9115,casanatensis,,regula2am,,w26790
9116,casanatensis,,secundæ,,w26793
9117,casanatensis,,declinationis,,w26796
9118,casanatensis,,in,,w26799
9119,casanatensis,,us,,w26802
9120,casanatensis,,terminantiu2um,,w26805
9121,casanatensis,,ut,,w26808
9122,casanatensis,,facerent,,w26811
9123,casanatensis,,suþperlatiuu2um,,w26814
9124,casanatensis,,in,,w26817
9125,casanatensis,,simus,,w26820
9126,casanatensis,,in,,w26823
9127,casanatensis,,nimus,,w26826
9128,casanatensis,,unu2um,,w26829
9129,casanatensis,,suþperlatiuu2um,,w26832
9130,casanatensis,,anomalu2um,,w26835
9131,casanatensis,,desinit,,w26838
9132,casanatensis,,paruus,,w26841
9133,casanatensis,,minor,,w26844
9134,casanatensis,,minimus,,w26847
9135,casanatensis,,in,,w26850
9136,casanatensis,,rimus,,w26853
9137,casanatensis,,a,,w26856
9138,casanatensis,,uerbo,,w26859
9139,casanatensis,,unu2um,,w26862
9140,casanatensis,,detero,,w26865
9141,casanatensis,,deterior,,w26868
9142,casanatensis,,deterrimus,,w26871
9143,casanatensis,,et,,w26874
9144,casanatensis,,unu2um,,w26877
9145,casanatensis,,anomalu2um,,w26880
9146,casanatensis,,plurimus,,w26883
9147,casanatensis,,in,,w26886
9148,casanatensis,,simus,,w26889
9149,casanatensis,,unu2um,,w26892
9150,casanatensis,,anomalu2um,,w26895
9151,casanatensis,,pessimus,,w26898
9152,casanatensis,,nouissimus,,w26901
9153,casanatensis,,a,,w26904
9154,casanatensis,,nouo,,w26907
9155,casanatensis,,uidetur,,w26910
9156,casanatensis,,ab,,w26913
9157,casanatensis,,ante,,w26916
9158,casanatensis,,anterior,,w26919
9159,casanatensis,,suþperlatiuu2um,,w26922
9160,casanatensis,,n¯non,,w26925
9161,casanatensis,,est,,w26928
9162,casanatensis,,a,,w26931
9163,casanatensis,,pæne,,w26934
9164,casanatensis,,inuenitur,,w26937
9165,casanatensis,,penissime,,w26940
9166,casanatensis,,a,,w26943
9167,casanatensis,,penitus,,w26946
9168,casanatensis,,inuenitur,,w26949
9169,casanatensis,,penitissimus,,w26952
9170,casanatensis,,etia2am,,w26955
9171,casanatensis,,et,,w26958
9172,casanatensis,,"nom¯menFor the expansion of this unusual abbreviation, see the source Priscian, Ars grammatica, K 2.99.22: ""sciendum tamen, quod etiam nomen inuenitur ""hic penitus, huius peniti"""".",,w26961
9173,casanatensis,,hic,,w26964
9174,casanatensis,,penitus,,w26967
9175,casanatensis,,huius,,w26970
9176,casanatensis,,peniti,,w26973
9177,casanatensis,,ex,,w26976
9178,casanatensis,,quo,,w26979
9179,casanatensis,,magis,,w26982
9180,casanatensis,,suþperlatiuus,,w26985
9181,casanatensis,,comparatiua,,w26988
9182,casanatensis,,et,,w26991
9183,casanatensis,,suþperlatiua,,w26994
9184,casanatensis,,semþper,,w26997
9185,casanatensis,,plus,,w27000
9186,casanatensis,,habent,,w27003
9187,casanatensis,,qua2am,,w27006
9188,casanatensis,,duas,,w27009
9189,casanatensis,,syllabas,,w27012
9190,casanatensis,,excepto,,w27015
9191,casanatensis,,prior,,w27018
9192,casanatensis,,et,,w27021
9193,casanatensis,,primus,,w27024
9194,casanatensis,,positiua,,w27027
9195,casanatensis,,se2emþper,,w27030
9196,casanatensis,,aut,,w27033
9197,casanatensis,,duaru2um,,w27036
9198,casanatensis,,syllabaru2um,,w27039
9199,casanatensis,,st¯sunt,,w27042
9200,casanatensis,,aut,,w27045
9201,casanatensis,,plus,,w27048
9202,casanatensis,,co2omparatiua,,w27051
9203,casanatensis,,et,,w27054
9204,casanatensis,,suþperlatiua,,w27057
9205,casanatensis,,ul¯uel,,w27060
9206,casanatensis,,una,,w27063
9207,casanatensis,,ul¯uel,,w27066
9208,casanatensis,,duabus,,w27070
9209,casanatensis,,syllabis,,w27073
9210,casanatensis,,uincunt,,w27075
9211,casanatensis,,positiua,,w27078
9212,casanatensis,,sua,,w27081
9213,casanatensis,,superlatiuus,,w27084
9214,casanatensis,,est,,w27087
9215,casanatensis,,quando,,w27090
9216,casanatensis,,suþperat,,w27094
9217,casanatensis,,co2omparatiuu2um,,w27096
9218,casanatensis,,suu2um,,w27099
9219,casanatensis,,una,,w27103
9220,casanatensis,,syllaba,,w27106
9221,casanatensis,,quando,,w27108
9222,casanatensis,,in,,w27111
9223,casanatensis,,simus,,w27114
9224,casanatensis,,finitur,,w27117
9225,casanatensis,,ut,,w27120
9226,casanatensis,,iustior,,w27123
9227,casanatensis,,iustissimus,,w27126
9228,casanatensis,,et,,w27129
9229,casanatensis,,quando,,w27132
9230,casanatensis,,in,,w27135
9231,casanatensis,,rimus,,w27138
9232,casanatensis,,si,,w27141
9233,casanatensis,,positiui,,w27144
9234,casanatensis,,nominatiuus,,w27147
9235,casanatensis,,et,,w27150
9236,casanatensis,,genitiuus,,w27153
9237,casanatensis,,pares,,w27156
9238,casanatensis,,hab¯abent,,w27159
9239,casanatensis,,syllabas,,w27162
9240,casanatensis,,ut,,w27165
9241,casanatensis,,teter,,w27168
9242,casanatensis,,tetri,,w27171
9243,casanatensis,,tetrior,,w27174
9244,casanatensis,,teterrimus,,w27177
9245,casanatensis,,est,,w27180
9246,casanatensis,,quando,,w27183
9247,casanatensis,,pares,,w27186
9248,casanatensis,,syll¯llabas,,w27189
9249,casanatensis,,hab¯abet,,w27192
9250,casanatensis,,uterq;que,,w27195
9251,casanatensis,,si,,w27198
9252,casanatensis,,suþperlatiuus,,w27201
9253,casanatensis,,terminatur,,w27204
9254,casanatensis,,in,,w27207
9255,casanatensis,,limus,,w27210
9256,casanatensis,,ut,,w27213
9257,casanatensis,,agilior,,w27216
9258,casanatensis,,agillimus,,w27219
9259,casanatensis,,suþperlatiuus,,w27222
9260,casanatensis,,una,,w27225
9261,casanatensis,,syll¯llaba,,w27228
9262,casanatensis,,uincitur,,w27231
9263,casanatensis,,a,,w27234
9264,casanatensis,,co2omparatiuo,,w27237
9265,casanatensis,,si,,w27240
9266,casanatensis,,in,,w27243
9267,casanatensis,,fimus,,w27246
9268,casanatensis,,ul¯uel,,w27249
9269,casanatensis,,timus,,w27252
9270,casanatensis,,ul¯uel,,w27255
9271,casanatensis,,remus,,w27258
9272,casanatensis,,desinit,,w27261
9273,casanatensis,,ut,,w27264
9274,casanatensis,,inferior,,w27267
9275,casanatensis,,infimus,,w27270
9276,casanatensis,,ulterior,,w27273
9277,casanatensis,,ultimus,,w27276
9278,casanatensis,,exterior,,w27279
9279,casanatensis,,"extremusThere is a macron sign over the second ""e"" (""extrēmus"") to mark the vowel's long quantity.",,w27282
9280,casanatensis,,ul¯uel,,w27285
9281,casanatensis,,extimus,,w27288
9282,casanatensis,,in,,w27291
9283,casanatensis,,remus,,w27294
9284,casanatensis,,desinens,,w27297
9285,casanatensis,,suþperlatiuus,,w27300
9286,casanatensis,,sola,,w27303
9287,casanatensis,,hæc,,w27306
9288,casanatensis,,forma,,w27309
9289,casanatensis,,hab¯abet,,w27312
9290,casanatensis,,e,,w27315
9291,casanatensis,,penultimu2um,,w27318
9292,casanatensis,,ŋproductu2um,,w27321
9293,casanatensis,,ut,,w27324
9294,casanatensis,,"supremusThere is a macron sign over the ""e"" (""suprēmus"") to mark the vowel's long quantity.",,w27327
9295,casanatensis,,cu2um,,w27330
9296,casanatensis,,omnis,,w27333
9297,casanatensis,,forma,,w27336
9298,casanatensis,,suþperlatiui,,w27339
9299,casanatensis,,i,,w27342
9300,casanatensis,,cor¯correctum,,w27345
9301,casanatensis,,hab¯abet,,w27348
9302,casanatensis,,ante,,w27351
9303,casanatensis,,mus,,w27354
9304,casanatensis,,ut,,w27357
9305,casanatensis,,fortissimus,,w27360
9306,casanatensis,,omnia,,w27363
9307,casanatensis,,suþperlatiua,,w27366
9308,casanatensis,,mobilia,,w27370
9309,casanatensis,,st¯sunt,,w27372
9310,casanatensis,,in,,w27375
9311,casanatensis,,us,,w27378
9312,casanatensis,,facientia,,w27381
9313,casanatensis,,masculina,,w27384
9314,casanatensis,,et,,w27387
9315,casanatensis,,in,,w27390
9316,casanatensis,,a,,w27393
9317,casanatensis,,fem¯feminina,,w27396
9318,casanatensis,,et,,w27399
9319,casanatensis,,in,,w27402
9320,casanatensis,,um,,w27405
9321,casanatensis,,neutra,,w27408
9322,casanatensis,,ut,,w27411
9323,casanatensis,,fortissimus,,w27414
9324,casanatensis,,fortissima,,w27417
9325,casanatensis,,fortissimu2um,,w27420
9326,casanatensis,,suþperlatiuus,,w27423
9327,casanatensis,,semþper,,w27426
9328,casanatensis,,genitiuo,,w27429
9329,casanatensis,,plurali,,w27432
9330,casanatensis,,iungitur,,w27435
9331,casanatensis,,solet,,w27438
9332,casanatensis,,etia2am,,w27441
9333,casanatensis,,iungi,,w27444
9334,casanatensis,,genitiuo,,w27447
9335,casanatensis,,singulari,,w27450
9336,casanatensis,,sed,,w27453
9337,casanatensis,,illi,,w27456
9338,casanatensis,,nomini,,w27459
9339,casanatensis,,¢qui,,w27462
9340,casanatensis,,positione,,w27465
9341,casanatensis,,tantu2um,,w27468
9342,casanatensis,,est,,w27471
9343,casanatensis,,singulare,,w27474
9344,casanatensis,,intellectu,,w27477
9345,casanatensis,,uero,,w27480
9346,casanatensis,,plurale,,w27483
9347,casanatensis,,ut,,w27486
9348,casanatensis,,fortissimus,,w27489
9349,casanatensis,,gentis,,w27492
9350,casanatensis,,ul¯uel,,w27495
9351,casanatensis,,populi,,w27498
9352,casanatensis,,diminutiua,,w27501
9353,casanatensis,,species,,w27504
9354,casanatensis,,÷est,,w27507
9355,casanatensis,,quæ,,w27510
9356,casanatensis,,absolute,,w27513
9357,casanatensis,,monstrat,,w27516
9358,casanatensis,,deminutione2em,,w27519
9359,casanatensis,,primitiui,,w27522
9360,casanatensis,,eande2em,,w27525
9361,casanatensis,,eni2im,,w27528
9362,casanatensis,,substantia2am,,w27531
9363,casanatensis,,demonstrat,,w27534
9364,casanatensis,,diminutiua,,w27537
9365,casanatensis,,qua2am,,w27540
9366,casanatensis,,et,,w27543
9367,casanatensis,,primitiua,,w27546
9368,casanatensis,,eius,,w27549
9369,casanatensis,,sed,,w27552
9370,casanatensis,,minore2em,,w27555
9371,casanatensis,,ut,,w27558
9372,casanatensis,,regulus,,w27561
9373,casanatensis,,id,,w27564
9374,casanatensis,,est,,w27567
9375,casanatensis,,paruus,,w27570
9376,casanatensis,,rex,,w27573
9377,casanatensis,,qua2amuis,,w27576
9378,casanatensis,,minus,,w27579
9379,casanatensis,,tamen,,w27582
9380,casanatensis,,ide2em,,w27585
9381,casanatensis,,significat,,w27588
9382,casanatensis,,qd¯quod,,w27591
9383,casanatensis,,et,,w27594
9384,casanatensis,,rex,,w27597
9385,casanatensis,,co2omparatiuus,,w27600
9386,casanatensis,,gradus,,w27603
9387,casanatensis,,ut,,w27606
9388,casanatensis,,dictu2um,,w27609
9389,casanatensis,,÷est,,w27612
9390,casanatensis,,aliquando,,w27615
9391,casanatensis,,auget,,w27618
9392,casanatensis,,aliquando,,w27621
9393,casanatensis,,minuit,,w27624
9394,casanatensis,,eande2em,,w27627
9395,casanatensis,,substantia2am,,w27630
9396,casanatensis,,qua2am,,w27633
9397,casanatensis,,a,,w27636
9398,casanatensis,,positiuo,,w27639
9399,casanatensis,,accipit,,w27642
9400,casanatensis,,sed,,w27645
9401,casanatensis,,n¯non,,w27648
9402,casanatensis,,absolute,,w27651
9403,casanatensis,,sicut,,w27654
9404,casanatensis,,diminutiuu2um,,w27657
9405,casanatensis,,¢quia,,w27660
9406,casanatensis,,semþper,,w27663
9407,casanatensis,,ad,,w27666
9408,casanatensis,,alique2em,,w27669
9409,casanatensis,,fit,,w27672
9410,casanatensis,,co2omparatio,,w27675
9411,casanatensis,,ut,,w27678
9412,casanatensis,,breuior,,w27681
9413,casanatensis,,ad,,w27684
9414,casanatensis,,breue2em,,w27687
9415,casanatensis,,angustior,,w27690
9416,casanatensis,,ad,,w27693
9417,casanatensis,,angustu2um,,w27696
9418,casanatensis,,qua2amuis,,w27699
9419,casanatensis,,inueniantur,,w27702
9420,casanatensis,,etia2am,,w27705
9421,casanatensis,,aliqua,,w27708
9422,casanatensis,,diminutiua,,w27711
9423,casanatensis,,a,,w27714
9424,casanatensis,,co2omparatiuis,,w27717
9425,casanatensis,,deriuata,,w27720
9426,casanatensis,,tamen,,w27723
9427,casanatensis,,eande2em,,w27726
9428,casanatensis,,co2omparatione2em,,w27729
9429,casanatensis,,significantia,,w27732
9430,casanatensis,,necesse,,w27735
9431,casanatensis,,÷est,,w27738
9432,casanatensis,,ad,,w27741
9433,casanatensis,,aliquid,,w27744
9434,casanatensis,,ea,,w27747
9435,casanatensis,,conparari,,w27750
9436,casanatensis,,ut,,w27753
9437,casanatensis,,plusculus,,w27756
9438,casanatensis,,maiusculus,,w27759
9439,casanatensis,,minusculus,,w27762
9440,casanatensis,,id,,w27765
9441,casanatensis,,est,,w27768
9442,casanatensis,,paruo,,w27771
9443,casanatensis,,plus,,w27774
9444,casanatensis,,ul¯uel,,w27777
9445,casanatensis,,paruo,,w27780
9446,casanatensis,,maior,,w27783
9447,casanatensis,,ul¯uel,,w27786
9448,casanatensis,,paruo,,w27789
9449,casanatensis,,minor,,w27792
9450,casanatensis,,qua2am,,w27795
9451,casanatensis,,ille,,w27798
9452,casanatensis,,¢qui,,w27801
9453,casanatensis,,in,,w27804
9454,casanatensis,,co2omparatiuo,,w27807
9455,casanatensis,,est,,w27810
9456,casanatensis,,diminutiua,,w27813
9457,casanatensis,,species,,w27816
9458,casanatensis,,se,,w27819
9459,casanatensis,,sola2am,,w27822
9460,casanatensis,,significat,,w27825
9461,casanatensis,,qua2amqua2am,,w27828
9462,casanatensis,,minor,,w27831
9463,casanatensis,,qua2am,,w27834
9464,casanatensis,,ea,,w27837
9465,casanatensis,,sit,,w27840
9466,casanatensis,,unde,,w27843
9467,casanatensis,,descendit,,w27846
9468,casanatensis,,et,,w27849
9469,casanatensis,,nulli,,w27852
9470,casanatensis,,co2omparatur,,w27855
9471,casanatensis,,ut,,w27858
9472,casanatensis,,regulus,,w27861
9473,casanatensis,,id,,w27864
9474,casanatensis,,est,,w27867
9475,casanatensis,,paruus,,w27870
9476,casanatensis,,rex,,w27873
9477,casanatensis,,diminutiua,,w27876
9478,casanatensis,,ul¯uel,,w27879
9479,casanatensis,,causa,,w27882
9480,casanatensis,,necessaria,,w27885
9481,casanatensis,,significationis,,w27888
9482,casanatensis,,solent,,w27891
9483,casanatensis,,ŋproferri,,w27894
9484,casanatensis,,ut,,w27897
9485,casanatensis,,postqua2am,,w27900
9486,casanatensis,,reguli,,w27903
9487,casanatensis,,in,,w27906
9488,casanatensis,,unu2um,,w27909
9489,casanatensis,,c¯conuenerunt,,w27912
9490,casanatensis,,ul¯uel,,w27915
9491,casanatensis,,urbanitatis,,w27918
9492,casanatensis,,ut,,w27921
9493,casanatensis,,unde,,w27924
9494,casanatensis,,fit,,w27927
9495,casanatensis,,ut,,w27930
9496,casanatensis,,ille,,w27933
9497,casanatensis,,fraterculus,,w27936
9498,casanatensis,,esset,,w27939
9499,casanatensis,,gigantu2um,,w27942
9500,casanatensis,,ul¯uel,,w27945
9501,casanatensis,,adulationis,,w27948
9502,casanatensis,,maxime,,w27951
9503,casanatensis,,pueroru2um,,w27954
9504,casanatensis,,ut,,w27957
9505,casanatensis,,antoniaster,,w27960
9506,casanatensis,,patriciolus,,w27963
9507,casanatensis,,sergiolus,,w27966
9508,casanatensis,,pleraq;que,,w27969
9509,casanatensis,,diminutiua,,w27972
9510,casanatensis,,ab,,w27975
9511,casanatensis,,appellatiuis,,w27978
9512,casanatensis,,deriuantur,,w27981
9513,casanatensis,,pauca,,w27984
9514,casanatensis,,a,,w27987
9515,casanatensis,,ŋpropriis,,w27990
9516,casanatensis,,et,,w27993
9517,casanatensis,,pleru2umq;que,,w27996
9518,casanatensis,,seruant,,w27999
9519,casanatensis,,primitiuoru2um,,w28002
9520,casanatensis,,genera,,w28005
9521,casanatensis,,sæpe,,w28008
9522,casanatensis,,diminutiuorum,,w28011
9523,casanatensis,,diminutiua,,w28014
9524,casanatensis,,in,,w28017
9525,casanatensis,,diuersas,,w28020
9526,casanatensis,,desinunt,,w28023
9527,casanatensis,,formas,,w28026
9528,casanatensis,,ut,,w28029
9529,casanatensis,,homo,,w28032
9530,casanatensis,,homuncio,,w28035
9531,casanatensis,,homunculus,,w28038
9532,casanatensis,,homullus,,w28041
9533,casanatensis,,homullulus,,w28044
9534,casanatensis,,masculini,,w28047
9535,casanatensis,,generis,,w28050
9536,casanatensis,,formæ,,w28053
9537,casanatensis,,diminutiuoru2um,,w28056
9538,casanatensis,,st¯sunt,,w28059
9539,casanatensis,,hæc,,w28062
9540,casanatensis,,culus,,w28065
9541,casanatensis,,ulus,,w28068
9542,casanatensis,,olus,,w28071
9543,casanatensis,,ellus,,w28074
9544,casanatensis,,xillus,,w28077
9545,casanatensis,,illus,,w28080
9546,casanatensis,,ullus,,w28083
9547,casanatensis,,cio,,w28086
9548,casanatensis,,aster,,w28089
9549,casanatensis,,leus,,w28092
9550,casanatensis,,tulus,,w28095
9551,casanatensis,,ut,,w28098
9552,casanatensis,,igniculus,,w28102
9553,casanatensis,,tantulus,,w28104
9554,casanatensis,,sergiolus,,w28107
9555,casanatensis,,agellus,,w28110
9556,casanatensis,,pauxillus,,w28113
9557,casanatensis,,homullus,,w28116
9558,casanatensis,,homuncio,,w28119
9559,casanatensis,,parasitaster,,w28122
9560,casanatensis,,"equuleusLewis-Short's dictionary has both spelling: ""equuleus"" and ""eculeus"". The source here is Priscian, Ars grammatica, K 2.102.10. Keil chooses the spelling ""eculeus"", of witness r, but reports that ""equuleus"" is the reading of manuscript L only, while witnesses Gg have ""equleus"" with a ""u"" added after ""equ"" in marginal position. This might provide evidence on what text of Priscian Ursus read.",,w28125
9561,casanatensis,,nepotulus,,w28128
9562,casanatensis,,feminini,,w28131
9563,casanatensis,,generis,,w28134
9564,casanatensis,,hæc,,w28137
9565,casanatensis,,cula,,w28140
9566,casanatensis,,ula,,w28143
9567,casanatensis,,ola,,w28146
9568,casanatensis,,ella,,w28149
9569,casanatensis,,xilla,,w28152
9570,casanatensis,,illa,,w28155
9571,casanatensis,,ulla,,w28158
9572,casanatensis,,ut,,w28161
9573,casanatensis,,anicula,,w28164
9574,casanatensis,,siluula,,w28167
9575,casanatensis,,unciola,,w28170
9576,casanatensis,,capella,,w28173
9577,casanatensis,,maxilla,,w28176
9578,casanatensis,,anguilla,,w28179
9579,casanatensis,,neu¯eutrum,,w28182
9580,casanatensis,,gen¯genus,,w28185
9581,casanatensis,,culum,,w28188
9582,casanatensis,,ulum,,w28191
9583,casanatensis,,olu2um,,w28194
9584,casanatensis,,ellu2um,,w28197
9585,casanatensis,,illu2um,,w28200
9586,casanatensis,,cum,,w28203
9587,casanatensis,,x,,w28206
9588,casanatensis,,et,,w28209
9589,casanatensis,,sine,,w28212
9590,casanatensis,,x,,w28215
9591,casanatensis,,"ullu2um""Ullum"" is almost completely illegible. But the source, Priscian, Ars grammatica, K 2.102.16, has it. Two ""l"" graphemes and a ""2"" abbreviation mark are visible, though partly faded out.",,w28218
9592,casanatensis,,ut,,w28221
9593,casanatensis,,corpusculu2um,,w28224
9594,casanatensis,,capitulu2um,,w28227
9595,casanatensis,,laureolu2um,,w28230
9596,casanatensis,,lucellu2um,,w28233
9597,casanatensis,,uexillu2um,,w28237
9598,casanatensis,,uillu2um,,w28239
9599,casanatensis,,ullu2um,,w28242
9600,casanatensis,,pleraq;que,,w28245
9601,casanatensis,,nomina,,w28248
9602,casanatensis,,tertiæ,,w28251
9603,casanatensis,,quartæ,,w28254
9604,casanatensis,,quintæ,,w28257
9605,casanatensis,,declinationis,,w28260
9606,casanatensis,,sed,,w28263
9607,casanatensis,,tu2um,,w28266
9608,casanatensis,,n¯non,,w28267
9609,casanatensis,,omnia,,w28269
9610,casanatensis,,ut,,w28272
9611,casanatensis,,¢quida2am,,w28275
9612,casanatensis,,asserunt,,w28278
9613,casanatensis,,masculina,,w28281
9614,casanatensis,,diminutiua,,w28284
9615,casanatensis,,faciunt,,w28287
9616,casanatensis,,in,,w28290
9617,casanatensis,,culus,,w28293
9618,casanatensis,,et,,w28296
9619,casanatensis,,fem¯feminina,,w28299
9620,casanatensis,,in,,w28302
9621,casanatensis,,cula,,w28305
9622,casanatensis,,et,,w28306
9623,casanatensis,,neu¯neutra,,w28308
9624,casanatensis,,in,,w28311
9625,casanatensis,,culu2um,,w28314
9626,casanatensis,,nullu2um,,w28317
9627,casanatensis,,diminutiuu2um,,w28320
9628,casanatensis,,huius,,w28323
9629,casanatensis,,formæ,,w28326
9630,casanatensis,,inuenitur,,w28329
9631,casanatensis,,a,,w28332
9632,casanatensis,,prima,,w28335
9633,casanatensis,,ul¯uel,,w28338
9634,casanatensis,,secunda,,w28341
9635,casanatensis,,declinatione,,w28344
9636,casanatensis,,nisi,,w28347
9637,casanatensis,,si,,w28350
9638,casanatensis,,primitiuu2um,,w28353
9639,casanatensis,,eius,,w28356
9640,casanatensis,,habeat,,w28359
9641,casanatensis,,c,,w28362
9642,casanatensis,,ut,,w28365
9643,casanatensis,,grecus,,w28368
9644,casanatensis,,greculus,,w28371
9645,casanatensis,,omnia,,w28374
9646,casanatensis,,monosyllaba,,w28377
9647,casanatensis,,nomina,,w28380
9648,casanatensis,,desinentia,,w28383
9649,casanatensis,,in,,w28386
9650,casanatensis,,"esThe source Priscian, Ars grammatica, K 2.103.4 has: ""monosyllaba in s desinentia"". So probably the scribe had the alphabeme ""s"" in mind. He normally used to write the grapheme ""s"" in these cases, but here he wrote the name of the alphabeme as it was pronounced aloud (IPA /es/), instead of the corresponding grapheme. This is why, at the Linguistic Layer, I am simply enconding ""s"". This is the second such case in the manuscript.",,w28389
9651,casanatensis,,antecedente,,w28392
9652,casanatensis,,uocali,,w28395
9653,casanatensis,,et,,w28398
9654,casanatensis,,in,,w28401
9655,casanatensis,,er,,w28404
9656,casanatensis,,tertiæ,,w28407
9657,casanatensis,,declinationis,,w28410
9658,casanatensis,,et,,w28413
9659,casanatensis,,in,,w28416
9660,casanatensis,,us,,w28419
9661,casanatensis,,neutra,,w28422
9662,casanatensis,,nominatiuo,,w28425
9663,casanatensis,,assumunt,,w28428
9664,casanatensis,,culus,,w28431
9665,casanatensis,,cula,,w28434
9666,casanatensis,,culu2um,,w28437
9667,casanatensis,,et,,w28440
9668,casanatensis,,faciunt,,w28443
9669,casanatensis,,diminutiuu2um,,w28446
9670,casanatensis,,ut,,w28449
9671,casanatensis,,flos,,w28452
9672,casanatensis,,flosculus,,w28455
9673,casanatensis,,mus,,w28458
9674,casanatensis,,musculus,,w28461
9675,casanatensis,,et,,w28464
9676,casanatensis,,os,,w28467
9677,casanatensis,,osculu2um,,w28470
9678,casanatensis,,ex,,w28473
9679,casanatensis,,quo,,w28476
9680,casanatensis,,aliud,,w28479
9681,casanatensis,,diminutiuu2um,,w28482
9682,casanatensis,,oscillu2um,,w28485
9683,casanatensis,,pater,,w28488
9684,casanatensis,,paterculus,,w28491
9685,casanatensis,,qd¯quod,,w28494
9686,casanatensis,,inuenitur,,w28497
9687,casanatensis,,ŋpropriu2um,,w28500
9688,casanatensis,,munus,,w28503
9689,casanatensis,,munusculu2um,,w28506
9690,casanatensis,,tus,,w28509
9691,casanatensis,,tusculu2um,,w28512
9692,casanatensis,,crus,,w28515
9693,casanatensis,,crusculu2um,,w28518
9694,casanatensis,,similiter,,w28521
9695,casanatensis,,faciunt,,w28524
9696,casanatensis,,neutra,,w28527
9697,casanatensis,,co2omparatiua,,w28530
9698,casanatensis,,diminutiuu2um,,w28533
9699,casanatensis,,sed,,w28536
9700,casanatensis,,mobile,,w28540
9701,casanatensis,,ut,,w28542
9702,casanatensis,,maius,,w28545
9703,casanatensis,,maiusculus,,w28548
9704,casanatensis,,maiuscula,,w28551
9705,casanatensis,,maiusculu2um,,w28554
9706,casanatensis,,similiter,,w28557
9707,casanatensis,,et,,w28560
9708,casanatensis,,similia,,w28563
9709,casanatensis,,ex,,w28566
9710,casanatensis,,¢quib;bus,,w28569
9711,casanatensis,,nascuntur,,w28572
9712,casanatensis,,aduerbia,,w28575
9713,casanatensis,,grandiuscule,,w28579
9714,casanatensis,,celeriuscule,,w28581
9715,casanatensis,,sicut,,w28584
9716,casanatensis,,a,,w28587
9717,casanatensis,,sæpius,,w28590
9718,casanatensis,,sæpiuscule,,w28593
9719,casanatensis,,plus,,w28596
9720,casanatensis,,n¯non,,w28599
9721,casanatensis,,ueniens,,w28602
9722,casanatensis,,a,,w28605
9723,casanatensis,,masculino,,w28608
9724,casanatensis,,et,,w28611
9725,casanatensis,,fem¯feminino,,w28614
9726,casanatensis,,facit,,w28617
9727,casanatensis,,plusculus,,w28620
9728,casanatensis,,pluscula,,w28623
9729,casanatensis,,plusculu2um,,w28626
9730,casanatensis,,lepus,,w28629
9731,casanatensis,,solu2um,,w28632
9732,casanatensis,,in,,w28635
9733,casanatensis,,us,,w28638
9734,casanatensis,,desinens,,w28641
9735,casanatensis,,disyllabu2um,,w28645
9736,casanatensis,grc,epicenon,,w28648
9737,casanatensis,,siue,,w28650
9738,casanatensis,,masculinu2um,,w28653
9739,casanatensis,,tertiæ,,w28656
9740,casanatensis,,declinationis,,w28659
9741,casanatensis,,facit,,w28662
9742,casanatensis,,lepusculus,,w28665
9743,casanatensis,,similiter,,w28668
9744,casanatensis,,positiua,,w28671
9745,casanatensis,,in,,w28674
9746,casanatensis,,or,,w28677
9747,casanatensis,,desinentia,,w28680
9748,casanatensis,,mutant,,w28683
9749,casanatensis,,or,,w28686
9750,casanatensis,,in,,w28689
9751,casanatensis,,us,,w28692
9752,casanatensis,,et,,w28695
9753,casanatensis,,accepta,,w28698
9754,casanatensis,,culus,,w28701
9755,casanatensis,,faciunt,,w28704
9756,casanatensis,,diminutiua,,w28707
9757,casanatensis,,ut,,w28710
9758,casanatensis,,rumor,,w28713
9759,casanatensis,,rumusculus,,w28716
9760,casanatensis,,uel,,w28719
9761,casanatensis,,assumunt,,w28722
9762,casanatensis,,tantu2um,,w28725
9763,casanatensis,,culus,,w28728
9764,casanatensis,,cula,,w28731
9765,casanatensis,,ut,,w28734
9766,casanatensis,,amator,,w28737
9767,casanatensis,,amatorculus,,w28740
9768,casanatensis,,soror,,w28743
9769,casanatensis,,sororcula,,w28746
9770,casanatensis,,in,,w28749
9771,casanatensis,,is,,w28752
9772,casanatensis,,ul¯uel,,w28755
9773,casanatensis,,e,,w28758
9774,casanatensis,,ul¯uel,,w28761
9775,casanatensis,,in,,w28764
9776,casanatensis,,monosyllaba,,w28767
9777,casanatensis,,ns,,w28770
9778,casanatensis,,ul¯uel,,w28773
9779,casanatensis,,rs,,w28776
9780,casanatensis,,desinentia,,w28779
9781,casanatensis,,datiui,,w28782
9782,casanatensis,,cor¯orripientia,,w28785
9783,casanatensis,,i,,w28788
9784,casanatensis,,assumunt,,w28791
9785,casanatensis,,supradictas,,w28794
9786,casanatensis,,syllabas,,w28797
9787,casanatensis,,ut,,w28800
9788,casanatensis,,ignis,,w28803
9789,casanatensis,,igniculus,,w28806
9790,casanatensis,,rete,,w28809
9791,casanatensis,,reticulus,,w28812
9792,casanatensis,,fons,,w28815
9793,casanatensis,,fonticulus,,w28818
9794,casanatensis,,lens,,w28821
9795,casanatensis,,lenticula,,w28824
9796,casanatensis,,pars,,w28827
9797,casanatensis,,particula,,w28830
9798,casanatensis,,omnia,,w28833
9799,casanatensis,,huiuscemodi,,w28836
9800,casanatensis,,diminutiua,,w28839
9801,casanatensis,,corripiunt,,w28842
9802,casanatensis,,ta2am,,w28845
9803,casanatensis,,penultima2am,,w28848
9804,casanatensis,,qua2am,,w28851
9805,casanatensis,,ante penultima2am,,w28854
9806,casanatensis,,præter,,w28857
9807,casanatensis,,cuticula,,w28860
9808,casanatensis,,ŋproducit,,w28863
9809,casanatensis,,i,,w28866
9810,casanatensis,,ante penultimu2um,,w28869
9811,casanatensis,,metri,,w28872
9812,casanatensis,,necessitate,,w28875
9813,casanatensis,,¢quia,,w28878
9814,casanatensis,,ex,,w28881
9815,casanatensis,,quattuor,,w28884
9816,casanatensis,,breuib;bus,,w28887
9817,casanatensis,,c¯consistit,,w28890
9818,casanatensis,,qua2am uis,,w28893
9819,casanatensis,,in,,w28896
9820,casanatensis,,talibus,,w28899
9821,casanatensis,,faciat,,w28902
9822,casanatensis,,uirgilius,,w28903
9823,casanatensis,,ŋproceleusmatic u2um,,w28906
9824,casanatensis,,ut,,w28908
9825,casanatensis,,labat,,w28911
9826,casanatensis,,ar·ie·teMiddle dots are used within this word to mark the metric scansion.,,w28914
9827,casanatensis,,crebro,,w28917
9828,casanatensis,,ŋpro,,w28920
9829,casanatensis,,ariete,,w28923
9830,casanatensis,,excipitur,,w28926
9831,casanatensis,,lapis,,w28929
9832,casanatensis,,lapillus,,w28932
9833,casanatensis,,anguis,,w28935
9834,casanatensis,,anguilla,,w28938
9835,casanatensis,,unguis,,w28941
9836,casanatensis,,ungula,,w28944
9837,casanatensis,,quæ,,w28947
9838,casanatensis,,habent,,w28950
9839,casanatensis,,forma2am,,w28953
9840,casanatensis,,diminutiuoru2um,,w28956
9841,casanatensis,,sed,,w28959
9842,casanatensis,,diminutiua,,w28962
9843,casanatensis,,n¯non,,w28965
9844,casanatensis,,st¯sunt,,w28968
9845,casanatensis,,ł,,casanatensis:0.1.0.20.0.954
9846,casanatensis,,quartæ,,w28971
9847,casanatensis,,declinationis,,w28974
9848,casanatensis,,nomina,,w28977
9849,casanatensis,,c¯conuertunt,,w28980
9850,casanatensis,,us,,w28983
9851,casanatensis,,ul¯uel,,w28986
9852,casanatensis,,u,,w28989
9853,casanatensis,,nominatiui,,w28992
9854,casanatensis,,in,,w28995
9855,casanatensis,,i,,w28998
9856,casanatensis,,cor¯correptum,,w29001
9857,casanatensis,,et,,w29004
9858,casanatensis,,assumunt,,w29007
9859,casanatensis,,præfatas,,w29010
9860,casanatensis,,syllabas,,w29013
9861,casanatensis,,ut,,w29016
9862,casanatensis,,fluctus,,w29019
9863,casanatensis,,flucticulus,,w29022
9864,casanatensis,,cornu,,w29025
9865,casanatensis,,corniculu2um,,w29028
9866,casanatensis,,excipitur,,w29031
9867,casanatensis,,ab,,w29034
9868,casanatensis,,acu,,w29037
9869,casanatensis,,aculeus,,w29040
9870,casanatensis,,nomina,,w29043
9871,casanatensis,,desinentia,,w29046
9872,casanatensis,,in,,w29049
9873,casanatensis,,ix,,w29052
9874,casanatensis,,ul¯uel,,w29055
9875,casanatensis,,ns,,w29058
9876,casanatensis,,ul¯uel,,w29061
9877,casanatensis,,t,,w29064
9878,casanatensis,,is,,w29067
9879,casanatensis,,genitiui,,w29070
9880,casanatensis,,uertunt,,w29073
9881,casanatensis,,in,,w29076
9882,casanatensis,,u,,w29079
9883,casanatensis,,et,,w29082
9884,casanatensis,,accepta,,w29085
9885,casanatensis,,lus,,w29088
9886,casanatensis,,la,,w29091
9887,casanatensis,,lum,,w29094
9888,casanatensis,,faciunt,,w29097
9889,casanatensis,,diminutiua,,w29100
9890,casanatensis,,qd¯quod,,w29103
9891,casanatensis,,codex,,w29106
9892,casanatensis,,codicis,,w29109
9893,casanatensis,,codiculus,,w29112
9894,casanatensis,,ex,,w29115
9895,casanatensis,,quo,,w29118
9896,casanatensis,,codicillus,,w29121
9897,casanatensis,,adulescens,,w29124
9898,casanatensis,,adulescentis,,w29127
9899,casanatensis,,adulescentulus,,w29130
9900,casanatensis,,caput,,w29133
9901,casanatensis,,capitis,,w29136
9902,casanatensis,,capitulus,,w29139
9903,casanatensis,,tertiæ,,w29142
9904,casanatensis,,ul¯uel,,w29145
9905,casanatensis,,¢quintæ,,w29148
9906,casanatensis,,declinationis,,w29151
9907,casanatensis,,desinentia,,w29154
9908,casanatensis,,in,,w29157
9909,casanatensis,,es,,w29160
9910,casanatensis,,ŋproductam,,w29163
9911,casanatensis,,abiectu2um,,w29166
9912,casanatensis,,s,,w29169
9913,casanatensis,,ł,,casanatensis:0.1.0.20.0.1090
9914,casanatensis,,seruatum,,w29172
9915,casanatensis,,ŋproductu2um,,w29175
9916,casanatensis,,e,,w29178
9917,casanatensis,,adsu2umpta,,w29181
9918,casanatensis,,cula,,w29184
9919,casanatensis,,faciunt,,w29187
9920,casanatensis,,diminutiua,,w29190
9921,casanatensis,,ut,,w29193
9922,casanatensis,,uulpes,,w29196
9923,casanatensis,,ulpecula,,w29199
9924,casanatensis,,dies,,w29202
9925,casanatensis,,diecula,,w29205
9926,casanatensis,,excipiuntur,,w29208
9927,casanatensis,,merces,,w29211
9928,casanatensis,,cuius,,w29214
9929,casanatensis,,genitiui,,w29217
9930,casanatensis,,is,,w29220
9931,casanatensis,,in,,w29223
9932,casanatensis,,ula,,w29226
9933,casanatensis,,uersa,,w29229
9934,casanatensis,,facit,,w29233
9935,casanatensis,,mercedula,,w29235
9936,casanatensis,,et,,w29238
9937,casanatensis,,apes,,w29241
9938,casanatensis,,cuius,,w29244
9939,casanatensis,,diminutiuu2um,,w29247
9940,casanatensis,,ŋpro,,w29250
9941,casanatensis,,e,,w29253
9942,casanatensis,,longo,,w29256
9943,casanatensis,,hab¯abet,,w29259
9944,casanatensis,,i,,w29262
9945,casanatensis,,apicula,,w29265
9946,casanatensis,,uetus,,w29268
9947,casanatensis,,omnis,,w29271
9948,casanatensis,,generis,,w29274
9949,casanatensis,,tertiæ,,w29277
9950,casanatensis,,declinationis,,w29280
9951,casanatensis,,abiecta,,w29283
9952,casanatensis,,s,,w29286
9953,casanatensis,,assumit,,w29289
9954,casanatensis,,lus,,w29292
9955,casanatensis,,ut,,w29295
9956,casanatensis,,uetus,,w29298
9957,casanatensis,,uetulus,,w29301
9958,casanatensis,,uetula,,w29304
9959,casanatensis,,uetulu2um,,w29307
9960,casanatensis,,sus,,w29310
9961,casanatensis,,c¯commune,,w29313
9962,casanatensis,,abiecta,,w29316
9963,casanatensis,,s,,w29319
9964,casanatensis,,adsu2umpta,,w29322
9965,casanatensis,,cula,,w29325
9966,casanatensis,,facit,,w29328
9967,casanatensis,,diminutiuu2um,,w29331
9968,casanatensis,,sucula,,w29334
9969,casanatensis,,desinentia,,w29337
9970,casanatensis,,in,,w29340
9971,casanatensis,,o,,w29343
9972,casanatensis,,c¯conuertunt,,w29346
9973,casanatensis,,o,,w29349
9974,casanatensis,,in,,w29352
9975,casanatensis,,un,,w29355
9976,casanatensis,,adsu2umptis,,w29358
9977,casanatensis,,prædictis,,w29361
9978,casanatensis,,syll¯llabis,,w29364
9979,casanatensis,,faciunt,,w29367
9980,casanatensis,,diminutiuu2um,,w29370
9981,casanatensis,,ut,,w29373
9982,casanatensis,,tiro,,w29376
9983,casanatensis,,tirunculus,,w29379
9984,casanatensis,,homo,,w29382
9985,casanatensis,,homunculus,,w29385
9986,casanatensis,,dicr¯citur,,w29388
9987,casanatensis,,et,,w29391
9988,casanatensis,,homuncio,,w29394
9989,casanatensis,,et,,w29397
9990,casanatensis,,homullus,,w29400
9991,casanatensis,,et,,w29403
9992,casanatensis,,homullulus,,w29406
9993,casanatensis,,similiter,,w29409
9994,casanatensis,,fur,,w29412
9995,casanatensis,,furunculus,,w29415
9996,casanatensis,,leno,,w29418
9997,casanatensis,,lenunculus,,w29421
9998,casanatensis,,et,,w29424
9999,casanatensis,,"lenulusPlautus' text has ""lenulle"", but all Priscian's manuscripts have ""lenulus"" (in the discussion) and ""lenule"" or other forms with one ""l"" before the final ""e"" (in the Plautine quote, omitted by Ursus, which is Plautus, Poenulus 470-471: ""Ita ut occepi dicere, / lenulle, de illa pugna"").  Ursus' source is Priscian, Ars grammatica, K 2.109.6 (discussion) and K 2.109.11 (Plautine quote). Keil prints ""lenullus"" in both loci, but in the apparatus for K 2.109.6 he notes that Priscian's witnesses PBDHrglk have ""lenulus"", while in the apparatus for K 2.109.11 he writes ""lenule DHKg lenulae K laenulae R laenule r"" (see http://www.unipa.it/paolo.monella/ursus/sigla.pdf for Keil's sigla codicum).  Based on a search on the PHI 5.3 corpus with Diogenes 3.2.0, the word ""lenulus/lenullus"" is a hapax in classical Latin, occurring only in the aforementioned Plautine passage.Perseus' Lewis-Short has lemma ""lenullus"" (http://www.perseus.tufts.edu), not ""lenulus"". I'll have to take this into account when I'll review the lemmatization.",,w29427
10000,casanatensis,,desinentia,,w29430
10001,casanatensis,,in,,w29433
10002,casanatensis,,nus,,w29437
10003,casanatensis,,siue,,w29439
10004,casanatensis,,habeant,,w29442
10005,casanatensis,,ante,,w29445
10006,casanatensis,,n,,w29448
10007,casanatensis,,alia2am,,w29451
10008,casanatensis,,c¯consonante2em,,w29454
10009,casanatensis,,seu,,w29457
10010,casanatensis,,n¯non,,w29460
10011,casanatensis,,et,,w29463
10012,casanatensis,,in,,w29466
10013,casanatensis,,lus,,w29469
10014,casanatensis,,si,,w29472
10015,casanatensis,,n¯non,,w29475
10016,casanatensis,,habeant,,w29478
10017,casanatensis,,geminatu2um,,w29481
10018,casanatensis,,l,,w29484
10019,casanatensis,,ante,,w29487
10020,casanatensis,,us,,w29490
10021,casanatensis,,et,,w29493
10022,casanatensis,,in,,w29496
10023,casanatensis,,er,,w29499
10024,casanatensis,,secundæ,,w29502
10025,casanatensis,,declinationis,,w29505
10026,casanatensis,,duplicant,,w29508
10027,casanatensis,,l,,w29511
10028,casanatensis,,ante,,w29514
10029,casanatensis,,us,,w29517
10030,casanatensis,,asinus,,w29520
10031,casanatensis,,asellus,,w29523
10032,casanatensis,,pugnus,,w29526
10033,casanatensis,,pugillus,,w29529
10034,casanatensis,,anulus,,w29532
10035,casanatensis,,anellus,,w29535
10036,casanatensis,,tener,,w29538
10037,casanatensis,,tenellus,,w29541
10038,casanatensis,,absq;que,,w29544
10039,casanatensis,,pugillo,,w29547
10040,casanatensis,,omnia,,w29550
10041,casanatensis,,hab¯abent,,w29553
10042,casanatensis,,e,,w29556
10043,casanatensis,,ante,,w29559
10044,casanatensis,,penultimu2um,,w29562
10045,casanatensis,,excepto,,w29565
10046,casanatensis,,si,,w29568
10047,casanatensis,,primitiua,,w29571
10048,casanatensis,,habeant,,w29574
10049,casanatensis,,penultimu2um,,w29577
10050,casanatensis,,ŋproductu2um,,w29580
10051,casanatensis,,in,,w29583
10052,casanatensis,,omni,,w29586
10053,casanatensis,,genere,,w29589
10054,casanatensis,,tunc,,w29592
10055,casanatensis,,seruant,,w29595
10056,casanatensis,,primitiui,,w29598
10057,casanatensis,,uocale,,w29601
10058,casanatensis,,ut,,w29604
10059,casanatensis,,unus,,w29607
10060,casanatensis,,ullus,,w29610
10061,casanatensis,,una,,w29613
10062,casanatensis,,ulla,,w29616
10063,casanatensis,,unu2um,,w29619
10064,casanatensis,,ullum,,w29622
10065,casanatensis,,preter,,w29625
10066,casanatensis,,unu2um,,w29628
10067,casanatensis,,in,,w29631
10068,casanatensis,,lus,,w29634
10069,casanatensis,,quod,,w29637
10070,casanatensis,,geminauit,,w29640
10071,casanatensis,,lu,,w29643
10072,casanatensis,,in,,w29646
10073,casanatensis,,deminutione,,w29649
10074,casanatensis,,ut,,w29652
10075,casanatensis,,paulus,,w29655
10076,casanatensis,,pauxillus,,w29658
10077,casanatensis,,pauxillulus,,w29661
10078,casanatensis,,ideo,,w29664
10079,casanatensis,,fit,,w29667
10080,casanatensis,,hoc,,w29670
10081,casanatensis,,¢quia,,w29673
10082,casanatensis,,ŋprohib¯bet,,w29676
10083,casanatensis,,diphthongus,,w29680
10084,casanatensis,,post,,w29682
10085,casanatensis,,se,,w29685
10086,casanatensis,,geminare,,w29688
10087,casanatensis,,consonante2em,,w29691
10088,casanatensis,,similiter,,w29694
10089,casanatensis,,fem¯emininum,,w29697
10090,casanatensis,,et,,w29700
10091,casanatensis,,neu¯eutrum,,w29703
10092,casanatensis,,uelu2um,,w29706
10093,casanatensis,,uexillu2um,,w29709
10094,casanatensis,,et,,w29712
10095,casanatensis,,ideo,,w29715
10096,casanatensis,,hæc,,w29718
10097,casanatensis,,adsumpserunt,,w29721
10098,casanatensis,,x,,w29724
10099,casanatensis,,¢quia,,w29727
10100,casanatensis,,primitiua,,w29730
10101,casanatensis,,in,,w29733
10102,casanatensis,,lus,,w29736
10103,casanatensis,,la,,w29739
10104,casanatensis,,lum,,w29742
10105,casanatensis,,desinentia,,w29745
10106,casanatensis,,habent,,w29748
10107,casanatensis,,penultima2am,,w29751
10108,casanatensis,,natura,,w29754
10109,casanatensis,,longa,,w29757
10110,casanatensis,,ut,,w29760
10111,casanatensis,,paulus,,w29763
10112,casanatensis,,et,,w29766
10113,casanatensis,,faciunt,,w29769
10114,casanatensis,,diminutiua,,w29772
10115,casanatensis,,pauxillu2um,,w29775
10116,casanatensis,,mala,,w29778
10117,casanatensis,,maxilla,,w29781
10118,casanatensis,,uelu2um,,w29784
10119,casanatensis,,uexillu2um,,w29787
10120,casanatensis,,talus,,w29790
10121,casanatensis,,taxillus,,w29793
10122,casanatensis,,ea,,w29796
10123,casanatensis,,quæ,,w29799
10124,casanatensis,,geminant,,w29802
10125,casanatensis,,l,,w29805
10126,casanatensis,,ante,,w29808
10127,casanatensis,,us,,w29811
10128,casanatensis,,a,,w29814
10129,casanatensis,,um,,w29817
10130,casanatensis,,in,,w29820
10131,casanatensis,,ulus,,w29823
10132,casanatensis,,ula,,w29826
10133,casanatensis,,ulu2um,,w29829
10134,casanatensis,,faciunt,,w29832
10135,casanatensis,,iteru2um,,w29835
10136,casanatensis,,diminutiuu2um,,w29839
10137,casanatensis,,ut,,w29841
10138,casanatensis,,homullus,,w29844
10139,casanatensis,,homullulus,,w29847
10140,casanatensis,,feminina,,w29850
10141,casanatensis,,desinentia,,w29853
10142,casanatensis,,in,,w29856
10143,casanatensis,,na,,w29860
10144,casanatensis,,siue,,w29862
10145,casanatensis,,habeant,,w29865
10146,casanatensis,,ante,,w29868
10147,casanatensis,,n,,w29871
10148,casanatensis,,alia2am,,w29874
10149,casanatensis,,c¯consonante2em,,w29877
10150,casanatensis,,seu,,w29880
10151,casanatensis,,n¯non,,w29883
10152,casanatensis,,geminant,,w29886
10153,casanatensis,,l,,w29889
10154,casanatensis,,ante,,w29892
10155,casanatensis,,a,,w29895
10156,casanatensis,,in,,w29898
10157,casanatensis,,diminutiuis,,w29901
10158,casanatensis,,ut,,w29904
10159,casanatensis,,catena,,w29907
10160,casanatensis,,catella,,w29910
10161,casanatensis,,colu2umna,,w29913
10162,casanatensis,,columella,,w29916
10163,casanatensis,,excipitur,,w29919
10164,casanatensis,,rana,,w29922
10165,casanatensis,,ranunculus,,w29925
10166,casanatensis,,similiter,,w29928
10167,casanatensis,,solent,,w29931
10168,casanatensis,,facere,,w29934
10169,casanatensis,,in,,w29937
10170,casanatensis,,la,,w29940
10171,casanatensis,,ul¯uel,,w29943
10172,casanatensis,,ra,,w29946
10173,casanatensis,,desinentia,,w29949
10174,casanatensis,,ut,,w29952
10175,casanatensis,,tabula,,w29955
10176,casanatensis,,tabella,,w29958
10177,casanatensis,,libra,,w29961
10178,casanatensis,,libella,,w29964
10179,casanatensis,,sacer,,w29967
10180,casanatensis,,sacellus,,w29970
10181,casanatensis,,sacra,,w29973
10182,casanatensis,,sacella,,w29976
10183,casanatensis,,sacru2um,,w29979
10184,casanatensis,,sacellu2um,,w29982
10185,casanatensis,,puer,,w29985
10186,casanatensis,,puera,,w29988
10187,casanatensis,,ex,,w29991
10188,casanatensis,,quo,,w29994
10189,casanatensis,,puella,,w29997
10190,casanatensis,,excipiuntur,,w30000
10191,casanatensis,,in,,w30003
10192,casanatensis,,ra,,w30006
10193,casanatensis,,desinentia,,w30009
10194,casanatensis,,quæ,,w30012
10195,casanatensis,,nec,,w30015
10196,casanatensis,,a,,w30018
10197,casanatensis,,masculinis,,w30021
10198,casanatensis,,in,,w30024
10199,casanatensis,,er,,w30027
10200,casanatensis,,desinentib;bus,,w30030
10201,casanatensis,,ueniunt,,w30033
10202,casanatensis,,nec,,w30036
10203,casanatensis,,in,,w30039
10204,casanatensis,,eade2em,,w30042
10205,casanatensis,,syll¯yllaba,,w30045
10206,casanatensis,,habent,,w30048
10207,casanatensis,,ante,,w30051
10208,casanatensis,,r,,w30054
10209,casanatensis,,alia2am,,w30057
10210,casanatensis,,c¯consonante2em,,w30060
10211,casanatensis,,ut,,w30063
10212,casanatensis,,ara,,w30066
10213,casanatensis,,arula,,w30069
10214,casanatensis,,neutra,,w30072
10215,casanatensis,,desinentia,,w30075
10216,casanatensis,,in,,w30078
10217,casanatensis,,um,,w30082
10218,casanatensis,,geminant,,w30084
10219,casanatensis,,in,,w30087
10220,casanatensis,,diminutiuis,,w30090
10221,casanatensis,,l,,w30093
10222,casanatensis,,si,,w30096
10223,casanatensis,,uero,,w30099
10224,casanatensis,,habuerint,,w30102
10225,casanatensis,,g,,w30105
10226,casanatensis,,ante,,w30108
10227,casanatensis,,n,,w30111
10228,casanatensis,,n¯non,,w30114
10229,casanatensis,,hab¯abent,,w30117
10230,casanatensis,,in,,w30120
10231,casanatensis,,penultimo,,w30123
10232,casanatensis,,diminutiui,,w30126
10233,casanatensis,,e,,w30129
10234,casanatensis,,sed,,w30132
10235,casanatensis,,i,,w30135
10236,casanatensis,,ut,,w30138
10237,casanatensis,,signu2um,,w30141
10238,casanatensis,,sigillu2um,,w30144
10239,casanatensis,,alia,,w30147
10240,casanatensis,,neutra,,w30150
10241,casanatensis,,in,,w30153
10242,casanatensis,,um,,w30156
10243,casanatensis,,e,,w30159
10244,casanatensis,,habent,,w30162
10245,casanatensis,,ut,,w30165
10246,casanatensis,,geminu2um,,w30168
10247,casanatensis,,gemellu2um,,w30171
10248,casanatensis,,excepto,,w30174
10249,casanatensis,,ut,,w30177
10250,casanatensis,,superius,,w30180
10251,casanatensis,,diximus,,w30183
10252,casanatensis,,quæ,,w30186
10253,casanatensis,,penultimu2um,,w30189
10254,casanatensis,,primitiui,,w30192
10255,casanatensis,,naturaliter,,w30195
10256,casanatensis,,"longu2umThe final grapheme below the abbreviation mark was an ""a"". Then the same hand overwrote a correct ""u"" over the wrong ""a"".",,w30198
10257,casanatensis,,habent,,w30201
10258,casanatensis,,in,,w30204
10259,casanatensis,,um,,w30207
10260,casanatensis,,desinentia,,w30210
10261,casanatensis,,mutant,,w30213
10262,casanatensis,,ultimu2um,,w30216
10263,casanatensis,,i,,w30219
10264,casanatensis,,genitiui,,w30222
10265,casanatensis,,in,,w30225
10266,casanatensis,,o,,w30228
10267,casanatensis,,et,,w30231
10268,casanatensis,,adsu2umpta,,w30234
10269,casanatensis,,lum,,w30237
10270,casanatensis,,faciunt,,w30240
10271,casanatensis,,deminutiua,,w30243
10272,casanatensis,,ut,,w30246
10273,casanatensis,,negotiu2um,,w30249
10274,casanatensis,,negoti,,w30252
10275,casanatensis,,negotiolu2um,,w30255
10276,casanatensis,,in,,w30258
10277,casanatensis,,lum,,w30261
10278,casanatensis,,ul¯uel,,w30264
10279,casanatensis,,rum,,w30267
10280,casanatensis,,desinentia,,w30270
10281,casanatensis,,faciunt,,w30273
10282,casanatensis,,diminutiua,,w30276
10283,casanatensis,,in,,w30279
10284,casanatensis,,illu2um,,w30282
10285,casanatensis,,ul¯uel,,w30285
10286,casanatensis,,ellu2um,,w30288
10287,casanatensis,,ut,,w30291
10288,casanatensis,,tantu2um,,w30294
10289,casanatensis,,tantillu2um,,w30297
10290,casanatensis,,lucru2um,,w30300
10291,casanatensis,,lucellu2um,,w30303
10292,casanatensis,,diminutiua,,w30306
10293,casanatensis,,in,,w30309
10294,casanatensis,,ellus,,w30312
10295,casanatensis,,ul¯uel,,w30315
10296,casanatensis,,illus,,w30318
10297,casanatensis,,desinentia,,w30321
10298,casanatensis,,a,,w30324
10299,casanatensis,,disyllabis,,w30327
10300,casanatensis,,deriuata,,w30330
10301,casanatensis,,assumunt,,w30333
10302,casanatensis,,unam,,w30337
10303,casanatensis,,syll¯yllabam,,w30339
10304,casanatensis,,ut,,w30342
10305,casanatensis,,agnus,,w30345
10306,casanatensis,,agnellus,,w30348
10307,casanatensis,,similiter,,w30351
10308,casanatensis,,fem¯eminina,,w30354
10309,casanatensis,,capra,,w30357
10310,casanatensis,,capella,,w30360
10311,casanatensis,,sic,,w30363
10312,casanatensis,,et,,w30366
10313,casanatensis,,neu¯eutra,,w30369
10314,casanatensis,,p¯preter,,w30372
10315,casanatensis,,in,,w30375
10316,casanatensis,,nus,,w30378
10317,casanatensis,,ul¯uel,,w30381
10318,casanatensis,,na,,w30384
10319,casanatensis,,l¯uelUnusual abbreviation.,,w30387
10320,casanatensis,,nu2um,,w30390
10321,casanatensis,,desinentia,,w30393
10322,casanatensis,,nulla,,w30396
10323,casanatensis,,c¯consonante,,w30399
10324,casanatensis,,antecedente,,w30402
10325,casanatensis,,n,,w30405
10326,casanatensis,,pares,,w30408
10327,casanatensis,,syll¯yllabas,,w30411
10328,casanatensis,,hab¯abent,,w30414
10329,casanatensis,,cu2um,,w30417
10330,casanatensis,,diminutiuis,,w30420
10331,casanatensis,,bonus,,w30423
10332,casanatensis,,bellus,,w30426
10333,casanatensis,,bona,,w30429
10334,casanatensis,,bella,,w30432
10335,casanatensis,,bonu2um,,w30435
10336,casanatensis,,bellu2um,,w30438
10337,casanatensis,,similiter,,w30441
10338,casanatensis,,unus,,w30444
10339,casanatensis,,ullus,,w30447
10340,casanatensis,,uinu2um,,w30450
10341,casanatensis,,uillu2um,,w30453
10342,casanatensis,,ea,,w30456
10343,casanatensis,,quæ,,w30459
10344,casanatensis,,geminant,,w30462
10345,casanatensis,,l,,w30465
10346,casanatensis,,diminutiua,,w30468
10347,casanatensis,,si,,w30471
10348,casanatensis,,a,,w30474
10349,casanatensis,,trisyllabis,,w30477
10350,casanatensis,,ueniunt,,w30480
10351,casanatensis,,pares,,w30483
10352,casanatensis,,hab¯abent,,w30486
10353,casanatensis,,syll¯yllabas,,w30489
10354,casanatensis,,ut,,w30492
10355,casanatensis,,oculus,,w30495
10356,casanatensis,,ocellus,,w30498
10357,casanatensis,,preter,,w30501
10358,casanatensis,,si,,w30504
10359,casanatensis,,primitiua,,w30507
10360,casanatensis,,eoru2um,,w30510
10361,casanatensis,,aliam,,w30514
10362,casanatensis,,c¯consonante2em,,w30516
10363,casanatensis,,hab¯abent,,w30519
10364,casanatensis,,ante,,w30522
10365,casanatensis,,n,,w30525
10366,casanatensis,,in,,w30528
10367,casanatensis,,eade2em,,w30531
10368,casanatensis,,syllaba,,w30534
10369,casanatensis,,assumunt,,w30537
10370,casanatensis,,diminutiua,,w30540
10371,casanatensis,,una2am,,w30543
10372,casanatensis,,syll¯yllabam,,w30546
10373,casanatensis,,sicut,,w30549
10374,casanatensis,,et,,w30552
10375,casanatensis,,a,,w30555
10376,casanatensis,,disyllabis,,w30558
10377,casanatensis,,deriuata,,w30561
10378,casanatensis,,colu2umna,,w30564
10379,casanatensis,,columella,,w30567
10380,casanatensis,,sicut,,w30570
10381,casanatensis,,agna,,w30573
10382,casanatensis,,agnella,,w30576
10383,casanatensis,,desinentia,,w30579
10384,casanatensis,,in,,w30582
10385,casanatensis,,us,,w30585
10386,casanatensis,,ante cedentib;bus,,w30588
10387,casanatensis,,e,,w30591
10388,casanatensis,,ul¯uel,,w30594
10389,casanatensis,,i,,w30597
10390,casanatensis,,mutant,,w30600
10391,casanatensis,,us,,w30603
10392,casanatensis,,in,,w30606
10393,casanatensis,,o,,w30609
10394,casanatensis,,et,,w30612
10395,casanatensis,,accepta,,w30615
10396,casanatensis,,lus,,w30618
10397,casanatensis,,faciunt,,w30621
10398,casanatensis,,diminutiua,,w30624
10399,casanatensis,,ut,,w30627
10400,casanatensis,,malleus,,w30630
10401,casanatensis,,malleolus,,w30633
10402,casanatensis,,gladius,,w30636
10403,casanatensis,,gladiolus,,w30639
10404,casanatensis,,"cap¯preInterestigly, the abbreviation ""p with macron above"" (encoded with the graphemes ""p"" and ""¯"" in this edition) is not applied here to the preposition/preverb ""prae"", but to the syllable ""pre"" (with no ""ae"" diphthong). A few words later, the primitive of this diminutive is written without abbreviation as ""capreus"", so most probably the scribe did not mistakingly think of ""capraeus"" as the classical Latin alphabetical form of the word.olus",,w30642
10405,casanatensis,,dicr¯icitur,,w30645
10406,casanatensis,,cuius,,w30648
10407,casanatensis,,primitiuu2um,,w30651
10408,casanatensis,,uidetur,,w30654
10409,casanatensis,,capreus,,w30657
10410,casanatensis,,ee¯esse,,w30660
10411,casanatensis,,unde,,w30663
10412,casanatensis,,caprea,,w30666
10413,casanatensis,,ex,,w30669
10414,casanatensis,,quo,,w30672
10415,casanatensis,,capella,,w30675
10416,casanatensis,,na2am,,w30678
10417,casanatensis,,capra,,w30681
10418,casanatensis,,a,,w30684
10419,casanatensis,,capro,,w30688
10420,casanatensis,,fit,,w30690
10421,casanatensis,,fem¯eminina,,w30693
10422,casanatensis,,habentia,,w30696
10423,casanatensis,,e,,w30699
10424,casanatensis,,ul¯uel,,w30702
10425,casanatensis,,i,,w30705
10426,casanatensis,,ante,,w30708
10427,casanatensis,,a,,w30711
10428,casanatensis,,faciunt,,w30714
10429,casanatensis,,diminutiua,,w30717
10430,casanatensis,,in,,w30720
10431,casanatensis,,ola,,w30723
10432,casanatensis,,laurea,,w30726
10433,casanatensis,,laureola,,w30729
10434,casanatensis,,similiter,,w30732
10435,casanatensis,,neu¯eutra,,w30735
10436,casanatensis,,habentia,,w30738
10437,casanatensis,,e,,w30741
10438,casanatensis,,ul¯uel,,w30744
10439,casanatensis,,i,,w30747
10440,casanatensis,,ante,,w30750
10441,casanatensis,,um,,w30753
10442,casanatensis,,faci¯aciunt,,w30756
10443,casanatensis,,in,,w30759
10444,casanatensis,,olu2um,,w30762
10445,casanatensis,,laureu2um,,w30765
10446,casanatensis,,laureolu2um,,w30768
10447,casanatensis,,alia,,w30771
10448,casanatensis,,omnia,,w30774
10449,casanatensis,,terminantia,,w30777
10450,casanatensis,,in,,w30780
10451,casanatensis,,us,,w30783
10452,casanatensis,,supradictæ,,w30786
10453,casanatensis,,declinationis,,w30789
10454,casanatensis,,abiecta,,w30792
10455,casanatensis,,s,,w30795
10456,casanatensis,,addita,,w30798
10457,casanatensis,,lus,,w30801
10458,casanatensis,,fac¯aciunt,,w30804
10459,casanatensis,,diminutiua,,w30807
10460,casanatensis,,ut,,w30810
10461,casanatensis,,seruus,,w30813
10462,casanatensis,,seruulus,,w30816
10463,casanatensis,,fem¯eminina,,w30819
10464,casanatensis,,desinentia,,w30822
10465,casanatensis,,in,,w30825
10466,casanatensis,,a,,w30828
10467,casanatensis,,et,,w30831
10468,casanatensis,,neu¯neutra,,w30834
10469,casanatensis,,in,,w30837
10470,casanatensis,,um,,w30840
10471,casanatensis,,antecedente,,w30843
10472,casanatensis,,c¯consonante,,w30846
10473,casanatensis,,fac¯faciunt,,w30849
10474,casanatensis,,diminutiuu2um,,w30852
10475,casanatensis,,in,,w30855
10476,casanatensis,,ula,,w30858
10477,casanatensis,,uel,,w30861
10478,casanatensis,,ulu2um,,w30864
10479,casanatensis,,ut,,w30867
10480,casanatensis,,silua,,w30870
10481,casanatensis,,siluula,,w30873
10482,casanatensis,,et,,w30876
10483,casanatensis,,hæc,,w30879
10484,casanatensis,,et,,w30882
10485,casanatensis,,in,,w30885
10486,casanatensis,,ollus,,w30888
10487,casanatensis,,desinentia,,w30891
10488,casanatensis,,uincunt,,w30894
10489,casanatensis,,una,,w30898
10490,casanatensis,,syll¯yllaba,,w30900
10491,casanatensis,,primitiua,,w30903
10492,casanatensis,,sua,,w30906
10493,casanatensis,,in,,w30909
10494,casanatensis,,ster,,w30912
10495,casanatensis,,et,,w30915
10496,casanatensis,,cio,,w30918
10497,casanatensis,,et,,w30921
10498,casanatensis,,leus,,w30924
10499,casanatensis,,desinentia,,w30927
10500,casanatensis,,pauca,,w30930
10501,casanatensis,,inueniuntur,,w30933
10502,casanatensis,,catulus,,w30936
10503,casanatensis,,catulaster,,w30939
10504,casanatensis,,antonius,,w30942
10505,casanatensis,,antoniaster,,w30945
10506,casanatensis,,parasitus,,w30948
10507,casanatensis,,parasitaster,,w30951
10508,casanatensis,,homo,,w30954
10509,casanatensis,,homuncio,,w30957
10510,casanatensis,,senex,,w30960
10511,casanatensis,,senecio,,w30963
10512,casanatensis,,equus,,w30966
10513,casanatensis,,equuleus,,w30969
10514,casanatensis,,acus,,w30972
10515,casanatensis,,aculeus,,w30975
10516,casanatensis,,oculus,,w30978
10517,casanatensis,,oculeus,,w30981
10518,casanatensis,,sunt,,w30984
10519,casanatensis,,ŋpropria,,w30987
10520,casanatensis,,uel,,w30990
10521,casanatensis,,appellatiua,,w30993
10522,casanatensis,,quæ,,w30996
10523,casanatensis,,forma2am,,w30999
10524,casanatensis,,hab¯abent,,w31002
10525,casanatensis,,diminutiuoru2um,,w31005
10526,casanatensis,,sed,,w31008
10527,casanatensis,,diminutiua,,w31011
10528,casanatensis,,n¯non,,w31014
10529,casanatensis,,st¯sunt,,w31017
10530,casanatensis,,ut,,w31020
10531,casanatensis,,cuniculus,,w31023
10532,casanatensis,,anniculus,,w31026
10533,casanatensis,,metellus,,w31029
10534,casanatensis,,camillus,,w31032
10535,casanatensis,,pauca,,w31035
10536,casanatensis,,diminutiua,,w31038
10537,casanatensis,,n¯non,,w31041
10538,casanatensis,,seruant,,w31044
10539,casanatensis,,genera,,w31047
10540,casanatensis,,primitiuoru2um,,w31050
10541,casanatensis,,ut,,w31053
10542,casanatensis,,anguis,,w31056
10543,casanatensis,,anguilla,,w31059
10544,casanatensis,,unguis,,w31062
10545,casanatensis,,ungula,,w31065
10546,casanatensis,,nubes,,w31068
10547,casanatensis,,nubilu2um,,w31071
10548,casanatensis,,quæ,,w31074
10549,casanatensis,,magis,,w31077
10550,casanatensis,,st¯sunt,,w31080
10551,casanatensis,,denominatiua,,w31083
10552,casanatensis,,¢quia,,w31086
10553,casanatensis,,n¯non,,w31089
10554,casanatensis,,hab¯abent,,w31092
10555,casanatensis,,significatione2em,,w31095
10556,casanatensis,,diminutiuoru2um,,w31098
10557,casanatensis,,sed,,w31101
10558,casanatensis,,forma2am,,w31104
10559,casanatensis,,tantu2um,,w31107
10560,casanatensis,,diminutiuoru2um,,w31110
10561,casanatensis,,forma,,w31113
10562,casanatensis,,cu2um,,w31116
10563,casanatensis,,magis,,w31119
10564,casanatensis,,minuitur,,w31122
10565,casanatensis,,crescit,,w31125
10566,casanatensis,,numeru2um,,w31128
10567,casanatensis,,syllabaru2um,,w31131
10568,casanatensis,,ut,,w31134
10569,casanatensis,,mons,,w31137
10570,casanatensis,,monticellus,,w31140
10571,casanatensis,,monticellulus,,w31143
10572,casanatensis,,deriuatiua,,w31146
10573,casanatensis,,dicuntur,,w31149
10574,casanatensis,,qui,,w31152
10575,casanatensis,,et,,w31155
10576,casanatensis,,denominatiua,,w31158
10577,casanatensis,,deriuatiua,,w31161
10578,casanatensis,,et,,w31164
10579,casanatensis,,qd¯quod,,w31167
10580,casanatensis,,ex,,w31170
10581,casanatensis,,alio,,w31173
10582,casanatensis,,st¯sunt,,w31176
10583,casanatensis,,deducta,,w31179
10584,casanatensis,,eoru2um,,w31182
10585,casanatensis,,nomina,,w31185
10586,casanatensis,,ut,,w31188
10587,casanatensis,,a,,w31191
10588,casanatensis,,terra,,w31194
10589,casanatensis,,terrenus,,w31197
10590,casanatensis,,non,,w31200
10591,casanatensis,,ipsum,,w31204
10592,casanatensis,,terrenus,,w31206
10593,casanatensis,,quod,,w31209
10594,casanatensis,,et,,w31212
10595,casanatensis,,terra,,w31215
10596,casanatensis,,sed,,w31218
10597,casanatensis,,alia,,w31221
10598,casanatensis,,creatura,,w31224
10599,casanatensis,,tantu2um,,w31227
10600,casanatensis,,nominata,,w31230
10601,casanatensis,,e,,w31233
10602,casanatensis,,terra,,w31236
10603,casanatensis,,¢quia,,w31239
10604,casanatensis,,ex,,w31242
10605,casanatensis,,terra,,w31245
10606,casanatensis,,condita,,w31248
10607,casanatensis,,est,,w31251
10608,casanatensis,,ul¯uel,,w31254
10609,casanatensis,,in,,w31257
10610,casanatensis,,terra,,w31260
10611,casanatensis,,habitat,,w31263
10612,casanatensis,,denominatiua,,w31266
10613,casanatensis,,dicta,,w31269
10614,casanatensis,,sunt,,w31272
10615,casanatensis,,eo,,w31275
10616,casanatensis,,quod,,w31278
10617,casanatensis,,ab,,w31281
10618,casanatensis,,aliqua,,w31284
10619,casanatensis,,speciali,,w31287
10620,casanatensis,,significatione,,w31290
10621,casanatensis,,nominis,,w31293
10622,casanatensis,,sic,,w31296
10623,casanatensis,,nominata,,w31299
10624,casanatensis,,st¯sunt,,w31302
10625,casanatensis,,hæc,,w31305
10626,casanatensis,,nominatio,,w31308
10627,casanatensis,,generalis,,w31311
10628,casanatensis,,est,,w31314
10629,casanatensis,,omniu2um,,w31317
10630,casanatensis,,formaru2um,,w31320
10631,casanatensis,,quæ,,w31323
10632,casanatensis,,a,,w31326
10633,casanatensis,,nomine,,w31329
10634,casanatensis,,deriuantur,,w31332
10635,casanatensis,,id,,w31335
10636,casanatensis,,est,,w31338
10637,casanatensis,,patronymica,,w31341
10638,casanatensis,,et,,w31344
10639,casanatensis,,possessiua,,w31347
10640,casanatensis,,et,,w31350
10641,casanatensis,,co2omparatiua,,w31353
10642,casanatensis,,et,,w31356
10643,casanatensis,,suþperlatiua,,w31359
10644,casanatensis,,et,,w31362
10645,casanatensis,,diminutiua,,w31365
10646,casanatensis,,excepto,,w31368
10647,casanatensis,,"uerbialiaThe direct source, Priscian, Ars grammatica, K 2.117.6 has ""uerbalia"". The form ""uerbialia"" is in Pompeius, ""Commentum Artis Donati"", K 5.149.1. Lewis-Short has a lemma ""uerbialis, e, adf."", but reports Pompeius as the only example. Based on a search on the PHI 5.3 corpus with Diogenes 3.2.0, the adjective form ""uerbialis"" does never occur in classical Latin.",,w31371
10648,casanatensis,,et,,w31374
10649,casanatensis,,aduerbialia,,w31377
10650,casanatensis,,et,,w31380
10651,casanatensis,,quæ,,w31383
10652,casanatensis,,ex,,w31386
10653,casanatensis,,p¯prepositionibus,,w31389
10654,casanatensis,,fiunt,,w31392
10655,casanatensis,,denominatiua,,w31395
10656,casanatensis,,st¯sunt,,w31398
10657,casanatensis,,quæ,,w31401
10658,casanatensis,,nominatiuum,,w31405
10659,casanatensis,,acceperunt,,w31407
10660,casanatensis,,ab,,w31410
10661,casanatensis,,aliis,,w31413
10662,casanatensis,,tantu2um,,w31416
10663,casanatensis,,na2am,,w31419
10664,casanatensis,,n¯non,,w31422
10665,casanatensis,,significant,,w31425
10666,casanatensis,,illud,,w31428
10667,casanatensis,,quod,,w31431
10668,casanatensis,,primitiua,,w31434
10669,casanatensis,,eoru2um,,w31437
10670,casanatensis,,mons,,w31440
10671,casanatensis,,primitiuu2um,,w31443
10672,casanatensis,,÷est,,w31446
10673,casanatensis,,et,,w31449
10674,casanatensis,,speciale,,w31452
10675,casanatensis,,plene,,w31455
10676,casanatensis,,significationis,,w31458
10677,casanatensis,,ex,,w31461
10678,casanatensis,,quo,,w31464
10679,casanatensis,,descendit,,w31467
10680,casanatensis,,denominatiuu2um,,w31470
10681,casanatensis,,montanus,,w31473
10682,casanatensis,,mediæ,,w31476
10683,casanatensis,,significationis,,w31479
10684,casanatensis,,"nom¯nominatiuumAn easier expansion for this abbreviation would be ""nomen"", but given the previous sentence ""denominatiua quae nominatiuo [scribal error for nominatiuum] acceperunt ab aliis tantum"" (8v.a.32-33), I think that the best expansion here is ""nominatiuum"" again.",,w31482
10685,casanatensis,,tantu2um,,w31485
10686,casanatensis,,a,,w31488
10687,casanatensis,,monte,,w31491
10688,casanatensis,,accipiens,,w31494
10689,casanatensis,,aliudq;que,,w31497
10690,casanatensis,,significans,,w31500
10691,casanatensis,,ut,,w31503
10692,casanatensis,,montanus,,w31506
10693,casanatensis,,homo,,w31509
10694,casanatensis,,ul¯uel,,w31512
10695,casanatensis,,equus,,w31515
10696,casanatensis,,aut,,w31518
10697,casanatensis,,arbor,,w31521
10698,casanatensis,,et,,w31524
10699,casanatensis,,cetera,,w31527
10700,casanatensis,,et,,w31530
10701,casanatensis,,¢quia,,w31533
10702,casanatensis,,generaliter,,w31536
10703,casanatensis,,atq;que,,w31539
10704,casanatensis,,c¯confuse,,w31542
10705,casanatensis,,denominatiua,,w31545
10706,casanatensis,,appellata,,w31548
10707,casanatensis,,st¯sunt,,w31551
10708,casanatensis,,et,,w31554
10709,casanatensis,,quia,,w31557
10710,casanatensis,,multæ,,w31560
10711,casanatensis,,formæ,,w31563
10712,casanatensis,,ta2am,,w31566
10713,casanatensis,,denominatiuoru2um,,w31569
10714,casanatensis,,qua2am,,w31572
10715,casanatensis,,"uerbialiu2umOn the form ""uerbialis, -e"" as opposed to ""uerbalis, -e"", see note to the word with id w31371 (line 8v.a.30).",,w31575
10716,casanatensis,,et,,w31578
10717,casanatensis,,participialiu2um,,w31581
10718,casanatensis,,et,,w31584
10719,casanatensis,,aduerbialiu2um,,w31587
10720,casanatensis,,co2ommunes,,w31590
10721,casanatensis,,inueniuntur,,w31593
10722,casanatensis,,nunc,,w31596
10723,casanatensis,,de,,w31599
10724,casanatensis,,his,,w31602
10725,casanatensis,,dicemus,,w31605
10726,casanatensis,,þper,,w31608
10727,casanatensis,,singula,,w31611
10728,casanatensis,,quoru2um,,w31614
10729,casanatensis,,terminationes,,w31617
10730,casanatensis,,st¯sunt,,w31620
10731,casanatensis,,hæ,,w31623
10732,casanatensis,,in,,w31626
10733,casanatensis,,i·a,,w31629
10734,casanatensis,,ut,,w31635
10735,casanatensis,,durus,,w31638
10736,casanatensis,,duritia,,w31641
10737,casanatensis,,et,,w31644
10738,casanatensis,,in,,w31647
10739,casanatensis,,a,,w31650
10740,casanatensis,,ul¯uel,,w31653
10741,casanatensis,,e,,w31656
10742,casanatensis,,c¯consonante,,w31659
10743,casanatensis,,antecedente,,w31662
10744,casanatensis,,cantus,,w31665
10745,casanatensis,,cantilena,,w31668
10746,casanatensis,,cubo,,w31671
10747,casanatensis,,cubile,,w31674
10748,casanatensis,,similiter,,w31677
10749,casanatensis,,in,,w31680
10750,casanatensis,,i,,w31683
10751,casanatensis,,a,,w31686
10752,casanatensis,,fruge,,w31689
10753,casanatensis,,frugi,,w31692
10754,casanatensis,,a,,w31695
10755,casanatensis,,nihilo,,w31698
10756,casanatensis,,nihili,,w31701
10757,casanatensis,,quos,,w31704
10758,casanatensis,,docuimus,,w31707
10759,casanatensis,,ia2am,,w31710
10760,casanatensis,,ee¯esse,,w31713
10761,casanatensis,,obliquos,,w31716
10762,casanatensis,,similiter,,w31719
10763,casanatensis,,in,,w31722
10764,casanatensis,,u,,w31725
10765,casanatensis,,ut,,w31728
10766,casanatensis,,tono,,w31731
10767,casanatensis,,tonitru,,w31734
10768,casanatensis,,in,,w31737
10769,casanatensis,,al,,w31740
10770,casanatensis,,ceruix,,w31743
10771,casanatensis,,ceruical,,w31746
10772,casanatensis,,tribunus,,w31749
10773,casanatensis,,tribunal,,w31752
10774,casanatensis,,in,,w31755
10775,casanatensis,,il,,w31758
10776,casanatensis,,uigilo,,w31761
10777,casanatensis,,uigil,,w31764
10778,casanatensis,,pugillus,,w31767
10779,casanatensis,,pugil,,w31770
10780,casanatensis,,in,,w31773
10781,casanatensis,,ul,,w31776
10782,casanatensis,,exulo,,w31779
10783,casanatensis,,exul,,w31782
10784,casanatensis,,in,,w31785
10785,casanatensis,,am,,w31788
10786,casanatensis,,ne¢quis,,w31791
10787,casanatensis,,nequa2am,,w31794
10788,casanatensis,,in,,w31797
10789,casanatensis,,um,,w31800
10790,casanatensis,,oliua,,w31803
10791,casanatensis,,oliuetu2um,,w31806
10792,casanatensis,,p¯presideo,,w31809
10793,casanatensis,,p¯presidiu2um,,w31812
10794,casanatensis,,in,,w31815
10795,casanatensis,,ar,,w31818
10796,casanatensis,,lacus,,w31821
10797,casanatensis,,lacunar,,w31824
10798,casanatensis,,in,,w31827
10799,casanatensis,,er,,w31830
10800,casanatensis,,eques,,w31833
10801,casanatensis,,equester,,w31836
10802,casanatensis,,in,,w31839
10803,casanatensis,,or,,w31842
10804,casanatensis,,senatus,,w31845
10805,casanatensis,,senator,,w31848
10806,casanatensis,,in,,w31851
10807,casanatensis,,ur,,w31854
10808,casanatensis,,satio,,w31857
10809,casanatensis,,satur,,w31860
10810,casanatensis,,in,,w31863
10811,casanatensis,,as,,w31866
10812,casanatensis,,primus,,w31869
10813,casanatensis,,primas,,w31872
10814,casanatensis,,arpinu2um,,w31875
10815,casanatensis,,arpinas,,w31878
10816,casanatensis,,in,,w31881
10817,casanatensis,,es,,w31884
10818,casanatensis,,cor¯correpta,,w31887
10819,casanatensis,,equus,,w31890
10820,casanatensis,,eques,,w31893
10821,casanatensis,,in,,w31896
10822,casanatensis,,es,,w31899
10823,casanatensis,,ŋproductu2um,,w31902
10824,casanatensis,,pauper,,w31905
10825,casanatensis,,pauperies,,w31908
10826,casanatensis,,sepio,,w31911
10827,casanatensis,,sepes,,w31914
10828,casanatensis,,struo,,w31917
10829,casanatensis,,strues,,w31920
10830,casanatensis,,sterno,,w31923
10831,casanatensis,,strages,,w31926
10832,casanatensis,,in,,w31929
10833,casanatensis,,is,,w31932
10834,casanatensis,,edis,,w31936
10835,casanatensis,,edilis,,w31938
10836,casanatensis,,rex,,w31941
10837,casanatensis,,regalis,,w31944
10838,casanatensis,,in,,w31947
10839,casanatensis,,os,,w31950
10840,casanatensis,,lepus,,w31953
10841,casanatensis,,lepos,,w31956
10842,casanatensis,,custodio,,w31959
10843,casanatensis,,custos,,w31962
10844,casanatensis,,in,,w31965
10845,casanatensis,,us,,w31968
10846,casanatensis,,sine,,w31971
10847,casanatensis,,c¯consonante,,w31974
10848,casanatensis,,ab,,w31977
10849,casanatensis,,assideo,,w31980
10850,casanatensis,,ul¯uel,,w31983
10851,casanatensis,,asse,,w31986
10852,casanatensis,,assiduus,,w31989
10853,casanatensis,,et,,w31992
10854,casanatensis,,diuersis,,w31995
10855,casanatensis,,c¯consonantib;bus,,w31998
10856,casanatensis,,ante positis,,w32001
10857,casanatensis,,saxu2um,,w32004
10858,casanatensis,,saxosus,,w32007
10859,casanatensis,,spuma,,w32010
10860,casanatensis,,spumosus,,w32013
10861,casanatensis,,et,,w32016
10862,casanatensis,,aliis,,w32019
10863,casanatensis,,et,,w32022
10864,casanatensis,,a,,w32025
10865,casanatensis,,participiis,,w32028
10866,casanatensis,,quando,,w32031
10867,casanatensis,,quarte,,w32034
10868,casanatensis,,declinationis,,w32037
10869,casanatensis,,sunt,,w32040
10870,casanatensis,,ut,,w32043
10871,casanatensis,,uersus,,w32046
10872,casanatensis,,saltus,,w32049
10873,casanatensis,,et,,w32052
10874,casanatensis,,ab,,w32055
10875,casanatensis,,aduerbiis,,w32058
10876,casanatensis,,ut,,w32061
10877,casanatensis,,"supraThe source, Priscian, Ars grammatica, K 2.118.21, has ""super superus"", with the agreement of all witnesses taken into account by Keil. Still, I am not emending ""supra"" to ""super"" here only to make Ursus' text coincide with Priscian's.",,w32064
10878,casanatensis,,superus,,w32067
10879,casanatensis,,in,,w32070
10880,casanatensis,,x,,w32073
10881,casanatensis,,ut,,w32076
10882,casanatensis,,fur,,w32079
10883,casanatensis,,furax,,w32082
10884,casanatensis,,capio,,w32085
10885,casanatensis,,capax,,w32088
10886,casanatensis,,audeo,,w32091
10887,casanatensis,,audax,,w32094
10888,casanatensis,,in,,w32097
10889,casanatensis,,duas,,w32100
10890,casanatensis,,c¯consonantes,,w32103
10891,casanatensis,,ut,,w32106
10892,casanatensis,,picenu2um,,w32109
10893,casanatensis,,picens,,w32112
10894,casanatensis,,tiburtu2um,,w32115
10895,casanatensis,,tiburs,,w32118
10896,casanatensis,,in,,w32121
10897,casanatensis,,a,,w32124
10898,casanatensis,,desinentia,,w32127
10899,casanatensis,,denominatiua,,w32130
10900,casanatensis,,ul¯uel,,w32133
10901,casanatensis,,i,,w32136
10902,casanatensis,,breue,,w32139
10903,casanatensis,,habent,,w32142
10904,casanatensis,,ante,,w32145
10905,casanatensis,,a,,w32148
10906,casanatensis,,ut,,w32151
10907,casanatensis,,sapientia,,w32154
10908,casanatensis,,ul¯uel,,w32157
10909,casanatensis,,l,,w32160
10910,casanatensis,,ut,,w32163
10911,casanatensis,,cautela,,w32166
10912,casanatensis,,ul¯uel,,w32169
10913,casanatensis,,n,,w32172
10914,casanatensis,,ut,,w32175
10915,casanatensis,,tonstrina,,w32178
10916,casanatensis,,ul¯uel,,w32181
10917,casanatensis,,r,,w32184
10918,casanatensis,,ut,,w32187
10919,casanatensis,,armatura,,w32190
10920,casanatensis,,in,,w32193
10921,casanatensis,,"uerbialibusOn the form ""uerbialis, -e"" as opposed to ""uerbalis, -e"", see note to the word with id w31371 (line 8v.a.30). This form will recur again later in the manuscript, but I'm not repeating this note from this point on.",,w32196
10922,casanatensis,,habent,,w32199
10923,casanatensis,,alias,,w32202
10924,casanatensis,,c¯consonantes,,w32205
10925,casanatensis,,quas,,w32208
10926,casanatensis,,a,,w32211
10927,casanatensis,,uerbis,,w32213
10928,casanatensis,,accipiunt,,w32214
10929,casanatensis,,denominatiua,,w32215
10930,casanatensis,,plurimas,,w32217
10931,casanatensis,,formas,,w32220
10932,casanatensis,,hab¯abent,,w32223
10933,casanatensis,,et,,w32226
10934,casanatensis,,diuersas,,w32229
10935,casanatensis,,significationes,,w32232
10936,casanatensis,,accipiunt,,w32235
10937,casanatensis,,ut,,w32238
10938,casanatensis,,scribas,,w32241
10939,casanatensis,,scriba,,w32244
10940,casanatensis,,c¯conuiuo,,w32247
10941,casanatensis,,c¯conuiua,,w32250
10942,casanatensis,,secundæ,,w32253
10943,casanatensis,,declinationis,,w32256
10944,casanatensis,,nomina,,w32259
10945,casanatensis,,desinentia,,w32262
10946,casanatensis,,in,,w32265
10947,casanatensis,,us,,w32268
10948,casanatensis,,antecedente,,w32271
10949,casanatensis,,c,,w32274
10950,casanatensis,,quotcu2umq;que,,w32278
10951,casanatensis,,syllabaru2um,,w32280
10952,casanatensis,,sint,,w32283
10953,casanatensis,,absq;que,,w32286
10954,casanatensis,,regionu2um,,w32289
10955,casanatensis,,nominibus,,w32292
10956,casanatensis,,assumunt,,w32295
10957,casanatensis,,genitiuo,,w32298
10958,casanatensis,,tia,,w32301
10959,casanatensis,,et,,w32304
10960,casanatensis,,fac¯aciunt,,w32307
10961,casanatensis,,denominatiua,,w32310
10962,casanatensis,,ut,,w32313
10963,casanatensis,,amicus,,w32316
10964,casanatensis,,amici,,w32319
10965,casanatensis,,amicitia,,w32322
10966,casanatensis,,inimicus,,w32325
10967,casanatensis,,inimici,,w32328
10968,casanatensis,,inimicitia,,w32332
10969,casanatensis,,similiter,,w32334
10970,casanatensis,,fac¯aciunt,,w32337
10971,casanatensis,,secundæ,,w32340
10972,casanatensis,,declinationis,,w32343
10973,casanatensis,,disillaba,,w32347
10974,casanatensis,,in,,w32349
10975,casanatensis,,us,,w32352
10976,casanatensis,,quacu2umq;que,,w32355
10977,casanatensis,,consonante,,w32358
10978,casanatensis,,antecedente,,w32361
10979,casanatensis,,absq;que,,w32364
10980,casanatensis,,nominibus,,w32367
10981,casanatensis,,regionu2um,,w32370
10982,casanatensis,,ut,,w32373
10983,casanatensis,,letus,,w32376
10984,casanatensis,,leti,,w32379
10985,casanatensis,,letitia,,w32382
10986,casanatensis,,durus,,w32385
10987,casanatensis,,duri,,w32388
10988,casanatensis,,duritia,,w32391
10989,casanatensis,,tertiæ,,w32394
10990,casanatensis,,declinationis,,w32397
10991,casanatensis,,desinentitia,,w32400
10992,casanatensis,,in,,w32403
10993,casanatensis,,is,,w32406
10994,casanatensis,,nominatiuo,,w32409
10995,casanatensis,,et,,w32412
10996,casanatensis,,genitiuo,,w32415
10997,casanatensis,,assumunt,,w32418
10998,casanatensis,,datiuo,,w32421
10999,casanatensis,,tia,,w32424
11000,casanatensis,,ut,,w32427
11001,casanatensis,,tristis,,w32430
11002,casanatensis,,tristis,,w32433
11003,casanatensis,,tristi,,w32436
11004,casanatensis,,tristitia,,w32439
11005,casanatensis,,i,,w32442
11006,casanatensis,,penultimu2um,,w32445
11007,casanatensis,,"corcorreptumThe abbreviation ""cor"" for ""correptus, -a, -um"" is quite common, but up to this point it always had an abbreviation mark (a macron) above it. This is the first time that there is no visible abbreviation mark. Also, this is the first time that I meet a new type of abbreviation, that I encode as ""omission"" (omission of graphemes, without abbreviation mark): se the documentation for a full discussion on this type of abbreviation.",,w32448
11008,casanatensis,,in,,w32451
11009,casanatensis,,omnib;bus,,w32454
11010,casanatensis,,supradictis,,w32457
11011,casanatensis,,et,,w32460
11012,casanatensis,,secundæ,,w32463
11013,casanatensis,,et,,w32466
11014,casanatensis,,tertiæ,,w32469
11015,casanatensis,,declinationis,,w32472
11016,casanatensis,,alia,,w32475
11017,casanatensis,,nomina,,w32478
11018,casanatensis,,cor¯correpto,,w32481
11019,casanatensis,,i,,w32484
11020,casanatensis,,genitiui,,w32487
11021,casanatensis,,secundæ,,w32490
11022,casanatensis,,decli¯clinationis,,w32493
11023,casanatensis,,assumptu2um,,w32496
11024,casanatensis,,a,,w32499
11025,casanatensis,,fac¯faciunt,,w32502
11026,casanatensis,,denominatiua,,w32505
11027,casanatensis,,ut,,w32508
11028,casanatensis,,uiolentus,,w32511
11029,casanatensis,,uiolenti,,w32514
11030,casanatensis,,uiolentia,,w32517
11031,casanatensis,,et,,w32520
11032,casanatensis,,tertiæ,,w32523
11033,casanatensis,,declinationis,,w32526
11034,casanatensis,,nomina,,w32529
11035,casanatensis,,ul¯uel,,w32532
11036,casanatensis,,participia,,w32535
11037,casanatensis,,quoru2um,,w32538
11038,casanatensis,,genitiuus,,w32541
11039,casanatensis,,uincit,,w32544
11040,casanatensis,,nominatiuu2um,,w32547
11041,casanatensis,,una,,w32550
11042,casanatensis,,syll¯llaba,,w32553
11043,casanatensis,,cor¯correpto,,w32556
11044,casanatensis,,i,,w32559
11045,casanatensis,,"datiuiThe source Priscian, Ars grammatica, K 2.119.22-25, has a different syntactic construction, but with the same general meaning: ""similiter faciunt tertiae declinationis nomina siue participia, quae una syllaba, uincunt genetiuo nominatiuum: assumunt enim datiuo a, paenultima i ubique, sicut supra dictum est, correpta"".",,w32562
11046,casanatensis,,assumptu2um,,w32565
11047,casanatensis,,a,,w32568
11048,casanatensis,,fac¯aciunt,,w32571
11049,casanatensis,,denominatiua,,w32574
11050,casanatensis,,ut,,w32577
11051,casanatensis,,neglegens,,w32580
11052,casanatensis,,neglegentis,,w32583
11053,casanatensis,,neglegenti,,w32586
11054,casanatensis,,neglegentia,,w32589
11055,casanatensis,,inueniuntur,,w32592
11056,casanatensis,,denominatiua,,w32595
11057,casanatensis,,quæ,,w32598
11058,casanatensis,,desinunt,,w32601
11059,casanatensis,,in,,w32604
11060,casanatensis,,monia,,w32607
11061,casanatensis,,deriuatiua,,w32610
11062,casanatensis,,a,,w32613
11063,casanatensis,,nominibus,,w32616
11064,casanatensis,,siue,,w32619
11065,casanatensis,,uerbis,,w32622
11066,casanatensis,,ut,,w32625
11067,casanatensis,,castus,,w32628
11068,casanatensis,,casti,,w32631
11069,casanatensis,,castimonia,,w32634
11070,casanatensis,,parco,,w32637
11071,casanatensis,,parsi,,w32640
11072,casanatensis,,parsimonia,,w32643
11073,casanatensis,,in,,w32646
11074,casanatensis,,a,,w32649
11075,casanatensis,,desinentia,,w32652
11076,casanatensis,,denominatiua,,w32655
11077,casanatensis,,seu,,w32658
11078,casanatensis,,uerbialia,,w32661
11079,casanatensis,,consonante,,w32664
11080,casanatensis,,antecedente,,w32667
11081,casanatensis,,ul¯uel,,w32670
11082,casanatensis,,in,,w32673
11083,casanatensis,,la,,w32676
11084,casanatensis,,exeunt,,w32679
11085,casanatensis,,ul¯uel,,w32682
11086,casanatensis,,in,,w32685
11087,casanatensis,,na,,w32688
11088,casanatensis,,ul¯uel,,w32691
11089,casanatensis,,in,,w32694
11090,casanatensis,,ra,,w32697
11091,casanatensis,,ł,,casanatensis:0.1.0.21.3.769
11092,casanatensis,,ex,,w32700
11093,casanatensis,,quibus,,w32703
11094,casanatensis,,in,,w32706
11095,casanatensis,,la,,w32709
11096,casanatensis,,desinentia,,w32712
11097,casanatensis,,ul¯uel,,w32715
11098,casanatensis,,a,,w32718
11099,casanatensis,,genitiuo,,w32721
11100,casanatensis,,secundæ,,w32724
11101,casanatensis,,declinationis,,w32727
11102,casanatensis,,ueniunt,,w32730
11103,casanatensis,,ul¯uel,,w32733
11104,casanatensis,,a,,w32736
11105,casanatensis,,datiuo,,w32739
11106,casanatensis,,tertiæ,,w32742
11107,casanatensis,,uersu2um,,w32745
11108,casanatensis,,i,,w32748
11109,casanatensis,,in,,w32751
11110,casanatensis,,e,,w32754
11111,casanatensis,,longu2um,,w32757
11112,casanatensis,,et,,w32760
11113,casanatensis,,assu2umpta,,w32763
11114,casanatensis,,la,,w32766
11115,casanatensis,,ut,,w32769
11116,casanatensis,,tutus,,w32772
11117,casanatensis,,tuti,,w32775
11118,casanatensis,,tutela,,w32778
11119,casanatensis,,cliens,,w32781
11120,casanatensis,,clientis,,w32784
11121,casanatensis,,clienti,,w32787
11122,casanatensis,,clientela,,w32790
11123,casanatensis,,quæ,,w32793
11124,casanatensis,,a,,w32796
11125,casanatensis,,uerbis,,w32799
11126,casanatensis,,secunde,,w32802
11127,casanatensis,,c¯coniugationis,,w32805
11128,casanatensis,,ueniunt,,w32808
11129,casanatensis,,a,,w32811
11130,casanatensis,,secunda,,w32814
11131,casanatensis,,þpersona,,w32817
11132,casanatensis,,abiecta,,w32820
11133,casanatensis,,s,,w32823
11134,casanatensis,,addita,,w32826
11135,casanatensis,,la,,w32829
11136,casanatensis,,fiunt,,w32832
11137,casanatensis,,ut,,w32835
11138,casanatensis,,candeo,,w32838
11139,casanatensis,,candes,,w32841
11140,casanatensis,,candela,,w32844
11141,casanatensis,,suadeo,,w32847
11142,casanatensis,,suades,,w32850
11143,casanatensis,,suadela,,w32853
11144,casanatensis,,in,,w32856
11145,casanatensis,,na,,w32859
11146,casanatensis,,desinentia,,w32862
11147,casanatensis,,denominatiua,,w32865
11148,casanatensis,,siue,,w32868
11149,casanatensis,,uerbialia,,w32871
11150,casanatensis,,uel,,w32874
11151,casanatensis,,natura,,w32877
11152,casanatensis,,ul¯uel,,w32880
11153,casanatensis,,positione,,w32883
11154,casanatensis,,semþper,,w32886
11155,casanatensis,,longa2am,,w32889
11156,casanatensis,,habent,,w32892
11157,casanatensis,,penultima2am,,w32895
11158,casanatensis,,ut,,w32898
11159,casanatensis,,officiu2um,,w32901
11160,casanatensis,,officina,,w32904
11161,casanatensis,,medicus,,w32907
11162,casanatensis,,medicina,,w32910
11163,casanatensis,,cocus,,w32913
11164,casanatensis,,cocina,,w32916
11165,casanatensis,,et,,w32919
11166,casanatensis,,culina,,w32922
11167,casanatensis,,leo,,w32925
11168,casanatensis,,leena,,w32928
11169,casanatensis,,cantus,,w32931
11170,casanatensis,,cantilena,,w32934
11171,casanatensis,,luceo,,w32937
11172,casanatensis,,lucerna,,w32940
11173,casanatensis,,na2am,,w32943
11174,casanatensis,,mutina,,w32946
11175,casanatensis,,sagana,,w32949
11176,casanatensis,,pagina,,w32952
11177,casanatensis,,penultima,,w32955
11178,casanatensis,,cor¯orrepta,,w32958
11179,casanatensis,,non,,w32961
11180,casanatensis,,st¯sunt,,w32964
11181,casanatensis,,deriuatiua,,w32967
11182,casanatensis,,sagana,,w32970
11183,casanatensis,,hoc,,w32973
11184,casanatensis,,est,,w32976
11185,casanatensis,,quod,,w32979
11186,casanatensis,,et,,w32982
11187,casanatensis,,saga,,w32985
11188,casanatensis,,in,,w32988
11189,casanatensis,,ra,,w32991
11190,casanatensis,,terminantia,,w32994
11191,casanatensis,,omnia,,w32997
11192,casanatensis,,similia,,w33000
11193,casanatensis,,st¯sunt,,w33003
11194,casanatensis,,futuri,,w33006
11195,casanatensis,,participii,,w33009
11196,casanatensis,,fem¯feminini,,w33012
11197,casanatensis,,unde,,w33015
11198,casanatensis,,ŋproducitur,,w33018
11199,casanatensis,,u,,w33021
11200,casanatensis,,penultimu2um,,w33024
11201,casanatensis,,ut,,w33027
11202,casanatensis,,"scripturaThere is a macron sign over the ""u"" to mark the vowel's long quantity.",,w33030
11203,casanatensis,,oms¯mnes,,w33033
11204,casanatensis,,formæ,,w33036
11205,casanatensis,,denominatiuoru2um,,w33039
11206,casanatensis,,desinentes,,w33042
11207,casanatensis,,in,,w33045
11208,casanatensis,,a,,w33048
11209,casanatensis,,ŋproprie,,w33052
11210,casanatensis,,fem¯feminini,,w33057
11211,casanatensis,,generis,,w33060
11212,casanatensis,,sunt,,w33063
11213,casanatensis,,preter,,w33066
11214,casanatensis,,pauca,,w33069
11215,casanatensis,,uerbialia,,w33072
11216,casanatensis,,seruantia,,w33075
11217,casanatensis,,consonantes,,w33078
11218,casanatensis,,uerboru2um,,w33081
11219,casanatensis,,st¯sunt,,w33084
11220,casanatensis,,masculina,,w33087
11221,casanatensis,,ul¯uel,,w33090
11222,casanatensis,,co2ommunia,,w33093
11223,casanatensis,,ut,,w33096
11224,casanatensis,,a,,w33099
11225,casanatensis,,scribo,,w33102
11226,casanatensis,,scriba,,w33105
11227,casanatensis,,a,,w33108
11228,casanatensis,,lego,,w33111
11229,casanatensis,,collega,,w33114
11230,casanatensis,,aduenio,,w33117
11231,casanatensis,,aduena,,w33120
11232,casanatensis,,in,,w33123
11233,casanatensis,,i,,w33126
11234,casanatensis,,duo,,w33129
11235,casanatensis,,st¯sunt,,w33132
11236,casanatensis,,indeclinabilia,,w33136
11237,casanatensis,,ut,,w33138
11238,casanatensis,,¢quida2am,,w33141
11239,casanatensis,,dicunt,,w33144
11240,casanatensis,,frugi,,w33147
11241,casanatensis,,a,,w33150
11242,casanatensis,,fruge,,w33153
11243,casanatensis,,nihili,,w33156
11244,casanatensis,,a,,w33159
11245,casanatensis,,nihilo,,w33162
11246,casanatensis,,sed,,w33165
11247,casanatensis,,frugi,,w33168
11248,casanatensis,,datiuu2um,,w33171
11249,casanatensis,,et,,w33174
11250,casanatensis,,nihili,,w33177
11251,casanatensis,,genitiuu2um,,w33180
11252,casanatensis,,est,,w33183
11253,casanatensis,,in,,w33186
11254,casanatensis,,o,,w33189
11255,casanatensis,,pauca,,w33192
11256,casanatensis,,inueniuntur,,w33195
11257,casanatensis,,denominatiua,,w33198
11258,casanatensis,,masculina,,w33201
11259,casanatensis,,ul¯uel,,w33204
11260,casanatensis,,co2ommunia,,w33207
11261,casanatensis,,ut,,w33210
11262,casanatensis,,a,,w33213
11263,casanatensis,,cicere,,w33216
11264,casanatensis,,cicero,,w33219
11265,casanatensis,,a,,w33222
11266,casanatensis,,lateo,,w33225
11267,casanatensis,,latro,,w33228
11268,casanatensis,,a,,w33231
11269,casanatensis,,comedendo,,w33234
11270,casanatensis,,comedo,,w33237
11271,casanatensis,,comedonis,,w33240
11272,casanatensis,,a,,w33243
11273,casanatensis,,palpando,,w33246
11274,casanatensis,,palpo,,w33249
11275,casanatensis,,palponis,,w33252
11276,casanatensis,,ab,,w33255
11277,casanatensis,,epulando,,w33258
11278,casanatensis,,epulo,,w33261
11279,casanatensis,,epulonis,,w33264
11280,casanatensis,,fem¯eminina,,w33267
11281,casanatensis,,plurima,,w33270
11282,casanatensis,,inueniuntur,,w33273
11283,casanatensis,,aut,,w33276
11284,casanatensis,,in,,w33279
11285,casanatensis,,i·o,,w33282
11286,casanatensis,,aut,,w33285
11287,casanatensis,,in,,w33288
11288,casanatensis,,go,,w33291
11289,casanatensis,,aut,,w33294
11290,casanatensis,,in,,w33297
11291,casanatensis,,do,,w33300
11292,casanatensis,,et,,w33303
11293,casanatensis,,pene,,w33306
11294,casanatensis,,omnia,,w33309
11295,casanatensis,,reru2um,,w33312
11296,casanatensis,,incorporaliu2um,,w33315
11297,casanatensis,,st¯sunt,,w33318
11298,casanatensis,,in,,w33321
11299,casanatensis,,"i·oThough there is a middle dot between the two graphemes, the scribe meant them to represent one morpheme.",,w33324
11300,casanatensis,,et,,w33327
11301,casanatensis,,pleru2umq;que,,w33330
11302,casanatensis,,fiunt,,w33333
11303,casanatensis,,a,,w33336
11304,casanatensis,,participiis,,w33339
11305,casanatensis,,preteriti,,w33342
11306,casanatensis,,quoru2um,,w33345
11307,casanatensis,,genitiuo,,w33348
11308,casanatensis,,assu2umpta,,w33351
11309,casanatensis,,o,,w33354
11310,casanatensis,,et,,w33357
11311,casanatensis,,"cor¯orreptaNormally, in Ursus' text, individual alphabemes are neuter. The expansion of this abbreviation should therefore be ""correptum"". However, I am expanding it to ""correpta"" for analogy with the previous ""assumpta"", also modifying an alphabeme (""assumpta 'o'"").",,w33360
11312,casanatensis,,i,,w33363
11313,casanatensis,,fiunt,,w33366
11314,casanatensis,,ut,,w33369
11315,casanatensis,,oratus,,w33372
11316,casanatensis,,orati,,w33375
11317,casanatensis,,oratio,,w33378
11318,casanatensis,,lectus,,w33381
11319,casanatensis,,lecti,,w33384
11320,casanatensis,,lectio,,w33387
11321,casanatensis,,internectus,,w33390
11322,casanatensis,,internecti,,w33393
11323,casanatensis,,internecio,,w33396
11324,casanatensis,,euphoniæ,,w33399
11325,casanatensis,,causa,,w33402
11326,casanatensis,,abiecta,,w33405
11327,casanatensis,,t,,w33408
11328,casanatensis,,in,,w33411
11329,casanatensis,,go,,w33414
11330,casanatensis,,et,,w33417
11331,casanatensis,,primitiua,,w33420
11332,casanatensis,,et,,w33423
11333,casanatensis,,deriuatiua,,w33426
11334,casanatensis,,ŋproduc¯ucunt,,w33429
11335,casanatensis,,penultima2am,,w33432
11336,casanatensis,,natura,,w33435
11337,casanatensis,,ul¯uel,,w33438
11338,casanatensis,,positione,,w33441
11339,casanatensis,,ut,,w33444
11340,casanatensis,,uir ago,,w33447
11341,casanatensis,,co2ompago,,w33450
11342,casanatensis,,excipitur,,w33453
11343,casanatensis,,unu2um,,w33456
11344,casanatensis,,masculinu2um,,w33459
11345,casanatensis,,disyllabu2um,,w33462
11346,casanatensis,,ligo,,w33465
11347,casanatensis,,penultimu2um,,w33468
11348,casanatensis,,corcorreptum,,w33471
11349,casanatensis,,in,,w33474
11350,casanatensis,,do,,w33477
11351,casanatensis,,et,,w33480
11352,casanatensis,,a,,w33483
11353,casanatensis,,nominib;bus,,w33486
11354,casanatensis,,et,,w33489
11355,casanatensis,,a,,w33492
11356,casanatensis,,uerbis,,w33495
11357,casanatensis,,et,,w33498
11358,casanatensis,,a,,w33501
11359,casanatensis,,participiis,,w33504
11360,casanatensis,,ueniunt,,w33507
11361,casanatensis,,et,,w33510
11362,casanatensis,,ul¯uel,,w33513
11363,casanatensis,,e,,w33516
11364,casanatensis,,ul¯uel,,w33519
11365,casanatensis,,i,,w33522
11366,casanatensis,,longu2um,,w33525
11367,casanatensis,,habent,,w33528
11368,casanatensis,,ul¯uel,,w33531
11369,casanatensis,,tu,,w33534
11370,casanatensis,,ante,,w33537
11371,casanatensis,,do,,w33540
11372,casanatensis,,ut,,w33543
11373,casanatensis,,acris,,w33546
11374,casanatensis,,"acredoThere is a macron sign over the ""e"" (""acrēdo"") to mark the vowel's long quantity.",,w33549
11375,casanatensis,,libet,,w33552
11376,casanatensis,,libido,,w33555
11377,casanatensis,,formido,,w33558
11378,casanatensis,,formidas,,w33561
11379,casanatensis,,ł,,casanatensis:0.1.0.21.3.1319.0
11380,casanatensis,,formido,,w33564
11381,casanatensis,,formidinis,,w33567
11382,casanatensis,,forti,,w33570
11383,casanatensis,,fortitudo,,w33573
11384,casanatensis,,ex,,w33576
11385,casanatensis,,his,,w33579
11386,casanatensis,,habentia,,w33582
11387,casanatensis,,e,,w33585
11388,casanatensis,,ŋproduc¯ductum,,w33588
11389,casanatensis,,ante,,w33591
11390,casanatensis,,do,,w33594
11391,casanatensis,,si,,w33597
11392,casanatensis,,deriuantur,,w33600
11393,casanatensis,,a,,w33603
11394,casanatensis,,nominibus,,w33606
11395,casanatensis,,conuertunt,,w33609
11396,casanatensis,,extrema2am,,w33612
11397,casanatensis,,syll¯yllabam,,w33615
11398,casanatensis,,in,,w33618
11399,casanatensis,,e,,w33621
11400,casanatensis,,et,,w33624
11401,casanatensis,,addita,,w33627
11402,casanatensis,,to,,w33630
11403,casanatensis,,fiunt,,w33633
11404,casanatensis,,ut,,w33636
11405,casanatensis,,dulcis,,w33639
11406,casanatensis,,dulcedo,,w33642
11407,casanatensis,,si,,w33645
11408,casanatensis,,a,,w33648
11409,casanatensis,,uerbis,,w33651
11410,casanatensis,,conuertunt,,w33654
11411,casanatensis,,extrema2am,,w33657
11412,casanatensis,,syll¯yllabam,,w33660
11413,casanatensis,,secundæ,,w33663
11414,casanatensis,,þpersonæ,,w33666
11415,casanatensis,,addita,,w33669
11416,casanatensis,,do,,w33672
11417,casanatensis,,fiunt,,w33675
11418,casanatensis,,ut,,w33678
11419,casanatensis,,intercapio,,w33681
11420,casanatensis,,intercapis,,w33684
11421,casanatensis,,"intercapedoThere is a macron sign over the second ""e"" (""intercapēdo"") to mark the vowel's long quantity.",,w33687
11422,casanatensis,,i,,w33691
11423,casanatensis,,ante,,w33693
11424,casanatensis,,do,,w33696
11425,casanatensis,,habentia,,w33699
11426,casanatensis,,fiunt,,w33702
11427,casanatensis,,uersa,,w33705
11428,casanatensis,,extrema,,w33708
11429,casanatensis,,syll¯yllaba,,w33711
11430,casanatensis,,secundæ,,w33714
11431,casanatensis,,þpersonæ,,w33717
11432,casanatensis,,in,,w33720
11433,casanatensis,,i,,w33723
11434,casanatensis,,longum,,w33726
11435,casanatensis,,et,,w33729
11436,casanatensis,,addita,,w33732
11437,casanatensis,,do,,w33735
11438,casanatensis,,ut,,w33738
11439,casanatensis,,cupio,,w33741
11440,casanatensis,,cupis,,w33744
11441,casanatensis,,"cupidoThere is a macron sign over the ""i"" (""cupīdo"") to mark the vowel's long quantity.",,w33747
11442,casanatensis,,excepto,,w33750
11443,casanatensis,,formido,,w33753
11444,casanatensis,,quod,,w33756
11445,casanatensis,,a,,w33759
11446,casanatensis,,secunda,,w33762
11447,casanatensis,,fit,,w33765
11448,casanatensis,,sed,,w33768
11449,casanatensis,,illius,,w33771
11450,casanatensis,,formæ,,w33774
11451,casanatensis,,est,,w33777
11452,casanatensis,,cuius,,w33780
11453,casanatensis,,et,,w33783
11454,casanatensis,,primitiuu2um,,w33786
11455,casanatensis,,eius,,w33789
11456,casanatensis,,in,,w33792
11457,casanatensis,,tudo,,w33795
11458,casanatensis,,si,,w33798
11459,casanatensis,,ueniunt,,w33801
11460,casanatensis,,a,,w33804
11461,casanatensis,,nominibus,,w33807
11462,casanatensis,,secundæ,,w33810
11463,casanatensis,,declinationis,,w33813
11464,casanatensis,,n¯non,,w33816
11465,casanatensis,,participialibus,,w33819
11466,casanatensis,,cor¯correpto,,w33822
11467,casanatensis,,i,,w33825
11468,casanatensis,,genitiui,,w33828
11469,casanatensis,,additis,,w33831
11470,casanatensis,,tudo,,w33834
11471,casanatensis,,fiunt,,w33837
11472,casanatensis,,sin,,w33840
11473,casanatensis,,a,,w33843
11474,casanatensis,,tertiæ,,w33846
11475,casanatensis,,decl¯clinationis,,w33849
11476,casanatensis,,cor¯orrepto,,w33852
11477,casanatensis,,i,,w33855
11478,casanatensis,,dati¯atiui,,w33858
11479,casanatensis,,additis,,w33861
11480,casanatensis,,tudo,,w33864
11481,casanatensis,,fiunt,,w33867
11482,casanatensis,,ut,,w33870
11483,casanatensis,,amplus,,w33873
11484,casanatensis,,ampli,,w33876
11485,casanatensis,,amplitudo,,w33879
11486,casanatensis,,similis,,w33882
11487,casanatensis,,similis,,w33885
11488,casanatensis,,simili,,w33888
11489,casanatensis,,similitudo,,w33891
11490,casanatensis,,sin,,w33894
11491,casanatensis,,a,,w33897
11492,casanatensis,,participiis,,w33900
11493,casanatensis,,ul¯uel,,w33903
11494,casanatensis,,participialibus,,w33906
11495,casanatensis,,in,,w33909
11496,casanatensis,,tus,,w33912
11497,casanatensis,,desinentib;bus,,w33915
11498,casanatensis,,ueniunt,,w33918
11499,casanatensis,,abiectu2um,,w33921
11500,casanatensis,,s,,w33924
11501,casanatensis,,addita,,w33927
11502,casanatensis,,do,,w33930
11503,casanatensis,,fiunt,,w33933
11504,casanatensis,,ut,,w33936
11505,casanatensis,,a,,w33939
11506,casanatensis,,testa,,w33942
11507,casanatensis,,siue,,w33945
11508,casanatensis,,"testusThe source Priscian, Ars grammatica, K 2.123.5 has: ""siue testu 'testudo', quod est corporale"".",,w33948
11509,casanatensis,,testudo,,w33951
11510,casanatensis,,qd¯quod,,w33954
11511,casanatensis,,est,,w33957
11512,casanatensis,,corporale,,w33960
11513,casanatensis,,omnia,,w33963
11514,casanatensis,,in,,w33966
11515,casanatensis,,do,,w33969
11516,casanatensis,,desinentia,,w33972
11517,casanatensis,,primitiua,,w33975
11518,casanatensis,,ul¯uel,,w33978
11519,casanatensis,,deriuatiua,,w33981
11520,casanatensis,,habentia,,w33984
11521,casanatensis,,u,,w33987
11522,casanatensis,,penultimu2um,,w33990
11523,casanatensis,,"ŋproduc¯ucuntThe first hand had written ""ŋduc"", with a macron over ""duc"". This abbreviation would have had ""producunt"" as expansion. A second hand decided to clarify the abbreviation by adding the omitted ""unt"" above the line.",,w33993
11524,casanatensis,,illud,,w33996
11525,casanatensis,,natura,,w33999
11526,casanatensis,,ul¯uel,,w34002
11527,casanatensis,,positione,,w34005
11528,casanatensis,,ut,,w34008
11529,casanatensis,,hirudo,,w34011
11530,casanatensis,,hirundo,,w34014
11531,casanatensis,,harundo,,w34017
11532,casanatensis,,in,,w34020
11533,casanatensis,,u,,w34023
11534,casanatensis,,pauca,,w34026
11535,casanatensis,,sunt,,w34029
11536,casanatensis,,deriuatiua,,w34032
11537,casanatensis,,ut,,w34035
11538,casanatensis,,specus,,w34038
11539,casanatensis,,specu,,w34041
11540,casanatensis,,pecus,,w34044
11541,casanatensis,,pecu,,w34047
11542,casanatensis,,testa,,w34050
11543,casanatensis,,testu,,w34053
11544,casanatensis,,tonitrus,,w34056
11545,casanatensis,,tonitru,,w34059
11546,casanatensis,,cornus,,w34062
11547,casanatensis,,cornu,,w34065
11548,casanatensis,,una2am,,w34068
11549,casanatensis,,habet,,w34072
11550,casanatensis,,significationem,,w34074
11551,casanatensis,,uterque,,w34077
11552,casanatensis,,idcirco,,w34080
11553,casanatensis,,dubiu2um,,w34083
11554,casanatensis,,est,,w34086
11555,casanatensis,,si,,w34089
11556,casanatensis,,sint,,w34092
11557,casanatensis,,deriuatiua,,w34095
11558,casanatensis,,dicenda,,w34098
11559,casanatensis,,in,,w34101
11560,casanatensis,,al,,w34104
11561,casanatensis,,desinentia,,w34107
11562,casanatensis,,si,,w34110
11563,casanatensis,,primitiua,,w34113
11564,casanatensis,,eoru2um,,w34116
11565,casanatensis,,natura,,w34119
11566,casanatensis,,ul¯uel,,w34122
11567,casanatensis,,positione,,w34125
11568,casanatensis,,habuerint,,w34128
11569,casanatensis,,penultimu2um,,w34131
11570,casanatensis,,ŋproductu2um,,w34134
11571,casanatensis,,et,,w34137
11572,casanatensis,,illa,,w34140
11573,casanatensis,,ŋproductu2um,,w34143
11574,casanatensis,,hab¯abent,,w34146
11575,casanatensis,,ut,,w34149
11576,casanatensis,,ceruicis,,w34152
11577,casanatensis,,ceruical,,w34155
11578,casanatensis,,luþpercus,,w34158
11579,casanatensis,,lupercal,,w34161
11580,casanatensis,,et,,w34164
11581,casanatensis,,si,,w34167
11582,casanatensis,,illa,,w34170
11583,casanatensis,,breue,,w34173
11584,casanatensis,,et,,w34176
11585,casanatensis,,ista,,w34179
11586,casanatensis,,breue,,w34182
11587,casanatensis,,ut,,w34185
11588,casanatensis,,animus,,w34188
11589,casanatensis,,ul¯uel,,w34191
11590,casanatensis,,anima,,w34194
11591,casanatensis,,animal,,w34197
11592,casanatensis,,torus,,w34200
11593,casanatensis,,toral,,w34203
11594,casanatensis,,in,,w34206
11595,casanatensis,,il,,w34209
11596,casanatensis,,ul¯uel,,w34212
11597,casanatensis,,ul,,w34215
11598,casanatensis,,desinentia,,w34218
11599,casanatensis,,a,,w34221
11600,casanatensis,,nominibus,,w34224
11601,casanatensis,,ul¯uel,,w34227
11602,casanatensis,,uerbis,,w34230
11603,casanatensis,,uenientia,,w34233
11604,casanatensis,,fiunt,,w34236
11605,casanatensis,,abiecta,,w34239
11606,casanatensis,,ultima,,w34242
11607,casanatensis,,uocali,,w34245
11608,casanatensis,,ul¯uel,,w34248
11609,casanatensis,,syll¯yllaba,,w34251
11610,casanatensis,,primitiui,,w34254
11611,casanatensis,,ut,,w34257
11612,casanatensis,,pugillus,,w34260
11613,casanatensis,,pugil,,w34263
11614,casanatensis,,uigilo,,w34266
11615,casanatensis,,uigil,,w34269
11616,casanatensis,,exulo,,w34272
11617,casanatensis,,exul,,w34275
11618,casanatensis,,in,,w34278
11619,casanatensis,,am,,w34281
11620,casanatensis,,unu2um,,w34284
11621,casanatensis,,omnis,,w34287
11622,casanatensis,,generis,,w34290
11623,casanatensis,,a,,w34293
11624,casanatensis,,nequeo,,w34296
11625,casanatensis,,nequis,,w34299
11626,casanatensis,,nequa2am,,w34302
11627,casanatensis,,in,,w34305
11628,casanatensis,,um,,w34308
11629,casanatensis,,diuersæ,,w34311
11630,casanatensis,,st¯sunt,,w34314
11631,casanatensis,,formæ,,w34317
11632,casanatensis,,quæd a2am,,w34320
11633,casanatensis,,habent,,w34323
11634,casanatensis,,e,,w34326
11635,casanatensis,,ŋproductu2um,,w34329
11636,casanatensis,,ul¯uel,,w34332
11637,casanatensis,,i,,w34335
11638,casanatensis,,cor¯orreptum,,w34338
11639,casanatensis,,ante,,w34341
11640,casanatensis,,um,,w34344
11641,casanatensis,,ut,,w34347
11642,casanatensis,,oliuetum,,w34350
11643,casanatensis,,uinetu2um,,w34353
11644,casanatensis,,myrtetum,,w34356
11645,casanatensis,,qua2am uis,,w34359
11646,casanatensis,,alii,,w34362
11647,casanatensis,,feminino,,w34365
11648,casanatensis,,myrteta,,w34368
11649,casanatensis,,dixissent,,w34371
11650,casanatensis,,auguriu2um,,w34374
11651,casanatensis,,solariu2um,,w34377
11652,casanatensis,,meritoriu2um,,w34381
11653,casanatensis,,municipiu2um,,w34383
11654,casanatensis,,p¯presidiu2um,,w34386
11655,casanatensis,,domicilium,,w34389
11656,casanatensis,,ł,,casanatensis:0.1.0.21.3.1870
11657,casanatensis,,consonantes,,w34392
11658,casanatensis,,ante,,w34395
11659,casanatensis,,um,,w34398
11660,casanatensis,,habentia,,w34401
11661,casanatensis,,diuersæ,,w34404
11662,casanatensis,,formæ,,w34407
11663,casanatensis,,st¯sunt,,w34410
11664,casanatensis,,alia,,w34413
11665,casanatensis,,in,,w34416
11666,casanatensis,,bulu2um,,w34419
11667,casanatensis,,quæ,,w34422
11668,casanatensis,,similia,,w34425
11669,casanatensis,,st¯sunt,,w34428
11670,casanatensis,,diminutiuis,,w34431
11671,casanatensis,,et,,w34434
11672,casanatensis,,a,,w34437
11673,casanatensis,,uerbis,,w34440
11674,casanatensis,,ul¯uel,,w34443
11675,casanatensis,,nominibus,,w34446
11676,casanatensis,,ueniunt,,w34449
11677,casanatensis,,ut,,w34452
11678,casanatensis,,cuna,,w34455
11679,casanatensis,,cunabulu2um,,w34458
11680,casanatensis,,uesta,,w34461
11681,casanatensis,,ul¯uel,,w34464
11682,casanatensis,,uestis,,w34467
11683,casanatensis,,uestibulu2um,,w34470
11684,casanatensis,,pasco,,w34473
11685,casanatensis,,pabulu2um,,w34476
11686,casanatensis,,quoru2um,,w34479
11687,casanatensis,,penultima,,w34482
11688,casanatensis,,in,,w34485
11689,casanatensis,,omnibus,,w34488
11690,casanatensis,,corripitur,,w34491
11691,casanatensis,,ante penult¯ultima,,w34494
11692,casanatensis,,si,,w34497
11693,casanatensis,,habeat,,w34501
11694,casanatensis,,i,,w34503
11695,casanatensis,,corripitur,,w34506
11696,casanatensis,,ut,,w34509
11697,casanatensis,,"uestibulu2umThere is a breve (˘) mark over the ""i"" (""uestĭbulum"") to mark its short quantity.",,w34512
11698,casanatensis,,"turibulu2umThere is a breve (˘) mark over the ""i"" (""turĭbulum"") to mark its short quantity.",,w34515
11699,casanatensis,,si,,w34518
11700,casanatensis,,a,,w34521
11701,casanatensis,,ŋproducitur,,w34524
11702,casanatensis,,ut,,w34527
11703,casanatensis,,"cunabulu2umThere is a macron over the ""a"" (""cunābulum"") to mark the vowel's long quantity.",,w34530
11704,casanatensis,,"uocabulu2umThere is a macron over the ""a"" (""uocābulum"") to mark the vowel's long quantity.",,w34533
11705,casanatensis,,excepto,,w34536
11706,casanatensis,,"stabulu2umThere is a breve (˘) mark over the ""a"" (""stăbulum"") to mark its short quantity.",,w34539
11707,casanatensis,,cuius,,w34542
11708,casanatensis,,a,,w34545
11709,casanatensis,,corripitur,,w34548
11710,casanatensis,,¢quia,,w34551
11711,casanatensis,,et,,w34554
11712,casanatensis,,uerbu2um,,w34557
11713,casanatensis,,stabulo,,w34560
11714,casanatensis,,stabulas,,w34563
11715,casanatensis,,corripit,,w34566
11716,casanatensis,,hoc,,w34569
11717,casanatensis,,similiter,,w34572
11718,casanatensis,,stabilis,,w34575
11719,casanatensis,,et,,w34578
11720,casanatensis,,status,,w34581
11721,casanatensis,,et,,w34584
11722,casanatensis,,omnia,,w34587
11723,casanatensis,,quæ,,w34590
11724,casanatensis,,deriuantur,,w34594
11725,casanatensis,,a,,w34596
11726,casanatensis,,sto,,w34599
11727,casanatensis,,corripiunt,,w34602
11728,casanatensis,,preter,,w34605
11729,casanatensis,,stamen,,w34608
11730,casanatensis,,et,,w34611
11731,casanatensis,,statura,,w34614
11732,casanatensis,,quod,,w34617
11733,casanatensis,,tam,,w34620
11734,casanatensis,,nomen,,w34623
11735,casanatensis,,qua2am,,w34626
11736,casanatensis,,participiu2um,,w34629
11737,casanatensis,,est,,w34632
11738,casanatensis,,ŋproducunt,,w34635
11739,casanatensis,,alia,,w34638
11740,casanatensis,,desinunt,,w34641
11741,casanatensis,,in,,w34644
11742,casanatensis,,culu2um,,w34647
11743,casanatensis,,et,,w34650
11744,casanatensis,,deriuantur,,w34654
11745,casanatensis,,a,,w34656
11746,casanatensis,,secunda,,w34659
11747,casanatensis,,þpersona,,w34662
11748,casanatensis,,uerboru2um,,w34665
11749,casanatensis,,et,,w34668
11750,casanatensis,,simplicium,,w34671
11751,casanatensis,,et,,w34674
11752,casanatensis,,co2ompositoru2um,,w34677
11753,casanatensis,,ut,,w34680
11754,casanatensis,,deuerto,,w34683
11755,casanatensis,,deuertis,,w34686
11756,casanatensis,,deuerticulu2um,,w34689
11757,casanatensis,,uerro,,w34692
11758,casanatensis,,uerris,,w34695
11759,casanatensis,,uerriculu2um,,w34698
11760,casanatensis,,oro,,w34701
11761,casanatensis,,oras,,w34704
11762,casanatensis,,oraculu2um,,w34707
11763,casanatensis,,specio,,w34710
11764,casanatensis,,specis,,w34713
11765,casanatensis,,speculu2um,,w34716
11766,casanatensis,,ŋpro,,w34719
11767,casanatensis,,speciculu2um,,w34722
11768,casanatensis,,fero,,w34725
11769,casanatensis,,fers,,w34728
11770,casanatensis,,ferculum,,w34731
11771,casanatensis,,alia,,w34734
11772,casanatensis,,desinunt,,w34737
11773,casanatensis,,in,,w34740
11774,casanatensis,,mentu2um,,w34743
11775,casanatensis,,et,,w34746
11776,casanatensis,,pleru2umq;que,,w34749
11777,casanatensis,,deriuantur,,w34752
11778,casanatensis,,a,,w34755
11779,casanatensis,,uerbis,,w34758
11780,casanatensis,,ut,,w34761
11781,casanatensis,,uestio,,w34764
11782,casanatensis,,uestis,,w34767
11783,casanatensis,,uestimentu2um,,w34770
11784,casanatensis,,alo,,w34773
11785,casanatensis,,alis,,w34776
11786,casanatensis,,alimentu2um,,w34779
11787,casanatensis,,et,,w34782
11788,casanatensis,,si,,w34785
11789,casanatensis,,breuis,,w34788
11790,casanatensis,,est,,w34791
11791,casanatensis,,penultima,,w34794
11792,casanatensis,,preteritoru2um,,w34797
11793,casanatensis,,uerboru2um,,w34800
11794,casanatensis,,ex,,w34803
11795,casanatensis,,¢quibus,,w34806
11796,casanatensis,,ista,,w34809
11797,casanatensis,,nascuntur,,w34812
11798,casanatensis,,et,,w34815
11799,casanatensis,,istoru2um,,w34818
11800,casanatensis,,antepenultima,,w34821
11801,casanatensis,,breuis,,w34824
11802,casanatensis,,est,,w34827
11803,casanatensis,,et,,w34830
11804,casanatensis,,si,,w34833
11805,casanatensis,,illoru2um,,w34836
11806,casanatensis,,penultima,,w34839
11807,casanatensis,,fuerit,,w34842
11808,casanatensis,,longa,,w34845
11809,casanatensis,,et,,w34848
11810,casanatensis,,istoru2um,,w34851
11811,casanatensis,,antepenultima,,w34854
11812,casanatensis,,longa,,w34857
11813,casanatensis,,est,,w34860
11814,casanatensis,,ut,,w34863
11815,casanatensis,,ornaui,,w34866
11816,casanatensis,,ul¯uel,,w34869
11817,casanatensis,,ornatus,,w34872
11818,casanatensis,,ornamentu2um,,w34875
11819,casanatensis,,monui,,w34878
11820,casanatensis,,monitus,,w34881
11821,casanatensis,,monumentu2um,,w34884
11822,casanatensis,,alui,,w34887
11823,casanatensis,,alitus,,w34890
11824,casanatensis,,alimentu2um,,w34893
11825,casanatensis,,sunt,,w34896
11826,casanatensis,,alia,,w34899
11827,casanatensis,,in,,w34902
11828,casanatensis,,um,,w34905
11829,casanatensis,,similia,,w34908
11830,casanatensis,,participiis,,w34911
11831,casanatensis,,ut,,w34914
11832,casanatensis,,factu2um,,w34917
11833,casanatensis,,tectu2um,,w34920
11834,casanatensis,,dictu2um,,w34923
11835,casanatensis,,uisu2um,,w34926
11836,casanatensis,,alia,,w34929
11837,casanatensis,,deriuata,,w34932
11838,casanatensis,,a,,w34935
11839,casanatensis,,uerbis,,w34938
11840,casanatensis,,uerso,,w34941
11841,casanatensis,,o,,w34944
11842,casanatensis,,in,,w34947
11843,casanatensis,,um,,w34950
11844,casanatensis,,regno,,w34953
11845,casanatensis,,regnu2um,,w34956
11846,casanatensis,,uelo,,w34959
11847,casanatensis,,uelu2um,,w34962
11848,casanatensis,,desinentia,,w34965
11849,casanatensis,,denominatiua,,w34968
11850,casanatensis,,in,,w34971
11851,casanatensis,,en,,w34974
11852,casanatensis,,antecedente,,w34977
11853,casanatensis,,m,,w34980
11854,casanatensis,,pene,,w34983
11855,casanatensis,,omnia,,w34986
11856,casanatensis,,uerbialia,,w34989
11857,casanatensis,,st¯sunt,,w34992
11858,casanatensis,,et,,w34995
11859,casanatensis,,neutra,,w34998
11860,casanatensis,,et,,w35001
11861,casanatensis,,si,,w35004
11862,casanatensis,,st¯sunt,,w35007
11863,casanatensis,,a,,w35010
11864,casanatensis,,prima,,w35013
11865,casanatensis,,c¯coniugatione,,w35016
11866,casanatensis,,penultimu2um,,w35019
11867,casanatensis,,a,,w35022
11868,casanatensis,,longu2um,,w35025
11869,casanatensis,,habent,,w35028
11870,casanatensis,,ut,,w35031
11871,casanatensis,,solor,,w35034
11872,casanatensis,,solaris,,w35037
11873,casanatensis,,solamen,,w35040
11874,casanatensis,,ligo,,w35043
11875,casanatensis,,ligas,,w35046
11876,casanatensis,,ligamen,,w35049
11877,casanatensis,,sin,,w35052
11878,casanatensis,,a,,w35055
11879,casanatensis,,secunda,,w35058
11880,casanatensis,,ul¯uel,,w35061
11881,casanatensis,,tertia,,w35064
11882,casanatensis,,correpta,,w35067
11883,casanatensis,,ueniunt,,w35070
11884,casanatensis,,i,,w35073
11885,casanatensis,,penultumu2um,,w35076
11886,casanatensis,,correptu2um,,w35079
11887,casanatensis,,habent,,w35082
11888,casanatensis,,moneo,,w35085
11889,casanatensis,,mones,,w35088
11890,casanatensis,,monimen,,w35091
11891,casanatensis,,rego,,w35094
11892,casanatensis,,regis,,w35097
11893,casanatensis,,regimen,,w35100
11894,casanatensis,,tego,,w35103
11895,casanatensis,,tegis,,w35106
11896,casanatensis,,tegimen,,w35109
11897,casanatensis,,et,,w35112
11898,casanatensis,,tegmen,,w35115
11899,casanatensis,,a,,w35118
11900,casanatensis,,spicis,,w35121
11901,casanatensis,,ul¯uel,,w35124
11902,casanatensis,,species,,w35127
11903,casanatensis,,specimen,,w35130
11904,casanatensis,,et,,w35133
11905,casanatensis,,si,,w35136
11906,casanatensis,,in,,w35139
11907,casanatensis,,"u·oThough the manuscript has a punctuation sign between ""u"" and ""o"", the morpheme meant is ""uo"" as a whole.",,w35142
11908,casanatensis,,desinit,,w35145
11909,casanatensis,,uerbu2um,,w35148
11910,casanatensis,,ex,,w35151
11911,casanatensis,,quo,,w35154
11912,casanatensis,,descendunt,,w35157
11913,casanatensis,,habent,,w35160
11914,casanatensis,,u,,w35163
11915,casanatensis,,penultimu2um,,w35166
11916,casanatensis,,ŋproductu2um,,w35169
11917,casanatensis,,ut,,w35172
11918,casanatensis,,acuo,,w35175
11919,casanatensis,,acumen,,w35178
11920,casanatensis,,nuo,,w35181
11921,casanatensis,,numen,,w35184
11922,casanatensis,,qd¯quod,,w35187
11923,casanatensis,,est,,w35190
11924,casanatensis,,dei,,w35193
11925,casanatensis,,nutus,,w35196
11926,casanatensis,,luo,,w35199
11927,casanatensis,,lumen,,w35202
11928,casanatensis,,eo,,w35205
11929,casanatensis,,quod,,w35208
11930,casanatensis,,omnia,,w35211
11931,casanatensis,,abluuntur,,w35214
11932,casanatensis,,id,,w35217
11933,casanatensis,,est,,w35220
11934,casanatensis,,purgantur,,w35223
11935,casanatensis,,a,,w35226
11936,casanatensis,,tenebris,,w35229
11937,casanatensis,,si,,w35232
11938,casanatensis,,uero,,w35235
11939,casanatensis,,uenerint,,w35238
11940,casanatensis,,a,,w35241
11941,casanatensis,,tertia,,w35244
11942,casanatensis,,producta,,w35247
11943,casanatensis,,i,,w35250
11944,casanatensis,,penultimu2um,,w35253
11945,casanatensis,,ŋproductu2um,,w35256
11946,casanatensis,,hab¯abent,,w35259
11947,casanatensis,,ut,,w35262
11948,casanatensis,,munio,,w35265
11949,casanatensis,,munimen,,w35268
11950,casanatensis,,lenio,,w35271
11951,casanatensis,,lenimen,,w35274
11952,casanatensis,,molior,,w35277
11953,casanatensis,,molimen,,w35280
11954,casanatensis,,pauca,,w35283
11955,casanatensis,,denominatiua,,w35286
11956,casanatensis,,in,,w35289
11957,casanatensis,,en,,w35292
11958,casanatensis,,masculina,,w35295
11959,casanatensis,,inueniuntur,,w35298
11960,casanatensis,,ut,,w35301
11961,casanatensis,,a,,w35304
11962,casanatensis,,pectendo,,w35307
11963,casanatensis,,pecten,,w35310
11964,casanatensis,,pectinis,,w35313
11965,casanatensis,,a,,w35316
11966,casanatensis,,filo,,w35319
11967,casanatensis,,filamen,,w35322
11968,casanatensis,,et,,w35325
11969,casanatensis,,flamen,,w35328
11970,casanatensis,,flaminis,,w35331
11971,casanatensis,,in,,w35334
11972,casanatensis,,cen,,w35337
11973,casanatensis,,desinentia,,w35340
11974,casanatensis,,co2omposita,,w35343
11975,casanatensis,,a,,w35346
11976,casanatensis,,canendo,,w35349
11977,casanatensis,,masculina,,w35352
11978,casanatensis,,st¯sunt,,w35355
11979,casanatensis,,et,,w35358
11980,casanatensis,,i,,w35361
11981,casanatensis,,penultimu2um,,w35364
11982,casanatensis,,cor¯orreptum,,w35367
11983,casanatensis,,habent,,w35370
11984,casanatensis,,ut,,w35373
11985,casanatensis,,tubicen,,w35376
11986,casanatensis,,tubicenis,,w35379
11987,casanatensis,,id,,w35382
11988,casanatensis,,est,,w35385
11989,casanatensis,,tuba,,w35388
11990,casanatensis,,canens,,w35391
11991,casanatensis,,similiter,,w35394
11992,casanatensis,,cornicen,,w35397
11993,casanatensis,,fidicen,,w35400
11994,casanatensis,,excepto,,w35403
11995,casanatensis,,"tibicenThere is a macron over the second ""i"" of ""tibīcen"" to mark the vowel's long quantity.",,w35406
11996,casanatensis,,i,,w35409
11997,casanatensis,,penultimu2um,,w35412
11998,casanatensis,,ŋproduc¯uctum,,w35415
11999,casanatensis,,habet,,w35418
12000,casanatensis,,eo,,w35421
12001,casanatensis,,quod,,w35424
12002,casanatensis,,debuit,,w35427
12003,casanatensis,,þper,,w35430
12004,casanatensis,,"duoThe second hand wrote ""duas"", then erased ""s"" and corrected the ""a"" to ""o"".",,w35433
12005,casanatensis,,i,,w35436
12006,casanatensis,,"breuiaThe final ""a"" seems to have been overwritten on a rasura, but the text erased is not readable. Probably it was ""breues"", in agreement with the previous ""duas"".",,w35439
12007,casanatensis,,dici,,w35442
12008,casanatensis,,tibiicen,,w35445
12009,casanatensis,,et,,w35448
12010,casanatensis,,uersa,,w35451
12011,casanatensis,,st¯sunt,,w35454
12012,casanatensis,,in,,w35457
12013,casanatensis,,unu2um,,w35460
12014,casanatensis,,longu2um,,w35463
12015,casanatensis,,uel,,w35466
12016,casanatensis,,quia,,w35469
12017,casanatensis,,pleru2umq;que,,w35472
12018,casanatensis,,in,,w35475
12019,casanatensis,,co2ompositione,,w35478
12020,casanatensis,,solet,,w35481
12021,casanatensis,,a,,w35484
12022,casanatensis,,conuerti,,w35487
12023,casanatensis,,in,,w35490
12024,casanatensis,,i,,w35493
12025,casanatensis,,ut,,w35496
12026,casanatensis,,cado,,w35499
12027,casanatensis,,in,,w35502
12028,casanatensis,,"cidoThere is a breve (˘) mark over the ""i"" (""cĭdo"") to mark its short quantity.",,w35505
12029,casanatensis,,sic,,w35508
12030,casanatensis,,factu2um,,w35511
12031,casanatensis,,est,,w35514
12032,casanatensis,,tibia,,w35517
12033,casanatensis,,"tibicenThere is a macron over the second ""i"" of ""tibīcen"" to mark the vowel's long quantity.",,w35520
12034,casanatensis,,et,,w35523
12035,casanatensis,,aliæ,,w35526
12036,casanatensis,,uocales,,w35529
12037,casanatensis,,solent,,w35532
12038,casanatensis,,in,,w35535
12039,casanatensis,,multis,,w35538
12040,casanatensis,,ex,,w35544
12041,casanatensis,,duabus,,w35547
12042,casanatensis,,breuibus,,w35550
12043,casanatensis,,syllabis,,w35553
12044,casanatensis,,transire,,w35556
12045,casanatensis,,in,,w35559
12046,casanatensis,,una2am,,w35562
12047,casanatensis,,longa2am,,w35565
12048,casanatensis,,ut,,w35568
12049,casanatensis,,"biiugePerseus' Lewis-Short (http://www.perseus.tufts.edu) has an entry ""bijugus""/""biiugus"".",,w35571
12050,casanatensis,,bige,,w35574
12051,casanatensis,,"quadriiugePerseus' Lewis-Short (http://www.perseus.tufts.edu) has an entry ""quadrijugus""/""quadriiugus"".",,w35577
12052,casanatensis,,quadrigæ,,w35580
12053,casanatensis,,bisuni,,w35583
12054,casanatensis,,bini,,w35586
12055,casanatensis,,et,,w35589
12056,casanatensis,,e,,w35592
12057,casanatensis,,contrario,,w35595
12058,casanatensis,,una,,w35598
12059,casanatensis,,syll¯yllaba,,w35601
12060,casanatensis,,longa,,w35604
12061,casanatensis,,in,,w35607
12062,casanatensis,,duas,,w35610
12063,casanatensis,,breues,,w35613
12064,casanatensis,,solet,,w35616
12065,casanatensis,,temporis,,w35619
12066,casanatensis,,diuidi,,w35622
12067,casanatensis,,admittier,,w35625
12068,casanatensis,,ŋpro,,w35628
12069,casanatensis,,admitti,,w35631
12070,casanatensis,,fieri,,w35634
12071,casanatensis,,ŋpro,,w35637
12072,casanatensis,,firi,,w35640
12073,casanatensis,,ul¯uel,,w35643
12074,casanatensis,,fire,,w35646
12075,casanatensis,,in,,w35649
12076,casanatensis,,ar,,w35652
12077,casanatensis,,desinentia,,w35655
12078,casanatensis,,denominatiua,,w35658
12079,casanatensis,,si,,w35661
12080,casanatensis,,c¯consonante2em,,w35664
12081,casanatensis,,hab¯abent,,w35667
12082,casanatensis,,ante,,w35670
12083,casanatensis,,ar,,w35673
12084,casanatensis,,ŋproducitur,,w35676
12085,casanatensis,,penultima,,w35679
12086,casanatensis,,si,,w35682
12087,casanatensis,,uocalem,,w35685
12088,casanatensis,,"corImplied: ""si (denominatiua) uocalem (habent ante 'ar', paenultima) corripitur"".ripitur",,w35688
12089,casanatensis,,ut,,w35691
12090,casanatensis,,cesus,,w35694
12091,casanatensis,,"cesarThere is a macron over the grapheme ""e"" representing the diphthong ""ae"" to mark the vowel's long quantity (""cēsar"").",,w35697
12092,casanatensis,,lacus,,w35700
12093,casanatensis,,"lacunarThere is a macron over the ""u"" to mark the vowel's long quantity (""lacūnar"").",,w35703
12094,casanatensis,,laqueus,,w35706
12095,casanatensis,,"laquearThere is a breve (˘) mark over the ""e"" (""laquĕar"") to mark its short quantity.",,w35709
12096,casanatensis,,in,,w35712
12097,casanatensis,,er,,w35715
12098,casanatensis,,desinentia,,w35718
12099,casanatensis,,pleraq;que,,w35721
12100,casanatensis,,s,,w35724
12101,casanatensis,,et,,w35727
12102,casanatensis,,t,,w35730
12103,casanatensis,,hab¯abent,,w35733
12104,casanatensis,,ante,,w35736
12105,casanatensis,,er,,w35739
12106,casanatensis,,ut,,w35742
12107,casanatensis,,eques,,w35745
12108,casanatensis,,equester,,w35748
12109,casanatensis,,silua,,w35751
12110,casanatensis,,siluester,,w35754
12111,casanatensis,,olea,,w35757
12112,casanatensis,,oleaster,,w35760
12113,casanatensis,,et,,w35763
12114,casanatensis,,tunc,,w35766
12115,casanatensis,,hab¯abent,,w35769
12116,casanatensis,,a,,w35772
12117,casanatensis,,ante,,w35775
12118,casanatensis,,ster,,w35778
12119,casanatensis,,cu2um,,w35781
12120,casanatensis,,in,,w35784
12121,casanatensis,,primitiuis,,w35787
12122,casanatensis,,eoru2um,,w35790
12123,casanatensis,,nulla,,w35793
12124,casanatensis,,sit,,w35796
12125,casanatensis,,c¯consonans,,w35799
12126,casanatensis,,inter,,w35802
12127,casanatensis,,uocales,,w35808
12128,casanatensis,,penultimæ,,w35811
12129,casanatensis,,et,,w35814
12130,casanatensis,,ultimæ,,w35817
12131,casanatensis,,syllabæ,,w35820
12132,casanatensis,,ut,,w35823
12133,casanatensis,,apiu2um,,w35826
12134,casanatensis,,apiaster,,w35829
12135,casanatensis,,huiuscemodi,,w35832
12136,casanatensis,,formæ,,w35835
12137,casanatensis,,deminutiua,,w35838
12138,casanatensis,,a,,w35841
12139,casanatensis,,habent,,w35844
12140,casanatensis,,ante,,w35847
12141,casanatensis,,ster,,w35850
12142,casanatensis,,parasitaster,,w35853
12143,casanatensis,,alia,,w35856
12144,casanatensis,,omnia,,w35859
12145,casanatensis,,e,,w35862
12146,casanatensis,,habent,,w35865
12147,casanatensis,,ante,,w35868
12148,casanatensis,,ster,,w35871
12149,casanatensis,,excepto,,w35874
12150,casanatensis,,paluster,,w35877
12151,casanatensis,,et,,w35880
12152,casanatensis,,hæc,,w35883
12153,casanatensis,,denominatiua,,w35886
12154,casanatensis,,sunt,,w35889
12155,casanatensis,,uerbialia,,w35892
12156,casanatensis,,ex,,w35895
12157,casanatensis,,his,,w35898
12158,casanatensis,,quæ,,w35901
12159,casanatensis,,seruant,,w35904
12160,casanatensis,,consonante2em,,w35907
12161,casanatensis,,uerboru2um,,w35910
12162,casanatensis,,"anteThe final graphemes ""te"" are not visible due to a fault of the digital image of the manuscript, but they are easily reconstructable, also based on the source Priscian Ars grammatica, K 2.127.15-16: ""Sunt autem uerbalia, quae uerborum consonantem seruant ante 'er'"".",,w35913
12163,casanatensis,,er,,w35916
12164,casanatensis,,ut,,w35919
12165,casanatensis,,rubeo,,w35922
12166,casanatensis,,ruber,,w35925
12167,casanatensis,,macero,,w35928
12168,casanatensis,,macer,,w35931
12169,casanatensis,,piget,,w35934
12170,casanatensis,,piger,,w35937
12171,casanatensis,,in,,w35940
12172,casanatensis,,us,,w35943
12173,casanatensis,,fiunt,,w35946
12174,casanatensis,,a,,w35949
12175,casanatensis,,uerbis,,w35952
12176,casanatensis,,abiectu2um,,w35955
12177,casanatensis,,o,,w35958
12178,casanatensis,,murmuro,,w35961
12179,casanatensis,,murmur,,w35964
12180,casanatensis,,auguro,,w35967
12181,casanatensis,,augur,,w35970
12182,casanatensis,,saturo,,w35973
12183,casanatensis,,satur,,w35976
12184,casanatensis,,unde,,w35979
12185,casanatensis,,fem¯femininum,,w35982
12186,casanatensis,,satura,,w35985
12187,casanatensis,,neu¯neutrum,,w35988
12188,casanatensis,,saturum,,w35991
12189,casanatensis,,denominatiua,,w35994
12190,casanatensis,,in,,w35997
12191,casanatensis,,as,,w36000
12192,casanatensis,,"fiuntThe graphemes ""fi"" are not perfectly readable in the digital reproduction of the manuscript.",,w36003
12193,casanatensis,,addita,,w36009
12194,casanatensis,,tas,,w36012
12195,casanatensis,,aut,,w36015
12196,casanatensis,,genitiuo,,w36018
12197,casanatensis,,secundæ,,w36021
12198,casanatensis,,declinationis,,w36024
12199,casanatensis,,aut,,w36027
12200,casanatensis,,dat¯atiuo,,w36030
12201,casanatensis,,tertiæ,,w36033
12202,casanatensis,,cor¯orreptum,,w36036
12203,casanatensis,,i,,w36039
12204,casanatensis,,penultimu2um,,w36042
12205,casanatensis,,ut,,w36045
12206,casanatensis,,ŋprobus,,w36048
12207,casanatensis,,ŋprobi,,w36051
12208,casanatensis,,"ŋprobitasThere is a breve (˘) mark over the ""i"" (""ŋbĭtas"") to mark its short quantity.",,w36054
12209,casanatensis,,nouus,,w36057
12210,casanatensis,,noui,,w36060
12211,casanatensis,,"nouitasThere is a breve (˘) mark over the ""i"" (""nouĭtas"") to mark its short quantity.",,w36063
12212,casanatensis,,asper,,w36066
12213,casanatensis,,asperi,,w36072
12214,casanatensis,,asperitas,,w36075
12215,casanatensis,,et,,w36078
12216,casanatensis,,illa,,w36081
12217,casanatensis,,quæ,,w36084
12218,casanatensis,,duplicant,,w36087
12219,casanatensis,,i,,w36090
12220,casanatensis,,in,,w36093
12221,casanatensis,,genitiuo,,w36096
12222,casanatensis,,mutato,,w36099
12223,casanatensis,,ultimo,,w36102
12224,casanatensis,,i,,w36105
12225,casanatensis,,in,,w36108
12226,casanatensis,,e,,w36111
12227,casanatensis,,assu2umpta,,w36114
12228,casanatensis,,tas,,w36117
12229,casanatensis,,faciunt,,w36120
12230,casanatensis,,denominatiua,,w36123
12231,casanatensis,,ut,,w36126
12232,casanatensis,,pius,,w36129
12233,casanatensis,,pii,,w36130
12234,casanatensis,,pietas,,w36132
12235,casanatensis,,preter,,w36135
12236,casanatensis,,liber,,w36138
12237,casanatensis,,qd¯quod,,w36141
12238,casanatensis,,non,,w36144
12239,casanatensis,,genitiuo,,w36147
12240,casanatensis,,sed,,w36150
12241,casanatensis,,nominatiuo,,w36153
12242,casanatensis,,assu2umpsit,,w36156
12243,casanatensis,,tas,,w36159
12244,casanatensis,,liber,,w36162
12245,casanatensis,,libertas,,w36165
12246,casanatensis,,et,,w36168
12247,casanatensis,,pauca,,w36171
12248,casanatensis,,tertiæ,,w36174
12249,casanatensis,,declinationis,,w36177
12250,casanatensis,,quæ,,w36180
12251,casanatensis,,b,,w36183
12252,casanatensis,,ul¯uel,,w36186
12253,casanatensis,,p,,w36189
12254,casanatensis,,sine,,w36192
12255,casanatensis,,s,,w36195
12256,casanatensis,,hab¯abent,,w36198
12257,casanatensis,,ante,,w36201
12258,casanatensis,,er,,w36204
12259,casanatensis,,hæc,,w36207
12260,casanatensis,,n¯non,,w36210
12261,casanatensis,,datiuo,,w36213
12262,casanatensis,,sed,,w36216
12263,casanatensis,,nominatiuo,,w36219
12264,casanatensis,,assumunt,,w36222
12265,casanatensis,,tas,,w36225
12266,casanatensis,,ut,,w36228
12267,casanatensis,,puber,,w36231
12268,casanatensis,,pubertas,,w36234
12269,casanatensis,,pauþper,,w36237
12270,casanatensis,,pauþpertas,,w36240
12271,casanatensis,,hoc,,w36243
12272,casanatensis,,fit,,w36244
12273,casanatensis,,et,,w36246
12274,casanatensis,,in,,w36249
12275,casanatensis,,secunda,,w36252
12276,casanatensis,,declinatione,,w36255
12277,casanatensis,,ut,,w36258
12278,casanatensis,,liber,,w36261
12279,casanatensis,,libertas,,w36264
12280,casanatensis,,asper,,w36267
12281,casanatensis,,et,,w36270
12282,casanatensis,,ŋprosperThe last graphemes of this word are cropped out in the digital reproduction of the manuscript.,,w36273
12283,casanatensis,,¢quia,,w36276
12284,casanatensis,,s,,w36279
12285,casanatensis,,habent,,w36283
12286,casanatensis,,ante,,w36285
12287,casanatensis,,þper,,w36288
12288,casanatensis,,asperitas,,w36291
12289,casanatensis,,et,,w36294
12290,casanatensis,,ŋprosperitas,,w36297
12291,casanatensis,,fac¯aciunt,,w36300
12292,casanatensis,,saluber,,w36303
12293,casanatensis,,¢quia,,w36306
12294,casanatensis,,et,,w36309
12295,casanatensis,,salubris,,w36312
12296,casanatensis,,dicr¯icitur,,w36315
12297,casanatensis,,nominatiuo,,w36318
12298,casanatensis,,facit,,w36321
12299,casanatensis,,salubritas,,w36324
12300,casanatensis,,similiter,,w36327
12301,casanatensis,,"celeberThe final grapheme ""r"" is cropped out int he digital reproduction of the manuscript, but I reconstruct it from the context.",,w36330
12302,casanatensis,,et,,w36333
12303,casanatensis,,celebris,,w36336
12304,casanatensis,,celebritas,,w36339
12305,casanatensis,,uetus,,w36342
12306,casanatensis,,triu2um,,w36345
12307,casanatensis,,generu2um,,w36348
12308,casanatensis,,assumit,,w36351
12309,casanatensis,,tas,,w36354
12310,casanatensis,,facit,,w36357
12311,casanatensis,,uetustas,,w36360
12312,casanatensis,,preter,,w36363
12313,casanatensis,,desinentia,,w36366
12314,casanatensis,,in,,w36369
12315,casanatensis,,or,,w36372
12316,casanatensis,,quæ,,w36375
12317,casanatensis,,mutant,,w36378
12318,casanatensis,,or,,w36381
12319,casanatensis,,in,,w36384
12320,casanatensis,,es,,w36387
12321,casanatensis,,et,,w36390
12322,casanatensis,,assumunt,,w36393
12323,casanatensis,,tas,,w36396
12324,casanatensis,,ut,,w36399
12325,casanatensis,,maior,,w36402
12326,casanatensis,,maiestas,,w36405
12327,casanatensis,,alia,,w36408
12328,casanatensis,,denominatiua,,w36411
12329,casanatensis,,desinunt,,w36414
12330,casanatensis,,in,,w36417
12331,casanatensis,,as,,w36420
12332,casanatensis,,similia,,w36423
12333,casanatensis,,accusatiuis,,w36426
12334,casanatensis,,primitiuoru2um,,w36429
12335,casanatensis,,suoru2um,,w36432
12336,casanatensis,,et,,w36435
12337,casanatensis,,st¯sunt,,w36438
12338,casanatensis,,communia,,w36441
12339,casanatensis,,primas,,w36444
12340,casanatensis,,optimas,,w36447
12341,casanatensis,,rauennas,,w36451
12342,casanatensis,,capenas,,w36453
12343,casanatensis,,arpinas,,w36456
12344,casanatensis,,crotonias,,w36459
12345,casanatensis,,"pontiasThe grapheme that I transcribed as ""t"" looks like a mixture between the low allograph of grapheme ""t"" and the only allograph of grapheme ""g"". It might be the result of a scribal correction.",,w36462
12346,casanatensis,,larinas,,w36465
12347,casanatensis,,quæ,,w36468
12348,casanatensis,,in,,w36471
12349,casanatensis,,fine,,w36474
12350,casanatensis,,habent,,w36477
12351,casanatensis,,circu2um flexu2um,,w36480
12352,casanatensis,,accentu2um,,w36483
12353,casanatensis,,eo,,w36486
12354,casanatensis,,qd¯uod,,w36489
12355,casanatensis,,"ŋproferunturGrapheme ""n"" is cropped out in the digital reproduction of the manuscript.",,w36492
12356,casanatensis,,þper,,w36495
12357,casanatensis,,syncopa2am,,w36498
12358,casanatensis,,þperfecta,,w36501
12359,casanatensis,,eni2im,,w36504
12360,casanatensis,,eoru2um,,w36507
12361,casanatensis,,apud,,w36510
12362,casanatensis,,antiquos,,w36513
12363,casanatensis,,in,,w36516
12364,casanatensis,,tis,,w36519
12365,casanatensis,,ŋproferri,,w36522
12366,casanatensis,,inueniuntur,,w36525
12367,casanatensis,,ut,,w36528
12368,casanatensis,,hic,,w36531
12369,casanatensis,,et,,w36534
12370,casanatensis,,hæc,,w36537
12371,casanatensis,,primatis,,w36540
12372,casanatensis,,optimatis,,w36543
12373,casanatensis,,et,,w36546
12374,casanatensis,,reliqua,,w36549
12375,casanatensis,,unde,,w36552
12376,casanatensis,,eoru2um,,w36555
12377,casanatensis,,neutra,,w36558
12378,casanatensis,,in,,w36561
12379,casanatensis,,e,,w36564
12380,casanatensis,,desinunt,,w36567
12381,casanatensis,,primate,,w36570
12382,casanatensis,,optimate,,w36573
12383,casanatensis,,et,,w36576
12384,casanatensis,,ablatiuus,,w36580
12385,casanatensis,,supra dictoru2um,,w36582
12386,casanatensis,,"co2ommuniu2umThe second ""u"" grapheme (""communiUm"") is written above the line. The first version of the word was ""communi"" with a ""2"" abbreviation above the ""i"". Then, someone wrote a ""u"" above the line, after the ""i+2"" abbreviation.",,w36585
12387,casanatensis,,in,,w36588
12388,casanatensis,,i,,w36591
12389,casanatensis,,more,,w36594
12390,casanatensis,,desinentiu2um,,w36597
12391,casanatensis,,nominatiuo,,w36600
12392,casanatensis,,in,,w36603
12393,casanatensis,,is,,w36606
12394,casanatensis,,ex,,w36609
12395,casanatensis,,"¢quib;busThe ""¢"" grapheme is hardly readable because it was partly cropped in the digital reproduction of the manuscript.",,w36612
12396,casanatensis,,nascuntur,,w36615
12397,casanatensis,,neutra,,w36618
12398,casanatensis,,in,,w36621
12399,casanatensis,,e,,w36624
12400,casanatensis,,a,,w36627
12401,casanatensis,,primati,,w36630
12402,casanatensis,,optimati,,w36633
12403,casanatensis,,indubitanter,,w36636
12404,casanatensis,,sciendu2um,,w36639
12405,casanatensis,,est,,w36642
12406,casanatensis,,qm¯quoniam,,w36645
12407,casanatensis,,omnia,,w36648
12408,casanatensis,,que,,w36651
12409,casanatensis,,circu2um flexa2am,,w36654
12410,casanatensis,,penultima2am,,w36657
12411,casanatensis,,habent,,w36660
12412,casanatensis,,si,,w36663
12413,casanatensis,,patiantur,,w36666
12414,casanatensis,,syncopa2am,,w36669
12415,casanatensis,,eundem,,w36672
12416,casanatensis,,accentu2um,,w36675
12417,casanatensis,,seruant,,w36678
12418,casanatensis,,in,,w36681
12419,casanatensis,,ultima,,w36684
12420,casanatensis,,que2em,,w36688
12421,casanatensis,,prius,,w36690
12422,casanatensis,,"habuitAs the verb ""habuit"" is singular, its intended subject must be ""ultima (scil. syllaba)"": ""eundem accentum (scil. subject 'uerba deriuatiua' from line 9v.b.27) seruant in ultimā (scil. syllabā), quem (scil. subj. 'ultima syllaba') prius habuit"".",,w36693
12423,casanatensis,,cum,,w36696
12424,casanatensis,,penultima,,w36700
12425,casanatensis,,esset,,w36702
12426,casanatensis,,ut,,w36705
12427,casanatensis,,ŋpro,,w36708
12428,casanatensis,,duce,,w36711
12429,casanatensis,,"ducThe source Priscian, Ars grammatica, K 2.130.1 has: ""ut prodûce prodûc"". I am not emending Ursus' text because it also makes sense, both linguistically as with regard to the grammatical discussion.",,w36714
12430,casanatensis,,audiuit,,w36717
12431,casanatensis,,"audiitThe grapheme(s) after ""audî"" are partly cropped out in the digital reproduction of the manuscript, so possible readings include ""audît"" or ""audîit"". I choose ""audiit"" by comparision with the source (Priscian Ars grammatica, K 2.130.1): ""audiuit audit"".",,w36720
12432,casanatensis,,illice,,w36723
12433,casanatensis,,illic,,w36726
12434,casanatensis,,istice,,w36730
12435,casanatensis,,istic,,w36732
12436,casanatensis,,sic,,w36735
12437,casanatensis,,primatis,,w36738
12438,casanatensis,,primas,,w36741
12439,casanatensis,,optimatis,,w36744
12440,casanatensis,,optimas,,w36747
12441,casanatensis,,in,,w36750
12442,casanatensis,,es,,w36753
12443,casanatensis,,cor¯orreptam,,w36756
12444,casanatensis,,pauca,,w36759
12445,casanatensis,,denominatiua,,w36762
12446,casanatensis,,desinunt,,w36765
12447,casanatensis,,ut,,w36768
12448,casanatensis,,"equosThis probably is meant as an alternative spelling for ""equus"".",,w36771
12449,casanatensis,,eques,,w36774
12450,casanatensis,,pes,,w36777
12451,casanatensis,,pedis,,w36780
12452,casanatensis,,pedes,,w36783
12453,casanatensis,,et,,w36786
12454,casanatensis,,uerbialia,,w36789
12455,casanatensis,,tego,,w36792
12456,casanatensis,,teges,,w36795
12457,casanatensis,,tegetis,,w36798
12458,casanatensis,,mergo,,w36801
12459,casanatensis,,merges,,w36804
12460,casanatensis,,mergetis,,w36807
12461,casanatensis,,in,,w36810
12462,casanatensis,,es,,w36813
12463,casanatensis,,ŋproducta2am,,w36816
12464,casanatensis,,ueniunt,,w36819
12465,casanatensis,,a,,w36822
12466,casanatensis,,p¯presenti,,w36825
12467,casanatensis,,ul¯uel,,w36828
12468,casanatensis,,p¯preterito,,w36831
12469,casanatensis,,te2empore,,w36834
12470,casanatensis,,uerboru2um,,w36837
12471,casanatensis,,a,,w36840
12472,casanatensis,,p¯presenti,,w36843
12473,casanatensis,,sepio,,w36846
12474,casanatensis,,sepes,,w36849
12475,casanatensis,,luo,,w36852
12476,casanatensis,,lues,,w36855
12477,casanatensis,,inluo,,w36858
12478,casanatensis,,illuuies,,w36862
12479,casanatensis,,a,,w36864
12480,casanatensis,,p¯preterito,,w36867
12481,casanatensis,,rupi,,w36870
12482,casanatensis,,rupes,,w36873
12483,casanatensis,,in,,w36876
12484,casanatensis,,is,,w36879
12485,casanatensis,,desinentia,,w36882
12486,casanatensis,,uerbialia,,w36885
12487,casanatensis,,multas,,w36888
12488,casanatensis,,et,,w36891
12489,casanatensis,,diuersas,,w36894
12490,casanatensis,,formas,,w36897
12491,casanatensis,,habent,,w36900
12492,casanatensis,,alia,,w36903
12493,casanatensis,,in,,w36906
12494,casanatensis,,alis,,w36909
12495,casanatensis,,alia,,w36912
12496,casanatensis,,in,,w36915
12497,casanatensis,,elis,,w36918
12498,casanatensis,,alia,,w36921
12499,casanatensis,,in,,w36924
12500,casanatensis,,ilis,,w36927
12501,casanatensis,,alia,,w36930
12502,casanatensis,,in,,w36933
12503,casanatensis,,ulis,,w36936
12504,casanatensis,,ut,,w36939
12505,casanatensis,,curialis,,w36942
12506,casanatensis,,fidelis,,w36945
12507,casanatensis,,docilis,,w36948
12508,casanatensis,,uirilis,,w36951
12509,casanatensis,,curulis,,w36954
12510,casanatensis,,alia,,w36957
12511,casanatensis,,in,,w36960
12512,casanatensis,,ris,,w36963
12513,casanatensis,,a,,w36966
12514,casanatensis,,longu2um,,w36969
12515,casanatensis,,antecedente2em,,w36972
12516,casanatensis,,"apollinarisThere is a circumflex mark over the ""a"" of ""apollinâris"" to mark the vowel's long quantity.",,w36975
12517,casanatensis,,alia,,w36978
12518,casanatensis,,in,,w36981
12519,casanatensis,,ensis,,w36984
12520,casanatensis,,atheniensis,,w36987
12521,casanatensis,,alia,,w36990
12522,casanatensis,,hab¯abent,,w36993
12523,casanatensis,,duas,,w36996
12524,casanatensis,,"c¯consona2antesThis is an unusual case in which the abbreviation constituted by a vowel with the ""2"" abbreviation mark over it means ""vowel + n"" as opposed to the usual ""vowel + m"".",,w36999
12525,casanatensis,,ante,,w37002
12526,casanatensis,,is,,w37005
12527,casanatensis,,agrestis,,w37008
12528,casanatensis,,salubris,,w37011
12529,casanatensis,,samnis,,w37014
12530,casanatensis,,insignis,,w37017
12531,casanatensis,,in,,w37020
12532,casanatensis,,alis,,w37023
12533,casanatensis,,ul¯uel,,w37026
12534,casanatensis,,ale,,w37029
12535,casanatensis,,desinentia,,w37032
12536,casanatensis,,si,,w37035
12537,casanatensis,,st¯sunt,,w37038
12538,casanatensis,,a,,w37041
12539,casanatensis,,nominib;bus,,w37044
12540,casanatensis,,primæ,,w37047
12541,casanatensis,,decli¯eclinationis,,w37050
12542,casanatensis,,nominatiuo,,w37053
12543,casanatensis,,"primitiuoru2umThe first hand wrote ""primitorum"" (with ""2"" over the final ""m""). The same hand then overwrote a ""i"" over the ""o"" (""primitOrum"") and added ""uo"" above the line.",,w37056
12544,casanatensis,,adsumunt,,w37059
12545,casanatensis,,lis,,w37062
12546,casanatensis,,ul¯uel,,w37065
12547,casanatensis,,le,,w37068
12548,casanatensis,,et,,w37071
12549,casanatensis,,"ŋproduc¯uctumBased on the linguistic habits of the author, I believe that the expansion of this abbreviation is ""productum"", not ""producunt"".",,w37074
12550,casanatensis,,a,,w37077
12551,casanatensis,,penultimu2um,,w37080
12552,casanatensis,,fiunt,,w37083
12553,casanatensis,,ut,,w37086
12554,casanatensis,,curia,,w37089
12555,casanatensis,,curialis,,w37092
12556,casanatensis,,mensa,,w37095
12557,casanatensis,,"mensaleThere is a circumflex mark over the ""a"" of ""mensâle"" to mark the vowel's long quantity.",,w37098
12558,casanatensis,,si,,w37101
12559,casanatensis,,secundæ,,w37104
12560,casanatensis,,st¯sunt,,w37107
12561,casanatensis,,uersu2um,,w37110
12562,casanatensis,,i,,w37113
12563,casanatensis,,genitiui,,w37116
12564,casanatensis,,in,,w37119
12565,casanatensis,,a,,w37122
12566,casanatensis,,longu2um,,w37125
12567,casanatensis,,et,,w37128
12568,casanatensis,,adsumpta,,w37131
12569,casanatensis,,lis,,w37134
12570,casanatensis,,si,,w37137
12571,casanatensis,,tertiæ,,w37140
12572,casanatensis,,uersa,,w37143
12573,casanatensis,,is,,w37146
12574,casanatensis,,geni¯enitiui,,w37149
12575,casanatensis,,in,,w37152
12576,casanatensis,,a,,w37155
12577,casanatensis,,longu2um,,w37158
12578,casanatensis,,et,,w37161
12579,casanatensis,,adsu2umpta,,w37164
12580,casanatensis,,lis,,w37167
12581,casanatensis,,fiunt,,w37170
12582,casanatensis,,ut,,w37173
12583,casanatensis,,mercurius,,w37176
12584,casanatensis,,mercuri,,w37179
12585,casanatensis,,mercurialis,,w37182
12586,casanatensis,,uirgo,,w37185
12587,casanatensis,,uirginis,,w37188
12588,casanatensis,,uirginalis,,w37191
12589,casanatensis,,iuuenis,,w37194
12590,casanatensis,,iuuenalis,,w37197
12591,casanatensis,,et,,w37200
12592,casanatensis,,iuuenilis,,w37203
12593,casanatensis,,uox,,w37206
12594,casanatensis,,uocis,,w37209
12595,casanatensis,,uocalis,,w37212
12596,casanatensis,,sin,,w37215
12597,casanatensis,,a,,w37218
12598,casanatensis,,quartæ,,w37221
12599,casanatensis,,decli¯clinationis,,w37224
12600,casanatensis,,sint,,w37227
12601,casanatensis,,abiectu2um,,w37230
12602,casanatensis,,s,,w37233
12603,casanatensis,,nominatiui,,w37236
12604,casanatensis,,et,,w37239
12605,casanatensis,,addita,,w37242
12606,casanatensis,,alis,,w37245
12607,casanatensis,,sin,,w37251
12608,casanatensis,,a,,w37254
12609,casanatensis,,¢quintæ,,w37257
12610,casanatensis,,abiecta,,w37260
12611,casanatensis,,es,,w37263
12612,casanatensis,,et,,w37266
12613,casanatensis,,addita,,w37269
12614,casanatensis,,alis,,w37272
12615,casanatensis,,fiunt,,w37275
12616,casanatensis,,ut,,w37278
12617,casanatensis,,manus,,w37281
12618,casanatensis,,manualis,,w37284
12619,casanatensis,,specie,,w37287
12620,casanatensis,,specialis,,w37290
12621,casanatensis,,in,,w37293
12622,casanatensis,,alis,,w37296
12623,casanatensis,,fiunt,,w37299
12624,casanatensis,,uerbialia,,w37302
12625,casanatensis,,a,,w37305
12626,casanatensis,,prima,,w37308
12627,casanatensis,,c¯coniugatione,,w37311
12628,casanatensis,,ut,,w37314
12629,casanatensis,,penetro,,w37317
12630,casanatensis,,penetralis,,w37320
12631,casanatensis,,et,,w37323
12632,casanatensis,,penetrabilis,,w37326
12633,casanatensis,,in,,w37329
12634,casanatensis,,elis,,w37332
12635,casanatensis,,pauca,,w37335
12636,casanatensis,,denominatiua,,w37338
12637,casanatensis,,fidus,,w37341
12638,casanatensis,,fidi,,w37344
12639,casanatensis,,fidelis,,w37347
12640,casanatensis,,uersu2um,,w37350
12641,casanatensis,,i,,w37353
12642,casanatensis,,in,,w37356
12643,casanatensis,,e,,w37359
12644,casanatensis,,longu2um,,w37362
12645,casanatensis,,et,,w37365
12646,casanatensis,,assu2umpta,,w37368
12647,casanatensis,,lis,,w37371
12648,casanatensis,,preter,,w37374
12649,casanatensis,,frater,,w37377
12650,casanatensis,,fratris,,w37380
12651,casanatensis,,uersa,,w37383
12652,casanatensis,,is,,w37386
12653,casanatensis,,in,,w37389
12654,casanatensis,,u,,w37392
12655,casanatensis,,et,,w37395
12656,casanatensis,,assu2umpta,,w37398
12657,casanatensis,,elis,,w37401
12658,casanatensis,,facit,,w37404
12659,casanatensis,,fratruelis,,w37407
12660,casanatensis,,in,,w37410
12661,casanatensis,,ilis,,w37413
12662,casanatensis,,desinentia,,w37416
12663,casanatensis,,denominatiua,,w37419
12664,casanatensis,,si,,w37422
12665,casanatensis,,a,,w37425
12666,casanatensis,,nominib;bus,,w37428
12667,casanatensis,,deriuantur,,w37431
12668,casanatensis,,i,,w37434
12669,casanatensis,,penultimu2um,,w37437
12670,casanatensis,,longu2um,,w37440
12671,casanatensis,,hab¯abent,,w37443
12672,casanatensis,,ut,,w37446
12673,casanatensis,,edis,,w37449
12674,casanatensis,,edilis,,w37452
12675,casanatensis,,puer,,w37455
12676,casanatensis,,puerilis,,w37458
12677,casanatensis,,quintus,,w37461
12678,casanatensis,,¢quintilis,,w37464
12679,casanatensis,,subtel,,w37467
12680,casanatensis,,subtilis,,w37470
12681,casanatensis,,exilis,,w37473
12682,casanatensis,,factu2um,,w37476
12683,casanatensis,,a,,w37479
12684,casanatensis,,greco,,w37482
12685,casanatensis,grc,exitelos,,w37485
12686,casanatensis,,eoru2um,,w37488
12687,casanatensis,,seruat,,w37492
12688,casanatensis,,regula2am,,w37494
12689,casanatensis,,"siThe larger initial was overwritten, over a previous regular-sized (not larger) ""s"" grapheme.",,w37497
12690,casanatensis,,a,,w37500
12691,casanatensis,,uerbis,,w37503
12692,casanatensis,,ul¯uel,,w37506
12693,casanatensis,,participiis,,w37509
12694,casanatensis,,fiunt,,w37512
12695,casanatensis,,corr¯correptum,,w37515
12696,casanatensis,,penul¯ultimum,,w37518
12697,casanatensis,,hab¯abent,,w37521
12698,casanatensis,,fero,,w37524
12699,casanatensis,,fertilis,,w37527
12700,casanatensis,,utor,,w37530
12701,casanatensis,,utilis,,w37533
12702,casanatensis,,textus,,w37536
12703,casanatensis,,textilis,,w37539
12704,casanatensis,,a,,w37542
12705,casanatensis,,pare,,w37545
12706,casanatensis,,parilis,,w37548
12707,casanatensis,,qd¯quod,,w37551
12708,casanatensis,,a,,w37554
12709,casanatensis,,paro,,w37557
12710,casanatensis,,paras,,w37560
12711,casanatensis,,nascitur,,w37563
12712,casanatensis,,unde,,w37566
12713,casanatensis,,co2omparo,,w37569
12714,casanatensis,,co2omparas,,w37572
12715,casanatensis,,ŋproprie,,w37576
12716,casanatensis,,pares,,w37578
12717,casanatensis,,sunt,,w37581
12718,casanatensis,,¢qui,,w37584
12719,casanatensis,,inter,,w37587
12720,casanatensis,,se,,w37590
12721,casanatensis,,co2omparari,,w37593
12722,casanatensis,,posst¯sunt,,w37596
12723,casanatensis,,neu¯eutra,,w37599
12724,casanatensis,,in,,w37602
12725,casanatensis,,ile,,w37605
12726,casanatensis,,siue,,w37608
12727,casanatensis,,habeant,,w37611
12728,casanatensis,,mascul¯ulinum,,w37614
12729,casanatensis,,ul¯uel,,w37617
12730,casanatensis,,fem¯emininum,,w37620
12731,casanatensis,,in,,w37623
12732,casanatensis,,ilis,,w37626
12733,casanatensis,,desinentia,,w37629
12734,casanatensis,,ex,,w37632
12735,casanatensis,,¢quib;bus,,w37635
12736,casanatensis,,nascuntur,,w37638
12737,casanatensis,,siue,,w37641
12738,casanatensis,,n¯non,,w37644
12739,casanatensis,,habeant,,w37647
12740,casanatensis,,et,,w37650
12741,casanatensis,,a,,w37653
12742,casanatensis,,quacu2umq;que,,w37656
12743,casanatensis,,parte,,w37659
12744,casanatensis,,nascuntur,,w37662
12745,casanatensis,,i,,w37665
12746,casanatensis,,penultimu2um,,w37668
12747,casanatensis,,ŋproduc¯uctum,,w37671
12748,casanatensis,,hab¯abent,,w37674
12749,casanatensis,,ut,,w37677
12750,casanatensis,,ouile,,w37680
12751,casanatensis,,sedile,,w37683
12752,casanatensis,,monile,,w37687
12753,casanatensis,,cubile,,w37689
12754,casanatensis,,in,,w37692
12755,casanatensis,,lis,,w37695
12756,casanatensis,,desinentia,,w37704
12757,casanatensis,,si,,w37707
12758,casanatensis,,a,,w37710
12759,casanatensis,,prima,,w37713
12760,casanatensis,,c¯coniugatione,,w37716
12761,casanatensis,,fiunt,,w37719
12762,casanatensis,,a,,w37722
12763,casanatensis,,longu2um,,w37725
12764,casanatensis,,hab¯abent,,w37728
12765,casanatensis,,antepenul¯ultimum,,w37731
12766,casanatensis,,ut,,w37734
12767,casanatensis,,penetro,,w37737
12768,casanatensis,,penetras,,w37740
12769,casanatensis,,penetrabilis,,w37744
12770,casanatensis,,p¯predico,,w37746
12771,casanatensis,,p¯predicas,,w37749
12772,casanatensis,,p¯predicabilis,,w37753
12773,casanatensis,,miror,,w37755
12774,casanatensis,,miraris,,w37758
12775,casanatensis,,mirabilis,,w37762
12776,casanatensis,,p¯preter,,w37764
12777,casanatensis,,stabilis,,w37768
12778,casanatensis,,quod,,w37770
12779,casanatensis,,solu2um,,w37773
12780,casanatensis,,a,,w37776
12781,casanatensis,,antepenul¯ultimum,,w37779
12782,casanatensis,,corripit,,w37782
12783,casanatensis,,ł,,casanatensis:0.1.0.21.3.4086
12784,casanatensis,,"quæThe larger initial was overwritten, over a previous regular-sized (not larger) ""q"" grapheme.",,w37785
12785,casanatensis,,a,,w37788
12786,casanatensis,,uerbis,,w37791
12787,casanatensis,,secundæ,,w37794
12788,casanatensis,,ul¯uel,,w37797
12789,casanatensis,,ter¯ertie,,w37800
12790,casanatensis,,cor¯correpte,,w37803
12791,casanatensis,,ul¯uel,,w37806
12792,casanatensis,,ŋproduc¯ucte,,w37809
12793,casanatensis,,c¯coniugationis,,w37812
12794,casanatensis,,ueniunt,,w37815
12795,casanatensis,,si,,w37818
12796,casanatensis,,i,,w37821
12797,casanatensis,,antepenultimu2um,,w37824
12798,casanatensis,,habeant,,w37827
12799,casanatensis,,corripiunt,,w37830
12800,casanatensis,,illud,,w37833
12801,casanatensis,,ut,,w37836
12802,casanatensis,,doceo,,w37839
12803,casanatensis,,docibilis,,w37842
12804,casanatensis,,credo,,w37845
12805,casanatensis,,credibilis,,w37848
12806,casanatensis,,plurima,,w37851
12807,casanatensis,,nascuntur,,w37854
12808,casanatensis,,ex,,w37857
12809,casanatensis,,his,,w37860
12810,casanatensis,,c¯coniugationib;bus,,w37863
12811,casanatensis,,quæ,,w37866
12812,casanatensis,,n¯non,,w37869
12813,casanatensis,,hab¯abent,,w37872
12814,casanatensis,,i,,w37875
12815,casanatensis,,ante penultimu2um,,w37878
12816,casanatensis,,ut,,w37881
12817,casanatensis,,docilis,,w37884
12818,casanatensis,,flebilis,,w37888
12819,casanatensis,,quæda2am,,w37890
12820,casanatensis,,ex,,w37893
12821,casanatensis,,his,,w37896
12822,casanatensis,,nascuntur,,w37899
12823,casanatensis,,ex,,w37902
12824,casanatensis,,p¯presenti,,w37905
12825,casanatensis,,quæda2am,,w37908
12826,casanatensis,,ex,,w37911
12827,casanatensis,,p¯preterito,,w37914
12828,casanatensis,,quæda2am,,w37917
12829,casanatensis,,ex,,w37920
12830,casanatensis,,futuro,,w37923
12831,casanatensis,,ex,,w37926
12832,casanatensis,,p¯presenti,,w37929
12833,casanatensis,,doceo,,w37932
12834,casanatensis,,docibilis,,w37936
12835,casanatensis,,plausi,,w37938
12836,casanatensis,,plausibilis,,w37942
12837,casanatensis,,sensi,,w37944
12838,casanatensis,,sensibilis,,w37948
12839,casanatensis,,et,,w37950
12840,casanatensis,,sensilis,,w37953
12841,casanatensis,,ex,,w37956
12842,casanatensis,,futuro,,w37960
12843,casanatensis,,flebo,,w37962
12844,casanatensis,,"flebilisThere is a macron over ""plausīuilis"", ""sensīuilis"" and ""flēbilis"" to mark the vowel's long quantity.",,w37965
12845,casanatensis,,unde,,w37968
12846,casanatensis,,e,,w37971
12847,casanatensis,,ŋproduc¯ductum,,w37974
12848,casanatensis,,ante,,w37977
12849,casanatensis,,b,,w37980
12850,casanatensis,,hab¯abet,,w37983
12851,casanatensis,,in,,w37986
12852,casanatensis,,aris,,w37989
12853,casanatensis,,ueniunt,,w37992
12854,casanatensis,,a,,w37995
12855,casanatensis,,nominib;bus,,w37998
12856,casanatensis,,siue,,w38001
12857,casanatensis,,uerbis,,w38004
12858,casanatensis,,quoru2um,,w38007
12859,casanatensis,,ultima,,w38010
12860,casanatensis,,sylla¯llaba,,w38013
12861,casanatensis,,incipit,,w38016
12862,casanatensis,,ab,,w38019
12863,casanatensis,,l,,w38022
12864,casanatensis,,ul¯uel,,w38025
12865,casanatensis,,ab,,w38028
12866,casanatensis,,aliqua,,w38031
12867,casanatensis,,pura,,w38034
12868,casanatensis,,uocali,,w38037
12869,casanatensis,,ex,,w38040
12870,casanatensis,,quoru2um,,w38043
12871,casanatensis,,genitiuis,,w38046
12872,casanatensis,,ul¯uel,,w38049
12873,casanatensis,,prima,,w38052
12874,casanatensis,,þpersona,,w38055
12875,casanatensis,,positiui,,w38058
12876,casanatensis,,fiunt,,w38061
12877,casanatensis,,mutatis,,w38064
12878,casanatensis,,litteris,,w38067
12879,casanatensis,,sequentib;bus,,w38070
12880,casanatensis,,l,,w38073
12881,casanatensis,,in,,w38076
12882,casanatensis,,a,,w38079
12883,casanatensis,,et,,w38082
12884,casanatensis,,addita,,w38085
12885,casanatensis,,ris,,w38088
12886,casanatensis,,ut,,w38091
12887,casanatensis,,populus,,w38094
12888,casanatensis,,populi,,w38097
12889,casanatensis,,popularis,,w38100
12890,casanatensis,,apollo,,w38103
12891,casanatensis,,apollinis,,w38106
12892,casanatensis,,apollinaris,,w38109
12893,casanatensis,,consulo,,w38112
12894,casanatensis,,consulis,,w38115
12895,casanatensis,,consularis,,w38118
12896,casanatensis,,ul¯uel,,w38121
12897,casanatensis,,ipsa,,w38124
12898,casanatensis,,pura,,w38127
12899,casanatensis,,uocali,,w38130
12900,casanatensis,,mutata,,w38133
12901,casanatensis,,in,,w38136
12902,casanatensis,,a,,w38139
12903,casanatensis,,longu2um,,w38142
12904,casanatensis,,et,,w38145
12905,casanatensis,,assumit,,w38148
12906,casanatensis,,ris,,w38151
12907,casanatensis,,latiu2um,,w38154
12908,casanatensis,,latii,,w38157
12909,casanatensis,,latiaris,,w38160
12910,casanatensis,,peculiu2um,,w38163
12911,casanatensis,,peculii,,w38166
12912,casanatensis,,pecularis,,w38169
12913,casanatensis,,sic,,w38172
12914,casanatensis,,et,,w38175
12915,casanatensis,,neutra,,w38178
12916,casanatensis,,fiunt,,w38181
12917,casanatensis,,desinentia,,w38184
12918,casanatensis,,in,,w38187
12919,casanatensis,,are,,w38190
12920,casanatensis,,ut,,w38193
12921,casanatensis,,uelu2um,,w38196
12922,casanatensis,,ueli,,w38199
12923,casanatensis,,uelare,,w38202
12924,casanatensis,,in,,w38205
12925,casanatensis,,ensis,,w38208
12926,casanatensis,,desinentia,,w38211
12927,casanatensis,,si,,w38214
12928,casanatensis,,sint,,w38217
12929,casanatensis,,a,,w38220
12930,casanatensis,,nominibus,,w38223
12931,casanatensis,,primæ,,w38226
12932,casanatensis,,ul¯uel,,w38229
12933,casanatensis,,secundæ,,w38232
12934,casanatensis,,decl¯clinationis,,w38235
12935,casanatensis,,mutata,,w38238
12936,casanatensis,,extrema,,w38241
12937,casanatensis,,syll¯yllaba,,w38244
12938,casanatensis,,nominatiui,,w38247
12939,casanatensis,,singularis,,w38250
12940,casanatensis,,ul¯uel,,w38253
12941,casanatensis,,pluralis,,w38256
12942,casanatensis,,et,,w38259
12943,casanatensis,,adsu2umpta,,w38262
12944,casanatensis,,sis,,w38265
12945,casanatensis,,efficiuntur,,w38268
12946,casanatensis,,ut,,w38271
12947,casanatensis,,hispania,,w38274
12948,casanatensis,,hispaniensis,,w38277
12949,casanatensis,,castru2um,,w38280
12950,casanatensis,,castrensis,,w38283
12951,casanatensis,,athenæ,,w38286
12952,casanatensis,,atheniensis,,w38289
12953,casanatensis,,euphoniæ,,w38292
12954,casanatensis,,causa,,w38295
12955,casanatensis,,i,,w38298
12956,casanatensis,,ante,,w38301
12957,casanatensis,,penultimu2um,,w38304
12958,casanatensis,,assumit,,w38307
12959,casanatensis,,si,,w38310
12960,casanatensis,,sint,,w38313
12961,casanatensis,,a,,w38316
12962,casanatensis,,tertia,,w38319
12963,casanatensis,,declinatione,,w38322
12964,casanatensis,,abiectu2um,,w38325
12965,casanatensis,,s,,w38328
12966,casanatensis,,ultimu2um,,w38331
12967,casanatensis,,genitiui,,w38334
12968,casanatensis,,addita,,w38337
12969,casanatensis,,ensis,,w38340
12970,casanatensis,,fiunt,,w38343
12971,casanatensis,,carthago,,w38346
12972,casanatensis,,carthaginis,,w38349
12973,casanatensis,,carthaginiensis,,w38352
12974,casanatensis,,quæ,,w38355
12975,casanatensis,,hab¯abent,,w38358
12976,casanatensis,,duas,,w38361
12977,casanatensis,,c¯consonantes,,w38364
12978,casanatensis,,ante,,w38367
12979,casanatensis,,is,,w38370
12980,casanatensis,,ul¯uel,,w38373
12981,casanatensis,,a,,w38376
12982,casanatensis,,nominatiuo,,w38379
12983,casanatensis,,fiunt,,w38382
12984,casanatensis,,abiecta,,w38385
12985,casanatensis,,extrema,,w38388
12986,casanatensis,,littera,,w38391
12987,casanatensis,,et,,w38394
12988,casanatensis,,addita,,w38397
12989,casanatensis,,bris,,w38400
12990,casanatensis,,salus,,w38403
12991,casanatensis,,salubris,,w38406
12992,casanatensis,,ul¯uel,,w38409
12993,casanatensis,,a,,w38410
12994,casanatensis,,genetiuo,,w38412
12995,casanatensis,,mutata,,w38415
12996,casanatensis,,extrema,,w38418
12997,casanatensis,,eius,,w38421
12998,casanatensis,,parte,,w38424
12999,casanatensis,,in,,w38427
13000,casanatensis,,e,,w38430
13001,casanatensis,,et,,w38433
13002,casanatensis,,adsu2umpta,,w38436
13003,casanatensis,,stis,,w38439
13004,casanatensis,,ul¯uel,,w38442
13005,casanatensis,,stris,,w38445
13006,casanatensis,,ager,,w38448
13007,casanatensis,,agri,,w38451
13008,casanatensis,,agrestis,,w38454
13009,casanatensis,,terra,,w38457
13010,casanatensis,,terre,,w38460
13011,casanatensis,,terrestris,,w38463
13012,casanatensis,,in,,w38466
13013,casanatensis,,tis,,w38469
13014,casanatensis,,denominatiua,,w38472
13015,casanatensis,,antiqua,,w38475
13016,casanatensis,,inueniuntur,,w38478
13017,casanatensis,,penultima,,w38481
13018,casanatensis,,longa,,w38484
13019,casanatensis,,natura,,w38487
13020,casanatensis,,ul¯uel,,w38490
13021,casanatensis,,positione,,w38493
13022,casanatensis,,ut,,w38496
13023,casanatensis,,"sa2amnitisThere is a macron over the ""i"" of ""sannītis"" to mark the vowel's long quantity.",,w38499
13024,casanatensis,,ŋpro,,w38502
13025,casanatensis,,samnis,,w38505
13026,casanatensis,,laurentis,,w38508
13027,casanatensis,,ŋpro,,w38511
13028,casanatensis,,laurens,,w38514
13029,casanatensis,,tiburtis,,w38517
13030,casanatensis,,ŋpro,,w38520
13031,casanatensis,,tiburs,,w38523
13032,casanatensis,,"quiritisThere is a macron over the second ""i"" of ""quirītis"" to mark the vowel's long quantity.",,w38526
13033,casanatensis,,ŋpro,,w38529
13034,casanatensis,,quiris,,w38532
13035,casanatensis,,"ceritisThere is a macron over the first ""i"" of ""cerītis"" to mark the vowel's long quantity.",,w38535
13036,casanatensis,,ul¯uel,,w38538
13037,casanatensis,,ceretis,,w38541
13038,casanatensis,,ŋpro,,w38544
13039,casanatensis,,"ceresThere is a macron over the first ""e"" of ""cēres"" to mark the vowel's long quantity.",,w38547
13040,casanatensis,,quoru2um,,w38550
13041,casanatensis,,nominatiui,,w38554
13042,casanatensis,,nunc,,w38556
13043,casanatensis,,in,,w38559
13044,casanatensis,,usu,,w38562
13045,casanatensis,,n¯non,,w38565
13046,casanatensis,,st¯sunt,,w38568
13047,casanatensis,,inuenitur,,w38571
13048,casanatensis,,etia2am,,w38574
13049,casanatensis,,i,,w38577
13050,casanatensis,,penultimu2um,,w38580
13051,casanatensis,,cor¯orreptum,,w38583
13052,casanatensis,,ceritis,,w38587
13053,casanatensis,,in,,w38589
13054,casanatensis,,os,,w38592
13055,casanatensis,,ta2am,,w38595
13056,casanatensis,,denominatiua,,w38598
13057,casanatensis,,qua2am,,w38601
13058,casanatensis,,uerbialia,,w38604
13059,casanatensis,,pauca,,w38607
13060,casanatensis,,st¯sunt,,w38610
13061,casanatensis,,lepus,,w38613
13062,casanatensis,,lepos,,w38616
13063,casanatensis,,co2ompeto,,w38619
13064,casanatensis,,co2ompes,,w38622
13065,casanatensis,,et,,w38625
13066,casanatensis,,mutatione,,w38628
13067,casanatensis,,e,,w38631
13068,casanatensis,,in,,w38634
13069,casanatensis,,o,,w38637
13070,casanatensis,,co2ompos,,w38640
13071,casanatensis,,custodio,,w38644
13072,casanatensis,,do,,w38646
13073,casanatensis,,dos,,w38650
13074,casanatensis,,dotis,,w38652
13075,casanatensis,,in,,w38655
13076,casanatensis,,us,,w38658
13077,casanatensis,,diuersæ,,w38661
13078,casanatensis,,formæ,,w38664
13079,casanatensis,,st¯sunt,,w38667
13080,casanatensis,,ta2am,,w38670
13081,casanatensis,,denominatiuoru2um,,w38673
13082,casanatensis,,qua2am,,w38676
13083,casanatensis,,uerbialiu2um,,w38679
13084,casanatensis,,alia,,w38682
13085,casanatensis,,exeunt,,w38685
13086,casanatensis,,in,,w38688
13087,casanatensis,,i·us,,w38691
13088,casanatensis,,ut,,w38694
13089,casanatensis,,nuntius,,w38697
13090,casanatensis,,alia,,w38700
13091,casanatensis,,in,,w38703
13092,casanatensis,,u·us,,w38706
13093,casanatensis,,diuisas,,w38709
13094,casanatensis,,arduus,,w38712
13095,casanatensis,,alia,,w38715
13096,casanatensis,,in,,w38718
13097,casanatensis,,bus,,w38721
13098,casanatensis,,ŋprobus,,w38724
13099,casanatensis,,alia,,w38727
13100,casanatensis,,in,,w38730
13101,casanatensis,,cus,,w38733
13102,casanatensis,,lucus,,w38736
13103,casanatensis,,alia,,w38739
13104,casanatensis,,in,,w38742
13105,casanatensis,,quus,,w38745
13106,casanatensis,,æquus,,w38748
13107,casanatensis,,alia,,w38751
13108,casanatensis,,in,,w38754
13109,casanatensis,,dus,,w38757
13110,casanatensis,,ŋprouidus,,w38760
13111,casanatensis,,alia,,w38763
13112,casanatensis,,in,,w38766
13113,casanatensis,,lus,,w38769
13114,casanatensis,,patulus,,w38772
13115,casanatensis,,alia,,w38775
13116,casanatensis,,in,,w38778
13117,casanatensis,,rus,,w38781
13118,casanatensis,,"sonorusThere is a macron over the ""o"" of ""sonōrus"" to mark the vowel's long quantity.",,w38784
13119,casanatensis,,alia,,w38787
13120,casanatensis,,in,,w38790
13121,casanatensis,,sus,,w38793
13122,casanatensis,,cursus,,w38796
13123,casanatensis,,alia,,w38799
13124,casanatensis,,in,,w38802
13125,casanatensis,,tus,,w38805
13126,casanatensis,,togatus,,w38808
13127,casanatensis,,alia,,w38811
13128,casanatensis,,in,,w38814
13129,casanatensis,,stus,,w38817
13130,casanatensis,,uetustus,,w38820
13131,casanatensis,,in,,w38823
13132,casanatensis,,i·us,,w38826
13133,casanatensis,,desinentia,,w38829
13134,casanatensis,,a,,w38832
13135,casanatensis,,nominib;bus,,w38835
13136,casanatensis,,siue,,w38838
13137,casanatensis,,uerbis,,w38841
13138,casanatensis,,deriuata,,w38844
13139,casanatensis,,seruant,,w38847
13140,casanatensis,,c¯consonantes,,w38850
13141,casanatensis,,primitiuoru2um,,w38853
13142,casanatensis,,suoru2um,,w38856
13143,casanatensis,,ante,,w38859
13144,casanatensis,,i·us,,w38862
13145,casanatensis,,ex,,w38865
13146,casanatensis,,¢quibus,,w38868
13147,casanatensis,,incipiunt,,w38871
13148,casanatensis,,ultimæ,,w38874
13149,casanatensis,,ul¯uel,,w38877
13150,casanatensis,,penultimæ,,w38880
13151,casanatensis,,syll¯yllabe,,w38883
13152,casanatensis,,sed,,w38886
13153,casanatensis,,tu2um,,w38889
13154,casanatensis,,penultimæ,,w38892
13155,casanatensis,,cu2um,,w38895
13156,casanatensis,,et,,w38898
13157,casanatensis,,ipsa,,w38901
13158,casanatensis,,penultima,,w38904
13159,casanatensis,,in,,w38907
13160,casanatensis,,uocale2em,,w38910
13161,casanatensis,,desinit,,w38913
13162,casanatensis,,et,,w38916
13163,casanatensis,,ultima,,w38919
13164,casanatensis,,a,,w38922
13165,casanatensis,,uocali,,w38925
13166,casanatensis,,incipit,,w38928
13167,casanatensis,,ut,,w38931
13168,casanatensis,,seruus,,w38934
13169,casanatensis,,serui,,w38937
13170,casanatensis,,seruius,,w38940
13171,casanatensis,,seruilis,,w38943
13172,casanatensis,,seruilius,,w38946
13173,casanatensis,,uirgula,,w38949
13174,casanatensis,,uirgilius,,w38952
13175,casanatensis,,scio,,w38955
13176,casanatensis,,scius,,w38958
13177,casanatensis,,unde,,w38961
13178,casanatensis,,nescio,,w38964
13179,casanatensis,,nescius,,w38967
13180,casanatensis,,preter,,w38970
13181,casanatensis,,desinentia,,w38973
13182,casanatensis,,in,,w38976
13183,casanatensis,,icius,,w38979
13184,casanatensis,,si,,w38982
13185,casanatensis,,deriuantur,,w38985
13186,casanatensis,,a,,w38988
13187,casanatensis,,nominib;bus,,w38991
13188,casanatensis,,ul¯uel,,w38994
13189,casanatensis,,participiis,,w38997
13190,casanatensis,,secundæ,,w39000
13191,casanatensis,,decl¯clinationis,,w39003
13192,casanatensis,,genitiuo,,w39006
13193,casanatensis,,sin,,w39009
13194,casanatensis,,tertiæ,,w39012
13195,casanatensis,,datiuo,,w39015
13196,casanatensis,,assumunt,,w39018
13197,casanatensis,,cius,,w39021
13198,casanatensis,,i,,w39024
13199,casanatensis,,ta2am,,w39027
13200,casanatensis,,penultimu2um,,w39030
13201,casanatensis,,qua2am,,w39033
13202,casanatensis,,antepenultimu2um,,w39036
13203,casanatensis,,cor¯orreptum,,w39039
13204,casanatensis,,ut,,w39042
13205,casanatensis,,aduectus,,w39045
13206,casanatensis,,aduecti,,w39048
13207,casanatensis,,aduecticius,,w39051
13208,casanatensis,,co2ommendatus,,w39054
13209,casanatensis,,co2ommendati,,w39057
13210,casanatensis,,co2ommendaticius,,w39060
13211,casanatensis,,pater,,w39063
13212,casanatensis,,patris,,w39066
13213,casanatensis,,patri,,w39069
13214,casanatensis,,patricius,,w39072
13215,casanatensis,,quæda2am,,w39075
13216,casanatensis,,eiusdem,,w39078
13217,casanatensis,,formæ,,w39081
13218,casanatensis,,ueniunt,,w39084
13219,casanatensis,,a,,w39087
13220,casanatensis,,nominib;bus,,w39090
13221,casanatensis,,primæ,,w39093
13222,casanatensis,,declinationis,,w39096
13223,casanatensis,,habentia,,w39099
13224,casanatensis,,a,,w39102
13225,casanatensis,,ante,,w39105
13226,casanatensis,,cius,,w39108
13227,casanatensis,,gallina,,w39111
13228,casanatensis,,gallinacius,,w39114
13229,casanatensis,,chartina,,w39118
13230,casanatensis,,chartinacius,,w39121
13231,casanatensis,,similiter,,w39123
13232,casanatensis,,fiunt,,w39126
13233,casanatensis,,in,,w39129
13234,casanatensis,,u·us,,w39132
13235,casanatensis,,diuisas,,w39135
13236,casanatensis,,desinentia,,w39138
13237,casanatensis,,ta2am,,w39141
13238,casanatensis,,a,,w39144
13239,casanatensis,,nominib;bus,,w39147
13240,casanatensis,,qua2am,,w39150
13241,casanatensis,,a,,w39153
13242,casanatensis,,uerbis,,w39156
13243,casanatensis,,uenientia,,w39159
13244,casanatensis,,secundu2um,,w39162
13245,casanatensis,,regulam,,w39165
13246,casanatensis,,in,,w39168
13247,casanatensis,,i·us,,w39171
13248,casanatensis,,terminantiu2um,,w39174
13249,casanatensis,,ut,,w39177
13250,casanatensis,,annus,,w39180
13251,casanatensis,,anni,,w39183
13252,casanatensis,,annuus,,w39186
13253,casanatensis,,pater,,w39189
13254,casanatensis,,patris,,w39192
13255,casanatensis,,patri,,w39195
13256,casanatensis,,patruus,,w39198
13257,casanatensis,,þperspicio,,w39202
13258,casanatensis,,þperspicuus,,w39204
13259,casanatensis,,mutata,,w39207
13260,casanatensis,,extrema,,w39210
13261,casanatensis,,littera,,w39213
13262,casanatensis,,ul¯uel,,w39216
13263,casanatensis,,litteris,,w39219
13264,casanatensis,,in,,w39222
13265,casanatensis,,u·us,,w39225
13266,casanatensis,,menstruus,,w39228
13267,casanatensis,,ł,,casanatensis:0.1.0.21.3.5025
13268,casanatensis,,euphoniæ,,w39231
13269,casanatensis,,causa,,w39234
13270,casanatensis,,adsumpsit,,w39237
13271,casanatensis,,t,,w39240
13272,casanatensis,,et,,w39243
13273,casanatensis,,r,,w39246
13274,casanatensis,,similiter,,w39249
13275,casanatensis,,fiunt,,w39252
13276,casanatensis,,in,,w39255
13277,casanatensis,,quus,,w39258
13278,casanatensis,,desinentia,,w39261
13279,casanatensis,,ut,,w39264
13280,casanatensis,,æqųquo,,w39267
13281,casanatensis,,æquus,,w39270
13282,casanatensis,,obliquo,,w39273
13283,casanatensis,,obliquus,,w39276
13284,casanatensis,,sed,,w39279
13285,casanatensis,,magis,,w39282
13286,casanatensis,,ab,,w39285
13287,casanatensis,,his,,w39288
13288,casanatensis,,nominib;bus,,w39291
13289,casanatensis,,uerba,,w39294
13290,casanatensis,,qua2am,,w39297
13291,casanatensis,,a,,w39300
13292,casanatensis,,uerbis,,w39303
13293,casanatensis,,hæc,,w39306
13294,casanatensis,,nomina,,w39309
13295,casanatensis,,deriuantur,,w39312
13296,casanatensis,,longus,,w39315
13297,casanatensis,,longinquus,,w39318
13298,casanatensis,,euphoniæ,,w39321
13299,casanatensis,,causa,,w39324
13300,casanatensis,,adsu2umpsit,,w39327
13301,casanatensis,,n,,w39330
13302,casanatensis,,ante,,w39333
13303,casanatensis,,quus,,w39336
13304,casanatensis,,in,,w39339
13305,casanatensis,,bus,,w39342
13306,casanatensis,,ul¯uel,,w39345
13307,casanatensis,,cus,,w39348
13308,casanatensis,,uenientia,,w39351
13309,casanatensis,,a,,w39354
13310,casanatensis,,uerbis,,w39357
13311,casanatensis,,habentibus,,w39360
13312,casanatensis,,b,,w39363
13313,casanatensis,,ul¯uel,,w39366
13314,casanatensis,,c,,w39369
13315,casanatensis,,ante,,w39372
13316,casanatensis,,extrema2am,,w39375
13317,casanatensis,,uocalem,,w39378
13318,casanatensis,,ul¯uel,,w39381
13319,casanatensis,,uocales,,w39384
13320,casanatensis,,mutatione,,w39387
13321,casanatensis,,o,,w39390
13322,casanatensis,,in,,w39393
13323,casanatensis,,us,,w39396
13324,casanatensis,,fiunt,,w39399
13325,casanatensis,,etia2am,,w39402
13326,casanatensis,,si,,w39405
13327,casanatensis,,alia,,w39408
13328,casanatensis,,uocalis,,w39411
13329,casanatensis,,sit,,w39414
13330,casanatensis,,ante,,w39417
13331,casanatensis,,o,,w39420
13332,casanatensis,,ut,,w39423
13333,casanatensis,,ŋprobo,,w39426
13334,casanatensis,,ŋprobus,,w39429
13335,casanatensis,,suþperbio,,w39432
13336,casanatensis,,suþperbus,,w39435
13337,casanatensis,,parco,,w39438
13338,casanatensis,,parcus,,w39441
13339,casanatensis,,luceo,,w39444
13340,casanatensis,,lucus,,w39447
13341,casanatensis,,ł,,casanatensis:0.1.0.21.3.5171
13342,casanatensis,,pauca,,w39450
13343,casanatensis,,inueniuntur,,w39453
13344,casanatensis,,a,,w39456
13345,casanatensis,,nominib;bus,,w39459
13346,casanatensis,,ul¯uel,,w39462
13347,casanatensis,,uerbis,,w39465
13348,casanatensis,,in,,w39468
13349,casanatensis,,ucus,,w39471
13350,casanatensis,,desinentia,,w39474
13351,casanatensis,,ut,,w39477
13352,casanatensis,,sus,,w39480
13353,casanatensis,,subulcus,,w39483
13354,casanatensis,,bos,,w39486
13355,casanatensis,,bobulcus,,w39489
13356,casanatensis,,peto,,w39492
13357,casanatensis,,petulcus,,w39495
13358,casanatensis,,in,,w39498
13359,casanatensis,,dus,,w39501
13360,casanatensis,,desinentiu2um,,w39504
13361,casanatensis,,tres,,w39507
13362,casanatensis,,st¯sunt,,w39510
13363,casanatensis,,formæ,,w39513
13364,casanatensis,,una,,w39516
13365,casanatensis,,quæ,,w39519
13366,casanatensis,,seruat,,w39522
13367,casanatensis,,c¯consonante2em,,w39525
13368,casanatensis,,ex,,w39528
13369,casanatensis,,qua,,w39531
13370,casanatensis,,incipit,,w39534
13371,casanatensis,,ultima,,w39537
13372,casanatensis,,ul¯uel,,w39540
13373,casanatensis,,penultima,,w39543
13374,casanatensis,,syll¯yllaba,,w39546
13375,casanatensis,,primitiui,,w39549
13376,casanatensis,,mutata,,w39552
13377,casanatensis,,parte,,w39555
13378,casanatensis,,syllabæ,,w39558
13379,casanatensis,,ul¯uel,,w39561
13380,casanatensis,,syllabaru2um,,w39564
13381,casanatensis,,in,,w39567
13382,casanatensis,,i,,w39570
13383,casanatensis,,cor¯orreptum,,w39573
13384,casanatensis,,et,,w39576
13385,casanatensis,,adsu2umpta,,w39579
13386,casanatensis,,dus,,w39582
13387,casanatensis,,sed,,w39585
13388,casanatensis,,tunc,,w39588
13389,casanatensis,,fit,,w39591
13390,casanatensis,,in,,w39594
13391,casanatensis,,penultima,,w39597
13392,casanatensis,,si,,w39600
13393,casanatensis,,inter,,w39603
13394,casanatensis,,uocales,,w39606
13395,casanatensis,,ultimæ,,w39609
13396,casanatensis,,et,,w39612
13397,casanatensis,,penultimæ,,w39615
13398,casanatensis,,syllabæ,,w39618
13399,casanatensis,,n¯non,,w39621
13400,casanatensis,,intercedat,,w39624
13401,casanatensis,,c¯consonans,,w39627
13402,casanatensis,,herba,,w39630
13403,casanatensis,,herbidus,,w39633
13404,casanatensis,,turba,,w39636
13405,casanatensis,,turbidus,,w39639
13406,casanatensis,,tumeo,,w39642
13407,casanatensis,,tumidus,,w39645
13408,casanatensis,,ferueo,,w39648
13409,casanatensis,,feruidus,,w39651
13410,casanatensis,,excipitur,,w39654
13411,casanatensis,,unu2um,,w39657
13412,casanatensis,,alternitatis,,w39660
13413,casanatensis,,causa,,w39663
13414,casanatensis,,qua2am,,w39666
13415,casanatensis,,greci,,w39669
13416,casanatensis,grc,epallilotita,,w39672
13417,casanatensis,,uocant,,w39675
13418,casanatensis,,pando,,w39678
13419,casanatensis,,pandus,,w39681
13420,casanatensis,,non,,w39684
13421,casanatensis,,pandidus,,w39687
13422,casanatensis,,ne,,w39690
13423,casanatensis,,alterna,,w39693
13424,casanatensis,,d,,w39696
13425,casanatensis,,in,,w39699
13426,casanatensis,,utraq;que,,w39702
13427,casanatensis,,syll¯yllaba,,w39705
13428,casanatensis,,continuaretur,,w39708
13429,casanatensis,,quod,,w39711
13430,casanatensis,,in,,w39714
13431,casanatensis,,multis,,w39717
13432,casanatensis,,uitatur,,w39720
13433,casanatensis,,apud,,w39723
13434,casanatensis,,grecos,,w39726
13435,casanatensis,,ut,,w39729
13436,casanatensis,grc,charibdeos,,w39732
13437,casanatensis,,ŋpro,,w39735
13438,casanatensis,grc,charibdidos,,w39738
13439,casanatensis,,et,,w39741
13440,casanatensis,,apud,,w39744
13441,casanatensis,,nos,,w39747
13442,casanatensis,,charybdis,,w39751
13443,casanatensis,,n¯non,,w39753
13444,casanatensis,,charybdidis,,w39757
13445,casanatensis,,et,,w39759
13446,casanatensis,,a,,w39762
13447,casanatensis,,mane,,w39765
13448,casanatensis,,n¯non,,w39768
13449,casanatensis,,manunine,,w39771
13450,casanatensis,,sed,,w39774
13451,casanatensis,,matutine,,w39777
13452,casanatensis,,uitis,,w39780
13453,casanatensis,,non,,w39783
13454,casanatensis,,uitetu2um,,w39786
13455,casanatensis,,sed,,w39789
13456,casanatensis,,uinetu2um,,w39792
13457,casanatensis,,qd¯quod,,w39795
13458,casanatensis,,tamen,,w39798
13459,casanatensis,,a,,w39801
13460,casanatensis,,uinea,,w39804
13461,casanatensis,,est,,w39807
13462,casanatensis,,meridies,,w39810
13463,casanatensis,,ŋpro,,w39813
13464,casanatensis,,merididies,,w39816
13465,casanatensis,,a,,w39819
13466,casanatensis,,medio,,w39822
13467,casanatensis,,die,,w39825
13468,casanatensis,,sed,,w39828
13469,casanatensis,,hoc,,w39831
13470,casanatensis,,non,,w39834
13471,casanatensis,,in,,w39837
13472,casanatensis,,omnibus,,w39840
13473,casanatensis,,fit,,w39843
13474,casanatensis,,na2am,,w39846
13475,casanatensis,,a,,w39849
13476,casanatensis,,secunda,,w39852
13477,casanatensis,,coniugatione,,w39855
13478,casanatensis,,in,,w39858
13479,casanatensis,,deo,,w39861
13480,casanatensis,,uenientia,,w39864
13481,casanatensis,,alternant,,w39867
13482,casanatensis,,d,,w39870
13483,casanatensis,,in,,w39873
13484,casanatensis,,utraq;que,,w39876
13485,casanatensis,,syll¯yllaba,,w39879
13486,casanatensis,,ut,,w39882
13487,casanatensis,,candeo,,w39885
13488,casanatensis,,candidus,,w39888
13489,casanatensis,,fordeo,,w39891
13490,casanatensis,,fordidus,,w39894
13491,casanatensis,,madeo,,w39897
13492,casanatensis,,madidus,,w39900
13493,casanatensis,,pando,,w39903
13494,casanatensis,,ideo,,w39906
13495,casanatensis,,n¯non,,w39909
13496,casanatensis,,pandidus,,w39912
13497,casanatensis,,sed,,w39915
13498,casanatensis,,pandus,,w39918
13499,casanatensis,,facit,,w39921
13500,casanatensis,,¢quia,,w39924
13501,casanatensis,,solu2um,,w39927
13502,casanatensis,,a,,w39930
13503,casanatensis,,tertia,,w39933
13504,casanatensis,,in,,w39936
13505,casanatensis,,do,,w39939
13506,casanatensis,,desinens,,w39942
13507,casanatensis,,uenit,,w39945
13508,casanatensis,,hæc,,w39948
13509,casanatensis,,p¯predicta,,w39951
13510,casanatensis,,deriuatiua,,w39954
13511,casanatensis,,in,,w39957
13512,casanatensis,,dus,,w39960
13513,casanatensis,,ostendunt,,w39963
13514,casanatensis,,habere,,w39966
13515,casanatensis,,in,,w39969
13516,casanatensis,,se,,w39972
13517,casanatensis,,ea,,w39975
13518,casanatensis,,ex,,w39978
13519,casanatensis,,¢quib;bus,,w39981
13520,casanatensis,,deriuantur,,w39984
13521,casanatensis,,ut,,w39987
13522,casanatensis,,herbidus,,w39990
13523,casanatensis,,¢qui,,w39993
13524,casanatensis,,hab¯abet,,w39996
13525,casanatensis,,herba2am,,w39999
13526,casanatensis,,rabidus,,w40002
13527,casanatensis,,¢qui,,w40005
13528,casanatensis,,hab¯abet,,w40008
13529,casanatensis,,rabiem,,w40011
13530,casanatensis,,et,,w40014
13531,casanatensis,,in,,w40017
13532,casanatensis,,bundus,,w40020
13533,casanatensis,,secundæ,,w40023
13534,casanatensis,,formæ,,w40026
13535,casanatensis,,desinentia,,w40029
13536,casanatensis,,habent,,w40032
13537,casanatensis,,similitudine2em,,w40035
13538,casanatensis,,primitiuoru2um,,w40038
13539,casanatensis,,suorum,,w40041
13540,casanatensis,,in,,w40044
13541,casanatensis,,se,,w40047
13542,casanatensis,,ut,,w40050
13543,casanatensis,,uitabundus,,w40053
13544,casanatensis,,similis,,w40056
13545,casanatensis,,uitanti,,w40059
13546,casanatensis,,moribundus,,w40062
13547,casanatensis,,similis,,w40065
13548,casanatensis,,morienti,,w40068
13549,casanatensis,,et,,w40071
13550,casanatensis,,pene,,w40074
13551,casanatensis,,omnia,,w40077
13552,casanatensis,,uerbialia,,w40080
13553,casanatensis,,st¯sunt,,w40083
13554,casanatensis,,et,,w40086
13555,casanatensis,,si,,w40089
13556,casanatensis,,deriuantur,,w40092
13557,casanatensis,,a,,w40095
13558,casanatensis,,prima,,w40098
13559,casanatensis,,c¯coniugatione,,w40101
13560,casanatensis,,a,,w40104
13561,casanatensis,,ante,,w40107
13562,casanatensis,,penultimu2um,,w40110
13563,casanatensis,,longu2um,,w40113
13564,casanatensis,,hab¯abent,,w40116
13565,casanatensis,,ut,,w40119
13566,casanatensis,,uito,,w40122
13567,casanatensis,,uitas,,w40125
13568,casanatensis,,"uitabundusThere is a macron over ""uitābundus"" to mark the vowel's long quantity.",,w40128
13569,casanatensis,,sin,,w40131
13570,casanatensis,,ab,,w40134
13571,casanatensis,,aliis,,w40137
13572,casanatensis,,i,,w40140
13573,casanatensis,,cor¯orreptum,,w40143
13574,casanatensis,,ut,,w40146
13575,casanatensis,,ludo,,w40149
13576,casanatensis,,ludis,,w40152
13577,casanatensis,,"ludibundusThe first ""u"" is a scribal correction (written above the line) for ""i"".A breve mark (˘) over the ""i"" (""ludĭbundus"") marks its short quantity.",,w40155
13578,casanatensis,,excipitur,,w40158
13579,casanatensis,,rubicundus,,w40161
13580,casanatensis,,qd¯quod,,w40164
13581,casanatensis,,in,,w40167
13582,casanatensis,,penultimo,,w40170
13583,casanatensis,,ŋpro,,w40173
13584,casanatensis,,b,,w40176
13585,casanatensis,,hab¯abet,,w40179
13586,casanatensis,,c,,w40182
13587,casanatensis,,euphoniæ,,w40185
13588,casanatensis,,causa,,w40188
13589,casanatensis,,ne,,w40191
13590,casanatensis,,rubibundus,,w40194
13591,casanatensis,,diceretur,,w40197
13592,casanatensis,,tertia,,w40200
13593,casanatensis,,forma,,w40203
13594,casanatensis,,in,,w40206
13595,casanatensis,,dus,,w40209
13596,casanatensis,,terminantiu2um,,w40212
13597,casanatensis,,est,,w40215
13598,casanatensis,,participialis,,w40218
13599,casanatensis,,id,,w40221
13600,casanatensis,,est,,w40224
13601,casanatensis,,quæ,,w40227
13602,casanatensis,,hab¯abent,,w40230
13603,casanatensis,,terminatione2em,,w40233
13604,casanatensis,,participioru2um,,w40236
13605,casanatensis,,passiuoru2um,,w40239
13606,casanatensis,,futuri,,w40242
13607,casanatensis,,temporis,,w40245
13608,casanatensis,,et,,w40248
13609,casanatensis,,significat,,w40251
13610,casanatensis,,dignu2um,,w40254
13611,casanatensis,,ee¯esse,,w40257
13612,casanatensis,,alique2em,,w40260
13613,casanatensis,,quod,,w40263
13614,casanatensis,,"demonstratThe source Priscian, Ars grammatica, K 2.1.137.26 - K 2.138.1 makes the meaning of the passage clearer: ""et significat digum esse aliquem eo, quod demonstratur"".",,w40266
13615,casanatensis,,ut,,w40269
13616,casanatensis,,laudandus,,w40272
13617,casanatensis,,dignus,,w40275
13618,casanatensis,,laude,,w40278
13619,casanatensis,,amandus,,w40281
13620,casanatensis,,dignus,,w40284
13621,casanatensis,,amari,,w40287
13622,casanatensis,,formæ,,w40290
13623,casanatensis,,in,,w40293
13624,casanatensis,,lus,,w40296
13625,casanatensis,,desinentiu2um,,w40299
13626,casanatensis,,similes,,w40302
13627,casanatensis,,st¯sunt,,w40305
13628,casanatensis,,diminutiuis,,w40308
13629,casanatensis,,et,,w40311
13630,casanatensis,,ueniunt,,w40314
13631,casanatensis,,tam,,w40317
13632,casanatensis,,a,,w40320
13633,casanatensis,,nominibus,,w40323
13634,casanatensis,,qua2am,,w40326
13635,casanatensis,,a,,w40329
13636,casanatensis,,uerbis,,w40332
13637,casanatensis,,ut,,w40335
13638,casanatensis,,anniculus,,w40338
13639,casanatensis,,ab,,w40341
13640,casanatensis,,anno,,w40344
13641,casanatensis,,patulus,,w40347
13642,casanatensis,,a,,w40350
13643,casanatensis,,pateo,,w40353
13644,casanatensis,,bibulus,,w40356
13645,casanatensis,,a,,w40359
13646,casanatensis,,bibo,,w40362
13647,casanatensis,,extrema,,w40365
13648,casanatensis,,parte,,w40368
13649,casanatensis,,syll¯yllabe,,w40371
13650,casanatensis,,ultimæ,,w40374
13651,casanatensis,,ul¯uel,,w40377
13652,casanatensis,,eade2em,,w40380
13653,casanatensis,,syll¯yllaba,,w40383
13654,casanatensis,,in,,w40386
13655,casanatensis,,ulus,,w40389
13656,casanatensis,,uersa,,w40392
13657,casanatensis,,p¯preter,,w40395
13658,casanatensis,,anniculus,,w40398
13659,casanatensis,,¢quia,,w40401
13660,casanatensis,,annulus,,w40404
13661,casanatensis,,diminutiuum,,w40407
13662,casanatensis,,est,,w40410
13663,casanatensis,,et,,w40413
13664,casanatensis,,nouacula,,w40416
13665,casanatensis,,a,,w40419
13666,casanatensis,,nouo,,w40422
13667,casanatensis,,nouas,,w40425
13668,casanatensis,,in,,w40428
13669,casanatensis,,rus,,w40431
13670,casanatensis,,denominatiua,,w40434
13671,casanatensis,,siue,,w40437
13672,casanatensis,,uerbialia,,w40440
13673,casanatensis,,pauca,,w40443
13674,casanatensis,,quoru2um,,w40446
13675,casanatensis,,penultima,,w40449
13676,casanatensis,,ŋproducitur,,w40452
13677,casanatensis,,ex,,w40455
13678,casanatensis,,quib;bus,,w40458
13679,casanatensis,,ea,,w40461
13680,casanatensis,,quæ,,w40464
13681,casanatensis,,a,,w40467
13682,casanatensis,,nominibus,,w40470
13683,casanatensis,,ueniunt,,w40473
13684,casanatensis,,adsumunt,,w40476
13685,casanatensis,,us,,w40479
13686,casanatensis,,ut,,w40482
13687,casanatensis,,honor,,w40485
13688,casanatensis,,honorus,,w40488
13689,casanatensis,,odor,,w40491
13690,casanatensis,,odorus,,w40494
13691,casanatensis,,decor,,w40497
13692,casanatensis,,decorus,,w40500
13693,casanatensis,,et,,w40503
13694,casanatensis,,ea,,w40506
13695,casanatensis,,quæ,,w40509
13696,casanatensis,,a,,w40512
13697,casanatensis,,uerbis,,w40515
13698,casanatensis,,adsumunt,,w40518
13699,casanatensis,,rus,,w40521
13700,casanatensis,,ut,,w40524
13701,casanatensis,,cano,,w40527
13702,casanatensis,,canorus,,w40530
13703,casanatensis,,sono,,w40533
13704,casanatensis,,sonorus,,w40536
13705,casanatensis,,in,,w40539
13706,casanatensis,,sus,,w40542
13707,casanatensis,,duplice2em,,w40545
13708,casanatensis,,forma2am,,w40548
13709,casanatensis,,hab¯abent,,w40551
13710,casanatensis,,¢quia,,w40554
13711,casanatensis,,aut,,w40557
13712,casanatensis,,participialia,,w40560
13713,casanatensis,,st¯sunt,,w40563
13714,casanatensis,,id,,w40566
13715,casanatensis,,est,,w40569
13716,casanatensis,,similia,,w40572
13717,casanatensis,,p¯presenti,,w40575
13718,casanatensis,,participii,,w40578
13719,casanatensis,,et,,w40581
13720,casanatensis,,significant,,w40584
13721,casanatensis,,res,,w40587
13722,casanatensis,,incorporales,,w40590
13723,casanatensis,,et,,w40593
13724,casanatensis,,st¯sunt,,w40596
13725,casanatensis,,quartæ,,w40599
13726,casanatensis,,decl¯clinationis,,w40602
13727,casanatensis,,ut,,w40605
13728,casanatensis,,uisus,,w40608
13729,casanatensis,,cursus,,w40611
13730,casanatensis,,lusus,,w40614
13731,casanatensis,,uersus,,w40617
13732,casanatensis,,qd¯quod,,w40620
13733,casanatensis,,adductu2um,,w40623
13734,casanatensis,,est,,w40626
13735,casanatensis,,a,,w40629
13736,casanatensis,,re,,w40632
13737,casanatensis,,incorporali,,w40635
13738,casanatensis,,ad,,w40638
13739,casanatensis,,corporalem,,w40641
13740,casanatensis,,quæ,,w40644
13741,casanatensis,,est,,w40647
13742,casanatensis,,in,,w40650
13743,casanatensis,,litteris,,w40653
13744,casanatensis,,aut,,w40656
13745,casanatensis,,mobilia,,w40660
13746,casanatensis,,st¯sunt,,w40662
13747,casanatensis,,secundæ,,w40665
13748,casanatensis,,decl¯clinationis,,w40668
13749,casanatensis,,ut,,w40671
13750,casanatensis,,lassus,,w40674
13751,casanatensis,,fessus,,w40677
13752,casanatensis,,aut,,w40680
13753,casanatensis,,o,,w40683
13754,casanatensis,,ŋproduc¯uctum,,w40686
13755,casanatensis,,hab¯abent,,w40689
13756,casanatensis,,ante,,w40692
13757,casanatensis,,sus,,w40695
13758,casanatensis,,significans,,w40698
13759,casanatensis,,plenu2um,,w40701
13760,casanatensis,,ee¯esse,,w40704
13761,casanatensis,,de,,w40707
13762,casanatensis,,his,,w40710
13763,casanatensis,,quæ,,w40713
13764,casanatensis,,ostendit,,w40716
13765,casanatensis,,ut,,w40719
13766,casanatensis,,saxosus,,w40722
13767,casanatensis,,plenus,,w40725
13768,casanatensis,,saxis,,w40728
13769,casanatensis,,spumosus,,w40731
13770,casanatensis,,plenus,,w40734
13771,casanatensis,,spuma,,w40737
13772,casanatensis,,mutant,,w40740
13773,casanatensis,,hæc,,w40743
13774,casanatensis,,extrema2am,,w40746
13775,casanatensis,,parte2em,,w40749
13776,casanatensis,,syll¯yllabe,,w40752
13777,casanatensis,,ultimæ,,w40755
13778,casanatensis,,genitiui,,w40758
13779,casanatensis,,ul¯uel,,w40761
13780,casanatensis,,ipsa2am,,w40764
13781,casanatensis,,syll¯yllabam,,w40767
13782,casanatensis,,si,,w40770
13783,casanatensis,,pura,,w40773
13784,casanatensis,,est,,w40776
13785,casanatensis,,in,,w40779
13786,casanatensis,,o,,w40782
13787,casanatensis,,ŋproduc¯uctum,,w40785
13788,casanatensis,,et,,w40788
13789,casanatensis,,assumunt,,w40791
13790,casanatensis,,sus,,w40794
13791,casanatensis,,saxus,,w40797
13792,casanatensis,,saxi,,w40800
13793,casanatensis,,saxosus,,w40803
13794,casanatensis,,herba,,w40806
13795,casanatensis,,herbæ,,w40809
13796,casanatensis,,herbosus,,w40812
13797,casanatensis,,onus,,w40815
13798,casanatensis,,oneris,,w40818
13799,casanatensis,,onerosus,,w40821
13800,casanatensis,,a,,w40824
13801,casanatensis,,metu,,w40827
13802,casanatensis,,meticulosus,,w40830
13803,casanatensis,,fit,,w40833
13804,casanatensis,,in,,w40836
13805,casanatensis,,tus,,w40839
13806,casanatensis,,si,,w40842
13807,casanatensis,,sint,,w40845
13808,casanatensis,,participialia,,w40848
13809,casanatensis,,aut,,w40851
13810,casanatensis,,denominatiua,,w40854
13811,casanatensis,,ul¯uel,,w40857
13812,casanatensis,,incorporalia,,w40860
13813,casanatensis,,aut,,w40863
13814,casanatensis,,fixa,,w40866
13815,casanatensis,,st¯sunt,,w40869
13816,casanatensis,,ut,,w40872
13817,casanatensis,,motus,,w40875
13818,casanatensis,,tumultus,,w40878
13819,casanatensis,,sonitus,,w40881
13820,casanatensis,,c¯consolatus,,w40884
13821,casanatensis,,et,,w40887
13822,casanatensis,,quarte,,w40890
13823,casanatensis,,decl¯clinationis,,w40893
13824,casanatensis,,aut,,w40896
13825,casanatensis,,mobilia,,w40900
13826,casanatensis,,ut,,w40902
13827,casanatensis,,togatus,,w40905
13828,casanatensis,,loricatus,,w40908
13829,casanatensis,,ł,,casanatensis:0.1.0.21.3.6078
13830,casanatensis,,et,,w40911
13831,casanatensis,,si,,w40914
13832,casanatensis,,a,,w40917
13833,casanatensis,,prima,,w40920
13834,casanatensis,,decl¯clinationis,,w40923
13835,casanatensis,,ueniunt,,w40926
13836,casanatensis,,a,,w40929
13837,casanatensis,,penul¯ultimum,,w40932
13838,casanatensis,,ŋproduc¯uctum,,w40935
13839,casanatensis,,hab¯abent,,w40938
13840,casanatensis,,ut,,w40941
13841,casanatensis,,barba,,w40944
13842,casanatensis,,"barbatusThere is a macron over ""barbātus"" to mark the vowel's long quantity.",,w40947
13843,casanatensis,,sin,,w40950
13844,casanatensis,,a,,w40953
13845,casanatensis,,secunda,,w40956
13846,casanatensis,,ul¯uel,,w40959
13847,casanatensis,,tertia,,w40962
13848,casanatensis,,in,,w40965
13849,casanatensis,,aliis,,w40968
13850,casanatensis,,a,,w40971
13851,casanatensis,,in,,w40974
13852,casanatensis,,aliis,,w40977
13853,casanatensis,,i,,w40980
13854,casanatensis,,ŋproduc¯ductum,,w40983
13855,casanatensis,,hab¯abent,,w40986
13856,casanatensis,,penulti¯timum,,w40989
13857,casanatensis,,ut,,w40992
13858,casanatensis,,palliu2um,,w40995
13859,casanatensis,,pallii,,w40998
13860,casanatensis,,palliatus,,w41001
13861,casanatensis,,excipitur,,w41004
13862,casanatensis,,manuleatus,,w41007
13863,casanatensis,,id,,w41010
13864,casanatensis,,est,,w41013
13865,casanatensis,,manicatus,,w41016
13866,casanatensis,,quod,,w41019
13867,casanatensis,,qua2amuis,,w41022
13868,casanatensis,,a,,w41025
13869,casanatensis,,penulm¯ultimum,,w41028
13870,casanatensis,,ŋproduc¯uctum,,w41031
13871,casanatensis,,hab¯abeat,,w41034
13872,casanatensis,,tamen,,w41037
13873,casanatensis,,a,,w41040
13874,casanatensis,,manu,,w41043
13875,casanatensis,,quartæ,,w41046
13876,casanatensis,,decli¯clinationis,,w41049
13877,casanatensis,,deriuatur,,w41052
13878,casanatensis,,ab,,w41055
13879,casanatensis,,auo,,w41058
13880,casanatensis,,auitus,,w41061
13881,casanatensis,,a,,w41064
13882,casanatensis,,mare,,w41067
13883,casanatensis,,maritus,,w41070
13884,casanatensis,,a,,w41073
13885,casanatensis,,cerere,,w41076
13886,casanatensis,,cerritus,,w41079
13887,casanatensis,,preter,,w41082
13888,casanatensis,,uetustus,,w41085
13889,casanatensis,,et,,w41088
13890,casanatensis,,libertus,,w41091
13891,casanatensis,,quæ,,w41094
13892,casanatensis,,nominatiuo,,w41097
13893,casanatensis,,primitiuoru2um,,w41100
13894,casanatensis,,addiderunt,,w41103
13895,casanatensis,,tus,,w41106
13896,casanatensis,,uetus,,w41109
13897,casanatensis,,et,,w41112
13898,casanatensis,,liber,,w41115
13899,casanatensis,,a,,w41118
13900,casanatensis,,quarta,,w41121
13901,casanatensis,,decl¯clinatione,,w41124
13902,casanatensis,,deriuatiua,,w41127
13903,casanatensis,,u,,w41130
13904,casanatensis,,ŋproduc¯uctum,,w41133
13905,casanatensis,,habent,,w41136
13906,casanatensis,,ante,,w41139
13907,casanatensis,,tus,,w41142
13908,casanatensis,,ut,,w41145
13909,casanatensis,,cornu,,w41148
13910,casanatensis,,"cornutusThere is a macron over ""cornūtus"" to mark the vowel's long quantity.",,w41151
13911,casanatensis,,ueru,,w41154
13912,casanatensis,,uerutus,,w41157
13913,casanatensis,,in,,w41160
13914,casanatensis,,ptus,,w41163
13915,casanatensis,,ctus,,w41166
13916,casanatensis,,xus,,w41169
13917,casanatensis,,desinentia,,w41172
13918,casanatensis,,uerbialia,,w41175
13919,casanatensis,,ul¯uel,,w41178
13920,casanatensis,,participialia,,w41181
13921,casanatensis,,sunt,,w41184
13922,casanatensis,,acceptus,,w41187
13923,casanatensis,,amictus,,w41190
13924,casanatensis,,flexus,,w41193
13925,casanatensis,,cu2um,,w41196
13926,casanatensis,,n¯non,,w41199
13927,casanatensis,,significant,,w41202
13928,casanatensis,,actus,,w41205
13929,casanatensis,,ul¯uel,,w41208
13930,casanatensis,,passione2em,,w41211
13931,casanatensis,,in,,w41214
13932,casanatensis,,te2empore,,w41217
13933,casanatensis,,nomina,,w41220
13934,casanatensis,,sunt,,w41223
13935,casanatensis,,in,,w41226
13936,casanatensis,,stus,,w41229
13937,casanatensis,,fiunt,,w41232
13938,casanatensis,,a,,w41235
13939,casanatensis,,nominibus,,w41238
13940,casanatensis,,ul¯uel,,w41241
13941,casanatensis,,uerbis,,w41244
13942,casanatensis,,conuersa,,w41247
13943,casanatensis,,pars,,w41250
13944,casanatensis,,ultima,,w41253
13945,casanatensis,,in,,w41256
13946,casanatensis,,stus,,w41259
13947,casanatensis,,antecedente,,w41262
13948,casanatensis,,e,,w41265
13949,casanatensis,,ul¯uel,,w41268
13950,casanatensis,,u,,w41271
13951,casanatensis,,ut,,w41274
13952,casanatensis,,honor,,w41277
13953,casanatensis,,honestus,,w41280
13954,casanatensis,,meror,,w41283
13955,casanatensis,,mestus,,w41286
13956,casanatensis,,robur,,w41289
13957,casanatensis,,robustus,,w41292
13958,casanatensis,,excepto,,w41295
13959,casanatensis,,uenus,,w41298
13960,casanatensis,,uenustus,,w41301
13961,casanatensis,,ius,,w41304
13962,casanatensis,,iustus,,w41307
13963,casanatensis,,onus,,w41311
13964,casanatensis,,honustus,,w41314
13965,casanatensis,,adsu2umpta,,w41316
13966,casanatensis,,nominatiuo,,w41319
13967,casanatensis,,tus,,w41322
13968,casanatensis,,fiunt,,w41325
13969,casanatensis,,sicut,,w41328
13970,casanatensis,,uetus,,w41331
13971,casanatensis,,uetustus,,w41334
13972,casanatensis,,et,,w41337
13973,casanatensis,,omnia,,w41340
13974,casanatensis,,uincunt,,w41343
13975,casanatensis,,primitiua,,w41346
13976,casanatensis,,sua,,w41349
13977,casanatensis,,una,,w41352
13978,casanatensis,,syll¯yllaba,,w41355
13979,casanatensis,,excepto,,w41359
13980,casanatensis,,mestus,,w41361
13981,casanatensis,,in,,w41364
13982,casanatensis,,quo,,w41367
13983,casanatensis,,tot,,w41370
13984,casanatensis,,syll¯yllabe,,w41373
13985,casanatensis,,st¯sunt,,w41376
13986,casanatensis,,qt¯quot,,w41379
13987,casanatensis,,et,,w41382
13988,casanatensis,,in,,w41385
13989,casanatensis,,meror,,w41388
13990,casanatensis,,in,,w41391
13991,casanatensis,,ax,,w41394
13992,casanatensis,,pleru2umq;que,,w41397
13993,casanatensis,,uerbialia,,w41400
13994,casanatensis,,ab,,w41403
13995,casanatensis,,omni,,w41406
13996,casanatensis,,c¯coniugatione,,w41409
13997,casanatensis,,ut,,w41412
13998,casanatensis,,uoro,,w41415
13999,casanatensis,,uoras,,w41418
14000,casanatensis,,uorax,,w41421
14001,casanatensis,,audeo,,w41424
14002,casanatensis,,audes,,w41427
14003,casanatensis,,audax,,w41430
14004,casanatensis,,emo,,w41433
14005,casanatensis,,emis,,w41436
14006,casanatensis,,emax,,w41439
14007,casanatensis,,sagio,,w41442
14008,casanatensis,,sagis,,w41445
14009,casanatensis,,sagax,,w41448
14010,casanatensis,,similiter,,w41451
14011,casanatensis,,in,,w41454
14012,casanatensis,,ex,,w41457
14013,casanatensis,,cor¯orreptam,,w41460
14014,casanatensis,,lateo,,w41463
14015,casanatensis,,lates,,w41466
14016,casanatensis,,latex,,w41469
14017,casanatensis,,laticis,,w41472
14018,casanatensis,,uerto,,w41475
14019,casanatensis,,uertex,,w41478
14020,casanatensis,,uomo,,w41481
14021,casanatensis,,uomex,,w41484
14022,casanatensis,,simil¯iliter,,w41487
14023,casanatensis,,in,,w41490
14024,casanatensis,,ex,,w41493
14025,casanatensis,,ŋproduc¯uctam,,w41496
14026,casanatensis,,rego,,w41499
14027,casanatensis,,regis,,w41502
14028,casanatensis,,rex,,w41505
14029,casanatensis,,lego,,w41508
14030,casanatensis,,legis,,w41511
14031,casanatensis,,lex,,w41514
14032,casanatensis,,in,,w41517
14033,casanatensis,,ix,,w41520
14034,casanatensis,,feminina,,w41523
14035,casanatensis,,fiunt,,w41526
14036,casanatensis,,a,,w41529
14037,casanatensis,,masculinis,,w41532
14038,casanatensis,,uerbialibus,,w41535
14039,casanatensis,,siue,,w41538
14040,casanatensis,,a,,w41541
14041,casanatensis,,nominatiuis,,w41544
14042,casanatensis,,desinentibus,,w41547
14043,casanatensis,,in,,w41550
14044,casanatensis,,tor,,w41553
14045,casanatensis,,mutato,,w41556
14046,casanatensis,,or,,w41559
14047,casanatensis,,in,,w41562
14048,casanatensis,,rix,,w41565
14049,casanatensis,,ut,,w41568
14050,casanatensis,,uictor,,w41571
14051,casanatensis,,uictrix,,w41574
14052,casanatensis,,senator,,w41577
14053,casanatensis,,senatrix,,w41580
14054,casanatensis,,nutritor,,w41583
14055,casanatensis,,debuerat,,w41586
14056,casanatensis,,facere,,w41589
14057,casanatensis,,nutritrix,,w41592
14058,casanatensis,,sed,,w41595
14059,casanatensis,,euphonie,,w41598
14060,casanatensis,,siue,,w41601
14061,casanatensis,,alternitatis,,w41604
14062,casanatensis,,causa,,w41607
14063,casanatensis,,c¯conciditur,,w41610
14064,casanatensis,,media,,w41613
14065,casanatensis,,syll¯yllaba,,w41616
14066,casanatensis,,et,,w41619
14067,casanatensis,,dicr¯icitur,,w41622
14068,casanatensis,,nutrix,,w41625
14069,casanatensis,,in,,w41628
14070,casanatensis,,ox,,w41631
14071,casanatensis,,uerbialia,,w41634
14072,casanatensis,,ul¯uel,,w41637
14073,casanatensis,,denominatiua,,w41640
14074,casanatensis,,ut,,w41643
14075,casanatensis,,uoco,,w41646
14076,casanatensis,,uox,,w41649
14077,casanatensis,,uelu2um,,w41652
14078,casanatensis,,uelox,,w41655
14079,casanatensis,,in,,w41658
14080,casanatensis,,ux,,w41661
14081,casanatensis,,luceo,,w41664
14082,casanatensis,,lux,,w41667
14083,casanatensis,,duco,,w41671
14084,casanatensis,,dux,,w41673
14085,casanatensis,,in,,w41676
14086,casanatensis,,nx,,w41679
14087,casanatensis,,ul¯uel,,w41682
14088,casanatensis,,rx,,w41685
14089,casanatensis,,coniungo,,w41688
14090,casanatensis,,coniunx,,w41691
14091,casanatensis,,arceo,,w41694
14092,casanatensis,,arx,,w41697
14093,casanatensis,,in,,w41700
14094,casanatensis,,duas,,w41703
14095,casanatensis,,c¯consonantes,,w41706
14096,casanatensis,,participialia,,w41712
14097,casanatensis,,inueniuntur,,w41715
14098,casanatensis,,cu2um,,w41718
14099,casanatensis,,sine,,w41721
14100,casanatensis,,te2empore,,w41724
14101,casanatensis,,st¯sunt,,w41727
14102,casanatensis,,ut,,w41730
14103,casanatensis,,sapiens,,w41733
14104,casanatensis,,amans,,w41736
14105,casanatensis,,inueniuntur,,w41739
14106,casanatensis,,et,,w41742
14107,casanatensis,,denominatiua,,w41745
14108,casanatensis,,ut,,w41748
14109,casanatensis,,princeps,,w41751
14110,casanatensis,,municipiu2um,,w41754
14111,casanatensis,,principiu2um,,w41757
14112,casanatensis,,municeps,,w41760
14113,casanatensis,,ł,,casanatensis:0.1.0.21.3.6621
14114,casanatensis,,est,,w41763
14115,casanatensis,,et,,w41766
14116,casanatensis,,appellatiuoru2um,,w41769
14117,casanatensis,,species,,w41772
14118,casanatensis,,tota,,w41775
14119,casanatensis,,greca,,w41778
14120,casanatensis,,quæ,,w41781
14121,casanatensis,,apud,,w41784
14122,casanatensis,,nos,,w41787
14123,casanatensis,,ex,,w41790
14124,casanatensis,,toto,,w41793
14125,casanatensis,,grece,,w41796
14126,casanatensis,,"declinanturThe grammatical subject of the sentence is ""forma"", so this verb might be emended to ""declinatur"". However, it agrees ""ex sensu"" with an implied ""uerba"", so I am not emending it. The same situation is found in 11r.a.20: ""Est (scil. forma) quantitatis, quae a magnitudine uel paruitate sunt dicta"".",,w41799
14127,casanatensis,,ut,,w41802
14128,casanatensis,grc,themisto,,w41806
14129,casanatensis,grc,calipso,,w41808
14130,casanatensis,grc,dido,,w41811
14131,casanatensis,grc,pan,,w41814
14132,casanatensis,,est,,w41817
14133,casanatensis,,tota,,w41820
14134,casanatensis,,c¯conuersa,,w41823
14135,casanatensis,,in,,w41826
14136,casanatensis,,latinitate2em,,w41829
14137,casanatensis,,ex,,w41832
14138,casanatensis,,integro,,w41835
14139,casanatensis,,eni2im,,w41838
14140,casanatensis,,in,,w41841
14141,casanatensis,,latinu2um,,w41844
14142,casanatensis,,uertitur,,w41847
14143,casanatensis,,grece,,w41850
14144,casanatensis,grc,polydeyces,,w41853
14145,casanatensis,,latine,,w41856
14146,casanatensis,,pollux,,w41859
14147,casanatensis,,grece,,w41862
14148,casanatensis,grc,odysseys,,w41865
14149,casanatensis,,latine,,w41868
14150,casanatensis,,ulixes,,w41871
14151,casanatensis,,est,,w41874
14152,casanatensis,,notha,,w41877
14153,casanatensis,,species,,w41880
14154,casanatensis,,id,,w41883
14155,casanatensis,,est,,w41886
14156,casanatensis,,corrupta,,w41889
14157,casanatensis,,¢quia,,w41892
14158,casanatensis,,nec,,w41895
14159,casanatensis,,in,,w41898
14160,casanatensis,,totum,,w41901
14161,casanatensis,,þpermanet,,w41904
14162,casanatensis,,in,,w41907
14163,casanatensis,,greca,,w41910
14164,casanatensis,,nec,,w41913
14165,casanatensis,,in,,w41916
14166,casanatensis,,totu2um,,w41919
14167,casanatensis,,uersa,,w41922
14168,casanatensis,,est,,w41925
14169,casanatensis,,in,,w41928
14170,casanatensis,,latinitate2em,,w41931
14171,casanatensis,,manentib;bus,,w41934
14172,casanatensis,,primis,,w41937
14173,casanatensis,,syllabis,,w41940
14174,casanatensis,,in,,w41943
14175,casanatensis,,greco,,w41946
14176,casanatensis,,et,,w41949
14177,casanatensis,,ultimis,,w41952
14178,casanatensis,,mutantib;bus,,w41955
14179,casanatensis,,in,,w41958
14180,casanatensis,,latinitate2em,,w41961
14181,casanatensis,,grece,,w41964
14182,casanatensis,,eni2im,,w41967
14183,casanatensis,,dicr¯icitur,,w41970
14184,casanatensis,,alexandros,,w41973
14185,casanatensis,,menandros,,w41976
14186,casanatensis,,apud,,w41979
14187,casanatensis,,nos,,w41982
14188,casanatensis,,alexander,,w41985
14189,casanatensis,,menander,,w41988
14190,casanatensis,,uersa,,w41991
14191,casanatensis,,dros,,w41994
14192,casanatensis,,in,,w41997
14193,casanatensis,,er,,w42000
14194,casanatensis,,est,,w42003
14195,casanatensis,,qualitatis,,w42006
14196,casanatensis,,quæ,,w42009
14197,casanatensis,,significat,,w42012
14198,casanatensis,,qualis,,w42015
14199,casanatensis,,sit,,w42018
14200,casanatensis,,unus¢quisq;que,,w42021
14201,casanatensis,,ut,,w42024
14202,casanatensis,,sapidus,,w42027
14203,casanatensis,,diues,,w42030
14204,casanatensis,,formosus,,w42033
14205,casanatensis,,est,,w42036
14206,casanatensis,,quantitatis,,w42039
14207,casanatensis,,quæ,,w42042
14208,casanatensis,,a,,w42045
14209,casanatensis,,magnitudine,,w42048
14210,casanatensis,,ul¯uel,,w42051
14211,casanatensis,,paruitate,,w42054
14212,casanatensis,,"st¯suntThe grammatical subject of the sentence is ""quae (scil. forma quantitatis)"", so the verb ""sunt dicta"" should be emended to ""est dicta"". However, it agrees ""ex sensu"" with an implied ""uerba"", so I am not emending it. The same situation had been found in 11r.a.10: ""Est et appellatiuorum species tota Graeca, quae apud nos ex toto Graece declinantur"".",,w42057
14213,casanatensis,,dicta,,w42060
14214,casanatensis,,ut,,w42063
14215,casanatensis,,magnus,,w42066
14216,casanatensis,,paruus,,w42069
14217,casanatensis,,longus,,w42072
14218,casanatensis,,breuis,,w42075
14219,casanatensis,,hæc,,w42078
14220,casanatensis,,qualitatis,,w42081
14221,casanatensis,,et,,w42084
14222,casanatensis,,quantitatis,,w42087
14223,casanatensis,,species,,w42090
14224,casanatensis,,dici,,w42093
14225,casanatensis,,potest,,w42096
14226,casanatensis,,et,,w42099
14227,casanatensis,,adiectiua,,w42102
14228,casanatensis,,qm¯quoniam,,w42105
14229,casanatensis,,medie,,w42108
14230,casanatensis,,significationis,,w42111
14231,casanatensis,,est,,w42114
14232,casanatensis,,non,,w42117
14233,casanatensis,,ostendit,,w42120
14234,casanatensis,,aliqd¯quid,,w42123
14235,casanatensis,,certu2um,,w42126
14236,casanatensis,,nisi,,w42129
14237,casanatensis,,alii,,w42133
14238,casanatensis,,nomini,,w42135
14239,casanatensis,,adiciatur,,w42138
14240,casanatensis,,etia2am,,w42141
14241,casanatensis,,et,,w42144
14242,casanatensis,,media,,w42147
14243,casanatensis,,est,,w42150
14244,casanatensis,,inter,,w42153
14245,casanatensis,,ŋpropriu2um,,w42156
14246,casanatensis,,et,,w42159
14247,casanatensis,,appellatiuu2um,,w42162
14248,casanatensis,,ut,,w42165
14249,casanatensis,,doctus,,w42168
14250,casanatensis,,uirgilius,,w42171
14251,casanatensis,,et,,w42174
14252,casanatensis,,doctus,,w42177
14253,casanatensis,,poeta,,w42180
14254,casanatensis,,magnus,,w42183
14255,casanatensis,,terentius,,w42186
14256,casanatensis,,et,,w42189
14257,casanatensis,,magnus,,w42192
14258,casanatensis,,homo,,w42195
